pipeline_model,h24,h168,h336,h672
tabular:baseline_daily_lag24,13.75823835480674,14.587057475779,15.6667079495621,18.987970272049107
tabular:baseline_persistence,13.333089692765114,14.659898414271558,15.38500870390012,18.88084157821644
tabular:baseline_weekly_lag168,14.587057475779,15.38500870390012,17.48754648384197,16.909146219182883
tabular:linear_svr,20.457901246054533,37.3184226424894,14.067440753722826,25.279278941936344
tabular:rf,16.68265769801851,26.11607425203713,22.41214663523784,17.103151544939625
tabular:ridge,29.63744435717656,64.46545693807687,47.51026483143137,25.306801007409447
tabular:xgboost,21.41588043130681,43.31216462886301,31.937394362013325,20.119990984756285
