target_time,y_true,y_pred,harmattan,location,pipeline,model,horizon,split_val_start,split_test_start,split_tmax,keras_backend,seq_len,seed
2026-01-18 23:00:00,65.0,42.75228500366211,1.0,"Divine healer's Church, Bethlehem",deep,lstm_mha,h672,2026-01-04T23:00:00,2026-01-18T23:00:00,2026-02-15T23:00:00,tensorflow,1344.0,42.0
2026-01-19 00:00:00,67.5999984741211,42.41453170776367,1.0,"Divine healer's Church, Bethlehem",deep,lstm_mha,h672,2026-01-04T23:00:00,2026-01-18T23:00:00,2026-02-15T23:00:00,tensorflow,1344.0,42.0
2026-01-19 01:00:00,52.70000076293945,42.38079833984375,1.0,"Divine healer's Church, Bethlehem",deep,lstm_mha,h672,2026-01-04T23:00:00,2026-01-18T23:00:00,2026-02-15T23:00:00,tensorflow,1344.0,42.0
2026-01-19 02:00:00,43.0,42.42837905883789,1.0,"Divine healer's Church, Bethlehem",deep,lstm_mha,h672,2026-01-04T23:00:00,2026-01-18T23:00:00,2026-02-15T23:00:00,tensorflow,1344.0,42.0
2026-01-19 03:00:00,40.400001525878906,42.524654388427734,1.0,"Divine healer's Church, Bethlehem",deep,lstm_mha,h672,2026-01-04T23:00:00,2026-01-18T23:00:00,2026-02-15T23:00:00,tensorflow,1344.0,42.0
2026-01-19 04:00:00,42.400001525878906,42.635223388671875,1.0,"Divine healer's Church, Bethlehem",deep,lstm_mha,h672,2026-01-04T23:00:00,2026-01-18T23:00:00,2026-02-15T23:00:00,tensorflow,1344.0,42.0
2026-01-19 05:00:00,53.79999923706055,42.89507293701172,1.0,"Divine healer's Church, Bethlehem",deep,lstm_mha,h672,2026-01-04T23:00:00,2026-01-18T23:00:00,2026-02-15T23:00:00,tensorflow,1344.0,42.0
2026-01-19 06:00:00,53.5,42.819580078125,1.0,"Divine healer's Church, Bethlehem",deep,lstm_mha,h672,2026-01-04T23:00:00,2026-01-18T23:00:00,2026-02-15T23:00:00,tensorflow,1344.0,42.0
2026-01-19 07:00:00,53.70000076293945,42.884254455566406,1.0,"Divine healer's Church, Bethlehem",deep,lstm_mha,h672,2026-01-04T23:00:00,2026-01-18T23:00:00,2026-02-15T23:00:00,tensorflow,1344.0,42.0
2026-01-19 08:00:00,92.0,42.792633056640625,1.0,"Divine healer's Church, Bethlehem",deep,lstm_mha,h672,2026-01-04T23:00:00,2026-01-18T23:00:00,2026-02-15T23:00:00,tensorflow,1344.0,42.0
2026-01-19 09:00:00,46.0,42.492210388183594,1.0,"Divine healer's Church, Bethlehem",deep,lstm_mha,h672,2026-01-04T23:00:00,2026-01-18T23:00:00,2026-02-15T23:00:00,tensorflow,1344.0,42.0
2026-01-19 10:00:00,47.70000076293945,42.23080825805664,1.0,"Divine healer's Church, Bethlehem",deep,lstm_mha,h672,2026-01-04T23:00:00,2026-01-18T23:00:00,2026-02-15T23:00:00,tensorflow,1344.0,42.0
2026-01-19 11:00:00,44.400001525878906,41.759788513183594,1.0,"Divine healer's Church, Bethlehem",deep,lstm_mha,h672,2026-01-04T23:00:00,2026-01-18T23:00:00,2026-02-15T23:00:00,tensorflow,1344.0,42.0
2026-01-19 12:00:00,37.79999923706055,41.116878509521484,1.0,"Divine healer's Church, Bethlehem",deep,lstm_mha,h672,2026-01-04T23:00:00,2026-01-18T23:00:00,2026-02-15T23:00:00,tensorflow,1344.0,42.0
2026-01-19 13:00:00,38.0,40.522151947021484,1.0,"Divine healer's Church, Bethlehem",deep,lstm_mha,h672,2026-01-04T23:00:00,2026-01-18T23:00:00,2026-02-15T23:00:00,tensorflow,1344.0,42.0
2026-01-19 14:00:00,50.79999923706055,40.05722427368164,1.0,"Divine healer's Church, Bethlehem",deep,lstm_mha,h672,2026-01-04T23:00:00,2026-01-18T23:00:00,2026-02-15T23:00:00,tensorflow,1344.0,42.0
2026-01-19 15:00:00,39.79999923706055,40.27433395385742,1.0,"Divine healer's Church, Bethlehem",deep,lstm_mha,h672,2026-01-04T23:00:00,2026-01-18T23:00:00,2026-02-15T23:00:00,tensorflow,1344.0,42.0
2026-01-19 16:00:00,43.20000076293945,42.36537551879883,1.0,"Divine healer's Church, Bethlehem",deep,lstm_mha,h672,2026-01-04T23:00:00,2026-01-18T23:00:00,2026-02-15T23:00:00,tensorflow,1344.0,42.0
2026-01-19 17:00:00,49.5,42.884090423583984,1.0,"Divine healer's Church, Bethlehem",deep,lstm_mha,h672,2026-01-04T23:00:00,2026-01-18T23:00:00,2026-02-15T23:00:00,tensorflow,1344.0,42.0
2026-01-19 18:00:00,50.900001525878906,42.67841339111328,1.0,"Divine healer's Church, Bethlehem",deep,lstm_mha,h672,2026-01-04T23:00:00,2026-01-18T23:00:00,2026-02-15T23:00:00,tensorflow,1344.0,42.0
2026-01-19 19:00:00,46.900001525878906,43.10900115966797,1.0,"Divine healer's Church, Bethlehem",deep,lstm_mha,h672,2026-01-04T23:00:00,2026-01-18T23:00:00,2026-02-15T23:00:00,tensorflow,1344.0,42.0
2026-01-19 20:00:00,46.400001525878906,43.278297424316406,1.0,"Divine healer's Church, Bethlehem",deep,lstm_mha,h672,2026-01-04T23:00:00,2026-01-18T23:00:00,2026-02-15T23:00:00,tensorflow,1344.0,42.0
2026-01-19 21:00:00,39.099998474121094,43.17567825317383,1.0,"Divine healer's Church, Bethlehem",deep,lstm_mha,h672,2026-01-04T23:00:00,2026-01-18T23:00:00,2026-02-15T23:00:00,tensorflow,1344.0,42.0
2026-01-19 22:00:00,38.900001525878906,43.018959045410156,1.0,"Divine healer's Church, Bethlehem",deep,lstm_mha,h672,2026-01-04T23:00:00,2026-01-18T23:00:00,2026-02-15T23:00:00,tensorflow,1344.0,42.0
2026-01-19 23:00:00,34.900001525878906,42.95757293701172,1.0,"Divine healer's Church, Bethlehem",deep,lstm_mha,h672,2026-01-04T23:00:00,2026-01-18T23:00:00,2026-02-15T23:00:00,tensorflow,1344.0,42.0
2026-01-20 00:00:00,33.29999923706055,42.86617660522461,1.0,"Divine healer's Church, Bethlehem",deep,lstm_mha,h672,2026-01-04T23:00:00,2026-01-18T23:00:00,2026-02-15T23:00:00,tensorflow,1344.0,42.0
2026-01-20 01:00:00,33.29999923706055,42.6949462890625,1.0,"Divine healer's Church, Bethlehem",deep,lstm_mha,h672,2026-01-04T23:00:00,2026-01-18T23:00:00,2026-02-15T23:00:00,tensorflow,1344.0,42.0
2026-01-20 02:00:00,34.900001525878906,42.725555419921875,1.0,"Divine healer's Church, Bethlehem",deep,lstm_mha,h672,2026-01-04T23:00:00,2026-01-18T23:00:00,2026-02-15T23:00:00,tensorflow,1344.0,42.0
2026-01-20 03:00:00,48.599998474121094,42.89228057861328,1.0,"Divine healer's Church, Bethlehem",deep,lstm_mha,h672,2026-01-04T23:00:00,2026-01-18T23:00:00,2026-02-15T23:00:00,tensorflow,1344.0,42.0
2026-01-20 04:00:00,33.70000076293945,43.05345153808594,1.0,"Divine healer's Church, Bethlehem",deep,lstm_mha,h672,2026-01-04T23:00:00,2026-01-18T23:00:00,2026-02-15T23:00:00,tensorflow,1344.0,42.0
2026-01-20 05:00:00,39.5,43.22584915161133,1.0,"Divine healer's Church, Bethlehem",deep,lstm_mha,h672,2026-01-04T23:00:00,2026-01-18T23:00:00,2026-02-15T23:00:00,tensorflow,1344.0,42.0
2026-01-20 06:00:00,46.900001525878906,43.43178176879883,1.0,"Divine healer's Church, Bethlehem",deep,lstm_mha,h672,2026-01-04T23:00:00,2026-01-18T23:00:00,2026-02-15T23:00:00,tensorflow,1344.0,42.0
2026-01-20 07:00:00,42.599998474121094,43.15605926513672,1.0,"Divine healer's Church, Bethlehem",deep,lstm_mha,h672,2026-01-04T23:00:00,2026-01-18T23:00:00,2026-02-15T23:00:00,tensorflow,1344.0,42.0
2026-01-20 08:00:00,37.70000076293945,42.60389709472656,1.0,"Divine healer's Church, Bethlehem",deep,lstm_mha,h672,2026-01-04T23:00:00,2026-01-18T23:00:00,2026-02-15T23:00:00,tensorflow,1344.0,42.0
2026-01-20 09:00:00,38.900001525878906,42.145755767822266,1.0,"Divine healer's Church, Bethlehem",deep,lstm_mha,h672,2026-01-04T23:00:00,2026-01-18T23:00:00,2026-02-15T23:00:00,tensorflow,1344.0,42.0
2026-01-20 10:00:00,34.099998474121094,41.98175811767578,1.0,"Divine healer's Church, Bethlehem",deep,lstm_mha,h672,2026-01-04T23:00:00,2026-01-18T23:00:00,2026-02-15T23:00:00,tensorflow,1344.0,42.0
2026-01-20 11:00:00,33.400001525878906,41.384979248046875,1.0,"Divine healer's Church, Bethlehem",deep,lstm_mha,h672,2026-01-04T23:00:00,2026-01-18T23:00:00,2026-02-15T23:00:00,tensorflow,1344.0,42.0
2026-01-20 12:00:00,36.70000076293945,40.506141662597656,1.0,"Divine healer's Church, Bethlehem",deep,lstm_mha,h672,2026-01-04T23:00:00,2026-01-18T23:00:00,2026-02-15T23:00:00,tensorflow,1344.0,42.0
2026-01-20 13:00:00,36.79999923706055,39.89995574951172,1.0,"Divine healer's Church, Bethlehem",deep,lstm_mha,h672,2026-01-04T23:00:00,2026-01-18T23:00:00,2026-02-15T23:00:00,tensorflow,1344.0,42.0
2026-01-20 14:00:00,34.29999923706055,39.59172058105469,1.0,"Divine healer's Church, Bethlehem",deep,lstm_mha,h672,2026-01-04T23:00:00,2026-01-18T23:00:00,2026-02-15T23:00:00,tensorflow,1344.0,42.0
2026-01-20 15:00:00,40.900001525878906,39.75969696044922,1.0,"Divine healer's Church, Bethlehem",deep,lstm_mha,h672,2026-01-04T23:00:00,2026-01-18T23:00:00,2026-02-15T23:00:00,tensorflow,1344.0,42.0
2026-01-20 16:00:00,42.599998474121094,39.702518463134766,1.0,"Divine healer's Church, Bethlehem",deep,lstm_mha,h672,2026-01-04T23:00:00,2026-01-18T23:00:00,2026-02-15T23:00:00,tensorflow,1344.0,42.0
2026-01-20 17:00:00,39.599998474121094,39.927005767822266,1.0,"Divine healer's Church, Bethlehem",deep,lstm_mha,h672,2026-01-04T23:00:00,2026-01-18T23:00:00,2026-02-15T23:00:00,tensorflow,1344.0,42.0
2026-01-20 18:00:00,44.5,40.85103988647461,1.0,"Divine healer's Church, Bethlehem",deep,lstm_mha,h672,2026-01-04T23:00:00,2026-01-18T23:00:00,2026-02-15T23:00:00,tensorflow,1344.0,42.0
2026-01-20 19:00:00,92.5999984741211,41.3868408203125,1.0,"Divine healer's Church, Bethlehem",deep,lstm_mha,h672,2026-01-04T23:00:00,2026-01-18T23:00:00,2026-02-15T23:00:00,tensorflow,1344.0,42.0
2026-01-20 20:00:00,64.0,41.919822692871094,1.0,"Divine healer's Church, Bethlehem",deep,lstm_mha,h672,2026-01-04T23:00:00,2026-01-18T23:00:00,2026-02-15T23:00:00,tensorflow,1344.0,42.0
2026-01-20 21:00:00,48.20000076293945,42.32126998901367,1.0,"Divine healer's Church, Bethlehem",deep,lstm_mha,h672,2026-01-04T23:00:00,2026-01-18T23:00:00,2026-02-15T23:00:00,tensorflow,1344.0,42.0
2026-01-20 22:00:00,31.700000762939453,42.50338363647461,1.0,"Divine healer's Church, Bethlehem",deep,lstm_mha,h672,2026-01-04T23:00:00,2026-01-18T23:00:00,2026-02-15T23:00:00,tensorflow,1344.0,42.0
2026-01-20 23:00:00,35.099998474121094,42.543663024902344,1.0,"Divine healer's Church, Bethlehem",deep,lstm_mha,h672,2026-01-04T23:00:00,2026-01-18T23:00:00,2026-02-15T23:00:00,tensorflow,1344.0,42.0
2026-01-21 00:00:00,18.100000381469727,42.22746276855469,1.0,"Divine healer's Church, Bethlehem",deep,lstm_mha,h672,2026-01-04T23:00:00,2026-01-18T23:00:00,2026-02-15T23:00:00,tensorflow,1344.0,42.0
2026-01-21 01:00:00,35.0,42.15885925292969,1.0,"Divine healer's Church, Bethlehem",deep,lstm_mha,h672,2026-01-04T23:00:00,2026-01-18T23:00:00,2026-02-15T23:00:00,tensorflow,1344.0,42.0
2026-01-21 02:00:00,28.799999237060547,42.0903205871582,1.0,"Divine healer's Church, Bethlehem",deep,lstm_mha,h672,2026-01-04T23:00:00,2026-01-18T23:00:00,2026-02-15T23:00:00,tensorflow,1344.0,42.0
2026-01-21 03:00:00,16.5,42.46754455566406,1.0,"Divine healer's Church, Bethlehem",deep,lstm_mha,h672,2026-01-04T23:00:00,2026-01-18T23:00:00,2026-02-15T23:00:00,tensorflow,1344.0,42.0
2026-01-21 04:00:00,22.799999237060547,42.87839126586914,1.0,"Divine healer's Church, Bethlehem",deep,lstm_mha,h672,2026-01-04T23:00:00,2026-01-18T23:00:00,2026-02-15T23:00:00,tensorflow,1344.0,42.0
2026-01-21 05:00:00,31.899999618530273,43.24242401123047,1.0,"Divine healer's Church, Bethlehem",deep,lstm_mha,h672,2026-01-04T23:00:00,2026-01-18T23:00:00,2026-02-15T23:00:00,tensorflow,1344.0,42.0
2026-01-21 06:00:00,45.0,43.43431854248047,1.0,"Divine healer's Church, Bethlehem",deep,lstm_mha,h672,2026-01-04T23:00:00,2026-01-18T23:00:00,2026-02-15T23:00:00,tensorflow,1344.0,42.0
2026-01-21 07:00:00,46.20000076293945,43.085182189941406,1.0,"Divine healer's Church, Bethlehem",deep,lstm_mha,h672,2026-01-04T23:00:00,2026-01-18T23:00:00,2026-02-15T23:00:00,tensorflow,1344.0,42.0
2026-01-21 08:00:00,34.20000076293945,42.76455307006836,1.0,"Divine healer's Church, Bethlehem",deep,lstm_mha,h672,2026-01-04T23:00:00,2026-01-18T23:00:00,2026-02-15T23:00:00,tensorflow,1344.0,42.0
2026-01-21 09:00:00,26.299999237060547,42.70248794555664,1.0,"Divine healer's Church, Bethlehem",deep,lstm_mha,h672,2026-01-04T23:00:00,2026-01-18T23:00:00,2026-02-15T23:00:00,tensorflow,1344.0,42.0
2026-01-21 10:00:00,26.299999237060547,42.093441009521484,1.0,"Divine healer's Church, Bethlehem",deep,lstm_mha,h672,2026-01-04T23:00:00,2026-01-18T23:00:00,2026-02-15T23:00:00,tensorflow,1344.0,42.0
2026-01-21 11:00:00,31.200000762939453,41.01773452758789,1.0,"Divine healer's Church, Bethlehem",deep,lstm_mha,h672,2026-01-04T23:00:00,2026-01-18T23:00:00,2026-02-15T23:00:00,tensorflow,1344.0,42.0
2026-01-21 12:00:00,39.20000076293945,40.821598052978516,1.0,"Divine healer's Church, Bethlehem",deep,lstm_mha,h672,2026-01-04T23:00:00,2026-01-18T23:00:00,2026-02-15T23:00:00,tensorflow,1344.0,42.0
2026-01-21 13:00:00,37.5,40.753684997558594,1.0,"Divine healer's Church, Bethlehem",deep,lstm_mha,h672,2026-01-04T23:00:00,2026-01-18T23:00:00,2026-02-15T23:00:00,tensorflow,1344.0,42.0
2026-01-21 14:00:00,34.599998474121094,40.309608459472656,1.0,"Divine healer's Church, Bethlehem",deep,lstm_mha,h672,2026-01-04T23:00:00,2026-01-18T23:00:00,2026-02-15T23:00:00,tensorflow,1344.0,42.0
2026-01-21 15:00:00,33.0,39.98200988769531,1.0,"Divine healer's Church, Bethlehem",deep,lstm_mha,h672,2026-01-04T23:00:00,2026-01-18T23:00:00,2026-02-15T23:00:00,tensorflow,1344.0,42.0
2026-01-21 16:00:00,35.29999923706055,40.08184051513672,1.0,"Divine healer's Church, Bethlehem",deep,lstm_mha,h672,2026-01-04T23:00:00,2026-01-18T23:00:00,2026-02-15T23:00:00,tensorflow,1344.0,42.0
2026-01-21 17:00:00,46.20000076293945,40.12550354003906,1.0,"Divine healer's Church, Bethlehem",deep,lstm_mha,h672,2026-01-04T23:00:00,2026-01-18T23:00:00,2026-02-15T23:00:00,tensorflow,1344.0,42.0
2026-01-21 18:00:00,56.900001525878906,41.6195182800293,1.0,"Divine healer's Church, Bethlehem",deep,lstm_mha,h672,2026-01-04T23:00:00,2026-01-18T23:00:00,2026-02-15T23:00:00,tensorflow,1344.0,42.0
2026-01-21 19:00:00,54.099998474121094,41.750953674316406,1.0,"Divine healer's Church, Bethlehem",deep,lstm_mha,h672,2026-01-04T23:00:00,2026-01-18T23:00:00,2026-02-15T23:00:00,tensorflow,1344.0,42.0
2026-01-21 20:00:00,53.0,41.68879699707031,1.0,"Divine healer's Church, Bethlehem",deep,lstm_mha,h672,2026-01-04T23:00:00,2026-01-18T23:00:00,2026-02-15T23:00:00,tensorflow,1344.0,42.0
2026-01-21 21:00:00,42.20000076293945,41.76250457763672,1.0,"Divine healer's Church, Bethlehem",deep,lstm_mha,h672,2026-01-04T23:00:00,2026-01-18T23:00:00,2026-02-15T23:00:00,tensorflow,1344.0,42.0
2026-01-21 22:00:00,50.20000076293945,42.289512634277344,1.0,"Divine healer's Church, Bethlehem",deep,lstm_mha,h672,2026-01-04T23:00:00,2026-01-18T23:00:00,2026-02-15T23:00:00,tensorflow,1344.0,42.0
2026-01-21 23:00:00,46.70000076293945,41.585269927978516,1.0,"Divine healer's Church, Bethlehem",deep,lstm_mha,h672,2026-01-04T23:00:00,2026-01-18T23:00:00,2026-02-15T23:00:00,tensorflow,1344.0,42.0
2026-01-22 00:00:00,40.29999923706055,41.63307189941406,1.0,"Divine healer's Church, Bethlehem",deep,lstm_mha,h672,2026-01-04T23:00:00,2026-01-18T23:00:00,2026-02-15T23:00:00,tensorflow,1344.0,42.0
2026-01-22 01:00:00,39.0,41.94635009765625,1.0,"Divine healer's Church, Bethlehem",deep,lstm_mha,h672,2026-01-04T23:00:00,2026-01-18T23:00:00,2026-02-15T23:00:00,tensorflow,1344.0,42.0
2026-01-22 02:00:00,36.79999923706055,42.499839782714844,1.0,"Divine healer's Church, Bethlehem",deep,lstm_mha,h672,2026-01-04T23:00:00,2026-01-18T23:00:00,2026-02-15T23:00:00,tensorflow,1344.0,42.0
2026-01-22 03:00:00,34.79999923706055,42.44337463378906,1.0,"Divine healer's Church, Bethlehem",deep,lstm_mha,h672,2026-01-04T23:00:00,2026-01-18T23:00:00,2026-02-15T23:00:00,tensorflow,1344.0,42.0
2026-01-22 04:00:00,36.400001525878906,42.54661178588867,1.0,"Divine healer's Church, Bethlehem",deep,lstm_mha,h672,2026-01-04T23:00:00,2026-01-18T23:00:00,2026-02-15T23:00:00,tensorflow,1344.0,42.0
2026-01-22 05:00:00,46.20000076293945,42.77961349487305,1.0,"Divine healer's Church, Bethlehem",deep,lstm_mha,h672,2026-01-04T23:00:00,2026-01-18T23:00:00,2026-02-15T23:00:00,tensorflow,1344.0,42.0
2026-01-22 06:00:00,44.099998474121094,42.860782623291016,1.0,"Divine healer's Church, Bethlehem",deep,lstm_mha,h672,2026-01-04T23:00:00,2026-01-18T23:00:00,2026-02-15T23:00:00,tensorflow,1344.0,42.0
2026-01-22 07:00:00,40.70000076293945,42.4532356262207,1.0,"Divine healer's Church, Bethlehem",deep,lstm_mha,h672,2026-01-04T23:00:00,2026-01-18T23:00:00,2026-02-15T23:00:00,tensorflow,1344.0,42.0
2026-01-22 08:00:00,31.200000762939453,41.90224075317383,1.0,"Divine healer's Church, Bethlehem",deep,lstm_mha,h672,2026-01-04T23:00:00,2026-01-18T23:00:00,2026-02-15T23:00:00,tensorflow,1344.0,42.0
2026-01-22 09:00:00,31.799999237060547,42.58850860595703,1.0,"Divine healer's Church, Bethlehem",deep,lstm_mha,h672,2026-01-04T23:00:00,2026-01-18T23:00:00,2026-02-15T23:00:00,tensorflow,1344.0,42.0
2026-01-22 10:00:00,36.099998474121094,42.81820297241211,1.0,"Divine healer's Church, Bethlehem",deep,lstm_mha,h672,2026-01-04T23:00:00,2026-01-18T23:00:00,2026-02-15T23:00:00,tensorflow,1344.0,42.0
2026-01-22 11:00:00,40.70000076293945,42.09776306152344,1.0,"Divine healer's Church, Bethlehem",deep,lstm_mha,h672,2026-01-04T23:00:00,2026-01-18T23:00:00,2026-02-15T23:00:00,tensorflow,1344.0,42.0
2026-01-22 12:00:00,46.0,40.899723052978516,1.0,"Divine healer's Church, Bethlehem",deep,lstm_mha,h672,2026-01-04T23:00:00,2026-01-18T23:00:00,2026-02-15T23:00:00,tensorflow,1344.0,42.0
2026-01-22 13:00:00,46.099998474121094,40.63767623901367,1.0,"Divine healer's Church, Bethlehem",deep,lstm_mha,h672,2026-01-04T23:00:00,2026-01-18T23:00:00,2026-02-15T23:00:00,tensorflow,1344.0,42.0
2026-01-22 14:00:00,45.0,39.46285629272461,1.0,"Divine healer's Church, Bethlehem",deep,lstm_mha,h672,2026-01-04T23:00:00,2026-01-18T23:00:00,2026-02-15T23:00:00,tensorflow,1344.0,42.0
2026-01-22 15:00:00,38.900001525878906,39.20956802368164,1.0,"Divine healer's Church, Bethlehem",deep,lstm_mha,h672,2026-01-04T23:00:00,2026-01-18T23:00:00,2026-02-15T23:00:00,tensorflow,1344.0,42.0
2026-01-22 16:00:00,34.099998474121094,38.969154357910156,1.0,"Divine healer's Church, Bethlehem",deep,lstm_mha,h672,2026-01-04T23:00:00,2026-01-18T23:00:00,2026-02-15T23:00:00,tensorflow,1344.0,42.0
2026-01-22 17:00:00,31.5,40.07971954345703,1.0,"Divine healer's Church, Bethlehem",deep,lstm_mha,h672,2026-01-04T23:00:00,2026-01-18T23:00:00,2026-02-15T23:00:00,tensorflow,1344.0,42.0
2026-01-22 18:00:00,48.70000076293945,40.98523712158203,1.0,"Divine healer's Church, Bethlehem",deep,lstm_mha,h672,2026-01-04T23:00:00,2026-01-18T23:00:00,2026-02-15T23:00:00,tensorflow,1344.0,42.0
2026-01-22 19:00:00,37.099998474121094,41.66024398803711,1.0,"Divine healer's Church, Bethlehem",deep,lstm_mha,h672,2026-01-04T23:00:00,2026-01-18T23:00:00,2026-02-15T23:00:00,tensorflow,1344.0,42.0
2026-01-22 20:00:00,47.79999923706055,41.57603073120117,1.0,"Divine healer's Church, Bethlehem",deep,lstm_mha,h672,2026-01-04T23:00:00,2026-01-18T23:00:00,2026-02-15T23:00:00,tensorflow,1344.0,42.0
2026-01-22 21:00:00,64.0,41.77425765991211,1.0,"Divine healer's Church, Bethlehem",deep,lstm_mha,h672,2026-01-04T23:00:00,2026-01-18T23:00:00,2026-02-15T23:00:00,tensorflow,1344.0,42.0
2026-01-22 22:00:00,55.099998474121094,41.525569915771484,1.0,"Divine healer's Church, Bethlehem",deep,lstm_mha,h672,2026-01-04T23:00:00,2026-01-18T23:00:00,2026-02-15T23:00:00,tensorflow,1344.0,42.0
2026-01-22 23:00:00,56.29999923706055,41.25359344482422,1.0,"Divine healer's Church, Bethlehem",deep,lstm_mha,h672,2026-01-04T23:00:00,2026-01-18T23:00:00,2026-02-15T23:00:00,tensorflow,1344.0,42.0
2026-01-23 00:00:00,47.70000076293945,40.57270050048828,1.0,"Divine healer's Church, Bethlehem",deep,lstm_mha,h672,2026-01-04T23:00:00,2026-01-18T23:00:00,2026-02-15T23:00:00,tensorflow,1344.0,42.0
2026-01-23 01:00:00,40.400001525878906,40.308555603027344,1.0,"Divine healer's Church, Bethlehem",deep,lstm_mha,h672,2026-01-04T23:00:00,2026-01-18T23:00:00,2026-02-15T23:00:00,tensorflow,1344.0,42.0
2026-01-23 02:00:00,43.099998474121094,40.41335678100586,1.0,"Divine healer's Church, Bethlehem",deep,lstm_mha,h672,2026-01-04T23:00:00,2026-01-18T23:00:00,2026-02-15T23:00:00,tensorflow,1344.0,42.0
2026-01-23 03:00:00,50.0,40.41309356689453,1.0,"Divine healer's Church, Bethlehem",deep,lstm_mha,h672,2026-01-04T23:00:00,2026-01-18T23:00:00,2026-02-15T23:00:00,tensorflow,1344.0,42.0
2026-01-23 04:00:00,59.900001525878906,40.9343376159668,1.0,"Divine healer's Church, Bethlehem",deep,lstm_mha,h672,2026-01-04T23:00:00,2026-01-18T23:00:00,2026-02-15T23:00:00,tensorflow,1344.0,42.0
2026-01-23 05:00:00,51.5,41.22441482543945,1.0,"Divine healer's Church, Bethlehem",deep,lstm_mha,h672,2026-01-04T23:00:00,2026-01-18T23:00:00,2026-02-15T23:00:00,tensorflow,1344.0,42.0
2026-01-23 06:00:00,88.4000015258789,41.3504638671875,1.0,"Divine healer's Church, Bethlehem",deep,lstm_mha,h672,2026-01-04T23:00:00,2026-01-18T23:00:00,2026-02-15T23:00:00,tensorflow,1344.0,42.0
2026-01-23 07:00:00,95.5,40.79147720336914,1.0,"Divine healer's Church, Bethlehem",deep,lstm_mha,h672,2026-01-04T23:00:00,2026-01-18T23:00:00,2026-02-15T23:00:00,tensorflow,1344.0,42.0
2026-01-23 08:00:00,49.79999923706055,39.8620719909668,1.0,"Divine healer's Church, Bethlehem",deep,lstm_mha,h672,2026-01-04T23:00:00,2026-01-18T23:00:00,2026-02-15T23:00:00,tensorflow,1344.0,42.0
2026-01-23 09:00:00,41.900001525878906,40.559783935546875,1.0,"Divine healer's Church, Bethlehem",deep,lstm_mha,h672,2026-01-04T23:00:00,2026-01-18T23:00:00,2026-02-15T23:00:00,tensorflow,1344.0,42.0
2026-01-23 10:00:00,42.900001525878906,41.11286544799805,1.0,"Divine healer's Church, Bethlehem",deep,lstm_mha,h672,2026-01-04T23:00:00,2026-01-18T23:00:00,2026-02-15T23:00:00,tensorflow,1344.0,42.0
2026-01-23 11:00:00,44.900001525878906,40.65885925292969,1.0,"Divine healer's Church, Bethlehem",deep,lstm_mha,h672,2026-01-04T23:00:00,2026-01-18T23:00:00,2026-02-15T23:00:00,tensorflow,1344.0,42.0
2026-01-23 12:00:00,107.5,39.22368240356445,1.0,"Divine healer's Church, Bethlehem",deep,lstm_mha,h672,2026-01-04T23:00:00,2026-01-18T23:00:00,2026-02-15T23:00:00,tensorflow,1344.0,42.0
2026-01-23 13:00:00,60.900001525878906,38.69166946411133,1.0,"Divine healer's Church, Bethlehem",deep,lstm_mha,h672,2026-01-04T23:00:00,2026-01-18T23:00:00,2026-02-15T23:00:00,tensorflow,1344.0,42.0
2026-01-23 14:00:00,38.79999923706055,38.081077575683594,1.0,"Divine healer's Church, Bethlehem",deep,lstm_mha,h672,2026-01-04T23:00:00,2026-01-18T23:00:00,2026-02-15T23:00:00,tensorflow,1344.0,42.0
2026-01-23 15:00:00,35.20000076293945,38.48912048339844,1.0,"Divine healer's Church, Bethlehem",deep,lstm_mha,h672,2026-01-04T23:00:00,2026-01-18T23:00:00,2026-02-15T23:00:00,tensorflow,1344.0,42.0
2026-01-23 16:00:00,34.099998474121094,38.535701751708984,1.0,"Divine healer's Church, Bethlehem",deep,lstm_mha,h672,2026-01-04T23:00:00,2026-01-18T23:00:00,2026-02-15T23:00:00,tensorflow,1344.0,42.0
2026-01-23 17:00:00,33.79999923706055,40.247249603271484,1.0,"Divine healer's Church, Bethlehem",deep,lstm_mha,h672,2026-01-04T23:00:00,2026-01-18T23:00:00,2026-02-15T23:00:00,tensorflow,1344.0,42.0
2026-01-23 18:00:00,34.79999923706055,40.58147048950195,1.0,"Divine healer's Church, Bethlehem",deep,lstm_mha,h672,2026-01-04T23:00:00,2026-01-18T23:00:00,2026-02-15T23:00:00,tensorflow,1344.0,42.0
2026-01-23 19:00:00,37.599998474121094,40.686946868896484,1.0,"Divine healer's Church, Bethlehem",deep,lstm_mha,h672,2026-01-04T23:00:00,2026-01-18T23:00:00,2026-02-15T23:00:00,tensorflow,1344.0,42.0
2026-01-23 20:00:00,40.599998474121094,40.47272872924805,1.0,"Divine healer's Church, Bethlehem",deep,lstm_mha,h672,2026-01-04T23:00:00,2026-01-18T23:00:00,2026-02-15T23:00:00,tensorflow,1344.0,42.0
2026-01-23 21:00:00,51.900001525878906,40.77061462402344,1.0,"Divine healer's Church, Bethlehem",deep,lstm_mha,h672,2026-01-04T23:00:00,2026-01-18T23:00:00,2026-02-15T23:00:00,tensorflow,1344.0,42.0
2026-01-23 22:00:00,44.29999923706055,40.910804748535156,1.0,"Divine healer's Church, Bethlehem",deep,lstm_mha,h672,2026-01-04T23:00:00,2026-01-18T23:00:00,2026-02-15T23:00:00,tensorflow,1344.0,42.0
2026-01-23 23:00:00,54.79999923706055,40.59539794921875,1.0,"Divine healer's Church, Bethlehem",deep,lstm_mha,h672,2026-01-04T23:00:00,2026-01-18T23:00:00,2026-02-15T23:00:00,tensorflow,1344.0,42.0
2026-01-24 00:00:00,53.900001525878906,40.401790618896484,1.0,"Divine healer's Church, Bethlehem",deep,lstm_mha,h672,2026-01-04T23:00:00,2026-01-18T23:00:00,2026-02-15T23:00:00,tensorflow,1344.0,42.0
2026-01-24 01:00:00,48.70000076293945,39.917724609375,1.0,"Divine healer's Church, Bethlehem",deep,lstm_mha,h672,2026-01-04T23:00:00,2026-01-18T23:00:00,2026-02-15T23:00:00,tensorflow,1344.0,42.0
2026-01-24 02:00:00,49.0,39.50865936279297,1.0,"Divine healer's Church, Bethlehem",deep,lstm_mha,h672,2026-01-04T23:00:00,2026-01-18T23:00:00,2026-02-15T23:00:00,tensorflow,1344.0,42.0
2026-01-24 03:00:00,42.0,39.607215881347656,1.0,"Divine healer's Church, Bethlehem",deep,lstm_mha,h672,2026-01-04T23:00:00,2026-01-18T23:00:00,2026-02-15T23:00:00,tensorflow,1344.0,42.0
2026-01-24 04:00:00,45.79999923706055,40.34040451049805,1.0,"Divine healer's Church, Bethlehem",deep,lstm_mha,h672,2026-01-04T23:00:00,2026-01-18T23:00:00,2026-02-15T23:00:00,tensorflow,1344.0,42.0
2026-01-24 05:00:00,62.400001525878906,40.33960723876953,1.0,"Divine healer's Church, Bethlehem",deep,lstm_mha,h672,2026-01-04T23:00:00,2026-01-18T23:00:00,2026-02-15T23:00:00,tensorflow,1344.0,42.0
2026-01-24 06:00:00,92.19999694824219,40.38943862915039,1.0,"Divine healer's Church, Bethlehem",deep,lstm_mha,h672,2026-01-04T23:00:00,2026-01-18T23:00:00,2026-02-15T23:00:00,tensorflow,1344.0,42.0
2026-01-24 07:00:00,42.900001525878906,40.39067840576172,1.0,"Divine healer's Church, Bethlehem",deep,lstm_mha,h672,2026-01-04T23:00:00,2026-01-18T23:00:00,2026-02-15T23:00:00,tensorflow,1344.0,42.0
2026-01-24 08:00:00,39.099998474121094,39.95027160644531,1.0,"Divine healer's Church, Bethlehem",deep,lstm_mha,h672,2026-01-04T23:00:00,2026-01-18T23:00:00,2026-02-15T23:00:00,tensorflow,1344.0,42.0
2026-01-24 09:00:00,34.0,39.618934631347656,1.0,"Divine healer's Church, Bethlehem",deep,lstm_mha,h672,2026-01-04T23:00:00,2026-01-18T23:00:00,2026-02-15T23:00:00,tensorflow,1344.0,42.0
2026-01-24 10:00:00,38.599998474121094,38.99195861816406,1.0,"Divine healer's Church, Bethlehem",deep,lstm_mha,h672,2026-01-04T23:00:00,2026-01-18T23:00:00,2026-02-15T23:00:00,tensorflow,1344.0,42.0
2026-01-24 11:00:00,40.5,38.57343292236328,1.0,"Divine healer's Church, Bethlehem",deep,lstm_mha,h672,2026-01-04T23:00:00,2026-01-18T23:00:00,2026-02-15T23:00:00,tensorflow,1344.0,42.0
2026-01-24 12:00:00,41.20000076293945,37.94523620605469,1.0,"Divine healer's Church, Bethlehem",deep,lstm_mha,h672,2026-01-04T23:00:00,2026-01-18T23:00:00,2026-02-15T23:00:00,tensorflow,1344.0,42.0
2026-01-24 13:00:00,35.099998474121094,37.221309661865234,1.0,"Divine healer's Church, Bethlehem",deep,lstm_mha,h672,2026-01-04T23:00:00,2026-01-18T23:00:00,2026-02-15T23:00:00,tensorflow,1344.0,42.0
2026-01-24 14:00:00,34.29999923706055,36.811492919921875,1.0,"Divine healer's Church, Bethlehem",deep,lstm_mha,h672,2026-01-04T23:00:00,2026-01-18T23:00:00,2026-02-15T23:00:00,tensorflow,1344.0,42.0
2026-01-24 15:00:00,33.20000076293945,36.38470458984375,1.0,"Divine healer's Church, Bethlehem",deep,lstm_mha,h672,2026-01-04T23:00:00,2026-01-18T23:00:00,2026-02-15T23:00:00,tensorflow,1344.0,42.0
2026-01-24 16:00:00,34.70000076293945,36.23288345336914,1.0,"Divine healer's Church, Bethlehem",deep,lstm_mha,h672,2026-01-04T23:00:00,2026-01-18T23:00:00,2026-02-15T23:00:00,tensorflow,1344.0,42.0
2026-01-24 17:00:00,42.0,37.801692962646484,1.0,"Divine healer's Church, Bethlehem",deep,lstm_mha,h672,2026-01-04T23:00:00,2026-01-18T23:00:00,2026-02-15T23:00:00,tensorflow,1344.0,42.0
2026-01-24 18:00:00,46.20000076293945,39.45695877075195,1.0,"Divine healer's Church, Bethlehem",deep,lstm_mha,h672,2026-01-04T23:00:00,2026-01-18T23:00:00,2026-02-15T23:00:00,tensorflow,1344.0,42.0
2026-01-24 19:00:00,52.599998474121094,39.850433349609375,1.0,"Divine healer's Church, Bethlehem",deep,lstm_mha,h672,2026-01-04T23:00:00,2026-01-18T23:00:00,2026-02-15T23:00:00,tensorflow,1344.0,42.0
2026-01-24 20:00:00,41.79999923706055,40.22380828857422,1.0,"Divine healer's Church, Bethlehem",deep,lstm_mha,h672,2026-01-04T23:00:00,2026-01-18T23:00:00,2026-02-15T23:00:00,tensorflow,1344.0,42.0
2026-01-24 21:00:00,37.599998474121094,39.990787506103516,1.0,"Divine healer's Church, Bethlehem",deep,lstm_mha,h672,2026-01-04T23:00:00,2026-01-18T23:00:00,2026-02-15T23:00:00,tensorflow,1344.0,42.0
2026-01-24 22:00:00,47.400001525878906,39.929595947265625,1.0,"Divine healer's Church, Bethlehem",deep,lstm_mha,h672,2026-01-04T23:00:00,2026-01-18T23:00:00,2026-02-15T23:00:00,tensorflow,1344.0,42.0
2026-01-24 23:00:00,73.9000015258789,39.87004089355469,1.0,"Divine healer's Church, Bethlehem",deep,lstm_mha,h672,2026-01-04T23:00:00,2026-01-18T23:00:00,2026-02-15T23:00:00,tensorflow,1344.0,42.0
2026-01-25 00:00:00,45.79999923706055,39.43235397338867,1.0,"Divine healer's Church, Bethlehem",deep,lstm_mha,h672,2026-01-04T23:00:00,2026-01-18T23:00:00,2026-02-15T23:00:00,tensorflow,1344.0,42.0
2026-01-25 01:00:00,38.0,38.977272033691406,1.0,"Divine healer's Church, Bethlehem",deep,lstm_mha,h672,2026-01-04T23:00:00,2026-01-18T23:00:00,2026-02-15T23:00:00,tensorflow,1344.0,42.0
2026-01-25 02:00:00,35.70000076293945,38.15230178833008,1.0,"Divine healer's Church, Bethlehem",deep,lstm_mha,h672,2026-01-04T23:00:00,2026-01-18T23:00:00,2026-02-15T23:00:00,tensorflow,1344.0,42.0
2026-01-25 03:00:00,35.599998474121094,37.77021789550781,1.0,"Divine healer's Church, Bethlehem",deep,lstm_mha,h672,2026-01-04T23:00:00,2026-01-18T23:00:00,2026-02-15T23:00:00,tensorflow,1344.0,42.0
2026-01-25 04:00:00,34.400001525878906,38.47907257080078,1.0,"Divine healer's Church, Bethlehem",deep,lstm_mha,h672,2026-01-04T23:00:00,2026-01-18T23:00:00,2026-02-15T23:00:00,tensorflow,1344.0,42.0
2026-01-25 05:00:00,43.5,39.311378479003906,1.0,"Divine healer's Church, Bethlehem",deep,lstm_mha,h672,2026-01-04T23:00:00,2026-01-18T23:00:00,2026-02-15T23:00:00,tensorflow,1344.0,42.0
2026-01-25 06:00:00,80.5999984741211,39.435237884521484,1.0,"Divine healer's Church, Bethlehem",deep,lstm_mha,h672,2026-01-04T23:00:00,2026-01-18T23:00:00,2026-02-15T23:00:00,tensorflow,1344.0,42.0
2026-01-25 07:00:00,63.20000076293945,39.0887336730957,1.0,"Divine healer's Church, Bethlehem",deep,lstm_mha,h672,2026-01-04T23:00:00,2026-01-18T23:00:00,2026-02-15T23:00:00,tensorflow,1344.0,42.0
2026-01-25 08:00:00,37.20000076293945,38.8738899230957,1.0,"Divine healer's Church, Bethlehem",deep,lstm_mha,h672,2026-01-04T23:00:00,2026-01-18T23:00:00,2026-02-15T23:00:00,tensorflow,1344.0,42.0
2026-01-25 09:00:00,43.099998474121094,38.444297790527344,1.0,"Divine healer's Church, Bethlehem",deep,lstm_mha,h672,2026-01-04T23:00:00,2026-01-18T23:00:00,2026-02-15T23:00:00,tensorflow,1344.0,42.0
2026-01-25 10:00:00,46.79999923706055,38.04329299926758,1.0,"Divine healer's Church, Bethlehem",deep,lstm_mha,h672,2026-01-04T23:00:00,2026-01-18T23:00:00,2026-02-15T23:00:00,tensorflow,1344.0,42.0
2026-01-25 11:00:00,49.70000076293945,37.53427505493164,1.0,"Divine healer's Church, Bethlehem",deep,lstm_mha,h672,2026-01-04T23:00:00,2026-01-18T23:00:00,2026-02-15T23:00:00,tensorflow,1344.0,42.0
2026-01-25 12:00:00,49.79999923706055,37.18498611450195,1.0,"Divine healer's Church, Bethlehem",deep,lstm_mha,h672,2026-01-04T23:00:00,2026-01-18T23:00:00,2026-02-15T23:00:00,tensorflow,1344.0,42.0
2026-01-25 13:00:00,52.900001525878906,36.77095031738281,1.0,"Divine healer's Church, Bethlehem",deep,lstm_mha,h672,2026-01-04T23:00:00,2026-01-18T23:00:00,2026-02-15T23:00:00,tensorflow,1344.0,42.0
2026-01-25 14:00:00,45.400001525878906,36.029441833496094,1.0,"Divine healer's Church, Bethlehem",deep,lstm_mha,h672,2026-01-04T23:00:00,2026-01-18T23:00:00,2026-02-15T23:00:00,tensorflow,1344.0,42.0
2026-01-25 15:00:00,42.20000076293945,35.51397705078125,1.0,"Divine healer's Church, Bethlehem",deep,lstm_mha,h672,2026-01-04T23:00:00,2026-01-18T23:00:00,2026-02-15T23:00:00,tensorflow,1344.0,42.0
2026-01-25 16:00:00,37.79999923706055,35.83784103393555,1.0,"Divine healer's Church, Bethlehem",deep,lstm_mha,h672,2026-01-04T23:00:00,2026-01-18T23:00:00,2026-02-15T23:00:00,tensorflow,1344.0,42.0
2026-01-25 17:00:00,44.0,36.55640411376953,1.0,"Divine healer's Church, Bethlehem",deep,lstm_mha,h672,2026-01-04T23:00:00,2026-01-18T23:00:00,2026-02-15T23:00:00,tensorflow,1344.0,42.0
2026-01-25 18:00:00,61.79999923706055,37.431907653808594,1.0,"Divine healer's Church, Bethlehem",deep,lstm_mha,h672,2026-01-04T23:00:00,2026-01-18T23:00:00,2026-02-15T23:00:00,tensorflow,1344.0,42.0
2026-01-25 19:00:00,61.70000076293945,38.083343505859375,1.0,"Divine healer's Church, Bethlehem",deep,lstm_mha,h672,2026-01-04T23:00:00,2026-01-18T23:00:00,2026-02-15T23:00:00,tensorflow,1344.0,42.0
2026-01-25 20:00:00,61.20000076293945,39.22463607788086,1.0,"Divine healer's Church, Bethlehem",deep,lstm_mha,h672,2026-01-04T23:00:00,2026-01-18T23:00:00,2026-02-15T23:00:00,tensorflow,1344.0,42.0
2026-01-25 21:00:00,47.20000076293945,39.22223663330078,1.0,"Divine healer's Church, Bethlehem",deep,lstm_mha,h672,2026-01-04T23:00:00,2026-01-18T23:00:00,2026-02-15T23:00:00,tensorflow,1344.0,42.0
2026-01-25 22:00:00,48.900001525878906,39.23922348022461,1.0,"Divine healer's Church, Bethlehem",deep,lstm_mha,h672,2026-01-04T23:00:00,2026-01-18T23:00:00,2026-02-15T23:00:00,tensorflow,1344.0,42.0
2026-01-25 23:00:00,54.79999923706055,39.192203521728516,1.0,"Divine healer's Church, Bethlehem",deep,lstm_mha,h672,2026-01-04T23:00:00,2026-01-18T23:00:00,2026-02-15T23:00:00,tensorflow,1344.0,42.0
2026-01-26 00:00:00,54.5,39.652347564697266,1.0,"Divine healer's Church, Bethlehem",deep,lstm_mha,h672,2026-01-04T23:00:00,2026-01-18T23:00:00,2026-02-15T23:00:00,tensorflow,1344.0,42.0
2026-01-26 01:00:00,50.0,39.313106536865234,1.0,"Divine healer's Church, Bethlehem",deep,lstm_mha,h672,2026-01-04T23:00:00,2026-01-18T23:00:00,2026-02-15T23:00:00,tensorflow,1344.0,42.0
2026-01-26 02:00:00,52.29999923706055,38.87003707885742,1.0,"Divine healer's Church, Bethlehem",deep,lstm_mha,h672,2026-01-04T23:00:00,2026-01-18T23:00:00,2026-02-15T23:00:00,tensorflow,1344.0,42.0
2026-01-26 03:00:00,52.20000076293945,38.78022766113281,1.0,"Divine healer's Church, Bethlehem",deep,lstm_mha,h672,2026-01-04T23:00:00,2026-01-18T23:00:00,2026-02-15T23:00:00,tensorflow,1344.0,42.0
2026-01-26 04:00:00,39.70000076293945,39.10108947753906,1.0,"Divine healer's Church, Bethlehem",deep,lstm_mha,h672,2026-01-04T23:00:00,2026-01-18T23:00:00,2026-02-15T23:00:00,tensorflow,1344.0,42.0
2026-01-26 05:00:00,44.79999923706055,38.97602844238281,1.0,"Divine healer's Church, Bethlehem",deep,lstm_mha,h672,2026-01-04T23:00:00,2026-01-18T23:00:00,2026-02-15T23:00:00,tensorflow,1344.0,42.0
2026-01-26 06:00:00,55.400001525878906,39.204559326171875,1.0,"Divine healer's Church, Bethlehem",deep,lstm_mha,h672,2026-01-04T23:00:00,2026-01-18T23:00:00,2026-02-15T23:00:00,tensorflow,1344.0,42.0
2026-01-26 07:00:00,58.20000076293945,38.88543701171875,1.0,"Divine healer's Church, Bethlehem",deep,lstm_mha,h672,2026-01-04T23:00:00,2026-01-18T23:00:00,2026-02-15T23:00:00,tensorflow,1344.0,42.0
2026-01-26 08:00:00,43.400001525878906,38.71890640258789,1.0,"Divine healer's Church, Bethlehem",deep,lstm_mha,h672,2026-01-04T23:00:00,2026-01-18T23:00:00,2026-02-15T23:00:00,tensorflow,1344.0,42.0
2026-01-26 09:00:00,39.20000076293945,38.1269645690918,1.0,"Divine healer's Church, Bethlehem",deep,lstm_mha,h672,2026-01-04T23:00:00,2026-01-18T23:00:00,2026-02-15T23:00:00,tensorflow,1344.0,42.0
2026-01-26 10:00:00,42.099998474121094,38.163719177246094,1.0,"Divine healer's Church, Bethlehem",deep,lstm_mha,h672,2026-01-04T23:00:00,2026-01-18T23:00:00,2026-02-15T23:00:00,tensorflow,1344.0,42.0
2026-01-26 11:00:00,48.400001525878906,37.48066711425781,1.0,"Divine healer's Church, Bethlehem",deep,lstm_mha,h672,2026-01-04T23:00:00,2026-01-18T23:00:00,2026-02-15T23:00:00,tensorflow,1344.0,42.0
2026-01-26 12:00:00,50.099998474121094,36.3004150390625,1.0,"Divine healer's Church, Bethlehem",deep,lstm_mha,h672,2026-01-04T23:00:00,2026-01-18T23:00:00,2026-02-15T23:00:00,tensorflow,1344.0,42.0
2026-01-26 13:00:00,45.400001525878906,36.159881591796875,1.0,"Divine healer's Church, Bethlehem",deep,lstm_mha,h672,2026-01-04T23:00:00,2026-01-18T23:00:00,2026-02-15T23:00:00,tensorflow,1344.0,42.0
2026-01-26 14:00:00,44.599998474121094,35.49678039550781,1.0,"Divine healer's Church, Bethlehem",deep,lstm_mha,h672,2026-01-04T23:00:00,2026-01-18T23:00:00,2026-02-15T23:00:00,tensorflow,1344.0,42.0
2026-01-26 15:00:00,43.0,34.96776580810547,1.0,"Divine healer's Church, Bethlehem",deep,lstm_mha,h672,2026-01-04T23:00:00,2026-01-18T23:00:00,2026-02-15T23:00:00,tensorflow,1344.0,42.0
2026-01-26 16:00:00,41.099998474121094,35.00282669067383,1.0,"Divine healer's Church, Bethlehem",deep,lstm_mha,h672,2026-01-04T23:00:00,2026-01-18T23:00:00,2026-02-15T23:00:00,tensorflow,1344.0,42.0
2026-01-26 17:00:00,42.599998474121094,35.57658386230469,1.0,"Divine healer's Church, Bethlehem",deep,lstm_mha,h672,2026-01-04T23:00:00,2026-01-18T23:00:00,2026-02-15T23:00:00,tensorflow,1344.0,42.0
2026-01-26 18:00:00,63.79999923706055,36.23506164550781,1.0,"Divine healer's Church, Bethlehem",deep,lstm_mha,h672,2026-01-04T23:00:00,2026-01-18T23:00:00,2026-02-15T23:00:00,tensorflow,1344.0,42.0
2026-01-26 19:00:00,63.900001525878906,36.1625862121582,1.0,"Divine healer's Church, Bethlehem",deep,lstm_mha,h672,2026-01-04T23:00:00,2026-01-18T23:00:00,2026-02-15T23:00:00,tensorflow,1344.0,42.0
2026-01-26 20:00:00,57.20000076293945,36.15318298339844,1.0,"Divine healer's Church, Bethlehem",deep,lstm_mha,h672,2026-01-04T23:00:00,2026-01-18T23:00:00,2026-02-15T23:00:00,tensorflow,1344.0,42.0
2026-01-26 21:00:00,69.5999984741211,36.408756256103516,1.0,"Divine healer's Church, Bethlehem",deep,lstm_mha,h672,2026-01-04T23:00:00,2026-01-18T23:00:00,2026-02-15T23:00:00,tensorflow,1344.0,42.0
2026-01-26 22:00:00,49.5,37.64910888671875,1.0,"Divine healer's Church, Bethlehem",deep,lstm_mha,h672,2026-01-04T23:00:00,2026-01-18T23:00:00,2026-02-15T23:00:00,tensorflow,1344.0,42.0
2026-01-26 23:00:00,48.29999923706055,37.96757888793945,1.0,"Divine healer's Church, Bethlehem",deep,lstm_mha,h672,2026-01-04T23:00:00,2026-01-18T23:00:00,2026-02-15T23:00:00,tensorflow,1344.0,42.0
2026-01-27 00:00:00,44.70000076293945,37.90273666381836,1.0,"Divine healer's Church, Bethlehem",deep,lstm_mha,h672,2026-01-04T23:00:00,2026-01-18T23:00:00,2026-02-15T23:00:00,tensorflow,1344.0,42.0
2026-01-27 01:00:00,46.5,37.82899856567383,1.0,"Divine healer's Church, Bethlehem",deep,lstm_mha,h672,2026-01-04T23:00:00,2026-01-18T23:00:00,2026-02-15T23:00:00,tensorflow,1344.0,42.0
2026-01-27 02:00:00,41.0,38.22056579589844,1.0,"Divine healer's Church, Bethlehem",deep,lstm_mha,h672,2026-01-04T23:00:00,2026-01-18T23:00:00,2026-02-15T23:00:00,tensorflow,1344.0,42.0
2026-01-27 03:00:00,39.599998474121094,38.30349349975586,1.0,"Divine healer's Church, Bethlehem",deep,lstm_mha,h672,2026-01-04T23:00:00,2026-01-18T23:00:00,2026-02-15T23:00:00,tensorflow,1344.0,42.0
2026-01-27 04:00:00,46.0,38.637908935546875,1.0,"Divine healer's Church, Bethlehem",deep,lstm_mha,h672,2026-01-04T23:00:00,2026-01-18T23:00:00,2026-02-15T23:00:00,tensorflow,1344.0,42.0
2026-01-27 05:00:00,52.099998474121094,38.92406463623047,1.0,"Divine healer's Church, Bethlehem",deep,lstm_mha,h672,2026-01-04T23:00:00,2026-01-18T23:00:00,2026-02-15T23:00:00,tensorflow,1344.0,42.0
2026-01-27 06:00:00,54.400001525878906,39.1712532043457,1.0,"Divine healer's Church, Bethlehem",deep,lstm_mha,h672,2026-01-04T23:00:00,2026-01-18T23:00:00,2026-02-15T23:00:00,tensorflow,1344.0,42.0
2026-01-27 07:00:00,65.0999984741211,39.240760803222656,1.0,"Divine healer's Church, Bethlehem",deep,lstm_mha,h672,2026-01-04T23:00:00,2026-01-18T23:00:00,2026-02-15T23:00:00,tensorflow,1344.0,42.0
2026-01-27 08:00:00,44.0,38.60861587524414,1.0,"Divine healer's Church, Bethlehem",deep,lstm_mha,h672,2026-01-04T23:00:00,2026-01-18T23:00:00,2026-02-15T23:00:00,tensorflow,1344.0,42.0
2026-01-27 09:00:00,41.400001525878906,39.088497161865234,1.0,"Divine healer's Church, Bethlehem",deep,lstm_mha,h672,2026-01-04T23:00:00,2026-01-18T23:00:00,2026-02-15T23:00:00,tensorflow,1344.0,42.0
2026-01-27 10:00:00,44.5,38.280052185058594,1.0,"Divine healer's Church, Bethlehem",deep,lstm_mha,h672,2026-01-04T23:00:00,2026-01-18T23:00:00,2026-02-15T23:00:00,tensorflow,1344.0,42.0
2026-01-27 11:00:00,46.0,36.81568145751953,1.0,"Divine healer's Church, Bethlehem",deep,lstm_mha,h672,2026-01-04T23:00:00,2026-01-18T23:00:00,2026-02-15T23:00:00,tensorflow,1344.0,42.0
2026-01-27 12:00:00,57.79999923706055,35.484718322753906,1.0,"Divine healer's Church, Bethlehem",deep,lstm_mha,h672,2026-01-04T23:00:00,2026-01-18T23:00:00,2026-02-15T23:00:00,tensorflow,1344.0,42.0
2026-01-27 13:00:00,49.0,34.99265670776367,1.0,"Divine healer's Church, Bethlehem",deep,lstm_mha,h672,2026-01-04T23:00:00,2026-01-18T23:00:00,2026-02-15T23:00:00,tensorflow,1344.0,42.0
2026-01-27 14:00:00,46.099998474121094,34.909812927246094,1.0,"Divine healer's Church, Bethlehem",deep,lstm_mha,h672,2026-01-04T23:00:00,2026-01-18T23:00:00,2026-02-15T23:00:00,tensorflow,1344.0,42.0
2026-01-27 15:00:00,45.599998474121094,34.70200729370117,1.0,"Divine healer's Church, Bethlehem",deep,lstm_mha,h672,2026-01-04T23:00:00,2026-01-18T23:00:00,2026-02-15T23:00:00,tensorflow,1344.0,42.0
2026-01-27 16:00:00,42.400001525878906,34.5625114440918,1.0,"Divine healer's Church, Bethlehem",deep,lstm_mha,h672,2026-01-04T23:00:00,2026-01-18T23:00:00,2026-02-15T23:00:00,tensorflow,1344.0,42.0
2026-01-27 17:00:00,41.599998474121094,35.16156005859375,1.0,"Divine healer's Church, Bethlehem",deep,lstm_mha,h672,2026-01-04T23:00:00,2026-01-18T23:00:00,2026-02-15T23:00:00,tensorflow,1344.0,42.0
2026-01-27 18:00:00,52.29999923706055,35.94379425048828,1.0,"Divine healer's Church, Bethlehem",deep,lstm_mha,h672,2026-01-04T23:00:00,2026-01-18T23:00:00,2026-02-15T23:00:00,tensorflow,1344.0,42.0
2026-01-27 19:00:00,116.5,37.33903503417969,1.0,"Divine healer's Church, Bethlehem",deep,lstm_mha,h672,2026-01-04T23:00:00,2026-01-18T23:00:00,2026-02-15T23:00:00,tensorflow,1344.0,42.0
2026-01-27 20:00:00,93.4000015258789,38.069400787353516,1.0,"Divine healer's Church, Bethlehem",deep,lstm_mha,h672,2026-01-04T23:00:00,2026-01-18T23:00:00,2026-02-15T23:00:00,tensorflow,1344.0,42.0
2026-01-27 21:00:00,70.0,37.807586669921875,1.0,"Divine healer's Church, Bethlehem",deep,lstm_mha,h672,2026-01-04T23:00:00,2026-01-18T23:00:00,2026-02-15T23:00:00,tensorflow,1344.0,42.0
2026-01-27 22:00:00,47.599998474121094,37.89069366455078,1.0,"Divine healer's Church, Bethlehem",deep,lstm_mha,h672,2026-01-04T23:00:00,2026-01-18T23:00:00,2026-02-15T23:00:00,tensorflow,1344.0,42.0
2026-01-27 23:00:00,47.79999923706055,39.066986083984375,1.0,"Divine healer's Church, Bethlehem",deep,lstm_mha,h672,2026-01-04T23:00:00,2026-01-18T23:00:00,2026-02-15T23:00:00,tensorflow,1344.0,42.0
2026-01-28 00:00:00,50.0,38.90094757080078,1.0,"Divine healer's Church, Bethlehem",deep,lstm_mha,h672,2026-01-04T23:00:00,2026-01-18T23:00:00,2026-02-15T23:00:00,tensorflow,1344.0,42.0
2026-01-28 01:00:00,46.29999923706055,38.10940170288086,1.0,"Divine healer's Church, Bethlehem",deep,lstm_mha,h672,2026-01-04T23:00:00,2026-01-18T23:00:00,2026-02-15T23:00:00,tensorflow,1344.0,42.0
2026-01-28 02:00:00,45.20000076293945,37.98745346069336,1.0,"Divine healer's Church, Bethlehem",deep,lstm_mha,h672,2026-01-04T23:00:00,2026-01-18T23:00:00,2026-02-15T23:00:00,tensorflow,1344.0,42.0
2026-01-28 03:00:00,46.5,37.77827453613281,1.0,"Divine healer's Church, Bethlehem",deep,lstm_mha,h672,2026-01-04T23:00:00,2026-01-18T23:00:00,2026-02-15T23:00:00,tensorflow,1344.0,42.0
2026-01-28 04:00:00,47.20000076293945,37.88795471191406,1.0,"Divine healer's Church, Bethlehem",deep,lstm_mha,h672,2026-01-04T23:00:00,2026-01-18T23:00:00,2026-02-15T23:00:00,tensorflow,1344.0,42.0
2026-01-28 05:00:00,59.20000076293945,38.35110855102539,1.0,"Divine healer's Church, Bethlehem",deep,lstm_mha,h672,2026-01-04T23:00:00,2026-01-18T23:00:00,2026-02-15T23:00:00,tensorflow,1344.0,42.0
2026-01-28 06:00:00,90.5,38.689823150634766,1.0,"Divine healer's Church, Bethlehem",deep,lstm_mha,h672,2026-01-04T23:00:00,2026-01-18T23:00:00,2026-02-15T23:00:00,tensorflow,1344.0,42.0
2026-01-28 07:00:00,67.0999984741211,38.221893310546875,1.0,"Divine healer's Church, Bethlehem",deep,lstm_mha,h672,2026-01-04T23:00:00,2026-01-18T23:00:00,2026-02-15T23:00:00,tensorflow,1344.0,42.0
2026-01-28 08:00:00,51.900001525878906,38.17504119873047,1.0,"Divine healer's Church, Bethlehem",deep,lstm_mha,h672,2026-01-04T23:00:00,2026-01-18T23:00:00,2026-02-15T23:00:00,tensorflow,1344.0,42.0
2026-01-28 09:00:00,46.0,37.833892822265625,1.0,"Divine healer's Church, Bethlehem",deep,lstm_mha,h672,2026-01-04T23:00:00,2026-01-18T23:00:00,2026-02-15T23:00:00,tensorflow,1344.0,42.0
2026-01-28 10:00:00,45.70000076293945,36.540523529052734,1.0,"Divine healer's Church, Bethlehem",deep,lstm_mha,h672,2026-01-04T23:00:00,2026-01-18T23:00:00,2026-02-15T23:00:00,tensorflow,1344.0,42.0
2026-01-28 11:00:00,49.29999923706055,35.64119338989258,1.0,"Divine healer's Church, Bethlehem",deep,lstm_mha,h672,2026-01-04T23:00:00,2026-01-18T23:00:00,2026-02-15T23:00:00,tensorflow,1344.0,42.0
2026-01-28 12:00:00,52.599998474121094,37.834354400634766,1.0,"Divine healer's Church, Bethlehem",deep,lstm_mha,h672,2026-01-04T23:00:00,2026-01-18T23:00:00,2026-02-15T23:00:00,tensorflow,1344.0,42.0
2026-01-28 13:00:00,53.20000076293945,36.06706237792969,1.0,"Divine healer's Church, Bethlehem",deep,lstm_mha,h672,2026-01-04T23:00:00,2026-01-18T23:00:00,2026-02-15T23:00:00,tensorflow,1344.0,42.0
2026-01-28 14:00:00,48.900001525878906,35.21051788330078,1.0,"Divine healer's Church, Bethlehem",deep,lstm_mha,h672,2026-01-04T23:00:00,2026-01-18T23:00:00,2026-02-15T23:00:00,tensorflow,1344.0,42.0
2026-01-28 15:00:00,46.0,35.069480895996094,1.0,"Divine healer's Church, Bethlehem",deep,lstm_mha,h672,2026-01-04T23:00:00,2026-01-18T23:00:00,2026-02-15T23:00:00,tensorflow,1344.0,42.0
2026-01-28 16:00:00,79.5999984741211,35.52842330932617,1.0,"Divine healer's Church, Bethlehem",deep,lstm_mha,h672,2026-01-04T23:00:00,2026-01-18T23:00:00,2026-02-15T23:00:00,tensorflow,1344.0,42.0
2026-01-28 17:00:00,56.0,37.029273986816406,1.0,"Divine healer's Church, Bethlehem",deep,lstm_mha,h672,2026-01-04T23:00:00,2026-01-18T23:00:00,2026-02-15T23:00:00,tensorflow,1344.0,42.0
2026-01-28 18:00:00,48.70000076293945,38.11332321166992,1.0,"Divine healer's Church, Bethlehem",deep,lstm_mha,h672,2026-01-04T23:00:00,2026-01-18T23:00:00,2026-02-15T23:00:00,tensorflow,1344.0,42.0
2026-01-28 19:00:00,95.19999694824219,37.59162139892578,1.0,"Divine healer's Church, Bethlehem",deep,lstm_mha,h672,2026-01-04T23:00:00,2026-01-18T23:00:00,2026-02-15T23:00:00,tensorflow,1344.0,42.0
2026-01-28 20:00:00,67.80000305175781,37.35191345214844,1.0,"Divine healer's Church, Bethlehem",deep,lstm_mha,h672,2026-01-04T23:00:00,2026-01-18T23:00:00,2026-02-15T23:00:00,tensorflow,1344.0,42.0
2026-01-28 21:00:00,64.19999694824219,37.85468673706055,1.0,"Divine healer's Church, Bethlehem",deep,lstm_mha,h672,2026-01-04T23:00:00,2026-01-18T23:00:00,2026-02-15T23:00:00,tensorflow,1344.0,42.0
2026-01-28 22:00:00,52.5,37.14640808105469,1.0,"Divine healer's Church, Bethlehem",deep,lstm_mha,h672,2026-01-04T23:00:00,2026-01-18T23:00:00,2026-02-15T23:00:00,tensorflow,1344.0,42.0
2026-01-28 23:00:00,52.599998474121094,37.860374450683594,1.0,"Divine healer's Church, Bethlehem",deep,lstm_mha,h672,2026-01-04T23:00:00,2026-01-18T23:00:00,2026-02-15T23:00:00,tensorflow,1344.0,42.0
2026-01-29 00:00:00,54.0,38.22566604614258,1.0,"Divine healer's Church, Bethlehem",deep,lstm_mha,h672,2026-01-04T23:00:00,2026-01-18T23:00:00,2026-02-15T23:00:00,tensorflow,1344.0,42.0
2026-01-29 01:00:00,57.400001525878906,38.09095764160156,1.0,"Divine healer's Church, Bethlehem",deep,lstm_mha,h672,2026-01-04T23:00:00,2026-01-18T23:00:00,2026-02-15T23:00:00,tensorflow,1344.0,42.0
2026-01-29 02:00:00,48.29999923706055,37.77823257446289,1.0,"Divine healer's Church, Bethlehem",deep,lstm_mha,h672,2026-01-04T23:00:00,2026-01-18T23:00:00,2026-02-15T23:00:00,tensorflow,1344.0,42.0
2026-01-29 03:00:00,51.5,37.97569274902344,1.0,"Divine healer's Church, Bethlehem",deep,lstm_mha,h672,2026-01-04T23:00:00,2026-01-18T23:00:00,2026-02-15T23:00:00,tensorflow,1344.0,42.0
2026-01-29 04:00:00,52.29999923706055,37.62626647949219,1.0,"Divine healer's Church, Bethlehem",deep,lstm_mha,h672,2026-01-04T23:00:00,2026-01-18T23:00:00,2026-02-15T23:00:00,tensorflow,1344.0,42.0
2026-01-29 05:00:00,66.5999984741211,37.177310943603516,1.0,"Divine healer's Church, Bethlehem",deep,lstm_mha,h672,2026-01-04T23:00:00,2026-01-18T23:00:00,2026-02-15T23:00:00,tensorflow,1344.0,42.0
2026-01-29 06:00:00,73.0999984741211,37.33163070678711,1.0,"Divine healer's Church, Bethlehem",deep,lstm_mha,h672,2026-01-04T23:00:00,2026-01-18T23:00:00,2026-02-15T23:00:00,tensorflow,1344.0,42.0
2026-01-29 07:00:00,73.80000305175781,37.22644805908203,1.0,"Divine healer's Church, Bethlehem",deep,lstm_mha,h672,2026-01-04T23:00:00,2026-01-18T23:00:00,2026-02-15T23:00:00,tensorflow,1344.0,42.0
2026-01-29 08:00:00,55.099998474121094,36.56371307373047,1.0,"Divine healer's Church, Bethlehem",deep,lstm_mha,h672,2026-01-04T23:00:00,2026-01-18T23:00:00,2026-02-15T23:00:00,tensorflow,1344.0,42.0
2026-01-29 09:00:00,50.099998474121094,36.073951721191406,1.0,"Divine healer's Church, Bethlehem",deep,lstm_mha,h672,2026-01-04T23:00:00,2026-01-18T23:00:00,2026-02-15T23:00:00,tensorflow,1344.0,42.0
2026-01-29 10:00:00,47.79999923706055,35.73770523071289,1.0,"Divine healer's Church, Bethlehem",deep,lstm_mha,h672,2026-01-04T23:00:00,2026-01-18T23:00:00,2026-02-15T23:00:00,tensorflow,1344.0,42.0
2026-01-29 11:00:00,47.20000076293945,35.40249252319336,1.0,"Divine healer's Church, Bethlehem",deep,lstm_mha,h672,2026-01-04T23:00:00,2026-01-18T23:00:00,2026-02-15T23:00:00,tensorflow,1344.0,42.0
2026-01-29 12:00:00,47.099998474121094,34.54325485229492,1.0,"Divine healer's Church, Bethlehem",deep,lstm_mha,h672,2026-01-04T23:00:00,2026-01-18T23:00:00,2026-02-15T23:00:00,tensorflow,1344.0,42.0
2026-01-29 13:00:00,52.400001525878906,34.76002883911133,1.0,"Divine healer's Church, Bethlehem",deep,lstm_mha,h672,2026-01-04T23:00:00,2026-01-18T23:00:00,2026-02-15T23:00:00,tensorflow,1344.0,42.0
2026-01-29 14:00:00,44.79999923706055,35.460968017578125,1.0,"Divine healer's Church, Bethlehem",deep,lstm_mha,h672,2026-01-04T23:00:00,2026-01-18T23:00:00,2026-02-15T23:00:00,tensorflow,1344.0,42.0
2026-01-29 15:00:00,44.0,36.4124870300293,1.0,"Divine healer's Church, Bethlehem",deep,lstm_mha,h672,2026-01-04T23:00:00,2026-01-18T23:00:00,2026-02-15T23:00:00,tensorflow,1344.0,42.0
2026-01-29 16:00:00,43.599998474121094,36.15824890136719,1.0,"Divine healer's Church, Bethlehem",deep,lstm_mha,h672,2026-01-04T23:00:00,2026-01-18T23:00:00,2026-02-15T23:00:00,tensorflow,1344.0,42.0
2026-01-29 17:00:00,60.5,35.57608413696289,1.0,"Divine healer's Church, Bethlehem",deep,lstm_mha,h672,2026-01-04T23:00:00,2026-01-18T23:00:00,2026-02-15T23:00:00,tensorflow,1344.0,42.0
2026-01-29 18:00:00,61.29999923706055,37.209877014160156,1.0,"Divine healer's Church, Bethlehem",deep,lstm_mha,h672,2026-01-04T23:00:00,2026-01-18T23:00:00,2026-02-15T23:00:00,tensorflow,1344.0,42.0
2026-01-29 19:00:00,65.9000015258789,36.931068420410156,1.0,"Divine healer's Church, Bethlehem",deep,lstm_mha,h672,2026-01-04T23:00:00,2026-01-18T23:00:00,2026-02-15T23:00:00,tensorflow,1344.0,42.0
2026-01-29 20:00:00,81.0,36.71495056152344,1.0,"Divine healer's Church, Bethlehem",deep,lstm_mha,h672,2026-01-04T23:00:00,2026-01-18T23:00:00,2026-02-15T23:00:00,tensorflow,1344.0,42.0
2026-01-29 21:00:00,60.29999923706055,36.9592399597168,1.0,"Divine healer's Church, Bethlehem",deep,lstm_mha,h672,2026-01-04T23:00:00,2026-01-18T23:00:00,2026-02-15T23:00:00,tensorflow,1344.0,42.0
2026-01-29 22:00:00,51.5,36.9582633972168,1.0,"Divine healer's Church, Bethlehem",deep,lstm_mha,h672,2026-01-04T23:00:00,2026-01-18T23:00:00,2026-02-15T23:00:00,tensorflow,1344.0,42.0
2026-01-29 23:00:00,48.099998474121094,37.209896087646484,1.0,"Divine healer's Church, Bethlehem",deep,lstm_mha,h672,2026-01-04T23:00:00,2026-01-18T23:00:00,2026-02-15T23:00:00,tensorflow,1344.0,42.0
2026-01-30 00:00:00,44.0,37.07032775878906,1.0,"Divine healer's Church, Bethlehem",deep,lstm_mha,h672,2026-01-04T23:00:00,2026-01-18T23:00:00,2026-02-15T23:00:00,tensorflow,1344.0,42.0
2026-01-30 01:00:00,41.79999923706055,36.875732421875,1.0,"Divine healer's Church, Bethlehem",deep,lstm_mha,h672,2026-01-04T23:00:00,2026-01-18T23:00:00,2026-02-15T23:00:00,tensorflow,1344.0,42.0
2026-01-30 02:00:00,41.900001525878906,36.5841064453125,1.0,"Divine healer's Church, Bethlehem",deep,lstm_mha,h672,2026-01-04T23:00:00,2026-01-18T23:00:00,2026-02-15T23:00:00,tensorflow,1344.0,42.0
2026-01-30 03:00:00,45.900001525878906,36.73025131225586,1.0,"Divine healer's Church, Bethlehem",deep,lstm_mha,h672,2026-01-04T23:00:00,2026-01-18T23:00:00,2026-02-15T23:00:00,tensorflow,1344.0,42.0
2026-01-30 04:00:00,47.400001525878906,36.854026794433594,1.0,"Divine healer's Church, Bethlehem",deep,lstm_mha,h672,2026-01-04T23:00:00,2026-01-18T23:00:00,2026-02-15T23:00:00,tensorflow,1344.0,42.0
2026-01-30 05:00:00,53.400001525878906,37.00413513183594,1.0,"Divine healer's Church, Bethlehem",deep,lstm_mha,h672,2026-01-04T23:00:00,2026-01-18T23:00:00,2026-02-15T23:00:00,tensorflow,1344.0,42.0
2026-01-30 06:00:00,51.20000076293945,37.35737991333008,1.0,"Divine healer's Church, Bethlehem",deep,lstm_mha,h672,2026-01-04T23:00:00,2026-01-18T23:00:00,2026-02-15T23:00:00,tensorflow,1344.0,42.0
2026-01-30 07:00:00,47.79999923706055,36.594913482666016,1.0,"Divine healer's Church, Bethlehem",deep,lstm_mha,h672,2026-01-04T23:00:00,2026-01-18T23:00:00,2026-02-15T23:00:00,tensorflow,1344.0,42.0
2026-01-30 08:00:00,43.5,36.07929611206055,1.0,"Divine healer's Church, Bethlehem",deep,lstm_mha,h672,2026-01-04T23:00:00,2026-01-18T23:00:00,2026-02-15T23:00:00,tensorflow,1344.0,42.0
2026-01-30 09:00:00,39.900001525878906,35.908790588378906,1.0,"Divine healer's Church, Bethlehem",deep,lstm_mha,h672,2026-01-04T23:00:00,2026-01-18T23:00:00,2026-02-15T23:00:00,tensorflow,1344.0,42.0
2026-01-30 10:00:00,39.400001525878906,35.448856353759766,1.0,"Divine healer's Church, Bethlehem",deep,lstm_mha,h672,2026-01-04T23:00:00,2026-01-18T23:00:00,2026-02-15T23:00:00,tensorflow,1344.0,42.0
2026-01-30 11:00:00,42.599998474121094,35.302154541015625,1.0,"Divine healer's Church, Bethlehem",deep,lstm_mha,h672,2026-01-04T23:00:00,2026-01-18T23:00:00,2026-02-15T23:00:00,tensorflow,1344.0,42.0
2026-01-30 12:00:00,42.599998474121094,35.279781341552734,1.0,"Divine healer's Church, Bethlehem",deep,lstm_mha,h672,2026-01-04T23:00:00,2026-01-18T23:00:00,2026-02-15T23:00:00,tensorflow,1344.0,42.0
2026-01-30 13:00:00,46.20000076293945,34.80712127685547,1.0,"Divine healer's Church, Bethlehem",deep,lstm_mha,h672,2026-01-04T23:00:00,2026-01-18T23:00:00,2026-02-15T23:00:00,tensorflow,1344.0,42.0
2026-01-30 14:00:00,44.599998474121094,34.37678146362305,1.0,"Divine healer's Church, Bethlehem",deep,lstm_mha,h672,2026-01-04T23:00:00,2026-01-18T23:00:00,2026-02-15T23:00:00,tensorflow,1344.0,42.0
2026-01-30 15:00:00,54.599998474121094,34.65099334716797,1.0,"Divine healer's Church, Bethlehem",deep,lstm_mha,h672,2026-01-04T23:00:00,2026-01-18T23:00:00,2026-02-15T23:00:00,tensorflow,1344.0,42.0
2026-01-30 16:00:00,67.9000015258789,34.56723403930664,1.0,"Divine healer's Church, Bethlehem",deep,lstm_mha,h672,2026-01-04T23:00:00,2026-01-18T23:00:00,2026-02-15T23:00:00,tensorflow,1344.0,42.0
2026-01-30 17:00:00,58.900001525878906,35.04025650024414,1.0,"Divine healer's Church, Bethlehem",deep,lstm_mha,h672,2026-01-04T23:00:00,2026-01-18T23:00:00,2026-02-15T23:00:00,tensorflow,1344.0,42.0
2026-01-30 18:00:00,78.0999984741211,34.60271072387695,1.0,"Divine healer's Church, Bethlehem",deep,lstm_mha,h672,2026-01-04T23:00:00,2026-01-18T23:00:00,2026-02-15T23:00:00,tensorflow,1344.0,42.0
2026-01-30 19:00:00,61.0,34.34858322143555,1.0,"Divine healer's Church, Bethlehem",deep,lstm_mha,h672,2026-01-04T23:00:00,2026-01-18T23:00:00,2026-02-15T23:00:00,tensorflow,1344.0,42.0
2026-01-30 20:00:00,51.5,35.36994171142578,1.0,"Divine healer's Church, Bethlehem",deep,lstm_mha,h672,2026-01-04T23:00:00,2026-01-18T23:00:00,2026-02-15T23:00:00,tensorflow,1344.0,42.0
2026-01-30 21:00:00,49.900001525878906,36.176692962646484,1.0,"Divine healer's Church, Bethlehem",deep,lstm_mha,h672,2026-01-04T23:00:00,2026-01-18T23:00:00,2026-02-15T23:00:00,tensorflow,1344.0,42.0
2026-01-30 22:00:00,44.79999923706055,36.91336441040039,1.0,"Divine healer's Church, Bethlehem",deep,lstm_mha,h672,2026-01-04T23:00:00,2026-01-18T23:00:00,2026-02-15T23:00:00,tensorflow,1344.0,42.0
2026-01-30 23:00:00,45.0,36.50731658935547,1.0,"Divine healer's Church, Bethlehem",deep,lstm_mha,h672,2026-01-04T23:00:00,2026-01-18T23:00:00,2026-02-15T23:00:00,tensorflow,1344.0,42.0
2026-01-31 00:00:00,42.70000076293945,36.14910888671875,1.0,"Divine healer's Church, Bethlehem",deep,lstm_mha,h672,2026-01-04T23:00:00,2026-01-18T23:00:00,2026-02-15T23:00:00,tensorflow,1344.0,42.0
2026-01-31 01:00:00,82.80000305175781,36.285892486572266,1.0,"Divine healer's Church, Bethlehem",deep,lstm_mha,h672,2026-01-04T23:00:00,2026-01-18T23:00:00,2026-02-15T23:00:00,tensorflow,1344.0,42.0
2026-01-31 02:00:00,52.29999923706055,36.36284255981445,1.0,"Divine healer's Church, Bethlehem",deep,lstm_mha,h672,2026-01-04T23:00:00,2026-01-18T23:00:00,2026-02-15T23:00:00,tensorflow,1344.0,42.0
2026-01-31 03:00:00,46.599998474121094,36.085777282714844,1.0,"Divine healer's Church, Bethlehem",deep,lstm_mha,h672,2026-01-04T23:00:00,2026-01-18T23:00:00,2026-02-15T23:00:00,tensorflow,1344.0,42.0
2026-01-31 04:00:00,45.900001525878906,36.426963806152344,1.0,"Divine healer's Church, Bethlehem",deep,lstm_mha,h672,2026-01-04T23:00:00,2026-01-18T23:00:00,2026-02-15T23:00:00,tensorflow,1344.0,42.0
2026-01-31 05:00:00,59.29999923706055,37.01663589477539,1.0,"Divine healer's Church, Bethlehem",deep,lstm_mha,h672,2026-01-04T23:00:00,2026-01-18T23:00:00,2026-02-15T23:00:00,tensorflow,1344.0,42.0
2026-01-31 06:00:00,65.30000305175781,37.1585693359375,1.0,"Divine healer's Church, Bethlehem",deep,lstm_mha,h672,2026-01-04T23:00:00,2026-01-18T23:00:00,2026-02-15T23:00:00,tensorflow,1344.0,42.0
2026-01-31 07:00:00,68.19999694824219,36.94448471069336,1.0,"Divine healer's Church, Bethlehem",deep,lstm_mha,h672,2026-01-04T23:00:00,2026-01-18T23:00:00,2026-02-15T23:00:00,tensorflow,1344.0,42.0
2026-01-31 08:00:00,50.79999923706055,36.407615661621094,1.0,"Divine healer's Church, Bethlehem",deep,lstm_mha,h672,2026-01-04T23:00:00,2026-01-18T23:00:00,2026-02-15T23:00:00,tensorflow,1344.0,42.0
2026-01-31 09:00:00,51.0,35.77541732788086,1.0,"Divine healer's Church, Bethlehem",deep,lstm_mha,h672,2026-01-04T23:00:00,2026-01-18T23:00:00,2026-02-15T23:00:00,tensorflow,1344.0,42.0
2026-01-31 10:00:00,50.900001525878906,34.44841003417969,1.0,"Divine healer's Church, Bethlehem",deep,lstm_mha,h672,2026-01-04T23:00:00,2026-01-18T23:00:00,2026-02-15T23:00:00,tensorflow,1344.0,42.0
2026-01-31 11:00:00,50.5,33.592674255371094,1.0,"Divine healer's Church, Bethlehem",deep,lstm_mha,h672,2026-01-04T23:00:00,2026-01-18T23:00:00,2026-02-15T23:00:00,tensorflow,1344.0,42.0
2026-01-31 12:00:00,43.0,33.923561096191406,1.0,"Divine healer's Church, Bethlehem",deep,lstm_mha,h672,2026-01-04T23:00:00,2026-01-18T23:00:00,2026-02-15T23:00:00,tensorflow,1344.0,42.0
2026-01-31 13:00:00,41.599998474121094,33.329071044921875,1.0,"Divine healer's Church, Bethlehem",deep,lstm_mha,h672,2026-01-04T23:00:00,2026-01-18T23:00:00,2026-02-15T23:00:00,tensorflow,1344.0,42.0
2026-01-31 14:00:00,41.20000076293945,32.55030059814453,1.0,"Divine healer's Church, Bethlehem",deep,lstm_mha,h672,2026-01-04T23:00:00,2026-01-18T23:00:00,2026-02-15T23:00:00,tensorflow,1344.0,42.0
2026-01-31 15:00:00,37.5,31.97183609008789,1.0,"Divine healer's Church, Bethlehem",deep,lstm_mha,h672,2026-01-04T23:00:00,2026-01-18T23:00:00,2026-02-15T23:00:00,tensorflow,1344.0,42.0
2026-01-31 16:00:00,37.599998474121094,31.95841407775879,1.0,"Divine healer's Church, Bethlehem",deep,lstm_mha,h672,2026-01-04T23:00:00,2026-01-18T23:00:00,2026-02-15T23:00:00,tensorflow,1344.0,42.0
2026-01-31 17:00:00,45.900001525878906,32.066410064697266,1.0,"Divine healer's Church, Bethlehem",deep,lstm_mha,h672,2026-01-04T23:00:00,2026-01-18T23:00:00,2026-02-15T23:00:00,tensorflow,1344.0,42.0
2026-01-31 18:00:00,62.5,33.02412033081055,1.0,"Divine healer's Church, Bethlehem",deep,lstm_mha,h672,2026-01-04T23:00:00,2026-01-18T23:00:00,2026-02-15T23:00:00,tensorflow,1344.0,42.0
2026-01-31 19:00:00,61.900001525878906,34.18593215942383,1.0,"Divine healer's Church, Bethlehem",deep,lstm_mha,h672,2026-01-04T23:00:00,2026-01-18T23:00:00,2026-02-15T23:00:00,tensorflow,1344.0,42.0
2026-01-31 20:00:00,61.29999923706055,34.010215759277344,1.0,"Divine healer's Church, Bethlehem",deep,lstm_mha,h672,2026-01-04T23:00:00,2026-01-18T23:00:00,2026-02-15T23:00:00,tensorflow,1344.0,42.0
2026-01-31 21:00:00,56.79999923706055,34.79376983642578,1.0,"Divine healer's Church, Bethlehem",deep,lstm_mha,h672,2026-01-04T23:00:00,2026-01-18T23:00:00,2026-02-15T23:00:00,tensorflow,1344.0,42.0
2026-01-31 22:00:00,46.5,35.677093505859375,1.0,"Divine healer's Church, Bethlehem",deep,lstm_mha,h672,2026-01-04T23:00:00,2026-01-18T23:00:00,2026-02-15T23:00:00,tensorflow,1344.0,42.0
2026-01-31 23:00:00,52.0,37.11007308959961,1.0,"Divine healer's Church, Bethlehem",deep,lstm_mha,h672,2026-01-04T23:00:00,2026-01-18T23:00:00,2026-02-15T23:00:00,tensorflow,1344.0,42.0
2026-02-01 00:00:00,50.900001525878906,36.55095291137695,1.0,"Divine healer's Church, Bethlehem",deep,lstm_mha,h672,2026-01-04T23:00:00,2026-01-18T23:00:00,2026-02-15T23:00:00,tensorflow,1344.0,42.0
2026-02-01 01:00:00,39.099998474121094,36.69785690307617,1.0,"Divine healer's Church, Bethlehem",deep,lstm_mha,h672,2026-01-04T23:00:00,2026-01-18T23:00:00,2026-02-15T23:00:00,tensorflow,1344.0,42.0
2026-02-01 02:00:00,42.0,36.794525146484375,1.0,"Divine healer's Church, Bethlehem",deep,lstm_mha,h672,2026-01-04T23:00:00,2026-01-18T23:00:00,2026-02-15T23:00:00,tensorflow,1344.0,42.0
2026-02-01 03:00:00,42.400001525878906,36.23355484008789,1.0,"Divine healer's Church, Bethlehem",deep,lstm_mha,h672,2026-01-04T23:00:00,2026-01-18T23:00:00,2026-02-15T23:00:00,tensorflow,1344.0,42.0
2026-02-01 04:00:00,41.20000076293945,36.36281204223633,1.0,"Divine healer's Church, Bethlehem",deep,lstm_mha,h672,2026-01-04T23:00:00,2026-01-18T23:00:00,2026-02-15T23:00:00,tensorflow,1344.0,42.0
2026-02-01 05:00:00,45.099998474121094,36.153533935546875,1.0,"Divine healer's Church, Bethlehem",deep,lstm_mha,h672,2026-01-04T23:00:00,2026-01-18T23:00:00,2026-02-15T23:00:00,tensorflow,1344.0,42.0
2026-02-01 06:00:00,59.599998474121094,36.41039276123047,1.0,"Divine healer's Church, Bethlehem",deep,lstm_mha,h672,2026-01-04T23:00:00,2026-01-18T23:00:00,2026-02-15T23:00:00,tensorflow,1344.0,42.0
2026-02-01 07:00:00,64.0,36.23243713378906,1.0,"Divine healer's Church, Bethlehem",deep,lstm_mha,h672,2026-01-04T23:00:00,2026-01-18T23:00:00,2026-02-15T23:00:00,tensorflow,1344.0,42.0
2026-02-01 08:00:00,56.900001525878906,35.17404556274414,1.0,"Divine healer's Church, Bethlehem",deep,lstm_mha,h672,2026-01-04T23:00:00,2026-01-18T23:00:00,2026-02-15T23:00:00,tensorflow,1344.0,42.0
2026-02-01 09:00:00,47.900001525878906,34.97632598876953,1.0,"Divine healer's Church, Bethlehem",deep,lstm_mha,h672,2026-01-04T23:00:00,2026-01-18T23:00:00,2026-02-15T23:00:00,tensorflow,1344.0,42.0
2026-02-01 10:00:00,58.70000076293945,34.689151763916016,1.0,"Divine healer's Church, Bethlehem",deep,lstm_mha,h672,2026-01-04T23:00:00,2026-01-18T23:00:00,2026-02-15T23:00:00,tensorflow,1344.0,42.0
2026-02-01 11:00:00,51.5,33.98424530029297,1.0,"Divine healer's Church, Bethlehem",deep,lstm_mha,h672,2026-01-04T23:00:00,2026-01-18T23:00:00,2026-02-15T23:00:00,tensorflow,1344.0,42.0
2026-02-01 12:00:00,36.599998474121094,32.7685661315918,1.0,"Divine healer's Church, Bethlehem",deep,lstm_mha,h672,2026-01-04T23:00:00,2026-01-18T23:00:00,2026-02-15T23:00:00,tensorflow,1344.0,42.0
2026-02-01 13:00:00,35.400001525878906,32.49431610107422,1.0,"Divine healer's Church, Bethlehem",deep,lstm_mha,h672,2026-01-04T23:00:00,2026-01-18T23:00:00,2026-02-15T23:00:00,tensorflow,1344.0,42.0
2026-02-01 14:00:00,33.5,32.28148651123047,1.0,"Divine healer's Church, Bethlehem",deep,lstm_mha,h672,2026-01-04T23:00:00,2026-01-18T23:00:00,2026-02-15T23:00:00,tensorflow,1344.0,42.0
2026-02-01 15:00:00,35.29999923706055,31.663776397705078,1.0,"Divine healer's Church, Bethlehem",deep,lstm_mha,h672,2026-01-04T23:00:00,2026-01-18T23:00:00,2026-02-15T23:00:00,tensorflow,1344.0,42.0
2026-02-01 16:00:00,36.099998474121094,31.434703826904297,1.0,"Divine healer's Church, Bethlehem",deep,lstm_mha,h672,2026-01-04T23:00:00,2026-01-18T23:00:00,2026-02-15T23:00:00,tensorflow,1344.0,42.0
2026-02-01 17:00:00,57.29999923706055,35.6903076171875,1.0,"Divine healer's Church, Bethlehem",deep,lstm_mha,h672,2026-01-04T23:00:00,2026-01-18T23:00:00,2026-02-15T23:00:00,tensorflow,1344.0,42.0
2026-02-01 18:00:00,46.5,36.53357696533203,1.0,"Divine healer's Church, Bethlehem",deep,lstm_mha,h672,2026-01-04T23:00:00,2026-01-18T23:00:00,2026-02-15T23:00:00,tensorflow,1344.0,42.0
2026-02-01 19:00:00,61.0,35.74518966674805,1.0,"Divine healer's Church, Bethlehem",deep,lstm_mha,h672,2026-01-04T23:00:00,2026-01-18T23:00:00,2026-02-15T23:00:00,tensorflow,1344.0,42.0
2026-02-01 20:00:00,53.599998474121094,35.35797119140625,1.0,"Divine healer's Church, Bethlehem",deep,lstm_mha,h672,2026-01-04T23:00:00,2026-01-18T23:00:00,2026-02-15T23:00:00,tensorflow,1344.0,42.0
2026-02-01 21:00:00,56.20000076293945,35.403831481933594,1.0,"Divine healer's Church, Bethlehem",deep,lstm_mha,h672,2026-01-04T23:00:00,2026-01-18T23:00:00,2026-02-15T23:00:00,tensorflow,1344.0,42.0
2026-02-01 22:00:00,72.4000015258789,35.282676696777344,1.0,"Divine healer's Church, Bethlehem",deep,lstm_mha,h672,2026-01-04T23:00:00,2026-01-18T23:00:00,2026-02-15T23:00:00,tensorflow,1344.0,42.0
2026-02-01 23:00:00,62.5,35.20930099487305,1.0,"Divine healer's Church, Bethlehem",deep,lstm_mha,h672,2026-01-04T23:00:00,2026-01-18T23:00:00,2026-02-15T23:00:00,tensorflow,1344.0,42.0
2026-02-02 00:00:00,44.0,35.16384506225586,1.0,"Divine healer's Church, Bethlehem",deep,lstm_mha,h672,2026-01-04T23:00:00,2026-01-18T23:00:00,2026-02-15T23:00:00,tensorflow,1344.0,42.0
2026-02-02 01:00:00,44.70000076293945,35.59086227416992,1.0,"Divine healer's Church, Bethlehem",deep,lstm_mha,h672,2026-01-04T23:00:00,2026-01-18T23:00:00,2026-02-15T23:00:00,tensorflow,1344.0,42.0
2026-02-02 02:00:00,49.29999923706055,35.649410247802734,1.0,"Divine healer's Church, Bethlehem",deep,lstm_mha,h672,2026-01-04T23:00:00,2026-01-18T23:00:00,2026-02-15T23:00:00,tensorflow,1344.0,42.0
2026-02-02 03:00:00,44.099998474121094,35.395870208740234,1.0,"Divine healer's Church, Bethlehem",deep,lstm_mha,h672,2026-01-04T23:00:00,2026-01-18T23:00:00,2026-02-15T23:00:00,tensorflow,1344.0,42.0
2026-02-02 04:00:00,41.599998474121094,35.14183807373047,1.0,"Divine healer's Church, Bethlehem",deep,lstm_mha,h672,2026-01-04T23:00:00,2026-01-18T23:00:00,2026-02-15T23:00:00,tensorflow,1344.0,42.0
2026-02-02 05:00:00,86.5999984741211,35.51658630371094,1.0,"Divine healer's Church, Bethlehem",deep,lstm_mha,h672,2026-01-04T23:00:00,2026-01-18T23:00:00,2026-02-15T23:00:00,tensorflow,1344.0,42.0
2026-02-02 06:00:00,70.5,35.69899368286133,1.0,"Divine healer's Church, Bethlehem",deep,lstm_mha,h672,2026-01-04T23:00:00,2026-01-18T23:00:00,2026-02-15T23:00:00,tensorflow,1344.0,42.0
2026-02-02 07:00:00,51.400001525878906,35.23290252685547,1.0,"Divine healer's Church, Bethlehem",deep,lstm_mha,h672,2026-01-04T23:00:00,2026-01-18T23:00:00,2026-02-15T23:00:00,tensorflow,1344.0,42.0
2026-02-02 08:00:00,44.099998474121094,34.396697998046875,1.0,"Divine healer's Church, Bethlehem",deep,lstm_mha,h672,2026-01-04T23:00:00,2026-01-18T23:00:00,2026-02-15T23:00:00,tensorflow,1344.0,42.0
2026-02-02 09:00:00,46.70000076293945,33.949668884277344,1.0,"Divine healer's Church, Bethlehem",deep,lstm_mha,h672,2026-01-04T23:00:00,2026-01-18T23:00:00,2026-02-15T23:00:00,tensorflow,1344.0,42.0
2026-02-02 10:00:00,47.099998474121094,34.1789665222168,1.0,"Divine healer's Church, Bethlehem",deep,lstm_mha,h672,2026-01-04T23:00:00,2026-01-18T23:00:00,2026-02-15T23:00:00,tensorflow,1344.0,42.0
2026-02-02 11:00:00,37.900001525878906,33.609519958496094,1.0,"Divine healer's Church, Bethlehem",deep,lstm_mha,h672,2026-01-04T23:00:00,2026-01-18T23:00:00,2026-02-15T23:00:00,tensorflow,1344.0,42.0
2026-02-02 12:00:00,33.20000076293945,32.84505844116211,1.0,"Divine healer's Church, Bethlehem",deep,lstm_mha,h672,2026-01-04T23:00:00,2026-01-18T23:00:00,2026-02-15T23:00:00,tensorflow,1344.0,42.0
2026-02-02 13:00:00,32.20000076293945,32.2906379699707,1.0,"Divine healer's Church, Bethlehem",deep,lstm_mha,h672,2026-01-04T23:00:00,2026-01-18T23:00:00,2026-02-15T23:00:00,tensorflow,1344.0,42.0
2026-02-02 14:00:00,33.400001525878906,31.95982551574707,1.0,"Divine healer's Church, Bethlehem",deep,lstm_mha,h672,2026-01-04T23:00:00,2026-01-18T23:00:00,2026-02-15T23:00:00,tensorflow,1344.0,42.0
2026-02-02 15:00:00,50.29999923706055,31.730093002319336,1.0,"Divine healer's Church, Bethlehem",deep,lstm_mha,h672,2026-01-04T23:00:00,2026-01-18T23:00:00,2026-02-15T23:00:00,tensorflow,1344.0,42.0
2026-02-02 16:00:00,56.0,31.92117691040039,1.0,"Divine healer's Church, Bethlehem",deep,lstm_mha,h672,2026-01-04T23:00:00,2026-01-18T23:00:00,2026-02-15T23:00:00,tensorflow,1344.0,42.0
2026-02-02 17:00:00,67.69999694824219,32.808021545410156,1.0,"Divine healer's Church, Bethlehem",deep,lstm_mha,h672,2026-01-04T23:00:00,2026-01-18T23:00:00,2026-02-15T23:00:00,tensorflow,1344.0,42.0
2026-02-02 18:00:00,57.29999923706055,33.64078903198242,1.0,"Divine healer's Church, Bethlehem",deep,lstm_mha,h672,2026-01-04T23:00:00,2026-01-18T23:00:00,2026-02-15T23:00:00,tensorflow,1344.0,42.0
2026-02-02 19:00:00,56.0,34.4526481628418,1.0,"Divine healer's Church, Bethlehem",deep,lstm_mha,h672,2026-01-04T23:00:00,2026-01-18T23:00:00,2026-02-15T23:00:00,tensorflow,1344.0,42.0
2026-02-02 20:00:00,47.29999923706055,34.44797134399414,1.0,"Divine healer's Church, Bethlehem",deep,lstm_mha,h672,2026-01-04T23:00:00,2026-01-18T23:00:00,2026-02-15T23:00:00,tensorflow,1344.0,42.0
2026-02-02 21:00:00,45.29999923706055,34.866554260253906,1.0,"Divine healer's Church, Bethlehem",deep,lstm_mha,h672,2026-01-04T23:00:00,2026-01-18T23:00:00,2026-02-15T23:00:00,tensorflow,1344.0,42.0
2026-02-02 22:00:00,45.400001525878906,35.73843765258789,1.0,"Divine healer's Church, Bethlehem",deep,lstm_mha,h672,2026-01-04T23:00:00,2026-01-18T23:00:00,2026-02-15T23:00:00,tensorflow,1344.0,42.0
2026-02-02 23:00:00,50.29999923706055,34.968204498291016,1.0,"Divine healer's Church, Bethlehem",deep,lstm_mha,h672,2026-01-04T23:00:00,2026-01-18T23:00:00,2026-02-15T23:00:00,tensorflow,1344.0,42.0
2026-02-03 00:00:00,51.599998474121094,34.74797821044922,1.0,"Divine healer's Church, Bethlehem",deep,lstm_mha,h672,2026-01-04T23:00:00,2026-01-18T23:00:00,2026-02-15T23:00:00,tensorflow,1344.0,42.0
2026-02-03 01:00:00,46.5,34.568748474121094,1.0,"Divine healer's Church, Bethlehem",deep,lstm_mha,h672,2026-01-04T23:00:00,2026-01-18T23:00:00,2026-02-15T23:00:00,tensorflow,1344.0,42.0
2026-02-03 02:00:00,42.5,34.716793060302734,1.0,"Divine healer's Church, Bethlehem",deep,lstm_mha,h672,2026-01-04T23:00:00,2026-01-18T23:00:00,2026-02-15T23:00:00,tensorflow,1344.0,42.0
2026-02-03 03:00:00,40.599998474121094,34.821903228759766,1.0,"Divine healer's Church, Bethlehem",deep,lstm_mha,h672,2026-01-04T23:00:00,2026-01-18T23:00:00,2026-02-15T23:00:00,tensorflow,1344.0,42.0
2026-02-03 04:00:00,44.29999923706055,35.06827163696289,1.0,"Divine healer's Church, Bethlehem",deep,lstm_mha,h672,2026-01-04T23:00:00,2026-01-18T23:00:00,2026-02-15T23:00:00,tensorflow,1344.0,42.0
2026-02-03 05:00:00,48.79999923706055,35.345115661621094,1.0,"Divine healer's Church, Bethlehem",deep,lstm_mha,h672,2026-01-04T23:00:00,2026-01-18T23:00:00,2026-02-15T23:00:00,tensorflow,1344.0,42.0
2026-02-03 06:00:00,46.900001525878906,35.30424499511719,1.0,"Divine healer's Church, Bethlehem",deep,lstm_mha,h672,2026-01-04T23:00:00,2026-01-18T23:00:00,2026-02-15T23:00:00,tensorflow,1344.0,42.0
2026-02-03 07:00:00,51.599998474121094,35.28286361694336,1.0,"Divine healer's Church, Bethlehem",deep,lstm_mha,h672,2026-01-04T23:00:00,2026-01-18T23:00:00,2026-02-15T23:00:00,tensorflow,1344.0,42.0
2026-02-03 08:00:00,102.30000305175781,34.62839126586914,1.0,"Divine healer's Church, Bethlehem",deep,lstm_mha,h672,2026-01-04T23:00:00,2026-01-18T23:00:00,2026-02-15T23:00:00,tensorflow,1344.0,42.0
2026-02-03 09:00:00,48.29999923706055,34.05963134765625,1.0,"Divine healer's Church, Bethlehem",deep,lstm_mha,h672,2026-01-04T23:00:00,2026-01-18T23:00:00,2026-02-15T23:00:00,tensorflow,1344.0,42.0
2026-02-03 10:00:00,45.400001525878906,33.74461364746094,1.0,"Divine healer's Church, Bethlehem",deep,lstm_mha,h672,2026-01-04T23:00:00,2026-01-18T23:00:00,2026-02-15T23:00:00,tensorflow,1344.0,42.0
2026-02-03 11:00:00,53.20000076293945,33.48200607299805,1.0,"Divine healer's Church, Bethlehem",deep,lstm_mha,h672,2026-01-04T23:00:00,2026-01-18T23:00:00,2026-02-15T23:00:00,tensorflow,1344.0,42.0
2026-02-03 12:00:00,43.900001525878906,33.41025924682617,1.0,"Divine healer's Church, Bethlehem",deep,lstm_mha,h672,2026-01-04T23:00:00,2026-01-18T23:00:00,2026-02-15T23:00:00,tensorflow,1344.0,42.0
2026-02-03 13:00:00,49.79999923706055,32.79014205932617,1.0,"Divine healer's Church, Bethlehem",deep,lstm_mha,h672,2026-01-04T23:00:00,2026-01-18T23:00:00,2026-02-15T23:00:00,tensorflow,1344.0,42.0
2026-02-03 14:00:00,38.599998474121094,32.38389587402344,1.0,"Divine healer's Church, Bethlehem",deep,lstm_mha,h672,2026-01-04T23:00:00,2026-01-18T23:00:00,2026-02-15T23:00:00,tensorflow,1344.0,42.0
2026-02-03 15:00:00,39.5,32.17061233520508,1.0,"Divine healer's Church, Bethlehem",deep,lstm_mha,h672,2026-01-04T23:00:00,2026-01-18T23:00:00,2026-02-15T23:00:00,tensorflow,1344.0,42.0
2026-02-03 16:00:00,44.0,32.69826889038086,1.0,"Divine healer's Church, Bethlehem",deep,lstm_mha,h672,2026-01-04T23:00:00,2026-01-18T23:00:00,2026-02-15T23:00:00,tensorflow,1344.0,42.0
2026-02-03 17:00:00,37.79999923706055,33.54656219482422,1.0,"Divine healer's Church, Bethlehem",deep,lstm_mha,h672,2026-01-04T23:00:00,2026-01-18T23:00:00,2026-02-15T23:00:00,tensorflow,1344.0,42.0
2026-02-03 18:00:00,48.70000076293945,34.776649475097656,1.0,"Divine healer's Church, Bethlehem",deep,lstm_mha,h672,2026-01-04T23:00:00,2026-01-18T23:00:00,2026-02-15T23:00:00,tensorflow,1344.0,42.0
2026-02-03 19:00:00,85.5,35.06849670410156,1.0,"Divine healer's Church, Bethlehem",deep,lstm_mha,h672,2026-01-04T23:00:00,2026-01-18T23:00:00,2026-02-15T23:00:00,tensorflow,1344.0,42.0
2026-02-03 20:00:00,81.4000015258789,34.90509033203125,1.0,"Divine healer's Church, Bethlehem",deep,lstm_mha,h672,2026-01-04T23:00:00,2026-01-18T23:00:00,2026-02-15T23:00:00,tensorflow,1344.0,42.0
2026-02-03 21:00:00,69.4000015258789,34.92500686645508,1.0,"Divine healer's Church, Bethlehem",deep,lstm_mha,h672,2026-01-04T23:00:00,2026-01-18T23:00:00,2026-02-15T23:00:00,tensorflow,1344.0,42.0
2026-02-03 22:00:00,49.29999923706055,34.948463439941406,1.0,"Divine healer's Church, Bethlehem",deep,lstm_mha,h672,2026-01-04T23:00:00,2026-01-18T23:00:00,2026-02-15T23:00:00,tensorflow,1344.0,42.0
2026-02-03 23:00:00,41.900001525878906,34.98525619506836,1.0,"Divine healer's Church, Bethlehem",deep,lstm_mha,h672,2026-01-04T23:00:00,2026-01-18T23:00:00,2026-02-15T23:00:00,tensorflow,1344.0,42.0
2026-02-04 00:00:00,45.70000076293945,34.84595489501953,1.0,"Divine healer's Church, Bethlehem",deep,lstm_mha,h672,2026-01-04T23:00:00,2026-01-18T23:00:00,2026-02-15T23:00:00,tensorflow,1344.0,42.0
2026-02-04 01:00:00,32.70000076293945,34.88996505737305,1.0,"Divine healer's Church, Bethlehem",deep,lstm_mha,h672,2026-01-04T23:00:00,2026-01-18T23:00:00,2026-02-15T23:00:00,tensorflow,1344.0,42.0
2026-02-04 02:00:00,33.70000076293945,34.950927734375,1.0,"Divine healer's Church, Bethlehem",deep,lstm_mha,h672,2026-01-04T23:00:00,2026-01-18T23:00:00,2026-02-15T23:00:00,tensorflow,1344.0,42.0
2026-02-04 03:00:00,40.0,35.003868103027344,1.0,"Divine healer's Church, Bethlehem",deep,lstm_mha,h672,2026-01-04T23:00:00,2026-01-18T23:00:00,2026-02-15T23:00:00,tensorflow,1344.0,42.0
2026-01-25 04:00:00,70.0999984741211,34.40659713745117,1.0,"Satet International School, Tema Manhean",deep,lstm_mha,h672,2026-01-04T23:00:00,2026-01-18T23:00:00,2026-02-15T23:00:00,tensorflow,1344.0,42.0
2026-01-25 05:00:00,71.9000015258789,35.361873626708984,1.0,"Satet International School, Tema Manhean",deep,lstm_mha,h672,2026-01-04T23:00:00,2026-01-18T23:00:00,2026-02-15T23:00:00,tensorflow,1344.0,42.0
2026-01-25 06:00:00,73.0,35.69837951660156,1.0,"Satet International School, Tema Manhean",deep,lstm_mha,h672,2026-01-04T23:00:00,2026-01-18T23:00:00,2026-02-15T23:00:00,tensorflow,1344.0,42.0
2026-01-25 07:00:00,58.0,35.22885513305664,1.0,"Satet International School, Tema Manhean",deep,lstm_mha,h672,2026-01-04T23:00:00,2026-01-18T23:00:00,2026-02-15T23:00:00,tensorflow,1344.0,42.0
2026-01-25 08:00:00,45.599998474121094,34.529144287109375,1.0,"Satet International School, Tema Manhean",deep,lstm_mha,h672,2026-01-04T23:00:00,2026-01-18T23:00:00,2026-02-15T23:00:00,tensorflow,1344.0,42.0
2026-01-25 09:00:00,45.900001525878906,32.99784851074219,1.0,"Satet International School, Tema Manhean",deep,lstm_mha,h672,2026-01-04T23:00:00,2026-01-18T23:00:00,2026-02-15T23:00:00,tensorflow,1344.0,42.0
2026-01-25 10:00:00,48.29999923706055,31.843006134033203,1.0,"Satet International School, Tema Manhean",deep,lstm_mha,h672,2026-01-04T23:00:00,2026-01-18T23:00:00,2026-02-15T23:00:00,tensorflow,1344.0,42.0
2026-01-25 11:00:00,52.29999923706055,31.179126739501953,1.0,"Satet International School, Tema Manhean",deep,lstm_mha,h672,2026-01-04T23:00:00,2026-01-18T23:00:00,2026-02-15T23:00:00,tensorflow,1344.0,42.0
2026-01-25 12:00:00,44.099998474121094,30.643760681152344,1.0,"Satet International School, Tema Manhean",deep,lstm_mha,h672,2026-01-04T23:00:00,2026-01-18T23:00:00,2026-02-15T23:00:00,tensorflow,1344.0,42.0
2026-01-25 13:00:00,41.599998474121094,30.695341110229492,1.0,"Satet International School, Tema Manhean",deep,lstm_mha,h672,2026-01-04T23:00:00,2026-01-18T23:00:00,2026-02-15T23:00:00,tensorflow,1344.0,42.0
2026-01-25 14:00:00,40.20000076293945,30.753711700439453,1.0,"Satet International School, Tema Manhean",deep,lstm_mha,h672,2026-01-04T23:00:00,2026-01-18T23:00:00,2026-02-15T23:00:00,tensorflow,1344.0,42.0
2026-01-25 15:00:00,36.400001525878906,30.669450759887695,1.0,"Satet International School, Tema Manhean",deep,lstm_mha,h672,2026-01-04T23:00:00,2026-01-18T23:00:00,2026-02-15T23:00:00,tensorflow,1344.0,42.0
2026-01-25 16:00:00,32.900001525878906,30.823522567749023,1.0,"Satet International School, Tema Manhean",deep,lstm_mha,h672,2026-01-04T23:00:00,2026-01-18T23:00:00,2026-02-15T23:00:00,tensorflow,1344.0,42.0
2026-01-25 17:00:00,35.0,31.184614181518555,1.0,"Satet International School, Tema Manhean",deep,lstm_mha,h672,2026-01-04T23:00:00,2026-01-18T23:00:00,2026-02-15T23:00:00,tensorflow,1344.0,42.0
2026-01-25 18:00:00,40.900001525878906,31.40715980529785,1.0,"Satet International School, Tema Manhean",deep,lstm_mha,h672,2026-01-04T23:00:00,2026-01-18T23:00:00,2026-02-15T23:00:00,tensorflow,1344.0,42.0
2026-01-25 19:00:00,40.79999923706055,31.44144630432129,1.0,"Satet International School, Tema Manhean",deep,lstm_mha,h672,2026-01-04T23:00:00,2026-01-18T23:00:00,2026-02-15T23:00:00,tensorflow,1344.0,42.0
2026-01-25 20:00:00,37.5,31.60960578918457,1.0,"Satet International School, Tema Manhean",deep,lstm_mha,h672,2026-01-04T23:00:00,2026-01-18T23:00:00,2026-02-15T23:00:00,tensorflow,1344.0,42.0
2026-01-25 21:00:00,51.0,31.25872802734375,1.0,"Satet International School, Tema Manhean",deep,lstm_mha,h672,2026-01-04T23:00:00,2026-01-18T23:00:00,2026-02-15T23:00:00,tensorflow,1344.0,42.0
2026-01-25 22:00:00,70.5,32.571434020996094,1.0,"Satet International School, Tema Manhean",deep,lstm_mha,h672,2026-01-04T23:00:00,2026-01-18T23:00:00,2026-02-15T23:00:00,tensorflow,1344.0,42.0
2026-01-25 23:00:00,71.30000305175781,32.4124870300293,1.0,"Satet International School, Tema Manhean",deep,lstm_mha,h672,2026-01-04T23:00:00,2026-01-18T23:00:00,2026-02-15T23:00:00,tensorflow,1344.0,42.0
2026-01-26 00:00:00,47.79999923706055,31.679447174072266,1.0,"Satet International School, Tema Manhean",deep,lstm_mha,h672,2026-01-04T23:00:00,2026-01-18T23:00:00,2026-02-15T23:00:00,tensorflow,1344.0,42.0
2026-01-26 01:00:00,48.599998474121094,32.922706604003906,1.0,"Satet International School, Tema Manhean",deep,lstm_mha,h672,2026-01-04T23:00:00,2026-01-18T23:00:00,2026-02-15T23:00:00,tensorflow,1344.0,42.0
2026-01-26 02:00:00,68.69999694824219,33.45155334472656,1.0,"Satet International School, Tema Manhean",deep,lstm_mha,h672,2026-01-04T23:00:00,2026-01-18T23:00:00,2026-02-15T23:00:00,tensorflow,1344.0,42.0
2026-01-26 03:00:00,140.8000030517578,34.46404266357422,1.0,"Satet International School, Tema Manhean",deep,lstm_mha,h672,2026-01-04T23:00:00,2026-01-18T23:00:00,2026-02-15T23:00:00,tensorflow,1344.0,42.0
2026-01-26 04:00:00,210.0,35.37098693847656,1.0,"Satet International School, Tema Manhean",deep,lstm_mha,h672,2026-01-04T23:00:00,2026-01-18T23:00:00,2026-02-15T23:00:00,tensorflow,1344.0,42.0
2026-01-26 05:00:00,100.9000015258789,35.57188034057617,1.0,"Satet International School, Tema Manhean",deep,lstm_mha,h672,2026-01-04T23:00:00,2026-01-18T23:00:00,2026-02-15T23:00:00,tensorflow,1344.0,42.0
2026-01-26 06:00:00,132.89999389648438,35.406864166259766,1.0,"Satet International School, Tema Manhean",deep,lstm_mha,h672,2026-01-04T23:00:00,2026-01-18T23:00:00,2026-02-15T23:00:00,tensorflow,1344.0,42.0
2026-01-26 07:00:00,62.5,34.965087890625,1.0,"Satet International School, Tema Manhean",deep,lstm_mha,h672,2026-01-04T23:00:00,2026-01-18T23:00:00,2026-02-15T23:00:00,tensorflow,1344.0,42.0
2026-01-26 08:00:00,52.0,34.384559631347656,1.0,"Satet International School, Tema Manhean",deep,lstm_mha,h672,2026-01-04T23:00:00,2026-01-18T23:00:00,2026-02-15T23:00:00,tensorflow,1344.0,42.0
2026-01-26 09:00:00,44.099998474121094,32.91794967651367,1.0,"Satet International School, Tema Manhean",deep,lstm_mha,h672,2026-01-04T23:00:00,2026-01-18T23:00:00,2026-02-15T23:00:00,tensorflow,1344.0,42.0
2026-01-26 10:00:00,44.400001525878906,32.16767501831055,1.0,"Satet International School, Tema Manhean",deep,lstm_mha,h672,2026-01-04T23:00:00,2026-01-18T23:00:00,2026-02-15T23:00:00,tensorflow,1344.0,42.0
2026-01-26 11:00:00,47.70000076293945,31.483917236328125,1.0,"Satet International School, Tema Manhean",deep,lstm_mha,h672,2026-01-04T23:00:00,2026-01-18T23:00:00,2026-02-15T23:00:00,tensorflow,1344.0,42.0
2026-01-26 12:00:00,40.099998474121094,31.050146102905273,1.0,"Satet International School, Tema Manhean",deep,lstm_mha,h672,2026-01-04T23:00:00,2026-01-18T23:00:00,2026-02-15T23:00:00,tensorflow,1344.0,42.0
2026-01-26 13:00:00,37.29999923706055,31.165681838989258,1.0,"Satet International School, Tema Manhean",deep,lstm_mha,h672,2026-01-04T23:00:00,2026-01-18T23:00:00,2026-02-15T23:00:00,tensorflow,1344.0,42.0
2026-01-26 14:00:00,36.20000076293945,30.99152946472168,1.0,"Satet International School, Tema Manhean",deep,lstm_mha,h672,2026-01-04T23:00:00,2026-01-18T23:00:00,2026-02-15T23:00:00,tensorflow,1344.0,42.0
2026-01-26 15:00:00,34.79999923706055,30.806358337402344,1.0,"Satet International School, Tema Manhean",deep,lstm_mha,h672,2026-01-04T23:00:00,2026-01-18T23:00:00,2026-02-15T23:00:00,tensorflow,1344.0,42.0
2026-01-26 16:00:00,37.099998474121094,30.992387771606445,1.0,"Satet International School, Tema Manhean",deep,lstm_mha,h672,2026-01-04T23:00:00,2026-01-18T23:00:00,2026-02-15T23:00:00,tensorflow,1344.0,42.0
2026-01-26 17:00:00,40.400001525878906,31.310108184814453,1.0,"Satet International School, Tema Manhean",deep,lstm_mha,h672,2026-01-04T23:00:00,2026-01-18T23:00:00,2026-02-15T23:00:00,tensorflow,1344.0,42.0
2026-01-26 18:00:00,55.79999923706055,31.773693084716797,1.0,"Satet International School, Tema Manhean",deep,lstm_mha,h672,2026-01-04T23:00:00,2026-01-18T23:00:00,2026-02-15T23:00:00,tensorflow,1344.0,42.0
2026-01-26 19:00:00,55.599998474121094,31.206010818481445,1.0,"Satet International School, Tema Manhean",deep,lstm_mha,h672,2026-01-04T23:00:00,2026-01-18T23:00:00,2026-02-15T23:00:00,tensorflow,1344.0,42.0
2026-01-26 20:00:00,41.29999923706055,31.344579696655273,1.0,"Satet International School, Tema Manhean",deep,lstm_mha,h672,2026-01-04T23:00:00,2026-01-18T23:00:00,2026-02-15T23:00:00,tensorflow,1344.0,42.0
2026-01-26 21:00:00,45.79999923706055,32.74774932861328,1.0,"Satet International School, Tema Manhean",deep,lstm_mha,h672,2026-01-04T23:00:00,2026-01-18T23:00:00,2026-02-15T23:00:00,tensorflow,1344.0,42.0
2026-01-26 22:00:00,59.29999923706055,32.79428482055664,1.0,"Satet International School, Tema Manhean",deep,lstm_mha,h672,2026-01-04T23:00:00,2026-01-18T23:00:00,2026-02-15T23:00:00,tensorflow,1344.0,42.0
2026-01-26 23:00:00,43.5,32.764015197753906,1.0,"Satet International School, Tema Manhean",deep,lstm_mha,h672,2026-01-04T23:00:00,2026-01-18T23:00:00,2026-02-15T23:00:00,tensorflow,1344.0,42.0
2026-01-27 00:00:00,45.0,32.65383529663086,1.0,"Satet International School, Tema Manhean",deep,lstm_mha,h672,2026-01-04T23:00:00,2026-01-18T23:00:00,2026-02-15T23:00:00,tensorflow,1344.0,42.0
2026-01-27 01:00:00,52.900001525878906,32.956207275390625,1.0,"Satet International School, Tema Manhean",deep,lstm_mha,h672,2026-01-04T23:00:00,2026-01-18T23:00:00,2026-02-15T23:00:00,tensorflow,1344.0,42.0
2026-01-27 02:00:00,87.19999694824219,33.19889831542969,1.0,"Satet International School, Tema Manhean",deep,lstm_mha,h672,2026-01-04T23:00:00,2026-01-18T23:00:00,2026-02-15T23:00:00,tensorflow,1344.0,42.0
2026-01-27 03:00:00,67.80000305175781,33.331687927246094,1.0,"Satet International School, Tema Manhean",deep,lstm_mha,h672,2026-01-04T23:00:00,2026-01-18T23:00:00,2026-02-15T23:00:00,tensorflow,1344.0,42.0
2026-01-27 04:00:00,71.19999694824219,34.31556701660156,1.0,"Satet International School, Tema Manhean",deep,lstm_mha,h672,2026-01-04T23:00:00,2026-01-18T23:00:00,2026-02-15T23:00:00,tensorflow,1344.0,42.0
2026-01-27 05:00:00,124.5999984741211,34.69334030151367,1.0,"Satet International School, Tema Manhean",deep,lstm_mha,h672,2026-01-04T23:00:00,2026-01-18T23:00:00,2026-02-15T23:00:00,tensorflow,1344.0,42.0
2026-01-27 06:00:00,112.5999984741211,34.6544303894043,1.0,"Satet International School, Tema Manhean",deep,lstm_mha,h672,2026-01-04T23:00:00,2026-01-18T23:00:00,2026-02-15T23:00:00,tensorflow,1344.0,42.0
2026-01-27 07:00:00,76.5999984741211,33.98110580444336,1.0,"Satet International School, Tema Manhean",deep,lstm_mha,h672,2026-01-04T23:00:00,2026-01-18T23:00:00,2026-02-15T23:00:00,tensorflow,1344.0,42.0
2026-01-27 08:00:00,57.20000076293945,33.12860870361328,1.0,"Satet International School, Tema Manhean",deep,lstm_mha,h672,2026-01-04T23:00:00,2026-01-18T23:00:00,2026-02-15T23:00:00,tensorflow,1344.0,42.0
2026-01-27 09:00:00,46.400001525878906,32.08620071411133,1.0,"Satet International School, Tema Manhean",deep,lstm_mha,h672,2026-01-04T23:00:00,2026-01-18T23:00:00,2026-02-15T23:00:00,tensorflow,1344.0,42.0
2026-01-27 10:00:00,47.79999923706055,31.82704734802246,1.0,"Satet International School, Tema Manhean",deep,lstm_mha,h672,2026-01-04T23:00:00,2026-01-18T23:00:00,2026-02-15T23:00:00,tensorflow,1344.0,42.0
2026-01-27 11:00:00,51.400001525878906,31.084335327148438,1.0,"Satet International School, Tema Manhean",deep,lstm_mha,h672,2026-01-04T23:00:00,2026-01-18T23:00:00,2026-02-15T23:00:00,tensorflow,1344.0,42.0
2026-01-27 12:00:00,50.099998474121094,30.644424438476562,1.0,"Satet International School, Tema Manhean",deep,lstm_mha,h672,2026-01-04T23:00:00,2026-01-18T23:00:00,2026-02-15T23:00:00,tensorflow,1344.0,42.0
2026-01-27 13:00:00,43.5,30.73506736755371,1.0,"Satet International School, Tema Manhean",deep,lstm_mha,h672,2026-01-04T23:00:00,2026-01-18T23:00:00,2026-02-15T23:00:00,tensorflow,1344.0,42.0
2026-01-27 14:00:00,44.29999923706055,30.522539138793945,1.0,"Satet International School, Tema Manhean",deep,lstm_mha,h672,2026-01-04T23:00:00,2026-01-18T23:00:00,2026-02-15T23:00:00,tensorflow,1344.0,42.0
2026-01-27 15:00:00,42.29999923706055,30.61612319946289,1.0,"Satet International School, Tema Manhean",deep,lstm_mha,h672,2026-01-04T23:00:00,2026-01-18T23:00:00,2026-02-15T23:00:00,tensorflow,1344.0,42.0
2026-01-27 16:00:00,39.099998474121094,30.79421043395996,1.0,"Satet International School, Tema Manhean",deep,lstm_mha,h672,2026-01-04T23:00:00,2026-01-18T23:00:00,2026-02-15T23:00:00,tensorflow,1344.0,42.0
2026-01-27 17:00:00,40.599998474121094,31.10457420349121,1.0,"Satet International School, Tema Manhean",deep,lstm_mha,h672,2026-01-04T23:00:00,2026-01-18T23:00:00,2026-02-15T23:00:00,tensorflow,1344.0,42.0
2026-01-27 18:00:00,43.20000076293945,31.858198165893555,1.0,"Satet International School, Tema Manhean",deep,lstm_mha,h672,2026-01-04T23:00:00,2026-01-18T23:00:00,2026-02-15T23:00:00,tensorflow,1344.0,42.0
2026-01-27 19:00:00,45.29999923706055,32.04656219482422,1.0,"Satet International School, Tema Manhean",deep,lstm_mha,h672,2026-01-04T23:00:00,2026-01-18T23:00:00,2026-02-15T23:00:00,tensorflow,1344.0,42.0
2026-01-27 20:00:00,42.70000076293945,31.88100242614746,1.0,"Satet International School, Tema Manhean",deep,lstm_mha,h672,2026-01-04T23:00:00,2026-01-18T23:00:00,2026-02-15T23:00:00,tensorflow,1344.0,42.0
2026-01-27 21:00:00,73.69999694824219,32.11711120605469,1.0,"Satet International School, Tema Manhean",deep,lstm_mha,h672,2026-01-04T23:00:00,2026-01-18T23:00:00,2026-02-15T23:00:00,tensorflow,1344.0,42.0
2026-01-27 22:00:00,51.0,33.53253936767578,1.0,"Satet International School, Tema Manhean",deep,lstm_mha,h672,2026-01-04T23:00:00,2026-01-18T23:00:00,2026-02-15T23:00:00,tensorflow,1344.0,42.0
2026-01-27 23:00:00,56.29999923706055,33.82643127441406,1.0,"Satet International School, Tema Manhean",deep,lstm_mha,h672,2026-01-04T23:00:00,2026-01-18T23:00:00,2026-02-15T23:00:00,tensorflow,1344.0,42.0
2026-01-28 00:00:00,46.400001525878906,34.24056625366211,1.0,"Satet International School, Tema Manhean",deep,lstm_mha,h672,2026-01-04T23:00:00,2026-01-18T23:00:00,2026-02-15T23:00:00,tensorflow,1344.0,42.0
2026-01-28 01:00:00,44.20000076293945,33.404151916503906,1.0,"Satet International School, Tema Manhean",deep,lstm_mha,h672,2026-01-04T23:00:00,2026-01-18T23:00:00,2026-02-15T23:00:00,tensorflow,1344.0,42.0
2026-01-28 02:00:00,48.79999923706055,34.379356384277344,1.0,"Satet International School, Tema Manhean",deep,lstm_mha,h672,2026-01-04T23:00:00,2026-01-18T23:00:00,2026-02-15T23:00:00,tensorflow,1344.0,42.0
2026-01-28 03:00:00,48.0,35.30879211425781,1.0,"Satet International School, Tema Manhean",deep,lstm_mha,h672,2026-01-04T23:00:00,2026-01-18T23:00:00,2026-02-15T23:00:00,tensorflow,1344.0,42.0
2026-01-28 04:00:00,50.400001525878906,35.731727600097656,1.0,"Satet International School, Tema Manhean",deep,lstm_mha,h672,2026-01-04T23:00:00,2026-01-18T23:00:00,2026-02-15T23:00:00,tensorflow,1344.0,42.0
2026-01-28 05:00:00,67.5,35.67533493041992,1.0,"Satet International School, Tema Manhean",deep,lstm_mha,h672,2026-01-04T23:00:00,2026-01-18T23:00:00,2026-02-15T23:00:00,tensorflow,1344.0,42.0
2026-01-28 06:00:00,79.30000305175781,35.682594299316406,1.0,"Satet International School, Tema Manhean",deep,lstm_mha,h672,2026-01-04T23:00:00,2026-01-18T23:00:00,2026-02-15T23:00:00,tensorflow,1344.0,42.0
2026-01-28 07:00:00,60.20000076293945,35.16622543334961,1.0,"Satet International School, Tema Manhean",deep,lstm_mha,h672,2026-01-04T23:00:00,2026-01-18T23:00:00,2026-02-15T23:00:00,tensorflow,1344.0,42.0
2026-01-28 08:00:00,60.29999923706055,34.34194564819336,1.0,"Satet International School, Tema Manhean",deep,lstm_mha,h672,2026-01-04T23:00:00,2026-01-18T23:00:00,2026-02-15T23:00:00,tensorflow,1344.0,42.0
2026-01-28 09:00:00,58.70000076293945,32.91676712036133,1.0,"Satet International School, Tema Manhean",deep,lstm_mha,h672,2026-01-04T23:00:00,2026-01-18T23:00:00,2026-02-15T23:00:00,tensorflow,1344.0,42.0
2026-01-28 10:00:00,50.70000076293945,31.88214874267578,1.0,"Satet International School, Tema Manhean",deep,lstm_mha,h672,2026-01-04T23:00:00,2026-01-18T23:00:00,2026-02-15T23:00:00,tensorflow,1344.0,42.0
2026-01-28 11:00:00,60.20000076293945,31.35602569580078,1.0,"Satet International School, Tema Manhean",deep,lstm_mha,h672,2026-01-04T23:00:00,2026-01-18T23:00:00,2026-02-15T23:00:00,tensorflow,1344.0,42.0
2026-01-28 12:00:00,59.0,30.9567928314209,1.0,"Satet International School, Tema Manhean",deep,lstm_mha,h672,2026-01-04T23:00:00,2026-01-18T23:00:00,2026-02-15T23:00:00,tensorflow,1344.0,42.0
2026-01-28 13:00:00,52.70000076293945,30.88917350769043,1.0,"Satet International School, Tema Manhean",deep,lstm_mha,h672,2026-01-04T23:00:00,2026-01-18T23:00:00,2026-02-15T23:00:00,tensorflow,1344.0,42.0
2026-01-28 14:00:00,49.70000076293945,30.7696590423584,1.0,"Satet International School, Tema Manhean",deep,lstm_mha,h672,2026-01-04T23:00:00,2026-01-18T23:00:00,2026-02-15T23:00:00,tensorflow,1344.0,42.0
2026-01-28 15:00:00,43.599998474121094,30.705598831176758,1.0,"Satet International School, Tema Manhean",deep,lstm_mha,h672,2026-01-04T23:00:00,2026-01-18T23:00:00,2026-02-15T23:00:00,tensorflow,1344.0,42.0
2026-01-28 16:00:00,44.400001525878906,31.00693702697754,1.0,"Satet International School, Tema Manhean",deep,lstm_mha,h672,2026-01-04T23:00:00,2026-01-18T23:00:00,2026-02-15T23:00:00,tensorflow,1344.0,42.0
2026-01-28 17:00:00,46.099998474121094,31.069782257080078,1.0,"Satet International School, Tema Manhean",deep,lstm_mha,h672,2026-01-04T23:00:00,2026-01-18T23:00:00,2026-02-15T23:00:00,tensorflow,1344.0,42.0
2026-01-28 18:00:00,60.79999923706055,31.28500747680664,1.0,"Satet International School, Tema Manhean",deep,lstm_mha,h672,2026-01-04T23:00:00,2026-01-18T23:00:00,2026-02-15T23:00:00,tensorflow,1344.0,42.0
2026-01-28 19:00:00,49.79999923706055,31.57831573486328,1.0,"Satet International School, Tema Manhean",deep,lstm_mha,h672,2026-01-04T23:00:00,2026-01-18T23:00:00,2026-02-15T23:00:00,tensorflow,1344.0,42.0
2026-01-28 20:00:00,47.099998474121094,31.98431968688965,1.0,"Satet International School, Tema Manhean",deep,lstm_mha,h672,2026-01-04T23:00:00,2026-01-18T23:00:00,2026-02-15T23:00:00,tensorflow,1344.0,42.0
2026-01-28 21:00:00,73.80000305175781,31.92432403564453,1.0,"Satet International School, Tema Manhean",deep,lstm_mha,h672,2026-01-04T23:00:00,2026-01-18T23:00:00,2026-02-15T23:00:00,tensorflow,1344.0,42.0
2026-01-28 22:00:00,73.19999694824219,31.39927101135254,1.0,"Satet International School, Tema Manhean",deep,lstm_mha,h672,2026-01-04T23:00:00,2026-01-18T23:00:00,2026-02-15T23:00:00,tensorflow,1344.0,42.0
2026-01-28 23:00:00,51.29999923706055,32.246341705322266,1.0,"Satet International School, Tema Manhean",deep,lstm_mha,h672,2026-01-04T23:00:00,2026-01-18T23:00:00,2026-02-15T23:00:00,tensorflow,1344.0,42.0
2026-01-29 00:00:00,50.29999923706055,33.9958381652832,1.0,"Satet International School, Tema Manhean",deep,lstm_mha,h672,2026-01-04T23:00:00,2026-01-18T23:00:00,2026-02-15T23:00:00,tensorflow,1344.0,42.0
2026-01-29 01:00:00,59.0,34.6366081237793,1.0,"Satet International School, Tema Manhean",deep,lstm_mha,h672,2026-01-04T23:00:00,2026-01-18T23:00:00,2026-02-15T23:00:00,tensorflow,1344.0,42.0
2026-01-29 02:00:00,64.80000305175781,35.11021041870117,1.0,"Satet International School, Tema Manhean",deep,lstm_mha,h672,2026-01-04T23:00:00,2026-01-18T23:00:00,2026-02-15T23:00:00,tensorflow,1344.0,42.0
2026-01-29 03:00:00,57.400001525878906,35.492496490478516,1.0,"Satet International School, Tema Manhean",deep,lstm_mha,h672,2026-01-04T23:00:00,2026-01-18T23:00:00,2026-02-15T23:00:00,tensorflow,1344.0,42.0
2026-01-29 04:00:00,65.30000305175781,35.446475982666016,1.0,"Satet International School, Tema Manhean",deep,lstm_mha,h672,2026-01-04T23:00:00,2026-01-18T23:00:00,2026-02-15T23:00:00,tensorflow,1344.0,42.0
2026-01-29 05:00:00,64.4000015258789,35.26255798339844,1.0,"Satet International School, Tema Manhean",deep,lstm_mha,h672,2026-01-04T23:00:00,2026-01-18T23:00:00,2026-02-15T23:00:00,tensorflow,1344.0,42.0
2026-01-29 06:00:00,65.80000305175781,34.57623291015625,1.0,"Satet International School, Tema Manhean",deep,lstm_mha,h672,2026-01-04T23:00:00,2026-01-18T23:00:00,2026-02-15T23:00:00,tensorflow,1344.0,42.0
2026-01-29 07:00:00,72.4000015258789,34.298885345458984,1.0,"Satet International School, Tema Manhean",deep,lstm_mha,h672,2026-01-04T23:00:00,2026-01-18T23:00:00,2026-02-15T23:00:00,tensorflow,1344.0,42.0
2026-01-29 08:00:00,57.099998474121094,33.83016586303711,1.0,"Satet International School, Tema Manhean",deep,lstm_mha,h672,2026-01-04T23:00:00,2026-01-18T23:00:00,2026-02-15T23:00:00,tensorflow,1344.0,42.0
2026-01-29 09:00:00,55.599998474121094,33.098453521728516,1.0,"Satet International School, Tema Manhean",deep,lstm_mha,h672,2026-01-04T23:00:00,2026-01-18T23:00:00,2026-02-15T23:00:00,tensorflow,1344.0,42.0
2026-01-29 10:00:00,61.29999923706055,33.963348388671875,1.0,"Satet International School, Tema Manhean",deep,lstm_mha,h672,2026-01-04T23:00:00,2026-01-18T23:00:00,2026-02-15T23:00:00,tensorflow,1344.0,42.0
2026-01-29 11:00:00,58.0,33.39896774291992,1.0,"Satet International School, Tema Manhean",deep,lstm_mha,h672,2026-01-04T23:00:00,2026-01-18T23:00:00,2026-02-15T23:00:00,tensorflow,1344.0,42.0
2026-01-29 12:00:00,61.20000076293945,32.509559631347656,1.0,"Satet International School, Tema Manhean",deep,lstm_mha,h672,2026-01-04T23:00:00,2026-01-18T23:00:00,2026-02-15T23:00:00,tensorflow,1344.0,42.0
2026-01-29 13:00:00,46.099998474121094,31.402267456054688,1.0,"Satet International School, Tema Manhean",deep,lstm_mha,h672,2026-01-04T23:00:00,2026-01-18T23:00:00,2026-02-15T23:00:00,tensorflow,1344.0,42.0
2026-01-29 14:00:00,46.0,30.98859405517578,1.0,"Satet International School, Tema Manhean",deep,lstm_mha,h672,2026-01-04T23:00:00,2026-01-18T23:00:00,2026-02-15T23:00:00,tensorflow,1344.0,42.0
2026-01-29 15:00:00,45.900001525878906,31.12318229675293,1.0,"Satet International School, Tema Manhean",deep,lstm_mha,h672,2026-01-04T23:00:00,2026-01-18T23:00:00,2026-02-15T23:00:00,tensorflow,1344.0,42.0
2026-01-29 16:00:00,44.79999923706055,31.433561325073242,1.0,"Satet International School, Tema Manhean",deep,lstm_mha,h672,2026-01-04T23:00:00,2026-01-18T23:00:00,2026-02-15T23:00:00,tensorflow,1344.0,42.0
2026-01-29 17:00:00,44.5,32.166595458984375,1.0,"Satet International School, Tema Manhean",deep,lstm_mha,h672,2026-01-04T23:00:00,2026-01-18T23:00:00,2026-02-15T23:00:00,tensorflow,1344.0,42.0
2026-01-29 18:00:00,46.79999923706055,32.37125015258789,1.0,"Satet International School, Tema Manhean",deep,lstm_mha,h672,2026-01-04T23:00:00,2026-01-18T23:00:00,2026-02-15T23:00:00,tensorflow,1344.0,42.0
2026-01-29 19:00:00,45.0,32.35711669921875,1.0,"Satet International School, Tema Manhean",deep,lstm_mha,h672,2026-01-04T23:00:00,2026-01-18T23:00:00,2026-02-15T23:00:00,tensorflow,1344.0,42.0
2026-01-29 20:00:00,43.29999923706055,33.02546310424805,1.0,"Satet International School, Tema Manhean",deep,lstm_mha,h672,2026-01-04T23:00:00,2026-01-18T23:00:00,2026-02-15T23:00:00,tensorflow,1344.0,42.0
2026-01-29 21:00:00,43.0,32.83799362182617,1.0,"Satet International School, Tema Manhean",deep,lstm_mha,h672,2026-01-04T23:00:00,2026-01-18T23:00:00,2026-02-15T23:00:00,tensorflow,1344.0,42.0
2026-01-29 22:00:00,42.70000076293945,32.79426574707031,1.0,"Satet International School, Tema Manhean",deep,lstm_mha,h672,2026-01-04T23:00:00,2026-01-18T23:00:00,2026-02-15T23:00:00,tensorflow,1344.0,42.0
2026-01-29 23:00:00,43.70000076293945,33.26267623901367,1.0,"Satet International School, Tema Manhean",deep,lstm_mha,h672,2026-01-04T23:00:00,2026-01-18T23:00:00,2026-02-15T23:00:00,tensorflow,1344.0,42.0
2026-01-30 00:00:00,41.70000076293945,34.00307846069336,1.0,"Satet International School, Tema Manhean",deep,lstm_mha,h672,2026-01-04T23:00:00,2026-01-18T23:00:00,2026-02-15T23:00:00,tensorflow,1344.0,42.0
2026-01-30 01:00:00,41.900001525878906,34.144046783447266,1.0,"Satet International School, Tema Manhean",deep,lstm_mha,h672,2026-01-04T23:00:00,2026-01-18T23:00:00,2026-02-15T23:00:00,tensorflow,1344.0,42.0
2026-01-30 02:00:00,41.79999923706055,34.2289924621582,1.0,"Satet International School, Tema Manhean",deep,lstm_mha,h672,2026-01-04T23:00:00,2026-01-18T23:00:00,2026-02-15T23:00:00,tensorflow,1344.0,42.0
2026-01-30 03:00:00,44.0,34.048213958740234,1.0,"Satet International School, Tema Manhean",deep,lstm_mha,h672,2026-01-04T23:00:00,2026-01-18T23:00:00,2026-02-15T23:00:00,tensorflow,1344.0,42.0
2026-01-30 04:00:00,50.29999923706055,34.5572395324707,1.0,"Satet International School, Tema Manhean",deep,lstm_mha,h672,2026-01-04T23:00:00,2026-01-18T23:00:00,2026-02-15T23:00:00,tensorflow,1344.0,42.0
2026-01-30 05:00:00,56.5,34.97785949707031,1.0,"Satet International School, Tema Manhean",deep,lstm_mha,h672,2026-01-04T23:00:00,2026-01-18T23:00:00,2026-02-15T23:00:00,tensorflow,1344.0,42.0
2026-01-30 06:00:00,79.80000305175781,34.383296966552734,1.0,"Satet International School, Tema Manhean",deep,lstm_mha,h672,2026-01-04T23:00:00,2026-01-18T23:00:00,2026-02-15T23:00:00,tensorflow,1344.0,42.0
2026-01-30 07:00:00,79.69999694824219,33.57038879394531,1.0,"Satet International School, Tema Manhean",deep,lstm_mha,h672,2026-01-04T23:00:00,2026-01-18T23:00:00,2026-02-15T23:00:00,tensorflow,1344.0,42.0
2026-01-30 08:00:00,52.099998474121094,33.34577941894531,1.0,"Satet International School, Tema Manhean",deep,lstm_mha,h672,2026-01-04T23:00:00,2026-01-18T23:00:00,2026-02-15T23:00:00,tensorflow,1344.0,42.0
2026-01-30 09:00:00,46.599998474121094,32.73202133178711,1.0,"Satet International School, Tema Manhean",deep,lstm_mha,h672,2026-01-04T23:00:00,2026-01-18T23:00:00,2026-02-15T23:00:00,tensorflow,1344.0,42.0
2026-01-30 10:00:00,44.400001525878906,31.245922088623047,1.0,"Satet International School, Tema Manhean",deep,lstm_mha,h672,2026-01-04T23:00:00,2026-01-18T23:00:00,2026-02-15T23:00:00,tensorflow,1344.0,42.0
2026-01-30 11:00:00,45.099998474121094,30.56949806213379,1.0,"Satet International School, Tema Manhean",deep,lstm_mha,h672,2026-01-04T23:00:00,2026-01-18T23:00:00,2026-02-15T23:00:00,tensorflow,1344.0,42.0
2026-01-30 12:00:00,47.0,30.445819854736328,1.0,"Satet International School, Tema Manhean",deep,lstm_mha,h672,2026-01-04T23:00:00,2026-01-18T23:00:00,2026-02-15T23:00:00,tensorflow,1344.0,42.0
2026-01-30 13:00:00,44.20000076293945,30.29155731201172,1.0,"Satet International School, Tema Manhean",deep,lstm_mha,h672,2026-01-04T23:00:00,2026-01-18T23:00:00,2026-02-15T23:00:00,tensorflow,1344.0,42.0
2026-01-30 14:00:00,40.29999923706055,30.094432830810547,1.0,"Satet International School, Tema Manhean",deep,lstm_mha,h672,2026-01-04T23:00:00,2026-01-18T23:00:00,2026-02-15T23:00:00,tensorflow,1344.0,42.0
2026-01-30 15:00:00,39.79999923706055,30.160110473632812,1.0,"Satet International School, Tema Manhean",deep,lstm_mha,h672,2026-01-04T23:00:00,2026-01-18T23:00:00,2026-02-15T23:00:00,tensorflow,1344.0,42.0
2026-01-30 16:00:00,40.099998474121094,31.079023361206055,1.0,"Satet International School, Tema Manhean",deep,lstm_mha,h672,2026-01-04T23:00:00,2026-01-18T23:00:00,2026-02-15T23:00:00,tensorflow,1344.0,42.0
2026-01-30 17:00:00,42.79999923706055,31.33331871032715,1.0,"Satet International School, Tema Manhean",deep,lstm_mha,h672,2026-01-04T23:00:00,2026-01-18T23:00:00,2026-02-15T23:00:00,tensorflow,1344.0,42.0
2026-01-30 18:00:00,47.29999923706055,31.352754592895508,1.0,"Satet International School, Tema Manhean",deep,lstm_mha,h672,2026-01-04T23:00:00,2026-01-18T23:00:00,2026-02-15T23:00:00,tensorflow,1344.0,42.0
2026-01-30 19:00:00,46.599998474121094,30.884220123291016,1.0,"Satet International School, Tema Manhean",deep,lstm_mha,h672,2026-01-04T23:00:00,2026-01-18T23:00:00,2026-02-15T23:00:00,tensorflow,1344.0,42.0
2026-01-30 20:00:00,43.79999923706055,31.231428146362305,1.0,"Satet International School, Tema Manhean",deep,lstm_mha,h672,2026-01-04T23:00:00,2026-01-18T23:00:00,2026-02-15T23:00:00,tensorflow,1344.0,42.0
2026-01-30 21:00:00,41.599998474121094,31.001955032348633,1.0,"Satet International School, Tema Manhean",deep,lstm_mha,h672,2026-01-04T23:00:00,2026-01-18T23:00:00,2026-02-15T23:00:00,tensorflow,1344.0,42.0
2026-01-30 22:00:00,45.599998474121094,31.219139099121094,1.0,"Satet International School, Tema Manhean",deep,lstm_mha,h672,2026-01-04T23:00:00,2026-01-18T23:00:00,2026-02-15T23:00:00,tensorflow,1344.0,42.0
2026-01-30 23:00:00,43.70000076293945,31.296459197998047,1.0,"Satet International School, Tema Manhean",deep,lstm_mha,h672,2026-01-04T23:00:00,2026-01-18T23:00:00,2026-02-15T23:00:00,tensorflow,1344.0,42.0
2026-01-31 00:00:00,45.20000076293945,31.15119743347168,1.0,"Satet International School, Tema Manhean",deep,lstm_mha,h672,2026-01-04T23:00:00,2026-01-18T23:00:00,2026-02-15T23:00:00,tensorflow,1344.0,42.0
2026-01-31 01:00:00,47.29999923706055,31.465970993041992,1.0,"Satet International School, Tema Manhean",deep,lstm_mha,h672,2026-01-04T23:00:00,2026-01-18T23:00:00,2026-02-15T23:00:00,tensorflow,1344.0,42.0
2026-01-31 02:00:00,46.70000076293945,32.85200500488281,1.0,"Satet International School, Tema Manhean",deep,lstm_mha,h672,2026-01-04T23:00:00,2026-01-18T23:00:00,2026-02-15T23:00:00,tensorflow,1344.0,42.0
2026-01-31 03:00:00,43.099998474121094,33.886356353759766,1.0,"Satet International School, Tema Manhean",deep,lstm_mha,h672,2026-01-04T23:00:00,2026-01-18T23:00:00,2026-02-15T23:00:00,tensorflow,1344.0,42.0
2026-01-31 04:00:00,45.29999923706055,34.30975341796875,1.0,"Satet International School, Tema Manhean",deep,lstm_mha,h672,2026-01-04T23:00:00,2026-01-18T23:00:00,2026-02-15T23:00:00,tensorflow,1344.0,42.0
2026-01-31 05:00:00,64.30000305175781,34.68833541870117,1.0,"Satet International School, Tema Manhean",deep,lstm_mha,h672,2026-01-04T23:00:00,2026-01-18T23:00:00,2026-02-15T23:00:00,tensorflow,1344.0,42.0
2026-01-31 06:00:00,57.5,34.70707702636719,1.0,"Satet International School, Tema Manhean",deep,lstm_mha,h672,2026-01-04T23:00:00,2026-01-18T23:00:00,2026-02-15T23:00:00,tensorflow,1344.0,42.0
2026-01-31 07:00:00,78.4000015258789,34.461483001708984,1.0,"Satet International School, Tema Manhean",deep,lstm_mha,h672,2026-01-04T23:00:00,2026-01-18T23:00:00,2026-02-15T23:00:00,tensorflow,1344.0,42.0
2026-01-31 08:00:00,51.20000076293945,33.55767059326172,1.0,"Satet International School, Tema Manhean",deep,lstm_mha,h672,2026-01-04T23:00:00,2026-01-18T23:00:00,2026-02-15T23:00:00,tensorflow,1344.0,42.0
2026-01-31 09:00:00,47.099998474121094,31.85808563232422,1.0,"Satet International School, Tema Manhean",deep,lstm_mha,h672,2026-01-04T23:00:00,2026-01-18T23:00:00,2026-02-15T23:00:00,tensorflow,1344.0,42.0
2026-01-31 10:00:00,46.599998474121094,31.545272827148438,1.0,"Satet International School, Tema Manhean",deep,lstm_mha,h672,2026-01-04T23:00:00,2026-01-18T23:00:00,2026-02-15T23:00:00,tensorflow,1344.0,42.0
2026-01-31 11:00:00,40.599998474121094,31.333358764648438,1.0,"Satet International School, Tema Manhean",deep,lstm_mha,h672,2026-01-04T23:00:00,2026-01-18T23:00:00,2026-02-15T23:00:00,tensorflow,1344.0,42.0
2026-01-31 12:00:00,38.29999923706055,30.790468215942383,1.0,"Satet International School, Tema Manhean",deep,lstm_mha,h672,2026-01-04T23:00:00,2026-01-18T23:00:00,2026-02-15T23:00:00,tensorflow,1344.0,42.0
2026-01-31 13:00:00,39.29999923706055,30.270280838012695,1.0,"Satet International School, Tema Manhean",deep,lstm_mha,h672,2026-01-04T23:00:00,2026-01-18T23:00:00,2026-02-15T23:00:00,tensorflow,1344.0,42.0
2026-01-31 14:00:00,37.5,29.925535202026367,1.0,"Satet International School, Tema Manhean",deep,lstm_mha,h672,2026-01-04T23:00:00,2026-01-18T23:00:00,2026-02-15T23:00:00,tensorflow,1344.0,42.0
2026-01-31 15:00:00,39.900001525878906,29.88025665283203,1.0,"Satet International School, Tema Manhean",deep,lstm_mha,h672,2026-01-04T23:00:00,2026-01-18T23:00:00,2026-02-15T23:00:00,tensorflow,1344.0,42.0
2026-01-31 16:00:00,41.20000076293945,30.23378562927246,1.0,"Satet International School, Tema Manhean",deep,lstm_mha,h672,2026-01-04T23:00:00,2026-01-18T23:00:00,2026-02-15T23:00:00,tensorflow,1344.0,42.0
2026-01-31 17:00:00,39.5,30.742958068847656,1.0,"Satet International School, Tema Manhean",deep,lstm_mha,h672,2026-01-04T23:00:00,2026-01-18T23:00:00,2026-02-15T23:00:00,tensorflow,1344.0,42.0
2026-01-31 18:00:00,44.5,31.25461196899414,1.0,"Satet International School, Tema Manhean",deep,lstm_mha,h672,2026-01-04T23:00:00,2026-01-18T23:00:00,2026-02-15T23:00:00,tensorflow,1344.0,42.0
2026-01-31 19:00:00,40.599998474121094,31.317729949951172,1.0,"Satet International School, Tema Manhean",deep,lstm_mha,h672,2026-01-04T23:00:00,2026-01-18T23:00:00,2026-02-15T23:00:00,tensorflow,1344.0,42.0
2026-01-31 20:00:00,37.70000076293945,31.252805709838867,1.0,"Satet International School, Tema Manhean",deep,lstm_mha,h672,2026-01-04T23:00:00,2026-01-18T23:00:00,2026-02-15T23:00:00,tensorflow,1344.0,42.0
2026-01-31 21:00:00,39.29999923706055,31.027263641357422,1.0,"Satet International School, Tema Manhean",deep,lstm_mha,h672,2026-01-04T23:00:00,2026-01-18T23:00:00,2026-02-15T23:00:00,tensorflow,1344.0,42.0
2026-01-31 22:00:00,47.099998474121094,31.611093521118164,1.0,"Satet International School, Tema Manhean",deep,lstm_mha,h672,2026-01-04T23:00:00,2026-01-18T23:00:00,2026-02-15T23:00:00,tensorflow,1344.0,42.0
2026-01-31 23:00:00,43.0,31.198665618896484,1.0,"Satet International School, Tema Manhean",deep,lstm_mha,h672,2026-01-04T23:00:00,2026-01-18T23:00:00,2026-02-15T23:00:00,tensorflow,1344.0,42.0
2026-02-01 00:00:00,53.20000076293945,31.596843719482422,1.0,"Satet International School, Tema Manhean",deep,lstm_mha,h672,2026-01-04T23:00:00,2026-01-18T23:00:00,2026-02-15T23:00:00,tensorflow,1344.0,42.0
2026-02-01 01:00:00,46.900001525878906,32.028255462646484,1.0,"Satet International School, Tema Manhean",deep,lstm_mha,h672,2026-01-04T23:00:00,2026-01-18T23:00:00,2026-02-15T23:00:00,tensorflow,1344.0,42.0
2026-02-01 02:00:00,35.79999923706055,31.68756866455078,1.0,"Satet International School, Tema Manhean",deep,lstm_mha,h672,2026-01-04T23:00:00,2026-01-18T23:00:00,2026-02-15T23:00:00,tensorflow,1344.0,42.0
2026-02-01 03:00:00,33.900001525878906,31.77094078063965,1.0,"Satet International School, Tema Manhean",deep,lstm_mha,h672,2026-01-04T23:00:00,2026-01-18T23:00:00,2026-02-15T23:00:00,tensorflow,1344.0,42.0
2026-02-01 04:00:00,37.79999923706055,32.91487503051758,1.0,"Satet International School, Tema Manhean",deep,lstm_mha,h672,2026-01-04T23:00:00,2026-01-18T23:00:00,2026-02-15T23:00:00,tensorflow,1344.0,42.0
2026-02-01 05:00:00,40.099998474121094,34.0651969909668,1.0,"Satet International School, Tema Manhean",deep,lstm_mha,h672,2026-01-04T23:00:00,2026-01-18T23:00:00,2026-02-15T23:00:00,tensorflow,1344.0,42.0
2026-02-01 06:00:00,53.0,34.530879974365234,1.0,"Satet International School, Tema Manhean",deep,lstm_mha,h672,2026-01-04T23:00:00,2026-01-18T23:00:00,2026-02-15T23:00:00,tensorflow,1344.0,42.0
2026-02-01 07:00:00,58.5,34.11305236816406,1.0,"Satet International School, Tema Manhean",deep,lstm_mha,h672,2026-01-04T23:00:00,2026-01-18T23:00:00,2026-02-15T23:00:00,tensorflow,1344.0,42.0
2026-02-01 08:00:00,47.5,32.58570098876953,1.0,"Satet International School, Tema Manhean",deep,lstm_mha,h672,2026-01-04T23:00:00,2026-01-18T23:00:00,2026-02-15T23:00:00,tensorflow,1344.0,42.0
2026-02-01 09:00:00,47.29999923706055,30.974960327148438,1.0,"Satet International School, Tema Manhean",deep,lstm_mha,h672,2026-01-04T23:00:00,2026-01-18T23:00:00,2026-02-15T23:00:00,tensorflow,1344.0,42.0
2026-02-01 10:00:00,43.099998474121094,30.59068489074707,1.0,"Satet International School, Tema Manhean",deep,lstm_mha,h672,2026-01-04T23:00:00,2026-01-18T23:00:00,2026-02-15T23:00:00,tensorflow,1344.0,42.0
2026-02-01 11:00:00,36.70000076293945,30.175949096679688,1.0,"Satet International School, Tema Manhean",deep,lstm_mha,h672,2026-01-04T23:00:00,2026-01-18T23:00:00,2026-02-15T23:00:00,tensorflow,1344.0,42.0
2026-02-01 12:00:00,36.599998474121094,29.952667236328125,1.0,"Satet International School, Tema Manhean",deep,lstm_mha,h672,2026-01-04T23:00:00,2026-01-18T23:00:00,2026-02-15T23:00:00,tensorflow,1344.0,42.0
2026-02-01 13:00:00,32.900001525878906,29.929794311523438,1.0,"Satet International School, Tema Manhean",deep,lstm_mha,h672,2026-01-04T23:00:00,2026-01-18T23:00:00,2026-02-15T23:00:00,tensorflow,1344.0,42.0
2026-02-01 14:00:00,35.0,29.627511978149414,1.0,"Satet International School, Tema Manhean",deep,lstm_mha,h672,2026-01-04T23:00:00,2026-01-18T23:00:00,2026-02-15T23:00:00,tensorflow,1344.0,42.0
2026-02-01 15:00:00,35.5,29.716020584106445,1.0,"Satet International School, Tema Manhean",deep,lstm_mha,h672,2026-01-04T23:00:00,2026-01-18T23:00:00,2026-02-15T23:00:00,tensorflow,1344.0,42.0
2026-02-01 16:00:00,35.79999923706055,29.971298217773438,1.0,"Satet International School, Tema Manhean",deep,lstm_mha,h672,2026-01-04T23:00:00,2026-01-18T23:00:00,2026-02-15T23:00:00,tensorflow,1344.0,42.0
2026-02-01 17:00:00,35.0,30.051700592041016,1.0,"Satet International School, Tema Manhean",deep,lstm_mha,h672,2026-01-04T23:00:00,2026-01-18T23:00:00,2026-02-15T23:00:00,tensorflow,1344.0,42.0
2026-02-01 18:00:00,39.900001525878906,30.570981979370117,1.0,"Satet International School, Tema Manhean",deep,lstm_mha,h672,2026-01-04T23:00:00,2026-01-18T23:00:00,2026-02-15T23:00:00,tensorflow,1344.0,42.0
2026-02-01 19:00:00,37.099998474121094,30.926122665405273,1.0,"Satet International School, Tema Manhean",deep,lstm_mha,h672,2026-01-04T23:00:00,2026-01-18T23:00:00,2026-02-15T23:00:00,tensorflow,1344.0,42.0
2026-02-01 20:00:00,51.29999923706055,31.380578994750977,1.0,"Satet International School, Tema Manhean",deep,lstm_mha,h672,2026-01-04T23:00:00,2026-01-18T23:00:00,2026-02-15T23:00:00,tensorflow,1344.0,42.0
2026-02-01 21:00:00,37.79999923706055,31.001354217529297,1.0,"Satet International School, Tema Manhean",deep,lstm_mha,h672,2026-01-04T23:00:00,2026-01-18T23:00:00,2026-02-15T23:00:00,tensorflow,1344.0,42.0
2026-02-01 22:00:00,37.099998474121094,30.867122650146484,1.0,"Satet International School, Tema Manhean",deep,lstm_mha,h672,2026-01-04T23:00:00,2026-01-18T23:00:00,2026-02-15T23:00:00,tensorflow,1344.0,42.0
2026-02-01 23:00:00,35.29999923706055,32.003013610839844,1.0,"Satet International School, Tema Manhean",deep,lstm_mha,h672,2026-01-04T23:00:00,2026-01-18T23:00:00,2026-02-15T23:00:00,tensorflow,1344.0,42.0
2026-02-02 00:00:00,38.5,32.32488250732422,1.0,"Satet International School, Tema Manhean",deep,lstm_mha,h672,2026-01-04T23:00:00,2026-01-18T23:00:00,2026-02-15T23:00:00,tensorflow,1344.0,42.0
2026-02-02 01:00:00,37.099998474121094,32.637332916259766,1.0,"Satet International School, Tema Manhean",deep,lstm_mha,h672,2026-01-04T23:00:00,2026-01-18T23:00:00,2026-02-15T23:00:00,tensorflow,1344.0,42.0
2026-02-02 02:00:00,34.5,34.26396179199219,1.0,"Satet International School, Tema Manhean",deep,lstm_mha,h672,2026-01-04T23:00:00,2026-01-18T23:00:00,2026-02-15T23:00:00,tensorflow,1344.0,42.0
2026-02-02 03:00:00,44.599998474121094,34.61188507080078,1.0,"Satet International School, Tema Manhean",deep,lstm_mha,h672,2026-01-04T23:00:00,2026-01-18T23:00:00,2026-02-15T23:00:00,tensorflow,1344.0,42.0
2026-02-02 04:00:00,40.599998474121094,34.454959869384766,1.0,"Satet International School, Tema Manhean",deep,lstm_mha,h672,2026-01-04T23:00:00,2026-01-18T23:00:00,2026-02-15T23:00:00,tensorflow,1344.0,42.0
2026-02-02 05:00:00,57.599998474121094,34.28005599975586,1.0,"Satet International School, Tema Manhean",deep,lstm_mha,h672,2026-01-04T23:00:00,2026-01-18T23:00:00,2026-02-15T23:00:00,tensorflow,1344.0,42.0
2026-02-02 06:00:00,59.900001525878906,34.5774040222168,1.0,"Satet International School, Tema Manhean",deep,lstm_mha,h672,2026-01-04T23:00:00,2026-01-18T23:00:00,2026-02-15T23:00:00,tensorflow,1344.0,42.0
2026-02-02 07:00:00,88.5999984741211,34.113956451416016,1.0,"Satet International School, Tema Manhean",deep,lstm_mha,h672,2026-01-04T23:00:00,2026-01-18T23:00:00,2026-02-15T23:00:00,tensorflow,1344.0,42.0
2026-02-02 08:00:00,49.29999923706055,33.20751953125,1.0,"Satet International School, Tema Manhean",deep,lstm_mha,h672,2026-01-04T23:00:00,2026-01-18T23:00:00,2026-02-15T23:00:00,tensorflow,1344.0,42.0
2026-02-02 09:00:00,44.5,32.0204963684082,1.0,"Satet International School, Tema Manhean",deep,lstm_mha,h672,2026-01-04T23:00:00,2026-01-18T23:00:00,2026-02-15T23:00:00,tensorflow,1344.0,42.0
2026-02-02 10:00:00,33.0,31.43955421447754,1.0,"Satet International School, Tema Manhean",deep,lstm_mha,h672,2026-01-04T23:00:00,2026-01-18T23:00:00,2026-02-15T23:00:00,tensorflow,1344.0,42.0
2026-02-02 11:00:00,30.399999618530273,30.865402221679688,1.0,"Satet International School, Tema Manhean",deep,lstm_mha,h672,2026-01-04T23:00:00,2026-01-18T23:00:00,2026-02-15T23:00:00,tensorflow,1344.0,42.0
2026-02-02 12:00:00,32.400001525878906,30.533769607543945,1.0,"Satet International School, Tema Manhean",deep,lstm_mha,h672,2026-01-04T23:00:00,2026-01-18T23:00:00,2026-02-15T23:00:00,tensorflow,1344.0,42.0
2026-02-02 13:00:00,29.700000762939453,30.125125885009766,1.0,"Satet International School, Tema Manhean",deep,lstm_mha,h672,2026-01-04T23:00:00,2026-01-18T23:00:00,2026-02-15T23:00:00,tensorflow,1344.0,42.0
2026-02-02 14:00:00,33.20000076293945,29.965412139892578,1.0,"Satet International School, Tema Manhean",deep,lstm_mha,h672,2026-01-04T23:00:00,2026-01-18T23:00:00,2026-02-15T23:00:00,tensorflow,1344.0,42.0
2026-02-02 15:00:00,34.900001525878906,29.953142166137695,1.0,"Satet International School, Tema Manhean",deep,lstm_mha,h672,2026-01-04T23:00:00,2026-01-18T23:00:00,2026-02-15T23:00:00,tensorflow,1344.0,42.0
2026-02-02 16:00:00,39.20000076293945,30.008014678955078,1.0,"Satet International School, Tema Manhean",deep,lstm_mha,h672,2026-01-04T23:00:00,2026-01-18T23:00:00,2026-02-15T23:00:00,tensorflow,1344.0,42.0
2026-02-02 17:00:00,41.70000076293945,30.627361297607422,1.0,"Satet International School, Tema Manhean",deep,lstm_mha,h672,2026-01-04T23:00:00,2026-01-18T23:00:00,2026-02-15T23:00:00,tensorflow,1344.0,42.0
2026-02-02 18:00:00,39.900001525878906,31.562780380249023,1.0,"Satet International School, Tema Manhean",deep,lstm_mha,h672,2026-01-04T23:00:00,2026-01-18T23:00:00,2026-02-15T23:00:00,tensorflow,1344.0,42.0
2026-02-02 19:00:00,40.20000076293945,32.610595703125,1.0,"Satet International School, Tema Manhean",deep,lstm_mha,h672,2026-01-04T23:00:00,2026-01-18T23:00:00,2026-02-15T23:00:00,tensorflow,1344.0,42.0
2026-02-02 20:00:00,44.20000076293945,32.40372085571289,1.0,"Satet International School, Tema Manhean",deep,lstm_mha,h672,2026-01-04T23:00:00,2026-01-18T23:00:00,2026-02-15T23:00:00,tensorflow,1344.0,42.0
2026-02-02 21:00:00,38.70000076293945,32.01425552368164,1.0,"Satet International School, Tema Manhean",deep,lstm_mha,h672,2026-01-04T23:00:00,2026-01-18T23:00:00,2026-02-15T23:00:00,tensorflow,1344.0,42.0
2026-02-02 22:00:00,57.29999923706055,31.828493118286133,1.0,"Satet International School, Tema Manhean",deep,lstm_mha,h672,2026-01-04T23:00:00,2026-01-18T23:00:00,2026-02-15T23:00:00,tensorflow,1344.0,42.0
2026-02-02 23:00:00,93.30000305175781,31.983793258666992,1.0,"Satet International School, Tema Manhean",deep,lstm_mha,h672,2026-01-04T23:00:00,2026-01-18T23:00:00,2026-02-15T23:00:00,tensorflow,1344.0,42.0
2026-02-03 00:00:00,72.0999984741211,32.08967590332031,1.0,"Satet International School, Tema Manhean",deep,lstm_mha,h672,2026-01-04T23:00:00,2026-01-18T23:00:00,2026-02-15T23:00:00,tensorflow,1344.0,42.0
2026-02-03 01:00:00,49.29999923706055,32.32317352294922,1.0,"Satet International School, Tema Manhean",deep,lstm_mha,h672,2026-01-04T23:00:00,2026-01-18T23:00:00,2026-02-15T23:00:00,tensorflow,1344.0,42.0
2026-02-03 02:00:00,43.0,32.54358673095703,1.0,"Satet International School, Tema Manhean",deep,lstm_mha,h672,2026-01-04T23:00:00,2026-01-18T23:00:00,2026-02-15T23:00:00,tensorflow,1344.0,42.0
2026-02-03 03:00:00,45.599998474121094,32.818668365478516,1.0,"Satet International School, Tema Manhean",deep,lstm_mha,h672,2026-01-04T23:00:00,2026-01-18T23:00:00,2026-02-15T23:00:00,tensorflow,1344.0,42.0
2026-02-03 04:00:00,44.099998474121094,33.17253112792969,1.0,"Satet International School, Tema Manhean",deep,lstm_mha,h672,2026-01-04T23:00:00,2026-01-18T23:00:00,2026-02-15T23:00:00,tensorflow,1344.0,42.0
2026-02-03 05:00:00,103.69999694824219,34.01586151123047,1.0,"Satet International School, Tema Manhean",deep,lstm_mha,h672,2026-01-04T23:00:00,2026-01-18T23:00:00,2026-02-15T23:00:00,tensorflow,1344.0,42.0
2026-02-03 06:00:00,113.0,34.18537902832031,1.0,"Satet International School, Tema Manhean",deep,lstm_mha,h672,2026-01-04T23:00:00,2026-01-18T23:00:00,2026-02-15T23:00:00,tensorflow,1344.0,42.0
2026-02-03 07:00:00,56.599998474121094,34.30842208862305,1.0,"Satet International School, Tema Manhean",deep,lstm_mha,h672,2026-01-04T23:00:00,2026-01-18T23:00:00,2026-02-15T23:00:00,tensorflow,1344.0,42.0
2026-02-03 08:00:00,40.900001525878906,33.249820709228516,1.0,"Satet International School, Tema Manhean",deep,lstm_mha,h672,2026-01-04T23:00:00,2026-01-18T23:00:00,2026-02-15T23:00:00,tensorflow,1344.0,42.0
2026-02-03 09:00:00,41.29999923706055,32.490970611572266,1.0,"Satet International School, Tema Manhean",deep,lstm_mha,h672,2026-01-04T23:00:00,2026-01-18T23:00:00,2026-02-15T23:00:00,tensorflow,1344.0,42.0
2026-02-03 10:00:00,37.400001525878906,32.15142059326172,1.0,"Satet International School, Tema Manhean",deep,lstm_mha,h672,2026-01-04T23:00:00,2026-01-18T23:00:00,2026-02-15T23:00:00,tensorflow,1344.0,42.0
2026-02-03 11:00:00,43.599998474121094,31.61858367919922,1.0,"Satet International School, Tema Manhean",deep,lstm_mha,h672,2026-01-04T23:00:00,2026-01-18T23:00:00,2026-02-15T23:00:00,tensorflow,1344.0,42.0
2026-02-03 12:00:00,38.29999923706055,31.104280471801758,1.0,"Satet International School, Tema Manhean",deep,lstm_mha,h672,2026-01-04T23:00:00,2026-01-18T23:00:00,2026-02-15T23:00:00,tensorflow,1344.0,42.0
2026-02-03 13:00:00,38.29999923706055,30.641357421875,1.0,"Satet International School, Tema Manhean",deep,lstm_mha,h672,2026-01-04T23:00:00,2026-01-18T23:00:00,2026-02-15T23:00:00,tensorflow,1344.0,42.0
2026-02-03 14:00:00,28.799999237060547,30.410099029541016,1.0,"Satet International School, Tema Manhean",deep,lstm_mha,h672,2026-01-04T23:00:00,2026-01-18T23:00:00,2026-02-15T23:00:00,tensorflow,1344.0,42.0
2026-02-03 15:00:00,36.70000076293945,30.21650505065918,1.0,"Satet International School, Tema Manhean",deep,lstm_mha,h672,2026-01-04T23:00:00,2026-01-18T23:00:00,2026-02-15T23:00:00,tensorflow,1344.0,42.0
2026-02-03 16:00:00,38.099998474121094,30.281591415405273,1.0,"Satet International School, Tema Manhean",deep,lstm_mha,h672,2026-01-04T23:00:00,2026-01-18T23:00:00,2026-02-15T23:00:00,tensorflow,1344.0,42.0
2026-02-03 17:00:00,40.900001525878906,31.087915420532227,1.0,"Satet International School, Tema Manhean",deep,lstm_mha,h672,2026-01-04T23:00:00,2026-01-18T23:00:00,2026-02-15T23:00:00,tensorflow,1344.0,42.0
2026-02-03 18:00:00,47.900001525878906,31.63214111328125,1.0,"Satet International School, Tema Manhean",deep,lstm_mha,h672,2026-01-04T23:00:00,2026-01-18T23:00:00,2026-02-15T23:00:00,tensorflow,1344.0,42.0
2026-02-03 19:00:00,60.599998474121094,31.703697204589844,1.0,"Satet International School, Tema Manhean",deep,lstm_mha,h672,2026-01-04T23:00:00,2026-01-18T23:00:00,2026-02-15T23:00:00,tensorflow,1344.0,42.0
2026-02-03 20:00:00,75.69999694824219,31.802593231201172,1.0,"Satet International School, Tema Manhean",deep,lstm_mha,h672,2026-01-04T23:00:00,2026-01-18T23:00:00,2026-02-15T23:00:00,tensorflow,1344.0,42.0
2026-02-03 21:00:00,69.0999984741211,31.71656608581543,1.0,"Satet International School, Tema Manhean",deep,lstm_mha,h672,2026-01-04T23:00:00,2026-01-18T23:00:00,2026-02-15T23:00:00,tensorflow,1344.0,42.0
2026-02-03 22:00:00,64.69999694824219,32.06412124633789,1.0,"Satet International School, Tema Manhean",deep,lstm_mha,h672,2026-01-04T23:00:00,2026-01-18T23:00:00,2026-02-15T23:00:00,tensorflow,1344.0,42.0
2026-02-03 23:00:00,96.0,32.17045974731445,1.0,"Satet International School, Tema Manhean",deep,lstm_mha,h672,2026-01-04T23:00:00,2026-01-18T23:00:00,2026-02-15T23:00:00,tensorflow,1344.0,42.0
2026-02-04 00:00:00,59.20000076293945,32.122840881347656,1.0,"Satet International School, Tema Manhean",deep,lstm_mha,h672,2026-01-04T23:00:00,2026-01-18T23:00:00,2026-02-15T23:00:00,tensorflow,1344.0,42.0
2026-02-04 01:00:00,46.5,32.22935104370117,1.0,"Satet International School, Tema Manhean",deep,lstm_mha,h672,2026-01-04T23:00:00,2026-01-18T23:00:00,2026-02-15T23:00:00,tensorflow,1344.0,42.0
2026-02-04 02:00:00,62.900001525878906,32.33570861816406,1.0,"Satet International School, Tema Manhean",deep,lstm_mha,h672,2026-01-04T23:00:00,2026-01-18T23:00:00,2026-02-15T23:00:00,tensorflow,1344.0,42.0
2026-02-04 03:00:00,55.900001525878906,32.417842864990234,1.0,"Satet International School, Tema Manhean",deep,lstm_mha,h672,2026-01-04T23:00:00,2026-01-18T23:00:00,2026-02-15T23:00:00,tensorflow,1344.0,42.0
2026-01-18 23:00:00,47.900001525878906,24.003334045410156,1.0,Tema Community 25 Estate,deep,lstm_mha,h672,2026-01-04T23:00:00,2026-01-18T23:00:00,2026-02-15T23:00:00,tensorflow,1344.0,42.0
2026-01-19 00:00:00,45.20000076293945,24.426347732543945,1.0,Tema Community 25 Estate,deep,lstm_mha,h672,2026-01-04T23:00:00,2026-01-18T23:00:00,2026-02-15T23:00:00,tensorflow,1344.0,42.0
2026-01-19 01:00:00,42.70000076293945,24.8310489654541,1.0,Tema Community 25 Estate,deep,lstm_mha,h672,2026-01-04T23:00:00,2026-01-18T23:00:00,2026-02-15T23:00:00,tensorflow,1344.0,42.0
2026-01-19 02:00:00,29.799999237060547,25.14591407775879,1.0,Tema Community 25 Estate,deep,lstm_mha,h672,2026-01-04T23:00:00,2026-01-18T23:00:00,2026-02-15T23:00:00,tensorflow,1344.0,42.0
2026-01-19 03:00:00,26.0,25.184640884399414,1.0,Tema Community 25 Estate,deep,lstm_mha,h672,2026-01-04T23:00:00,2026-01-18T23:00:00,2026-02-15T23:00:00,tensorflow,1344.0,42.0
2026-01-19 04:00:00,26.600000381469727,25.180644989013672,1.0,Tema Community 25 Estate,deep,lstm_mha,h672,2026-01-04T23:00:00,2026-01-18T23:00:00,2026-02-15T23:00:00,tensorflow,1344.0,42.0
2026-01-19 05:00:00,31.5,25.964664459228516,1.0,Tema Community 25 Estate,deep,lstm_mha,h672,2026-01-04T23:00:00,2026-01-18T23:00:00,2026-02-15T23:00:00,tensorflow,1344.0,42.0
2026-01-19 06:00:00,34.45000076293945,25.927091598510742,1.0,Tema Community 25 Estate,deep,lstm_mha,h672,2026-01-04T23:00:00,2026-01-18T23:00:00,2026-02-15T23:00:00,tensorflow,1344.0,42.0
2026-01-19 07:00:00,37.400001525878906,25.483295440673828,1.0,Tema Community 25 Estate,deep,lstm_mha,h672,2026-01-04T23:00:00,2026-01-18T23:00:00,2026-02-15T23:00:00,tensorflow,1344.0,42.0
2026-01-19 08:00:00,34.599998474121094,24.719099044799805,1.0,Tema Community 25 Estate,deep,lstm_mha,h672,2026-01-04T23:00:00,2026-01-18T23:00:00,2026-02-15T23:00:00,tensorflow,1344.0,42.0
2026-01-19 09:00:00,31.399999618530273,24.983537673950195,1.0,Tema Community 25 Estate,deep,lstm_mha,h672,2026-01-04T23:00:00,2026-01-18T23:00:00,2026-02-15T23:00:00,tensorflow,1344.0,42.0
2026-01-19 10:00:00,31.899999618530273,23.7730770111084,1.0,Tema Community 25 Estate,deep,lstm_mha,h672,2026-01-04T23:00:00,2026-01-18T23:00:00,2026-02-15T23:00:00,tensorflow,1344.0,42.0
2026-01-19 11:00:00,35.099998474121094,23.288249969482422,1.0,Tema Community 25 Estate,deep,lstm_mha,h672,2026-01-04T23:00:00,2026-01-18T23:00:00,2026-02-15T23:00:00,tensorflow,1344.0,42.0
2026-01-19 12:00:00,32.5,23.036174774169922,1.0,Tema Community 25 Estate,deep,lstm_mha,h672,2026-01-04T23:00:00,2026-01-18T23:00:00,2026-02-15T23:00:00,tensorflow,1344.0,42.0
2026-01-19 13:00:00,30.299999237060547,22.81437110900879,1.0,Tema Community 25 Estate,deep,lstm_mha,h672,2026-01-04T23:00:00,2026-01-18T23:00:00,2026-02-15T23:00:00,tensorflow,1344.0,42.0
2026-01-19 14:00:00,28.100000381469727,22.3958797454834,1.0,Tema Community 25 Estate,deep,lstm_mha,h672,2026-01-04T23:00:00,2026-01-18T23:00:00,2026-02-15T23:00:00,tensorflow,1344.0,42.0
2026-01-19 15:00:00,27.600000381469727,22.738887786865234,1.0,Tema Community 25 Estate,deep,lstm_mha,h672,2026-01-04T23:00:00,2026-01-18T23:00:00,2026-02-15T23:00:00,tensorflow,1344.0,42.0
2026-01-19 16:00:00,30.5,23.822595596313477,1.0,Tema Community 25 Estate,deep,lstm_mha,h672,2026-01-04T23:00:00,2026-01-18T23:00:00,2026-02-15T23:00:00,tensorflow,1344.0,42.0
2026-01-19 17:00:00,31.399999618530273,24.162567138671875,1.0,Tema Community 25 Estate,deep,lstm_mha,h672,2026-01-04T23:00:00,2026-01-18T23:00:00,2026-02-15T23:00:00,tensorflow,1344.0,42.0
2026-01-19 18:00:00,34.20000076293945,24.082395553588867,1.0,Tema Community 25 Estate,deep,lstm_mha,h672,2026-01-04T23:00:00,2026-01-18T23:00:00,2026-02-15T23:00:00,tensorflow,1344.0,42.0
2026-01-19 19:00:00,30.899999618530273,24.318578720092773,1.0,Tema Community 25 Estate,deep,lstm_mha,h672,2026-01-04T23:00:00,2026-01-18T23:00:00,2026-02-15T23:00:00,tensorflow,1344.0,42.0
2026-01-19 20:00:00,39.0,24.56212043762207,1.0,Tema Community 25 Estate,deep,lstm_mha,h672,2026-01-04T23:00:00,2026-01-18T23:00:00,2026-02-15T23:00:00,tensorflow,1344.0,42.0
2026-01-19 21:00:00,27.899999618530273,25.723466873168945,1.0,Tema Community 25 Estate,deep,lstm_mha,h672,2026-01-04T23:00:00,2026-01-18T23:00:00,2026-02-15T23:00:00,tensorflow,1344.0,42.0
2026-01-19 22:00:00,24.799999237060547,26.2750186920166,1.0,Tema Community 25 Estate,deep,lstm_mha,h672,2026-01-04T23:00:00,2026-01-18T23:00:00,2026-02-15T23:00:00,tensorflow,1344.0,42.0
2026-01-19 23:00:00,20.200000762939453,26.43675422668457,1.0,Tema Community 25 Estate,deep,lstm_mha,h672,2026-01-04T23:00:00,2026-01-18T23:00:00,2026-02-15T23:00:00,tensorflow,1344.0,42.0
2026-01-20 00:00:00,19.399999618530273,26.422922134399414,1.0,Tema Community 25 Estate,deep,lstm_mha,h672,2026-01-04T23:00:00,2026-01-18T23:00:00,2026-02-15T23:00:00,tensorflow,1344.0,42.0
2026-01-20 01:00:00,19.0,26.209115982055664,1.0,Tema Community 25 Estate,deep,lstm_mha,h672,2026-01-04T23:00:00,2026-01-18T23:00:00,2026-02-15T23:00:00,tensorflow,1344.0,42.0
2026-01-20 02:00:00,18.799999237060547,26.01677894592285,1.0,Tema Community 25 Estate,deep,lstm_mha,h672,2026-01-04T23:00:00,2026-01-18T23:00:00,2026-02-15T23:00:00,tensorflow,1344.0,42.0
2026-01-20 03:00:00,19.399999618530273,25.916595458984375,1.0,Tema Community 25 Estate,deep,lstm_mha,h672,2026-01-04T23:00:00,2026-01-18T23:00:00,2026-02-15T23:00:00,tensorflow,1344.0,42.0
2026-01-20 04:00:00,18.100000381469727,25.889524459838867,1.0,Tema Community 25 Estate,deep,lstm_mha,h672,2026-01-04T23:00:00,2026-01-18T23:00:00,2026-02-15T23:00:00,tensorflow,1344.0,42.0
2026-01-20 05:00:00,20.0,26.00837516784668,1.0,Tema Community 25 Estate,deep,lstm_mha,h672,2026-01-04T23:00:00,2026-01-18T23:00:00,2026-02-15T23:00:00,tensorflow,1344.0,42.0
2026-01-20 06:00:00,24.0,26.459089279174805,1.0,Tema Community 25 Estate,deep,lstm_mha,h672,2026-01-04T23:00:00,2026-01-18T23:00:00,2026-02-15T23:00:00,tensorflow,1344.0,42.0
2026-01-20 07:00:00,24.799999237060547,26.039386749267578,1.0,Tema Community 25 Estate,deep,lstm_mha,h672,2026-01-04T23:00:00,2026-01-18T23:00:00,2026-02-15T23:00:00,tensorflow,1344.0,42.0
2026-01-20 08:00:00,21.899999618530273,25.244518280029297,1.0,Tema Community 25 Estate,deep,lstm_mha,h672,2026-01-04T23:00:00,2026-01-18T23:00:00,2026-02-15T23:00:00,tensorflow,1344.0,42.0
2026-01-20 09:00:00,19.600000381469727,24.329748153686523,1.0,Tema Community 25 Estate,deep,lstm_mha,h672,2026-01-04T23:00:00,2026-01-18T23:00:00,2026-02-15T23:00:00,tensorflow,1344.0,42.0
2026-01-20 10:00:00,21.0,23.849397659301758,1.0,Tema Community 25 Estate,deep,lstm_mha,h672,2026-01-04T23:00:00,2026-01-18T23:00:00,2026-02-15T23:00:00,tensorflow,1344.0,42.0
2026-01-20 11:00:00,21.299999237060547,23.54389190673828,1.0,Tema Community 25 Estate,deep,lstm_mha,h672,2026-01-04T23:00:00,2026-01-18T23:00:00,2026-02-15T23:00:00,tensorflow,1344.0,42.0
2026-01-20 12:00:00,25.0,23.030813217163086,1.0,Tema Community 25 Estate,deep,lstm_mha,h672,2026-01-04T23:00:00,2026-01-18T23:00:00,2026-02-15T23:00:00,tensorflow,1344.0,42.0
2026-01-20 13:00:00,28.799999237060547,23.13874626159668,1.0,Tema Community 25 Estate,deep,lstm_mha,h672,2026-01-04T23:00:00,2026-01-18T23:00:00,2026-02-15T23:00:00,tensorflow,1344.0,42.0
2026-01-20 14:00:00,26.399999618530273,22.629776000976562,1.0,Tema Community 25 Estate,deep,lstm_mha,h672,2026-01-04T23:00:00,2026-01-18T23:00:00,2026-02-15T23:00:00,tensorflow,1344.0,42.0
2026-01-20 15:00:00,26.299999237060547,22.598777770996094,1.0,Tema Community 25 Estate,deep,lstm_mha,h672,2026-01-04T23:00:00,2026-01-18T23:00:00,2026-02-15T23:00:00,tensorflow,1344.0,42.0
2026-01-20 16:00:00,30.399999618530273,22.77594757080078,1.0,Tema Community 25 Estate,deep,lstm_mha,h672,2026-01-04T23:00:00,2026-01-18T23:00:00,2026-02-15T23:00:00,tensorflow,1344.0,42.0
2026-01-20 17:00:00,26.899999618530273,23.44379425048828,1.0,Tema Community 25 Estate,deep,lstm_mha,h672,2026-01-04T23:00:00,2026-01-18T23:00:00,2026-02-15T23:00:00,tensorflow,1344.0,42.0
2026-01-20 18:00:00,32.70000076293945,23.641149520874023,1.0,Tema Community 25 Estate,deep,lstm_mha,h672,2026-01-04T23:00:00,2026-01-18T23:00:00,2026-02-15T23:00:00,tensorflow,1344.0,42.0
2026-01-20 19:00:00,40.5,23.634172439575195,1.0,Tema Community 25 Estate,deep,lstm_mha,h672,2026-01-04T23:00:00,2026-01-18T23:00:00,2026-02-15T23:00:00,tensorflow,1344.0,42.0
2026-01-20 20:00:00,40.400001525878906,23.901308059692383,1.0,Tema Community 25 Estate,deep,lstm_mha,h672,2026-01-04T23:00:00,2026-01-18T23:00:00,2026-02-15T23:00:00,tensorflow,1344.0,42.0
2026-01-20 21:00:00,30.200000762939453,24.30134391784668,1.0,Tema Community 25 Estate,deep,lstm_mha,h672,2026-01-04T23:00:00,2026-01-18T23:00:00,2026-02-15T23:00:00,tensorflow,1344.0,42.0
2026-01-20 22:00:00,17.899999618530273,24.52344512939453,1.0,Tema Community 25 Estate,deep,lstm_mha,h672,2026-01-04T23:00:00,2026-01-18T23:00:00,2026-02-15T23:00:00,tensorflow,1344.0,42.0
2026-01-20 23:00:00,8.199999809265137,24.865201950073242,1.0,Tema Community 25 Estate,deep,lstm_mha,h672,2026-01-04T23:00:00,2026-01-18T23:00:00,2026-02-15T23:00:00,tensorflow,1344.0,42.0
2026-01-21 00:00:00,10.5,25.061464309692383,1.0,Tema Community 25 Estate,deep,lstm_mha,h672,2026-01-04T23:00:00,2026-01-18T23:00:00,2026-02-15T23:00:00,tensorflow,1344.0,42.0
2026-01-21 01:00:00,15.0,25.203128814697266,1.0,Tema Community 25 Estate,deep,lstm_mha,h672,2026-01-04T23:00:00,2026-01-18T23:00:00,2026-02-15T23:00:00,tensorflow,1344.0,42.0
2026-01-21 02:00:00,17.200000762939453,25.58477020263672,1.0,Tema Community 25 Estate,deep,lstm_mha,h672,2026-01-04T23:00:00,2026-01-18T23:00:00,2026-02-15T23:00:00,tensorflow,1344.0,42.0
2026-01-21 03:00:00,12.199999809265137,25.660850524902344,1.0,Tema Community 25 Estate,deep,lstm_mha,h672,2026-01-04T23:00:00,2026-01-18T23:00:00,2026-02-15T23:00:00,tensorflow,1344.0,42.0
2026-01-21 04:00:00,13.699999809265137,25.753433227539062,1.0,Tema Community 25 Estate,deep,lstm_mha,h672,2026-01-04T23:00:00,2026-01-18T23:00:00,2026-02-15T23:00:00,tensorflow,1344.0,42.0
2026-01-21 05:00:00,18.200000762939453,26.025482177734375,1.0,Tema Community 25 Estate,deep,lstm_mha,h672,2026-01-04T23:00:00,2026-01-18T23:00:00,2026-02-15T23:00:00,tensorflow,1344.0,42.0
2026-01-21 06:00:00,29.5,26.377065658569336,1.0,Tema Community 25 Estate,deep,lstm_mha,h672,2026-01-04T23:00:00,2026-01-18T23:00:00,2026-02-15T23:00:00,tensorflow,1344.0,42.0
2026-01-21 07:00:00,33.70000076293945,26.201684951782227,1.0,Tema Community 25 Estate,deep,lstm_mha,h672,2026-01-04T23:00:00,2026-01-18T23:00:00,2026-02-15T23:00:00,tensorflow,1344.0,42.0
2026-01-21 08:00:00,20.5,25.498939514160156,1.0,Tema Community 25 Estate,deep,lstm_mha,h672,2026-01-04T23:00:00,2026-01-18T23:00:00,2026-02-15T23:00:00,tensorflow,1344.0,42.0
2026-01-21 09:00:00,14.899999618530273,25.076120376586914,1.0,Tema Community 25 Estate,deep,lstm_mha,h672,2026-01-04T23:00:00,2026-01-18T23:00:00,2026-02-15T23:00:00,tensorflow,1344.0,42.0
2026-01-21 10:00:00,14.300000190734863,24.12078857421875,1.0,Tema Community 25 Estate,deep,lstm_mha,h672,2026-01-04T23:00:00,2026-01-18T23:00:00,2026-02-15T23:00:00,tensorflow,1344.0,42.0
2026-01-21 11:00:00,19.200000762939453,23.35062026977539,1.0,Tema Community 25 Estate,deep,lstm_mha,h672,2026-01-04T23:00:00,2026-01-18T23:00:00,2026-02-15T23:00:00,tensorflow,1344.0,42.0
2026-01-21 12:00:00,28.600000381469727,22.792186737060547,1.0,Tema Community 25 Estate,deep,lstm_mha,h672,2026-01-04T23:00:00,2026-01-18T23:00:00,2026-02-15T23:00:00,tensorflow,1344.0,42.0
2026-01-21 13:00:00,32.599998474121094,22.699783325195312,1.0,Tema Community 25 Estate,deep,lstm_mha,h672,2026-01-04T23:00:00,2026-01-18T23:00:00,2026-02-15T23:00:00,tensorflow,1344.0,42.0
2026-01-21 14:00:00,33.599998474121094,22.657655715942383,1.0,Tema Community 25 Estate,deep,lstm_mha,h672,2026-01-04T23:00:00,2026-01-18T23:00:00,2026-02-15T23:00:00,tensorflow,1344.0,42.0
2026-01-21 15:00:00,23.200000762939453,22.484886169433594,1.0,Tema Community 25 Estate,deep,lstm_mha,h672,2026-01-04T23:00:00,2026-01-18T23:00:00,2026-02-15T23:00:00,tensorflow,1344.0,42.0
2026-01-21 16:00:00,21.700000762939453,22.54977798461914,1.0,Tema Community 25 Estate,deep,lstm_mha,h672,2026-01-04T23:00:00,2026-01-18T23:00:00,2026-02-15T23:00:00,tensorflow,1344.0,42.0
2026-01-21 17:00:00,22.700000762939453,22.88968849182129,1.0,Tema Community 25 Estate,deep,lstm_mha,h672,2026-01-04T23:00:00,2026-01-18T23:00:00,2026-02-15T23:00:00,tensorflow,1344.0,42.0
2026-01-21 18:00:00,26.299999237060547,23.410703659057617,1.0,Tema Community 25 Estate,deep,lstm_mha,h672,2026-01-04T23:00:00,2026-01-18T23:00:00,2026-02-15T23:00:00,tensorflow,1344.0,42.0
2026-01-21 19:00:00,29.200000762939453,23.684053421020508,1.0,Tema Community 25 Estate,deep,lstm_mha,h672,2026-01-04T23:00:00,2026-01-18T23:00:00,2026-02-15T23:00:00,tensorflow,1344.0,42.0
2026-01-21 20:00:00,25.200000762939453,24.122928619384766,1.0,Tema Community 25 Estate,deep,lstm_mha,h672,2026-01-04T23:00:00,2026-01-18T23:00:00,2026-02-15T23:00:00,tensorflow,1344.0,42.0
2026-01-21 21:00:00,22.600000381469727,24.441301345825195,1.0,Tema Community 25 Estate,deep,lstm_mha,h672,2026-01-04T23:00:00,2026-01-18T23:00:00,2026-02-15T23:00:00,tensorflow,1344.0,42.0
2026-01-21 22:00:00,23.799999237060547,24.4263916015625,1.0,Tema Community 25 Estate,deep,lstm_mha,h672,2026-01-04T23:00:00,2026-01-18T23:00:00,2026-02-15T23:00:00,tensorflow,1344.0,42.0
2026-01-21 23:00:00,27.0,24.730093002319336,1.0,Tema Community 25 Estate,deep,lstm_mha,h672,2026-01-04T23:00:00,2026-01-18T23:00:00,2026-02-15T23:00:00,tensorflow,1344.0,42.0
2026-01-22 00:00:00,24.0,25.322242736816406,1.0,Tema Community 25 Estate,deep,lstm_mha,h672,2026-01-04T23:00:00,2026-01-18T23:00:00,2026-02-15T23:00:00,tensorflow,1344.0,42.0
2026-01-22 01:00:00,20.0,25.61075210571289,1.0,Tema Community 25 Estate,deep,lstm_mha,h672,2026-01-04T23:00:00,2026-01-18T23:00:00,2026-02-15T23:00:00,tensorflow,1344.0,42.0
2026-01-22 02:00:00,23.299999237060547,25.78797149658203,1.0,Tema Community 25 Estate,deep,lstm_mha,h672,2026-01-04T23:00:00,2026-01-18T23:00:00,2026-02-15T23:00:00,tensorflow,1344.0,42.0
2026-01-22 03:00:00,17.100000381469727,26.198902130126953,1.0,Tema Community 25 Estate,deep,lstm_mha,h672,2026-01-04T23:00:00,2026-01-18T23:00:00,2026-02-15T23:00:00,tensorflow,1344.0,42.0
2026-01-22 04:00:00,18.0,26.094594955444336,1.0,Tema Community 25 Estate,deep,lstm_mha,h672,2026-01-04T23:00:00,2026-01-18T23:00:00,2026-02-15T23:00:00,tensorflow,1344.0,42.0
2026-01-22 05:00:00,25.200000762939453,26.37450408935547,1.0,Tema Community 25 Estate,deep,lstm_mha,h672,2026-01-04T23:00:00,2026-01-18T23:00:00,2026-02-15T23:00:00,tensorflow,1344.0,42.0
2026-01-22 06:00:00,31.100000381469727,26.572330474853516,1.0,Tema Community 25 Estate,deep,lstm_mha,h672,2026-01-04T23:00:00,2026-01-18T23:00:00,2026-02-15T23:00:00,tensorflow,1344.0,42.0
2026-01-22 07:00:00,26.600000381469727,26.278610229492188,1.0,Tema Community 25 Estate,deep,lstm_mha,h672,2026-01-04T23:00:00,2026-01-18T23:00:00,2026-02-15T23:00:00,tensorflow,1344.0,42.0
2026-01-22 08:00:00,20.299999237060547,25.334735870361328,1.0,Tema Community 25 Estate,deep,lstm_mha,h672,2026-01-04T23:00:00,2026-01-18T23:00:00,2026-02-15T23:00:00,tensorflow,1344.0,42.0
2026-01-22 09:00:00,19.200000762939453,24.366640090942383,1.0,Tema Community 25 Estate,deep,lstm_mha,h672,2026-01-04T23:00:00,2026-01-18T23:00:00,2026-02-15T23:00:00,tensorflow,1344.0,42.0
2026-01-22 10:00:00,25.399999618530273,23.75181770324707,1.0,Tema Community 25 Estate,deep,lstm_mha,h672,2026-01-04T23:00:00,2026-01-18T23:00:00,2026-02-15T23:00:00,tensorflow,1344.0,42.0
2026-01-22 11:00:00,31.100000381469727,23.37177085876465,1.0,Tema Community 25 Estate,deep,lstm_mha,h672,2026-01-04T23:00:00,2026-01-18T23:00:00,2026-02-15T23:00:00,tensorflow,1344.0,42.0
2026-01-22 12:00:00,38.599998474121094,23.2750301361084,1.0,Tema Community 25 Estate,deep,lstm_mha,h672,2026-01-04T23:00:00,2026-01-18T23:00:00,2026-02-15T23:00:00,tensorflow,1344.0,42.0
2026-01-22 13:00:00,45.70000076293945,22.71383285522461,1.0,Tema Community 25 Estate,deep,lstm_mha,h672,2026-01-04T23:00:00,2026-01-18T23:00:00,2026-02-15T23:00:00,tensorflow,1344.0,42.0
2026-01-22 14:00:00,41.79999923706055,22.363914489746094,1.0,Tema Community 25 Estate,deep,lstm_mha,h672,2026-01-04T23:00:00,2026-01-18T23:00:00,2026-02-15T23:00:00,tensorflow,1344.0,42.0
2026-01-22 15:00:00,35.70000076293945,22.09760284423828,1.0,Tema Community 25 Estate,deep,lstm_mha,h672,2026-01-04T23:00:00,2026-01-18T23:00:00,2026-02-15T23:00:00,tensorflow,1344.0,42.0
2026-01-22 16:00:00,29.799999237060547,22.407594680786133,1.0,Tema Community 25 Estate,deep,lstm_mha,h672,2026-01-04T23:00:00,2026-01-18T23:00:00,2026-02-15T23:00:00,tensorflow,1344.0,42.0
2026-01-22 17:00:00,41.0,22.850440979003906,1.0,Tema Community 25 Estate,deep,lstm_mha,h672,2026-01-04T23:00:00,2026-01-18T23:00:00,2026-02-15T23:00:00,tensorflow,1344.0,42.0
2026-01-22 18:00:00,47.5,23.706504821777344,1.0,Tema Community 25 Estate,deep,lstm_mha,h672,2026-01-04T23:00:00,2026-01-18T23:00:00,2026-02-15T23:00:00,tensorflow,1344.0,42.0
2026-01-22 19:00:00,27.600000381469727,23.82549476623535,1.0,Tema Community 25 Estate,deep,lstm_mha,h672,2026-01-04T23:00:00,2026-01-18T23:00:00,2026-02-15T23:00:00,tensorflow,1344.0,42.0
2026-01-22 20:00:00,17.600000381469727,24.03268814086914,1.0,Tema Community 25 Estate,deep,lstm_mha,h672,2026-01-04T23:00:00,2026-01-18T23:00:00,2026-02-15T23:00:00,tensorflow,1344.0,42.0
2026-01-22 21:00:00,19.700000762939453,24.326126098632812,1.0,Tema Community 25 Estate,deep,lstm_mha,h672,2026-01-04T23:00:00,2026-01-18T23:00:00,2026-02-15T23:00:00,tensorflow,1344.0,42.0
2026-01-22 22:00:00,21.799999237060547,24.570571899414062,1.0,Tema Community 25 Estate,deep,lstm_mha,h672,2026-01-04T23:00:00,2026-01-18T23:00:00,2026-02-15T23:00:00,tensorflow,1344.0,42.0
2026-01-22 23:00:00,26.600000381469727,24.887222290039062,1.0,Tema Community 25 Estate,deep,lstm_mha,h672,2026-01-04T23:00:00,2026-01-18T23:00:00,2026-02-15T23:00:00,tensorflow,1344.0,42.0
2026-01-23 00:00:00,28.200000762939453,25.194969177246094,1.0,Tema Community 25 Estate,deep,lstm_mha,h672,2026-01-04T23:00:00,2026-01-18T23:00:00,2026-02-15T23:00:00,tensorflow,1344.0,42.0
2026-01-23 01:00:00,26.5,25.536849975585938,1.0,Tema Community 25 Estate,deep,lstm_mha,h672,2026-01-04T23:00:00,2026-01-18T23:00:00,2026-02-15T23:00:00,tensorflow,1344.0,42.0
2026-01-23 02:00:00,22.899999618530273,26.287160873413086,1.0,Tema Community 25 Estate,deep,lstm_mha,h672,2026-01-04T23:00:00,2026-01-18T23:00:00,2026-02-15T23:00:00,tensorflow,1344.0,42.0
2026-01-23 03:00:00,30.600000381469727,26.12451934814453,1.0,Tema Community 25 Estate,deep,lstm_mha,h672,2026-01-04T23:00:00,2026-01-18T23:00:00,2026-02-15T23:00:00,tensorflow,1344.0,42.0
2026-01-23 04:00:00,37.0,25.644304275512695,1.0,Tema Community 25 Estate,deep,lstm_mha,h672,2026-01-04T23:00:00,2026-01-18T23:00:00,2026-02-15T23:00:00,tensorflow,1344.0,42.0
2026-01-23 05:00:00,39.599998474121094,25.66170883178711,1.0,Tema Community 25 Estate,deep,lstm_mha,h672,2026-01-04T23:00:00,2026-01-18T23:00:00,2026-02-15T23:00:00,tensorflow,1344.0,42.0
2026-01-23 06:00:00,54.0,25.75492286682129,1.0,Tema Community 25 Estate,deep,lstm_mha,h672,2026-01-04T23:00:00,2026-01-18T23:00:00,2026-02-15T23:00:00,tensorflow,1344.0,42.0
2026-01-23 07:00:00,45.70000076293945,26.12247085571289,1.0,Tema Community 25 Estate,deep,lstm_mha,h672,2026-01-04T23:00:00,2026-01-18T23:00:00,2026-02-15T23:00:00,tensorflow,1344.0,42.0
2026-01-23 08:00:00,24.399999618530273,25.529861450195312,1.0,Tema Community 25 Estate,deep,lstm_mha,h672,2026-01-04T23:00:00,2026-01-18T23:00:00,2026-02-15T23:00:00,tensorflow,1344.0,42.0
2026-01-23 09:00:00,23.200000762939453,24.843212127685547,1.0,Tema Community 25 Estate,deep,lstm_mha,h672,2026-01-04T23:00:00,2026-01-18T23:00:00,2026-02-15T23:00:00,tensorflow,1344.0,42.0
2026-01-23 10:00:00,26.5,24.296703338623047,1.0,Tema Community 25 Estate,deep,lstm_mha,h672,2026-01-04T23:00:00,2026-01-18T23:00:00,2026-02-15T23:00:00,tensorflow,1344.0,42.0
2026-01-23 11:00:00,31.899999618530273,23.49966049194336,1.0,Tema Community 25 Estate,deep,lstm_mha,h672,2026-01-04T23:00:00,2026-01-18T23:00:00,2026-02-15T23:00:00,tensorflow,1344.0,42.0
2026-01-23 12:00:00,33.599998474121094,22.84552574157715,1.0,Tema Community 25 Estate,deep,lstm_mha,h672,2026-01-04T23:00:00,2026-01-18T23:00:00,2026-02-15T23:00:00,tensorflow,1344.0,42.0
2026-01-23 13:00:00,26.200000762939453,22.3971004486084,1.0,Tema Community 25 Estate,deep,lstm_mha,h672,2026-01-04T23:00:00,2026-01-18T23:00:00,2026-02-15T23:00:00,tensorflow,1344.0,42.0
2026-01-23 14:00:00,27.700000762939453,22.038463592529297,1.0,Tema Community 25 Estate,deep,lstm_mha,h672,2026-01-04T23:00:00,2026-01-18T23:00:00,2026-02-15T23:00:00,tensorflow,1344.0,42.0
2026-01-23 15:00:00,28.0,22.18245506286621,1.0,Tema Community 25 Estate,deep,lstm_mha,h672,2026-01-04T23:00:00,2026-01-18T23:00:00,2026-02-15T23:00:00,tensorflow,1344.0,42.0
2026-01-23 16:00:00,29.600000381469727,22.3145809173584,1.0,Tema Community 25 Estate,deep,lstm_mha,h672,2026-01-04T23:00:00,2026-01-18T23:00:00,2026-02-15T23:00:00,tensorflow,1344.0,42.0
2026-01-23 17:00:00,35.400001525878906,22.417940139770508,1.0,Tema Community 25 Estate,deep,lstm_mha,h672,2026-01-04T23:00:00,2026-01-18T23:00:00,2026-02-15T23:00:00,tensorflow,1344.0,42.0
2026-01-23 18:00:00,30.600000381469727,22.759450912475586,1.0,Tema Community 25 Estate,deep,lstm_mha,h672,2026-01-04T23:00:00,2026-01-18T23:00:00,2026-02-15T23:00:00,tensorflow,1344.0,42.0
2026-01-23 19:00:00,22.299999237060547,23.139507293701172,1.0,Tema Community 25 Estate,deep,lstm_mha,h672,2026-01-04T23:00:00,2026-01-18T23:00:00,2026-02-15T23:00:00,tensorflow,1344.0,42.0
2026-01-23 20:00:00,17.200000762939453,23.570446014404297,1.0,Tema Community 25 Estate,deep,lstm_mha,h672,2026-01-04T23:00:00,2026-01-18T23:00:00,2026-02-15T23:00:00,tensorflow,1344.0,42.0
2026-01-23 21:00:00,17.899999618530273,24.04944610595703,1.0,Tema Community 25 Estate,deep,lstm_mha,h672,2026-01-04T23:00:00,2026-01-18T23:00:00,2026-02-15T23:00:00,tensorflow,1344.0,42.0
2026-01-23 22:00:00,31.299999237060547,24.628908157348633,1.0,Tema Community 25 Estate,deep,lstm_mha,h672,2026-01-04T23:00:00,2026-01-18T23:00:00,2026-02-15T23:00:00,tensorflow,1344.0,42.0
2026-01-23 23:00:00,32.400001525878906,25.032363891601562,1.0,Tema Community 25 Estate,deep,lstm_mha,h672,2026-01-04T23:00:00,2026-01-18T23:00:00,2026-02-15T23:00:00,tensorflow,1344.0,42.0
2026-01-24 00:00:00,37.400001525878906,25.20261001586914,1.0,Tema Community 25 Estate,deep,lstm_mha,h672,2026-01-04T23:00:00,2026-01-18T23:00:00,2026-02-15T23:00:00,tensorflow,1344.0,42.0
2026-01-24 01:00:00,33.20000076293945,25.66790008544922,1.0,Tema Community 25 Estate,deep,lstm_mha,h672,2026-01-04T23:00:00,2026-01-18T23:00:00,2026-02-15T23:00:00,tensorflow,1344.0,42.0
2026-01-24 02:00:00,30.299999237060547,25.797855377197266,1.0,Tema Community 25 Estate,deep,lstm_mha,h672,2026-01-04T23:00:00,2026-01-18T23:00:00,2026-02-15T23:00:00,tensorflow,1344.0,42.0
2026-01-24 03:00:00,30.5,25.786096572875977,1.0,Tema Community 25 Estate,deep,lstm_mha,h672,2026-01-04T23:00:00,2026-01-18T23:00:00,2026-02-15T23:00:00,tensorflow,1344.0,42.0
2026-01-24 04:00:00,32.20000076293945,26.07878303527832,1.0,Tema Community 25 Estate,deep,lstm_mha,h672,2026-01-04T23:00:00,2026-01-18T23:00:00,2026-02-15T23:00:00,tensorflow,1344.0,42.0
2026-01-24 05:00:00,32.29999923706055,25.971050262451172,1.0,Tema Community 25 Estate,deep,lstm_mha,h672,2026-01-04T23:00:00,2026-01-18T23:00:00,2026-02-15T23:00:00,tensorflow,1344.0,42.0
2026-01-24 06:00:00,41.599998474121094,26.401681900024414,1.0,Tema Community 25 Estate,deep,lstm_mha,h672,2026-01-04T23:00:00,2026-01-18T23:00:00,2026-02-15T23:00:00,tensorflow,1344.0,42.0
2026-01-24 07:00:00,44.099998474121094,26.432043075561523,1.0,Tema Community 25 Estate,deep,lstm_mha,h672,2026-01-04T23:00:00,2026-01-18T23:00:00,2026-02-15T23:00:00,tensorflow,1344.0,42.0
2026-01-24 08:00:00,26.100000381469727,25.889963150024414,1.0,Tema Community 25 Estate,deep,lstm_mha,h672,2026-01-04T23:00:00,2026-01-18T23:00:00,2026-02-15T23:00:00,tensorflow,1344.0,42.0
2026-01-24 09:00:00,22.799999237060547,27.687789916992188,1.0,Tema Community 25 Estate,deep,lstm_mha,h672,2026-01-04T23:00:00,2026-01-18T23:00:00,2026-02-15T23:00:00,tensorflow,1344.0,42.0
2026-01-24 10:00:00,25.100000381469727,27.116931915283203,1.0,Tema Community 25 Estate,deep,lstm_mha,h672,2026-01-04T23:00:00,2026-01-18T23:00:00,2026-02-15T23:00:00,tensorflow,1344.0,42.0
2026-01-24 11:00:00,29.299999237060547,25.354751586914062,1.0,Tema Community 25 Estate,deep,lstm_mha,h672,2026-01-04T23:00:00,2026-01-18T23:00:00,2026-02-15T23:00:00,tensorflow,1344.0,42.0
2026-01-24 12:00:00,32.5,24.524873733520508,1.0,Tema Community 25 Estate,deep,lstm_mha,h672,2026-01-04T23:00:00,2026-01-18T23:00:00,2026-02-15T23:00:00,tensorflow,1344.0,42.0
2026-01-24 13:00:00,29.299999237060547,23.742971420288086,1.0,Tema Community 25 Estate,deep,lstm_mha,h672,2026-01-04T23:00:00,2026-01-18T23:00:00,2026-02-15T23:00:00,tensorflow,1344.0,42.0
2026-01-24 14:00:00,30.0,23.283071517944336,1.0,Tema Community 25 Estate,deep,lstm_mha,h672,2026-01-04T23:00:00,2026-01-18T23:00:00,2026-02-15T23:00:00,tensorflow,1344.0,42.0
2026-01-24 15:00:00,30.200000762939453,22.875465393066406,1.0,Tema Community 25 Estate,deep,lstm_mha,h672,2026-01-04T23:00:00,2026-01-18T23:00:00,2026-02-15T23:00:00,tensorflow,1344.0,42.0
2026-01-24 16:00:00,22.600000381469727,22.697265625,1.0,Tema Community 25 Estate,deep,lstm_mha,h672,2026-01-04T23:00:00,2026-01-18T23:00:00,2026-02-15T23:00:00,tensorflow,1344.0,42.0
2026-01-24 17:00:00,26.100000381469727,23.653701782226562,1.0,Tema Community 25 Estate,deep,lstm_mha,h672,2026-01-04T23:00:00,2026-01-18T23:00:00,2026-02-15T23:00:00,tensorflow,1344.0,42.0
2026-01-24 18:00:00,33.5,24.340791702270508,1.0,Tema Community 25 Estate,deep,lstm_mha,h672,2026-01-04T23:00:00,2026-01-18T23:00:00,2026-02-15T23:00:00,tensorflow,1344.0,42.0
2026-01-24 19:00:00,30.399999618530273,25.667400360107422,1.0,Tema Community 25 Estate,deep,lstm_mha,h672,2026-01-04T23:00:00,2026-01-18T23:00:00,2026-02-15T23:00:00,tensorflow,1344.0,42.0
2026-01-24 20:00:00,21.5,26.150856018066406,1.0,Tema Community 25 Estate,deep,lstm_mha,h672,2026-01-04T23:00:00,2026-01-18T23:00:00,2026-02-15T23:00:00,tensorflow,1344.0,42.0
2026-01-24 21:00:00,35.70000076293945,26.473703384399414,1.0,Tema Community 25 Estate,deep,lstm_mha,h672,2026-01-04T23:00:00,2026-01-18T23:00:00,2026-02-15T23:00:00,tensorflow,1344.0,42.0
2026-01-24 22:00:00,22.799999237060547,26.05854034423828,1.0,Tema Community 25 Estate,deep,lstm_mha,h672,2026-01-04T23:00:00,2026-01-18T23:00:00,2026-02-15T23:00:00,tensorflow,1344.0,42.0
2026-01-24 23:00:00,25.899999618530273,26.321685791015625,1.0,Tema Community 25 Estate,deep,lstm_mha,h672,2026-01-04T23:00:00,2026-01-18T23:00:00,2026-02-15T23:00:00,tensorflow,1344.0,42.0
2026-01-25 00:00:00,32.0,26.024568557739258,1.0,Tema Community 25 Estate,deep,lstm_mha,h672,2026-01-04T23:00:00,2026-01-18T23:00:00,2026-02-15T23:00:00,tensorflow,1344.0,42.0
2026-01-25 01:00:00,21.299999237060547,25.59204864501953,1.0,Tema Community 25 Estate,deep,lstm_mha,h672,2026-01-04T23:00:00,2026-01-18T23:00:00,2026-02-15T23:00:00,tensorflow,1344.0,42.0
2026-01-25 02:00:00,24.299999237060547,25.211864471435547,1.0,Tema Community 25 Estate,deep,lstm_mha,h672,2026-01-04T23:00:00,2026-01-18T23:00:00,2026-02-15T23:00:00,tensorflow,1344.0,42.0
2026-01-25 03:00:00,22.899999618530273,24.81631851196289,1.0,Tema Community 25 Estate,deep,lstm_mha,h672,2026-01-04T23:00:00,2026-01-18T23:00:00,2026-02-15T23:00:00,tensorflow,1344.0,42.0
2026-01-25 04:00:00,36.20000076293945,24.785884857177734,1.0,Tema Community 25 Estate,deep,lstm_mha,h672,2026-01-04T23:00:00,2026-01-18T23:00:00,2026-02-15T23:00:00,tensorflow,1344.0,42.0
2026-01-25 05:00:00,25.799999237060547,25.60248565673828,1.0,Tema Community 25 Estate,deep,lstm_mha,h672,2026-01-04T23:00:00,2026-01-18T23:00:00,2026-02-15T23:00:00,tensorflow,1344.0,42.0
2026-01-25 06:00:00,36.20000076293945,26.59210968017578,1.0,Tema Community 25 Estate,deep,lstm_mha,h672,2026-01-04T23:00:00,2026-01-18T23:00:00,2026-02-15T23:00:00,tensorflow,1344.0,42.0
2026-01-25 07:00:00,56.29999923706055,26.967092514038086,1.0,Tema Community 25 Estate,deep,lstm_mha,h672,2026-01-04T23:00:00,2026-01-18T23:00:00,2026-02-15T23:00:00,tensorflow,1344.0,42.0
2026-01-25 08:00:00,50.5,26.476720809936523,1.0,Tema Community 25 Estate,deep,lstm_mha,h672,2026-01-04T23:00:00,2026-01-18T23:00:00,2026-02-15T23:00:00,tensorflow,1344.0,42.0
2026-01-25 09:00:00,28.100000381469727,25.6273136138916,1.0,Tema Community 25 Estate,deep,lstm_mha,h672,2026-01-04T23:00:00,2026-01-18T23:00:00,2026-02-15T23:00:00,tensorflow,1344.0,42.0
2026-01-25 10:00:00,35.0,25.06995964050293,1.0,Tema Community 25 Estate,deep,lstm_mha,h672,2026-01-04T23:00:00,2026-01-18T23:00:00,2026-02-15T23:00:00,tensorflow,1344.0,42.0
2026-01-25 11:00:00,41.5,24.61095428466797,1.0,Tema Community 25 Estate,deep,lstm_mha,h672,2026-01-04T23:00:00,2026-01-18T23:00:00,2026-02-15T23:00:00,tensorflow,1344.0,42.0
2026-01-25 12:00:00,43.5,24.240875244140625,1.0,Tema Community 25 Estate,deep,lstm_mha,h672,2026-01-04T23:00:00,2026-01-18T23:00:00,2026-02-15T23:00:00,tensorflow,1344.0,42.0
2026-01-25 13:00:00,43.20000076293945,23.892080307006836,1.0,Tema Community 25 Estate,deep,lstm_mha,h672,2026-01-04T23:00:00,2026-01-18T23:00:00,2026-02-15T23:00:00,tensorflow,1344.0,42.0
2026-01-25 14:00:00,44.5,23.61758804321289,1.0,Tema Community 25 Estate,deep,lstm_mha,h672,2026-01-04T23:00:00,2026-01-18T23:00:00,2026-02-15T23:00:00,tensorflow,1344.0,42.0
2026-01-25 15:00:00,42.0,23.393882751464844,1.0,Tema Community 25 Estate,deep,lstm_mha,h672,2026-01-04T23:00:00,2026-01-18T23:00:00,2026-02-15T23:00:00,tensorflow,1344.0,42.0
2026-01-25 16:00:00,30.600000381469727,23.328405380249023,1.0,Tema Community 25 Estate,deep,lstm_mha,h672,2026-01-04T23:00:00,2026-01-18T23:00:00,2026-02-15T23:00:00,tensorflow,1344.0,42.0
2026-01-25 17:00:00,26.899999618530273,23.682836532592773,1.0,Tema Community 25 Estate,deep,lstm_mha,h672,2026-01-04T23:00:00,2026-01-18T23:00:00,2026-02-15T23:00:00,tensorflow,1344.0,42.0
2026-01-25 18:00:00,27.5,24.50758934020996,1.0,Tema Community 25 Estate,deep,lstm_mha,h672,2026-01-04T23:00:00,2026-01-18T23:00:00,2026-02-15T23:00:00,tensorflow,1344.0,42.0
2026-01-25 19:00:00,38.70000076293945,24.366762161254883,1.0,Tema Community 25 Estate,deep,lstm_mha,h672,2026-01-04T23:00:00,2026-01-18T23:00:00,2026-02-15T23:00:00,tensorflow,1344.0,42.0
2026-01-25 20:00:00,38.400001525878906,24.859760284423828,1.0,Tema Community 25 Estate,deep,lstm_mha,h672,2026-01-04T23:00:00,2026-01-18T23:00:00,2026-02-15T23:00:00,tensorflow,1344.0,42.0
2026-01-25 21:00:00,41.70000076293945,25.283203125,1.0,Tema Community 25 Estate,deep,lstm_mha,h672,2026-01-04T23:00:00,2026-01-18T23:00:00,2026-02-15T23:00:00,tensorflow,1344.0,42.0
2026-01-25 22:00:00,36.900001525878906,25.690114974975586,1.0,Tema Community 25 Estate,deep,lstm_mha,h672,2026-01-04T23:00:00,2026-01-18T23:00:00,2026-02-15T23:00:00,tensorflow,1344.0,42.0
2026-01-25 23:00:00,40.29999923706055,26.919462203979492,1.0,Tema Community 25 Estate,deep,lstm_mha,h672,2026-01-04T23:00:00,2026-01-18T23:00:00,2026-02-15T23:00:00,tensorflow,1344.0,42.0
2026-01-26 00:00:00,42.0,27.529300689697266,1.0,Tema Community 25 Estate,deep,lstm_mha,h672,2026-01-04T23:00:00,2026-01-18T23:00:00,2026-02-15T23:00:00,tensorflow,1344.0,42.0
2026-01-26 01:00:00,36.20000076293945,27.632068634033203,1.0,Tema Community 25 Estate,deep,lstm_mha,h672,2026-01-04T23:00:00,2026-01-18T23:00:00,2026-02-15T23:00:00,tensorflow,1344.0,42.0
2026-01-26 02:00:00,40.099998474121094,27.551176071166992,1.0,Tema Community 25 Estate,deep,lstm_mha,h672,2026-01-04T23:00:00,2026-01-18T23:00:00,2026-02-15T23:00:00,tensorflow,1344.0,42.0
2026-01-26 03:00:00,30.700000762939453,27.491357803344727,1.0,Tema Community 25 Estate,deep,lstm_mha,h672,2026-01-04T23:00:00,2026-01-18T23:00:00,2026-02-15T23:00:00,tensorflow,1344.0,42.0
2026-01-26 04:00:00,27.299999237060547,27.395063400268555,1.0,Tema Community 25 Estate,deep,lstm_mha,h672,2026-01-04T23:00:00,2026-01-18T23:00:00,2026-02-15T23:00:00,tensorflow,1344.0,42.0
2026-01-26 05:00:00,32.099998474121094,27.628849029541016,1.0,Tema Community 25 Estate,deep,lstm_mha,h672,2026-01-04T23:00:00,2026-01-18T23:00:00,2026-02-15T23:00:00,tensorflow,1344.0,42.0
2026-01-26 06:00:00,42.70000076293945,27.78949546813965,1.0,Tema Community 25 Estate,deep,lstm_mha,h672,2026-01-04T23:00:00,2026-01-18T23:00:00,2026-02-15T23:00:00,tensorflow,1344.0,42.0
2026-01-26 07:00:00,45.099998474121094,27.8132266998291,1.0,Tema Community 25 Estate,deep,lstm_mha,h672,2026-01-04T23:00:00,2026-01-18T23:00:00,2026-02-15T23:00:00,tensorflow,1344.0,42.0
2026-01-26 08:00:00,32.70000076293945,27.117666244506836,1.0,Tema Community 25 Estate,deep,lstm_mha,h672,2026-01-04T23:00:00,2026-01-18T23:00:00,2026-02-15T23:00:00,tensorflow,1344.0,42.0
2026-01-26 09:00:00,27.5,26.28095054626465,1.0,Tema Community 25 Estate,deep,lstm_mha,h672,2026-01-04T23:00:00,2026-01-18T23:00:00,2026-02-15T23:00:00,tensorflow,1344.0,42.0
2026-01-26 10:00:00,33.0,25.940649032592773,1.0,Tema Community 25 Estate,deep,lstm_mha,h672,2026-01-04T23:00:00,2026-01-18T23:00:00,2026-02-15T23:00:00,tensorflow,1344.0,42.0
2026-01-26 11:00:00,40.400001525878906,25.570913314819336,1.0,Tema Community 25 Estate,deep,lstm_mha,h672,2026-01-04T23:00:00,2026-01-18T23:00:00,2026-02-15T23:00:00,tensorflow,1344.0,42.0
2026-01-26 12:00:00,48.599998474121094,25.03366470336914,1.0,Tema Community 25 Estate,deep,lstm_mha,h672,2026-01-04T23:00:00,2026-01-18T23:00:00,2026-02-15T23:00:00,tensorflow,1344.0,42.0
2026-01-26 13:00:00,43.5,25.030689239501953,1.0,Tema Community 25 Estate,deep,lstm_mha,h672,2026-01-04T23:00:00,2026-01-18T23:00:00,2026-02-15T23:00:00,tensorflow,1344.0,42.0
2026-01-26 14:00:00,39.29999923706055,24.560537338256836,1.0,Tema Community 25 Estate,deep,lstm_mha,h672,2026-01-04T23:00:00,2026-01-18T23:00:00,2026-02-15T23:00:00,tensorflow,1344.0,42.0
2026-01-26 15:00:00,35.599998474121094,24.228158950805664,1.0,Tema Community 25 Estate,deep,lstm_mha,h672,2026-01-04T23:00:00,2026-01-18T23:00:00,2026-02-15T23:00:00,tensorflow,1344.0,42.0
2026-01-26 16:00:00,33.0,24.253406524658203,1.0,Tema Community 25 Estate,deep,lstm_mha,h672,2026-01-04T23:00:00,2026-01-18T23:00:00,2026-02-15T23:00:00,tensorflow,1344.0,42.0
2026-01-26 17:00:00,33.5,24.332979202270508,1.0,Tema Community 25 Estate,deep,lstm_mha,h672,2026-01-04T23:00:00,2026-01-18T23:00:00,2026-02-15T23:00:00,tensorflow,1344.0,42.0
2026-01-26 18:00:00,32.400001525878906,24.46523094177246,1.0,Tema Community 25 Estate,deep,lstm_mha,h672,2026-01-04T23:00:00,2026-01-18T23:00:00,2026-02-15T23:00:00,tensorflow,1344.0,42.0
2026-01-26 19:00:00,33.20000076293945,24.393564224243164,1.0,Tema Community 25 Estate,deep,lstm_mha,h672,2026-01-04T23:00:00,2026-01-18T23:00:00,2026-02-15T23:00:00,tensorflow,1344.0,42.0
2026-01-26 20:00:00,34.20000076293945,24.835872650146484,1.0,Tema Community 25 Estate,deep,lstm_mha,h672,2026-01-04T23:00:00,2026-01-18T23:00:00,2026-02-15T23:00:00,tensorflow,1344.0,42.0
2026-01-26 21:00:00,29.0,24.882568359375,1.0,Tema Community 25 Estate,deep,lstm_mha,h672,2026-01-04T23:00:00,2026-01-18T23:00:00,2026-02-15T23:00:00,tensorflow,1344.0,42.0
2026-01-26 22:00:00,32.29999923706055,24.277904510498047,1.0,Tema Community 25 Estate,deep,lstm_mha,h672,2026-01-04T23:00:00,2026-01-18T23:00:00,2026-02-15T23:00:00,tensorflow,1344.0,42.0
2026-01-26 23:00:00,32.400001525878906,25.074968338012695,1.0,Tema Community 25 Estate,deep,lstm_mha,h672,2026-01-04T23:00:00,2026-01-18T23:00:00,2026-02-15T23:00:00,tensorflow,1344.0,42.0
2026-01-27 00:00:00,29.100000381469727,26.184181213378906,1.0,Tema Community 25 Estate,deep,lstm_mha,h672,2026-01-04T23:00:00,2026-01-18T23:00:00,2026-02-15T23:00:00,tensorflow,1344.0,42.0
2026-01-27 01:00:00,32.20000076293945,26.455102920532227,1.0,Tema Community 25 Estate,deep,lstm_mha,h672,2026-01-04T23:00:00,2026-01-18T23:00:00,2026-02-15T23:00:00,tensorflow,1344.0,42.0
2026-01-27 02:00:00,29.299999237060547,26.759737014770508,1.0,Tema Community 25 Estate,deep,lstm_mha,h672,2026-01-04T23:00:00,2026-01-18T23:00:00,2026-02-15T23:00:00,tensorflow,1344.0,42.0
2026-01-27 03:00:00,26.399999618530273,27.005022048950195,1.0,Tema Community 25 Estate,deep,lstm_mha,h672,2026-01-04T23:00:00,2026-01-18T23:00:00,2026-02-15T23:00:00,tensorflow,1344.0,42.0
2026-01-27 04:00:00,44.900001525878906,27.83689308166504,1.0,Tema Community 25 Estate,deep,lstm_mha,h672,2026-01-04T23:00:00,2026-01-18T23:00:00,2026-02-15T23:00:00,tensorflow,1344.0,42.0
2026-01-27 05:00:00,36.400001525878906,28.705982208251953,1.0,Tema Community 25 Estate,deep,lstm_mha,h672,2026-01-04T23:00:00,2026-01-18T23:00:00,2026-02-15T23:00:00,tensorflow,1344.0,42.0
2026-01-27 06:00:00,44.599998474121094,29.599571228027344,1.0,Tema Community 25 Estate,deep,lstm_mha,h672,2026-01-04T23:00:00,2026-01-18T23:00:00,2026-02-15T23:00:00,tensorflow,1344.0,42.0
2026-01-27 07:00:00,43.29999923706055,29.731754302978516,1.0,Tema Community 25 Estate,deep,lstm_mha,h672,2026-01-04T23:00:00,2026-01-18T23:00:00,2026-02-15T23:00:00,tensorflow,1344.0,42.0
2026-01-27 08:00:00,35.5,28.88754653930664,1.0,Tema Community 25 Estate,deep,lstm_mha,h672,2026-01-04T23:00:00,2026-01-18T23:00:00,2026-02-15T23:00:00,tensorflow,1344.0,42.0
2026-01-27 09:00:00,34.20000076293945,27.37519645690918,1.0,Tema Community 25 Estate,deep,lstm_mha,h672,2026-01-04T23:00:00,2026-01-18T23:00:00,2026-02-15T23:00:00,tensorflow,1344.0,42.0
2026-01-27 10:00:00,35.599998474121094,27.046653747558594,1.0,Tema Community 25 Estate,deep,lstm_mha,h672,2026-01-04T23:00:00,2026-01-18T23:00:00,2026-02-15T23:00:00,tensorflow,1344.0,42.0
2026-01-27 11:00:00,38.0,26.055110931396484,1.0,Tema Community 25 Estate,deep,lstm_mha,h672,2026-01-04T23:00:00,2026-01-18T23:00:00,2026-02-15T23:00:00,tensorflow,1344.0,42.0
2026-01-27 12:00:00,52.900001525878906,25.44258689880371,1.0,Tema Community 25 Estate,deep,lstm_mha,h672,2026-01-04T23:00:00,2026-01-18T23:00:00,2026-02-15T23:00:00,tensorflow,1344.0,42.0
2026-01-27 13:00:00,51.20000076293945,25.444461822509766,1.0,Tema Community 25 Estate,deep,lstm_mha,h672,2026-01-04T23:00:00,2026-01-18T23:00:00,2026-02-15T23:00:00,tensorflow,1344.0,42.0
2026-01-27 14:00:00,42.70000076293945,25.37259864807129,1.0,Tema Community 25 Estate,deep,lstm_mha,h672,2026-01-04T23:00:00,2026-01-18T23:00:00,2026-02-15T23:00:00,tensorflow,1344.0,42.0
2026-01-27 15:00:00,41.70000076293945,25.210906982421875,1.0,Tema Community 25 Estate,deep,lstm_mha,h672,2026-01-04T23:00:00,2026-01-18T23:00:00,2026-02-15T23:00:00,tensorflow,1344.0,42.0
2026-01-27 16:00:00,35.5,24.893526077270508,1.0,Tema Community 25 Estate,deep,lstm_mha,h672,2026-01-04T23:00:00,2026-01-18T23:00:00,2026-02-15T23:00:00,tensorflow,1344.0,42.0
2026-01-27 17:00:00,31.600000381469727,25.020233154296875,1.0,Tema Community 25 Estate,deep,lstm_mha,h672,2026-01-04T23:00:00,2026-01-18T23:00:00,2026-02-15T23:00:00,tensorflow,1344.0,42.0
2026-01-27 18:00:00,38.099998474121094,25.341938018798828,1.0,Tema Community 25 Estate,deep,lstm_mha,h672,2026-01-04T23:00:00,2026-01-18T23:00:00,2026-02-15T23:00:00,tensorflow,1344.0,42.0
2026-01-27 19:00:00,51.099998474121094,26.081268310546875,1.0,Tema Community 25 Estate,deep,lstm_mha,h672,2026-01-04T23:00:00,2026-01-18T23:00:00,2026-02-15T23:00:00,tensorflow,1344.0,42.0
2026-01-27 20:00:00,40.400001525878906,26.295927047729492,1.0,Tema Community 25 Estate,deep,lstm_mha,h672,2026-01-04T23:00:00,2026-01-18T23:00:00,2026-02-15T23:00:00,tensorflow,1344.0,42.0
2026-01-27 21:00:00,37.20000076293945,26.50139617919922,1.0,Tema Community 25 Estate,deep,lstm_mha,h672,2026-01-04T23:00:00,2026-01-18T23:00:00,2026-02-15T23:00:00,tensorflow,1344.0,42.0
2026-01-27 22:00:00,35.099998474121094,26.7419376373291,1.0,Tema Community 25 Estate,deep,lstm_mha,h672,2026-01-04T23:00:00,2026-01-18T23:00:00,2026-02-15T23:00:00,tensorflow,1344.0,42.0
2026-01-27 23:00:00,37.70000076293945,27.261018753051758,1.0,Tema Community 25 Estate,deep,lstm_mha,h672,2026-01-04T23:00:00,2026-01-18T23:00:00,2026-02-15T23:00:00,tensorflow,1344.0,42.0
2026-01-28 00:00:00,32.900001525878906,27.6551456451416,1.0,Tema Community 25 Estate,deep,lstm_mha,h672,2026-01-04T23:00:00,2026-01-18T23:00:00,2026-02-15T23:00:00,tensorflow,1344.0,42.0
2026-01-28 01:00:00,32.20000076293945,28.099727630615234,1.0,Tema Community 25 Estate,deep,lstm_mha,h672,2026-01-04T23:00:00,2026-01-18T23:00:00,2026-02-15T23:00:00,tensorflow,1344.0,42.0
2026-01-28 02:00:00,32.20000076293945,28.35197639465332,1.0,Tema Community 25 Estate,deep,lstm_mha,h672,2026-01-04T23:00:00,2026-01-18T23:00:00,2026-02-15T23:00:00,tensorflow,1344.0,42.0
2026-01-28 03:00:00,30.299999237060547,28.235681533813477,1.0,Tema Community 25 Estate,deep,lstm_mha,h672,2026-01-04T23:00:00,2026-01-18T23:00:00,2026-02-15T23:00:00,tensorflow,1344.0,42.0
2026-01-28 04:00:00,32.0,28.28151512145996,1.0,Tema Community 25 Estate,deep,lstm_mha,h672,2026-01-04T23:00:00,2026-01-18T23:00:00,2026-02-15T23:00:00,tensorflow,1344.0,42.0
2026-01-28 05:00:00,39.599998474121094,28.545787811279297,1.0,Tema Community 25 Estate,deep,lstm_mha,h672,2026-01-04T23:00:00,2026-01-18T23:00:00,2026-02-15T23:00:00,tensorflow,1344.0,42.0
2026-01-28 06:00:00,45.20000076293945,29.32566261291504,1.0,Tema Community 25 Estate,deep,lstm_mha,h672,2026-01-04T23:00:00,2026-01-18T23:00:00,2026-02-15T23:00:00,tensorflow,1344.0,42.0
2026-01-28 07:00:00,47.79999923706055,28.501901626586914,1.0,Tema Community 25 Estate,deep,lstm_mha,h672,2026-01-04T23:00:00,2026-01-18T23:00:00,2026-02-15T23:00:00,tensorflow,1344.0,42.0
2026-01-28 08:00:00,44.900001525878906,27.820751190185547,1.0,Tema Community 25 Estate,deep,lstm_mha,h672,2026-01-04T23:00:00,2026-01-18T23:00:00,2026-02-15T23:00:00,tensorflow,1344.0,42.0
2026-01-28 09:00:00,41.099998474121094,27.404117584228516,1.0,Tema Community 25 Estate,deep,lstm_mha,h672,2026-01-04T23:00:00,2026-01-18T23:00:00,2026-02-15T23:00:00,tensorflow,1344.0,42.0
2026-01-28 10:00:00,39.900001525878906,26.097755432128906,1.0,Tema Community 25 Estate,deep,lstm_mha,h672,2026-01-04T23:00:00,2026-01-18T23:00:00,2026-02-15T23:00:00,tensorflow,1344.0,42.0
2026-01-28 11:00:00,44.29999923706055,25.380142211914062,1.0,Tema Community 25 Estate,deep,lstm_mha,h672,2026-01-04T23:00:00,2026-01-18T23:00:00,2026-02-15T23:00:00,tensorflow,1344.0,42.0
2026-01-28 12:00:00,58.29999923706055,25.002676010131836,1.0,Tema Community 25 Estate,deep,lstm_mha,h672,2026-01-04T23:00:00,2026-01-18T23:00:00,2026-02-15T23:00:00,tensorflow,1344.0,42.0
2026-01-28 13:00:00,59.0,25.01382827758789,1.0,Tema Community 25 Estate,deep,lstm_mha,h672,2026-01-04T23:00:00,2026-01-18T23:00:00,2026-02-15T23:00:00,tensorflow,1344.0,42.0
2026-01-28 14:00:00,54.79999923706055,24.832420349121094,1.0,Tema Community 25 Estate,deep,lstm_mha,h672,2026-01-04T23:00:00,2026-01-18T23:00:00,2026-02-15T23:00:00,tensorflow,1344.0,42.0
2026-01-28 15:00:00,46.70000076293945,24.7174015045166,1.0,Tema Community 25 Estate,deep,lstm_mha,h672,2026-01-04T23:00:00,2026-01-18T23:00:00,2026-02-15T23:00:00,tensorflow,1344.0,42.0
2026-01-28 16:00:00,39.29999923706055,24.705080032348633,1.0,Tema Community 25 Estate,deep,lstm_mha,h672,2026-01-04T23:00:00,2026-01-18T23:00:00,2026-02-15T23:00:00,tensorflow,1344.0,42.0
2026-01-28 17:00:00,40.79999923706055,25.037464141845703,1.0,Tema Community 25 Estate,deep,lstm_mha,h672,2026-01-04T23:00:00,2026-01-18T23:00:00,2026-02-15T23:00:00,tensorflow,1344.0,42.0
2026-01-28 18:00:00,39.099998474121094,25.165210723876953,1.0,Tema Community 25 Estate,deep,lstm_mha,h672,2026-01-04T23:00:00,2026-01-18T23:00:00,2026-02-15T23:00:00,tensorflow,1344.0,42.0
2026-01-28 19:00:00,42.900001525878906,25.25599479675293,1.0,Tema Community 25 Estate,deep,lstm_mha,h672,2026-01-04T23:00:00,2026-01-18T23:00:00,2026-02-15T23:00:00,tensorflow,1344.0,42.0
2026-01-28 20:00:00,37.29999923706055,25.312822341918945,1.0,Tema Community 25 Estate,deep,lstm_mha,h672,2026-01-04T23:00:00,2026-01-18T23:00:00,2026-02-15T23:00:00,tensorflow,1344.0,42.0
2026-01-28 21:00:00,46.400001525878906,25.45309829711914,1.0,Tema Community 25 Estate,deep,lstm_mha,h672,2026-01-04T23:00:00,2026-01-18T23:00:00,2026-02-15T23:00:00,tensorflow,1344.0,42.0
2026-01-28 22:00:00,46.599998474121094,26.365968704223633,1.0,Tema Community 25 Estate,deep,lstm_mha,h672,2026-01-04T23:00:00,2026-01-18T23:00:00,2026-02-15T23:00:00,tensorflow,1344.0,42.0
2026-01-28 23:00:00,43.29999923706055,27.523250579833984,1.0,Tema Community 25 Estate,deep,lstm_mha,h672,2026-01-04T23:00:00,2026-01-18T23:00:00,2026-02-15T23:00:00,tensorflow,1344.0,42.0
2026-01-29 00:00:00,38.400001525878906,28.444124221801758,1.0,Tema Community 25 Estate,deep,lstm_mha,h672,2026-01-04T23:00:00,2026-01-18T23:00:00,2026-02-15T23:00:00,tensorflow,1344.0,42.0
2026-01-29 01:00:00,40.599998474121094,28.883563995361328,1.0,Tema Community 25 Estate,deep,lstm_mha,h672,2026-01-04T23:00:00,2026-01-18T23:00:00,2026-02-15T23:00:00,tensorflow,1344.0,42.0
2026-01-29 02:00:00,36.5,28.916521072387695,1.0,Tema Community 25 Estate,deep,lstm_mha,h672,2026-01-04T23:00:00,2026-01-18T23:00:00,2026-02-15T23:00:00,tensorflow,1344.0,42.0
2026-01-29 03:00:00,30.399999618530273,29.022464752197266,1.0,Tema Community 25 Estate,deep,lstm_mha,h672,2026-01-04T23:00:00,2026-01-18T23:00:00,2026-02-15T23:00:00,tensorflow,1344.0,42.0
2026-01-29 04:00:00,34.900001525878906,29.115951538085938,1.0,Tema Community 25 Estate,deep,lstm_mha,h672,2026-01-04T23:00:00,2026-01-18T23:00:00,2026-02-15T23:00:00,tensorflow,1344.0,42.0
2026-01-29 05:00:00,45.599998474121094,29.20363426208496,1.0,Tema Community 25 Estate,deep,lstm_mha,h672,2026-01-04T23:00:00,2026-01-18T23:00:00,2026-02-15T23:00:00,tensorflow,1344.0,42.0
2026-01-29 06:00:00,57.5,29.33638572692871,1.0,Tema Community 25 Estate,deep,lstm_mha,h672,2026-01-04T23:00:00,2026-01-18T23:00:00,2026-02-15T23:00:00,tensorflow,1344.0,42.0
2026-01-29 07:00:00,54.099998474121094,29.120227813720703,1.0,Tema Community 25 Estate,deep,lstm_mha,h672,2026-01-04T23:00:00,2026-01-18T23:00:00,2026-02-15T23:00:00,tensorflow,1344.0,42.0
2026-01-29 08:00:00,44.099998474121094,28.569713592529297,1.0,Tema Community 25 Estate,deep,lstm_mha,h672,2026-01-04T23:00:00,2026-01-18T23:00:00,2026-02-15T23:00:00,tensorflow,1344.0,42.0
2026-01-29 09:00:00,38.900001525878906,27.546396255493164,1.0,Tema Community 25 Estate,deep,lstm_mha,h672,2026-01-04T23:00:00,2026-01-18T23:00:00,2026-02-15T23:00:00,tensorflow,1344.0,42.0
2026-01-29 10:00:00,37.0,27.08995246887207,1.0,Tema Community 25 Estate,deep,lstm_mha,h672,2026-01-04T23:00:00,2026-01-18T23:00:00,2026-02-15T23:00:00,tensorflow,1344.0,42.0
2026-01-29 11:00:00,36.099998474121094,26.878948211669922,1.0,Tema Community 25 Estate,deep,lstm_mha,h672,2026-01-04T23:00:00,2026-01-18T23:00:00,2026-02-15T23:00:00,tensorflow,1344.0,42.0
2026-01-29 12:00:00,37.79999923706055,26.451444625854492,1.0,Tema Community 25 Estate,deep,lstm_mha,h672,2026-01-04T23:00:00,2026-01-18T23:00:00,2026-02-15T23:00:00,tensorflow,1344.0,42.0
2026-01-29 13:00:00,48.900001525878906,26.435543060302734,1.0,Tema Community 25 Estate,deep,lstm_mha,h672,2026-01-04T23:00:00,2026-01-18T23:00:00,2026-02-15T23:00:00,tensorflow,1344.0,42.0
2026-01-29 14:00:00,41.099998474121094,26.36065101623535,1.0,Tema Community 25 Estate,deep,lstm_mha,h672,2026-01-04T23:00:00,2026-01-18T23:00:00,2026-02-15T23:00:00,tensorflow,1344.0,42.0
2026-01-29 15:00:00,34.599998474121094,26.27092170715332,1.0,Tema Community 25 Estate,deep,lstm_mha,h672,2026-01-04T23:00:00,2026-01-18T23:00:00,2026-02-15T23:00:00,tensorflow,1344.0,42.0
2026-01-29 16:00:00,34.70000076293945,26.246112823486328,1.0,Tema Community 25 Estate,deep,lstm_mha,h672,2026-01-04T23:00:00,2026-01-18T23:00:00,2026-02-15T23:00:00,tensorflow,1344.0,42.0
2026-01-29 17:00:00,38.79999923706055,26.189393997192383,1.0,Tema Community 25 Estate,deep,lstm_mha,h672,2026-01-04T23:00:00,2026-01-18T23:00:00,2026-02-15T23:00:00,tensorflow,1344.0,42.0
2026-01-29 18:00:00,39.900001525878906,27.268131256103516,1.0,Tema Community 25 Estate,deep,lstm_mha,h672,2026-01-04T23:00:00,2026-01-18T23:00:00,2026-02-15T23:00:00,tensorflow,1344.0,42.0
2026-01-29 19:00:00,38.099998474121094,27.949495315551758,1.0,Tema Community 25 Estate,deep,lstm_mha,h672,2026-01-04T23:00:00,2026-01-18T23:00:00,2026-02-15T23:00:00,tensorflow,1344.0,42.0
2026-01-29 20:00:00,33.599998474121094,28.30364990234375,1.0,Tema Community 25 Estate,deep,lstm_mha,h672,2026-01-04T23:00:00,2026-01-18T23:00:00,2026-02-15T23:00:00,tensorflow,1344.0,42.0
2026-01-29 21:00:00,31.0,29.17142105102539,1.0,Tema Community 25 Estate,deep,lstm_mha,h672,2026-01-04T23:00:00,2026-01-18T23:00:00,2026-02-15T23:00:00,tensorflow,1344.0,42.0
2026-01-29 22:00:00,29.899999618530273,29.544347763061523,1.0,Tema Community 25 Estate,deep,lstm_mha,h672,2026-01-04T23:00:00,2026-01-18T23:00:00,2026-02-15T23:00:00,tensorflow,1344.0,42.0
2026-01-29 23:00:00,29.899999618530273,30.10422134399414,1.0,Tema Community 25 Estate,deep,lstm_mha,h672,2026-01-04T23:00:00,2026-01-18T23:00:00,2026-02-15T23:00:00,tensorflow,1344.0,42.0
2026-01-30 00:00:00,29.899999618530273,29.912824630737305,1.0,Tema Community 25 Estate,deep,lstm_mha,h672,2026-01-04T23:00:00,2026-01-18T23:00:00,2026-02-15T23:00:00,tensorflow,1344.0,42.0
2026-01-30 01:00:00,28.399999618530273,29.35042381286621,1.0,Tema Community 25 Estate,deep,lstm_mha,h672,2026-01-04T23:00:00,2026-01-18T23:00:00,2026-02-15T23:00:00,tensorflow,1344.0,42.0
2026-01-30 02:00:00,27.5,28.84513282775879,1.0,Tema Community 25 Estate,deep,lstm_mha,h672,2026-01-04T23:00:00,2026-01-18T23:00:00,2026-02-15T23:00:00,tensorflow,1344.0,42.0
2026-01-30 03:00:00,28.799999237060547,28.764925003051758,1.0,Tema Community 25 Estate,deep,lstm_mha,h672,2026-01-04T23:00:00,2026-01-18T23:00:00,2026-02-15T23:00:00,tensorflow,1344.0,42.0
2026-01-30 04:00:00,30.799999237060547,28.555124282836914,1.0,Tema Community 25 Estate,deep,lstm_mha,h672,2026-01-04T23:00:00,2026-01-18T23:00:00,2026-02-15T23:00:00,tensorflow,1344.0,42.0
2026-01-30 05:00:00,36.599998474121094,28.0582275390625,1.0,Tema Community 25 Estate,deep,lstm_mha,h672,2026-01-04T23:00:00,2026-01-18T23:00:00,2026-02-15T23:00:00,tensorflow,1344.0,42.0
2026-01-30 06:00:00,43.70000076293945,27.93518829345703,1.0,Tema Community 25 Estate,deep,lstm_mha,h672,2026-01-04T23:00:00,2026-01-18T23:00:00,2026-02-15T23:00:00,tensorflow,1344.0,42.0
2026-01-30 07:00:00,40.099998474121094,28.334274291992188,1.0,Tema Community 25 Estate,deep,lstm_mha,h672,2026-01-04T23:00:00,2026-01-18T23:00:00,2026-02-15T23:00:00,tensorflow,1344.0,42.0
2026-01-30 08:00:00,31.799999237060547,28.33494758605957,1.0,Tema Community 25 Estate,deep,lstm_mha,h672,2026-01-04T23:00:00,2026-01-18T23:00:00,2026-02-15T23:00:00,tensorflow,1344.0,42.0
2026-01-30 09:00:00,27.899999618530273,27.872699737548828,1.0,Tema Community 25 Estate,deep,lstm_mha,h672,2026-01-04T23:00:00,2026-01-18T23:00:00,2026-02-15T23:00:00,tensorflow,1344.0,42.0
2026-01-30 10:00:00,29.299999237060547,26.574764251708984,1.0,Tema Community 25 Estate,deep,lstm_mha,h672,2026-01-04T23:00:00,2026-01-18T23:00:00,2026-02-15T23:00:00,tensorflow,1344.0,42.0
2026-01-30 11:00:00,30.399999618530273,26.350929260253906,1.0,Tema Community 25 Estate,deep,lstm_mha,h672,2026-01-04T23:00:00,2026-01-18T23:00:00,2026-02-15T23:00:00,tensorflow,1344.0,42.0
2026-01-30 12:00:00,34.29999923706055,26.352005004882812,1.0,Tema Community 25 Estate,deep,lstm_mha,h672,2026-01-04T23:00:00,2026-01-18T23:00:00,2026-02-15T23:00:00,tensorflow,1344.0,42.0
2026-01-30 13:00:00,36.70000076293945,26.19814109802246,1.0,Tema Community 25 Estate,deep,lstm_mha,h672,2026-01-04T23:00:00,2026-01-18T23:00:00,2026-02-15T23:00:00,tensorflow,1344.0,42.0
2026-01-30 14:00:00,35.400001525878906,25.72800636291504,1.0,Tema Community 25 Estate,deep,lstm_mha,h672,2026-01-04T23:00:00,2026-01-18T23:00:00,2026-02-15T23:00:00,tensorflow,1344.0,42.0
2026-01-30 15:00:00,32.599998474121094,25.79670524597168,1.0,Tema Community 25 Estate,deep,lstm_mha,h672,2026-01-04T23:00:00,2026-01-18T23:00:00,2026-02-15T23:00:00,tensorflow,1344.0,42.0
2026-01-30 16:00:00,31.799999237060547,26.188926696777344,1.0,Tema Community 25 Estate,deep,lstm_mha,h672,2026-01-04T23:00:00,2026-01-18T23:00:00,2026-02-15T23:00:00,tensorflow,1344.0,42.0
2026-01-30 17:00:00,40.0,26.96388816833496,1.0,Tema Community 25 Estate,deep,lstm_mha,h672,2026-01-04T23:00:00,2026-01-18T23:00:00,2026-02-15T23:00:00,tensorflow,1344.0,42.0
2026-01-30 18:00:00,37.70000076293945,27.721378326416016,1.0,Tema Community 25 Estate,deep,lstm_mha,h672,2026-01-04T23:00:00,2026-01-18T23:00:00,2026-02-15T23:00:00,tensorflow,1344.0,42.0
2026-01-30 19:00:00,33.0,27.77609634399414,1.0,Tema Community 25 Estate,deep,lstm_mha,h672,2026-01-04T23:00:00,2026-01-18T23:00:00,2026-02-15T23:00:00,tensorflow,1344.0,42.0
2026-01-30 20:00:00,32.70000076293945,27.841951370239258,1.0,Tema Community 25 Estate,deep,lstm_mha,h672,2026-01-04T23:00:00,2026-01-18T23:00:00,2026-02-15T23:00:00,tensorflow,1344.0,42.0
2026-01-30 21:00:00,34.79999923706055,28.47243881225586,1.0,Tema Community 25 Estate,deep,lstm_mha,h672,2026-01-04T23:00:00,2026-01-18T23:00:00,2026-02-15T23:00:00,tensorflow,1344.0,42.0
2026-01-30 22:00:00,29.700000762939453,28.17296600341797,1.0,Tema Community 25 Estate,deep,lstm_mha,h672,2026-01-04T23:00:00,2026-01-18T23:00:00,2026-02-15T23:00:00,tensorflow,1344.0,42.0
2026-01-30 23:00:00,30.700000762939453,28.292104721069336,1.0,Tema Community 25 Estate,deep,lstm_mha,h672,2026-01-04T23:00:00,2026-01-18T23:00:00,2026-02-15T23:00:00,tensorflow,1344.0,42.0
2026-01-31 00:00:00,26.799999237060547,28.247108459472656,1.0,Tema Community 25 Estate,deep,lstm_mha,h672,2026-01-04T23:00:00,2026-01-18T23:00:00,2026-02-15T23:00:00,tensorflow,1344.0,42.0
2026-01-31 01:00:00,41.5,28.822433471679688,1.0,Tema Community 25 Estate,deep,lstm_mha,h672,2026-01-04T23:00:00,2026-01-18T23:00:00,2026-02-15T23:00:00,tensorflow,1344.0,42.0
2026-01-31 02:00:00,35.79999923706055,29.03725242614746,1.0,Tema Community 25 Estate,deep,lstm_mha,h672,2026-01-04T23:00:00,2026-01-18T23:00:00,2026-02-15T23:00:00,tensorflow,1344.0,42.0
2026-01-31 03:00:00,33.29999923706055,28.675796508789062,1.0,Tema Community 25 Estate,deep,lstm_mha,h672,2026-01-04T23:00:00,2026-01-18T23:00:00,2026-02-15T23:00:00,tensorflow,1344.0,42.0
2026-01-31 04:00:00,33.599998474121094,28.68947982788086,1.0,Tema Community 25 Estate,deep,lstm_mha,h672,2026-01-04T23:00:00,2026-01-18T23:00:00,2026-02-15T23:00:00,tensorflow,1344.0,42.0
2026-01-31 05:00:00,39.599998474121094,29.536481857299805,1.0,Tema Community 25 Estate,deep,lstm_mha,h672,2026-01-04T23:00:00,2026-01-18T23:00:00,2026-02-15T23:00:00,tensorflow,1344.0,42.0
2026-01-31 06:00:00,46.79999923706055,30.41101837158203,1.0,Tema Community 25 Estate,deep,lstm_mha,h672,2026-01-04T23:00:00,2026-01-18T23:00:00,2026-02-15T23:00:00,tensorflow,1344.0,42.0
2026-01-31 07:00:00,46.0,30.481185913085938,1.0,Tema Community 25 Estate,deep,lstm_mha,h672,2026-01-04T23:00:00,2026-01-18T23:00:00,2026-02-15T23:00:00,tensorflow,1344.0,42.0
2026-01-31 08:00:00,39.70000076293945,29.445314407348633,1.0,Tema Community 25 Estate,deep,lstm_mha,h672,2026-01-04T23:00:00,2026-01-18T23:00:00,2026-02-15T23:00:00,tensorflow,1344.0,42.0
2026-01-31 09:00:00,39.0,28.030254364013672,1.0,Tema Community 25 Estate,deep,lstm_mha,h672,2026-01-04T23:00:00,2026-01-18T23:00:00,2026-02-15T23:00:00,tensorflow,1344.0,42.0
2026-01-31 10:00:00,39.79999923706055,26.828838348388672,1.0,Tema Community 25 Estate,deep,lstm_mha,h672,2026-01-04T23:00:00,2026-01-18T23:00:00,2026-02-15T23:00:00,tensorflow,1344.0,42.0
2026-01-31 11:00:00,40.900001525878906,26.359933853149414,1.0,Tema Community 25 Estate,deep,lstm_mha,h672,2026-01-04T23:00:00,2026-01-18T23:00:00,2026-02-15T23:00:00,tensorflow,1344.0,42.0
2026-01-31 12:00:00,33.29999923706055,25.908538818359375,1.0,Tema Community 25 Estate,deep,lstm_mha,h672,2026-01-04T23:00:00,2026-01-18T23:00:00,2026-02-15T23:00:00,tensorflow,1344.0,42.0
2026-01-31 13:00:00,29.899999618530273,25.86273956298828,1.0,Tema Community 25 Estate,deep,lstm_mha,h672,2026-01-04T23:00:00,2026-01-18T23:00:00,2026-02-15T23:00:00,tensorflow,1344.0,42.0
2026-01-31 14:00:00,29.299999237060547,25.48613929748535,1.0,Tema Community 25 Estate,deep,lstm_mha,h672,2026-01-04T23:00:00,2026-01-18T23:00:00,2026-02-15T23:00:00,tensorflow,1344.0,42.0
2026-01-31 15:00:00,29.799999237060547,25.05361557006836,1.0,Tema Community 25 Estate,deep,lstm_mha,h672,2026-01-04T23:00:00,2026-01-18T23:00:00,2026-02-15T23:00:00,tensorflow,1344.0,42.0
2026-01-31 16:00:00,32.599998474121094,24.741212844848633,1.0,Tema Community 25 Estate,deep,lstm_mha,h672,2026-01-04T23:00:00,2026-01-18T23:00:00,2026-02-15T23:00:00,tensorflow,1344.0,42.0
2026-01-31 17:00:00,35.0,25.245935440063477,1.0,Tema Community 25 Estate,deep,lstm_mha,h672,2026-01-04T23:00:00,2026-01-18T23:00:00,2026-02-15T23:00:00,tensorflow,1344.0,42.0
2026-01-31 18:00:00,33.099998474121094,25.81367301940918,1.0,Tema Community 25 Estate,deep,lstm_mha,h672,2026-01-04T23:00:00,2026-01-18T23:00:00,2026-02-15T23:00:00,tensorflow,1344.0,42.0
2026-01-31 19:00:00,30.600000381469727,27.54176139831543,1.0,Tema Community 25 Estate,deep,lstm_mha,h672,2026-01-04T23:00:00,2026-01-18T23:00:00,2026-02-15T23:00:00,tensorflow,1344.0,42.0
2026-01-31 20:00:00,30.600000381469727,27.569355010986328,1.0,Tema Community 25 Estate,deep,lstm_mha,h672,2026-01-04T23:00:00,2026-01-18T23:00:00,2026-02-15T23:00:00,tensorflow,1344.0,42.0
2026-01-31 21:00:00,28.200000762939453,27.541767120361328,1.0,Tema Community 25 Estate,deep,lstm_mha,h672,2026-01-04T23:00:00,2026-01-18T23:00:00,2026-02-15T23:00:00,tensorflow,1344.0,42.0
2026-01-31 22:00:00,28.100000381469727,27.650558471679688,1.0,Tema Community 25 Estate,deep,lstm_mha,h672,2026-01-04T23:00:00,2026-01-18T23:00:00,2026-02-15T23:00:00,tensorflow,1344.0,42.0
2026-01-31 23:00:00,26.299999237060547,27.82518768310547,1.0,Tema Community 25 Estate,deep,lstm_mha,h672,2026-01-04T23:00:00,2026-01-18T23:00:00,2026-02-15T23:00:00,tensorflow,1344.0,42.0
2026-02-01 00:00:00,28.0,28.933361053466797,1.0,Tema Community 25 Estate,deep,lstm_mha,h672,2026-01-04T23:00:00,2026-01-18T23:00:00,2026-02-15T23:00:00,tensorflow,1344.0,42.0
2026-02-01 01:00:00,24.799999237060547,29.745357513427734,1.0,Tema Community 25 Estate,deep,lstm_mha,h672,2026-01-04T23:00:00,2026-01-18T23:00:00,2026-02-15T23:00:00,tensorflow,1344.0,42.0
2026-02-01 02:00:00,24.899999618530273,30.25506019592285,1.0,Tema Community 25 Estate,deep,lstm_mha,h672,2026-01-04T23:00:00,2026-01-18T23:00:00,2026-02-15T23:00:00,tensorflow,1344.0,42.0
2026-02-01 03:00:00,26.600000381469727,29.91486167907715,1.0,Tema Community 25 Estate,deep,lstm_mha,h672,2026-01-04T23:00:00,2026-01-18T23:00:00,2026-02-15T23:00:00,tensorflow,1344.0,42.0
2026-02-01 04:00:00,24.700000762939453,30.34813690185547,1.0,Tema Community 25 Estate,deep,lstm_mha,h672,2026-01-04T23:00:00,2026-01-18T23:00:00,2026-02-15T23:00:00,tensorflow,1344.0,42.0
2026-02-01 05:00:00,25.200000762939453,30.086143493652344,1.0,Tema Community 25 Estate,deep,lstm_mha,h672,2026-01-04T23:00:00,2026-01-18T23:00:00,2026-02-15T23:00:00,tensorflow,1344.0,42.0
2026-02-01 06:00:00,43.20000076293945,29.877180099487305,1.0,Tema Community 25 Estate,deep,lstm_mha,h672,2026-01-04T23:00:00,2026-01-18T23:00:00,2026-02-15T23:00:00,tensorflow,1344.0,42.0
2026-02-01 07:00:00,39.400001525878906,29.397300720214844,1.0,Tema Community 25 Estate,deep,lstm_mha,h672,2026-01-04T23:00:00,2026-01-18T23:00:00,2026-02-15T23:00:00,tensorflow,1344.0,42.0
2026-02-01 08:00:00,35.400001525878906,28.459014892578125,1.0,Tema Community 25 Estate,deep,lstm_mha,h672,2026-01-04T23:00:00,2026-01-18T23:00:00,2026-02-15T23:00:00,tensorflow,1344.0,42.0
2026-02-01 09:00:00,33.900001525878906,27.850290298461914,1.0,Tema Community 25 Estate,deep,lstm_mha,h672,2026-01-04T23:00:00,2026-01-18T23:00:00,2026-02-15T23:00:00,tensorflow,1344.0,42.0
2026-02-01 10:00:00,39.0,27.562137603759766,1.0,Tema Community 25 Estate,deep,lstm_mha,h672,2026-01-04T23:00:00,2026-01-18T23:00:00,2026-02-15T23:00:00,tensorflow,1344.0,42.0
2026-02-01 11:00:00,39.599998474121094,27.01619529724121,1.0,Tema Community 25 Estate,deep,lstm_mha,h672,2026-01-04T23:00:00,2026-01-18T23:00:00,2026-02-15T23:00:00,tensorflow,1344.0,42.0
2026-02-01 12:00:00,28.700000762939453,26.754467010498047,1.0,Tema Community 25 Estate,deep,lstm_mha,h672,2026-01-04T23:00:00,2026-01-18T23:00:00,2026-02-15T23:00:00,tensorflow,1344.0,42.0
2026-02-01 13:00:00,24.399999618530273,26.77083396911621,1.0,Tema Community 25 Estate,deep,lstm_mha,h672,2026-01-04T23:00:00,2026-01-18T23:00:00,2026-02-15T23:00:00,tensorflow,1344.0,42.0
2026-02-01 14:00:00,22.399999618530273,26.34161376953125,1.0,Tema Community 25 Estate,deep,lstm_mha,h672,2026-01-04T23:00:00,2026-01-18T23:00:00,2026-02-15T23:00:00,tensorflow,1344.0,42.0
2026-02-01 15:00:00,25.899999618530273,26.591176986694336,1.0,Tema Community 25 Estate,deep,lstm_mha,h672,2026-01-04T23:00:00,2026-01-18T23:00:00,2026-02-15T23:00:00,tensorflow,1344.0,42.0
2026-02-01 16:00:00,17.5,26.53459358215332,1.0,Tema Community 25 Estate,deep,lstm_mha,h672,2026-01-04T23:00:00,2026-01-18T23:00:00,2026-02-15T23:00:00,tensorflow,1344.0,42.0
2026-02-01 17:00:00,22.899999618530273,26.761289596557617,1.0,Tema Community 25 Estate,deep,lstm_mha,h672,2026-01-04T23:00:00,2026-01-18T23:00:00,2026-02-15T23:00:00,tensorflow,1344.0,42.0
2026-02-01 18:00:00,26.600000381469727,26.866172790527344,1.0,Tema Community 25 Estate,deep,lstm_mha,h672,2026-01-04T23:00:00,2026-01-18T23:00:00,2026-02-15T23:00:00,tensorflow,1344.0,42.0
2026-02-01 19:00:00,27.100000381469727,26.782474517822266,1.0,Tema Community 25 Estate,deep,lstm_mha,h672,2026-01-04T23:00:00,2026-01-18T23:00:00,2026-02-15T23:00:00,tensorflow,1344.0,42.0
2026-02-01 20:00:00,24.5,26.96379280090332,1.0,Tema Community 25 Estate,deep,lstm_mha,h672,2026-01-04T23:00:00,2026-01-18T23:00:00,2026-02-15T23:00:00,tensorflow,1344.0,42.0
2026-02-01 21:00:00,32.099998474121094,27.459434509277344,1.0,Tema Community 25 Estate,deep,lstm_mha,h672,2026-01-04T23:00:00,2026-01-18T23:00:00,2026-02-15T23:00:00,tensorflow,1344.0,42.0
2026-02-01 22:00:00,25.700000762939453,28.196460723876953,1.0,Tema Community 25 Estate,deep,lstm_mha,h672,2026-01-04T23:00:00,2026-01-18T23:00:00,2026-02-15T23:00:00,tensorflow,1344.0,42.0
2026-02-01 23:00:00,24.299999237060547,28.75152587890625,1.0,Tema Community 25 Estate,deep,lstm_mha,h672,2026-01-04T23:00:00,2026-01-18T23:00:00,2026-02-15T23:00:00,tensorflow,1344.0,42.0
2026-02-02 00:00:00,27.899999618530273,29.18427276611328,1.0,Tema Community 25 Estate,deep,lstm_mha,h672,2026-01-04T23:00:00,2026-01-18T23:00:00,2026-02-15T23:00:00,tensorflow,1344.0,42.0
2026-02-02 01:00:00,24.899999618530273,29.600370407104492,1.0,Tema Community 25 Estate,deep,lstm_mha,h672,2026-01-04T23:00:00,2026-01-18T23:00:00,2026-02-15T23:00:00,tensorflow,1344.0,42.0
2026-02-02 02:00:00,21.600000381469727,29.9623966217041,1.0,Tema Community 25 Estate,deep,lstm_mha,h672,2026-01-04T23:00:00,2026-01-18T23:00:00,2026-02-15T23:00:00,tensorflow,1344.0,42.0
2026-02-02 03:00:00,24.399999618530273,29.20965003967285,1.0,Tema Community 25 Estate,deep,lstm_mha,h672,2026-01-04T23:00:00,2026-01-18T23:00:00,2026-02-15T23:00:00,tensorflow,1344.0,42.0
2026-02-02 04:00:00,22.0,28.912878036499023,1.0,Tema Community 25 Estate,deep,lstm_mha,h672,2026-01-04T23:00:00,2026-01-18T23:00:00,2026-02-15T23:00:00,tensorflow,1344.0,42.0
2026-02-02 05:00:00,38.5,29.295377731323242,1.0,Tema Community 25 Estate,deep,lstm_mha,h672,2026-01-04T23:00:00,2026-01-18T23:00:00,2026-02-15T23:00:00,tensorflow,1344.0,42.0
2026-02-02 06:00:00,42.29999923706055,29.511138916015625,1.0,Tema Community 25 Estate,deep,lstm_mha,h672,2026-01-04T23:00:00,2026-01-18T23:00:00,2026-02-15T23:00:00,tensorflow,1344.0,42.0
2026-02-02 07:00:00,51.0,29.050127029418945,1.0,Tema Community 25 Estate,deep,lstm_mha,h672,2026-01-04T23:00:00,2026-01-18T23:00:00,2026-02-15T23:00:00,tensorflow,1344.0,42.0
2026-02-02 08:00:00,30.200000762939453,28.127979278564453,1.0,Tema Community 25 Estate,deep,lstm_mha,h672,2026-01-04T23:00:00,2026-01-18T23:00:00,2026-02-15T23:00:00,tensorflow,1344.0,42.0
2026-02-02 09:00:00,31.100000381469727,27.773344039916992,1.0,Tema Community 25 Estate,deep,lstm_mha,h672,2026-01-04T23:00:00,2026-01-18T23:00:00,2026-02-15T23:00:00,tensorflow,1344.0,42.0
2026-02-02 10:00:00,32.79999923706055,27.831026077270508,1.0,Tema Community 25 Estate,deep,lstm_mha,h672,2026-01-04T23:00:00,2026-01-18T23:00:00,2026-02-15T23:00:00,tensorflow,1344.0,42.0
2026-02-02 11:00:00,26.799999237060547,27.74264907836914,1.0,Tema Community 25 Estate,deep,lstm_mha,h672,2026-01-04T23:00:00,2026-01-18T23:00:00,2026-02-15T23:00:00,tensorflow,1344.0,42.0
2026-02-02 12:00:00,24.100000381469727,27.42188262939453,1.0,Tema Community 25 Estate,deep,lstm_mha,h672,2026-01-04T23:00:00,2026-01-18T23:00:00,2026-02-15T23:00:00,tensorflow,1344.0,42.0
2026-02-02 13:00:00,24.600000381469727,27.2063045501709,1.0,Tema Community 25 Estate,deep,lstm_mha,h672,2026-01-04T23:00:00,2026-01-18T23:00:00,2026-02-15T23:00:00,tensorflow,1344.0,42.0
2026-02-02 14:00:00,24.5,27.054645538330078,1.0,Tema Community 25 Estate,deep,lstm_mha,h672,2026-01-04T23:00:00,2026-01-18T23:00:00,2026-02-15T23:00:00,tensorflow,1344.0,42.0
2026-02-02 15:00:00,28.600000381469727,26.882604598999023,1.0,Tema Community 25 Estate,deep,lstm_mha,h672,2026-01-04T23:00:00,2026-01-18T23:00:00,2026-02-15T23:00:00,tensorflow,1344.0,42.0
2026-02-02 16:00:00,28.0,26.839496612548828,1.0,Tema Community 25 Estate,deep,lstm_mha,h672,2026-01-04T23:00:00,2026-01-18T23:00:00,2026-02-15T23:00:00,tensorflow,1344.0,42.0
2026-02-02 17:00:00,30.700000762939453,27.2823486328125,1.0,Tema Community 25 Estate,deep,lstm_mha,h672,2026-01-04T23:00:00,2026-01-18T23:00:00,2026-02-15T23:00:00,tensorflow,1344.0,42.0
2026-02-02 18:00:00,28.399999618530273,27.73393440246582,1.0,Tema Community 25 Estate,deep,lstm_mha,h672,2026-01-04T23:00:00,2026-01-18T23:00:00,2026-02-15T23:00:00,tensorflow,1344.0,42.0
2026-02-02 19:00:00,30.200000762939453,28.018142700195312,1.0,Tema Community 25 Estate,deep,lstm_mha,h672,2026-01-04T23:00:00,2026-01-18T23:00:00,2026-02-15T23:00:00,tensorflow,1344.0,42.0
2026-02-02 20:00:00,31.100000381469727,28.231237411499023,1.0,Tema Community 25 Estate,deep,lstm_mha,h672,2026-01-04T23:00:00,2026-01-18T23:00:00,2026-02-15T23:00:00,tensorflow,1344.0,42.0
2026-02-02 21:00:00,31.399999618530273,28.49732208251953,1.0,Tema Community 25 Estate,deep,lstm_mha,h672,2026-01-04T23:00:00,2026-01-18T23:00:00,2026-02-15T23:00:00,tensorflow,1344.0,42.0
2026-02-02 22:00:00,28.5,28.6372127532959,1.0,Tema Community 25 Estate,deep,lstm_mha,h672,2026-01-04T23:00:00,2026-01-18T23:00:00,2026-02-15T23:00:00,tensorflow,1344.0,42.0
2026-02-02 23:00:00,38.5,28.98546600341797,1.0,Tema Community 25 Estate,deep,lstm_mha,h672,2026-01-04T23:00:00,2026-01-18T23:00:00,2026-02-15T23:00:00,tensorflow,1344.0,42.0
2026-02-03 00:00:00,36.400001525878906,28.902080535888672,1.0,Tema Community 25 Estate,deep,lstm_mha,h672,2026-01-04T23:00:00,2026-01-18T23:00:00,2026-02-15T23:00:00,tensorflow,1344.0,42.0
2026-02-03 01:00:00,31.899999618530273,28.81570053100586,1.0,Tema Community 25 Estate,deep,lstm_mha,h672,2026-01-04T23:00:00,2026-01-18T23:00:00,2026-02-15T23:00:00,tensorflow,1344.0,42.0
2026-02-03 02:00:00,26.299999237060547,28.96495819091797,1.0,Tema Community 25 Estate,deep,lstm_mha,h672,2026-01-04T23:00:00,2026-01-18T23:00:00,2026-02-15T23:00:00,tensorflow,1344.0,42.0
2026-02-03 03:00:00,23.899999618530273,29.242586135864258,1.0,Tema Community 25 Estate,deep,lstm_mha,h672,2026-01-04T23:00:00,2026-01-18T23:00:00,2026-02-15T23:00:00,tensorflow,1344.0,42.0
2026-02-03 04:00:00,29.700000762939453,29.240459442138672,1.0,Tema Community 25 Estate,deep,lstm_mha,h672,2026-01-04T23:00:00,2026-01-18T23:00:00,2026-02-15T23:00:00,tensorflow,1344.0,42.0
2026-02-03 05:00:00,28.200000762939453,29.39771842956543,1.0,Tema Community 25 Estate,deep,lstm_mha,h672,2026-01-04T23:00:00,2026-01-18T23:00:00,2026-02-15T23:00:00,tensorflow,1344.0,42.0
2026-02-03 06:00:00,30.899999618530273,29.71225929260254,1.0,Tema Community 25 Estate,deep,lstm_mha,h672,2026-01-04T23:00:00,2026-01-18T23:00:00,2026-02-15T23:00:00,tensorflow,1344.0,42.0
2026-02-03 07:00:00,35.0,29.455419540405273,1.0,Tema Community 25 Estate,deep,lstm_mha,h672,2026-01-04T23:00:00,2026-01-18T23:00:00,2026-02-15T23:00:00,tensorflow,1344.0,42.0
2026-02-03 08:00:00,25.5,28.82909393310547,1.0,Tema Community 25 Estate,deep,lstm_mha,h672,2026-01-04T23:00:00,2026-01-18T23:00:00,2026-02-15T23:00:00,tensorflow,1344.0,42.0
2026-02-03 09:00:00,29.700000762939453,28.390573501586914,1.0,Tema Community 25 Estate,deep,lstm_mha,h672,2026-01-04T23:00:00,2026-01-18T23:00:00,2026-02-15T23:00:00,tensorflow,1344.0,42.0
2026-02-03 10:00:00,29.600000381469727,27.903839111328125,1.0,Tema Community 25 Estate,deep,lstm_mha,h672,2026-01-04T23:00:00,2026-01-18T23:00:00,2026-02-15T23:00:00,tensorflow,1344.0,42.0
2026-02-03 11:00:00,36.20000076293945,27.651866912841797,1.0,Tema Community 25 Estate,deep,lstm_mha,h672,2026-01-04T23:00:00,2026-01-18T23:00:00,2026-02-15T23:00:00,tensorflow,1344.0,42.0
2026-02-03 12:00:00,25.899999618530273,27.759214401245117,1.0,Tema Community 25 Estate,deep,lstm_mha,h672,2026-01-04T23:00:00,2026-01-18T23:00:00,2026-02-15T23:00:00,tensorflow,1344.0,42.0
2026-02-03 13:00:00,22.600000381469727,27.786624908447266,1.0,Tema Community 25 Estate,deep,lstm_mha,h672,2026-01-04T23:00:00,2026-01-18T23:00:00,2026-02-15T23:00:00,tensorflow,1344.0,42.0
2026-02-03 14:00:00,23.700000762939453,27.518817901611328,1.0,Tema Community 25 Estate,deep,lstm_mha,h672,2026-01-04T23:00:00,2026-01-18T23:00:00,2026-02-15T23:00:00,tensorflow,1344.0,42.0
2026-02-03 15:00:00,22.5,27.26552391052246,1.0,Tema Community 25 Estate,deep,lstm_mha,h672,2026-01-04T23:00:00,2026-01-18T23:00:00,2026-02-15T23:00:00,tensorflow,1344.0,42.0
2026-02-03 16:00:00,31.0,27.404035568237305,1.0,Tema Community 25 Estate,deep,lstm_mha,h672,2026-01-04T23:00:00,2026-01-18T23:00:00,2026-02-15T23:00:00,tensorflow,1344.0,42.0
2026-02-03 17:00:00,31.799999237060547,27.856706619262695,1.0,Tema Community 25 Estate,deep,lstm_mha,h672,2026-01-04T23:00:00,2026-01-18T23:00:00,2026-02-15T23:00:00,tensorflow,1344.0,42.0
2026-02-03 18:00:00,25.799999237060547,28.64396858215332,1.0,Tema Community 25 Estate,deep,lstm_mha,h672,2026-01-04T23:00:00,2026-01-18T23:00:00,2026-02-15T23:00:00,tensorflow,1344.0,42.0
2026-02-03 19:00:00,43.5,28.594022750854492,1.0,Tema Community 25 Estate,deep,lstm_mha,h672,2026-01-04T23:00:00,2026-01-18T23:00:00,2026-02-15T23:00:00,tensorflow,1344.0,42.0
2026-02-03 20:00:00,60.599998474121094,28.637723922729492,1.0,Tema Community 25 Estate,deep,lstm_mha,h672,2026-01-04T23:00:00,2026-01-18T23:00:00,2026-02-15T23:00:00,tensorflow,1344.0,42.0
2026-02-03 21:00:00,53.79999923706055,29.005098342895508,1.0,Tema Community 25 Estate,deep,lstm_mha,h672,2026-01-04T23:00:00,2026-01-18T23:00:00,2026-02-15T23:00:00,tensorflow,1344.0,42.0
2026-02-03 22:00:00,41.5,28.970232009887695,1.0,Tema Community 25 Estate,deep,lstm_mha,h672,2026-01-04T23:00:00,2026-01-18T23:00:00,2026-02-15T23:00:00,tensorflow,1344.0,42.0
2026-02-03 23:00:00,35.599998474121094,29.029865264892578,1.0,Tema Community 25 Estate,deep,lstm_mha,h672,2026-01-04T23:00:00,2026-01-18T23:00:00,2026-02-15T23:00:00,tensorflow,1344.0,42.0
2026-02-04 00:00:00,22.899999618530273,28.802474975585938,1.0,Tema Community 25 Estate,deep,lstm_mha,h672,2026-01-04T23:00:00,2026-01-18T23:00:00,2026-02-15T23:00:00,tensorflow,1344.0,42.0
2026-02-04 01:00:00,21.299999237060547,28.823272705078125,1.0,Tema Community 25 Estate,deep,lstm_mha,h672,2026-01-04T23:00:00,2026-01-18T23:00:00,2026-02-15T23:00:00,tensorflow,1344.0,42.0
2026-02-04 02:00:00,24.700000762939453,28.90943717956543,1.0,Tema Community 25 Estate,deep,lstm_mha,h672,2026-01-04T23:00:00,2026-01-18T23:00:00,2026-02-15T23:00:00,tensorflow,1344.0,42.0
2026-02-04 03:00:00,30.5,28.994234085083008,1.0,Tema Community 25 Estate,deep,lstm_mha,h672,2026-01-04T23:00:00,2026-01-18T23:00:00,2026-02-15T23:00:00,tensorflow,1344.0,42.0
2026-01-18 23:00:00,44.79999923706055,33.44817352294922,1.0,Tema Community 3 SSNIT Flat,deep,lstm_mha,h672,2026-01-04T23:00:00,2026-01-18T23:00:00,2026-02-15T23:00:00,tensorflow,1344.0,42.0
2026-01-19 00:00:00,53.900001525878906,34.02195358276367,1.0,Tema Community 3 SSNIT Flat,deep,lstm_mha,h672,2026-01-04T23:00:00,2026-01-18T23:00:00,2026-02-15T23:00:00,tensorflow,1344.0,42.0
2026-01-19 01:00:00,81.0,35.62678909301758,1.0,Tema Community 3 SSNIT Flat,deep,lstm_mha,h672,2026-01-04T23:00:00,2026-01-18T23:00:00,2026-02-15T23:00:00,tensorflow,1344.0,42.0
2026-01-19 02:00:00,78.4000015258789,36.42763137817383,1.0,Tema Community 3 SSNIT Flat,deep,lstm_mha,h672,2026-01-04T23:00:00,2026-01-18T23:00:00,2026-02-15T23:00:00,tensorflow,1344.0,42.0
2026-01-19 03:00:00,44.20000076293945,36.351741790771484,1.0,Tema Community 3 SSNIT Flat,deep,lstm_mha,h672,2026-01-04T23:00:00,2026-01-18T23:00:00,2026-02-15T23:00:00,tensorflow,1344.0,42.0
2026-01-19 04:00:00,44.5,36.4150390625,1.0,Tema Community 3 SSNIT Flat,deep,lstm_mha,h672,2026-01-04T23:00:00,2026-01-18T23:00:00,2026-02-15T23:00:00,tensorflow,1344.0,42.0
2026-01-19 05:00:00,45.400001525878906,36.58782958984375,1.0,Tema Community 3 SSNIT Flat,deep,lstm_mha,h672,2026-01-04T23:00:00,2026-01-18T23:00:00,2026-02-15T23:00:00,tensorflow,1344.0,42.0
2026-01-19 06:00:00,57.0,36.419410705566406,1.0,Tema Community 3 SSNIT Flat,deep,lstm_mha,h672,2026-01-04T23:00:00,2026-01-18T23:00:00,2026-02-15T23:00:00,tensorflow,1344.0,42.0
2026-01-19 07:00:00,51.5,36.01075744628906,1.0,Tema Community 3 SSNIT Flat,deep,lstm_mha,h672,2026-01-04T23:00:00,2026-01-18T23:00:00,2026-02-15T23:00:00,tensorflow,1344.0,42.0
2026-01-19 08:00:00,50.79999923706055,35.5670051574707,1.0,Tema Community 3 SSNIT Flat,deep,lstm_mha,h672,2026-01-04T23:00:00,2026-01-18T23:00:00,2026-02-15T23:00:00,tensorflow,1344.0,42.0
2026-01-19 09:00:00,50.599998474121094,34.37760543823242,1.0,Tema Community 3 SSNIT Flat,deep,lstm_mha,h672,2026-01-04T23:00:00,2026-01-18T23:00:00,2026-02-15T23:00:00,tensorflow,1344.0,42.0
2026-01-19 10:00:00,37.5,33.48155975341797,1.0,Tema Community 3 SSNIT Flat,deep,lstm_mha,h672,2026-01-04T23:00:00,2026-01-18T23:00:00,2026-02-15T23:00:00,tensorflow,1344.0,42.0
2026-01-19 11:00:00,35.70000076293945,32.65994644165039,1.0,Tema Community 3 SSNIT Flat,deep,lstm_mha,h672,2026-01-04T23:00:00,2026-01-18T23:00:00,2026-02-15T23:00:00,tensorflow,1344.0,42.0
2026-01-19 12:00:00,37.70000076293945,32.15912628173828,1.0,Tema Community 3 SSNIT Flat,deep,lstm_mha,h672,2026-01-04T23:00:00,2026-01-18T23:00:00,2026-02-15T23:00:00,tensorflow,1344.0,42.0
2026-01-19 13:00:00,34.099998474121094,31.700410842895508,1.0,Tema Community 3 SSNIT Flat,deep,lstm_mha,h672,2026-01-04T23:00:00,2026-01-18T23:00:00,2026-02-15T23:00:00,tensorflow,1344.0,42.0
2026-01-19 14:00:00,34.5,31.367036819458008,1.0,Tema Community 3 SSNIT Flat,deep,lstm_mha,h672,2026-01-04T23:00:00,2026-01-18T23:00:00,2026-02-15T23:00:00,tensorflow,1344.0,42.0
2026-01-19 15:00:00,37.099998474121094,31.78626251220703,1.0,Tema Community 3 SSNIT Flat,deep,lstm_mha,h672,2026-01-04T23:00:00,2026-01-18T23:00:00,2026-02-15T23:00:00,tensorflow,1344.0,42.0
2026-01-19 16:00:00,34.599998474121094,33.02478790283203,1.0,Tema Community 3 SSNIT Flat,deep,lstm_mha,h672,2026-01-04T23:00:00,2026-01-18T23:00:00,2026-02-15T23:00:00,tensorflow,1344.0,42.0
2026-01-19 17:00:00,34.29999923706055,32.910675048828125,1.0,Tema Community 3 SSNIT Flat,deep,lstm_mha,h672,2026-01-04T23:00:00,2026-01-18T23:00:00,2026-02-15T23:00:00,tensorflow,1344.0,42.0
2026-01-19 18:00:00,35.099998474121094,33.101478576660156,1.0,Tema Community 3 SSNIT Flat,deep,lstm_mha,h672,2026-01-04T23:00:00,2026-01-18T23:00:00,2026-02-15T23:00:00,tensorflow,1344.0,42.0
2026-01-19 19:00:00,35.29999923706055,33.38096237182617,1.0,Tema Community 3 SSNIT Flat,deep,lstm_mha,h672,2026-01-04T23:00:00,2026-01-18T23:00:00,2026-02-15T23:00:00,tensorflow,1344.0,42.0
2026-01-19 20:00:00,32.900001525878906,33.77787780761719,1.0,Tema Community 3 SSNIT Flat,deep,lstm_mha,h672,2026-01-04T23:00:00,2026-01-18T23:00:00,2026-02-15T23:00:00,tensorflow,1344.0,42.0
2026-01-19 21:00:00,33.79999923706055,34.47865295410156,1.0,Tema Community 3 SSNIT Flat,deep,lstm_mha,h672,2026-01-04T23:00:00,2026-01-18T23:00:00,2026-02-15T23:00:00,tensorflow,1344.0,42.0
2026-01-19 22:00:00,34.099998474121094,34.57423782348633,1.0,Tema Community 3 SSNIT Flat,deep,lstm_mha,h672,2026-01-04T23:00:00,2026-01-18T23:00:00,2026-02-15T23:00:00,tensorflow,1344.0,42.0
2026-01-19 23:00:00,32.5,36.051368713378906,1.0,Tema Community 3 SSNIT Flat,deep,lstm_mha,h672,2026-01-04T23:00:00,2026-01-18T23:00:00,2026-02-15T23:00:00,tensorflow,1344.0,42.0
2026-01-20 00:00:00,36.900001525878906,36.91529846191406,1.0,Tema Community 3 SSNIT Flat,deep,lstm_mha,h672,2026-01-04T23:00:00,2026-01-18T23:00:00,2026-02-15T23:00:00,tensorflow,1344.0,42.0
2026-01-20 01:00:00,34.900001525878906,37.60310745239258,1.0,Tema Community 3 SSNIT Flat,deep,lstm_mha,h672,2026-01-04T23:00:00,2026-01-18T23:00:00,2026-02-15T23:00:00,tensorflow,1344.0,42.0
2026-01-20 02:00:00,39.099998474121094,37.272056579589844,1.0,Tema Community 3 SSNIT Flat,deep,lstm_mha,h672,2026-01-04T23:00:00,2026-01-18T23:00:00,2026-02-15T23:00:00,tensorflow,1344.0,42.0
2026-01-20 03:00:00,41.599998474121094,36.891563415527344,1.0,Tema Community 3 SSNIT Flat,deep,lstm_mha,h672,2026-01-04T23:00:00,2026-01-18T23:00:00,2026-02-15T23:00:00,tensorflow,1344.0,42.0
2026-01-20 04:00:00,38.29999923706055,36.659324645996094,1.0,Tema Community 3 SSNIT Flat,deep,lstm_mha,h672,2026-01-04T23:00:00,2026-01-18T23:00:00,2026-02-15T23:00:00,tensorflow,1344.0,42.0
2026-01-20 05:00:00,40.79999923706055,36.6477165222168,1.0,Tema Community 3 SSNIT Flat,deep,lstm_mha,h672,2026-01-04T23:00:00,2026-01-18T23:00:00,2026-02-15T23:00:00,tensorflow,1344.0,42.0
2026-01-20 06:00:00,42.900001525878906,36.510528564453125,1.0,Tema Community 3 SSNIT Flat,deep,lstm_mha,h672,2026-01-04T23:00:00,2026-01-18T23:00:00,2026-02-15T23:00:00,tensorflow,1344.0,42.0
2026-01-20 07:00:00,44.099998474121094,36.1634635925293,1.0,Tema Community 3 SSNIT Flat,deep,lstm_mha,h672,2026-01-04T23:00:00,2026-01-18T23:00:00,2026-02-15T23:00:00,tensorflow,1344.0,42.0
2026-01-20 08:00:00,42.400001525878906,35.334537506103516,1.0,Tema Community 3 SSNIT Flat,deep,lstm_mha,h672,2026-01-04T23:00:00,2026-01-18T23:00:00,2026-02-15T23:00:00,tensorflow,1344.0,42.0
2026-01-20 09:00:00,40.29999923706055,34.60086441040039,1.0,Tema Community 3 SSNIT Flat,deep,lstm_mha,h672,2026-01-04T23:00:00,2026-01-18T23:00:00,2026-02-15T23:00:00,tensorflow,1344.0,42.0
2026-01-20 10:00:00,33.599998474121094,33.9234619140625,1.0,Tema Community 3 SSNIT Flat,deep,lstm_mha,h672,2026-01-04T23:00:00,2026-01-18T23:00:00,2026-02-15T23:00:00,tensorflow,1344.0,42.0
2026-01-20 11:00:00,29.700000762939453,33.17744445800781,1.0,Tema Community 3 SSNIT Flat,deep,lstm_mha,h672,2026-01-04T23:00:00,2026-01-18T23:00:00,2026-02-15T23:00:00,tensorflow,1344.0,42.0
2026-01-20 12:00:00,29.399999618530273,33.030033111572266,1.0,Tema Community 3 SSNIT Flat,deep,lstm_mha,h672,2026-01-04T23:00:00,2026-01-18T23:00:00,2026-02-15T23:00:00,tensorflow,1344.0,42.0
2026-01-20 13:00:00,25.799999237060547,32.21699142456055,1.0,Tema Community 3 SSNIT Flat,deep,lstm_mha,h672,2026-01-04T23:00:00,2026-01-18T23:00:00,2026-02-15T23:00:00,tensorflow,1344.0,42.0
2026-01-20 14:00:00,26.299999237060547,31.548736572265625,1.0,Tema Community 3 SSNIT Flat,deep,lstm_mha,h672,2026-01-04T23:00:00,2026-01-18T23:00:00,2026-02-15T23:00:00,tensorflow,1344.0,42.0
2026-01-20 15:00:00,46.20000076293945,31.4130916595459,1.0,Tema Community 3 SSNIT Flat,deep,lstm_mha,h672,2026-01-04T23:00:00,2026-01-18T23:00:00,2026-02-15T23:00:00,tensorflow,1344.0,42.0
2026-01-20 16:00:00,28.5,31.472362518310547,1.0,Tema Community 3 SSNIT Flat,deep,lstm_mha,h672,2026-01-04T23:00:00,2026-01-18T23:00:00,2026-02-15T23:00:00,tensorflow,1344.0,42.0
2026-01-20 17:00:00,28.100000381469727,31.88557243347168,1.0,Tema Community 3 SSNIT Flat,deep,lstm_mha,h672,2026-01-04T23:00:00,2026-01-18T23:00:00,2026-02-15T23:00:00,tensorflow,1344.0,42.0
2026-01-20 18:00:00,45.20000076293945,32.41704177856445,1.0,Tema Community 3 SSNIT Flat,deep,lstm_mha,h672,2026-01-04T23:00:00,2026-01-18T23:00:00,2026-02-15T23:00:00,tensorflow,1344.0,42.0
2026-01-20 19:00:00,42.5,32.638545989990234,1.0,Tema Community 3 SSNIT Flat,deep,lstm_mha,h672,2026-01-04T23:00:00,2026-01-18T23:00:00,2026-02-15T23:00:00,tensorflow,1344.0,42.0
2026-01-20 20:00:00,34.79999923706055,32.563472747802734,1.0,Tema Community 3 SSNIT Flat,deep,lstm_mha,h672,2026-01-04T23:00:00,2026-01-18T23:00:00,2026-02-15T23:00:00,tensorflow,1344.0,42.0
2026-01-20 21:00:00,29.600000381469727,32.946136474609375,1.0,Tema Community 3 SSNIT Flat,deep,lstm_mha,h672,2026-01-04T23:00:00,2026-01-18T23:00:00,2026-02-15T23:00:00,tensorflow,1344.0,42.0
2026-01-20 22:00:00,6.900000095367432,33.07278060913086,1.0,Tema Community 3 SSNIT Flat,deep,lstm_mha,h672,2026-01-04T23:00:00,2026-01-18T23:00:00,2026-02-15T23:00:00,tensorflow,1344.0,42.0
2026-01-20 23:00:00,3.700000047683716,33.516746520996094,1.0,Tema Community 3 SSNIT Flat,deep,lstm_mha,h672,2026-01-04T23:00:00,2026-01-18T23:00:00,2026-02-15T23:00:00,tensorflow,1344.0,42.0
2026-01-21 00:00:00,7.900000095367432,33.98640823364258,1.0,Tema Community 3 SSNIT Flat,deep,lstm_mha,h672,2026-01-04T23:00:00,2026-01-18T23:00:00,2026-02-15T23:00:00,tensorflow,1344.0,42.0
2026-01-21 01:00:00,16.5,35.015960693359375,1.0,Tema Community 3 SSNIT Flat,deep,lstm_mha,h672,2026-01-04T23:00:00,2026-01-18T23:00:00,2026-02-15T23:00:00,tensorflow,1344.0,42.0
2026-01-21 02:00:00,26.100000381469727,35.740020751953125,1.0,Tema Community 3 SSNIT Flat,deep,lstm_mha,h672,2026-01-04T23:00:00,2026-01-18T23:00:00,2026-02-15T23:00:00,tensorflow,1344.0,42.0
2026-01-21 03:00:00,39.900001525878906,36.85693359375,1.0,Tema Community 3 SSNIT Flat,deep,lstm_mha,h672,2026-01-04T23:00:00,2026-01-18T23:00:00,2026-02-15T23:00:00,tensorflow,1344.0,42.0
2026-01-21 04:00:00,61.29999923706055,37.33085632324219,1.0,Tema Community 3 SSNIT Flat,deep,lstm_mha,h672,2026-01-04T23:00:00,2026-01-18T23:00:00,2026-02-15T23:00:00,tensorflow,1344.0,42.0
2026-01-21 05:00:00,40.599998474121094,36.65472412109375,1.0,Tema Community 3 SSNIT Flat,deep,lstm_mha,h672,2026-01-04T23:00:00,2026-01-18T23:00:00,2026-02-15T23:00:00,tensorflow,1344.0,42.0
2026-01-21 06:00:00,87.80000305175781,36.75815200805664,1.0,Tema Community 3 SSNIT Flat,deep,lstm_mha,h672,2026-01-04T23:00:00,2026-01-18T23:00:00,2026-02-15T23:00:00,tensorflow,1344.0,42.0
2026-01-21 07:00:00,67.9000015258789,35.88618087768555,1.0,Tema Community 3 SSNIT Flat,deep,lstm_mha,h672,2026-01-04T23:00:00,2026-01-18T23:00:00,2026-02-15T23:00:00,tensorflow,1344.0,42.0
2026-01-21 08:00:00,35.900001525878906,35.0910758972168,1.0,Tema Community 3 SSNIT Flat,deep,lstm_mha,h672,2026-01-04T23:00:00,2026-01-18T23:00:00,2026-02-15T23:00:00,tensorflow,1344.0,42.0
2026-01-21 09:00:00,32.79999923706055,34.042137145996094,1.0,Tema Community 3 SSNIT Flat,deep,lstm_mha,h672,2026-01-04T23:00:00,2026-01-18T23:00:00,2026-02-15T23:00:00,tensorflow,1344.0,42.0
2026-01-21 10:00:00,34.099998474121094,33.11893081665039,1.0,Tema Community 3 SSNIT Flat,deep,lstm_mha,h672,2026-01-04T23:00:00,2026-01-18T23:00:00,2026-02-15T23:00:00,tensorflow,1344.0,42.0
2026-01-21 11:00:00,34.70000076293945,32.46124267578125,1.0,Tema Community 3 SSNIT Flat,deep,lstm_mha,h672,2026-01-04T23:00:00,2026-01-18T23:00:00,2026-02-15T23:00:00,tensorflow,1344.0,42.0
2026-01-21 12:00:00,31.899999618530273,31.794979095458984,1.0,Tema Community 3 SSNIT Flat,deep,lstm_mha,h672,2026-01-04T23:00:00,2026-01-18T23:00:00,2026-02-15T23:00:00,tensorflow,1344.0,42.0
2026-01-21 13:00:00,25.799999237060547,31.135086059570312,1.0,Tema Community 3 SSNIT Flat,deep,lstm_mha,h672,2026-01-04T23:00:00,2026-01-18T23:00:00,2026-02-15T23:00:00,tensorflow,1344.0,42.0
2026-01-21 14:00:00,30.700000762939453,30.7551212310791,1.0,Tema Community 3 SSNIT Flat,deep,lstm_mha,h672,2026-01-04T23:00:00,2026-01-18T23:00:00,2026-02-15T23:00:00,tensorflow,1344.0,42.0
2026-01-21 15:00:00,24.899999618530273,30.729705810546875,1.0,Tema Community 3 SSNIT Flat,deep,lstm_mha,h672,2026-01-04T23:00:00,2026-01-18T23:00:00,2026-02-15T23:00:00,tensorflow,1344.0,42.0
2026-01-21 16:00:00,27.600000381469727,30.792863845825195,1.0,Tema Community 3 SSNIT Flat,deep,lstm_mha,h672,2026-01-04T23:00:00,2026-01-18T23:00:00,2026-02-15T23:00:00,tensorflow,1344.0,42.0
2026-01-21 17:00:00,28.600000381469727,31.166519165039062,1.0,Tema Community 3 SSNIT Flat,deep,lstm_mha,h672,2026-01-04T23:00:00,2026-01-18T23:00:00,2026-02-15T23:00:00,tensorflow,1344.0,42.0
2026-01-21 18:00:00,31.899999618530273,31.677337646484375,1.0,Tema Community 3 SSNIT Flat,deep,lstm_mha,h672,2026-01-04T23:00:00,2026-01-18T23:00:00,2026-02-15T23:00:00,tensorflow,1344.0,42.0
2026-01-21 19:00:00,29.600000381469727,31.95655059814453,1.0,Tema Community 3 SSNIT Flat,deep,lstm_mha,h672,2026-01-04T23:00:00,2026-01-18T23:00:00,2026-02-15T23:00:00,tensorflow,1344.0,42.0
2026-01-21 20:00:00,28.899999618530273,32.11335372924805,1.0,Tema Community 3 SSNIT Flat,deep,lstm_mha,h672,2026-01-04T23:00:00,2026-01-18T23:00:00,2026-02-15T23:00:00,tensorflow,1344.0,42.0
2026-01-21 21:00:00,30.0,32.26875686645508,1.0,Tema Community 3 SSNIT Flat,deep,lstm_mha,h672,2026-01-04T23:00:00,2026-01-18T23:00:00,2026-02-15T23:00:00,tensorflow,1344.0,42.0
2026-01-21 22:00:00,30.200000762939453,32.73870086669922,1.0,Tema Community 3 SSNIT Flat,deep,lstm_mha,h672,2026-01-04T23:00:00,2026-01-18T23:00:00,2026-02-15T23:00:00,tensorflow,1344.0,42.0
2026-01-21 23:00:00,32.70000076293945,33.022403717041016,1.0,Tema Community 3 SSNIT Flat,deep,lstm_mha,h672,2026-01-04T23:00:00,2026-01-18T23:00:00,2026-02-15T23:00:00,tensorflow,1344.0,42.0
2026-01-22 00:00:00,31.700000762939453,33.103336334228516,1.0,Tema Community 3 SSNIT Flat,deep,lstm_mha,h672,2026-01-04T23:00:00,2026-01-18T23:00:00,2026-02-15T23:00:00,tensorflow,1344.0,42.0
2026-01-22 01:00:00,32.5,33.287567138671875,1.0,Tema Community 3 SSNIT Flat,deep,lstm_mha,h672,2026-01-04T23:00:00,2026-01-18T23:00:00,2026-02-15T23:00:00,tensorflow,1344.0,42.0
2026-01-22 02:00:00,34.400001525878906,33.638851165771484,1.0,Tema Community 3 SSNIT Flat,deep,lstm_mha,h672,2026-01-04T23:00:00,2026-01-18T23:00:00,2026-02-15T23:00:00,tensorflow,1344.0,42.0
2026-01-22 03:00:00,36.0,34.77631759643555,1.0,Tema Community 3 SSNIT Flat,deep,lstm_mha,h672,2026-01-04T23:00:00,2026-01-18T23:00:00,2026-02-15T23:00:00,tensorflow,1344.0,42.0
2026-01-22 04:00:00,32.5,35.95286560058594,1.0,Tema Community 3 SSNIT Flat,deep,lstm_mha,h672,2026-01-04T23:00:00,2026-01-18T23:00:00,2026-02-15T23:00:00,tensorflow,1344.0,42.0
2026-01-22 05:00:00,40.900001525878906,35.95225524902344,1.0,Tema Community 3 SSNIT Flat,deep,lstm_mha,h672,2026-01-04T23:00:00,2026-01-18T23:00:00,2026-02-15T23:00:00,tensorflow,1344.0,42.0
2026-01-22 06:00:00,44.0,36.12760543823242,1.0,Tema Community 3 SSNIT Flat,deep,lstm_mha,h672,2026-01-04T23:00:00,2026-01-18T23:00:00,2026-02-15T23:00:00,tensorflow,1344.0,42.0
2026-01-22 07:00:00,38.599998474121094,35.21048355102539,1.0,Tema Community 3 SSNIT Flat,deep,lstm_mha,h672,2026-01-04T23:00:00,2026-01-18T23:00:00,2026-02-15T23:00:00,tensorflow,1344.0,42.0
2026-01-22 08:00:00,37.29999923706055,34.186988830566406,1.0,Tema Community 3 SSNIT Flat,deep,lstm_mha,h672,2026-01-04T23:00:00,2026-01-18T23:00:00,2026-02-15T23:00:00,tensorflow,1344.0,42.0
2026-01-22 09:00:00,37.70000076293945,33.67292404174805,1.0,Tema Community 3 SSNIT Flat,deep,lstm_mha,h672,2026-01-04T23:00:00,2026-01-18T23:00:00,2026-02-15T23:00:00,tensorflow,1344.0,42.0
2026-01-22 10:00:00,38.099998474121094,32.078189849853516,1.0,Tema Community 3 SSNIT Flat,deep,lstm_mha,h672,2026-01-04T23:00:00,2026-01-18T23:00:00,2026-02-15T23:00:00,tensorflow,1344.0,42.0
2026-01-22 11:00:00,38.599998474121094,30.969594955444336,1.0,Tema Community 3 SSNIT Flat,deep,lstm_mha,h672,2026-01-04T23:00:00,2026-01-18T23:00:00,2026-02-15T23:00:00,tensorflow,1344.0,42.0
2026-01-22 12:00:00,38.29999923706055,30.1125431060791,1.0,Tema Community 3 SSNIT Flat,deep,lstm_mha,h672,2026-01-04T23:00:00,2026-01-18T23:00:00,2026-02-15T23:00:00,tensorflow,1344.0,42.0
2026-01-22 13:00:00,34.099998474121094,29.257266998291016,1.0,Tema Community 3 SSNIT Flat,deep,lstm_mha,h672,2026-01-04T23:00:00,2026-01-18T23:00:00,2026-02-15T23:00:00,tensorflow,1344.0,42.0
2026-01-22 14:00:00,30.5,28.71079444885254,1.0,Tema Community 3 SSNIT Flat,deep,lstm_mha,h672,2026-01-04T23:00:00,2026-01-18T23:00:00,2026-02-15T23:00:00,tensorflow,1344.0,42.0
2026-01-22 15:00:00,27.5,29.578733444213867,1.0,Tema Community 3 SSNIT Flat,deep,lstm_mha,h672,2026-01-04T23:00:00,2026-01-18T23:00:00,2026-02-15T23:00:00,tensorflow,1344.0,42.0
2026-01-22 16:00:00,30.5,29.192399978637695,1.0,Tema Community 3 SSNIT Flat,deep,lstm_mha,h672,2026-01-04T23:00:00,2026-01-18T23:00:00,2026-02-15T23:00:00,tensorflow,1344.0,42.0
2026-01-22 17:00:00,27.0,29.64507484436035,1.0,Tema Community 3 SSNIT Flat,deep,lstm_mha,h672,2026-01-04T23:00:00,2026-01-18T23:00:00,2026-02-15T23:00:00,tensorflow,1344.0,42.0
2026-01-22 18:00:00,26.899999618530273,30.167882919311523,1.0,Tema Community 3 SSNIT Flat,deep,lstm_mha,h672,2026-01-04T23:00:00,2026-01-18T23:00:00,2026-02-15T23:00:00,tensorflow,1344.0,42.0
2026-01-22 19:00:00,25.200000762939453,30.781518936157227,1.0,Tema Community 3 SSNIT Flat,deep,lstm_mha,h672,2026-01-04T23:00:00,2026-01-18T23:00:00,2026-02-15T23:00:00,tensorflow,1344.0,42.0
2026-01-22 20:00:00,25.299999237060547,30.81187629699707,1.0,Tema Community 3 SSNIT Flat,deep,lstm_mha,h672,2026-01-04T23:00:00,2026-01-18T23:00:00,2026-02-15T23:00:00,tensorflow,1344.0,42.0
2026-01-22 21:00:00,25.100000381469727,31.076887130737305,1.0,Tema Community 3 SSNIT Flat,deep,lstm_mha,h672,2026-01-04T23:00:00,2026-01-18T23:00:00,2026-02-15T23:00:00,tensorflow,1344.0,42.0
2026-01-22 22:00:00,24.299999237060547,31.056276321411133,1.0,Tema Community 3 SSNIT Flat,deep,lstm_mha,h672,2026-01-04T23:00:00,2026-01-18T23:00:00,2026-02-15T23:00:00,tensorflow,1344.0,42.0
2026-01-22 23:00:00,25.799999237060547,30.71591567993164,1.0,Tema Community 3 SSNIT Flat,deep,lstm_mha,h672,2026-01-04T23:00:00,2026-01-18T23:00:00,2026-02-15T23:00:00,tensorflow,1344.0,42.0
2026-01-23 00:00:00,30.799999237060547,31.14142417907715,1.0,Tema Community 3 SSNIT Flat,deep,lstm_mha,h672,2026-01-04T23:00:00,2026-01-18T23:00:00,2026-02-15T23:00:00,tensorflow,1344.0,42.0
2026-01-23 01:00:00,33.79999923706055,31.809682846069336,1.0,Tema Community 3 SSNIT Flat,deep,lstm_mha,h672,2026-01-04T23:00:00,2026-01-18T23:00:00,2026-02-15T23:00:00,tensorflow,1344.0,42.0
2026-01-23 02:00:00,88.5,32.74633026123047,1.0,Tema Community 3 SSNIT Flat,deep,lstm_mha,h672,2026-01-04T23:00:00,2026-01-18T23:00:00,2026-02-15T23:00:00,tensorflow,1344.0,42.0
2026-01-23 03:00:00,47.29999923706055,35.11024475097656,1.0,Tema Community 3 SSNIT Flat,deep,lstm_mha,h672,2026-01-04T23:00:00,2026-01-18T23:00:00,2026-02-15T23:00:00,tensorflow,1344.0,42.0
2026-01-23 04:00:00,91.19999694824219,35.213401794433594,1.0,Tema Community 3 SSNIT Flat,deep,lstm_mha,h672,2026-01-04T23:00:00,2026-01-18T23:00:00,2026-02-15T23:00:00,tensorflow,1344.0,42.0
2026-01-23 05:00:00,123.0,35.26610565185547,1.0,Tema Community 3 SSNIT Flat,deep,lstm_mha,h672,2026-01-04T23:00:00,2026-01-18T23:00:00,2026-02-15T23:00:00,tensorflow,1344.0,42.0
2026-01-23 06:00:00,107.0999984741211,35.363590240478516,1.0,Tema Community 3 SSNIT Flat,deep,lstm_mha,h672,2026-01-04T23:00:00,2026-01-18T23:00:00,2026-02-15T23:00:00,tensorflow,1344.0,42.0
2026-01-23 07:00:00,101.5999984741211,34.92485809326172,1.0,Tema Community 3 SSNIT Flat,deep,lstm_mha,h672,2026-01-04T23:00:00,2026-01-18T23:00:00,2026-02-15T23:00:00,tensorflow,1344.0,42.0
2026-01-23 08:00:00,40.599998474121094,34.07284927368164,1.0,Tema Community 3 SSNIT Flat,deep,lstm_mha,h672,2026-01-04T23:00:00,2026-01-18T23:00:00,2026-02-15T23:00:00,tensorflow,1344.0,42.0
2026-01-23 09:00:00,38.099998474121094,32.4403076171875,1.0,Tema Community 3 SSNIT Flat,deep,lstm_mha,h672,2026-01-04T23:00:00,2026-01-18T23:00:00,2026-02-15T23:00:00,tensorflow,1344.0,42.0
2026-01-23 10:00:00,39.20000076293945,30.883703231811523,1.0,Tema Community 3 SSNIT Flat,deep,lstm_mha,h672,2026-01-04T23:00:00,2026-01-18T23:00:00,2026-02-15T23:00:00,tensorflow,1344.0,42.0
2026-01-23 11:00:00,31.5,30.094816207885742,1.0,Tema Community 3 SSNIT Flat,deep,lstm_mha,h672,2026-01-04T23:00:00,2026-01-18T23:00:00,2026-02-15T23:00:00,tensorflow,1344.0,42.0
2026-01-23 12:00:00,28.200000762939453,29.359342575073242,1.0,Tema Community 3 SSNIT Flat,deep,lstm_mha,h672,2026-01-04T23:00:00,2026-01-18T23:00:00,2026-02-15T23:00:00,tensorflow,1344.0,42.0
2026-01-23 13:00:00,20.5,28.261634826660156,1.0,Tema Community 3 SSNIT Flat,deep,lstm_mha,h672,2026-01-04T23:00:00,2026-01-18T23:00:00,2026-02-15T23:00:00,tensorflow,1344.0,42.0
2026-01-23 14:00:00,19.5,27.766559600830078,1.0,Tema Community 3 SSNIT Flat,deep,lstm_mha,h672,2026-01-04T23:00:00,2026-01-18T23:00:00,2026-02-15T23:00:00,tensorflow,1344.0,42.0
2026-01-23 15:00:00,17.799999237060547,27.194019317626953,1.0,Tema Community 3 SSNIT Flat,deep,lstm_mha,h672,2026-01-04T23:00:00,2026-01-18T23:00:00,2026-02-15T23:00:00,tensorflow,1344.0,42.0
2026-01-23 16:00:00,19.299999237060547,27.285207748413086,1.0,Tema Community 3 SSNIT Flat,deep,lstm_mha,h672,2026-01-04T23:00:00,2026-01-18T23:00:00,2026-02-15T23:00:00,tensorflow,1344.0,42.0
2026-01-23 17:00:00,21.600000381469727,27.610628128051758,1.0,Tema Community 3 SSNIT Flat,deep,lstm_mha,h672,2026-01-04T23:00:00,2026-01-18T23:00:00,2026-02-15T23:00:00,tensorflow,1344.0,42.0
2026-01-23 18:00:00,22.399999618530273,28.205638885498047,1.0,Tema Community 3 SSNIT Flat,deep,lstm_mha,h672,2026-01-04T23:00:00,2026-01-18T23:00:00,2026-02-15T23:00:00,tensorflow,1344.0,42.0
2026-01-23 19:00:00,20.299999237060547,28.45621109008789,1.0,Tema Community 3 SSNIT Flat,deep,lstm_mha,h672,2026-01-04T23:00:00,2026-01-18T23:00:00,2026-02-15T23:00:00,tensorflow,1344.0,42.0
2026-01-23 20:00:00,17.600000381469727,28.416616439819336,1.0,Tema Community 3 SSNIT Flat,deep,lstm_mha,h672,2026-01-04T23:00:00,2026-01-18T23:00:00,2026-02-15T23:00:00,tensorflow,1344.0,42.0
2026-01-23 21:00:00,18.100000381469727,28.81121826171875,1.0,Tema Community 3 SSNIT Flat,deep,lstm_mha,h672,2026-01-04T23:00:00,2026-01-18T23:00:00,2026-02-15T23:00:00,tensorflow,1344.0,42.0
2026-01-23 22:00:00,31.0,29.17623519897461,1.0,Tema Community 3 SSNIT Flat,deep,lstm_mha,h672,2026-01-04T23:00:00,2026-01-18T23:00:00,2026-02-15T23:00:00,tensorflow,1344.0,42.0
2026-01-23 23:00:00,45.5,30.284910202026367,1.0,Tema Community 3 SSNIT Flat,deep,lstm_mha,h672,2026-01-04T23:00:00,2026-01-18T23:00:00,2026-02-15T23:00:00,tensorflow,1344.0,42.0
2026-01-24 00:00:00,49.900001525878906,30.620038986206055,1.0,Tema Community 3 SSNIT Flat,deep,lstm_mha,h672,2026-01-04T23:00:00,2026-01-18T23:00:00,2026-02-15T23:00:00,tensorflow,1344.0,42.0
2026-01-24 01:00:00,55.5,30.738855361938477,1.0,Tema Community 3 SSNIT Flat,deep,lstm_mha,h672,2026-01-04T23:00:00,2026-01-18T23:00:00,2026-02-15T23:00:00,tensorflow,1344.0,42.0
2026-01-24 02:00:00,43.29999923706055,31.356182098388672,1.0,Tema Community 3 SSNIT Flat,deep,lstm_mha,h672,2026-01-04T23:00:00,2026-01-18T23:00:00,2026-02-15T23:00:00,tensorflow,1344.0,42.0
2026-01-24 03:00:00,55.5,32.70682144165039,1.0,Tema Community 3 SSNIT Flat,deep,lstm_mha,h672,2026-01-04T23:00:00,2026-01-18T23:00:00,2026-02-15T23:00:00,tensorflow,1344.0,42.0
2026-01-24 04:00:00,121.5,33.64565658569336,1.0,Tema Community 3 SSNIT Flat,deep,lstm_mha,h672,2026-01-04T23:00:00,2026-01-18T23:00:00,2026-02-15T23:00:00,tensorflow,1344.0,42.0
2026-01-24 05:00:00,40.5,33.97981262207031,1.0,Tema Community 3 SSNIT Flat,deep,lstm_mha,h672,2026-01-04T23:00:00,2026-01-18T23:00:00,2026-02-15T23:00:00,tensorflow,1344.0,42.0
2026-01-24 06:00:00,53.29999923706055,33.94668197631836,1.0,Tema Community 3 SSNIT Flat,deep,lstm_mha,h672,2026-01-04T23:00:00,2026-01-18T23:00:00,2026-02-15T23:00:00,tensorflow,1344.0,42.0
2026-01-24 07:00:00,51.400001525878906,33.92615509033203,1.0,Tema Community 3 SSNIT Flat,deep,lstm_mha,h672,2026-01-04T23:00:00,2026-01-18T23:00:00,2026-02-15T23:00:00,tensorflow,1344.0,42.0
2026-01-24 08:00:00,47.099998474121094,33.06315231323242,1.0,Tema Community 3 SSNIT Flat,deep,lstm_mha,h672,2026-01-04T23:00:00,2026-01-18T23:00:00,2026-02-15T23:00:00,tensorflow,1344.0,42.0
2026-01-24 09:00:00,44.599998474121094,31.393693923950195,1.0,Tema Community 3 SSNIT Flat,deep,lstm_mha,h672,2026-01-04T23:00:00,2026-01-18T23:00:00,2026-02-15T23:00:00,tensorflow,1344.0,42.0
2026-01-24 10:00:00,73.0,30.345325469970703,1.0,Tema Community 3 SSNIT Flat,deep,lstm_mha,h672,2026-01-04T23:00:00,2026-01-18T23:00:00,2026-02-15T23:00:00,tensorflow,1344.0,42.0
2026-01-24 11:00:00,39.400001525878906,29.607641220092773,1.0,Tema Community 3 SSNIT Flat,deep,lstm_mha,h672,2026-01-04T23:00:00,2026-01-18T23:00:00,2026-02-15T23:00:00,tensorflow,1344.0,42.0
2026-01-24 12:00:00,31.0,28.99030113220215,1.0,Tema Community 3 SSNIT Flat,deep,lstm_mha,h672,2026-01-04T23:00:00,2026-01-18T23:00:00,2026-02-15T23:00:00,tensorflow,1344.0,42.0
2026-01-24 13:00:00,28.5,28.470552444458008,1.0,Tema Community 3 SSNIT Flat,deep,lstm_mha,h672,2026-01-04T23:00:00,2026-01-18T23:00:00,2026-02-15T23:00:00,tensorflow,1344.0,42.0
2026-01-24 14:00:00,23.899999618530273,28.044002532958984,1.0,Tema Community 3 SSNIT Flat,deep,lstm_mha,h672,2026-01-04T23:00:00,2026-01-18T23:00:00,2026-02-15T23:00:00,tensorflow,1344.0,42.0
2026-01-24 15:00:00,24.399999618530273,27.67949104309082,1.0,Tema Community 3 SSNIT Flat,deep,lstm_mha,h672,2026-01-04T23:00:00,2026-01-18T23:00:00,2026-02-15T23:00:00,tensorflow,1344.0,42.0
2026-01-24 16:00:00,24.799999237060547,27.61998176574707,1.0,Tema Community 3 SSNIT Flat,deep,lstm_mha,h672,2026-01-04T23:00:00,2026-01-18T23:00:00,2026-02-15T23:00:00,tensorflow,1344.0,42.0
2026-01-24 17:00:00,26.600000381469727,28.675201416015625,1.0,Tema Community 3 SSNIT Flat,deep,lstm_mha,h672,2026-01-04T23:00:00,2026-01-18T23:00:00,2026-02-15T23:00:00,tensorflow,1344.0,42.0
2026-01-24 18:00:00,27.200000762939453,28.74904441833496,1.0,Tema Community 3 SSNIT Flat,deep,lstm_mha,h672,2026-01-04T23:00:00,2026-01-18T23:00:00,2026-02-15T23:00:00,tensorflow,1344.0,42.0
2026-01-24 19:00:00,25.100000381469727,29.736248016357422,1.0,Tema Community 3 SSNIT Flat,deep,lstm_mha,h672,2026-01-04T23:00:00,2026-01-18T23:00:00,2026-02-15T23:00:00,tensorflow,1344.0,42.0
2026-01-24 20:00:00,24.899999618530273,30.54937171936035,1.0,Tema Community 3 SSNIT Flat,deep,lstm_mha,h672,2026-01-04T23:00:00,2026-01-18T23:00:00,2026-02-15T23:00:00,tensorflow,1344.0,42.0
2026-01-24 21:00:00,25.0,31.213632583618164,1.0,Tema Community 3 SSNIT Flat,deep,lstm_mha,h672,2026-01-04T23:00:00,2026-01-18T23:00:00,2026-02-15T23:00:00,tensorflow,1344.0,42.0
2026-01-24 22:00:00,25.200000762939453,30.99102020263672,1.0,Tema Community 3 SSNIT Flat,deep,lstm_mha,h672,2026-01-04T23:00:00,2026-01-18T23:00:00,2026-02-15T23:00:00,tensorflow,1344.0,42.0
2026-01-24 23:00:00,25.700000762939453,31.59080696105957,1.0,Tema Community 3 SSNIT Flat,deep,lstm_mha,h672,2026-01-04T23:00:00,2026-01-18T23:00:00,2026-02-15T23:00:00,tensorflow,1344.0,42.0
2026-01-25 00:00:00,27.299999237060547,31.48204231262207,1.0,Tema Community 3 SSNIT Flat,deep,lstm_mha,h672,2026-01-04T23:00:00,2026-01-18T23:00:00,2026-02-15T23:00:00,tensorflow,1344.0,42.0
2026-01-25 01:00:00,32.29999923706055,31.219829559326172,1.0,Tema Community 3 SSNIT Flat,deep,lstm_mha,h672,2026-01-04T23:00:00,2026-01-18T23:00:00,2026-02-15T23:00:00,tensorflow,1344.0,42.0
2026-01-25 02:00:00,42.70000076293945,30.303207397460938,1.0,Tema Community 3 SSNIT Flat,deep,lstm_mha,h672,2026-01-04T23:00:00,2026-01-18T23:00:00,2026-02-15T23:00:00,tensorflow,1344.0,42.0
2026-01-25 03:00:00,41.79999923706055,30.404783248901367,1.0,Tema Community 3 SSNIT Flat,deep,lstm_mha,h672,2026-01-04T23:00:00,2026-01-18T23:00:00,2026-02-15T23:00:00,tensorflow,1344.0,42.0
2026-01-25 04:00:00,39.79999923706055,31.28582763671875,1.0,Tema Community 3 SSNIT Flat,deep,lstm_mha,h672,2026-01-04T23:00:00,2026-01-18T23:00:00,2026-02-15T23:00:00,tensorflow,1344.0,42.0
2026-01-25 05:00:00,49.400001525878906,31.967666625976562,1.0,Tema Community 3 SSNIT Flat,deep,lstm_mha,h672,2026-01-04T23:00:00,2026-01-18T23:00:00,2026-02-15T23:00:00,tensorflow,1344.0,42.0
2026-01-25 06:00:00,62.70000076293945,32.3776969909668,1.0,Tema Community 3 SSNIT Flat,deep,lstm_mha,h672,2026-01-04T23:00:00,2026-01-18T23:00:00,2026-02-15T23:00:00,tensorflow,1344.0,42.0
2026-01-25 07:00:00,56.0,31.937042236328125,1.0,Tema Community 3 SSNIT Flat,deep,lstm_mha,h672,2026-01-04T23:00:00,2026-01-18T23:00:00,2026-02-15T23:00:00,tensorflow,1344.0,42.0
2026-01-25 08:00:00,48.29999923706055,31.020137786865234,1.0,Tema Community 3 SSNIT Flat,deep,lstm_mha,h672,2026-01-04T23:00:00,2026-01-18T23:00:00,2026-02-15T23:00:00,tensorflow,1344.0,42.0
2026-01-25 09:00:00,52.79999923706055,29.713533401489258,1.0,Tema Community 3 SSNIT Flat,deep,lstm_mha,h672,2026-01-04T23:00:00,2026-01-18T23:00:00,2026-02-15T23:00:00,tensorflow,1344.0,42.0
2026-01-25 10:00:00,57.70000076293945,28.366905212402344,1.0,Tema Community 3 SSNIT Flat,deep,lstm_mha,h672,2026-01-04T23:00:00,2026-01-18T23:00:00,2026-02-15T23:00:00,tensorflow,1344.0,42.0
2026-01-25 11:00:00,50.599998474121094,27.783191680908203,1.0,Tema Community 3 SSNIT Flat,deep,lstm_mha,h672,2026-01-04T23:00:00,2026-01-18T23:00:00,2026-02-15T23:00:00,tensorflow,1344.0,42.0
2026-01-25 12:00:00,40.79999923706055,27.32422637939453,1.0,Tema Community 3 SSNIT Flat,deep,lstm_mha,h672,2026-01-04T23:00:00,2026-01-18T23:00:00,2026-02-15T23:00:00,tensorflow,1344.0,42.0
2026-01-25 13:00:00,38.099998474121094,26.844064712524414,1.0,Tema Community 3 SSNIT Flat,deep,lstm_mha,h672,2026-01-04T23:00:00,2026-01-18T23:00:00,2026-02-15T23:00:00,tensorflow,1344.0,42.0
2026-01-25 14:00:00,34.79999923706055,26.595653533935547,1.0,Tema Community 3 SSNIT Flat,deep,lstm_mha,h672,2026-01-04T23:00:00,2026-01-18T23:00:00,2026-02-15T23:00:00,tensorflow,1344.0,42.0
2026-01-25 15:00:00,32.599998474121094,26.263648986816406,1.0,Tema Community 3 SSNIT Flat,deep,lstm_mha,h672,2026-01-04T23:00:00,2026-01-18T23:00:00,2026-02-15T23:00:00,tensorflow,1344.0,42.0
2026-01-25 16:00:00,30.799999237060547,26.09296989440918,1.0,Tema Community 3 SSNIT Flat,deep,lstm_mha,h672,2026-01-04T23:00:00,2026-01-18T23:00:00,2026-02-15T23:00:00,tensorflow,1344.0,42.0
2026-01-25 17:00:00,32.599998474121094,26.343372344970703,1.0,Tema Community 3 SSNIT Flat,deep,lstm_mha,h672,2026-01-04T23:00:00,2026-01-18T23:00:00,2026-02-15T23:00:00,tensorflow,1344.0,42.0
2026-01-25 18:00:00,34.70000076293945,26.815204620361328,1.0,Tema Community 3 SSNIT Flat,deep,lstm_mha,h672,2026-01-04T23:00:00,2026-01-18T23:00:00,2026-02-15T23:00:00,tensorflow,1344.0,42.0
2026-01-25 19:00:00,33.599998474121094,27.38096809387207,1.0,Tema Community 3 SSNIT Flat,deep,lstm_mha,h672,2026-01-04T23:00:00,2026-01-18T23:00:00,2026-02-15T23:00:00,tensorflow,1344.0,42.0
2026-01-25 20:00:00,34.599998474121094,28.175029754638672,1.0,Tema Community 3 SSNIT Flat,deep,lstm_mha,h672,2026-01-04T23:00:00,2026-01-18T23:00:00,2026-02-15T23:00:00,tensorflow,1344.0,42.0
2026-01-25 21:00:00,34.400001525878906,28.097705841064453,1.0,Tema Community 3 SSNIT Flat,deep,lstm_mha,h672,2026-01-04T23:00:00,2026-01-18T23:00:00,2026-02-15T23:00:00,tensorflow,1344.0,42.0
2026-01-25 22:00:00,39.70000076293945,28.244213104248047,1.0,Tema Community 3 SSNIT Flat,deep,lstm_mha,h672,2026-01-04T23:00:00,2026-01-18T23:00:00,2026-02-15T23:00:00,tensorflow,1344.0,42.0
2026-01-25 23:00:00,52.599998474121094,29.116825103759766,1.0,Tema Community 3 SSNIT Flat,deep,lstm_mha,h672,2026-01-04T23:00:00,2026-01-18T23:00:00,2026-02-15T23:00:00,tensorflow,1344.0,42.0
2026-01-26 00:00:00,55.599998474121094,29.349876403808594,1.0,Tema Community 3 SSNIT Flat,deep,lstm_mha,h672,2026-01-04T23:00:00,2026-01-18T23:00:00,2026-02-15T23:00:00,tensorflow,1344.0,42.0
2026-01-26 01:00:00,53.099998474121094,29.561954498291016,1.0,Tema Community 3 SSNIT Flat,deep,lstm_mha,h672,2026-01-04T23:00:00,2026-01-18T23:00:00,2026-02-15T23:00:00,tensorflow,1344.0,42.0
2026-01-26 02:00:00,44.5,30.470428466796875,1.0,Tema Community 3 SSNIT Flat,deep,lstm_mha,h672,2026-01-04T23:00:00,2026-01-18T23:00:00,2026-02-15T23:00:00,tensorflow,1344.0,42.0
2026-01-26 03:00:00,56.79999923706055,32.3892822265625,1.0,Tema Community 3 SSNIT Flat,deep,lstm_mha,h672,2026-01-04T23:00:00,2026-01-18T23:00:00,2026-02-15T23:00:00,tensorflow,1344.0,42.0
2026-01-26 04:00:00,46.79999923706055,32.981407165527344,1.0,Tema Community 3 SSNIT Flat,deep,lstm_mha,h672,2026-01-04T23:00:00,2026-01-18T23:00:00,2026-02-15T23:00:00,tensorflow,1344.0,42.0
2026-01-26 05:00:00,45.70000076293945,32.50811004638672,1.0,Tema Community 3 SSNIT Flat,deep,lstm_mha,h672,2026-01-04T23:00:00,2026-01-18T23:00:00,2026-02-15T23:00:00,tensorflow,1344.0,42.0
2026-01-26 06:00:00,52.29999923706055,32.47493362426758,1.0,Tema Community 3 SSNIT Flat,deep,lstm_mha,h672,2026-01-04T23:00:00,2026-01-18T23:00:00,2026-02-15T23:00:00,tensorflow,1344.0,42.0
2026-01-26 07:00:00,48.900001525878906,32.34152603149414,1.0,Tema Community 3 SSNIT Flat,deep,lstm_mha,h672,2026-01-04T23:00:00,2026-01-18T23:00:00,2026-02-15T23:00:00,tensorflow,1344.0,42.0
2026-01-26 08:00:00,46.0,31.63251495361328,1.0,Tema Community 3 SSNIT Flat,deep,lstm_mha,h672,2026-01-04T23:00:00,2026-01-18T23:00:00,2026-02-15T23:00:00,tensorflow,1344.0,42.0
2026-01-26 09:00:00,42.79999923706055,30.396766662597656,1.0,Tema Community 3 SSNIT Flat,deep,lstm_mha,h672,2026-01-04T23:00:00,2026-01-18T23:00:00,2026-02-15T23:00:00,tensorflow,1344.0,42.0
2026-01-26 10:00:00,44.099998474121094,29.420639038085938,1.0,Tema Community 3 SSNIT Flat,deep,lstm_mha,h672,2026-01-04T23:00:00,2026-01-18T23:00:00,2026-02-15T23:00:00,tensorflow,1344.0,42.0
2026-01-26 11:00:00,44.70000076293945,28.50942611694336,1.0,Tema Community 3 SSNIT Flat,deep,lstm_mha,h672,2026-01-04T23:00:00,2026-01-18T23:00:00,2026-02-15T23:00:00,tensorflow,1344.0,42.0
2026-01-26 12:00:00,40.900001525878906,28.128602981567383,1.0,Tema Community 3 SSNIT Flat,deep,lstm_mha,h672,2026-01-04T23:00:00,2026-01-18T23:00:00,2026-02-15T23:00:00,tensorflow,1344.0,42.0
2026-01-26 13:00:00,36.0,27.76093292236328,1.0,Tema Community 3 SSNIT Flat,deep,lstm_mha,h672,2026-01-04T23:00:00,2026-01-18T23:00:00,2026-02-15T23:00:00,tensorflow,1344.0,42.0
2026-01-26 14:00:00,33.20000076293945,27.41946792602539,1.0,Tema Community 3 SSNIT Flat,deep,lstm_mha,h672,2026-01-04T23:00:00,2026-01-18T23:00:00,2026-02-15T23:00:00,tensorflow,1344.0,42.0
2026-01-26 15:00:00,32.099998474121094,27.318805694580078,1.0,Tema Community 3 SSNIT Flat,deep,lstm_mha,h672,2026-01-04T23:00:00,2026-01-18T23:00:00,2026-02-15T23:00:00,tensorflow,1344.0,42.0
2026-01-26 16:00:00,31.899999618530273,27.258501052856445,1.0,Tema Community 3 SSNIT Flat,deep,lstm_mha,h672,2026-01-04T23:00:00,2026-01-18T23:00:00,2026-02-15T23:00:00,tensorflow,1344.0,42.0
2026-01-26 17:00:00,35.0,27.62127113342285,1.0,Tema Community 3 SSNIT Flat,deep,lstm_mha,h672,2026-01-04T23:00:00,2026-01-18T23:00:00,2026-02-15T23:00:00,tensorflow,1344.0,42.0
2026-01-26 18:00:00,36.5,28.021217346191406,1.0,Tema Community 3 SSNIT Flat,deep,lstm_mha,h672,2026-01-04T23:00:00,2026-01-18T23:00:00,2026-02-15T23:00:00,tensorflow,1344.0,42.0
2026-01-26 19:00:00,33.29999923706055,28.041837692260742,1.0,Tema Community 3 SSNIT Flat,deep,lstm_mha,h672,2026-01-04T23:00:00,2026-01-18T23:00:00,2026-02-15T23:00:00,tensorflow,1344.0,42.0
2026-01-26 20:00:00,33.5,27.580780029296875,1.0,Tema Community 3 SSNIT Flat,deep,lstm_mha,h672,2026-01-04T23:00:00,2026-01-18T23:00:00,2026-02-15T23:00:00,tensorflow,1344.0,42.0
2026-01-26 21:00:00,33.0,27.804826736450195,1.0,Tema Community 3 SSNIT Flat,deep,lstm_mha,h672,2026-01-04T23:00:00,2026-01-18T23:00:00,2026-02-15T23:00:00,tensorflow,1344.0,42.0
2026-01-26 22:00:00,37.400001525878906,28.226238250732422,1.0,Tema Community 3 SSNIT Flat,deep,lstm_mha,h672,2026-01-04T23:00:00,2026-01-18T23:00:00,2026-02-15T23:00:00,tensorflow,1344.0,42.0
2026-01-26 23:00:00,60.0,29.303930282592773,1.0,Tema Community 3 SSNIT Flat,deep,lstm_mha,h672,2026-01-04T23:00:00,2026-01-18T23:00:00,2026-02-15T23:00:00,tensorflow,1344.0,42.0
2026-01-27 00:00:00,58.400001525878906,30.33942413330078,1.0,Tema Community 3 SSNIT Flat,deep,lstm_mha,h672,2026-01-04T23:00:00,2026-01-18T23:00:00,2026-02-15T23:00:00,tensorflow,1344.0,42.0
2026-01-27 01:00:00,84.0999984741211,30.3638916015625,1.0,Tema Community 3 SSNIT Flat,deep,lstm_mha,h672,2026-01-04T23:00:00,2026-01-18T23:00:00,2026-02-15T23:00:00,tensorflow,1344.0,42.0
2026-01-27 02:00:00,142.89999389648438,30.49672508239746,1.0,Tema Community 3 SSNIT Flat,deep,lstm_mha,h672,2026-01-04T23:00:00,2026-01-18T23:00:00,2026-02-15T23:00:00,tensorflow,1344.0,42.0
2026-01-27 03:00:00,194.60000610351562,30.693954467773438,1.0,Tema Community 3 SSNIT Flat,deep,lstm_mha,h672,2026-01-04T23:00:00,2026-01-18T23:00:00,2026-02-15T23:00:00,tensorflow,1344.0,42.0
2026-01-27 04:00:00,89.5,31.02494239807129,1.0,Tema Community 3 SSNIT Flat,deep,lstm_mha,h672,2026-01-04T23:00:00,2026-01-18T23:00:00,2026-02-15T23:00:00,tensorflow,1344.0,42.0
2026-01-27 05:00:00,82.0999984741211,31.042234420776367,1.0,Tema Community 3 SSNIT Flat,deep,lstm_mha,h672,2026-01-04T23:00:00,2026-01-18T23:00:00,2026-02-15T23:00:00,tensorflow,1344.0,42.0
2026-01-27 06:00:00,67.5,31.374300003051758,1.0,Tema Community 3 SSNIT Flat,deep,lstm_mha,h672,2026-01-04T23:00:00,2026-01-18T23:00:00,2026-02-15T23:00:00,tensorflow,1344.0,42.0
2026-01-27 07:00:00,77.0,32.440284729003906,1.0,Tema Community 3 SSNIT Flat,deep,lstm_mha,h672,2026-01-04T23:00:00,2026-01-18T23:00:00,2026-02-15T23:00:00,tensorflow,1344.0,42.0
2026-01-27 08:00:00,49.79999923706055,31.7521915435791,1.0,Tema Community 3 SSNIT Flat,deep,lstm_mha,h672,2026-01-04T23:00:00,2026-01-18T23:00:00,2026-02-15T23:00:00,tensorflow,1344.0,42.0
2026-01-27 09:00:00,45.900001525878906,31.04008674621582,1.0,Tema Community 3 SSNIT Flat,deep,lstm_mha,h672,2026-01-04T23:00:00,2026-01-18T23:00:00,2026-02-15T23:00:00,tensorflow,1344.0,42.0
2026-01-27 10:00:00,49.599998474121094,30.048463821411133,1.0,Tema Community 3 SSNIT Flat,deep,lstm_mha,h672,2026-01-04T23:00:00,2026-01-18T23:00:00,2026-02-15T23:00:00,tensorflow,1344.0,42.0
2026-01-27 11:00:00,48.79999923706055,29.17453956604004,1.0,Tema Community 3 SSNIT Flat,deep,lstm_mha,h672,2026-01-04T23:00:00,2026-01-18T23:00:00,2026-02-15T23:00:00,tensorflow,1344.0,42.0
2026-01-27 12:00:00,53.099998474121094,28.70551300048828,1.0,Tema Community 3 SSNIT Flat,deep,lstm_mha,h672,2026-01-04T23:00:00,2026-01-18T23:00:00,2026-02-15T23:00:00,tensorflow,1344.0,42.0
2026-01-27 13:00:00,40.20000076293945,28.47549057006836,1.0,Tema Community 3 SSNIT Flat,deep,lstm_mha,h672,2026-01-04T23:00:00,2026-01-18T23:00:00,2026-02-15T23:00:00,tensorflow,1344.0,42.0
2026-01-27 14:00:00,36.599998474121094,28.407081604003906,1.0,Tema Community 3 SSNIT Flat,deep,lstm_mha,h672,2026-01-04T23:00:00,2026-01-18T23:00:00,2026-02-15T23:00:00,tensorflow,1344.0,42.0
2026-01-27 15:00:00,35.900001525878906,28.207229614257812,1.0,Tema Community 3 SSNIT Flat,deep,lstm_mha,h672,2026-01-04T23:00:00,2026-01-18T23:00:00,2026-02-15T23:00:00,tensorflow,1344.0,42.0
2026-01-27 16:00:00,37.599998474121094,28.044816970825195,1.0,Tema Community 3 SSNIT Flat,deep,lstm_mha,h672,2026-01-04T23:00:00,2026-01-18T23:00:00,2026-02-15T23:00:00,tensorflow,1344.0,42.0
2026-01-27 17:00:00,36.79999923706055,28.256349563598633,1.0,Tema Community 3 SSNIT Flat,deep,lstm_mha,h672,2026-01-04T23:00:00,2026-01-18T23:00:00,2026-02-15T23:00:00,tensorflow,1344.0,42.0
2026-01-27 18:00:00,35.5,30.857460021972656,1.0,Tema Community 3 SSNIT Flat,deep,lstm_mha,h672,2026-01-04T23:00:00,2026-01-18T23:00:00,2026-02-15T23:00:00,tensorflow,1344.0,42.0
2026-01-27 19:00:00,37.099998474121094,29.814050674438477,1.0,Tema Community 3 SSNIT Flat,deep,lstm_mha,h672,2026-01-04T23:00:00,2026-01-18T23:00:00,2026-02-15T23:00:00,tensorflow,1344.0,42.0
2026-01-27 20:00:00,51.5,29.606843948364258,1.0,Tema Community 3 SSNIT Flat,deep,lstm_mha,h672,2026-01-04T23:00:00,2026-01-18T23:00:00,2026-02-15T23:00:00,tensorflow,1344.0,42.0
2026-01-27 21:00:00,37.70000076293945,29.623207092285156,1.0,Tema Community 3 SSNIT Flat,deep,lstm_mha,h672,2026-01-04T23:00:00,2026-01-18T23:00:00,2026-02-15T23:00:00,tensorflow,1344.0,42.0
2026-01-27 22:00:00,40.5,30.033065795898438,1.0,Tema Community 3 SSNIT Flat,deep,lstm_mha,h672,2026-01-04T23:00:00,2026-01-18T23:00:00,2026-02-15T23:00:00,tensorflow,1344.0,42.0
2026-01-27 23:00:00,51.79999923706055,29.913606643676758,1.0,Tema Community 3 SSNIT Flat,deep,lstm_mha,h672,2026-01-04T23:00:00,2026-01-18T23:00:00,2026-02-15T23:00:00,tensorflow,1344.0,42.0
2026-01-28 00:00:00,54.099998474121094,29.96779441833496,1.0,Tema Community 3 SSNIT Flat,deep,lstm_mha,h672,2026-01-04T23:00:00,2026-01-18T23:00:00,2026-02-15T23:00:00,tensorflow,1344.0,42.0
2026-01-28 01:00:00,51.599998474121094,31.29302978515625,1.0,Tema Community 3 SSNIT Flat,deep,lstm_mha,h672,2026-01-04T23:00:00,2026-01-18T23:00:00,2026-02-15T23:00:00,tensorflow,1344.0,42.0
2026-01-28 02:00:00,56.5,31.918075561523438,1.0,Tema Community 3 SSNIT Flat,deep,lstm_mha,h672,2026-01-04T23:00:00,2026-01-18T23:00:00,2026-02-15T23:00:00,tensorflow,1344.0,42.0
2026-01-28 03:00:00,56.099998474121094,32.47477340698242,1.0,Tema Community 3 SSNIT Flat,deep,lstm_mha,h672,2026-01-04T23:00:00,2026-01-18T23:00:00,2026-02-15T23:00:00,tensorflow,1344.0,42.0
2026-01-28 04:00:00,49.70000076293945,32.580177307128906,1.0,Tema Community 3 SSNIT Flat,deep,lstm_mha,h672,2026-01-04T23:00:00,2026-01-18T23:00:00,2026-02-15T23:00:00,tensorflow,1344.0,42.0
2026-01-28 05:00:00,47.900001525878906,32.738624572753906,1.0,Tema Community 3 SSNIT Flat,deep,lstm_mha,h672,2026-01-04T23:00:00,2026-01-18T23:00:00,2026-02-15T23:00:00,tensorflow,1344.0,42.0
2026-01-28 06:00:00,65.19999694824219,32.898468017578125,1.0,Tema Community 3 SSNIT Flat,deep,lstm_mha,h672,2026-01-04T23:00:00,2026-01-18T23:00:00,2026-02-15T23:00:00,tensorflow,1344.0,42.0
2026-01-28 07:00:00,74.0,32.75027084350586,1.0,Tema Community 3 SSNIT Flat,deep,lstm_mha,h672,2026-01-04T23:00:00,2026-01-18T23:00:00,2026-02-15T23:00:00,tensorflow,1344.0,42.0
2026-01-28 08:00:00,64.5999984741211,32.02411651611328,1.0,Tema Community 3 SSNIT Flat,deep,lstm_mha,h672,2026-01-04T23:00:00,2026-01-18T23:00:00,2026-02-15T23:00:00,tensorflow,1344.0,42.0
2026-01-28 09:00:00,47.29999923706055,31.00192642211914,1.0,Tema Community 3 SSNIT Flat,deep,lstm_mha,h672,2026-01-04T23:00:00,2026-01-18T23:00:00,2026-02-15T23:00:00,tensorflow,1344.0,42.0
2026-01-28 10:00:00,49.5,29.82064437866211,1.0,Tema Community 3 SSNIT Flat,deep,lstm_mha,h672,2026-01-04T23:00:00,2026-01-18T23:00:00,2026-02-15T23:00:00,tensorflow,1344.0,42.0
2026-01-28 11:00:00,57.599998474121094,29.105926513671875,1.0,Tema Community 3 SSNIT Flat,deep,lstm_mha,h672,2026-01-04T23:00:00,2026-01-18T23:00:00,2026-02-15T23:00:00,tensorflow,1344.0,42.0
2026-01-28 12:00:00,54.29999923706055,28.777482986450195,1.0,Tema Community 3 SSNIT Flat,deep,lstm_mha,h672,2026-01-04T23:00:00,2026-01-18T23:00:00,2026-02-15T23:00:00,tensorflow,1344.0,42.0
2026-01-28 13:00:00,54.0,28.488399505615234,1.0,Tema Community 3 SSNIT Flat,deep,lstm_mha,h672,2026-01-04T23:00:00,2026-01-18T23:00:00,2026-02-15T23:00:00,tensorflow,1344.0,42.0
2026-01-28 14:00:00,43.5,28.12945556640625,1.0,Tema Community 3 SSNIT Flat,deep,lstm_mha,h672,2026-01-04T23:00:00,2026-01-18T23:00:00,2026-02-15T23:00:00,tensorflow,1344.0,42.0
2026-01-28 15:00:00,41.0,29.027328491210938,1.0,Tema Community 3 SSNIT Flat,deep,lstm_mha,h672,2026-01-04T23:00:00,2026-01-18T23:00:00,2026-02-15T23:00:00,tensorflow,1344.0,42.0
2026-01-28 16:00:00,40.599998474121094,28.26407814025879,1.0,Tema Community 3 SSNIT Flat,deep,lstm_mha,h672,2026-01-04T23:00:00,2026-01-18T23:00:00,2026-02-15T23:00:00,tensorflow,1344.0,42.0
2026-01-28 17:00:00,42.20000076293945,28.5419979095459,1.0,Tema Community 3 SSNIT Flat,deep,lstm_mha,h672,2026-01-04T23:00:00,2026-01-18T23:00:00,2026-02-15T23:00:00,tensorflow,1344.0,42.0
2026-01-28 18:00:00,42.79999923706055,28.913225173950195,1.0,Tema Community 3 SSNIT Flat,deep,lstm_mha,h672,2026-01-04T23:00:00,2026-01-18T23:00:00,2026-02-15T23:00:00,tensorflow,1344.0,42.0
2026-01-28 19:00:00,41.900001525878906,29.131982803344727,1.0,Tema Community 3 SSNIT Flat,deep,lstm_mha,h672,2026-01-04T23:00:00,2026-01-18T23:00:00,2026-02-15T23:00:00,tensorflow,1344.0,42.0
2026-01-28 20:00:00,69.80000305175781,29.296234130859375,1.0,Tema Community 3 SSNIT Flat,deep,lstm_mha,h672,2026-01-04T23:00:00,2026-01-18T23:00:00,2026-02-15T23:00:00,tensorflow,1344.0,42.0
2026-01-28 21:00:00,39.79999923706055,29.249616622924805,1.0,Tema Community 3 SSNIT Flat,deep,lstm_mha,h672,2026-01-04T23:00:00,2026-01-18T23:00:00,2026-02-15T23:00:00,tensorflow,1344.0,42.0
2026-01-28 22:00:00,46.79999923706055,29.02685546875,1.0,Tema Community 3 SSNIT Flat,deep,lstm_mha,h672,2026-01-04T23:00:00,2026-01-18T23:00:00,2026-02-15T23:00:00,tensorflow,1344.0,42.0
2026-01-28 23:00:00,60.900001525878906,29.437952041625977,1.0,Tema Community 3 SSNIT Flat,deep,lstm_mha,h672,2026-01-04T23:00:00,2026-01-18T23:00:00,2026-02-15T23:00:00,tensorflow,1344.0,42.0
2026-01-29 00:00:00,73.5,31.897462844848633,1.0,Tema Community 3 SSNIT Flat,deep,lstm_mha,h672,2026-01-04T23:00:00,2026-01-18T23:00:00,2026-02-15T23:00:00,tensorflow,1344.0,42.0
2026-01-29 01:00:00,60.20000076293945,32.886165618896484,1.0,Tema Community 3 SSNIT Flat,deep,lstm_mha,h672,2026-01-04T23:00:00,2026-01-18T23:00:00,2026-02-15T23:00:00,tensorflow,1344.0,42.0
2026-01-29 02:00:00,52.599998474121094,32.686126708984375,1.0,Tema Community 3 SSNIT Flat,deep,lstm_mha,h672,2026-01-04T23:00:00,2026-01-18T23:00:00,2026-02-15T23:00:00,tensorflow,1344.0,42.0
2026-01-29 03:00:00,49.29999923706055,33.40398025512695,1.0,Tema Community 3 SSNIT Flat,deep,lstm_mha,h672,2026-01-04T23:00:00,2026-01-18T23:00:00,2026-02-15T23:00:00,tensorflow,1344.0,42.0
2026-01-29 04:00:00,62.400001525878906,33.046138763427734,1.0,Tema Community 3 SSNIT Flat,deep,lstm_mha,h672,2026-01-04T23:00:00,2026-01-18T23:00:00,2026-02-15T23:00:00,tensorflow,1344.0,42.0
2026-01-29 05:00:00,74.5999984741211,32.92427062988281,1.0,Tema Community 3 SSNIT Flat,deep,lstm_mha,h672,2026-01-04T23:00:00,2026-01-18T23:00:00,2026-02-15T23:00:00,tensorflow,1344.0,42.0
2026-01-29 06:00:00,76.4000015258789,32.69742202758789,1.0,Tema Community 3 SSNIT Flat,deep,lstm_mha,h672,2026-01-04T23:00:00,2026-01-18T23:00:00,2026-02-15T23:00:00,tensorflow,1344.0,42.0
2026-01-29 07:00:00,66.4000015258789,32.334877014160156,1.0,Tema Community 3 SSNIT Flat,deep,lstm_mha,h672,2026-01-04T23:00:00,2026-01-18T23:00:00,2026-02-15T23:00:00,tensorflow,1344.0,42.0
2026-01-29 08:00:00,61.400001525878906,32.04022979736328,1.0,Tema Community 3 SSNIT Flat,deep,lstm_mha,h672,2026-01-04T23:00:00,2026-01-18T23:00:00,2026-02-15T23:00:00,tensorflow,1344.0,42.0
2026-01-29 09:00:00,54.70000076293945,31.33584213256836,1.0,Tema Community 3 SSNIT Flat,deep,lstm_mha,h672,2026-01-04T23:00:00,2026-01-18T23:00:00,2026-02-15T23:00:00,tensorflow,1344.0,42.0
2026-01-29 10:00:00,54.400001525878906,30.369138717651367,1.0,Tema Community 3 SSNIT Flat,deep,lstm_mha,h672,2026-01-04T23:00:00,2026-01-18T23:00:00,2026-02-15T23:00:00,tensorflow,1344.0,42.0
2026-01-29 11:00:00,54.29999923706055,29.680810928344727,1.0,Tema Community 3 SSNIT Flat,deep,lstm_mha,h672,2026-01-04T23:00:00,2026-01-18T23:00:00,2026-02-15T23:00:00,tensorflow,1344.0,42.0
2026-01-29 12:00:00,48.400001525878906,29.72905731201172,1.0,Tema Community 3 SSNIT Flat,deep,lstm_mha,h672,2026-01-04T23:00:00,2026-01-18T23:00:00,2026-02-15T23:00:00,tensorflow,1344.0,42.0
2026-01-29 13:00:00,40.400001525878906,29.089252471923828,1.0,Tema Community 3 SSNIT Flat,deep,lstm_mha,h672,2026-01-04T23:00:00,2026-01-18T23:00:00,2026-02-15T23:00:00,tensorflow,1344.0,42.0
2026-01-29 14:00:00,40.099998474121094,29.22386932373047,1.0,Tema Community 3 SSNIT Flat,deep,lstm_mha,h672,2026-01-04T23:00:00,2026-01-18T23:00:00,2026-02-15T23:00:00,tensorflow,1344.0,42.0
2026-01-29 15:00:00,51.5,29.340335845947266,1.0,Tema Community 3 SSNIT Flat,deep,lstm_mha,h672,2026-01-04T23:00:00,2026-01-18T23:00:00,2026-02-15T23:00:00,tensorflow,1344.0,42.0
2026-01-29 16:00:00,42.400001525878906,29.158935546875,1.0,Tema Community 3 SSNIT Flat,deep,lstm_mha,h672,2026-01-04T23:00:00,2026-01-18T23:00:00,2026-02-15T23:00:00,tensorflow,1344.0,42.0
2026-01-29 17:00:00,53.70000076293945,29.00790786743164,1.0,Tema Community 3 SSNIT Flat,deep,lstm_mha,h672,2026-01-04T23:00:00,2026-01-18T23:00:00,2026-02-15T23:00:00,tensorflow,1344.0,42.0
2026-01-29 18:00:00,39.20000076293945,30.56863021850586,1.0,Tema Community 3 SSNIT Flat,deep,lstm_mha,h672,2026-01-04T23:00:00,2026-01-18T23:00:00,2026-02-15T23:00:00,tensorflow,1344.0,42.0
2026-01-29 19:00:00,39.0,31.170352935791016,1.0,Tema Community 3 SSNIT Flat,deep,lstm_mha,h672,2026-01-04T23:00:00,2026-01-18T23:00:00,2026-02-15T23:00:00,tensorflow,1344.0,42.0
2026-01-29 20:00:00,38.599998474121094,31.201555252075195,1.0,Tema Community 3 SSNIT Flat,deep,lstm_mha,h672,2026-01-04T23:00:00,2026-01-18T23:00:00,2026-02-15T23:00:00,tensorflow,1344.0,42.0
2026-01-29 21:00:00,38.099998474121094,31.123462677001953,1.0,Tema Community 3 SSNIT Flat,deep,lstm_mha,h672,2026-01-04T23:00:00,2026-01-18T23:00:00,2026-02-15T23:00:00,tensorflow,1344.0,42.0
2026-01-29 22:00:00,37.70000076293945,31.068805694580078,1.0,Tema Community 3 SSNIT Flat,deep,lstm_mha,h672,2026-01-04T23:00:00,2026-01-18T23:00:00,2026-02-15T23:00:00,tensorflow,1344.0,42.0
2026-01-29 23:00:00,40.70000076293945,31.53814697265625,1.0,Tema Community 3 SSNIT Flat,deep,lstm_mha,h672,2026-01-04T23:00:00,2026-01-18T23:00:00,2026-02-15T23:00:00,tensorflow,1344.0,42.0
2026-01-30 00:00:00,41.099998474121094,32.65801239013672,1.0,Tema Community 3 SSNIT Flat,deep,lstm_mha,h672,2026-01-04T23:00:00,2026-01-18T23:00:00,2026-02-15T23:00:00,tensorflow,1344.0,42.0
2026-01-30 01:00:00,41.29999923706055,32.36954116821289,1.0,Tema Community 3 SSNIT Flat,deep,lstm_mha,h672,2026-01-04T23:00:00,2026-01-18T23:00:00,2026-02-15T23:00:00,tensorflow,1344.0,42.0
2026-01-30 02:00:00,42.599998474121094,32.13288116455078,1.0,Tema Community 3 SSNIT Flat,deep,lstm_mha,h672,2026-01-04T23:00:00,2026-01-18T23:00:00,2026-02-15T23:00:00,tensorflow,1344.0,42.0
2026-01-30 03:00:00,43.5,31.700973510742188,1.0,Tema Community 3 SSNIT Flat,deep,lstm_mha,h672,2026-01-04T23:00:00,2026-01-18T23:00:00,2026-02-15T23:00:00,tensorflow,1344.0,42.0
2026-01-30 04:00:00,49.0,32.234947204589844,1.0,Tema Community 3 SSNIT Flat,deep,lstm_mha,h672,2026-01-04T23:00:00,2026-01-18T23:00:00,2026-02-15T23:00:00,tensorflow,1344.0,42.0
2026-01-30 05:00:00,57.20000076293945,32.083621978759766,1.0,Tema Community 3 SSNIT Flat,deep,lstm_mha,h672,2026-01-04T23:00:00,2026-01-18T23:00:00,2026-02-15T23:00:00,tensorflow,1344.0,42.0
2026-01-30 06:00:00,61.599998474121094,31.984256744384766,1.0,Tema Community 3 SSNIT Flat,deep,lstm_mha,h672,2026-01-04T23:00:00,2026-01-18T23:00:00,2026-02-15T23:00:00,tensorflow,1344.0,42.0
2026-01-30 07:00:00,62.400001525878906,30.66681671142578,1.0,Tema Community 3 SSNIT Flat,deep,lstm_mha,h672,2026-01-04T23:00:00,2026-01-18T23:00:00,2026-02-15T23:00:00,tensorflow,1344.0,42.0
2026-01-30 08:00:00,56.099998474121094,31.211759567260742,1.0,Tema Community 3 SSNIT Flat,deep,lstm_mha,h672,2026-01-04T23:00:00,2026-01-18T23:00:00,2026-02-15T23:00:00,tensorflow,1344.0,42.0
2026-01-30 09:00:00,48.79999923706055,30.198883056640625,1.0,Tema Community 3 SSNIT Flat,deep,lstm_mha,h672,2026-01-04T23:00:00,2026-01-18T23:00:00,2026-02-15T23:00:00,tensorflow,1344.0,42.0
2026-01-30 10:00:00,47.20000076293945,28.943103790283203,1.0,Tema Community 3 SSNIT Flat,deep,lstm_mha,h672,2026-01-04T23:00:00,2026-01-18T23:00:00,2026-02-15T23:00:00,tensorflow,1344.0,42.0
2026-01-30 11:00:00,44.20000076293945,28.3261775970459,1.0,Tema Community 3 SSNIT Flat,deep,lstm_mha,h672,2026-01-04T23:00:00,2026-01-18T23:00:00,2026-02-15T23:00:00,tensorflow,1344.0,42.0
2026-01-30 12:00:00,43.70000076293945,28.54880142211914,1.0,Tema Community 3 SSNIT Flat,deep,lstm_mha,h672,2026-01-04T23:00:00,2026-01-18T23:00:00,2026-02-15T23:00:00,tensorflow,1344.0,42.0
2026-01-30 13:00:00,40.79999923706055,28.330846786499023,1.0,Tema Community 3 SSNIT Flat,deep,lstm_mha,h672,2026-01-04T23:00:00,2026-01-18T23:00:00,2026-02-15T23:00:00,tensorflow,1344.0,42.0
2026-01-30 14:00:00,37.099998474121094,28.26361656188965,1.0,Tema Community 3 SSNIT Flat,deep,lstm_mha,h672,2026-01-04T23:00:00,2026-01-18T23:00:00,2026-02-15T23:00:00,tensorflow,1344.0,42.0
2026-01-30 15:00:00,36.900001525878906,28.193025588989258,1.0,Tema Community 3 SSNIT Flat,deep,lstm_mha,h672,2026-01-04T23:00:00,2026-01-18T23:00:00,2026-02-15T23:00:00,tensorflow,1344.0,42.0
2026-01-30 16:00:00,36.20000076293945,28.411008834838867,1.0,Tema Community 3 SSNIT Flat,deep,lstm_mha,h672,2026-01-04T23:00:00,2026-01-18T23:00:00,2026-02-15T23:00:00,tensorflow,1344.0,42.0
2026-01-30 17:00:00,37.20000076293945,28.862449645996094,1.0,Tema Community 3 SSNIT Flat,deep,lstm_mha,h672,2026-01-04T23:00:00,2026-01-18T23:00:00,2026-02-15T23:00:00,tensorflow,1344.0,42.0
2026-01-30 18:00:00,41.099998474121094,28.928712844848633,1.0,Tema Community 3 SSNIT Flat,deep,lstm_mha,h672,2026-01-04T23:00:00,2026-01-18T23:00:00,2026-02-15T23:00:00,tensorflow,1344.0,42.0
2026-01-30 19:00:00,39.599998474121094,28.875286102294922,1.0,Tema Community 3 SSNIT Flat,deep,lstm_mha,h672,2026-01-04T23:00:00,2026-01-18T23:00:00,2026-02-15T23:00:00,tensorflow,1344.0,42.0
2026-01-30 20:00:00,38.900001525878906,28.978336334228516,1.0,Tema Community 3 SSNIT Flat,deep,lstm_mha,h672,2026-01-04T23:00:00,2026-01-18T23:00:00,2026-02-15T23:00:00,tensorflow,1344.0,42.0
2026-01-30 21:00:00,37.79999923706055,29.01744270324707,1.0,Tema Community 3 SSNIT Flat,deep,lstm_mha,h672,2026-01-04T23:00:00,2026-01-18T23:00:00,2026-02-15T23:00:00,tensorflow,1344.0,42.0
2026-01-30 22:00:00,38.5,29.338123321533203,1.0,Tema Community 3 SSNIT Flat,deep,lstm_mha,h672,2026-01-04T23:00:00,2026-01-18T23:00:00,2026-02-15T23:00:00,tensorflow,1344.0,42.0
2026-01-30 23:00:00,40.400001525878906,29.360204696655273,1.0,Tema Community 3 SSNIT Flat,deep,lstm_mha,h672,2026-01-04T23:00:00,2026-01-18T23:00:00,2026-02-15T23:00:00,tensorflow,1344.0,42.0
2026-01-31 00:00:00,41.400001525878906,29.316421508789062,1.0,Tema Community 3 SSNIT Flat,deep,lstm_mha,h672,2026-01-04T23:00:00,2026-01-18T23:00:00,2026-02-15T23:00:00,tensorflow,1344.0,42.0
2026-01-31 01:00:00,39.400001525878906,29.637264251708984,1.0,Tema Community 3 SSNIT Flat,deep,lstm_mha,h672,2026-01-04T23:00:00,2026-01-18T23:00:00,2026-02-15T23:00:00,tensorflow,1344.0,42.0
2026-01-31 02:00:00,39.0,31.780107498168945,1.0,Tema Community 3 SSNIT Flat,deep,lstm_mha,h672,2026-01-04T23:00:00,2026-01-18T23:00:00,2026-02-15T23:00:00,tensorflow,1344.0,42.0
2026-01-31 03:00:00,43.400001525878906,32.25291442871094,1.0,Tema Community 3 SSNIT Flat,deep,lstm_mha,h672,2026-01-04T23:00:00,2026-01-18T23:00:00,2026-02-15T23:00:00,tensorflow,1344.0,42.0
2026-01-31 04:00:00,47.5,32.4544792175293,1.0,Tema Community 3 SSNIT Flat,deep,lstm_mha,h672,2026-01-04T23:00:00,2026-01-18T23:00:00,2026-02-15T23:00:00,tensorflow,1344.0,42.0
2026-01-31 05:00:00,44.0,32.94993591308594,1.0,Tema Community 3 SSNIT Flat,deep,lstm_mha,h672,2026-01-04T23:00:00,2026-01-18T23:00:00,2026-02-15T23:00:00,tensorflow,1344.0,42.0
2026-01-31 06:00:00,51.79999923706055,33.110313415527344,1.0,Tema Community 3 SSNIT Flat,deep,lstm_mha,h672,2026-01-04T23:00:00,2026-01-18T23:00:00,2026-02-15T23:00:00,tensorflow,1344.0,42.0
2026-01-31 07:00:00,58.900001525878906,32.960426330566406,1.0,Tema Community 3 SSNIT Flat,deep,lstm_mha,h672,2026-01-04T23:00:00,2026-01-18T23:00:00,2026-02-15T23:00:00,tensorflow,1344.0,42.0
2026-01-31 08:00:00,49.900001525878906,32.224422454833984,1.0,Tema Community 3 SSNIT Flat,deep,lstm_mha,h672,2026-01-04T23:00:00,2026-01-18T23:00:00,2026-02-15T23:00:00,tensorflow,1344.0,42.0
2026-01-31 09:00:00,45.70000076293945,30.81962013244629,1.0,Tema Community 3 SSNIT Flat,deep,lstm_mha,h672,2026-01-04T23:00:00,2026-01-18T23:00:00,2026-02-15T23:00:00,tensorflow,1344.0,42.0
2026-01-31 10:00:00,43.70000076293945,29.16660499572754,1.0,Tema Community 3 SSNIT Flat,deep,lstm_mha,h672,2026-01-04T23:00:00,2026-01-18T23:00:00,2026-02-15T23:00:00,tensorflow,1344.0,42.0
2026-01-31 11:00:00,41.29999923706055,28.093059539794922,1.0,Tema Community 3 SSNIT Flat,deep,lstm_mha,h672,2026-01-04T23:00:00,2026-01-18T23:00:00,2026-02-15T23:00:00,tensorflow,1344.0,42.0
2026-01-31 12:00:00,37.0,27.320068359375,1.0,Tema Community 3 SSNIT Flat,deep,lstm_mha,h672,2026-01-04T23:00:00,2026-01-18T23:00:00,2026-02-15T23:00:00,tensorflow,1344.0,42.0
2026-01-31 13:00:00,37.20000076293945,26.800640106201172,1.0,Tema Community 3 SSNIT Flat,deep,lstm_mha,h672,2026-01-04T23:00:00,2026-01-18T23:00:00,2026-02-15T23:00:00,tensorflow,1344.0,42.0
2026-01-31 14:00:00,35.79999923706055,26.442007064819336,1.0,Tema Community 3 SSNIT Flat,deep,lstm_mha,h672,2026-01-04T23:00:00,2026-01-18T23:00:00,2026-02-15T23:00:00,tensorflow,1344.0,42.0
2026-01-31 15:00:00,34.79999923706055,27.436248779296875,1.0,Tema Community 3 SSNIT Flat,deep,lstm_mha,h672,2026-01-04T23:00:00,2026-01-18T23:00:00,2026-02-15T23:00:00,tensorflow,1344.0,42.0
2026-01-31 16:00:00,33.0,27.786624908447266,1.0,Tema Community 3 SSNIT Flat,deep,lstm_mha,h672,2026-01-04T23:00:00,2026-01-18T23:00:00,2026-02-15T23:00:00,tensorflow,1344.0,42.0
2026-01-31 17:00:00,33.20000076293945,28.283863067626953,1.0,Tema Community 3 SSNIT Flat,deep,lstm_mha,h672,2026-01-04T23:00:00,2026-01-18T23:00:00,2026-02-15T23:00:00,tensorflow,1344.0,42.0
2026-01-31 18:00:00,32.70000076293945,28.827594757080078,1.0,Tema Community 3 SSNIT Flat,deep,lstm_mha,h672,2026-01-04T23:00:00,2026-01-18T23:00:00,2026-02-15T23:00:00,tensorflow,1344.0,42.0
2026-01-31 19:00:00,34.20000076293945,29.094268798828125,1.0,Tema Community 3 SSNIT Flat,deep,lstm_mha,h672,2026-01-04T23:00:00,2026-01-18T23:00:00,2026-02-15T23:00:00,tensorflow,1344.0,42.0
2026-01-31 20:00:00,35.0,29.138309478759766,1.0,Tema Community 3 SSNIT Flat,deep,lstm_mha,h672,2026-01-04T23:00:00,2026-01-18T23:00:00,2026-02-15T23:00:00,tensorflow,1344.0,42.0
2026-01-31 21:00:00,34.099998474121094,29.011581420898438,1.0,Tema Community 3 SSNIT Flat,deep,lstm_mha,h672,2026-01-04T23:00:00,2026-01-18T23:00:00,2026-02-15T23:00:00,tensorflow,1344.0,42.0
2026-01-31 22:00:00,32.79999923706055,29.04330825805664,1.0,Tema Community 3 SSNIT Flat,deep,lstm_mha,h672,2026-01-04T23:00:00,2026-01-18T23:00:00,2026-02-15T23:00:00,tensorflow,1344.0,42.0
2026-01-31 23:00:00,33.70000076293945,29.13425064086914,1.0,Tema Community 3 SSNIT Flat,deep,lstm_mha,h672,2026-01-04T23:00:00,2026-01-18T23:00:00,2026-02-15T23:00:00,tensorflow,1344.0,42.0
2026-02-01 00:00:00,35.29999923706055,29.48741340637207,1.0,Tema Community 3 SSNIT Flat,deep,lstm_mha,h672,2026-01-04T23:00:00,2026-01-18T23:00:00,2026-02-15T23:00:00,tensorflow,1344.0,42.0
2026-02-01 01:00:00,36.400001525878906,29.628677368164062,1.0,Tema Community 3 SSNIT Flat,deep,lstm_mha,h672,2026-01-04T23:00:00,2026-01-18T23:00:00,2026-02-15T23:00:00,tensorflow,1344.0,42.0
2026-02-01 02:00:00,34.0,29.65225601196289,1.0,Tema Community 3 SSNIT Flat,deep,lstm_mha,h672,2026-01-04T23:00:00,2026-01-18T23:00:00,2026-02-15T23:00:00,tensorflow,1344.0,42.0
2026-02-01 03:00:00,31.399999618530273,29.882383346557617,1.0,Tema Community 3 SSNIT Flat,deep,lstm_mha,h672,2026-01-04T23:00:00,2026-01-18T23:00:00,2026-02-15T23:00:00,tensorflow,1344.0,42.0
2026-02-01 04:00:00,31.200000762939453,31.177383422851562,1.0,Tema Community 3 SSNIT Flat,deep,lstm_mha,h672,2026-01-04T23:00:00,2026-01-18T23:00:00,2026-02-15T23:00:00,tensorflow,1344.0,42.0
2026-02-01 05:00:00,31.0,31.965496063232422,1.0,Tema Community 3 SSNIT Flat,deep,lstm_mha,h672,2026-01-04T23:00:00,2026-01-18T23:00:00,2026-02-15T23:00:00,tensorflow,1344.0,42.0
2026-02-01 06:00:00,58.099998474121094,31.46871566772461,1.0,Tema Community 3 SSNIT Flat,deep,lstm_mha,h672,2026-01-04T23:00:00,2026-01-18T23:00:00,2026-02-15T23:00:00,tensorflow,1344.0,42.0
2026-02-01 07:00:00,76.0999984741211,31.741958618164062,1.0,Tema Community 3 SSNIT Flat,deep,lstm_mha,h672,2026-01-04T23:00:00,2026-01-18T23:00:00,2026-02-15T23:00:00,tensorflow,1344.0,42.0
2026-02-01 08:00:00,47.900001525878906,30.816856384277344,1.0,Tema Community 3 SSNIT Flat,deep,lstm_mha,h672,2026-01-04T23:00:00,2026-01-18T23:00:00,2026-02-15T23:00:00,tensorflow,1344.0,42.0
2026-02-01 09:00:00,46.099998474121094,29.549617767333984,1.0,Tema Community 3 SSNIT Flat,deep,lstm_mha,h672,2026-01-04T23:00:00,2026-01-18T23:00:00,2026-02-15T23:00:00,tensorflow,1344.0,42.0
2026-02-01 10:00:00,37.400001525878906,28.780040740966797,1.0,Tema Community 3 SSNIT Flat,deep,lstm_mha,h672,2026-01-04T23:00:00,2026-01-18T23:00:00,2026-02-15T23:00:00,tensorflow,1344.0,42.0
2026-02-01 11:00:00,34.599998474121094,28.512378692626953,1.0,Tema Community 3 SSNIT Flat,deep,lstm_mha,h672,2026-01-04T23:00:00,2026-01-18T23:00:00,2026-02-15T23:00:00,tensorflow,1344.0,42.0
2026-02-01 12:00:00,31.399999618530273,28.33073616027832,1.0,Tema Community 3 SSNIT Flat,deep,lstm_mha,h672,2026-01-04T23:00:00,2026-01-18T23:00:00,2026-02-15T23:00:00,tensorflow,1344.0,42.0
2026-02-01 13:00:00,29.899999618530273,28.09532356262207,1.0,Tema Community 3 SSNIT Flat,deep,lstm_mha,h672,2026-01-04T23:00:00,2026-01-18T23:00:00,2026-02-15T23:00:00,tensorflow,1344.0,42.0
2026-02-01 14:00:00,29.600000381469727,27.896860122680664,1.0,Tema Community 3 SSNIT Flat,deep,lstm_mha,h672,2026-01-04T23:00:00,2026-01-18T23:00:00,2026-02-15T23:00:00,tensorflow,1344.0,42.0
2026-02-01 15:00:00,32.20000076293945,27.846773147583008,1.0,Tema Community 3 SSNIT Flat,deep,lstm_mha,h672,2026-01-04T23:00:00,2026-01-18T23:00:00,2026-02-15T23:00:00,tensorflow,1344.0,42.0
2026-02-01 16:00:00,33.400001525878906,29.09984588623047,1.0,Tema Community 3 SSNIT Flat,deep,lstm_mha,h672,2026-01-04T23:00:00,2026-01-18T23:00:00,2026-02-15T23:00:00,tensorflow,1344.0,42.0
2026-02-01 17:00:00,33.599998474121094,28.779205322265625,1.0,Tema Community 3 SSNIT Flat,deep,lstm_mha,h672,2026-01-04T23:00:00,2026-01-18T23:00:00,2026-02-15T23:00:00,tensorflow,1344.0,42.0
2026-02-01 18:00:00,33.900001525878906,28.642929077148438,1.0,Tema Community 3 SSNIT Flat,deep,lstm_mha,h672,2026-01-04T23:00:00,2026-01-18T23:00:00,2026-02-15T23:00:00,tensorflow,1344.0,42.0
2026-02-01 19:00:00,33.599998474121094,28.919628143310547,1.0,Tema Community 3 SSNIT Flat,deep,lstm_mha,h672,2026-01-04T23:00:00,2026-01-18T23:00:00,2026-02-15T23:00:00,tensorflow,1344.0,42.0
2026-02-01 20:00:00,33.400001525878906,29.092609405517578,1.0,Tema Community 3 SSNIT Flat,deep,lstm_mha,h672,2026-01-04T23:00:00,2026-01-18T23:00:00,2026-02-15T23:00:00,tensorflow,1344.0,42.0
2026-02-01 21:00:00,34.29999923706055,29.180192947387695,1.0,Tema Community 3 SSNIT Flat,deep,lstm_mha,h672,2026-01-04T23:00:00,2026-01-18T23:00:00,2026-02-15T23:00:00,tensorflow,1344.0,42.0
2026-02-01 22:00:00,30.899999618530273,29.412620544433594,1.0,Tema Community 3 SSNIT Flat,deep,lstm_mha,h672,2026-01-04T23:00:00,2026-01-18T23:00:00,2026-02-15T23:00:00,tensorflow,1344.0,42.0
2026-02-01 23:00:00,34.5,30.255374908447266,1.0,Tema Community 3 SSNIT Flat,deep,lstm_mha,h672,2026-01-04T23:00:00,2026-01-18T23:00:00,2026-02-15T23:00:00,tensorflow,1344.0,42.0
2026-02-02 00:00:00,41.400001525878906,31.11090850830078,1.0,Tema Community 3 SSNIT Flat,deep,lstm_mha,h672,2026-01-04T23:00:00,2026-01-18T23:00:00,2026-02-15T23:00:00,tensorflow,1344.0,42.0
2026-02-02 01:00:00,36.0,31.733463287353516,1.0,Tema Community 3 SSNIT Flat,deep,lstm_mha,h672,2026-01-04T23:00:00,2026-01-18T23:00:00,2026-02-15T23:00:00,tensorflow,1344.0,42.0
2026-02-02 02:00:00,34.900001525878906,32.05513000488281,1.0,Tema Community 3 SSNIT Flat,deep,lstm_mha,h672,2026-01-04T23:00:00,2026-01-18T23:00:00,2026-02-15T23:00:00,tensorflow,1344.0,42.0
2026-02-02 03:00:00,31.200000762939453,32.13763427734375,1.0,Tema Community 3 SSNIT Flat,deep,lstm_mha,h672,2026-01-04T23:00:00,2026-01-18T23:00:00,2026-02-15T23:00:00,tensorflow,1344.0,42.0
2026-02-02 04:00:00,41.0,32.406558990478516,1.0,Tema Community 3 SSNIT Flat,deep,lstm_mha,h672,2026-01-04T23:00:00,2026-01-18T23:00:00,2026-02-15T23:00:00,tensorflow,1344.0,42.0
2026-02-02 05:00:00,34.900001525878906,33.37541198730469,1.0,Tema Community 3 SSNIT Flat,deep,lstm_mha,h672,2026-01-04T23:00:00,2026-01-18T23:00:00,2026-02-15T23:00:00,tensorflow,1344.0,42.0
2026-02-02 06:00:00,49.70000076293945,32.70002365112305,1.0,Tema Community 3 SSNIT Flat,deep,lstm_mha,h672,2026-01-04T23:00:00,2026-01-18T23:00:00,2026-02-15T23:00:00,tensorflow,1344.0,42.0
2026-02-02 07:00:00,62.900001525878906,32.03936004638672,1.0,Tema Community 3 SSNIT Flat,deep,lstm_mha,h672,2026-01-04T23:00:00,2026-01-18T23:00:00,2026-02-15T23:00:00,tensorflow,1344.0,42.0
2026-02-02 08:00:00,51.400001525878906,30.982690811157227,1.0,Tema Community 3 SSNIT Flat,deep,lstm_mha,h672,2026-01-04T23:00:00,2026-01-18T23:00:00,2026-02-15T23:00:00,tensorflow,1344.0,42.0
2026-02-02 09:00:00,40.0,30.292932510375977,1.0,Tema Community 3 SSNIT Flat,deep,lstm_mha,h672,2026-01-04T23:00:00,2026-01-18T23:00:00,2026-02-15T23:00:00,tensorflow,1344.0,42.0
2026-02-02 10:00:00,40.5,29.988183975219727,1.0,Tema Community 3 SSNIT Flat,deep,lstm_mha,h672,2026-01-04T23:00:00,2026-01-18T23:00:00,2026-02-15T23:00:00,tensorflow,1344.0,42.0
2026-02-02 11:00:00,29.200000762939453,29.3197021484375,1.0,Tema Community 3 SSNIT Flat,deep,lstm_mha,h672,2026-01-04T23:00:00,2026-01-18T23:00:00,2026-02-15T23:00:00,tensorflow,1344.0,42.0
2026-02-02 12:00:00,27.899999618530273,29.090856552124023,1.0,Tema Community 3 SSNIT Flat,deep,lstm_mha,h672,2026-01-04T23:00:00,2026-01-18T23:00:00,2026-02-15T23:00:00,tensorflow,1344.0,42.0
2026-02-02 13:00:00,25.700000762939453,28.67030906677246,1.0,Tema Community 3 SSNIT Flat,deep,lstm_mha,h672,2026-01-04T23:00:00,2026-01-18T23:00:00,2026-02-15T23:00:00,tensorflow,1344.0,42.0
2026-02-02 14:00:00,27.200000762939453,28.54962730407715,1.0,Tema Community 3 SSNIT Flat,deep,lstm_mha,h672,2026-01-04T23:00:00,2026-01-18T23:00:00,2026-02-15T23:00:00,tensorflow,1344.0,42.0
2026-02-02 15:00:00,30.899999618530273,28.545717239379883,1.0,Tema Community 3 SSNIT Flat,deep,lstm_mha,h672,2026-01-04T23:00:00,2026-01-18T23:00:00,2026-02-15T23:00:00,tensorflow,1344.0,42.0
2026-02-02 16:00:00,82.5999984741211,28.601856231689453,1.0,Tema Community 3 SSNIT Flat,deep,lstm_mha,h672,2026-01-04T23:00:00,2026-01-18T23:00:00,2026-02-15T23:00:00,tensorflow,1344.0,42.0
2026-02-02 17:00:00,71.19999694824219,29.068140029907227,1.0,Tema Community 3 SSNIT Flat,deep,lstm_mha,h672,2026-01-04T23:00:00,2026-01-18T23:00:00,2026-02-15T23:00:00,tensorflow,1344.0,42.0
2026-02-02 18:00:00,42.70000076293945,29.5977840423584,1.0,Tema Community 3 SSNIT Flat,deep,lstm_mha,h672,2026-01-04T23:00:00,2026-01-18T23:00:00,2026-02-15T23:00:00,tensorflow,1344.0,42.0
2026-02-02 19:00:00,45.20000076293945,29.71186065673828,1.0,Tema Community 3 SSNIT Flat,deep,lstm_mha,h672,2026-01-04T23:00:00,2026-01-18T23:00:00,2026-02-15T23:00:00,tensorflow,1344.0,42.0
2026-02-02 20:00:00,53.0,29.782197952270508,1.0,Tema Community 3 SSNIT Flat,deep,lstm_mha,h672,2026-01-04T23:00:00,2026-01-18T23:00:00,2026-02-15T23:00:00,tensorflow,1344.0,42.0
2026-02-02 21:00:00,40.70000076293945,30.102163314819336,1.0,Tema Community 3 SSNIT Flat,deep,lstm_mha,h672,2026-01-04T23:00:00,2026-01-18T23:00:00,2026-02-15T23:00:00,tensorflow,1344.0,42.0
2026-02-02 22:00:00,40.599998474121094,30.308879852294922,1.0,Tema Community 3 SSNIT Flat,deep,lstm_mha,h672,2026-01-04T23:00:00,2026-01-18T23:00:00,2026-02-15T23:00:00,tensorflow,1344.0,42.0
2026-02-02 23:00:00,47.5,30.45386505126953,1.0,Tema Community 3 SSNIT Flat,deep,lstm_mha,h672,2026-01-04T23:00:00,2026-01-18T23:00:00,2026-02-15T23:00:00,tensorflow,1344.0,42.0
2026-02-03 00:00:00,62.5,31.085201263427734,1.0,Tema Community 3 SSNIT Flat,deep,lstm_mha,h672,2026-01-04T23:00:00,2026-01-18T23:00:00,2026-02-15T23:00:00,tensorflow,1344.0,42.0
2026-02-03 01:00:00,57.0,31.732900619506836,1.0,Tema Community 3 SSNIT Flat,deep,lstm_mha,h672,2026-01-04T23:00:00,2026-01-18T23:00:00,2026-02-15T23:00:00,tensorflow,1344.0,42.0
2026-02-03 02:00:00,51.900001525878906,32.09539031982422,1.0,Tema Community 3 SSNIT Flat,deep,lstm_mha,h672,2026-01-04T23:00:00,2026-01-18T23:00:00,2026-02-15T23:00:00,tensorflow,1344.0,42.0
2026-02-03 03:00:00,54.5,32.42998123168945,1.0,Tema Community 3 SSNIT Flat,deep,lstm_mha,h672,2026-01-04T23:00:00,2026-01-18T23:00:00,2026-02-15T23:00:00,tensorflow,1344.0,42.0
2026-02-03 04:00:00,44.79999923706055,32.563995361328125,1.0,Tema Community 3 SSNIT Flat,deep,lstm_mha,h672,2026-01-04T23:00:00,2026-01-18T23:00:00,2026-02-15T23:00:00,tensorflow,1344.0,42.0
2026-02-03 05:00:00,61.099998474121094,32.521358489990234,1.0,Tema Community 3 SSNIT Flat,deep,lstm_mha,h672,2026-01-04T23:00:00,2026-01-18T23:00:00,2026-02-15T23:00:00,tensorflow,1344.0,42.0
2026-02-03 06:00:00,56.0,32.625755310058594,1.0,Tema Community 3 SSNIT Flat,deep,lstm_mha,h672,2026-01-04T23:00:00,2026-01-18T23:00:00,2026-02-15T23:00:00,tensorflow,1344.0,42.0
2026-02-03 07:00:00,66.5999984741211,32.577537536621094,1.0,Tema Community 3 SSNIT Flat,deep,lstm_mha,h672,2026-01-04T23:00:00,2026-01-18T23:00:00,2026-02-15T23:00:00,tensorflow,1344.0,42.0
2026-02-03 08:00:00,41.900001525878906,32.09187316894531,1.0,Tema Community 3 SSNIT Flat,deep,lstm_mha,h672,2026-01-04T23:00:00,2026-01-18T23:00:00,2026-02-15T23:00:00,tensorflow,1344.0,42.0
2026-02-03 09:00:00,44.20000076293945,31.369421005249023,1.0,Tema Community 3 SSNIT Flat,deep,lstm_mha,h672,2026-01-04T23:00:00,2026-01-18T23:00:00,2026-02-15T23:00:00,tensorflow,1344.0,42.0
2026-02-03 10:00:00,58.0,30.69740104675293,1.0,Tema Community 3 SSNIT Flat,deep,lstm_mha,h672,2026-01-04T23:00:00,2026-01-18T23:00:00,2026-02-15T23:00:00,tensorflow,1344.0,42.0
2026-02-03 11:00:00,56.5,30.2774715423584,1.0,Tema Community 3 SSNIT Flat,deep,lstm_mha,h672,2026-01-04T23:00:00,2026-01-18T23:00:00,2026-02-15T23:00:00,tensorflow,1344.0,42.0
2026-02-03 12:00:00,46.70000076293945,29.762975692749023,1.0,Tema Community 3 SSNIT Flat,deep,lstm_mha,h672,2026-01-04T23:00:00,2026-01-18T23:00:00,2026-02-15T23:00:00,tensorflow,1344.0,42.0
2026-02-03 13:00:00,26.5,29.54204559326172,1.0,Tema Community 3 SSNIT Flat,deep,lstm_mha,h672,2026-01-04T23:00:00,2026-01-18T23:00:00,2026-02-15T23:00:00,tensorflow,1344.0,42.0
2026-02-03 14:00:00,34.70000076293945,29.316492080688477,1.0,Tema Community 3 SSNIT Flat,deep,lstm_mha,h672,2026-01-04T23:00:00,2026-01-18T23:00:00,2026-02-15T23:00:00,tensorflow,1344.0,42.0
2026-02-03 15:00:00,29.0,29.159448623657227,1.0,Tema Community 3 SSNIT Flat,deep,lstm_mha,h672,2026-01-04T23:00:00,2026-01-18T23:00:00,2026-02-15T23:00:00,tensorflow,1344.0,42.0
2026-02-03 16:00:00,36.099998474121094,29.13311004638672,1.0,Tema Community 3 SSNIT Flat,deep,lstm_mha,h672,2026-01-04T23:00:00,2026-01-18T23:00:00,2026-02-15T23:00:00,tensorflow,1344.0,42.0
2026-02-03 17:00:00,26.100000381469727,29.5855655670166,1.0,Tema Community 3 SSNIT Flat,deep,lstm_mha,h672,2026-01-04T23:00:00,2026-01-18T23:00:00,2026-02-15T23:00:00,tensorflow,1344.0,42.0
2026-02-03 18:00:00,39.79999923706055,29.95760726928711,1.0,Tema Community 3 SSNIT Flat,deep,lstm_mha,h672,2026-01-04T23:00:00,2026-01-18T23:00:00,2026-02-15T23:00:00,tensorflow,1344.0,42.0
2026-02-03 19:00:00,59.400001525878906,30.269392013549805,1.0,Tema Community 3 SSNIT Flat,deep,lstm_mha,h672,2026-01-04T23:00:00,2026-01-18T23:00:00,2026-02-15T23:00:00,tensorflow,1344.0,42.0
2026-02-03 20:00:00,76.5,30.32379722595215,1.0,Tema Community 3 SSNIT Flat,deep,lstm_mha,h672,2026-01-04T23:00:00,2026-01-18T23:00:00,2026-02-15T23:00:00,tensorflow,1344.0,42.0
2026-02-03 21:00:00,77.80000305175781,30.407100677490234,1.0,Tema Community 3 SSNIT Flat,deep,lstm_mha,h672,2026-01-04T23:00:00,2026-01-18T23:00:00,2026-02-15T23:00:00,tensorflow,1344.0,42.0
2026-02-03 22:00:00,56.29999923706055,30.575775146484375,1.0,Tema Community 3 SSNIT Flat,deep,lstm_mha,h672,2026-01-04T23:00:00,2026-01-18T23:00:00,2026-02-15T23:00:00,tensorflow,1344.0,42.0
2026-02-03 23:00:00,66.19999694824219,30.67791748046875,1.0,Tema Community 3 SSNIT Flat,deep,lstm_mha,h672,2026-01-04T23:00:00,2026-01-18T23:00:00,2026-02-15T23:00:00,tensorflow,1344.0,42.0
2026-02-04 00:00:00,55.900001525878906,30.808225631713867,1.0,Tema Community 3 SSNIT Flat,deep,lstm_mha,h672,2026-01-04T23:00:00,2026-01-18T23:00:00,2026-02-15T23:00:00,tensorflow,1344.0,42.0
2026-02-04 01:00:00,56.0,30.978504180908203,1.0,Tema Community 3 SSNIT Flat,deep,lstm_mha,h672,2026-01-04T23:00:00,2026-01-18T23:00:00,2026-02-15T23:00:00,tensorflow,1344.0,42.0
2026-02-04 02:00:00,43.0,31.310874938964844,1.0,Tema Community 3 SSNIT Flat,deep,lstm_mha,h672,2026-01-04T23:00:00,2026-01-18T23:00:00,2026-02-15T23:00:00,tensorflow,1344.0,42.0
2026-02-04 03:00:00,49.599998474121094,32.263671875,1.0,Tema Community 3 SSNIT Flat,deep,lstm_mha,h672,2026-01-04T23:00:00,2026-01-18T23:00:00,2026-02-15T23:00:00,tensorflow,1344.0,42.0
2026-02-04 04:00:00,59.0,32.40239334106445,1.0,Tema Community 3 SSNIT Flat,deep,lstm_mha,h672,2026-01-04T23:00:00,2026-01-18T23:00:00,2026-02-15T23:00:00,tensorflow,1344.0,42.0
2026-02-04 05:00:00,97.19999694824219,32.541751861572266,1.0,Tema Community 3 SSNIT Flat,deep,lstm_mha,h672,2026-01-04T23:00:00,2026-01-18T23:00:00,2026-02-15T23:00:00,tensorflow,1344.0,42.0
2026-02-04 06:00:00,80.0999984741211,33.02536392211914,1.0,Tema Community 3 SSNIT Flat,deep,lstm_mha,h672,2026-01-04T23:00:00,2026-01-18T23:00:00,2026-02-15T23:00:00,tensorflow,1344.0,42.0
2026-02-04 07:00:00,91.5999984741211,33.15521240234375,1.0,Tema Community 3 SSNIT Flat,deep,lstm_mha,h672,2026-01-04T23:00:00,2026-01-18T23:00:00,2026-02-15T23:00:00,tensorflow,1344.0,42.0
2026-02-04 08:00:00,46.5,32.6456184387207,1.0,Tema Community 3 SSNIT Flat,deep,lstm_mha,h672,2026-01-04T23:00:00,2026-01-18T23:00:00,2026-02-15T23:00:00,tensorflow,1344.0,42.0
2026-02-04 09:00:00,47.70000076293945,31.895381927490234,1.0,Tema Community 3 SSNIT Flat,deep,lstm_mha,h672,2026-01-04T23:00:00,2026-01-18T23:00:00,2026-02-15T23:00:00,tensorflow,1344.0,42.0
2026-02-04 10:00:00,47.29999923706055,31.24250602722168,1.0,Tema Community 3 SSNIT Flat,deep,lstm_mha,h672,2026-01-04T23:00:00,2026-01-18T23:00:00,2026-02-15T23:00:00,tensorflow,1344.0,42.0
2026-02-04 11:00:00,40.099998474121094,30.529640197753906,1.0,Tema Community 3 SSNIT Flat,deep,lstm_mha,h672,2026-01-04T23:00:00,2026-01-18T23:00:00,2026-02-15T23:00:00,tensorflow,1344.0,42.0
2026-02-04 12:00:00,35.79999923706055,29.871360778808594,1.0,Tema Community 3 SSNIT Flat,deep,lstm_mha,h672,2026-01-04T23:00:00,2026-01-18T23:00:00,2026-02-15T23:00:00,tensorflow,1344.0,42.0
2026-02-04 13:00:00,35.0,29.41744041442871,1.0,Tema Community 3 SSNIT Flat,deep,lstm_mha,h672,2026-01-04T23:00:00,2026-01-18T23:00:00,2026-02-15T23:00:00,tensorflow,1344.0,42.0
2026-02-04 14:00:00,32.5,29.177640914916992,1.0,Tema Community 3 SSNIT Flat,deep,lstm_mha,h672,2026-01-04T23:00:00,2026-01-18T23:00:00,2026-02-15T23:00:00,tensorflow,1344.0,42.0
2026-02-04 15:00:00,30.299999237060547,29.155256271362305,1.0,Tema Community 3 SSNIT Flat,deep,lstm_mha,h672,2026-01-04T23:00:00,2026-01-18T23:00:00,2026-02-15T23:00:00,tensorflow,1344.0,42.0
2026-02-04 16:00:00,24.5,29.39146614074707,1.0,Tema Community 3 SSNIT Flat,deep,lstm_mha,h672,2026-01-04T23:00:00,2026-01-18T23:00:00,2026-02-15T23:00:00,tensorflow,1344.0,42.0
2026-02-04 17:00:00,21.799999237060547,29.692140579223633,1.0,Tema Community 3 SSNIT Flat,deep,lstm_mha,h672,2026-01-04T23:00:00,2026-01-18T23:00:00,2026-02-15T23:00:00,tensorflow,1344.0,42.0
2026-02-04 18:00:00,18.899999618530273,29.839677810668945,1.0,Tema Community 3 SSNIT Flat,deep,lstm_mha,h672,2026-01-04T23:00:00,2026-01-18T23:00:00,2026-02-15T23:00:00,tensorflow,1344.0,42.0
2026-02-04 19:00:00,12.5,30.16653823852539,1.0,Tema Community 3 SSNIT Flat,deep,lstm_mha,h672,2026-01-04T23:00:00,2026-01-18T23:00:00,2026-02-15T23:00:00,tensorflow,1344.0,42.0
2026-02-04 20:00:00,13.5,30.63574981689453,1.0,Tema Community 3 SSNIT Flat,deep,lstm_mha,h672,2026-01-04T23:00:00,2026-01-18T23:00:00,2026-02-15T23:00:00,tensorflow,1344.0,42.0
2026-02-04 21:00:00,20.600000381469727,31.11241912841797,1.0,Tema Community 3 SSNIT Flat,deep,lstm_mha,h672,2026-01-04T23:00:00,2026-01-18T23:00:00,2026-02-15T23:00:00,tensorflow,1344.0,42.0
2026-02-04 22:00:00,25.399999618530273,31.62447738647461,1.0,Tema Community 3 SSNIT Flat,deep,lstm_mha,h672,2026-01-04T23:00:00,2026-01-18T23:00:00,2026-02-15T23:00:00,tensorflow,1344.0,42.0
2026-02-04 23:00:00,39.400001525878906,31.90668296813965,1.0,Tema Community 3 SSNIT Flat,deep,lstm_mha,h672,2026-01-04T23:00:00,2026-01-18T23:00:00,2026-02-15T23:00:00,tensorflow,1344.0,42.0
2026-02-05 00:00:00,41.5,32.66952896118164,1.0,Tema Community 3 SSNIT Flat,deep,lstm_mha,h672,2026-01-04T23:00:00,2026-01-18T23:00:00,2026-02-15T23:00:00,tensorflow,1344.0,42.0
2026-02-05 01:00:00,46.79999923706055,32.60996627807617,1.0,Tema Community 3 SSNIT Flat,deep,lstm_mha,h672,2026-01-04T23:00:00,2026-01-18T23:00:00,2026-02-15T23:00:00,tensorflow,1344.0,42.0
2026-02-05 02:00:00,43.099998474121094,32.770729064941406,1.0,Tema Community 3 SSNIT Flat,deep,lstm_mha,h672,2026-01-04T23:00:00,2026-01-18T23:00:00,2026-02-15T23:00:00,tensorflow,1344.0,42.0
2026-02-05 03:00:00,41.400001525878906,33.43064880371094,1.0,Tema Community 3 SSNIT Flat,deep,lstm_mha,h672,2026-01-04T23:00:00,2026-01-18T23:00:00,2026-02-15T23:00:00,tensorflow,1344.0,42.0
2026-02-05 04:00:00,36.599998474121094,33.19651412963867,1.0,Tema Community 3 SSNIT Flat,deep,lstm_mha,h672,2026-01-04T23:00:00,2026-01-18T23:00:00,2026-02-15T23:00:00,tensorflow,1344.0,42.0
2026-02-05 05:00:00,50.0,33.0263671875,1.0,Tema Community 3 SSNIT Flat,deep,lstm_mha,h672,2026-01-04T23:00:00,2026-01-18T23:00:00,2026-02-15T23:00:00,tensorflow,1344.0,42.0
2026-02-05 06:00:00,43.400001525878906,33.40110397338867,1.0,Tema Community 3 SSNIT Flat,deep,lstm_mha,h672,2026-01-04T23:00:00,2026-01-18T23:00:00,2026-02-15T23:00:00,tensorflow,1344.0,42.0
2026-02-05 07:00:00,43.5,33.05983352661133,1.0,Tema Community 3 SSNIT Flat,deep,lstm_mha,h672,2026-01-04T23:00:00,2026-01-18T23:00:00,2026-02-15T23:00:00,tensorflow,1344.0,42.0
2026-02-05 08:00:00,33.20000076293945,32.678321838378906,1.0,Tema Community 3 SSNIT Flat,deep,lstm_mha,h672,2026-01-04T23:00:00,2026-01-18T23:00:00,2026-02-15T23:00:00,tensorflow,1344.0,42.0
2026-02-05 09:00:00,26.700000762939453,32.073429107666016,1.0,Tema Community 3 SSNIT Flat,deep,lstm_mha,h672,2026-01-04T23:00:00,2026-01-18T23:00:00,2026-02-15T23:00:00,tensorflow,1344.0,42.0
2026-02-05 10:00:00,24.299999237060547,31.583396911621094,1.0,Tema Community 3 SSNIT Flat,deep,lstm_mha,h672,2026-01-04T23:00:00,2026-01-18T23:00:00,2026-02-15T23:00:00,tensorflow,1344.0,42.0
2026-02-05 11:00:00,18.600000381469727,30.64909553527832,1.0,Tema Community 3 SSNIT Flat,deep,lstm_mha,h672,2026-01-04T23:00:00,2026-01-18T23:00:00,2026-02-15T23:00:00,tensorflow,1344.0,42.0
2026-02-05 12:00:00,15.800000190734863,33.69618225097656,1.0,Tema Community 3 SSNIT Flat,deep,lstm_mha,h672,2026-01-04T23:00:00,2026-01-18T23:00:00,2026-02-15T23:00:00,tensorflow,1344.0,42.0
2026-02-05 13:00:00,14.5,34.02602005004883,1.0,Tema Community 3 SSNIT Flat,deep,lstm_mha,h672,2026-01-04T23:00:00,2026-01-18T23:00:00,2026-02-15T23:00:00,tensorflow,1344.0,42.0
2026-02-05 14:00:00,16.0,33.32048797607422,1.0,Tema Community 3 SSNIT Flat,deep,lstm_mha,h672,2026-01-04T23:00:00,2026-01-18T23:00:00,2026-02-15T23:00:00,tensorflow,1344.0,42.0
2026-02-05 15:00:00,16.700000762939453,32.68074417114258,1.0,Tema Community 3 SSNIT Flat,deep,lstm_mha,h672,2026-01-04T23:00:00,2026-01-18T23:00:00,2026-02-15T23:00:00,tensorflow,1344.0,42.0
2026-02-05 16:00:00,23.899999618530273,32.036163330078125,1.0,Tema Community 3 SSNIT Flat,deep,lstm_mha,h672,2026-01-04T23:00:00,2026-01-18T23:00:00,2026-02-15T23:00:00,tensorflow,1344.0,42.0
2026-02-05 17:00:00,32.29999923706055,31.905906677246094,1.0,Tema Community 3 SSNIT Flat,deep,lstm_mha,h672,2026-01-04T23:00:00,2026-01-18T23:00:00,2026-02-15T23:00:00,tensorflow,1344.0,42.0
2026-02-05 18:00:00,23.200000762939453,31.68474578857422,1.0,Tema Community 3 SSNIT Flat,deep,lstm_mha,h672,2026-01-04T23:00:00,2026-01-18T23:00:00,2026-02-15T23:00:00,tensorflow,1344.0,42.0
2026-02-05 19:00:00,21.799999237060547,31.57194709777832,1.0,Tema Community 3 SSNIT Flat,deep,lstm_mha,h672,2026-01-04T23:00:00,2026-01-18T23:00:00,2026-02-15T23:00:00,tensorflow,1344.0,42.0
2026-02-05 20:00:00,21.600000381469727,31.50251007080078,1.0,Tema Community 3 SSNIT Flat,deep,lstm_mha,h672,2026-01-04T23:00:00,2026-01-18T23:00:00,2026-02-15T23:00:00,tensorflow,1344.0,42.0
2026-02-05 21:00:00,21.399999618530273,31.657794952392578,1.0,Tema Community 3 SSNIT Flat,deep,lstm_mha,h672,2026-01-04T23:00:00,2026-01-18T23:00:00,2026-02-15T23:00:00,tensorflow,1344.0,42.0
2026-02-05 22:00:00,20.899999618530273,32.08634567260742,1.0,Tema Community 3 SSNIT Flat,deep,lstm_mha,h672,2026-01-04T23:00:00,2026-01-18T23:00:00,2026-02-15T23:00:00,tensorflow,1344.0,42.0
2026-02-05 23:00:00,20.399999618530273,32.96623229980469,1.0,Tema Community 3 SSNIT Flat,deep,lstm_mha,h672,2026-01-04T23:00:00,2026-01-18T23:00:00,2026-02-15T23:00:00,tensorflow,1344.0,42.0
2026-02-06 00:00:00,20.700000762939453,32.79130172729492,1.0,Tema Community 3 SSNIT Flat,deep,lstm_mha,h672,2026-01-04T23:00:00,2026-01-18T23:00:00,2026-02-15T23:00:00,tensorflow,1344.0,42.0
2026-02-06 01:00:00,24.087499618530273,32.78437423706055,1.0,Tema Community 3 SSNIT Flat,deep,lstm_mha,h672,2026-01-04T23:00:00,2026-01-18T23:00:00,2026-02-15T23:00:00,tensorflow,1344.0,42.0
2026-02-06 02:00:00,27.475000381469727,32.776100158691406,1.0,Tema Community 3 SSNIT Flat,deep,lstm_mha,h672,2026-01-04T23:00:00,2026-01-18T23:00:00,2026-02-15T23:00:00,tensorflow,1344.0,42.0
2026-02-06 03:00:00,30.862499237060547,32.6536979675293,1.0,Tema Community 3 SSNIT Flat,deep,lstm_mha,h672,2026-01-04T23:00:00,2026-01-18T23:00:00,2026-02-15T23:00:00,tensorflow,1344.0,42.0
2026-02-06 05:00:00,37.63750076293945,33.00652313232422,1.0,Tema Community 3 SSNIT Flat,deep,lstm_mha,h672,2026-01-04T23:00:00,2026-01-18T23:00:00,2026-02-15T23:00:00,tensorflow,1344.0,42.0
2026-02-06 06:00:00,41.025001525878906,33.2534065246582,1.0,Tema Community 3 SSNIT Flat,deep,lstm_mha,h672,2026-01-04T23:00:00,2026-01-18T23:00:00,2026-02-15T23:00:00,tensorflow,1344.0,42.0
2026-02-06 07:00:00,44.412498474121094,32.948612213134766,1.0,Tema Community 3 SSNIT Flat,deep,lstm_mha,h672,2026-01-04T23:00:00,2026-01-18T23:00:00,2026-02-15T23:00:00,tensorflow,1344.0,42.0
2026-02-06 08:00:00,47.79999923706055,32.47581481933594,1.0,Tema Community 3 SSNIT Flat,deep,lstm_mha,h672,2026-01-04T23:00:00,2026-01-18T23:00:00,2026-02-15T23:00:00,tensorflow,1344.0,42.0
2026-02-06 09:00:00,33.70000076293945,32.15332794189453,1.0,Tema Community 3 SSNIT Flat,deep,lstm_mha,h672,2026-01-04T23:00:00,2026-01-18T23:00:00,2026-02-15T23:00:00,tensorflow,1344.0,42.0
2026-02-06 10:00:00,21.299999237060547,31.4501895904541,1.0,Tema Community 3 SSNIT Flat,deep,lstm_mha,h672,2026-01-04T23:00:00,2026-01-18T23:00:00,2026-02-15T23:00:00,tensorflow,1344.0,42.0
2026-02-06 11:00:00,20.700000762939453,30.92718505859375,1.0,Tema Community 3 SSNIT Flat,deep,lstm_mha,h672,2026-01-04T23:00:00,2026-01-18T23:00:00,2026-02-15T23:00:00,tensorflow,1344.0,42.0
2026-02-06 12:00:00,19.600000381469727,30.84320068359375,1.0,Tema Community 3 SSNIT Flat,deep,lstm_mha,h672,2026-01-04T23:00:00,2026-01-18T23:00:00,2026-02-15T23:00:00,tensorflow,1344.0,42.0
2026-02-06 13:00:00,20.5,30.419086456298828,1.0,Tema Community 3 SSNIT Flat,deep,lstm_mha,h672,2026-01-04T23:00:00,2026-01-18T23:00:00,2026-02-15T23:00:00,tensorflow,1344.0,42.0
2026-02-06 14:00:00,21.200000762939453,30.67959213256836,1.0,Tema Community 3 SSNIT Flat,deep,lstm_mha,h672,2026-01-04T23:00:00,2026-01-18T23:00:00,2026-02-15T23:00:00,tensorflow,1344.0,42.0
2026-02-06 15:00:00,19.100000381469727,30.216983795166016,1.0,Tema Community 3 SSNIT Flat,deep,lstm_mha,h672,2026-01-04T23:00:00,2026-01-18T23:00:00,2026-02-15T23:00:00,tensorflow,1344.0,42.0
2026-02-06 16:00:00,20.700000762939453,29.6448974609375,1.0,Tema Community 3 SSNIT Flat,deep,lstm_mha,h672,2026-01-04T23:00:00,2026-01-18T23:00:00,2026-02-15T23:00:00,tensorflow,1344.0,42.0
2026-02-06 17:00:00,22.100000381469727,29.651681900024414,1.0,Tema Community 3 SSNIT Flat,deep,lstm_mha,h672,2026-01-04T23:00:00,2026-01-18T23:00:00,2026-02-15T23:00:00,tensorflow,1344.0,42.0
2026-02-06 18:00:00,22.899999618530273,30.270912170410156,1.0,Tema Community 3 SSNIT Flat,deep,lstm_mha,h672,2026-01-04T23:00:00,2026-01-18T23:00:00,2026-02-15T23:00:00,tensorflow,1344.0,42.0
2026-02-06 19:00:00,24.200000762939453,30.137414932250977,1.0,Tema Community 3 SSNIT Flat,deep,lstm_mha,h672,2026-01-04T23:00:00,2026-01-18T23:00:00,2026-02-15T23:00:00,tensorflow,1344.0,42.0
2026-02-06 20:00:00,24.200000762939453,30.115875244140625,1.0,Tema Community 3 SSNIT Flat,deep,lstm_mha,h672,2026-01-04T23:00:00,2026-01-18T23:00:00,2026-02-15T23:00:00,tensorflow,1344.0,42.0
2026-02-06 21:00:00,25.399999618530273,30.400089263916016,1.0,Tema Community 3 SSNIT Flat,deep,lstm_mha,h672,2026-01-04T23:00:00,2026-01-18T23:00:00,2026-02-15T23:00:00,tensorflow,1344.0,42.0
2026-02-06 22:00:00,25.299999237060547,30.560199737548828,1.0,Tema Community 3 SSNIT Flat,deep,lstm_mha,h672,2026-01-04T23:00:00,2026-01-18T23:00:00,2026-02-15T23:00:00,tensorflow,1344.0,42.0
2026-02-06 23:00:00,23.700000762939453,31.595022201538086,1.0,Tema Community 3 SSNIT Flat,deep,lstm_mha,h672,2026-01-04T23:00:00,2026-01-18T23:00:00,2026-02-15T23:00:00,tensorflow,1344.0,42.0
2026-02-07 00:00:00,22.600000381469727,31.795503616333008,1.0,Tema Community 3 SSNIT Flat,deep,lstm_mha,h672,2026-01-04T23:00:00,2026-01-18T23:00:00,2026-02-15T23:00:00,tensorflow,1344.0,42.0
2026-02-07 01:00:00,18.799999237060547,32.11497497558594,1.0,Tema Community 3 SSNIT Flat,deep,lstm_mha,h672,2026-01-04T23:00:00,2026-01-18T23:00:00,2026-02-15T23:00:00,tensorflow,1344.0,42.0
2026-02-07 02:00:00,22.399999618530273,32.37898254394531,1.0,Tema Community 3 SSNIT Flat,deep,lstm_mha,h672,2026-01-04T23:00:00,2026-01-18T23:00:00,2026-02-15T23:00:00,tensorflow,1344.0,42.0
2026-02-07 03:00:00,32.5,32.41844177246094,1.0,Tema Community 3 SSNIT Flat,deep,lstm_mha,h672,2026-01-04T23:00:00,2026-01-18T23:00:00,2026-02-15T23:00:00,tensorflow,1344.0,42.0
2026-02-07 04:00:00,37.29999923706055,32.36774444580078,1.0,Tema Community 3 SSNIT Flat,deep,lstm_mha,h672,2026-01-04T23:00:00,2026-01-18T23:00:00,2026-02-15T23:00:00,tensorflow,1344.0,42.0
2026-02-07 05:00:00,39.70000076293945,32.504051208496094,1.0,Tema Community 3 SSNIT Flat,deep,lstm_mha,h672,2026-01-04T23:00:00,2026-01-18T23:00:00,2026-02-15T23:00:00,tensorflow,1344.0,42.0
2026-02-07 06:00:00,62.599998474121094,32.71746826171875,1.0,Tema Community 3 SSNIT Flat,deep,lstm_mha,h672,2026-01-04T23:00:00,2026-01-18T23:00:00,2026-02-15T23:00:00,tensorflow,1344.0,42.0
2026-02-07 07:00:00,55.29999923706055,32.73991775512695,1.0,Tema Community 3 SSNIT Flat,deep,lstm_mha,h672,2026-01-04T23:00:00,2026-01-18T23:00:00,2026-02-15T23:00:00,tensorflow,1344.0,42.0
2026-02-07 08:00:00,41.29999923706055,32.12224197387695,1.0,Tema Community 3 SSNIT Flat,deep,lstm_mha,h672,2026-01-04T23:00:00,2026-01-18T23:00:00,2026-02-15T23:00:00,tensorflow,1344.0,42.0
2026-02-07 09:00:00,23.700000762939453,31.609689712524414,1.0,Tema Community 3 SSNIT Flat,deep,lstm_mha,h672,2026-01-04T23:00:00,2026-01-18T23:00:00,2026-02-15T23:00:00,tensorflow,1344.0,42.0
2026-02-07 10:00:00,23.200000762939453,31.080289840698242,1.0,Tema Community 3 SSNIT Flat,deep,lstm_mha,h672,2026-01-04T23:00:00,2026-01-18T23:00:00,2026-02-15T23:00:00,tensorflow,1344.0,42.0
2026-02-07 11:00:00,19.600000381469727,30.730178833007812,1.0,Tema Community 3 SSNIT Flat,deep,lstm_mha,h672,2026-01-04T23:00:00,2026-01-18T23:00:00,2026-02-15T23:00:00,tensorflow,1344.0,42.0
2026-02-07 12:00:00,19.0,30.12683868408203,1.0,Tema Community 3 SSNIT Flat,deep,lstm_mha,h672,2026-01-04T23:00:00,2026-01-18T23:00:00,2026-02-15T23:00:00,tensorflow,1344.0,42.0
2026-02-07 13:00:00,17.399999618530273,29.6839542388916,1.0,Tema Community 3 SSNIT Flat,deep,lstm_mha,h672,2026-01-04T23:00:00,2026-01-18T23:00:00,2026-02-15T23:00:00,tensorflow,1344.0,42.0
2026-02-07 14:00:00,16.700000762939453,29.45639419555664,1.0,Tema Community 3 SSNIT Flat,deep,lstm_mha,h672,2026-01-04T23:00:00,2026-01-18T23:00:00,2026-02-15T23:00:00,tensorflow,1344.0,42.0
2026-02-07 15:00:00,18.399999618530273,29.161603927612305,1.0,Tema Community 3 SSNIT Flat,deep,lstm_mha,h672,2026-01-04T23:00:00,2026-01-18T23:00:00,2026-02-15T23:00:00,tensorflow,1344.0,42.0
2026-02-07 16:00:00,79.5,29.310461044311523,1.0,Tema Community 3 SSNIT Flat,deep,lstm_mha,h672,2026-01-04T23:00:00,2026-01-18T23:00:00,2026-02-15T23:00:00,tensorflow,1344.0,42.0
2026-02-07 17:00:00,31.799999237060547,29.692882537841797,1.0,Tema Community 3 SSNIT Flat,deep,lstm_mha,h672,2026-01-04T23:00:00,2026-01-18T23:00:00,2026-02-15T23:00:00,tensorflow,1344.0,42.0
2026-02-07 18:00:00,32.5,29.81759262084961,1.0,Tema Community 3 SSNIT Flat,deep,lstm_mha,h672,2026-01-04T23:00:00,2026-01-18T23:00:00,2026-02-15T23:00:00,tensorflow,1344.0,42.0
2026-02-07 19:00:00,24.700000762939453,30.312952041625977,1.0,Tema Community 3 SSNIT Flat,deep,lstm_mha,h672,2026-01-04T23:00:00,2026-01-18T23:00:00,2026-02-15T23:00:00,tensorflow,1344.0,42.0
2026-02-07 20:00:00,23.799999237060547,30.554418563842773,1.0,Tema Community 3 SSNIT Flat,deep,lstm_mha,h672,2026-01-04T23:00:00,2026-01-18T23:00:00,2026-02-15T23:00:00,tensorflow,1344.0,42.0
2026-02-07 21:00:00,25.5,30.74139976501465,1.0,Tema Community 3 SSNIT Flat,deep,lstm_mha,h672,2026-01-04T23:00:00,2026-01-18T23:00:00,2026-02-15T23:00:00,tensorflow,1344.0,42.0
2026-02-07 22:00:00,36.70000076293945,31.73419761657715,1.0,Tema Community 3 SSNIT Flat,deep,lstm_mha,h672,2026-01-04T23:00:00,2026-01-18T23:00:00,2026-02-15T23:00:00,tensorflow,1344.0,42.0
2026-02-07 23:00:00,31.700000762939453,31.95535659790039,1.0,Tema Community 3 SSNIT Flat,deep,lstm_mha,h672,2026-01-04T23:00:00,2026-01-18T23:00:00,2026-02-15T23:00:00,tensorflow,1344.0,42.0
2026-02-08 00:00:00,33.099998474121094,31.66954803466797,1.0,Tema Community 3 SSNIT Flat,deep,lstm_mha,h672,2026-01-04T23:00:00,2026-01-18T23:00:00,2026-02-15T23:00:00,tensorflow,1344.0,42.0
2026-02-08 01:00:00,35.70000076293945,31.374418258666992,1.0,Tema Community 3 SSNIT Flat,deep,lstm_mha,h672,2026-01-04T23:00:00,2026-01-18T23:00:00,2026-02-15T23:00:00,tensorflow,1344.0,42.0
2026-02-08 02:00:00,34.0,31.462440490722656,1.0,Tema Community 3 SSNIT Flat,deep,lstm_mha,h672,2026-01-04T23:00:00,2026-01-18T23:00:00,2026-02-15T23:00:00,tensorflow,1344.0,42.0
2026-02-08 03:00:00,35.0,31.806108474731445,1.0,Tema Community 3 SSNIT Flat,deep,lstm_mha,h672,2026-01-04T23:00:00,2026-01-18T23:00:00,2026-02-15T23:00:00,tensorflow,1344.0,42.0
2026-02-08 04:00:00,37.79999923706055,32.43928527832031,1.0,Tema Community 3 SSNIT Flat,deep,lstm_mha,h672,2026-01-04T23:00:00,2026-01-18T23:00:00,2026-02-15T23:00:00,tensorflow,1344.0,42.0
2026-02-08 05:00:00,48.79999923706055,32.83460235595703,1.0,Tema Community 3 SSNIT Flat,deep,lstm_mha,h672,2026-01-04T23:00:00,2026-01-18T23:00:00,2026-02-15T23:00:00,tensorflow,1344.0,42.0
2026-02-08 06:00:00,113.0999984741211,32.91807174682617,1.0,Tema Community 3 SSNIT Flat,deep,lstm_mha,h672,2026-01-04T23:00:00,2026-01-18T23:00:00,2026-02-15T23:00:00,tensorflow,1344.0,42.0
2026-02-08 07:00:00,111.5999984741211,33.00664520263672,1.0,Tema Community 3 SSNIT Flat,deep,lstm_mha,h672,2026-01-04T23:00:00,2026-01-18T23:00:00,2026-02-15T23:00:00,tensorflow,1344.0,42.0
2026-02-08 08:00:00,48.599998474121094,32.7689323425293,1.0,Tema Community 3 SSNIT Flat,deep,lstm_mha,h672,2026-01-04T23:00:00,2026-01-18T23:00:00,2026-02-15T23:00:00,tensorflow,1344.0,42.0
2026-02-08 09:00:00,32.0,32.334781646728516,1.0,Tema Community 3 SSNIT Flat,deep,lstm_mha,h672,2026-01-04T23:00:00,2026-01-18T23:00:00,2026-02-15T23:00:00,tensorflow,1344.0,42.0
2026-02-08 10:00:00,173.0,31.646303176879883,1.0,Tema Community 3 SSNIT Flat,deep,lstm_mha,h672,2026-01-04T23:00:00,2026-01-18T23:00:00,2026-02-15T23:00:00,tensorflow,1344.0,42.0
2026-02-08 11:00:00,237.5,31.353069305419922,1.0,Tema Community 3 SSNIT Flat,deep,lstm_mha,h672,2026-01-04T23:00:00,2026-01-18T23:00:00,2026-02-15T23:00:00,tensorflow,1344.0,42.0
2026-02-08 12:00:00,65.30000305175781,31.152502059936523,1.0,Tema Community 3 SSNIT Flat,deep,lstm_mha,h672,2026-01-04T23:00:00,2026-01-18T23:00:00,2026-02-15T23:00:00,tensorflow,1344.0,42.0
2026-02-08 13:00:00,23.299999237060547,30.8076171875,1.0,Tema Community 3 SSNIT Flat,deep,lstm_mha,h672,2026-01-04T23:00:00,2026-01-18T23:00:00,2026-02-15T23:00:00,tensorflow,1344.0,42.0
2026-02-08 14:00:00,17.899999618530273,30.43330192565918,1.0,Tema Community 3 SSNIT Flat,deep,lstm_mha,h672,2026-01-04T23:00:00,2026-01-18T23:00:00,2026-02-15T23:00:00,tensorflow,1344.0,42.0
2026-02-08 15:00:00,17.0,30.34419059753418,1.0,Tema Community 3 SSNIT Flat,deep,lstm_mha,h672,2026-01-04T23:00:00,2026-01-18T23:00:00,2026-02-15T23:00:00,tensorflow,1344.0,42.0
2026-02-08 16:00:00,16.899999618530273,30.42276382446289,1.0,Tema Community 3 SSNIT Flat,deep,lstm_mha,h672,2026-01-04T23:00:00,2026-01-18T23:00:00,2026-02-15T23:00:00,tensorflow,1344.0,42.0
2026-02-08 17:00:00,24.0,30.418960571289062,1.0,Tema Community 3 SSNIT Flat,deep,lstm_mha,h672,2026-01-04T23:00:00,2026-01-18T23:00:00,2026-02-15T23:00:00,tensorflow,1344.0,42.0
2026-02-08 18:00:00,26.600000381469727,30.617280960083008,1.0,Tema Community 3 SSNIT Flat,deep,lstm_mha,h672,2026-01-04T23:00:00,2026-01-18T23:00:00,2026-02-15T23:00:00,tensorflow,1344.0,42.0
2026-02-08 19:00:00,21.200000762939453,30.670793533325195,1.0,Tema Community 3 SSNIT Flat,deep,lstm_mha,h672,2026-01-04T23:00:00,2026-01-18T23:00:00,2026-02-15T23:00:00,tensorflow,1344.0,42.0
2026-02-08 20:00:00,21.100000381469727,30.664066314697266,1.0,Tema Community 3 SSNIT Flat,deep,lstm_mha,h672,2026-01-04T23:00:00,2026-01-18T23:00:00,2026-02-15T23:00:00,tensorflow,1344.0,42.0
2026-02-08 21:00:00,20.100000381469727,30.792396545410156,1.0,Tema Community 3 SSNIT Flat,deep,lstm_mha,h672,2026-01-04T23:00:00,2026-01-18T23:00:00,2026-02-15T23:00:00,tensorflow,1344.0,42.0
2026-02-08 22:00:00,20.299999237060547,30.817096710205078,1.0,Tema Community 3 SSNIT Flat,deep,lstm_mha,h672,2026-01-04T23:00:00,2026-01-18T23:00:00,2026-02-15T23:00:00,tensorflow,1344.0,42.0
2026-02-08 23:00:00,23.299999237060547,31.36835289001465,1.0,Tema Community 3 SSNIT Flat,deep,lstm_mha,h672,2026-01-04T23:00:00,2026-01-18T23:00:00,2026-02-15T23:00:00,tensorflow,1344.0,42.0
2026-02-09 00:00:00,18.5,32.056602478027344,1.0,Tema Community 3 SSNIT Flat,deep,lstm_mha,h672,2026-01-04T23:00:00,2026-01-18T23:00:00,2026-02-15T23:00:00,tensorflow,1344.0,42.0
2026-02-09 01:00:00,17.399999618530273,32.45756149291992,1.0,Tema Community 3 SSNIT Flat,deep,lstm_mha,h672,2026-01-04T23:00:00,2026-01-18T23:00:00,2026-02-15T23:00:00,tensorflow,1344.0,42.0
2026-02-09 02:00:00,17.899999618530273,32.52177047729492,1.0,Tema Community 3 SSNIT Flat,deep,lstm_mha,h672,2026-01-04T23:00:00,2026-01-18T23:00:00,2026-02-15T23:00:00,tensorflow,1344.0,42.0
2026-02-09 03:00:00,20.799999237060547,32.55690002441406,1.0,Tema Community 3 SSNIT Flat,deep,lstm_mha,h672,2026-01-04T23:00:00,2026-01-18T23:00:00,2026-02-15T23:00:00,tensorflow,1344.0,42.0
2026-02-09 04:00:00,22.600000381469727,32.999427795410156,1.0,Tema Community 3 SSNIT Flat,deep,lstm_mha,h672,2026-01-04T23:00:00,2026-01-18T23:00:00,2026-02-15T23:00:00,tensorflow,1344.0,42.0
2026-02-09 05:00:00,36.900001525878906,33.18171691894531,1.0,Tema Community 3 SSNIT Flat,deep,lstm_mha,h672,2026-01-04T23:00:00,2026-01-18T23:00:00,2026-02-15T23:00:00,tensorflow,1344.0,42.0
2026-02-09 06:00:00,41.29999923706055,33.29481887817383,1.0,Tema Community 3 SSNIT Flat,deep,lstm_mha,h672,2026-01-04T23:00:00,2026-01-18T23:00:00,2026-02-15T23:00:00,tensorflow,1344.0,42.0
2026-02-09 07:00:00,39.70000076293945,33.12859344482422,1.0,Tema Community 3 SSNIT Flat,deep,lstm_mha,h672,2026-01-04T23:00:00,2026-01-18T23:00:00,2026-02-15T23:00:00,tensorflow,1344.0,42.0
2026-02-09 08:00:00,46.29999923706055,32.500587463378906,1.0,Tema Community 3 SSNIT Flat,deep,lstm_mha,h672,2026-01-04T23:00:00,2026-01-18T23:00:00,2026-02-15T23:00:00,tensorflow,1344.0,42.0
2026-02-09 09:00:00,34.70000076293945,31.82515525817871,1.0,Tema Community 3 SSNIT Flat,deep,lstm_mha,h672,2026-01-04T23:00:00,2026-01-18T23:00:00,2026-02-15T23:00:00,tensorflow,1344.0,42.0
2026-02-09 10:00:00,28.0,31.607528686523438,1.0,Tema Community 3 SSNIT Flat,deep,lstm_mha,h672,2026-01-04T23:00:00,2026-01-18T23:00:00,2026-02-15T23:00:00,tensorflow,1344.0,42.0
2026-02-09 11:00:00,21.600000381469727,31.110897064208984,1.0,Tema Community 3 SSNIT Flat,deep,lstm_mha,h672,2026-01-04T23:00:00,2026-01-18T23:00:00,2026-02-15T23:00:00,tensorflow,1344.0,42.0
2026-02-09 12:00:00,18.5,30.618587493896484,1.0,Tema Community 3 SSNIT Flat,deep,lstm_mha,h672,2026-01-04T23:00:00,2026-01-18T23:00:00,2026-02-15T23:00:00,tensorflow,1344.0,42.0
2026-02-09 13:00:00,17.700000762939453,30.21163558959961,1.0,Tema Community 3 SSNIT Flat,deep,lstm_mha,h672,2026-01-04T23:00:00,2026-01-18T23:00:00,2026-02-15T23:00:00,tensorflow,1344.0,42.0
2026-02-09 14:00:00,17.299999237060547,29.92101287841797,1.0,Tema Community 3 SSNIT Flat,deep,lstm_mha,h672,2026-01-04T23:00:00,2026-01-18T23:00:00,2026-02-15T23:00:00,tensorflow,1344.0,42.0
2026-02-09 15:00:00,16.100000381469727,29.760757446289062,1.0,Tema Community 3 SSNIT Flat,deep,lstm_mha,h672,2026-01-04T23:00:00,2026-01-18T23:00:00,2026-02-15T23:00:00,tensorflow,1344.0,42.0
2026-02-09 16:00:00,15.5,29.77657127380371,1.0,Tema Community 3 SSNIT Flat,deep,lstm_mha,h672,2026-01-04T23:00:00,2026-01-18T23:00:00,2026-02-15T23:00:00,tensorflow,1344.0,42.0
2026-02-09 17:00:00,18.799999237060547,29.938016891479492,1.0,Tema Community 3 SSNIT Flat,deep,lstm_mha,h672,2026-01-04T23:00:00,2026-01-18T23:00:00,2026-02-15T23:00:00,tensorflow,1344.0,42.0
2026-02-09 18:00:00,29.700000762939453,30.133638381958008,1.0,Tema Community 3 SSNIT Flat,deep,lstm_mha,h672,2026-01-04T23:00:00,2026-01-18T23:00:00,2026-02-15T23:00:00,tensorflow,1344.0,42.0
2026-02-09 19:00:00,21.899999618530273,30.257827758789062,1.0,Tema Community 3 SSNIT Flat,deep,lstm_mha,h672,2026-01-04T23:00:00,2026-01-18T23:00:00,2026-02-15T23:00:00,tensorflow,1344.0,42.0
2026-02-09 20:00:00,20.5,30.375938415527344,1.0,Tema Community 3 SSNIT Flat,deep,lstm_mha,h672,2026-01-04T23:00:00,2026-01-18T23:00:00,2026-02-15T23:00:00,tensorflow,1344.0,42.0
2026-02-09 21:00:00,21.799999237060547,30.588966369628906,1.0,Tema Community 3 SSNIT Flat,deep,lstm_mha,h672,2026-01-04T23:00:00,2026-01-18T23:00:00,2026-02-15T23:00:00,tensorflow,1344.0,42.0
2026-02-09 22:00:00,23.899999618530273,31.05670166015625,1.0,Tema Community 3 SSNIT Flat,deep,lstm_mha,h672,2026-01-04T23:00:00,2026-01-18T23:00:00,2026-02-15T23:00:00,tensorflow,1344.0,42.0
2026-02-09 23:00:00,23.299999237060547,32.005313873291016,1.0,Tema Community 3 SSNIT Flat,deep,lstm_mha,h672,2026-01-04T23:00:00,2026-01-18T23:00:00,2026-02-15T23:00:00,tensorflow,1344.0,42.0
2026-02-10 00:00:00,29.799999237060547,32.24687576293945,1.0,Tema Community 3 SSNIT Flat,deep,lstm_mha,h672,2026-01-04T23:00:00,2026-01-18T23:00:00,2026-02-15T23:00:00,tensorflow,1344.0,42.0
2026-02-10 01:00:00,29.299999237060547,31.866695404052734,1.0,Tema Community 3 SSNIT Flat,deep,lstm_mha,h672,2026-01-04T23:00:00,2026-01-18T23:00:00,2026-02-15T23:00:00,tensorflow,1344.0,42.0
2026-02-10 02:00:00,33.70000076293945,31.89623260498047,1.0,Tema Community 3 SSNIT Flat,deep,lstm_mha,h672,2026-01-04T23:00:00,2026-01-18T23:00:00,2026-02-15T23:00:00,tensorflow,1344.0,42.0
2026-02-10 03:00:00,30.899999618530273,33.332130432128906,1.0,Tema Community 3 SSNIT Flat,deep,lstm_mha,h672,2026-01-04T23:00:00,2026-01-18T23:00:00,2026-02-15T23:00:00,tensorflow,1344.0,42.0
2026-02-10 04:00:00,20.399999618530273,33.555084228515625,1.0,Tema Community 3 SSNIT Flat,deep,lstm_mha,h672,2026-01-04T23:00:00,2026-01-18T23:00:00,2026-02-15T23:00:00,tensorflow,1344.0,42.0
2026-02-10 05:00:00,32.0,33.743045806884766,1.0,Tema Community 3 SSNIT Flat,deep,lstm_mha,h672,2026-01-04T23:00:00,2026-01-18T23:00:00,2026-02-15T23:00:00,tensorflow,1344.0,42.0
2026-02-10 06:00:00,53.5,33.50264358520508,1.0,Tema Community 3 SSNIT Flat,deep,lstm_mha,h672,2026-01-04T23:00:00,2026-01-18T23:00:00,2026-02-15T23:00:00,tensorflow,1344.0,42.0
2026-02-10 07:00:00,52.099998474121094,33.15604019165039,1.0,Tema Community 3 SSNIT Flat,deep,lstm_mha,h672,2026-01-04T23:00:00,2026-01-18T23:00:00,2026-02-15T23:00:00,tensorflow,1344.0,42.0
2026-02-10 08:00:00,36.400001525878906,32.48149871826172,1.0,Tema Community 3 SSNIT Flat,deep,lstm_mha,h672,2026-01-04T23:00:00,2026-01-18T23:00:00,2026-02-15T23:00:00,tensorflow,1344.0,42.0
2026-02-10 09:00:00,30.299999237060547,31.683021545410156,1.0,Tema Community 3 SSNIT Flat,deep,lstm_mha,h672,2026-01-04T23:00:00,2026-01-18T23:00:00,2026-02-15T23:00:00,tensorflow,1344.0,42.0
2026-02-10 10:00:00,29.5,31.519458770751953,1.0,Tema Community 3 SSNIT Flat,deep,lstm_mha,h672,2026-01-04T23:00:00,2026-01-18T23:00:00,2026-02-15T23:00:00,tensorflow,1344.0,42.0
2026-02-10 11:00:00,25.299999237060547,31.58367919921875,1.0,Tema Community 3 SSNIT Flat,deep,lstm_mha,h672,2026-01-04T23:00:00,2026-01-18T23:00:00,2026-02-15T23:00:00,tensorflow,1344.0,42.0
2026-02-10 12:00:00,21.200000762939453,30.750394821166992,1.0,Tema Community 3 SSNIT Flat,deep,lstm_mha,h672,2026-01-04T23:00:00,2026-01-18T23:00:00,2026-02-15T23:00:00,tensorflow,1344.0,42.0
2026-02-10 13:00:00,25.200000762939453,30.278854370117188,1.0,Tema Community 3 SSNIT Flat,deep,lstm_mha,h672,2026-01-04T23:00:00,2026-01-18T23:00:00,2026-02-15T23:00:00,tensorflow,1344.0,42.0
2026-02-10 14:00:00,15.699999809265137,29.81556510925293,1.0,Tema Community 3 SSNIT Flat,deep,lstm_mha,h672,2026-01-04T23:00:00,2026-01-18T23:00:00,2026-02-15T23:00:00,tensorflow,1344.0,42.0
2026-02-10 15:00:00,9.0,29.704187393188477,1.0,Tema Community 3 SSNIT Flat,deep,lstm_mha,h672,2026-01-04T23:00:00,2026-01-18T23:00:00,2026-02-15T23:00:00,tensorflow,1344.0,42.0
2026-02-10 16:00:00,11.300000190734863,29.815067291259766,1.0,Tema Community 3 SSNIT Flat,deep,lstm_mha,h672,2026-01-04T23:00:00,2026-01-18T23:00:00,2026-02-15T23:00:00,tensorflow,1344.0,42.0
2026-02-10 17:00:00,9.800000190734863,29.991487503051758,1.0,Tema Community 3 SSNIT Flat,deep,lstm_mha,h672,2026-01-04T23:00:00,2026-01-18T23:00:00,2026-02-15T23:00:00,tensorflow,1344.0,42.0
2026-02-10 18:00:00,19.299999237060547,30.308204650878906,1.0,Tema Community 3 SSNIT Flat,deep,lstm_mha,h672,2026-01-04T23:00:00,2026-01-18T23:00:00,2026-02-15T23:00:00,tensorflow,1344.0,42.0
2026-02-10 19:00:00,10.0,30.452861785888672,1.0,Tema Community 3 SSNIT Flat,deep,lstm_mha,h672,2026-01-04T23:00:00,2026-01-18T23:00:00,2026-02-15T23:00:00,tensorflow,1344.0,42.0
2026-02-10 20:00:00,3.9000000953674316,30.825408935546875,1.0,Tema Community 3 SSNIT Flat,deep,lstm_mha,h672,2026-01-04T23:00:00,2026-01-18T23:00:00,2026-02-15T23:00:00,tensorflow,1344.0,42.0
2026-02-10 21:00:00,8.300000190734863,30.80666732788086,1.0,Tema Community 3 SSNIT Flat,deep,lstm_mha,h672,2026-01-04T23:00:00,2026-01-18T23:00:00,2026-02-15T23:00:00,tensorflow,1344.0,42.0
2026-02-10 22:00:00,16.799999237060547,31.104736328125,1.0,Tema Community 3 SSNIT Flat,deep,lstm_mha,h672,2026-01-04T23:00:00,2026-01-18T23:00:00,2026-02-15T23:00:00,tensorflow,1344.0,42.0
2026-02-10 23:00:00,13.0,31.125965118408203,1.0,Tema Community 3 SSNIT Flat,deep,lstm_mha,h672,2026-01-04T23:00:00,2026-01-18T23:00:00,2026-02-15T23:00:00,tensorflow,1344.0,42.0
2026-02-11 00:00:00,15.699999809265137,31.22587776184082,1.0,Tema Community 3 SSNIT Flat,deep,lstm_mha,h672,2026-01-04T23:00:00,2026-01-18T23:00:00,2026-02-15T23:00:00,tensorflow,1344.0,42.0
2026-02-11 01:00:00,13.5,31.706830978393555,1.0,Tema Community 3 SSNIT Flat,deep,lstm_mha,h672,2026-01-04T23:00:00,2026-01-18T23:00:00,2026-02-15T23:00:00,tensorflow,1344.0,42.0
2026-02-11 02:00:00,18.799999237060547,32.0109977722168,1.0,Tema Community 3 SSNIT Flat,deep,lstm_mha,h672,2026-01-04T23:00:00,2026-01-18T23:00:00,2026-02-15T23:00:00,tensorflow,1344.0,42.0
2026-02-11 03:00:00,21.600000381469727,32.508888244628906,1.0,Tema Community 3 SSNIT Flat,deep,lstm_mha,h672,2026-01-04T23:00:00,2026-01-18T23:00:00,2026-02-15T23:00:00,tensorflow,1344.0,42.0
2026-02-11 04:00:00,31.100000381469727,33.79987716674805,1.0,Tema Community 3 SSNIT Flat,deep,lstm_mha,h672,2026-01-04T23:00:00,2026-01-18T23:00:00,2026-02-15T23:00:00,tensorflow,1344.0,42.0
2026-02-11 05:00:00,29.5,33.68904495239258,1.0,Tema Community 3 SSNIT Flat,deep,lstm_mha,h672,2026-01-04T23:00:00,2026-01-18T23:00:00,2026-02-15T23:00:00,tensorflow,1344.0,42.0
2026-02-11 06:00:00,57.900001525878906,33.60894012451172,1.0,Tema Community 3 SSNIT Flat,deep,lstm_mha,h672,2026-01-04T23:00:00,2026-01-18T23:00:00,2026-02-15T23:00:00,tensorflow,1344.0,42.0
2026-02-11 07:00:00,45.099998474121094,33.418399810791016,1.0,Tema Community 3 SSNIT Flat,deep,lstm_mha,h672,2026-01-04T23:00:00,2026-01-18T23:00:00,2026-02-15T23:00:00,tensorflow,1344.0,42.0
2026-02-11 08:00:00,38.29999923706055,32.97101593017578,1.0,Tema Community 3 SSNIT Flat,deep,lstm_mha,h672,2026-01-04T23:00:00,2026-01-18T23:00:00,2026-02-15T23:00:00,tensorflow,1344.0,42.0
2026-02-11 09:00:00,49.20000076293945,32.379093170166016,1.0,Tema Community 3 SSNIT Flat,deep,lstm_mha,h672,2026-01-04T23:00:00,2026-01-18T23:00:00,2026-02-15T23:00:00,tensorflow,1344.0,42.0
2026-02-11 10:00:00,39.099998474121094,31.859405517578125,1.0,Tema Community 3 SSNIT Flat,deep,lstm_mha,h672,2026-01-04T23:00:00,2026-01-18T23:00:00,2026-02-15T23:00:00,tensorflow,1344.0,42.0
2026-02-11 11:00:00,30.100000381469727,31.183521270751953,1.0,Tema Community 3 SSNIT Flat,deep,lstm_mha,h672,2026-01-04T23:00:00,2026-01-18T23:00:00,2026-02-15T23:00:00,tensorflow,1344.0,42.0
2026-02-11 12:00:00,29.600000381469727,30.601722717285156,1.0,Tema Community 3 SSNIT Flat,deep,lstm_mha,h672,2026-01-04T23:00:00,2026-01-18T23:00:00,2026-02-15T23:00:00,tensorflow,1344.0,42.0
2026-02-11 13:00:00,27.200000762939453,30.15553092956543,1.0,Tema Community 3 SSNIT Flat,deep,lstm_mha,h672,2026-01-04T23:00:00,2026-01-18T23:00:00,2026-02-15T23:00:00,tensorflow,1344.0,42.0
2026-02-11 14:00:00,10.300000190734863,29.923799514770508,1.0,Tema Community 3 SSNIT Flat,deep,lstm_mha,h672,2026-01-04T23:00:00,2026-01-18T23:00:00,2026-02-15T23:00:00,tensorflow,1344.0,42.0
2026-02-11 15:00:00,10.399999618530273,29.863195419311523,1.0,Tema Community 3 SSNIT Flat,deep,lstm_mha,h672,2026-01-04T23:00:00,2026-01-18T23:00:00,2026-02-15T23:00:00,tensorflow,1344.0,42.0
2026-02-11 16:00:00,14.199999809265137,29.80712890625,1.0,Tema Community 3 SSNIT Flat,deep,lstm_mha,h672,2026-01-04T23:00:00,2026-01-18T23:00:00,2026-02-15T23:00:00,tensorflow,1344.0,42.0
2026-02-11 17:00:00,12.300000190734863,29.929840087890625,1.0,Tema Community 3 SSNIT Flat,deep,lstm_mha,h672,2026-01-04T23:00:00,2026-01-18T23:00:00,2026-02-15T23:00:00,tensorflow,1344.0,42.0
2026-02-11 18:00:00,17.600000381469727,30.158126831054688,1.0,Tema Community 3 SSNIT Flat,deep,lstm_mha,h672,2026-01-04T23:00:00,2026-01-18T23:00:00,2026-02-15T23:00:00,tensorflow,1344.0,42.0
2026-02-11 19:00:00,19.700000762939453,30.27326202392578,1.0,Tema Community 3 SSNIT Flat,deep,lstm_mha,h672,2026-01-04T23:00:00,2026-01-18T23:00:00,2026-02-15T23:00:00,tensorflow,1344.0,42.0
2026-02-11 20:00:00,20.0,30.38067054748535,1.0,Tema Community 3 SSNIT Flat,deep,lstm_mha,h672,2026-01-04T23:00:00,2026-01-18T23:00:00,2026-02-15T23:00:00,tensorflow,1344.0,42.0
2026-02-11 21:00:00,30.899999618530273,30.514394760131836,1.0,Tema Community 3 SSNIT Flat,deep,lstm_mha,h672,2026-01-04T23:00:00,2026-01-18T23:00:00,2026-02-15T23:00:00,tensorflow,1344.0,42.0
2026-02-11 22:00:00,53.70000076293945,30.564104080200195,1.0,Tema Community 3 SSNIT Flat,deep,lstm_mha,h672,2026-01-04T23:00:00,2026-01-18T23:00:00,2026-02-15T23:00:00,tensorflow,1344.0,42.0
2026-02-11 23:00:00,33.29999923706055,30.65400505065918,1.0,Tema Community 3 SSNIT Flat,deep,lstm_mha,h672,2026-01-04T23:00:00,2026-01-18T23:00:00,2026-02-15T23:00:00,tensorflow,1344.0,42.0
2026-02-12 00:00:00,44.400001525878906,30.704402923583984,1.0,Tema Community 3 SSNIT Flat,deep,lstm_mha,h672,2026-01-04T23:00:00,2026-01-18T23:00:00,2026-02-15T23:00:00,tensorflow,1344.0,42.0
2026-02-12 01:00:00,61.29999923706055,30.88035774230957,1.0,Tema Community 3 SSNIT Flat,deep,lstm_mha,h672,2026-01-04T23:00:00,2026-01-18T23:00:00,2026-02-15T23:00:00,tensorflow,1344.0,42.0
2026-02-12 02:00:00,57.099998474121094,31.39030647277832,1.0,Tema Community 3 SSNIT Flat,deep,lstm_mha,h672,2026-01-04T23:00:00,2026-01-18T23:00:00,2026-02-15T23:00:00,tensorflow,1344.0,42.0
2026-02-12 03:00:00,63.900001525878906,31.60405921936035,1.0,Tema Community 3 SSNIT Flat,deep,lstm_mha,h672,2026-01-04T23:00:00,2026-01-18T23:00:00,2026-02-15T23:00:00,tensorflow,1344.0,42.0
2026-02-12 04:00:00,65.19999694824219,31.76658821105957,1.0,Tema Community 3 SSNIT Flat,deep,lstm_mha,h672,2026-01-04T23:00:00,2026-01-18T23:00:00,2026-02-15T23:00:00,tensorflow,1344.0,42.0
2026-02-12 05:00:00,91.5999984741211,32.560546875,1.0,Tema Community 3 SSNIT Flat,deep,lstm_mha,h672,2026-01-04T23:00:00,2026-01-18T23:00:00,2026-02-15T23:00:00,tensorflow,1344.0,42.0
2026-02-12 06:00:00,80.0,32.756099700927734,1.0,Tema Community 3 SSNIT Flat,deep,lstm_mha,h672,2026-01-04T23:00:00,2026-01-18T23:00:00,2026-02-15T23:00:00,tensorflow,1344.0,42.0
2026-02-12 07:00:00,90.30000305175781,32.44269561767578,1.0,Tema Community 3 SSNIT Flat,deep,lstm_mha,h672,2026-01-04T23:00:00,2026-01-18T23:00:00,2026-02-15T23:00:00,tensorflow,1344.0,42.0
2026-02-12 08:00:00,54.599998474121094,31.94150733947754,1.0,Tema Community 3 SSNIT Flat,deep,lstm_mha,h672,2026-01-04T23:00:00,2026-01-18T23:00:00,2026-02-15T23:00:00,tensorflow,1344.0,42.0
2026-02-12 09:00:00,15.0,31.464120864868164,1.0,Tema Community 3 SSNIT Flat,deep,lstm_mha,h672,2026-01-04T23:00:00,2026-01-18T23:00:00,2026-02-15T23:00:00,tensorflow,1344.0,42.0
2026-02-12 10:00:00,2.5999999046325684,30.852384567260742,1.0,Tema Community 3 SSNIT Flat,deep,lstm_mha,h672,2026-01-04T23:00:00,2026-01-18T23:00:00,2026-02-15T23:00:00,tensorflow,1344.0,42.0
2026-02-12 11:00:00,8.5,30.222820281982422,1.0,Tema Community 3 SSNIT Flat,deep,lstm_mha,h672,2026-01-04T23:00:00,2026-01-18T23:00:00,2026-02-15T23:00:00,tensorflow,1344.0,42.0
2026-02-12 12:00:00,4.800000190734863,29.657377243041992,1.0,Tema Community 3 SSNIT Flat,deep,lstm_mha,h672,2026-01-04T23:00:00,2026-01-18T23:00:00,2026-02-15T23:00:00,tensorflow,1344.0,42.0
2026-02-12 13:00:00,3.4000000953674316,29.411863327026367,1.0,Tema Community 3 SSNIT Flat,deep,lstm_mha,h672,2026-01-04T23:00:00,2026-01-18T23:00:00,2026-02-15T23:00:00,tensorflow,1344.0,42.0
2026-02-12 14:00:00,2.4000000953674316,29.183269500732422,1.0,Tema Community 3 SSNIT Flat,deep,lstm_mha,h672,2026-01-04T23:00:00,2026-01-18T23:00:00,2026-02-15T23:00:00,tensorflow,1344.0,42.0
2026-02-12 15:00:00,2.9000000953674316,29.193740844726562,1.0,Tema Community 3 SSNIT Flat,deep,lstm_mha,h672,2026-01-04T23:00:00,2026-01-18T23:00:00,2026-02-15T23:00:00,tensorflow,1344.0,42.0
2026-02-12 16:00:00,2.9000000953674316,29.3055419921875,1.0,Tema Community 3 SSNIT Flat,deep,lstm_mha,h672,2026-01-04T23:00:00,2026-01-18T23:00:00,2026-02-15T23:00:00,tensorflow,1344.0,42.0
2026-02-12 17:00:00,13.100000381469727,29.666202545166016,1.0,Tema Community 3 SSNIT Flat,deep,lstm_mha,h672,2026-01-04T23:00:00,2026-01-18T23:00:00,2026-02-15T23:00:00,tensorflow,1344.0,42.0
2026-02-12 18:00:00,9.600000381469727,29.61182403564453,1.0,Tema Community 3 SSNIT Flat,deep,lstm_mha,h672,2026-01-04T23:00:00,2026-01-18T23:00:00,2026-02-15T23:00:00,tensorflow,1344.0,42.0
2026-02-12 19:00:00,5.599999904632568,29.76198387145996,1.0,Tema Community 3 SSNIT Flat,deep,lstm_mha,h672,2026-01-04T23:00:00,2026-01-18T23:00:00,2026-02-15T23:00:00,tensorflow,1344.0,42.0
2026-02-12 20:00:00,5.199999809265137,29.94924545288086,1.0,Tema Community 3 SSNIT Flat,deep,lstm_mha,h672,2026-01-04T23:00:00,2026-01-18T23:00:00,2026-02-15T23:00:00,tensorflow,1344.0,42.0
2026-02-12 21:00:00,4.699999809265137,30.564239501953125,1.0,Tema Community 3 SSNIT Flat,deep,lstm_mha,h672,2026-01-04T23:00:00,2026-01-18T23:00:00,2026-02-15T23:00:00,tensorflow,1344.0,42.0
2026-02-12 22:00:00,3.799999952316284,30.518644332885742,1.0,Tema Community 3 SSNIT Flat,deep,lstm_mha,h672,2026-01-04T23:00:00,2026-01-18T23:00:00,2026-02-15T23:00:00,tensorflow,1344.0,42.0
2026-02-12 23:00:00,14.699999809265137,30.83803367614746,1.0,Tema Community 3 SSNIT Flat,deep,lstm_mha,h672,2026-01-04T23:00:00,2026-01-18T23:00:00,2026-02-15T23:00:00,tensorflow,1344.0,42.0
2026-02-13 00:00:00,29.799999237060547,31.63475227355957,1.0,Tema Community 3 SSNIT Flat,deep,lstm_mha,h672,2026-01-04T23:00:00,2026-01-18T23:00:00,2026-02-15T23:00:00,tensorflow,1344.0,42.0
2026-02-13 01:00:00,26.700000762939453,32.02390670776367,1.0,Tema Community 3 SSNIT Flat,deep,lstm_mha,h672,2026-01-04T23:00:00,2026-01-18T23:00:00,2026-02-15T23:00:00,tensorflow,1344.0,42.0
2026-02-13 02:00:00,22.600000381469727,32.271331787109375,1.0,Tema Community 3 SSNIT Flat,deep,lstm_mha,h672,2026-01-04T23:00:00,2026-01-18T23:00:00,2026-02-15T23:00:00,tensorflow,1344.0,42.0
2026-02-13 03:00:00,12.600000381469727,32.129764556884766,1.0,Tema Community 3 SSNIT Flat,deep,lstm_mha,h672,2026-01-04T23:00:00,2026-01-18T23:00:00,2026-02-15T23:00:00,tensorflow,1344.0,42.0
2026-02-13 04:00:00,45.900001525878906,32.316402435302734,1.0,Tema Community 3 SSNIT Flat,deep,lstm_mha,h672,2026-01-04T23:00:00,2026-01-18T23:00:00,2026-02-15T23:00:00,tensorflow,1344.0,42.0
2026-02-13 05:00:00,53.29999923706055,32.86589431762695,1.0,Tema Community 3 SSNIT Flat,deep,lstm_mha,h672,2026-01-04T23:00:00,2026-01-18T23:00:00,2026-02-15T23:00:00,tensorflow,1344.0,42.0
2026-02-13 06:00:00,50.79999923706055,32.92685317993164,1.0,Tema Community 3 SSNIT Flat,deep,lstm_mha,h672,2026-01-04T23:00:00,2026-01-18T23:00:00,2026-02-15T23:00:00,tensorflow,1344.0,42.0
2026-02-13 07:00:00,40.79999923706055,32.77745819091797,1.0,Tema Community 3 SSNIT Flat,deep,lstm_mha,h672,2026-01-04T23:00:00,2026-01-18T23:00:00,2026-02-15T23:00:00,tensorflow,1344.0,42.0
2026-02-13 08:00:00,29.399999618530273,32.23501968383789,1.0,Tema Community 3 SSNIT Flat,deep,lstm_mha,h672,2026-01-04T23:00:00,2026-01-18T23:00:00,2026-02-15T23:00:00,tensorflow,1344.0,42.0
2026-02-13 09:00:00,16.5,32.62157440185547,1.0,Tema Community 3 SSNIT Flat,deep,lstm_mha,h672,2026-01-04T23:00:00,2026-01-18T23:00:00,2026-02-15T23:00:00,tensorflow,1344.0,42.0
2026-02-13 10:00:00,11.0,32.1970100402832,1.0,Tema Community 3 SSNIT Flat,deep,lstm_mha,h672,2026-01-04T23:00:00,2026-01-18T23:00:00,2026-02-15T23:00:00,tensorflow,1344.0,42.0
2026-02-13 11:00:00,3.200000047683716,31.361825942993164,1.0,Tema Community 3 SSNIT Flat,deep,lstm_mha,h672,2026-01-04T23:00:00,2026-01-18T23:00:00,2026-02-15T23:00:00,tensorflow,1344.0,42.0
2026-02-13 12:00:00,1.7999999523162842,31.083173751831055,1.0,Tema Community 3 SSNIT Flat,deep,lstm_mha,h672,2026-01-04T23:00:00,2026-01-18T23:00:00,2026-02-15T23:00:00,tensorflow,1344.0,42.0
2026-02-13 13:00:00,2.200000047683716,30.273679733276367,1.0,Tema Community 3 SSNIT Flat,deep,lstm_mha,h672,2026-01-04T23:00:00,2026-01-18T23:00:00,2026-02-15T23:00:00,tensorflow,1344.0,42.0
2026-02-13 14:00:00,4.400000095367432,29.779024124145508,1.0,Tema Community 3 SSNIT Flat,deep,lstm_mha,h672,2026-01-04T23:00:00,2026-01-18T23:00:00,2026-02-15T23:00:00,tensorflow,1344.0,42.0
2026-02-13 15:00:00,2.9000000953674316,29.63956069946289,1.0,Tema Community 3 SSNIT Flat,deep,lstm_mha,h672,2026-01-04T23:00:00,2026-01-18T23:00:00,2026-02-15T23:00:00,tensorflow,1344.0,42.0
2026-02-13 16:00:00,10.600000381469727,29.824623107910156,1.0,Tema Community 3 SSNIT Flat,deep,lstm_mha,h672,2026-01-04T23:00:00,2026-01-18T23:00:00,2026-02-15T23:00:00,tensorflow,1344.0,42.0
2026-02-13 17:00:00,2.5,30.057947158813477,1.0,Tema Community 3 SSNIT Flat,deep,lstm_mha,h672,2026-01-04T23:00:00,2026-01-18T23:00:00,2026-02-15T23:00:00,tensorflow,1344.0,42.0
2026-02-13 18:00:00,3.700000047683716,30.421218872070312,1.0,Tema Community 3 SSNIT Flat,deep,lstm_mha,h672,2026-01-04T23:00:00,2026-01-18T23:00:00,2026-02-15T23:00:00,tensorflow,1344.0,42.0
2026-02-13 19:00:00,5.0,30.649267196655273,1.0,Tema Community 3 SSNIT Flat,deep,lstm_mha,h672,2026-01-04T23:00:00,2026-01-18T23:00:00,2026-02-15T23:00:00,tensorflow,1344.0,42.0
2026-02-13 20:00:00,6.0,30.779207229614258,1.0,Tema Community 3 SSNIT Flat,deep,lstm_mha,h672,2026-01-04T23:00:00,2026-01-18T23:00:00,2026-02-15T23:00:00,tensorflow,1344.0,42.0
2026-02-13 21:00:00,4.900000095367432,30.708402633666992,1.0,Tema Community 3 SSNIT Flat,deep,lstm_mha,h672,2026-01-04T23:00:00,2026-01-18T23:00:00,2026-02-15T23:00:00,tensorflow,1344.0,42.0
2026-02-13 22:00:00,4.599999904632568,31.153278350830078,1.0,Tema Community 3 SSNIT Flat,deep,lstm_mha,h672,2026-01-04T23:00:00,2026-01-18T23:00:00,2026-02-15T23:00:00,tensorflow,1344.0,42.0
2026-02-13 23:00:00,4.5,31.091323852539062,1.0,Tema Community 3 SSNIT Flat,deep,lstm_mha,h672,2026-01-04T23:00:00,2026-01-18T23:00:00,2026-02-15T23:00:00,tensorflow,1344.0,42.0
2026-02-14 00:00:00,5.900000095367432,31.211875915527344,1.0,Tema Community 3 SSNIT Flat,deep,lstm_mha,h672,2026-01-04T23:00:00,2026-01-18T23:00:00,2026-02-15T23:00:00,tensorflow,1344.0,42.0
2026-02-14 01:00:00,5.599999904632568,31.49684715270996,1.0,Tema Community 3 SSNIT Flat,deep,lstm_mha,h672,2026-01-04T23:00:00,2026-01-18T23:00:00,2026-02-15T23:00:00,tensorflow,1344.0,42.0
2026-02-14 02:00:00,11.100000381469727,31.855220794677734,1.0,Tema Community 3 SSNIT Flat,deep,lstm_mha,h672,2026-01-04T23:00:00,2026-01-18T23:00:00,2026-02-15T23:00:00,tensorflow,1344.0,42.0
2026-02-14 03:00:00,13.199999809265137,32.403804779052734,1.0,Tema Community 3 SSNIT Flat,deep,lstm_mha,h672,2026-01-04T23:00:00,2026-01-18T23:00:00,2026-02-15T23:00:00,tensorflow,1344.0,42.0
2026-02-14 04:00:00,22.100000381469727,32.916255950927734,1.0,Tema Community 3 SSNIT Flat,deep,lstm_mha,h672,2026-01-04T23:00:00,2026-01-18T23:00:00,2026-02-15T23:00:00,tensorflow,1344.0,42.0
2026-02-14 05:00:00,29.700000762939453,32.826866149902344,1.0,Tema Community 3 SSNIT Flat,deep,lstm_mha,h672,2026-01-04T23:00:00,2026-01-18T23:00:00,2026-02-15T23:00:00,tensorflow,1344.0,42.0
2026-02-14 06:00:00,32.29999923706055,32.807395935058594,1.0,Tema Community 3 SSNIT Flat,deep,lstm_mha,h672,2026-01-04T23:00:00,2026-01-18T23:00:00,2026-02-15T23:00:00,tensorflow,1344.0,42.0
2026-02-14 07:00:00,35.150001525878906,33.350738525390625,1.0,Tema Community 3 SSNIT Flat,deep,lstm_mha,h672,2026-01-04T23:00:00,2026-01-18T23:00:00,2026-02-15T23:00:00,tensorflow,1344.0,42.0
2026-02-14 08:00:00,38.0,32.630027770996094,1.0,Tema Community 3 SSNIT Flat,deep,lstm_mha,h672,2026-01-04T23:00:00,2026-01-18T23:00:00,2026-02-15T23:00:00,tensorflow,1344.0,42.0
2026-02-14 09:00:00,34.29999923706055,31.914901733398438,1.0,Tema Community 3 SSNIT Flat,deep,lstm_mha,h672,2026-01-04T23:00:00,2026-01-18T23:00:00,2026-02-15T23:00:00,tensorflow,1344.0,42.0
2026-02-14 10:00:00,27.799999237060547,31.272457122802734,1.0,Tema Community 3 SSNIT Flat,deep,lstm_mha,h672,2026-01-04T23:00:00,2026-01-18T23:00:00,2026-02-15T23:00:00,tensorflow,1344.0,42.0
2026-02-14 11:00:00,20.5,30.57052993774414,1.0,Tema Community 3 SSNIT Flat,deep,lstm_mha,h672,2026-01-04T23:00:00,2026-01-18T23:00:00,2026-02-15T23:00:00,tensorflow,1344.0,42.0
2026-02-14 12:00:00,20.0,30.081912994384766,1.0,Tema Community 3 SSNIT Flat,deep,lstm_mha,h672,2026-01-04T23:00:00,2026-01-18T23:00:00,2026-02-15T23:00:00,tensorflow,1344.0,42.0
2026-02-14 13:00:00,19.799999237060547,29.955732345581055,1.0,Tema Community 3 SSNIT Flat,deep,lstm_mha,h672,2026-01-04T23:00:00,2026-01-18T23:00:00,2026-02-15T23:00:00,tensorflow,1344.0,42.0
2026-02-14 14:00:00,21.5,29.744213104248047,1.0,Tema Community 3 SSNIT Flat,deep,lstm_mha,h672,2026-01-04T23:00:00,2026-01-18T23:00:00,2026-02-15T23:00:00,tensorflow,1344.0,42.0
2026-02-14 15:00:00,23.399999618530273,29.73321533203125,1.0,Tema Community 3 SSNIT Flat,deep,lstm_mha,h672,2026-01-04T23:00:00,2026-01-18T23:00:00,2026-02-15T23:00:00,tensorflow,1344.0,42.0
2026-02-14 16:00:00,30.899999618530273,29.87040138244629,1.0,Tema Community 3 SSNIT Flat,deep,lstm_mha,h672,2026-01-04T23:00:00,2026-01-18T23:00:00,2026-02-15T23:00:00,tensorflow,1344.0,42.0
2026-02-14 17:00:00,36.70000076293945,30.054386138916016,1.0,Tema Community 3 SSNIT Flat,deep,lstm_mha,h672,2026-01-04T23:00:00,2026-01-18T23:00:00,2026-02-15T23:00:00,tensorflow,1344.0,42.0
2026-02-14 18:00:00,47.79999923706055,30.33622169494629,1.0,Tema Community 3 SSNIT Flat,deep,lstm_mha,h672,2026-01-04T23:00:00,2026-01-18T23:00:00,2026-02-15T23:00:00,tensorflow,1344.0,42.0
2026-02-14 19:00:00,51.29999923706055,30.522438049316406,1.0,Tema Community 3 SSNIT Flat,deep,lstm_mha,h672,2026-01-04T23:00:00,2026-01-18T23:00:00,2026-02-15T23:00:00,tensorflow,1344.0,42.0
2026-02-14 20:00:00,56.29999923706055,30.79850196838379,1.0,Tema Community 3 SSNIT Flat,deep,lstm_mha,h672,2026-01-04T23:00:00,2026-01-18T23:00:00,2026-02-15T23:00:00,tensorflow,1344.0,42.0
2026-02-14 21:00:00,60.5,31.035390853881836,1.0,Tema Community 3 SSNIT Flat,deep,lstm_mha,h672,2026-01-04T23:00:00,2026-01-18T23:00:00,2026-02-15T23:00:00,tensorflow,1344.0,42.0
2026-02-14 22:00:00,56.599998474121094,31.305721282958984,1.0,Tema Community 3 SSNIT Flat,deep,lstm_mha,h672,2026-01-04T23:00:00,2026-01-18T23:00:00,2026-02-15T23:00:00,tensorflow,1344.0,42.0
2026-02-14 23:00:00,53.70000076293945,31.02946662902832,1.0,Tema Community 3 SSNIT Flat,deep,lstm_mha,h672,2026-01-04T23:00:00,2026-01-18T23:00:00,2026-02-15T23:00:00,tensorflow,1344.0,42.0
2026-02-15 00:00:00,33.900001525878906,30.968284606933594,1.0,Tema Community 3 SSNIT Flat,deep,lstm_mha,h672,2026-01-04T23:00:00,2026-01-18T23:00:00,2026-02-15T23:00:00,tensorflow,1344.0,42.0
2026-02-15 01:00:00,32.5,31.216262817382812,1.0,Tema Community 3 SSNIT Flat,deep,lstm_mha,h672,2026-01-04T23:00:00,2026-01-18T23:00:00,2026-02-15T23:00:00,tensorflow,1344.0,42.0
2026-02-15 02:00:00,32.20000076293945,31.740053176879883,1.0,Tema Community 3 SSNIT Flat,deep,lstm_mha,h672,2026-01-04T23:00:00,2026-01-18T23:00:00,2026-02-15T23:00:00,tensorflow,1344.0,42.0
2026-02-15 03:00:00,32.0,32.10680389404297,1.0,Tema Community 3 SSNIT Flat,deep,lstm_mha,h672,2026-01-04T23:00:00,2026-01-18T23:00:00,2026-02-15T23:00:00,tensorflow,1344.0,42.0
2026-02-15 04:00:00,40.599998474121094,31.899709701538086,1.0,Tema Community 3 SSNIT Flat,deep,lstm_mha,h672,2026-01-04T23:00:00,2026-01-18T23:00:00,2026-02-15T23:00:00,tensorflow,1344.0,42.0
2026-02-15 05:00:00,41.0,31.683130264282227,1.0,Tema Community 3 SSNIT Flat,deep,lstm_mha,h672,2026-01-04T23:00:00,2026-01-18T23:00:00,2026-02-15T23:00:00,tensorflow,1344.0,42.0
2026-02-15 06:00:00,50.20000076293945,32.118038177490234,1.0,Tema Community 3 SSNIT Flat,deep,lstm_mha,h672,2026-01-04T23:00:00,2026-01-18T23:00:00,2026-02-15T23:00:00,tensorflow,1344.0,42.0
2026-02-15 07:00:00,43.79999923706055,32.9124755859375,1.0,Tema Community 3 SSNIT Flat,deep,lstm_mha,h672,2026-01-04T23:00:00,2026-01-18T23:00:00,2026-02-15T23:00:00,tensorflow,1344.0,42.0
2026-02-15 08:00:00,224.10000610351562,32.659149169921875,1.0,Tema Community 3 SSNIT Flat,deep,lstm_mha,h672,2026-01-04T23:00:00,2026-01-18T23:00:00,2026-02-15T23:00:00,tensorflow,1344.0,42.0
2026-02-15 09:00:00,70.0999984741211,31.857891082763672,1.0,Tema Community 3 SSNIT Flat,deep,lstm_mha,h672,2026-01-04T23:00:00,2026-01-18T23:00:00,2026-02-15T23:00:00,tensorflow,1344.0,42.0
2026-02-15 10:00:00,37.29999923706055,31.261001586914062,1.0,Tema Community 3 SSNIT Flat,deep,lstm_mha,h672,2026-01-04T23:00:00,2026-01-18T23:00:00,2026-02-15T23:00:00,tensorflow,1344.0,42.0
2026-02-15 11:00:00,22.200000762939453,30.58220863342285,1.0,Tema Community 3 SSNIT Flat,deep,lstm_mha,h672,2026-01-04T23:00:00,2026-01-18T23:00:00,2026-02-15T23:00:00,tensorflow,1344.0,42.0
2026-02-15 12:00:00,9.600000381469727,30.066343307495117,1.0,Tema Community 3 SSNIT Flat,deep,lstm_mha,h672,2026-01-04T23:00:00,2026-01-18T23:00:00,2026-02-15T23:00:00,tensorflow,1344.0,42.0
2026-02-15 13:00:00,6.0,29.885353088378906,1.0,Tema Community 3 SSNIT Flat,deep,lstm_mha,h672,2026-01-04T23:00:00,2026-01-18T23:00:00,2026-02-15T23:00:00,tensorflow,1344.0,42.0
2026-02-15 14:00:00,3.200000047683716,29.675128936767578,1.0,Tema Community 3 SSNIT Flat,deep,lstm_mha,h672,2026-01-04T23:00:00,2026-01-18T23:00:00,2026-02-15T23:00:00,tensorflow,1344.0,42.0
2026-02-15 15:00:00,2.5,29.818904876708984,1.0,Tema Community 3 SSNIT Flat,deep,lstm_mha,h672,2026-01-04T23:00:00,2026-01-18T23:00:00,2026-02-15T23:00:00,tensorflow,1344.0,42.0
2026-02-15 16:00:00,2.799999952316284,29.93948745727539,1.0,Tema Community 3 SSNIT Flat,deep,lstm_mha,h672,2026-01-04T23:00:00,2026-01-18T23:00:00,2026-02-15T23:00:00,tensorflow,1344.0,42.0
2026-02-15 17:00:00,3.4000000953674316,30.054475784301758,1.0,Tema Community 3 SSNIT Flat,deep,lstm_mha,h672,2026-01-04T23:00:00,2026-01-18T23:00:00,2026-02-15T23:00:00,tensorflow,1344.0,42.0
2026-02-15 18:00:00,3.5999999046325684,30.264724731445312,1.0,Tema Community 3 SSNIT Flat,deep,lstm_mha,h672,2026-01-04T23:00:00,2026-01-18T23:00:00,2026-02-15T23:00:00,tensorflow,1344.0,42.0
2026-02-15 19:00:00,3.5999999046325684,30.389480590820312,1.0,Tema Community 3 SSNIT Flat,deep,lstm_mha,h672,2026-01-04T23:00:00,2026-01-18T23:00:00,2026-02-15T23:00:00,tensorflow,1344.0,42.0
2026-02-15 20:00:00,3.700000047683716,30.47541046142578,1.0,Tema Community 3 SSNIT Flat,deep,lstm_mha,h672,2026-01-04T23:00:00,2026-01-18T23:00:00,2026-02-15T23:00:00,tensorflow,1344.0,42.0
2026-02-15 21:00:00,2.4000000953674316,30.620098114013672,1.0,Tema Community 3 SSNIT Flat,deep,lstm_mha,h672,2026-01-04T23:00:00,2026-01-18T23:00:00,2026-02-15T23:00:00,tensorflow,1344.0,42.0
2026-02-15 22:00:00,1.2999999523162842,30.826658248901367,1.0,Tema Community 3 SSNIT Flat,deep,lstm_mha,h672,2026-01-04T23:00:00,2026-01-18T23:00:00,2026-02-15T23:00:00,tensorflow,1344.0,42.0
2026-02-15 23:00:00,1.100000023841858,31.091495513916016,1.0,Tema Community 3 SSNIT Flat,deep,lstm_mha,h672,2026-01-04T23:00:00,2026-01-18T23:00:00,2026-02-15T23:00:00,tensorflow,1344.0,42.0
2026-01-18 23:00:00,50.79999923706055,38.68732833862305,1.0,"Tema Community 7, Royal School",deep,lstm_mha,h672,2026-01-04T23:00:00,2026-01-18T23:00:00,2026-02-15T23:00:00,tensorflow,1344.0,42.0
2026-01-19 00:00:00,85.5999984741211,38.99721145629883,1.0,"Tema Community 7, Royal School",deep,lstm_mha,h672,2026-01-04T23:00:00,2026-01-18T23:00:00,2026-02-15T23:00:00,tensorflow,1344.0,42.0
2026-01-19 01:00:00,67.5,39.234397888183594,1.0,"Tema Community 7, Royal School",deep,lstm_mha,h672,2026-01-04T23:00:00,2026-01-18T23:00:00,2026-02-15T23:00:00,tensorflow,1344.0,42.0
2026-01-19 02:00:00,49.099998474121094,39.5932731628418,1.0,"Tema Community 7, Royal School",deep,lstm_mha,h672,2026-01-04T23:00:00,2026-01-18T23:00:00,2026-02-15T23:00:00,tensorflow,1344.0,42.0
2026-01-19 03:00:00,58.0,39.584693908691406,1.0,"Tema Community 7, Royal School",deep,lstm_mha,h672,2026-01-04T23:00:00,2026-01-18T23:00:00,2026-02-15T23:00:00,tensorflow,1344.0,42.0
2026-01-19 04:00:00,51.79999923706055,40.118675231933594,1.0,"Tema Community 7, Royal School",deep,lstm_mha,h672,2026-01-04T23:00:00,2026-01-18T23:00:00,2026-02-15T23:00:00,tensorflow,1344.0,42.0
2026-01-19 05:00:00,56.75,40.818023681640625,1.0,"Tema Community 7, Royal School",deep,lstm_mha,h672,2026-01-04T23:00:00,2026-01-18T23:00:00,2026-02-15T23:00:00,tensorflow,1344.0,42.0
2026-01-19 06:00:00,61.70000076293945,40.77293395996094,1.0,"Tema Community 7, Royal School",deep,lstm_mha,h672,2026-01-04T23:00:00,2026-01-18T23:00:00,2026-02-15T23:00:00,tensorflow,1344.0,42.0
2026-01-19 07:00:00,69.5999984741211,40.63896179199219,1.0,"Tema Community 7, Royal School",deep,lstm_mha,h672,2026-01-04T23:00:00,2026-01-18T23:00:00,2026-02-15T23:00:00,tensorflow,1344.0,42.0
2026-01-19 08:00:00,52.70000076293945,39.86006546020508,1.0,"Tema Community 7, Royal School",deep,lstm_mha,h672,2026-01-04T23:00:00,2026-01-18T23:00:00,2026-02-15T23:00:00,tensorflow,1344.0,42.0
2026-01-19 09:00:00,45.900001525878906,39.356876373291016,1.0,"Tema Community 7, Royal School",deep,lstm_mha,h672,2026-01-04T23:00:00,2026-01-18T23:00:00,2026-02-15T23:00:00,tensorflow,1344.0,42.0
2026-01-19 10:00:00,42.70000076293945,38.47085952758789,1.0,"Tema Community 7, Royal School",deep,lstm_mha,h672,2026-01-04T23:00:00,2026-01-18T23:00:00,2026-02-15T23:00:00,tensorflow,1344.0,42.0
2026-01-19 11:00:00,36.20000076293945,37.65067672729492,1.0,"Tema Community 7, Royal School",deep,lstm_mha,h672,2026-01-04T23:00:00,2026-01-18T23:00:00,2026-02-15T23:00:00,tensorflow,1344.0,42.0
2026-01-19 12:00:00,34.0,36.87831115722656,1.0,"Tema Community 7, Royal School",deep,lstm_mha,h672,2026-01-04T23:00:00,2026-01-18T23:00:00,2026-02-15T23:00:00,tensorflow,1344.0,42.0
2026-01-19 13:00:00,34.099998474121094,36.26726150512695,1.0,"Tema Community 7, Royal School",deep,lstm_mha,h672,2026-01-04T23:00:00,2026-01-18T23:00:00,2026-02-15T23:00:00,tensorflow,1344.0,42.0
2026-01-19 14:00:00,36.900001525878906,35.54253387451172,1.0,"Tema Community 7, Royal School",deep,lstm_mha,h672,2026-01-04T23:00:00,2026-01-18T23:00:00,2026-02-15T23:00:00,tensorflow,1344.0,42.0
2026-01-19 15:00:00,39.400001525878906,35.21018600463867,1.0,"Tema Community 7, Royal School",deep,lstm_mha,h672,2026-01-04T23:00:00,2026-01-18T23:00:00,2026-02-15T23:00:00,tensorflow,1344.0,42.0
2026-01-19 16:00:00,38.0,36.13636016845703,1.0,"Tema Community 7, Royal School",deep,lstm_mha,h672,2026-01-04T23:00:00,2026-01-18T23:00:00,2026-02-15T23:00:00,tensorflow,1344.0,42.0
2026-01-19 17:00:00,41.79999923706055,36.73447036743164,1.0,"Tema Community 7, Royal School",deep,lstm_mha,h672,2026-01-04T23:00:00,2026-01-18T23:00:00,2026-02-15T23:00:00,tensorflow,1344.0,42.0
2026-01-19 18:00:00,38.79999923706055,37.42740249633789,1.0,"Tema Community 7, Royal School",deep,lstm_mha,h672,2026-01-04T23:00:00,2026-01-18T23:00:00,2026-02-15T23:00:00,tensorflow,1344.0,42.0
2026-01-19 19:00:00,39.5,39.03583526611328,1.0,"Tema Community 7, Royal School",deep,lstm_mha,h672,2026-01-04T23:00:00,2026-01-18T23:00:00,2026-02-15T23:00:00,tensorflow,1344.0,42.0
2026-01-19 20:00:00,36.099998474121094,40.0025520324707,1.0,"Tema Community 7, Royal School",deep,lstm_mha,h672,2026-01-04T23:00:00,2026-01-18T23:00:00,2026-02-15T23:00:00,tensorflow,1344.0,42.0
2026-01-19 21:00:00,33.20000076293945,39.58034133911133,1.0,"Tema Community 7, Royal School",deep,lstm_mha,h672,2026-01-04T23:00:00,2026-01-18T23:00:00,2026-02-15T23:00:00,tensorflow,1344.0,42.0
2026-01-19 22:00:00,34.099998474121094,40.127540588378906,1.0,"Tema Community 7, Royal School",deep,lstm_mha,h672,2026-01-04T23:00:00,2026-01-18T23:00:00,2026-02-15T23:00:00,tensorflow,1344.0,42.0
2026-01-19 23:00:00,33.79999923706055,40.598175048828125,1.0,"Tema Community 7, Royal School",deep,lstm_mha,h672,2026-01-04T23:00:00,2026-01-18T23:00:00,2026-02-15T23:00:00,tensorflow,1344.0,42.0
2026-01-20 00:00:00,37.20000076293945,40.62681579589844,1.0,"Tema Community 7, Royal School",deep,lstm_mha,h672,2026-01-04T23:00:00,2026-01-18T23:00:00,2026-02-15T23:00:00,tensorflow,1344.0,42.0
2026-01-20 01:00:00,34.70000076293945,40.61550521850586,1.0,"Tema Community 7, Royal School",deep,lstm_mha,h672,2026-01-04T23:00:00,2026-01-18T23:00:00,2026-02-15T23:00:00,tensorflow,1344.0,42.0
2026-01-20 02:00:00,32.0,40.285491943359375,1.0,"Tema Community 7, Royal School",deep,lstm_mha,h672,2026-01-04T23:00:00,2026-01-18T23:00:00,2026-02-15T23:00:00,tensorflow,1344.0,42.0
2026-01-20 03:00:00,37.29999923706055,40.44997787475586,1.0,"Tema Community 7, Royal School",deep,lstm_mha,h672,2026-01-04T23:00:00,2026-01-18T23:00:00,2026-02-15T23:00:00,tensorflow,1344.0,42.0
2026-01-20 04:00:00,38.29999923706055,40.524898529052734,1.0,"Tema Community 7, Royal School",deep,lstm_mha,h672,2026-01-04T23:00:00,2026-01-18T23:00:00,2026-02-15T23:00:00,tensorflow,1344.0,42.0
2026-01-20 05:00:00,39.099998474121094,40.82578659057617,1.0,"Tema Community 7, Royal School",deep,lstm_mha,h672,2026-01-04T23:00:00,2026-01-18T23:00:00,2026-02-15T23:00:00,tensorflow,1344.0,42.0
2026-01-20 06:00:00,48.900001525878906,40.93806457519531,1.0,"Tema Community 7, Royal School",deep,lstm_mha,h672,2026-01-04T23:00:00,2026-01-18T23:00:00,2026-02-15T23:00:00,tensorflow,1344.0,42.0
2026-01-20 07:00:00,44.099998474121094,40.420806884765625,1.0,"Tema Community 7, Royal School",deep,lstm_mha,h672,2026-01-04T23:00:00,2026-01-18T23:00:00,2026-02-15T23:00:00,tensorflow,1344.0,42.0
2026-01-20 08:00:00,39.0,39.60275650024414,1.0,"Tema Community 7, Royal School",deep,lstm_mha,h672,2026-01-04T23:00:00,2026-01-18T23:00:00,2026-02-15T23:00:00,tensorflow,1344.0,42.0
2026-01-20 09:00:00,40.599998474121094,38.89757537841797,1.0,"Tema Community 7, Royal School",deep,lstm_mha,h672,2026-01-04T23:00:00,2026-01-18T23:00:00,2026-02-15T23:00:00,tensorflow,1344.0,42.0
2026-01-20 10:00:00,37.599998474121094,38.1003532409668,1.0,"Tema Community 7, Royal School",deep,lstm_mha,h672,2026-01-04T23:00:00,2026-01-18T23:00:00,2026-02-15T23:00:00,tensorflow,1344.0,42.0
2026-01-20 11:00:00,35.900001525878906,37.6056022644043,1.0,"Tema Community 7, Royal School",deep,lstm_mha,h672,2026-01-04T23:00:00,2026-01-18T23:00:00,2026-02-15T23:00:00,tensorflow,1344.0,42.0
2026-01-20 12:00:00,37.900001525878906,36.83047103881836,1.0,"Tema Community 7, Royal School",deep,lstm_mha,h672,2026-01-04T23:00:00,2026-01-18T23:00:00,2026-02-15T23:00:00,tensorflow,1344.0,42.0
2026-01-20 13:00:00,34.79999923706055,36.52937698364258,1.0,"Tema Community 7, Royal School",deep,lstm_mha,h672,2026-01-04T23:00:00,2026-01-18T23:00:00,2026-02-15T23:00:00,tensorflow,1344.0,42.0
2026-01-20 14:00:00,36.099998474121094,36.527305603027344,1.0,"Tema Community 7, Royal School",deep,lstm_mha,h672,2026-01-04T23:00:00,2026-01-18T23:00:00,2026-02-15T23:00:00,tensorflow,1344.0,42.0
2026-01-20 15:00:00,34.599998474121094,36.390689849853516,1.0,"Tema Community 7, Royal School",deep,lstm_mha,h672,2026-01-04T23:00:00,2026-01-18T23:00:00,2026-02-15T23:00:00,tensorflow,1344.0,42.0
2026-01-20 16:00:00,35.099998474121094,36.342742919921875,1.0,"Tema Community 7, Royal School",deep,lstm_mha,h672,2026-01-04T23:00:00,2026-01-18T23:00:00,2026-02-15T23:00:00,tensorflow,1344.0,42.0
2026-01-20 17:00:00,41.099998474121094,36.6782112121582,1.0,"Tema Community 7, Royal School",deep,lstm_mha,h672,2026-01-04T23:00:00,2026-01-18T23:00:00,2026-02-15T23:00:00,tensorflow,1344.0,42.0
2026-01-20 18:00:00,45.29999923706055,37.10577392578125,1.0,"Tema Community 7, Royal School",deep,lstm_mha,h672,2026-01-04T23:00:00,2026-01-18T23:00:00,2026-02-15T23:00:00,tensorflow,1344.0,42.0
2026-01-20 19:00:00,56.20000076293945,37.49799346923828,1.0,"Tema Community 7, Royal School",deep,lstm_mha,h672,2026-01-04T23:00:00,2026-01-18T23:00:00,2026-02-15T23:00:00,tensorflow,1344.0,42.0
2026-01-20 20:00:00,46.79999923706055,38.08542251586914,1.0,"Tema Community 7, Royal School",deep,lstm_mha,h672,2026-01-04T23:00:00,2026-01-18T23:00:00,2026-02-15T23:00:00,tensorflow,1344.0,42.0
2026-01-20 21:00:00,42.29999923706055,38.61948776245117,1.0,"Tema Community 7, Royal School",deep,lstm_mha,h672,2026-01-04T23:00:00,2026-01-18T23:00:00,2026-02-15T23:00:00,tensorflow,1344.0,42.0
2026-01-20 22:00:00,21.5,38.7742805480957,1.0,"Tema Community 7, Royal School",deep,lstm_mha,h672,2026-01-04T23:00:00,2026-01-18T23:00:00,2026-02-15T23:00:00,tensorflow,1344.0,42.0
2026-01-20 23:00:00,12.0,38.86585998535156,1.0,"Tema Community 7, Royal School",deep,lstm_mha,h672,2026-01-04T23:00:00,2026-01-18T23:00:00,2026-02-15T23:00:00,tensorflow,1344.0,42.0
2026-01-21 00:00:00,14.800000190734863,39.591705322265625,1.0,"Tema Community 7, Royal School",deep,lstm_mha,h672,2026-01-04T23:00:00,2026-01-18T23:00:00,2026-02-15T23:00:00,tensorflow,1344.0,42.0
2026-01-21 01:00:00,23.700000762939453,39.0202751159668,1.0,"Tema Community 7, Royal School",deep,lstm_mha,h672,2026-01-04T23:00:00,2026-01-18T23:00:00,2026-02-15T23:00:00,tensorflow,1344.0,42.0
2026-01-21 02:00:00,18.100000381469727,39.477176666259766,1.0,"Tema Community 7, Royal School",deep,lstm_mha,h672,2026-01-04T23:00:00,2026-01-18T23:00:00,2026-02-15T23:00:00,tensorflow,1344.0,42.0
2026-01-21 03:00:00,23.100000381469727,39.74650955200195,1.0,"Tema Community 7, Royal School",deep,lstm_mha,h672,2026-01-04T23:00:00,2026-01-18T23:00:00,2026-02-15T23:00:00,tensorflow,1344.0,42.0
2026-01-21 04:00:00,163.8000030517578,40.078975677490234,1.0,"Tema Community 7, Royal School",deep,lstm_mha,h672,2026-01-04T23:00:00,2026-01-18T23:00:00,2026-02-15T23:00:00,tensorflow,1344.0,42.0
2026-01-21 05:00:00,190.10000610351562,40.06294631958008,1.0,"Tema Community 7, Royal School",deep,lstm_mha,h672,2026-01-04T23:00:00,2026-01-18T23:00:00,2026-02-15T23:00:00,tensorflow,1344.0,42.0
2026-01-21 06:00:00,89.69999694824219,40.35237121582031,1.0,"Tema Community 7, Royal School",deep,lstm_mha,h672,2026-01-04T23:00:00,2026-01-18T23:00:00,2026-02-15T23:00:00,tensorflow,1344.0,42.0
2026-01-21 07:00:00,61.79999923706055,40.0760612487793,1.0,"Tema Community 7, Royal School",deep,lstm_mha,h672,2026-01-04T23:00:00,2026-01-18T23:00:00,2026-02-15T23:00:00,tensorflow,1344.0,42.0
2026-01-21 08:00:00,46.20000076293945,39.235496520996094,1.0,"Tema Community 7, Royal School",deep,lstm_mha,h672,2026-01-04T23:00:00,2026-01-18T23:00:00,2026-02-15T23:00:00,tensorflow,1344.0,42.0
2026-01-21 09:00:00,31.799999237060547,38.262420654296875,1.0,"Tema Community 7, Royal School",deep,lstm_mha,h672,2026-01-04T23:00:00,2026-01-18T23:00:00,2026-02-15T23:00:00,tensorflow,1344.0,42.0
2026-01-21 10:00:00,30.299999237060547,37.078887939453125,1.0,"Tema Community 7, Royal School",deep,lstm_mha,h672,2026-01-04T23:00:00,2026-01-18T23:00:00,2026-02-15T23:00:00,tensorflow,1344.0,42.0
2026-01-21 11:00:00,34.20000076293945,36.4583625793457,1.0,"Tema Community 7, Royal School",deep,lstm_mha,h672,2026-01-04T23:00:00,2026-01-18T23:00:00,2026-02-15T23:00:00,tensorflow,1344.0,42.0
2026-01-21 12:00:00,42.79999923706055,35.90941619873047,1.0,"Tema Community 7, Royal School",deep,lstm_mha,h672,2026-01-04T23:00:00,2026-01-18T23:00:00,2026-02-15T23:00:00,tensorflow,1344.0,42.0
2026-01-21 13:00:00,31.200000762939453,35.387325286865234,1.0,"Tema Community 7, Royal School",deep,lstm_mha,h672,2026-01-04T23:00:00,2026-01-18T23:00:00,2026-02-15T23:00:00,tensorflow,1344.0,42.0
2026-01-21 14:00:00,31.700000762939453,34.68880081176758,1.0,"Tema Community 7, Royal School",deep,lstm_mha,h672,2026-01-04T23:00:00,2026-01-18T23:00:00,2026-02-15T23:00:00,tensorflow,1344.0,42.0
2026-01-21 15:00:00,30.299999237060547,34.167118072509766,1.0,"Tema Community 7, Royal School",deep,lstm_mha,h672,2026-01-04T23:00:00,2026-01-18T23:00:00,2026-02-15T23:00:00,tensorflow,1344.0,42.0
2026-01-21 16:00:00,29.799999237060547,34.071937561035156,1.0,"Tema Community 7, Royal School",deep,lstm_mha,h672,2026-01-04T23:00:00,2026-01-18T23:00:00,2026-02-15T23:00:00,tensorflow,1344.0,42.0
2026-01-21 17:00:00,32.599998474121094,34.745094299316406,1.0,"Tema Community 7, Royal School",deep,lstm_mha,h672,2026-01-04T23:00:00,2026-01-18T23:00:00,2026-02-15T23:00:00,tensorflow,1344.0,42.0
2026-01-21 18:00:00,35.0,36.08839416503906,1.0,"Tema Community 7, Royal School",deep,lstm_mha,h672,2026-01-04T23:00:00,2026-01-18T23:00:00,2026-02-15T23:00:00,tensorflow,1344.0,42.0
2026-01-21 19:00:00,34.400001525878906,36.72039031982422,1.0,"Tema Community 7, Royal School",deep,lstm_mha,h672,2026-01-04T23:00:00,2026-01-18T23:00:00,2026-02-15T23:00:00,tensorflow,1344.0,42.0
2026-01-21 20:00:00,34.5,37.27763748168945,1.0,"Tema Community 7, Royal School",deep,lstm_mha,h672,2026-01-04T23:00:00,2026-01-18T23:00:00,2026-02-15T23:00:00,tensorflow,1344.0,42.0
2026-01-21 21:00:00,35.79999923706055,37.5087776184082,1.0,"Tema Community 7, Royal School",deep,lstm_mha,h672,2026-01-04T23:00:00,2026-01-18T23:00:00,2026-02-15T23:00:00,tensorflow,1344.0,42.0
2026-01-21 22:00:00,33.70000076293945,37.5628547668457,1.0,"Tema Community 7, Royal School",deep,lstm_mha,h672,2026-01-04T23:00:00,2026-01-18T23:00:00,2026-02-15T23:00:00,tensorflow,1344.0,42.0
2026-01-21 23:00:00,33.29999923706055,37.844024658203125,1.0,"Tema Community 7, Royal School",deep,lstm_mha,h672,2026-01-04T23:00:00,2026-01-18T23:00:00,2026-02-15T23:00:00,tensorflow,1344.0,42.0
2026-01-22 00:00:00,32.599998474121094,37.96512222290039,1.0,"Tema Community 7, Royal School",deep,lstm_mha,h672,2026-01-04T23:00:00,2026-01-18T23:00:00,2026-02-15T23:00:00,tensorflow,1344.0,42.0
2026-01-22 01:00:00,31.100000381469727,37.08121109008789,1.0,"Tema Community 7, Royal School",deep,lstm_mha,h672,2026-01-04T23:00:00,2026-01-18T23:00:00,2026-02-15T23:00:00,tensorflow,1344.0,42.0
2026-01-22 02:00:00,31.5,37.31883239746094,1.0,"Tema Community 7, Royal School",deep,lstm_mha,h672,2026-01-04T23:00:00,2026-01-18T23:00:00,2026-02-15T23:00:00,tensorflow,1344.0,42.0
2026-01-22 03:00:00,30.700000762939453,39.36109924316406,1.0,"Tema Community 7, Royal School",deep,lstm_mha,h672,2026-01-04T23:00:00,2026-01-18T23:00:00,2026-02-15T23:00:00,tensorflow,1344.0,42.0
2026-01-22 04:00:00,34.20000076293945,39.667869567871094,1.0,"Tema Community 7, Royal School",deep,lstm_mha,h672,2026-01-04T23:00:00,2026-01-18T23:00:00,2026-02-15T23:00:00,tensorflow,1344.0,42.0
2026-01-22 05:00:00,41.79999923706055,40.43522262573242,1.0,"Tema Community 7, Royal School",deep,lstm_mha,h672,2026-01-04T23:00:00,2026-01-18T23:00:00,2026-02-15T23:00:00,tensorflow,1344.0,42.0
2026-01-22 06:00:00,44.900001525878906,40.343788146972656,1.0,"Tema Community 7, Royal School",deep,lstm_mha,h672,2026-01-04T23:00:00,2026-01-18T23:00:00,2026-02-15T23:00:00,tensorflow,1344.0,42.0
2026-01-22 07:00:00,47.099998474121094,39.81669998168945,1.0,"Tema Community 7, Royal School",deep,lstm_mha,h672,2026-01-04T23:00:00,2026-01-18T23:00:00,2026-02-15T23:00:00,tensorflow,1344.0,42.0
2026-01-22 08:00:00,38.400001525878906,38.51123046875,1.0,"Tema Community 7, Royal School",deep,lstm_mha,h672,2026-01-04T23:00:00,2026-01-18T23:00:00,2026-02-15T23:00:00,tensorflow,1344.0,42.0
2026-01-22 09:00:00,35.79999923706055,37.68031311035156,1.0,"Tema Community 7, Royal School",deep,lstm_mha,h672,2026-01-04T23:00:00,2026-01-18T23:00:00,2026-02-15T23:00:00,tensorflow,1344.0,42.0
2026-01-22 10:00:00,39.0,37.09325408935547,1.0,"Tema Community 7, Royal School",deep,lstm_mha,h672,2026-01-04T23:00:00,2026-01-18T23:00:00,2026-02-15T23:00:00,tensorflow,1344.0,42.0
2026-01-22 11:00:00,44.5,35.97323226928711,1.0,"Tema Community 7, Royal School",deep,lstm_mha,h672,2026-01-04T23:00:00,2026-01-18T23:00:00,2026-02-15T23:00:00,tensorflow,1344.0,42.0
2026-01-22 12:00:00,44.20000076293945,34.992305755615234,1.0,"Tema Community 7, Royal School",deep,lstm_mha,h672,2026-01-04T23:00:00,2026-01-18T23:00:00,2026-02-15T23:00:00,tensorflow,1344.0,42.0
2026-01-22 13:00:00,40.900001525878906,34.39279556274414,1.0,"Tema Community 7, Royal School",deep,lstm_mha,h672,2026-01-04T23:00:00,2026-01-18T23:00:00,2026-02-15T23:00:00,tensorflow,1344.0,42.0
2026-01-22 14:00:00,35.900001525878906,33.68113327026367,1.0,"Tema Community 7, Royal School",deep,lstm_mha,h672,2026-01-04T23:00:00,2026-01-18T23:00:00,2026-02-15T23:00:00,tensorflow,1344.0,42.0
2026-01-22 15:00:00,31.799999237060547,34.06746292114258,1.0,"Tema Community 7, Royal School",deep,lstm_mha,h672,2026-01-04T23:00:00,2026-01-18T23:00:00,2026-02-15T23:00:00,tensorflow,1344.0,42.0
2026-01-22 16:00:00,27.5,34.09030532836914,1.0,"Tema Community 7, Royal School",deep,lstm_mha,h672,2026-01-04T23:00:00,2026-01-18T23:00:00,2026-02-15T23:00:00,tensorflow,1344.0,42.0
2026-01-22 17:00:00,29.5,34.577903747558594,1.0,"Tema Community 7, Royal School",deep,lstm_mha,h672,2026-01-04T23:00:00,2026-01-18T23:00:00,2026-02-15T23:00:00,tensorflow,1344.0,42.0
2026-01-22 18:00:00,33.70000076293945,35.89127731323242,1.0,"Tema Community 7, Royal School",deep,lstm_mha,h672,2026-01-04T23:00:00,2026-01-18T23:00:00,2026-02-15T23:00:00,tensorflow,1344.0,42.0
2026-01-22 19:00:00,29.799999237060547,36.558406829833984,1.0,"Tema Community 7, Royal School",deep,lstm_mha,h672,2026-01-04T23:00:00,2026-01-18T23:00:00,2026-02-15T23:00:00,tensorflow,1344.0,42.0
2026-01-22 20:00:00,32.70000076293945,37.3045654296875,1.0,"Tema Community 7, Royal School",deep,lstm_mha,h672,2026-01-04T23:00:00,2026-01-18T23:00:00,2026-02-15T23:00:00,tensorflow,1344.0,42.0
2026-01-22 21:00:00,31.700000762939453,38.072959899902344,1.0,"Tema Community 7, Royal School",deep,lstm_mha,h672,2026-01-04T23:00:00,2026-01-18T23:00:00,2026-02-15T23:00:00,tensorflow,1344.0,42.0
2026-01-22 22:00:00,30.299999237060547,38.00593185424805,1.0,"Tema Community 7, Royal School",deep,lstm_mha,h672,2026-01-04T23:00:00,2026-01-18T23:00:00,2026-02-15T23:00:00,tensorflow,1344.0,42.0
2026-01-22 23:00:00,30.200000762939453,37.576438903808594,1.0,"Tema Community 7, Royal School",deep,lstm_mha,h672,2026-01-04T23:00:00,2026-01-18T23:00:00,2026-02-15T23:00:00,tensorflow,1344.0,42.0
2026-01-23 00:00:00,28.5,37.44694900512695,1.0,"Tema Community 7, Royal School",deep,lstm_mha,h672,2026-01-04T23:00:00,2026-01-18T23:00:00,2026-02-15T23:00:00,tensorflow,1344.0,42.0
2026-01-23 01:00:00,29.899999618530273,37.31623458862305,1.0,"Tema Community 7, Royal School",deep,lstm_mha,h672,2026-01-04T23:00:00,2026-01-18T23:00:00,2026-02-15T23:00:00,tensorflow,1344.0,42.0
2026-01-23 02:00:00,39.900001525878906,37.21659851074219,1.0,"Tema Community 7, Royal School",deep,lstm_mha,h672,2026-01-04T23:00:00,2026-01-18T23:00:00,2026-02-15T23:00:00,tensorflow,1344.0,42.0
2026-01-23 03:00:00,45.599998474121094,37.56999206542969,1.0,"Tema Community 7, Royal School",deep,lstm_mha,h672,2026-01-04T23:00:00,2026-01-18T23:00:00,2026-02-15T23:00:00,tensorflow,1344.0,42.0
2026-01-23 04:00:00,72.4000015258789,38.59507369995117,1.0,"Tema Community 7, Royal School",deep,lstm_mha,h672,2026-01-04T23:00:00,2026-01-18T23:00:00,2026-02-15T23:00:00,tensorflow,1344.0,42.0
2026-01-23 05:00:00,66.4000015258789,38.96921920776367,1.0,"Tema Community 7, Royal School",deep,lstm_mha,h672,2026-01-04T23:00:00,2026-01-18T23:00:00,2026-02-15T23:00:00,tensorflow,1344.0,42.0
2026-01-23 06:00:00,93.30000305175781,38.94609451293945,1.0,"Tema Community 7, Royal School",deep,lstm_mha,h672,2026-01-04T23:00:00,2026-01-18T23:00:00,2026-02-15T23:00:00,tensorflow,1344.0,42.0
2026-01-23 07:00:00,101.19999694824219,38.855133056640625,1.0,"Tema Community 7, Royal School",deep,lstm_mha,h672,2026-01-04T23:00:00,2026-01-18T23:00:00,2026-02-15T23:00:00,tensorflow,1344.0,42.0
2026-01-23 08:00:00,50.599998474121094,37.94562530517578,1.0,"Tema Community 7, Royal School",deep,lstm_mha,h672,2026-01-04T23:00:00,2026-01-18T23:00:00,2026-02-15T23:00:00,tensorflow,1344.0,42.0
2026-01-23 09:00:00,40.20000076293945,37.60482406616211,1.0,"Tema Community 7, Royal School",deep,lstm_mha,h672,2026-01-04T23:00:00,2026-01-18T23:00:00,2026-02-15T23:00:00,tensorflow,1344.0,42.0
2026-01-23 10:00:00,42.0,36.639339447021484,1.0,"Tema Community 7, Royal School",deep,lstm_mha,h672,2026-01-04T23:00:00,2026-01-18T23:00:00,2026-02-15T23:00:00,tensorflow,1344.0,42.0
2026-01-23 11:00:00,37.400001525878906,35.82373046875,1.0,"Tema Community 7, Royal School",deep,lstm_mha,h672,2026-01-04T23:00:00,2026-01-18T23:00:00,2026-02-15T23:00:00,tensorflow,1344.0,42.0
2026-01-23 12:00:00,29.600000381469727,35.32797622680664,1.0,"Tema Community 7, Royal School",deep,lstm_mha,h672,2026-01-04T23:00:00,2026-01-18T23:00:00,2026-02-15T23:00:00,tensorflow,1344.0,42.0
2026-01-23 13:00:00,27.700000762939453,34.64258575439453,1.0,"Tema Community 7, Royal School",deep,lstm_mha,h672,2026-01-04T23:00:00,2026-01-18T23:00:00,2026-02-15T23:00:00,tensorflow,1344.0,42.0
2026-01-23 14:00:00,27.0,34.07952117919922,1.0,"Tema Community 7, Royal School",deep,lstm_mha,h672,2026-01-04T23:00:00,2026-01-18T23:00:00,2026-02-15T23:00:00,tensorflow,1344.0,42.0
2026-01-23 15:00:00,25.100000381469727,33.78219223022461,1.0,"Tema Community 7, Royal School",deep,lstm_mha,h672,2026-01-04T23:00:00,2026-01-18T23:00:00,2026-02-15T23:00:00,tensorflow,1344.0,42.0
2026-01-23 16:00:00,24.0,33.164939880371094,1.0,"Tema Community 7, Royal School",deep,lstm_mha,h672,2026-01-04T23:00:00,2026-01-18T23:00:00,2026-02-15T23:00:00,tensorflow,1344.0,42.0
2026-01-23 17:00:00,23.799999237060547,33.57534408569336,1.0,"Tema Community 7, Royal School",deep,lstm_mha,h672,2026-01-04T23:00:00,2026-01-18T23:00:00,2026-02-15T23:00:00,tensorflow,1344.0,42.0
2026-01-23 18:00:00,28.700000762939453,35.08135986328125,1.0,"Tema Community 7, Royal School",deep,lstm_mha,h672,2026-01-04T23:00:00,2026-01-18T23:00:00,2026-02-15T23:00:00,tensorflow,1344.0,42.0
2026-01-23 19:00:00,38.5,35.506675720214844,1.0,"Tema Community 7, Royal School",deep,lstm_mha,h672,2026-01-04T23:00:00,2026-01-18T23:00:00,2026-02-15T23:00:00,tensorflow,1344.0,42.0
2026-01-23 20:00:00,34.099998474121094,34.63608169555664,1.0,"Tema Community 7, Royal School",deep,lstm_mha,h672,2026-01-04T23:00:00,2026-01-18T23:00:00,2026-02-15T23:00:00,tensorflow,1344.0,42.0
2026-01-23 21:00:00,47.70000076293945,34.7472038269043,1.0,"Tema Community 7, Royal School",deep,lstm_mha,h672,2026-01-04T23:00:00,2026-01-18T23:00:00,2026-02-15T23:00:00,tensorflow,1344.0,42.0
2026-01-23 22:00:00,56.599998474121094,34.88953399658203,1.0,"Tema Community 7, Royal School",deep,lstm_mha,h672,2026-01-04T23:00:00,2026-01-18T23:00:00,2026-02-15T23:00:00,tensorflow,1344.0,42.0
2026-01-23 23:00:00,43.599998474121094,35.64141082763672,1.0,"Tema Community 7, Royal School",deep,lstm_mha,h672,2026-01-04T23:00:00,2026-01-18T23:00:00,2026-02-15T23:00:00,tensorflow,1344.0,42.0
2026-01-24 00:00:00,45.0,35.688751220703125,1.0,"Tema Community 7, Royal School",deep,lstm_mha,h672,2026-01-04T23:00:00,2026-01-18T23:00:00,2026-02-15T23:00:00,tensorflow,1344.0,42.0
2026-01-24 01:00:00,46.599998474121094,36.273658752441406,1.0,"Tema Community 7, Royal School",deep,lstm_mha,h672,2026-01-04T23:00:00,2026-01-18T23:00:00,2026-02-15T23:00:00,tensorflow,1344.0,42.0
2026-01-24 02:00:00,46.099998474121094,37.51702117919922,1.0,"Tema Community 7, Royal School",deep,lstm_mha,h672,2026-01-04T23:00:00,2026-01-18T23:00:00,2026-02-15T23:00:00,tensorflow,1344.0,42.0
2026-01-24 03:00:00,44.900001525878906,37.940086364746094,1.0,"Tema Community 7, Royal School",deep,lstm_mha,h672,2026-01-04T23:00:00,2026-01-18T23:00:00,2026-02-15T23:00:00,tensorflow,1344.0,42.0
2026-01-24 04:00:00,44.70000076293945,38.221771240234375,1.0,"Tema Community 7, Royal School",deep,lstm_mha,h672,2026-01-04T23:00:00,2026-01-18T23:00:00,2026-02-15T23:00:00,tensorflow,1344.0,42.0
2026-01-24 05:00:00,42.29999923706055,37.96115493774414,1.0,"Tema Community 7, Royal School",deep,lstm_mha,h672,2026-01-04T23:00:00,2026-01-18T23:00:00,2026-02-15T23:00:00,tensorflow,1344.0,42.0
2026-01-24 06:00:00,57.29999923706055,38.365943908691406,1.0,"Tema Community 7, Royal School",deep,lstm_mha,h672,2026-01-04T23:00:00,2026-01-18T23:00:00,2026-02-15T23:00:00,tensorflow,1344.0,42.0
2026-01-24 07:00:00,44.70000076293945,38.214637756347656,1.0,"Tema Community 7, Royal School",deep,lstm_mha,h672,2026-01-04T23:00:00,2026-01-18T23:00:00,2026-02-15T23:00:00,tensorflow,1344.0,42.0
2026-01-24 08:00:00,43.20000076293945,37.56174087524414,1.0,"Tema Community 7, Royal School",deep,lstm_mha,h672,2026-01-04T23:00:00,2026-01-18T23:00:00,2026-02-15T23:00:00,tensorflow,1344.0,42.0
2026-01-24 09:00:00,38.900001525878906,36.89802932739258,1.0,"Tema Community 7, Royal School",deep,lstm_mha,h672,2026-01-04T23:00:00,2026-01-18T23:00:00,2026-02-15T23:00:00,tensorflow,1344.0,42.0
2026-01-24 10:00:00,38.400001525878906,35.918853759765625,1.0,"Tema Community 7, Royal School",deep,lstm_mha,h672,2026-01-04T23:00:00,2026-01-18T23:00:00,2026-02-15T23:00:00,tensorflow,1344.0,42.0
2026-01-24 11:00:00,41.900001525878906,35.01187515258789,1.0,"Tema Community 7, Royal School",deep,lstm_mha,h672,2026-01-04T23:00:00,2026-01-18T23:00:00,2026-02-15T23:00:00,tensorflow,1344.0,42.0
2026-01-24 12:00:00,33.400001525878906,34.52176284790039,1.0,"Tema Community 7, Royal School",deep,lstm_mha,h672,2026-01-04T23:00:00,2026-01-18T23:00:00,2026-02-15T23:00:00,tensorflow,1344.0,42.0
2026-01-24 13:00:00,32.900001525878906,33.98955535888672,1.0,"Tema Community 7, Royal School",deep,lstm_mha,h672,2026-01-04T23:00:00,2026-01-18T23:00:00,2026-02-15T23:00:00,tensorflow,1344.0,42.0
2026-01-24 14:00:00,31.299999237060547,33.767677307128906,1.0,"Tema Community 7, Royal School",deep,lstm_mha,h672,2026-01-04T23:00:00,2026-01-18T23:00:00,2026-02-15T23:00:00,tensorflow,1344.0,42.0
2026-01-24 15:00:00,30.200000762939453,33.96664810180664,1.0,"Tema Community 7, Royal School",deep,lstm_mha,h672,2026-01-04T23:00:00,2026-01-18T23:00:00,2026-02-15T23:00:00,tensorflow,1344.0,42.0
2026-01-24 16:00:00,30.600000381469727,34.67918395996094,1.0,"Tema Community 7, Royal School",deep,lstm_mha,h672,2026-01-04T23:00:00,2026-01-18T23:00:00,2026-02-15T23:00:00,tensorflow,1344.0,42.0
2026-01-24 17:00:00,29.0,35.19281005859375,1.0,"Tema Community 7, Royal School",deep,lstm_mha,h672,2026-01-04T23:00:00,2026-01-18T23:00:00,2026-02-15T23:00:00,tensorflow,1344.0,42.0
2026-01-24 18:00:00,36.70000076293945,35.631561279296875,1.0,"Tema Community 7, Royal School",deep,lstm_mha,h672,2026-01-04T23:00:00,2026-01-18T23:00:00,2026-02-15T23:00:00,tensorflow,1344.0,42.0
2026-01-24 19:00:00,36.599998474121094,36.54635238647461,1.0,"Tema Community 7, Royal School",deep,lstm_mha,h672,2026-01-04T23:00:00,2026-01-18T23:00:00,2026-02-15T23:00:00,tensorflow,1344.0,42.0
2026-01-24 20:00:00,32.900001525878906,36.489559173583984,1.0,"Tema Community 7, Royal School",deep,lstm_mha,h672,2026-01-04T23:00:00,2026-01-18T23:00:00,2026-02-15T23:00:00,tensorflow,1344.0,42.0
2026-01-24 21:00:00,39.400001525878906,36.31364440917969,1.0,"Tema Community 7, Royal School",deep,lstm_mha,h672,2026-01-04T23:00:00,2026-01-18T23:00:00,2026-02-15T23:00:00,tensorflow,1344.0,42.0
2026-01-24 22:00:00,33.099998474121094,36.219356536865234,1.0,"Tema Community 7, Royal School",deep,lstm_mha,h672,2026-01-04T23:00:00,2026-01-18T23:00:00,2026-02-15T23:00:00,tensorflow,1344.0,42.0
2026-01-24 23:00:00,34.70000076293945,36.90560531616211,1.0,"Tema Community 7, Royal School",deep,lstm_mha,h672,2026-01-04T23:00:00,2026-01-18T23:00:00,2026-02-15T23:00:00,tensorflow,1344.0,42.0
2026-01-25 00:00:00,37.29999923706055,36.57939529418945,1.0,"Tema Community 7, Royal School",deep,lstm_mha,h672,2026-01-04T23:00:00,2026-01-18T23:00:00,2026-02-15T23:00:00,tensorflow,1344.0,42.0
2026-01-25 01:00:00,34.5,36.633155822753906,1.0,"Tema Community 7, Royal School",deep,lstm_mha,h672,2026-01-04T23:00:00,2026-01-18T23:00:00,2026-02-15T23:00:00,tensorflow,1344.0,42.0
2026-01-25 02:00:00,36.79999923706055,35.77690505981445,1.0,"Tema Community 7, Royal School",deep,lstm_mha,h672,2026-01-04T23:00:00,2026-01-18T23:00:00,2026-02-15T23:00:00,tensorflow,1344.0,42.0
2026-01-25 03:00:00,43.29999923706055,35.06114959716797,1.0,"Tema Community 7, Royal School",deep,lstm_mha,h672,2026-01-04T23:00:00,2026-01-18T23:00:00,2026-02-15T23:00:00,tensorflow,1344.0,42.0
2026-01-25 04:00:00,38.0,35.92740249633789,1.0,"Tema Community 7, Royal School",deep,lstm_mha,h672,2026-01-04T23:00:00,2026-01-18T23:00:00,2026-02-15T23:00:00,tensorflow,1344.0,42.0
2026-01-25 05:00:00,35.70000076293945,36.090087890625,1.0,"Tema Community 7, Royal School",deep,lstm_mha,h672,2026-01-04T23:00:00,2026-01-18T23:00:00,2026-02-15T23:00:00,tensorflow,1344.0,42.0
2026-01-25 06:00:00,60.79999923706055,37.11836242675781,1.0,"Tema Community 7, Royal School",deep,lstm_mha,h672,2026-01-04T23:00:00,2026-01-18T23:00:00,2026-02-15T23:00:00,tensorflow,1344.0,42.0
2026-01-25 07:00:00,71.80000305175781,37.0147705078125,1.0,"Tema Community 7, Royal School",deep,lstm_mha,h672,2026-01-04T23:00:00,2026-01-18T23:00:00,2026-02-15T23:00:00,tensorflow,1344.0,42.0
2026-01-25 08:00:00,41.599998474121094,36.36807632446289,1.0,"Tema Community 7, Royal School",deep,lstm_mha,h672,2026-01-04T23:00:00,2026-01-18T23:00:00,2026-02-15T23:00:00,tensorflow,1344.0,42.0
2026-01-25 09:00:00,43.5,35.65244674682617,1.0,"Tema Community 7, Royal School",deep,lstm_mha,h672,2026-01-04T23:00:00,2026-01-18T23:00:00,2026-02-15T23:00:00,tensorflow,1344.0,42.0
2026-01-25 10:00:00,50.20000076293945,34.97461700439453,1.0,"Tema Community 7, Royal School",deep,lstm_mha,h672,2026-01-04T23:00:00,2026-01-18T23:00:00,2026-02-15T23:00:00,tensorflow,1344.0,42.0
2026-01-25 11:00:00,51.79999923706055,34.183502197265625,1.0,"Tema Community 7, Royal School",deep,lstm_mha,h672,2026-01-04T23:00:00,2026-01-18T23:00:00,2026-02-15T23:00:00,tensorflow,1344.0,42.0
2026-01-25 12:00:00,50.79999923706055,33.472991943359375,1.0,"Tema Community 7, Royal School",deep,lstm_mha,h672,2026-01-04T23:00:00,2026-01-18T23:00:00,2026-02-15T23:00:00,tensorflow,1344.0,42.0
2026-01-25 13:00:00,44.599998474121094,33.0709342956543,1.0,"Tema Community 7, Royal School",deep,lstm_mha,h672,2026-01-04T23:00:00,2026-01-18T23:00:00,2026-02-15T23:00:00,tensorflow,1344.0,42.0
2026-01-25 14:00:00,42.599998474121094,33.052669525146484,1.0,"Tema Community 7, Royal School",deep,lstm_mha,h672,2026-01-04T23:00:00,2026-01-18T23:00:00,2026-02-15T23:00:00,tensorflow,1344.0,42.0
2026-01-25 15:00:00,40.5,32.873233795166016,1.0,"Tema Community 7, Royal School",deep,lstm_mha,h672,2026-01-04T23:00:00,2026-01-18T23:00:00,2026-02-15T23:00:00,tensorflow,1344.0,42.0
2026-01-25 16:00:00,32.70000076293945,33.2512092590332,1.0,"Tema Community 7, Royal School",deep,lstm_mha,h672,2026-01-04T23:00:00,2026-01-18T23:00:00,2026-02-15T23:00:00,tensorflow,1344.0,42.0
2026-01-25 17:00:00,34.5,32.525108337402344,1.0,"Tema Community 7, Royal School",deep,lstm_mha,h672,2026-01-04T23:00:00,2026-01-18T23:00:00,2026-02-15T23:00:00,tensorflow,1344.0,42.0
2026-01-25 18:00:00,37.70000076293945,32.78886032104492,1.0,"Tema Community 7, Royal School",deep,lstm_mha,h672,2026-01-04T23:00:00,2026-01-18T23:00:00,2026-02-15T23:00:00,tensorflow,1344.0,42.0
2026-01-25 19:00:00,38.29999923706055,33.1228141784668,1.0,"Tema Community 7, Royal School",deep,lstm_mha,h672,2026-01-04T23:00:00,2026-01-18T23:00:00,2026-02-15T23:00:00,tensorflow,1344.0,42.0
2026-01-25 20:00:00,43.599998474121094,33.586734771728516,1.0,"Tema Community 7, Royal School",deep,lstm_mha,h672,2026-01-04T23:00:00,2026-01-18T23:00:00,2026-02-15T23:00:00,tensorflow,1344.0,42.0
2026-01-25 21:00:00,46.900001525878906,33.88800048828125,1.0,"Tema Community 7, Royal School",deep,lstm_mha,h672,2026-01-04T23:00:00,2026-01-18T23:00:00,2026-02-15T23:00:00,tensorflow,1344.0,42.0
2026-01-25 22:00:00,44.400001525878906,33.824275970458984,1.0,"Tema Community 7, Royal School",deep,lstm_mha,h672,2026-01-04T23:00:00,2026-01-18T23:00:00,2026-02-15T23:00:00,tensorflow,1344.0,42.0
2026-01-25 23:00:00,46.599998474121094,34.30753707885742,1.0,"Tema Community 7, Royal School",deep,lstm_mha,h672,2026-01-04T23:00:00,2026-01-18T23:00:00,2026-02-15T23:00:00,tensorflow,1344.0,42.0
2026-01-26 00:00:00,68.4000015258789,34.73701477050781,1.0,"Tema Community 7, Royal School",deep,lstm_mha,h672,2026-01-04T23:00:00,2026-01-18T23:00:00,2026-02-15T23:00:00,tensorflow,1344.0,42.0
2026-01-26 01:00:00,49.599998474121094,34.68097686767578,1.0,"Tema Community 7, Royal School",deep,lstm_mha,h672,2026-01-04T23:00:00,2026-01-18T23:00:00,2026-02-15T23:00:00,tensorflow,1344.0,42.0
2026-01-26 02:00:00,56.900001525878906,35.25008773803711,1.0,"Tema Community 7, Royal School",deep,lstm_mha,h672,2026-01-04T23:00:00,2026-01-18T23:00:00,2026-02-15T23:00:00,tensorflow,1344.0,42.0
2026-01-26 03:00:00,51.5,36.07862854003906,1.0,"Tema Community 7, Royal School",deep,lstm_mha,h672,2026-01-04T23:00:00,2026-01-18T23:00:00,2026-02-15T23:00:00,tensorflow,1344.0,42.0
2026-01-26 04:00:00,46.20000076293945,36.3336296081543,1.0,"Tema Community 7, Royal School",deep,lstm_mha,h672,2026-01-04T23:00:00,2026-01-18T23:00:00,2026-02-15T23:00:00,tensorflow,1344.0,42.0
2026-01-26 05:00:00,59.29999923706055,36.11152267456055,1.0,"Tema Community 7, Royal School",deep,lstm_mha,h672,2026-01-04T23:00:00,2026-01-18T23:00:00,2026-02-15T23:00:00,tensorflow,1344.0,42.0
2026-01-26 06:00:00,105.0999984741211,36.172847747802734,1.0,"Tema Community 7, Royal School",deep,lstm_mha,h672,2026-01-04T23:00:00,2026-01-18T23:00:00,2026-02-15T23:00:00,tensorflow,1344.0,42.0
2026-01-26 07:00:00,53.70000076293945,35.97644805908203,1.0,"Tema Community 7, Royal School",deep,lstm_mha,h672,2026-01-04T23:00:00,2026-01-18T23:00:00,2026-02-15T23:00:00,tensorflow,1344.0,42.0
2026-01-26 08:00:00,47.79999923706055,35.50407028198242,1.0,"Tema Community 7, Royal School",deep,lstm_mha,h672,2026-01-04T23:00:00,2026-01-18T23:00:00,2026-02-15T23:00:00,tensorflow,1344.0,42.0
2026-01-26 09:00:00,43.5,34.87544631958008,1.0,"Tema Community 7, Royal School",deep,lstm_mha,h672,2026-01-04T23:00:00,2026-01-18T23:00:00,2026-02-15T23:00:00,tensorflow,1344.0,42.0
2026-01-26 10:00:00,45.29999923706055,34.0368537902832,1.0,"Tema Community 7, Royal School",deep,lstm_mha,h672,2026-01-04T23:00:00,2026-01-18T23:00:00,2026-02-15T23:00:00,tensorflow,1344.0,42.0
2026-01-26 11:00:00,49.70000076293945,32.894840240478516,1.0,"Tema Community 7, Royal School",deep,lstm_mha,h672,2026-01-04T23:00:00,2026-01-18T23:00:00,2026-02-15T23:00:00,tensorflow,1344.0,42.0
2026-01-26 12:00:00,45.599998474121094,32.48188018798828,1.0,"Tema Community 7, Royal School",deep,lstm_mha,h672,2026-01-04T23:00:00,2026-01-18T23:00:00,2026-02-15T23:00:00,tensorflow,1344.0,42.0
2026-01-26 13:00:00,42.099998474121094,32.0257453918457,1.0,"Tema Community 7, Royal School",deep,lstm_mha,h672,2026-01-04T23:00:00,2026-01-18T23:00:00,2026-02-15T23:00:00,tensorflow,1344.0,42.0
2026-01-26 14:00:00,38.79999923706055,31.88943099975586,1.0,"Tema Community 7, Royal School",deep,lstm_mha,h672,2026-01-04T23:00:00,2026-01-18T23:00:00,2026-02-15T23:00:00,tensorflow,1344.0,42.0
2026-01-26 15:00:00,38.70000076293945,32.088497161865234,1.0,"Tema Community 7, Royal School",deep,lstm_mha,h672,2026-01-04T23:00:00,2026-01-18T23:00:00,2026-02-15T23:00:00,tensorflow,1344.0,42.0
2026-01-26 16:00:00,35.20000076293945,32.11055374145508,1.0,"Tema Community 7, Royal School",deep,lstm_mha,h672,2026-01-04T23:00:00,2026-01-18T23:00:00,2026-02-15T23:00:00,tensorflow,1344.0,42.0
2026-01-26 17:00:00,38.599998474121094,32.236961364746094,1.0,"Tema Community 7, Royal School",deep,lstm_mha,h672,2026-01-04T23:00:00,2026-01-18T23:00:00,2026-02-15T23:00:00,tensorflow,1344.0,42.0
2026-01-26 18:00:00,38.5,32.82228088378906,1.0,"Tema Community 7, Royal School",deep,lstm_mha,h672,2026-01-04T23:00:00,2026-01-18T23:00:00,2026-02-15T23:00:00,tensorflow,1344.0,42.0
2026-01-26 19:00:00,38.099998474121094,33.0258674621582,1.0,"Tema Community 7, Royal School",deep,lstm_mha,h672,2026-01-04T23:00:00,2026-01-18T23:00:00,2026-02-15T23:00:00,tensorflow,1344.0,42.0
2026-01-26 20:00:00,39.0,32.57533645629883,1.0,"Tema Community 7, Royal School",deep,lstm_mha,h672,2026-01-04T23:00:00,2026-01-18T23:00:00,2026-02-15T23:00:00,tensorflow,1344.0,42.0
2026-01-26 21:00:00,40.0,32.81311798095703,1.0,"Tema Community 7, Royal School",deep,lstm_mha,h672,2026-01-04T23:00:00,2026-01-18T23:00:00,2026-02-15T23:00:00,tensorflow,1344.0,42.0
2026-01-26 22:00:00,41.900001525878906,33.54591751098633,1.0,"Tema Community 7, Royal School",deep,lstm_mha,h672,2026-01-04T23:00:00,2026-01-18T23:00:00,2026-02-15T23:00:00,tensorflow,1344.0,42.0
2026-01-26 23:00:00,46.099998474121094,33.82208251953125,1.0,"Tema Community 7, Royal School",deep,lstm_mha,h672,2026-01-04T23:00:00,2026-01-18T23:00:00,2026-02-15T23:00:00,tensorflow,1344.0,42.0
2026-01-27 00:00:00,68.4000015258789,34.27507019042969,1.0,"Tema Community 7, Royal School",deep,lstm_mha,h672,2026-01-04T23:00:00,2026-01-18T23:00:00,2026-02-15T23:00:00,tensorflow,1344.0,42.0
2026-01-27 01:00:00,47.599998474121094,34.61343765258789,1.0,"Tema Community 7, Royal School",deep,lstm_mha,h672,2026-01-04T23:00:00,2026-01-18T23:00:00,2026-02-15T23:00:00,tensorflow,1344.0,42.0
2026-01-27 02:00:00,47.79999923706055,34.21535873413086,1.0,"Tema Community 7, Royal School",deep,lstm_mha,h672,2026-01-04T23:00:00,2026-01-18T23:00:00,2026-02-15T23:00:00,tensorflow,1344.0,42.0
2026-01-27 03:00:00,44.20000076293945,34.594398498535156,1.0,"Tema Community 7, Royal School",deep,lstm_mha,h672,2026-01-04T23:00:00,2026-01-18T23:00:00,2026-02-15T23:00:00,tensorflow,1344.0,42.0
2026-01-27 04:00:00,54.900001525878906,35.367252349853516,1.0,"Tema Community 7, Royal School",deep,lstm_mha,h672,2026-01-04T23:00:00,2026-01-18T23:00:00,2026-02-15T23:00:00,tensorflow,1344.0,42.0
2026-01-27 05:00:00,64.4000015258789,35.964637756347656,1.0,"Tema Community 7, Royal School",deep,lstm_mha,h672,2026-01-04T23:00:00,2026-01-18T23:00:00,2026-02-15T23:00:00,tensorflow,1344.0,42.0
2026-01-27 06:00:00,96.30000305175781,36.44132995605469,1.0,"Tema Community 7, Royal School",deep,lstm_mha,h672,2026-01-04T23:00:00,2026-01-18T23:00:00,2026-02-15T23:00:00,tensorflow,1344.0,42.0
2026-01-27 07:00:00,93.69999694824219,36.27054214477539,1.0,"Tema Community 7, Royal School",deep,lstm_mha,h672,2026-01-04T23:00:00,2026-01-18T23:00:00,2026-02-15T23:00:00,tensorflow,1344.0,42.0
2026-01-27 08:00:00,49.900001525878906,35.079490661621094,1.0,"Tema Community 7, Royal School",deep,lstm_mha,h672,2026-01-04T23:00:00,2026-01-18T23:00:00,2026-02-15T23:00:00,tensorflow,1344.0,42.0
2026-01-27 09:00:00,48.70000076293945,33.86930847167969,1.0,"Tema Community 7, Royal School",deep,lstm_mha,h672,2026-01-04T23:00:00,2026-01-18T23:00:00,2026-02-15T23:00:00,tensorflow,1344.0,42.0
2026-01-27 10:00:00,46.900001525878906,33.02334976196289,1.0,"Tema Community 7, Royal School",deep,lstm_mha,h672,2026-01-04T23:00:00,2026-01-18T23:00:00,2026-02-15T23:00:00,tensorflow,1344.0,42.0
2026-01-27 11:00:00,49.599998474121094,32.35009765625,1.0,"Tema Community 7, Royal School",deep,lstm_mha,h672,2026-01-04T23:00:00,2026-01-18T23:00:00,2026-02-15T23:00:00,tensorflow,1344.0,42.0
2026-01-27 12:00:00,49.29999923706055,31.930540084838867,1.0,"Tema Community 7, Royal School",deep,lstm_mha,h672,2026-01-04T23:00:00,2026-01-18T23:00:00,2026-02-15T23:00:00,tensorflow,1344.0,42.0
2026-01-27 13:00:00,44.599998474121094,31.595474243164062,1.0,"Tema Community 7, Royal School",deep,lstm_mha,h672,2026-01-04T23:00:00,2026-01-18T23:00:00,2026-02-15T23:00:00,tensorflow,1344.0,42.0
2026-01-27 14:00:00,43.20000076293945,31.414878845214844,1.0,"Tema Community 7, Royal School",deep,lstm_mha,h672,2026-01-04T23:00:00,2026-01-18T23:00:00,2026-02-15T23:00:00,tensorflow,1344.0,42.0
2026-01-27 15:00:00,41.400001525878906,31.63178062438965,1.0,"Tema Community 7, Royal School",deep,lstm_mha,h672,2026-01-04T23:00:00,2026-01-18T23:00:00,2026-02-15T23:00:00,tensorflow,1344.0,42.0
2026-01-27 16:00:00,39.79999923706055,31.3779296875,1.0,"Tema Community 7, Royal School",deep,lstm_mha,h672,2026-01-04T23:00:00,2026-01-18T23:00:00,2026-02-15T23:00:00,tensorflow,1344.0,42.0
2026-01-27 17:00:00,38.599998474121094,31.630643844604492,1.0,"Tema Community 7, Royal School",deep,lstm_mha,h672,2026-01-04T23:00:00,2026-01-18T23:00:00,2026-02-15T23:00:00,tensorflow,1344.0,42.0
2026-01-27 18:00:00,39.29999923706055,32.63200759887695,1.0,"Tema Community 7, Royal School",deep,lstm_mha,h672,2026-01-04T23:00:00,2026-01-18T23:00:00,2026-02-15T23:00:00,tensorflow,1344.0,42.0
2026-01-27 19:00:00,39.900001525878906,32.90736389160156,1.0,"Tema Community 7, Royal School",deep,lstm_mha,h672,2026-01-04T23:00:00,2026-01-18T23:00:00,2026-02-15T23:00:00,tensorflow,1344.0,42.0
2026-01-27 20:00:00,42.400001525878906,33.09941101074219,1.0,"Tema Community 7, Royal School",deep,lstm_mha,h672,2026-01-04T23:00:00,2026-01-18T23:00:00,2026-02-15T23:00:00,tensorflow,1344.0,42.0
2026-01-27 21:00:00,43.900001525878906,33.39027404785156,1.0,"Tema Community 7, Royal School",deep,lstm_mha,h672,2026-01-04T23:00:00,2026-01-18T23:00:00,2026-02-15T23:00:00,tensorflow,1344.0,42.0
2026-01-27 22:00:00,42.5,33.77949905395508,1.0,"Tema Community 7, Royal School",deep,lstm_mha,h672,2026-01-04T23:00:00,2026-01-18T23:00:00,2026-02-15T23:00:00,tensorflow,1344.0,42.0
2026-01-27 23:00:00,48.29999923706055,34.20204544067383,1.0,"Tema Community 7, Royal School",deep,lstm_mha,h672,2026-01-04T23:00:00,2026-01-18T23:00:00,2026-02-15T23:00:00,tensorflow,1344.0,42.0
2026-01-28 00:00:00,51.0,34.210750579833984,1.0,"Tema Community 7, Royal School",deep,lstm_mha,h672,2026-01-04T23:00:00,2026-01-18T23:00:00,2026-02-15T23:00:00,tensorflow,1344.0,42.0
2026-01-28 01:00:00,55.5,34.725521087646484,1.0,"Tema Community 7, Royal School",deep,lstm_mha,h672,2026-01-04T23:00:00,2026-01-18T23:00:00,2026-02-15T23:00:00,tensorflow,1344.0,42.0
2026-01-28 02:00:00,51.400001525878906,35.119224548339844,1.0,"Tema Community 7, Royal School",deep,lstm_mha,h672,2026-01-04T23:00:00,2026-01-18T23:00:00,2026-02-15T23:00:00,tensorflow,1344.0,42.0
2026-01-28 03:00:00,54.0,35.5214729309082,1.0,"Tema Community 7, Royal School",deep,lstm_mha,h672,2026-01-04T23:00:00,2026-01-18T23:00:00,2026-02-15T23:00:00,tensorflow,1344.0,42.0
2026-01-28 04:00:00,56.099998474121094,35.55609130859375,1.0,"Tema Community 7, Royal School",deep,lstm_mha,h672,2026-01-04T23:00:00,2026-01-18T23:00:00,2026-02-15T23:00:00,tensorflow,1344.0,42.0
2026-01-28 05:00:00,96.0999984741211,36.15840148925781,1.0,"Tema Community 7, Royal School",deep,lstm_mha,h672,2026-01-04T23:00:00,2026-01-18T23:00:00,2026-02-15T23:00:00,tensorflow,1344.0,42.0
2026-01-28 06:00:00,85.0,36.182979583740234,1.0,"Tema Community 7, Royal School",deep,lstm_mha,h672,2026-01-04T23:00:00,2026-01-18T23:00:00,2026-02-15T23:00:00,tensorflow,1344.0,42.0
2026-01-28 07:00:00,76.0,35.901153564453125,1.0,"Tema Community 7, Royal School",deep,lstm_mha,h672,2026-01-04T23:00:00,2026-01-18T23:00:00,2026-02-15T23:00:00,tensorflow,1344.0,42.0
2026-01-28 08:00:00,52.5,34.81705093383789,1.0,"Tema Community 7, Royal School",deep,lstm_mha,h672,2026-01-04T23:00:00,2026-01-18T23:00:00,2026-02-15T23:00:00,tensorflow,1344.0,42.0
2026-01-28 09:00:00,49.29999923706055,33.604042053222656,1.0,"Tema Community 7, Royal School",deep,lstm_mha,h672,2026-01-04T23:00:00,2026-01-18T23:00:00,2026-02-15T23:00:00,tensorflow,1344.0,42.0
2026-01-28 10:00:00,47.79999923706055,32.805877685546875,1.0,"Tema Community 7, Royal School",deep,lstm_mha,h672,2026-01-04T23:00:00,2026-01-18T23:00:00,2026-02-15T23:00:00,tensorflow,1344.0,42.0
2026-01-28 11:00:00,51.400001525878906,32.363338470458984,1.0,"Tema Community 7, Royal School",deep,lstm_mha,h672,2026-01-04T23:00:00,2026-01-18T23:00:00,2026-02-15T23:00:00,tensorflow,1344.0,42.0
2026-01-28 12:00:00,55.599998474121094,32.03961181640625,1.0,"Tema Community 7, Royal School",deep,lstm_mha,h672,2026-01-04T23:00:00,2026-01-18T23:00:00,2026-02-15T23:00:00,tensorflow,1344.0,42.0
2026-01-28 13:00:00,49.900001525878906,31.8541259765625,1.0,"Tema Community 7, Royal School",deep,lstm_mha,h672,2026-01-04T23:00:00,2026-01-18T23:00:00,2026-02-15T23:00:00,tensorflow,1344.0,42.0
2026-01-28 14:00:00,46.400001525878906,31.697683334350586,1.0,"Tema Community 7, Royal School",deep,lstm_mha,h672,2026-01-04T23:00:00,2026-01-18T23:00:00,2026-02-15T23:00:00,tensorflow,1344.0,42.0
2026-01-28 15:00:00,44.29999923706055,31.586708068847656,1.0,"Tema Community 7, Royal School",deep,lstm_mha,h672,2026-01-04T23:00:00,2026-01-18T23:00:00,2026-02-15T23:00:00,tensorflow,1344.0,42.0
2026-01-28 16:00:00,41.900001525878906,31.652555465698242,1.0,"Tema Community 7, Royal School",deep,lstm_mha,h672,2026-01-04T23:00:00,2026-01-18T23:00:00,2026-02-15T23:00:00,tensorflow,1344.0,42.0
2026-01-28 17:00:00,43.20000076293945,32.223045349121094,1.0,"Tema Community 7, Royal School",deep,lstm_mha,h672,2026-01-04T23:00:00,2026-01-18T23:00:00,2026-02-15T23:00:00,tensorflow,1344.0,42.0
2026-01-28 18:00:00,45.70000076293945,32.43789291381836,1.0,"Tema Community 7, Royal School",deep,lstm_mha,h672,2026-01-04T23:00:00,2026-01-18T23:00:00,2026-02-15T23:00:00,tensorflow,1344.0,42.0
2026-01-28 19:00:00,46.900001525878906,32.61497116088867,1.0,"Tema Community 7, Royal School",deep,lstm_mha,h672,2026-01-04T23:00:00,2026-01-18T23:00:00,2026-02-15T23:00:00,tensorflow,1344.0,42.0
2026-01-28 20:00:00,46.20000076293945,32.90581512451172,1.0,"Tema Community 7, Royal School",deep,lstm_mha,h672,2026-01-04T23:00:00,2026-01-18T23:00:00,2026-02-15T23:00:00,tensorflow,1344.0,42.0
2026-01-28 21:00:00,46.0,33.33143615722656,1.0,"Tema Community 7, Royal School",deep,lstm_mha,h672,2026-01-04T23:00:00,2026-01-18T23:00:00,2026-02-15T23:00:00,tensorflow,1344.0,42.0
2026-01-28 22:00:00,45.70000076293945,33.78959274291992,1.0,"Tema Community 7, Royal School",deep,lstm_mha,h672,2026-01-04T23:00:00,2026-01-18T23:00:00,2026-02-15T23:00:00,tensorflow,1344.0,42.0
2026-01-28 23:00:00,49.79999923706055,34.979270935058594,1.0,"Tema Community 7, Royal School",deep,lstm_mha,h672,2026-01-04T23:00:00,2026-01-18T23:00:00,2026-02-15T23:00:00,tensorflow,1344.0,42.0
2026-01-29 00:00:00,57.599998474121094,35.99580001831055,1.0,"Tema Community 7, Royal School",deep,lstm_mha,h672,2026-01-04T23:00:00,2026-01-18T23:00:00,2026-02-15T23:00:00,tensorflow,1344.0,42.0
2026-01-29 01:00:00,55.70000076293945,36.150936126708984,1.0,"Tema Community 7, Royal School",deep,lstm_mha,h672,2026-01-04T23:00:00,2026-01-18T23:00:00,2026-02-15T23:00:00,tensorflow,1344.0,42.0
2026-01-29 02:00:00,65.4000015258789,36.19826889038086,1.0,"Tema Community 7, Royal School",deep,lstm_mha,h672,2026-01-04T23:00:00,2026-01-18T23:00:00,2026-02-15T23:00:00,tensorflow,1344.0,42.0
2026-01-29 03:00:00,60.70000076293945,36.151641845703125,1.0,"Tema Community 7, Royal School",deep,lstm_mha,h672,2026-01-04T23:00:00,2026-01-18T23:00:00,2026-02-15T23:00:00,tensorflow,1344.0,42.0
2026-01-29 04:00:00,59.5,35.73344802856445,1.0,"Tema Community 7, Royal School",deep,lstm_mha,h672,2026-01-04T23:00:00,2026-01-18T23:00:00,2026-02-15T23:00:00,tensorflow,1344.0,42.0
2026-01-29 05:00:00,71.80000305175781,35.24246597290039,1.0,"Tema Community 7, Royal School",deep,lstm_mha,h672,2026-01-04T23:00:00,2026-01-18T23:00:00,2026-02-15T23:00:00,tensorflow,1344.0,42.0
2026-01-29 06:00:00,88.5999984741211,35.2569465637207,1.0,"Tema Community 7, Royal School",deep,lstm_mha,h672,2026-01-04T23:00:00,2026-01-18T23:00:00,2026-02-15T23:00:00,tensorflow,1344.0,42.0
2026-01-29 07:00:00,69.19999694824219,34.99222946166992,1.0,"Tema Community 7, Royal School",deep,lstm_mha,h672,2026-01-04T23:00:00,2026-01-18T23:00:00,2026-02-15T23:00:00,tensorflow,1344.0,42.0
2026-01-29 08:00:00,56.70000076293945,34.220340728759766,1.0,"Tema Community 7, Royal School",deep,lstm_mha,h672,2026-01-04T23:00:00,2026-01-18T23:00:00,2026-02-15T23:00:00,tensorflow,1344.0,42.0
2026-01-29 09:00:00,55.0,33.576454162597656,1.0,"Tema Community 7, Royal School",deep,lstm_mha,h672,2026-01-04T23:00:00,2026-01-18T23:00:00,2026-02-15T23:00:00,tensorflow,1344.0,42.0
2026-01-29 10:00:00,50.599998474121094,33.54026412963867,1.0,"Tema Community 7, Royal School",deep,lstm_mha,h672,2026-01-04T23:00:00,2026-01-18T23:00:00,2026-02-15T23:00:00,tensorflow,1344.0,42.0
2026-01-29 11:00:00,51.79999923706055,32.79119110107422,1.0,"Tema Community 7, Royal School",deep,lstm_mha,h672,2026-01-04T23:00:00,2026-01-18T23:00:00,2026-02-15T23:00:00,tensorflow,1344.0,42.0
2026-01-29 12:00:00,52.79999923706055,32.17462921142578,1.0,"Tema Community 7, Royal School",deep,lstm_mha,h672,2026-01-04T23:00:00,2026-01-18T23:00:00,2026-02-15T23:00:00,tensorflow,1344.0,42.0
2026-01-29 13:00:00,48.400001525878906,32.03059387207031,1.0,"Tema Community 7, Royal School",deep,lstm_mha,h672,2026-01-04T23:00:00,2026-01-18T23:00:00,2026-02-15T23:00:00,tensorflow,1344.0,42.0
2026-01-29 14:00:00,42.70000076293945,32.22511291503906,1.0,"Tema Community 7, Royal School",deep,lstm_mha,h672,2026-01-04T23:00:00,2026-01-18T23:00:00,2026-02-15T23:00:00,tensorflow,1344.0,42.0
2026-01-29 15:00:00,43.70000076293945,32.686885833740234,1.0,"Tema Community 7, Royal School",deep,lstm_mha,h672,2026-01-04T23:00:00,2026-01-18T23:00:00,2026-02-15T23:00:00,tensorflow,1344.0,42.0
2026-01-29 16:00:00,41.70000076293945,32.727149963378906,1.0,"Tema Community 7, Royal School",deep,lstm_mha,h672,2026-01-04T23:00:00,2026-01-18T23:00:00,2026-02-15T23:00:00,tensorflow,1344.0,42.0
2026-01-29 17:00:00,42.70000076293945,32.641536712646484,1.0,"Tema Community 7, Royal School",deep,lstm_mha,h672,2026-01-04T23:00:00,2026-01-18T23:00:00,2026-02-15T23:00:00,tensorflow,1344.0,42.0
2026-01-29 18:00:00,43.0,33.04871368408203,1.0,"Tema Community 7, Royal School",deep,lstm_mha,h672,2026-01-04T23:00:00,2026-01-18T23:00:00,2026-02-15T23:00:00,tensorflow,1344.0,42.0
2026-01-29 19:00:00,42.599998474121094,33.69476318359375,1.0,"Tema Community 7, Royal School",deep,lstm_mha,h672,2026-01-04T23:00:00,2026-01-18T23:00:00,2026-02-15T23:00:00,tensorflow,1344.0,42.0
2026-01-29 20:00:00,45.099998474121094,34.33065414428711,1.0,"Tema Community 7, Royal School",deep,lstm_mha,h672,2026-01-04T23:00:00,2026-01-18T23:00:00,2026-02-15T23:00:00,tensorflow,1344.0,42.0
2026-01-29 21:00:00,46.5,34.41579818725586,1.0,"Tema Community 7, Royal School",deep,lstm_mha,h672,2026-01-04T23:00:00,2026-01-18T23:00:00,2026-02-15T23:00:00,tensorflow,1344.0,42.0
2026-01-29 22:00:00,45.099998474121094,34.314632415771484,1.0,"Tema Community 7, Royal School",deep,lstm_mha,h672,2026-01-04T23:00:00,2026-01-18T23:00:00,2026-02-15T23:00:00,tensorflow,1344.0,42.0
2026-01-29 23:00:00,40.900001525878906,34.82249450683594,1.0,"Tema Community 7, Royal School",deep,lstm_mha,h672,2026-01-04T23:00:00,2026-01-18T23:00:00,2026-02-15T23:00:00,tensorflow,1344.0,42.0
2026-01-30 00:00:00,49.900001525878906,35.28050231933594,1.0,"Tema Community 7, Royal School",deep,lstm_mha,h672,2026-01-04T23:00:00,2026-01-18T23:00:00,2026-02-15T23:00:00,tensorflow,1344.0,42.0
2026-01-30 01:00:00,41.70000076293945,35.25395202636719,1.0,"Tema Community 7, Royal School",deep,lstm_mha,h672,2026-01-04T23:00:00,2026-01-18T23:00:00,2026-02-15T23:00:00,tensorflow,1344.0,42.0
2026-01-30 02:00:00,41.400001525878906,34.867862701416016,1.0,"Tema Community 7, Royal School",deep,lstm_mha,h672,2026-01-04T23:00:00,2026-01-18T23:00:00,2026-02-15T23:00:00,tensorflow,1344.0,42.0
2026-01-30 03:00:00,44.099998474121094,34.903560638427734,1.0,"Tema Community 7, Royal School",deep,lstm_mha,h672,2026-01-04T23:00:00,2026-01-18T23:00:00,2026-02-15T23:00:00,tensorflow,1344.0,42.0
2026-01-30 04:00:00,46.20000076293945,34.88645553588867,1.0,"Tema Community 7, Royal School",deep,lstm_mha,h672,2026-01-04T23:00:00,2026-01-18T23:00:00,2026-02-15T23:00:00,tensorflow,1344.0,42.0
2026-01-30 05:00:00,62.400001525878906,34.871971130371094,1.0,"Tema Community 7, Royal School",deep,lstm_mha,h672,2026-01-04T23:00:00,2026-01-18T23:00:00,2026-02-15T23:00:00,tensorflow,1344.0,42.0
2026-01-30 06:00:00,68.19999694824219,35.09154510498047,1.0,"Tema Community 7, Royal School",deep,lstm_mha,h672,2026-01-04T23:00:00,2026-01-18T23:00:00,2026-02-15T23:00:00,tensorflow,1344.0,42.0
2026-01-30 07:00:00,79.5,34.73805618286133,1.0,"Tema Community 7, Royal School",deep,lstm_mha,h672,2026-01-04T23:00:00,2026-01-18T23:00:00,2026-02-15T23:00:00,tensorflow,1344.0,42.0
2026-01-30 08:00:00,48.099998474121094,34.29754638671875,1.0,"Tema Community 7, Royal School",deep,lstm_mha,h672,2026-01-04T23:00:00,2026-01-18T23:00:00,2026-02-15T23:00:00,tensorflow,1344.0,42.0
2026-01-30 09:00:00,45.0,34.0012092590332,1.0,"Tema Community 7, Royal School",deep,lstm_mha,h672,2026-01-04T23:00:00,2026-01-18T23:00:00,2026-02-15T23:00:00,tensorflow,1344.0,42.0
2026-01-30 10:00:00,45.0,33.51176834106445,1.0,"Tema Community 7, Royal School",deep,lstm_mha,h672,2026-01-04T23:00:00,2026-01-18T23:00:00,2026-02-15T23:00:00,tensorflow,1344.0,42.0
2026-01-30 11:00:00,45.599998474121094,32.49494171142578,1.0,"Tema Community 7, Royal School",deep,lstm_mha,h672,2026-01-04T23:00:00,2026-01-18T23:00:00,2026-02-15T23:00:00,tensorflow,1344.0,42.0
2026-01-30 12:00:00,43.900001525878906,31.95322608947754,1.0,"Tema Community 7, Royal School",deep,lstm_mha,h672,2026-01-04T23:00:00,2026-01-18T23:00:00,2026-02-15T23:00:00,tensorflow,1344.0,42.0
2026-01-30 13:00:00,41.900001525878906,31.48593521118164,1.0,"Tema Community 7, Royal School",deep,lstm_mha,h672,2026-01-04T23:00:00,2026-01-18T23:00:00,2026-02-15T23:00:00,tensorflow,1344.0,42.0
2026-01-30 14:00:00,40.79999923706055,31.46475601196289,1.0,"Tema Community 7, Royal School",deep,lstm_mha,h672,2026-01-04T23:00:00,2026-01-18T23:00:00,2026-02-15T23:00:00,tensorflow,1344.0,42.0
2026-01-30 15:00:00,40.400001525878906,31.611906051635742,1.0,"Tema Community 7, Royal School",deep,lstm_mha,h672,2026-01-04T23:00:00,2026-01-18T23:00:00,2026-02-15T23:00:00,tensorflow,1344.0,42.0
2026-01-30 16:00:00,40.20000076293945,31.84486961364746,1.0,"Tema Community 7, Royal School",deep,lstm_mha,h672,2026-01-04T23:00:00,2026-01-18T23:00:00,2026-02-15T23:00:00,tensorflow,1344.0,42.0
2026-01-30 17:00:00,48.400001525878906,32.195465087890625,1.0,"Tema Community 7, Royal School",deep,lstm_mha,h672,2026-01-04T23:00:00,2026-01-18T23:00:00,2026-02-15T23:00:00,tensorflow,1344.0,42.0
2026-01-30 18:00:00,48.400001525878906,32.49007797241211,1.0,"Tema Community 7, Royal School",deep,lstm_mha,h672,2026-01-04T23:00:00,2026-01-18T23:00:00,2026-02-15T23:00:00,tensorflow,1344.0,42.0
2026-01-30 19:00:00,43.599998474121094,32.20266342163086,1.0,"Tema Community 7, Royal School",deep,lstm_mha,h672,2026-01-04T23:00:00,2026-01-18T23:00:00,2026-02-15T23:00:00,tensorflow,1344.0,42.0
2026-01-30 20:00:00,43.0,32.46073532104492,1.0,"Tema Community 7, Royal School",deep,lstm_mha,h672,2026-01-04T23:00:00,2026-01-18T23:00:00,2026-02-15T23:00:00,tensorflow,1344.0,42.0
2026-01-30 21:00:00,42.400001525878906,32.333213806152344,1.0,"Tema Community 7, Royal School",deep,lstm_mha,h672,2026-01-04T23:00:00,2026-01-18T23:00:00,2026-02-15T23:00:00,tensorflow,1344.0,42.0
2026-01-30 22:00:00,43.29999923706055,32.74177932739258,1.0,"Tema Community 7, Royal School",deep,lstm_mha,h672,2026-01-04T23:00:00,2026-01-18T23:00:00,2026-02-15T23:00:00,tensorflow,1344.0,42.0
2026-01-30 23:00:00,41.70000076293945,32.605350494384766,1.0,"Tema Community 7, Royal School",deep,lstm_mha,h672,2026-01-04T23:00:00,2026-01-18T23:00:00,2026-02-15T23:00:00,tensorflow,1344.0,42.0
2026-01-31 00:00:00,42.20000076293945,32.4498176574707,1.0,"Tema Community 7, Royal School",deep,lstm_mha,h672,2026-01-04T23:00:00,2026-01-18T23:00:00,2026-02-15T23:00:00,tensorflow,1344.0,42.0
2026-01-31 01:00:00,40.79999923706055,33.555137634277344,1.0,"Tema Community 7, Royal School",deep,lstm_mha,h672,2026-01-04T23:00:00,2026-01-18T23:00:00,2026-02-15T23:00:00,tensorflow,1344.0,42.0
2026-01-31 02:00:00,40.900001525878906,34.35638427734375,1.0,"Tema Community 7, Royal School",deep,lstm_mha,h672,2026-01-04T23:00:00,2026-01-18T23:00:00,2026-02-15T23:00:00,tensorflow,1344.0,42.0
2026-01-31 03:00:00,46.20000076293945,34.21369934082031,1.0,"Tema Community 7, Royal School",deep,lstm_mha,h672,2026-01-04T23:00:00,2026-01-18T23:00:00,2026-02-15T23:00:00,tensorflow,1344.0,42.0
2026-01-31 04:00:00,47.900001525878906,34.83787536621094,1.0,"Tema Community 7, Royal School",deep,lstm_mha,h672,2026-01-04T23:00:00,2026-01-18T23:00:00,2026-02-15T23:00:00,tensorflow,1344.0,42.0
2026-01-31 05:00:00,49.099998474121094,34.995418548583984,1.0,"Tema Community 7, Royal School",deep,lstm_mha,h672,2026-01-04T23:00:00,2026-01-18T23:00:00,2026-02-15T23:00:00,tensorflow,1344.0,42.0
2026-01-31 06:00:00,120.69999694824219,35.43000793457031,1.0,"Tema Community 7, Royal School",deep,lstm_mha,h672,2026-01-04T23:00:00,2026-01-18T23:00:00,2026-02-15T23:00:00,tensorflow,1344.0,42.0
2026-01-31 07:00:00,74.0,35.40406036376953,1.0,"Tema Community 7, Royal School",deep,lstm_mha,h672,2026-01-04T23:00:00,2026-01-18T23:00:00,2026-02-15T23:00:00,tensorflow,1344.0,42.0
2026-01-31 08:00:00,51.70000076293945,34.68328857421875,1.0,"Tema Community 7, Royal School",deep,lstm_mha,h672,2026-01-04T23:00:00,2026-01-18T23:00:00,2026-02-15T23:00:00,tensorflow,1344.0,42.0
2026-01-31 09:00:00,47.0,33.05693054199219,1.0,"Tema Community 7, Royal School",deep,lstm_mha,h672,2026-01-04T23:00:00,2026-01-18T23:00:00,2026-02-15T23:00:00,tensorflow,1344.0,42.0
2026-01-31 10:00:00,49.29999923706055,31.940114974975586,1.0,"Tema Community 7, Royal School",deep,lstm_mha,h672,2026-01-04T23:00:00,2026-01-18T23:00:00,2026-02-15T23:00:00,tensorflow,1344.0,42.0
2026-01-31 11:00:00,42.400001525878906,31.36777114868164,1.0,"Tema Community 7, Royal School",deep,lstm_mha,h672,2026-01-04T23:00:00,2026-01-18T23:00:00,2026-02-15T23:00:00,tensorflow,1344.0,42.0
2026-01-31 12:00:00,37.900001525878906,30.895503997802734,1.0,"Tema Community 7, Royal School",deep,lstm_mha,h672,2026-01-04T23:00:00,2026-01-18T23:00:00,2026-02-15T23:00:00,tensorflow,1344.0,42.0
2026-01-31 13:00:00,36.20000076293945,30.554157257080078,1.0,"Tema Community 7, Royal School",deep,lstm_mha,h672,2026-01-04T23:00:00,2026-01-18T23:00:00,2026-02-15T23:00:00,tensorflow,1344.0,42.0
2026-01-31 14:00:00,38.29999923706055,30.274005889892578,1.0,"Tema Community 7, Royal School",deep,lstm_mha,h672,2026-01-04T23:00:00,2026-01-18T23:00:00,2026-02-15T23:00:00,tensorflow,1344.0,42.0
2026-01-31 15:00:00,37.900001525878906,30.22301483154297,1.0,"Tema Community 7, Royal School",deep,lstm_mha,h672,2026-01-04T23:00:00,2026-01-18T23:00:00,2026-02-15T23:00:00,tensorflow,1344.0,42.0
2026-01-31 16:00:00,35.900001525878906,30.072755813598633,1.0,"Tema Community 7, Royal School",deep,lstm_mha,h672,2026-01-04T23:00:00,2026-01-18T23:00:00,2026-02-15T23:00:00,tensorflow,1344.0,42.0
2026-01-31 17:00:00,36.79999923706055,30.48090362548828,1.0,"Tema Community 7, Royal School",deep,lstm_mha,h672,2026-01-04T23:00:00,2026-01-18T23:00:00,2026-02-15T23:00:00,tensorflow,1344.0,42.0
2026-01-31 18:00:00,37.5,31.56110954284668,1.0,"Tema Community 7, Royal School",deep,lstm_mha,h672,2026-01-04T23:00:00,2026-01-18T23:00:00,2026-02-15T23:00:00,tensorflow,1344.0,42.0
2026-01-31 19:00:00,38.29999923706055,32.29293441772461,1.0,"Tema Community 7, Royal School",deep,lstm_mha,h672,2026-01-04T23:00:00,2026-01-18T23:00:00,2026-02-15T23:00:00,tensorflow,1344.0,42.0
2026-01-31 20:00:00,37.70000076293945,34.2691764831543,1.0,"Tema Community 7, Royal School",deep,lstm_mha,h672,2026-01-04T23:00:00,2026-01-18T23:00:00,2026-02-15T23:00:00,tensorflow,1344.0,42.0
2026-01-31 21:00:00,48.099998474121094,34.33341598510742,1.0,"Tema Community 7, Royal School",deep,lstm_mha,h672,2026-01-04T23:00:00,2026-01-18T23:00:00,2026-02-15T23:00:00,tensorflow,1344.0,42.0
2026-01-31 22:00:00,42.20000076293945,33.646480560302734,1.0,"Tema Community 7, Royal School",deep,lstm_mha,h672,2026-01-04T23:00:00,2026-01-18T23:00:00,2026-02-15T23:00:00,tensorflow,1344.0,42.0
2026-01-31 23:00:00,44.79999923706055,33.49827575683594,1.0,"Tema Community 7, Royal School",deep,lstm_mha,h672,2026-01-04T23:00:00,2026-01-18T23:00:00,2026-02-15T23:00:00,tensorflow,1344.0,42.0
2026-02-01 00:00:00,44.900001525878906,33.63774871826172,1.0,"Tema Community 7, Royal School",deep,lstm_mha,h672,2026-01-04T23:00:00,2026-01-18T23:00:00,2026-02-15T23:00:00,tensorflow,1344.0,42.0
2026-02-01 01:00:00,39.0,34.01457214355469,1.0,"Tema Community 7, Royal School",deep,lstm_mha,h672,2026-01-04T23:00:00,2026-01-18T23:00:00,2026-02-15T23:00:00,tensorflow,1344.0,42.0
2026-02-01 02:00:00,34.79999923706055,33.71039581298828,1.0,"Tema Community 7, Royal School",deep,lstm_mha,h672,2026-01-04T23:00:00,2026-01-18T23:00:00,2026-02-15T23:00:00,tensorflow,1344.0,42.0
2026-02-01 03:00:00,34.599998474121094,33.931602478027344,1.0,"Tema Community 7, Royal School",deep,lstm_mha,h672,2026-01-04T23:00:00,2026-01-18T23:00:00,2026-02-15T23:00:00,tensorflow,1344.0,42.0
2026-02-01 04:00:00,34.400001525878906,34.423858642578125,1.0,"Tema Community 7, Royal School",deep,lstm_mha,h672,2026-01-04T23:00:00,2026-01-18T23:00:00,2026-02-15T23:00:00,tensorflow,1344.0,42.0
2026-02-01 05:00:00,42.29999923706055,34.55773162841797,1.0,"Tema Community 7, Royal School",deep,lstm_mha,h672,2026-01-04T23:00:00,2026-01-18T23:00:00,2026-02-15T23:00:00,tensorflow,1344.0,42.0
2026-02-01 06:00:00,60.400001525878906,34.7261962890625,1.0,"Tema Community 7, Royal School",deep,lstm_mha,h672,2026-01-04T23:00:00,2026-01-18T23:00:00,2026-02-15T23:00:00,tensorflow,1344.0,42.0
2026-02-01 07:00:00,61.900001525878906,34.23929214477539,1.0,"Tema Community 7, Royal School",deep,lstm_mha,h672,2026-01-04T23:00:00,2026-01-18T23:00:00,2026-02-15T23:00:00,tensorflow,1344.0,42.0
2026-02-01 08:00:00,56.20000076293945,33.184207916259766,1.0,"Tema Community 7, Royal School",deep,lstm_mha,h672,2026-01-04T23:00:00,2026-01-18T23:00:00,2026-02-15T23:00:00,tensorflow,1344.0,42.0
2026-02-01 09:00:00,46.29999923706055,32.50916290283203,1.0,"Tema Community 7, Royal School",deep,lstm_mha,h672,2026-01-04T23:00:00,2026-01-18T23:00:00,2026-02-15T23:00:00,tensorflow,1344.0,42.0
2026-02-01 10:00:00,44.099998474121094,31.11117935180664,1.0,"Tema Community 7, Royal School",deep,lstm_mha,h672,2026-01-04T23:00:00,2026-01-18T23:00:00,2026-02-15T23:00:00,tensorflow,1344.0,42.0
2026-02-01 11:00:00,36.400001525878906,30.516700744628906,1.0,"Tema Community 7, Royal School",deep,lstm_mha,h672,2026-01-04T23:00:00,2026-01-18T23:00:00,2026-02-15T23:00:00,tensorflow,1344.0,42.0
2026-02-01 12:00:00,34.400001525878906,30.213302612304688,1.0,"Tema Community 7, Royal School",deep,lstm_mha,h672,2026-01-04T23:00:00,2026-01-18T23:00:00,2026-02-15T23:00:00,tensorflow,1344.0,42.0
2026-02-01 13:00:00,33.900001525878906,29.976655960083008,1.0,"Tema Community 7, Royal School",deep,lstm_mha,h672,2026-01-04T23:00:00,2026-01-18T23:00:00,2026-02-15T23:00:00,tensorflow,1344.0,42.0
2026-02-01 14:00:00,31.799999237060547,29.764461517333984,1.0,"Tema Community 7, Royal School",deep,lstm_mha,h672,2026-01-04T23:00:00,2026-01-18T23:00:00,2026-02-15T23:00:00,tensorflow,1344.0,42.0
2026-02-01 15:00:00,38.70000076293945,29.9329833984375,1.0,"Tema Community 7, Royal School",deep,lstm_mha,h672,2026-01-04T23:00:00,2026-01-18T23:00:00,2026-02-15T23:00:00,tensorflow,1344.0,42.0
2026-02-01 16:00:00,36.29999923706055,29.988967895507812,1.0,"Tema Community 7, Royal School",deep,lstm_mha,h672,2026-01-04T23:00:00,2026-01-18T23:00:00,2026-02-15T23:00:00,tensorflow,1344.0,42.0
2026-02-01 17:00:00,41.29999923706055,30.35206413269043,1.0,"Tema Community 7, Royal School",deep,lstm_mha,h672,2026-01-04T23:00:00,2026-01-18T23:00:00,2026-02-15T23:00:00,tensorflow,1344.0,42.0
2026-02-01 18:00:00,46.20000076293945,30.92064666748047,1.0,"Tema Community 7, Royal School",deep,lstm_mha,h672,2026-01-04T23:00:00,2026-01-18T23:00:00,2026-02-15T23:00:00,tensorflow,1344.0,42.0
2026-02-01 19:00:00,51.900001525878906,31.584102630615234,1.0,"Tema Community 7, Royal School",deep,lstm_mha,h672,2026-01-04T23:00:00,2026-01-18T23:00:00,2026-02-15T23:00:00,tensorflow,1344.0,42.0
2026-02-01 20:00:00,41.79999923706055,31.595773696899414,1.0,"Tema Community 7, Royal School",deep,lstm_mha,h672,2026-01-04T23:00:00,2026-01-18T23:00:00,2026-02-15T23:00:00,tensorflow,1344.0,42.0
2026-02-01 21:00:00,39.79999923706055,31.755159378051758,1.0,"Tema Community 7, Royal School",deep,lstm_mha,h672,2026-01-04T23:00:00,2026-01-18T23:00:00,2026-02-15T23:00:00,tensorflow,1344.0,42.0
2026-02-01 22:00:00,43.099998474121094,32.37771987915039,1.0,"Tema Community 7, Royal School",deep,lstm_mha,h672,2026-01-04T23:00:00,2026-01-18T23:00:00,2026-02-15T23:00:00,tensorflow,1344.0,42.0
2026-02-01 23:00:00,43.70000076293945,32.663848876953125,1.0,"Tema Community 7, Royal School",deep,lstm_mha,h672,2026-01-04T23:00:00,2026-01-18T23:00:00,2026-02-15T23:00:00,tensorflow,1344.0,42.0
2026-02-02 00:00:00,48.29999923706055,32.80801773071289,1.0,"Tema Community 7, Royal School",deep,lstm_mha,h672,2026-01-04T23:00:00,2026-01-18T23:00:00,2026-02-15T23:00:00,tensorflow,1344.0,42.0
2026-02-02 01:00:00,34.900001525878906,33.21416091918945,1.0,"Tema Community 7, Royal School",deep,lstm_mha,h672,2026-01-04T23:00:00,2026-01-18T23:00:00,2026-02-15T23:00:00,tensorflow,1344.0,42.0
2026-02-02 02:00:00,38.20000076293945,34.05012893676758,1.0,"Tema Community 7, Royal School",deep,lstm_mha,h672,2026-01-04T23:00:00,2026-01-18T23:00:00,2026-02-15T23:00:00,tensorflow,1344.0,42.0
2026-02-02 03:00:00,66.5999984741211,33.82858657836914,1.0,"Tema Community 7, Royal School",deep,lstm_mha,h672,2026-01-04T23:00:00,2026-01-18T23:00:00,2026-02-15T23:00:00,tensorflow,1344.0,42.0
2026-02-02 04:00:00,47.0,33.92697525024414,1.0,"Tema Community 7, Royal School",deep,lstm_mha,h672,2026-01-04T23:00:00,2026-01-18T23:00:00,2026-02-15T23:00:00,tensorflow,1344.0,42.0
2026-02-02 05:00:00,52.79999923706055,33.922584533691406,1.0,"Tema Community 7, Royal School",deep,lstm_mha,h672,2026-01-04T23:00:00,2026-01-18T23:00:00,2026-02-15T23:00:00,tensorflow,1344.0,42.0
2026-02-02 06:00:00,73.80000305175781,34.231693267822266,1.0,"Tema Community 7, Royal School",deep,lstm_mha,h672,2026-01-04T23:00:00,2026-01-18T23:00:00,2026-02-15T23:00:00,tensorflow,1344.0,42.0
2026-02-02 07:00:00,55.599998474121094,34.00823974609375,1.0,"Tema Community 7, Royal School",deep,lstm_mha,h672,2026-01-04T23:00:00,2026-01-18T23:00:00,2026-02-15T23:00:00,tensorflow,1344.0,42.0
2026-02-02 08:00:00,69.69999694824219,32.90468215942383,1.0,"Tema Community 7, Royal School",deep,lstm_mha,h672,2026-01-04T23:00:00,2026-01-18T23:00:00,2026-02-15T23:00:00,tensorflow,1344.0,42.0
2026-02-02 09:00:00,46.099998474121094,32.294334411621094,1.0,"Tema Community 7, Royal School",deep,lstm_mha,h672,2026-01-04T23:00:00,2026-01-18T23:00:00,2026-02-15T23:00:00,tensorflow,1344.0,42.0
2026-02-02 10:00:00,34.900001525878906,31.718036651611328,1.0,"Tema Community 7, Royal School",deep,lstm_mha,h672,2026-01-04T23:00:00,2026-01-18T23:00:00,2026-02-15T23:00:00,tensorflow,1344.0,42.0
2026-02-02 11:00:00,31.100000381469727,31.105588912963867,1.0,"Tema Community 7, Royal School",deep,lstm_mha,h672,2026-01-04T23:00:00,2026-01-18T23:00:00,2026-02-15T23:00:00,tensorflow,1344.0,42.0
2026-02-02 12:00:00,29.899999618530273,30.794601440429688,1.0,"Tema Community 7, Royal School",deep,lstm_mha,h672,2026-01-04T23:00:00,2026-01-18T23:00:00,2026-02-15T23:00:00,tensorflow,1344.0,42.0
2026-02-02 13:00:00,28.899999618530273,30.563213348388672,1.0,"Tema Community 7, Royal School",deep,lstm_mha,h672,2026-01-04T23:00:00,2026-01-18T23:00:00,2026-02-15T23:00:00,tensorflow,1344.0,42.0
2026-02-02 14:00:00,30.399999618530273,30.448694229125977,1.0,"Tema Community 7, Royal School",deep,lstm_mha,h672,2026-01-04T23:00:00,2026-01-18T23:00:00,2026-02-15T23:00:00,tensorflow,1344.0,42.0
2026-02-02 15:00:00,37.099998474121094,30.88778305053711,1.0,"Tema Community 7, Royal School",deep,lstm_mha,h672,2026-01-04T23:00:00,2026-01-18T23:00:00,2026-02-15T23:00:00,tensorflow,1344.0,42.0
2026-02-02 16:00:00,37.400001525878906,30.85848045349121,1.0,"Tema Community 7, Royal School",deep,lstm_mha,h672,2026-01-04T23:00:00,2026-01-18T23:00:00,2026-02-15T23:00:00,tensorflow,1344.0,42.0
2026-02-02 17:00:00,36.70000076293945,31.152063369750977,1.0,"Tema Community 7, Royal School",deep,lstm_mha,h672,2026-01-04T23:00:00,2026-01-18T23:00:00,2026-02-15T23:00:00,tensorflow,1344.0,42.0
2026-02-02 18:00:00,44.099998474121094,31.634523391723633,1.0,"Tema Community 7, Royal School",deep,lstm_mha,h672,2026-01-04T23:00:00,2026-01-18T23:00:00,2026-02-15T23:00:00,tensorflow,1344.0,42.0
2026-02-02 19:00:00,60.5,31.835941314697266,1.0,"Tema Community 7, Royal School",deep,lstm_mha,h672,2026-01-04T23:00:00,2026-01-18T23:00:00,2026-02-15T23:00:00,tensorflow,1344.0,42.0
2026-02-02 20:00:00,38.900001525878906,31.95096206665039,1.0,"Tema Community 7, Royal School",deep,lstm_mha,h672,2026-01-04T23:00:00,2026-01-18T23:00:00,2026-02-15T23:00:00,tensorflow,1344.0,42.0
2026-02-02 21:00:00,42.599998474121094,32.01311492919922,1.0,"Tema Community 7, Royal School",deep,lstm_mha,h672,2026-01-04T23:00:00,2026-01-18T23:00:00,2026-02-15T23:00:00,tensorflow,1344.0,42.0
2026-02-02 22:00:00,50.5,32.211639404296875,1.0,"Tema Community 7, Royal School",deep,lstm_mha,h672,2026-01-04T23:00:00,2026-01-18T23:00:00,2026-02-15T23:00:00,tensorflow,1344.0,42.0
2026-02-02 23:00:00,59.70000076293945,32.17570877075195,1.0,"Tema Community 7, Royal School",deep,lstm_mha,h672,2026-01-04T23:00:00,2026-01-18T23:00:00,2026-02-15T23:00:00,tensorflow,1344.0,42.0
2026-02-03 00:00:00,56.70000076293945,32.28693771362305,1.0,"Tema Community 7, Royal School",deep,lstm_mha,h672,2026-01-04T23:00:00,2026-01-18T23:00:00,2026-02-15T23:00:00,tensorflow,1344.0,42.0
2026-02-03 01:00:00,76.9000015258789,32.69276428222656,1.0,"Tema Community 7, Royal School",deep,lstm_mha,h672,2026-01-04T23:00:00,2026-01-18T23:00:00,2026-02-15T23:00:00,tensorflow,1344.0,42.0
2026-02-03 02:00:00,49.900001525878906,33.00244903564453,1.0,"Tema Community 7, Royal School",deep,lstm_mha,h672,2026-01-04T23:00:00,2026-01-18T23:00:00,2026-02-15T23:00:00,tensorflow,1344.0,42.0
2026-02-03 03:00:00,43.20000076293945,33.419349670410156,1.0,"Tema Community 7, Royal School",deep,lstm_mha,h672,2026-01-04T23:00:00,2026-01-18T23:00:00,2026-02-15T23:00:00,tensorflow,1344.0,42.0
2026-02-03 04:00:00,42.79999923706055,33.634552001953125,1.0,"Tema Community 7, Royal School",deep,lstm_mha,h672,2026-01-04T23:00:00,2026-01-18T23:00:00,2026-02-15T23:00:00,tensorflow,1344.0,42.0
2026-02-03 05:00:00,49.900001525878906,33.94321060180664,1.0,"Tema Community 7, Royal School",deep,lstm_mha,h672,2026-01-04T23:00:00,2026-01-18T23:00:00,2026-02-15T23:00:00,tensorflow,1344.0,42.0
2026-02-03 06:00:00,51.79999923706055,34.40943145751953,1.0,"Tema Community 7, Royal School",deep,lstm_mha,h672,2026-01-04T23:00:00,2026-01-18T23:00:00,2026-02-15T23:00:00,tensorflow,1344.0,42.0
2026-02-03 07:00:00,61.29999923706055,34.09834671020508,1.0,"Tema Community 7, Royal School",deep,lstm_mha,h672,2026-01-04T23:00:00,2026-01-18T23:00:00,2026-02-15T23:00:00,tensorflow,1344.0,42.0
2026-02-03 08:00:00,37.79999923706055,33.28025817871094,1.0,"Tema Community 7, Royal School",deep,lstm_mha,h672,2026-01-04T23:00:00,2026-01-18T23:00:00,2026-02-15T23:00:00,tensorflow,1344.0,42.0
2026-02-03 09:00:00,43.099998474121094,32.38127517700195,1.0,"Tema Community 7, Royal School",deep,lstm_mha,h672,2026-01-04T23:00:00,2026-01-18T23:00:00,2026-02-15T23:00:00,tensorflow,1344.0,42.0
2026-02-03 10:00:00,41.599998474121094,31.86858367919922,1.0,"Tema Community 7, Royal School",deep,lstm_mha,h672,2026-01-04T23:00:00,2026-01-18T23:00:00,2026-02-15T23:00:00,tensorflow,1344.0,42.0
2026-02-03 11:00:00,47.400001525878906,31.67818832397461,1.0,"Tema Community 7, Royal School",deep,lstm_mha,h672,2026-01-04T23:00:00,2026-01-18T23:00:00,2026-02-15T23:00:00,tensorflow,1344.0,42.0
2026-02-03 12:00:00,36.70000076293945,31.451528549194336,1.0,"Tema Community 7, Royal School",deep,lstm_mha,h672,2026-01-04T23:00:00,2026-01-18T23:00:00,2026-02-15T23:00:00,tensorflow,1344.0,42.0
2026-02-03 13:00:00,36.900001525878906,31.066436767578125,1.0,"Tema Community 7, Royal School",deep,lstm_mha,h672,2026-01-04T23:00:00,2026-01-18T23:00:00,2026-02-15T23:00:00,tensorflow,1344.0,42.0
2026-02-03 14:00:00,36.20000076293945,30.786985397338867,1.0,"Tema Community 7, Royal School",deep,lstm_mha,h672,2026-01-04T23:00:00,2026-01-18T23:00:00,2026-02-15T23:00:00,tensorflow,1344.0,42.0
2026-02-03 15:00:00,39.400001525878906,31.347126007080078,1.0,"Tema Community 7, Royal School",deep,lstm_mha,h672,2026-01-04T23:00:00,2026-01-18T23:00:00,2026-02-15T23:00:00,tensorflow,1344.0,42.0
2026-02-03 16:00:00,35.70000076293945,31.348285675048828,1.0,"Tema Community 7, Royal School",deep,lstm_mha,h672,2026-01-04T23:00:00,2026-01-18T23:00:00,2026-02-15T23:00:00,tensorflow,1344.0,42.0
2026-02-03 17:00:00,30.899999618530273,31.668094635009766,1.0,"Tema Community 7, Royal School",deep,lstm_mha,h672,2026-01-04T23:00:00,2026-01-18T23:00:00,2026-02-15T23:00:00,tensorflow,1344.0,42.0
2026-02-03 18:00:00,41.099998474121094,31.93791961669922,1.0,"Tema Community 7, Royal School",deep,lstm_mha,h672,2026-01-04T23:00:00,2026-01-18T23:00:00,2026-02-15T23:00:00,tensorflow,1344.0,42.0
2026-02-03 19:00:00,51.29999923706055,31.994462966918945,1.0,"Tema Community 7, Royal School",deep,lstm_mha,h672,2026-01-04T23:00:00,2026-01-18T23:00:00,2026-02-15T23:00:00,tensorflow,1344.0,42.0
2026-02-03 20:00:00,71.80000305175781,32.10200500488281,1.0,"Tema Community 7, Royal School",deep,lstm_mha,h672,2026-01-04T23:00:00,2026-01-18T23:00:00,2026-02-15T23:00:00,tensorflow,1344.0,42.0
2026-02-03 21:00:00,70.5999984741211,32.281951904296875,1.0,"Tema Community 7, Royal School",deep,lstm_mha,h672,2026-01-04T23:00:00,2026-01-18T23:00:00,2026-02-15T23:00:00,tensorflow,1344.0,42.0
2026-02-03 22:00:00,51.900001525878906,32.40505599975586,1.0,"Tema Community 7, Royal School",deep,lstm_mha,h672,2026-01-04T23:00:00,2026-01-18T23:00:00,2026-02-15T23:00:00,tensorflow,1344.0,42.0
2026-02-03 23:00:00,44.099998474121094,32.58060836791992,1.0,"Tema Community 7, Royal School",deep,lstm_mha,h672,2026-01-04T23:00:00,2026-01-18T23:00:00,2026-02-15T23:00:00,tensorflow,1344.0,42.0
2026-02-04 00:00:00,54.29999923706055,32.50745391845703,1.0,"Tema Community 7, Royal School",deep,lstm_mha,h672,2026-01-04T23:00:00,2026-01-18T23:00:00,2026-02-15T23:00:00,tensorflow,1344.0,42.0
2026-02-04 01:00:00,41.900001525878906,32.71002960205078,1.0,"Tema Community 7, Royal School",deep,lstm_mha,h672,2026-01-04T23:00:00,2026-01-18T23:00:00,2026-02-15T23:00:00,tensorflow,1344.0,42.0
2026-02-04 02:00:00,37.29999923706055,32.916500091552734,1.0,"Tema Community 7, Royal School",deep,lstm_mha,h672,2026-01-04T23:00:00,2026-01-18T23:00:00,2026-02-15T23:00:00,tensorflow,1344.0,42.0
2026-02-04 03:00:00,44.29999923706055,33.1732063293457,1.0,"Tema Community 7, Royal School",deep,lstm_mha,h672,2026-01-04T23:00:00,2026-01-18T23:00:00,2026-02-15T23:00:00,tensorflow,1344.0,42.0
2026-02-04 04:00:00,55.400001525878906,33.439476013183594,1.0,"Tema Community 7, Royal School",deep,lstm_mha,h672,2026-01-04T23:00:00,2026-01-18T23:00:00,2026-02-15T23:00:00,tensorflow,1344.0,42.0
2026-02-04 05:00:00,86.9000015258789,33.81023406982422,1.0,"Tema Community 7, Royal School",deep,lstm_mha,h672,2026-01-04T23:00:00,2026-01-18T23:00:00,2026-02-15T23:00:00,tensorflow,1344.0,42.0
2026-02-04 06:00:00,93.5999984741211,34.58134460449219,1.0,"Tema Community 7, Royal School",deep,lstm_mha,h672,2026-01-04T23:00:00,2026-01-18T23:00:00,2026-02-15T23:00:00,tensorflow,1344.0,42.0
2026-02-04 07:00:00,86.0999984741211,34.596710205078125,1.0,"Tema Community 7, Royal School",deep,lstm_mha,h672,2026-01-04T23:00:00,2026-01-18T23:00:00,2026-02-15T23:00:00,tensorflow,1344.0,42.0
2026-02-04 08:00:00,62.20000076293945,33.8121337890625,1.0,"Tema Community 7, Royal School",deep,lstm_mha,h672,2026-01-04T23:00:00,2026-01-18T23:00:00,2026-02-15T23:00:00,tensorflow,1344.0,42.0
2026-02-04 09:00:00,68.5999984741211,33.104862213134766,1.0,"Tema Community 7, Royal School",deep,lstm_mha,h672,2026-01-04T23:00:00,2026-01-18T23:00:00,2026-02-15T23:00:00,tensorflow,1344.0,42.0
2026-02-04 10:00:00,53.20000076293945,32.57372283935547,1.0,"Tema Community 7, Royal School",deep,lstm_mha,h672,2026-01-04T23:00:00,2026-01-18T23:00:00,2026-02-15T23:00:00,tensorflow,1344.0,42.0
2026-02-04 11:00:00,54.599998474121094,32.026336669921875,1.0,"Tema Community 7, Royal School",deep,lstm_mha,h672,2026-01-04T23:00:00,2026-01-18T23:00:00,2026-02-15T23:00:00,tensorflow,1344.0,42.0
2026-02-04 12:00:00,38.29999923706055,31.6391658782959,1.0,"Tema Community 7, Royal School",deep,lstm_mha,h672,2026-01-04T23:00:00,2026-01-18T23:00:00,2026-02-15T23:00:00,tensorflow,1344.0,42.0
2026-02-04 13:00:00,35.400001525878906,31.278127670288086,1.0,"Tema Community 7, Royal School",deep,lstm_mha,h672,2026-01-04T23:00:00,2026-01-18T23:00:00,2026-02-15T23:00:00,tensorflow,1344.0,42.0
2026-02-04 14:00:00,32.599998474121094,31.04664421081543,1.0,"Tema Community 7, Royal School",deep,lstm_mha,h672,2026-01-04T23:00:00,2026-01-18T23:00:00,2026-02-15T23:00:00,tensorflow,1344.0,42.0
2026-02-04 15:00:00,31.200000762939453,31.542530059814453,1.0,"Tema Community 7, Royal School",deep,lstm_mha,h672,2026-01-04T23:00:00,2026-01-18T23:00:00,2026-02-15T23:00:00,tensorflow,1344.0,42.0
2026-02-04 16:00:00,24.0,31.755090713500977,1.0,"Tema Community 7, Royal School",deep,lstm_mha,h672,2026-01-04T23:00:00,2026-01-18T23:00:00,2026-02-15T23:00:00,tensorflow,1344.0,42.0
2026-02-04 17:00:00,27.600000381469727,32.23032760620117,1.0,"Tema Community 7, Royal School",deep,lstm_mha,h672,2026-01-04T23:00:00,2026-01-18T23:00:00,2026-02-15T23:00:00,tensorflow,1344.0,42.0
2026-02-04 18:00:00,26.200000762939453,32.540279388427734,1.0,"Tema Community 7, Royal School",deep,lstm_mha,h672,2026-01-04T23:00:00,2026-01-18T23:00:00,2026-02-15T23:00:00,tensorflow,1344.0,42.0
2026-02-04 19:00:00,26.100000381469727,32.67127990722656,1.0,"Tema Community 7, Royal School",deep,lstm_mha,h672,2026-01-04T23:00:00,2026-01-18T23:00:00,2026-02-15T23:00:00,tensorflow,1344.0,42.0
2026-02-04 20:00:00,17.600000381469727,32.513710021972656,1.0,"Tema Community 7, Royal School",deep,lstm_mha,h672,2026-01-04T23:00:00,2026-01-18T23:00:00,2026-02-15T23:00:00,tensorflow,1344.0,42.0
2026-02-04 21:00:00,26.799999237060547,32.528499603271484,1.0,"Tema Community 7, Royal School",deep,lstm_mha,h672,2026-01-04T23:00:00,2026-01-18T23:00:00,2026-02-15T23:00:00,tensorflow,1344.0,42.0
2026-02-04 22:00:00,31.399999618530273,32.72062683105469,1.0,"Tema Community 7, Royal School",deep,lstm_mha,h672,2026-01-04T23:00:00,2026-01-18T23:00:00,2026-02-15T23:00:00,tensorflow,1344.0,42.0
2026-02-04 23:00:00,41.79999923706055,33.047489166259766,1.0,"Tema Community 7, Royal School",deep,lstm_mha,h672,2026-01-04T23:00:00,2026-01-18T23:00:00,2026-02-15T23:00:00,tensorflow,1344.0,42.0
2026-02-05 00:00:00,42.20000076293945,33.64048385620117,1.0,"Tema Community 7, Royal School",deep,lstm_mha,h672,2026-01-04T23:00:00,2026-01-18T23:00:00,2026-02-15T23:00:00,tensorflow,1344.0,42.0
2026-02-05 01:00:00,52.70000076293945,33.906829833984375,1.0,"Tema Community 7, Royal School",deep,lstm_mha,h672,2026-01-04T23:00:00,2026-01-18T23:00:00,2026-02-15T23:00:00,tensorflow,1344.0,42.0
2026-02-05 02:00:00,46.20000076293945,33.99293518066406,1.0,"Tema Community 7, Royal School",deep,lstm_mha,h672,2026-01-04T23:00:00,2026-01-18T23:00:00,2026-02-15T23:00:00,tensorflow,1344.0,42.0
2026-02-05 03:00:00,41.29999923706055,34.212646484375,1.0,"Tema Community 7, Royal School",deep,lstm_mha,h672,2026-01-04T23:00:00,2026-01-18T23:00:00,2026-02-15T23:00:00,tensorflow,1344.0,42.0
2026-02-05 04:00:00,36.599998474121094,34.061241149902344,1.0,"Tema Community 7, Royal School",deep,lstm_mha,h672,2026-01-04T23:00:00,2026-01-18T23:00:00,2026-02-15T23:00:00,tensorflow,1344.0,42.0
2026-02-05 05:00:00,54.70000076293945,34.13810348510742,1.0,"Tema Community 7, Royal School",deep,lstm_mha,h672,2026-01-04T23:00:00,2026-01-18T23:00:00,2026-02-15T23:00:00,tensorflow,1344.0,42.0
2026-02-05 06:00:00,62.29999923706055,34.34220504760742,1.0,"Tema Community 7, Royal School",deep,lstm_mha,h672,2026-01-04T23:00:00,2026-01-18T23:00:00,2026-02-15T23:00:00,tensorflow,1344.0,42.0
2026-02-05 07:00:00,44.900001525878906,34.134796142578125,1.0,"Tema Community 7, Royal School",deep,lstm_mha,h672,2026-01-04T23:00:00,2026-01-18T23:00:00,2026-02-15T23:00:00,tensorflow,1344.0,42.0
2026-02-05 08:00:00,33.599998474121094,33.553462982177734,1.0,"Tema Community 7, Royal School",deep,lstm_mha,h672,2026-01-04T23:00:00,2026-01-18T23:00:00,2026-02-15T23:00:00,tensorflow,1344.0,42.0
2026-02-05 09:00:00,27.200000762939453,33.035945892333984,1.0,"Tema Community 7, Royal School",deep,lstm_mha,h672,2026-01-04T23:00:00,2026-01-18T23:00:00,2026-02-15T23:00:00,tensorflow,1344.0,42.0
2026-02-05 10:00:00,22.299999237060547,32.47383117675781,1.0,"Tema Community 7, Royal School",deep,lstm_mha,h672,2026-01-04T23:00:00,2026-01-18T23:00:00,2026-02-15T23:00:00,tensorflow,1344.0,42.0
2026-02-05 11:00:00,19.5,31.816194534301758,1.0,"Tema Community 7, Royal School",deep,lstm_mha,h672,2026-01-04T23:00:00,2026-01-18T23:00:00,2026-02-15T23:00:00,tensorflow,1344.0,42.0
2026-02-05 12:00:00,20.5,31.160356521606445,1.0,"Tema Community 7, Royal School",deep,lstm_mha,h672,2026-01-04T23:00:00,2026-01-18T23:00:00,2026-02-15T23:00:00,tensorflow,1344.0,42.0
2026-02-05 13:00:00,19.700000762939453,30.974609375,1.0,"Tema Community 7, Royal School",deep,lstm_mha,h672,2026-01-04T23:00:00,2026-01-18T23:00:00,2026-02-15T23:00:00,tensorflow,1344.0,42.0
2026-02-05 14:00:00,23.200000762939453,30.930822372436523,1.0,"Tema Community 7, Royal School",deep,lstm_mha,h672,2026-01-04T23:00:00,2026-01-18T23:00:00,2026-02-15T23:00:00,tensorflow,1344.0,42.0
2026-02-05 15:00:00,36.70000076293945,31.042688369750977,1.0,"Tema Community 7, Royal School",deep,lstm_mha,h672,2026-01-04T23:00:00,2026-01-18T23:00:00,2026-02-15T23:00:00,tensorflow,1344.0,42.0
2026-02-05 16:00:00,30.799999237060547,31.133962631225586,1.0,"Tema Community 7, Royal School",deep,lstm_mha,h672,2026-01-04T23:00:00,2026-01-18T23:00:00,2026-02-15T23:00:00,tensorflow,1344.0,42.0
2026-02-05 17:00:00,27.899999618530273,31.61373519897461,1.0,"Tema Community 7, Royal School",deep,lstm_mha,h672,2026-01-04T23:00:00,2026-01-18T23:00:00,2026-02-15T23:00:00,tensorflow,1344.0,42.0
2026-02-05 18:00:00,28.100000381469727,32.09709167480469,1.0,"Tema Community 7, Royal School",deep,lstm_mha,h672,2026-01-04T23:00:00,2026-01-18T23:00:00,2026-02-15T23:00:00,tensorflow,1344.0,42.0
2026-02-05 19:00:00,31.200000762939453,32.376197814941406,1.0,"Tema Community 7, Royal School",deep,lstm_mha,h672,2026-01-04T23:00:00,2026-01-18T23:00:00,2026-02-15T23:00:00,tensorflow,1344.0,42.0
2026-02-05 20:00:00,44.400001525878906,32.47185516357422,1.0,"Tema Community 7, Royal School",deep,lstm_mha,h672,2026-01-04T23:00:00,2026-01-18T23:00:00,2026-02-15T23:00:00,tensorflow,1344.0,42.0
2026-02-05 21:00:00,27.899999618530273,32.615962982177734,1.0,"Tema Community 7, Royal School",deep,lstm_mha,h672,2026-01-04T23:00:00,2026-01-18T23:00:00,2026-02-15T23:00:00,tensorflow,1344.0,42.0
2026-02-05 22:00:00,25.600000381469727,32.998966217041016,1.0,"Tema Community 7, Royal School",deep,lstm_mha,h672,2026-01-04T23:00:00,2026-01-18T23:00:00,2026-02-15T23:00:00,tensorflow,1344.0,42.0
2026-02-05 23:00:00,26.700000762939453,33.304100036621094,1.0,"Tema Community 7, Royal School",deep,lstm_mha,h672,2026-01-04T23:00:00,2026-01-18T23:00:00,2026-02-15T23:00:00,tensorflow,1344.0,42.0
2026-02-06 00:00:00,25.200000762939453,33.370426177978516,1.0,"Tema Community 7, Royal School",deep,lstm_mha,h672,2026-01-04T23:00:00,2026-01-18T23:00:00,2026-02-15T23:00:00,tensorflow,1344.0,42.0
2026-02-06 01:00:00,22.5,33.39418411254883,1.0,"Tema Community 7, Royal School",deep,lstm_mha,h672,2026-01-04T23:00:00,2026-01-18T23:00:00,2026-02-15T23:00:00,tensorflow,1344.0,42.0
2026-02-06 02:00:00,21.799999237060547,33.4963264465332,1.0,"Tema Community 7, Royal School",deep,lstm_mha,h672,2026-01-04T23:00:00,2026-01-18T23:00:00,2026-02-15T23:00:00,tensorflow,1344.0,42.0
2026-02-06 03:00:00,29.899999618530273,33.61595153808594,1.0,"Tema Community 7, Royal School",deep,lstm_mha,h672,2026-01-04T23:00:00,2026-01-18T23:00:00,2026-02-15T23:00:00,tensorflow,1344.0,42.0
2026-02-06 04:00:00,31.299999237060547,33.633323669433594,1.0,"Tema Community 7, Royal School",deep,lstm_mha,h672,2026-01-04T23:00:00,2026-01-18T23:00:00,2026-02-15T23:00:00,tensorflow,1344.0,42.0
2026-02-06 05:00:00,34.20000076293945,34.07867431640625,1.0,"Tema Community 7, Royal School",deep,lstm_mha,h672,2026-01-04T23:00:00,2026-01-18T23:00:00,2026-02-15T23:00:00,tensorflow,1344.0,42.0
2026-02-06 06:00:00,67.80000305175781,34.53510284423828,1.0,"Tema Community 7, Royal School",deep,lstm_mha,h672,2026-01-04T23:00:00,2026-01-18T23:00:00,2026-02-15T23:00:00,tensorflow,1344.0,42.0
2026-02-06 07:00:00,74.9000015258789,34.20640563964844,1.0,"Tema Community 7, Royal School",deep,lstm_mha,h672,2026-01-04T23:00:00,2026-01-18T23:00:00,2026-02-15T23:00:00,tensorflow,1344.0,42.0
2026-02-06 08:00:00,43.400001525878906,33.58134841918945,1.0,"Tema Community 7, Royal School",deep,lstm_mha,h672,2026-01-04T23:00:00,2026-01-18T23:00:00,2026-02-15T23:00:00,tensorflow,1344.0,42.0
2026-02-06 09:00:00,36.29999923706055,32.86543655395508,1.0,"Tema Community 7, Royal School",deep,lstm_mha,h672,2026-01-04T23:00:00,2026-01-18T23:00:00,2026-02-15T23:00:00,tensorflow,1344.0,42.0
2026-02-06 10:00:00,29.799999237060547,32.53551483154297,1.0,"Tema Community 7, Royal School",deep,lstm_mha,h672,2026-01-04T23:00:00,2026-01-18T23:00:00,2026-02-15T23:00:00,tensorflow,1344.0,42.0
2026-02-06 11:00:00,22.899999618530273,32.09895324707031,1.0,"Tema Community 7, Royal School",deep,lstm_mha,h672,2026-01-04T23:00:00,2026-01-18T23:00:00,2026-02-15T23:00:00,tensorflow,1344.0,42.0
2026-02-06 12:00:00,22.299999237060547,32.29751205444336,1.0,"Tema Community 7, Royal School",deep,lstm_mha,h672,2026-01-04T23:00:00,2026-01-18T23:00:00,2026-02-15T23:00:00,tensorflow,1344.0,42.0
2026-02-06 13:00:00,19.5,31.55971336364746,1.0,"Tema Community 7, Royal School",deep,lstm_mha,h672,2026-01-04T23:00:00,2026-01-18T23:00:00,2026-02-15T23:00:00,tensorflow,1344.0,42.0
2026-02-06 14:00:00,21.5,31.42995834350586,1.0,"Tema Community 7, Royal School",deep,lstm_mha,h672,2026-01-04T23:00:00,2026-01-18T23:00:00,2026-02-15T23:00:00,tensorflow,1344.0,42.0
2026-02-06 15:00:00,22.799999237060547,31.502042770385742,1.0,"Tema Community 7, Royal School",deep,lstm_mha,h672,2026-01-04T23:00:00,2026-01-18T23:00:00,2026-02-15T23:00:00,tensorflow,1344.0,42.0
2026-02-06 16:00:00,22.899999618530273,31.10263442993164,1.0,"Tema Community 7, Royal School",deep,lstm_mha,h672,2026-01-04T23:00:00,2026-01-18T23:00:00,2026-02-15T23:00:00,tensorflow,1344.0,42.0
2026-02-06 17:00:00,31.5,31.34418296813965,1.0,"Tema Community 7, Royal School",deep,lstm_mha,h672,2026-01-04T23:00:00,2026-01-18T23:00:00,2026-02-15T23:00:00,tensorflow,1344.0,42.0
2026-02-06 18:00:00,37.599998474121094,32.33175277709961,1.0,"Tema Community 7, Royal School",deep,lstm_mha,h672,2026-01-04T23:00:00,2026-01-18T23:00:00,2026-02-15T23:00:00,tensorflow,1344.0,42.0
2026-02-06 19:00:00,31.700000762939453,33.05697250366211,1.0,"Tema Community 7, Royal School",deep,lstm_mha,h672,2026-01-04T23:00:00,2026-01-18T23:00:00,2026-02-15T23:00:00,tensorflow,1344.0,42.0
2026-02-06 20:00:00,46.29999923706055,33.499454498291016,1.0,"Tema Community 7, Royal School",deep,lstm_mha,h672,2026-01-04T23:00:00,2026-01-18T23:00:00,2026-02-15T23:00:00,tensorflow,1344.0,42.0
2026-02-06 21:00:00,30.5,33.403541564941406,1.0,"Tema Community 7, Royal School",deep,lstm_mha,h672,2026-01-04T23:00:00,2026-01-18T23:00:00,2026-02-15T23:00:00,tensorflow,1344.0,42.0
2026-02-06 22:00:00,39.0,33.891387939453125,1.0,"Tema Community 7, Royal School",deep,lstm_mha,h672,2026-01-04T23:00:00,2026-01-18T23:00:00,2026-02-15T23:00:00,tensorflow,1344.0,42.0
2026-02-06 23:00:00,28.100000381469727,33.69656753540039,1.0,"Tema Community 7, Royal School",deep,lstm_mha,h672,2026-01-04T23:00:00,2026-01-18T23:00:00,2026-02-15T23:00:00,tensorflow,1344.0,42.0
2026-02-07 00:00:00,29.700000762939453,33.83356475830078,1.0,"Tema Community 7, Royal School",deep,lstm_mha,h672,2026-01-04T23:00:00,2026-01-18T23:00:00,2026-02-15T23:00:00,tensorflow,1344.0,42.0
2026-02-07 01:00:00,29.600000381469727,33.704200744628906,1.0,"Tema Community 7, Royal School",deep,lstm_mha,h672,2026-01-04T23:00:00,2026-01-18T23:00:00,2026-02-15T23:00:00,tensorflow,1344.0,42.0
2026-02-07 02:00:00,29.799999237060547,33.863861083984375,1.0,"Tema Community 7, Royal School",deep,lstm_mha,h672,2026-01-04T23:00:00,2026-01-18T23:00:00,2026-02-15T23:00:00,tensorflow,1344.0,42.0
2026-02-07 03:00:00,37.70000076293945,33.67091751098633,1.0,"Tema Community 7, Royal School",deep,lstm_mha,h672,2026-01-04T23:00:00,2026-01-18T23:00:00,2026-02-15T23:00:00,tensorflow,1344.0,42.0
2026-02-07 04:00:00,32.599998474121094,33.614593505859375,1.0,"Tema Community 7, Royal School",deep,lstm_mha,h672,2026-01-04T23:00:00,2026-01-18T23:00:00,2026-02-15T23:00:00,tensorflow,1344.0,42.0
2026-02-07 05:00:00,41.900001525878906,33.517208099365234,1.0,"Tema Community 7, Royal School",deep,lstm_mha,h672,2026-01-04T23:00:00,2026-01-18T23:00:00,2026-02-15T23:00:00,tensorflow,1344.0,42.0
2026-02-07 06:00:00,53.0,33.87498092651367,1.0,"Tema Community 7, Royal School",deep,lstm_mha,h672,2026-01-04T23:00:00,2026-01-18T23:00:00,2026-02-15T23:00:00,tensorflow,1344.0,42.0
2026-02-07 07:00:00,52.0,33.988304138183594,1.0,"Tema Community 7, Royal School",deep,lstm_mha,h672,2026-01-04T23:00:00,2026-01-18T23:00:00,2026-02-15T23:00:00,tensorflow,1344.0,42.0
2026-02-07 08:00:00,41.5,33.291507720947266,1.0,"Tema Community 7, Royal School",deep,lstm_mha,h672,2026-01-04T23:00:00,2026-01-18T23:00:00,2026-02-15T23:00:00,tensorflow,1344.0,42.0
2026-02-07 09:00:00,35.099998474121094,32.56417465209961,1.0,"Tema Community 7, Royal School",deep,lstm_mha,h672,2026-01-04T23:00:00,2026-01-18T23:00:00,2026-02-15T23:00:00,tensorflow,1344.0,42.0
2026-02-07 10:00:00,26.899999618530273,31.970949172973633,1.0,"Tema Community 7, Royal School",deep,lstm_mha,h672,2026-01-04T23:00:00,2026-01-18T23:00:00,2026-02-15T23:00:00,tensorflow,1344.0,42.0
2026-02-07 11:00:00,23.399999618530273,31.428741455078125,1.0,"Tema Community 7, Royal School",deep,lstm_mha,h672,2026-01-04T23:00:00,2026-01-18T23:00:00,2026-02-15T23:00:00,tensorflow,1344.0,42.0
2026-02-07 12:00:00,20.899999618530273,31.497791290283203,1.0,"Tema Community 7, Royal School",deep,lstm_mha,h672,2026-01-04T23:00:00,2026-01-18T23:00:00,2026-02-15T23:00:00,tensorflow,1344.0,42.0
2026-02-07 13:00:00,20.0,31.170949935913086,1.0,"Tema Community 7, Royal School",deep,lstm_mha,h672,2026-01-04T23:00:00,2026-01-18T23:00:00,2026-02-15T23:00:00,tensorflow,1344.0,42.0
2026-02-07 14:00:00,20.100000381469727,30.95954132080078,1.0,"Tema Community 7, Royal School",deep,lstm_mha,h672,2026-01-04T23:00:00,2026-01-18T23:00:00,2026-02-15T23:00:00,tensorflow,1344.0,42.0
2026-02-07 15:00:00,21.100000381469727,31.078598022460938,1.0,"Tema Community 7, Royal School",deep,lstm_mha,h672,2026-01-04T23:00:00,2026-01-18T23:00:00,2026-02-15T23:00:00,tensorflow,1344.0,42.0
2026-02-07 16:00:00,21.700000762939453,31.29169464111328,1.0,"Tema Community 7, Royal School",deep,lstm_mha,h672,2026-01-04T23:00:00,2026-01-18T23:00:00,2026-02-15T23:00:00,tensorflow,1344.0,42.0
2026-02-07 17:00:00,26.200000762939453,31.88679313659668,1.0,"Tema Community 7, Royal School",deep,lstm_mha,h672,2026-01-04T23:00:00,2026-01-18T23:00:00,2026-02-15T23:00:00,tensorflow,1344.0,42.0
2026-02-07 18:00:00,28.899999618530273,32.26896667480469,1.0,"Tema Community 7, Royal School",deep,lstm_mha,h672,2026-01-04T23:00:00,2026-01-18T23:00:00,2026-02-15T23:00:00,tensorflow,1344.0,42.0
2026-02-07 19:00:00,29.0,33.03319549560547,1.0,"Tema Community 7, Royal School",deep,lstm_mha,h672,2026-01-04T23:00:00,2026-01-18T23:00:00,2026-02-15T23:00:00,tensorflow,1344.0,42.0
2026-02-07 20:00:00,30.399999618530273,32.886871337890625,1.0,"Tema Community 7, Royal School",deep,lstm_mha,h672,2026-01-04T23:00:00,2026-01-18T23:00:00,2026-02-15T23:00:00,tensorflow,1344.0,42.0
2026-02-07 21:00:00,34.599998474121094,33.06037902832031,1.0,"Tema Community 7, Royal School",deep,lstm_mha,h672,2026-01-04T23:00:00,2026-01-18T23:00:00,2026-02-15T23:00:00,tensorflow,1344.0,42.0
2026-02-07 22:00:00,40.5,33.5169563293457,1.0,"Tema Community 7, Royal School",deep,lstm_mha,h672,2026-01-04T23:00:00,2026-01-18T23:00:00,2026-02-15T23:00:00,tensorflow,1344.0,42.0
2026-02-07 23:00:00,34.0,33.86832809448242,1.0,"Tema Community 7, Royal School",deep,lstm_mha,h672,2026-01-04T23:00:00,2026-01-18T23:00:00,2026-02-15T23:00:00,tensorflow,1344.0,42.0
2026-02-08 00:00:00,37.70000076293945,33.69009017944336,1.0,"Tema Community 7, Royal School",deep,lstm_mha,h672,2026-01-04T23:00:00,2026-01-18T23:00:00,2026-02-15T23:00:00,tensorflow,1344.0,42.0
2026-02-08 01:00:00,44.79999923706055,33.99833679199219,1.0,"Tema Community 7, Royal School",deep,lstm_mha,h672,2026-01-04T23:00:00,2026-01-18T23:00:00,2026-02-15T23:00:00,tensorflow,1344.0,42.0
2026-02-08 02:00:00,39.29999923706055,34.07759475708008,1.0,"Tema Community 7, Royal School",deep,lstm_mha,h672,2026-01-04T23:00:00,2026-01-18T23:00:00,2026-02-15T23:00:00,tensorflow,1344.0,42.0
2026-02-08 03:00:00,37.5,33.68681335449219,1.0,"Tema Community 7, Royal School",deep,lstm_mha,h672,2026-01-04T23:00:00,2026-01-18T23:00:00,2026-02-15T23:00:00,tensorflow,1344.0,42.0
2026-02-08 04:00:00,47.0,33.64409637451172,1.0,"Tema Community 7, Royal School",deep,lstm_mha,h672,2026-01-04T23:00:00,2026-01-18T23:00:00,2026-02-15T23:00:00,tensorflow,1344.0,42.0
2026-02-08 05:00:00,36.599998474121094,33.994850158691406,1.0,"Tema Community 7, Royal School",deep,lstm_mha,h672,2026-01-04T23:00:00,2026-01-18T23:00:00,2026-02-15T23:00:00,tensorflow,1344.0,42.0
2026-02-08 06:00:00,86.0999984741211,34.10331344604492,1.0,"Tema Community 7, Royal School",deep,lstm_mha,h672,2026-01-04T23:00:00,2026-01-18T23:00:00,2026-02-15T23:00:00,tensorflow,1344.0,42.0
2026-02-08 07:00:00,87.5999984741211,33.87492370605469,1.0,"Tema Community 7, Royal School",deep,lstm_mha,h672,2026-01-04T23:00:00,2026-01-18T23:00:00,2026-02-15T23:00:00,tensorflow,1344.0,42.0
2026-02-08 08:00:00,49.79999923706055,33.50346755981445,1.0,"Tema Community 7, Royal School",deep,lstm_mha,h672,2026-01-04T23:00:00,2026-01-18T23:00:00,2026-02-15T23:00:00,tensorflow,1344.0,42.0
2026-02-08 09:00:00,44.900001525878906,32.85376739501953,1.0,"Tema Community 7, Royal School",deep,lstm_mha,h672,2026-01-04T23:00:00,2026-01-18T23:00:00,2026-02-15T23:00:00,tensorflow,1344.0,42.0
2026-02-08 10:00:00,41.400001525878906,32.407649993896484,1.0,"Tema Community 7, Royal School",deep,lstm_mha,h672,2026-01-04T23:00:00,2026-01-18T23:00:00,2026-02-15T23:00:00,tensorflow,1344.0,42.0
2026-02-08 11:00:00,30.299999237060547,31.982765197753906,1.0,"Tema Community 7, Royal School",deep,lstm_mha,h672,2026-01-04T23:00:00,2026-01-18T23:00:00,2026-02-15T23:00:00,tensorflow,1344.0,42.0
2026-02-08 12:00:00,23.799999237060547,31.80630111694336,1.0,"Tema Community 7, Royal School",deep,lstm_mha,h672,2026-01-04T23:00:00,2026-01-18T23:00:00,2026-02-15T23:00:00,tensorflow,1344.0,42.0
2026-02-08 13:00:00,20.0,31.551694869995117,1.0,"Tema Community 7, Royal School",deep,lstm_mha,h672,2026-01-04T23:00:00,2026-01-18T23:00:00,2026-02-15T23:00:00,tensorflow,1344.0,42.0
2026-02-08 14:00:00,19.200000762939453,31.426420211791992,1.0,"Tema Community 7, Royal School",deep,lstm_mha,h672,2026-01-04T23:00:00,2026-01-18T23:00:00,2026-02-15T23:00:00,tensorflow,1344.0,42.0
2026-02-08 15:00:00,23.299999237060547,31.459646224975586,1.0,"Tema Community 7, Royal School",deep,lstm_mha,h672,2026-01-04T23:00:00,2026-01-18T23:00:00,2026-02-15T23:00:00,tensorflow,1344.0,42.0
2026-02-08 16:00:00,22.799999237060547,31.53333282470703,1.0,"Tema Community 7, Royal School",deep,lstm_mha,h672,2026-01-04T23:00:00,2026-01-18T23:00:00,2026-02-15T23:00:00,tensorflow,1344.0,42.0
2026-02-08 17:00:00,25.399999618530273,31.55600929260254,1.0,"Tema Community 7, Royal School",deep,lstm_mha,h672,2026-01-04T23:00:00,2026-01-18T23:00:00,2026-02-15T23:00:00,tensorflow,1344.0,42.0
2026-02-08 18:00:00,33.400001525878906,31.715404510498047,1.0,"Tema Community 7, Royal School",deep,lstm_mha,h672,2026-01-04T23:00:00,2026-01-18T23:00:00,2026-02-15T23:00:00,tensorflow,1344.0,42.0
2026-02-08 19:00:00,25.600000381469727,32.22352600097656,1.0,"Tema Community 7, Royal School",deep,lstm_mha,h672,2026-01-04T23:00:00,2026-01-18T23:00:00,2026-02-15T23:00:00,tensorflow,1344.0,42.0
2026-02-08 20:00:00,27.899999618530273,32.42936706542969,1.0,"Tema Community 7, Royal School",deep,lstm_mha,h672,2026-01-04T23:00:00,2026-01-18T23:00:00,2026-02-15T23:00:00,tensorflow,1344.0,42.0
2026-02-08 21:00:00,27.200000762939453,32.63492202758789,1.0,"Tema Community 7, Royal School",deep,lstm_mha,h672,2026-01-04T23:00:00,2026-01-18T23:00:00,2026-02-15T23:00:00,tensorflow,1344.0,42.0
2026-02-08 22:00:00,23.799999237060547,32.60252380371094,1.0,"Tema Community 7, Royal School",deep,lstm_mha,h672,2026-01-04T23:00:00,2026-01-18T23:00:00,2026-02-15T23:00:00,tensorflow,1344.0,42.0
2026-02-08 23:00:00,25.200000762939453,32.629276275634766,1.0,"Tema Community 7, Royal School",deep,lstm_mha,h672,2026-01-04T23:00:00,2026-01-18T23:00:00,2026-02-15T23:00:00,tensorflow,1344.0,42.0
2026-02-09 00:00:00,27.899999618530273,32.98238754272461,1.0,"Tema Community 7, Royal School",deep,lstm_mha,h672,2026-01-04T23:00:00,2026-01-18T23:00:00,2026-02-15T23:00:00,tensorflow,1344.0,42.0
2026-02-09 01:00:00,57.099998474121094,33.1959114074707,1.0,"Tema Community 7, Royal School",deep,lstm_mha,h672,2026-01-04T23:00:00,2026-01-18T23:00:00,2026-02-15T23:00:00,tensorflow,1344.0,42.0
2026-02-09 02:00:00,20.100000381469727,33.465904235839844,1.0,"Tema Community 7, Royal School",deep,lstm_mha,h672,2026-01-04T23:00:00,2026-01-18T23:00:00,2026-02-15T23:00:00,tensorflow,1344.0,42.0
2026-02-09 03:00:00,20.200000762939453,33.63963317871094,1.0,"Tema Community 7, Royal School",deep,lstm_mha,h672,2026-01-04T23:00:00,2026-01-18T23:00:00,2026-02-15T23:00:00,tensorflow,1344.0,42.0
2026-02-09 04:00:00,24.799999237060547,33.886009216308594,1.0,"Tema Community 7, Royal School",deep,lstm_mha,h672,2026-01-04T23:00:00,2026-01-18T23:00:00,2026-02-15T23:00:00,tensorflow,1344.0,42.0
2026-02-09 05:00:00,29.700000762939453,34.16022872924805,1.0,"Tema Community 7, Royal School",deep,lstm_mha,h672,2026-01-04T23:00:00,2026-01-18T23:00:00,2026-02-15T23:00:00,tensorflow,1344.0,42.0
2026-02-09 06:00:00,43.599998474121094,34.42353820800781,1.0,"Tema Community 7, Royal School",deep,lstm_mha,h672,2026-01-04T23:00:00,2026-01-18T23:00:00,2026-02-15T23:00:00,tensorflow,1344.0,42.0
2026-02-09 07:00:00,44.099998474121094,34.23857498168945,1.0,"Tema Community 7, Royal School",deep,lstm_mha,h672,2026-01-04T23:00:00,2026-01-18T23:00:00,2026-02-15T23:00:00,tensorflow,1344.0,42.0
2026-02-09 08:00:00,43.20000076293945,33.41449737548828,1.0,"Tema Community 7, Royal School",deep,lstm_mha,h672,2026-01-04T23:00:00,2026-01-18T23:00:00,2026-02-15T23:00:00,tensorflow,1344.0,42.0
2026-02-09 09:00:00,34.5,32.63512420654297,1.0,"Tema Community 7, Royal School",deep,lstm_mha,h672,2026-01-04T23:00:00,2026-01-18T23:00:00,2026-02-15T23:00:00,tensorflow,1344.0,42.0
2026-02-09 10:00:00,34.0,32.48077392578125,1.0,"Tema Community 7, Royal School",deep,lstm_mha,h672,2026-01-04T23:00:00,2026-01-18T23:00:00,2026-02-15T23:00:00,tensorflow,1344.0,42.0
2026-02-09 11:00:00,23.899999618530273,32.09064865112305,1.0,"Tema Community 7, Royal School",deep,lstm_mha,h672,2026-01-04T23:00:00,2026-01-18T23:00:00,2026-02-15T23:00:00,tensorflow,1344.0,42.0
2026-02-09 12:00:00,20.100000381469727,31.295997619628906,1.0,"Tema Community 7, Royal School",deep,lstm_mha,h672,2026-01-04T23:00:00,2026-01-18T23:00:00,2026-02-15T23:00:00,tensorflow,1344.0,42.0
2026-02-09 13:00:00,18.5,30.749757766723633,1.0,"Tema Community 7, Royal School",deep,lstm_mha,h672,2026-01-04T23:00:00,2026-01-18T23:00:00,2026-02-15T23:00:00,tensorflow,1344.0,42.0
2026-02-09 14:00:00,19.5,30.638771057128906,1.0,"Tema Community 7, Royal School",deep,lstm_mha,h672,2026-01-04T23:00:00,2026-01-18T23:00:00,2026-02-15T23:00:00,tensorflow,1344.0,42.0
2026-02-09 15:00:00,22.799999237060547,30.601797103881836,1.0,"Tema Community 7, Royal School",deep,lstm_mha,h672,2026-01-04T23:00:00,2026-01-18T23:00:00,2026-02-15T23:00:00,tensorflow,1344.0,42.0
2026-02-09 16:00:00,19.600000381469727,30.717018127441406,1.0,"Tema Community 7, Royal School",deep,lstm_mha,h672,2026-01-04T23:00:00,2026-01-18T23:00:00,2026-02-15T23:00:00,tensorflow,1344.0,42.0
2026-02-09 17:00:00,24.799999237060547,31.30158042907715,1.0,"Tema Community 7, Royal School",deep,lstm_mha,h672,2026-01-04T23:00:00,2026-01-18T23:00:00,2026-02-15T23:00:00,tensorflow,1344.0,42.0
2026-02-09 18:00:00,26.399999618530273,31.75918197631836,1.0,"Tema Community 7, Royal School",deep,lstm_mha,h672,2026-01-04T23:00:00,2026-01-18T23:00:00,2026-02-15T23:00:00,tensorflow,1344.0,42.0
2026-02-09 19:00:00,27.0,31.953739166259766,1.0,"Tema Community 7, Royal School",deep,lstm_mha,h672,2026-01-04T23:00:00,2026-01-18T23:00:00,2026-02-15T23:00:00,tensorflow,1344.0,42.0
2026-02-09 20:00:00,25.399999618530273,32.316307067871094,1.0,"Tema Community 7, Royal School",deep,lstm_mha,h672,2026-01-04T23:00:00,2026-01-18T23:00:00,2026-02-15T23:00:00,tensorflow,1344.0,42.0
2026-02-09 21:00:00,26.299999237060547,32.762367248535156,1.0,"Tema Community 7, Royal School",deep,lstm_mha,h672,2026-01-04T23:00:00,2026-01-18T23:00:00,2026-02-15T23:00:00,tensorflow,1344.0,42.0
2026-02-09 22:00:00,25.5,32.849891662597656,1.0,"Tema Community 7, Royal School",deep,lstm_mha,h672,2026-01-04T23:00:00,2026-01-18T23:00:00,2026-02-15T23:00:00,tensorflow,1344.0,42.0
2026-02-09 23:00:00,27.600000381469727,33.841636657714844,1.0,"Tema Community 7, Royal School",deep,lstm_mha,h672,2026-01-04T23:00:00,2026-01-18T23:00:00,2026-02-15T23:00:00,tensorflow,1344.0,42.0
2026-02-10 00:00:00,28.399999618530273,34.008270263671875,1.0,"Tema Community 7, Royal School",deep,lstm_mha,h672,2026-01-04T23:00:00,2026-01-18T23:00:00,2026-02-15T23:00:00,tensorflow,1344.0,42.0
2026-02-10 01:00:00,34.900001525878906,34.0943717956543,1.0,"Tema Community 7, Royal School",deep,lstm_mha,h672,2026-01-04T23:00:00,2026-01-18T23:00:00,2026-02-15T23:00:00,tensorflow,1344.0,42.0
2026-02-10 02:00:00,29.299999237060547,34.152740478515625,1.0,"Tema Community 7, Royal School",deep,lstm_mha,h672,2026-01-04T23:00:00,2026-01-18T23:00:00,2026-02-15T23:00:00,tensorflow,1344.0,42.0
2026-02-10 03:00:00,19.600000381469727,34.37940979003906,1.0,"Tema Community 7, Royal School",deep,lstm_mha,h672,2026-01-04T23:00:00,2026-01-18T23:00:00,2026-02-15T23:00:00,tensorflow,1344.0,42.0
2026-02-10 04:00:00,27.0,34.52428436279297,1.0,"Tema Community 7, Royal School",deep,lstm_mha,h672,2026-01-04T23:00:00,2026-01-18T23:00:00,2026-02-15T23:00:00,tensorflow,1344.0,42.0
2026-02-10 05:00:00,40.70000076293945,34.39034652709961,1.0,"Tema Community 7, Royal School",deep,lstm_mha,h672,2026-01-04T23:00:00,2026-01-18T23:00:00,2026-02-15T23:00:00,tensorflow,1344.0,42.0
2026-02-10 06:00:00,47.20000076293945,34.51922607421875,1.0,"Tema Community 7, Royal School",deep,lstm_mha,h672,2026-01-04T23:00:00,2026-01-18T23:00:00,2026-02-15T23:00:00,tensorflow,1344.0,42.0
2026-02-10 07:00:00,45.400001525878906,34.224205017089844,1.0,"Tema Community 7, Royal School",deep,lstm_mha,h672,2026-01-04T23:00:00,2026-01-18T23:00:00,2026-02-15T23:00:00,tensorflow,1344.0,42.0
2026-02-10 08:00:00,36.79999923706055,33.475643157958984,1.0,"Tema Community 7, Royal School",deep,lstm_mha,h672,2026-01-04T23:00:00,2026-01-18T23:00:00,2026-02-15T23:00:00,tensorflow,1344.0,42.0
2026-02-10 09:00:00,30.799999237060547,32.544681549072266,1.0,"Tema Community 7, Royal School",deep,lstm_mha,h672,2026-01-04T23:00:00,2026-01-18T23:00:00,2026-02-15T23:00:00,tensorflow,1344.0,42.0
2026-02-10 10:00:00,28.5,31.978059768676758,1.0,"Tema Community 7, Royal School",deep,lstm_mha,h672,2026-01-04T23:00:00,2026-01-18T23:00:00,2026-02-15T23:00:00,tensorflow,1344.0,42.0
2026-02-10 11:00:00,35.20000076293945,31.471208572387695,1.0,"Tema Community 7, Royal School",deep,lstm_mha,h672,2026-01-04T23:00:00,2026-01-18T23:00:00,2026-02-15T23:00:00,tensorflow,1344.0,42.0
2026-02-10 12:00:00,24.200000762939453,30.815277099609375,1.0,"Tema Community 7, Royal School",deep,lstm_mha,h672,2026-01-04T23:00:00,2026-01-18T23:00:00,2026-02-15T23:00:00,tensorflow,1344.0,42.0
2026-02-10 13:00:00,16.600000381469727,30.51634407043457,1.0,"Tema Community 7, Royal School",deep,lstm_mha,h672,2026-01-04T23:00:00,2026-01-18T23:00:00,2026-02-15T23:00:00,tensorflow,1344.0,42.0
2026-02-10 14:00:00,19.700000762939453,30.30971336364746,1.0,"Tema Community 7, Royal School",deep,lstm_mha,h672,2026-01-04T23:00:00,2026-01-18T23:00:00,2026-02-15T23:00:00,tensorflow,1344.0,42.0
2026-02-10 15:00:00,29.0,30.389387130737305,1.0,"Tema Community 7, Royal School",deep,lstm_mha,h672,2026-01-04T23:00:00,2026-01-18T23:00:00,2026-02-15T23:00:00,tensorflow,1344.0,42.0
2026-02-10 16:00:00,13.600000381469727,30.79051971435547,1.0,"Tema Community 7, Royal School",deep,lstm_mha,h672,2026-01-04T23:00:00,2026-01-18T23:00:00,2026-02-15T23:00:00,tensorflow,1344.0,42.0
2026-02-10 17:00:00,16.200000762939453,31.35283660888672,1.0,"Tema Community 7, Royal School",deep,lstm_mha,h672,2026-01-04T23:00:00,2026-01-18T23:00:00,2026-02-15T23:00:00,tensorflow,1344.0,42.0
2026-02-10 18:00:00,23.299999237060547,31.88759994506836,1.0,"Tema Community 7, Royal School",deep,lstm_mha,h672,2026-01-04T23:00:00,2026-01-18T23:00:00,2026-02-15T23:00:00,tensorflow,1344.0,42.0
2026-02-10 19:00:00,23.899999618530273,32.692649841308594,1.0,"Tema Community 7, Royal School",deep,lstm_mha,h672,2026-01-04T23:00:00,2026-01-18T23:00:00,2026-02-15T23:00:00,tensorflow,1344.0,42.0
2026-02-10 20:00:00,28.200000762939453,33.099124908447266,1.0,"Tema Community 7, Royal School",deep,lstm_mha,h672,2026-01-04T23:00:00,2026-01-18T23:00:00,2026-02-15T23:00:00,tensorflow,1344.0,42.0
2026-02-10 21:00:00,36.29999923706055,32.952640533447266,1.0,"Tema Community 7, Royal School",deep,lstm_mha,h672,2026-01-04T23:00:00,2026-01-18T23:00:00,2026-02-15T23:00:00,tensorflow,1344.0,42.0
2026-02-10 22:00:00,17.799999237060547,33.44588851928711,1.0,"Tema Community 7, Royal School",deep,lstm_mha,h672,2026-01-04T23:00:00,2026-01-18T23:00:00,2026-02-15T23:00:00,tensorflow,1344.0,42.0
2026-02-10 23:00:00,11.300000190734863,33.45732498168945,1.0,"Tema Community 7, Royal School",deep,lstm_mha,h672,2026-01-04T23:00:00,2026-01-18T23:00:00,2026-02-15T23:00:00,tensorflow,1344.0,42.0
2026-02-11 00:00:00,20.399999618530273,33.318538665771484,1.0,"Tema Community 7, Royal School",deep,lstm_mha,h672,2026-01-04T23:00:00,2026-01-18T23:00:00,2026-02-15T23:00:00,tensorflow,1344.0,42.0
2026-02-11 01:00:00,19.799999237060547,33.37663269042969,1.0,"Tema Community 7, Royal School",deep,lstm_mha,h672,2026-01-04T23:00:00,2026-01-18T23:00:00,2026-02-15T23:00:00,tensorflow,1344.0,42.0
2026-02-11 02:00:00,20.0,33.268253326416016,1.0,"Tema Community 7, Royal School",deep,lstm_mha,h672,2026-01-04T23:00:00,2026-01-18T23:00:00,2026-02-15T23:00:00,tensorflow,1344.0,42.0
2026-02-11 03:00:00,29.799999237060547,33.48851776123047,1.0,"Tema Community 7, Royal School",deep,lstm_mha,h672,2026-01-04T23:00:00,2026-01-18T23:00:00,2026-02-15T23:00:00,tensorflow,1344.0,42.0
2026-02-11 04:00:00,39.29999923706055,33.57209014892578,1.0,"Tema Community 7, Royal School",deep,lstm_mha,h672,2026-01-04T23:00:00,2026-01-18T23:00:00,2026-02-15T23:00:00,tensorflow,1344.0,42.0
2026-02-11 05:00:00,50.70000076293945,33.946128845214844,1.0,"Tema Community 7, Royal School",deep,lstm_mha,h672,2026-01-04T23:00:00,2026-01-18T23:00:00,2026-02-15T23:00:00,tensorflow,1344.0,42.0
2026-02-11 06:00:00,55.900001525878906,34.07933807373047,1.0,"Tema Community 7, Royal School",deep,lstm_mha,h672,2026-01-04T23:00:00,2026-01-18T23:00:00,2026-02-15T23:00:00,tensorflow,1344.0,42.0
2026-02-11 07:00:00,36.29999923706055,33.911563873291016,1.0,"Tema Community 7, Royal School",deep,lstm_mha,h672,2026-01-04T23:00:00,2026-01-18T23:00:00,2026-02-15T23:00:00,tensorflow,1344.0,42.0
2026-02-11 08:00:00,40.70000076293945,33.53105926513672,1.0,"Tema Community 7, Royal School",deep,lstm_mha,h672,2026-01-04T23:00:00,2026-01-18T23:00:00,2026-02-15T23:00:00,tensorflow,1344.0,42.0
2026-02-11 09:00:00,36.900001525878906,33.24711990356445,1.0,"Tema Community 7, Royal School",deep,lstm_mha,h672,2026-01-04T23:00:00,2026-01-18T23:00:00,2026-02-15T23:00:00,tensorflow,1344.0,42.0
2026-02-11 10:00:00,24.200000762939453,32.42915725708008,1.0,"Tema Community 7, Royal School",deep,lstm_mha,h672,2026-01-04T23:00:00,2026-01-18T23:00:00,2026-02-15T23:00:00,tensorflow,1344.0,42.0
2026-02-11 11:00:00,17.799999237060547,31.83953285217285,1.0,"Tema Community 7, Royal School",deep,lstm_mha,h672,2026-01-04T23:00:00,2026-01-18T23:00:00,2026-02-15T23:00:00,tensorflow,1344.0,42.0
2026-02-11 12:00:00,17.700000762939453,31.454320907592773,1.0,"Tema Community 7, Royal School",deep,lstm_mha,h672,2026-01-04T23:00:00,2026-01-18T23:00:00,2026-02-15T23:00:00,tensorflow,1344.0,42.0
2026-02-11 13:00:00,12.800000190734863,31.192750930786133,1.0,"Tema Community 7, Royal School",deep,lstm_mha,h672,2026-01-04T23:00:00,2026-01-18T23:00:00,2026-02-15T23:00:00,tensorflow,1344.0,42.0
2026-02-11 14:00:00,14.800000190734863,31.432323455810547,1.0,"Tema Community 7, Royal School",deep,lstm_mha,h672,2026-01-04T23:00:00,2026-01-18T23:00:00,2026-02-15T23:00:00,tensorflow,1344.0,42.0
2026-02-11 15:00:00,18.100000381469727,31.63905906677246,1.0,"Tema Community 7, Royal School",deep,lstm_mha,h672,2026-01-04T23:00:00,2026-01-18T23:00:00,2026-02-15T23:00:00,tensorflow,1344.0,42.0
2026-02-11 16:00:00,21.700000762939453,31.620361328125,1.0,"Tema Community 7, Royal School",deep,lstm_mha,h672,2026-01-04T23:00:00,2026-01-18T23:00:00,2026-02-15T23:00:00,tensorflow,1344.0,42.0
2026-02-11 17:00:00,19.100000381469727,31.833362579345703,1.0,"Tema Community 7, Royal School",deep,lstm_mha,h672,2026-01-04T23:00:00,2026-01-18T23:00:00,2026-02-15T23:00:00,tensorflow,1344.0,42.0
2026-02-11 18:00:00,23.600000381469727,31.812355041503906,1.0,"Tema Community 7, Royal School",deep,lstm_mha,h672,2026-01-04T23:00:00,2026-01-18T23:00:00,2026-02-15T23:00:00,tensorflow,1344.0,42.0
2026-02-11 19:00:00,30.700000762939453,31.974746704101562,1.0,"Tema Community 7, Royal School",deep,lstm_mha,h672,2026-01-04T23:00:00,2026-01-18T23:00:00,2026-02-15T23:00:00,tensorflow,1344.0,42.0
2026-02-11 20:00:00,31.799999237060547,32.09238815307617,1.0,"Tema Community 7, Royal School",deep,lstm_mha,h672,2026-01-04T23:00:00,2026-01-18T23:00:00,2026-02-15T23:00:00,tensorflow,1344.0,42.0
2026-02-11 21:00:00,53.0,32.025875091552734,1.0,"Tema Community 7, Royal School",deep,lstm_mha,h672,2026-01-04T23:00:00,2026-01-18T23:00:00,2026-02-15T23:00:00,tensorflow,1344.0,42.0
2026-02-11 22:00:00,54.599998474121094,32.09373474121094,1.0,"Tema Community 7, Royal School",deep,lstm_mha,h672,2026-01-04T23:00:00,2026-01-18T23:00:00,2026-02-15T23:00:00,tensorflow,1344.0,42.0
2026-02-11 23:00:00,51.0,32.19173812866211,1.0,"Tema Community 7, Royal School",deep,lstm_mha,h672,2026-01-04T23:00:00,2026-01-18T23:00:00,2026-02-15T23:00:00,tensorflow,1344.0,42.0
2026-02-12 00:00:00,55.400001525878906,32.25616455078125,1.0,"Tema Community 7, Royal School",deep,lstm_mha,h672,2026-01-04T23:00:00,2026-01-18T23:00:00,2026-02-15T23:00:00,tensorflow,1344.0,42.0
2026-02-12 01:00:00,84.19999694824219,32.26804733276367,1.0,"Tema Community 7, Royal School",deep,lstm_mha,h672,2026-01-04T23:00:00,2026-01-18T23:00:00,2026-02-15T23:00:00,tensorflow,1344.0,42.0
2026-02-12 02:00:00,87.4000015258789,32.289913177490234,1.0,"Tema Community 7, Royal School",deep,lstm_mha,h672,2026-01-04T23:00:00,2026-01-18T23:00:00,2026-02-15T23:00:00,tensorflow,1344.0,42.0
2026-02-12 03:00:00,79.80000305175781,32.46498107910156,1.0,"Tema Community 7, Royal School",deep,lstm_mha,h672,2026-01-04T23:00:00,2026-01-18T23:00:00,2026-02-15T23:00:00,tensorflow,1344.0,42.0
2026-02-12 04:00:00,82.30000305175781,32.432918548583984,1.0,"Tema Community 7, Royal School",deep,lstm_mha,h672,2026-01-04T23:00:00,2026-01-18T23:00:00,2026-02-15T23:00:00,tensorflow,1344.0,42.0
2026-02-12 05:00:00,141.6999969482422,32.802799224853516,1.0,"Tema Community 7, Royal School",deep,lstm_mha,h672,2026-01-04T23:00:00,2026-01-18T23:00:00,2026-02-15T23:00:00,tensorflow,1344.0,42.0
2026-02-12 06:00:00,93.19999694824219,33.318382263183594,1.0,"Tema Community 7, Royal School",deep,lstm_mha,h672,2026-01-04T23:00:00,2026-01-18T23:00:00,2026-02-15T23:00:00,tensorflow,1344.0,42.0
2026-02-12 07:00:00,73.30000305175781,33.3675537109375,1.0,"Tema Community 7, Royal School",deep,lstm_mha,h672,2026-01-04T23:00:00,2026-01-18T23:00:00,2026-02-15T23:00:00,tensorflow,1344.0,42.0
2026-02-12 08:00:00,47.70000076293945,32.7409782409668,1.0,"Tema Community 7, Royal School",deep,lstm_mha,h672,2026-01-04T23:00:00,2026-01-18T23:00:00,2026-02-15T23:00:00,tensorflow,1344.0,42.0
2026-02-12 09:00:00,25.399999618530273,32.01911926269531,1.0,"Tema Community 7, Royal School",deep,lstm_mha,h672,2026-01-04T23:00:00,2026-01-18T23:00:00,2026-02-15T23:00:00,tensorflow,1344.0,42.0
2026-02-12 10:00:00,6.599999904632568,31.727935791015625,1.0,"Tema Community 7, Royal School",deep,lstm_mha,h672,2026-01-04T23:00:00,2026-01-18T23:00:00,2026-02-15T23:00:00,tensorflow,1344.0,42.0
2026-02-12 11:00:00,1.899999976158142,31.429426193237305,1.0,"Tema Community 7, Royal School",deep,lstm_mha,h672,2026-01-04T23:00:00,2026-01-18T23:00:00,2026-02-15T23:00:00,tensorflow,1344.0,42.0
2026-02-12 12:00:00,2.4000000953674316,31.30596160888672,1.0,"Tema Community 7, Royal School",deep,lstm_mha,h672,2026-01-04T23:00:00,2026-01-18T23:00:00,2026-02-15T23:00:00,tensorflow,1344.0,42.0
2026-02-12 13:00:00,2.200000047683716,30.80573272705078,1.0,"Tema Community 7, Royal School",deep,lstm_mha,h672,2026-01-04T23:00:00,2026-01-18T23:00:00,2026-02-15T23:00:00,tensorflow,1344.0,42.0
2026-02-12 14:00:00,2.799999952316284,30.71451187133789,1.0,"Tema Community 7, Royal School",deep,lstm_mha,h672,2026-01-04T23:00:00,2026-01-18T23:00:00,2026-02-15T23:00:00,tensorflow,1344.0,42.0
2026-02-12 15:00:00,5.699999809265137,30.91971778869629,1.0,"Tema Community 7, Royal School",deep,lstm_mha,h672,2026-01-04T23:00:00,2026-01-18T23:00:00,2026-02-15T23:00:00,tensorflow,1344.0,42.0
2026-02-12 16:00:00,4.800000190734863,30.85875129699707,1.0,"Tema Community 7, Royal School",deep,lstm_mha,h672,2026-01-04T23:00:00,2026-01-18T23:00:00,2026-02-15T23:00:00,tensorflow,1344.0,42.0
2026-02-12 17:00:00,6.099999904632568,31.115251541137695,1.0,"Tema Community 7, Royal School",deep,lstm_mha,h672,2026-01-04T23:00:00,2026-01-18T23:00:00,2026-02-15T23:00:00,tensorflow,1344.0,42.0
2026-02-12 18:00:00,8.199999809265137,31.595870971679688,1.0,"Tema Community 7, Royal School",deep,lstm_mha,h672,2026-01-04T23:00:00,2026-01-18T23:00:00,2026-02-15T23:00:00,tensorflow,1344.0,42.0
2026-02-12 19:00:00,8.699999809265137,31.740314483642578,1.0,"Tema Community 7, Royal School",deep,lstm_mha,h672,2026-01-04T23:00:00,2026-01-18T23:00:00,2026-02-15T23:00:00,tensorflow,1344.0,42.0
2026-02-12 20:00:00,26.899999618530273,31.872159957885742,1.0,"Tema Community 7, Royal School",deep,lstm_mha,h672,2026-01-04T23:00:00,2026-01-18T23:00:00,2026-02-15T23:00:00,tensorflow,1344.0,42.0
2026-02-12 21:00:00,14.0,32.074615478515625,1.0,"Tema Community 7, Royal School",deep,lstm_mha,h672,2026-01-04T23:00:00,2026-01-18T23:00:00,2026-02-15T23:00:00,tensorflow,1344.0,42.0
2026-02-12 22:00:00,15.5,32.29120635986328,1.0,"Tema Community 7, Royal School",deep,lstm_mha,h672,2026-01-04T23:00:00,2026-01-18T23:00:00,2026-02-15T23:00:00,tensorflow,1344.0,42.0
2026-02-12 23:00:00,20.200000762939453,32.742244720458984,1.0,"Tema Community 7, Royal School",deep,lstm_mha,h672,2026-01-04T23:00:00,2026-01-18T23:00:00,2026-02-15T23:00:00,tensorflow,1344.0,42.0
2026-02-13 00:00:00,15.899999618530273,32.83375930786133,1.0,"Tema Community 7, Royal School",deep,lstm_mha,h672,2026-01-04T23:00:00,2026-01-18T23:00:00,2026-02-15T23:00:00,tensorflow,1344.0,42.0
2026-02-13 01:00:00,27.5,32.94524383544922,1.0,"Tema Community 7, Royal School",deep,lstm_mha,h672,2026-01-04T23:00:00,2026-01-18T23:00:00,2026-02-15T23:00:00,tensorflow,1344.0,42.0
2026-02-13 02:00:00,14.899999618530273,32.93239212036133,1.0,"Tema Community 7, Royal School",deep,lstm_mha,h672,2026-01-04T23:00:00,2026-01-18T23:00:00,2026-02-15T23:00:00,tensorflow,1344.0,42.0
2026-02-13 03:00:00,70.80000305175781,33.03719711303711,1.0,"Tema Community 7, Royal School",deep,lstm_mha,h672,2026-01-04T23:00:00,2026-01-18T23:00:00,2026-02-15T23:00:00,tensorflow,1344.0,42.0
2026-02-13 04:00:00,45.5,33.27295684814453,1.0,"Tema Community 7, Royal School",deep,lstm_mha,h672,2026-01-04T23:00:00,2026-01-18T23:00:00,2026-02-15T23:00:00,tensorflow,1344.0,42.0
2026-02-13 05:00:00,43.29999923706055,33.59202575683594,1.0,"Tema Community 7, Royal School",deep,lstm_mha,h672,2026-01-04T23:00:00,2026-01-18T23:00:00,2026-02-15T23:00:00,tensorflow,1344.0,42.0
2026-02-13 06:00:00,49.79999923706055,34.13717269897461,1.0,"Tema Community 7, Royal School",deep,lstm_mha,h672,2026-01-04T23:00:00,2026-01-18T23:00:00,2026-02-15T23:00:00,tensorflow,1344.0,42.0
2026-02-13 07:00:00,40.5,33.94895935058594,1.0,"Tema Community 7, Royal School",deep,lstm_mha,h672,2026-01-04T23:00:00,2026-01-18T23:00:00,2026-02-15T23:00:00,tensorflow,1344.0,42.0
2026-02-13 08:00:00,30.200000762939453,33.063480377197266,1.0,"Tema Community 7, Royal School",deep,lstm_mha,h672,2026-01-04T23:00:00,2026-01-18T23:00:00,2026-02-15T23:00:00,tensorflow,1344.0,42.0
2026-02-13 09:00:00,26.700000762939453,32.47649002075195,1.0,"Tema Community 7, Royal School",deep,lstm_mha,h672,2026-01-04T23:00:00,2026-01-18T23:00:00,2026-02-15T23:00:00,tensorflow,1344.0,42.0
2026-02-13 10:00:00,22.5,32.14623260498047,1.0,"Tema Community 7, Royal School",deep,lstm_mha,h672,2026-01-04T23:00:00,2026-01-18T23:00:00,2026-02-15T23:00:00,tensorflow,1344.0,42.0
2026-02-13 11:00:00,31.600000381469727,31.40211296081543,1.0,"Tema Community 7, Royal School",deep,lstm_mha,h672,2026-01-04T23:00:00,2026-01-18T23:00:00,2026-02-15T23:00:00,tensorflow,1344.0,42.0
2026-02-13 12:00:00,49.79999923706055,30.860498428344727,1.0,"Tema Community 7, Royal School",deep,lstm_mha,h672,2026-01-04T23:00:00,2026-01-18T23:00:00,2026-02-15T23:00:00,tensorflow,1344.0,42.0
2026-02-13 13:00:00,19.899999618530273,30.582162857055664,1.0,"Tema Community 7, Royal School",deep,lstm_mha,h672,2026-01-04T23:00:00,2026-01-18T23:00:00,2026-02-15T23:00:00,tensorflow,1344.0,42.0
2026-02-13 14:00:00,27.399999618530273,30.42395782470703,1.0,"Tema Community 7, Royal School",deep,lstm_mha,h672,2026-01-04T23:00:00,2026-01-18T23:00:00,2026-02-15T23:00:00,tensorflow,1344.0,42.0
2026-02-13 15:00:00,16.0,30.598554611206055,1.0,"Tema Community 7, Royal School",deep,lstm_mha,h672,2026-01-04T23:00:00,2026-01-18T23:00:00,2026-02-15T23:00:00,tensorflow,1344.0,42.0
2026-02-13 16:00:00,7.0,30.686996459960938,1.0,"Tema Community 7, Royal School",deep,lstm_mha,h672,2026-01-04T23:00:00,2026-01-18T23:00:00,2026-02-15T23:00:00,tensorflow,1344.0,42.0
2026-02-13 17:00:00,8.100000381469727,31.171436309814453,1.0,"Tema Community 7, Royal School",deep,lstm_mha,h672,2026-01-04T23:00:00,2026-01-18T23:00:00,2026-02-15T23:00:00,tensorflow,1344.0,42.0
2026-02-13 18:00:00,10.300000190734863,31.50747299194336,1.0,"Tema Community 7, Royal School",deep,lstm_mha,h672,2026-01-04T23:00:00,2026-01-18T23:00:00,2026-02-15T23:00:00,tensorflow,1344.0,42.0
2026-02-13 19:00:00,16.600000381469727,31.776838302612305,1.0,"Tema Community 7, Royal School",deep,lstm_mha,h672,2026-01-04T23:00:00,2026-01-18T23:00:00,2026-02-15T23:00:00,tensorflow,1344.0,42.0
2026-02-13 20:00:00,10.800000190734863,31.786163330078125,1.0,"Tema Community 7, Royal School",deep,lstm_mha,h672,2026-01-04T23:00:00,2026-01-18T23:00:00,2026-02-15T23:00:00,tensorflow,1344.0,42.0
2026-02-13 21:00:00,8.100000381469727,31.900894165039062,1.0,"Tema Community 7, Royal School",deep,lstm_mha,h672,2026-01-04T23:00:00,2026-01-18T23:00:00,2026-02-15T23:00:00,tensorflow,1344.0,42.0
2026-02-13 22:00:00,18.0,32.0908317565918,1.0,"Tema Community 7, Royal School",deep,lstm_mha,h672,2026-01-04T23:00:00,2026-01-18T23:00:00,2026-02-15T23:00:00,tensorflow,1344.0,42.0
2026-02-13 23:00:00,22.299999237060547,32.48871994018555,1.0,"Tema Community 7, Royal School",deep,lstm_mha,h672,2026-01-04T23:00:00,2026-01-18T23:00:00,2026-02-15T23:00:00,tensorflow,1344.0,42.0
2026-02-14 00:00:00,14.300000190734863,32.57221221923828,1.0,"Tema Community 7, Royal School",deep,lstm_mha,h672,2026-01-04T23:00:00,2026-01-18T23:00:00,2026-02-15T23:00:00,tensorflow,1344.0,42.0
2026-02-14 01:00:00,15.399999618530273,32.616519927978516,1.0,"Tema Community 7, Royal School",deep,lstm_mha,h672,2026-01-04T23:00:00,2026-01-18T23:00:00,2026-02-15T23:00:00,tensorflow,1344.0,42.0
2026-02-14 02:00:00,25.5,32.50420379638672,1.0,"Tema Community 7, Royal School",deep,lstm_mha,h672,2026-01-04T23:00:00,2026-01-18T23:00:00,2026-02-15T23:00:00,tensorflow,1344.0,42.0
2026-02-14 03:00:00,24.799999237060547,32.52524185180664,1.0,"Tema Community 7, Royal School",deep,lstm_mha,h672,2026-01-04T23:00:00,2026-01-18T23:00:00,2026-02-15T23:00:00,tensorflow,1344.0,42.0
2026-02-14 04:00:00,33.79999923706055,32.73809814453125,1.0,"Tema Community 7, Royal School",deep,lstm_mha,h672,2026-01-04T23:00:00,2026-01-18T23:00:00,2026-02-15T23:00:00,tensorflow,1344.0,42.0
2026-02-14 05:00:00,30.200000762939453,33.315025329589844,1.0,"Tema Community 7, Royal School",deep,lstm_mha,h672,2026-01-04T23:00:00,2026-01-18T23:00:00,2026-02-15T23:00:00,tensorflow,1344.0,42.0
2026-02-14 06:00:00,35.0,33.48941421508789,1.0,"Tema Community 7, Royal School",deep,lstm_mha,h672,2026-01-04T23:00:00,2026-01-18T23:00:00,2026-02-15T23:00:00,tensorflow,1344.0,42.0
2026-02-14 07:00:00,237.0,33.170406341552734,1.0,"Tema Community 7, Royal School",deep,lstm_mha,h672,2026-01-04T23:00:00,2026-01-18T23:00:00,2026-02-15T23:00:00,tensorflow,1344.0,42.0
2026-02-14 08:00:00,133.0,32.56660079956055,1.0,"Tema Community 7, Royal School",deep,lstm_mha,h672,2026-01-04T23:00:00,2026-01-18T23:00:00,2026-02-15T23:00:00,tensorflow,1344.0,42.0
2026-02-14 09:00:00,29.0,32.214839935302734,1.0,"Tema Community 7, Royal School",deep,lstm_mha,h672,2026-01-04T23:00:00,2026-01-18T23:00:00,2026-02-15T23:00:00,tensorflow,1344.0,42.0
2026-02-14 10:00:00,26.299999237060547,31.84665298461914,1.0,"Tema Community 7, Royal School",deep,lstm_mha,h672,2026-01-04T23:00:00,2026-01-18T23:00:00,2026-02-15T23:00:00,tensorflow,1344.0,42.0
2026-02-14 11:00:00,30.5,31.425634384155273,1.0,"Tema Community 7, Royal School",deep,lstm_mha,h672,2026-01-04T23:00:00,2026-01-18T23:00:00,2026-02-15T23:00:00,tensorflow,1344.0,42.0
2026-02-14 12:00:00,33.5,30.83100128173828,1.0,"Tema Community 7, Royal School",deep,lstm_mha,h672,2026-01-04T23:00:00,2026-01-18T23:00:00,2026-02-15T23:00:00,tensorflow,1344.0,42.0
2026-02-14 13:00:00,28.600000381469727,30.802928924560547,1.0,"Tema Community 7, Royal School",deep,lstm_mha,h672,2026-01-04T23:00:00,2026-01-18T23:00:00,2026-02-15T23:00:00,tensorflow,1344.0,42.0
2026-02-14 14:00:00,28.899999618530273,30.760108947753906,1.0,"Tema Community 7, Royal School",deep,lstm_mha,h672,2026-01-04T23:00:00,2026-01-18T23:00:00,2026-02-15T23:00:00,tensorflow,1344.0,42.0
2026-02-14 15:00:00,32.0,31.116024017333984,1.0,"Tema Community 7, Royal School",deep,lstm_mha,h672,2026-01-04T23:00:00,2026-01-18T23:00:00,2026-02-15T23:00:00,tensorflow,1344.0,42.0
2026-02-14 16:00:00,45.70000076293945,31.26736831665039,1.0,"Tema Community 7, Royal School",deep,lstm_mha,h672,2026-01-04T23:00:00,2026-01-18T23:00:00,2026-02-15T23:00:00,tensorflow,1344.0,42.0
2026-02-14 17:00:00,41.79999923706055,31.34752655029297,1.0,"Tema Community 7, Royal School",deep,lstm_mha,h672,2026-01-04T23:00:00,2026-01-18T23:00:00,2026-02-15T23:00:00,tensorflow,1344.0,42.0
2026-02-14 18:00:00,55.599998474121094,31.58033561706543,1.0,"Tema Community 7, Royal School",deep,lstm_mha,h672,2026-01-04T23:00:00,2026-01-18T23:00:00,2026-02-15T23:00:00,tensorflow,1344.0,42.0
2026-02-14 19:00:00,65.4000015258789,31.72199821472168,1.0,"Tema Community 7, Royal School",deep,lstm_mha,h672,2026-01-04T23:00:00,2026-01-18T23:00:00,2026-02-15T23:00:00,tensorflow,1344.0,42.0
2026-02-14 20:00:00,70.30000305175781,31.77783203125,1.0,"Tema Community 7, Royal School",deep,lstm_mha,h672,2026-01-04T23:00:00,2026-01-18T23:00:00,2026-02-15T23:00:00,tensorflow,1344.0,42.0
2026-02-14 21:00:00,71.0,31.777179718017578,1.0,"Tema Community 7, Royal School",deep,lstm_mha,h672,2026-01-04T23:00:00,2026-01-18T23:00:00,2026-02-15T23:00:00,tensorflow,1344.0,42.0
2026-02-14 22:00:00,53.79999923706055,31.98048210144043,1.0,"Tema Community 7, Royal School",deep,lstm_mha,h672,2026-01-04T23:00:00,2026-01-18T23:00:00,2026-02-15T23:00:00,tensorflow,1344.0,42.0
2026-02-14 23:00:00,47.70000076293945,32.0853271484375,1.0,"Tema Community 7, Royal School",deep,lstm_mha,h672,2026-01-04T23:00:00,2026-01-18T23:00:00,2026-02-15T23:00:00,tensorflow,1344.0,42.0
2026-02-15 00:00:00,40.20000076293945,32.113101959228516,1.0,"Tema Community 7, Royal School",deep,lstm_mha,h672,2026-01-04T23:00:00,2026-01-18T23:00:00,2026-02-15T23:00:00,tensorflow,1344.0,42.0
2026-02-15 01:00:00,41.0,32.473365783691406,1.0,"Tema Community 7, Royal School",deep,lstm_mha,h672,2026-01-04T23:00:00,2026-01-18T23:00:00,2026-02-15T23:00:00,tensorflow,1344.0,42.0
2026-02-15 02:00:00,44.5,33.09761047363281,1.0,"Tema Community 7, Royal School",deep,lstm_mha,h672,2026-01-04T23:00:00,2026-01-18T23:00:00,2026-02-15T23:00:00,tensorflow,1344.0,42.0
2026-02-15 03:00:00,40.599998474121094,33.187782287597656,1.0,"Tema Community 7, Royal School",deep,lstm_mha,h672,2026-01-04T23:00:00,2026-01-18T23:00:00,2026-02-15T23:00:00,tensorflow,1344.0,42.0
2026-02-15 04:00:00,43.0,33.47521209716797,1.0,"Tema Community 7, Royal School",deep,lstm_mha,h672,2026-01-04T23:00:00,2026-01-18T23:00:00,2026-02-15T23:00:00,tensorflow,1344.0,42.0
2026-02-15 05:00:00,52.400001525878906,33.4299430847168,1.0,"Tema Community 7, Royal School",deep,lstm_mha,h672,2026-01-04T23:00:00,2026-01-18T23:00:00,2026-02-15T23:00:00,tensorflow,1344.0,42.0
2026-02-15 06:00:00,75.4000015258789,33.56633377075195,1.0,"Tema Community 7, Royal School",deep,lstm_mha,h672,2026-01-04T23:00:00,2026-01-18T23:00:00,2026-02-15T23:00:00,tensorflow,1344.0,42.0
2026-02-15 07:00:00,39.599998474121094,33.40513229370117,1.0,"Tema Community 7, Royal School",deep,lstm_mha,h672,2026-01-04T23:00:00,2026-01-18T23:00:00,2026-02-15T23:00:00,tensorflow,1344.0,42.0
2026-02-15 08:00:00,28.899999618530273,32.942169189453125,1.0,"Tema Community 7, Royal School",deep,lstm_mha,h672,2026-01-04T23:00:00,2026-01-18T23:00:00,2026-02-15T23:00:00,tensorflow,1344.0,42.0
2026-02-15 09:00:00,21.700000762939453,32.37114334106445,1.0,"Tema Community 7, Royal School",deep,lstm_mha,h672,2026-01-04T23:00:00,2026-01-18T23:00:00,2026-02-15T23:00:00,tensorflow,1344.0,42.0
2026-02-15 10:00:00,29.299999237060547,31.99936294555664,1.0,"Tema Community 7, Royal School",deep,lstm_mha,h672,2026-01-04T23:00:00,2026-01-18T23:00:00,2026-02-15T23:00:00,tensorflow,1344.0,42.0
2026-02-15 11:00:00,16.799999237060547,31.447772979736328,1.0,"Tema Community 7, Royal School",deep,lstm_mha,h672,2026-01-04T23:00:00,2026-01-18T23:00:00,2026-02-15T23:00:00,tensorflow,1344.0,42.0
2026-02-15 12:00:00,9.0,31.164077758789062,1.0,"Tema Community 7, Royal School",deep,lstm_mha,h672,2026-01-04T23:00:00,2026-01-18T23:00:00,2026-02-15T23:00:00,tensorflow,1344.0,42.0
2026-02-15 13:00:00,5.800000190734863,30.998737335205078,1.0,"Tema Community 7, Royal School",deep,lstm_mha,h672,2026-01-04T23:00:00,2026-01-18T23:00:00,2026-02-15T23:00:00,tensorflow,1344.0,42.0
2026-02-15 14:00:00,4.199999809265137,30.97417640686035,1.0,"Tema Community 7, Royal School",deep,lstm_mha,h672,2026-01-04T23:00:00,2026-01-18T23:00:00,2026-02-15T23:00:00,tensorflow,1344.0,42.0
2026-02-15 15:00:00,7.599999904632568,31.34648323059082,1.0,"Tema Community 7, Royal School",deep,lstm_mha,h672,2026-01-04T23:00:00,2026-01-18T23:00:00,2026-02-15T23:00:00,tensorflow,1344.0,42.0
2026-02-15 16:00:00,7.0,31.619028091430664,1.0,"Tema Community 7, Royal School",deep,lstm_mha,h672,2026-01-04T23:00:00,2026-01-18T23:00:00,2026-02-15T23:00:00,tensorflow,1344.0,42.0
2026-02-15 17:00:00,7.099999904632568,31.67218780517578,1.0,"Tema Community 7, Royal School",deep,lstm_mha,h672,2026-01-04T23:00:00,2026-01-18T23:00:00,2026-02-15T23:00:00,tensorflow,1344.0,42.0
2026-02-15 18:00:00,9.699999809265137,32.09919738769531,1.0,"Tema Community 7, Royal School",deep,lstm_mha,h672,2026-01-04T23:00:00,2026-01-18T23:00:00,2026-02-15T23:00:00,tensorflow,1344.0,42.0
2026-02-15 19:00:00,12.199999809265137,32.59721755981445,1.0,"Tema Community 7, Royal School",deep,lstm_mha,h672,2026-01-04T23:00:00,2026-01-18T23:00:00,2026-02-15T23:00:00,tensorflow,1344.0,42.0
2026-02-15 20:00:00,18.200000762939453,32.356849670410156,1.0,"Tema Community 7, Royal School",deep,lstm_mha,h672,2026-01-04T23:00:00,2026-01-18T23:00:00,2026-02-15T23:00:00,tensorflow,1344.0,42.0
2026-02-15 21:00:00,23.0,32.357643127441406,1.0,"Tema Community 7, Royal School",deep,lstm_mha,h672,2026-01-04T23:00:00,2026-01-18T23:00:00,2026-02-15T23:00:00,tensorflow,1344.0,42.0
2026-02-15 22:00:00,10.800000190734863,32.387237548828125,1.0,"Tema Community 7, Royal School",deep,lstm_mha,h672,2026-01-04T23:00:00,2026-01-18T23:00:00,2026-02-15T23:00:00,tensorflow,1344.0,42.0
2026-02-15 23:00:00,38.099998474121094,32.356781005859375,1.0,"Tema Community 7, Royal School",deep,lstm_mha,h672,2026-01-04T23:00:00,2026-01-18T23:00:00,2026-02-15T23:00:00,tensorflow,1344.0,42.0
2026-01-29 04:00:00,53.0,35.09832000732422,1.0,Tema Port,deep,lstm_mha,h672,2026-01-04T23:00:00,2026-01-18T23:00:00,2026-02-15T23:00:00,tensorflow,1344.0,42.0
2026-01-29 05:00:00,53.599998474121094,34.882022857666016,1.0,Tema Port,deep,lstm_mha,h672,2026-01-04T23:00:00,2026-01-18T23:00:00,2026-02-15T23:00:00,tensorflow,1344.0,42.0
2026-01-29 06:00:00,67.69999694824219,34.705989837646484,1.0,Tema Port,deep,lstm_mha,h672,2026-01-04T23:00:00,2026-01-18T23:00:00,2026-02-15T23:00:00,tensorflow,1344.0,42.0
2026-01-29 07:00:00,53.099998474121094,34.215126037597656,1.0,Tema Port,deep,lstm_mha,h672,2026-01-04T23:00:00,2026-01-18T23:00:00,2026-02-15T23:00:00,tensorflow,1344.0,42.0
2026-01-29 08:00:00,65.0999984741211,33.19781494140625,1.0,Tema Port,deep,lstm_mha,h672,2026-01-04T23:00:00,2026-01-18T23:00:00,2026-02-15T23:00:00,tensorflow,1344.0,42.0
2026-01-29 09:00:00,57.400001525878906,32.55698776245117,1.0,Tema Port,deep,lstm_mha,h672,2026-01-04T23:00:00,2026-01-18T23:00:00,2026-02-15T23:00:00,tensorflow,1344.0,42.0
2026-01-29 10:00:00,58.900001525878906,31.641008377075195,1.0,Tema Port,deep,lstm_mha,h672,2026-01-04T23:00:00,2026-01-18T23:00:00,2026-02-15T23:00:00,tensorflow,1344.0,42.0
2026-01-29 11:00:00,55.29999923706055,30.912975311279297,1.0,Tema Port,deep,lstm_mha,h672,2026-01-04T23:00:00,2026-01-18T23:00:00,2026-02-15T23:00:00,tensorflow,1344.0,42.0
2026-01-29 12:00:00,50.900001525878906,30.42282485961914,1.0,Tema Port,deep,lstm_mha,h672,2026-01-04T23:00:00,2026-01-18T23:00:00,2026-02-15T23:00:00,tensorflow,1344.0,42.0
2026-01-29 13:00:00,41.400001525878906,30.436933517456055,1.0,Tema Port,deep,lstm_mha,h672,2026-01-04T23:00:00,2026-01-18T23:00:00,2026-02-15T23:00:00,tensorflow,1344.0,42.0
2026-01-29 14:00:00,41.400001525878906,30.736122131347656,1.0,Tema Port,deep,lstm_mha,h672,2026-01-04T23:00:00,2026-01-18T23:00:00,2026-02-15T23:00:00,tensorflow,1344.0,42.0
2026-01-29 15:00:00,41.20000076293945,30.936115264892578,1.0,Tema Port,deep,lstm_mha,h672,2026-01-04T23:00:00,2026-01-18T23:00:00,2026-02-15T23:00:00,tensorflow,1344.0,42.0
2026-01-29 16:00:00,42.29999923706055,30.98089599609375,1.0,Tema Port,deep,lstm_mha,h672,2026-01-04T23:00:00,2026-01-18T23:00:00,2026-02-15T23:00:00,tensorflow,1344.0,42.0
2026-01-29 17:00:00,42.400001525878906,31.058879852294922,1.0,Tema Port,deep,lstm_mha,h672,2026-01-04T23:00:00,2026-01-18T23:00:00,2026-02-15T23:00:00,tensorflow,1344.0,42.0
2026-01-29 18:00:00,43.70000076293945,31.486818313598633,1.0,Tema Port,deep,lstm_mha,h672,2026-01-04T23:00:00,2026-01-18T23:00:00,2026-02-15T23:00:00,tensorflow,1344.0,42.0
2026-01-29 19:00:00,38.70000076293945,31.932870864868164,1.0,Tema Port,deep,lstm_mha,h672,2026-01-04T23:00:00,2026-01-18T23:00:00,2026-02-15T23:00:00,tensorflow,1344.0,42.0
2026-01-29 20:00:00,39.29999923706055,32.452640533447266,1.0,Tema Port,deep,lstm_mha,h672,2026-01-04T23:00:00,2026-01-18T23:00:00,2026-02-15T23:00:00,tensorflow,1344.0,42.0
2026-01-29 21:00:00,38.599998474121094,32.51671600341797,1.0,Tema Port,deep,lstm_mha,h672,2026-01-04T23:00:00,2026-01-18T23:00:00,2026-02-15T23:00:00,tensorflow,1344.0,42.0
2026-01-29 22:00:00,40.29999923706055,32.638671875,1.0,Tema Port,deep,lstm_mha,h672,2026-01-04T23:00:00,2026-01-18T23:00:00,2026-02-15T23:00:00,tensorflow,1344.0,42.0
2026-01-29 23:00:00,38.599998474121094,33.04792022705078,1.0,Tema Port,deep,lstm_mha,h672,2026-01-04T23:00:00,2026-01-18T23:00:00,2026-02-15T23:00:00,tensorflow,1344.0,42.0
2026-01-30 00:00:00,41.099998474121094,33.46474075317383,1.0,Tema Port,deep,lstm_mha,h672,2026-01-04T23:00:00,2026-01-18T23:00:00,2026-02-15T23:00:00,tensorflow,1344.0,42.0
2026-01-30 01:00:00,40.29999923706055,33.79104232788086,1.0,Tema Port,deep,lstm_mha,h672,2026-01-04T23:00:00,2026-01-18T23:00:00,2026-02-15T23:00:00,tensorflow,1344.0,42.0
2026-01-30 02:00:00,43.29999923706055,33.806175231933594,1.0,Tema Port,deep,lstm_mha,h672,2026-01-04T23:00:00,2026-01-18T23:00:00,2026-02-15T23:00:00,tensorflow,1344.0,42.0
2026-01-30 03:00:00,56.5,33.990333557128906,1.0,Tema Port,deep,lstm_mha,h672,2026-01-04T23:00:00,2026-01-18T23:00:00,2026-02-15T23:00:00,tensorflow,1344.0,42.0
2026-01-30 04:00:00,47.79999923706055,34.05207061767578,1.0,Tema Port,deep,lstm_mha,h672,2026-01-04T23:00:00,2026-01-18T23:00:00,2026-02-15T23:00:00,tensorflow,1344.0,42.0
2026-01-30 05:00:00,51.099998474121094,34.107181549072266,1.0,Tema Port,deep,lstm_mha,h672,2026-01-04T23:00:00,2026-01-18T23:00:00,2026-02-15T23:00:00,tensorflow,1344.0,42.0
2026-01-30 06:00:00,59.400001525878906,34.15787887573242,1.0,Tema Port,deep,lstm_mha,h672,2026-01-04T23:00:00,2026-01-18T23:00:00,2026-02-15T23:00:00,tensorflow,1344.0,42.0
2026-01-30 07:00:00,49.0,33.54915237426758,1.0,Tema Port,deep,lstm_mha,h672,2026-01-04T23:00:00,2026-01-18T23:00:00,2026-02-15T23:00:00,tensorflow,1344.0,42.0
2026-01-30 08:00:00,44.29999923706055,33.93634796142578,1.0,Tema Port,deep,lstm_mha,h672,2026-01-04T23:00:00,2026-01-18T23:00:00,2026-02-15T23:00:00,tensorflow,1344.0,42.0
2026-01-30 09:00:00,43.5,33.05092239379883,1.0,Tema Port,deep,lstm_mha,h672,2026-01-04T23:00:00,2026-01-18T23:00:00,2026-02-15T23:00:00,tensorflow,1344.0,42.0
2026-01-30 10:00:00,44.099998474121094,31.488479614257812,1.0,Tema Port,deep,lstm_mha,h672,2026-01-04T23:00:00,2026-01-18T23:00:00,2026-02-15T23:00:00,tensorflow,1344.0,42.0
2026-01-30 11:00:00,45.20000076293945,30.667322158813477,1.0,Tema Port,deep,lstm_mha,h672,2026-01-04T23:00:00,2026-01-18T23:00:00,2026-02-15T23:00:00,tensorflow,1344.0,42.0
2026-01-30 12:00:00,48.20000076293945,30.48775863647461,1.0,Tema Port,deep,lstm_mha,h672,2026-01-04T23:00:00,2026-01-18T23:00:00,2026-02-15T23:00:00,tensorflow,1344.0,42.0
2026-01-30 13:00:00,40.0,30.28131675720215,1.0,Tema Port,deep,lstm_mha,h672,2026-01-04T23:00:00,2026-01-18T23:00:00,2026-02-15T23:00:00,tensorflow,1344.0,42.0
2026-01-30 14:00:00,39.099998474121094,30.429508209228516,1.0,Tema Port,deep,lstm_mha,h672,2026-01-04T23:00:00,2026-01-18T23:00:00,2026-02-15T23:00:00,tensorflow,1344.0,42.0
2026-01-30 15:00:00,36.79999923706055,30.71238136291504,1.0,Tema Port,deep,lstm_mha,h672,2026-01-04T23:00:00,2026-01-18T23:00:00,2026-02-15T23:00:00,tensorflow,1344.0,42.0
2026-01-30 16:00:00,38.20000076293945,30.878231048583984,1.0,Tema Port,deep,lstm_mha,h672,2026-01-04T23:00:00,2026-01-18T23:00:00,2026-02-15T23:00:00,tensorflow,1344.0,42.0
2026-01-30 17:00:00,71.19999694824219,31.27743911743164,1.0,Tema Port,deep,lstm_mha,h672,2026-01-04T23:00:00,2026-01-18T23:00:00,2026-02-15T23:00:00,tensorflow,1344.0,42.0
2026-01-30 18:00:00,59.0,30.642566680908203,1.0,Tema Port,deep,lstm_mha,h672,2026-01-04T23:00:00,2026-01-18T23:00:00,2026-02-15T23:00:00,tensorflow,1344.0,42.0
2026-01-30 19:00:00,38.599998474121094,30.600954055786133,1.0,Tema Port,deep,lstm_mha,h672,2026-01-04T23:00:00,2026-01-18T23:00:00,2026-02-15T23:00:00,tensorflow,1344.0,42.0
2026-01-30 20:00:00,73.5,31.565292358398438,1.0,Tema Port,deep,lstm_mha,h672,2026-01-04T23:00:00,2026-01-18T23:00:00,2026-02-15T23:00:00,tensorflow,1344.0,42.0
2026-01-30 21:00:00,40.900001525878906,31.61163330078125,1.0,Tema Port,deep,lstm_mha,h672,2026-01-04T23:00:00,2026-01-18T23:00:00,2026-02-15T23:00:00,tensorflow,1344.0,42.0
2026-01-30 22:00:00,38.900001525878906,31.653953552246094,1.0,Tema Port,deep,lstm_mha,h672,2026-01-04T23:00:00,2026-01-18T23:00:00,2026-02-15T23:00:00,tensorflow,1344.0,42.0
2026-01-30 23:00:00,40.5,31.637908935546875,1.0,Tema Port,deep,lstm_mha,h672,2026-01-04T23:00:00,2026-01-18T23:00:00,2026-02-15T23:00:00,tensorflow,1344.0,42.0
2026-01-31 00:00:00,42.29999923706055,31.54643440246582,1.0,Tema Port,deep,lstm_mha,h672,2026-01-04T23:00:00,2026-01-18T23:00:00,2026-02-15T23:00:00,tensorflow,1344.0,42.0
2026-01-31 01:00:00,39.900001525878906,32.01758575439453,1.0,Tema Port,deep,lstm_mha,h672,2026-01-04T23:00:00,2026-01-18T23:00:00,2026-02-15T23:00:00,tensorflow,1344.0,42.0
2026-01-31 02:00:00,41.400001525878906,33.48574447631836,1.0,Tema Port,deep,lstm_mha,h672,2026-01-04T23:00:00,2026-01-18T23:00:00,2026-02-15T23:00:00,tensorflow,1344.0,42.0
2026-01-31 03:00:00,44.79999923706055,33.935428619384766,1.0,Tema Port,deep,lstm_mha,h672,2026-01-04T23:00:00,2026-01-18T23:00:00,2026-02-15T23:00:00,tensorflow,1344.0,42.0
2026-01-31 04:00:00,45.5,33.94696044921875,1.0,Tema Port,deep,lstm_mha,h672,2026-01-04T23:00:00,2026-01-18T23:00:00,2026-02-15T23:00:00,tensorflow,1344.0,42.0
2026-01-31 05:00:00,42.599998474121094,34.270713806152344,1.0,Tema Port,deep,lstm_mha,h672,2026-01-04T23:00:00,2026-01-18T23:00:00,2026-02-15T23:00:00,tensorflow,1344.0,42.0
2026-01-31 06:00:00,50.20000076293945,34.404476165771484,1.0,Tema Port,deep,lstm_mha,h672,2026-01-04T23:00:00,2026-01-18T23:00:00,2026-02-15T23:00:00,tensorflow,1344.0,42.0
2026-01-31 07:00:00,50.70000076293945,34.290863037109375,1.0,Tema Port,deep,lstm_mha,h672,2026-01-04T23:00:00,2026-01-18T23:00:00,2026-02-15T23:00:00,tensorflow,1344.0,42.0
2026-01-31 08:00:00,48.70000076293945,34.0565299987793,1.0,Tema Port,deep,lstm_mha,h672,2026-01-04T23:00:00,2026-01-18T23:00:00,2026-02-15T23:00:00,tensorflow,1344.0,42.0
2026-01-31 09:00:00,64.0,31.797225952148438,1.0,Tema Port,deep,lstm_mha,h672,2026-01-04T23:00:00,2026-01-18T23:00:00,2026-02-15T23:00:00,tensorflow,1344.0,42.0
2026-01-31 10:00:00,47.599998474121094,31.372726440429688,1.0,Tema Port,deep,lstm_mha,h672,2026-01-04T23:00:00,2026-01-18T23:00:00,2026-02-15T23:00:00,tensorflow,1344.0,42.0
2026-01-31 11:00:00,36.5,30.5483341217041,1.0,Tema Port,deep,lstm_mha,h672,2026-01-04T23:00:00,2026-01-18T23:00:00,2026-02-15T23:00:00,tensorflow,1344.0,42.0
2026-01-31 12:00:00,32.599998474121094,30.21257781982422,1.0,Tema Port,deep,lstm_mha,h672,2026-01-04T23:00:00,2026-01-18T23:00:00,2026-02-15T23:00:00,tensorflow,1344.0,42.0
2026-01-31 13:00:00,32.5,29.75564193725586,1.0,Tema Port,deep,lstm_mha,h672,2026-01-04T23:00:00,2026-01-18T23:00:00,2026-02-15T23:00:00,tensorflow,1344.0,42.0
2026-01-31 14:00:00,32.400001525878906,29.99347496032715,1.0,Tema Port,deep,lstm_mha,h672,2026-01-04T23:00:00,2026-01-18T23:00:00,2026-02-15T23:00:00,tensorflow,1344.0,42.0
2026-01-31 15:00:00,33.79999923706055,29.88406753540039,1.0,Tema Port,deep,lstm_mha,h672,2026-01-04T23:00:00,2026-01-18T23:00:00,2026-02-15T23:00:00,tensorflow,1344.0,42.0
2026-01-31 16:00:00,32.0,29.836872100830078,1.0,Tema Port,deep,lstm_mha,h672,2026-01-04T23:00:00,2026-01-18T23:00:00,2026-02-15T23:00:00,tensorflow,1344.0,42.0
2026-01-31 17:00:00,36.20000076293945,30.059036254882812,1.0,Tema Port,deep,lstm_mha,h672,2026-01-04T23:00:00,2026-01-18T23:00:00,2026-02-15T23:00:00,tensorflow,1344.0,42.0
2026-01-31 18:00:00,33.5,30.552417755126953,1.0,Tema Port,deep,lstm_mha,h672,2026-01-04T23:00:00,2026-01-18T23:00:00,2026-02-15T23:00:00,tensorflow,1344.0,42.0
2026-01-31 19:00:00,37.79999923706055,30.8775577545166,1.0,Tema Port,deep,lstm_mha,h672,2026-01-04T23:00:00,2026-01-18T23:00:00,2026-02-15T23:00:00,tensorflow,1344.0,42.0
2026-01-31 20:00:00,40.20000076293945,30.626007080078125,1.0,Tema Port,deep,lstm_mha,h672,2026-01-04T23:00:00,2026-01-18T23:00:00,2026-02-15T23:00:00,tensorflow,1344.0,42.0
2026-01-31 21:00:00,33.5,30.818227767944336,1.0,Tema Port,deep,lstm_mha,h672,2026-01-04T23:00:00,2026-01-18T23:00:00,2026-02-15T23:00:00,tensorflow,1344.0,42.0
2026-01-31 22:00:00,32.0,30.676071166992188,1.0,Tema Port,deep,lstm_mha,h672,2026-01-04T23:00:00,2026-01-18T23:00:00,2026-02-15T23:00:00,tensorflow,1344.0,42.0
2026-01-31 23:00:00,44.70000076293945,30.869590759277344,1.0,Tema Port,deep,lstm_mha,h672,2026-01-04T23:00:00,2026-01-18T23:00:00,2026-02-15T23:00:00,tensorflow,1344.0,42.0
2026-02-01 00:00:00,37.400001525878906,31.431110382080078,1.0,Tema Port,deep,lstm_mha,h672,2026-01-04T23:00:00,2026-01-18T23:00:00,2026-02-15T23:00:00,tensorflow,1344.0,42.0
2026-02-01 01:00:00,34.79999923706055,31.483474731445312,1.0,Tema Port,deep,lstm_mha,h672,2026-01-04T23:00:00,2026-01-18T23:00:00,2026-02-15T23:00:00,tensorflow,1344.0,42.0
2026-02-01 02:00:00,31.5,31.686594009399414,1.0,Tema Port,deep,lstm_mha,h672,2026-01-04T23:00:00,2026-01-18T23:00:00,2026-02-15T23:00:00,tensorflow,1344.0,42.0
2026-02-01 03:00:00,29.899999618530273,31.9592342376709,1.0,Tema Port,deep,lstm_mha,h672,2026-01-04T23:00:00,2026-01-18T23:00:00,2026-02-15T23:00:00,tensorflow,1344.0,42.0
2026-02-01 04:00:00,32.099998474121094,32.69365310668945,1.0,Tema Port,deep,lstm_mha,h672,2026-01-04T23:00:00,2026-01-18T23:00:00,2026-02-15T23:00:00,tensorflow,1344.0,42.0
2026-02-01 05:00:00,80.5999984741211,34.04479217529297,1.0,Tema Port,deep,lstm_mha,h672,2026-01-04T23:00:00,2026-01-18T23:00:00,2026-02-15T23:00:00,tensorflow,1344.0,42.0
2026-02-01 06:00:00,43.0,34.0384407043457,1.0,Tema Port,deep,lstm_mha,h672,2026-01-04T23:00:00,2026-01-18T23:00:00,2026-02-15T23:00:00,tensorflow,1344.0,42.0
2026-02-01 07:00:00,54.900001525878906,33.02983856201172,1.0,Tema Port,deep,lstm_mha,h672,2026-01-04T23:00:00,2026-01-18T23:00:00,2026-02-15T23:00:00,tensorflow,1344.0,42.0
2026-02-01 08:00:00,64.5999984741211,31.375205993652344,1.0,Tema Port,deep,lstm_mha,h672,2026-01-04T23:00:00,2026-01-18T23:00:00,2026-02-15T23:00:00,tensorflow,1344.0,42.0
2026-02-01 09:00:00,51.099998474121094,30.210033416748047,1.0,Tema Port,deep,lstm_mha,h672,2026-01-04T23:00:00,2026-01-18T23:00:00,2026-02-15T23:00:00,tensorflow,1344.0,42.0
2026-02-01 10:00:00,35.400001525878906,29.92149543762207,1.0,Tema Port,deep,lstm_mha,h672,2026-01-04T23:00:00,2026-01-18T23:00:00,2026-02-15T23:00:00,tensorflow,1344.0,42.0
2026-02-01 11:00:00,31.899999618530273,29.871095657348633,1.0,Tema Port,deep,lstm_mha,h672,2026-01-04T23:00:00,2026-01-18T23:00:00,2026-02-15T23:00:00,tensorflow,1344.0,42.0
2026-02-01 12:00:00,28.700000762939453,29.655757904052734,1.0,Tema Port,deep,lstm_mha,h672,2026-01-04T23:00:00,2026-01-18T23:00:00,2026-02-15T23:00:00,tensorflow,1344.0,42.0
2026-02-01 13:00:00,27.200000762939453,29.62530517578125,1.0,Tema Port,deep,lstm_mha,h672,2026-01-04T23:00:00,2026-01-18T23:00:00,2026-02-15T23:00:00,tensorflow,1344.0,42.0
2026-02-01 14:00:00,27.399999618530273,29.509540557861328,1.0,Tema Port,deep,lstm_mha,h672,2026-01-04T23:00:00,2026-01-18T23:00:00,2026-02-15T23:00:00,tensorflow,1344.0,42.0
2026-02-01 15:00:00,29.299999237060547,29.514373779296875,1.0,Tema Port,deep,lstm_mha,h672,2026-01-04T23:00:00,2026-01-18T23:00:00,2026-02-15T23:00:00,tensorflow,1344.0,42.0
2026-02-01 16:00:00,29.5,29.7353572845459,1.0,Tema Port,deep,lstm_mha,h672,2026-01-04T23:00:00,2026-01-18T23:00:00,2026-02-15T23:00:00,tensorflow,1344.0,42.0
2026-02-01 17:00:00,29.899999618530273,29.809112548828125,1.0,Tema Port,deep,lstm_mha,h672,2026-01-04T23:00:00,2026-01-18T23:00:00,2026-02-15T23:00:00,tensorflow,1344.0,42.0
2026-02-01 18:00:00,34.70000076293945,29.999835968017578,1.0,Tema Port,deep,lstm_mha,h672,2026-01-04T23:00:00,2026-01-18T23:00:00,2026-02-15T23:00:00,tensorflow,1344.0,42.0
2026-02-01 19:00:00,28.700000762939453,30.167545318603516,1.0,Tema Port,deep,lstm_mha,h672,2026-01-04T23:00:00,2026-01-18T23:00:00,2026-02-15T23:00:00,tensorflow,1344.0,42.0
2026-02-01 20:00:00,28.399999618530273,30.263507843017578,1.0,Tema Port,deep,lstm_mha,h672,2026-01-04T23:00:00,2026-01-18T23:00:00,2026-02-15T23:00:00,tensorflow,1344.0,42.0
2026-02-01 21:00:00,29.700000762939453,30.47886085510254,1.0,Tema Port,deep,lstm_mha,h672,2026-01-04T23:00:00,2026-01-18T23:00:00,2026-02-15T23:00:00,tensorflow,1344.0,42.0
2026-02-01 22:00:00,25.600000381469727,30.86271095275879,1.0,Tema Port,deep,lstm_mha,h672,2026-01-04T23:00:00,2026-01-18T23:00:00,2026-02-15T23:00:00,tensorflow,1344.0,42.0
2026-02-01 23:00:00,26.5,31.527605056762695,1.0,Tema Port,deep,lstm_mha,h672,2026-01-04T23:00:00,2026-01-18T23:00:00,2026-02-15T23:00:00,tensorflow,1344.0,42.0
2026-02-02 00:00:00,33.70000076293945,32.40167236328125,1.0,Tema Port,deep,lstm_mha,h672,2026-01-04T23:00:00,2026-01-18T23:00:00,2026-02-15T23:00:00,tensorflow,1344.0,42.0
2026-02-02 01:00:00,31.399999618530273,32.68986892700195,1.0,Tema Port,deep,lstm_mha,h672,2026-01-04T23:00:00,2026-01-18T23:00:00,2026-02-15T23:00:00,tensorflow,1344.0,42.0
2026-02-02 02:00:00,30.299999237060547,32.91423797607422,1.0,Tema Port,deep,lstm_mha,h672,2026-01-04T23:00:00,2026-01-18T23:00:00,2026-02-15T23:00:00,tensorflow,1344.0,42.0
2026-02-02 03:00:00,36.79999923706055,33.12589645385742,1.0,Tema Port,deep,lstm_mha,h672,2026-01-04T23:00:00,2026-01-18T23:00:00,2026-02-15T23:00:00,tensorflow,1344.0,42.0
2026-02-02 04:00:00,43.099998474121094,32.933349609375,1.0,Tema Port,deep,lstm_mha,h672,2026-01-04T23:00:00,2026-01-18T23:00:00,2026-02-15T23:00:00,tensorflow,1344.0,42.0
2026-02-02 05:00:00,39.900001525878906,33.31689453125,1.0,Tema Port,deep,lstm_mha,h672,2026-01-04T23:00:00,2026-01-18T23:00:00,2026-02-15T23:00:00,tensorflow,1344.0,42.0
2026-02-02 06:00:00,45.599998474121094,33.57223129272461,1.0,Tema Port,deep,lstm_mha,h672,2026-01-04T23:00:00,2026-01-18T23:00:00,2026-02-15T23:00:00,tensorflow,1344.0,42.0
2026-02-02 07:00:00,57.70000076293945,33.263572692871094,1.0,Tema Port,deep,lstm_mha,h672,2026-01-04T23:00:00,2026-01-18T23:00:00,2026-02-15T23:00:00,tensorflow,1344.0,42.0
2026-02-02 08:00:00,72.9000015258789,32.485069274902344,1.0,Tema Port,deep,lstm_mha,h672,2026-01-04T23:00:00,2026-01-18T23:00:00,2026-02-15T23:00:00,tensorflow,1344.0,42.0
2026-02-02 09:00:00,62.0,31.47540855407715,1.0,Tema Port,deep,lstm_mha,h672,2026-01-04T23:00:00,2026-01-18T23:00:00,2026-02-15T23:00:00,tensorflow,1344.0,42.0
2026-02-02 10:00:00,51.5,31.011497497558594,1.0,Tema Port,deep,lstm_mha,h672,2026-01-04T23:00:00,2026-01-18T23:00:00,2026-02-15T23:00:00,tensorflow,1344.0,42.0
2026-02-02 11:00:00,33.099998474121094,30.7002010345459,1.0,Tema Port,deep,lstm_mha,h672,2026-01-04T23:00:00,2026-01-18T23:00:00,2026-02-15T23:00:00,tensorflow,1344.0,42.0
2026-02-02 12:00:00,30.100000381469727,30.371170043945312,1.0,Tema Port,deep,lstm_mha,h672,2026-01-04T23:00:00,2026-01-18T23:00:00,2026-02-15T23:00:00,tensorflow,1344.0,42.0
2026-02-02 13:00:00,29.100000381469727,30.218597412109375,1.0,Tema Port,deep,lstm_mha,h672,2026-01-04T23:00:00,2026-01-18T23:00:00,2026-02-15T23:00:00,tensorflow,1344.0,42.0
2026-02-02 14:00:00,31.399999618530273,30.324939727783203,1.0,Tema Port,deep,lstm_mha,h672,2026-01-04T23:00:00,2026-01-18T23:00:00,2026-02-15T23:00:00,tensorflow,1344.0,42.0
2026-02-02 15:00:00,31.600000381469727,30.204336166381836,1.0,Tema Port,deep,lstm_mha,h672,2026-01-04T23:00:00,2026-01-18T23:00:00,2026-02-15T23:00:00,tensorflow,1344.0,42.0
2026-02-02 16:00:00,34.5,30.349864959716797,1.0,Tema Port,deep,lstm_mha,h672,2026-01-04T23:00:00,2026-01-18T23:00:00,2026-02-15T23:00:00,tensorflow,1344.0,42.0
2026-02-02 17:00:00,34.20000076293945,30.534950256347656,1.0,Tema Port,deep,lstm_mha,h672,2026-01-04T23:00:00,2026-01-18T23:00:00,2026-02-15T23:00:00,tensorflow,1344.0,42.0
2026-02-02 18:00:00,36.70000076293945,30.885839462280273,1.0,Tema Port,deep,lstm_mha,h672,2026-01-04T23:00:00,2026-01-18T23:00:00,2026-02-15T23:00:00,tensorflow,1344.0,42.0
2026-02-02 19:00:00,32.099998474121094,31.30974006652832,1.0,Tema Port,deep,lstm_mha,h672,2026-01-04T23:00:00,2026-01-18T23:00:00,2026-02-15T23:00:00,tensorflow,1344.0,42.0
2026-02-02 20:00:00,38.5,31.454984664916992,1.0,Tema Port,deep,lstm_mha,h672,2026-01-04T23:00:00,2026-01-18T23:00:00,2026-02-15T23:00:00,tensorflow,1344.0,42.0
2026-02-02 21:00:00,40.0,32.02178955078125,1.0,Tema Port,deep,lstm_mha,h672,2026-01-04T23:00:00,2026-01-18T23:00:00,2026-02-15T23:00:00,tensorflow,1344.0,42.0
2026-02-02 22:00:00,42.400001525878906,32.06385040283203,1.0,Tema Port,deep,lstm_mha,h672,2026-01-04T23:00:00,2026-01-18T23:00:00,2026-02-15T23:00:00,tensorflow,1344.0,42.0
2026-02-02 23:00:00,45.5,32.049320220947266,1.0,Tema Port,deep,lstm_mha,h672,2026-01-04T23:00:00,2026-01-18T23:00:00,2026-02-15T23:00:00,tensorflow,1344.0,42.0
2026-02-03 00:00:00,67.30000305175781,32.38850021362305,1.0,Tema Port,deep,lstm_mha,h672,2026-01-04T23:00:00,2026-01-18T23:00:00,2026-02-15T23:00:00,tensorflow,1344.0,42.0
2026-02-03 01:00:00,52.5,32.75251007080078,1.0,Tema Port,deep,lstm_mha,h672,2026-01-04T23:00:00,2026-01-18T23:00:00,2026-02-15T23:00:00,tensorflow,1344.0,42.0
2026-02-03 02:00:00,48.20000076293945,32.504764556884766,1.0,Tema Port,deep,lstm_mha,h672,2026-01-04T23:00:00,2026-01-18T23:00:00,2026-02-15T23:00:00,tensorflow,1344.0,42.0
2026-02-03 03:00:00,52.29999923706055,32.898399353027344,1.0,Tema Port,deep,lstm_mha,h672,2026-01-04T23:00:00,2026-01-18T23:00:00,2026-02-15T23:00:00,tensorflow,1344.0,42.0
2026-02-03 04:00:00,44.099998474121094,32.89132308959961,1.0,Tema Port,deep,lstm_mha,h672,2026-01-04T23:00:00,2026-01-18T23:00:00,2026-02-15T23:00:00,tensorflow,1344.0,42.0
2026-02-03 05:00:00,62.29999923706055,33.43791580200195,1.0,Tema Port,deep,lstm_mha,h672,2026-01-04T23:00:00,2026-01-18T23:00:00,2026-02-15T23:00:00,tensorflow,1344.0,42.0
2026-02-03 06:00:00,62.099998474121094,34.00368118286133,1.0,Tema Port,deep,lstm_mha,h672,2026-01-04T23:00:00,2026-01-18T23:00:00,2026-02-15T23:00:00,tensorflow,1344.0,42.0
2026-02-03 07:00:00,55.400001525878906,33.56022644042969,1.0,Tema Port,deep,lstm_mha,h672,2026-01-04T23:00:00,2026-01-18T23:00:00,2026-02-15T23:00:00,tensorflow,1344.0,42.0
2026-02-03 08:00:00,38.099998474121094,32.57006072998047,1.0,Tema Port,deep,lstm_mha,h672,2026-01-04T23:00:00,2026-01-18T23:00:00,2026-02-15T23:00:00,tensorflow,1344.0,42.0
2026-02-03 09:00:00,33.5,31.748308181762695,1.0,Tema Port,deep,lstm_mha,h672,2026-01-04T23:00:00,2026-01-18T23:00:00,2026-02-15T23:00:00,tensorflow,1344.0,42.0
2026-02-03 10:00:00,38.400001525878906,31.90142822265625,1.0,Tema Port,deep,lstm_mha,h672,2026-01-04T23:00:00,2026-01-18T23:00:00,2026-02-15T23:00:00,tensorflow,1344.0,42.0
2026-02-03 11:00:00,48.29999923706055,31.29233741760254,1.0,Tema Port,deep,lstm_mha,h672,2026-01-04T23:00:00,2026-01-18T23:00:00,2026-02-15T23:00:00,tensorflow,1344.0,42.0
2026-02-03 12:00:00,41.099998474121094,30.709259033203125,1.0,Tema Port,deep,lstm_mha,h672,2026-01-04T23:00:00,2026-01-18T23:00:00,2026-02-15T23:00:00,tensorflow,1344.0,42.0
2026-02-03 13:00:00,30.700000762939453,30.435527801513672,1.0,Tema Port,deep,lstm_mha,h672,2026-01-04T23:00:00,2026-01-18T23:00:00,2026-02-15T23:00:00,tensorflow,1344.0,42.0
2026-02-03 14:00:00,41.5,30.33600616455078,1.0,Tema Port,deep,lstm_mha,h672,2026-01-04T23:00:00,2026-01-18T23:00:00,2026-02-15T23:00:00,tensorflow,1344.0,42.0
2026-02-03 15:00:00,34.79999923706055,30.100872039794922,1.0,Tema Port,deep,lstm_mha,h672,2026-01-04T23:00:00,2026-01-18T23:00:00,2026-02-15T23:00:00,tensorflow,1344.0,42.0
2026-02-03 16:00:00,35.400001525878906,30.14634895324707,1.0,Tema Port,deep,lstm_mha,h672,2026-01-04T23:00:00,2026-01-18T23:00:00,2026-02-15T23:00:00,tensorflow,1344.0,42.0
2026-02-03 17:00:00,34.400001525878906,30.778913497924805,1.0,Tema Port,deep,lstm_mha,h672,2026-01-04T23:00:00,2026-01-18T23:00:00,2026-02-15T23:00:00,tensorflow,1344.0,42.0
2026-02-03 18:00:00,42.5,31.116500854492188,1.0,Tema Port,deep,lstm_mha,h672,2026-01-04T23:00:00,2026-01-18T23:00:00,2026-02-15T23:00:00,tensorflow,1344.0,42.0
2026-02-03 19:00:00,64.0,31.373647689819336,1.0,Tema Port,deep,lstm_mha,h672,2026-01-04T23:00:00,2026-01-18T23:00:00,2026-02-15T23:00:00,tensorflow,1344.0,42.0
2026-02-03 20:00:00,67.9000015258789,31.468833923339844,1.0,Tema Port,deep,lstm_mha,h672,2026-01-04T23:00:00,2026-01-18T23:00:00,2026-02-15T23:00:00,tensorflow,1344.0,42.0
2026-02-03 21:00:00,82.5,31.496307373046875,1.0,Tema Port,deep,lstm_mha,h672,2026-01-04T23:00:00,2026-01-18T23:00:00,2026-02-15T23:00:00,tensorflow,1344.0,42.0
2026-02-03 22:00:00,59.599998474121094,31.713096618652344,1.0,Tema Port,deep,lstm_mha,h672,2026-01-04T23:00:00,2026-01-18T23:00:00,2026-02-15T23:00:00,tensorflow,1344.0,42.0
2026-02-03 23:00:00,50.0,31.853487014770508,1.0,Tema Port,deep,lstm_mha,h672,2026-01-04T23:00:00,2026-01-18T23:00:00,2026-02-15T23:00:00,tensorflow,1344.0,42.0
2026-02-04 00:00:00,73.30000305175781,32.245445251464844,1.0,Tema Port,deep,lstm_mha,h672,2026-01-04T23:00:00,2026-01-18T23:00:00,2026-02-15T23:00:00,tensorflow,1344.0,42.0
2026-02-04 01:00:00,50.79999923706055,32.504150390625,1.0,Tema Port,deep,lstm_mha,h672,2026-01-04T23:00:00,2026-01-18T23:00:00,2026-02-15T23:00:00,tensorflow,1344.0,42.0
2026-02-04 02:00:00,47.099998474121094,32.67694854736328,1.0,Tema Port,deep,lstm_mha,h672,2026-01-04T23:00:00,2026-01-18T23:00:00,2026-02-15T23:00:00,tensorflow,1344.0,42.0
2026-02-04 03:00:00,94.19999694824219,32.785072326660156,1.0,Tema Port,deep,lstm_mha,h672,2026-01-04T23:00:00,2026-01-18T23:00:00,2026-02-15T23:00:00,tensorflow,1344.0,42.0
