target_time,y_true,y_pred,harmattan,location,pipeline,model,horizon,split_val_start,split_test_start,split_tmax,keras_backend,seq_len,seed
2026-01-18 23:00:00,65.0,76.74481201171875,1.0,"Divine healer's Church, Bethlehem",tabular,xgboost,h24,2026-01-04T23:00:00,2026-01-18T23:00:00,2026-02-15T23:00:00,,,42.0
2026-01-19 00:00:00,67.6,69.1364974975586,1.0,"Divine healer's Church, Bethlehem",tabular,xgboost,h24,2026-01-04T23:00:00,2026-01-18T23:00:00,2026-02-15T23:00:00,,,42.0
2026-01-19 01:00:00,52.7,75.41397094726562,1.0,"Divine healer's Church, Bethlehem",tabular,xgboost,h24,2026-01-04T23:00:00,2026-01-18T23:00:00,2026-02-15T23:00:00,,,42.0
2026-01-19 02:00:00,43.0,65.45220184326172,1.0,"Divine healer's Church, Bethlehem",tabular,xgboost,h24,2026-01-04T23:00:00,2026-01-18T23:00:00,2026-02-15T23:00:00,,,42.0
2026-01-19 03:00:00,40.4,62.659061431884766,1.0,"Divine healer's Church, Bethlehem",tabular,xgboost,h24,2026-01-04T23:00:00,2026-01-18T23:00:00,2026-02-15T23:00:00,,,42.0
2026-01-19 04:00:00,42.4,70.28288269042969,1.0,"Divine healer's Church, Bethlehem",tabular,xgboost,h24,2026-01-04T23:00:00,2026-01-18T23:00:00,2026-02-15T23:00:00,,,42.0
2026-01-19 05:00:00,53.8,71.51841735839844,1.0,"Divine healer's Church, Bethlehem",tabular,xgboost,h24,2026-01-04T23:00:00,2026-01-18T23:00:00,2026-02-15T23:00:00,,,42.0
2026-01-19 06:00:00,53.5,79.64466857910156,1.0,"Divine healer's Church, Bethlehem",tabular,xgboost,h24,2026-01-04T23:00:00,2026-01-18T23:00:00,2026-02-15T23:00:00,,,42.0
2026-01-19 07:00:00,53.7,72.10464477539062,1.0,"Divine healer's Church, Bethlehem",tabular,xgboost,h24,2026-01-04T23:00:00,2026-01-18T23:00:00,2026-02-15T23:00:00,,,42.0
2026-01-19 08:00:00,92.0,59.662437438964844,1.0,"Divine healer's Church, Bethlehem",tabular,xgboost,h24,2026-01-04T23:00:00,2026-01-18T23:00:00,2026-02-15T23:00:00,,,42.0
2026-01-19 09:00:00,46.0,56.38129425048828,1.0,"Divine healer's Church, Bethlehem",tabular,xgboost,h24,2026-01-04T23:00:00,2026-01-18T23:00:00,2026-02-15T23:00:00,,,42.0
2026-01-19 10:00:00,47.7,58.93620681762695,1.0,"Divine healer's Church, Bethlehem",tabular,xgboost,h24,2026-01-04T23:00:00,2026-01-18T23:00:00,2026-02-15T23:00:00,,,42.0
2026-01-19 11:00:00,44.4,57.37126159667969,1.0,"Divine healer's Church, Bethlehem",tabular,xgboost,h24,2026-01-04T23:00:00,2026-01-18T23:00:00,2026-02-15T23:00:00,,,42.0
2026-01-19 12:00:00,37.8,55.09872055053711,1.0,"Divine healer's Church, Bethlehem",tabular,xgboost,h24,2026-01-04T23:00:00,2026-01-18T23:00:00,2026-02-15T23:00:00,,,42.0
2026-01-19 13:00:00,38.0,53.877830505371094,1.0,"Divine healer's Church, Bethlehem",tabular,xgboost,h24,2026-01-04T23:00:00,2026-01-18T23:00:00,2026-02-15T23:00:00,,,42.0
2026-01-19 14:00:00,50.8,53.25410461425781,1.0,"Divine healer's Church, Bethlehem",tabular,xgboost,h24,2026-01-04T23:00:00,2026-01-18T23:00:00,2026-02-15T23:00:00,,,42.0
2026-01-19 15:00:00,39.8,57.73291015625,1.0,"Divine healer's Church, Bethlehem",tabular,xgboost,h24,2026-01-04T23:00:00,2026-01-18T23:00:00,2026-02-15T23:00:00,,,42.0
2026-01-19 16:00:00,43.2,54.793094635009766,1.0,"Divine healer's Church, Bethlehem",tabular,xgboost,h24,2026-01-04T23:00:00,2026-01-18T23:00:00,2026-02-15T23:00:00,,,42.0
2026-01-19 17:00:00,49.5,60.07353973388672,1.0,"Divine healer's Church, Bethlehem",tabular,xgboost,h24,2026-01-04T23:00:00,2026-01-18T23:00:00,2026-02-15T23:00:00,,,42.0
2026-01-19 18:00:00,50.9,82.46028137207031,1.0,"Divine healer's Church, Bethlehem",tabular,xgboost,h24,2026-01-04T23:00:00,2026-01-18T23:00:00,2026-02-15T23:00:00,,,42.0
2026-01-19 19:00:00,46.9,90.5169906616211,1.0,"Divine healer's Church, Bethlehem",tabular,xgboost,h24,2026-01-04T23:00:00,2026-01-18T23:00:00,2026-02-15T23:00:00,,,42.0
2026-01-19 20:00:00,46.4,81.41334533691406,1.0,"Divine healer's Church, Bethlehem",tabular,xgboost,h24,2026-01-04T23:00:00,2026-01-18T23:00:00,2026-02-15T23:00:00,,,42.0
2026-01-19 21:00:00,39.1,78.87541198730469,1.0,"Divine healer's Church, Bethlehem",tabular,xgboost,h24,2026-01-04T23:00:00,2026-01-18T23:00:00,2026-02-15T23:00:00,,,42.0
2026-01-19 22:00:00,38.9,77.63724517822266,1.0,"Divine healer's Church, Bethlehem",tabular,xgboost,h24,2026-01-04T23:00:00,2026-01-18T23:00:00,2026-02-15T23:00:00,,,42.0
2026-01-19 23:00:00,34.9,77.07711791992188,1.0,"Divine healer's Church, Bethlehem",tabular,xgboost,h24,2026-01-04T23:00:00,2026-01-18T23:00:00,2026-02-15T23:00:00,,,42.0
2026-01-20 00:00:00,33.3,77.2364501953125,1.0,"Divine healer's Church, Bethlehem",tabular,xgboost,h24,2026-01-04T23:00:00,2026-01-18T23:00:00,2026-02-15T23:00:00,,,42.0
2026-01-20 01:00:00,33.3,69.6060562133789,1.0,"Divine healer's Church, Bethlehem",tabular,xgboost,h24,2026-01-04T23:00:00,2026-01-18T23:00:00,2026-02-15T23:00:00,,,42.0
2026-01-20 02:00:00,34.9,69.39167022705078,1.0,"Divine healer's Church, Bethlehem",tabular,xgboost,h24,2026-01-04T23:00:00,2026-01-18T23:00:00,2026-02-15T23:00:00,,,42.0
2026-01-20 03:00:00,48.6,70.57452392578125,1.0,"Divine healer's Church, Bethlehem",tabular,xgboost,h24,2026-01-04T23:00:00,2026-01-18T23:00:00,2026-02-15T23:00:00,,,42.0
2026-01-20 04:00:00,33.7,79.87261199951172,1.0,"Divine healer's Church, Bethlehem",tabular,xgboost,h24,2026-01-04T23:00:00,2026-01-18T23:00:00,2026-02-15T23:00:00,,,42.0
2026-01-20 05:00:00,39.5,85.64241790771484,1.0,"Divine healer's Church, Bethlehem",tabular,xgboost,h24,2026-01-04T23:00:00,2026-01-18T23:00:00,2026-02-15T23:00:00,,,42.0
2026-01-20 06:00:00,46.9,92.14248657226562,1.0,"Divine healer's Church, Bethlehem",tabular,xgboost,h24,2026-01-04T23:00:00,2026-01-18T23:00:00,2026-02-15T23:00:00,,,42.0
2026-01-20 07:00:00,42.6,81.03887176513672,1.0,"Divine healer's Church, Bethlehem",tabular,xgboost,h24,2026-01-04T23:00:00,2026-01-18T23:00:00,2026-02-15T23:00:00,,,42.0
2026-01-20 08:00:00,37.7,63.23274612426758,1.0,"Divine healer's Church, Bethlehem",tabular,xgboost,h24,2026-01-04T23:00:00,2026-01-18T23:00:00,2026-02-15T23:00:00,,,42.0
2026-01-20 09:00:00,38.9,66.89640045166016,1.0,"Divine healer's Church, Bethlehem",tabular,xgboost,h24,2026-01-04T23:00:00,2026-01-18T23:00:00,2026-02-15T23:00:00,,,42.0
2026-01-20 10:00:00,34.1,69.12493133544922,1.0,"Divine healer's Church, Bethlehem",tabular,xgboost,h24,2026-01-04T23:00:00,2026-01-18T23:00:00,2026-02-15T23:00:00,,,42.0
2026-01-20 11:00:00,33.4,73.44065856933594,1.0,"Divine healer's Church, Bethlehem",tabular,xgboost,h24,2026-01-04T23:00:00,2026-01-18T23:00:00,2026-02-15T23:00:00,,,42.0
2026-01-20 12:00:00,36.7,62.40764617919922,1.0,"Divine healer's Church, Bethlehem",tabular,xgboost,h24,2026-01-04T23:00:00,2026-01-18T23:00:00,2026-02-15T23:00:00,,,42.0
2026-01-20 13:00:00,36.8,70.2161636352539,1.0,"Divine healer's Church, Bethlehem",tabular,xgboost,h24,2026-01-04T23:00:00,2026-01-18T23:00:00,2026-02-15T23:00:00,,,42.0
2026-01-20 14:00:00,34.3,58.72296142578125,1.0,"Divine healer's Church, Bethlehem",tabular,xgboost,h24,2026-01-04T23:00:00,2026-01-18T23:00:00,2026-02-15T23:00:00,,,42.0
2026-01-20 15:00:00,40.9,60.727752685546875,1.0,"Divine healer's Church, Bethlehem",tabular,xgboost,h24,2026-01-04T23:00:00,2026-01-18T23:00:00,2026-02-15T23:00:00,,,42.0
2026-01-20 16:00:00,42.6,59.35271072387695,1.0,"Divine healer's Church, Bethlehem",tabular,xgboost,h24,2026-01-04T23:00:00,2026-01-18T23:00:00,2026-02-15T23:00:00,,,42.0
2026-01-20 17:00:00,39.6,60.71149826049805,1.0,"Divine healer's Church, Bethlehem",tabular,xgboost,h24,2026-01-04T23:00:00,2026-01-18T23:00:00,2026-02-15T23:00:00,,,42.0
2026-01-20 18:00:00,44.5,67.965576171875,1.0,"Divine healer's Church, Bethlehem",tabular,xgboost,h24,2026-01-04T23:00:00,2026-01-18T23:00:00,2026-02-15T23:00:00,,,42.0
2026-01-20 19:00:00,92.6,79.54769134521484,1.0,"Divine healer's Church, Bethlehem",tabular,xgboost,h24,2026-01-04T23:00:00,2026-01-18T23:00:00,2026-02-15T23:00:00,,,42.0
2026-01-20 20:00:00,64.0,67.8161392211914,1.0,"Divine healer's Church, Bethlehem",tabular,xgboost,h24,2026-01-04T23:00:00,2026-01-18T23:00:00,2026-02-15T23:00:00,,,42.0
2026-01-20 21:00:00,48.2,67.25627136230469,1.0,"Divine healer's Church, Bethlehem",tabular,xgboost,h24,2026-01-04T23:00:00,2026-01-18T23:00:00,2026-02-15T23:00:00,,,42.0
2026-01-20 22:00:00,31.7,69.298583984375,1.0,"Divine healer's Church, Bethlehem",tabular,xgboost,h24,2026-01-04T23:00:00,2026-01-18T23:00:00,2026-02-15T23:00:00,,,42.0
2026-01-20 23:00:00,35.1,73.16963195800781,1.0,"Divine healer's Church, Bethlehem",tabular,xgboost,h24,2026-01-04T23:00:00,2026-01-18T23:00:00,2026-02-15T23:00:00,,,42.0
2026-01-21 00:00:00,18.1,66.71833801269531,1.0,"Divine healer's Church, Bethlehem",tabular,xgboost,h24,2026-01-04T23:00:00,2026-01-18T23:00:00,2026-02-15T23:00:00,,,42.0
2026-01-21 01:00:00,35.0,65.92816162109375,1.0,"Divine healer's Church, Bethlehem",tabular,xgboost,h24,2026-01-04T23:00:00,2026-01-18T23:00:00,2026-02-15T23:00:00,,,42.0
2026-01-21 02:00:00,28.8,61.79819869995117,1.0,"Divine healer's Church, Bethlehem",tabular,xgboost,h24,2026-01-04T23:00:00,2026-01-18T23:00:00,2026-02-15T23:00:00,,,42.0
2026-01-21 03:00:00,16.5,70.40347290039062,1.0,"Divine healer's Church, Bethlehem",tabular,xgboost,h24,2026-01-04T23:00:00,2026-01-18T23:00:00,2026-02-15T23:00:00,,,42.0
2026-01-21 04:00:00,22.8,70.990478515625,1.0,"Divine healer's Church, Bethlehem",tabular,xgboost,h24,2026-01-04T23:00:00,2026-01-18T23:00:00,2026-02-15T23:00:00,,,42.0
2026-01-21 05:00:00,31.9,70.28907012939453,1.0,"Divine healer's Church, Bethlehem",tabular,xgboost,h24,2026-01-04T23:00:00,2026-01-18T23:00:00,2026-02-15T23:00:00,,,42.0
2026-01-21 06:00:00,45.0,72.5310287475586,1.0,"Divine healer's Church, Bethlehem",tabular,xgboost,h24,2026-01-04T23:00:00,2026-01-18T23:00:00,2026-02-15T23:00:00,,,42.0
2026-01-21 07:00:00,46.2,71.75642395019531,1.0,"Divine healer's Church, Bethlehem",tabular,xgboost,h24,2026-01-04T23:00:00,2026-01-18T23:00:00,2026-02-15T23:00:00,,,42.0
2026-01-21 08:00:00,34.2,56.93157958984375,1.0,"Divine healer's Church, Bethlehem",tabular,xgboost,h24,2026-01-04T23:00:00,2026-01-18T23:00:00,2026-02-15T23:00:00,,,42.0
2026-01-21 09:00:00,26.3,56.56645965576172,1.0,"Divine healer's Church, Bethlehem",tabular,xgboost,h24,2026-01-04T23:00:00,2026-01-18T23:00:00,2026-02-15T23:00:00,,,42.0
2026-01-21 10:00:00,26.3,57.53665542602539,1.0,"Divine healer's Church, Bethlehem",tabular,xgboost,h24,2026-01-04T23:00:00,2026-01-18T23:00:00,2026-02-15T23:00:00,,,42.0
2026-01-21 11:00:00,31.2,61.58379364013672,1.0,"Divine healer's Church, Bethlehem",tabular,xgboost,h24,2026-01-04T23:00:00,2026-01-18T23:00:00,2026-02-15T23:00:00,,,42.0
2026-01-21 12:00:00,39.2,60.68466567993164,1.0,"Divine healer's Church, Bethlehem",tabular,xgboost,h24,2026-01-04T23:00:00,2026-01-18T23:00:00,2026-02-15T23:00:00,,,42.0
2026-01-21 13:00:00,37.5,55.91266632080078,1.0,"Divine healer's Church, Bethlehem",tabular,xgboost,h24,2026-01-04T23:00:00,2026-01-18T23:00:00,2026-02-15T23:00:00,,,42.0
2026-01-21 14:00:00,34.6,47.336875915527344,1.0,"Divine healer's Church, Bethlehem",tabular,xgboost,h24,2026-01-04T23:00:00,2026-01-18T23:00:00,2026-02-15T23:00:00,,,42.0
2026-01-21 15:00:00,33.0,52.000244140625,1.0,"Divine healer's Church, Bethlehem",tabular,xgboost,h24,2026-01-04T23:00:00,2026-01-18T23:00:00,2026-02-15T23:00:00,,,42.0
2026-01-21 16:00:00,35.3,65.80634307861328,1.0,"Divine healer's Church, Bethlehem",tabular,xgboost,h24,2026-01-04T23:00:00,2026-01-18T23:00:00,2026-02-15T23:00:00,,,42.0
2026-01-21 17:00:00,46.2,67.2576904296875,1.0,"Divine healer's Church, Bethlehem",tabular,xgboost,h24,2026-01-04T23:00:00,2026-01-18T23:00:00,2026-02-15T23:00:00,,,42.0
2026-01-21 18:00:00,56.9,68.61575317382812,1.0,"Divine healer's Church, Bethlehem",tabular,xgboost,h24,2026-01-04T23:00:00,2026-01-18T23:00:00,2026-02-15T23:00:00,,,42.0
2026-01-21 19:00:00,54.1,71.17892456054688,1.0,"Divine healer's Church, Bethlehem",tabular,xgboost,h24,2026-01-04T23:00:00,2026-01-18T23:00:00,2026-02-15T23:00:00,,,42.0
2026-01-21 20:00:00,53.0,87.17932891845703,1.0,"Divine healer's Church, Bethlehem",tabular,xgboost,h24,2026-01-04T23:00:00,2026-01-18T23:00:00,2026-02-15T23:00:00,,,42.0
2026-01-21 21:00:00,42.2,69.56163024902344,1.0,"Divine healer's Church, Bethlehem",tabular,xgboost,h24,2026-01-04T23:00:00,2026-01-18T23:00:00,2026-02-15T23:00:00,,,42.0
2026-01-21 22:00:00,50.2,78.93968200683594,1.0,"Divine healer's Church, Bethlehem",tabular,xgboost,h24,2026-01-04T23:00:00,2026-01-18T23:00:00,2026-02-15T23:00:00,,,42.0
2026-01-21 23:00:00,46.7,78.92015838623047,1.0,"Divine healer's Church, Bethlehem",tabular,xgboost,h24,2026-01-04T23:00:00,2026-01-18T23:00:00,2026-02-15T23:00:00,,,42.0
2026-01-22 00:00:00,40.3,80.09071350097656,1.0,"Divine healer's Church, Bethlehem",tabular,xgboost,h24,2026-01-04T23:00:00,2026-01-18T23:00:00,2026-02-15T23:00:00,,,42.0
2026-01-22 01:00:00,39.0,62.61038589477539,1.0,"Divine healer's Church, Bethlehem",tabular,xgboost,h24,2026-01-04T23:00:00,2026-01-18T23:00:00,2026-02-15T23:00:00,,,42.0
2026-01-22 02:00:00,36.8,61.03345489501953,1.0,"Divine healer's Church, Bethlehem",tabular,xgboost,h24,2026-01-04T23:00:00,2026-01-18T23:00:00,2026-02-15T23:00:00,,,42.0
2026-01-22 03:00:00,34.8,73.46495056152344,1.0,"Divine healer's Church, Bethlehem",tabular,xgboost,h24,2026-01-04T23:00:00,2026-01-18T23:00:00,2026-02-15T23:00:00,,,42.0
2026-01-22 04:00:00,36.4,56.99303436279297,1.0,"Divine healer's Church, Bethlehem",tabular,xgboost,h24,2026-01-04T23:00:00,2026-01-18T23:00:00,2026-02-15T23:00:00,,,42.0
2026-01-22 05:00:00,46.2,58.14012145996094,1.0,"Divine healer's Church, Bethlehem",tabular,xgboost,h24,2026-01-04T23:00:00,2026-01-18T23:00:00,2026-02-15T23:00:00,,,42.0
2026-01-22 06:00:00,44.1,68.33930206298828,1.0,"Divine healer's Church, Bethlehem",tabular,xgboost,h24,2026-01-04T23:00:00,2026-01-18T23:00:00,2026-02-15T23:00:00,,,42.0
2026-01-22 07:00:00,40.7,67.82952880859375,1.0,"Divine healer's Church, Bethlehem",tabular,xgboost,h24,2026-01-04T23:00:00,2026-01-18T23:00:00,2026-02-15T23:00:00,,,42.0
2026-01-22 08:00:00,31.2,55.113319396972656,1.0,"Divine healer's Church, Bethlehem",tabular,xgboost,h24,2026-01-04T23:00:00,2026-01-18T23:00:00,2026-02-15T23:00:00,,,42.0
2026-01-22 09:00:00,31.8,59.76324462890625,1.0,"Divine healer's Church, Bethlehem",tabular,xgboost,h24,2026-01-04T23:00:00,2026-01-18T23:00:00,2026-02-15T23:00:00,,,42.0
2026-01-22 10:00:00,36.1,53.960662841796875,1.0,"Divine healer's Church, Bethlehem",tabular,xgboost,h24,2026-01-04T23:00:00,2026-01-18T23:00:00,2026-02-15T23:00:00,,,42.0
2026-01-22 11:00:00,40.7,47.26325225830078,1.0,"Divine healer's Church, Bethlehem",tabular,xgboost,h24,2026-01-04T23:00:00,2026-01-18T23:00:00,2026-02-15T23:00:00,,,42.0
2026-01-22 12:00:00,46.0,42.97164535522461,1.0,"Divine healer's Church, Bethlehem",tabular,xgboost,h24,2026-01-04T23:00:00,2026-01-18T23:00:00,2026-02-15T23:00:00,,,42.0
2026-01-22 13:00:00,46.1,41.8066520690918,1.0,"Divine healer's Church, Bethlehem",tabular,xgboost,h24,2026-01-04T23:00:00,2026-01-18T23:00:00,2026-02-15T23:00:00,,,42.0
2026-01-22 14:00:00,45.0,49.87594985961914,1.0,"Divine healer's Church, Bethlehem",tabular,xgboost,h24,2026-01-04T23:00:00,2026-01-18T23:00:00,2026-02-15T23:00:00,,,42.0
2026-01-22 15:00:00,38.9,52.33643341064453,1.0,"Divine healer's Church, Bethlehem",tabular,xgboost,h24,2026-01-04T23:00:00,2026-01-18T23:00:00,2026-02-15T23:00:00,,,42.0
2026-01-22 16:00:00,34.1,49.505435943603516,1.0,"Divine healer's Church, Bethlehem",tabular,xgboost,h24,2026-01-04T23:00:00,2026-01-18T23:00:00,2026-02-15T23:00:00,,,42.0
2026-01-22 17:00:00,31.5,60.3151741027832,1.0,"Divine healer's Church, Bethlehem",tabular,xgboost,h24,2026-01-04T23:00:00,2026-01-18T23:00:00,2026-02-15T23:00:00,,,42.0
2026-01-22 18:00:00,48.7,57.77735900878906,1.0,"Divine healer's Church, Bethlehem",tabular,xgboost,h24,2026-01-04T23:00:00,2026-01-18T23:00:00,2026-02-15T23:00:00,,,42.0
2026-01-22 19:00:00,37.1,56.08082962036133,1.0,"Divine healer's Church, Bethlehem",tabular,xgboost,h24,2026-01-04T23:00:00,2026-01-18T23:00:00,2026-02-15T23:00:00,,,42.0
2026-01-22 20:00:00,47.8,53.69633102416992,1.0,"Divine healer's Church, Bethlehem",tabular,xgboost,h24,2026-01-04T23:00:00,2026-01-18T23:00:00,2026-02-15T23:00:00,,,42.0
2026-01-22 21:00:00,64.0,50.392642974853516,1.0,"Divine healer's Church, Bethlehem",tabular,xgboost,h24,2026-01-04T23:00:00,2026-01-18T23:00:00,2026-02-15T23:00:00,,,42.0
2026-01-22 22:00:00,55.1,58.41670608520508,1.0,"Divine healer's Church, Bethlehem",tabular,xgboost,h24,2026-01-04T23:00:00,2026-01-18T23:00:00,2026-02-15T23:00:00,,,42.0
2026-01-22 23:00:00,56.3,59.094451904296875,1.0,"Divine healer's Church, Bethlehem",tabular,xgboost,h24,2026-01-04T23:00:00,2026-01-18T23:00:00,2026-02-15T23:00:00,,,42.0
2026-01-23 00:00:00,47.7,62.936458587646484,1.0,"Divine healer's Church, Bethlehem",tabular,xgboost,h24,2026-01-04T23:00:00,2026-01-18T23:00:00,2026-02-15T23:00:00,,,42.0
2026-01-23 01:00:00,40.4,61.070804595947266,1.0,"Divine healer's Church, Bethlehem",tabular,xgboost,h24,2026-01-04T23:00:00,2026-01-18T23:00:00,2026-02-15T23:00:00,,,42.0
2026-01-23 02:00:00,43.1,55.400081634521484,1.0,"Divine healer's Church, Bethlehem",tabular,xgboost,h24,2026-01-04T23:00:00,2026-01-18T23:00:00,2026-02-15T23:00:00,,,42.0
2026-01-23 03:00:00,50.0,49.85592269897461,1.0,"Divine healer's Church, Bethlehem",tabular,xgboost,h24,2026-01-04T23:00:00,2026-01-18T23:00:00,2026-02-15T23:00:00,,,42.0
2026-01-23 04:00:00,59.9,45.13790512084961,1.0,"Divine healer's Church, Bethlehem",tabular,xgboost,h24,2026-01-04T23:00:00,2026-01-18T23:00:00,2026-02-15T23:00:00,,,42.0
2026-01-23 05:00:00,51.5,60.540367126464844,1.0,"Divine healer's Church, Bethlehem",tabular,xgboost,h24,2026-01-04T23:00:00,2026-01-18T23:00:00,2026-02-15T23:00:00,,,42.0
2026-01-23 06:00:00,88.4,64.16465759277344,1.0,"Divine healer's Church, Bethlehem",tabular,xgboost,h24,2026-01-04T23:00:00,2026-01-18T23:00:00,2026-02-15T23:00:00,,,42.0
2026-01-23 07:00:00,95.5,65.88404846191406,1.0,"Divine healer's Church, Bethlehem",tabular,xgboost,h24,2026-01-04T23:00:00,2026-01-18T23:00:00,2026-02-15T23:00:00,,,42.0
2026-01-23 08:00:00,49.8,60.56812286376953,1.0,"Divine healer's Church, Bethlehem",tabular,xgboost,h24,2026-01-04T23:00:00,2026-01-18T23:00:00,2026-02-15T23:00:00,,,42.0
2026-01-23 09:00:00,41.9,47.18503952026367,1.0,"Divine healer's Church, Bethlehem",tabular,xgboost,h24,2026-01-04T23:00:00,2026-01-18T23:00:00,2026-02-15T23:00:00,,,42.0
2026-01-23 10:00:00,42.9,46.14639663696289,1.0,"Divine healer's Church, Bethlehem",tabular,xgboost,h24,2026-01-04T23:00:00,2026-01-18T23:00:00,2026-02-15T23:00:00,,,42.0
2026-01-23 11:00:00,44.9,49.507808685302734,1.0,"Divine healer's Church, Bethlehem",tabular,xgboost,h24,2026-01-04T23:00:00,2026-01-18T23:00:00,2026-02-15T23:00:00,,,42.0
2026-01-23 12:00:00,107.5,48.49110794067383,1.0,"Divine healer's Church, Bethlehem",tabular,xgboost,h24,2026-01-04T23:00:00,2026-01-18T23:00:00,2026-02-15T23:00:00,,,42.0
2026-01-23 13:00:00,60.9,49.86808776855469,1.0,"Divine healer's Church, Bethlehem",tabular,xgboost,h24,2026-01-04T23:00:00,2026-01-18T23:00:00,2026-02-15T23:00:00,,,42.0
2026-01-23 14:00:00,38.8,55.46400451660156,1.0,"Divine healer's Church, Bethlehem",tabular,xgboost,h24,2026-01-04T23:00:00,2026-01-18T23:00:00,2026-02-15T23:00:00,,,42.0
2026-01-23 15:00:00,35.2,54.05983352661133,1.0,"Divine healer's Church, Bethlehem",tabular,xgboost,h24,2026-01-04T23:00:00,2026-01-18T23:00:00,2026-02-15T23:00:00,,,42.0
2026-01-23 16:00:00,34.1,53.834205627441406,1.0,"Divine healer's Church, Bethlehem",tabular,xgboost,h24,2026-01-04T23:00:00,2026-01-18T23:00:00,2026-02-15T23:00:00,,,42.0
2026-01-23 17:00:00,33.8,63.3370246887207,1.0,"Divine healer's Church, Bethlehem",tabular,xgboost,h24,2026-01-04T23:00:00,2026-01-18T23:00:00,2026-02-15T23:00:00,,,42.0
2026-01-23 18:00:00,34.8,75.75845336914062,1.0,"Divine healer's Church, Bethlehem",tabular,xgboost,h24,2026-01-04T23:00:00,2026-01-18T23:00:00,2026-02-15T23:00:00,,,42.0
2026-01-23 19:00:00,37.6,68.09561920166016,1.0,"Divine healer's Church, Bethlehem",tabular,xgboost,h24,2026-01-04T23:00:00,2026-01-18T23:00:00,2026-02-15T23:00:00,,,42.0
2026-01-23 20:00:00,40.6,72.21693420410156,1.0,"Divine healer's Church, Bethlehem",tabular,xgboost,h24,2026-01-04T23:00:00,2026-01-18T23:00:00,2026-02-15T23:00:00,,,42.0
2026-01-23 21:00:00,51.9,69.47123718261719,1.0,"Divine healer's Church, Bethlehem",tabular,xgboost,h24,2026-01-04T23:00:00,2026-01-18T23:00:00,2026-02-15T23:00:00,,,42.0
2026-01-23 22:00:00,44.3,62.01686096191406,1.0,"Divine healer's Church, Bethlehem",tabular,xgboost,h24,2026-01-04T23:00:00,2026-01-18T23:00:00,2026-02-15T23:00:00,,,42.0
2026-01-23 23:00:00,54.8,61.4777717590332,1.0,"Divine healer's Church, Bethlehem",tabular,xgboost,h24,2026-01-04T23:00:00,2026-01-18T23:00:00,2026-02-15T23:00:00,,,42.0
2026-01-24 00:00:00,53.9,62.93692398071289,1.0,"Divine healer's Church, Bethlehem",tabular,xgboost,h24,2026-01-04T23:00:00,2026-01-18T23:00:00,2026-02-15T23:00:00,,,42.0
2026-01-24 01:00:00,48.7,68.82649230957031,1.0,"Divine healer's Church, Bethlehem",tabular,xgboost,h24,2026-01-04T23:00:00,2026-01-18T23:00:00,2026-02-15T23:00:00,,,42.0
2026-01-24 02:00:00,49.0,57.13389205932617,1.0,"Divine healer's Church, Bethlehem",tabular,xgboost,h24,2026-01-04T23:00:00,2026-01-18T23:00:00,2026-02-15T23:00:00,,,42.0
2026-01-24 03:00:00,42.0,57.883522033691406,1.0,"Divine healer's Church, Bethlehem",tabular,xgboost,h24,2026-01-04T23:00:00,2026-01-18T23:00:00,2026-02-15T23:00:00,,,42.0
2026-01-24 04:00:00,45.8,52.334083557128906,1.0,"Divine healer's Church, Bethlehem",tabular,xgboost,h24,2026-01-04T23:00:00,2026-01-18T23:00:00,2026-02-15T23:00:00,,,42.0
2026-01-24 05:00:00,62.4,54.7833366394043,1.0,"Divine healer's Church, Bethlehem",tabular,xgboost,h24,2026-01-04T23:00:00,2026-01-18T23:00:00,2026-02-15T23:00:00,,,42.0
2026-01-24 06:00:00,92.2,62.622196197509766,1.0,"Divine healer's Church, Bethlehem",tabular,xgboost,h24,2026-01-04T23:00:00,2026-01-18T23:00:00,2026-02-15T23:00:00,,,42.0
2026-01-24 07:00:00,42.9,61.23893737792969,1.0,"Divine healer's Church, Bethlehem",tabular,xgboost,h24,2026-01-04T23:00:00,2026-01-18T23:00:00,2026-02-15T23:00:00,,,42.0
2026-01-24 08:00:00,39.1,58.01490783691406,1.0,"Divine healer's Church, Bethlehem",tabular,xgboost,h24,2026-01-04T23:00:00,2026-01-18T23:00:00,2026-02-15T23:00:00,,,42.0
2026-01-24 09:00:00,34.0,56.327266693115234,1.0,"Divine healer's Church, Bethlehem",tabular,xgboost,h24,2026-01-04T23:00:00,2026-01-18T23:00:00,2026-02-15T23:00:00,,,42.0
2026-01-24 10:00:00,38.6,63.57882308959961,1.0,"Divine healer's Church, Bethlehem",tabular,xgboost,h24,2026-01-04T23:00:00,2026-01-18T23:00:00,2026-02-15T23:00:00,,,42.0
2026-01-24 11:00:00,40.5,61.21714401245117,1.0,"Divine healer's Church, Bethlehem",tabular,xgboost,h24,2026-01-04T23:00:00,2026-01-18T23:00:00,2026-02-15T23:00:00,,,42.0
2026-01-24 12:00:00,41.2,62.361915588378906,1.0,"Divine healer's Church, Bethlehem",tabular,xgboost,h24,2026-01-04T23:00:00,2026-01-18T23:00:00,2026-02-15T23:00:00,,,42.0
2026-01-24 13:00:00,35.1,63.68671417236328,1.0,"Divine healer's Church, Bethlehem",tabular,xgboost,h24,2026-01-04T23:00:00,2026-01-18T23:00:00,2026-02-15T23:00:00,,,42.0
2026-01-24 14:00:00,34.3,68.80589294433594,1.0,"Divine healer's Church, Bethlehem",tabular,xgboost,h24,2026-01-04T23:00:00,2026-01-18T23:00:00,2026-02-15T23:00:00,,,42.0
2026-01-24 15:00:00,33.2,83.14727783203125,1.0,"Divine healer's Church, Bethlehem",tabular,xgboost,h24,2026-01-04T23:00:00,2026-01-18T23:00:00,2026-02-15T23:00:00,,,42.0
2026-01-24 16:00:00,34.7,70.91519927978516,1.0,"Divine healer's Church, Bethlehem",tabular,xgboost,h24,2026-01-04T23:00:00,2026-01-18T23:00:00,2026-02-15T23:00:00,,,42.0
2026-01-24 17:00:00,42.0,77.85502624511719,1.0,"Divine healer's Church, Bethlehem",tabular,xgboost,h24,2026-01-04T23:00:00,2026-01-18T23:00:00,2026-02-15T23:00:00,,,42.0
2026-01-24 18:00:00,46.2,72.67282104492188,1.0,"Divine healer's Church, Bethlehem",tabular,xgboost,h24,2026-01-04T23:00:00,2026-01-18T23:00:00,2026-02-15T23:00:00,,,42.0
2026-01-24 19:00:00,52.6,93.54328155517578,1.0,"Divine healer's Church, Bethlehem",tabular,xgboost,h24,2026-01-04T23:00:00,2026-01-18T23:00:00,2026-02-15T23:00:00,,,42.0
2026-01-24 20:00:00,41.8,74.19084930419922,1.0,"Divine healer's Church, Bethlehem",tabular,xgboost,h24,2026-01-04T23:00:00,2026-01-18T23:00:00,2026-02-15T23:00:00,,,42.0
2026-01-24 21:00:00,37.6,58.81663131713867,1.0,"Divine healer's Church, Bethlehem",tabular,xgboost,h24,2026-01-04T23:00:00,2026-01-18T23:00:00,2026-02-15T23:00:00,,,42.0
2026-01-24 22:00:00,47.4,58.28483963012695,1.0,"Divine healer's Church, Bethlehem",tabular,xgboost,h24,2026-01-04T23:00:00,2026-01-18T23:00:00,2026-02-15T23:00:00,,,42.0
2026-01-24 23:00:00,73.9,59.96830749511719,1.0,"Divine healer's Church, Bethlehem",tabular,xgboost,h24,2026-01-04T23:00:00,2026-01-18T23:00:00,2026-02-15T23:00:00,,,42.0
2026-01-25 00:00:00,45.8,55.844051361083984,1.0,"Divine healer's Church, Bethlehem",tabular,xgboost,h24,2026-01-04T23:00:00,2026-01-18T23:00:00,2026-02-15T23:00:00,,,42.0
2026-01-25 01:00:00,38.0,52.611602783203125,1.0,"Divine healer's Church, Bethlehem",tabular,xgboost,h24,2026-01-04T23:00:00,2026-01-18T23:00:00,2026-02-15T23:00:00,,,42.0
2026-01-25 02:00:00,35.7,45.264404296875,1.0,"Divine healer's Church, Bethlehem",tabular,xgboost,h24,2026-01-04T23:00:00,2026-01-18T23:00:00,2026-02-15T23:00:00,,,42.0
2026-01-25 03:00:00,35.6,44.36042785644531,1.0,"Divine healer's Church, Bethlehem",tabular,xgboost,h24,2026-01-04T23:00:00,2026-01-18T23:00:00,2026-02-15T23:00:00,,,42.0
2026-01-25 04:00:00,34.4,41.527042388916016,1.0,"Divine healer's Church, Bethlehem",tabular,xgboost,h24,2026-01-04T23:00:00,2026-01-18T23:00:00,2026-02-15T23:00:00,,,42.0
2026-01-25 05:00:00,43.5,49.499176025390625,1.0,"Divine healer's Church, Bethlehem",tabular,xgboost,h24,2026-01-04T23:00:00,2026-01-18T23:00:00,2026-02-15T23:00:00,,,42.0
2026-01-25 06:00:00,80.6,64.67899322509766,1.0,"Divine healer's Church, Bethlehem",tabular,xgboost,h24,2026-01-04T23:00:00,2026-01-18T23:00:00,2026-02-15T23:00:00,,,42.0
2026-01-25 07:00:00,63.2,55.44367980957031,1.0,"Divine healer's Church, Bethlehem",tabular,xgboost,h24,2026-01-04T23:00:00,2026-01-18T23:00:00,2026-02-15T23:00:00,,,42.0
2026-01-25 08:00:00,37.2,57.14012145996094,1.0,"Divine healer's Church, Bethlehem",tabular,xgboost,h24,2026-01-04T23:00:00,2026-01-18T23:00:00,2026-02-15T23:00:00,,,42.0
2026-01-25 09:00:00,43.1,43.17239761352539,1.0,"Divine healer's Church, Bethlehem",tabular,xgboost,h24,2026-01-04T23:00:00,2026-01-18T23:00:00,2026-02-15T23:00:00,,,42.0
2026-01-25 10:00:00,46.8,47.87498474121094,1.0,"Divine healer's Church, Bethlehem",tabular,xgboost,h24,2026-01-04T23:00:00,2026-01-18T23:00:00,2026-02-15T23:00:00,,,42.0
2026-01-25 11:00:00,49.7,51.21031188964844,1.0,"Divine healer's Church, Bethlehem",tabular,xgboost,h24,2026-01-04T23:00:00,2026-01-18T23:00:00,2026-02-15T23:00:00,,,42.0
2026-01-25 12:00:00,49.8,54.420982360839844,1.0,"Divine healer's Church, Bethlehem",tabular,xgboost,h24,2026-01-04T23:00:00,2026-01-18T23:00:00,2026-02-15T23:00:00,,,42.0
2026-01-25 13:00:00,52.9,51.338783264160156,1.0,"Divine healer's Church, Bethlehem",tabular,xgboost,h24,2026-01-04T23:00:00,2026-01-18T23:00:00,2026-02-15T23:00:00,,,42.0
2026-01-25 14:00:00,45.4,53.002685546875,1.0,"Divine healer's Church, Bethlehem",tabular,xgboost,h24,2026-01-04T23:00:00,2026-01-18T23:00:00,2026-02-15T23:00:00,,,42.0
2026-01-25 15:00:00,42.2,63.675453186035156,1.0,"Divine healer's Church, Bethlehem",tabular,xgboost,h24,2026-01-04T23:00:00,2026-01-18T23:00:00,2026-02-15T23:00:00,,,42.0
2026-01-25 16:00:00,37.8,74.02918243408203,1.0,"Divine healer's Church, Bethlehem",tabular,xgboost,h24,2026-01-04T23:00:00,2026-01-18T23:00:00,2026-02-15T23:00:00,,,42.0
2026-01-25 17:00:00,44.0,68.10174560546875,1.0,"Divine healer's Church, Bethlehem",tabular,xgboost,h24,2026-01-04T23:00:00,2026-01-18T23:00:00,2026-02-15T23:00:00,,,42.0
2026-01-25 18:00:00,61.8,67.55150604248047,1.0,"Divine healer's Church, Bethlehem",tabular,xgboost,h24,2026-01-04T23:00:00,2026-01-18T23:00:00,2026-02-15T23:00:00,,,42.0
2026-01-25 19:00:00,61.7,64.22562408447266,1.0,"Divine healer's Church, Bethlehem",tabular,xgboost,h24,2026-01-04T23:00:00,2026-01-18T23:00:00,2026-02-15T23:00:00,,,42.0
2026-01-25 20:00:00,61.2,58.778160095214844,1.0,"Divine healer's Church, Bethlehem",tabular,xgboost,h24,2026-01-04T23:00:00,2026-01-18T23:00:00,2026-02-15T23:00:00,,,42.0
2026-01-25 21:00:00,47.2,55.99998474121094,1.0,"Divine healer's Church, Bethlehem",tabular,xgboost,h24,2026-01-04T23:00:00,2026-01-18T23:00:00,2026-02-15T23:00:00,,,42.0
2026-01-25 22:00:00,48.9,49.89251708984375,1.0,"Divine healer's Church, Bethlehem",tabular,xgboost,h24,2026-01-04T23:00:00,2026-01-18T23:00:00,2026-02-15T23:00:00,,,42.0
2026-01-25 23:00:00,54.8,49.29460525512695,1.0,"Divine healer's Church, Bethlehem",tabular,xgboost,h24,2026-01-04T23:00:00,2026-01-18T23:00:00,2026-02-15T23:00:00,,,42.0
2026-01-26 00:00:00,54.5,49.41828155517578,1.0,"Divine healer's Church, Bethlehem",tabular,xgboost,h24,2026-01-04T23:00:00,2026-01-18T23:00:00,2026-02-15T23:00:00,,,42.0
2026-01-26 01:00:00,50.0,47.826969146728516,1.0,"Divine healer's Church, Bethlehem",tabular,xgboost,h24,2026-01-04T23:00:00,2026-01-18T23:00:00,2026-02-15T23:00:00,,,42.0
2026-01-26 02:00:00,52.3,43.01298522949219,1.0,"Divine healer's Church, Bethlehem",tabular,xgboost,h24,2026-01-04T23:00:00,2026-01-18T23:00:00,2026-02-15T23:00:00,,,42.0
2026-01-26 03:00:00,52.2,49.415706634521484,1.0,"Divine healer's Church, Bethlehem",tabular,xgboost,h24,2026-01-04T23:00:00,2026-01-18T23:00:00,2026-02-15T23:00:00,,,42.0
2026-01-26 04:00:00,39.7,52.18505859375,1.0,"Divine healer's Church, Bethlehem",tabular,xgboost,h24,2026-01-04T23:00:00,2026-01-18T23:00:00,2026-02-15T23:00:00,,,42.0
2026-01-26 05:00:00,44.8,60.35477828979492,1.0,"Divine healer's Church, Bethlehem",tabular,xgboost,h24,2026-01-04T23:00:00,2026-01-18T23:00:00,2026-02-15T23:00:00,,,42.0
2026-01-26 06:00:00,55.4,70.3701171875,1.0,"Divine healer's Church, Bethlehem",tabular,xgboost,h24,2026-01-04T23:00:00,2026-01-18T23:00:00,2026-02-15T23:00:00,,,42.0
2026-01-26 07:00:00,58.2,65.89227294921875,1.0,"Divine healer's Church, Bethlehem",tabular,xgboost,h24,2026-01-04T23:00:00,2026-01-18T23:00:00,2026-02-15T23:00:00,,,42.0
2026-01-26 08:00:00,43.4,48.576541900634766,1.0,"Divine healer's Church, Bethlehem",tabular,xgboost,h24,2026-01-04T23:00:00,2026-01-18T23:00:00,2026-02-15T23:00:00,,,42.0
2026-01-26 09:00:00,39.2,46.4072380065918,1.0,"Divine healer's Church, Bethlehem",tabular,xgboost,h24,2026-01-04T23:00:00,2026-01-18T23:00:00,2026-02-15T23:00:00,,,42.0
2026-01-26 10:00:00,42.1,47.2157096862793,1.0,"Divine healer's Church, Bethlehem",tabular,xgboost,h24,2026-01-04T23:00:00,2026-01-18T23:00:00,2026-02-15T23:00:00,,,42.0
2026-01-26 11:00:00,48.4,55.287296295166016,1.0,"Divine healer's Church, Bethlehem",tabular,xgboost,h24,2026-01-04T23:00:00,2026-01-18T23:00:00,2026-02-15T23:00:00,,,42.0
2026-01-26 12:00:00,50.1,59.2777099609375,1.0,"Divine healer's Church, Bethlehem",tabular,xgboost,h24,2026-01-04T23:00:00,2026-01-18T23:00:00,2026-02-15T23:00:00,,,42.0
2026-01-26 13:00:00,45.4,54.44651794433594,1.0,"Divine healer's Church, Bethlehem",tabular,xgboost,h24,2026-01-04T23:00:00,2026-01-18T23:00:00,2026-02-15T23:00:00,,,42.0
2026-01-26 14:00:00,44.6,56.36233139038086,1.0,"Divine healer's Church, Bethlehem",tabular,xgboost,h24,2026-01-04T23:00:00,2026-01-18T23:00:00,2026-02-15T23:00:00,,,42.0
2026-01-26 15:00:00,43.0,60.93604278564453,1.0,"Divine healer's Church, Bethlehem",tabular,xgboost,h24,2026-01-04T23:00:00,2026-01-18T23:00:00,2026-02-15T23:00:00,,,42.0
2026-01-26 16:00:00,41.1,65.94853210449219,1.0,"Divine healer's Church, Bethlehem",tabular,xgboost,h24,2026-01-04T23:00:00,2026-01-18T23:00:00,2026-02-15T23:00:00,,,42.0
2026-01-26 17:00:00,42.6,78.39388275146484,1.0,"Divine healer's Church, Bethlehem",tabular,xgboost,h24,2026-01-04T23:00:00,2026-01-18T23:00:00,2026-02-15T23:00:00,,,42.0
2026-01-26 18:00:00,63.8,79.40876770019531,1.0,"Divine healer's Church, Bethlehem",tabular,xgboost,h24,2026-01-04T23:00:00,2026-01-18T23:00:00,2026-02-15T23:00:00,,,42.0
2026-01-26 19:00:00,63.9,64.14079284667969,1.0,"Divine healer's Church, Bethlehem",tabular,xgboost,h24,2026-01-04T23:00:00,2026-01-18T23:00:00,2026-02-15T23:00:00,,,42.0
2026-01-26 20:00:00,57.2,61.26567077636719,1.0,"Divine healer's Church, Bethlehem",tabular,xgboost,h24,2026-01-04T23:00:00,2026-01-18T23:00:00,2026-02-15T23:00:00,,,42.0
2026-01-26 21:00:00,69.6,78.37124633789062,1.0,"Divine healer's Church, Bethlehem",tabular,xgboost,h24,2026-01-04T23:00:00,2026-01-18T23:00:00,2026-02-15T23:00:00,,,42.0
2026-01-26 22:00:00,49.5,69.90017700195312,1.0,"Divine healer's Church, Bethlehem",tabular,xgboost,h24,2026-01-04T23:00:00,2026-01-18T23:00:00,2026-02-15T23:00:00,,,42.0
2026-01-26 23:00:00,48.3,73.68534851074219,1.0,"Divine healer's Church, Bethlehem",tabular,xgboost,h24,2026-01-04T23:00:00,2026-01-18T23:00:00,2026-02-15T23:00:00,,,42.0
2026-01-27 00:00:00,44.7,65.07506561279297,1.0,"Divine healer's Church, Bethlehem",tabular,xgboost,h24,2026-01-04T23:00:00,2026-01-18T23:00:00,2026-02-15T23:00:00,,,42.0
2026-01-27 01:00:00,46.5,56.834285736083984,1.0,"Divine healer's Church, Bethlehem",tabular,xgboost,h24,2026-01-04T23:00:00,2026-01-18T23:00:00,2026-02-15T23:00:00,,,42.0
2026-01-27 02:00:00,41.0,57.900367736816406,1.0,"Divine healer's Church, Bethlehem",tabular,xgboost,h24,2026-01-04T23:00:00,2026-01-18T23:00:00,2026-02-15T23:00:00,,,42.0
2026-01-27 03:00:00,39.6,53.47229766845703,1.0,"Divine healer's Church, Bethlehem",tabular,xgboost,h24,2026-01-04T23:00:00,2026-01-18T23:00:00,2026-02-15T23:00:00,,,42.0
2026-01-27 04:00:00,46.0,63.53725814819336,1.0,"Divine healer's Church, Bethlehem",tabular,xgboost,h24,2026-01-04T23:00:00,2026-01-18T23:00:00,2026-02-15T23:00:00,,,42.0
2026-01-27 05:00:00,52.1,80.29994201660156,1.0,"Divine healer's Church, Bethlehem",tabular,xgboost,h24,2026-01-04T23:00:00,2026-01-18T23:00:00,2026-02-15T23:00:00,,,42.0
2026-01-27 06:00:00,54.4,85.32167053222656,1.0,"Divine healer's Church, Bethlehem",tabular,xgboost,h24,2026-01-04T23:00:00,2026-01-18T23:00:00,2026-02-15T23:00:00,,,42.0
2026-01-27 07:00:00,65.1,78.63905334472656,1.0,"Divine healer's Church, Bethlehem",tabular,xgboost,h24,2026-01-04T23:00:00,2026-01-18T23:00:00,2026-02-15T23:00:00,,,42.0
2026-01-27 08:00:00,44.0,57.67633056640625,1.0,"Divine healer's Church, Bethlehem",tabular,xgboost,h24,2026-01-04T23:00:00,2026-01-18T23:00:00,2026-02-15T23:00:00,,,42.0
2026-01-27 09:00:00,41.4,54.34726333618164,1.0,"Divine healer's Church, Bethlehem",tabular,xgboost,h24,2026-01-04T23:00:00,2026-01-18T23:00:00,2026-02-15T23:00:00,,,42.0
2026-01-27 10:00:00,44.5,63.91720199584961,1.0,"Divine healer's Church, Bethlehem",tabular,xgboost,h24,2026-01-04T23:00:00,2026-01-18T23:00:00,2026-02-15T23:00:00,,,42.0
2026-01-27 11:00:00,46.0,67.1371078491211,1.0,"Divine healer's Church, Bethlehem",tabular,xgboost,h24,2026-01-04T23:00:00,2026-01-18T23:00:00,2026-02-15T23:00:00,,,42.0
2026-01-27 12:00:00,57.8,85.29556274414062,1.0,"Divine healer's Church, Bethlehem",tabular,xgboost,h24,2026-01-04T23:00:00,2026-01-18T23:00:00,2026-02-15T23:00:00,,,42.0
2026-01-27 13:00:00,49.0,95.80931854248047,1.0,"Divine healer's Church, Bethlehem",tabular,xgboost,h24,2026-01-04T23:00:00,2026-01-18T23:00:00,2026-02-15T23:00:00,,,42.0
2026-01-27 14:00:00,46.1,66.42424011230469,1.0,"Divine healer's Church, Bethlehem",tabular,xgboost,h24,2026-01-04T23:00:00,2026-01-18T23:00:00,2026-02-15T23:00:00,,,42.0
2026-01-27 15:00:00,45.6,65.79619598388672,1.0,"Divine healer's Church, Bethlehem",tabular,xgboost,h24,2026-01-04T23:00:00,2026-01-18T23:00:00,2026-02-15T23:00:00,,,42.0
2026-01-27 16:00:00,42.4,64.10002136230469,1.0,"Divine healer's Church, Bethlehem",tabular,xgboost,h24,2026-01-04T23:00:00,2026-01-18T23:00:00,2026-02-15T23:00:00,,,42.0
2026-01-27 17:00:00,41.6,73.56765747070312,1.0,"Divine healer's Church, Bethlehem",tabular,xgboost,h24,2026-01-04T23:00:00,2026-01-18T23:00:00,2026-02-15T23:00:00,,,42.0
2026-01-27 18:00:00,52.3,84.21028900146484,1.0,"Divine healer's Church, Bethlehem",tabular,xgboost,h24,2026-01-04T23:00:00,2026-01-18T23:00:00,2026-02-15T23:00:00,,,42.0
2026-01-27 19:00:00,116.5,82.33768463134766,1.0,"Divine healer's Church, Bethlehem",tabular,xgboost,h24,2026-01-04T23:00:00,2026-01-18T23:00:00,2026-02-15T23:00:00,,,42.0
2026-01-27 20:00:00,93.4,70.97932434082031,1.0,"Divine healer's Church, Bethlehem",tabular,xgboost,h24,2026-01-04T23:00:00,2026-01-18T23:00:00,2026-02-15T23:00:00,,,42.0
2026-01-27 21:00:00,70.0,67.6995620727539,1.0,"Divine healer's Church, Bethlehem",tabular,xgboost,h24,2026-01-04T23:00:00,2026-01-18T23:00:00,2026-02-15T23:00:00,,,42.0
2026-01-27 22:00:00,47.6,72.3424072265625,1.0,"Divine healer's Church, Bethlehem",tabular,xgboost,h24,2026-01-04T23:00:00,2026-01-18T23:00:00,2026-02-15T23:00:00,,,42.0
2026-01-27 23:00:00,47.8,74.10846710205078,1.0,"Divine healer's Church, Bethlehem",tabular,xgboost,h24,2026-01-04T23:00:00,2026-01-18T23:00:00,2026-02-15T23:00:00,,,42.0
2026-01-28 00:00:00,50.0,66.66363525390625,1.0,"Divine healer's Church, Bethlehem",tabular,xgboost,h24,2026-01-04T23:00:00,2026-01-18T23:00:00,2026-02-15T23:00:00,,,42.0
2026-01-28 01:00:00,46.3,68.27070617675781,1.0,"Divine healer's Church, Bethlehem",tabular,xgboost,h24,2026-01-04T23:00:00,2026-01-18T23:00:00,2026-02-15T23:00:00,,,42.0
2026-01-28 02:00:00,45.2,62.304359436035156,1.0,"Divine healer's Church, Bethlehem",tabular,xgboost,h24,2026-01-04T23:00:00,2026-01-18T23:00:00,2026-02-15T23:00:00,,,42.0
2026-01-28 03:00:00,46.5,59.83430480957031,1.0,"Divine healer's Church, Bethlehem",tabular,xgboost,h24,2026-01-04T23:00:00,2026-01-18T23:00:00,2026-02-15T23:00:00,,,42.0
2026-01-28 04:00:00,47.2,59.20521545410156,1.0,"Divine healer's Church, Bethlehem",tabular,xgboost,h24,2026-01-04T23:00:00,2026-01-18T23:00:00,2026-02-15T23:00:00,,,42.0
2026-01-28 05:00:00,59.2,70.00045013427734,1.0,"Divine healer's Church, Bethlehem",tabular,xgboost,h24,2026-01-04T23:00:00,2026-01-18T23:00:00,2026-02-15T23:00:00,,,42.0
2026-01-28 06:00:00,90.5,87.84689331054688,1.0,"Divine healer's Church, Bethlehem",tabular,xgboost,h24,2026-01-04T23:00:00,2026-01-18T23:00:00,2026-02-15T23:00:00,,,42.0
2026-01-28 07:00:00,67.1,70.60850524902344,1.0,"Divine healer's Church, Bethlehem",tabular,xgboost,h24,2026-01-04T23:00:00,2026-01-18T23:00:00,2026-02-15T23:00:00,,,42.0
2026-01-28 08:00:00,51.9,60.43064880371094,1.0,"Divine healer's Church, Bethlehem",tabular,xgboost,h24,2026-01-04T23:00:00,2026-01-18T23:00:00,2026-02-15T23:00:00,,,42.0
2026-01-28 09:00:00,46.0,55.14070510864258,1.0,"Divine healer's Church, Bethlehem",tabular,xgboost,h24,2026-01-04T23:00:00,2026-01-18T23:00:00,2026-02-15T23:00:00,,,42.0
2026-01-28 10:00:00,45.7,57.13518142700195,1.0,"Divine healer's Church, Bethlehem",tabular,xgboost,h24,2026-01-04T23:00:00,2026-01-18T23:00:00,2026-02-15T23:00:00,,,42.0
2026-01-28 11:00:00,49.3,58.42643737792969,1.0,"Divine healer's Church, Bethlehem",tabular,xgboost,h24,2026-01-04T23:00:00,2026-01-18T23:00:00,2026-02-15T23:00:00,,,42.0
2026-01-28 12:00:00,52.6,64.45887756347656,1.0,"Divine healer's Church, Bethlehem",tabular,xgboost,h24,2026-01-04T23:00:00,2026-01-18T23:00:00,2026-02-15T23:00:00,,,42.0
2026-01-28 13:00:00,53.2,63.741477966308594,1.0,"Divine healer's Church, Bethlehem",tabular,xgboost,h24,2026-01-04T23:00:00,2026-01-18T23:00:00,2026-02-15T23:00:00,,,42.0
2026-01-28 14:00:00,48.9,72.60742950439453,1.0,"Divine healer's Church, Bethlehem",tabular,xgboost,h24,2026-01-04T23:00:00,2026-01-18T23:00:00,2026-02-15T23:00:00,,,42.0
2026-01-28 15:00:00,46.0,64.98054504394531,1.0,"Divine healer's Church, Bethlehem",tabular,xgboost,h24,2026-01-04T23:00:00,2026-01-18T23:00:00,2026-02-15T23:00:00,,,42.0
2026-01-28 16:00:00,79.6,62.78077697753906,1.0,"Divine healer's Church, Bethlehem",tabular,xgboost,h24,2026-01-04T23:00:00,2026-01-18T23:00:00,2026-02-15T23:00:00,,,42.0
2026-01-28 17:00:00,56.0,72.83457946777344,1.0,"Divine healer's Church, Bethlehem",tabular,xgboost,h24,2026-01-04T23:00:00,2026-01-18T23:00:00,2026-02-15T23:00:00,,,42.0
2026-01-28 18:00:00,48.7,76.32451629638672,1.0,"Divine healer's Church, Bethlehem",tabular,xgboost,h24,2026-01-04T23:00:00,2026-01-18T23:00:00,2026-02-15T23:00:00,,,42.0
2026-01-28 19:00:00,95.2,81.47264862060547,1.0,"Divine healer's Church, Bethlehem",tabular,xgboost,h24,2026-01-04T23:00:00,2026-01-18T23:00:00,2026-02-15T23:00:00,,,42.0
2026-01-28 20:00:00,67.8,71.12238311767578,1.0,"Divine healer's Church, Bethlehem",tabular,xgboost,h24,2026-01-04T23:00:00,2026-01-18T23:00:00,2026-02-15T23:00:00,,,42.0
2026-01-28 21:00:00,64.2,56.31071853637695,1.0,"Divine healer's Church, Bethlehem",tabular,xgboost,h24,2026-01-04T23:00:00,2026-01-18T23:00:00,2026-02-15T23:00:00,,,42.0
2026-01-28 22:00:00,52.5,55.161075592041016,1.0,"Divine healer's Church, Bethlehem",tabular,xgboost,h24,2026-01-04T23:00:00,2026-01-18T23:00:00,2026-02-15T23:00:00,,,42.0
2026-01-28 23:00:00,52.6,68.22321319580078,1.0,"Divine healer's Church, Bethlehem",tabular,xgboost,h24,2026-01-04T23:00:00,2026-01-18T23:00:00,2026-02-15T23:00:00,,,42.0
2026-01-29 00:00:00,54.0,59.143367767333984,1.0,"Divine healer's Church, Bethlehem",tabular,xgboost,h24,2026-01-04T23:00:00,2026-01-18T23:00:00,2026-02-15T23:00:00,,,42.0
2026-01-29 01:00:00,57.4,54.54042434692383,1.0,"Divine healer's Church, Bethlehem",tabular,xgboost,h24,2026-01-04T23:00:00,2026-01-18T23:00:00,2026-02-15T23:00:00,,,42.0
2026-01-29 02:00:00,48.3,62.52718734741211,1.0,"Divine healer's Church, Bethlehem",tabular,xgboost,h24,2026-01-04T23:00:00,2026-01-18T23:00:00,2026-02-15T23:00:00,,,42.0
2026-01-29 03:00:00,51.5,58.510894775390625,1.0,"Divine healer's Church, Bethlehem",tabular,xgboost,h24,2026-01-04T23:00:00,2026-01-18T23:00:00,2026-02-15T23:00:00,,,42.0
2026-01-29 04:00:00,52.3,67.32744598388672,1.0,"Divine healer's Church, Bethlehem",tabular,xgboost,h24,2026-01-04T23:00:00,2026-01-18T23:00:00,2026-02-15T23:00:00,,,42.0
2026-01-29 05:00:00,66.6,66.27017974853516,1.0,"Divine healer's Church, Bethlehem",tabular,xgboost,h24,2026-01-04T23:00:00,2026-01-18T23:00:00,2026-02-15T23:00:00,,,42.0
2026-01-29 06:00:00,73.1,73.10389709472656,1.0,"Divine healer's Church, Bethlehem",tabular,xgboost,h24,2026-01-04T23:00:00,2026-01-18T23:00:00,2026-02-15T23:00:00,,,42.0
2026-01-29 07:00:00,73.8,63.14358139038086,1.0,"Divine healer's Church, Bethlehem",tabular,xgboost,h24,2026-01-04T23:00:00,2026-01-18T23:00:00,2026-02-15T23:00:00,,,42.0
2026-01-29 08:00:00,55.1,56.63509750366211,1.0,"Divine healer's Church, Bethlehem",tabular,xgboost,h24,2026-01-04T23:00:00,2026-01-18T23:00:00,2026-02-15T23:00:00,,,42.0
2026-01-29 09:00:00,50.1,55.20905685424805,1.0,"Divine healer's Church, Bethlehem",tabular,xgboost,h24,2026-01-04T23:00:00,2026-01-18T23:00:00,2026-02-15T23:00:00,,,42.0
2026-01-29 10:00:00,47.8,59.427085876464844,1.0,"Divine healer's Church, Bethlehem",tabular,xgboost,h24,2026-01-04T23:00:00,2026-01-18T23:00:00,2026-02-15T23:00:00,,,42.0
2026-01-29 11:00:00,47.2,68.61498260498047,1.0,"Divine healer's Church, Bethlehem",tabular,xgboost,h24,2026-01-04T23:00:00,2026-01-18T23:00:00,2026-02-15T23:00:00,,,42.0
2026-01-29 12:00:00,47.1,66.86347198486328,1.0,"Divine healer's Church, Bethlehem",tabular,xgboost,h24,2026-01-04T23:00:00,2026-01-18T23:00:00,2026-02-15T23:00:00,,,42.0
2026-01-29 13:00:00,52.4,69.13821411132812,1.0,"Divine healer's Church, Bethlehem",tabular,xgboost,h24,2026-01-04T23:00:00,2026-01-18T23:00:00,2026-02-15T23:00:00,,,42.0
2026-01-29 14:00:00,44.8,63.545372009277344,1.0,"Divine healer's Church, Bethlehem",tabular,xgboost,h24,2026-01-04T23:00:00,2026-01-18T23:00:00,2026-02-15T23:00:00,,,42.0
2026-01-29 15:00:00,44.0,56.5360221862793,1.0,"Divine healer's Church, Bethlehem",tabular,xgboost,h24,2026-01-04T23:00:00,2026-01-18T23:00:00,2026-02-15T23:00:00,,,42.0
2026-01-29 16:00:00,43.6,52.7341194152832,1.0,"Divine healer's Church, Bethlehem",tabular,xgboost,h24,2026-01-04T23:00:00,2026-01-18T23:00:00,2026-02-15T23:00:00,,,42.0
2026-01-29 17:00:00,60.5,70.54930877685547,1.0,"Divine healer's Church, Bethlehem",tabular,xgboost,h24,2026-01-04T23:00:00,2026-01-18T23:00:00,2026-02-15T23:00:00,,,42.0
2026-01-29 18:00:00,61.3,83.2737808227539,1.0,"Divine healer's Church, Bethlehem",tabular,xgboost,h24,2026-01-04T23:00:00,2026-01-18T23:00:00,2026-02-15T23:00:00,,,42.0
2026-01-29 19:00:00,65.9,82.87088775634766,1.0,"Divine healer's Church, Bethlehem",tabular,xgboost,h24,2026-01-04T23:00:00,2026-01-18T23:00:00,2026-02-15T23:00:00,,,42.0
2026-01-29 20:00:00,81.0,66.93060302734375,1.0,"Divine healer's Church, Bethlehem",tabular,xgboost,h24,2026-01-04T23:00:00,2026-01-18T23:00:00,2026-02-15T23:00:00,,,42.0
2026-01-29 21:00:00,60.3,63.917396545410156,1.0,"Divine healer's Church, Bethlehem",tabular,xgboost,h24,2026-01-04T23:00:00,2026-01-18T23:00:00,2026-02-15T23:00:00,,,42.0
2026-01-29 22:00:00,51.5,60.126258850097656,1.0,"Divine healer's Church, Bethlehem",tabular,xgboost,h24,2026-01-04T23:00:00,2026-01-18T23:00:00,2026-02-15T23:00:00,,,42.0
2026-01-29 23:00:00,48.1,65.2760009765625,1.0,"Divine healer's Church, Bethlehem",tabular,xgboost,h24,2026-01-04T23:00:00,2026-01-18T23:00:00,2026-02-15T23:00:00,,,42.0
2026-01-30 00:00:00,44.0,60.6024055480957,1.0,"Divine healer's Church, Bethlehem",tabular,xgboost,h24,2026-01-04T23:00:00,2026-01-18T23:00:00,2026-02-15T23:00:00,,,42.0
2026-01-30 01:00:00,41.8,64.84684753417969,1.0,"Divine healer's Church, Bethlehem",tabular,xgboost,h24,2026-01-04T23:00:00,2026-01-18T23:00:00,2026-02-15T23:00:00,,,42.0
2026-01-30 02:00:00,41.9,54.42660140991211,1.0,"Divine healer's Church, Bethlehem",tabular,xgboost,h24,2026-01-04T23:00:00,2026-01-18T23:00:00,2026-02-15T23:00:00,,,42.0
2026-01-30 03:00:00,45.9,52.129112243652344,1.0,"Divine healer's Church, Bethlehem",tabular,xgboost,h24,2026-01-04T23:00:00,2026-01-18T23:00:00,2026-02-15T23:00:00,,,42.0
2026-01-30 04:00:00,47.4,60.06947708129883,1.0,"Divine healer's Church, Bethlehem",tabular,xgboost,h24,2026-01-04T23:00:00,2026-01-18T23:00:00,2026-02-15T23:00:00,,,42.0
2026-01-30 05:00:00,53.4,61.435062408447266,1.0,"Divine healer's Church, Bethlehem",tabular,xgboost,h24,2026-01-04T23:00:00,2026-01-18T23:00:00,2026-02-15T23:00:00,,,42.0
2026-01-30 06:00:00,51.2,74.3678207397461,1.0,"Divine healer's Church, Bethlehem",tabular,xgboost,h24,2026-01-04T23:00:00,2026-01-18T23:00:00,2026-02-15T23:00:00,,,42.0
2026-01-30 07:00:00,47.8,87.57038879394531,1.0,"Divine healer's Church, Bethlehem",tabular,xgboost,h24,2026-01-04T23:00:00,2026-01-18T23:00:00,2026-02-15T23:00:00,,,42.0
2026-01-30 08:00:00,43.5,60.62961196899414,1.0,"Divine healer's Church, Bethlehem",tabular,xgboost,h24,2026-01-04T23:00:00,2026-01-18T23:00:00,2026-02-15T23:00:00,,,42.0
2026-01-30 09:00:00,39.9,71.05420684814453,1.0,"Divine healer's Church, Bethlehem",tabular,xgboost,h24,2026-01-04T23:00:00,2026-01-18T23:00:00,2026-02-15T23:00:00,,,42.0
2026-01-30 10:00:00,39.4,77.12335968017578,1.0,"Divine healer's Church, Bethlehem",tabular,xgboost,h24,2026-01-04T23:00:00,2026-01-18T23:00:00,2026-02-15T23:00:00,,,42.0
2026-01-30 11:00:00,42.6,72.08628845214844,1.0,"Divine healer's Church, Bethlehem",tabular,xgboost,h24,2026-01-04T23:00:00,2026-01-18T23:00:00,2026-02-15T23:00:00,,,42.0
2026-01-30 12:00:00,42.6,72.15725708007812,1.0,"Divine healer's Church, Bethlehem",tabular,xgboost,h24,2026-01-04T23:00:00,2026-01-18T23:00:00,2026-02-15T23:00:00,,,42.0
2026-01-30 13:00:00,46.2,73.94526672363281,1.0,"Divine healer's Church, Bethlehem",tabular,xgboost,h24,2026-01-04T23:00:00,2026-01-18T23:00:00,2026-02-15T23:00:00,,,42.0
2026-01-30 14:00:00,44.6,69.24129486083984,1.0,"Divine healer's Church, Bethlehem",tabular,xgboost,h24,2026-01-04T23:00:00,2026-01-18T23:00:00,2026-02-15T23:00:00,,,42.0
2026-01-30 15:00:00,54.6,73.6055908203125,1.0,"Divine healer's Church, Bethlehem",tabular,xgboost,h24,2026-01-04T23:00:00,2026-01-18T23:00:00,2026-02-15T23:00:00,,,42.0
2026-01-30 16:00:00,67.9,64.97154998779297,1.0,"Divine healer's Church, Bethlehem",tabular,xgboost,h24,2026-01-04T23:00:00,2026-01-18T23:00:00,2026-02-15T23:00:00,,,42.0
2026-01-30 17:00:00,58.9,72.01860809326172,1.0,"Divine healer's Church, Bethlehem",tabular,xgboost,h24,2026-01-04T23:00:00,2026-01-18T23:00:00,2026-02-15T23:00:00,,,42.0
2026-01-30 18:00:00,78.1,93.72273254394531,1.0,"Divine healer's Church, Bethlehem",tabular,xgboost,h24,2026-01-04T23:00:00,2026-01-18T23:00:00,2026-02-15T23:00:00,,,42.0
2026-01-30 19:00:00,61.0,83.03397369384766,1.0,"Divine healer's Church, Bethlehem",tabular,xgboost,h24,2026-01-04T23:00:00,2026-01-18T23:00:00,2026-02-15T23:00:00,,,42.0
2026-01-30 20:00:00,51.5,83.9285888671875,1.0,"Divine healer's Church, Bethlehem",tabular,xgboost,h24,2026-01-04T23:00:00,2026-01-18T23:00:00,2026-02-15T23:00:00,,,42.0
2026-01-30 21:00:00,49.9,97.73136901855469,1.0,"Divine healer's Church, Bethlehem",tabular,xgboost,h24,2026-01-04T23:00:00,2026-01-18T23:00:00,2026-02-15T23:00:00,,,42.0
2026-01-30 22:00:00,44.8,79.20729064941406,1.0,"Divine healer's Church, Bethlehem",tabular,xgboost,h24,2026-01-04T23:00:00,2026-01-18T23:00:00,2026-02-15T23:00:00,,,42.0
2026-01-30 23:00:00,45.0,79.2144546508789,1.0,"Divine healer's Church, Bethlehem",tabular,xgboost,h24,2026-01-04T23:00:00,2026-01-18T23:00:00,2026-02-15T23:00:00,,,42.0
2026-01-31 00:00:00,42.7,70.20323944091797,1.0,"Divine healer's Church, Bethlehem",tabular,xgboost,h24,2026-01-04T23:00:00,2026-01-18T23:00:00,2026-02-15T23:00:00,,,42.0
2026-01-31 01:00:00,82.8,62.46141815185547,1.0,"Divine healer's Church, Bethlehem",tabular,xgboost,h24,2026-01-04T23:00:00,2026-01-18T23:00:00,2026-02-15T23:00:00,,,42.0
2026-01-31 02:00:00,52.3,59.8031120300293,1.0,"Divine healer's Church, Bethlehem",tabular,xgboost,h24,2026-01-04T23:00:00,2026-01-18T23:00:00,2026-02-15T23:00:00,,,42.0
2026-01-31 03:00:00,46.6,66.44361877441406,1.0,"Divine healer's Church, Bethlehem",tabular,xgboost,h24,2026-01-04T23:00:00,2026-01-18T23:00:00,2026-02-15T23:00:00,,,42.0
2026-01-31 04:00:00,45.9,76.517822265625,1.0,"Divine healer's Church, Bethlehem",tabular,xgboost,h24,2026-01-04T23:00:00,2026-01-18T23:00:00,2026-02-15T23:00:00,,,42.0
2026-01-31 05:00:00,59.3,82.47842407226562,1.0,"Divine healer's Church, Bethlehem",tabular,xgboost,h24,2026-01-04T23:00:00,2026-01-18T23:00:00,2026-02-15T23:00:00,,,42.0
2026-01-31 06:00:00,65.3,90.33956909179688,1.0,"Divine healer's Church, Bethlehem",tabular,xgboost,h24,2026-01-04T23:00:00,2026-01-18T23:00:00,2026-02-15T23:00:00,,,42.0
2026-01-31 07:00:00,68.2,73.50194549560547,1.0,"Divine healer's Church, Bethlehem",tabular,xgboost,h24,2026-01-04T23:00:00,2026-01-18T23:00:00,2026-02-15T23:00:00,,,42.0
2026-01-31 08:00:00,50.8,64.66078186035156,1.0,"Divine healer's Church, Bethlehem",tabular,xgboost,h24,2026-01-04T23:00:00,2026-01-18T23:00:00,2026-02-15T23:00:00,,,42.0
2026-01-31 09:00:00,51.0,67.02467346191406,1.0,"Divine healer's Church, Bethlehem",tabular,xgboost,h24,2026-01-04T23:00:00,2026-01-18T23:00:00,2026-02-15T23:00:00,,,42.0
2026-01-31 10:00:00,50.9,67.4723892211914,1.0,"Divine healer's Church, Bethlehem",tabular,xgboost,h24,2026-01-04T23:00:00,2026-01-18T23:00:00,2026-02-15T23:00:00,,,42.0
2026-01-31 11:00:00,50.5,79.56133270263672,1.0,"Divine healer's Church, Bethlehem",tabular,xgboost,h24,2026-01-04T23:00:00,2026-01-18T23:00:00,2026-02-15T23:00:00,,,42.0
2026-01-31 12:00:00,43.0,85.36300659179688,1.0,"Divine healer's Church, Bethlehem",tabular,xgboost,h24,2026-01-04T23:00:00,2026-01-18T23:00:00,2026-02-15T23:00:00,,,42.0
2026-01-31 13:00:00,41.6,85.5335693359375,1.0,"Divine healer's Church, Bethlehem",tabular,xgboost,h24,2026-01-04T23:00:00,2026-01-18T23:00:00,2026-02-15T23:00:00,,,42.0
2026-01-31 14:00:00,41.2,65.77503967285156,1.0,"Divine healer's Church, Bethlehem",tabular,xgboost,h24,2026-01-04T23:00:00,2026-01-18T23:00:00,2026-02-15T23:00:00,,,42.0
2026-01-31 15:00:00,37.5,59.129512786865234,1.0,"Divine healer's Church, Bethlehem",tabular,xgboost,h24,2026-01-04T23:00:00,2026-01-18T23:00:00,2026-02-15T23:00:00,,,42.0
2026-01-31 16:00:00,37.6,66.74523162841797,1.0,"Divine healer's Church, Bethlehem",tabular,xgboost,h24,2026-01-04T23:00:00,2026-01-18T23:00:00,2026-02-15T23:00:00,,,42.0
2026-01-31 17:00:00,45.9,72.65843200683594,1.0,"Divine healer's Church, Bethlehem",tabular,xgboost,h24,2026-01-04T23:00:00,2026-01-18T23:00:00,2026-02-15T23:00:00,,,42.0
2026-01-31 18:00:00,62.5,84.1303482055664,1.0,"Divine healer's Church, Bethlehem",tabular,xgboost,h24,2026-01-04T23:00:00,2026-01-18T23:00:00,2026-02-15T23:00:00,,,42.0
2026-01-31 19:00:00,61.9,101.18026733398438,1.0,"Divine healer's Church, Bethlehem",tabular,xgboost,h24,2026-01-04T23:00:00,2026-01-18T23:00:00,2026-02-15T23:00:00,,,42.0
2026-01-31 20:00:00,61.3,96.06279754638672,1.0,"Divine healer's Church, Bethlehem",tabular,xgboost,h24,2026-01-04T23:00:00,2026-01-18T23:00:00,2026-02-15T23:00:00,,,42.0
2026-01-31 21:00:00,56.8,91.41812133789062,1.0,"Divine healer's Church, Bethlehem",tabular,xgboost,h24,2026-01-04T23:00:00,2026-01-18T23:00:00,2026-02-15T23:00:00,,,42.0
2026-01-31 22:00:00,46.5,84.50910949707031,1.0,"Divine healer's Church, Bethlehem",tabular,xgboost,h24,2026-01-04T23:00:00,2026-01-18T23:00:00,2026-02-15T23:00:00,,,42.0
2026-01-31 23:00:00,52.0,84.08282470703125,1.0,"Divine healer's Church, Bethlehem",tabular,xgboost,h24,2026-01-04T23:00:00,2026-01-18T23:00:00,2026-02-15T23:00:00,,,42.0
2026-02-01 00:00:00,50.9,82.88155364990234,1.0,"Divine healer's Church, Bethlehem",tabular,xgboost,h24,2026-01-04T23:00:00,2026-01-18T23:00:00,2026-02-15T23:00:00,,,42.0
2026-02-01 01:00:00,39.1,77.33690643310547,1.0,"Divine healer's Church, Bethlehem",tabular,xgboost,h24,2026-01-04T23:00:00,2026-01-18T23:00:00,2026-02-15T23:00:00,,,42.0
2026-02-01 02:00:00,42.0,64.34011840820312,1.0,"Divine healer's Church, Bethlehem",tabular,xgboost,h24,2026-01-04T23:00:00,2026-01-18T23:00:00,2026-02-15T23:00:00,,,42.0
2026-02-01 03:00:00,42.4,65.15632629394531,1.0,"Divine healer's Church, Bethlehem",tabular,xgboost,h24,2026-01-04T23:00:00,2026-01-18T23:00:00,2026-02-15T23:00:00,,,42.0
2026-02-01 04:00:00,41.2,68.33444213867188,1.0,"Divine healer's Church, Bethlehem",tabular,xgboost,h24,2026-01-04T23:00:00,2026-01-18T23:00:00,2026-02-15T23:00:00,,,42.0
2026-02-01 05:00:00,45.1,75.97955322265625,1.0,"Divine healer's Church, Bethlehem",tabular,xgboost,h24,2026-01-04T23:00:00,2026-01-18T23:00:00,2026-02-15T23:00:00,,,42.0
2026-02-01 06:00:00,59.6,89.55169677734375,1.0,"Divine healer's Church, Bethlehem",tabular,xgboost,h24,2026-01-04T23:00:00,2026-01-18T23:00:00,2026-02-15T23:00:00,,,42.0
2026-02-01 07:00:00,64.0,81.4736099243164,1.0,"Divine healer's Church, Bethlehem",tabular,xgboost,h24,2026-01-04T23:00:00,2026-01-18T23:00:00,2026-02-15T23:00:00,,,42.0
2026-02-01 08:00:00,56.9,57.02587127685547,1.0,"Divine healer's Church, Bethlehem",tabular,xgboost,h24,2026-01-04T23:00:00,2026-01-18T23:00:00,2026-02-15T23:00:00,,,42.0
2026-02-01 09:00:00,47.9,57.75434112548828,1.0,"Divine healer's Church, Bethlehem",tabular,xgboost,h24,2026-01-04T23:00:00,2026-01-18T23:00:00,2026-02-15T23:00:00,,,42.0
2026-02-01 10:00:00,58.7,66.12742614746094,1.0,"Divine healer's Church, Bethlehem",tabular,xgboost,h24,2026-01-04T23:00:00,2026-01-18T23:00:00,2026-02-15T23:00:00,,,42.0
2026-02-01 11:00:00,51.5,89.86235809326172,1.0,"Divine healer's Church, Bethlehem",tabular,xgboost,h24,2026-01-04T23:00:00,2026-01-18T23:00:00,2026-02-15T23:00:00,,,42.0
2026-02-01 12:00:00,36.6,77.94075775146484,1.0,"Divine healer's Church, Bethlehem",tabular,xgboost,h24,2026-01-04T23:00:00,2026-01-18T23:00:00,2026-02-15T23:00:00,,,42.0
2026-02-01 13:00:00,35.4,70.6229248046875,1.0,"Divine healer's Church, Bethlehem",tabular,xgboost,h24,2026-01-04T23:00:00,2026-01-18T23:00:00,2026-02-15T23:00:00,,,42.0
2026-02-01 14:00:00,33.5,54.58891296386719,1.0,"Divine healer's Church, Bethlehem",tabular,xgboost,h24,2026-01-04T23:00:00,2026-01-18T23:00:00,2026-02-15T23:00:00,,,42.0
2026-02-01 15:00:00,35.3,56.72705078125,1.0,"Divine healer's Church, Bethlehem",tabular,xgboost,h24,2026-01-04T23:00:00,2026-01-18T23:00:00,2026-02-15T23:00:00,,,42.0
2026-02-01 16:00:00,36.1,61.33504104614258,1.0,"Divine healer's Church, Bethlehem",tabular,xgboost,h24,2026-01-04T23:00:00,2026-01-18T23:00:00,2026-02-15T23:00:00,,,42.0
2026-02-01 17:00:00,57.3,64.32746887207031,1.0,"Divine healer's Church, Bethlehem",tabular,xgboost,h24,2026-01-04T23:00:00,2026-01-18T23:00:00,2026-02-15T23:00:00,,,42.0
2026-02-01 18:00:00,46.5,84.1936264038086,1.0,"Divine healer's Church, Bethlehem",tabular,xgboost,h24,2026-01-04T23:00:00,2026-01-18T23:00:00,2026-02-15T23:00:00,,,42.0
2026-02-01 19:00:00,61.0,111.29399871826172,1.0,"Divine healer's Church, Bethlehem",tabular,xgboost,h24,2026-01-04T23:00:00,2026-01-18T23:00:00,2026-02-15T23:00:00,,,42.0
2026-02-01 20:00:00,53.6,91.47552490234375,1.0,"Divine healer's Church, Bethlehem",tabular,xgboost,h24,2026-01-04T23:00:00,2026-01-18T23:00:00,2026-02-15T23:00:00,,,42.0
2026-02-01 21:00:00,56.2,83.23017883300781,1.0,"Divine healer's Church, Bethlehem",tabular,xgboost,h24,2026-01-04T23:00:00,2026-01-18T23:00:00,2026-02-15T23:00:00,,,42.0
2026-02-01 22:00:00,72.4,79.5280532836914,1.0,"Divine healer's Church, Bethlehem",tabular,xgboost,h24,2026-01-04T23:00:00,2026-01-18T23:00:00,2026-02-15T23:00:00,,,42.0
2026-02-01 23:00:00,62.5,88.6380844116211,1.0,"Divine healer's Church, Bethlehem",tabular,xgboost,h24,2026-01-04T23:00:00,2026-01-18T23:00:00,2026-02-15T23:00:00,,,42.0
2026-02-02 00:00:00,44.0,87.39644622802734,1.0,"Divine healer's Church, Bethlehem",tabular,xgboost,h24,2026-01-04T23:00:00,2026-01-18T23:00:00,2026-02-15T23:00:00,,,42.0
2026-02-02 01:00:00,44.7,84.9996566772461,1.0,"Divine healer's Church, Bethlehem",tabular,xgboost,h24,2026-01-04T23:00:00,2026-01-18T23:00:00,2026-02-15T23:00:00,,,42.0
2026-02-02 02:00:00,49.3,66.59268951416016,1.0,"Divine healer's Church, Bethlehem",tabular,xgboost,h24,2026-01-04T23:00:00,2026-01-18T23:00:00,2026-02-15T23:00:00,,,42.0
2026-02-02 03:00:00,44.1,71.24381256103516,1.0,"Divine healer's Church, Bethlehem",tabular,xgboost,h24,2026-01-04T23:00:00,2026-01-18T23:00:00,2026-02-15T23:00:00,,,42.0
2026-02-02 04:00:00,41.6,73.53178405761719,1.0,"Divine healer's Church, Bethlehem",tabular,xgboost,h24,2026-01-04T23:00:00,2026-01-18T23:00:00,2026-02-15T23:00:00,,,42.0
2026-02-02 05:00:00,86.6,91.08129119873047,1.0,"Divine healer's Church, Bethlehem",tabular,xgboost,h24,2026-01-04T23:00:00,2026-01-18T23:00:00,2026-02-15T23:00:00,,,42.0
2026-02-02 06:00:00,70.5,118.87244415283203,1.0,"Divine healer's Church, Bethlehem",tabular,xgboost,h24,2026-01-04T23:00:00,2026-01-18T23:00:00,2026-02-15T23:00:00,,,42.0
2026-02-02 07:00:00,51.4,101.3032455444336,1.0,"Divine healer's Church, Bethlehem",tabular,xgboost,h24,2026-01-04T23:00:00,2026-01-18T23:00:00,2026-02-15T23:00:00,,,42.0
2026-02-02 08:00:00,44.1,74.70529174804688,1.0,"Divine healer's Church, Bethlehem",tabular,xgboost,h24,2026-01-04T23:00:00,2026-01-18T23:00:00,2026-02-15T23:00:00,,,42.0
2026-02-02 09:00:00,46.7,71.46429443359375,1.0,"Divine healer's Church, Bethlehem",tabular,xgboost,h24,2026-01-04T23:00:00,2026-01-18T23:00:00,2026-02-15T23:00:00,,,42.0
2026-02-02 10:00:00,47.1,74.04547119140625,1.0,"Divine healer's Church, Bethlehem",tabular,xgboost,h24,2026-01-04T23:00:00,2026-01-18T23:00:00,2026-02-15T23:00:00,,,42.0
2026-02-02 11:00:00,37.9,97.27787017822266,1.0,"Divine healer's Church, Bethlehem",tabular,xgboost,h24,2026-01-04T23:00:00,2026-01-18T23:00:00,2026-02-15T23:00:00,,,42.0
2026-02-02 12:00:00,33.2,100.92620849609375,1.0,"Divine healer's Church, Bethlehem",tabular,xgboost,h24,2026-01-04T23:00:00,2026-01-18T23:00:00,2026-02-15T23:00:00,,,42.0
2026-02-02 13:00:00,32.2,81.03208923339844,1.0,"Divine healer's Church, Bethlehem",tabular,xgboost,h24,2026-01-04T23:00:00,2026-01-18T23:00:00,2026-02-15T23:00:00,,,42.0
2026-02-02 14:00:00,33.4,82.2260513305664,1.0,"Divine healer's Church, Bethlehem",tabular,xgboost,h24,2026-01-04T23:00:00,2026-01-18T23:00:00,2026-02-15T23:00:00,,,42.0
2026-02-02 15:00:00,50.3,83.59740447998047,1.0,"Divine healer's Church, Bethlehem",tabular,xgboost,h24,2026-01-04T23:00:00,2026-01-18T23:00:00,2026-02-15T23:00:00,,,42.0
2026-02-02 16:00:00,56.0,78.45694732666016,1.0,"Divine healer's Church, Bethlehem",tabular,xgboost,h24,2026-01-04T23:00:00,2026-01-18T23:00:00,2026-02-15T23:00:00,,,42.0
2026-02-02 17:00:00,67.7,90.75820922851562,1.0,"Divine healer's Church, Bethlehem",tabular,xgboost,h24,2026-01-04T23:00:00,2026-01-18T23:00:00,2026-02-15T23:00:00,,,42.0
2026-02-02 18:00:00,57.3,91.45335388183594,1.0,"Divine healer's Church, Bethlehem",tabular,xgboost,h24,2026-01-04T23:00:00,2026-01-18T23:00:00,2026-02-15T23:00:00,,,42.0
2026-02-02 19:00:00,56.0,93.88306427001953,1.0,"Divine healer's Church, Bethlehem",tabular,xgboost,h24,2026-01-04T23:00:00,2026-01-18T23:00:00,2026-02-15T23:00:00,,,42.0
2026-02-02 20:00:00,47.3,84.35542297363281,1.0,"Divine healer's Church, Bethlehem",tabular,xgboost,h24,2026-01-04T23:00:00,2026-01-18T23:00:00,2026-02-15T23:00:00,,,42.0
2026-02-02 21:00:00,45.3,97.37654113769531,1.0,"Divine healer's Church, Bethlehem",tabular,xgboost,h24,2026-01-04T23:00:00,2026-01-18T23:00:00,2026-02-15T23:00:00,,,42.0
2026-02-02 22:00:00,45.4,80.29402923583984,1.0,"Divine healer's Church, Bethlehem",tabular,xgboost,h24,2026-01-04T23:00:00,2026-01-18T23:00:00,2026-02-15T23:00:00,,,42.0
2026-02-02 23:00:00,50.3,78.05795288085938,1.0,"Divine healer's Church, Bethlehem",tabular,xgboost,h24,2026-01-04T23:00:00,2026-01-18T23:00:00,2026-02-15T23:00:00,,,42.0
2026-02-03 00:00:00,51.6,77.38086700439453,1.0,"Divine healer's Church, Bethlehem",tabular,xgboost,h24,2026-01-04T23:00:00,2026-01-18T23:00:00,2026-02-15T23:00:00,,,42.0
2026-02-03 01:00:00,46.5,87.31751251220703,1.0,"Divine healer's Church, Bethlehem",tabular,xgboost,h24,2026-01-04T23:00:00,2026-01-18T23:00:00,2026-02-15T23:00:00,,,42.0
2026-02-03 02:00:00,42.5,84.95220184326172,1.0,"Divine healer's Church, Bethlehem",tabular,xgboost,h24,2026-01-04T23:00:00,2026-01-18T23:00:00,2026-02-15T23:00:00,,,42.0
2026-02-03 03:00:00,40.6,80.88243103027344,1.0,"Divine healer's Church, Bethlehem",tabular,xgboost,h24,2026-01-04T23:00:00,2026-01-18T23:00:00,2026-02-15T23:00:00,,,42.0
2026-02-03 04:00:00,44.3,89.32794952392578,1.0,"Divine healer's Church, Bethlehem",tabular,xgboost,h24,2026-01-04T23:00:00,2026-01-18T23:00:00,2026-02-15T23:00:00,,,42.0
2026-02-03 05:00:00,48.8,86.59407043457031,1.0,"Divine healer's Church, Bethlehem",tabular,xgboost,h24,2026-01-04T23:00:00,2026-01-18T23:00:00,2026-02-15T23:00:00,,,42.0
2026-02-03 06:00:00,46.9,100.05335998535156,1.0,"Divine healer's Church, Bethlehem",tabular,xgboost,h24,2026-01-04T23:00:00,2026-01-18T23:00:00,2026-02-15T23:00:00,,,42.0
2026-02-03 07:00:00,51.6,98.04679870605469,1.0,"Divine healer's Church, Bethlehem",tabular,xgboost,h24,2026-01-04T23:00:00,2026-01-18T23:00:00,2026-02-15T23:00:00,,,42.0
2026-02-03 08:00:00,102.3,80.05530548095703,1.0,"Divine healer's Church, Bethlehem",tabular,xgboost,h24,2026-01-04T23:00:00,2026-01-18T23:00:00,2026-02-15T23:00:00,,,42.0
2026-02-03 09:00:00,48.3,69.92678833007812,1.0,"Divine healer's Church, Bethlehem",tabular,xgboost,h24,2026-01-04T23:00:00,2026-01-18T23:00:00,2026-02-15T23:00:00,,,42.0
2026-02-03 10:00:00,45.4,71.0503921508789,1.0,"Divine healer's Church, Bethlehem",tabular,xgboost,h24,2026-01-04T23:00:00,2026-01-18T23:00:00,2026-02-15T23:00:00,,,42.0
2026-02-03 11:00:00,53.2,89.42770385742188,1.0,"Divine healer's Church, Bethlehem",tabular,xgboost,h24,2026-01-04T23:00:00,2026-01-18T23:00:00,2026-02-15T23:00:00,,,42.0
2026-02-03 12:00:00,43.9,80.12206268310547,1.0,"Divine healer's Church, Bethlehem",tabular,xgboost,h24,2026-01-04T23:00:00,2026-01-18T23:00:00,2026-02-15T23:00:00,,,42.0
2026-02-03 13:00:00,49.8,86.57367706298828,1.0,"Divine healer's Church, Bethlehem",tabular,xgboost,h24,2026-01-04T23:00:00,2026-01-18T23:00:00,2026-02-15T23:00:00,,,42.0
2026-02-03 14:00:00,38.6,81.34575653076172,1.0,"Divine healer's Church, Bethlehem",tabular,xgboost,h24,2026-01-04T23:00:00,2026-01-18T23:00:00,2026-02-15T23:00:00,,,42.0
2026-02-03 15:00:00,39.5,99.29258728027344,1.0,"Divine healer's Church, Bethlehem",tabular,xgboost,h24,2026-01-04T23:00:00,2026-01-18T23:00:00,2026-02-15T23:00:00,,,42.0
2026-02-03 16:00:00,44.0,75.88162231445312,1.0,"Divine healer's Church, Bethlehem",tabular,xgboost,h24,2026-01-04T23:00:00,2026-01-18T23:00:00,2026-02-15T23:00:00,,,42.0
2026-02-03 17:00:00,37.8,90.57105255126953,1.0,"Divine healer's Church, Bethlehem",tabular,xgboost,h24,2026-01-04T23:00:00,2026-01-18T23:00:00,2026-02-15T23:00:00,,,42.0
2026-02-03 18:00:00,48.7,97.15669250488281,1.0,"Divine healer's Church, Bethlehem",tabular,xgboost,h24,2026-01-04T23:00:00,2026-01-18T23:00:00,2026-02-15T23:00:00,,,42.0
2026-02-03 19:00:00,85.5,85.6791763305664,1.0,"Divine healer's Church, Bethlehem",tabular,xgboost,h24,2026-01-04T23:00:00,2026-01-18T23:00:00,2026-02-15T23:00:00,,,42.0
2026-02-03 20:00:00,81.4,84.56387329101562,1.0,"Divine healer's Church, Bethlehem",tabular,xgboost,h24,2026-01-04T23:00:00,2026-01-18T23:00:00,2026-02-15T23:00:00,,,42.0
2026-02-03 21:00:00,69.4,86.48147583007812,1.0,"Divine healer's Church, Bethlehem",tabular,xgboost,h24,2026-01-04T23:00:00,2026-01-18T23:00:00,2026-02-15T23:00:00,,,42.0
2026-02-03 22:00:00,49.3,89.19181823730469,1.0,"Divine healer's Church, Bethlehem",tabular,xgboost,h24,2026-01-04T23:00:00,2026-01-18T23:00:00,2026-02-15T23:00:00,,,42.0
2026-02-03 23:00:00,41.9,86.10740661621094,1.0,"Divine healer's Church, Bethlehem",tabular,xgboost,h24,2026-01-04T23:00:00,2026-01-18T23:00:00,2026-02-15T23:00:00,,,42.0
2026-02-04 00:00:00,45.7,86.79143524169922,1.0,"Divine healer's Church, Bethlehem",tabular,xgboost,h24,2026-01-04T23:00:00,2026-01-18T23:00:00,2026-02-15T23:00:00,,,42.0
2026-02-04 01:00:00,32.7,87.63142395019531,1.0,"Divine healer's Church, Bethlehem",tabular,xgboost,h24,2026-01-04T23:00:00,2026-01-18T23:00:00,2026-02-15T23:00:00,,,42.0
2026-02-04 02:00:00,33.7,82.5321044921875,1.0,"Divine healer's Church, Bethlehem",tabular,xgboost,h24,2026-01-04T23:00:00,2026-01-18T23:00:00,2026-02-15T23:00:00,,,42.0
2026-02-04 03:00:00,40.0,77.44859313964844,1.0,"Divine healer's Church, Bethlehem",tabular,xgboost,h24,2026-01-04T23:00:00,2026-01-18T23:00:00,2026-02-15T23:00:00,,,42.0
2026-02-04 04:00:00,69.5,73.56517028808594,1.0,"Divine healer's Church, Bethlehem",tabular,xgboost,h24,2026-01-04T23:00:00,2026-01-18T23:00:00,2026-02-15T23:00:00,,,42.0
2026-02-04 05:00:00,127.8,78.81573486328125,1.0,"Divine healer's Church, Bethlehem",tabular,xgboost,h24,2026-01-04T23:00:00,2026-01-18T23:00:00,2026-02-15T23:00:00,,,42.0
2026-02-04 06:00:00,142.9,86.2296371459961,1.0,"Divine healer's Church, Bethlehem",tabular,xgboost,h24,2026-01-04T23:00:00,2026-01-18T23:00:00,2026-02-15T23:00:00,,,42.0
2026-02-04 07:00:00,101.3,86.12906646728516,1.0,"Divine healer's Church, Bethlehem",tabular,xgboost,h24,2026-01-04T23:00:00,2026-01-18T23:00:00,2026-02-15T23:00:00,,,42.0
2026-02-04 08:00:00,100.3,66.75963592529297,1.0,"Divine healer's Church, Bethlehem",tabular,xgboost,h24,2026-01-04T23:00:00,2026-01-18T23:00:00,2026-02-15T23:00:00,,,42.0
2026-02-04 09:00:00,65.1,69.48688507080078,1.0,"Divine healer's Church, Bethlehem",tabular,xgboost,h24,2026-01-04T23:00:00,2026-01-18T23:00:00,2026-02-15T23:00:00,,,42.0
2026-02-04 10:00:00,76.5,76.9385986328125,1.0,"Divine healer's Church, Bethlehem",tabular,xgboost,h24,2026-01-04T23:00:00,2026-01-18T23:00:00,2026-02-15T23:00:00,,,42.0
2026-02-04 11:00:00,76.3,74.83000946044922,1.0,"Divine healer's Church, Bethlehem",tabular,xgboost,h24,2026-01-04T23:00:00,2026-01-18T23:00:00,2026-02-15T23:00:00,,,42.0
2026-02-04 12:00:00,47.7,92.56356048583984,1.0,"Divine healer's Church, Bethlehem",tabular,xgboost,h24,2026-01-04T23:00:00,2026-01-18T23:00:00,2026-02-15T23:00:00,,,42.0
2026-02-04 13:00:00,38.5,69.83212280273438,1.0,"Divine healer's Church, Bethlehem",tabular,xgboost,h24,2026-01-04T23:00:00,2026-01-18T23:00:00,2026-02-15T23:00:00,,,42.0
2026-02-04 14:00:00,36.0,63.84056854248047,1.0,"Divine healer's Church, Bethlehem",tabular,xgboost,h24,2026-01-04T23:00:00,2026-01-18T23:00:00,2026-02-15T23:00:00,,,42.0
2026-02-04 15:00:00,31.8,62.8528938293457,1.0,"Divine healer's Church, Bethlehem",tabular,xgboost,h24,2026-01-04T23:00:00,2026-01-18T23:00:00,2026-02-15T23:00:00,,,42.0
2026-02-04 16:00:00,31.1,50.19820785522461,1.0,"Divine healer's Church, Bethlehem",tabular,xgboost,h24,2026-01-04T23:00:00,2026-01-18T23:00:00,2026-02-15T23:00:00,,,42.0
2026-02-04 17:00:00,26.2,63.37840270996094,1.0,"Divine healer's Church, Bethlehem",tabular,xgboost,h24,2026-01-04T23:00:00,2026-01-18T23:00:00,2026-02-15T23:00:00,,,42.0
2026-02-04 18:00:00,31.7,76.12804412841797,1.0,"Divine healer's Church, Bethlehem",tabular,xgboost,h24,2026-01-04T23:00:00,2026-01-18T23:00:00,2026-02-15T23:00:00,,,42.0
2026-02-04 19:00:00,62.9,75.29248809814453,1.0,"Divine healer's Church, Bethlehem",tabular,xgboost,h24,2026-01-04T23:00:00,2026-01-18T23:00:00,2026-02-15T23:00:00,,,42.0
2026-02-04 20:00:00,26.0,76.89656829833984,1.0,"Divine healer's Church, Bethlehem",tabular,xgboost,h24,2026-01-04T23:00:00,2026-01-18T23:00:00,2026-02-15T23:00:00,,,42.0
2026-02-04 21:00:00,52.7,76.2436294555664,1.0,"Divine healer's Church, Bethlehem",tabular,xgboost,h24,2026-01-04T23:00:00,2026-01-18T23:00:00,2026-02-15T23:00:00,,,42.0
2026-02-04 22:00:00,51.5,79.04987335205078,1.0,"Divine healer's Church, Bethlehem",tabular,xgboost,h24,2026-01-04T23:00:00,2026-01-18T23:00:00,2026-02-15T23:00:00,,,42.0
2026-02-04 23:00:00,49.0,72.0831298828125,1.0,"Divine healer's Church, Bethlehem",tabular,xgboost,h24,2026-01-04T23:00:00,2026-01-18T23:00:00,2026-02-15T23:00:00,,,42.0
2026-02-05 00:00:00,42.6,72.0428695678711,1.0,"Divine healer's Church, Bethlehem",tabular,xgboost,h24,2026-01-04T23:00:00,2026-01-18T23:00:00,2026-02-15T23:00:00,,,42.0
2026-02-05 01:00:00,45.2,60.56228256225586,1.0,"Divine healer's Church, Bethlehem",tabular,xgboost,h24,2026-01-04T23:00:00,2026-01-18T23:00:00,2026-02-15T23:00:00,,,42.0
2026-02-05 02:00:00,56.6,61.79533767700195,1.0,"Divine healer's Church, Bethlehem",tabular,xgboost,h24,2026-01-04T23:00:00,2026-01-18T23:00:00,2026-02-15T23:00:00,,,42.0
2026-02-05 03:00:00,45.1,59.761898040771484,1.0,"Divine healer's Church, Bethlehem",tabular,xgboost,h24,2026-01-04T23:00:00,2026-01-18T23:00:00,2026-02-15T23:00:00,,,42.0
2026-02-05 04:00:00,40.7,71.90579986572266,1.0,"Divine healer's Church, Bethlehem",tabular,xgboost,h24,2026-01-04T23:00:00,2026-01-18T23:00:00,2026-02-15T23:00:00,,,42.0
2026-02-05 05:00:00,39.8,82.27013397216797,1.0,"Divine healer's Church, Bethlehem",tabular,xgboost,h24,2026-01-04T23:00:00,2026-01-18T23:00:00,2026-02-15T23:00:00,,,42.0
2026-02-05 06:00:00,42.9,75.53687286376953,1.0,"Divine healer's Church, Bethlehem",tabular,xgboost,h24,2026-01-04T23:00:00,2026-01-18T23:00:00,2026-02-15T23:00:00,,,42.0
2026-02-05 07:00:00,37.1,71.0846176147461,1.0,"Divine healer's Church, Bethlehem",tabular,xgboost,h24,2026-01-04T23:00:00,2026-01-18T23:00:00,2026-02-15T23:00:00,,,42.0
2026-02-05 08:00:00,27.3,62.045509338378906,1.0,"Divine healer's Church, Bethlehem",tabular,xgboost,h24,2026-01-04T23:00:00,2026-01-18T23:00:00,2026-02-15T23:00:00,,,42.0
2026-02-05 09:00:00,17.9,65.58745574951172,1.0,"Divine healer's Church, Bethlehem",tabular,xgboost,h24,2026-01-04T23:00:00,2026-01-18T23:00:00,2026-02-15T23:00:00,,,42.0
2026-02-05 10:00:00,16.8,64.36305236816406,1.0,"Divine healer's Church, Bethlehem",tabular,xgboost,h24,2026-01-04T23:00:00,2026-01-18T23:00:00,2026-02-15T23:00:00,,,42.0
2026-02-05 11:00:00,21.1,64.12520599365234,1.0,"Divine healer's Church, Bethlehem",tabular,xgboost,h24,2026-01-04T23:00:00,2026-01-18T23:00:00,2026-02-15T23:00:00,,,42.0
2026-02-05 12:00:00,28.6,64.6886978149414,1.0,"Divine healer's Church, Bethlehem",tabular,xgboost,h24,2026-01-04T23:00:00,2026-01-18T23:00:00,2026-02-15T23:00:00,,,42.0
2026-02-05 13:00:00,28.8,75.62422180175781,1.0,"Divine healer's Church, Bethlehem",tabular,xgboost,h24,2026-01-04T23:00:00,2026-01-18T23:00:00,2026-02-15T23:00:00,,,42.0
2026-02-05 14:00:00,24.5,65.065185546875,1.0,"Divine healer's Church, Bethlehem",tabular,xgboost,h24,2026-01-04T23:00:00,2026-01-18T23:00:00,2026-02-15T23:00:00,,,42.0
2026-02-05 15:00:00,29.0,74.11149597167969,1.0,"Divine healer's Church, Bethlehem",tabular,xgboost,h24,2026-01-04T23:00:00,2026-01-18T23:00:00,2026-02-15T23:00:00,,,42.0
2026-02-05 16:00:00,38.0,79.72566986083984,1.0,"Divine healer's Church, Bethlehem",tabular,xgboost,h24,2026-01-04T23:00:00,2026-01-18T23:00:00,2026-02-15T23:00:00,,,42.0
2026-02-05 17:00:00,38.1,86.64964294433594,1.0,"Divine healer's Church, Bethlehem",tabular,xgboost,h24,2026-01-04T23:00:00,2026-01-18T23:00:00,2026-02-15T23:00:00,,,42.0
2026-02-05 18:00:00,40.7,84.80652618408203,1.0,"Divine healer's Church, Bethlehem",tabular,xgboost,h24,2026-01-04T23:00:00,2026-01-18T23:00:00,2026-02-15T23:00:00,,,42.0
2026-02-05 19:00:00,40.7,68.61267852783203,1.0,"Divine healer's Church, Bethlehem",tabular,xgboost,h24,2026-01-04T23:00:00,2026-01-18T23:00:00,2026-02-15T23:00:00,,,42.0
2026-02-05 20:00:00,35.2,86.63419342041016,1.0,"Divine healer's Church, Bethlehem",tabular,xgboost,h24,2026-01-04T23:00:00,2026-01-18T23:00:00,2026-02-15T23:00:00,,,42.0
2026-02-05 21:00:00,33.2,76.50142669677734,1.0,"Divine healer's Church, Bethlehem",tabular,xgboost,h24,2026-01-04T23:00:00,2026-01-18T23:00:00,2026-02-15T23:00:00,,,42.0
2026-02-05 22:00:00,37.1,74.13075256347656,1.0,"Divine healer's Church, Bethlehem",tabular,xgboost,h24,2026-01-04T23:00:00,2026-01-18T23:00:00,2026-02-15T23:00:00,,,42.0
2026-02-05 23:00:00,30.7,67.73126983642578,1.0,"Divine healer's Church, Bethlehem",tabular,xgboost,h24,2026-01-04T23:00:00,2026-01-18T23:00:00,2026-02-15T23:00:00,,,42.0
2026-02-06 00:00:00,27.7,67.2538070678711,1.0,"Divine healer's Church, Bethlehem",tabular,xgboost,h24,2026-01-04T23:00:00,2026-01-18T23:00:00,2026-02-15T23:00:00,,,42.0
2026-02-06 01:00:00,28.3,66.86837005615234,1.0,"Divine healer's Church, Bethlehem",tabular,xgboost,h24,2026-01-04T23:00:00,2026-01-18T23:00:00,2026-02-15T23:00:00,,,42.0
2026-02-06 02:00:00,31.6,74.92938232421875,1.0,"Divine healer's Church, Bethlehem",tabular,xgboost,h24,2026-01-04T23:00:00,2026-01-18T23:00:00,2026-02-15T23:00:00,,,42.0
2026-02-06 03:00:00,35.2,61.12797164916992,1.0,"Divine healer's Church, Bethlehem",tabular,xgboost,h24,2026-01-04T23:00:00,2026-01-18T23:00:00,2026-02-15T23:00:00,,,42.0
2026-02-06 04:00:00,44.2,63.257442474365234,1.0,"Divine healer's Church, Bethlehem",tabular,xgboost,h24,2026-01-04T23:00:00,2026-01-18T23:00:00,2026-02-15T23:00:00,,,42.0
2026-02-06 05:00:00,65.2,70.93186950683594,1.0,"Divine healer's Church, Bethlehem",tabular,xgboost,h24,2026-01-04T23:00:00,2026-01-18T23:00:00,2026-02-15T23:00:00,,,42.0
2026-02-06 06:00:00,98.6,67.93870544433594,1.0,"Divine healer's Church, Bethlehem",tabular,xgboost,h24,2026-01-04T23:00:00,2026-01-18T23:00:00,2026-02-15T23:00:00,,,42.0
2026-02-06 07:00:00,52.2,67.41169738769531,1.0,"Divine healer's Church, Bethlehem",tabular,xgboost,h24,2026-01-04T23:00:00,2026-01-18T23:00:00,2026-02-15T23:00:00,,,42.0
2026-02-06 08:00:00,39.3,64.55271911621094,1.0,"Divine healer's Church, Bethlehem",tabular,xgboost,h24,2026-01-04T23:00:00,2026-01-18T23:00:00,2026-02-15T23:00:00,,,42.0
2026-02-06 09:00:00,33.9,73.98918151855469,1.0,"Divine healer's Church, Bethlehem",tabular,xgboost,h24,2026-01-04T23:00:00,2026-01-18T23:00:00,2026-02-15T23:00:00,,,42.0
2026-02-06 10:00:00,41.2,78.94705963134766,1.0,"Divine healer's Church, Bethlehem",tabular,xgboost,h24,2026-01-04T23:00:00,2026-01-18T23:00:00,2026-02-15T23:00:00,,,42.0
2026-02-06 11:00:00,33.0,82.87112426757812,1.0,"Divine healer's Church, Bethlehem",tabular,xgboost,h24,2026-01-04T23:00:00,2026-01-18T23:00:00,2026-02-15T23:00:00,,,42.0
2026-02-06 12:00:00,31.2,64.9205093383789,1.0,"Divine healer's Church, Bethlehem",tabular,xgboost,h24,2026-01-04T23:00:00,2026-01-18T23:00:00,2026-02-15T23:00:00,,,42.0
2026-02-06 13:00:00,32.2,68.45502471923828,1.0,"Divine healer's Church, Bethlehem",tabular,xgboost,h24,2026-01-04T23:00:00,2026-01-18T23:00:00,2026-02-15T23:00:00,,,42.0
2026-02-06 14:00:00,27.2,69.69522857666016,1.0,"Divine healer's Church, Bethlehem",tabular,xgboost,h24,2026-01-04T23:00:00,2026-01-18T23:00:00,2026-02-15T23:00:00,,,42.0
2026-02-06 15:00:00,26.2,56.82563018798828,1.0,"Divine healer's Church, Bethlehem",tabular,xgboost,h24,2026-01-04T23:00:00,2026-01-18T23:00:00,2026-02-15T23:00:00,,,42.0
2026-02-06 16:00:00,26.2,60.54345703125,1.0,"Divine healer's Church, Bethlehem",tabular,xgboost,h24,2026-01-04T23:00:00,2026-01-18T23:00:00,2026-02-15T23:00:00,,,42.0
2026-02-06 17:00:00,29.4,60.42415237426758,1.0,"Divine healer's Church, Bethlehem",tabular,xgboost,h24,2026-01-04T23:00:00,2026-01-18T23:00:00,2026-02-15T23:00:00,,,42.0
2026-02-06 18:00:00,34.0,56.202308654785156,1.0,"Divine healer's Church, Bethlehem",tabular,xgboost,h24,2026-01-04T23:00:00,2026-01-18T23:00:00,2026-02-15T23:00:00,,,42.0
2026-02-06 19:00:00,38.5,55.18563461303711,1.0,"Divine healer's Church, Bethlehem",tabular,xgboost,h24,2026-01-04T23:00:00,2026-01-18T23:00:00,2026-02-15T23:00:00,,,42.0
2026-02-06 20:00:00,34.5,64.56302642822266,1.0,"Divine healer's Church, Bethlehem",tabular,xgboost,h24,2026-01-04T23:00:00,2026-01-18T23:00:00,2026-02-15T23:00:00,,,42.0
2026-02-06 21:00:00,51.0,64.51885986328125,1.0,"Divine healer's Church, Bethlehem",tabular,xgboost,h24,2026-01-04T23:00:00,2026-01-18T23:00:00,2026-02-15T23:00:00,,,42.0
2026-02-06 22:00:00,33.3,71.30171966552734,1.0,"Divine healer's Church, Bethlehem",tabular,xgboost,h24,2026-01-04T23:00:00,2026-01-18T23:00:00,2026-02-15T23:00:00,,,42.0
2026-02-06 23:00:00,35.8,77.70152282714844,1.0,"Divine healer's Church, Bethlehem",tabular,xgboost,h24,2026-01-04T23:00:00,2026-01-18T23:00:00,2026-02-15T23:00:00,,,42.0
2026-02-07 00:00:00,36.3,80.80207824707031,1.0,"Divine healer's Church, Bethlehem",tabular,xgboost,h24,2026-01-04T23:00:00,2026-01-18T23:00:00,2026-02-15T23:00:00,,,42.0
2026-02-07 01:00:00,41.7,70.48577117919922,1.0,"Divine healer's Church, Bethlehem",tabular,xgboost,h24,2026-01-04T23:00:00,2026-01-18T23:00:00,2026-02-15T23:00:00,,,42.0
2026-02-07 02:00:00,40.6,66.35994720458984,1.0,"Divine healer's Church, Bethlehem",tabular,xgboost,h24,2026-01-04T23:00:00,2026-01-18T23:00:00,2026-02-15T23:00:00,,,42.0
2026-02-07 03:00:00,39.1,71.37340545654297,1.0,"Divine healer's Church, Bethlehem",tabular,xgboost,h24,2026-01-04T23:00:00,2026-01-18T23:00:00,2026-02-15T23:00:00,,,42.0
2026-02-07 04:00:00,45.0,71.93279266357422,1.0,"Divine healer's Church, Bethlehem",tabular,xgboost,h24,2026-01-04T23:00:00,2026-01-18T23:00:00,2026-02-15T23:00:00,,,42.0
2026-02-07 05:00:00,53.4,82.62699127197266,1.0,"Divine healer's Church, Bethlehem",tabular,xgboost,h24,2026-01-04T23:00:00,2026-01-18T23:00:00,2026-02-15T23:00:00,,,42.0
2026-02-07 06:00:00,63.8,87.14998626708984,1.0,"Divine healer's Church, Bethlehem",tabular,xgboost,h24,2026-01-04T23:00:00,2026-01-18T23:00:00,2026-02-15T23:00:00,,,42.0
2026-02-07 07:00:00,59.9,79.9080581665039,1.0,"Divine healer's Church, Bethlehem",tabular,xgboost,h24,2026-01-04T23:00:00,2026-01-18T23:00:00,2026-02-15T23:00:00,,,42.0
2026-02-07 08:00:00,38.6,71.7886962890625,1.0,"Divine healer's Church, Bethlehem",tabular,xgboost,h24,2026-01-04T23:00:00,2026-01-18T23:00:00,2026-02-15T23:00:00,,,42.0
2026-02-07 09:00:00,43.7,57.48539352416992,1.0,"Divine healer's Church, Bethlehem",tabular,xgboost,h24,2026-01-04T23:00:00,2026-01-18T23:00:00,2026-02-15T23:00:00,,,42.0
2026-02-07 10:00:00,46.7,46.86417770385742,1.0,"Divine healer's Church, Bethlehem",tabular,xgboost,h24,2026-01-04T23:00:00,2026-01-18T23:00:00,2026-02-15T23:00:00,,,42.0
2026-02-07 11:00:00,60.3,54.059326171875,1.0,"Divine healer's Church, Bethlehem",tabular,xgboost,h24,2026-01-04T23:00:00,2026-01-18T23:00:00,2026-02-15T23:00:00,,,42.0
2026-02-07 12:00:00,31.3,48.012020111083984,1.0,"Divine healer's Church, Bethlehem",tabular,xgboost,h24,2026-01-04T23:00:00,2026-01-18T23:00:00,2026-02-15T23:00:00,,,42.0
2026-02-07 13:00:00,23.3,43.7570915222168,1.0,"Divine healer's Church, Bethlehem",tabular,xgboost,h24,2026-01-04T23:00:00,2026-01-18T23:00:00,2026-02-15T23:00:00,,,42.0
2026-02-07 14:00:00,28.3,48.3101806640625,1.0,"Divine healer's Church, Bethlehem",tabular,xgboost,h24,2026-01-04T23:00:00,2026-01-18T23:00:00,2026-02-15T23:00:00,,,42.0
2026-02-07 15:00:00,48.1,63.538780212402344,1.0,"Divine healer's Church, Bethlehem",tabular,xgboost,h24,2026-01-04T23:00:00,2026-01-18T23:00:00,2026-02-15T23:00:00,,,42.0
2026-02-07 16:00:00,28.8,59.87229919433594,1.0,"Divine healer's Church, Bethlehem",tabular,xgboost,h24,2026-01-04T23:00:00,2026-01-18T23:00:00,2026-02-15T23:00:00,,,42.0
2026-02-07 17:00:00,44.3,64.95201873779297,1.0,"Divine healer's Church, Bethlehem",tabular,xgboost,h24,2026-01-04T23:00:00,2026-01-18T23:00:00,2026-02-15T23:00:00,,,42.0
2026-02-07 18:00:00,72.7,73.76807403564453,1.0,"Divine healer's Church, Bethlehem",tabular,xgboost,h24,2026-01-04T23:00:00,2026-01-18T23:00:00,2026-02-15T23:00:00,,,42.0
2026-02-07 19:00:00,46.1,70.917236328125,1.0,"Divine healer's Church, Bethlehem",tabular,xgboost,h24,2026-01-04T23:00:00,2026-01-18T23:00:00,2026-02-15T23:00:00,,,42.0
2026-02-07 20:00:00,36.5,77.23971557617188,1.0,"Divine healer's Church, Bethlehem",tabular,xgboost,h24,2026-01-04T23:00:00,2026-01-18T23:00:00,2026-02-15T23:00:00,,,42.0
2026-02-07 21:00:00,41.8,64.11078643798828,1.0,"Divine healer's Church, Bethlehem",tabular,xgboost,h24,2026-01-04T23:00:00,2026-01-18T23:00:00,2026-02-15T23:00:00,,,42.0
2026-02-07 22:00:00,44.5,66.00524139404297,1.0,"Divine healer's Church, Bethlehem",tabular,xgboost,h24,2026-01-04T23:00:00,2026-01-18T23:00:00,2026-02-15T23:00:00,,,42.0
2026-02-07 23:00:00,38.4,62.13115692138672,1.0,"Divine healer's Church, Bethlehem",tabular,xgboost,h24,2026-01-04T23:00:00,2026-01-18T23:00:00,2026-02-15T23:00:00,,,42.0
2026-02-08 00:00:00,37.6,69.25907897949219,1.0,"Divine healer's Church, Bethlehem",tabular,xgboost,h24,2026-01-04T23:00:00,2026-01-18T23:00:00,2026-02-15T23:00:00,,,42.0
2026-02-08 01:00:00,39.8,72.68452453613281,1.0,"Divine healer's Church, Bethlehem",tabular,xgboost,h24,2026-01-04T23:00:00,2026-01-18T23:00:00,2026-02-15T23:00:00,,,42.0
2026-02-08 02:00:00,31.4,71.72132110595703,1.0,"Divine healer's Church, Bethlehem",tabular,xgboost,h24,2026-01-04T23:00:00,2026-01-18T23:00:00,2026-02-15T23:00:00,,,42.0
2026-02-08 03:00:00,39.7,71.36325073242188,1.0,"Divine healer's Church, Bethlehem",tabular,xgboost,h24,2026-01-04T23:00:00,2026-01-18T23:00:00,2026-02-15T23:00:00,,,42.0
2026-02-08 04:00:00,46.8,77.22421264648438,1.0,"Divine healer's Church, Bethlehem",tabular,xgboost,h24,2026-01-04T23:00:00,2026-01-18T23:00:00,2026-02-15T23:00:00,,,42.0
2026-02-08 05:00:00,67.9,79.03205108642578,1.0,"Divine healer's Church, Bethlehem",tabular,xgboost,h24,2026-01-04T23:00:00,2026-01-18T23:00:00,2026-02-15T23:00:00,,,42.0
2026-02-08 06:00:00,77.5,81.72377014160156,1.0,"Divine healer's Church, Bethlehem",tabular,xgboost,h24,2026-01-04T23:00:00,2026-01-18T23:00:00,2026-02-15T23:00:00,,,42.0
2026-02-08 07:00:00,58.6,72.18962097167969,1.0,"Divine healer's Church, Bethlehem",tabular,xgboost,h24,2026-01-04T23:00:00,2026-01-18T23:00:00,2026-02-15T23:00:00,,,42.0
2026-02-08 08:00:00,49.4,80.32954406738281,1.0,"Divine healer's Church, Bethlehem",tabular,xgboost,h24,2026-01-04T23:00:00,2026-01-18T23:00:00,2026-02-15T23:00:00,,,42.0
2026-02-08 09:00:00,44.0,68.20423889160156,1.0,"Divine healer's Church, Bethlehem",tabular,xgboost,h24,2026-01-04T23:00:00,2026-01-18T23:00:00,2026-02-15T23:00:00,,,42.0
2026-02-08 10:00:00,37.2,61.64210891723633,1.0,"Divine healer's Church, Bethlehem",tabular,xgboost,h24,2026-01-04T23:00:00,2026-01-18T23:00:00,2026-02-15T23:00:00,,,42.0
2026-02-08 11:00:00,38.4,51.99934768676758,1.0,"Divine healer's Church, Bethlehem",tabular,xgboost,h24,2026-01-04T23:00:00,2026-01-18T23:00:00,2026-02-15T23:00:00,,,42.0
2026-02-08 12:00:00,30.8,50.04428482055664,1.0,"Divine healer's Church, Bethlehem",tabular,xgboost,h24,2026-01-04T23:00:00,2026-01-18T23:00:00,2026-02-15T23:00:00,,,42.0
2026-02-08 13:00:00,31.9,60.82571792602539,1.0,"Divine healer's Church, Bethlehem",tabular,xgboost,h24,2026-01-04T23:00:00,2026-01-18T23:00:00,2026-02-15T23:00:00,,,42.0
2026-02-08 14:00:00,34.3,45.332218170166016,1.0,"Divine healer's Church, Bethlehem",tabular,xgboost,h24,2026-01-04T23:00:00,2026-01-18T23:00:00,2026-02-15T23:00:00,,,42.0
2026-02-08 15:00:00,33.6,43.654117584228516,1.0,"Divine healer's Church, Bethlehem",tabular,xgboost,h24,2026-01-04T23:00:00,2026-01-18T23:00:00,2026-02-15T23:00:00,,,42.0
2026-02-08 16:00:00,42.4,47.88214874267578,1.0,"Divine healer's Church, Bethlehem",tabular,xgboost,h24,2026-01-04T23:00:00,2026-01-18T23:00:00,2026-02-15T23:00:00,,,42.0
2026-02-08 17:00:00,63.8,69.2496109008789,1.0,"Divine healer's Church, Bethlehem",tabular,xgboost,h24,2026-01-04T23:00:00,2026-01-18T23:00:00,2026-02-15T23:00:00,,,42.0
2026-02-08 18:00:00,47.3,82.43898010253906,1.0,"Divine healer's Church, Bethlehem",tabular,xgboost,h24,2026-01-04T23:00:00,2026-01-18T23:00:00,2026-02-15T23:00:00,,,42.0
2026-02-08 19:00:00,51.0,90.33260345458984,1.0,"Divine healer's Church, Bethlehem",tabular,xgboost,h24,2026-01-04T23:00:00,2026-01-18T23:00:00,2026-02-15T23:00:00,,,42.0
2026-02-08 20:00:00,39.1,75.11080169677734,1.0,"Divine healer's Church, Bethlehem",tabular,xgboost,h24,2026-01-04T23:00:00,2026-01-18T23:00:00,2026-02-15T23:00:00,,,42.0
2026-02-08 21:00:00,40.5,77.24126434326172,1.0,"Divine healer's Church, Bethlehem",tabular,xgboost,h24,2026-01-04T23:00:00,2026-01-18T23:00:00,2026-02-15T23:00:00,,,42.0
2026-02-08 22:00:00,53.5,76.5950927734375,1.0,"Divine healer's Church, Bethlehem",tabular,xgboost,h24,2026-01-04T23:00:00,2026-01-18T23:00:00,2026-02-15T23:00:00,,,42.0
2026-02-08 23:00:00,56.3,76.54376983642578,1.0,"Divine healer's Church, Bethlehem",tabular,xgboost,h24,2026-01-04T23:00:00,2026-01-18T23:00:00,2026-02-15T23:00:00,,,42.0
2026-02-09 00:00:00,41.2,80.09878540039062,1.0,"Divine healer's Church, Bethlehem",tabular,xgboost,h24,2026-01-04T23:00:00,2026-01-18T23:00:00,2026-02-15T23:00:00,,,42.0
2026-02-09 01:00:00,36.3,68.22917175292969,1.0,"Divine healer's Church, Bethlehem",tabular,xgboost,h24,2026-01-04T23:00:00,2026-01-18T23:00:00,2026-02-15T23:00:00,,,42.0
2026-02-09 02:00:00,35.1,78.0533218383789,1.0,"Divine healer's Church, Bethlehem",tabular,xgboost,h24,2026-01-04T23:00:00,2026-01-18T23:00:00,2026-02-15T23:00:00,,,42.0
2026-02-09 03:00:00,34.7,71.49105072021484,1.0,"Divine healer's Church, Bethlehem",tabular,xgboost,h24,2026-01-04T23:00:00,2026-01-18T23:00:00,2026-02-15T23:00:00,,,42.0
2026-02-09 04:00:00,33.5,67.8812484741211,1.0,"Divine healer's Church, Bethlehem",tabular,xgboost,h24,2026-01-04T23:00:00,2026-01-18T23:00:00,2026-02-15T23:00:00,,,42.0
2026-02-09 05:00:00,46.4,83.08341979980469,1.0,"Divine healer's Church, Bethlehem",tabular,xgboost,h24,2026-01-04T23:00:00,2026-01-18T23:00:00,2026-02-15T23:00:00,,,42.0
2026-02-09 06:00:00,50.3,77.7129135131836,1.0,"Divine healer's Church, Bethlehem",tabular,xgboost,h24,2026-01-04T23:00:00,2026-01-18T23:00:00,2026-02-15T23:00:00,,,42.0
2026-02-09 07:00:00,42.0,70.01660919189453,1.0,"Divine healer's Church, Bethlehem",tabular,xgboost,h24,2026-01-04T23:00:00,2026-01-18T23:00:00,2026-02-15T23:00:00,,,42.0
2026-02-09 08:00:00,35.3,49.623538970947266,1.0,"Divine healer's Church, Bethlehem",tabular,xgboost,h24,2026-01-04T23:00:00,2026-01-18T23:00:00,2026-02-15T23:00:00,,,42.0
2026-02-09 09:00:00,33.4,50.20104217529297,1.0,"Divine healer's Church, Bethlehem",tabular,xgboost,h24,2026-01-04T23:00:00,2026-01-18T23:00:00,2026-02-15T23:00:00,,,42.0
2026-02-09 10:00:00,31.5,49.5594367980957,1.0,"Divine healer's Church, Bethlehem",tabular,xgboost,h24,2026-01-04T23:00:00,2026-01-18T23:00:00,2026-02-15T23:00:00,,,42.0
2026-02-09 11:00:00,35.3,49.40663528442383,1.0,"Divine healer's Church, Bethlehem",tabular,xgboost,h24,2026-01-04T23:00:00,2026-01-18T23:00:00,2026-02-15T23:00:00,,,42.0
2026-02-09 12:00:00,28.7,42.735294342041016,1.0,"Divine healer's Church, Bethlehem",tabular,xgboost,h24,2026-01-04T23:00:00,2026-01-18T23:00:00,2026-02-15T23:00:00,,,42.0
2026-02-09 13:00:00,25.3,43.939903259277344,1.0,"Divine healer's Church, Bethlehem",tabular,xgboost,h24,2026-01-04T23:00:00,2026-01-18T23:00:00,2026-02-15T23:00:00,,,42.0
2026-02-09 14:00:00,24.6,46.141387939453125,1.0,"Divine healer's Church, Bethlehem",tabular,xgboost,h24,2026-01-04T23:00:00,2026-01-18T23:00:00,2026-02-15T23:00:00,,,42.0
2026-02-09 15:00:00,23.9,48.355987548828125,1.0,"Divine healer's Church, Bethlehem",tabular,xgboost,h24,2026-01-04T23:00:00,2026-01-18T23:00:00,2026-02-15T23:00:00,,,42.0
2026-02-09 16:00:00,28.6,50.4135856628418,1.0,"Divine healer's Church, Bethlehem",tabular,xgboost,h24,2026-01-04T23:00:00,2026-01-18T23:00:00,2026-02-15T23:00:00,,,42.0
2026-02-09 17:00:00,37.8,59.86642837524414,1.0,"Divine healer's Church, Bethlehem",tabular,xgboost,h24,2026-01-04T23:00:00,2026-01-18T23:00:00,2026-02-15T23:00:00,,,42.0
2026-02-09 18:00:00,44.7,57.01386642456055,1.0,"Divine healer's Church, Bethlehem",tabular,xgboost,h24,2026-01-04T23:00:00,2026-01-18T23:00:00,2026-02-15T23:00:00,,,42.0
2026-02-09 19:00:00,53.9,56.228538513183594,1.0,"Divine healer's Church, Bethlehem",tabular,xgboost,h24,2026-01-04T23:00:00,2026-01-18T23:00:00,2026-02-15T23:00:00,,,42.0
2026-02-09 20:00:00,37.9,54.29158401489258,1.0,"Divine healer's Church, Bethlehem",tabular,xgboost,h24,2026-01-04T23:00:00,2026-01-18T23:00:00,2026-02-15T23:00:00,,,42.0
2026-02-09 21:00:00,30.6,55.332008361816406,1.0,"Divine healer's Church, Bethlehem",tabular,xgboost,h24,2026-01-04T23:00:00,2026-01-18T23:00:00,2026-02-15T23:00:00,,,42.0
2026-02-09 22:00:00,34.5,69.04899597167969,1.0,"Divine healer's Church, Bethlehem",tabular,xgboost,h24,2026-01-04T23:00:00,2026-01-18T23:00:00,2026-02-15T23:00:00,,,42.0
2026-02-09 23:00:00,33.9,64.49376678466797,1.0,"Divine healer's Church, Bethlehem",tabular,xgboost,h24,2026-01-04T23:00:00,2026-01-18T23:00:00,2026-02-15T23:00:00,,,42.0
2026-02-10 00:00:00,36.7,58.87515640258789,1.0,"Divine healer's Church, Bethlehem",tabular,xgboost,h24,2026-01-04T23:00:00,2026-01-18T23:00:00,2026-02-15T23:00:00,,,42.0
2026-02-10 01:00:00,28.1,54.872337341308594,1.0,"Divine healer's Church, Bethlehem",tabular,xgboost,h24,2026-01-04T23:00:00,2026-01-18T23:00:00,2026-02-15T23:00:00,,,42.0
2026-02-10 02:00:00,31.3,53.39042282104492,1.0,"Divine healer's Church, Bethlehem",tabular,xgboost,h24,2026-01-04T23:00:00,2026-01-18T23:00:00,2026-02-15T23:00:00,,,42.0
2026-02-10 03:00:00,16.0,62.68586730957031,1.0,"Divine healer's Church, Bethlehem",tabular,xgboost,h24,2026-01-04T23:00:00,2026-01-18T23:00:00,2026-02-15T23:00:00,,,42.0
2026-02-10 04:00:00,40.3,76.57378387451172,1.0,"Divine healer's Church, Bethlehem",tabular,xgboost,h24,2026-01-04T23:00:00,2026-01-18T23:00:00,2026-02-15T23:00:00,,,42.0
2026-02-10 05:00:00,106.4,73.43099212646484,1.0,"Divine healer's Church, Bethlehem",tabular,xgboost,h24,2026-01-04T23:00:00,2026-01-18T23:00:00,2026-02-15T23:00:00,,,42.0
2026-02-10 06:00:00,47.0,87.2867431640625,1.0,"Divine healer's Church, Bethlehem",tabular,xgboost,h24,2026-01-04T23:00:00,2026-01-18T23:00:00,2026-02-15T23:00:00,,,42.0
2026-02-10 07:00:00,44.0,74.0370864868164,1.0,"Divine healer's Church, Bethlehem",tabular,xgboost,h24,2026-01-04T23:00:00,2026-01-18T23:00:00,2026-02-15T23:00:00,,,42.0
2026-02-10 08:00:00,34.5,59.4094123840332,1.0,"Divine healer's Church, Bethlehem",tabular,xgboost,h24,2026-01-04T23:00:00,2026-01-18T23:00:00,2026-02-15T23:00:00,,,42.0
2026-02-10 09:00:00,41.2,64.49205780029297,1.0,"Divine healer's Church, Bethlehem",tabular,xgboost,h24,2026-01-04T23:00:00,2026-01-18T23:00:00,2026-02-15T23:00:00,,,42.0
2026-02-10 10:00:00,47.9,54.71138000488281,1.0,"Divine healer's Church, Bethlehem",tabular,xgboost,h24,2026-01-04T23:00:00,2026-01-18T23:00:00,2026-02-15T23:00:00,,,42.0
2026-02-10 11:00:00,46.9,57.945884704589844,1.0,"Divine healer's Church, Bethlehem",tabular,xgboost,h24,2026-01-04T23:00:00,2026-01-18T23:00:00,2026-02-15T23:00:00,,,42.0
2026-02-10 12:00:00,34.3,45.598819732666016,1.0,"Divine healer's Church, Bethlehem",tabular,xgboost,h24,2026-01-04T23:00:00,2026-01-18T23:00:00,2026-02-15T23:00:00,,,42.0
2026-02-10 13:00:00,35.6,59.82160568237305,1.0,"Divine healer's Church, Bethlehem",tabular,xgboost,h24,2026-01-04T23:00:00,2026-01-18T23:00:00,2026-02-15T23:00:00,,,42.0
2026-02-10 14:00:00,31.4,37.91439437866211,1.0,"Divine healer's Church, Bethlehem",tabular,xgboost,h24,2026-01-04T23:00:00,2026-01-18T23:00:00,2026-02-15T23:00:00,,,42.0
2026-02-10 15:00:00,40.3,54.302734375,1.0,"Divine healer's Church, Bethlehem",tabular,xgboost,h24,2026-01-04T23:00:00,2026-01-18T23:00:00,2026-02-15T23:00:00,,,42.0
2026-02-10 16:00:00,33.0,45.472530364990234,1.0,"Divine healer's Church, Bethlehem",tabular,xgboost,h24,2026-01-04T23:00:00,2026-01-18T23:00:00,2026-02-15T23:00:00,,,42.0
2026-02-10 17:00:00,47.1,61.83718490600586,1.0,"Divine healer's Church, Bethlehem",tabular,xgboost,h24,2026-01-04T23:00:00,2026-01-18T23:00:00,2026-02-15T23:00:00,,,42.0
2026-02-10 18:00:00,18.5,66.12539672851562,1.0,"Divine healer's Church, Bethlehem",tabular,xgboost,h24,2026-01-04T23:00:00,2026-01-18T23:00:00,2026-02-15T23:00:00,,,42.0
2026-02-10 19:00:00,21.0,63.63522720336914,1.0,"Divine healer's Church, Bethlehem",tabular,xgboost,h24,2026-01-04T23:00:00,2026-01-18T23:00:00,2026-02-15T23:00:00,,,42.0
2026-02-10 20:00:00,27.2,73.44453430175781,1.0,"Divine healer's Church, Bethlehem",tabular,xgboost,h24,2026-01-04T23:00:00,2026-01-18T23:00:00,2026-02-15T23:00:00,,,42.0
2026-02-10 21:00:00,15.6,69.35749053955078,1.0,"Divine healer's Church, Bethlehem",tabular,xgboost,h24,2026-01-04T23:00:00,2026-01-18T23:00:00,2026-02-15T23:00:00,,,42.0
2026-02-10 22:00:00,9.7,72.89456939697266,1.0,"Divine healer's Church, Bethlehem",tabular,xgboost,h24,2026-01-04T23:00:00,2026-01-18T23:00:00,2026-02-15T23:00:00,,,42.0
2026-02-10 23:00:00,9.3,78.63434600830078,1.0,"Divine healer's Church, Bethlehem",tabular,xgboost,h24,2026-01-04T23:00:00,2026-01-18T23:00:00,2026-02-15T23:00:00,,,42.0
2026-02-11 00:00:00,17.6,74.66218566894531,1.0,"Divine healer's Church, Bethlehem",tabular,xgboost,h24,2026-01-04T23:00:00,2026-01-18T23:00:00,2026-02-15T23:00:00,,,42.0
2026-02-11 01:00:00,18.7,67.74639129638672,1.0,"Divine healer's Church, Bethlehem",tabular,xgboost,h24,2026-01-04T23:00:00,2026-01-18T23:00:00,2026-02-15T23:00:00,,,42.0
2026-02-11 02:00:00,17.7,79.6939926147461,1.0,"Divine healer's Church, Bethlehem",tabular,xgboost,h24,2026-01-04T23:00:00,2026-01-18T23:00:00,2026-02-15T23:00:00,,,42.0
2026-02-11 03:00:00,33.8,101.46614837646484,1.0,"Divine healer's Church, Bethlehem",tabular,xgboost,h24,2026-01-04T23:00:00,2026-01-18T23:00:00,2026-02-15T23:00:00,,,42.0
2026-02-11 04:00:00,56.4,79.88970947265625,1.0,"Divine healer's Church, Bethlehem",tabular,xgboost,h24,2026-01-04T23:00:00,2026-01-18T23:00:00,2026-02-15T23:00:00,,,42.0
2026-02-11 05:00:00,61.7,93.50433349609375,1.0,"Divine healer's Church, Bethlehem",tabular,xgboost,h24,2026-01-04T23:00:00,2026-01-18T23:00:00,2026-02-15T23:00:00,,,42.0
2026-02-11 06:00:00,47.3,93.14879608154297,1.0,"Divine healer's Church, Bethlehem",tabular,xgboost,h24,2026-01-04T23:00:00,2026-01-18T23:00:00,2026-02-15T23:00:00,,,42.0
2026-02-11 07:00:00,29.9,77.90209197998047,1.0,"Divine healer's Church, Bethlehem",tabular,xgboost,h24,2026-01-04T23:00:00,2026-01-18T23:00:00,2026-02-15T23:00:00,,,42.0
2026-02-11 08:00:00,38.8,67.15018463134766,1.0,"Divine healer's Church, Bethlehem",tabular,xgboost,h24,2026-01-04T23:00:00,2026-01-18T23:00:00,2026-02-15T23:00:00,,,42.0
2026-02-11 09:00:00,41.5,60.576045989990234,1.0,"Divine healer's Church, Bethlehem",tabular,xgboost,h24,2026-01-04T23:00:00,2026-01-18T23:00:00,2026-02-15T23:00:00,,,42.0
2026-02-11 10:00:00,25.5,50.24003601074219,1.0,"Divine healer's Church, Bethlehem",tabular,xgboost,h24,2026-01-04T23:00:00,2026-01-18T23:00:00,2026-02-15T23:00:00,,,42.0
2026-02-11 11:00:00,25.5,52.921348571777344,1.0,"Divine healer's Church, Bethlehem",tabular,xgboost,h24,2026-01-04T23:00:00,2026-01-18T23:00:00,2026-02-15T23:00:00,,,42.0
2026-02-11 12:00:00,25.1,44.26495361328125,1.0,"Divine healer's Church, Bethlehem",tabular,xgboost,h24,2026-01-04T23:00:00,2026-01-18T23:00:00,2026-02-15T23:00:00,,,42.0
2026-02-11 13:00:00,23.7,40.39203643798828,1.0,"Divine healer's Church, Bethlehem",tabular,xgboost,h24,2026-01-04T23:00:00,2026-01-18T23:00:00,2026-02-15T23:00:00,,,42.0
2026-02-11 14:00:00,19.7,33.32221984863281,1.0,"Divine healer's Church, Bethlehem",tabular,xgboost,h24,2026-01-04T23:00:00,2026-01-18T23:00:00,2026-02-15T23:00:00,,,42.0
2026-02-11 15:00:00,22.6,45.8645133972168,1.0,"Divine healer's Church, Bethlehem",tabular,xgboost,h24,2026-01-04T23:00:00,2026-01-18T23:00:00,2026-02-15T23:00:00,,,42.0
2026-02-11 16:00:00,35.1,44.994834899902344,1.0,"Divine healer's Church, Bethlehem",tabular,xgboost,h24,2026-01-04T23:00:00,2026-01-18T23:00:00,2026-02-15T23:00:00,,,42.0
2026-02-11 17:00:00,34.1,69.81259155273438,1.0,"Divine healer's Church, Bethlehem",tabular,xgboost,h24,2026-01-04T23:00:00,2026-01-18T23:00:00,2026-02-15T23:00:00,,,42.0
2026-02-11 18:00:00,27.6,80.11724090576172,1.0,"Divine healer's Church, Bethlehem",tabular,xgboost,h24,2026-01-04T23:00:00,2026-01-18T23:00:00,2026-02-15T23:00:00,,,42.0
2026-02-11 19:00:00,37.1,83.77616882324219,1.0,"Divine healer's Church, Bethlehem",tabular,xgboost,h24,2026-01-04T23:00:00,2026-01-18T23:00:00,2026-02-15T23:00:00,,,42.0
2026-02-11 20:00:00,46.0,82.458984375,1.0,"Divine healer's Church, Bethlehem",tabular,xgboost,h24,2026-01-04T23:00:00,2026-01-18T23:00:00,2026-02-15T23:00:00,,,42.0
2026-02-11 21:00:00,53.3,87.15946960449219,1.0,"Divine healer's Church, Bethlehem",tabular,xgboost,h24,2026-01-04T23:00:00,2026-01-18T23:00:00,2026-02-15T23:00:00,,,42.0
2026-02-11 22:00:00,50.6,85.29468536376953,1.0,"Divine healer's Church, Bethlehem",tabular,xgboost,h24,2026-01-04T23:00:00,2026-01-18T23:00:00,2026-02-15T23:00:00,,,42.0
2026-02-11 23:00:00,87.2,94.29722595214844,1.0,"Divine healer's Church, Bethlehem",tabular,xgboost,h24,2026-01-04T23:00:00,2026-01-18T23:00:00,2026-02-15T23:00:00,,,42.0
2026-02-12 00:00:00,79.3,89.86917877197266,1.0,"Divine healer's Church, Bethlehem",tabular,xgboost,h24,2026-01-04T23:00:00,2026-01-18T23:00:00,2026-02-15T23:00:00,,,42.0
2026-02-12 01:00:00,83.0,70.43022918701172,1.0,"Divine healer's Church, Bethlehem",tabular,xgboost,h24,2026-01-04T23:00:00,2026-01-18T23:00:00,2026-02-15T23:00:00,,,42.0
2026-02-12 02:00:00,78.9,57.32444381713867,1.0,"Divine healer's Church, Bethlehem",tabular,xgboost,h24,2026-01-04T23:00:00,2026-01-18T23:00:00,2026-02-15T23:00:00,,,42.0
2026-02-12 03:00:00,65.7,50.01142501831055,1.0,"Divine healer's Church, Bethlehem",tabular,xgboost,h24,2026-01-04T23:00:00,2026-01-18T23:00:00,2026-02-15T23:00:00,,,42.0
2026-02-12 04:00:00,69.8,56.043697357177734,1.0,"Divine healer's Church, Bethlehem",tabular,xgboost,h24,2026-01-04T23:00:00,2026-01-18T23:00:00,2026-02-15T23:00:00,,,42.0
2026-02-12 05:00:00,69.6,59.112483978271484,1.0,"Divine healer's Church, Bethlehem",tabular,xgboost,h24,2026-01-04T23:00:00,2026-01-18T23:00:00,2026-02-15T23:00:00,,,42.0
2026-02-12 06:00:00,89.0,73.1489028930664,1.0,"Divine healer's Church, Bethlehem",tabular,xgboost,h24,2026-01-04T23:00:00,2026-01-18T23:00:00,2026-02-15T23:00:00,,,42.0
2026-02-12 07:00:00,63.3,72.65106964111328,1.0,"Divine healer's Church, Bethlehem",tabular,xgboost,h24,2026-01-04T23:00:00,2026-01-18T23:00:00,2026-02-15T23:00:00,,,42.0
2026-02-12 08:00:00,42.7,54.05826187133789,1.0,"Divine healer's Church, Bethlehem",tabular,xgboost,h24,2026-01-04T23:00:00,2026-01-18T23:00:00,2026-02-15T23:00:00,,,42.0
2026-02-12 09:00:00,33.5,55.121707916259766,1.0,"Divine healer's Church, Bethlehem",tabular,xgboost,h24,2026-01-04T23:00:00,2026-01-18T23:00:00,2026-02-15T23:00:00,,,42.0
2026-02-12 10:00:00,27.2,56.35162353515625,1.0,"Divine healer's Church, Bethlehem",tabular,xgboost,h24,2026-01-04T23:00:00,2026-01-18T23:00:00,2026-02-15T23:00:00,,,42.0
2026-02-12 11:00:00,12.1,53.32499694824219,1.0,"Divine healer's Church, Bethlehem",tabular,xgboost,h24,2026-01-04T23:00:00,2026-01-18T23:00:00,2026-02-15T23:00:00,,,42.0
2026-02-12 12:00:00,4.5,49.828025817871094,1.0,"Divine healer's Church, Bethlehem",tabular,xgboost,h24,2026-01-04T23:00:00,2026-01-18T23:00:00,2026-02-15T23:00:00,,,42.0
2026-02-12 13:00:00,4.1,56.97003173828125,1.0,"Divine healer's Church, Bethlehem",tabular,xgboost,h24,2026-01-04T23:00:00,2026-01-18T23:00:00,2026-02-15T23:00:00,,,42.0
2026-02-12 14:00:00,5.3,67.02339935302734,1.0,"Divine healer's Church, Bethlehem",tabular,xgboost,h24,2026-01-04T23:00:00,2026-01-18T23:00:00,2026-02-15T23:00:00,,,42.0
2026-02-12 15:00:00,7.5,72.1134262084961,1.0,"Divine healer's Church, Bethlehem",tabular,xgboost,h24,2026-01-04T23:00:00,2026-01-18T23:00:00,2026-02-15T23:00:00,,,42.0
2026-02-12 16:00:00,7.8,61.045074462890625,1.0,"Divine healer's Church, Bethlehem",tabular,xgboost,h24,2026-01-04T23:00:00,2026-01-18T23:00:00,2026-02-15T23:00:00,,,42.0
2026-02-12 17:00:00,8.3,59.72744369506836,1.0,"Divine healer's Church, Bethlehem",tabular,xgboost,h24,2026-01-04T23:00:00,2026-01-18T23:00:00,2026-02-15T23:00:00,,,42.0
2026-02-12 18:00:00,19.2,57.2394905090332,1.0,"Divine healer's Church, Bethlehem",tabular,xgboost,h24,2026-01-04T23:00:00,2026-01-18T23:00:00,2026-02-15T23:00:00,,,42.0
2026-02-12 19:00:00,32.4,63.29566192626953,1.0,"Divine healer's Church, Bethlehem",tabular,xgboost,h24,2026-01-04T23:00:00,2026-01-18T23:00:00,2026-02-15T23:00:00,,,42.0
2026-02-12 20:00:00,43.6,55.47587585449219,1.0,"Divine healer's Church, Bethlehem",tabular,xgboost,h24,2026-01-04T23:00:00,2026-01-18T23:00:00,2026-02-15T23:00:00,,,42.0
2026-02-12 21:00:00,28.1,58.166751861572266,1.0,"Divine healer's Church, Bethlehem",tabular,xgboost,h24,2026-01-04T23:00:00,2026-01-18T23:00:00,2026-02-15T23:00:00,,,42.0
2026-02-12 22:00:00,53.1,59.353336334228516,1.0,"Divine healer's Church, Bethlehem",tabular,xgboost,h24,2026-01-04T23:00:00,2026-01-18T23:00:00,2026-02-15T23:00:00,,,42.0
2026-02-12 23:00:00,44.9,56.301387786865234,1.0,"Divine healer's Church, Bethlehem",tabular,xgboost,h24,2026-01-04T23:00:00,2026-01-18T23:00:00,2026-02-15T23:00:00,,,42.0
2026-02-13 00:00:00,28.8,52.651611328125,1.0,"Divine healer's Church, Bethlehem",tabular,xgboost,h24,2026-01-04T23:00:00,2026-01-18T23:00:00,2026-02-15T23:00:00,,,42.0
2026-02-13 01:00:00,30.5,59.18186569213867,1.0,"Divine healer's Church, Bethlehem",tabular,xgboost,h24,2026-01-04T23:00:00,2026-01-18T23:00:00,2026-02-15T23:00:00,,,42.0
2026-02-13 02:00:00,31.9,66.01709747314453,1.0,"Divine healer's Church, Bethlehem",tabular,xgboost,h24,2026-01-04T23:00:00,2026-01-18T23:00:00,2026-02-15T23:00:00,,,42.0
2026-02-13 03:00:00,43.7,73.9168472290039,1.0,"Divine healer's Church, Bethlehem",tabular,xgboost,h24,2026-01-04T23:00:00,2026-01-18T23:00:00,2026-02-15T23:00:00,,,42.0
2026-02-13 04:00:00,43.9,75.4012451171875,1.0,"Divine healer's Church, Bethlehem",tabular,xgboost,h24,2026-01-04T23:00:00,2026-01-18T23:00:00,2026-02-15T23:00:00,,,42.0
2026-02-13 05:00:00,40.2,78.43435668945312,1.0,"Divine healer's Church, Bethlehem",tabular,xgboost,h24,2026-01-04T23:00:00,2026-01-18T23:00:00,2026-02-15T23:00:00,,,42.0
2026-02-13 06:00:00,60.1,88.93074035644531,1.0,"Divine healer's Church, Bethlehem",tabular,xgboost,h24,2026-01-04T23:00:00,2026-01-18T23:00:00,2026-02-15T23:00:00,,,42.0
2026-02-13 07:00:00,39.8,68.67298889160156,1.0,"Divine healer's Church, Bethlehem",tabular,xgboost,h24,2026-01-04T23:00:00,2026-01-18T23:00:00,2026-02-15T23:00:00,,,42.0
2026-02-13 08:00:00,21.9,70.70805358886719,1.0,"Divine healer's Church, Bethlehem",tabular,xgboost,h24,2026-01-04T23:00:00,2026-01-18T23:00:00,2026-02-15T23:00:00,,,42.0
2026-02-13 09:00:00,21.5,62.93879318237305,1.0,"Divine healer's Church, Bethlehem",tabular,xgboost,h24,2026-01-04T23:00:00,2026-01-18T23:00:00,2026-02-15T23:00:00,,,42.0
2026-02-13 10:00:00,28.7,53.99690246582031,1.0,"Divine healer's Church, Bethlehem",tabular,xgboost,h24,2026-01-04T23:00:00,2026-01-18T23:00:00,2026-02-15T23:00:00,,,42.0
2026-02-13 11:00:00,31.5,71.581298828125,1.0,"Divine healer's Church, Bethlehem",tabular,xgboost,h24,2026-01-04T23:00:00,2026-01-18T23:00:00,2026-02-15T23:00:00,,,42.0
2026-02-13 12:00:00,16.8,58.664581298828125,1.0,"Divine healer's Church, Bethlehem",tabular,xgboost,h24,2026-01-04T23:00:00,2026-01-18T23:00:00,2026-02-15T23:00:00,,,42.0
2026-02-13 13:00:00,17.9,72.51773071289062,1.0,"Divine healer's Church, Bethlehem",tabular,xgboost,h24,2026-01-04T23:00:00,2026-01-18T23:00:00,2026-02-15T23:00:00,,,42.0
2026-02-13 14:00:00,13.7,62.47892761230469,1.0,"Divine healer's Church, Bethlehem",tabular,xgboost,h24,2026-01-04T23:00:00,2026-01-18T23:00:00,2026-02-15T23:00:00,,,42.0
2026-02-13 15:00:00,19.5,60.38032913208008,1.0,"Divine healer's Church, Bethlehem",tabular,xgboost,h24,2026-01-04T23:00:00,2026-01-18T23:00:00,2026-02-15T23:00:00,,,42.0
2026-02-13 16:00:00,23.7,63.972843170166016,1.0,"Divine healer's Church, Bethlehem",tabular,xgboost,h24,2026-01-04T23:00:00,2026-01-18T23:00:00,2026-02-15T23:00:00,,,42.0
2026-02-13 17:00:00,26.1,79.1468734741211,1.0,"Divine healer's Church, Bethlehem",tabular,xgboost,h24,2026-01-04T23:00:00,2026-01-18T23:00:00,2026-02-15T23:00:00,,,42.0
2026-02-13 18:00:00,31.0,83.73407745361328,1.0,"Divine healer's Church, Bethlehem",tabular,xgboost,h24,2026-01-04T23:00:00,2026-01-18T23:00:00,2026-02-15T23:00:00,,,42.0
2026-02-13 19:00:00,35.5,84.2263412475586,1.0,"Divine healer's Church, Bethlehem",tabular,xgboost,h24,2026-01-04T23:00:00,2026-01-18T23:00:00,2026-02-15T23:00:00,,,42.0
2026-02-13 20:00:00,26.7,77.6777572631836,1.0,"Divine healer's Church, Bethlehem",tabular,xgboost,h24,2026-01-04T23:00:00,2026-01-18T23:00:00,2026-02-15T23:00:00,,,42.0
2026-02-13 21:00:00,24.7,69.71088409423828,1.0,"Divine healer's Church, Bethlehem",tabular,xgboost,h24,2026-01-04T23:00:00,2026-01-18T23:00:00,2026-02-15T23:00:00,,,42.0
2026-02-13 22:00:00,23.2,80.99910736083984,1.0,"Divine healer's Church, Bethlehem",tabular,xgboost,h24,2026-01-04T23:00:00,2026-01-18T23:00:00,2026-02-15T23:00:00,,,42.0
2026-02-13 23:00:00,21.9,62.808441162109375,1.0,"Divine healer's Church, Bethlehem",tabular,xgboost,h24,2026-01-04T23:00:00,2026-01-18T23:00:00,2026-02-15T23:00:00,,,42.0
2026-02-14 00:00:00,18.2,67.49700927734375,1.0,"Divine healer's Church, Bethlehem",tabular,xgboost,h24,2026-01-04T23:00:00,2026-01-18T23:00:00,2026-02-15T23:00:00,,,42.0
2026-02-14 01:00:00,26.3,72.98575592041016,1.0,"Divine healer's Church, Bethlehem",tabular,xgboost,h24,2026-01-04T23:00:00,2026-01-18T23:00:00,2026-02-15T23:00:00,,,42.0
2026-02-14 02:00:00,14.6,71.40998077392578,1.0,"Divine healer's Church, Bethlehem",tabular,xgboost,h24,2026-01-04T23:00:00,2026-01-18T23:00:00,2026-02-15T23:00:00,,,42.0
2026-02-14 03:00:00,14.3,68.06344604492188,1.0,"Divine healer's Church, Bethlehem",tabular,xgboost,h24,2026-01-04T23:00:00,2026-01-18T23:00:00,2026-02-15T23:00:00,,,42.0
2026-02-14 04:00:00,29.7,67.10432434082031,1.0,"Divine healer's Church, Bethlehem",tabular,xgboost,h24,2026-01-04T23:00:00,2026-01-18T23:00:00,2026-02-15T23:00:00,,,42.0
2026-02-14 05:00:00,32.2,79.160400390625,1.0,"Divine healer's Church, Bethlehem",tabular,xgboost,h24,2026-01-04T23:00:00,2026-01-18T23:00:00,2026-02-15T23:00:00,,,42.0
2026-02-14 06:00:00,38.2,79.08330535888672,1.0,"Divine healer's Church, Bethlehem",tabular,xgboost,h24,2026-01-04T23:00:00,2026-01-18T23:00:00,2026-02-15T23:00:00,,,42.0
2026-02-14 07:00:00,37.5,77.57917785644531,1.0,"Divine healer's Church, Bethlehem",tabular,xgboost,h24,2026-01-04T23:00:00,2026-01-18T23:00:00,2026-02-15T23:00:00,,,42.0
2026-02-14 08:00:00,29.5,63.79986572265625,1.0,"Divine healer's Church, Bethlehem",tabular,xgboost,h24,2026-01-04T23:00:00,2026-01-18T23:00:00,2026-02-15T23:00:00,,,42.0
2026-02-14 09:00:00,27.0,70.15310668945312,1.0,"Divine healer's Church, Bethlehem",tabular,xgboost,h24,2026-01-04T23:00:00,2026-01-18T23:00:00,2026-02-15T23:00:00,,,42.0
2026-02-14 10:00:00,21.7,56.51145935058594,1.0,"Divine healer's Church, Bethlehem",tabular,xgboost,h24,2026-01-04T23:00:00,2026-01-18T23:00:00,2026-02-15T23:00:00,,,42.0
2026-02-14 11:00:00,21.4,53.211814880371094,1.0,"Divine healer's Church, Bethlehem",tabular,xgboost,h24,2026-01-04T23:00:00,2026-01-18T23:00:00,2026-02-15T23:00:00,,,42.0
2026-02-14 12:00:00,32.0,54.234310150146484,1.0,"Divine healer's Church, Bethlehem",tabular,xgboost,h24,2026-01-04T23:00:00,2026-01-18T23:00:00,2026-02-15T23:00:00,,,42.0
2026-02-14 13:00:00,34.3,40.84343338012695,1.0,"Divine healer's Church, Bethlehem",tabular,xgboost,h24,2026-01-04T23:00:00,2026-01-18T23:00:00,2026-02-15T23:00:00,,,42.0
2026-02-14 14:00:00,36.3,43.15282440185547,1.0,"Divine healer's Church, Bethlehem",tabular,xgboost,h24,2026-01-04T23:00:00,2026-01-18T23:00:00,2026-02-15T23:00:00,,,42.0
2026-02-14 15:00:00,30.0,53.87472152709961,1.0,"Divine healer's Church, Bethlehem",tabular,xgboost,h24,2026-01-04T23:00:00,2026-01-18T23:00:00,2026-02-15T23:00:00,,,42.0
2026-02-14 16:00:00,37.0,56.20784378051758,1.0,"Divine healer's Church, Bethlehem",tabular,xgboost,h24,2026-01-04T23:00:00,2026-01-18T23:00:00,2026-02-15T23:00:00,,,42.0
2026-02-14 17:00:00,39.1,62.49150085449219,1.0,"Divine healer's Church, Bethlehem",tabular,xgboost,h24,2026-01-04T23:00:00,2026-01-18T23:00:00,2026-02-15T23:00:00,,,42.0
2026-02-14 18:00:00,48.4,56.86947250366211,1.0,"Divine healer's Church, Bethlehem",tabular,xgboost,h24,2026-01-04T23:00:00,2026-01-18T23:00:00,2026-02-15T23:00:00,,,42.0
2026-02-14 19:00:00,74.6,60.193115234375,1.0,"Divine healer's Church, Bethlehem",tabular,xgboost,h24,2026-01-04T23:00:00,2026-01-18T23:00:00,2026-02-15T23:00:00,,,42.0
2026-02-14 20:00:00,119.0,66.20417785644531,1.0,"Divine healer's Church, Bethlehem",tabular,xgboost,h24,2026-01-04T23:00:00,2026-01-18T23:00:00,2026-02-15T23:00:00,,,42.0
2026-02-14 21:00:00,105.0,64.00084686279297,1.0,"Divine healer's Church, Bethlehem",tabular,xgboost,h24,2026-01-04T23:00:00,2026-01-18T23:00:00,2026-02-15T23:00:00,,,42.0
2026-02-14 22:00:00,81.1,68.0926513671875,1.0,"Divine healer's Church, Bethlehem",tabular,xgboost,h24,2026-01-04T23:00:00,2026-01-18T23:00:00,2026-02-15T23:00:00,,,42.0
2026-02-14 23:00:00,48.3,68.01487731933594,1.0,"Divine healer's Church, Bethlehem",tabular,xgboost,h24,2026-01-04T23:00:00,2026-01-18T23:00:00,2026-02-15T23:00:00,,,42.0
2026-02-15 00:00:00,44.0,73.78639221191406,1.0,"Divine healer's Church, Bethlehem",tabular,xgboost,h24,2026-01-04T23:00:00,2026-01-18T23:00:00,2026-02-15T23:00:00,,,42.0
2026-02-15 01:00:00,43.7,68.2546157836914,1.0,"Divine healer's Church, Bethlehem",tabular,xgboost,h24,2026-01-04T23:00:00,2026-01-18T23:00:00,2026-02-15T23:00:00,,,42.0
2026-02-15 02:00:00,61.3,76.07291412353516,1.0,"Divine healer's Church, Bethlehem",tabular,xgboost,h24,2026-01-04T23:00:00,2026-01-18T23:00:00,2026-02-15T23:00:00,,,42.0
2026-02-15 03:00:00,50.2,85.02867126464844,1.0,"Divine healer's Church, Bethlehem",tabular,xgboost,h24,2026-01-04T23:00:00,2026-01-18T23:00:00,2026-02-15T23:00:00,,,42.0
2026-02-15 04:00:00,53.1,77.13086700439453,1.0,"Divine healer's Church, Bethlehem",tabular,xgboost,h24,2026-01-04T23:00:00,2026-01-18T23:00:00,2026-02-15T23:00:00,,,42.0
2026-02-15 05:00:00,59.9,88.85223388671875,1.0,"Divine healer's Church, Bethlehem",tabular,xgboost,h24,2026-01-04T23:00:00,2026-01-18T23:00:00,2026-02-15T23:00:00,,,42.0
2026-02-15 06:00:00,93.8,79.12578582763672,1.0,"Divine healer's Church, Bethlehem",tabular,xgboost,h24,2026-01-04T23:00:00,2026-01-18T23:00:00,2026-02-15T23:00:00,,,42.0
2026-02-15 07:00:00,56.7,80.1929931640625,1.0,"Divine healer's Church, Bethlehem",tabular,xgboost,h24,2026-01-04T23:00:00,2026-01-18T23:00:00,2026-02-15T23:00:00,,,42.0
2026-02-15 08:00:00,37.5,58.06455993652344,1.0,"Divine healer's Church, Bethlehem",tabular,xgboost,h24,2026-01-04T23:00:00,2026-01-18T23:00:00,2026-02-15T23:00:00,,,42.0
2026-02-15 09:00:00,208.1,57.53810119628906,1.0,"Divine healer's Church, Bethlehem",tabular,xgboost,h24,2026-01-04T23:00:00,2026-01-18T23:00:00,2026-02-15T23:00:00,,,42.0
2026-02-15 10:00:00,90.9,52.54722213745117,1.0,"Divine healer's Church, Bethlehem",tabular,xgboost,h24,2026-01-04T23:00:00,2026-01-18T23:00:00,2026-02-15T23:00:00,,,42.0
2026-02-15 11:00:00,63.4,48.53495407104492,1.0,"Divine healer's Church, Bethlehem",tabular,xgboost,h24,2026-01-04T23:00:00,2026-01-18T23:00:00,2026-02-15T23:00:00,,,42.0
2026-02-15 12:00:00,33.7,47.663455963134766,1.0,"Divine healer's Church, Bethlehem",tabular,xgboost,h24,2026-01-04T23:00:00,2026-01-18T23:00:00,2026-02-15T23:00:00,,,42.0
2026-02-15 13:00:00,10.4,37.729156494140625,1.0,"Divine healer's Church, Bethlehem",tabular,xgboost,h24,2026-01-04T23:00:00,2026-01-18T23:00:00,2026-02-15T23:00:00,,,42.0
2026-02-15 14:00:00,12.0,31.78577995300293,1.0,"Divine healer's Church, Bethlehem",tabular,xgboost,h24,2026-01-04T23:00:00,2026-01-18T23:00:00,2026-02-15T23:00:00,,,42.0
2026-02-15 15:00:00,6.4,41.04949188232422,1.0,"Divine healer's Church, Bethlehem",tabular,xgboost,h24,2026-01-04T23:00:00,2026-01-18T23:00:00,2026-02-15T23:00:00,,,42.0
2026-02-15 16:00:00,15.3,44.315162658691406,1.0,"Divine healer's Church, Bethlehem",tabular,xgboost,h24,2026-01-04T23:00:00,2026-01-18T23:00:00,2026-02-15T23:00:00,,,42.0
2026-02-15 17:00:00,42.6,51.574432373046875,1.0,"Divine healer's Church, Bethlehem",tabular,xgboost,h24,2026-01-04T23:00:00,2026-01-18T23:00:00,2026-02-15T23:00:00,,,42.0
2026-02-15 18:00:00,31.6,48.21746826171875,1.0,"Divine healer's Church, Bethlehem",tabular,xgboost,h24,2026-01-04T23:00:00,2026-01-18T23:00:00,2026-02-15T23:00:00,,,42.0
2026-02-15 19:00:00,35.1,63.45620346069336,1.0,"Divine healer's Church, Bethlehem",tabular,xgboost,h24,2026-01-04T23:00:00,2026-01-18T23:00:00,2026-02-15T23:00:00,,,42.0
2026-02-15 20:00:00,58.3,63.86050796508789,1.0,"Divine healer's Church, Bethlehem",tabular,xgboost,h24,2026-01-04T23:00:00,2026-01-18T23:00:00,2026-02-15T23:00:00,,,42.0
2026-02-15 21:00:00,121.3,56.88528823852539,1.0,"Divine healer's Church, Bethlehem",tabular,xgboost,h24,2026-01-04T23:00:00,2026-01-18T23:00:00,2026-02-15T23:00:00,,,42.0
2026-02-15 22:00:00,81.9,65.36054992675781,1.0,"Divine healer's Church, Bethlehem",tabular,xgboost,h24,2026-01-04T23:00:00,2026-01-18T23:00:00,2026-02-15T23:00:00,,,42.0
2026-02-15 23:00:00,67.9,70.20516204833984,1.0,"Divine healer's Church, Bethlehem",tabular,xgboost,h24,2026-01-04T23:00:00,2026-01-18T23:00:00,2026-02-15T23:00:00,,,42.0
2026-01-18 23:00:00,42.0,60.44877624511719,1.0,"Satet International School, Tema Manhean",tabular,xgboost,h24,2026-01-04T23:00:00,2026-01-18T23:00:00,2026-02-15T23:00:00,,,42.0
2026-01-19 00:00:00,41.4,71.27651977539062,1.0,"Satet International School, Tema Manhean",tabular,xgboost,h24,2026-01-04T23:00:00,2026-01-18T23:00:00,2026-02-15T23:00:00,,,42.0
2026-01-19 01:00:00,54.9,76.77001190185547,1.0,"Satet International School, Tema Manhean",tabular,xgboost,h24,2026-01-04T23:00:00,2026-01-18T23:00:00,2026-02-15T23:00:00,,,42.0
2026-01-19 02:00:00,61.0,72.9135971069336,1.0,"Satet International School, Tema Manhean",tabular,xgboost,h24,2026-01-04T23:00:00,2026-01-18T23:00:00,2026-02-15T23:00:00,,,42.0
2026-01-19 03:00:00,61.8,82.87306213378906,1.0,"Satet International School, Tema Manhean",tabular,xgboost,h24,2026-01-04T23:00:00,2026-01-18T23:00:00,2026-02-15T23:00:00,,,42.0
2026-01-19 04:00:00,131.8,108.78889465332031,1.0,"Satet International School, Tema Manhean",tabular,xgboost,h24,2026-01-04T23:00:00,2026-01-18T23:00:00,2026-02-15T23:00:00,,,42.0
2026-01-19 05:00:00,118.10000000000001,111.88127899169922,1.0,"Satet International School, Tema Manhean",tabular,xgboost,h24,2026-01-04T23:00:00,2026-01-18T23:00:00,2026-02-15T23:00:00,,,42.0
2026-01-19 06:00:00,104.4,140.82923889160156,1.0,"Satet International School, Tema Manhean",tabular,xgboost,h24,2026-01-04T23:00:00,2026-01-18T23:00:00,2026-02-15T23:00:00,,,42.0
2026-01-19 07:00:00,57.1,87.17529296875,1.0,"Satet International School, Tema Manhean",tabular,xgboost,h24,2026-01-04T23:00:00,2026-01-18T23:00:00,2026-02-15T23:00:00,,,42.0
2026-01-19 08:00:00,45.3,53.15390396118164,1.0,"Satet International School, Tema Manhean",tabular,xgboost,h24,2026-01-04T23:00:00,2026-01-18T23:00:00,2026-02-15T23:00:00,,,42.0
2026-01-19 09:00:00,49.0,51.921897888183594,1.0,"Satet International School, Tema Manhean",tabular,xgboost,h24,2026-01-04T23:00:00,2026-01-18T23:00:00,2026-02-15T23:00:00,,,42.0
2026-01-19 10:00:00,42.6,43.320526123046875,1.0,"Satet International School, Tema Manhean",tabular,xgboost,h24,2026-01-04T23:00:00,2026-01-18T23:00:00,2026-02-15T23:00:00,,,42.0
2026-01-19 11:00:00,35.7,42.44855880737305,1.0,"Satet International School, Tema Manhean",tabular,xgboost,h24,2026-01-04T23:00:00,2026-01-18T23:00:00,2026-02-15T23:00:00,,,42.0
2026-01-19 12:00:00,37.4,43.02334213256836,1.0,"Satet International School, Tema Manhean",tabular,xgboost,h24,2026-01-04T23:00:00,2026-01-18T23:00:00,2026-02-15T23:00:00,,,42.0
2026-01-19 13:00:00,36.8,38.00477600097656,1.0,"Satet International School, Tema Manhean",tabular,xgboost,h24,2026-01-04T23:00:00,2026-01-18T23:00:00,2026-02-15T23:00:00,,,42.0
2026-01-19 14:00:00,36.8,34.02555847167969,1.0,"Satet International School, Tema Manhean",tabular,xgboost,h24,2026-01-04T23:00:00,2026-01-18T23:00:00,2026-02-15T23:00:00,,,42.0
2026-01-19 15:00:00,39.6,40.983150482177734,1.0,"Satet International School, Tema Manhean",tabular,xgboost,h24,2026-01-04T23:00:00,2026-01-18T23:00:00,2026-02-15T23:00:00,,,42.0
2026-01-19 16:00:00,40.6,42.751285552978516,1.0,"Satet International School, Tema Manhean",tabular,xgboost,h24,2026-01-04T23:00:00,2026-01-18T23:00:00,2026-02-15T23:00:00,,,42.0
2026-01-19 17:00:00,41.6,52.10195541381836,1.0,"Satet International School, Tema Manhean",tabular,xgboost,h24,2026-01-04T23:00:00,2026-01-18T23:00:00,2026-02-15T23:00:00,,,42.0
2026-01-19 18:00:00,42.0,53.33561706542969,1.0,"Satet International School, Tema Manhean",tabular,xgboost,h24,2026-01-04T23:00:00,2026-01-18T23:00:00,2026-02-15T23:00:00,,,42.0
2026-01-19 19:00:00,38.6,55.169132232666016,1.0,"Satet International School, Tema Manhean",tabular,xgboost,h24,2026-01-04T23:00:00,2026-01-18T23:00:00,2026-02-15T23:00:00,,,42.0
2026-01-19 20:00:00,40.1,57.28096389770508,1.0,"Satet International School, Tema Manhean",tabular,xgboost,h24,2026-01-04T23:00:00,2026-01-18T23:00:00,2026-02-15T23:00:00,,,42.0
2026-01-19 21:00:00,35.1,67.50374603271484,1.0,"Satet International School, Tema Manhean",tabular,xgboost,h24,2026-01-04T23:00:00,2026-01-18T23:00:00,2026-02-15T23:00:00,,,42.0
2026-01-19 22:00:00,38.2,60.74321746826172,1.0,"Satet International School, Tema Manhean",tabular,xgboost,h24,2026-01-04T23:00:00,2026-01-18T23:00:00,2026-02-15T23:00:00,,,42.0
2026-01-19 23:00:00,39.6,66.24055480957031,1.0,"Satet International School, Tema Manhean",tabular,xgboost,h24,2026-01-04T23:00:00,2026-01-18T23:00:00,2026-02-15T23:00:00,,,42.0
2026-01-20 00:00:00,31.8,64.40351867675781,1.0,"Satet International School, Tema Manhean",tabular,xgboost,h24,2026-01-04T23:00:00,2026-01-18T23:00:00,2026-02-15T23:00:00,,,42.0
2026-01-20 01:00:00,30.3,64.12531280517578,1.0,"Satet International School, Tema Manhean",tabular,xgboost,h24,2026-01-04T23:00:00,2026-01-18T23:00:00,2026-02-15T23:00:00,,,42.0
2026-01-20 02:00:00,30.6,72.51346588134766,1.0,"Satet International School, Tema Manhean",tabular,xgboost,h24,2026-01-04T23:00:00,2026-01-18T23:00:00,2026-02-15T23:00:00,,,42.0
2026-01-20 03:00:00,32.5,73.03492736816406,1.0,"Satet International School, Tema Manhean",tabular,xgboost,h24,2026-01-04T23:00:00,2026-01-18T23:00:00,2026-02-15T23:00:00,,,42.0
2026-01-20 04:00:00,43.3,83.30182647705078,1.0,"Satet International School, Tema Manhean",tabular,xgboost,h24,2026-01-04T23:00:00,2026-01-18T23:00:00,2026-02-15T23:00:00,,,42.0
2026-01-20 05:00:00,45.1,106.8867416381836,1.0,"Satet International School, Tema Manhean",tabular,xgboost,h24,2026-01-04T23:00:00,2026-01-18T23:00:00,2026-02-15T23:00:00,,,42.0
2026-01-20 06:00:00,46.6,117.30435180664062,1.0,"Satet International School, Tema Manhean",tabular,xgboost,h24,2026-01-04T23:00:00,2026-01-18T23:00:00,2026-02-15T23:00:00,,,42.0
2026-01-20 07:00:00,52.2,91.34056091308594,1.0,"Satet International School, Tema Manhean",tabular,xgboost,h24,2026-01-04T23:00:00,2026-01-18T23:00:00,2026-02-15T23:00:00,,,42.0
2026-01-20 08:00:00,38.6,58.13473892211914,1.0,"Satet International School, Tema Manhean",tabular,xgboost,h24,2026-01-04T23:00:00,2026-01-18T23:00:00,2026-02-15T23:00:00,,,42.0
2026-01-20 09:00:00,38.4,54.76362991333008,1.0,"Satet International School, Tema Manhean",tabular,xgboost,h24,2026-01-04T23:00:00,2026-01-18T23:00:00,2026-02-15T23:00:00,,,42.0
2026-01-20 10:00:00,38.4,42.92744445800781,1.0,"Satet International School, Tema Manhean",tabular,xgboost,h24,2026-01-04T23:00:00,2026-01-18T23:00:00,2026-02-15T23:00:00,,,42.0
2026-01-20 11:00:00,37.2,46.968719482421875,1.0,"Satet International School, Tema Manhean",tabular,xgboost,h24,2026-01-04T23:00:00,2026-01-18T23:00:00,2026-02-15T23:00:00,,,42.0
2026-01-20 12:00:00,34.0,41.98261642456055,1.0,"Satet International School, Tema Manhean",tabular,xgboost,h24,2026-01-04T23:00:00,2026-01-18T23:00:00,2026-02-15T23:00:00,,,42.0
2026-01-20 13:00:00,30.8,37.94621276855469,1.0,"Satet International School, Tema Manhean",tabular,xgboost,h24,2026-01-04T23:00:00,2026-01-18T23:00:00,2026-02-15T23:00:00,,,42.0
2026-01-20 14:00:00,30.3,33.20766830444336,1.0,"Satet International School, Tema Manhean",tabular,xgboost,h24,2026-01-04T23:00:00,2026-01-18T23:00:00,2026-02-15T23:00:00,,,42.0
2026-01-20 15:00:00,31.3,37.33723068237305,1.0,"Satet International School, Tema Manhean",tabular,xgboost,h24,2026-01-04T23:00:00,2026-01-18T23:00:00,2026-02-15T23:00:00,,,42.0
2026-01-20 16:00:00,35.7,38.67501449584961,1.0,"Satet International School, Tema Manhean",tabular,xgboost,h24,2026-01-04T23:00:00,2026-01-18T23:00:00,2026-02-15T23:00:00,,,42.0
2026-01-20 17:00:00,43.5,49.14412307739258,1.0,"Satet International School, Tema Manhean",tabular,xgboost,h24,2026-01-04T23:00:00,2026-01-18T23:00:00,2026-02-15T23:00:00,,,42.0
2026-01-20 18:00:00,38.9,56.292789459228516,1.0,"Satet International School, Tema Manhean",tabular,xgboost,h24,2026-01-04T23:00:00,2026-01-18T23:00:00,2026-02-15T23:00:00,,,42.0
2026-01-20 19:00:00,39.0,55.3171272277832,1.0,"Satet International School, Tema Manhean",tabular,xgboost,h24,2026-01-04T23:00:00,2026-01-18T23:00:00,2026-02-15T23:00:00,,,42.0
2026-01-20 20:00:00,43.5,57.58136749267578,1.0,"Satet International School, Tema Manhean",tabular,xgboost,h24,2026-01-04T23:00:00,2026-01-18T23:00:00,2026-02-15T23:00:00,,,42.0
2026-01-20 21:00:00,37.3,52.376182556152344,1.0,"Satet International School, Tema Manhean",tabular,xgboost,h24,2026-01-04T23:00:00,2026-01-18T23:00:00,2026-02-15T23:00:00,,,42.0
2026-01-20 22:00:00,13.2,51.22691345214844,1.0,"Satet International School, Tema Manhean",tabular,xgboost,h24,2026-01-04T23:00:00,2026-01-18T23:00:00,2026-02-15T23:00:00,,,42.0
2026-01-20 23:00:00,5.4,53.758399963378906,1.0,"Satet International School, Tema Manhean",tabular,xgboost,h24,2026-01-04T23:00:00,2026-01-18T23:00:00,2026-02-15T23:00:00,,,42.0
2026-01-21 00:00:00,9.1,49.50372314453125,1.0,"Satet International School, Tema Manhean",tabular,xgboost,h24,2026-01-04T23:00:00,2026-01-18T23:00:00,2026-02-15T23:00:00,,,42.0
2026-01-21 01:00:00,19.3,52.573326110839844,1.0,"Satet International School, Tema Manhean",tabular,xgboost,h24,2026-01-04T23:00:00,2026-01-18T23:00:00,2026-02-15T23:00:00,,,42.0
2026-01-21 02:00:00,19.6,62.44438552856445,1.0,"Satet International School, Tema Manhean",tabular,xgboost,h24,2026-01-04T23:00:00,2026-01-18T23:00:00,2026-02-15T23:00:00,,,42.0
2026-01-21 03:00:00,48.6,66.11482238769531,1.0,"Satet International School, Tema Manhean",tabular,xgboost,h24,2026-01-04T23:00:00,2026-01-18T23:00:00,2026-02-15T23:00:00,,,42.0
2026-01-21 04:00:00,80.0,75.40939331054688,1.0,"Satet International School, Tema Manhean",tabular,xgboost,h24,2026-01-04T23:00:00,2026-01-18T23:00:00,2026-02-15T23:00:00,,,42.0
2026-01-21 05:00:00,60.5,93.0502700805664,1.0,"Satet International School, Tema Manhean",tabular,xgboost,h24,2026-01-04T23:00:00,2026-01-18T23:00:00,2026-02-15T23:00:00,,,42.0
2026-01-21 06:00:00,101.1,105.91931915283203,1.0,"Satet International School, Tema Manhean",tabular,xgboost,h24,2026-01-04T23:00:00,2026-01-18T23:00:00,2026-02-15T23:00:00,,,42.0
2026-01-21 07:00:00,71.1,88.5337905883789,1.0,"Satet International School, Tema Manhean",tabular,xgboost,h24,2026-01-04T23:00:00,2026-01-18T23:00:00,2026-02-15T23:00:00,,,42.0
2026-01-21 08:00:00,51.8,52.30279541015625,1.0,"Satet International School, Tema Manhean",tabular,xgboost,h24,2026-01-04T23:00:00,2026-01-18T23:00:00,2026-02-15T23:00:00,,,42.0
2026-01-21 09:00:00,35.3,52.03693389892578,1.0,"Satet International School, Tema Manhean",tabular,xgboost,h24,2026-01-04T23:00:00,2026-01-18T23:00:00,2026-02-15T23:00:00,,,42.0
2026-01-21 10:00:00,36.6,51.0666618347168,1.0,"Satet International School, Tema Manhean",tabular,xgboost,h24,2026-01-04T23:00:00,2026-01-18T23:00:00,2026-02-15T23:00:00,,,42.0
2026-01-21 11:00:00,36.0,43.6854248046875,1.0,"Satet International School, Tema Manhean",tabular,xgboost,h24,2026-01-04T23:00:00,2026-01-18T23:00:00,2026-02-15T23:00:00,,,42.0
2026-01-21 12:00:00,36.1,45.09735107421875,1.0,"Satet International School, Tema Manhean",tabular,xgboost,h24,2026-01-04T23:00:00,2026-01-18T23:00:00,2026-02-15T23:00:00,,,42.0
2026-01-21 13:00:00,30.8,40.18708801269531,1.0,"Satet International School, Tema Manhean",tabular,xgboost,h24,2026-01-04T23:00:00,2026-01-18T23:00:00,2026-02-15T23:00:00,,,42.0
2026-01-21 14:00:00,31.0,36.73862838745117,1.0,"Satet International School, Tema Manhean",tabular,xgboost,h24,2026-01-04T23:00:00,2026-01-18T23:00:00,2026-02-15T23:00:00,,,42.0
2026-01-21 15:00:00,30.3,37.109092712402344,1.0,"Satet International School, Tema Manhean",tabular,xgboost,h24,2026-01-04T23:00:00,2026-01-18T23:00:00,2026-02-15T23:00:00,,,42.0
2026-01-21 16:00:00,32.6,44.021785736083984,1.0,"Satet International School, Tema Manhean",tabular,xgboost,h24,2026-01-04T23:00:00,2026-01-18T23:00:00,2026-02-15T23:00:00,,,42.0
2026-01-21 17:00:00,36.0,50.70718765258789,1.0,"Satet International School, Tema Manhean",tabular,xgboost,h24,2026-01-04T23:00:00,2026-01-18T23:00:00,2026-02-15T23:00:00,,,42.0
2026-01-21 18:00:00,46.2,66.52252960205078,1.0,"Satet International School, Tema Manhean",tabular,xgboost,h24,2026-01-04T23:00:00,2026-01-18T23:00:00,2026-02-15T23:00:00,,,42.0
2026-01-21 19:00:00,37.1,69.79779052734375,1.0,"Satet International School, Tema Manhean",tabular,xgboost,h24,2026-01-04T23:00:00,2026-01-18T23:00:00,2026-02-15T23:00:00,,,42.0
2026-01-21 20:00:00,33.2,57.989349365234375,1.0,"Satet International School, Tema Manhean",tabular,xgboost,h24,2026-01-04T23:00:00,2026-01-18T23:00:00,2026-02-15T23:00:00,,,42.0
2026-01-21 21:00:00,31.4,59.535301208496094,1.0,"Satet International School, Tema Manhean",tabular,xgboost,h24,2026-01-04T23:00:00,2026-01-18T23:00:00,2026-02-15T23:00:00,,,42.0
2026-01-21 22:00:00,50.3,70.96875,1.0,"Satet International School, Tema Manhean",tabular,xgboost,h24,2026-01-04T23:00:00,2026-01-18T23:00:00,2026-02-15T23:00:00,,,42.0
2026-01-21 23:00:00,42.9,69.17190551757812,1.0,"Satet International School, Tema Manhean",tabular,xgboost,h24,2026-01-04T23:00:00,2026-01-18T23:00:00,2026-02-15T23:00:00,,,42.0
2026-01-22 00:00:00,31.8,81.6586685180664,1.0,"Satet International School, Tema Manhean",tabular,xgboost,h24,2026-01-04T23:00:00,2026-01-18T23:00:00,2026-02-15T23:00:00,,,42.0
2026-01-22 01:00:00,30.7,67.5571060180664,1.0,"Satet International School, Tema Manhean",tabular,xgboost,h24,2026-01-04T23:00:00,2026-01-18T23:00:00,2026-02-15T23:00:00,,,42.0
2026-01-22 02:00:00,30.7,69.19306182861328,1.0,"Satet International School, Tema Manhean",tabular,xgboost,h24,2026-01-04T23:00:00,2026-01-18T23:00:00,2026-02-15T23:00:00,,,42.0
2026-01-22 03:00:00,33.3,66.38356018066406,1.0,"Satet International School, Tema Manhean",tabular,xgboost,h24,2026-01-04T23:00:00,2026-01-18T23:00:00,2026-02-15T23:00:00,,,42.0
2026-01-22 04:00:00,37.3,78.29447937011719,1.0,"Satet International School, Tema Manhean",tabular,xgboost,h24,2026-01-04T23:00:00,2026-01-18T23:00:00,2026-02-15T23:00:00,,,42.0
2026-01-22 05:00:00,69.6,85.09625244140625,1.0,"Satet International School, Tema Manhean",tabular,xgboost,h24,2026-01-04T23:00:00,2026-01-18T23:00:00,2026-02-15T23:00:00,,,42.0
2026-01-22 06:00:00,68.6,92.99398040771484,1.0,"Satet International School, Tema Manhean",tabular,xgboost,h24,2026-01-04T23:00:00,2026-01-18T23:00:00,2026-02-15T23:00:00,,,42.0
2026-01-22 07:00:00,54.0,84.1004867553711,1.0,"Satet International School, Tema Manhean",tabular,xgboost,h24,2026-01-04T23:00:00,2026-01-18T23:00:00,2026-02-15T23:00:00,,,42.0
2026-01-22 08:00:00,44.4,53.98707962036133,1.0,"Satet International School, Tema Manhean",tabular,xgboost,h24,2026-01-04T23:00:00,2026-01-18T23:00:00,2026-02-15T23:00:00,,,42.0
2026-01-22 09:00:00,36.5,43.4073486328125,1.0,"Satet International School, Tema Manhean",tabular,xgboost,h24,2026-01-04T23:00:00,2026-01-18T23:00:00,2026-02-15T23:00:00,,,42.0
2026-01-22 10:00:00,39.1,45.27862548828125,1.0,"Satet International School, Tema Manhean",tabular,xgboost,h24,2026-01-04T23:00:00,2026-01-18T23:00:00,2026-02-15T23:00:00,,,42.0
2026-01-22 11:00:00,41.6,36.852821350097656,1.0,"Satet International School, Tema Manhean",tabular,xgboost,h24,2026-01-04T23:00:00,2026-01-18T23:00:00,2026-02-15T23:00:00,,,42.0
2026-01-22 12:00:00,41.8,33.98839569091797,1.0,"Satet International School, Tema Manhean",tabular,xgboost,h24,2026-01-04T23:00:00,2026-01-18T23:00:00,2026-02-15T23:00:00,,,42.0
2026-01-22 13:00:00,39.8,34.15383529663086,1.0,"Satet International School, Tema Manhean",tabular,xgboost,h24,2026-01-04T23:00:00,2026-01-18T23:00:00,2026-02-15T23:00:00,,,42.0
2026-01-22 14:00:00,35.8,34.87716293334961,1.0,"Satet International School, Tema Manhean",tabular,xgboost,h24,2026-01-04T23:00:00,2026-01-18T23:00:00,2026-02-15T23:00:00,,,42.0
2026-01-22 15:00:00,32.1,41.64852523803711,1.0,"Satet International School, Tema Manhean",tabular,xgboost,h24,2026-01-04T23:00:00,2026-01-18T23:00:00,2026-02-15T23:00:00,,,42.0
2026-01-22 16:00:00,37.3,46.91916275024414,1.0,"Satet International School, Tema Manhean",tabular,xgboost,h24,2026-01-04T23:00:00,2026-01-18T23:00:00,2026-02-15T23:00:00,,,42.0
2026-01-22 17:00:00,44.9,43.910423278808594,1.0,"Satet International School, Tema Manhean",tabular,xgboost,h24,2026-01-04T23:00:00,2026-01-18T23:00:00,2026-02-15T23:00:00,,,42.0
2026-01-22 18:00:00,38.8,48.32335662841797,1.0,"Satet International School, Tema Manhean",tabular,xgboost,h24,2026-01-04T23:00:00,2026-01-18T23:00:00,2026-02-15T23:00:00,,,42.0
2026-01-22 19:00:00,47.9,54.86860656738281,1.0,"Satet International School, Tema Manhean",tabular,xgboost,h24,2026-01-04T23:00:00,2026-01-18T23:00:00,2026-02-15T23:00:00,,,42.0
2026-01-22 20:00:00,43.4,41.3360481262207,1.0,"Satet International School, Tema Manhean",tabular,xgboost,h24,2026-01-04T23:00:00,2026-01-18T23:00:00,2026-02-15T23:00:00,,,42.0
2026-01-22 21:00:00,36.9,48.69571304321289,1.0,"Satet International School, Tema Manhean",tabular,xgboost,h24,2026-01-04T23:00:00,2026-01-18T23:00:00,2026-02-15T23:00:00,,,42.0
2026-01-22 22:00:00,33.7,48.352664947509766,1.0,"Satet International School, Tema Manhean",tabular,xgboost,h24,2026-01-04T23:00:00,2026-01-18T23:00:00,2026-02-15T23:00:00,,,42.0
2026-01-22 23:00:00,35.0,47.265865325927734,1.0,"Satet International School, Tema Manhean",tabular,xgboost,h24,2026-01-04T23:00:00,2026-01-18T23:00:00,2026-02-15T23:00:00,,,42.0
2026-01-23 00:00:00,36.6,46.39031982421875,1.0,"Satet International School, Tema Manhean",tabular,xgboost,h24,2026-01-04T23:00:00,2026-01-18T23:00:00,2026-02-15T23:00:00,,,42.0
2026-01-23 01:00:00,36.3,55.194358825683594,1.0,"Satet International School, Tema Manhean",tabular,xgboost,h24,2026-01-04T23:00:00,2026-01-18T23:00:00,2026-02-15T23:00:00,,,42.0
2026-01-23 02:00:00,43.5,50.53464126586914,1.0,"Satet International School, Tema Manhean",tabular,xgboost,h24,2026-01-04T23:00:00,2026-01-18T23:00:00,2026-02-15T23:00:00,,,42.0
2026-01-23 03:00:00,49.2,51.204200744628906,1.0,"Satet International School, Tema Manhean",tabular,xgboost,h24,2026-01-04T23:00:00,2026-01-18T23:00:00,2026-02-15T23:00:00,,,42.0
2026-01-23 04:00:00,80.4,65.01750183105469,1.0,"Satet International School, Tema Manhean",tabular,xgboost,h24,2026-01-04T23:00:00,2026-01-18T23:00:00,2026-02-15T23:00:00,,,42.0
2026-01-23 05:00:00,96.8,72.4145278930664,1.0,"Satet International School, Tema Manhean",tabular,xgboost,h24,2026-01-04T23:00:00,2026-01-18T23:00:00,2026-02-15T23:00:00,,,42.0
2026-01-23 06:00:00,72.8,82.30047607421875,1.0,"Satet International School, Tema Manhean",tabular,xgboost,h24,2026-01-04T23:00:00,2026-01-18T23:00:00,2026-02-15T23:00:00,,,42.0
2026-01-23 07:00:00,94.5,67.04118347167969,1.0,"Satet International School, Tema Manhean",tabular,xgboost,h24,2026-01-04T23:00:00,2026-01-18T23:00:00,2026-02-15T23:00:00,,,42.0
2026-01-23 08:00:00,43.9,49.31901931762695,1.0,"Satet International School, Tema Manhean",tabular,xgboost,h24,2026-01-04T23:00:00,2026-01-18T23:00:00,2026-02-15T23:00:00,,,42.0
2026-01-23 09:00:00,40.7,45.87373352050781,1.0,"Satet International School, Tema Manhean",tabular,xgboost,h24,2026-01-04T23:00:00,2026-01-18T23:00:00,2026-02-15T23:00:00,,,42.0
2026-01-23 10:00:00,44.0,45.27980041503906,1.0,"Satet International School, Tema Manhean",tabular,xgboost,h24,2026-01-04T23:00:00,2026-01-18T23:00:00,2026-02-15T23:00:00,,,42.0
2026-01-23 11:00:00,32.4,43.65922927856445,1.0,"Satet International School, Tema Manhean",tabular,xgboost,h24,2026-01-04T23:00:00,2026-01-18T23:00:00,2026-02-15T23:00:00,,,42.0
2026-01-23 12:00:00,28.7,42.290042877197266,1.0,"Satet International School, Tema Manhean",tabular,xgboost,h24,2026-01-04T23:00:00,2026-01-18T23:00:00,2026-02-15T23:00:00,,,42.0
2026-01-23 13:00:00,28.2,41.32798767089844,1.0,"Satet International School, Tema Manhean",tabular,xgboost,h24,2026-01-04T23:00:00,2026-01-18T23:00:00,2026-02-15T23:00:00,,,42.0
2026-01-23 14:00:00,25.6,42.49680709838867,1.0,"Satet International School, Tema Manhean",tabular,xgboost,h24,2026-01-04T23:00:00,2026-01-18T23:00:00,2026-02-15T23:00:00,,,42.0
2026-01-23 15:00:00,28.9,43.370277404785156,1.0,"Satet International School, Tema Manhean",tabular,xgboost,h24,2026-01-04T23:00:00,2026-01-18T23:00:00,2026-02-15T23:00:00,,,42.0
2026-01-23 16:00:00,29.7,42.261905670166016,1.0,"Satet International School, Tema Manhean",tabular,xgboost,h24,2026-01-04T23:00:00,2026-01-18T23:00:00,2026-02-15T23:00:00,,,42.0
2026-01-23 17:00:00,36.3,51.55406188964844,1.0,"Satet International School, Tema Manhean",tabular,xgboost,h24,2026-01-04T23:00:00,2026-01-18T23:00:00,2026-02-15T23:00:00,,,42.0
2026-01-23 18:00:00,30.1,54.54326248168945,1.0,"Satet International School, Tema Manhean",tabular,xgboost,h24,2026-01-04T23:00:00,2026-01-18T23:00:00,2026-02-15T23:00:00,,,42.0
2026-01-23 19:00:00,34.2,56.1206169128418,1.0,"Satet International School, Tema Manhean",tabular,xgboost,h24,2026-01-04T23:00:00,2026-01-18T23:00:00,2026-02-15T23:00:00,,,42.0
2026-01-23 20:00:00,36.2,55.099815368652344,1.0,"Satet International School, Tema Manhean",tabular,xgboost,h24,2026-01-04T23:00:00,2026-01-18T23:00:00,2026-02-15T23:00:00,,,42.0
2026-01-23 21:00:00,35.2,53.11962127685547,1.0,"Satet International School, Tema Manhean",tabular,xgboost,h24,2026-01-04T23:00:00,2026-01-18T23:00:00,2026-02-15T23:00:00,,,42.0
2026-01-23 22:00:00,35.7,51.98215866088867,1.0,"Satet International School, Tema Manhean",tabular,xgboost,h24,2026-01-04T23:00:00,2026-01-18T23:00:00,2026-02-15T23:00:00,,,42.0
2026-01-23 23:00:00,39.0,55.690216064453125,1.0,"Satet International School, Tema Manhean",tabular,xgboost,h24,2026-01-04T23:00:00,2026-01-18T23:00:00,2026-02-15T23:00:00,,,42.0
2026-01-24 00:00:00,36.9,50.549095153808594,1.0,"Satet International School, Tema Manhean",tabular,xgboost,h24,2026-01-04T23:00:00,2026-01-18T23:00:00,2026-02-15T23:00:00,,,42.0
2026-01-24 01:00:00,75.7,46.5814323425293,1.0,"Satet International School, Tema Manhean",tabular,xgboost,h24,2026-01-04T23:00:00,2026-01-18T23:00:00,2026-02-15T23:00:00,,,42.0
2026-01-24 02:00:00,124.7,51.264190673828125,1.0,"Satet International School, Tema Manhean",tabular,xgboost,h24,2026-01-04T23:00:00,2026-01-18T23:00:00,2026-02-15T23:00:00,,,42.0
2026-01-24 03:00:00,216.5,52.291648864746094,1.0,"Satet International School, Tema Manhean",tabular,xgboost,h24,2026-01-04T23:00:00,2026-01-18T23:00:00,2026-02-15T23:00:00,,,42.0
2026-01-24 04:00:00,124.0,62.43021774291992,1.0,"Satet International School, Tema Manhean",tabular,xgboost,h24,2026-01-04T23:00:00,2026-01-18T23:00:00,2026-02-15T23:00:00,,,42.0
2026-01-24 05:00:00,54.5,71.72250366210938,1.0,"Satet International School, Tema Manhean",tabular,xgboost,h24,2026-01-04T23:00:00,2026-01-18T23:00:00,2026-02-15T23:00:00,,,42.0
2026-01-24 06:00:00,103.2,79.8849105834961,1.0,"Satet International School, Tema Manhean",tabular,xgboost,h24,2026-01-04T23:00:00,2026-01-18T23:00:00,2026-02-15T23:00:00,,,42.0
2026-01-24 07:00:00,58.6,78.56194305419922,1.0,"Satet International School, Tema Manhean",tabular,xgboost,h24,2026-01-04T23:00:00,2026-01-18T23:00:00,2026-02-15T23:00:00,,,42.0
2026-01-24 08:00:00,51.0,49.40808868408203,1.0,"Satet International School, Tema Manhean",tabular,xgboost,h24,2026-01-04T23:00:00,2026-01-18T23:00:00,2026-02-15T23:00:00,,,42.0
2026-01-24 09:00:00,43.9,48.09037399291992,1.0,"Satet International School, Tema Manhean",tabular,xgboost,h24,2026-01-04T23:00:00,2026-01-18T23:00:00,2026-02-15T23:00:00,,,42.0
2026-01-24 10:00:00,60.3,44.43000793457031,1.0,"Satet International School, Tema Manhean",tabular,xgboost,h24,2026-01-04T23:00:00,2026-01-18T23:00:00,2026-02-15T23:00:00,,,42.0
2026-01-24 11:00:00,73.3,40.18817901611328,1.0,"Satet International School, Tema Manhean",tabular,xgboost,h24,2026-01-04T23:00:00,2026-01-18T23:00:00,2026-02-15T23:00:00,,,42.0
2026-01-24 12:00:00,32.9,39.369136810302734,1.0,"Satet International School, Tema Manhean",tabular,xgboost,h24,2026-01-04T23:00:00,2026-01-18T23:00:00,2026-02-15T23:00:00,,,42.0
2026-01-24 13:00:00,30.7,33.10194778442383,1.0,"Satet International School, Tema Manhean",tabular,xgboost,h24,2026-01-04T23:00:00,2026-01-18T23:00:00,2026-02-15T23:00:00,,,42.0
2026-01-24 14:00:00,28.1,34.5815315246582,1.0,"Satet International School, Tema Manhean",tabular,xgboost,h24,2026-01-04T23:00:00,2026-01-18T23:00:00,2026-02-15T23:00:00,,,42.0
2026-01-24 15:00:00,36.6,34.618709564208984,1.0,"Satet International School, Tema Manhean",tabular,xgboost,h24,2026-01-04T23:00:00,2026-01-18T23:00:00,2026-02-15T23:00:00,,,42.0
2026-01-24 16:00:00,30.6,43.017093658447266,1.0,"Satet International School, Tema Manhean",tabular,xgboost,h24,2026-01-04T23:00:00,2026-01-18T23:00:00,2026-02-15T23:00:00,,,42.0
2026-01-24 17:00:00,32.8,44.141788482666016,1.0,"Satet International School, Tema Manhean",tabular,xgboost,h24,2026-01-04T23:00:00,2026-01-18T23:00:00,2026-02-15T23:00:00,,,42.0
2026-01-24 18:00:00,38.1,49.843746185302734,1.0,"Satet International School, Tema Manhean",tabular,xgboost,h24,2026-01-04T23:00:00,2026-01-18T23:00:00,2026-02-15T23:00:00,,,42.0
2026-01-24 19:00:00,36.8,48.853816986083984,1.0,"Satet International School, Tema Manhean",tabular,xgboost,h24,2026-01-04T23:00:00,2026-01-18T23:00:00,2026-02-15T23:00:00,,,42.0
2026-01-24 20:00:00,34.0,49.87534713745117,1.0,"Satet International School, Tema Manhean",tabular,xgboost,h24,2026-01-04T23:00:00,2026-01-18T23:00:00,2026-02-15T23:00:00,,,42.0
2026-01-24 21:00:00,30.0,51.62816619873047,1.0,"Satet International School, Tema Manhean",tabular,xgboost,h24,2026-01-04T23:00:00,2026-01-18T23:00:00,2026-02-15T23:00:00,,,42.0
2026-01-24 22:00:00,33.5,50.20220184326172,1.0,"Satet International School, Tema Manhean",tabular,xgboost,h24,2026-01-04T23:00:00,2026-01-18T23:00:00,2026-02-15T23:00:00,,,42.0
2026-01-24 23:00:00,33.2,49.352867126464844,1.0,"Satet International School, Tema Manhean",tabular,xgboost,h24,2026-01-04T23:00:00,2026-01-18T23:00:00,2026-02-15T23:00:00,,,42.0
2026-01-25 00:00:00,31.4,54.77619171142578,1.0,"Satet International School, Tema Manhean",tabular,xgboost,h24,2026-01-04T23:00:00,2026-01-18T23:00:00,2026-02-15T23:00:00,,,42.0
2026-01-25 01:00:00,32.3,48.238189697265625,1.0,"Satet International School, Tema Manhean",tabular,xgboost,h24,2026-01-04T23:00:00,2026-01-18T23:00:00,2026-02-15T23:00:00,,,42.0
2026-01-25 02:00:00,36.1,64.00112915039062,1.0,"Satet International School, Tema Manhean",tabular,xgboost,h24,2026-01-04T23:00:00,2026-01-18T23:00:00,2026-02-15T23:00:00,,,42.0
2026-01-25 03:00:00,40.8,67.4320297241211,1.0,"Satet International School, Tema Manhean",tabular,xgboost,h24,2026-01-04T23:00:00,2026-01-18T23:00:00,2026-02-15T23:00:00,,,42.0
2026-01-25 04:00:00,70.1,95.15857696533203,1.0,"Satet International School, Tema Manhean",tabular,xgboost,h24,2026-01-04T23:00:00,2026-01-18T23:00:00,2026-02-15T23:00:00,,,42.0
2026-01-25 05:00:00,71.9,90.54589080810547,1.0,"Satet International School, Tema Manhean",tabular,xgboost,h24,2026-01-04T23:00:00,2026-01-18T23:00:00,2026-02-15T23:00:00,,,42.0
2026-01-25 06:00:00,73.0,109.73265838623047,1.0,"Satet International School, Tema Manhean",tabular,xgboost,h24,2026-01-04T23:00:00,2026-01-18T23:00:00,2026-02-15T23:00:00,,,42.0
2026-01-25 07:00:00,58.0,70.4251937866211,1.0,"Satet International School, Tema Manhean",tabular,xgboost,h24,2026-01-04T23:00:00,2026-01-18T23:00:00,2026-02-15T23:00:00,,,42.0
2026-01-25 08:00:00,45.6,52.856136322021484,1.0,"Satet International School, Tema Manhean",tabular,xgboost,h24,2026-01-04T23:00:00,2026-01-18T23:00:00,2026-02-15T23:00:00,,,42.0
2026-01-25 09:00:00,45.9,49.98741912841797,1.0,"Satet International School, Tema Manhean",tabular,xgboost,h24,2026-01-04T23:00:00,2026-01-18T23:00:00,2026-02-15T23:00:00,,,42.0
2026-01-25 10:00:00,48.3,44.58357238769531,1.0,"Satet International School, Tema Manhean",tabular,xgboost,h24,2026-01-04T23:00:00,2026-01-18T23:00:00,2026-02-15T23:00:00,,,42.0
2026-01-25 11:00:00,52.3,40.11240768432617,1.0,"Satet International School, Tema Manhean",tabular,xgboost,h24,2026-01-04T23:00:00,2026-01-18T23:00:00,2026-02-15T23:00:00,,,42.0
2026-01-25 12:00:00,44.1,45.00822830200195,1.0,"Satet International School, Tema Manhean",tabular,xgboost,h24,2026-01-04T23:00:00,2026-01-18T23:00:00,2026-02-15T23:00:00,,,42.0
2026-01-25 13:00:00,41.6,38.48929214477539,1.0,"Satet International School, Tema Manhean",tabular,xgboost,h24,2026-01-04T23:00:00,2026-01-18T23:00:00,2026-02-15T23:00:00,,,42.0
2026-01-25 14:00:00,40.2,37.4210205078125,1.0,"Satet International School, Tema Manhean",tabular,xgboost,h24,2026-01-04T23:00:00,2026-01-18T23:00:00,2026-02-15T23:00:00,,,42.0
2026-01-25 15:00:00,36.4,39.3099479675293,1.0,"Satet International School, Tema Manhean",tabular,xgboost,h24,2026-01-04T23:00:00,2026-01-18T23:00:00,2026-02-15T23:00:00,,,42.0
2026-01-25 16:00:00,32.9,38.17552947998047,1.0,"Satet International School, Tema Manhean",tabular,xgboost,h24,2026-01-04T23:00:00,2026-01-18T23:00:00,2026-02-15T23:00:00,,,42.0
2026-01-25 17:00:00,35.0,44.330345153808594,1.0,"Satet International School, Tema Manhean",tabular,xgboost,h24,2026-01-04T23:00:00,2026-01-18T23:00:00,2026-02-15T23:00:00,,,42.0
2026-01-25 18:00:00,40.9,42.604164123535156,1.0,"Satet International School, Tema Manhean",tabular,xgboost,h24,2026-01-04T23:00:00,2026-01-18T23:00:00,2026-02-15T23:00:00,,,42.0
2026-01-25 19:00:00,40.8,49.56991195678711,1.0,"Satet International School, Tema Manhean",tabular,xgboost,h24,2026-01-04T23:00:00,2026-01-18T23:00:00,2026-02-15T23:00:00,,,42.0
2026-01-25 20:00:00,37.5,48.67443084716797,1.0,"Satet International School, Tema Manhean",tabular,xgboost,h24,2026-01-04T23:00:00,2026-01-18T23:00:00,2026-02-15T23:00:00,,,42.0
2026-01-25 21:00:00,51.0,42.231468200683594,1.0,"Satet International School, Tema Manhean",tabular,xgboost,h24,2026-01-04T23:00:00,2026-01-18T23:00:00,2026-02-15T23:00:00,,,42.0
2026-01-25 22:00:00,70.5,38.41946792602539,1.0,"Satet International School, Tema Manhean",tabular,xgboost,h24,2026-01-04T23:00:00,2026-01-18T23:00:00,2026-02-15T23:00:00,,,42.0
2026-01-25 23:00:00,71.3,34.001224517822266,1.0,"Satet International School, Tema Manhean",tabular,xgboost,h24,2026-01-04T23:00:00,2026-01-18T23:00:00,2026-02-15T23:00:00,,,42.0
2026-01-26 00:00:00,47.8,42.14360809326172,1.0,"Satet International School, Tema Manhean",tabular,xgboost,h24,2026-01-04T23:00:00,2026-01-18T23:00:00,2026-02-15T23:00:00,,,42.0
2026-01-26 01:00:00,48.6,44.061439514160156,1.0,"Satet International School, Tema Manhean",tabular,xgboost,h24,2026-01-04T23:00:00,2026-01-18T23:00:00,2026-02-15T23:00:00,,,42.0
2026-01-26 02:00:00,68.7,50.437049865722656,1.0,"Satet International School, Tema Manhean",tabular,xgboost,h24,2026-01-04T23:00:00,2026-01-18T23:00:00,2026-02-15T23:00:00,,,42.0
2026-01-26 03:00:00,140.8,68.17355346679688,1.0,"Satet International School, Tema Manhean",tabular,xgboost,h24,2026-01-04T23:00:00,2026-01-18T23:00:00,2026-02-15T23:00:00,,,42.0
2026-01-26 04:00:00,210.0,84.95018005371094,1.0,"Satet International School, Tema Manhean",tabular,xgboost,h24,2026-01-04T23:00:00,2026-01-18T23:00:00,2026-02-15T23:00:00,,,42.0
2026-01-26 05:00:00,100.9,88.4316177368164,1.0,"Satet International School, Tema Manhean",tabular,xgboost,h24,2026-01-04T23:00:00,2026-01-18T23:00:00,2026-02-15T23:00:00,,,42.0
2026-01-26 06:00:00,132.9,106.04121398925781,1.0,"Satet International School, Tema Manhean",tabular,xgboost,h24,2026-01-04T23:00:00,2026-01-18T23:00:00,2026-02-15T23:00:00,,,42.0
2026-01-26 07:00:00,62.5,77.99488067626953,1.0,"Satet International School, Tema Manhean",tabular,xgboost,h24,2026-01-04T23:00:00,2026-01-18T23:00:00,2026-02-15T23:00:00,,,42.0
2026-01-26 08:00:00,52.0,52.75328826904297,1.0,"Satet International School, Tema Manhean",tabular,xgboost,h24,2026-01-04T23:00:00,2026-01-18T23:00:00,2026-02-15T23:00:00,,,42.0
2026-01-26 09:00:00,44.1,50.684326171875,1.0,"Satet International School, Tema Manhean",tabular,xgboost,h24,2026-01-04T23:00:00,2026-01-18T23:00:00,2026-02-15T23:00:00,,,42.0
2026-01-26 10:00:00,44.4,44.744483947753906,1.0,"Satet International School, Tema Manhean",tabular,xgboost,h24,2026-01-04T23:00:00,2026-01-18T23:00:00,2026-02-15T23:00:00,,,42.0
2026-01-26 11:00:00,47.7,40.91362762451172,1.0,"Satet International School, Tema Manhean",tabular,xgboost,h24,2026-01-04T23:00:00,2026-01-18T23:00:00,2026-02-15T23:00:00,,,42.0
2026-01-26 12:00:00,40.1,39.14007568359375,1.0,"Satet International School, Tema Manhean",tabular,xgboost,h24,2026-01-04T23:00:00,2026-01-18T23:00:00,2026-02-15T23:00:00,,,42.0
2026-01-26 13:00:00,37.3,40.634403228759766,1.0,"Satet International School, Tema Manhean",tabular,xgboost,h24,2026-01-04T23:00:00,2026-01-18T23:00:00,2026-02-15T23:00:00,,,42.0
2026-01-26 14:00:00,36.2,38.859474182128906,1.0,"Satet International School, Tema Manhean",tabular,xgboost,h24,2026-01-04T23:00:00,2026-01-18T23:00:00,2026-02-15T23:00:00,,,42.0
2026-01-26 15:00:00,34.8,47.82200622558594,1.0,"Satet International School, Tema Manhean",tabular,xgboost,h24,2026-01-04T23:00:00,2026-01-18T23:00:00,2026-02-15T23:00:00,,,42.0
2026-01-26 16:00:00,37.1,55.4737434387207,1.0,"Satet International School, Tema Manhean",tabular,xgboost,h24,2026-01-04T23:00:00,2026-01-18T23:00:00,2026-02-15T23:00:00,,,42.0
2026-01-26 17:00:00,40.4,50.03191375732422,1.0,"Satet International School, Tema Manhean",tabular,xgboost,h24,2026-01-04T23:00:00,2026-01-18T23:00:00,2026-02-15T23:00:00,,,42.0
2026-01-26 18:00:00,55.8,50.966026306152344,1.0,"Satet International School, Tema Manhean",tabular,xgboost,h24,2026-01-04T23:00:00,2026-01-18T23:00:00,2026-02-15T23:00:00,,,42.0
2026-01-26 19:00:00,55.6,45.3856086730957,1.0,"Satet International School, Tema Manhean",tabular,xgboost,h24,2026-01-04T23:00:00,2026-01-18T23:00:00,2026-02-15T23:00:00,,,42.0
2026-01-26 20:00:00,41.3,45.438297271728516,1.0,"Satet International School, Tema Manhean",tabular,xgboost,h24,2026-01-04T23:00:00,2026-01-18T23:00:00,2026-02-15T23:00:00,,,42.0
2026-01-26 21:00:00,45.8,48.36941909790039,1.0,"Satet International School, Tema Manhean",tabular,xgboost,h24,2026-01-04T23:00:00,2026-01-18T23:00:00,2026-02-15T23:00:00,,,42.0
2026-01-26 22:00:00,59.3,42.49694061279297,1.0,"Satet International School, Tema Manhean",tabular,xgboost,h24,2026-01-04T23:00:00,2026-01-18T23:00:00,2026-02-15T23:00:00,,,42.0
2026-01-26 23:00:00,43.5,55.45988845825195,1.0,"Satet International School, Tema Manhean",tabular,xgboost,h24,2026-01-04T23:00:00,2026-01-18T23:00:00,2026-02-15T23:00:00,,,42.0
2026-01-27 00:00:00,45.0,50.18974685668945,1.0,"Satet International School, Tema Manhean",tabular,xgboost,h24,2026-01-04T23:00:00,2026-01-18T23:00:00,2026-02-15T23:00:00,,,42.0
2026-01-27 01:00:00,52.9,57.78643035888672,1.0,"Satet International School, Tema Manhean",tabular,xgboost,h24,2026-01-04T23:00:00,2026-01-18T23:00:00,2026-02-15T23:00:00,,,42.0
2026-01-27 02:00:00,87.2,61.387245178222656,1.0,"Satet International School, Tema Manhean",tabular,xgboost,h24,2026-01-04T23:00:00,2026-01-18T23:00:00,2026-02-15T23:00:00,,,42.0
2026-01-27 03:00:00,67.8,72.86239624023438,1.0,"Satet International School, Tema Manhean",tabular,xgboost,h24,2026-01-04T23:00:00,2026-01-18T23:00:00,2026-02-15T23:00:00,,,42.0
2026-01-27 04:00:00,71.2,92.26795196533203,1.0,"Satet International School, Tema Manhean",tabular,xgboost,h24,2026-01-04T23:00:00,2026-01-18T23:00:00,2026-02-15T23:00:00,,,42.0
2026-01-27 05:00:00,124.6,97.31846618652344,1.0,"Satet International School, Tema Manhean",tabular,xgboost,h24,2026-01-04T23:00:00,2026-01-18T23:00:00,2026-02-15T23:00:00,,,42.0
2026-01-27 06:00:00,112.6,101.98454284667969,1.0,"Satet International School, Tema Manhean",tabular,xgboost,h24,2026-01-04T23:00:00,2026-01-18T23:00:00,2026-02-15T23:00:00,,,42.0
2026-01-27 07:00:00,76.6,73.53003692626953,1.0,"Satet International School, Tema Manhean",tabular,xgboost,h24,2026-01-04T23:00:00,2026-01-18T23:00:00,2026-02-15T23:00:00,,,42.0
2026-01-27 08:00:00,57.2,54.97663116455078,1.0,"Satet International School, Tema Manhean",tabular,xgboost,h24,2026-01-04T23:00:00,2026-01-18T23:00:00,2026-02-15T23:00:00,,,42.0
2026-01-27 09:00:00,46.4,49.58108139038086,1.0,"Satet International School, Tema Manhean",tabular,xgboost,h24,2026-01-04T23:00:00,2026-01-18T23:00:00,2026-02-15T23:00:00,,,42.0
2026-01-27 10:00:00,47.8,45.671268463134766,1.0,"Satet International School, Tema Manhean",tabular,xgboost,h24,2026-01-04T23:00:00,2026-01-18T23:00:00,2026-02-15T23:00:00,,,42.0
2026-01-27 11:00:00,51.4,44.8678092956543,1.0,"Satet International School, Tema Manhean",tabular,xgboost,h24,2026-01-04T23:00:00,2026-01-18T23:00:00,2026-02-15T23:00:00,,,42.0
2026-01-27 12:00:00,50.1,41.19288635253906,1.0,"Satet International School, Tema Manhean",tabular,xgboost,h24,2026-01-04T23:00:00,2026-01-18T23:00:00,2026-02-15T23:00:00,,,42.0
2026-01-27 13:00:00,43.5,40.51363754272461,1.0,"Satet International School, Tema Manhean",tabular,xgboost,h24,2026-01-04T23:00:00,2026-01-18T23:00:00,2026-02-15T23:00:00,,,42.0
2026-01-27 14:00:00,44.3,40.87504196166992,1.0,"Satet International School, Tema Manhean",tabular,xgboost,h24,2026-01-04T23:00:00,2026-01-18T23:00:00,2026-02-15T23:00:00,,,42.0
2026-01-27 15:00:00,42.3,42.91025924682617,1.0,"Satet International School, Tema Manhean",tabular,xgboost,h24,2026-01-04T23:00:00,2026-01-18T23:00:00,2026-02-15T23:00:00,,,42.0
2026-01-27 16:00:00,39.1,43.51301574707031,1.0,"Satet International School, Tema Manhean",tabular,xgboost,h24,2026-01-04T23:00:00,2026-01-18T23:00:00,2026-02-15T23:00:00,,,42.0
2026-01-27 17:00:00,40.6,52.394100189208984,1.0,"Satet International School, Tema Manhean",tabular,xgboost,h24,2026-01-04T23:00:00,2026-01-18T23:00:00,2026-02-15T23:00:00,,,42.0
2026-01-27 18:00:00,43.2,60.41875457763672,1.0,"Satet International School, Tema Manhean",tabular,xgboost,h24,2026-01-04T23:00:00,2026-01-18T23:00:00,2026-02-15T23:00:00,,,42.0
2026-01-27 19:00:00,45.3,71.76776885986328,1.0,"Satet International School, Tema Manhean",tabular,xgboost,h24,2026-01-04T23:00:00,2026-01-18T23:00:00,2026-02-15T23:00:00,,,42.0
2026-01-27 20:00:00,42.7,57.04587173461914,1.0,"Satet International School, Tema Manhean",tabular,xgboost,h24,2026-01-04T23:00:00,2026-01-18T23:00:00,2026-02-15T23:00:00,,,42.0
2026-01-27 21:00:00,73.7,51.41329574584961,1.0,"Satet International School, Tema Manhean",tabular,xgboost,h24,2026-01-04T23:00:00,2026-01-18T23:00:00,2026-02-15T23:00:00,,,42.0
2026-01-27 22:00:00,51.0,48.211448669433594,1.0,"Satet International School, Tema Manhean",tabular,xgboost,h24,2026-01-04T23:00:00,2026-01-18T23:00:00,2026-02-15T23:00:00,,,42.0
2026-01-27 23:00:00,56.3,47.334964752197266,1.0,"Satet International School, Tema Manhean",tabular,xgboost,h24,2026-01-04T23:00:00,2026-01-18T23:00:00,2026-02-15T23:00:00,,,42.0
2026-01-28 00:00:00,46.4,47.09648895263672,1.0,"Satet International School, Tema Manhean",tabular,xgboost,h24,2026-01-04T23:00:00,2026-01-18T23:00:00,2026-02-15T23:00:00,,,42.0
2026-01-28 01:00:00,44.2,53.44517135620117,1.0,"Satet International School, Tema Manhean",tabular,xgboost,h24,2026-01-04T23:00:00,2026-01-18T23:00:00,2026-02-15T23:00:00,,,42.0
2026-01-28 02:00:00,48.8,65.39636993408203,1.0,"Satet International School, Tema Manhean",tabular,xgboost,h24,2026-01-04T23:00:00,2026-01-18T23:00:00,2026-02-15T23:00:00,,,42.0
2026-01-28 03:00:00,48.0,83.71660614013672,1.0,"Satet International School, Tema Manhean",tabular,xgboost,h24,2026-01-04T23:00:00,2026-01-18T23:00:00,2026-02-15T23:00:00,,,42.0
2026-01-28 04:00:00,50.4,96.14112854003906,1.0,"Satet International School, Tema Manhean",tabular,xgboost,h24,2026-01-04T23:00:00,2026-01-18T23:00:00,2026-02-15T23:00:00,,,42.0
2026-01-28 05:00:00,67.5,96.21005249023438,1.0,"Satet International School, Tema Manhean",tabular,xgboost,h24,2026-01-04T23:00:00,2026-01-18T23:00:00,2026-02-15T23:00:00,,,42.0
2026-01-28 06:00:00,79.3,99.14942932128906,1.0,"Satet International School, Tema Manhean",tabular,xgboost,h24,2026-01-04T23:00:00,2026-01-18T23:00:00,2026-02-15T23:00:00,,,42.0
2026-01-28 07:00:00,60.2,67.5768051147461,1.0,"Satet International School, Tema Manhean",tabular,xgboost,h24,2026-01-04T23:00:00,2026-01-18T23:00:00,2026-02-15T23:00:00,,,42.0
2026-01-28 08:00:00,60.3,57.583553314208984,1.0,"Satet International School, Tema Manhean",tabular,xgboost,h24,2026-01-04T23:00:00,2026-01-18T23:00:00,2026-02-15T23:00:00,,,42.0
2026-01-28 09:00:00,58.7,49.047054290771484,1.0,"Satet International School, Tema Manhean",tabular,xgboost,h24,2026-01-04T23:00:00,2026-01-18T23:00:00,2026-02-15T23:00:00,,,42.0
2026-01-28 10:00:00,50.7,47.145965576171875,1.0,"Satet International School, Tema Manhean",tabular,xgboost,h24,2026-01-04T23:00:00,2026-01-18T23:00:00,2026-02-15T23:00:00,,,42.0
2026-01-28 11:00:00,60.2,54.62442398071289,1.0,"Satet International School, Tema Manhean",tabular,xgboost,h24,2026-01-04T23:00:00,2026-01-18T23:00:00,2026-02-15T23:00:00,,,42.0
2026-01-28 12:00:00,59.0,47.99540328979492,1.0,"Satet International School, Tema Manhean",tabular,xgboost,h24,2026-01-04T23:00:00,2026-01-18T23:00:00,2026-02-15T23:00:00,,,42.0
2026-01-28 13:00:00,52.7,40.61643600463867,1.0,"Satet International School, Tema Manhean",tabular,xgboost,h24,2026-01-04T23:00:00,2026-01-18T23:00:00,2026-02-15T23:00:00,,,42.0
2026-01-28 14:00:00,49.7,34.58182144165039,1.0,"Satet International School, Tema Manhean",tabular,xgboost,h24,2026-01-04T23:00:00,2026-01-18T23:00:00,2026-02-15T23:00:00,,,42.0
2026-01-28 15:00:00,43.6,46.33876037597656,1.0,"Satet International School, Tema Manhean",tabular,xgboost,h24,2026-01-04T23:00:00,2026-01-18T23:00:00,2026-02-15T23:00:00,,,42.0
2026-01-28 16:00:00,44.4,38.263710021972656,1.0,"Satet International School, Tema Manhean",tabular,xgboost,h24,2026-01-04T23:00:00,2026-01-18T23:00:00,2026-02-15T23:00:00,,,42.0
2026-01-28 17:00:00,46.1,45.22371292114258,1.0,"Satet International School, Tema Manhean",tabular,xgboost,h24,2026-01-04T23:00:00,2026-01-18T23:00:00,2026-02-15T23:00:00,,,42.0
2026-01-28 18:00:00,60.8,54.66678237915039,1.0,"Satet International School, Tema Manhean",tabular,xgboost,h24,2026-01-04T23:00:00,2026-01-18T23:00:00,2026-02-15T23:00:00,,,42.0
2026-01-28 19:00:00,49.8,52.043209075927734,1.0,"Satet International School, Tema Manhean",tabular,xgboost,h24,2026-01-04T23:00:00,2026-01-18T23:00:00,2026-02-15T23:00:00,,,42.0
2026-01-28 20:00:00,47.1,48.33354568481445,1.0,"Satet International School, Tema Manhean",tabular,xgboost,h24,2026-01-04T23:00:00,2026-01-18T23:00:00,2026-02-15T23:00:00,,,42.0
2026-01-28 21:00:00,73.8,48.131168365478516,1.0,"Satet International School, Tema Manhean",tabular,xgboost,h24,2026-01-04T23:00:00,2026-01-18T23:00:00,2026-02-15T23:00:00,,,42.0
2026-01-28 22:00:00,73.2,41.429664611816406,1.0,"Satet International School, Tema Manhean",tabular,xgboost,h24,2026-01-04T23:00:00,2026-01-18T23:00:00,2026-02-15T23:00:00,,,42.0
2026-01-28 23:00:00,51.3,41.47152328491211,1.0,"Satet International School, Tema Manhean",tabular,xgboost,h24,2026-01-04T23:00:00,2026-01-18T23:00:00,2026-02-15T23:00:00,,,42.0
2026-01-29 00:00:00,50.3,43.753875732421875,1.0,"Satet International School, Tema Manhean",tabular,xgboost,h24,2026-01-04T23:00:00,2026-01-18T23:00:00,2026-02-15T23:00:00,,,42.0
2026-01-29 01:00:00,59.0,50.4676399230957,1.0,"Satet International School, Tema Manhean",tabular,xgboost,h24,2026-01-04T23:00:00,2026-01-18T23:00:00,2026-02-15T23:00:00,,,42.0
2026-01-29 02:00:00,64.8,59.667240142822266,1.0,"Satet International School, Tema Manhean",tabular,xgboost,h24,2026-01-04T23:00:00,2026-01-18T23:00:00,2026-02-15T23:00:00,,,42.0
2026-01-29 03:00:00,57.4,63.17914581298828,1.0,"Satet International School, Tema Manhean",tabular,xgboost,h24,2026-01-04T23:00:00,2026-01-18T23:00:00,2026-02-15T23:00:00,,,42.0
2026-01-29 04:00:00,65.3,78.50541687011719,1.0,"Satet International School, Tema Manhean",tabular,xgboost,h24,2026-01-04T23:00:00,2026-01-18T23:00:00,2026-02-15T23:00:00,,,42.0
2026-01-29 05:00:00,64.4,77.43234252929688,1.0,"Satet International School, Tema Manhean",tabular,xgboost,h24,2026-01-04T23:00:00,2026-01-18T23:00:00,2026-02-15T23:00:00,,,42.0
2026-01-29 06:00:00,65.8,88.65196228027344,1.0,"Satet International School, Tema Manhean",tabular,xgboost,h24,2026-01-04T23:00:00,2026-01-18T23:00:00,2026-02-15T23:00:00,,,42.0
2026-01-29 07:00:00,72.4,74.72513580322266,1.0,"Satet International School, Tema Manhean",tabular,xgboost,h24,2026-01-04T23:00:00,2026-01-18T23:00:00,2026-02-15T23:00:00,,,42.0
2026-01-29 08:00:00,57.1,58.45644760131836,1.0,"Satet International School, Tema Manhean",tabular,xgboost,h24,2026-01-04T23:00:00,2026-01-18T23:00:00,2026-02-15T23:00:00,,,42.0
2026-01-29 09:00:00,55.6,55.2393684387207,1.0,"Satet International School, Tema Manhean",tabular,xgboost,h24,2026-01-04T23:00:00,2026-01-18T23:00:00,2026-02-15T23:00:00,,,42.0
2026-01-29 10:00:00,61.3,53.31545639038086,1.0,"Satet International School, Tema Manhean",tabular,xgboost,h24,2026-01-04T23:00:00,2026-01-18T23:00:00,2026-02-15T23:00:00,,,42.0
2026-01-29 11:00:00,58.0,55.04521560668945,1.0,"Satet International School, Tema Manhean",tabular,xgboost,h24,2026-01-04T23:00:00,2026-01-18T23:00:00,2026-02-15T23:00:00,,,42.0
2026-01-29 12:00:00,61.2,49.145267486572266,1.0,"Satet International School, Tema Manhean",tabular,xgboost,h24,2026-01-04T23:00:00,2026-01-18T23:00:00,2026-02-15T23:00:00,,,42.0
2026-01-29 13:00:00,46.1,55.995609283447266,1.0,"Satet International School, Tema Manhean",tabular,xgboost,h24,2026-01-04T23:00:00,2026-01-18T23:00:00,2026-02-15T23:00:00,,,42.0
2026-01-29 14:00:00,46.0,46.34868621826172,1.0,"Satet International School, Tema Manhean",tabular,xgboost,h24,2026-01-04T23:00:00,2026-01-18T23:00:00,2026-02-15T23:00:00,,,42.0
2026-01-29 15:00:00,45.9,47.52033996582031,1.0,"Satet International School, Tema Manhean",tabular,xgboost,h24,2026-01-04T23:00:00,2026-01-18T23:00:00,2026-02-15T23:00:00,,,42.0
2026-01-29 16:00:00,44.8,43.74769592285156,1.0,"Satet International School, Tema Manhean",tabular,xgboost,h24,2026-01-04T23:00:00,2026-01-18T23:00:00,2026-02-15T23:00:00,,,42.0
2026-01-29 17:00:00,44.5,49.09221267700195,1.0,"Satet International School, Tema Manhean",tabular,xgboost,h24,2026-01-04T23:00:00,2026-01-18T23:00:00,2026-02-15T23:00:00,,,42.0
2026-01-29 18:00:00,46.8,56.77127456665039,1.0,"Satet International School, Tema Manhean",tabular,xgboost,h24,2026-01-04T23:00:00,2026-01-18T23:00:00,2026-02-15T23:00:00,,,42.0
2026-01-29 19:00:00,45.0,54.481781005859375,1.0,"Satet International School, Tema Manhean",tabular,xgboost,h24,2026-01-04T23:00:00,2026-01-18T23:00:00,2026-02-15T23:00:00,,,42.0
2026-01-29 20:00:00,43.3,60.250640869140625,1.0,"Satet International School, Tema Manhean",tabular,xgboost,h24,2026-01-04T23:00:00,2026-01-18T23:00:00,2026-02-15T23:00:00,,,42.0
2026-01-29 21:00:00,43.0,62.89198684692383,1.0,"Satet International School, Tema Manhean",tabular,xgboost,h24,2026-01-04T23:00:00,2026-01-18T23:00:00,2026-02-15T23:00:00,,,42.0
2026-01-29 22:00:00,42.7,66.37041473388672,1.0,"Satet International School, Tema Manhean",tabular,xgboost,h24,2026-01-04T23:00:00,2026-01-18T23:00:00,2026-02-15T23:00:00,,,42.0
2026-01-29 23:00:00,43.7,60.20140838623047,1.0,"Satet International School, Tema Manhean",tabular,xgboost,h24,2026-01-04T23:00:00,2026-01-18T23:00:00,2026-02-15T23:00:00,,,42.0
2026-01-30 00:00:00,41.7,58.96635818481445,1.0,"Satet International School, Tema Manhean",tabular,xgboost,h24,2026-01-04T23:00:00,2026-01-18T23:00:00,2026-02-15T23:00:00,,,42.0
2026-01-30 01:00:00,41.9,59.485450744628906,1.0,"Satet International School, Tema Manhean",tabular,xgboost,h24,2026-01-04T23:00:00,2026-01-18T23:00:00,2026-02-15T23:00:00,,,42.0
2026-01-30 02:00:00,41.8,75.58653259277344,1.0,"Satet International School, Tema Manhean",tabular,xgboost,h24,2026-01-04T23:00:00,2026-01-18T23:00:00,2026-02-15T23:00:00,,,42.0
2026-01-30 03:00:00,44.0,90.75005340576172,1.0,"Satet International School, Tema Manhean",tabular,xgboost,h24,2026-01-04T23:00:00,2026-01-18T23:00:00,2026-02-15T23:00:00,,,42.0
2026-01-30 04:00:00,50.3,94.90764617919922,1.0,"Satet International School, Tema Manhean",tabular,xgboost,h24,2026-01-04T23:00:00,2026-01-18T23:00:00,2026-02-15T23:00:00,,,42.0
2026-01-30 05:00:00,56.5,103.76691436767578,1.0,"Satet International School, Tema Manhean",tabular,xgboost,h24,2026-01-04T23:00:00,2026-01-18T23:00:00,2026-02-15T23:00:00,,,42.0
2026-01-30 06:00:00,79.8,94.87422180175781,1.0,"Satet International School, Tema Manhean",tabular,xgboost,h24,2026-01-04T23:00:00,2026-01-18T23:00:00,2026-02-15T23:00:00,,,42.0
2026-01-30 07:00:00,79.7,89.07096099853516,1.0,"Satet International School, Tema Manhean",tabular,xgboost,h24,2026-01-04T23:00:00,2026-01-18T23:00:00,2026-02-15T23:00:00,,,42.0
2026-01-30 08:00:00,52.1,62.89554977416992,1.0,"Satet International School, Tema Manhean",tabular,xgboost,h24,2026-01-04T23:00:00,2026-01-18T23:00:00,2026-02-15T23:00:00,,,42.0
2026-01-30 09:00:00,46.6,62.7729606628418,1.0,"Satet International School, Tema Manhean",tabular,xgboost,h24,2026-01-04T23:00:00,2026-01-18T23:00:00,2026-02-15T23:00:00,,,42.0
2026-01-30 10:00:00,44.4,64.46327209472656,1.0,"Satet International School, Tema Manhean",tabular,xgboost,h24,2026-01-04T23:00:00,2026-01-18T23:00:00,2026-02-15T23:00:00,,,42.0
2026-01-30 11:00:00,45.1,69.8813247680664,1.0,"Satet International School, Tema Manhean",tabular,xgboost,h24,2026-01-04T23:00:00,2026-01-18T23:00:00,2026-02-15T23:00:00,,,42.0
2026-01-30 12:00:00,47.0,62.405845642089844,1.0,"Satet International School, Tema Manhean",tabular,xgboost,h24,2026-01-04T23:00:00,2026-01-18T23:00:00,2026-02-15T23:00:00,,,42.0
2026-01-30 13:00:00,44.2,60.00346374511719,1.0,"Satet International School, Tema Manhean",tabular,xgboost,h24,2026-01-04T23:00:00,2026-01-18T23:00:00,2026-02-15T23:00:00,,,42.0
2026-01-30 14:00:00,40.3,60.23674011230469,1.0,"Satet International School, Tema Manhean",tabular,xgboost,h24,2026-01-04T23:00:00,2026-01-18T23:00:00,2026-02-15T23:00:00,,,42.0
2026-01-30 15:00:00,39.8,58.98268127441406,1.0,"Satet International School, Tema Manhean",tabular,xgboost,h24,2026-01-04T23:00:00,2026-01-18T23:00:00,2026-02-15T23:00:00,,,42.0
2026-01-30 16:00:00,40.1,51.17674255371094,1.0,"Satet International School, Tema Manhean",tabular,xgboost,h24,2026-01-04T23:00:00,2026-01-18T23:00:00,2026-02-15T23:00:00,,,42.0
2026-01-30 17:00:00,42.8,55.98524475097656,1.0,"Satet International School, Tema Manhean",tabular,xgboost,h24,2026-01-04T23:00:00,2026-01-18T23:00:00,2026-02-15T23:00:00,,,42.0
2026-01-30 18:00:00,47.3,64.72026824951172,1.0,"Satet International School, Tema Manhean",tabular,xgboost,h24,2026-01-04T23:00:00,2026-01-18T23:00:00,2026-02-15T23:00:00,,,42.0
2026-01-30 19:00:00,46.6,55.9334831237793,1.0,"Satet International School, Tema Manhean",tabular,xgboost,h24,2026-01-04T23:00:00,2026-01-18T23:00:00,2026-02-15T23:00:00,,,42.0
2026-01-30 20:00:00,43.8,71.35652923583984,1.0,"Satet International School, Tema Manhean",tabular,xgboost,h24,2026-01-04T23:00:00,2026-01-18T23:00:00,2026-02-15T23:00:00,,,42.0
2026-01-30 21:00:00,41.6,60.62770080566406,1.0,"Satet International School, Tema Manhean",tabular,xgboost,h24,2026-01-04T23:00:00,2026-01-18T23:00:00,2026-02-15T23:00:00,,,42.0
2026-01-30 22:00:00,45.6,61.970237731933594,1.0,"Satet International School, Tema Manhean",tabular,xgboost,h24,2026-01-04T23:00:00,2026-01-18T23:00:00,2026-02-15T23:00:00,,,42.0
2026-01-30 23:00:00,43.7,56.386314392089844,1.0,"Satet International School, Tema Manhean",tabular,xgboost,h24,2026-01-04T23:00:00,2026-01-18T23:00:00,2026-02-15T23:00:00,,,42.0
2026-01-31 00:00:00,45.2,56.61365509033203,1.0,"Satet International School, Tema Manhean",tabular,xgboost,h24,2026-01-04T23:00:00,2026-01-18T23:00:00,2026-02-15T23:00:00,,,42.0
2026-01-31 01:00:00,47.3,57.79877853393555,1.0,"Satet International School, Tema Manhean",tabular,xgboost,h24,2026-01-04T23:00:00,2026-01-18T23:00:00,2026-02-15T23:00:00,,,42.0
2026-01-31 02:00:00,46.7,79.95886993408203,1.0,"Satet International School, Tema Manhean",tabular,xgboost,h24,2026-01-04T23:00:00,2026-01-18T23:00:00,2026-02-15T23:00:00,,,42.0
2026-01-31 03:00:00,43.1,96.1183853149414,1.0,"Satet International School, Tema Manhean",tabular,xgboost,h24,2026-01-04T23:00:00,2026-01-18T23:00:00,2026-02-15T23:00:00,,,42.0
2026-01-31 04:00:00,45.3,97.21952819824219,1.0,"Satet International School, Tema Manhean",tabular,xgboost,h24,2026-01-04T23:00:00,2026-01-18T23:00:00,2026-02-15T23:00:00,,,42.0
2026-01-31 05:00:00,64.3,95.42469787597656,1.0,"Satet International School, Tema Manhean",tabular,xgboost,h24,2026-01-04T23:00:00,2026-01-18T23:00:00,2026-02-15T23:00:00,,,42.0
2026-01-31 06:00:00,57.5,108.67632293701172,1.0,"Satet International School, Tema Manhean",tabular,xgboost,h24,2026-01-04T23:00:00,2026-01-18T23:00:00,2026-02-15T23:00:00,,,42.0
2026-01-31 07:00:00,78.4,82.8603744506836,1.0,"Satet International School, Tema Manhean",tabular,xgboost,h24,2026-01-04T23:00:00,2026-01-18T23:00:00,2026-02-15T23:00:00,,,42.0
2026-01-31 08:00:00,51.2,59.649356842041016,1.0,"Satet International School, Tema Manhean",tabular,xgboost,h24,2026-01-04T23:00:00,2026-01-18T23:00:00,2026-02-15T23:00:00,,,42.0
2026-01-31 09:00:00,47.1,56.00205612182617,1.0,"Satet International School, Tema Manhean",tabular,xgboost,h24,2026-01-04T23:00:00,2026-01-18T23:00:00,2026-02-15T23:00:00,,,42.0
2026-01-31 10:00:00,46.6,56.60429000854492,1.0,"Satet International School, Tema Manhean",tabular,xgboost,h24,2026-01-04T23:00:00,2026-01-18T23:00:00,2026-02-15T23:00:00,,,42.0
2026-01-31 11:00:00,40.6,62.21807098388672,1.0,"Satet International School, Tema Manhean",tabular,xgboost,h24,2026-01-04T23:00:00,2026-01-18T23:00:00,2026-02-15T23:00:00,,,42.0
2026-01-31 12:00:00,38.3,59.53401565551758,1.0,"Satet International School, Tema Manhean",tabular,xgboost,h24,2026-01-04T23:00:00,2026-01-18T23:00:00,2026-02-15T23:00:00,,,42.0
2026-01-31 13:00:00,39.3,55.08314514160156,1.0,"Satet International School, Tema Manhean",tabular,xgboost,h24,2026-01-04T23:00:00,2026-01-18T23:00:00,2026-02-15T23:00:00,,,42.0
2026-01-31 14:00:00,37.5,52.21125030517578,1.0,"Satet International School, Tema Manhean",tabular,xgboost,h24,2026-01-04T23:00:00,2026-01-18T23:00:00,2026-02-15T23:00:00,,,42.0
2026-01-31 15:00:00,39.9,50.00881576538086,1.0,"Satet International School, Tema Manhean",tabular,xgboost,h24,2026-01-04T23:00:00,2026-01-18T23:00:00,2026-02-15T23:00:00,,,42.0
2026-01-31 16:00:00,41.2,46.777469635009766,1.0,"Satet International School, Tema Manhean",tabular,xgboost,h24,2026-01-04T23:00:00,2026-01-18T23:00:00,2026-02-15T23:00:00,,,42.0
2026-01-31 17:00:00,39.5,51.86471939086914,1.0,"Satet International School, Tema Manhean",tabular,xgboost,h24,2026-01-04T23:00:00,2026-01-18T23:00:00,2026-02-15T23:00:00,,,42.0
2026-01-31 18:00:00,44.5,63.27480697631836,1.0,"Satet International School, Tema Manhean",tabular,xgboost,h24,2026-01-04T23:00:00,2026-01-18T23:00:00,2026-02-15T23:00:00,,,42.0
2026-01-31 19:00:00,40.6,58.51401901245117,1.0,"Satet International School, Tema Manhean",tabular,xgboost,h24,2026-01-04T23:00:00,2026-01-18T23:00:00,2026-02-15T23:00:00,,,42.0
2026-01-31 20:00:00,37.7,59.841407775878906,1.0,"Satet International School, Tema Manhean",tabular,xgboost,h24,2026-01-04T23:00:00,2026-01-18T23:00:00,2026-02-15T23:00:00,,,42.0
2026-01-31 21:00:00,39.3,75.69993591308594,1.0,"Satet International School, Tema Manhean",tabular,xgboost,h24,2026-01-04T23:00:00,2026-01-18T23:00:00,2026-02-15T23:00:00,,,42.0
2026-01-31 22:00:00,47.1,68.95841979980469,1.0,"Satet International School, Tema Manhean",tabular,xgboost,h24,2026-01-04T23:00:00,2026-01-18T23:00:00,2026-02-15T23:00:00,,,42.0
2026-01-31 23:00:00,43.0,59.97411346435547,1.0,"Satet International School, Tema Manhean",tabular,xgboost,h24,2026-01-04T23:00:00,2026-01-18T23:00:00,2026-02-15T23:00:00,,,42.0
2026-02-01 00:00:00,53.2,62.545494079589844,1.0,"Satet International School, Tema Manhean",tabular,xgboost,h24,2026-01-04T23:00:00,2026-01-18T23:00:00,2026-02-15T23:00:00,,,42.0
2026-02-01 01:00:00,46.9,68.99584197998047,1.0,"Satet International School, Tema Manhean",tabular,xgboost,h24,2026-01-04T23:00:00,2026-01-18T23:00:00,2026-02-15T23:00:00,,,42.0
2026-02-01 02:00:00,35.8,77.91548919677734,1.0,"Satet International School, Tema Manhean",tabular,xgboost,h24,2026-01-04T23:00:00,2026-01-18T23:00:00,2026-02-15T23:00:00,,,42.0
2026-02-01 03:00:00,33.9,76.99723815917969,1.0,"Satet International School, Tema Manhean",tabular,xgboost,h24,2026-01-04T23:00:00,2026-01-18T23:00:00,2026-02-15T23:00:00,,,42.0
2026-02-01 04:00:00,37.8,80.05826568603516,1.0,"Satet International School, Tema Manhean",tabular,xgboost,h24,2026-01-04T23:00:00,2026-01-18T23:00:00,2026-02-15T23:00:00,,,42.0
2026-02-01 05:00:00,40.1,86.32047271728516,1.0,"Satet International School, Tema Manhean",tabular,xgboost,h24,2026-01-04T23:00:00,2026-01-18T23:00:00,2026-02-15T23:00:00,,,42.0
2026-02-01 06:00:00,53.0,103.03226470947266,1.0,"Satet International School, Tema Manhean",tabular,xgboost,h24,2026-01-04T23:00:00,2026-01-18T23:00:00,2026-02-15T23:00:00,,,42.0
2026-02-01 07:00:00,58.5,81.72714233398438,1.0,"Satet International School, Tema Manhean",tabular,xgboost,h24,2026-01-04T23:00:00,2026-01-18T23:00:00,2026-02-15T23:00:00,,,42.0
2026-02-01 08:00:00,47.5,62.21876525878906,1.0,"Satet International School, Tema Manhean",tabular,xgboost,h24,2026-01-04T23:00:00,2026-01-18T23:00:00,2026-02-15T23:00:00,,,42.0
2026-02-01 09:00:00,47.3,57.29926300048828,1.0,"Satet International School, Tema Manhean",tabular,xgboost,h24,2026-01-04T23:00:00,2026-01-18T23:00:00,2026-02-15T23:00:00,,,42.0
2026-02-01 10:00:00,43.1,67.28121185302734,1.0,"Satet International School, Tema Manhean",tabular,xgboost,h24,2026-01-04T23:00:00,2026-01-18T23:00:00,2026-02-15T23:00:00,,,42.0
2026-02-01 11:00:00,36.7,71.88310241699219,1.0,"Satet International School, Tema Manhean",tabular,xgboost,h24,2026-01-04T23:00:00,2026-01-18T23:00:00,2026-02-15T23:00:00,,,42.0
2026-02-01 12:00:00,36.6,66.57918548583984,1.0,"Satet International School, Tema Manhean",tabular,xgboost,h24,2026-01-04T23:00:00,2026-01-18T23:00:00,2026-02-15T23:00:00,,,42.0
2026-02-01 13:00:00,32.9,54.388179779052734,1.0,"Satet International School, Tema Manhean",tabular,xgboost,h24,2026-01-04T23:00:00,2026-01-18T23:00:00,2026-02-15T23:00:00,,,42.0
2026-02-01 14:00:00,35.0,50.27568054199219,1.0,"Satet International School, Tema Manhean",tabular,xgboost,h24,2026-01-04T23:00:00,2026-01-18T23:00:00,2026-02-15T23:00:00,,,42.0
2026-02-01 15:00:00,35.5,47.6991081237793,1.0,"Satet International School, Tema Manhean",tabular,xgboost,h24,2026-01-04T23:00:00,2026-01-18T23:00:00,2026-02-15T23:00:00,,,42.0
2026-02-01 16:00:00,35.8,49.23204803466797,1.0,"Satet International School, Tema Manhean",tabular,xgboost,h24,2026-01-04T23:00:00,2026-01-18T23:00:00,2026-02-15T23:00:00,,,42.0
2026-02-01 17:00:00,35.0,52.415863037109375,1.0,"Satet International School, Tema Manhean",tabular,xgboost,h24,2026-01-04T23:00:00,2026-01-18T23:00:00,2026-02-15T23:00:00,,,42.0
2026-02-01 18:00:00,39.9,72.72988891601562,1.0,"Satet International School, Tema Manhean",tabular,xgboost,h24,2026-01-04T23:00:00,2026-01-18T23:00:00,2026-02-15T23:00:00,,,42.0
2026-02-01 19:00:00,37.1,76.90477752685547,1.0,"Satet International School, Tema Manhean",tabular,xgboost,h24,2026-01-04T23:00:00,2026-01-18T23:00:00,2026-02-15T23:00:00,,,42.0
2026-02-01 20:00:00,51.3,76.41355895996094,1.0,"Satet International School, Tema Manhean",tabular,xgboost,h24,2026-01-04T23:00:00,2026-01-18T23:00:00,2026-02-15T23:00:00,,,42.0
2026-02-01 21:00:00,37.8,77.41014862060547,1.0,"Satet International School, Tema Manhean",tabular,xgboost,h24,2026-01-04T23:00:00,2026-01-18T23:00:00,2026-02-15T23:00:00,,,42.0
2026-02-01 22:00:00,37.1,72.32063293457031,1.0,"Satet International School, Tema Manhean",tabular,xgboost,h24,2026-01-04T23:00:00,2026-01-18T23:00:00,2026-02-15T23:00:00,,,42.0
2026-02-01 23:00:00,35.3,63.6279296875,1.0,"Satet International School, Tema Manhean",tabular,xgboost,h24,2026-01-04T23:00:00,2026-01-18T23:00:00,2026-02-15T23:00:00,,,42.0
2026-02-02 00:00:00,38.5,74.42195892333984,1.0,"Satet International School, Tema Manhean",tabular,xgboost,h24,2026-01-04T23:00:00,2026-01-18T23:00:00,2026-02-15T23:00:00,,,42.0
2026-02-02 01:00:00,37.1,73.05682373046875,1.0,"Satet International School, Tema Manhean",tabular,xgboost,h24,2026-01-04T23:00:00,2026-01-18T23:00:00,2026-02-15T23:00:00,,,42.0
2026-02-02 02:00:00,34.5,83.5510025024414,1.0,"Satet International School, Tema Manhean",tabular,xgboost,h24,2026-01-04T23:00:00,2026-01-18T23:00:00,2026-02-15T23:00:00,,,42.0
2026-02-02 03:00:00,44.6,87.11869049072266,1.0,"Satet International School, Tema Manhean",tabular,xgboost,h24,2026-01-04T23:00:00,2026-01-18T23:00:00,2026-02-15T23:00:00,,,42.0
2026-02-02 04:00:00,40.6,91.76866912841797,1.0,"Satet International School, Tema Manhean",tabular,xgboost,h24,2026-01-04T23:00:00,2026-01-18T23:00:00,2026-02-15T23:00:00,,,42.0
2026-02-02 05:00:00,57.6,96.63732147216797,1.0,"Satet International School, Tema Manhean",tabular,xgboost,h24,2026-01-04T23:00:00,2026-01-18T23:00:00,2026-02-15T23:00:00,,,42.0
2026-02-02 06:00:00,59.9,117.8955078125,1.0,"Satet International School, Tema Manhean",tabular,xgboost,h24,2026-01-04T23:00:00,2026-01-18T23:00:00,2026-02-15T23:00:00,,,42.0
2026-02-02 07:00:00,88.6,88.75556945800781,1.0,"Satet International School, Tema Manhean",tabular,xgboost,h24,2026-01-04T23:00:00,2026-01-18T23:00:00,2026-02-15T23:00:00,,,42.0
2026-02-02 08:00:00,49.3,65.9566879272461,1.0,"Satet International School, Tema Manhean",tabular,xgboost,h24,2026-01-04T23:00:00,2026-01-18T23:00:00,2026-02-15T23:00:00,,,42.0
2026-02-02 09:00:00,44.5,61.53453826904297,1.0,"Satet International School, Tema Manhean",tabular,xgboost,h24,2026-01-04T23:00:00,2026-01-18T23:00:00,2026-02-15T23:00:00,,,42.0
2026-02-02 10:00:00,33.0,61.68671417236328,1.0,"Satet International School, Tema Manhean",tabular,xgboost,h24,2026-01-04T23:00:00,2026-01-18T23:00:00,2026-02-15T23:00:00,,,42.0
2026-02-02 11:00:00,30.4,71.37004089355469,1.0,"Satet International School, Tema Manhean",tabular,xgboost,h24,2026-01-04T23:00:00,2026-01-18T23:00:00,2026-02-15T23:00:00,,,42.0
2026-02-02 12:00:00,32.4,71.0408935546875,1.0,"Satet International School, Tema Manhean",tabular,xgboost,h24,2026-01-04T23:00:00,2026-01-18T23:00:00,2026-02-15T23:00:00,,,42.0
2026-02-02 13:00:00,29.7,66.27355194091797,1.0,"Satet International School, Tema Manhean",tabular,xgboost,h24,2026-01-04T23:00:00,2026-01-18T23:00:00,2026-02-15T23:00:00,,,42.0
2026-02-02 14:00:00,33.2,62.063621520996094,1.0,"Satet International School, Tema Manhean",tabular,xgboost,h24,2026-01-04T23:00:00,2026-01-18T23:00:00,2026-02-15T23:00:00,,,42.0
2026-02-02 15:00:00,34.9,61.75724792480469,1.0,"Satet International School, Tema Manhean",tabular,xgboost,h24,2026-01-04T23:00:00,2026-01-18T23:00:00,2026-02-15T23:00:00,,,42.0
2026-02-02 16:00:00,39.2,57.50484848022461,1.0,"Satet International School, Tema Manhean",tabular,xgboost,h24,2026-01-04T23:00:00,2026-01-18T23:00:00,2026-02-15T23:00:00,,,42.0
2026-02-02 17:00:00,41.7,67.25765228271484,1.0,"Satet International School, Tema Manhean",tabular,xgboost,h24,2026-01-04T23:00:00,2026-01-18T23:00:00,2026-02-15T23:00:00,,,42.0
2026-02-02 18:00:00,39.9,72.59864807128906,1.0,"Satet International School, Tema Manhean",tabular,xgboost,h24,2026-01-04T23:00:00,2026-01-18T23:00:00,2026-02-15T23:00:00,,,42.0
2026-02-02 19:00:00,40.2,88.45149230957031,1.0,"Satet International School, Tema Manhean",tabular,xgboost,h24,2026-01-04T23:00:00,2026-01-18T23:00:00,2026-02-15T23:00:00,,,42.0
2026-02-02 20:00:00,44.2,93.61736297607422,1.0,"Satet International School, Tema Manhean",tabular,xgboost,h24,2026-01-04T23:00:00,2026-01-18T23:00:00,2026-02-15T23:00:00,,,42.0
2026-02-02 21:00:00,38.7,88.07362365722656,1.0,"Satet International School, Tema Manhean",tabular,xgboost,h24,2026-01-04T23:00:00,2026-01-18T23:00:00,2026-02-15T23:00:00,,,42.0
2026-02-02 22:00:00,57.3,88.30239868164062,1.0,"Satet International School, Tema Manhean",tabular,xgboost,h24,2026-01-04T23:00:00,2026-01-18T23:00:00,2026-02-15T23:00:00,,,42.0
2026-02-02 23:00:00,93.3,80.37335205078125,1.0,"Satet International School, Tema Manhean",tabular,xgboost,h24,2026-01-04T23:00:00,2026-01-18T23:00:00,2026-02-15T23:00:00,,,42.0
2026-02-03 00:00:00,72.1,88.88565063476562,1.0,"Satet International School, Tema Manhean",tabular,xgboost,h24,2026-01-04T23:00:00,2026-01-18T23:00:00,2026-02-15T23:00:00,,,42.0
2026-02-03 01:00:00,49.3,79.49325561523438,1.0,"Satet International School, Tema Manhean",tabular,xgboost,h24,2026-01-04T23:00:00,2026-01-18T23:00:00,2026-02-15T23:00:00,,,42.0
2026-02-03 02:00:00,43.0,92.83474731445312,1.0,"Satet International School, Tema Manhean",tabular,xgboost,h24,2026-01-04T23:00:00,2026-01-18T23:00:00,2026-02-15T23:00:00,,,42.0
2026-02-03 03:00:00,45.6,102.84233856201172,1.0,"Satet International School, Tema Manhean",tabular,xgboost,h24,2026-01-04T23:00:00,2026-01-18T23:00:00,2026-02-15T23:00:00,,,42.0
2026-02-03 04:00:00,44.1,107.60243225097656,1.0,"Satet International School, Tema Manhean",tabular,xgboost,h24,2026-01-04T23:00:00,2026-01-18T23:00:00,2026-02-15T23:00:00,,,42.0
2026-02-03 05:00:00,103.7,123.13961029052734,1.0,"Satet International School, Tema Manhean",tabular,xgboost,h24,2026-01-04T23:00:00,2026-01-18T23:00:00,2026-02-15T23:00:00,,,42.0
2026-02-03 06:00:00,113.0,143.29519653320312,1.0,"Satet International School, Tema Manhean",tabular,xgboost,h24,2026-01-04T23:00:00,2026-01-18T23:00:00,2026-02-15T23:00:00,,,42.0
2026-02-03 07:00:00,56.6,125.96781158447266,1.0,"Satet International School, Tema Manhean",tabular,xgboost,h24,2026-01-04T23:00:00,2026-01-18T23:00:00,2026-02-15T23:00:00,,,42.0
2026-02-03 08:00:00,40.9,74.62835693359375,1.0,"Satet International School, Tema Manhean",tabular,xgboost,h24,2026-01-04T23:00:00,2026-01-18T23:00:00,2026-02-15T23:00:00,,,42.0
2026-02-03 09:00:00,41.3,63.08087158203125,1.0,"Satet International School, Tema Manhean",tabular,xgboost,h24,2026-01-04T23:00:00,2026-01-18T23:00:00,2026-02-15T23:00:00,,,42.0
2026-02-03 10:00:00,37.4,64.61874389648438,1.0,"Satet International School, Tema Manhean",tabular,xgboost,h24,2026-01-04T23:00:00,2026-01-18T23:00:00,2026-02-15T23:00:00,,,42.0
2026-02-03 11:00:00,43.6,51.33370590209961,1.0,"Satet International School, Tema Manhean",tabular,xgboost,h24,2026-01-04T23:00:00,2026-01-18T23:00:00,2026-02-15T23:00:00,,,42.0
2026-02-03 12:00:00,38.3,57.4318962097168,1.0,"Satet International School, Tema Manhean",tabular,xgboost,h24,2026-01-04T23:00:00,2026-01-18T23:00:00,2026-02-15T23:00:00,,,42.0
2026-02-03 13:00:00,38.3,48.419822692871094,1.0,"Satet International School, Tema Manhean",tabular,xgboost,h24,2026-01-04T23:00:00,2026-01-18T23:00:00,2026-02-15T23:00:00,,,42.0
2026-02-03 14:00:00,28.8,54.217403411865234,1.0,"Satet International School, Tema Manhean",tabular,xgboost,h24,2026-01-04T23:00:00,2026-01-18T23:00:00,2026-02-15T23:00:00,,,42.0
2026-02-03 15:00:00,36.7,47.19101333618164,1.0,"Satet International School, Tema Manhean",tabular,xgboost,h24,2026-01-04T23:00:00,2026-01-18T23:00:00,2026-02-15T23:00:00,,,42.0
2026-02-03 16:00:00,38.1,50.40781021118164,1.0,"Satet International School, Tema Manhean",tabular,xgboost,h24,2026-01-04T23:00:00,2026-01-18T23:00:00,2026-02-15T23:00:00,,,42.0
2026-02-03 17:00:00,40.9,61.88312911987305,1.0,"Satet International School, Tema Manhean",tabular,xgboost,h24,2026-01-04T23:00:00,2026-01-18T23:00:00,2026-02-15T23:00:00,,,42.0
2026-02-03 18:00:00,47.9,68.1810073852539,1.0,"Satet International School, Tema Manhean",tabular,xgboost,h24,2026-01-04T23:00:00,2026-01-18T23:00:00,2026-02-15T23:00:00,,,42.0
2026-02-03 19:00:00,60.6,71.7480239868164,1.0,"Satet International School, Tema Manhean",tabular,xgboost,h24,2026-01-04T23:00:00,2026-01-18T23:00:00,2026-02-15T23:00:00,,,42.0
2026-02-03 20:00:00,75.7,74.4632339477539,1.0,"Satet International School, Tema Manhean",tabular,xgboost,h24,2026-01-04T23:00:00,2026-01-18T23:00:00,2026-02-15T23:00:00,,,42.0
2026-02-03 21:00:00,69.1,86.85700225830078,1.0,"Satet International School, Tema Manhean",tabular,xgboost,h24,2026-01-04T23:00:00,2026-01-18T23:00:00,2026-02-15T23:00:00,,,42.0
2026-02-03 22:00:00,64.7,86.54601287841797,1.0,"Satet International School, Tema Manhean",tabular,xgboost,h24,2026-01-04T23:00:00,2026-01-18T23:00:00,2026-02-15T23:00:00,,,42.0
2026-02-03 23:00:00,96.0,90.16873168945312,1.0,"Satet International School, Tema Manhean",tabular,xgboost,h24,2026-01-04T23:00:00,2026-01-18T23:00:00,2026-02-15T23:00:00,,,42.0
2026-02-04 00:00:00,59.2,92.6632080078125,1.0,"Satet International School, Tema Manhean",tabular,xgboost,h24,2026-01-04T23:00:00,2026-01-18T23:00:00,2026-02-15T23:00:00,,,42.0
2026-02-04 01:00:00,46.5,97.70490264892578,1.0,"Satet International School, Tema Manhean",tabular,xgboost,h24,2026-01-04T23:00:00,2026-01-18T23:00:00,2026-02-15T23:00:00,,,42.0
2026-02-04 02:00:00,62.9,97.64617156982422,1.0,"Satet International School, Tema Manhean",tabular,xgboost,h24,2026-01-04T23:00:00,2026-01-18T23:00:00,2026-02-15T23:00:00,,,42.0
2026-02-04 03:00:00,55.9,100.62239074707031,1.0,"Satet International School, Tema Manhean",tabular,xgboost,h24,2026-01-04T23:00:00,2026-01-18T23:00:00,2026-02-15T23:00:00,,,42.0
2026-02-04 04:00:00,70.1,97.47046661376953,1.0,"Satet International School, Tema Manhean",tabular,xgboost,h24,2026-01-04T23:00:00,2026-01-18T23:00:00,2026-02-15T23:00:00,,,42.0
2026-02-04 05:00:00,87.7,116.86146545410156,1.0,"Satet International School, Tema Manhean",tabular,xgboost,h24,2026-01-04T23:00:00,2026-01-18T23:00:00,2026-02-15T23:00:00,,,42.0
2026-02-04 06:00:00,95.6,126.4737548828125,1.0,"Satet International School, Tema Manhean",tabular,xgboost,h24,2026-01-04T23:00:00,2026-01-18T23:00:00,2026-02-15T23:00:00,,,42.0
2026-02-04 07:00:00,62.5,104.5888900756836,1.0,"Satet International School, Tema Manhean",tabular,xgboost,h24,2026-01-04T23:00:00,2026-01-18T23:00:00,2026-02-15T23:00:00,,,42.0
2026-02-04 08:00:00,56.9,79.45600128173828,1.0,"Satet International School, Tema Manhean",tabular,xgboost,h24,2026-01-04T23:00:00,2026-01-18T23:00:00,2026-02-15T23:00:00,,,42.0
2026-02-04 09:00:00,41.6,68.10948944091797,1.0,"Satet International School, Tema Manhean",tabular,xgboost,h24,2026-01-04T23:00:00,2026-01-18T23:00:00,2026-02-15T23:00:00,,,42.0
2026-02-04 10:00:00,55.3,49.60193634033203,1.0,"Satet International School, Tema Manhean",tabular,xgboost,h24,2026-01-04T23:00:00,2026-01-18T23:00:00,2026-02-15T23:00:00,,,42.0
2026-02-04 11:00:00,39.2,42.3752326965332,1.0,"Satet International School, Tema Manhean",tabular,xgboost,h24,2026-01-04T23:00:00,2026-01-18T23:00:00,2026-02-15T23:00:00,,,42.0
2026-02-04 12:00:00,35.4,45.1818733215332,1.0,"Satet International School, Tema Manhean",tabular,xgboost,h24,2026-01-04T23:00:00,2026-01-18T23:00:00,2026-02-15T23:00:00,,,42.0
2026-02-04 13:00:00,36.6,43.064579010009766,1.0,"Satet International School, Tema Manhean",tabular,xgboost,h24,2026-01-04T23:00:00,2026-01-18T23:00:00,2026-02-15T23:00:00,,,42.0
2026-02-04 14:00:00,38.8,45.71855926513672,1.0,"Satet International School, Tema Manhean",tabular,xgboost,h24,2026-01-04T23:00:00,2026-01-18T23:00:00,2026-02-15T23:00:00,,,42.0
2026-02-04 15:00:00,32.8,43.31618881225586,1.0,"Satet International School, Tema Manhean",tabular,xgboost,h24,2026-01-04T23:00:00,2026-01-18T23:00:00,2026-02-15T23:00:00,,,42.0
2026-02-04 16:00:00,34.1,44.98862838745117,1.0,"Satet International School, Tema Manhean",tabular,xgboost,h24,2026-01-04T23:00:00,2026-01-18T23:00:00,2026-02-15T23:00:00,,,42.0
2026-02-04 17:00:00,34.4,54.977989196777344,1.0,"Satet International School, Tema Manhean",tabular,xgboost,h24,2026-01-04T23:00:00,2026-01-18T23:00:00,2026-02-15T23:00:00,,,42.0
2026-02-04 18:00:00,42.4,59.58171844482422,1.0,"Satet International School, Tema Manhean",tabular,xgboost,h24,2026-01-04T23:00:00,2026-01-18T23:00:00,2026-02-15T23:00:00,,,42.0
2026-02-04 19:00:00,32.7,60.13580322265625,1.0,"Satet International School, Tema Manhean",tabular,xgboost,h24,2026-01-04T23:00:00,2026-01-18T23:00:00,2026-02-15T23:00:00,,,42.0
2026-02-04 20:00:00,27.1,63.848751068115234,1.0,"Satet International School, Tema Manhean",tabular,xgboost,h24,2026-01-04T23:00:00,2026-01-18T23:00:00,2026-02-15T23:00:00,,,42.0
2026-02-04 21:00:00,30.0,64.51074981689453,1.0,"Satet International School, Tema Manhean",tabular,xgboost,h24,2026-01-04T23:00:00,2026-01-18T23:00:00,2026-02-15T23:00:00,,,42.0
2026-02-04 22:00:00,37.1,56.85799026489258,1.0,"Satet International School, Tema Manhean",tabular,xgboost,h24,2026-01-04T23:00:00,2026-01-18T23:00:00,2026-02-15T23:00:00,,,42.0
2026-02-04 23:00:00,35.1,69.3664321899414,1.0,"Satet International School, Tema Manhean",tabular,xgboost,h24,2026-01-04T23:00:00,2026-01-18T23:00:00,2026-02-15T23:00:00,,,42.0
2026-02-05 00:00:00,46.6,75.34330749511719,1.0,"Satet International School, Tema Manhean",tabular,xgboost,h24,2026-01-04T23:00:00,2026-01-18T23:00:00,2026-02-15T23:00:00,,,42.0
2026-02-05 01:00:00,43.0,72.68872833251953,1.0,"Satet International School, Tema Manhean",tabular,xgboost,h24,2026-01-04T23:00:00,2026-01-18T23:00:00,2026-02-15T23:00:00,,,42.0
2026-02-05 02:00:00,58.3,78.31719970703125,1.0,"Satet International School, Tema Manhean",tabular,xgboost,h24,2026-01-04T23:00:00,2026-01-18T23:00:00,2026-02-15T23:00:00,,,42.0
2026-02-05 03:00:00,42.9,75.15011596679688,1.0,"Satet International School, Tema Manhean",tabular,xgboost,h24,2026-01-04T23:00:00,2026-01-18T23:00:00,2026-02-15T23:00:00,,,42.0
2026-02-05 04:00:00,42.9,72.58712005615234,1.0,"Satet International School, Tema Manhean",tabular,xgboost,h24,2026-01-04T23:00:00,2026-01-18T23:00:00,2026-02-15T23:00:00,,,42.0
2026-02-05 05:00:00,107.6,75.26893615722656,1.0,"Satet International School, Tema Manhean",tabular,xgboost,h24,2026-01-04T23:00:00,2026-01-18T23:00:00,2026-02-15T23:00:00,,,42.0
2026-02-05 06:00:00,50.5,84.8026351928711,1.0,"Satet International School, Tema Manhean",tabular,xgboost,h24,2026-01-04T23:00:00,2026-01-18T23:00:00,2026-02-15T23:00:00,,,42.0
2026-02-05 07:00:00,46.2,68.41822052001953,1.0,"Satet International School, Tema Manhean",tabular,xgboost,h24,2026-01-04T23:00:00,2026-01-18T23:00:00,2026-02-15T23:00:00,,,42.0
2026-02-05 08:00:00,34.5,57.32477569580078,1.0,"Satet International School, Tema Manhean",tabular,xgboost,h24,2026-01-04T23:00:00,2026-01-18T23:00:00,2026-02-15T23:00:00,,,42.0
2026-02-05 09:00:00,26.6,56.09004592895508,1.0,"Satet International School, Tema Manhean",tabular,xgboost,h24,2026-01-04T23:00:00,2026-01-18T23:00:00,2026-02-15T23:00:00,,,42.0
2026-02-05 10:00:00,22.1,54.73006820678711,1.0,"Satet International School, Tema Manhean",tabular,xgboost,h24,2026-01-04T23:00:00,2026-01-18T23:00:00,2026-02-15T23:00:00,,,42.0
2026-02-05 11:00:00,30.2,50.222389221191406,1.0,"Satet International School, Tema Manhean",tabular,xgboost,h24,2026-01-04T23:00:00,2026-01-18T23:00:00,2026-02-15T23:00:00,,,42.0
2026-02-05 12:00:00,25.8,50.2661018371582,1.0,"Satet International School, Tema Manhean",tabular,xgboost,h24,2026-01-04T23:00:00,2026-01-18T23:00:00,2026-02-15T23:00:00,,,42.0
2026-02-05 13:00:00,21.3,44.75114440917969,1.0,"Satet International School, Tema Manhean",tabular,xgboost,h24,2026-01-04T23:00:00,2026-01-18T23:00:00,2026-02-15T23:00:00,,,42.0
2026-02-05 14:00:00,21.0,39.13173294067383,1.0,"Satet International School, Tema Manhean",tabular,xgboost,h24,2026-01-04T23:00:00,2026-01-18T23:00:00,2026-02-15T23:00:00,,,42.0
2026-02-05 15:00:00,24.6,40.17816162109375,1.0,"Satet International School, Tema Manhean",tabular,xgboost,h24,2026-01-04T23:00:00,2026-01-18T23:00:00,2026-02-15T23:00:00,,,42.0
2026-02-05 16:00:00,26.9,38.10432434082031,1.0,"Satet International School, Tema Manhean",tabular,xgboost,h24,2026-01-04T23:00:00,2026-01-18T23:00:00,2026-02-15T23:00:00,,,42.0
2026-02-05 17:00:00,27.9,46.869197845458984,1.0,"Satet International School, Tema Manhean",tabular,xgboost,h24,2026-01-04T23:00:00,2026-01-18T23:00:00,2026-02-15T23:00:00,,,42.0
2026-02-05 18:00:00,38.6,45.70425033569336,1.0,"Satet International School, Tema Manhean",tabular,xgboost,h24,2026-01-04T23:00:00,2026-01-18T23:00:00,2026-02-15T23:00:00,,,42.0
2026-02-05 19:00:00,32.0,50.68217849731445,1.0,"Satet International School, Tema Manhean",tabular,xgboost,h24,2026-01-04T23:00:00,2026-01-18T23:00:00,2026-02-15T23:00:00,,,42.0
2026-02-05 20:00:00,27.9,61.206382751464844,1.0,"Satet International School, Tema Manhean",tabular,xgboost,h24,2026-01-04T23:00:00,2026-01-18T23:00:00,2026-02-15T23:00:00,,,42.0
2026-02-05 21:00:00,26.2,55.672637939453125,1.0,"Satet International School, Tema Manhean",tabular,xgboost,h24,2026-01-04T23:00:00,2026-01-18T23:00:00,2026-02-15T23:00:00,,,42.0
2026-02-05 22:00:00,32.6,53.2177619934082,1.0,"Satet International School, Tema Manhean",tabular,xgboost,h24,2026-01-04T23:00:00,2026-01-18T23:00:00,2026-02-15T23:00:00,,,42.0
2026-02-05 23:00:00,29.5,49.48208999633789,1.0,"Satet International School, Tema Manhean",tabular,xgboost,h24,2026-01-04T23:00:00,2026-01-18T23:00:00,2026-02-15T23:00:00,,,42.0
2026-02-06 00:00:00,32.2,51.080711364746094,1.0,"Satet International School, Tema Manhean",tabular,xgboost,h24,2026-01-04T23:00:00,2026-01-18T23:00:00,2026-02-15T23:00:00,,,42.0
2026-02-06 01:00:00,24.5,52.49972915649414,1.0,"Satet International School, Tema Manhean",tabular,xgboost,h24,2026-01-04T23:00:00,2026-01-18T23:00:00,2026-02-15T23:00:00,,,42.0
2026-02-06 02:00:00,26.4,55.00556945800781,1.0,"Satet International School, Tema Manhean",tabular,xgboost,h24,2026-01-04T23:00:00,2026-01-18T23:00:00,2026-02-15T23:00:00,,,42.0
2026-02-06 03:00:00,26.9,60.59975814819336,1.0,"Satet International School, Tema Manhean",tabular,xgboost,h24,2026-01-04T23:00:00,2026-01-18T23:00:00,2026-02-15T23:00:00,,,42.0
2026-02-06 04:00:00,32.5,61.650875091552734,1.0,"Satet International School, Tema Manhean",tabular,xgboost,h24,2026-01-04T23:00:00,2026-01-18T23:00:00,2026-02-15T23:00:00,,,42.0
2026-02-06 05:00:00,43.6,65.59732818603516,1.0,"Satet International School, Tema Manhean",tabular,xgboost,h24,2026-01-04T23:00:00,2026-01-18T23:00:00,2026-02-15T23:00:00,,,42.0
2026-02-06 06:00:00,47.7,68.00125122070312,1.0,"Satet International School, Tema Manhean",tabular,xgboost,h24,2026-01-04T23:00:00,2026-01-18T23:00:00,2026-02-15T23:00:00,,,42.0
2026-02-06 07:00:00,65.9,73.08599090576172,1.0,"Satet International School, Tema Manhean",tabular,xgboost,h24,2026-01-04T23:00:00,2026-01-18T23:00:00,2026-02-15T23:00:00,,,42.0
2026-02-06 08:00:00,43.2,53.05852127075195,1.0,"Satet International School, Tema Manhean",tabular,xgboost,h24,2026-01-04T23:00:00,2026-01-18T23:00:00,2026-02-15T23:00:00,,,42.0
2026-02-06 09:00:00,29.5,57.80925369262695,1.0,"Satet International School, Tema Manhean",tabular,xgboost,h24,2026-01-04T23:00:00,2026-01-18T23:00:00,2026-02-15T23:00:00,,,42.0
2026-02-06 10:00:00,21.3,60.324195861816406,1.0,"Satet International School, Tema Manhean",tabular,xgboost,h24,2026-01-04T23:00:00,2026-01-18T23:00:00,2026-02-15T23:00:00,,,42.0
2026-02-06 11:00:00,21.4,41.971351623535156,1.0,"Satet International School, Tema Manhean",tabular,xgboost,h24,2026-01-04T23:00:00,2026-01-18T23:00:00,2026-02-15T23:00:00,,,42.0
2026-02-06 12:00:00,23.9,46.765892028808594,1.0,"Satet International School, Tema Manhean",tabular,xgboost,h24,2026-01-04T23:00:00,2026-01-18T23:00:00,2026-02-15T23:00:00,,,42.0
2026-02-06 13:00:00,24.1,39.8112678527832,1.0,"Satet International School, Tema Manhean",tabular,xgboost,h24,2026-01-04T23:00:00,2026-01-18T23:00:00,2026-02-15T23:00:00,,,42.0
2026-02-06 14:00:00,24.9,50.374515533447266,1.0,"Satet International School, Tema Manhean",tabular,xgboost,h24,2026-01-04T23:00:00,2026-01-18T23:00:00,2026-02-15T23:00:00,,,42.0
2026-02-06 15:00:00,31.0,46.0498046875,1.0,"Satet International School, Tema Manhean",tabular,xgboost,h24,2026-01-04T23:00:00,2026-01-18T23:00:00,2026-02-15T23:00:00,,,42.0
2026-02-06 16:00:00,34.8,43.479915618896484,1.0,"Satet International School, Tema Manhean",tabular,xgboost,h24,2026-01-04T23:00:00,2026-01-18T23:00:00,2026-02-15T23:00:00,,,42.0
2026-02-06 17:00:00,37.1,36.99739074707031,1.0,"Satet International School, Tema Manhean",tabular,xgboost,h24,2026-01-04T23:00:00,2026-01-18T23:00:00,2026-02-15T23:00:00,,,42.0
2026-02-06 18:00:00,43.9,45.81683349609375,1.0,"Satet International School, Tema Manhean",tabular,xgboost,h24,2026-01-04T23:00:00,2026-01-18T23:00:00,2026-02-15T23:00:00,,,42.0
2026-02-06 19:00:00,40.0,39.13978576660156,1.0,"Satet International School, Tema Manhean",tabular,xgboost,h24,2026-01-04T23:00:00,2026-01-18T23:00:00,2026-02-15T23:00:00,,,42.0
2026-02-06 20:00:00,28.6,42.12526321411133,1.0,"Satet International School, Tema Manhean",tabular,xgboost,h24,2026-01-04T23:00:00,2026-01-18T23:00:00,2026-02-15T23:00:00,,,42.0
2026-02-06 21:00:00,45.4,52.724395751953125,1.0,"Satet International School, Tema Manhean",tabular,xgboost,h24,2026-01-04T23:00:00,2026-01-18T23:00:00,2026-02-15T23:00:00,,,42.0
2026-02-06 22:00:00,33.0,47.19026565551758,1.0,"Satet International School, Tema Manhean",tabular,xgboost,h24,2026-01-04T23:00:00,2026-01-18T23:00:00,2026-02-15T23:00:00,,,42.0
2026-02-06 23:00:00,35.4,59.37241744995117,1.0,"Satet International School, Tema Manhean",tabular,xgboost,h24,2026-01-04T23:00:00,2026-01-18T23:00:00,2026-02-15T23:00:00,,,42.0
2026-02-07 00:00:00,30.0,63.25277328491211,1.0,"Satet International School, Tema Manhean",tabular,xgboost,h24,2026-01-04T23:00:00,2026-01-18T23:00:00,2026-02-15T23:00:00,,,42.0
2026-02-07 01:00:00,26.4,63.785526275634766,1.0,"Satet International School, Tema Manhean",tabular,xgboost,h24,2026-01-04T23:00:00,2026-01-18T23:00:00,2026-02-15T23:00:00,,,42.0
2026-02-07 02:00:00,23.6,57.773345947265625,1.0,"Satet International School, Tema Manhean",tabular,xgboost,h24,2026-01-04T23:00:00,2026-01-18T23:00:00,2026-02-15T23:00:00,,,42.0
2026-02-07 03:00:00,30.2,66.38533020019531,1.0,"Satet International School, Tema Manhean",tabular,xgboost,h24,2026-01-04T23:00:00,2026-01-18T23:00:00,2026-02-15T23:00:00,,,42.0
2026-02-07 04:00:00,36.9,67.00457763671875,1.0,"Satet International School, Tema Manhean",tabular,xgboost,h24,2026-01-04T23:00:00,2026-01-18T23:00:00,2026-02-15T23:00:00,,,42.0
2026-02-07 05:00:00,54.3,103.60782623291016,1.0,"Satet International School, Tema Manhean",tabular,xgboost,h24,2026-01-04T23:00:00,2026-01-18T23:00:00,2026-02-15T23:00:00,,,42.0
2026-02-07 06:00:00,69.6,99.92681884765625,1.0,"Satet International School, Tema Manhean",tabular,xgboost,h24,2026-01-04T23:00:00,2026-01-18T23:00:00,2026-02-15T23:00:00,,,42.0
2026-02-07 07:00:00,68.2,99.69265747070312,1.0,"Satet International School, Tema Manhean",tabular,xgboost,h24,2026-01-04T23:00:00,2026-01-18T23:00:00,2026-02-15T23:00:00,,,42.0
2026-02-07 08:00:00,50.3,60.594512939453125,1.0,"Satet International School, Tema Manhean",tabular,xgboost,h24,2026-01-04T23:00:00,2026-01-18T23:00:00,2026-02-15T23:00:00,,,42.0
2026-02-07 09:00:00,36.2,51.35670471191406,1.0,"Satet International School, Tema Manhean",tabular,xgboost,h24,2026-01-04T23:00:00,2026-01-18T23:00:00,2026-02-15T23:00:00,,,42.0
2026-02-07 10:00:00,25.2,60.54864501953125,1.0,"Satet International School, Tema Manhean",tabular,xgboost,h24,2026-01-04T23:00:00,2026-01-18T23:00:00,2026-02-15T23:00:00,,,42.0
2026-02-07 11:00:00,28.1,55.191925048828125,1.0,"Satet International School, Tema Manhean",tabular,xgboost,h24,2026-01-04T23:00:00,2026-01-18T23:00:00,2026-02-15T23:00:00,,,42.0
2026-02-07 12:00:00,32.4,49.14079284667969,1.0,"Satet International School, Tema Manhean",tabular,xgboost,h24,2026-01-04T23:00:00,2026-01-18T23:00:00,2026-02-15T23:00:00,,,42.0
2026-02-07 13:00:00,27.3,43.78944396972656,1.0,"Satet International School, Tema Manhean",tabular,xgboost,h24,2026-01-04T23:00:00,2026-01-18T23:00:00,2026-02-15T23:00:00,,,42.0
2026-02-07 14:00:00,27.0,33.55246353149414,1.0,"Satet International School, Tema Manhean",tabular,xgboost,h24,2026-01-04T23:00:00,2026-01-18T23:00:00,2026-02-15T23:00:00,,,42.0
2026-02-07 15:00:00,25.4,37.34003448486328,1.0,"Satet International School, Tema Manhean",tabular,xgboost,h24,2026-01-04T23:00:00,2026-01-18T23:00:00,2026-02-15T23:00:00,,,42.0
2026-02-07 16:00:00,23.3,37.09327697753906,1.0,"Satet International School, Tema Manhean",tabular,xgboost,h24,2026-01-04T23:00:00,2026-01-18T23:00:00,2026-02-15T23:00:00,,,42.0
2026-02-07 17:00:00,26.6,43.58577346801758,1.0,"Satet International School, Tema Manhean",tabular,xgboost,h24,2026-01-04T23:00:00,2026-01-18T23:00:00,2026-02-15T23:00:00,,,42.0
2026-02-07 18:00:00,31.6,51.91654586791992,1.0,"Satet International School, Tema Manhean",tabular,xgboost,h24,2026-01-04T23:00:00,2026-01-18T23:00:00,2026-02-15T23:00:00,,,42.0
2026-02-07 19:00:00,28.3,51.1667366027832,1.0,"Satet International School, Tema Manhean",tabular,xgboost,h24,2026-01-04T23:00:00,2026-01-18T23:00:00,2026-02-15T23:00:00,,,42.0
2026-02-07 20:00:00,27.6,50.49974822998047,1.0,"Satet International School, Tema Manhean",tabular,xgboost,h24,2026-01-04T23:00:00,2026-01-18T23:00:00,2026-02-15T23:00:00,,,42.0
2026-02-07 21:00:00,68.7,45.054866790771484,1.0,"Satet International School, Tema Manhean",tabular,xgboost,h24,2026-01-04T23:00:00,2026-01-18T23:00:00,2026-02-15T23:00:00,,,42.0
2026-02-07 22:00:00,46.7,51.02732849121094,1.0,"Satet International School, Tema Manhean",tabular,xgboost,h24,2026-01-04T23:00:00,2026-01-18T23:00:00,2026-02-15T23:00:00,,,42.0
2026-02-07 23:00:00,62.2,61.01692581176758,1.0,"Satet International School, Tema Manhean",tabular,xgboost,h24,2026-01-04T23:00:00,2026-01-18T23:00:00,2026-02-15T23:00:00,,,42.0
2026-02-08 00:00:00,51.4,68.61172485351562,1.0,"Satet International School, Tema Manhean",tabular,xgboost,h24,2026-01-04T23:00:00,2026-01-18T23:00:00,2026-02-15T23:00:00,,,42.0
2026-02-08 01:00:00,46.9,77.4417953491211,1.0,"Satet International School, Tema Manhean",tabular,xgboost,h24,2026-01-04T23:00:00,2026-01-18T23:00:00,2026-02-15T23:00:00,,,42.0
2026-02-08 02:00:00,37.1,74.27734375,1.0,"Satet International School, Tema Manhean",tabular,xgboost,h24,2026-01-04T23:00:00,2026-01-18T23:00:00,2026-02-15T23:00:00,,,42.0
2026-02-08 03:00:00,48.1,73.39569091796875,1.0,"Satet International School, Tema Manhean",tabular,xgboost,h24,2026-01-04T23:00:00,2026-01-18T23:00:00,2026-02-15T23:00:00,,,42.0
2026-02-08 04:00:00,42.6,87.03133392333984,1.0,"Satet International School, Tema Manhean",tabular,xgboost,h24,2026-01-04T23:00:00,2026-01-18T23:00:00,2026-02-15T23:00:00,,,42.0
2026-02-08 05:00:00,45.7,98.59159851074219,1.0,"Satet International School, Tema Manhean",tabular,xgboost,h24,2026-01-04T23:00:00,2026-01-18T23:00:00,2026-02-15T23:00:00,,,42.0
2026-02-08 06:00:00,53.5,103.87033081054688,1.0,"Satet International School, Tema Manhean",tabular,xgboost,h24,2026-01-04T23:00:00,2026-01-18T23:00:00,2026-02-15T23:00:00,,,42.0
2026-02-08 07:00:00,58.1,68.34932708740234,1.0,"Satet International School, Tema Manhean",tabular,xgboost,h24,2026-01-04T23:00:00,2026-01-18T23:00:00,2026-02-15T23:00:00,,,42.0
2026-02-08 08:00:00,47.0,56.88977813720703,1.0,"Satet International School, Tema Manhean",tabular,xgboost,h24,2026-01-04T23:00:00,2026-01-18T23:00:00,2026-02-15T23:00:00,,,42.0
2026-02-08 09:00:00,43.3,53.929500579833984,1.0,"Satet International School, Tema Manhean",tabular,xgboost,h24,2026-01-04T23:00:00,2026-01-18T23:00:00,2026-02-15T23:00:00,,,42.0
2026-02-08 10:00:00,41.6,42.932350158691406,1.0,"Satet International School, Tema Manhean",tabular,xgboost,h24,2026-01-04T23:00:00,2026-01-18T23:00:00,2026-02-15T23:00:00,,,42.0
2026-02-08 11:00:00,31.9,39.50650405883789,1.0,"Satet International School, Tema Manhean",tabular,xgboost,h24,2026-01-04T23:00:00,2026-01-18T23:00:00,2026-02-15T23:00:00,,,42.0
2026-02-08 12:00:00,23.6,40.65764617919922,1.0,"Satet International School, Tema Manhean",tabular,xgboost,h24,2026-01-04T23:00:00,2026-01-18T23:00:00,2026-02-15T23:00:00,,,42.0
2026-02-08 13:00:00,21.3,39.647037506103516,1.0,"Satet International School, Tema Manhean",tabular,xgboost,h24,2026-01-04T23:00:00,2026-01-18T23:00:00,2026-02-15T23:00:00,,,42.0
2026-02-08 14:00:00,26.8,50.42450714111328,1.0,"Satet International School, Tema Manhean",tabular,xgboost,h24,2026-01-04T23:00:00,2026-01-18T23:00:00,2026-02-15T23:00:00,,,42.0
2026-02-08 15:00:00,24.4,50.90202331542969,1.0,"Satet International School, Tema Manhean",tabular,xgboost,h24,2026-01-04T23:00:00,2026-01-18T23:00:00,2026-02-15T23:00:00,,,42.0
2026-02-08 16:00:00,23.1,54.15065002441406,1.0,"Satet International School, Tema Manhean",tabular,xgboost,h24,2026-01-04T23:00:00,2026-01-18T23:00:00,2026-02-15T23:00:00,,,42.0
2026-02-08 17:00:00,23.1,59.19034194946289,1.0,"Satet International School, Tema Manhean",tabular,xgboost,h24,2026-01-04T23:00:00,2026-01-18T23:00:00,2026-02-15T23:00:00,,,42.0
2026-02-08 18:00:00,27.8,60.55189514160156,1.0,"Satet International School, Tema Manhean",tabular,xgboost,h24,2026-01-04T23:00:00,2026-01-18T23:00:00,2026-02-15T23:00:00,,,42.0
2026-02-08 19:00:00,27.8,58.90604782104492,1.0,"Satet International School, Tema Manhean",tabular,xgboost,h24,2026-01-04T23:00:00,2026-01-18T23:00:00,2026-02-15T23:00:00,,,42.0
2026-02-08 20:00:00,29.9,42.62001419067383,1.0,"Satet International School, Tema Manhean",tabular,xgboost,h24,2026-01-04T23:00:00,2026-01-18T23:00:00,2026-02-15T23:00:00,,,42.0
2026-02-08 21:00:00,27.2,62.15775680541992,1.0,"Satet International School, Tema Manhean",tabular,xgboost,h24,2026-01-04T23:00:00,2026-01-18T23:00:00,2026-02-15T23:00:00,,,42.0
2026-02-08 22:00:00,40.1,73.39833068847656,1.0,"Satet International School, Tema Manhean",tabular,xgboost,h24,2026-01-04T23:00:00,2026-01-18T23:00:00,2026-02-15T23:00:00,,,42.0
2026-02-08 23:00:00,29.0,75.06718444824219,1.0,"Satet International School, Tema Manhean",tabular,xgboost,h24,2026-01-04T23:00:00,2026-01-18T23:00:00,2026-02-15T23:00:00,,,42.0
2026-02-09 00:00:00,25.4,81.72563934326172,1.0,"Satet International School, Tema Manhean",tabular,xgboost,h24,2026-01-04T23:00:00,2026-01-18T23:00:00,2026-02-15T23:00:00,,,42.0
2026-02-09 01:00:00,21.4,81.18036651611328,1.0,"Satet International School, Tema Manhean",tabular,xgboost,h24,2026-01-04T23:00:00,2026-01-18T23:00:00,2026-02-15T23:00:00,,,42.0
2026-02-09 02:00:00,22.6,78.47987365722656,1.0,"Satet International School, Tema Manhean",tabular,xgboost,h24,2026-01-04T23:00:00,2026-01-18T23:00:00,2026-02-15T23:00:00,,,42.0
2026-02-09 03:00:00,24.8,72.62712097167969,1.0,"Satet International School, Tema Manhean",tabular,xgboost,h24,2026-01-04T23:00:00,2026-01-18T23:00:00,2026-02-15T23:00:00,,,42.0
2026-02-09 04:00:00,27.3,79.3325424194336,1.0,"Satet International School, Tema Manhean",tabular,xgboost,h24,2026-01-04T23:00:00,2026-01-18T23:00:00,2026-02-15T23:00:00,,,42.0
2026-02-09 05:00:00,41.3,86.94041442871094,1.0,"Satet International School, Tema Manhean",tabular,xgboost,h24,2026-01-04T23:00:00,2026-01-18T23:00:00,2026-02-15T23:00:00,,,42.0
2026-02-09 06:00:00,45.7,100.49165344238281,1.0,"Satet International School, Tema Manhean",tabular,xgboost,h24,2026-01-04T23:00:00,2026-01-18T23:00:00,2026-02-15T23:00:00,,,42.0
2026-02-09 07:00:00,39.7,78.66975402832031,1.0,"Satet International School, Tema Manhean",tabular,xgboost,h24,2026-01-04T23:00:00,2026-01-18T23:00:00,2026-02-15T23:00:00,,,42.0
2026-02-09 08:00:00,38.2,63.89241027832031,1.0,"Satet International School, Tema Manhean",tabular,xgboost,h24,2026-01-04T23:00:00,2026-01-18T23:00:00,2026-02-15T23:00:00,,,42.0
2026-02-09 09:00:00,34.4,57.109474182128906,1.0,"Satet International School, Tema Manhean",tabular,xgboost,h24,2026-01-04T23:00:00,2026-01-18T23:00:00,2026-02-15T23:00:00,,,42.0
2026-02-09 10:00:00,33.7,47.64064025878906,1.0,"Satet International School, Tema Manhean",tabular,xgboost,h24,2026-01-04T23:00:00,2026-01-18T23:00:00,2026-02-15T23:00:00,,,42.0
2026-02-09 11:00:00,23.7,46.45833969116211,1.0,"Satet International School, Tema Manhean",tabular,xgboost,h24,2026-01-04T23:00:00,2026-01-18T23:00:00,2026-02-15T23:00:00,,,42.0
2026-02-09 12:00:00,22.6,36.77069091796875,1.0,"Satet International School, Tema Manhean",tabular,xgboost,h24,2026-01-04T23:00:00,2026-01-18T23:00:00,2026-02-15T23:00:00,,,42.0
2026-02-09 13:00:00,23.8,37.80015182495117,1.0,"Satet International School, Tema Manhean",tabular,xgboost,h24,2026-01-04T23:00:00,2026-01-18T23:00:00,2026-02-15T23:00:00,,,42.0
2026-02-09 14:00:00,22.5,37.645957946777344,1.0,"Satet International School, Tema Manhean",tabular,xgboost,h24,2026-01-04T23:00:00,2026-01-18T23:00:00,2026-02-15T23:00:00,,,42.0
2026-02-09 15:00:00,23.1,35.49736785888672,1.0,"Satet International School, Tema Manhean",tabular,xgboost,h24,2026-01-04T23:00:00,2026-01-18T23:00:00,2026-02-15T23:00:00,,,42.0
2026-02-09 16:00:00,25.2,38.017581939697266,1.0,"Satet International School, Tema Manhean",tabular,xgboost,h24,2026-01-04T23:00:00,2026-01-18T23:00:00,2026-02-15T23:00:00,,,42.0
2026-02-09 17:00:00,34.1,43.15093994140625,1.0,"Satet International School, Tema Manhean",tabular,xgboost,h24,2026-01-04T23:00:00,2026-01-18T23:00:00,2026-02-15T23:00:00,,,42.0
2026-02-09 18:00:00,30.6,53.258548736572266,1.0,"Satet International School, Tema Manhean",tabular,xgboost,h24,2026-01-04T23:00:00,2026-01-18T23:00:00,2026-02-15T23:00:00,,,42.0
2026-02-09 19:00:00,31.0,46.902976989746094,1.0,"Satet International School, Tema Manhean",tabular,xgboost,h24,2026-01-04T23:00:00,2026-01-18T23:00:00,2026-02-15T23:00:00,,,42.0
2026-02-09 20:00:00,32.8,39.596588134765625,1.0,"Satet International School, Tema Manhean",tabular,xgboost,h24,2026-01-04T23:00:00,2026-01-18T23:00:00,2026-02-15T23:00:00,,,42.0
2026-02-09 21:00:00,33.9,40.661590576171875,1.0,"Satet International School, Tema Manhean",tabular,xgboost,h24,2026-01-04T23:00:00,2026-01-18T23:00:00,2026-02-15T23:00:00,,,42.0
2026-02-09 22:00:00,45.3,44.18403625488281,1.0,"Satet International School, Tema Manhean",tabular,xgboost,h24,2026-01-04T23:00:00,2026-01-18T23:00:00,2026-02-15T23:00:00,,,42.0
2026-02-09 23:00:00,41.4,40.26750946044922,1.0,"Satet International School, Tema Manhean",tabular,xgboost,h24,2026-01-04T23:00:00,2026-01-18T23:00:00,2026-02-15T23:00:00,,,42.0
2026-02-10 00:00:00,36.6,73.98808288574219,1.0,"Satet International School, Tema Manhean",tabular,xgboost,h24,2026-01-04T23:00:00,2026-01-18T23:00:00,2026-02-15T23:00:00,,,42.0
2026-02-10 01:00:00,35.0,64.95298767089844,1.0,"Satet International School, Tema Manhean",tabular,xgboost,h24,2026-01-04T23:00:00,2026-01-18T23:00:00,2026-02-15T23:00:00,,,42.0
2026-02-10 02:00:00,42.0,68.06392669677734,1.0,"Satet International School, Tema Manhean",tabular,xgboost,h24,2026-01-04T23:00:00,2026-01-18T23:00:00,2026-02-15T23:00:00,,,42.0
2026-02-10 03:00:00,58.4,75.78291320800781,1.0,"Satet International School, Tema Manhean",tabular,xgboost,h24,2026-01-04T23:00:00,2026-01-18T23:00:00,2026-02-15T23:00:00,,,42.0
2026-02-10 04:00:00,61.3,85.27449035644531,1.0,"Satet International School, Tema Manhean",tabular,xgboost,h24,2026-01-04T23:00:00,2026-01-18T23:00:00,2026-02-15T23:00:00,,,42.0
2026-02-10 05:00:00,53.5,121.41754913330078,1.0,"Satet International School, Tema Manhean",tabular,xgboost,h24,2026-01-04T23:00:00,2026-01-18T23:00:00,2026-02-15T23:00:00,,,42.0
2026-02-10 06:00:00,95.5,99.80579376220703,1.0,"Satet International School, Tema Manhean",tabular,xgboost,h24,2026-01-04T23:00:00,2026-01-18T23:00:00,2026-02-15T23:00:00,,,42.0
2026-02-10 07:00:00,56.5,90.32868957519531,1.0,"Satet International School, Tema Manhean",tabular,xgboost,h24,2026-01-04T23:00:00,2026-01-18T23:00:00,2026-02-15T23:00:00,,,42.0
2026-02-10 08:00:00,37.6,58.19561767578125,1.0,"Satet International School, Tema Manhean",tabular,xgboost,h24,2026-01-04T23:00:00,2026-01-18T23:00:00,2026-02-15T23:00:00,,,42.0
2026-02-10 09:00:00,27.4,36.102481842041016,1.0,"Satet International School, Tema Manhean",tabular,xgboost,h24,2026-01-04T23:00:00,2026-01-18T23:00:00,2026-02-15T23:00:00,,,42.0
2026-02-10 10:00:00,25.2,27.97512435913086,1.0,"Satet International School, Tema Manhean",tabular,xgboost,h24,2026-01-04T23:00:00,2026-01-18T23:00:00,2026-02-15T23:00:00,,,42.0
2026-02-10 11:00:00,20.3,35.330902099609375,1.0,"Satet International School, Tema Manhean",tabular,xgboost,h24,2026-01-04T23:00:00,2026-01-18T23:00:00,2026-02-15T23:00:00,,,42.0
2026-02-10 12:00:00,17.9,30.035785675048828,1.0,"Satet International School, Tema Manhean",tabular,xgboost,h24,2026-01-04T23:00:00,2026-01-18T23:00:00,2026-02-15T23:00:00,,,42.0
2026-02-10 13:00:00,19.9,28.921306610107422,1.0,"Satet International School, Tema Manhean",tabular,xgboost,h24,2026-01-04T23:00:00,2026-01-18T23:00:00,2026-02-15T23:00:00,,,42.0
2026-02-10 14:00:00,20.9,31.466754913330078,1.0,"Satet International School, Tema Manhean",tabular,xgboost,h24,2026-01-04T23:00:00,2026-01-18T23:00:00,2026-02-15T23:00:00,,,42.0
2026-02-10 15:00:00,19.7,36.8699836730957,1.0,"Satet International School, Tema Manhean",tabular,xgboost,h24,2026-01-04T23:00:00,2026-01-18T23:00:00,2026-02-15T23:00:00,,,42.0
2026-02-10 16:00:00,20.1,48.9927864074707,1.0,"Satet International School, Tema Manhean",tabular,xgboost,h24,2026-01-04T23:00:00,2026-01-18T23:00:00,2026-02-15T23:00:00,,,42.0
2026-02-10 17:00:00,23.0,47.95051193237305,1.0,"Satet International School, Tema Manhean",tabular,xgboost,h24,2026-01-04T23:00:00,2026-01-18T23:00:00,2026-02-15T23:00:00,,,42.0
2026-02-10 18:00:00,34.6,61.520957946777344,1.0,"Satet International School, Tema Manhean",tabular,xgboost,h24,2026-01-04T23:00:00,2026-01-18T23:00:00,2026-02-15T23:00:00,,,42.0
2026-02-10 19:00:00,6.1,45.69526290893555,1.0,"Satet International School, Tema Manhean",tabular,xgboost,h24,2026-01-04T23:00:00,2026-01-18T23:00:00,2026-02-15T23:00:00,,,42.0
2026-02-10 20:00:00,13.2,45.52831268310547,1.0,"Satet International School, Tema Manhean",tabular,xgboost,h24,2026-01-04T23:00:00,2026-01-18T23:00:00,2026-02-15T23:00:00,,,42.0
2026-02-10 21:00:00,22.2,62.272491455078125,1.0,"Satet International School, Tema Manhean",tabular,xgboost,h24,2026-01-04T23:00:00,2026-01-18T23:00:00,2026-02-15T23:00:00,,,42.0
2026-02-10 22:00:00,42.7,80.98101806640625,1.0,"Satet International School, Tema Manhean",tabular,xgboost,h24,2026-01-04T23:00:00,2026-01-18T23:00:00,2026-02-15T23:00:00,,,42.0
2026-02-10 23:00:00,47.8,80.4712905883789,1.0,"Satet International School, Tema Manhean",tabular,xgboost,h24,2026-01-04T23:00:00,2026-01-18T23:00:00,2026-02-15T23:00:00,,,42.0
2026-02-11 00:00:00,38.8,79.75811004638672,1.0,"Satet International School, Tema Manhean",tabular,xgboost,h24,2026-01-04T23:00:00,2026-01-18T23:00:00,2026-02-15T23:00:00,,,42.0
2026-02-11 01:00:00,15.0,75.75228881835938,1.0,"Satet International School, Tema Manhean",tabular,xgboost,h24,2026-01-04T23:00:00,2026-01-18T23:00:00,2026-02-15T23:00:00,,,42.0
2026-02-11 02:00:00,24.4,82.66551208496094,1.0,"Satet International School, Tema Manhean",tabular,xgboost,h24,2026-01-04T23:00:00,2026-01-18T23:00:00,2026-02-15T23:00:00,,,42.0
2026-02-11 03:00:00,40.6,93.29885864257812,1.0,"Satet International School, Tema Manhean",tabular,xgboost,h24,2026-01-04T23:00:00,2026-01-18T23:00:00,2026-02-15T23:00:00,,,42.0
2026-02-11 04:00:00,45.7,103.28861999511719,1.0,"Satet International School, Tema Manhean",tabular,xgboost,h24,2026-01-04T23:00:00,2026-01-18T23:00:00,2026-02-15T23:00:00,,,42.0
2026-02-11 05:00:00,63.6,111.38480377197266,1.0,"Satet International School, Tema Manhean",tabular,xgboost,h24,2026-01-04T23:00:00,2026-01-18T23:00:00,2026-02-15T23:00:00,,,42.0
2026-02-11 06:00:00,62.5,111.99492645263672,1.0,"Satet International School, Tema Manhean",tabular,xgboost,h24,2026-01-04T23:00:00,2026-01-18T23:00:00,2026-02-15T23:00:00,,,42.0
2026-02-11 07:00:00,53.0,85.62550354003906,1.0,"Satet International School, Tema Manhean",tabular,xgboost,h24,2026-01-04T23:00:00,2026-01-18T23:00:00,2026-02-15T23:00:00,,,42.0
2026-02-11 08:00:00,59.6,56.19822692871094,1.0,"Satet International School, Tema Manhean",tabular,xgboost,h24,2026-01-04T23:00:00,2026-01-18T23:00:00,2026-02-15T23:00:00,,,42.0
2026-02-11 09:00:00,42.7,50.57621765136719,1.0,"Satet International School, Tema Manhean",tabular,xgboost,h24,2026-01-04T23:00:00,2026-01-18T23:00:00,2026-02-15T23:00:00,,,42.0
2026-02-11 10:00:00,27.2,47.02351760864258,1.0,"Satet International School, Tema Manhean",tabular,xgboost,h24,2026-01-04T23:00:00,2026-01-18T23:00:00,2026-02-15T23:00:00,,,42.0
2026-02-11 11:00:00,32.7,40.141204833984375,1.0,"Satet International School, Tema Manhean",tabular,xgboost,h24,2026-01-04T23:00:00,2026-01-18T23:00:00,2026-02-15T23:00:00,,,42.0
2026-02-11 12:00:00,38.2,46.116180419921875,1.0,"Satet International School, Tema Manhean",tabular,xgboost,h24,2026-01-04T23:00:00,2026-01-18T23:00:00,2026-02-15T23:00:00,,,42.0
2026-02-11 13:00:00,32.1,38.98793029785156,1.0,"Satet International School, Tema Manhean",tabular,xgboost,h24,2026-01-04T23:00:00,2026-01-18T23:00:00,2026-02-15T23:00:00,,,42.0
2026-02-11 14:00:00,20.9,44.66818618774414,1.0,"Satet International School, Tema Manhean",tabular,xgboost,h24,2026-01-04T23:00:00,2026-01-18T23:00:00,2026-02-15T23:00:00,,,42.0
2026-02-11 15:00:00,21.5,47.86273956298828,1.0,"Satet International School, Tema Manhean",tabular,xgboost,h24,2026-01-04T23:00:00,2026-01-18T23:00:00,2026-02-15T23:00:00,,,42.0
2026-02-11 16:00:00,18.3,40.186973571777344,1.0,"Satet International School, Tema Manhean",tabular,xgboost,h24,2026-01-04T23:00:00,2026-01-18T23:00:00,2026-02-15T23:00:00,,,42.0
2026-02-11 17:00:00,25.7,42.62334442138672,1.0,"Satet International School, Tema Manhean",tabular,xgboost,h24,2026-01-04T23:00:00,2026-01-18T23:00:00,2026-02-15T23:00:00,,,42.0
2026-02-11 18:00:00,33.9,55.65260696411133,1.0,"Satet International School, Tema Manhean",tabular,xgboost,h24,2026-01-04T23:00:00,2026-01-18T23:00:00,2026-02-15T23:00:00,,,42.0
2026-02-11 19:00:00,46.3,62.41823959350586,1.0,"Satet International School, Tema Manhean",tabular,xgboost,h24,2026-01-04T23:00:00,2026-01-18T23:00:00,2026-02-15T23:00:00,,,42.0
2026-02-11 20:00:00,45.6,59.23689270019531,1.0,"Satet International School, Tema Manhean",tabular,xgboost,h24,2026-01-04T23:00:00,2026-01-18T23:00:00,2026-02-15T23:00:00,,,42.0
2026-02-11 21:00:00,40.4,76.08153533935547,1.0,"Satet International School, Tema Manhean",tabular,xgboost,h24,2026-01-04T23:00:00,2026-01-18T23:00:00,2026-02-15T23:00:00,,,42.0
2026-02-11 22:00:00,41.7,68.1867904663086,1.0,"Satet International School, Tema Manhean",tabular,xgboost,h24,2026-01-04T23:00:00,2026-01-18T23:00:00,2026-02-15T23:00:00,,,42.0
2026-02-11 23:00:00,64.7,70.74462890625,1.0,"Satet International School, Tema Manhean",tabular,xgboost,h24,2026-01-04T23:00:00,2026-01-18T23:00:00,2026-02-15T23:00:00,,,42.0
2026-02-12 00:00:00,60.4,76.80518341064453,1.0,"Satet International School, Tema Manhean",tabular,xgboost,h24,2026-01-04T23:00:00,2026-01-18T23:00:00,2026-02-15T23:00:00,,,42.0
2026-02-12 01:00:00,95.0,72.65788269042969,1.0,"Satet International School, Tema Manhean",tabular,xgboost,h24,2026-01-04T23:00:00,2026-01-18T23:00:00,2026-02-15T23:00:00,,,42.0
2026-02-12 02:00:00,107.9,68.58771514892578,1.0,"Satet International School, Tema Manhean",tabular,xgboost,h24,2026-01-04T23:00:00,2026-01-18T23:00:00,2026-02-15T23:00:00,,,42.0
2026-02-12 03:00:00,109.5,74.26473236083984,1.0,"Satet International School, Tema Manhean",tabular,xgboost,h24,2026-01-04T23:00:00,2026-01-18T23:00:00,2026-02-15T23:00:00,,,42.0
2026-02-12 04:00:00,110.4,67.51760864257812,1.0,"Satet International School, Tema Manhean",tabular,xgboost,h24,2026-01-04T23:00:00,2026-01-18T23:00:00,2026-02-15T23:00:00,,,42.0
2026-02-12 05:00:00,146.6,77.8513412475586,1.0,"Satet International School, Tema Manhean",tabular,xgboost,h24,2026-01-04T23:00:00,2026-01-18T23:00:00,2026-02-15T23:00:00,,,42.0
2026-02-12 06:00:00,194.0,72.14458465576172,1.0,"Satet International School, Tema Manhean",tabular,xgboost,h24,2026-01-04T23:00:00,2026-01-18T23:00:00,2026-02-15T23:00:00,,,42.0
2026-02-12 07:00:00,82.2,59.026981353759766,1.0,"Satet International School, Tema Manhean",tabular,xgboost,h24,2026-01-04T23:00:00,2026-01-18T23:00:00,2026-02-15T23:00:00,,,42.0
2026-02-12 08:00:00,52.7,48.56076431274414,1.0,"Satet International School, Tema Manhean",tabular,xgboost,h24,2026-01-04T23:00:00,2026-01-18T23:00:00,2026-02-15T23:00:00,,,42.0
2026-02-12 09:00:00,19.6,40.27439880371094,1.0,"Satet International School, Tema Manhean",tabular,xgboost,h24,2026-01-04T23:00:00,2026-01-18T23:00:00,2026-02-15T23:00:00,,,42.0
2026-02-12 10:00:00,5.0,44.11126708984375,1.0,"Satet International School, Tema Manhean",tabular,xgboost,h24,2026-01-04T23:00:00,2026-01-18T23:00:00,2026-02-15T23:00:00,,,42.0
2026-02-12 11:00:00,4.2,47.483741760253906,1.0,"Satet International School, Tema Manhean",tabular,xgboost,h24,2026-01-04T23:00:00,2026-01-18T23:00:00,2026-02-15T23:00:00,,,42.0
2026-02-12 12:00:00,4.1,29.276090621948242,1.0,"Satet International School, Tema Manhean",tabular,xgboost,h24,2026-01-04T23:00:00,2026-01-18T23:00:00,2026-02-15T23:00:00,,,42.0
2026-02-12 13:00:00,5.4,24.76226234436035,1.0,"Satet International School, Tema Manhean",tabular,xgboost,h24,2026-01-04T23:00:00,2026-01-18T23:00:00,2026-02-15T23:00:00,,,42.0
2026-02-12 14:00:00,6.5,24.85783576965332,1.0,"Satet International School, Tema Manhean",tabular,xgboost,h24,2026-01-04T23:00:00,2026-01-18T23:00:00,2026-02-15T23:00:00,,,42.0
2026-02-12 15:00:00,10.4,37.43756103515625,1.0,"Satet International School, Tema Manhean",tabular,xgboost,h24,2026-01-04T23:00:00,2026-01-18T23:00:00,2026-02-15T23:00:00,,,42.0
2026-02-12 16:00:00,15.0,39.52235412597656,1.0,"Satet International School, Tema Manhean",tabular,xgboost,h24,2026-01-04T23:00:00,2026-01-18T23:00:00,2026-02-15T23:00:00,,,42.0
2026-02-12 17:00:00,22.8,35.14217758178711,1.0,"Satet International School, Tema Manhean",tabular,xgboost,h24,2026-01-04T23:00:00,2026-01-18T23:00:00,2026-02-15T23:00:00,,,42.0
2026-02-12 18:00:00,46.5,47.145816802978516,1.0,"Satet International School, Tema Manhean",tabular,xgboost,h24,2026-01-04T23:00:00,2026-01-18T23:00:00,2026-02-15T23:00:00,,,42.0
2026-02-12 19:00:00,29.7,52.65507507324219,1.0,"Satet International School, Tema Manhean",tabular,xgboost,h24,2026-01-04T23:00:00,2026-01-18T23:00:00,2026-02-15T23:00:00,,,42.0
2026-02-12 20:00:00,20.5,53.405174255371094,1.0,"Satet International School, Tema Manhean",tabular,xgboost,h24,2026-01-04T23:00:00,2026-01-18T23:00:00,2026-02-15T23:00:00,,,42.0
2026-02-12 21:00:00,19.8,55.197608947753906,1.0,"Satet International School, Tema Manhean",tabular,xgboost,h24,2026-01-04T23:00:00,2026-01-18T23:00:00,2026-02-15T23:00:00,,,42.0
2026-02-12 22:00:00,26.6,51.604496002197266,1.0,"Satet International School, Tema Manhean",tabular,xgboost,h24,2026-01-04T23:00:00,2026-01-18T23:00:00,2026-02-15T23:00:00,,,42.0
2026-02-12 23:00:00,27.9,50.42219543457031,1.0,"Satet International School, Tema Manhean",tabular,xgboost,h24,2026-01-04T23:00:00,2026-01-18T23:00:00,2026-02-15T23:00:00,,,42.0
2026-02-13 00:00:00,18.4,52.9390983581543,1.0,"Satet International School, Tema Manhean",tabular,xgboost,h24,2026-01-04T23:00:00,2026-01-18T23:00:00,2026-02-15T23:00:00,,,42.0
2026-02-13 01:00:00,24.9,52.1627311706543,1.0,"Satet International School, Tema Manhean",tabular,xgboost,h24,2026-01-04T23:00:00,2026-01-18T23:00:00,2026-02-15T23:00:00,,,42.0
2026-02-13 02:00:00,27.4,62.3293571472168,1.0,"Satet International School, Tema Manhean",tabular,xgboost,h24,2026-01-04T23:00:00,2026-01-18T23:00:00,2026-02-15T23:00:00,,,42.0
2026-02-13 03:00:00,38.6,72.2138442993164,1.0,"Satet International School, Tema Manhean",tabular,xgboost,h24,2026-01-04T23:00:00,2026-01-18T23:00:00,2026-02-15T23:00:00,,,42.0
2026-02-13 04:00:00,77.9,79.79661560058594,1.0,"Satet International School, Tema Manhean",tabular,xgboost,h24,2026-01-04T23:00:00,2026-01-18T23:00:00,2026-02-15T23:00:00,,,42.0
2026-02-13 05:00:00,164.0,87.13868713378906,1.0,"Satet International School, Tema Manhean",tabular,xgboost,h24,2026-01-04T23:00:00,2026-01-18T23:00:00,2026-02-15T23:00:00,,,42.0
2026-02-13 06:00:00,76.4,81.39241790771484,1.0,"Satet International School, Tema Manhean",tabular,xgboost,h24,2026-01-04T23:00:00,2026-01-18T23:00:00,2026-02-15T23:00:00,,,42.0
2026-02-13 07:00:00,42.0,64.6502685546875,1.0,"Satet International School, Tema Manhean",tabular,xgboost,h24,2026-01-04T23:00:00,2026-01-18T23:00:00,2026-02-15T23:00:00,,,42.0
2026-02-13 08:00:00,26.0,59.3661994934082,1.0,"Satet International School, Tema Manhean",tabular,xgboost,h24,2026-01-04T23:00:00,2026-01-18T23:00:00,2026-02-15T23:00:00,,,42.0
2026-02-13 09:00:00,25.4,62.934322357177734,1.0,"Satet International School, Tema Manhean",tabular,xgboost,h24,2026-01-04T23:00:00,2026-01-18T23:00:00,2026-02-15T23:00:00,,,42.0
2026-02-13 10:00:00,10.8,41.96419143676758,1.0,"Satet International School, Tema Manhean",tabular,xgboost,h24,2026-01-04T23:00:00,2026-01-18T23:00:00,2026-02-15T23:00:00,,,42.0
2026-02-13 11:00:00,4.4,36.411277770996094,1.0,"Satet International School, Tema Manhean",tabular,xgboost,h24,2026-01-04T23:00:00,2026-01-18T23:00:00,2026-02-15T23:00:00,,,42.0
2026-02-13 12:00:00,4.5,29.903886795043945,1.0,"Satet International School, Tema Manhean",tabular,xgboost,h24,2026-01-04T23:00:00,2026-01-18T23:00:00,2026-02-15T23:00:00,,,42.0
2026-02-13 13:00:00,7.2,27.173019409179688,1.0,"Satet International School, Tema Manhean",tabular,xgboost,h24,2026-01-04T23:00:00,2026-01-18T23:00:00,2026-02-15T23:00:00,,,42.0
2026-02-13 14:00:00,8.5,39.98283386230469,1.0,"Satet International School, Tema Manhean",tabular,xgboost,h24,2026-01-04T23:00:00,2026-01-18T23:00:00,2026-02-15T23:00:00,,,42.0
2026-02-13 15:00:00,9.2,29.310985565185547,1.0,"Satet International School, Tema Manhean",tabular,xgboost,h24,2026-01-04T23:00:00,2026-01-18T23:00:00,2026-02-15T23:00:00,,,42.0
2026-02-13 16:00:00,8.7,43.73752212524414,1.0,"Satet International School, Tema Manhean",tabular,xgboost,h24,2026-01-04T23:00:00,2026-01-18T23:00:00,2026-02-15T23:00:00,,,42.0
2026-02-13 17:00:00,20.9,59.5218391418457,1.0,"Satet International School, Tema Manhean",tabular,xgboost,h24,2026-01-04T23:00:00,2026-01-18T23:00:00,2026-02-15T23:00:00,,,42.0
2026-02-13 18:00:00,20.4,58.886924743652344,1.0,"Satet International School, Tema Manhean",tabular,xgboost,h24,2026-01-04T23:00:00,2026-01-18T23:00:00,2026-02-15T23:00:00,,,42.0
2026-02-13 19:00:00,14.5,54.299137115478516,1.0,"Satet International School, Tema Manhean",tabular,xgboost,h24,2026-01-04T23:00:00,2026-01-18T23:00:00,2026-02-15T23:00:00,,,42.0
2026-02-13 20:00:00,8.9,65.85540771484375,1.0,"Satet International School, Tema Manhean",tabular,xgboost,h24,2026-01-04T23:00:00,2026-01-18T23:00:00,2026-02-15T23:00:00,,,42.0
2026-02-13 21:00:00,9.2,67.82766723632812,1.0,"Satet International School, Tema Manhean",tabular,xgboost,h24,2026-01-04T23:00:00,2026-01-18T23:00:00,2026-02-15T23:00:00,,,42.0
2026-02-13 22:00:00,7.7,61.104087829589844,1.0,"Satet International School, Tema Manhean",tabular,xgboost,h24,2026-01-04T23:00:00,2026-01-18T23:00:00,2026-02-15T23:00:00,,,42.0
2026-02-13 23:00:00,12.6,54.1788330078125,1.0,"Satet International School, Tema Manhean",tabular,xgboost,h24,2026-01-04T23:00:00,2026-01-18T23:00:00,2026-02-15T23:00:00,,,42.0
2026-02-14 00:00:00,14.6,69.70388793945312,1.0,"Satet International School, Tema Manhean",tabular,xgboost,h24,2026-01-04T23:00:00,2026-01-18T23:00:00,2026-02-15T23:00:00,,,42.0
2026-02-14 01:00:00,9.3,59.008113861083984,1.0,"Satet International School, Tema Manhean",tabular,xgboost,h24,2026-01-04T23:00:00,2026-01-18T23:00:00,2026-02-15T23:00:00,,,42.0
2026-02-14 02:00:00,11.7,59.2071647644043,1.0,"Satet International School, Tema Manhean",tabular,xgboost,h24,2026-01-04T23:00:00,2026-01-18T23:00:00,2026-02-15T23:00:00,,,42.0
2026-02-14 03:00:00,20.4,65.76063537597656,1.0,"Satet International School, Tema Manhean",tabular,xgboost,h24,2026-01-04T23:00:00,2026-01-18T23:00:00,2026-02-15T23:00:00,,,42.0
2026-02-14 04:00:00,24.5,70.46133422851562,1.0,"Satet International School, Tema Manhean",tabular,xgboost,h24,2026-01-04T23:00:00,2026-01-18T23:00:00,2026-02-15T23:00:00,,,42.0
2026-02-14 05:00:00,49.8,80.66934204101562,1.0,"Satet International School, Tema Manhean",tabular,xgboost,h24,2026-01-04T23:00:00,2026-01-18T23:00:00,2026-02-15T23:00:00,,,42.0
2026-02-14 06:00:00,50.6,88.88949584960938,1.0,"Satet International School, Tema Manhean",tabular,xgboost,h24,2026-01-04T23:00:00,2026-01-18T23:00:00,2026-02-15T23:00:00,,,42.0
2026-02-14 07:00:00,45.400000000000006,75.17559814453125,1.0,"Satet International School, Tema Manhean",tabular,xgboost,h24,2026-01-04T23:00:00,2026-01-18T23:00:00,2026-02-15T23:00:00,,,42.0
2026-02-14 08:00:00,40.2,59.0009651184082,1.0,"Satet International School, Tema Manhean",tabular,xgboost,h24,2026-01-04T23:00:00,2026-01-18T23:00:00,2026-02-15T23:00:00,,,42.0
2026-02-14 09:00:00,36.3,46.30320358276367,1.0,"Satet International School, Tema Manhean",tabular,xgboost,h24,2026-01-04T23:00:00,2026-01-18T23:00:00,2026-02-15T23:00:00,,,42.0
2026-02-14 10:00:00,20.1,35.54267120361328,1.0,"Satet International School, Tema Manhean",tabular,xgboost,h24,2026-01-04T23:00:00,2026-01-18T23:00:00,2026-02-15T23:00:00,,,42.0
2026-02-14 11:00:00,21.2,28.0291690826416,1.0,"Satet International School, Tema Manhean",tabular,xgboost,h24,2026-01-04T23:00:00,2026-01-18T23:00:00,2026-02-15T23:00:00,,,42.0
2026-02-14 12:00:00,23.5,31.497262954711914,1.0,"Satet International School, Tema Manhean",tabular,xgboost,h24,2026-01-04T23:00:00,2026-01-18T23:00:00,2026-02-15T23:00:00,,,42.0
2026-02-14 13:00:00,20.5,26.343111038208008,1.0,"Satet International School, Tema Manhean",tabular,xgboost,h24,2026-01-04T23:00:00,2026-01-18T23:00:00,2026-02-15T23:00:00,,,42.0
2026-02-14 14:00:00,20.4,27.936840057373047,1.0,"Satet International School, Tema Manhean",tabular,xgboost,h24,2026-01-04T23:00:00,2026-01-18T23:00:00,2026-02-15T23:00:00,,,42.0
2026-02-14 15:00:00,22.1,29.628934860229492,1.0,"Satet International School, Tema Manhean",tabular,xgboost,h24,2026-01-04T23:00:00,2026-01-18T23:00:00,2026-02-15T23:00:00,,,42.0
2026-02-14 16:00:00,42.7,28.888023376464844,1.0,"Satet International School, Tema Manhean",tabular,xgboost,h24,2026-01-04T23:00:00,2026-01-18T23:00:00,2026-02-15T23:00:00,,,42.0
2026-02-14 17:00:00,49.0,43.72158432006836,1.0,"Satet International School, Tema Manhean",tabular,xgboost,h24,2026-01-04T23:00:00,2026-01-18T23:00:00,2026-02-15T23:00:00,,,42.0
2026-02-14 18:00:00,67.3,53.17108917236328,1.0,"Satet International School, Tema Manhean",tabular,xgboost,h24,2026-01-04T23:00:00,2026-01-18T23:00:00,2026-02-15T23:00:00,,,42.0
2026-02-14 19:00:00,71.8,51.917320251464844,1.0,"Satet International School, Tema Manhean",tabular,xgboost,h24,2026-01-04T23:00:00,2026-01-18T23:00:00,2026-02-15T23:00:00,,,42.0
2026-02-14 20:00:00,101.2,45.73035430908203,1.0,"Satet International School, Tema Manhean",tabular,xgboost,h24,2026-01-04T23:00:00,2026-01-18T23:00:00,2026-02-15T23:00:00,,,42.0
2026-02-14 21:00:00,73.9,61.991310119628906,1.0,"Satet International School, Tema Manhean",tabular,xgboost,h24,2026-01-04T23:00:00,2026-01-18T23:00:00,2026-02-15T23:00:00,,,42.0
2026-02-14 22:00:00,55.1,73.63548278808594,1.0,"Satet International School, Tema Manhean",tabular,xgboost,h24,2026-01-04T23:00:00,2026-01-18T23:00:00,2026-02-15T23:00:00,,,42.0
2026-02-14 23:00:00,107.3,82.51715087890625,1.0,"Satet International School, Tema Manhean",tabular,xgboost,h24,2026-01-04T23:00:00,2026-01-18T23:00:00,2026-02-15T23:00:00,,,42.0
2026-02-15 00:00:00,76.3,86.9857406616211,1.0,"Satet International School, Tema Manhean",tabular,xgboost,h24,2026-01-04T23:00:00,2026-01-18T23:00:00,2026-02-15T23:00:00,,,42.0
2026-02-15 01:00:00,45.9,81.20968627929688,1.0,"Satet International School, Tema Manhean",tabular,xgboost,h24,2026-01-04T23:00:00,2026-01-18T23:00:00,2026-02-15T23:00:00,,,42.0
2026-02-15 02:00:00,44.7,79.86676788330078,1.0,"Satet International School, Tema Manhean",tabular,xgboost,h24,2026-01-04T23:00:00,2026-01-18T23:00:00,2026-02-15T23:00:00,,,42.0
2026-02-15 03:00:00,42.5,93.59049224853516,1.0,"Satet International School, Tema Manhean",tabular,xgboost,h24,2026-01-04T23:00:00,2026-01-18T23:00:00,2026-02-15T23:00:00,,,42.0
2026-02-15 04:00:00,68.2,106.543212890625,1.0,"Satet International School, Tema Manhean",tabular,xgboost,h24,2026-01-04T23:00:00,2026-01-18T23:00:00,2026-02-15T23:00:00,,,42.0
2026-02-15 05:00:00,146.4,94.93592071533203,1.0,"Satet International School, Tema Manhean",tabular,xgboost,h24,2026-01-04T23:00:00,2026-01-18T23:00:00,2026-02-15T23:00:00,,,42.0
2026-02-15 06:00:00,167.7,101.3071517944336,1.0,"Satet International School, Tema Manhean",tabular,xgboost,h24,2026-01-04T23:00:00,2026-01-18T23:00:00,2026-02-15T23:00:00,,,42.0
2026-02-15 07:00:00,48.4,80.611083984375,1.0,"Satet International School, Tema Manhean",tabular,xgboost,h24,2026-01-04T23:00:00,2026-01-18T23:00:00,2026-02-15T23:00:00,,,42.0
2026-02-15 08:00:00,31.8,55.79435729980469,1.0,"Satet International School, Tema Manhean",tabular,xgboost,h24,2026-01-04T23:00:00,2026-01-18T23:00:00,2026-02-15T23:00:00,,,42.0
2026-02-15 09:00:00,26.7,38.08283996582031,1.0,"Satet International School, Tema Manhean",tabular,xgboost,h24,2026-01-04T23:00:00,2026-01-18T23:00:00,2026-02-15T23:00:00,,,42.0
2026-02-15 10:00:00,34.3,26.350799560546875,1.0,"Satet International School, Tema Manhean",tabular,xgboost,h24,2026-01-04T23:00:00,2026-01-18T23:00:00,2026-02-15T23:00:00,,,42.0
2026-02-15 11:00:00,23.8,35.83142852783203,1.0,"Satet International School, Tema Manhean",tabular,xgboost,h24,2026-01-04T23:00:00,2026-01-18T23:00:00,2026-02-15T23:00:00,,,42.0
2026-02-15 12:00:00,18.1,33.37900924682617,1.0,"Satet International School, Tema Manhean",tabular,xgboost,h24,2026-01-04T23:00:00,2026-01-18T23:00:00,2026-02-15T23:00:00,,,42.0
2026-02-15 13:00:00,12.2,30.500818252563477,1.0,"Satet International School, Tema Manhean",tabular,xgboost,h24,2026-01-04T23:00:00,2026-01-18T23:00:00,2026-02-15T23:00:00,,,42.0
2026-02-15 14:00:00,14.9,29.821109771728516,1.0,"Satet International School, Tema Manhean",tabular,xgboost,h24,2026-01-04T23:00:00,2026-01-18T23:00:00,2026-02-15T23:00:00,,,42.0
2026-02-15 15:00:00,8.5,30.741119384765625,1.0,"Satet International School, Tema Manhean",tabular,xgboost,h24,2026-01-04T23:00:00,2026-01-18T23:00:00,2026-02-15T23:00:00,,,42.0
2026-02-15 16:00:00,9.0,25.163545608520508,1.0,"Satet International School, Tema Manhean",tabular,xgboost,h24,2026-01-04T23:00:00,2026-01-18T23:00:00,2026-02-15T23:00:00,,,42.0
2026-02-15 17:00:00,16.1,32.37643814086914,1.0,"Satet International School, Tema Manhean",tabular,xgboost,h24,2026-01-04T23:00:00,2026-01-18T23:00:00,2026-02-15T23:00:00,,,42.0
2026-02-15 18:00:00,20.1,49.55166244506836,1.0,"Satet International School, Tema Manhean",tabular,xgboost,h24,2026-01-04T23:00:00,2026-01-18T23:00:00,2026-02-15T23:00:00,,,42.0
2026-02-15 19:00:00,24.9,61.567935943603516,1.0,"Satet International School, Tema Manhean",tabular,xgboost,h24,2026-01-04T23:00:00,2026-01-18T23:00:00,2026-02-15T23:00:00,,,42.0
2026-02-15 20:00:00,22.8,60.57897186279297,1.0,"Satet International School, Tema Manhean",tabular,xgboost,h24,2026-01-04T23:00:00,2026-01-18T23:00:00,2026-02-15T23:00:00,,,42.0
2026-02-15 21:00:00,27.8,60.339046478271484,1.0,"Satet International School, Tema Manhean",tabular,xgboost,h24,2026-01-04T23:00:00,2026-01-18T23:00:00,2026-02-15T23:00:00,,,42.0
2026-02-15 22:00:00,18.9,67.71650695800781,1.0,"Satet International School, Tema Manhean",tabular,xgboost,h24,2026-01-04T23:00:00,2026-01-18T23:00:00,2026-02-15T23:00:00,,,42.0
2026-02-15 23:00:00,28.3,71.50569915771484,1.0,"Satet International School, Tema Manhean",tabular,xgboost,h24,2026-01-04T23:00:00,2026-01-18T23:00:00,2026-02-15T23:00:00,,,42.0
2026-01-18 23:00:00,47.9,47.10285186767578,1.0,Tema Community 25 Estate,tabular,xgboost,h24,2026-01-04T23:00:00,2026-01-18T23:00:00,2026-02-15T23:00:00,,,42.0
2026-01-19 00:00:00,45.2,54.24776077270508,1.0,Tema Community 25 Estate,tabular,xgboost,h24,2026-01-04T23:00:00,2026-01-18T23:00:00,2026-02-15T23:00:00,,,42.0
2026-01-19 01:00:00,42.7,50.49230194091797,1.0,Tema Community 25 Estate,tabular,xgboost,h24,2026-01-04T23:00:00,2026-01-18T23:00:00,2026-02-15T23:00:00,,,42.0
2026-01-19 02:00:00,29.8,54.895416259765625,1.0,Tema Community 25 Estate,tabular,xgboost,h24,2026-01-04T23:00:00,2026-01-18T23:00:00,2026-02-15T23:00:00,,,42.0
2026-01-19 03:00:00,26.0,53.019046783447266,1.0,Tema Community 25 Estate,tabular,xgboost,h24,2026-01-04T23:00:00,2026-01-18T23:00:00,2026-02-15T23:00:00,,,42.0
2026-01-19 04:00:00,26.6,61.28382110595703,1.0,Tema Community 25 Estate,tabular,xgboost,h24,2026-01-04T23:00:00,2026-01-18T23:00:00,2026-02-15T23:00:00,,,42.0
2026-01-19 05:00:00,31.5,58.7218132019043,1.0,Tema Community 25 Estate,tabular,xgboost,h24,2026-01-04T23:00:00,2026-01-18T23:00:00,2026-02-15T23:00:00,,,42.0
2026-01-19 06:00:00,34.45,64.6794662475586,1.0,Tema Community 25 Estate,tabular,xgboost,h24,2026-01-04T23:00:00,2026-01-18T23:00:00,2026-02-15T23:00:00,,,42.0
2026-01-19 07:00:00,37.4,60.85922622680664,1.0,Tema Community 25 Estate,tabular,xgboost,h24,2026-01-04T23:00:00,2026-01-18T23:00:00,2026-02-15T23:00:00,,,42.0
2026-01-19 08:00:00,34.6,48.041534423828125,1.0,Tema Community 25 Estate,tabular,xgboost,h24,2026-01-04T23:00:00,2026-01-18T23:00:00,2026-02-15T23:00:00,,,42.0
2026-01-19 09:00:00,31.4,49.62193298339844,1.0,Tema Community 25 Estate,tabular,xgboost,h24,2026-01-04T23:00:00,2026-01-18T23:00:00,2026-02-15T23:00:00,,,42.0
2026-01-19 10:00:00,31.9,48.69354248046875,1.0,Tema Community 25 Estate,tabular,xgboost,h24,2026-01-04T23:00:00,2026-01-18T23:00:00,2026-02-15T23:00:00,,,42.0
2026-01-19 11:00:00,35.1,43.96281814575195,1.0,Tema Community 25 Estate,tabular,xgboost,h24,2026-01-04T23:00:00,2026-01-18T23:00:00,2026-02-15T23:00:00,,,42.0
2026-01-19 12:00:00,32.5,49.11203384399414,1.0,Tema Community 25 Estate,tabular,xgboost,h24,2026-01-04T23:00:00,2026-01-18T23:00:00,2026-02-15T23:00:00,,,42.0
2026-01-19 13:00:00,30.3,52.780452728271484,1.0,Tema Community 25 Estate,tabular,xgboost,h24,2026-01-04T23:00:00,2026-01-18T23:00:00,2026-02-15T23:00:00,,,42.0
2026-01-19 14:00:00,28.1,52.26820373535156,1.0,Tema Community 25 Estate,tabular,xgboost,h24,2026-01-04T23:00:00,2026-01-18T23:00:00,2026-02-15T23:00:00,,,42.0
2026-01-19 15:00:00,27.6,44.6101188659668,1.0,Tema Community 25 Estate,tabular,xgboost,h24,2026-01-04T23:00:00,2026-01-18T23:00:00,2026-02-15T23:00:00,,,42.0
2026-01-19 16:00:00,30.5,44.91682434082031,1.0,Tema Community 25 Estate,tabular,xgboost,h24,2026-01-04T23:00:00,2026-01-18T23:00:00,2026-02-15T23:00:00,,,42.0
2026-01-19 17:00:00,31.4,43.9720344543457,1.0,Tema Community 25 Estate,tabular,xgboost,h24,2026-01-04T23:00:00,2026-01-18T23:00:00,2026-02-15T23:00:00,,,42.0
2026-01-19 18:00:00,34.2,52.498817443847656,1.0,Tema Community 25 Estate,tabular,xgboost,h24,2026-01-04T23:00:00,2026-01-18T23:00:00,2026-02-15T23:00:00,,,42.0
2026-01-19 19:00:00,30.9,53.23781967163086,1.0,Tema Community 25 Estate,tabular,xgboost,h24,2026-01-04T23:00:00,2026-01-18T23:00:00,2026-02-15T23:00:00,,,42.0
2026-01-19 20:00:00,39.0,45.288902282714844,1.0,Tema Community 25 Estate,tabular,xgboost,h24,2026-01-04T23:00:00,2026-01-18T23:00:00,2026-02-15T23:00:00,,,42.0
2026-01-19 21:00:00,27.9,47.85794448852539,1.0,Tema Community 25 Estate,tabular,xgboost,h24,2026-01-04T23:00:00,2026-01-18T23:00:00,2026-02-15T23:00:00,,,42.0
2026-01-19 22:00:00,24.8,48.96232604980469,1.0,Tema Community 25 Estate,tabular,xgboost,h24,2026-01-04T23:00:00,2026-01-18T23:00:00,2026-02-15T23:00:00,,,42.0
2026-01-19 23:00:00,20.2,54.93442153930664,1.0,Tema Community 25 Estate,tabular,xgboost,h24,2026-01-04T23:00:00,2026-01-18T23:00:00,2026-02-15T23:00:00,,,42.0
2026-01-20 00:00:00,19.4,60.151119232177734,1.0,Tema Community 25 Estate,tabular,xgboost,h24,2026-01-04T23:00:00,2026-01-18T23:00:00,2026-02-15T23:00:00,,,42.0
2026-01-20 01:00:00,19.0,50.61111831665039,1.0,Tema Community 25 Estate,tabular,xgboost,h24,2026-01-04T23:00:00,2026-01-18T23:00:00,2026-02-15T23:00:00,,,42.0
2026-01-20 02:00:00,18.8,61.067283630371094,1.0,Tema Community 25 Estate,tabular,xgboost,h24,2026-01-04T23:00:00,2026-01-18T23:00:00,2026-02-15T23:00:00,,,42.0
2026-01-20 03:00:00,19.4,56.24531173706055,1.0,Tema Community 25 Estate,tabular,xgboost,h24,2026-01-04T23:00:00,2026-01-18T23:00:00,2026-02-15T23:00:00,,,42.0
2026-01-20 04:00:00,18.1,73.38833618164062,1.0,Tema Community 25 Estate,tabular,xgboost,h24,2026-01-04T23:00:00,2026-01-18T23:00:00,2026-02-15T23:00:00,,,42.0
2026-01-20 05:00:00,20.0,70.22944641113281,1.0,Tema Community 25 Estate,tabular,xgboost,h24,2026-01-04T23:00:00,2026-01-18T23:00:00,2026-02-15T23:00:00,,,42.0
2026-01-20 06:00:00,24.0,78.63215637207031,1.0,Tema Community 25 Estate,tabular,xgboost,h24,2026-01-04T23:00:00,2026-01-18T23:00:00,2026-02-15T23:00:00,,,42.0
2026-01-20 07:00:00,24.8,69.11930084228516,1.0,Tema Community 25 Estate,tabular,xgboost,h24,2026-01-04T23:00:00,2026-01-18T23:00:00,2026-02-15T23:00:00,,,42.0
2026-01-20 08:00:00,21.9,52.36524963378906,1.0,Tema Community 25 Estate,tabular,xgboost,h24,2026-01-04T23:00:00,2026-01-18T23:00:00,2026-02-15T23:00:00,,,42.0
2026-01-20 09:00:00,19.6,44.85252380371094,1.0,Tema Community 25 Estate,tabular,xgboost,h24,2026-01-04T23:00:00,2026-01-18T23:00:00,2026-02-15T23:00:00,,,42.0
2026-01-20 10:00:00,21.0,43.33869934082031,1.0,Tema Community 25 Estate,tabular,xgboost,h24,2026-01-04T23:00:00,2026-01-18T23:00:00,2026-02-15T23:00:00,,,42.0
2026-01-20 11:00:00,21.3,41.75760269165039,1.0,Tema Community 25 Estate,tabular,xgboost,h24,2026-01-04T23:00:00,2026-01-18T23:00:00,2026-02-15T23:00:00,,,42.0
2026-01-20 12:00:00,25.0,46.33961486816406,1.0,Tema Community 25 Estate,tabular,xgboost,h24,2026-01-04T23:00:00,2026-01-18T23:00:00,2026-02-15T23:00:00,,,42.0
2026-01-20 13:00:00,28.8,39.304901123046875,1.0,Tema Community 25 Estate,tabular,xgboost,h24,2026-01-04T23:00:00,2026-01-18T23:00:00,2026-02-15T23:00:00,,,42.0
2026-01-20 14:00:00,26.4,40.84968948364258,1.0,Tema Community 25 Estate,tabular,xgboost,h24,2026-01-04T23:00:00,2026-01-18T23:00:00,2026-02-15T23:00:00,,,42.0
2026-01-20 15:00:00,26.3,38.62739944458008,1.0,Tema Community 25 Estate,tabular,xgboost,h24,2026-01-04T23:00:00,2026-01-18T23:00:00,2026-02-15T23:00:00,,,42.0
2026-01-20 16:00:00,30.4,29.46182632446289,1.0,Tema Community 25 Estate,tabular,xgboost,h24,2026-01-04T23:00:00,2026-01-18T23:00:00,2026-02-15T23:00:00,,,42.0
2026-01-20 17:00:00,26.9,34.1470832824707,1.0,Tema Community 25 Estate,tabular,xgboost,h24,2026-01-04T23:00:00,2026-01-18T23:00:00,2026-02-15T23:00:00,,,42.0
2026-01-20 18:00:00,32.7,42.140716552734375,1.0,Tema Community 25 Estate,tabular,xgboost,h24,2026-01-04T23:00:00,2026-01-18T23:00:00,2026-02-15T23:00:00,,,42.0
2026-01-20 19:00:00,40.5,42.355735778808594,1.0,Tema Community 25 Estate,tabular,xgboost,h24,2026-01-04T23:00:00,2026-01-18T23:00:00,2026-02-15T23:00:00,,,42.0
2026-01-20 20:00:00,40.4,39.8747673034668,1.0,Tema Community 25 Estate,tabular,xgboost,h24,2026-01-04T23:00:00,2026-01-18T23:00:00,2026-02-15T23:00:00,,,42.0
2026-01-20 21:00:00,30.2,42.63287353515625,1.0,Tema Community 25 Estate,tabular,xgboost,h24,2026-01-04T23:00:00,2026-01-18T23:00:00,2026-02-15T23:00:00,,,42.0
2026-01-20 22:00:00,17.9,49.76691436767578,1.0,Tema Community 25 Estate,tabular,xgboost,h24,2026-01-04T23:00:00,2026-01-18T23:00:00,2026-02-15T23:00:00,,,42.0
2026-01-20 23:00:00,8.2,53.32061004638672,1.0,Tema Community 25 Estate,tabular,xgboost,h24,2026-01-04T23:00:00,2026-01-18T23:00:00,2026-02-15T23:00:00,,,42.0
2026-01-21 00:00:00,10.5,58.917964935302734,1.0,Tema Community 25 Estate,tabular,xgboost,h24,2026-01-04T23:00:00,2026-01-18T23:00:00,2026-02-15T23:00:00,,,42.0
2026-01-21 01:00:00,15.0,58.880882263183594,1.0,Tema Community 25 Estate,tabular,xgboost,h24,2026-01-04T23:00:00,2026-01-18T23:00:00,2026-02-15T23:00:00,,,42.0
2026-01-21 02:00:00,17.2,51.087276458740234,1.0,Tema Community 25 Estate,tabular,xgboost,h24,2026-01-04T23:00:00,2026-01-18T23:00:00,2026-02-15T23:00:00,,,42.0
2026-01-21 03:00:00,12.2,53.63376235961914,1.0,Tema Community 25 Estate,tabular,xgboost,h24,2026-01-04T23:00:00,2026-01-18T23:00:00,2026-02-15T23:00:00,,,42.0
2026-01-21 04:00:00,13.7,61.65637969970703,1.0,Tema Community 25 Estate,tabular,xgboost,h24,2026-01-04T23:00:00,2026-01-18T23:00:00,2026-02-15T23:00:00,,,42.0
2026-01-21 05:00:00,18.2,63.493797302246094,1.0,Tema Community 25 Estate,tabular,xgboost,h24,2026-01-04T23:00:00,2026-01-18T23:00:00,2026-02-15T23:00:00,,,42.0
2026-01-21 06:00:00,29.5,69.35946655273438,1.0,Tema Community 25 Estate,tabular,xgboost,h24,2026-01-04T23:00:00,2026-01-18T23:00:00,2026-02-15T23:00:00,,,42.0
2026-01-21 07:00:00,33.7,62.11532211303711,1.0,Tema Community 25 Estate,tabular,xgboost,h24,2026-01-04T23:00:00,2026-01-18T23:00:00,2026-02-15T23:00:00,,,42.0
2026-01-21 08:00:00,20.5,49.20366668701172,1.0,Tema Community 25 Estate,tabular,xgboost,h24,2026-01-04T23:00:00,2026-01-18T23:00:00,2026-02-15T23:00:00,,,42.0
2026-01-21 09:00:00,14.9,40.462215423583984,1.0,Tema Community 25 Estate,tabular,xgboost,h24,2026-01-04T23:00:00,2026-01-18T23:00:00,2026-02-15T23:00:00,,,42.0
2026-01-21 10:00:00,14.3,42.72426986694336,1.0,Tema Community 25 Estate,tabular,xgboost,h24,2026-01-04T23:00:00,2026-01-18T23:00:00,2026-02-15T23:00:00,,,42.0
2026-01-21 11:00:00,19.2,55.43759536743164,1.0,Tema Community 25 Estate,tabular,xgboost,h24,2026-01-04T23:00:00,2026-01-18T23:00:00,2026-02-15T23:00:00,,,42.0
2026-01-21 12:00:00,28.6,56.161827087402344,1.0,Tema Community 25 Estate,tabular,xgboost,h24,2026-01-04T23:00:00,2026-01-18T23:00:00,2026-02-15T23:00:00,,,42.0
2026-01-21 13:00:00,32.6,42.310546875,1.0,Tema Community 25 Estate,tabular,xgboost,h24,2026-01-04T23:00:00,2026-01-18T23:00:00,2026-02-15T23:00:00,,,42.0
2026-01-21 14:00:00,33.6,50.18885040283203,1.0,Tema Community 25 Estate,tabular,xgboost,h24,2026-01-04T23:00:00,2026-01-18T23:00:00,2026-02-15T23:00:00,,,42.0
2026-01-21 15:00:00,23.2,42.21491241455078,1.0,Tema Community 25 Estate,tabular,xgboost,h24,2026-01-04T23:00:00,2026-01-18T23:00:00,2026-02-15T23:00:00,,,42.0
2026-01-21 16:00:00,21.7,34.724891662597656,1.0,Tema Community 25 Estate,tabular,xgboost,h24,2026-01-04T23:00:00,2026-01-18T23:00:00,2026-02-15T23:00:00,,,42.0
2026-01-21 17:00:00,22.7,41.54828643798828,1.0,Tema Community 25 Estate,tabular,xgboost,h24,2026-01-04T23:00:00,2026-01-18T23:00:00,2026-02-15T23:00:00,,,42.0
2026-01-21 18:00:00,26.3,68.70668029785156,1.0,Tema Community 25 Estate,tabular,xgboost,h24,2026-01-04T23:00:00,2026-01-18T23:00:00,2026-02-15T23:00:00,,,42.0
2026-01-21 19:00:00,29.2,52.294471740722656,1.0,Tema Community 25 Estate,tabular,xgboost,h24,2026-01-04T23:00:00,2026-01-18T23:00:00,2026-02-15T23:00:00,,,42.0
2026-01-21 20:00:00,25.2,44.56676483154297,1.0,Tema Community 25 Estate,tabular,xgboost,h24,2026-01-04T23:00:00,2026-01-18T23:00:00,2026-02-15T23:00:00,,,42.0
2026-01-21 21:00:00,22.6,52.111061096191406,1.0,Tema Community 25 Estate,tabular,xgboost,h24,2026-01-04T23:00:00,2026-01-18T23:00:00,2026-02-15T23:00:00,,,42.0
2026-01-21 22:00:00,23.8,50.60087585449219,1.0,Tema Community 25 Estate,tabular,xgboost,h24,2026-01-04T23:00:00,2026-01-18T23:00:00,2026-02-15T23:00:00,,,42.0
2026-01-21 23:00:00,27.0,46.063812255859375,1.0,Tema Community 25 Estate,tabular,xgboost,h24,2026-01-04T23:00:00,2026-01-18T23:00:00,2026-02-15T23:00:00,,,42.0
2026-01-22 00:00:00,24.0,37.12625503540039,1.0,Tema Community 25 Estate,tabular,xgboost,h24,2026-01-04T23:00:00,2026-01-18T23:00:00,2026-02-15T23:00:00,,,42.0
2026-01-22 01:00:00,20.0,45.4144401550293,1.0,Tema Community 25 Estate,tabular,xgboost,h24,2026-01-04T23:00:00,2026-01-18T23:00:00,2026-02-15T23:00:00,,,42.0
2026-01-22 02:00:00,23.3,46.03081130981445,1.0,Tema Community 25 Estate,tabular,xgboost,h24,2026-01-04T23:00:00,2026-01-18T23:00:00,2026-02-15T23:00:00,,,42.0
2026-01-22 03:00:00,17.1,26.3980712890625,1.0,Tema Community 25 Estate,tabular,xgboost,h24,2026-01-04T23:00:00,2026-01-18T23:00:00,2026-02-15T23:00:00,,,42.0
2026-01-22 04:00:00,18.0,31.62145233154297,1.0,Tema Community 25 Estate,tabular,xgboost,h24,2026-01-04T23:00:00,2026-01-18T23:00:00,2026-02-15T23:00:00,,,42.0
2026-01-22 05:00:00,25.2,47.916847229003906,1.0,Tema Community 25 Estate,tabular,xgboost,h24,2026-01-04T23:00:00,2026-01-18T23:00:00,2026-02-15T23:00:00,,,42.0
2026-01-22 06:00:00,31.1,48.30973434448242,1.0,Tema Community 25 Estate,tabular,xgboost,h24,2026-01-04T23:00:00,2026-01-18T23:00:00,2026-02-15T23:00:00,,,42.0
2026-01-22 07:00:00,26.6,54.40470886230469,1.0,Tema Community 25 Estate,tabular,xgboost,h24,2026-01-04T23:00:00,2026-01-18T23:00:00,2026-02-15T23:00:00,,,42.0
2026-01-22 08:00:00,20.3,42.58073806762695,1.0,Tema Community 25 Estate,tabular,xgboost,h24,2026-01-04T23:00:00,2026-01-18T23:00:00,2026-02-15T23:00:00,,,42.0
2026-01-22 09:00:00,19.2,33.85521697998047,1.0,Tema Community 25 Estate,tabular,xgboost,h24,2026-01-04T23:00:00,2026-01-18T23:00:00,2026-02-15T23:00:00,,,42.0
2026-01-22 10:00:00,25.4,50.54844284057617,1.0,Tema Community 25 Estate,tabular,xgboost,h24,2026-01-04T23:00:00,2026-01-18T23:00:00,2026-02-15T23:00:00,,,42.0
2026-01-22 11:00:00,31.1,58.04419708251953,1.0,Tema Community 25 Estate,tabular,xgboost,h24,2026-01-04T23:00:00,2026-01-18T23:00:00,2026-02-15T23:00:00,,,42.0
2026-01-22 12:00:00,38.6,42.8896598815918,1.0,Tema Community 25 Estate,tabular,xgboost,h24,2026-01-04T23:00:00,2026-01-18T23:00:00,2026-02-15T23:00:00,,,42.0
2026-01-22 13:00:00,45.7,32.435359954833984,1.0,Tema Community 25 Estate,tabular,xgboost,h24,2026-01-04T23:00:00,2026-01-18T23:00:00,2026-02-15T23:00:00,,,42.0
2026-01-22 14:00:00,41.8,32.65658187866211,1.0,Tema Community 25 Estate,tabular,xgboost,h24,2026-01-04T23:00:00,2026-01-18T23:00:00,2026-02-15T23:00:00,,,42.0
2026-01-22 15:00:00,35.7,42.374088287353516,1.0,Tema Community 25 Estate,tabular,xgboost,h24,2026-01-04T23:00:00,2026-01-18T23:00:00,2026-02-15T23:00:00,,,42.0
2026-01-22 16:00:00,29.8,35.53154754638672,1.0,Tema Community 25 Estate,tabular,xgboost,h24,2026-01-04T23:00:00,2026-01-18T23:00:00,2026-02-15T23:00:00,,,42.0
2026-01-22 17:00:00,41.0,34.28605651855469,1.0,Tema Community 25 Estate,tabular,xgboost,h24,2026-01-04T23:00:00,2026-01-18T23:00:00,2026-02-15T23:00:00,,,42.0
2026-01-22 18:00:00,47.5,43.51295471191406,1.0,Tema Community 25 Estate,tabular,xgboost,h24,2026-01-04T23:00:00,2026-01-18T23:00:00,2026-02-15T23:00:00,,,42.0
2026-01-22 19:00:00,27.6,41.785831451416016,1.0,Tema Community 25 Estate,tabular,xgboost,h24,2026-01-04T23:00:00,2026-01-18T23:00:00,2026-02-15T23:00:00,,,42.0
2026-01-22 20:00:00,17.6,42.41143798828125,1.0,Tema Community 25 Estate,tabular,xgboost,h24,2026-01-04T23:00:00,2026-01-18T23:00:00,2026-02-15T23:00:00,,,42.0
2026-01-22 21:00:00,19.7,53.361209869384766,1.0,Tema Community 25 Estate,tabular,xgboost,h24,2026-01-04T23:00:00,2026-01-18T23:00:00,2026-02-15T23:00:00,,,42.0
2026-01-22 22:00:00,21.8,55.8205451965332,1.0,Tema Community 25 Estate,tabular,xgboost,h24,2026-01-04T23:00:00,2026-01-18T23:00:00,2026-02-15T23:00:00,,,42.0
2026-01-22 23:00:00,26.6,55.57975769042969,1.0,Tema Community 25 Estate,tabular,xgboost,h24,2026-01-04T23:00:00,2026-01-18T23:00:00,2026-02-15T23:00:00,,,42.0
2026-01-23 00:00:00,28.2,59.70767593383789,1.0,Tema Community 25 Estate,tabular,xgboost,h24,2026-01-04T23:00:00,2026-01-18T23:00:00,2026-02-15T23:00:00,,,42.0
2026-01-23 01:00:00,26.5,57.798946380615234,1.0,Tema Community 25 Estate,tabular,xgboost,h24,2026-01-04T23:00:00,2026-01-18T23:00:00,2026-02-15T23:00:00,,,42.0
2026-01-23 02:00:00,22.9,45.296417236328125,1.0,Tema Community 25 Estate,tabular,xgboost,h24,2026-01-04T23:00:00,2026-01-18T23:00:00,2026-02-15T23:00:00,,,42.0
2026-01-23 03:00:00,30.6,34.21062469482422,1.0,Tema Community 25 Estate,tabular,xgboost,h24,2026-01-04T23:00:00,2026-01-18T23:00:00,2026-02-15T23:00:00,,,42.0
2026-01-23 04:00:00,37.0,38.8391227722168,1.0,Tema Community 25 Estate,tabular,xgboost,h24,2026-01-04T23:00:00,2026-01-18T23:00:00,2026-02-15T23:00:00,,,42.0
2026-01-23 05:00:00,39.6,47.98809814453125,1.0,Tema Community 25 Estate,tabular,xgboost,h24,2026-01-04T23:00:00,2026-01-18T23:00:00,2026-02-15T23:00:00,,,42.0
2026-01-23 06:00:00,54.0,47.610076904296875,1.0,Tema Community 25 Estate,tabular,xgboost,h24,2026-01-04T23:00:00,2026-01-18T23:00:00,2026-02-15T23:00:00,,,42.0
2026-01-23 07:00:00,45.7,61.776371002197266,1.0,Tema Community 25 Estate,tabular,xgboost,h24,2026-01-04T23:00:00,2026-01-18T23:00:00,2026-02-15T23:00:00,,,42.0
2026-01-23 08:00:00,24.4,52.70298767089844,1.0,Tema Community 25 Estate,tabular,xgboost,h24,2026-01-04T23:00:00,2026-01-18T23:00:00,2026-02-15T23:00:00,,,42.0
2026-01-23 09:00:00,23.2,48.035945892333984,1.0,Tema Community 25 Estate,tabular,xgboost,h24,2026-01-04T23:00:00,2026-01-18T23:00:00,2026-02-15T23:00:00,,,42.0
2026-01-23 10:00:00,26.5,49.450050354003906,1.0,Tema Community 25 Estate,tabular,xgboost,h24,2026-01-04T23:00:00,2026-01-18T23:00:00,2026-02-15T23:00:00,,,42.0
2026-01-23 11:00:00,31.9,46.77537155151367,1.0,Tema Community 25 Estate,tabular,xgboost,h24,2026-01-04T23:00:00,2026-01-18T23:00:00,2026-02-15T23:00:00,,,42.0
2026-01-23 12:00:00,33.6,48.161521911621094,1.0,Tema Community 25 Estate,tabular,xgboost,h24,2026-01-04T23:00:00,2026-01-18T23:00:00,2026-02-15T23:00:00,,,42.0
2026-01-23 13:00:00,26.2,28.1732177734375,1.0,Tema Community 25 Estate,tabular,xgboost,h24,2026-01-04T23:00:00,2026-01-18T23:00:00,2026-02-15T23:00:00,,,42.0
2026-01-23 14:00:00,27.7,24.73107147216797,1.0,Tema Community 25 Estate,tabular,xgboost,h24,2026-01-04T23:00:00,2026-01-18T23:00:00,2026-02-15T23:00:00,,,42.0
2026-01-23 15:00:00,28.0,30.03230857849121,1.0,Tema Community 25 Estate,tabular,xgboost,h24,2026-01-04T23:00:00,2026-01-18T23:00:00,2026-02-15T23:00:00,,,42.0
2026-01-23 16:00:00,29.6,35.53644561767578,1.0,Tema Community 25 Estate,tabular,xgboost,h24,2026-01-04T23:00:00,2026-01-18T23:00:00,2026-02-15T23:00:00,,,42.0
2026-01-23 17:00:00,35.4,39.42393112182617,1.0,Tema Community 25 Estate,tabular,xgboost,h24,2026-01-04T23:00:00,2026-01-18T23:00:00,2026-02-15T23:00:00,,,42.0
2026-01-23 18:00:00,30.6,46.944210052490234,1.0,Tema Community 25 Estate,tabular,xgboost,h24,2026-01-04T23:00:00,2026-01-18T23:00:00,2026-02-15T23:00:00,,,42.0
2026-01-23 19:00:00,22.3,40.01229476928711,1.0,Tema Community 25 Estate,tabular,xgboost,h24,2026-01-04T23:00:00,2026-01-18T23:00:00,2026-02-15T23:00:00,,,42.0
2026-01-23 20:00:00,17.2,55.845176696777344,1.0,Tema Community 25 Estate,tabular,xgboost,h24,2026-01-04T23:00:00,2026-01-18T23:00:00,2026-02-15T23:00:00,,,42.0
2026-01-23 21:00:00,17.9,44.35173416137695,1.0,Tema Community 25 Estate,tabular,xgboost,h24,2026-01-04T23:00:00,2026-01-18T23:00:00,2026-02-15T23:00:00,,,42.0
2026-01-23 22:00:00,31.3,41.39046859741211,1.0,Tema Community 25 Estate,tabular,xgboost,h24,2026-01-04T23:00:00,2026-01-18T23:00:00,2026-02-15T23:00:00,,,42.0
2026-01-23 23:00:00,32.4,33.593711853027344,1.0,Tema Community 25 Estate,tabular,xgboost,h24,2026-01-04T23:00:00,2026-01-18T23:00:00,2026-02-15T23:00:00,,,42.0
2026-01-24 00:00:00,37.4,32.47615051269531,1.0,Tema Community 25 Estate,tabular,xgboost,h24,2026-01-04T23:00:00,2026-01-18T23:00:00,2026-02-15T23:00:00,,,42.0
2026-01-24 01:00:00,33.2,35.39459228515625,1.0,Tema Community 25 Estate,tabular,xgboost,h24,2026-01-04T23:00:00,2026-01-18T23:00:00,2026-02-15T23:00:00,,,42.0
2026-01-24 02:00:00,30.3,45.98847961425781,1.0,Tema Community 25 Estate,tabular,xgboost,h24,2026-01-04T23:00:00,2026-01-18T23:00:00,2026-02-15T23:00:00,,,42.0
2026-01-24 03:00:00,30.5,24.864673614501953,1.0,Tema Community 25 Estate,tabular,xgboost,h24,2026-01-04T23:00:00,2026-01-18T23:00:00,2026-02-15T23:00:00,,,42.0
2026-01-24 04:00:00,32.2,27.921531677246094,1.0,Tema Community 25 Estate,tabular,xgboost,h24,2026-01-04T23:00:00,2026-01-18T23:00:00,2026-02-15T23:00:00,,,42.0
2026-01-24 05:00:00,32.3,39.83613204956055,1.0,Tema Community 25 Estate,tabular,xgboost,h24,2026-01-04T23:00:00,2026-01-18T23:00:00,2026-02-15T23:00:00,,,42.0
2026-01-24 06:00:00,41.6,48.33160400390625,1.0,Tema Community 25 Estate,tabular,xgboost,h24,2026-01-04T23:00:00,2026-01-18T23:00:00,2026-02-15T23:00:00,,,42.0
2026-01-24 07:00:00,44.1,40.48242950439453,1.0,Tema Community 25 Estate,tabular,xgboost,h24,2026-01-04T23:00:00,2026-01-18T23:00:00,2026-02-15T23:00:00,,,42.0
2026-01-24 08:00:00,26.1,36.232574462890625,1.0,Tema Community 25 Estate,tabular,xgboost,h24,2026-01-04T23:00:00,2026-01-18T23:00:00,2026-02-15T23:00:00,,,42.0
2026-01-24 09:00:00,22.8,43.58997344970703,1.0,Tema Community 25 Estate,tabular,xgboost,h24,2026-01-04T23:00:00,2026-01-18T23:00:00,2026-02-15T23:00:00,,,42.0
2026-01-24 10:00:00,25.1,47.1199951171875,1.0,Tema Community 25 Estate,tabular,xgboost,h24,2026-01-04T23:00:00,2026-01-18T23:00:00,2026-02-15T23:00:00,,,42.0
2026-01-24 11:00:00,29.3,43.231109619140625,1.0,Tema Community 25 Estate,tabular,xgboost,h24,2026-01-04T23:00:00,2026-01-18T23:00:00,2026-02-15T23:00:00,,,42.0
2026-01-24 12:00:00,32.5,34.268699645996094,1.0,Tema Community 25 Estate,tabular,xgboost,h24,2026-01-04T23:00:00,2026-01-18T23:00:00,2026-02-15T23:00:00,,,42.0
2026-01-24 13:00:00,29.3,47.95758819580078,1.0,Tema Community 25 Estate,tabular,xgboost,h24,2026-01-04T23:00:00,2026-01-18T23:00:00,2026-02-15T23:00:00,,,42.0
2026-01-24 14:00:00,30.0,50.57639694213867,1.0,Tema Community 25 Estate,tabular,xgboost,h24,2026-01-04T23:00:00,2026-01-18T23:00:00,2026-02-15T23:00:00,,,42.0
2026-01-24 15:00:00,30.2,41.28793716430664,1.0,Tema Community 25 Estate,tabular,xgboost,h24,2026-01-04T23:00:00,2026-01-18T23:00:00,2026-02-15T23:00:00,,,42.0
2026-01-24 16:00:00,22.6,51.83438491821289,1.0,Tema Community 25 Estate,tabular,xgboost,h24,2026-01-04T23:00:00,2026-01-18T23:00:00,2026-02-15T23:00:00,,,42.0
2026-01-24 17:00:00,26.1,49.561546325683594,1.0,Tema Community 25 Estate,tabular,xgboost,h24,2026-01-04T23:00:00,2026-01-18T23:00:00,2026-02-15T23:00:00,,,42.0
2026-01-24 18:00:00,33.5,47.27318572998047,1.0,Tema Community 25 Estate,tabular,xgboost,h24,2026-01-04T23:00:00,2026-01-18T23:00:00,2026-02-15T23:00:00,,,42.0
2026-01-24 19:00:00,30.4,62.31262969970703,1.0,Tema Community 25 Estate,tabular,xgboost,h24,2026-01-04T23:00:00,2026-01-18T23:00:00,2026-02-15T23:00:00,,,42.0
2026-01-24 20:00:00,21.5,57.87432861328125,1.0,Tema Community 25 Estate,tabular,xgboost,h24,2026-01-04T23:00:00,2026-01-18T23:00:00,2026-02-15T23:00:00,,,42.0
2026-01-24 21:00:00,35.7,41.49850845336914,1.0,Tema Community 25 Estate,tabular,xgboost,h24,2026-01-04T23:00:00,2026-01-18T23:00:00,2026-02-15T23:00:00,,,42.0
2026-01-24 22:00:00,22.8,39.52713394165039,1.0,Tema Community 25 Estate,tabular,xgboost,h24,2026-01-04T23:00:00,2026-01-18T23:00:00,2026-02-15T23:00:00,,,42.0
2026-01-24 23:00:00,25.9,37.74882507324219,1.0,Tema Community 25 Estate,tabular,xgboost,h24,2026-01-04T23:00:00,2026-01-18T23:00:00,2026-02-15T23:00:00,,,42.0
2026-01-25 00:00:00,32.0,36.29209518432617,1.0,Tema Community 25 Estate,tabular,xgboost,h24,2026-01-04T23:00:00,2026-01-18T23:00:00,2026-02-15T23:00:00,,,42.0
2026-01-25 01:00:00,21.3,34.49162673950195,1.0,Tema Community 25 Estate,tabular,xgboost,h24,2026-01-04T23:00:00,2026-01-18T23:00:00,2026-02-15T23:00:00,,,42.0
2026-01-25 02:00:00,24.3,34.43397521972656,1.0,Tema Community 25 Estate,tabular,xgboost,h24,2026-01-04T23:00:00,2026-01-18T23:00:00,2026-02-15T23:00:00,,,42.0
2026-01-25 03:00:00,22.9,32.20522689819336,1.0,Tema Community 25 Estate,tabular,xgboost,h24,2026-01-04T23:00:00,2026-01-18T23:00:00,2026-02-15T23:00:00,,,42.0
2026-01-25 04:00:00,36.2,35.87639617919922,1.0,Tema Community 25 Estate,tabular,xgboost,h24,2026-01-04T23:00:00,2026-01-18T23:00:00,2026-02-15T23:00:00,,,42.0
2026-01-25 05:00:00,25.8,39.440128326416016,1.0,Tema Community 25 Estate,tabular,xgboost,h24,2026-01-04T23:00:00,2026-01-18T23:00:00,2026-02-15T23:00:00,,,42.0
2026-01-25 06:00:00,36.2,51.453094482421875,1.0,Tema Community 25 Estate,tabular,xgboost,h24,2026-01-04T23:00:00,2026-01-18T23:00:00,2026-02-15T23:00:00,,,42.0
2026-01-25 07:00:00,56.3,51.182167053222656,1.0,Tema Community 25 Estate,tabular,xgboost,h24,2026-01-04T23:00:00,2026-01-18T23:00:00,2026-02-15T23:00:00,,,42.0
2026-01-25 08:00:00,50.5,42.18208694458008,1.0,Tema Community 25 Estate,tabular,xgboost,h24,2026-01-04T23:00:00,2026-01-18T23:00:00,2026-02-15T23:00:00,,,42.0
2026-01-25 09:00:00,28.1,48.15412521362305,1.0,Tema Community 25 Estate,tabular,xgboost,h24,2026-01-04T23:00:00,2026-01-18T23:00:00,2026-02-15T23:00:00,,,42.0
2026-01-25 10:00:00,35.0,44.96328353881836,1.0,Tema Community 25 Estate,tabular,xgboost,h24,2026-01-04T23:00:00,2026-01-18T23:00:00,2026-02-15T23:00:00,,,42.0
2026-01-25 11:00:00,41.5,37.901885986328125,1.0,Tema Community 25 Estate,tabular,xgboost,h24,2026-01-04T23:00:00,2026-01-18T23:00:00,2026-02-15T23:00:00,,,42.0
2026-01-25 12:00:00,43.5,37.57924270629883,1.0,Tema Community 25 Estate,tabular,xgboost,h24,2026-01-04T23:00:00,2026-01-18T23:00:00,2026-02-15T23:00:00,,,42.0
2026-01-25 13:00:00,43.2,46.82151412963867,1.0,Tema Community 25 Estate,tabular,xgboost,h24,2026-01-04T23:00:00,2026-01-18T23:00:00,2026-02-15T23:00:00,,,42.0
2026-01-25 14:00:00,44.5,39.23530578613281,1.0,Tema Community 25 Estate,tabular,xgboost,h24,2026-01-04T23:00:00,2026-01-18T23:00:00,2026-02-15T23:00:00,,,42.0
2026-01-25 15:00:00,42.0,36.53422164916992,1.0,Tema Community 25 Estate,tabular,xgboost,h24,2026-01-04T23:00:00,2026-01-18T23:00:00,2026-02-15T23:00:00,,,42.0
2026-01-25 16:00:00,30.6,51.87407684326172,1.0,Tema Community 25 Estate,tabular,xgboost,h24,2026-01-04T23:00:00,2026-01-18T23:00:00,2026-02-15T23:00:00,,,42.0
2026-01-25 17:00:00,26.9,44.30899429321289,1.0,Tema Community 25 Estate,tabular,xgboost,h24,2026-01-04T23:00:00,2026-01-18T23:00:00,2026-02-15T23:00:00,,,42.0
2026-01-25 18:00:00,27.5,48.1162223815918,1.0,Tema Community 25 Estate,tabular,xgboost,h24,2026-01-04T23:00:00,2026-01-18T23:00:00,2026-02-15T23:00:00,,,42.0
2026-01-25 19:00:00,38.7,53.76216506958008,1.0,Tema Community 25 Estate,tabular,xgboost,h24,2026-01-04T23:00:00,2026-01-18T23:00:00,2026-02-15T23:00:00,,,42.0
2026-01-25 20:00:00,38.4,43.78329086303711,1.0,Tema Community 25 Estate,tabular,xgboost,h24,2026-01-04T23:00:00,2026-01-18T23:00:00,2026-02-15T23:00:00,,,42.0
2026-01-25 21:00:00,41.7,41.15468978881836,1.0,Tema Community 25 Estate,tabular,xgboost,h24,2026-01-04T23:00:00,2026-01-18T23:00:00,2026-02-15T23:00:00,,,42.0
2026-01-25 22:00:00,36.9,30.830896377563477,1.0,Tema Community 25 Estate,tabular,xgboost,h24,2026-01-04T23:00:00,2026-01-18T23:00:00,2026-02-15T23:00:00,,,42.0
2026-01-25 23:00:00,40.3,39.67090606689453,1.0,Tema Community 25 Estate,tabular,xgboost,h24,2026-01-04T23:00:00,2026-01-18T23:00:00,2026-02-15T23:00:00,,,42.0
2026-01-26 00:00:00,42.0,42.71010208129883,1.0,Tema Community 25 Estate,tabular,xgboost,h24,2026-01-04T23:00:00,2026-01-18T23:00:00,2026-02-15T23:00:00,,,42.0
2026-01-26 01:00:00,36.2,34.6931037902832,1.0,Tema Community 25 Estate,tabular,xgboost,h24,2026-01-04T23:00:00,2026-01-18T23:00:00,2026-02-15T23:00:00,,,42.0
2026-01-26 02:00:00,40.1,42.21420669555664,1.0,Tema Community 25 Estate,tabular,xgboost,h24,2026-01-04T23:00:00,2026-01-18T23:00:00,2026-02-15T23:00:00,,,42.0
2026-01-26 03:00:00,30.7,47.05847930908203,1.0,Tema Community 25 Estate,tabular,xgboost,h24,2026-01-04T23:00:00,2026-01-18T23:00:00,2026-02-15T23:00:00,,,42.0
2026-01-26 04:00:00,27.3,45.19074630737305,1.0,Tema Community 25 Estate,tabular,xgboost,h24,2026-01-04T23:00:00,2026-01-18T23:00:00,2026-02-15T23:00:00,,,42.0
2026-01-26 05:00:00,32.1,49.049556732177734,1.0,Tema Community 25 Estate,tabular,xgboost,h24,2026-01-04T23:00:00,2026-01-18T23:00:00,2026-02-15T23:00:00,,,42.0
2026-01-26 06:00:00,42.7,62.42124557495117,1.0,Tema Community 25 Estate,tabular,xgboost,h24,2026-01-04T23:00:00,2026-01-18T23:00:00,2026-02-15T23:00:00,,,42.0
2026-01-26 07:00:00,45.1,59.79307556152344,1.0,Tema Community 25 Estate,tabular,xgboost,h24,2026-01-04T23:00:00,2026-01-18T23:00:00,2026-02-15T23:00:00,,,42.0
2026-01-26 08:00:00,32.7,51.87834548950195,1.0,Tema Community 25 Estate,tabular,xgboost,h24,2026-01-04T23:00:00,2026-01-18T23:00:00,2026-02-15T23:00:00,,,42.0
2026-01-26 09:00:00,27.5,41.5139045715332,1.0,Tema Community 25 Estate,tabular,xgboost,h24,2026-01-04T23:00:00,2026-01-18T23:00:00,2026-02-15T23:00:00,,,42.0
2026-01-26 10:00:00,33.0,55.255165100097656,1.0,Tema Community 25 Estate,tabular,xgboost,h24,2026-01-04T23:00:00,2026-01-18T23:00:00,2026-02-15T23:00:00,,,42.0
2026-01-26 11:00:00,40.4,44.66939926147461,1.0,Tema Community 25 Estate,tabular,xgboost,h24,2026-01-04T23:00:00,2026-01-18T23:00:00,2026-02-15T23:00:00,,,42.0
2026-01-26 12:00:00,48.6,47.189064025878906,1.0,Tema Community 25 Estate,tabular,xgboost,h24,2026-01-04T23:00:00,2026-01-18T23:00:00,2026-02-15T23:00:00,,,42.0
2026-01-26 13:00:00,43.5,54.05770492553711,1.0,Tema Community 25 Estate,tabular,xgboost,h24,2026-01-04T23:00:00,2026-01-18T23:00:00,2026-02-15T23:00:00,,,42.0
2026-01-26 14:00:00,39.3,51.64693832397461,1.0,Tema Community 25 Estate,tabular,xgboost,h24,2026-01-04T23:00:00,2026-01-18T23:00:00,2026-02-15T23:00:00,,,42.0
2026-01-26 15:00:00,35.6,40.4478645324707,1.0,Tema Community 25 Estate,tabular,xgboost,h24,2026-01-04T23:00:00,2026-01-18T23:00:00,2026-02-15T23:00:00,,,42.0
2026-01-26 16:00:00,33.0,44.348697662353516,1.0,Tema Community 25 Estate,tabular,xgboost,h24,2026-01-04T23:00:00,2026-01-18T23:00:00,2026-02-15T23:00:00,,,42.0
2026-01-26 17:00:00,33.5,62.35972213745117,1.0,Tema Community 25 Estate,tabular,xgboost,h24,2026-01-04T23:00:00,2026-01-18T23:00:00,2026-02-15T23:00:00,,,42.0
2026-01-26 18:00:00,32.4,60.55366897583008,1.0,Tema Community 25 Estate,tabular,xgboost,h24,2026-01-04T23:00:00,2026-01-18T23:00:00,2026-02-15T23:00:00,,,42.0
2026-01-26 19:00:00,33.2,54.67666244506836,1.0,Tema Community 25 Estate,tabular,xgboost,h24,2026-01-04T23:00:00,2026-01-18T23:00:00,2026-02-15T23:00:00,,,42.0
2026-01-26 20:00:00,34.2,43.47406768798828,1.0,Tema Community 25 Estate,tabular,xgboost,h24,2026-01-04T23:00:00,2026-01-18T23:00:00,2026-02-15T23:00:00,,,42.0
2026-01-26 21:00:00,29.0,42.43367004394531,1.0,Tema Community 25 Estate,tabular,xgboost,h24,2026-01-04T23:00:00,2026-01-18T23:00:00,2026-02-15T23:00:00,,,42.0
2026-01-26 22:00:00,32.3,63.945831298828125,1.0,Tema Community 25 Estate,tabular,xgboost,h24,2026-01-04T23:00:00,2026-01-18T23:00:00,2026-02-15T23:00:00,,,42.0
2026-01-26 23:00:00,32.4,51.19660949707031,1.0,Tema Community 25 Estate,tabular,xgboost,h24,2026-01-04T23:00:00,2026-01-18T23:00:00,2026-02-15T23:00:00,,,42.0
2026-01-27 00:00:00,29.1,53.39155960083008,1.0,Tema Community 25 Estate,tabular,xgboost,h24,2026-01-04T23:00:00,2026-01-18T23:00:00,2026-02-15T23:00:00,,,42.0
2026-01-27 01:00:00,32.2,37.11166763305664,1.0,Tema Community 25 Estate,tabular,xgboost,h24,2026-01-04T23:00:00,2026-01-18T23:00:00,2026-02-15T23:00:00,,,42.0
2026-01-27 02:00:00,29.3,38.62699890136719,1.0,Tema Community 25 Estate,tabular,xgboost,h24,2026-01-04T23:00:00,2026-01-18T23:00:00,2026-02-15T23:00:00,,,42.0
2026-01-27 03:00:00,26.4,36.39720153808594,1.0,Tema Community 25 Estate,tabular,xgboost,h24,2026-01-04T23:00:00,2026-01-18T23:00:00,2026-02-15T23:00:00,,,42.0
2026-01-27 04:00:00,44.9,50.31301498413086,1.0,Tema Community 25 Estate,tabular,xgboost,h24,2026-01-04T23:00:00,2026-01-18T23:00:00,2026-02-15T23:00:00,,,42.0
2026-01-27 05:00:00,36.4,47.15209197998047,1.0,Tema Community 25 Estate,tabular,xgboost,h24,2026-01-04T23:00:00,2026-01-18T23:00:00,2026-02-15T23:00:00,,,42.0
2026-01-27 06:00:00,44.6,63.765098571777344,1.0,Tema Community 25 Estate,tabular,xgboost,h24,2026-01-04T23:00:00,2026-01-18T23:00:00,2026-02-15T23:00:00,,,42.0
2026-01-27 07:00:00,43.3,56.790287017822266,1.0,Tema Community 25 Estate,tabular,xgboost,h24,2026-01-04T23:00:00,2026-01-18T23:00:00,2026-02-15T23:00:00,,,42.0
2026-01-27 08:00:00,35.5,40.76988220214844,1.0,Tema Community 25 Estate,tabular,xgboost,h24,2026-01-04T23:00:00,2026-01-18T23:00:00,2026-02-15T23:00:00,,,42.0
2026-01-27 09:00:00,34.2,45.01878356933594,1.0,Tema Community 25 Estate,tabular,xgboost,h24,2026-01-04T23:00:00,2026-01-18T23:00:00,2026-02-15T23:00:00,,,42.0
2026-01-27 10:00:00,35.6,42.193321228027344,1.0,Tema Community 25 Estate,tabular,xgboost,h24,2026-01-04T23:00:00,2026-01-18T23:00:00,2026-02-15T23:00:00,,,42.0
2026-01-27 11:00:00,38.0,42.49923324584961,1.0,Tema Community 25 Estate,tabular,xgboost,h24,2026-01-04T23:00:00,2026-01-18T23:00:00,2026-02-15T23:00:00,,,42.0
2026-01-27 12:00:00,52.9,64.04666137695312,1.0,Tema Community 25 Estate,tabular,xgboost,h24,2026-01-04T23:00:00,2026-01-18T23:00:00,2026-02-15T23:00:00,,,42.0
2026-01-27 13:00:00,51.2,61.71577453613281,1.0,Tema Community 25 Estate,tabular,xgboost,h24,2026-01-04T23:00:00,2026-01-18T23:00:00,2026-02-15T23:00:00,,,42.0
2026-01-27 14:00:00,42.7,41.75349426269531,1.0,Tema Community 25 Estate,tabular,xgboost,h24,2026-01-04T23:00:00,2026-01-18T23:00:00,2026-02-15T23:00:00,,,42.0
2026-01-27 15:00:00,41.7,48.00037384033203,1.0,Tema Community 25 Estate,tabular,xgboost,h24,2026-01-04T23:00:00,2026-01-18T23:00:00,2026-02-15T23:00:00,,,42.0
2026-01-27 16:00:00,35.5,52.431060791015625,1.0,Tema Community 25 Estate,tabular,xgboost,h24,2026-01-04T23:00:00,2026-01-18T23:00:00,2026-02-15T23:00:00,,,42.0
2026-01-27 17:00:00,31.6,69.160400390625,1.0,Tema Community 25 Estate,tabular,xgboost,h24,2026-01-04T23:00:00,2026-01-18T23:00:00,2026-02-15T23:00:00,,,42.0
2026-01-27 18:00:00,38.1,57.50248336791992,1.0,Tema Community 25 Estate,tabular,xgboost,h24,2026-01-04T23:00:00,2026-01-18T23:00:00,2026-02-15T23:00:00,,,42.0
2026-01-27 19:00:00,51.1,58.80794906616211,1.0,Tema Community 25 Estate,tabular,xgboost,h24,2026-01-04T23:00:00,2026-01-18T23:00:00,2026-02-15T23:00:00,,,42.0
2026-01-27 20:00:00,40.4,51.262351989746094,1.0,Tema Community 25 Estate,tabular,xgboost,h24,2026-01-04T23:00:00,2026-01-18T23:00:00,2026-02-15T23:00:00,,,42.0
2026-01-27 21:00:00,37.2,42.138004302978516,1.0,Tema Community 25 Estate,tabular,xgboost,h24,2026-01-04T23:00:00,2026-01-18T23:00:00,2026-02-15T23:00:00,,,42.0
2026-01-27 22:00:00,35.1,33.283897399902344,1.0,Tema Community 25 Estate,tabular,xgboost,h24,2026-01-04T23:00:00,2026-01-18T23:00:00,2026-02-15T23:00:00,,,42.0
2026-01-27 23:00:00,37.7,41.85913848876953,1.0,Tema Community 25 Estate,tabular,xgboost,h24,2026-01-04T23:00:00,2026-01-18T23:00:00,2026-02-15T23:00:00,,,42.0
2026-01-28 00:00:00,32.9,60.612266540527344,1.0,Tema Community 25 Estate,tabular,xgboost,h24,2026-01-04T23:00:00,2026-01-18T23:00:00,2026-02-15T23:00:00,,,42.0
2026-01-28 01:00:00,32.2,47.18891906738281,1.0,Tema Community 25 Estate,tabular,xgboost,h24,2026-01-04T23:00:00,2026-01-18T23:00:00,2026-02-15T23:00:00,,,42.0
2026-01-28 02:00:00,32.2,51.3709831237793,1.0,Tema Community 25 Estate,tabular,xgboost,h24,2026-01-04T23:00:00,2026-01-18T23:00:00,2026-02-15T23:00:00,,,42.0
2026-01-28 03:00:00,30.3,45.97890853881836,1.0,Tema Community 25 Estate,tabular,xgboost,h24,2026-01-04T23:00:00,2026-01-18T23:00:00,2026-02-15T23:00:00,,,42.0
2026-01-28 04:00:00,32.0,45.64384078979492,1.0,Tema Community 25 Estate,tabular,xgboost,h24,2026-01-04T23:00:00,2026-01-18T23:00:00,2026-02-15T23:00:00,,,42.0
2026-01-28 05:00:00,39.6,51.25129699707031,1.0,Tema Community 25 Estate,tabular,xgboost,h24,2026-01-04T23:00:00,2026-01-18T23:00:00,2026-02-15T23:00:00,,,42.0
2026-01-28 06:00:00,45.2,70.31214904785156,1.0,Tema Community 25 Estate,tabular,xgboost,h24,2026-01-04T23:00:00,2026-01-18T23:00:00,2026-02-15T23:00:00,,,42.0
2026-01-28 07:00:00,47.8,71.9704818725586,1.0,Tema Community 25 Estate,tabular,xgboost,h24,2026-01-04T23:00:00,2026-01-18T23:00:00,2026-02-15T23:00:00,,,42.0
2026-01-28 08:00:00,44.9,33.84396743774414,1.0,Tema Community 25 Estate,tabular,xgboost,h24,2026-01-04T23:00:00,2026-01-18T23:00:00,2026-02-15T23:00:00,,,42.0
2026-01-28 09:00:00,41.1,31.649015426635742,1.0,Tema Community 25 Estate,tabular,xgboost,h24,2026-01-04T23:00:00,2026-01-18T23:00:00,2026-02-15T23:00:00,,,42.0
2026-01-28 10:00:00,39.9,40.44636535644531,1.0,Tema Community 25 Estate,tabular,xgboost,h24,2026-01-04T23:00:00,2026-01-18T23:00:00,2026-02-15T23:00:00,,,42.0
2026-01-28 11:00:00,44.3,56.94902038574219,1.0,Tema Community 25 Estate,tabular,xgboost,h24,2026-01-04T23:00:00,2026-01-18T23:00:00,2026-02-15T23:00:00,,,42.0
2026-01-28 12:00:00,58.3,64.33653259277344,1.0,Tema Community 25 Estate,tabular,xgboost,h24,2026-01-04T23:00:00,2026-01-18T23:00:00,2026-02-15T23:00:00,,,42.0
2026-01-28 13:00:00,59.0,49.62221908569336,1.0,Tema Community 25 Estate,tabular,xgboost,h24,2026-01-04T23:00:00,2026-01-18T23:00:00,2026-02-15T23:00:00,,,42.0
2026-01-28 14:00:00,54.8,38.94430923461914,1.0,Tema Community 25 Estate,tabular,xgboost,h24,2026-01-04T23:00:00,2026-01-18T23:00:00,2026-02-15T23:00:00,,,42.0
2026-01-28 15:00:00,46.7,42.377296447753906,1.0,Tema Community 25 Estate,tabular,xgboost,h24,2026-01-04T23:00:00,2026-01-18T23:00:00,2026-02-15T23:00:00,,,42.0
2026-01-28 16:00:00,39.3,41.49685287475586,1.0,Tema Community 25 Estate,tabular,xgboost,h24,2026-01-04T23:00:00,2026-01-18T23:00:00,2026-02-15T23:00:00,,,42.0
2026-01-28 17:00:00,40.8,48.208473205566406,1.0,Tema Community 25 Estate,tabular,xgboost,h24,2026-01-04T23:00:00,2026-01-18T23:00:00,2026-02-15T23:00:00,,,42.0
2026-01-28 18:00:00,39.1,55.358123779296875,1.0,Tema Community 25 Estate,tabular,xgboost,h24,2026-01-04T23:00:00,2026-01-18T23:00:00,2026-02-15T23:00:00,,,42.0
2026-01-28 19:00:00,42.9,46.01477813720703,1.0,Tema Community 25 Estate,tabular,xgboost,h24,2026-01-04T23:00:00,2026-01-18T23:00:00,2026-02-15T23:00:00,,,42.0
2026-01-28 20:00:00,37.3,44.23179626464844,1.0,Tema Community 25 Estate,tabular,xgboost,h24,2026-01-04T23:00:00,2026-01-18T23:00:00,2026-02-15T23:00:00,,,42.0
2026-01-28 21:00:00,46.4,37.9893798828125,1.0,Tema Community 25 Estate,tabular,xgboost,h24,2026-01-04T23:00:00,2026-01-18T23:00:00,2026-02-15T23:00:00,,,42.0
2026-01-28 22:00:00,46.6,30.76422691345215,1.0,Tema Community 25 Estate,tabular,xgboost,h24,2026-01-04T23:00:00,2026-01-18T23:00:00,2026-02-15T23:00:00,,,42.0
2026-01-28 23:00:00,43.3,46.98585510253906,1.0,Tema Community 25 Estate,tabular,xgboost,h24,2026-01-04T23:00:00,2026-01-18T23:00:00,2026-02-15T23:00:00,,,42.0
2026-01-29 00:00:00,38.4,53.44244384765625,1.0,Tema Community 25 Estate,tabular,xgboost,h24,2026-01-04T23:00:00,2026-01-18T23:00:00,2026-02-15T23:00:00,,,42.0
2026-01-29 01:00:00,40.6,46.23368835449219,1.0,Tema Community 25 Estate,tabular,xgboost,h24,2026-01-04T23:00:00,2026-01-18T23:00:00,2026-02-15T23:00:00,,,42.0
2026-01-29 02:00:00,36.5,31.555774688720703,1.0,Tema Community 25 Estate,tabular,xgboost,h24,2026-01-04T23:00:00,2026-01-18T23:00:00,2026-02-15T23:00:00,,,42.0
2026-01-29 03:00:00,30.4,32.0208854675293,1.0,Tema Community 25 Estate,tabular,xgboost,h24,2026-01-04T23:00:00,2026-01-18T23:00:00,2026-02-15T23:00:00,,,42.0
2026-01-29 04:00:00,34.9,48.3420295715332,1.0,Tema Community 25 Estate,tabular,xgboost,h24,2026-01-04T23:00:00,2026-01-18T23:00:00,2026-02-15T23:00:00,,,42.0
2026-01-29 05:00:00,45.6,48.39067459106445,1.0,Tema Community 25 Estate,tabular,xgboost,h24,2026-01-04T23:00:00,2026-01-18T23:00:00,2026-02-15T23:00:00,,,42.0
2026-01-29 06:00:00,57.5,62.146541595458984,1.0,Tema Community 25 Estate,tabular,xgboost,h24,2026-01-04T23:00:00,2026-01-18T23:00:00,2026-02-15T23:00:00,,,42.0
2026-01-29 07:00:00,54.1,59.263702392578125,1.0,Tema Community 25 Estate,tabular,xgboost,h24,2026-01-04T23:00:00,2026-01-18T23:00:00,2026-02-15T23:00:00,,,42.0
2026-01-29 08:00:00,44.1,48.760475158691406,1.0,Tema Community 25 Estate,tabular,xgboost,h24,2026-01-04T23:00:00,2026-01-18T23:00:00,2026-02-15T23:00:00,,,42.0
2026-01-29 09:00:00,38.9,40.01102066040039,1.0,Tema Community 25 Estate,tabular,xgboost,h24,2026-01-04T23:00:00,2026-01-18T23:00:00,2026-02-15T23:00:00,,,42.0
2026-01-29 10:00:00,37.0,48.46510696411133,1.0,Tema Community 25 Estate,tabular,xgboost,h24,2026-01-04T23:00:00,2026-01-18T23:00:00,2026-02-15T23:00:00,,,42.0
2026-01-29 11:00:00,36.1,69.35881805419922,1.0,Tema Community 25 Estate,tabular,xgboost,h24,2026-01-04T23:00:00,2026-01-18T23:00:00,2026-02-15T23:00:00,,,42.0
2026-01-29 12:00:00,37.8,71.0077133178711,1.0,Tema Community 25 Estate,tabular,xgboost,h24,2026-01-04T23:00:00,2026-01-18T23:00:00,2026-02-15T23:00:00,,,42.0
2026-01-29 13:00:00,48.9,58.37135696411133,1.0,Tema Community 25 Estate,tabular,xgboost,h24,2026-01-04T23:00:00,2026-01-18T23:00:00,2026-02-15T23:00:00,,,42.0
2026-01-29 14:00:00,41.1,55.979530334472656,1.0,Tema Community 25 Estate,tabular,xgboost,h24,2026-01-04T23:00:00,2026-01-18T23:00:00,2026-02-15T23:00:00,,,42.0
2026-01-29 15:00:00,34.6,59.4914665222168,1.0,Tema Community 25 Estate,tabular,xgboost,h24,2026-01-04T23:00:00,2026-01-18T23:00:00,2026-02-15T23:00:00,,,42.0
2026-01-29 16:00:00,34.7,39.496219635009766,1.0,Tema Community 25 Estate,tabular,xgboost,h24,2026-01-04T23:00:00,2026-01-18T23:00:00,2026-02-15T23:00:00,,,42.0
2026-01-29 17:00:00,38.8,45.62349319458008,1.0,Tema Community 25 Estate,tabular,xgboost,h24,2026-01-04T23:00:00,2026-01-18T23:00:00,2026-02-15T23:00:00,,,42.0
2026-01-29 18:00:00,39.9,62.657005310058594,1.0,Tema Community 25 Estate,tabular,xgboost,h24,2026-01-04T23:00:00,2026-01-18T23:00:00,2026-02-15T23:00:00,,,42.0
2026-01-29 19:00:00,38.1,59.527252197265625,1.0,Tema Community 25 Estate,tabular,xgboost,h24,2026-01-04T23:00:00,2026-01-18T23:00:00,2026-02-15T23:00:00,,,42.0
2026-01-29 20:00:00,33.6,48.296627044677734,1.0,Tema Community 25 Estate,tabular,xgboost,h24,2026-01-04T23:00:00,2026-01-18T23:00:00,2026-02-15T23:00:00,,,42.0
2026-01-29 21:00:00,31.0,55.3897705078125,1.0,Tema Community 25 Estate,tabular,xgboost,h24,2026-01-04T23:00:00,2026-01-18T23:00:00,2026-02-15T23:00:00,,,42.0
2026-01-29 22:00:00,29.9,40.47434997558594,1.0,Tema Community 25 Estate,tabular,xgboost,h24,2026-01-04T23:00:00,2026-01-18T23:00:00,2026-02-15T23:00:00,,,42.0
2026-01-29 23:00:00,29.9,45.154972076416016,1.0,Tema Community 25 Estate,tabular,xgboost,h24,2026-01-04T23:00:00,2026-01-18T23:00:00,2026-02-15T23:00:00,,,42.0
2026-01-30 00:00:00,29.9,48.027442932128906,1.0,Tema Community 25 Estate,tabular,xgboost,h24,2026-01-04T23:00:00,2026-01-18T23:00:00,2026-02-15T23:00:00,,,42.0
2026-01-30 01:00:00,28.4,43.020263671875,1.0,Tema Community 25 Estate,tabular,xgboost,h24,2026-01-04T23:00:00,2026-01-18T23:00:00,2026-02-15T23:00:00,,,42.0
2026-01-30 02:00:00,27.5,37.064544677734375,1.0,Tema Community 25 Estate,tabular,xgboost,h24,2026-01-04T23:00:00,2026-01-18T23:00:00,2026-02-15T23:00:00,,,42.0
2026-01-30 03:00:00,28.8,37.00377655029297,1.0,Tema Community 25 Estate,tabular,xgboost,h24,2026-01-04T23:00:00,2026-01-18T23:00:00,2026-02-15T23:00:00,,,42.0
2026-01-30 04:00:00,30.8,49.05654525756836,1.0,Tema Community 25 Estate,tabular,xgboost,h24,2026-01-04T23:00:00,2026-01-18T23:00:00,2026-02-15T23:00:00,,,42.0
2026-01-30 05:00:00,36.6,48.44830322265625,1.0,Tema Community 25 Estate,tabular,xgboost,h24,2026-01-04T23:00:00,2026-01-18T23:00:00,2026-02-15T23:00:00,,,42.0
2026-01-30 06:00:00,43.7,68.16804504394531,1.0,Tema Community 25 Estate,tabular,xgboost,h24,2026-01-04T23:00:00,2026-01-18T23:00:00,2026-02-15T23:00:00,,,42.0
2026-01-30 07:00:00,40.1,68.3163070678711,1.0,Tema Community 25 Estate,tabular,xgboost,h24,2026-01-04T23:00:00,2026-01-18T23:00:00,2026-02-15T23:00:00,,,42.0
2026-01-30 08:00:00,31.8,54.71324920654297,1.0,Tema Community 25 Estate,tabular,xgboost,h24,2026-01-04T23:00:00,2026-01-18T23:00:00,2026-02-15T23:00:00,,,42.0
2026-01-30 09:00:00,27.9,52.9280891418457,1.0,Tema Community 25 Estate,tabular,xgboost,h24,2026-01-04T23:00:00,2026-01-18T23:00:00,2026-02-15T23:00:00,,,42.0
2026-01-30 10:00:00,29.3,65.88923645019531,1.0,Tema Community 25 Estate,tabular,xgboost,h24,2026-01-04T23:00:00,2026-01-18T23:00:00,2026-02-15T23:00:00,,,42.0
2026-01-30 11:00:00,30.4,79.72010040283203,1.0,Tema Community 25 Estate,tabular,xgboost,h24,2026-01-04T23:00:00,2026-01-18T23:00:00,2026-02-15T23:00:00,,,42.0
2026-01-30 12:00:00,34.3,71.91911315917969,1.0,Tema Community 25 Estate,tabular,xgboost,h24,2026-01-04T23:00:00,2026-01-18T23:00:00,2026-02-15T23:00:00,,,42.0
2026-01-30 13:00:00,36.7,61.24170684814453,1.0,Tema Community 25 Estate,tabular,xgboost,h24,2026-01-04T23:00:00,2026-01-18T23:00:00,2026-02-15T23:00:00,,,42.0
2026-01-30 14:00:00,35.4,58.652034759521484,1.0,Tema Community 25 Estate,tabular,xgboost,h24,2026-01-04T23:00:00,2026-01-18T23:00:00,2026-02-15T23:00:00,,,42.0
2026-01-30 15:00:00,32.6,66.20165252685547,1.0,Tema Community 25 Estate,tabular,xgboost,h24,2026-01-04T23:00:00,2026-01-18T23:00:00,2026-02-15T23:00:00,,,42.0
2026-01-30 16:00:00,31.8,62.59454345703125,1.0,Tema Community 25 Estate,tabular,xgboost,h24,2026-01-04T23:00:00,2026-01-18T23:00:00,2026-02-15T23:00:00,,,42.0
2026-01-30 17:00:00,40.0,58.71442794799805,1.0,Tema Community 25 Estate,tabular,xgboost,h24,2026-01-04T23:00:00,2026-01-18T23:00:00,2026-02-15T23:00:00,,,42.0
2026-01-30 18:00:00,37.7,62.25614929199219,1.0,Tema Community 25 Estate,tabular,xgboost,h24,2026-01-04T23:00:00,2026-01-18T23:00:00,2026-02-15T23:00:00,,,42.0
2026-01-30 19:00:00,33.0,65.70410919189453,1.0,Tema Community 25 Estate,tabular,xgboost,h24,2026-01-04T23:00:00,2026-01-18T23:00:00,2026-02-15T23:00:00,,,42.0
2026-01-30 20:00:00,32.7,51.6455078125,1.0,Tema Community 25 Estate,tabular,xgboost,h24,2026-01-04T23:00:00,2026-01-18T23:00:00,2026-02-15T23:00:00,,,42.0
2026-01-30 21:00:00,34.8,45.447208404541016,1.0,Tema Community 25 Estate,tabular,xgboost,h24,2026-01-04T23:00:00,2026-01-18T23:00:00,2026-02-15T23:00:00,,,42.0
2026-01-30 22:00:00,29.7,53.892295837402344,1.0,Tema Community 25 Estate,tabular,xgboost,h24,2026-01-04T23:00:00,2026-01-18T23:00:00,2026-02-15T23:00:00,,,42.0
2026-01-30 23:00:00,30.7,53.87321853637695,1.0,Tema Community 25 Estate,tabular,xgboost,h24,2026-01-04T23:00:00,2026-01-18T23:00:00,2026-02-15T23:00:00,,,42.0
2026-01-31 00:00:00,26.8,50.311126708984375,1.0,Tema Community 25 Estate,tabular,xgboost,h24,2026-01-04T23:00:00,2026-01-18T23:00:00,2026-02-15T23:00:00,,,42.0
2026-01-31 01:00:00,41.5,45.91981506347656,1.0,Tema Community 25 Estate,tabular,xgboost,h24,2026-01-04T23:00:00,2026-01-18T23:00:00,2026-02-15T23:00:00,,,42.0
2026-01-31 02:00:00,35.8,53.478057861328125,1.0,Tema Community 25 Estate,tabular,xgboost,h24,2026-01-04T23:00:00,2026-01-18T23:00:00,2026-02-15T23:00:00,,,42.0
2026-01-31 03:00:00,33.3,47.09367370605469,1.0,Tema Community 25 Estate,tabular,xgboost,h24,2026-01-04T23:00:00,2026-01-18T23:00:00,2026-02-15T23:00:00,,,42.0
2026-01-31 04:00:00,33.6,60.084529876708984,1.0,Tema Community 25 Estate,tabular,xgboost,h24,2026-01-04T23:00:00,2026-01-18T23:00:00,2026-02-15T23:00:00,,,42.0
2026-01-31 05:00:00,39.6,62.533138275146484,1.0,Tema Community 25 Estate,tabular,xgboost,h24,2026-01-04T23:00:00,2026-01-18T23:00:00,2026-02-15T23:00:00,,,42.0
2026-01-31 06:00:00,46.8,59.671119689941406,1.0,Tema Community 25 Estate,tabular,xgboost,h24,2026-01-04T23:00:00,2026-01-18T23:00:00,2026-02-15T23:00:00,,,42.0
2026-01-31 07:00:00,46.0,55.144954681396484,1.0,Tema Community 25 Estate,tabular,xgboost,h24,2026-01-04T23:00:00,2026-01-18T23:00:00,2026-02-15T23:00:00,,,42.0
2026-01-31 08:00:00,39.7,58.93751907348633,1.0,Tema Community 25 Estate,tabular,xgboost,h24,2026-01-04T23:00:00,2026-01-18T23:00:00,2026-02-15T23:00:00,,,42.0
2026-01-31 09:00:00,39.0,48.40980529785156,1.0,Tema Community 25 Estate,tabular,xgboost,h24,2026-01-04T23:00:00,2026-01-18T23:00:00,2026-02-15T23:00:00,,,42.0
2026-01-31 10:00:00,39.8,67.21571350097656,1.0,Tema Community 25 Estate,tabular,xgboost,h24,2026-01-04T23:00:00,2026-01-18T23:00:00,2026-02-15T23:00:00,,,42.0
2026-01-31 11:00:00,40.9,68.65592193603516,1.0,Tema Community 25 Estate,tabular,xgboost,h24,2026-01-04T23:00:00,2026-01-18T23:00:00,2026-02-15T23:00:00,,,42.0
2026-01-31 12:00:00,33.3,73.34722900390625,1.0,Tema Community 25 Estate,tabular,xgboost,h24,2026-01-04T23:00:00,2026-01-18T23:00:00,2026-02-15T23:00:00,,,42.0
2026-01-31 13:00:00,29.9,82.65367126464844,1.0,Tema Community 25 Estate,tabular,xgboost,h24,2026-01-04T23:00:00,2026-01-18T23:00:00,2026-02-15T23:00:00,,,42.0
2026-01-31 14:00:00,29.3,62.528541564941406,1.0,Tema Community 25 Estate,tabular,xgboost,h24,2026-01-04T23:00:00,2026-01-18T23:00:00,2026-02-15T23:00:00,,,42.0
2026-01-31 15:00:00,29.8,60.986019134521484,1.0,Tema Community 25 Estate,tabular,xgboost,h24,2026-01-04T23:00:00,2026-01-18T23:00:00,2026-02-15T23:00:00,,,42.0
2026-01-31 16:00:00,32.6,49.63861846923828,1.0,Tema Community 25 Estate,tabular,xgboost,h24,2026-01-04T23:00:00,2026-01-18T23:00:00,2026-02-15T23:00:00,,,42.0
2026-01-31 17:00:00,35.0,57.8028678894043,1.0,Tema Community 25 Estate,tabular,xgboost,h24,2026-01-04T23:00:00,2026-01-18T23:00:00,2026-02-15T23:00:00,,,42.0
2026-01-31 18:00:00,33.1,72.52546691894531,1.0,Tema Community 25 Estate,tabular,xgboost,h24,2026-01-04T23:00:00,2026-01-18T23:00:00,2026-02-15T23:00:00,,,42.0
2026-01-31 19:00:00,30.6,75.87332916259766,1.0,Tema Community 25 Estate,tabular,xgboost,h24,2026-01-04T23:00:00,2026-01-18T23:00:00,2026-02-15T23:00:00,,,42.0
2026-01-31 20:00:00,30.6,59.62535095214844,1.0,Tema Community 25 Estate,tabular,xgboost,h24,2026-01-04T23:00:00,2026-01-18T23:00:00,2026-02-15T23:00:00,,,42.0
2026-01-31 21:00:00,28.2,67.6156234741211,1.0,Tema Community 25 Estate,tabular,xgboost,h24,2026-01-04T23:00:00,2026-01-18T23:00:00,2026-02-15T23:00:00,,,42.0
2026-01-31 22:00:00,28.1,61.89118194580078,1.0,Tema Community 25 Estate,tabular,xgboost,h24,2026-01-04T23:00:00,2026-01-18T23:00:00,2026-02-15T23:00:00,,,42.0
2026-01-31 23:00:00,26.3,64.6287841796875,1.0,Tema Community 25 Estate,tabular,xgboost,h24,2026-01-04T23:00:00,2026-01-18T23:00:00,2026-02-15T23:00:00,,,42.0
2026-02-01 00:00:00,28.0,69.5936050415039,1.0,Tema Community 25 Estate,tabular,xgboost,h24,2026-01-04T23:00:00,2026-01-18T23:00:00,2026-02-15T23:00:00,,,42.0
2026-02-01 01:00:00,24.8,53.26921844482422,1.0,Tema Community 25 Estate,tabular,xgboost,h24,2026-01-04T23:00:00,2026-01-18T23:00:00,2026-02-15T23:00:00,,,42.0
2026-02-01 02:00:00,24.9,46.234371185302734,1.0,Tema Community 25 Estate,tabular,xgboost,h24,2026-01-04T23:00:00,2026-01-18T23:00:00,2026-02-15T23:00:00,,,42.0
2026-02-01 03:00:00,26.6,41.965728759765625,1.0,Tema Community 25 Estate,tabular,xgboost,h24,2026-01-04T23:00:00,2026-01-18T23:00:00,2026-02-15T23:00:00,,,42.0
2026-02-01 04:00:00,24.7,54.3233757019043,1.0,Tema Community 25 Estate,tabular,xgboost,h24,2026-01-04T23:00:00,2026-01-18T23:00:00,2026-02-15T23:00:00,,,42.0
2026-02-01 05:00:00,25.2,56.54964828491211,1.0,Tema Community 25 Estate,tabular,xgboost,h24,2026-01-04T23:00:00,2026-01-18T23:00:00,2026-02-15T23:00:00,,,42.0
2026-02-01 06:00:00,43.2,65.0284194946289,1.0,Tema Community 25 Estate,tabular,xgboost,h24,2026-01-04T23:00:00,2026-01-18T23:00:00,2026-02-15T23:00:00,,,42.0
2026-02-01 07:00:00,39.4,69.50651550292969,1.0,Tema Community 25 Estate,tabular,xgboost,h24,2026-01-04T23:00:00,2026-01-18T23:00:00,2026-02-15T23:00:00,,,42.0
2026-02-01 08:00:00,35.4,63.71767807006836,1.0,Tema Community 25 Estate,tabular,xgboost,h24,2026-01-04T23:00:00,2026-01-18T23:00:00,2026-02-15T23:00:00,,,42.0
2026-02-01 09:00:00,33.9,53.90435028076172,1.0,Tema Community 25 Estate,tabular,xgboost,h24,2026-01-04T23:00:00,2026-01-18T23:00:00,2026-02-15T23:00:00,,,42.0
2026-02-01 10:00:00,39.0,62.82681655883789,1.0,Tema Community 25 Estate,tabular,xgboost,h24,2026-01-04T23:00:00,2026-01-18T23:00:00,2026-02-15T23:00:00,,,42.0
2026-02-01 11:00:00,39.6,91.56108093261719,1.0,Tema Community 25 Estate,tabular,xgboost,h24,2026-01-04T23:00:00,2026-01-18T23:00:00,2026-02-15T23:00:00,,,42.0
2026-02-01 12:00:00,28.7,71.90602111816406,1.0,Tema Community 25 Estate,tabular,xgboost,h24,2026-01-04T23:00:00,2026-01-18T23:00:00,2026-02-15T23:00:00,,,42.0
2026-02-01 13:00:00,24.4,64.75778198242188,1.0,Tema Community 25 Estate,tabular,xgboost,h24,2026-01-04T23:00:00,2026-01-18T23:00:00,2026-02-15T23:00:00,,,42.0
2026-02-01 14:00:00,22.4,59.28262710571289,1.0,Tema Community 25 Estate,tabular,xgboost,h24,2026-01-04T23:00:00,2026-01-18T23:00:00,2026-02-15T23:00:00,,,42.0
2026-02-01 15:00:00,25.9,59.809478759765625,1.0,Tema Community 25 Estate,tabular,xgboost,h24,2026-01-04T23:00:00,2026-01-18T23:00:00,2026-02-15T23:00:00,,,42.0
2026-02-01 16:00:00,17.5,61.08151626586914,1.0,Tema Community 25 Estate,tabular,xgboost,h24,2026-01-04T23:00:00,2026-01-18T23:00:00,2026-02-15T23:00:00,,,42.0
2026-02-01 17:00:00,22.9,62.85181427001953,1.0,Tema Community 25 Estate,tabular,xgboost,h24,2026-01-04T23:00:00,2026-01-18T23:00:00,2026-02-15T23:00:00,,,42.0
2026-02-01 18:00:00,26.6,67.1196060180664,1.0,Tema Community 25 Estate,tabular,xgboost,h24,2026-01-04T23:00:00,2026-01-18T23:00:00,2026-02-15T23:00:00,,,42.0
2026-02-01 19:00:00,27.1,74.246337890625,1.0,Tema Community 25 Estate,tabular,xgboost,h24,2026-01-04T23:00:00,2026-01-18T23:00:00,2026-02-15T23:00:00,,,42.0
2026-02-01 20:00:00,24.5,71.1813735961914,1.0,Tema Community 25 Estate,tabular,xgboost,h24,2026-01-04T23:00:00,2026-01-18T23:00:00,2026-02-15T23:00:00,,,42.0
2026-02-01 21:00:00,32.1,70.88299560546875,1.0,Tema Community 25 Estate,tabular,xgboost,h24,2026-01-04T23:00:00,2026-01-18T23:00:00,2026-02-15T23:00:00,,,42.0
2026-02-01 22:00:00,25.7,70.70093536376953,1.0,Tema Community 25 Estate,tabular,xgboost,h24,2026-01-04T23:00:00,2026-01-18T23:00:00,2026-02-15T23:00:00,,,42.0
2026-02-01 23:00:00,24.3,79.88892364501953,1.0,Tema Community 25 Estate,tabular,xgboost,h24,2026-01-04T23:00:00,2026-01-18T23:00:00,2026-02-15T23:00:00,,,42.0
2026-02-02 00:00:00,27.9,84.1489028930664,1.0,Tema Community 25 Estate,tabular,xgboost,h24,2026-01-04T23:00:00,2026-01-18T23:00:00,2026-02-15T23:00:00,,,42.0
2026-02-02 01:00:00,24.9,75.64446258544922,1.0,Tema Community 25 Estate,tabular,xgboost,h24,2026-01-04T23:00:00,2026-01-18T23:00:00,2026-02-15T23:00:00,,,42.0
2026-02-02 02:00:00,21.6,82.25770568847656,1.0,Tema Community 25 Estate,tabular,xgboost,h24,2026-01-04T23:00:00,2026-01-18T23:00:00,2026-02-15T23:00:00,,,42.0
2026-02-02 03:00:00,24.4,69.16316223144531,1.0,Tema Community 25 Estate,tabular,xgboost,h24,2026-01-04T23:00:00,2026-01-18T23:00:00,2026-02-15T23:00:00,,,42.0
2026-02-02 04:00:00,22.0,78.2630615234375,1.0,Tema Community 25 Estate,tabular,xgboost,h24,2026-01-04T23:00:00,2026-01-18T23:00:00,2026-02-15T23:00:00,,,42.0
2026-02-02 05:00:00,38.5,91.19693756103516,1.0,Tema Community 25 Estate,tabular,xgboost,h24,2026-01-04T23:00:00,2026-01-18T23:00:00,2026-02-15T23:00:00,,,42.0
2026-02-02 06:00:00,42.3,79.38945770263672,1.0,Tema Community 25 Estate,tabular,xgboost,h24,2026-01-04T23:00:00,2026-01-18T23:00:00,2026-02-15T23:00:00,,,42.0
2026-02-02 07:00:00,51.0,84.29920959472656,1.0,Tema Community 25 Estate,tabular,xgboost,h24,2026-01-04T23:00:00,2026-01-18T23:00:00,2026-02-15T23:00:00,,,42.0
2026-02-02 08:00:00,30.2,69.87415313720703,1.0,Tema Community 25 Estate,tabular,xgboost,h24,2026-01-04T23:00:00,2026-01-18T23:00:00,2026-02-15T23:00:00,,,42.0
2026-02-02 09:00:00,31.1,70.08577728271484,1.0,Tema Community 25 Estate,tabular,xgboost,h24,2026-01-04T23:00:00,2026-01-18T23:00:00,2026-02-15T23:00:00,,,42.0
2026-02-02 10:00:00,32.8,99.0242691040039,1.0,Tema Community 25 Estate,tabular,xgboost,h24,2026-01-04T23:00:00,2026-01-18T23:00:00,2026-02-15T23:00:00,,,42.0
2026-02-02 11:00:00,26.8,98.55828857421875,1.0,Tema Community 25 Estate,tabular,xgboost,h24,2026-01-04T23:00:00,2026-01-18T23:00:00,2026-02-15T23:00:00,,,42.0
2026-02-02 12:00:00,24.1,82.37080383300781,1.0,Tema Community 25 Estate,tabular,xgboost,h24,2026-01-04T23:00:00,2026-01-18T23:00:00,2026-02-15T23:00:00,,,42.0
2026-02-02 13:00:00,24.6,87.98021697998047,1.0,Tema Community 25 Estate,tabular,xgboost,h24,2026-01-04T23:00:00,2026-01-18T23:00:00,2026-02-15T23:00:00,,,42.0
2026-02-02 14:00:00,24.5,85.98058319091797,1.0,Tema Community 25 Estate,tabular,xgboost,h24,2026-01-04T23:00:00,2026-01-18T23:00:00,2026-02-15T23:00:00,,,42.0
2026-02-02 15:00:00,28.6,80.11579895019531,1.0,Tema Community 25 Estate,tabular,xgboost,h24,2026-01-04T23:00:00,2026-01-18T23:00:00,2026-02-15T23:00:00,,,42.0
2026-02-02 16:00:00,28.0,79.48006439208984,1.0,Tema Community 25 Estate,tabular,xgboost,h24,2026-01-04T23:00:00,2026-01-18T23:00:00,2026-02-15T23:00:00,,,42.0
2026-02-02 17:00:00,30.7,85.74430847167969,1.0,Tema Community 25 Estate,tabular,xgboost,h24,2026-01-04T23:00:00,2026-01-18T23:00:00,2026-02-15T23:00:00,,,42.0
2026-02-02 18:00:00,28.4,89.6097412109375,1.0,Tema Community 25 Estate,tabular,xgboost,h24,2026-01-04T23:00:00,2026-01-18T23:00:00,2026-02-15T23:00:00,,,42.0
2026-02-02 19:00:00,30.2,82.24613189697266,1.0,Tema Community 25 Estate,tabular,xgboost,h24,2026-01-04T23:00:00,2026-01-18T23:00:00,2026-02-15T23:00:00,,,42.0
2026-02-02 20:00:00,31.1,75.19232177734375,1.0,Tema Community 25 Estate,tabular,xgboost,h24,2026-01-04T23:00:00,2026-01-18T23:00:00,2026-02-15T23:00:00,,,42.0
2026-02-02 21:00:00,31.4,58.65826416015625,1.0,Tema Community 25 Estate,tabular,xgboost,h24,2026-01-04T23:00:00,2026-01-18T23:00:00,2026-02-15T23:00:00,,,42.0
2026-02-02 22:00:00,28.5,63.23520278930664,1.0,Tema Community 25 Estate,tabular,xgboost,h24,2026-01-04T23:00:00,2026-01-18T23:00:00,2026-02-15T23:00:00,,,42.0
2026-02-02 23:00:00,38.5,63.05369567871094,1.0,Tema Community 25 Estate,tabular,xgboost,h24,2026-01-04T23:00:00,2026-01-18T23:00:00,2026-02-15T23:00:00,,,42.0
2026-02-03 00:00:00,36.4,60.94292068481445,1.0,Tema Community 25 Estate,tabular,xgboost,h24,2026-01-04T23:00:00,2026-01-18T23:00:00,2026-02-15T23:00:00,,,42.0
2026-02-03 01:00:00,31.9,61.97111129760742,1.0,Tema Community 25 Estate,tabular,xgboost,h24,2026-01-04T23:00:00,2026-01-18T23:00:00,2026-02-15T23:00:00,,,42.0
2026-02-03 02:00:00,26.3,66.33586120605469,1.0,Tema Community 25 Estate,tabular,xgboost,h24,2026-01-04T23:00:00,2026-01-18T23:00:00,2026-02-15T23:00:00,,,42.0
2026-02-03 03:00:00,23.9,65.07413482666016,1.0,Tema Community 25 Estate,tabular,xgboost,h24,2026-01-04T23:00:00,2026-01-18T23:00:00,2026-02-15T23:00:00,,,42.0
2026-02-03 04:00:00,29.7,72.22981262207031,1.0,Tema Community 25 Estate,tabular,xgboost,h24,2026-01-04T23:00:00,2026-01-18T23:00:00,2026-02-15T23:00:00,,,42.0
2026-02-03 05:00:00,28.2,74.1355972290039,1.0,Tema Community 25 Estate,tabular,xgboost,h24,2026-01-04T23:00:00,2026-01-18T23:00:00,2026-02-15T23:00:00,,,42.0
2026-02-03 06:00:00,30.9,80.31204223632812,1.0,Tema Community 25 Estate,tabular,xgboost,h24,2026-01-04T23:00:00,2026-01-18T23:00:00,2026-02-15T23:00:00,,,42.0
2026-02-03 07:00:00,35.0,74.25851440429688,1.0,Tema Community 25 Estate,tabular,xgboost,h24,2026-01-04T23:00:00,2026-01-18T23:00:00,2026-02-15T23:00:00,,,42.0
2026-02-03 08:00:00,25.5,60.967525482177734,1.0,Tema Community 25 Estate,tabular,xgboost,h24,2026-01-04T23:00:00,2026-01-18T23:00:00,2026-02-15T23:00:00,,,42.0
2026-02-03 09:00:00,29.7,61.80899429321289,1.0,Tema Community 25 Estate,tabular,xgboost,h24,2026-01-04T23:00:00,2026-01-18T23:00:00,2026-02-15T23:00:00,,,42.0
2026-02-03 10:00:00,29.6,70.8411636352539,1.0,Tema Community 25 Estate,tabular,xgboost,h24,2026-01-04T23:00:00,2026-01-18T23:00:00,2026-02-15T23:00:00,,,42.0
2026-02-03 11:00:00,36.2,71.93624114990234,1.0,Tema Community 25 Estate,tabular,xgboost,h24,2026-01-04T23:00:00,2026-01-18T23:00:00,2026-02-15T23:00:00,,,42.0
2026-02-03 12:00:00,25.9,71.71174621582031,1.0,Tema Community 25 Estate,tabular,xgboost,h24,2026-01-04T23:00:00,2026-01-18T23:00:00,2026-02-15T23:00:00,,,42.0
2026-02-03 13:00:00,22.6,72.8348159790039,1.0,Tema Community 25 Estate,tabular,xgboost,h24,2026-01-04T23:00:00,2026-01-18T23:00:00,2026-02-15T23:00:00,,,42.0
2026-02-03 14:00:00,23.7,75.46932983398438,1.0,Tema Community 25 Estate,tabular,xgboost,h24,2026-01-04T23:00:00,2026-01-18T23:00:00,2026-02-15T23:00:00,,,42.0
2026-02-03 15:00:00,22.5,68.872314453125,1.0,Tema Community 25 Estate,tabular,xgboost,h24,2026-01-04T23:00:00,2026-01-18T23:00:00,2026-02-15T23:00:00,,,42.0
2026-02-03 16:00:00,31.0,58.20124053955078,1.0,Tema Community 25 Estate,tabular,xgboost,h24,2026-01-04T23:00:00,2026-01-18T23:00:00,2026-02-15T23:00:00,,,42.0
2026-02-03 17:00:00,31.8,61.64520263671875,1.0,Tema Community 25 Estate,tabular,xgboost,h24,2026-01-04T23:00:00,2026-01-18T23:00:00,2026-02-15T23:00:00,,,42.0
2026-02-03 18:00:00,25.8,77.06675720214844,1.0,Tema Community 25 Estate,tabular,xgboost,h24,2026-01-04T23:00:00,2026-01-18T23:00:00,2026-02-15T23:00:00,,,42.0
2026-02-03 19:00:00,43.5,71.23307800292969,1.0,Tema Community 25 Estate,tabular,xgboost,h24,2026-01-04T23:00:00,2026-01-18T23:00:00,2026-02-15T23:00:00,,,42.0
2026-02-03 20:00:00,60.6,62.494911193847656,1.0,Tema Community 25 Estate,tabular,xgboost,h24,2026-01-04T23:00:00,2026-01-18T23:00:00,2026-02-15T23:00:00,,,42.0
2026-02-03 21:00:00,53.8,72.18767547607422,1.0,Tema Community 25 Estate,tabular,xgboost,h24,2026-01-04T23:00:00,2026-01-18T23:00:00,2026-02-15T23:00:00,,,42.0
2026-02-03 22:00:00,41.5,60.0102424621582,1.0,Tema Community 25 Estate,tabular,xgboost,h24,2026-01-04T23:00:00,2026-01-18T23:00:00,2026-02-15T23:00:00,,,42.0
2026-02-03 23:00:00,35.6,62.22697830200195,1.0,Tema Community 25 Estate,tabular,xgboost,h24,2026-01-04T23:00:00,2026-01-18T23:00:00,2026-02-15T23:00:00,,,42.0
2026-02-04 00:00:00,22.9,64.43575286865234,1.0,Tema Community 25 Estate,tabular,xgboost,h24,2026-01-04T23:00:00,2026-01-18T23:00:00,2026-02-15T23:00:00,,,42.0
2026-02-04 01:00:00,21.3,59.37350845336914,1.0,Tema Community 25 Estate,tabular,xgboost,h24,2026-01-04T23:00:00,2026-01-18T23:00:00,2026-02-15T23:00:00,,,42.0
2026-02-04 02:00:00,24.7,69.85502624511719,1.0,Tema Community 25 Estate,tabular,xgboost,h24,2026-01-04T23:00:00,2026-01-18T23:00:00,2026-02-15T23:00:00,,,42.0
2026-02-04 03:00:00,30.5,78.61748504638672,1.0,Tema Community 25 Estate,tabular,xgboost,h24,2026-01-04T23:00:00,2026-01-18T23:00:00,2026-02-15T23:00:00,,,42.0
2026-02-04 04:00:00,37.3,62.77418518066406,1.0,Tema Community 25 Estate,tabular,xgboost,h24,2026-01-04T23:00:00,2026-01-18T23:00:00,2026-02-15T23:00:00,,,42.0
2026-02-04 05:00:00,43.2,66.90357971191406,1.0,Tema Community 25 Estate,tabular,xgboost,h24,2026-01-04T23:00:00,2026-01-18T23:00:00,2026-02-15T23:00:00,,,42.0
2026-02-04 06:00:00,69.9,74.6618881225586,1.0,Tema Community 25 Estate,tabular,xgboost,h24,2026-01-04T23:00:00,2026-01-18T23:00:00,2026-02-15T23:00:00,,,42.0
2026-02-04 07:00:00,105.9,77.36610412597656,1.0,Tema Community 25 Estate,tabular,xgboost,h24,2026-01-04T23:00:00,2026-01-18T23:00:00,2026-02-15T23:00:00,,,42.0
2026-02-04 08:00:00,79.3,76.8830337524414,1.0,Tema Community 25 Estate,tabular,xgboost,h24,2026-01-04T23:00:00,2026-01-18T23:00:00,2026-02-15T23:00:00,,,42.0
2026-02-04 09:00:00,62.2,67.43648529052734,1.0,Tema Community 25 Estate,tabular,xgboost,h24,2026-01-04T23:00:00,2026-01-18T23:00:00,2026-02-15T23:00:00,,,42.0
2026-02-04 10:00:00,60.9,62.91962814331055,1.0,Tema Community 25 Estate,tabular,xgboost,h24,2026-01-04T23:00:00,2026-01-18T23:00:00,2026-02-15T23:00:00,,,42.0
2026-02-04 11:00:00,41.1,79.6259765625,1.0,Tema Community 25 Estate,tabular,xgboost,h24,2026-01-04T23:00:00,2026-01-18T23:00:00,2026-02-15T23:00:00,,,42.0
2026-02-04 12:00:00,50.8,74.57830047607422,1.0,Tema Community 25 Estate,tabular,xgboost,h24,2026-01-04T23:00:00,2026-01-18T23:00:00,2026-02-15T23:00:00,,,42.0
2026-02-04 13:00:00,35.6,63.88569641113281,1.0,Tema Community 25 Estate,tabular,xgboost,h24,2026-01-04T23:00:00,2026-01-18T23:00:00,2026-02-15T23:00:00,,,42.0
2026-02-04 14:00:00,32.3,51.462745666503906,1.0,Tema Community 25 Estate,tabular,xgboost,h24,2026-01-04T23:00:00,2026-01-18T23:00:00,2026-02-15T23:00:00,,,42.0
2026-02-04 15:00:00,23.9,50.937896728515625,1.0,Tema Community 25 Estate,tabular,xgboost,h24,2026-01-04T23:00:00,2026-01-18T23:00:00,2026-02-15T23:00:00,,,42.0
2026-02-04 16:00:00,24.0,48.879188537597656,1.0,Tema Community 25 Estate,tabular,xgboost,h24,2026-01-04T23:00:00,2026-01-18T23:00:00,2026-02-15T23:00:00,,,42.0
2026-02-04 17:00:00,22.5,68.21268463134766,1.0,Tema Community 25 Estate,tabular,xgboost,h24,2026-01-04T23:00:00,2026-01-18T23:00:00,2026-02-15T23:00:00,,,42.0
2026-02-04 18:00:00,28.2,82.79971313476562,1.0,Tema Community 25 Estate,tabular,xgboost,h24,2026-01-04T23:00:00,2026-01-18T23:00:00,2026-02-15T23:00:00,,,42.0
2026-02-04 19:00:00,25.9,58.727840423583984,1.0,Tema Community 25 Estate,tabular,xgboost,h24,2026-01-04T23:00:00,2026-01-18T23:00:00,2026-02-15T23:00:00,,,42.0
2026-02-04 20:00:00,21.0,51.55610275268555,1.0,Tema Community 25 Estate,tabular,xgboost,h24,2026-01-04T23:00:00,2026-01-18T23:00:00,2026-02-15T23:00:00,,,42.0
2026-02-04 21:00:00,18.1,55.279964447021484,1.0,Tema Community 25 Estate,tabular,xgboost,h24,2026-01-04T23:00:00,2026-01-18T23:00:00,2026-02-15T23:00:00,,,42.0
2026-02-04 22:00:00,24.1,51.00968933105469,1.0,Tema Community 25 Estate,tabular,xgboost,h24,2026-01-04T23:00:00,2026-01-18T23:00:00,2026-02-15T23:00:00,,,42.0
2026-02-04 23:00:00,31.4,51.43175506591797,1.0,Tema Community 25 Estate,tabular,xgboost,h24,2026-01-04T23:00:00,2026-01-18T23:00:00,2026-02-15T23:00:00,,,42.0
2026-02-05 00:00:00,28.3,58.40330505371094,1.0,Tema Community 25 Estate,tabular,xgboost,h24,2026-01-04T23:00:00,2026-01-18T23:00:00,2026-02-15T23:00:00,,,42.0
2026-02-05 01:00:00,30.5,53.77082443237305,1.0,Tema Community 25 Estate,tabular,xgboost,h24,2026-01-04T23:00:00,2026-01-18T23:00:00,2026-02-15T23:00:00,,,42.0
2026-02-05 02:00:00,30.8,53.564979553222656,1.0,Tema Community 25 Estate,tabular,xgboost,h24,2026-01-04T23:00:00,2026-01-18T23:00:00,2026-02-15T23:00:00,,,42.0
2026-02-05 03:00:00,28.1,57.87855529785156,1.0,Tema Community 25 Estate,tabular,xgboost,h24,2026-01-04T23:00:00,2026-01-18T23:00:00,2026-02-15T23:00:00,,,42.0
2026-02-05 04:00:00,25.5,52.86196517944336,1.0,Tema Community 25 Estate,tabular,xgboost,h24,2026-01-04T23:00:00,2026-01-18T23:00:00,2026-02-15T23:00:00,,,42.0
2026-02-05 05:00:00,23.8,48.337730407714844,1.0,Tema Community 25 Estate,tabular,xgboost,h24,2026-01-04T23:00:00,2026-01-18T23:00:00,2026-02-15T23:00:00,,,42.0
2026-02-05 06:00:00,33.0,58.15857696533203,1.0,Tema Community 25 Estate,tabular,xgboost,h24,2026-01-04T23:00:00,2026-01-18T23:00:00,2026-02-15T23:00:00,,,42.0
2026-02-05 07:00:00,20.9,64.6012954711914,1.0,Tema Community 25 Estate,tabular,xgboost,h24,2026-01-04T23:00:00,2026-01-18T23:00:00,2026-02-15T23:00:00,,,42.0
2026-02-05 08:00:00,15.0,51.48915481567383,1.0,Tema Community 25 Estate,tabular,xgboost,h24,2026-01-04T23:00:00,2026-01-18T23:00:00,2026-02-15T23:00:00,,,42.0
2026-02-05 09:00:00,10.8,55.58537292480469,1.0,Tema Community 25 Estate,tabular,xgboost,h24,2026-01-04T23:00:00,2026-01-18T23:00:00,2026-02-15T23:00:00,,,42.0
2026-02-05 10:00:00,8.8,51.25774002075195,1.0,Tema Community 25 Estate,tabular,xgboost,h24,2026-01-04T23:00:00,2026-01-18T23:00:00,2026-02-15T23:00:00,,,42.0
2026-02-05 11:00:00,11.1,50.615840911865234,1.0,Tema Community 25 Estate,tabular,xgboost,h24,2026-01-04T23:00:00,2026-01-18T23:00:00,2026-02-15T23:00:00,,,42.0
2026-02-05 12:00:00,14.7,47.60697555541992,1.0,Tema Community 25 Estate,tabular,xgboost,h24,2026-01-04T23:00:00,2026-01-18T23:00:00,2026-02-15T23:00:00,,,42.0
2026-02-05 13:00:00,14.4,45.94212341308594,1.0,Tema Community 25 Estate,tabular,xgboost,h24,2026-01-04T23:00:00,2026-01-18T23:00:00,2026-02-15T23:00:00,,,42.0
2026-02-05 14:00:00,13.5,45.912662506103516,1.0,Tema Community 25 Estate,tabular,xgboost,h24,2026-01-04T23:00:00,2026-01-18T23:00:00,2026-02-15T23:00:00,,,42.0
2026-02-05 15:00:00,13.4,44.548919677734375,1.0,Tema Community 25 Estate,tabular,xgboost,h24,2026-01-04T23:00:00,2026-01-18T23:00:00,2026-02-15T23:00:00,,,42.0
2026-02-05 16:00:00,14.0,51.18956756591797,1.0,Tema Community 25 Estate,tabular,xgboost,h24,2026-01-04T23:00:00,2026-01-18T23:00:00,2026-02-15T23:00:00,,,42.0
2026-02-05 17:00:00,23.3,58.788909912109375,1.0,Tema Community 25 Estate,tabular,xgboost,h24,2026-01-04T23:00:00,2026-01-18T23:00:00,2026-02-15T23:00:00,,,42.0
2026-02-05 18:00:00,17.8,56.9080924987793,1.0,Tema Community 25 Estate,tabular,xgboost,h24,2026-01-04T23:00:00,2026-01-18T23:00:00,2026-02-15T23:00:00,,,42.0
2026-02-05 19:00:00,18.0,55.304832458496094,1.0,Tema Community 25 Estate,tabular,xgboost,h24,2026-01-04T23:00:00,2026-01-18T23:00:00,2026-02-15T23:00:00,,,42.0
2026-02-05 20:00:00,18.6,60.10519027709961,1.0,Tema Community 25 Estate,tabular,xgboost,h24,2026-01-04T23:00:00,2026-01-18T23:00:00,2026-02-15T23:00:00,,,42.0
2026-02-05 21:00:00,14.3,67.41067504882812,1.0,Tema Community 25 Estate,tabular,xgboost,h24,2026-01-04T23:00:00,2026-01-18T23:00:00,2026-02-15T23:00:00,,,42.0
2026-02-05 22:00:00,15.3,54.54069137573242,1.0,Tema Community 25 Estate,tabular,xgboost,h24,2026-01-04T23:00:00,2026-01-18T23:00:00,2026-02-15T23:00:00,,,42.0
2026-02-05 23:00:00,14.1,47.27968215942383,1.0,Tema Community 25 Estate,tabular,xgboost,h24,2026-01-04T23:00:00,2026-01-18T23:00:00,2026-02-15T23:00:00,,,42.0
2026-02-06 00:00:00,13.0,39.545101165771484,1.0,Tema Community 25 Estate,tabular,xgboost,h24,2026-01-04T23:00:00,2026-01-18T23:00:00,2026-02-15T23:00:00,,,42.0
2026-02-06 01:00:00,13.5,37.51859664916992,1.0,Tema Community 25 Estate,tabular,xgboost,h24,2026-01-04T23:00:00,2026-01-18T23:00:00,2026-02-15T23:00:00,,,42.0
2026-02-06 02:00:00,13.5,39.615360260009766,1.0,Tema Community 25 Estate,tabular,xgboost,h24,2026-01-04T23:00:00,2026-01-18T23:00:00,2026-02-15T23:00:00,,,42.0
2026-02-06 03:00:00,14.8,38.211204528808594,1.0,Tema Community 25 Estate,tabular,xgboost,h24,2026-01-04T23:00:00,2026-01-18T23:00:00,2026-02-15T23:00:00,,,42.0
2026-02-06 04:00:00,19.6,38.039432525634766,1.0,Tema Community 25 Estate,tabular,xgboost,h24,2026-01-04T23:00:00,2026-01-18T23:00:00,2026-02-15T23:00:00,,,42.0
2026-02-06 05:00:00,30.8,49.613983154296875,1.0,Tema Community 25 Estate,tabular,xgboost,h24,2026-01-04T23:00:00,2026-01-18T23:00:00,2026-02-15T23:00:00,,,42.0
2026-02-06 06:00:00,47.7,55.64851379394531,1.0,Tema Community 25 Estate,tabular,xgboost,h24,2026-01-04T23:00:00,2026-01-18T23:00:00,2026-02-15T23:00:00,,,42.0
2026-02-06 07:00:00,36.3,65.67367553710938,1.0,Tema Community 25 Estate,tabular,xgboost,h24,2026-01-04T23:00:00,2026-01-18T23:00:00,2026-02-15T23:00:00,,,42.0
2026-02-06 08:00:00,23.5,48.583961486816406,1.0,Tema Community 25 Estate,tabular,xgboost,h24,2026-01-04T23:00:00,2026-01-18T23:00:00,2026-02-15T23:00:00,,,42.0
2026-02-06 09:00:00,19.5,57.438682556152344,1.0,Tema Community 25 Estate,tabular,xgboost,h24,2026-01-04T23:00:00,2026-01-18T23:00:00,2026-02-15T23:00:00,,,42.0
2026-02-06 10:00:00,19.7,66.38967895507812,1.0,Tema Community 25 Estate,tabular,xgboost,h24,2026-01-04T23:00:00,2026-01-18T23:00:00,2026-02-15T23:00:00,,,42.0
2026-02-06 11:00:00,20.0,54.82038116455078,1.0,Tema Community 25 Estate,tabular,xgboost,h24,2026-01-04T23:00:00,2026-01-18T23:00:00,2026-02-15T23:00:00,,,42.0
2026-02-06 12:00:00,19.5,56.89213943481445,1.0,Tema Community 25 Estate,tabular,xgboost,h24,2026-01-04T23:00:00,2026-01-18T23:00:00,2026-02-15T23:00:00,,,42.0
2026-02-06 13:00:00,23.3,49.05057144165039,1.0,Tema Community 25 Estate,tabular,xgboost,h24,2026-01-04T23:00:00,2026-01-18T23:00:00,2026-02-15T23:00:00,,,42.0
2026-02-06 14:00:00,29.4,36.68688201904297,1.0,Tema Community 25 Estate,tabular,xgboost,h24,2026-01-04T23:00:00,2026-01-18T23:00:00,2026-02-15T23:00:00,,,42.0
2026-02-06 15:00:00,18.1,40.79145431518555,1.0,Tema Community 25 Estate,tabular,xgboost,h24,2026-01-04T23:00:00,2026-01-18T23:00:00,2026-02-15T23:00:00,,,42.0
2026-02-06 16:00:00,14.3,32.425289154052734,1.0,Tema Community 25 Estate,tabular,xgboost,h24,2026-01-04T23:00:00,2026-01-18T23:00:00,2026-02-15T23:00:00,,,42.0
2026-02-06 17:00:00,25.0,41.36503219604492,1.0,Tema Community 25 Estate,tabular,xgboost,h24,2026-01-04T23:00:00,2026-01-18T23:00:00,2026-02-15T23:00:00,,,42.0
2026-02-06 18:00:00,17.3,32.54225540161133,1.0,Tema Community 25 Estate,tabular,xgboost,h24,2026-01-04T23:00:00,2026-01-18T23:00:00,2026-02-15T23:00:00,,,42.0
2026-02-06 19:00:00,16.3,41.62809753417969,1.0,Tema Community 25 Estate,tabular,xgboost,h24,2026-01-04T23:00:00,2026-01-18T23:00:00,2026-02-15T23:00:00,,,42.0
2026-02-06 20:00:00,16.0,40.607643127441406,1.0,Tema Community 25 Estate,tabular,xgboost,h24,2026-01-04T23:00:00,2026-01-18T23:00:00,2026-02-15T23:00:00,,,42.0
2026-02-06 21:00:00,13.5,58.65806198120117,1.0,Tema Community 25 Estate,tabular,xgboost,h24,2026-01-04T23:00:00,2026-01-18T23:00:00,2026-02-15T23:00:00,,,42.0
2026-02-06 22:00:00,15.3,41.733360290527344,1.0,Tema Community 25 Estate,tabular,xgboost,h24,2026-01-04T23:00:00,2026-01-18T23:00:00,2026-02-15T23:00:00,,,42.0
2026-02-06 23:00:00,17.6,56.0028190612793,1.0,Tema Community 25 Estate,tabular,xgboost,h24,2026-01-04T23:00:00,2026-01-18T23:00:00,2026-02-15T23:00:00,,,42.0
2026-02-07 00:00:00,19.6,62.88103485107422,1.0,Tema Community 25 Estate,tabular,xgboost,h24,2026-01-04T23:00:00,2026-01-18T23:00:00,2026-02-15T23:00:00,,,42.0
2026-02-07 01:00:00,18.3,62.3768424987793,1.0,Tema Community 25 Estate,tabular,xgboost,h24,2026-01-04T23:00:00,2026-01-18T23:00:00,2026-02-15T23:00:00,,,42.0
2026-02-07 02:00:00,21.9,52.29609680175781,1.0,Tema Community 25 Estate,tabular,xgboost,h24,2026-01-04T23:00:00,2026-01-18T23:00:00,2026-02-15T23:00:00,,,42.0
2026-02-07 03:00:00,25.3,52.21858596801758,1.0,Tema Community 25 Estate,tabular,xgboost,h24,2026-01-04T23:00:00,2026-01-18T23:00:00,2026-02-15T23:00:00,,,42.0
2026-02-07 04:00:00,35.5,50.7585334777832,1.0,Tema Community 25 Estate,tabular,xgboost,h24,2026-01-04T23:00:00,2026-01-18T23:00:00,2026-02-15T23:00:00,,,42.0
2026-02-07 05:00:00,34.6,58.94455337524414,1.0,Tema Community 25 Estate,tabular,xgboost,h24,2026-01-04T23:00:00,2026-01-18T23:00:00,2026-02-15T23:00:00,,,42.0
2026-02-07 06:00:00,37.9,62.72288131713867,1.0,Tema Community 25 Estate,tabular,xgboost,h24,2026-01-04T23:00:00,2026-01-18T23:00:00,2026-02-15T23:00:00,,,42.0
2026-02-07 07:00:00,38.6,63.02519989013672,1.0,Tema Community 25 Estate,tabular,xgboost,h24,2026-01-04T23:00:00,2026-01-18T23:00:00,2026-02-15T23:00:00,,,42.0
2026-02-07 08:00:00,23.7,55.93904113769531,1.0,Tema Community 25 Estate,tabular,xgboost,h24,2026-01-04T23:00:00,2026-01-18T23:00:00,2026-02-15T23:00:00,,,42.0
2026-02-07 09:00:00,24.1,47.250816345214844,1.0,Tema Community 25 Estate,tabular,xgboost,h24,2026-01-04T23:00:00,2026-01-18T23:00:00,2026-02-15T23:00:00,,,42.0
2026-02-07 10:00:00,24.5,43.171302795410156,1.0,Tema Community 25 Estate,tabular,xgboost,h24,2026-01-04T23:00:00,2026-01-18T23:00:00,2026-02-15T23:00:00,,,42.0
2026-02-07 11:00:00,25.8,53.11100769042969,1.0,Tema Community 25 Estate,tabular,xgboost,h24,2026-01-04T23:00:00,2026-01-18T23:00:00,2026-02-15T23:00:00,,,42.0
2026-02-07 12:00:00,18.6,42.116939544677734,1.0,Tema Community 25 Estate,tabular,xgboost,h24,2026-01-04T23:00:00,2026-01-18T23:00:00,2026-02-15T23:00:00,,,42.0
2026-02-07 13:00:00,16.2,33.52840042114258,1.0,Tema Community 25 Estate,tabular,xgboost,h24,2026-01-04T23:00:00,2026-01-18T23:00:00,2026-02-15T23:00:00,,,42.0
2026-02-07 14:00:00,14.1,28.954206466674805,1.0,Tema Community 25 Estate,tabular,xgboost,h24,2026-01-04T23:00:00,2026-01-18T23:00:00,2026-02-15T23:00:00,,,42.0
2026-02-07 15:00:00,12.6,40.20627212524414,1.0,Tema Community 25 Estate,tabular,xgboost,h24,2026-01-04T23:00:00,2026-01-18T23:00:00,2026-02-15T23:00:00,,,42.0
2026-02-07 16:00:00,12.3,41.08882141113281,1.0,Tema Community 25 Estate,tabular,xgboost,h24,2026-01-04T23:00:00,2026-01-18T23:00:00,2026-02-15T23:00:00,,,42.0
2026-02-07 17:00:00,14.4,54.13103103637695,1.0,Tema Community 25 Estate,tabular,xgboost,h24,2026-01-04T23:00:00,2026-01-18T23:00:00,2026-02-15T23:00:00,,,42.0
2026-02-07 18:00:00,22.6,52.668495178222656,1.0,Tema Community 25 Estate,tabular,xgboost,h24,2026-01-04T23:00:00,2026-01-18T23:00:00,2026-02-15T23:00:00,,,42.0
2026-02-07 19:00:00,21.5,63.51166915893555,1.0,Tema Community 25 Estate,tabular,xgboost,h24,2026-01-04T23:00:00,2026-01-18T23:00:00,2026-02-15T23:00:00,,,42.0
2026-02-07 20:00:00,21.3,57.870811462402344,1.0,Tema Community 25 Estate,tabular,xgboost,h24,2026-01-04T23:00:00,2026-01-18T23:00:00,2026-02-15T23:00:00,,,42.0
2026-02-07 21:00:00,24.0,57.30441665649414,1.0,Tema Community 25 Estate,tabular,xgboost,h24,2026-01-04T23:00:00,2026-01-18T23:00:00,2026-02-15T23:00:00,,,42.0
2026-02-07 22:00:00,30.0,62.461124420166016,1.0,Tema Community 25 Estate,tabular,xgboost,h24,2026-01-04T23:00:00,2026-01-18T23:00:00,2026-02-15T23:00:00,,,42.0
2026-02-07 23:00:00,23.6,63.550025939941406,1.0,Tema Community 25 Estate,tabular,xgboost,h24,2026-01-04T23:00:00,2026-01-18T23:00:00,2026-02-15T23:00:00,,,42.0
2026-02-08 00:00:00,21.0,60.51381301879883,1.0,Tema Community 25 Estate,tabular,xgboost,h24,2026-01-04T23:00:00,2026-01-18T23:00:00,2026-02-15T23:00:00,,,42.0
2026-02-08 01:00:00,25.8,54.53179168701172,1.0,Tema Community 25 Estate,tabular,xgboost,h24,2026-01-04T23:00:00,2026-01-18T23:00:00,2026-02-15T23:00:00,,,42.0
2026-02-08 02:00:00,21.8,43.957176208496094,1.0,Tema Community 25 Estate,tabular,xgboost,h24,2026-01-04T23:00:00,2026-01-18T23:00:00,2026-02-15T23:00:00,,,42.0
2026-02-08 03:00:00,21.2,55.78974151611328,1.0,Tema Community 25 Estate,tabular,xgboost,h24,2026-01-04T23:00:00,2026-01-18T23:00:00,2026-02-15T23:00:00,,,42.0
2026-02-08 04:00:00,24.4,54.86433792114258,1.0,Tema Community 25 Estate,tabular,xgboost,h24,2026-01-04T23:00:00,2026-01-18T23:00:00,2026-02-15T23:00:00,,,42.0
2026-02-08 05:00:00,42.8,58.52537155151367,1.0,Tema Community 25 Estate,tabular,xgboost,h24,2026-01-04T23:00:00,2026-01-18T23:00:00,2026-02-15T23:00:00,,,42.0
2026-02-08 06:00:00,44.0,60.61453628540039,1.0,Tema Community 25 Estate,tabular,xgboost,h24,2026-01-04T23:00:00,2026-01-18T23:00:00,2026-02-15T23:00:00,,,42.0
2026-02-08 07:00:00,43.3,59.18109893798828,1.0,Tema Community 25 Estate,tabular,xgboost,h24,2026-01-04T23:00:00,2026-01-18T23:00:00,2026-02-15T23:00:00,,,42.0
2026-02-08 08:00:00,30.7,59.74888229370117,1.0,Tema Community 25 Estate,tabular,xgboost,h24,2026-01-04T23:00:00,2026-01-18T23:00:00,2026-02-15T23:00:00,,,42.0
2026-02-08 09:00:00,24.8,64.37162780761719,1.0,Tema Community 25 Estate,tabular,xgboost,h24,2026-01-04T23:00:00,2026-01-18T23:00:00,2026-02-15T23:00:00,,,42.0
2026-02-08 10:00:00,22.9,55.8458366394043,1.0,Tema Community 25 Estate,tabular,xgboost,h24,2026-01-04T23:00:00,2026-01-18T23:00:00,2026-02-15T23:00:00,,,42.0
2026-02-08 11:00:00,20.4,60.782222747802734,1.0,Tema Community 25 Estate,tabular,xgboost,h24,2026-01-04T23:00:00,2026-01-18T23:00:00,2026-02-15T23:00:00,,,42.0
2026-02-08 12:00:00,20.2,49.378726959228516,1.0,Tema Community 25 Estate,tabular,xgboost,h24,2026-01-04T23:00:00,2026-01-18T23:00:00,2026-02-15T23:00:00,,,42.0
2026-02-08 13:00:00,17.8,50.26332092285156,1.0,Tema Community 25 Estate,tabular,xgboost,h24,2026-01-04T23:00:00,2026-01-18T23:00:00,2026-02-15T23:00:00,,,42.0
2026-02-08 14:00:00,16.1,27.705631256103516,1.0,Tema Community 25 Estate,tabular,xgboost,h24,2026-01-04T23:00:00,2026-01-18T23:00:00,2026-02-15T23:00:00,,,42.0
2026-02-08 15:00:00,13.7,39.709938049316406,1.0,Tema Community 25 Estate,tabular,xgboost,h24,2026-01-04T23:00:00,2026-01-18T23:00:00,2026-02-15T23:00:00,,,42.0
2026-02-08 16:00:00,13.0,31.133066177368164,1.0,Tema Community 25 Estate,tabular,xgboost,h24,2026-01-04T23:00:00,2026-01-18T23:00:00,2026-02-15T23:00:00,,,42.0
2026-02-08 17:00:00,14.6,37.40068435668945,1.0,Tema Community 25 Estate,tabular,xgboost,h24,2026-01-04T23:00:00,2026-01-18T23:00:00,2026-02-15T23:00:00,,,42.0
2026-02-08 18:00:00,14.8,51.057186126708984,1.0,Tema Community 25 Estate,tabular,xgboost,h24,2026-01-04T23:00:00,2026-01-18T23:00:00,2026-02-15T23:00:00,,,42.0
2026-02-08 19:00:00,16.9,44.3693962097168,1.0,Tema Community 25 Estate,tabular,xgboost,h24,2026-01-04T23:00:00,2026-01-18T23:00:00,2026-02-15T23:00:00,,,42.0
2026-02-08 20:00:00,17.6,38.999149322509766,1.0,Tema Community 25 Estate,tabular,xgboost,h24,2026-01-04T23:00:00,2026-01-18T23:00:00,2026-02-15T23:00:00,,,42.0
2026-02-08 21:00:00,19.4,43.562034606933594,1.0,Tema Community 25 Estate,tabular,xgboost,h24,2026-01-04T23:00:00,2026-01-18T23:00:00,2026-02-15T23:00:00,,,42.0
2026-02-08 22:00:00,15.3,45.10310363769531,1.0,Tema Community 25 Estate,tabular,xgboost,h24,2026-01-04T23:00:00,2026-01-18T23:00:00,2026-02-15T23:00:00,,,42.0
2026-02-08 23:00:00,13.1,55.289772033691406,1.0,Tema Community 25 Estate,tabular,xgboost,h24,2026-01-04T23:00:00,2026-01-18T23:00:00,2026-02-15T23:00:00,,,42.0
2026-02-09 00:00:00,14.0,55.78526306152344,1.0,Tema Community 25 Estate,tabular,xgboost,h24,2026-01-04T23:00:00,2026-01-18T23:00:00,2026-02-15T23:00:00,,,42.0
2026-02-09 01:00:00,16.7,43.806427001953125,1.0,Tema Community 25 Estate,tabular,xgboost,h24,2026-01-04T23:00:00,2026-01-18T23:00:00,2026-02-15T23:00:00,,,42.0
2026-02-09 02:00:00,14.1,34.63441467285156,1.0,Tema Community 25 Estate,tabular,xgboost,h24,2026-01-04T23:00:00,2026-01-18T23:00:00,2026-02-15T23:00:00,,,42.0
2026-02-09 03:00:00,15.3,51.16111755371094,1.0,Tema Community 25 Estate,tabular,xgboost,h24,2026-01-04T23:00:00,2026-01-18T23:00:00,2026-02-15T23:00:00,,,42.0
2026-02-09 04:00:00,15.6,41.56890106201172,1.0,Tema Community 25 Estate,tabular,xgboost,h24,2026-01-04T23:00:00,2026-01-18T23:00:00,2026-02-15T23:00:00,,,42.0
2026-02-09 05:00:00,22.7,56.3763313293457,1.0,Tema Community 25 Estate,tabular,xgboost,h24,2026-01-04T23:00:00,2026-01-18T23:00:00,2026-02-15T23:00:00,,,42.0
2026-02-09 06:00:00,25.4,61.9758415222168,1.0,Tema Community 25 Estate,tabular,xgboost,h24,2026-01-04T23:00:00,2026-01-18T23:00:00,2026-02-15T23:00:00,,,42.0
2026-02-09 07:00:00,25.9,50.093421936035156,1.0,Tema Community 25 Estate,tabular,xgboost,h24,2026-01-04T23:00:00,2026-01-18T23:00:00,2026-02-15T23:00:00,,,42.0
2026-02-09 08:00:00,19.8,48.211605072021484,1.0,Tema Community 25 Estate,tabular,xgboost,h24,2026-01-04T23:00:00,2026-01-18T23:00:00,2026-02-15T23:00:00,,,42.0
2026-02-09 09:00:00,19.9,44.12599563598633,1.0,Tema Community 25 Estate,tabular,xgboost,h24,2026-01-04T23:00:00,2026-01-18T23:00:00,2026-02-15T23:00:00,,,42.0
2026-02-09 10:00:00,20.3,47.49329376220703,1.0,Tema Community 25 Estate,tabular,xgboost,h24,2026-01-04T23:00:00,2026-01-18T23:00:00,2026-02-15T23:00:00,,,42.0
2026-02-09 11:00:00,23.8,41.79127883911133,1.0,Tema Community 25 Estate,tabular,xgboost,h24,2026-01-04T23:00:00,2026-01-18T23:00:00,2026-02-15T23:00:00,,,42.0
2026-02-09 12:00:00,18.1,34.744293212890625,1.0,Tema Community 25 Estate,tabular,xgboost,h24,2026-01-04T23:00:00,2026-01-18T23:00:00,2026-02-15T23:00:00,,,42.0
2026-02-09 13:00:00,15.1,40.14198303222656,1.0,Tema Community 25 Estate,tabular,xgboost,h24,2026-01-04T23:00:00,2026-01-18T23:00:00,2026-02-15T23:00:00,,,42.0
2026-02-09 14:00:00,14.4,35.0775032043457,1.0,Tema Community 25 Estate,tabular,xgboost,h24,2026-01-04T23:00:00,2026-01-18T23:00:00,2026-02-15T23:00:00,,,42.0
2026-02-09 15:00:00,14.5,24.997901916503906,1.0,Tema Community 25 Estate,tabular,xgboost,h24,2026-01-04T23:00:00,2026-01-18T23:00:00,2026-02-15T23:00:00,,,42.0
2026-02-09 16:00:00,14.7,24.135765075683594,1.0,Tema Community 25 Estate,tabular,xgboost,h24,2026-01-04T23:00:00,2026-01-18T23:00:00,2026-02-15T23:00:00,,,42.0
2026-02-09 17:00:00,17.7,29.744613647460938,1.0,Tema Community 25 Estate,tabular,xgboost,h24,2026-01-04T23:00:00,2026-01-18T23:00:00,2026-02-15T23:00:00,,,42.0
2026-02-09 18:00:00,23.5,32.170326232910156,1.0,Tema Community 25 Estate,tabular,xgboost,h24,2026-01-04T23:00:00,2026-01-18T23:00:00,2026-02-15T23:00:00,,,42.0
2026-02-09 19:00:00,15.9,25.82098388671875,1.0,Tema Community 25 Estate,tabular,xgboost,h24,2026-01-04T23:00:00,2026-01-18T23:00:00,2026-02-15T23:00:00,,,42.0
2026-02-09 20:00:00,16.3,20.570573806762695,1.0,Tema Community 25 Estate,tabular,xgboost,h24,2026-01-04T23:00:00,2026-01-18T23:00:00,2026-02-15T23:00:00,,,42.0
2026-02-09 21:00:00,17.3,22.1193790435791,1.0,Tema Community 25 Estate,tabular,xgboost,h24,2026-01-04T23:00:00,2026-01-18T23:00:00,2026-02-15T23:00:00,,,42.0
2026-02-09 22:00:00,13.7,28.218658447265625,1.0,Tema Community 25 Estate,tabular,xgboost,h24,2026-01-04T23:00:00,2026-01-18T23:00:00,2026-02-15T23:00:00,,,42.0
2026-02-09 23:00:00,19.4,31.812049865722656,1.0,Tema Community 25 Estate,tabular,xgboost,h24,2026-01-04T23:00:00,2026-01-18T23:00:00,2026-02-15T23:00:00,,,42.0
2026-02-10 00:00:00,14.9,39.725399017333984,1.0,Tema Community 25 Estate,tabular,xgboost,h24,2026-01-04T23:00:00,2026-01-18T23:00:00,2026-02-15T23:00:00,,,42.0
2026-02-10 01:00:00,13.6,40.946372985839844,1.0,Tema Community 25 Estate,tabular,xgboost,h24,2026-01-04T23:00:00,2026-01-18T23:00:00,2026-02-15T23:00:00,,,42.0
2026-02-10 02:00:00,14.8,41.433372497558594,1.0,Tema Community 25 Estate,tabular,xgboost,h24,2026-01-04T23:00:00,2026-01-18T23:00:00,2026-02-15T23:00:00,,,42.0
2026-02-10 03:00:00,9.7,35.629905700683594,1.0,Tema Community 25 Estate,tabular,xgboost,h24,2026-01-04T23:00:00,2026-01-18T23:00:00,2026-02-15T23:00:00,,,42.0
2026-02-10 04:00:00,11.9,34.9615478515625,1.0,Tema Community 25 Estate,tabular,xgboost,h24,2026-01-04T23:00:00,2026-01-18T23:00:00,2026-02-15T23:00:00,,,42.0
2026-02-10 05:00:00,23.8,38.24125671386719,1.0,Tema Community 25 Estate,tabular,xgboost,h24,2026-01-04T23:00:00,2026-01-18T23:00:00,2026-02-15T23:00:00,,,42.0
2026-02-10 06:00:00,32.7,72.17124938964844,1.0,Tema Community 25 Estate,tabular,xgboost,h24,2026-01-04T23:00:00,2026-01-18T23:00:00,2026-02-15T23:00:00,,,42.0
2026-02-10 07:00:00,30.7,58.23984146118164,1.0,Tema Community 25 Estate,tabular,xgboost,h24,2026-01-04T23:00:00,2026-01-18T23:00:00,2026-02-15T23:00:00,,,42.0
2026-02-10 08:00:00,20.8,30.60772705078125,1.0,Tema Community 25 Estate,tabular,xgboost,h24,2026-01-04T23:00:00,2026-01-18T23:00:00,2026-02-15T23:00:00,,,42.0
2026-02-10 09:00:00,15.8,46.76648712158203,1.0,Tema Community 25 Estate,tabular,xgboost,h24,2026-01-04T23:00:00,2026-01-18T23:00:00,2026-02-15T23:00:00,,,42.0
2026-02-10 10:00:00,22.1,35.192405700683594,1.0,Tema Community 25 Estate,tabular,xgboost,h24,2026-01-04T23:00:00,2026-01-18T23:00:00,2026-02-15T23:00:00,,,42.0
2026-02-10 11:00:00,18.0,39.067501068115234,1.0,Tema Community 25 Estate,tabular,xgboost,h24,2026-01-04T23:00:00,2026-01-18T23:00:00,2026-02-15T23:00:00,,,42.0
2026-02-10 12:00:00,16.5,27.092529296875,1.0,Tema Community 25 Estate,tabular,xgboost,h24,2026-01-04T23:00:00,2026-01-18T23:00:00,2026-02-15T23:00:00,,,42.0
2026-02-10 13:00:00,16.7,16.908199310302734,1.0,Tema Community 25 Estate,tabular,xgboost,h24,2026-01-04T23:00:00,2026-01-18T23:00:00,2026-02-15T23:00:00,,,42.0
2026-02-10 14:00:00,16.4,19.384817123413086,1.0,Tema Community 25 Estate,tabular,xgboost,h24,2026-01-04T23:00:00,2026-01-18T23:00:00,2026-02-15T23:00:00,,,42.0
2026-02-10 15:00:00,15.0,18.0049991607666,1.0,Tema Community 25 Estate,tabular,xgboost,h24,2026-01-04T23:00:00,2026-01-18T23:00:00,2026-02-15T23:00:00,,,42.0
2026-02-10 16:00:00,14.3,23.738361358642578,1.0,Tema Community 25 Estate,tabular,xgboost,h24,2026-01-04T23:00:00,2026-01-18T23:00:00,2026-02-15T23:00:00,,,42.0
2026-02-10 17:00:00,70.7,28.287717819213867,1.0,Tema Community 25 Estate,tabular,xgboost,h24,2026-01-04T23:00:00,2026-01-18T23:00:00,2026-02-15T23:00:00,,,42.0
2026-02-10 18:00:00,7.3,34.272647857666016,1.0,Tema Community 25 Estate,tabular,xgboost,h24,2026-01-04T23:00:00,2026-01-18T23:00:00,2026-02-15T23:00:00,,,42.0
2026-02-10 19:00:00,2.4,31.22942352294922,1.0,Tema Community 25 Estate,tabular,xgboost,h24,2026-01-04T23:00:00,2026-01-18T23:00:00,2026-02-15T23:00:00,,,42.0
2026-02-10 20:00:00,11.3,33.911460876464844,1.0,Tema Community 25 Estate,tabular,xgboost,h24,2026-01-04T23:00:00,2026-01-18T23:00:00,2026-02-15T23:00:00,,,42.0
2026-02-10 21:00:00,8.7,31.452917098999023,1.0,Tema Community 25 Estate,tabular,xgboost,h24,2026-01-04T23:00:00,2026-01-18T23:00:00,2026-02-15T23:00:00,,,42.0
2026-02-10 22:00:00,4.6,37.51064682006836,1.0,Tema Community 25 Estate,tabular,xgboost,h24,2026-01-04T23:00:00,2026-01-18T23:00:00,2026-02-15T23:00:00,,,42.0
2026-02-10 23:00:00,4.2,32.65146255493164,1.0,Tema Community 25 Estate,tabular,xgboost,h24,2026-01-04T23:00:00,2026-01-18T23:00:00,2026-02-15T23:00:00,,,42.0
2026-02-11 00:00:00,8.5,30.821290969848633,1.0,Tema Community 25 Estate,tabular,xgboost,h24,2026-01-04T23:00:00,2026-01-18T23:00:00,2026-02-15T23:00:00,,,42.0
2026-02-11 01:00:00,8.0,33.99687957763672,1.0,Tema Community 25 Estate,tabular,xgboost,h24,2026-01-04T23:00:00,2026-01-18T23:00:00,2026-02-15T23:00:00,,,42.0
2026-02-11 02:00:00,11.5,46.39834213256836,1.0,Tema Community 25 Estate,tabular,xgboost,h24,2026-01-04T23:00:00,2026-01-18T23:00:00,2026-02-15T23:00:00,,,42.0
2026-02-11 03:00:00,19.2,43.63800811767578,1.0,Tema Community 25 Estate,tabular,xgboost,h24,2026-01-04T23:00:00,2026-01-18T23:00:00,2026-02-15T23:00:00,,,42.0
2026-02-11 04:00:00,24.3,66.853271484375,1.0,Tema Community 25 Estate,tabular,xgboost,h24,2026-01-04T23:00:00,2026-01-18T23:00:00,2026-02-15T23:00:00,,,42.0
2026-02-11 05:00:00,38.1,67.84695434570312,1.0,Tema Community 25 Estate,tabular,xgboost,h24,2026-01-04T23:00:00,2026-01-18T23:00:00,2026-02-15T23:00:00,,,42.0
2026-02-11 06:00:00,22.1,61.1988639831543,1.0,Tema Community 25 Estate,tabular,xgboost,h24,2026-01-04T23:00:00,2026-01-18T23:00:00,2026-02-15T23:00:00,,,42.0
2026-02-11 07:00:00,15.0,60.2923698425293,1.0,Tema Community 25 Estate,tabular,xgboost,h24,2026-01-04T23:00:00,2026-01-18T23:00:00,2026-02-15T23:00:00,,,42.0
2026-02-11 08:00:00,23.9,46.539527893066406,1.0,Tema Community 25 Estate,tabular,xgboost,h24,2026-01-04T23:00:00,2026-01-18T23:00:00,2026-02-15T23:00:00,,,42.0
2026-02-11 09:00:00,42.6,41.8944206237793,1.0,Tema Community 25 Estate,tabular,xgboost,h24,2026-01-04T23:00:00,2026-01-18T23:00:00,2026-02-15T23:00:00,,,42.0
2026-02-11 10:00:00,19.7,46.23214340209961,1.0,Tema Community 25 Estate,tabular,xgboost,h24,2026-01-04T23:00:00,2026-01-18T23:00:00,2026-02-15T23:00:00,,,42.0
2026-02-11 11:00:00,23.6,39.28290939331055,1.0,Tema Community 25 Estate,tabular,xgboost,h24,2026-01-04T23:00:00,2026-01-18T23:00:00,2026-02-15T23:00:00,,,42.0
2026-02-11 12:00:00,25.2,32.207557678222656,1.0,Tema Community 25 Estate,tabular,xgboost,h24,2026-01-04T23:00:00,2026-01-18T23:00:00,2026-02-15T23:00:00,,,42.0
2026-02-11 13:00:00,21.0,28.613037109375,1.0,Tema Community 25 Estate,tabular,xgboost,h24,2026-01-04T23:00:00,2026-01-18T23:00:00,2026-02-15T23:00:00,,,42.0
2026-02-11 14:00:00,24.2,38.63505172729492,1.0,Tema Community 25 Estate,tabular,xgboost,h24,2026-01-04T23:00:00,2026-01-18T23:00:00,2026-02-15T23:00:00,,,42.0
2026-02-11 15:00:00,23.9,20.581188201904297,1.0,Tema Community 25 Estate,tabular,xgboost,h24,2026-01-04T23:00:00,2026-01-18T23:00:00,2026-02-15T23:00:00,,,42.0
2026-02-11 16:00:00,20.2,18.792984008789062,1.0,Tema Community 25 Estate,tabular,xgboost,h24,2026-01-04T23:00:00,2026-01-18T23:00:00,2026-02-15T23:00:00,,,42.0
2026-02-11 17:00:00,17.6,25.265125274658203,1.0,Tema Community 25 Estate,tabular,xgboost,h24,2026-01-04T23:00:00,2026-01-18T23:00:00,2026-02-15T23:00:00,,,42.0
2026-02-11 18:00:00,17.8,33.42061233520508,1.0,Tema Community 25 Estate,tabular,xgboost,h24,2026-01-04T23:00:00,2026-01-18T23:00:00,2026-02-15T23:00:00,,,42.0
2026-02-11 19:00:00,37.7,41.773841857910156,1.0,Tema Community 25 Estate,tabular,xgboost,h24,2026-01-04T23:00:00,2026-01-18T23:00:00,2026-02-15T23:00:00,,,42.0
2026-02-11 20:00:00,41.9,36.308692932128906,1.0,Tema Community 25 Estate,tabular,xgboost,h24,2026-01-04T23:00:00,2026-01-18T23:00:00,2026-02-15T23:00:00,,,42.0
2026-02-11 21:00:00,28.4,38.637325286865234,1.0,Tema Community 25 Estate,tabular,xgboost,h24,2026-01-04T23:00:00,2026-01-18T23:00:00,2026-02-15T23:00:00,,,42.0
2026-02-11 22:00:00,41.7,35.33034133911133,1.0,Tema Community 25 Estate,tabular,xgboost,h24,2026-01-04T23:00:00,2026-01-18T23:00:00,2026-02-15T23:00:00,,,42.0
2026-02-11 23:00:00,83.5,43.7170295715332,1.0,Tema Community 25 Estate,tabular,xgboost,h24,2026-01-04T23:00:00,2026-01-18T23:00:00,2026-02-15T23:00:00,,,42.0
2026-02-12 00:00:00,54.3,37.03972625732422,1.0,Tema Community 25 Estate,tabular,xgboost,h24,2026-01-04T23:00:00,2026-01-18T23:00:00,2026-02-15T23:00:00,,,42.0
2026-02-12 01:00:00,50.1,33.11813735961914,1.0,Tema Community 25 Estate,tabular,xgboost,h24,2026-01-04T23:00:00,2026-01-18T23:00:00,2026-02-15T23:00:00,,,42.0
2026-02-12 02:00:00,49.6,28.61577606201172,1.0,Tema Community 25 Estate,tabular,xgboost,h24,2026-01-04T23:00:00,2026-01-18T23:00:00,2026-02-15T23:00:00,,,42.0
2026-02-12 03:00:00,51.1,30.881114959716797,1.0,Tema Community 25 Estate,tabular,xgboost,h24,2026-01-04T23:00:00,2026-01-18T23:00:00,2026-02-15T23:00:00,,,42.0
2026-02-12 04:00:00,46.0,39.11157989501953,1.0,Tema Community 25 Estate,tabular,xgboost,h24,2026-01-04T23:00:00,2026-01-18T23:00:00,2026-02-15T23:00:00,,,42.0
2026-02-12 05:00:00,46.2,46.61764907836914,1.0,Tema Community 25 Estate,tabular,xgboost,h24,2026-01-04T23:00:00,2026-01-18T23:00:00,2026-02-15T23:00:00,,,42.0
2026-02-12 06:00:00,54.1,67.18525695800781,1.0,Tema Community 25 Estate,tabular,xgboost,h24,2026-01-04T23:00:00,2026-01-18T23:00:00,2026-02-15T23:00:00,,,42.0
2026-02-12 07:00:00,50.8,55.620147705078125,1.0,Tema Community 25 Estate,tabular,xgboost,h24,2026-01-04T23:00:00,2026-01-18T23:00:00,2026-02-15T23:00:00,,,42.0
2026-02-12 08:00:00,22.7,35.014156341552734,1.0,Tema Community 25 Estate,tabular,xgboost,h24,2026-01-04T23:00:00,2026-01-18T23:00:00,2026-02-15T23:00:00,,,42.0
2026-02-12 09:00:00,15.4,36.022552490234375,1.0,Tema Community 25 Estate,tabular,xgboost,h24,2026-01-04T23:00:00,2026-01-18T23:00:00,2026-02-15T23:00:00,,,42.0
2026-02-12 10:00:00,11.2,26.196977615356445,1.0,Tema Community 25 Estate,tabular,xgboost,h24,2026-01-04T23:00:00,2026-01-18T23:00:00,2026-02-15T23:00:00,,,42.0
2026-02-12 11:00:00,5.3,25.698076248168945,1.0,Tema Community 25 Estate,tabular,xgboost,h24,2026-01-04T23:00:00,2026-01-18T23:00:00,2026-02-15T23:00:00,,,42.0
2026-02-12 12:00:00,6.3,26.086132049560547,1.0,Tema Community 25 Estate,tabular,xgboost,h24,2026-01-04T23:00:00,2026-01-18T23:00:00,2026-02-15T23:00:00,,,42.0
2026-02-12 13:00:00,8.5,22.86031723022461,1.0,Tema Community 25 Estate,tabular,xgboost,h24,2026-01-04T23:00:00,2026-01-18T23:00:00,2026-02-15T23:00:00,,,42.0
2026-02-12 14:00:00,9.3,28.11975860595703,1.0,Tema Community 25 Estate,tabular,xgboost,h24,2026-01-04T23:00:00,2026-01-18T23:00:00,2026-02-15T23:00:00,,,42.0
2026-02-12 15:00:00,8.6,32.23143768310547,1.0,Tema Community 25 Estate,tabular,xgboost,h24,2026-01-04T23:00:00,2026-01-18T23:00:00,2026-02-15T23:00:00,,,42.0
2026-02-12 16:00:00,7.9,23.11496925354004,1.0,Tema Community 25 Estate,tabular,xgboost,h24,2026-01-04T23:00:00,2026-01-18T23:00:00,2026-02-15T23:00:00,,,42.0
2026-02-12 17:00:00,9.6,26.28196907043457,1.0,Tema Community 25 Estate,tabular,xgboost,h24,2026-01-04T23:00:00,2026-01-18T23:00:00,2026-02-15T23:00:00,,,42.0
2026-02-12 18:00:00,12.1,29.497055053710938,1.0,Tema Community 25 Estate,tabular,xgboost,h24,2026-01-04T23:00:00,2026-01-18T23:00:00,2026-02-15T23:00:00,,,42.0
2026-02-12 19:00:00,19.6,34.59574890136719,1.0,Tema Community 25 Estate,tabular,xgboost,h24,2026-01-04T23:00:00,2026-01-18T23:00:00,2026-02-15T23:00:00,,,42.0
2026-02-12 20:00:00,15.9,27.680612564086914,1.0,Tema Community 25 Estate,tabular,xgboost,h24,2026-01-04T23:00:00,2026-01-18T23:00:00,2026-02-15T23:00:00,,,42.0
2026-02-12 21:00:00,8.6,28.845279693603516,1.0,Tema Community 25 Estate,tabular,xgboost,h24,2026-01-04T23:00:00,2026-01-18T23:00:00,2026-02-15T23:00:00,,,42.0
2026-02-12 22:00:00,12.4,27.800495147705078,1.0,Tema Community 25 Estate,tabular,xgboost,h24,2026-01-04T23:00:00,2026-01-18T23:00:00,2026-02-15T23:00:00,,,42.0
2026-02-12 23:00:00,17.4,27.78026580810547,1.0,Tema Community 25 Estate,tabular,xgboost,h24,2026-01-04T23:00:00,2026-01-18T23:00:00,2026-02-15T23:00:00,,,42.0
2026-02-13 00:00:00,14.2,26.534807205200195,1.0,Tema Community 25 Estate,tabular,xgboost,h24,2026-01-04T23:00:00,2026-01-18T23:00:00,2026-02-15T23:00:00,,,42.0
2026-02-13 01:00:00,10.5,31.598514556884766,1.0,Tema Community 25 Estate,tabular,xgboost,h24,2026-01-04T23:00:00,2026-01-18T23:00:00,2026-02-15T23:00:00,,,42.0
2026-02-13 02:00:00,16.7,38.43231201171875,1.0,Tema Community 25 Estate,tabular,xgboost,h24,2026-01-04T23:00:00,2026-01-18T23:00:00,2026-02-15T23:00:00,,,42.0
2026-02-13 03:00:00,17.5,35.34249496459961,1.0,Tema Community 25 Estate,tabular,xgboost,h24,2026-01-04T23:00:00,2026-01-18T23:00:00,2026-02-15T23:00:00,,,42.0
2026-02-13 04:00:00,29.8,38.400489807128906,1.0,Tema Community 25 Estate,tabular,xgboost,h24,2026-01-04T23:00:00,2026-01-18T23:00:00,2026-02-15T23:00:00,,,42.0
2026-02-13 05:00:00,23.2,60.046688079833984,1.0,Tema Community 25 Estate,tabular,xgboost,h24,2026-01-04T23:00:00,2026-01-18T23:00:00,2026-02-15T23:00:00,,,42.0
2026-02-13 06:00:00,29.1,60.21078872680664,1.0,Tema Community 25 Estate,tabular,xgboost,h24,2026-01-04T23:00:00,2026-01-18T23:00:00,2026-02-15T23:00:00,,,42.0
2026-02-13 07:00:00,22.9,56.10663986206055,1.0,Tema Community 25 Estate,tabular,xgboost,h24,2026-01-04T23:00:00,2026-01-18T23:00:00,2026-02-15T23:00:00,,,42.0
2026-02-13 08:00:00,10.4,39.557029724121094,1.0,Tema Community 25 Estate,tabular,xgboost,h24,2026-01-04T23:00:00,2026-01-18T23:00:00,2026-02-15T23:00:00,,,42.0
2026-02-13 09:00:00,10.2,23.640148162841797,1.0,Tema Community 25 Estate,tabular,xgboost,h24,2026-01-04T23:00:00,2026-01-18T23:00:00,2026-02-15T23:00:00,,,42.0
2026-02-13 10:00:00,13.2,25.039583206176758,1.0,Tema Community 25 Estate,tabular,xgboost,h24,2026-01-04T23:00:00,2026-01-18T23:00:00,2026-02-15T23:00:00,,,42.0
2026-02-13 11:00:00,11.4,27.601388931274414,1.0,Tema Community 25 Estate,tabular,xgboost,h24,2026-01-04T23:00:00,2026-01-18T23:00:00,2026-02-15T23:00:00,,,42.0
2026-02-13 12:00:00,8.8,28.27910804748535,1.0,Tema Community 25 Estate,tabular,xgboost,h24,2026-01-04T23:00:00,2026-01-18T23:00:00,2026-02-15T23:00:00,,,42.0
2026-02-13 13:00:00,5.8,23.600811004638672,1.0,Tema Community 25 Estate,tabular,xgboost,h24,2026-01-04T23:00:00,2026-01-18T23:00:00,2026-02-15T23:00:00,,,42.0
2026-02-13 14:00:00,5.1,29.836963653564453,1.0,Tema Community 25 Estate,tabular,xgboost,h24,2026-01-04T23:00:00,2026-01-18T23:00:00,2026-02-15T23:00:00,,,42.0
2026-02-13 15:00:00,6.6,18.391204833984375,1.0,Tema Community 25 Estate,tabular,xgboost,h24,2026-01-04T23:00:00,2026-01-18T23:00:00,2026-02-15T23:00:00,,,42.0
2026-02-13 16:00:00,6.4,20.324234008789062,1.0,Tema Community 25 Estate,tabular,xgboost,h24,2026-01-04T23:00:00,2026-01-18T23:00:00,2026-02-15T23:00:00,,,42.0
2026-02-13 17:00:00,8.3,34.48232650756836,1.0,Tema Community 25 Estate,tabular,xgboost,h24,2026-01-04T23:00:00,2026-01-18T23:00:00,2026-02-15T23:00:00,,,42.0
2026-02-13 18:00:00,10.5,26.090078353881836,1.0,Tema Community 25 Estate,tabular,xgboost,h24,2026-01-04T23:00:00,2026-01-18T23:00:00,2026-02-15T23:00:00,,,42.0
2026-02-13 19:00:00,11.2,25.63442611694336,1.0,Tema Community 25 Estate,tabular,xgboost,h24,2026-01-04T23:00:00,2026-01-18T23:00:00,2026-02-15T23:00:00,,,42.0
2026-02-13 20:00:00,12.0,27.391902923583984,1.0,Tema Community 25 Estate,tabular,xgboost,h24,2026-01-04T23:00:00,2026-01-18T23:00:00,2026-02-15T23:00:00,,,42.0
2026-02-13 21:00:00,8.7,26.239585876464844,1.0,Tema Community 25 Estate,tabular,xgboost,h24,2026-01-04T23:00:00,2026-01-18T23:00:00,2026-02-15T23:00:00,,,42.0
2026-02-13 22:00:00,6.4,25.913854598999023,1.0,Tema Community 25 Estate,tabular,xgboost,h24,2026-01-04T23:00:00,2026-01-18T23:00:00,2026-02-15T23:00:00,,,42.0
2026-02-13 23:00:00,6.5,27.194664001464844,1.0,Tema Community 25 Estate,tabular,xgboost,h24,2026-01-04T23:00:00,2026-01-18T23:00:00,2026-02-15T23:00:00,,,42.0
2026-02-14 00:00:00,6.9,33.6270866394043,1.0,Tema Community 25 Estate,tabular,xgboost,h24,2026-01-04T23:00:00,2026-01-18T23:00:00,2026-02-15T23:00:00,,,42.0
2026-02-14 01:00:00,13.6,33.883514404296875,1.0,Tema Community 25 Estate,tabular,xgboost,h24,2026-01-04T23:00:00,2026-01-18T23:00:00,2026-02-15T23:00:00,,,42.0
2026-02-14 02:00:00,7.8,30.3367919921875,1.0,Tema Community 25 Estate,tabular,xgboost,h24,2026-01-04T23:00:00,2026-01-18T23:00:00,2026-02-15T23:00:00,,,42.0
2026-02-14 03:00:00,4.4,37.82160568237305,1.0,Tema Community 25 Estate,tabular,xgboost,h24,2026-01-04T23:00:00,2026-01-18T23:00:00,2026-02-15T23:00:00,,,42.0
2026-02-14 04:00:00,7.4,46.785194396972656,1.0,Tema Community 25 Estate,tabular,xgboost,h24,2026-01-04T23:00:00,2026-01-18T23:00:00,2026-02-15T23:00:00,,,42.0
2026-02-14 05:00:00,12.7,59.111148834228516,1.0,Tema Community 25 Estate,tabular,xgboost,h24,2026-01-04T23:00:00,2026-01-18T23:00:00,2026-02-15T23:00:00,,,42.0
2026-02-14 06:00:00,17.7,69.93377685546875,1.0,Tema Community 25 Estate,tabular,xgboost,h24,2026-01-04T23:00:00,2026-01-18T23:00:00,2026-02-15T23:00:00,,,42.0
2026-02-14 07:00:00,20.0,57.08744430541992,1.0,Tema Community 25 Estate,tabular,xgboost,h24,2026-01-04T23:00:00,2026-01-18T23:00:00,2026-02-15T23:00:00,,,42.0
2026-02-14 08:00:00,15.1,35.303245544433594,1.0,Tema Community 25 Estate,tabular,xgboost,h24,2026-01-04T23:00:00,2026-01-18T23:00:00,2026-02-15T23:00:00,,,42.0
2026-02-14 09:00:00,13.9,29.728673934936523,1.0,Tema Community 25 Estate,tabular,xgboost,h24,2026-01-04T23:00:00,2026-01-18T23:00:00,2026-02-15T23:00:00,,,42.0
2026-02-14 10:00:00,10.2,32.82755661010742,1.0,Tema Community 25 Estate,tabular,xgboost,h24,2026-01-04T23:00:00,2026-01-18T23:00:00,2026-02-15T23:00:00,,,42.0
2026-02-14 11:00:00,12.8,30.321489334106445,1.0,Tema Community 25 Estate,tabular,xgboost,h24,2026-01-04T23:00:00,2026-01-18T23:00:00,2026-02-15T23:00:00,,,42.0
2026-02-14 12:00:00,20.7,24.182449340820312,1.0,Tema Community 25 Estate,tabular,xgboost,h24,2026-01-04T23:00:00,2026-01-18T23:00:00,2026-02-15T23:00:00,,,42.0
2026-02-14 13:00:00,17.3,19.8411865234375,1.0,Tema Community 25 Estate,tabular,xgboost,h24,2026-01-04T23:00:00,2026-01-18T23:00:00,2026-02-15T23:00:00,,,42.0
2026-02-14 14:00:00,10.9,16.123767852783203,1.0,Tema Community 25 Estate,tabular,xgboost,h24,2026-01-04T23:00:00,2026-01-18T23:00:00,2026-02-15T23:00:00,,,42.0
2026-02-14 15:00:00,12.4,19.65619468688965,1.0,Tema Community 25 Estate,tabular,xgboost,h24,2026-01-04T23:00:00,2026-01-18T23:00:00,2026-02-15T23:00:00,,,42.0
2026-02-14 16:00:00,22.3,19.165164947509766,1.0,Tema Community 25 Estate,tabular,xgboost,h24,2026-01-04T23:00:00,2026-01-18T23:00:00,2026-02-15T23:00:00,,,42.0
2026-02-14 17:00:00,29.8,28.010295867919922,1.0,Tema Community 25 Estate,tabular,xgboost,h24,2026-01-04T23:00:00,2026-01-18T23:00:00,2026-02-15T23:00:00,,,42.0
2026-02-14 18:00:00,34.8,25.843584060668945,1.0,Tema Community 25 Estate,tabular,xgboost,h24,2026-01-04T23:00:00,2026-01-18T23:00:00,2026-02-15T23:00:00,,,42.0
2026-02-14 19:00:00,63.6,26.127321243286133,1.0,Tema Community 25 Estate,tabular,xgboost,h24,2026-01-04T23:00:00,2026-01-18T23:00:00,2026-02-15T23:00:00,,,42.0
2026-02-14 20:00:00,79.6,22.91269302368164,1.0,Tema Community 25 Estate,tabular,xgboost,h24,2026-01-04T23:00:00,2026-01-18T23:00:00,2026-02-15T23:00:00,,,42.0
2026-02-14 21:00:00,92.1,25.668142318725586,1.0,Tema Community 25 Estate,tabular,xgboost,h24,2026-01-04T23:00:00,2026-01-18T23:00:00,2026-02-15T23:00:00,,,42.0
2026-02-14 22:00:00,64.4,34.93410110473633,1.0,Tema Community 25 Estate,tabular,xgboost,h24,2026-01-04T23:00:00,2026-01-18T23:00:00,2026-02-15T23:00:00,,,42.0
2026-02-14 23:00:00,49.1,28.25458526611328,1.0,Tema Community 25 Estate,tabular,xgboost,h24,2026-01-04T23:00:00,2026-01-18T23:00:00,2026-02-15T23:00:00,,,42.0
2026-02-15 00:00:00,35.1,34.33993911743164,1.0,Tema Community 25 Estate,tabular,xgboost,h24,2026-01-04T23:00:00,2026-01-18T23:00:00,2026-02-15T23:00:00,,,42.0
2026-02-15 01:00:00,31.7,41.11234664916992,1.0,Tema Community 25 Estate,tabular,xgboost,h24,2026-01-04T23:00:00,2026-01-18T23:00:00,2026-02-15T23:00:00,,,42.0
2026-02-15 02:00:00,30.7,37.70261001586914,1.0,Tema Community 25 Estate,tabular,xgboost,h24,2026-01-04T23:00:00,2026-01-18T23:00:00,2026-02-15T23:00:00,,,42.0
2026-02-15 03:00:00,51.9,36.25371551513672,1.0,Tema Community 25 Estate,tabular,xgboost,h24,2026-01-04T23:00:00,2026-01-18T23:00:00,2026-02-15T23:00:00,,,42.0
2026-02-15 04:00:00,39.5,49.06304168701172,1.0,Tema Community 25 Estate,tabular,xgboost,h24,2026-01-04T23:00:00,2026-01-18T23:00:00,2026-02-15T23:00:00,,,42.0
2026-02-15 05:00:00,45.6,84.04704284667969,1.0,Tema Community 25 Estate,tabular,xgboost,h24,2026-01-04T23:00:00,2026-01-18T23:00:00,2026-02-15T23:00:00,,,42.0
2026-02-15 06:00:00,63.8,74.14835357666016,1.0,Tema Community 25 Estate,tabular,xgboost,h24,2026-01-04T23:00:00,2026-01-18T23:00:00,2026-02-15T23:00:00,,,42.0
2026-02-15 07:00:00,40.5,78.77848052978516,1.0,Tema Community 25 Estate,tabular,xgboost,h24,2026-01-04T23:00:00,2026-01-18T23:00:00,2026-02-15T23:00:00,,,42.0
2026-02-15 08:00:00,20.7,40.22578048706055,1.0,Tema Community 25 Estate,tabular,xgboost,h24,2026-01-04T23:00:00,2026-01-18T23:00:00,2026-02-15T23:00:00,,,42.0
2026-02-15 09:00:00,17.3,43.562808990478516,1.0,Tema Community 25 Estate,tabular,xgboost,h24,2026-01-04T23:00:00,2026-01-18T23:00:00,2026-02-15T23:00:00,,,42.0
2026-02-15 10:00:00,14.7,22.416913986206055,1.0,Tema Community 25 Estate,tabular,xgboost,h24,2026-01-04T23:00:00,2026-01-18T23:00:00,2026-02-15T23:00:00,,,42.0
2026-02-15 11:00:00,13.1,30.566139221191406,1.0,Tema Community 25 Estate,tabular,xgboost,h24,2026-01-04T23:00:00,2026-01-18T23:00:00,2026-02-15T23:00:00,,,42.0
2026-02-15 12:00:00,12.2,25.266508102416992,1.0,Tema Community 25 Estate,tabular,xgboost,h24,2026-01-04T23:00:00,2026-01-18T23:00:00,2026-02-15T23:00:00,,,42.0
2026-02-15 13:00:00,14.0,22.789209365844727,1.0,Tema Community 25 Estate,tabular,xgboost,h24,2026-01-04T23:00:00,2026-01-18T23:00:00,2026-02-15T23:00:00,,,42.0
2026-02-15 14:00:00,10.5,25.291170120239258,1.0,Tema Community 25 Estate,tabular,xgboost,h24,2026-01-04T23:00:00,2026-01-18T23:00:00,2026-02-15T23:00:00,,,42.0
2026-02-15 15:00:00,8.6,22.049253463745117,1.0,Tema Community 25 Estate,tabular,xgboost,h24,2026-01-04T23:00:00,2026-01-18T23:00:00,2026-02-15T23:00:00,,,42.0
2026-02-15 16:00:00,7.6,27.98517417907715,1.0,Tema Community 25 Estate,tabular,xgboost,h24,2026-01-04T23:00:00,2026-01-18T23:00:00,2026-02-15T23:00:00,,,42.0
2026-02-15 17:00:00,8.0,34.57267379760742,1.0,Tema Community 25 Estate,tabular,xgboost,h24,2026-01-04T23:00:00,2026-01-18T23:00:00,2026-02-15T23:00:00,,,42.0
2026-02-15 18:00:00,7.2,34.156532287597656,1.0,Tema Community 25 Estate,tabular,xgboost,h24,2026-01-04T23:00:00,2026-01-18T23:00:00,2026-02-15T23:00:00,,,42.0
2026-02-15 19:00:00,9.0,44.061614990234375,1.0,Tema Community 25 Estate,tabular,xgboost,h24,2026-01-04T23:00:00,2026-01-18T23:00:00,2026-02-15T23:00:00,,,42.0
2026-02-15 20:00:00,8.9,38.0194091796875,1.0,Tema Community 25 Estate,tabular,xgboost,h24,2026-01-04T23:00:00,2026-01-18T23:00:00,2026-02-15T23:00:00,,,42.0
2026-02-15 21:00:00,12.1,31.43265724182129,1.0,Tema Community 25 Estate,tabular,xgboost,h24,2026-01-04T23:00:00,2026-01-18T23:00:00,2026-02-15T23:00:00,,,42.0
2026-02-15 22:00:00,15.0,40.34004592895508,1.0,Tema Community 25 Estate,tabular,xgboost,h24,2026-01-04T23:00:00,2026-01-18T23:00:00,2026-02-15T23:00:00,,,42.0
2026-02-15 23:00:00,14.2,41.297977447509766,1.0,Tema Community 25 Estate,tabular,xgboost,h24,2026-01-04T23:00:00,2026-01-18T23:00:00,2026-02-15T23:00:00,,,42.0
2026-01-18 23:00:00,44.8,52.42564392089844,1.0,Tema Community 3 SSNIT Flat,tabular,xgboost,h24,2026-01-04T23:00:00,2026-01-18T23:00:00,2026-02-15T23:00:00,,,42.0
2026-01-19 00:00:00,53.9,61.22535705566406,1.0,Tema Community 3 SSNIT Flat,tabular,xgboost,h24,2026-01-04T23:00:00,2026-01-18T23:00:00,2026-02-15T23:00:00,,,42.0
2026-01-19 01:00:00,81.0,61.16984939575195,1.0,Tema Community 3 SSNIT Flat,tabular,xgboost,h24,2026-01-04T23:00:00,2026-01-18T23:00:00,2026-02-15T23:00:00,,,42.0
2026-01-19 02:00:00,78.4,55.994483947753906,1.0,Tema Community 3 SSNIT Flat,tabular,xgboost,h24,2026-01-04T23:00:00,2026-01-18T23:00:00,2026-02-15T23:00:00,,,42.0
2026-01-19 03:00:00,44.2,58.67536163330078,1.0,Tema Community 3 SSNIT Flat,tabular,xgboost,h24,2026-01-04T23:00:00,2026-01-18T23:00:00,2026-02-15T23:00:00,,,42.0
2026-01-19 04:00:00,44.5,58.208465576171875,1.0,Tema Community 3 SSNIT Flat,tabular,xgboost,h24,2026-01-04T23:00:00,2026-01-18T23:00:00,2026-02-15T23:00:00,,,42.0
2026-01-19 05:00:00,45.4,60.091800689697266,1.0,Tema Community 3 SSNIT Flat,tabular,xgboost,h24,2026-01-04T23:00:00,2026-01-18T23:00:00,2026-02-15T23:00:00,,,42.0
2026-01-19 06:00:00,57.0,68.84803009033203,1.0,Tema Community 3 SSNIT Flat,tabular,xgboost,h24,2026-01-04T23:00:00,2026-01-18T23:00:00,2026-02-15T23:00:00,,,42.0
2026-01-19 07:00:00,51.5,67.60698699951172,1.0,Tema Community 3 SSNIT Flat,tabular,xgboost,h24,2026-01-04T23:00:00,2026-01-18T23:00:00,2026-02-15T23:00:00,,,42.0
2026-01-19 08:00:00,50.8,65.70249938964844,1.0,Tema Community 3 SSNIT Flat,tabular,xgboost,h24,2026-01-04T23:00:00,2026-01-18T23:00:00,2026-02-15T23:00:00,,,42.0
2026-01-19 09:00:00,50.6,63.70491409301758,1.0,Tema Community 3 SSNIT Flat,tabular,xgboost,h24,2026-01-04T23:00:00,2026-01-18T23:00:00,2026-02-15T23:00:00,,,42.0
2026-01-19 10:00:00,37.5,62.77326965332031,1.0,Tema Community 3 SSNIT Flat,tabular,xgboost,h24,2026-01-04T23:00:00,2026-01-18T23:00:00,2026-02-15T23:00:00,,,42.0
2026-01-19 11:00:00,35.7,63.892635345458984,1.0,Tema Community 3 SSNIT Flat,tabular,xgboost,h24,2026-01-04T23:00:00,2026-01-18T23:00:00,2026-02-15T23:00:00,,,42.0
2026-01-19 12:00:00,37.7,57.644935607910156,1.0,Tema Community 3 SSNIT Flat,tabular,xgboost,h24,2026-01-04T23:00:00,2026-01-18T23:00:00,2026-02-15T23:00:00,,,42.0
2026-01-19 13:00:00,34.1,53.336971282958984,1.0,Tema Community 3 SSNIT Flat,tabular,xgboost,h24,2026-01-04T23:00:00,2026-01-18T23:00:00,2026-02-15T23:00:00,,,42.0
2026-01-19 14:00:00,34.5,45.69371032714844,1.0,Tema Community 3 SSNIT Flat,tabular,xgboost,h24,2026-01-04T23:00:00,2026-01-18T23:00:00,2026-02-15T23:00:00,,,42.0
2026-01-19 15:00:00,37.1,43.558258056640625,1.0,Tema Community 3 SSNIT Flat,tabular,xgboost,h24,2026-01-04T23:00:00,2026-01-18T23:00:00,2026-02-15T23:00:00,,,42.0
2026-01-19 16:00:00,34.6,45.31001281738281,1.0,Tema Community 3 SSNIT Flat,tabular,xgboost,h24,2026-01-04T23:00:00,2026-01-18T23:00:00,2026-02-15T23:00:00,,,42.0
2026-01-19 17:00:00,34.3,48.89322280883789,1.0,Tema Community 3 SSNIT Flat,tabular,xgboost,h24,2026-01-04T23:00:00,2026-01-18T23:00:00,2026-02-15T23:00:00,,,42.0
2026-01-19 18:00:00,35.1,62.041046142578125,1.0,Tema Community 3 SSNIT Flat,tabular,xgboost,h24,2026-01-04T23:00:00,2026-01-18T23:00:00,2026-02-15T23:00:00,,,42.0
2026-01-19 19:00:00,35.3,69.14736938476562,1.0,Tema Community 3 SSNIT Flat,tabular,xgboost,h24,2026-01-04T23:00:00,2026-01-18T23:00:00,2026-02-15T23:00:00,,,42.0
2026-01-19 20:00:00,32.9,66.17882537841797,1.0,Tema Community 3 SSNIT Flat,tabular,xgboost,h24,2026-01-04T23:00:00,2026-01-18T23:00:00,2026-02-15T23:00:00,,,42.0
2026-01-19 21:00:00,33.8,63.651432037353516,1.0,Tema Community 3 SSNIT Flat,tabular,xgboost,h24,2026-01-04T23:00:00,2026-01-18T23:00:00,2026-02-15T23:00:00,,,42.0
2026-01-19 22:00:00,34.1,50.69825744628906,1.0,Tema Community 3 SSNIT Flat,tabular,xgboost,h24,2026-01-04T23:00:00,2026-01-18T23:00:00,2026-02-15T23:00:00,,,42.0
2026-01-19 23:00:00,32.5,53.259376525878906,1.0,Tema Community 3 SSNIT Flat,tabular,xgboost,h24,2026-01-04T23:00:00,2026-01-18T23:00:00,2026-02-15T23:00:00,,,42.0
2026-01-20 00:00:00,36.9,61.8538932800293,1.0,Tema Community 3 SSNIT Flat,tabular,xgboost,h24,2026-01-04T23:00:00,2026-01-18T23:00:00,2026-02-15T23:00:00,,,42.0
2026-01-20 01:00:00,34.9,59.64925003051758,1.0,Tema Community 3 SSNIT Flat,tabular,xgboost,h24,2026-01-04T23:00:00,2026-01-18T23:00:00,2026-02-15T23:00:00,,,42.0
2026-01-20 02:00:00,39.1,66.95026397705078,1.0,Tema Community 3 SSNIT Flat,tabular,xgboost,h24,2026-01-04T23:00:00,2026-01-18T23:00:00,2026-02-15T23:00:00,,,42.0
2026-01-20 03:00:00,41.6,62.969871520996094,1.0,Tema Community 3 SSNIT Flat,tabular,xgboost,h24,2026-01-04T23:00:00,2026-01-18T23:00:00,2026-02-15T23:00:00,,,42.0
2026-01-20 04:00:00,38.3,55.45973587036133,1.0,Tema Community 3 SSNIT Flat,tabular,xgboost,h24,2026-01-04T23:00:00,2026-01-18T23:00:00,2026-02-15T23:00:00,,,42.0
2026-01-20 05:00:00,40.8,62.808231353759766,1.0,Tema Community 3 SSNIT Flat,tabular,xgboost,h24,2026-01-04T23:00:00,2026-01-18T23:00:00,2026-02-15T23:00:00,,,42.0
2026-01-20 06:00:00,42.9,70.58647155761719,1.0,Tema Community 3 SSNIT Flat,tabular,xgboost,h24,2026-01-04T23:00:00,2026-01-18T23:00:00,2026-02-15T23:00:00,,,42.0
2026-01-20 07:00:00,44.1,71.74868774414062,1.0,Tema Community 3 SSNIT Flat,tabular,xgboost,h24,2026-01-04T23:00:00,2026-01-18T23:00:00,2026-02-15T23:00:00,,,42.0
2026-01-20 08:00:00,42.4,63.93246841430664,1.0,Tema Community 3 SSNIT Flat,tabular,xgboost,h24,2026-01-04T23:00:00,2026-01-18T23:00:00,2026-02-15T23:00:00,,,42.0
2026-01-20 09:00:00,40.3,57.58472442626953,1.0,Tema Community 3 SSNIT Flat,tabular,xgboost,h24,2026-01-04T23:00:00,2026-01-18T23:00:00,2026-02-15T23:00:00,,,42.0
2026-01-20 10:00:00,33.6,63.08970260620117,1.0,Tema Community 3 SSNIT Flat,tabular,xgboost,h24,2026-01-04T23:00:00,2026-01-18T23:00:00,2026-02-15T23:00:00,,,42.0
2026-01-20 11:00:00,29.7,58.91290283203125,1.0,Tema Community 3 SSNIT Flat,tabular,xgboost,h24,2026-01-04T23:00:00,2026-01-18T23:00:00,2026-02-15T23:00:00,,,42.0
2026-01-20 12:00:00,29.4,50.31622314453125,1.0,Tema Community 3 SSNIT Flat,tabular,xgboost,h24,2026-01-04T23:00:00,2026-01-18T23:00:00,2026-02-15T23:00:00,,,42.0
2026-01-20 13:00:00,25.8,43.98446273803711,1.0,Tema Community 3 SSNIT Flat,tabular,xgboost,h24,2026-01-04T23:00:00,2026-01-18T23:00:00,2026-02-15T23:00:00,,,42.0
2026-01-20 14:00:00,26.3,36.73579406738281,1.0,Tema Community 3 SSNIT Flat,tabular,xgboost,h24,2026-01-04T23:00:00,2026-01-18T23:00:00,2026-02-15T23:00:00,,,42.0
2026-01-20 15:00:00,46.2,42.27598190307617,1.0,Tema Community 3 SSNIT Flat,tabular,xgboost,h24,2026-01-04T23:00:00,2026-01-18T23:00:00,2026-02-15T23:00:00,,,42.0
2026-01-20 16:00:00,28.5,48.41758728027344,1.0,Tema Community 3 SSNIT Flat,tabular,xgboost,h24,2026-01-04T23:00:00,2026-01-18T23:00:00,2026-02-15T23:00:00,,,42.0
2026-01-20 17:00:00,28.1,58.52389907836914,1.0,Tema Community 3 SSNIT Flat,tabular,xgboost,h24,2026-01-04T23:00:00,2026-01-18T23:00:00,2026-02-15T23:00:00,,,42.0
2026-01-20 18:00:00,45.2,63.44794464111328,1.0,Tema Community 3 SSNIT Flat,tabular,xgboost,h24,2026-01-04T23:00:00,2026-01-18T23:00:00,2026-02-15T23:00:00,,,42.0
2026-01-20 19:00:00,42.5,61.29851150512695,1.0,Tema Community 3 SSNIT Flat,tabular,xgboost,h24,2026-01-04T23:00:00,2026-01-18T23:00:00,2026-02-15T23:00:00,,,42.0
2026-01-20 20:00:00,34.8,63.45516586303711,1.0,Tema Community 3 SSNIT Flat,tabular,xgboost,h24,2026-01-04T23:00:00,2026-01-18T23:00:00,2026-02-15T23:00:00,,,42.0
2026-01-20 21:00:00,29.6,58.35269546508789,1.0,Tema Community 3 SSNIT Flat,tabular,xgboost,h24,2026-01-04T23:00:00,2026-01-18T23:00:00,2026-02-15T23:00:00,,,42.0
2026-01-20 22:00:00,6.9,63.915836334228516,1.0,Tema Community 3 SSNIT Flat,tabular,xgboost,h24,2026-01-04T23:00:00,2026-01-18T23:00:00,2026-02-15T23:00:00,,,42.0
2026-01-20 23:00:00,3.7,64.0332260131836,1.0,Tema Community 3 SSNIT Flat,tabular,xgboost,h24,2026-01-04T23:00:00,2026-01-18T23:00:00,2026-02-15T23:00:00,,,42.0
2026-01-21 00:00:00,7.9,59.21531295776367,1.0,Tema Community 3 SSNIT Flat,tabular,xgboost,h24,2026-01-04T23:00:00,2026-01-18T23:00:00,2026-02-15T23:00:00,,,42.0
2026-01-21 01:00:00,16.5,59.07103729248047,1.0,Tema Community 3 SSNIT Flat,tabular,xgboost,h24,2026-01-04T23:00:00,2026-01-18T23:00:00,2026-02-15T23:00:00,,,42.0
2026-01-21 02:00:00,26.1,60.47636032104492,1.0,Tema Community 3 SSNIT Flat,tabular,xgboost,h24,2026-01-04T23:00:00,2026-01-18T23:00:00,2026-02-15T23:00:00,,,42.0
2026-01-21 03:00:00,39.9,63.076927185058594,1.0,Tema Community 3 SSNIT Flat,tabular,xgboost,h24,2026-01-04T23:00:00,2026-01-18T23:00:00,2026-02-15T23:00:00,,,42.0
2026-01-21 04:00:00,61.3,67.97559356689453,1.0,Tema Community 3 SSNIT Flat,tabular,xgboost,h24,2026-01-04T23:00:00,2026-01-18T23:00:00,2026-02-15T23:00:00,,,42.0
2026-01-21 05:00:00,40.6,71.25305938720703,1.0,Tema Community 3 SSNIT Flat,tabular,xgboost,h24,2026-01-04T23:00:00,2026-01-18T23:00:00,2026-02-15T23:00:00,,,42.0
2026-01-21 06:00:00,87.8,76.72015380859375,1.0,Tema Community 3 SSNIT Flat,tabular,xgboost,h24,2026-01-04T23:00:00,2026-01-18T23:00:00,2026-02-15T23:00:00,,,42.0
2026-01-21 07:00:00,67.9,75.25674438476562,1.0,Tema Community 3 SSNIT Flat,tabular,xgboost,h24,2026-01-04T23:00:00,2026-01-18T23:00:00,2026-02-15T23:00:00,,,42.0
2026-01-21 08:00:00,35.9,62.05389404296875,1.0,Tema Community 3 SSNIT Flat,tabular,xgboost,h24,2026-01-04T23:00:00,2026-01-18T23:00:00,2026-02-15T23:00:00,,,42.0
2026-01-21 09:00:00,32.8,60.14057540893555,1.0,Tema Community 3 SSNIT Flat,tabular,xgboost,h24,2026-01-04T23:00:00,2026-01-18T23:00:00,2026-02-15T23:00:00,,,42.0
2026-01-21 10:00:00,34.1,60.46001052856445,1.0,Tema Community 3 SSNIT Flat,tabular,xgboost,h24,2026-01-04T23:00:00,2026-01-18T23:00:00,2026-02-15T23:00:00,,,42.0
2026-01-21 11:00:00,34.7,64.0401382446289,1.0,Tema Community 3 SSNIT Flat,tabular,xgboost,h24,2026-01-04T23:00:00,2026-01-18T23:00:00,2026-02-15T23:00:00,,,42.0
2026-01-21 12:00:00,31.9,53.02242660522461,1.0,Tema Community 3 SSNIT Flat,tabular,xgboost,h24,2026-01-04T23:00:00,2026-01-18T23:00:00,2026-02-15T23:00:00,,,42.0
2026-01-21 13:00:00,25.8,68.6183090209961,1.0,Tema Community 3 SSNIT Flat,tabular,xgboost,h24,2026-01-04T23:00:00,2026-01-18T23:00:00,2026-02-15T23:00:00,,,42.0
2026-01-21 14:00:00,30.7,55.452178955078125,1.0,Tema Community 3 SSNIT Flat,tabular,xgboost,h24,2026-01-04T23:00:00,2026-01-18T23:00:00,2026-02-15T23:00:00,,,42.0
2026-01-21 15:00:00,24.9,52.17335891723633,1.0,Tema Community 3 SSNIT Flat,tabular,xgboost,h24,2026-01-04T23:00:00,2026-01-18T23:00:00,2026-02-15T23:00:00,,,42.0
2026-01-21 16:00:00,27.6,46.464515686035156,1.0,Tema Community 3 SSNIT Flat,tabular,xgboost,h24,2026-01-04T23:00:00,2026-01-18T23:00:00,2026-02-15T23:00:00,,,42.0
2026-01-21 17:00:00,28.6,50.34305191040039,1.0,Tema Community 3 SSNIT Flat,tabular,xgboost,h24,2026-01-04T23:00:00,2026-01-18T23:00:00,2026-02-15T23:00:00,,,42.0
2026-01-21 18:00:00,31.9,57.32667541503906,1.0,Tema Community 3 SSNIT Flat,tabular,xgboost,h24,2026-01-04T23:00:00,2026-01-18T23:00:00,2026-02-15T23:00:00,,,42.0
2026-01-21 19:00:00,29.6,59.711849212646484,1.0,Tema Community 3 SSNIT Flat,tabular,xgboost,h24,2026-01-04T23:00:00,2026-01-18T23:00:00,2026-02-15T23:00:00,,,42.0
2026-01-21 20:00:00,28.9,61.0038948059082,1.0,Tema Community 3 SSNIT Flat,tabular,xgboost,h24,2026-01-04T23:00:00,2026-01-18T23:00:00,2026-02-15T23:00:00,,,42.0
2026-01-21 21:00:00,30.0,63.7579345703125,1.0,Tema Community 3 SSNIT Flat,tabular,xgboost,h24,2026-01-04T23:00:00,2026-01-18T23:00:00,2026-02-15T23:00:00,,,42.0
2026-01-21 22:00:00,30.2,90.09848022460938,1.0,Tema Community 3 SSNIT Flat,tabular,xgboost,h24,2026-01-04T23:00:00,2026-01-18T23:00:00,2026-02-15T23:00:00,,,42.0
2026-01-21 23:00:00,32.7,82.09124755859375,1.0,Tema Community 3 SSNIT Flat,tabular,xgboost,h24,2026-01-04T23:00:00,2026-01-18T23:00:00,2026-02-15T23:00:00,,,42.0
2026-01-22 00:00:00,31.7,86.9814682006836,1.0,Tema Community 3 SSNIT Flat,tabular,xgboost,h24,2026-01-04T23:00:00,2026-01-18T23:00:00,2026-02-15T23:00:00,,,42.0
2026-01-22 01:00:00,32.5,84.46002960205078,1.0,Tema Community 3 SSNIT Flat,tabular,xgboost,h24,2026-01-04T23:00:00,2026-01-18T23:00:00,2026-02-15T23:00:00,,,42.0
2026-01-22 02:00:00,34.4,75.50638580322266,1.0,Tema Community 3 SSNIT Flat,tabular,xgboost,h24,2026-01-04T23:00:00,2026-01-18T23:00:00,2026-02-15T23:00:00,,,42.0
2026-01-22 03:00:00,36.0,54.70099639892578,1.0,Tema Community 3 SSNIT Flat,tabular,xgboost,h24,2026-01-04T23:00:00,2026-01-18T23:00:00,2026-02-15T23:00:00,,,42.0
2026-01-22 04:00:00,32.5,60.89688491821289,1.0,Tema Community 3 SSNIT Flat,tabular,xgboost,h24,2026-01-04T23:00:00,2026-01-18T23:00:00,2026-02-15T23:00:00,,,42.0
2026-01-22 05:00:00,40.9,62.30818176269531,1.0,Tema Community 3 SSNIT Flat,tabular,xgboost,h24,2026-01-04T23:00:00,2026-01-18T23:00:00,2026-02-15T23:00:00,,,42.0
2026-01-22 06:00:00,44.0,64.0467758178711,1.0,Tema Community 3 SSNIT Flat,tabular,xgboost,h24,2026-01-04T23:00:00,2026-01-18T23:00:00,2026-02-15T23:00:00,,,42.0
2026-01-22 07:00:00,38.6,73.03063201904297,1.0,Tema Community 3 SSNIT Flat,tabular,xgboost,h24,2026-01-04T23:00:00,2026-01-18T23:00:00,2026-02-15T23:00:00,,,42.0
2026-01-22 08:00:00,37.3,61.7908935546875,1.0,Tema Community 3 SSNIT Flat,tabular,xgboost,h24,2026-01-04T23:00:00,2026-01-18T23:00:00,2026-02-15T23:00:00,,,42.0
2026-01-22 09:00:00,37.7,55.746803283691406,1.0,Tema Community 3 SSNIT Flat,tabular,xgboost,h24,2026-01-04T23:00:00,2026-01-18T23:00:00,2026-02-15T23:00:00,,,42.0
2026-01-22 10:00:00,38.1,56.087284088134766,1.0,Tema Community 3 SSNIT Flat,tabular,xgboost,h24,2026-01-04T23:00:00,2026-01-18T23:00:00,2026-02-15T23:00:00,,,42.0
2026-01-22 11:00:00,38.6,56.209228515625,1.0,Tema Community 3 SSNIT Flat,tabular,xgboost,h24,2026-01-04T23:00:00,2026-01-18T23:00:00,2026-02-15T23:00:00,,,42.0
2026-01-22 12:00:00,38.3,49.31764602661133,1.0,Tema Community 3 SSNIT Flat,tabular,xgboost,h24,2026-01-04T23:00:00,2026-01-18T23:00:00,2026-02-15T23:00:00,,,42.0
2026-01-22 13:00:00,34.1,52.98243713378906,1.0,Tema Community 3 SSNIT Flat,tabular,xgboost,h24,2026-01-04T23:00:00,2026-01-18T23:00:00,2026-02-15T23:00:00,,,42.0
2026-01-22 14:00:00,30.5,39.341880798339844,1.0,Tema Community 3 SSNIT Flat,tabular,xgboost,h24,2026-01-04T23:00:00,2026-01-18T23:00:00,2026-02-15T23:00:00,,,42.0
2026-01-22 15:00:00,27.5,54.76156997680664,1.0,Tema Community 3 SSNIT Flat,tabular,xgboost,h24,2026-01-04T23:00:00,2026-01-18T23:00:00,2026-02-15T23:00:00,,,42.0
2026-01-22 16:00:00,30.5,50.42043685913086,1.0,Tema Community 3 SSNIT Flat,tabular,xgboost,h24,2026-01-04T23:00:00,2026-01-18T23:00:00,2026-02-15T23:00:00,,,42.0
2026-01-22 17:00:00,27.0,67.53749084472656,1.0,Tema Community 3 SSNIT Flat,tabular,xgboost,h24,2026-01-04T23:00:00,2026-01-18T23:00:00,2026-02-15T23:00:00,,,42.0
2026-01-22 18:00:00,26.9,73.26242065429688,1.0,Tema Community 3 SSNIT Flat,tabular,xgboost,h24,2026-01-04T23:00:00,2026-01-18T23:00:00,2026-02-15T23:00:00,,,42.0
2026-01-22 19:00:00,25.2,70.4072036743164,1.0,Tema Community 3 SSNIT Flat,tabular,xgboost,h24,2026-01-04T23:00:00,2026-01-18T23:00:00,2026-02-15T23:00:00,,,42.0
2026-01-22 20:00:00,25.3,65.38125610351562,1.0,Tema Community 3 SSNIT Flat,tabular,xgboost,h24,2026-01-04T23:00:00,2026-01-18T23:00:00,2026-02-15T23:00:00,,,42.0
2026-01-22 21:00:00,25.1,59.68534469604492,1.0,Tema Community 3 SSNIT Flat,tabular,xgboost,h24,2026-01-04T23:00:00,2026-01-18T23:00:00,2026-02-15T23:00:00,,,42.0
2026-01-22 22:00:00,24.3,51.529762268066406,1.0,Tema Community 3 SSNIT Flat,tabular,xgboost,h24,2026-01-04T23:00:00,2026-01-18T23:00:00,2026-02-15T23:00:00,,,42.0
2026-01-22 23:00:00,25.8,60.9002685546875,1.0,Tema Community 3 SSNIT Flat,tabular,xgboost,h24,2026-01-04T23:00:00,2026-01-18T23:00:00,2026-02-15T23:00:00,,,42.0
2026-01-23 00:00:00,30.8,58.05343246459961,1.0,Tema Community 3 SSNIT Flat,tabular,xgboost,h24,2026-01-04T23:00:00,2026-01-18T23:00:00,2026-02-15T23:00:00,,,42.0
2026-01-23 01:00:00,33.8,68.96975708007812,1.0,Tema Community 3 SSNIT Flat,tabular,xgboost,h24,2026-01-04T23:00:00,2026-01-18T23:00:00,2026-02-15T23:00:00,,,42.0
2026-01-23 02:00:00,88.5,69.13235473632812,1.0,Tema Community 3 SSNIT Flat,tabular,xgboost,h24,2026-01-04T23:00:00,2026-01-18T23:00:00,2026-02-15T23:00:00,,,42.0
2026-01-23 03:00:00,47.3,69.17623138427734,1.0,Tema Community 3 SSNIT Flat,tabular,xgboost,h24,2026-01-04T23:00:00,2026-01-18T23:00:00,2026-02-15T23:00:00,,,42.0
2026-01-23 04:00:00,91.2,64.3607406616211,1.0,Tema Community 3 SSNIT Flat,tabular,xgboost,h24,2026-01-04T23:00:00,2026-01-18T23:00:00,2026-02-15T23:00:00,,,42.0
2026-01-23 05:00:00,123.0,54.730567932128906,1.0,Tema Community 3 SSNIT Flat,tabular,xgboost,h24,2026-01-04T23:00:00,2026-01-18T23:00:00,2026-02-15T23:00:00,,,42.0
2026-01-23 06:00:00,107.1,61.43916320800781,1.0,Tema Community 3 SSNIT Flat,tabular,xgboost,h24,2026-01-04T23:00:00,2026-01-18T23:00:00,2026-02-15T23:00:00,,,42.0
2026-01-23 07:00:00,101.6,68.21451568603516,1.0,Tema Community 3 SSNIT Flat,tabular,xgboost,h24,2026-01-04T23:00:00,2026-01-18T23:00:00,2026-02-15T23:00:00,,,42.0
2026-01-23 08:00:00,40.6,47.49745559692383,1.0,Tema Community 3 SSNIT Flat,tabular,xgboost,h24,2026-01-04T23:00:00,2026-01-18T23:00:00,2026-02-15T23:00:00,,,42.0
2026-01-23 09:00:00,38.1,48.910789489746094,1.0,Tema Community 3 SSNIT Flat,tabular,xgboost,h24,2026-01-04T23:00:00,2026-01-18T23:00:00,2026-02-15T23:00:00,,,42.0
2026-01-23 10:00:00,39.2,53.05842208862305,1.0,Tema Community 3 SSNIT Flat,tabular,xgboost,h24,2026-01-04T23:00:00,2026-01-18T23:00:00,2026-02-15T23:00:00,,,42.0
2026-01-23 11:00:00,31.5,51.962257385253906,1.0,Tema Community 3 SSNIT Flat,tabular,xgboost,h24,2026-01-04T23:00:00,2026-01-18T23:00:00,2026-02-15T23:00:00,,,42.0
2026-01-23 12:00:00,28.2,49.85698318481445,1.0,Tema Community 3 SSNIT Flat,tabular,xgboost,h24,2026-01-04T23:00:00,2026-01-18T23:00:00,2026-02-15T23:00:00,,,42.0
2026-01-23 13:00:00,20.5,42.93587875366211,1.0,Tema Community 3 SSNIT Flat,tabular,xgboost,h24,2026-01-04T23:00:00,2026-01-18T23:00:00,2026-02-15T23:00:00,,,42.0
2026-01-23 14:00:00,19.5,36.01813507080078,1.0,Tema Community 3 SSNIT Flat,tabular,xgboost,h24,2026-01-04T23:00:00,2026-01-18T23:00:00,2026-02-15T23:00:00,,,42.0
2026-01-23 15:00:00,17.8,46.30424880981445,1.0,Tema Community 3 SSNIT Flat,tabular,xgboost,h24,2026-01-04T23:00:00,2026-01-18T23:00:00,2026-02-15T23:00:00,,,42.0
2026-01-23 16:00:00,19.3,55.827049255371094,1.0,Tema Community 3 SSNIT Flat,tabular,xgboost,h24,2026-01-04T23:00:00,2026-01-18T23:00:00,2026-02-15T23:00:00,,,42.0
2026-01-23 17:00:00,21.6,59.782066345214844,1.0,Tema Community 3 SSNIT Flat,tabular,xgboost,h24,2026-01-04T23:00:00,2026-01-18T23:00:00,2026-02-15T23:00:00,,,42.0
2026-01-23 18:00:00,22.4,76.69461059570312,1.0,Tema Community 3 SSNIT Flat,tabular,xgboost,h24,2026-01-04T23:00:00,2026-01-18T23:00:00,2026-02-15T23:00:00,,,42.0
2026-01-23 19:00:00,20.3,76.14350891113281,1.0,Tema Community 3 SSNIT Flat,tabular,xgboost,h24,2026-01-04T23:00:00,2026-01-18T23:00:00,2026-02-15T23:00:00,,,42.0
2026-01-23 20:00:00,17.6,77.01936340332031,1.0,Tema Community 3 SSNIT Flat,tabular,xgboost,h24,2026-01-04T23:00:00,2026-01-18T23:00:00,2026-02-15T23:00:00,,,42.0
2026-01-23 21:00:00,18.1,71.2735366821289,1.0,Tema Community 3 SSNIT Flat,tabular,xgboost,h24,2026-01-04T23:00:00,2026-01-18T23:00:00,2026-02-15T23:00:00,,,42.0
2026-01-23 22:00:00,31.0,65.9728012084961,1.0,Tema Community 3 SSNIT Flat,tabular,xgboost,h24,2026-01-04T23:00:00,2026-01-18T23:00:00,2026-02-15T23:00:00,,,42.0
2026-01-23 23:00:00,45.5,64.51282501220703,1.0,Tema Community 3 SSNIT Flat,tabular,xgboost,h24,2026-01-04T23:00:00,2026-01-18T23:00:00,2026-02-15T23:00:00,,,42.0
2026-01-24 00:00:00,49.9,57.44911575317383,1.0,Tema Community 3 SSNIT Flat,tabular,xgboost,h24,2026-01-04T23:00:00,2026-01-18T23:00:00,2026-02-15T23:00:00,,,42.0
2026-01-24 01:00:00,55.5,61.26301193237305,1.0,Tema Community 3 SSNIT Flat,tabular,xgboost,h24,2026-01-04T23:00:00,2026-01-18T23:00:00,2026-02-15T23:00:00,,,42.0
2026-01-24 02:00:00,43.3,64.49446868896484,1.0,Tema Community 3 SSNIT Flat,tabular,xgboost,h24,2026-01-04T23:00:00,2026-01-18T23:00:00,2026-02-15T23:00:00,,,42.0
2026-01-24 03:00:00,55.5,59.773990631103516,1.0,Tema Community 3 SSNIT Flat,tabular,xgboost,h24,2026-01-04T23:00:00,2026-01-18T23:00:00,2026-02-15T23:00:00,,,42.0
2026-01-24 04:00:00,121.5,61.325504302978516,1.0,Tema Community 3 SSNIT Flat,tabular,xgboost,h24,2026-01-04T23:00:00,2026-01-18T23:00:00,2026-02-15T23:00:00,,,42.0
2026-01-24 05:00:00,40.5,72.48336029052734,1.0,Tema Community 3 SSNIT Flat,tabular,xgboost,h24,2026-01-04T23:00:00,2026-01-18T23:00:00,2026-02-15T23:00:00,,,42.0
2026-01-24 06:00:00,53.3,71.76848602294922,1.0,Tema Community 3 SSNIT Flat,tabular,xgboost,h24,2026-01-04T23:00:00,2026-01-18T23:00:00,2026-02-15T23:00:00,,,42.0
2026-01-24 07:00:00,51.4,63.842437744140625,1.0,Tema Community 3 SSNIT Flat,tabular,xgboost,h24,2026-01-04T23:00:00,2026-01-18T23:00:00,2026-02-15T23:00:00,,,42.0
2026-01-24 08:00:00,47.1,52.989410400390625,1.0,Tema Community 3 SSNIT Flat,tabular,xgboost,h24,2026-01-04T23:00:00,2026-01-18T23:00:00,2026-02-15T23:00:00,,,42.0
2026-01-24 09:00:00,44.6,47.1597785949707,1.0,Tema Community 3 SSNIT Flat,tabular,xgboost,h24,2026-01-04T23:00:00,2026-01-18T23:00:00,2026-02-15T23:00:00,,,42.0
2026-01-24 10:00:00,73.0,52.86330032348633,1.0,Tema Community 3 SSNIT Flat,tabular,xgboost,h24,2026-01-04T23:00:00,2026-01-18T23:00:00,2026-02-15T23:00:00,,,42.0
2026-01-24 11:00:00,39.4,46.152931213378906,1.0,Tema Community 3 SSNIT Flat,tabular,xgboost,h24,2026-01-04T23:00:00,2026-01-18T23:00:00,2026-02-15T23:00:00,,,42.0
2026-01-24 12:00:00,31.0,45.422943115234375,1.0,Tema Community 3 SSNIT Flat,tabular,xgboost,h24,2026-01-04T23:00:00,2026-01-18T23:00:00,2026-02-15T23:00:00,,,42.0
2026-01-24 13:00:00,28.5,50.92684555053711,1.0,Tema Community 3 SSNIT Flat,tabular,xgboost,h24,2026-01-04T23:00:00,2026-01-18T23:00:00,2026-02-15T23:00:00,,,42.0
2026-01-24 14:00:00,23.9,46.212345123291016,1.0,Tema Community 3 SSNIT Flat,tabular,xgboost,h24,2026-01-04T23:00:00,2026-01-18T23:00:00,2026-02-15T23:00:00,,,42.0
2026-01-24 15:00:00,24.4,55.771949768066406,1.0,Tema Community 3 SSNIT Flat,tabular,xgboost,h24,2026-01-04T23:00:00,2026-01-18T23:00:00,2026-02-15T23:00:00,,,42.0
2026-01-24 16:00:00,24.8,51.089317321777344,1.0,Tema Community 3 SSNIT Flat,tabular,xgboost,h24,2026-01-04T23:00:00,2026-01-18T23:00:00,2026-02-15T23:00:00,,,42.0
2026-01-24 17:00:00,26.6,48.89943313598633,1.0,Tema Community 3 SSNIT Flat,tabular,xgboost,h24,2026-01-04T23:00:00,2026-01-18T23:00:00,2026-02-15T23:00:00,,,42.0
2026-01-24 18:00:00,27.2,71.07920837402344,1.0,Tema Community 3 SSNIT Flat,tabular,xgboost,h24,2026-01-04T23:00:00,2026-01-18T23:00:00,2026-02-15T23:00:00,,,42.0
2026-01-24 19:00:00,25.1,71.09529113769531,1.0,Tema Community 3 SSNIT Flat,tabular,xgboost,h24,2026-01-04T23:00:00,2026-01-18T23:00:00,2026-02-15T23:00:00,,,42.0
2026-01-24 20:00:00,24.9,72.59156036376953,1.0,Tema Community 3 SSNIT Flat,tabular,xgboost,h24,2026-01-04T23:00:00,2026-01-18T23:00:00,2026-02-15T23:00:00,,,42.0
2026-01-24 21:00:00,25.0,60.934165954589844,1.0,Tema Community 3 SSNIT Flat,tabular,xgboost,h24,2026-01-04T23:00:00,2026-01-18T23:00:00,2026-02-15T23:00:00,,,42.0
2026-01-24 22:00:00,25.2,53.61174774169922,1.0,Tema Community 3 SSNIT Flat,tabular,xgboost,h24,2026-01-04T23:00:00,2026-01-18T23:00:00,2026-02-15T23:00:00,,,42.0
2026-01-24 23:00:00,25.7,48.70644760131836,1.0,Tema Community 3 SSNIT Flat,tabular,xgboost,h24,2026-01-04T23:00:00,2026-01-18T23:00:00,2026-02-15T23:00:00,,,42.0
2026-01-25 00:00:00,27.3,51.49578094482422,1.0,Tema Community 3 SSNIT Flat,tabular,xgboost,h24,2026-01-04T23:00:00,2026-01-18T23:00:00,2026-02-15T23:00:00,,,42.0
2026-01-25 01:00:00,32.3,55.782569885253906,1.0,Tema Community 3 SSNIT Flat,tabular,xgboost,h24,2026-01-04T23:00:00,2026-01-18T23:00:00,2026-02-15T23:00:00,,,42.0
2026-01-25 02:00:00,42.7,56.31324768066406,1.0,Tema Community 3 SSNIT Flat,tabular,xgboost,h24,2026-01-04T23:00:00,2026-01-18T23:00:00,2026-02-15T23:00:00,,,42.0
2026-01-25 03:00:00,41.8,56.00075912475586,1.0,Tema Community 3 SSNIT Flat,tabular,xgboost,h24,2026-01-04T23:00:00,2026-01-18T23:00:00,2026-02-15T23:00:00,,,42.0
2026-01-25 04:00:00,39.8,55.654930114746094,1.0,Tema Community 3 SSNIT Flat,tabular,xgboost,h24,2026-01-04T23:00:00,2026-01-18T23:00:00,2026-02-15T23:00:00,,,42.0
2026-01-25 05:00:00,49.4,57.758602142333984,1.0,Tema Community 3 SSNIT Flat,tabular,xgboost,h24,2026-01-04T23:00:00,2026-01-18T23:00:00,2026-02-15T23:00:00,,,42.0
2026-01-25 06:00:00,62.7,67.56671905517578,1.0,Tema Community 3 SSNIT Flat,tabular,xgboost,h24,2026-01-04T23:00:00,2026-01-18T23:00:00,2026-02-15T23:00:00,,,42.0
2026-01-25 07:00:00,56.0,63.76693344116211,1.0,Tema Community 3 SSNIT Flat,tabular,xgboost,h24,2026-01-04T23:00:00,2026-01-18T23:00:00,2026-02-15T23:00:00,,,42.0
2026-01-25 08:00:00,48.3,45.595970153808594,1.0,Tema Community 3 SSNIT Flat,tabular,xgboost,h24,2026-01-04T23:00:00,2026-01-18T23:00:00,2026-02-15T23:00:00,,,42.0
2026-01-25 09:00:00,52.8,45.201255798339844,1.0,Tema Community 3 SSNIT Flat,tabular,xgboost,h24,2026-01-04T23:00:00,2026-01-18T23:00:00,2026-02-15T23:00:00,,,42.0
2026-01-25 10:00:00,57.7,39.509178161621094,1.0,Tema Community 3 SSNIT Flat,tabular,xgboost,h24,2026-01-04T23:00:00,2026-01-18T23:00:00,2026-02-15T23:00:00,,,42.0
2026-01-25 11:00:00,50.6,39.524940490722656,1.0,Tema Community 3 SSNIT Flat,tabular,xgboost,h24,2026-01-04T23:00:00,2026-01-18T23:00:00,2026-02-15T23:00:00,,,42.0
2026-01-25 12:00:00,40.8,43.141361236572266,1.0,Tema Community 3 SSNIT Flat,tabular,xgboost,h24,2026-01-04T23:00:00,2026-01-18T23:00:00,2026-02-15T23:00:00,,,42.0
2026-01-25 13:00:00,38.1,29.271635055541992,1.0,Tema Community 3 SSNIT Flat,tabular,xgboost,h24,2026-01-04T23:00:00,2026-01-18T23:00:00,2026-02-15T23:00:00,,,42.0
2026-01-25 14:00:00,34.8,36.8794059753418,1.0,Tema Community 3 SSNIT Flat,tabular,xgboost,h24,2026-01-04T23:00:00,2026-01-18T23:00:00,2026-02-15T23:00:00,,,42.0
2026-01-25 15:00:00,32.6,36.212852478027344,1.0,Tema Community 3 SSNIT Flat,tabular,xgboost,h24,2026-01-04T23:00:00,2026-01-18T23:00:00,2026-02-15T23:00:00,,,42.0
2026-01-25 16:00:00,30.8,31.78548240661621,1.0,Tema Community 3 SSNIT Flat,tabular,xgboost,h24,2026-01-04T23:00:00,2026-01-18T23:00:00,2026-02-15T23:00:00,,,42.0
2026-01-25 17:00:00,32.6,32.12285232543945,1.0,Tema Community 3 SSNIT Flat,tabular,xgboost,h24,2026-01-04T23:00:00,2026-01-18T23:00:00,2026-02-15T23:00:00,,,42.0
2026-01-25 18:00:00,34.7,44.55296325683594,1.0,Tema Community 3 SSNIT Flat,tabular,xgboost,h24,2026-01-04T23:00:00,2026-01-18T23:00:00,2026-02-15T23:00:00,,,42.0
2026-01-25 19:00:00,33.6,53.29548645019531,1.0,Tema Community 3 SSNIT Flat,tabular,xgboost,h24,2026-01-04T23:00:00,2026-01-18T23:00:00,2026-02-15T23:00:00,,,42.0
2026-01-25 20:00:00,34.6,47.72439956665039,1.0,Tema Community 3 SSNIT Flat,tabular,xgboost,h24,2026-01-04T23:00:00,2026-01-18T23:00:00,2026-02-15T23:00:00,,,42.0
2026-01-25 21:00:00,34.4,49.772281646728516,1.0,Tema Community 3 SSNIT Flat,tabular,xgboost,h24,2026-01-04T23:00:00,2026-01-18T23:00:00,2026-02-15T23:00:00,,,42.0
2026-01-25 22:00:00,39.7,44.000709533691406,1.0,Tema Community 3 SSNIT Flat,tabular,xgboost,h24,2026-01-04T23:00:00,2026-01-18T23:00:00,2026-02-15T23:00:00,,,42.0
2026-01-25 23:00:00,52.6,55.29947280883789,1.0,Tema Community 3 SSNIT Flat,tabular,xgboost,h24,2026-01-04T23:00:00,2026-01-18T23:00:00,2026-02-15T23:00:00,,,42.0
2026-01-26 00:00:00,55.6,48.285335540771484,1.0,Tema Community 3 SSNIT Flat,tabular,xgboost,h24,2026-01-04T23:00:00,2026-01-18T23:00:00,2026-02-15T23:00:00,,,42.0
2026-01-26 01:00:00,53.1,50.44405746459961,1.0,Tema Community 3 SSNIT Flat,tabular,xgboost,h24,2026-01-04T23:00:00,2026-01-18T23:00:00,2026-02-15T23:00:00,,,42.0
2026-01-26 02:00:00,44.5,51.729862213134766,1.0,Tema Community 3 SSNIT Flat,tabular,xgboost,h24,2026-01-04T23:00:00,2026-01-18T23:00:00,2026-02-15T23:00:00,,,42.0
2026-01-26 03:00:00,56.8,62.740753173828125,1.0,Tema Community 3 SSNIT Flat,tabular,xgboost,h24,2026-01-04T23:00:00,2026-01-18T23:00:00,2026-02-15T23:00:00,,,42.0
2026-01-26 04:00:00,46.8,62.91069793701172,1.0,Tema Community 3 SSNIT Flat,tabular,xgboost,h24,2026-01-04T23:00:00,2026-01-18T23:00:00,2026-02-15T23:00:00,,,42.0
2026-01-26 05:00:00,45.7,66.33858489990234,1.0,Tema Community 3 SSNIT Flat,tabular,xgboost,h24,2026-01-04T23:00:00,2026-01-18T23:00:00,2026-02-15T23:00:00,,,42.0
2026-01-26 06:00:00,52.3,74.87408447265625,1.0,Tema Community 3 SSNIT Flat,tabular,xgboost,h24,2026-01-04T23:00:00,2026-01-18T23:00:00,2026-02-15T23:00:00,,,42.0
2026-01-26 07:00:00,48.9,61.57200241088867,1.0,Tema Community 3 SSNIT Flat,tabular,xgboost,h24,2026-01-04T23:00:00,2026-01-18T23:00:00,2026-02-15T23:00:00,,,42.0
2026-01-26 08:00:00,46.0,50.82963562011719,1.0,Tema Community 3 SSNIT Flat,tabular,xgboost,h24,2026-01-04T23:00:00,2026-01-18T23:00:00,2026-02-15T23:00:00,,,42.0
2026-01-26 09:00:00,42.8,45.37207794189453,1.0,Tema Community 3 SSNIT Flat,tabular,xgboost,h24,2026-01-04T23:00:00,2026-01-18T23:00:00,2026-02-15T23:00:00,,,42.0
2026-01-26 10:00:00,44.1,40.67172622680664,1.0,Tema Community 3 SSNIT Flat,tabular,xgboost,h24,2026-01-04T23:00:00,2026-01-18T23:00:00,2026-02-15T23:00:00,,,42.0
2026-01-26 11:00:00,44.7,45.94025802612305,1.0,Tema Community 3 SSNIT Flat,tabular,xgboost,h24,2026-01-04T23:00:00,2026-01-18T23:00:00,2026-02-15T23:00:00,,,42.0
2026-01-26 12:00:00,40.9,44.61910629272461,1.0,Tema Community 3 SSNIT Flat,tabular,xgboost,h24,2026-01-04T23:00:00,2026-01-18T23:00:00,2026-02-15T23:00:00,,,42.0
2026-01-26 13:00:00,36.0,38.19309997558594,1.0,Tema Community 3 SSNIT Flat,tabular,xgboost,h24,2026-01-04T23:00:00,2026-01-18T23:00:00,2026-02-15T23:00:00,,,42.0
2026-01-26 14:00:00,33.2,37.828857421875,1.0,Tema Community 3 SSNIT Flat,tabular,xgboost,h24,2026-01-04T23:00:00,2026-01-18T23:00:00,2026-02-15T23:00:00,,,42.0
2026-01-26 15:00:00,32.1,29.964481353759766,1.0,Tema Community 3 SSNIT Flat,tabular,xgboost,h24,2026-01-04T23:00:00,2026-01-18T23:00:00,2026-02-15T23:00:00,,,42.0
2026-01-26 16:00:00,31.9,35.92757034301758,1.0,Tema Community 3 SSNIT Flat,tabular,xgboost,h24,2026-01-04T23:00:00,2026-01-18T23:00:00,2026-02-15T23:00:00,,,42.0
2026-01-26 17:00:00,35.0,51.32289505004883,1.0,Tema Community 3 SSNIT Flat,tabular,xgboost,h24,2026-01-04T23:00:00,2026-01-18T23:00:00,2026-02-15T23:00:00,,,42.0
2026-01-26 18:00:00,36.5,52.11545944213867,1.0,Tema Community 3 SSNIT Flat,tabular,xgboost,h24,2026-01-04T23:00:00,2026-01-18T23:00:00,2026-02-15T23:00:00,,,42.0
2026-01-26 19:00:00,33.3,52.311824798583984,1.0,Tema Community 3 SSNIT Flat,tabular,xgboost,h24,2026-01-04T23:00:00,2026-01-18T23:00:00,2026-02-15T23:00:00,,,42.0
2026-01-26 20:00:00,33.5,48.89923858642578,1.0,Tema Community 3 SSNIT Flat,tabular,xgboost,h24,2026-01-04T23:00:00,2026-01-18T23:00:00,2026-02-15T23:00:00,,,42.0
2026-01-26 21:00:00,33.0,58.624271392822266,1.0,Tema Community 3 SSNIT Flat,tabular,xgboost,h24,2026-01-04T23:00:00,2026-01-18T23:00:00,2026-02-15T23:00:00,,,42.0
2026-01-26 22:00:00,37.4,71.3579330444336,1.0,Tema Community 3 SSNIT Flat,tabular,xgboost,h24,2026-01-04T23:00:00,2026-01-18T23:00:00,2026-02-15T23:00:00,,,42.0
2026-01-26 23:00:00,60.0,57.25911331176758,1.0,Tema Community 3 SSNIT Flat,tabular,xgboost,h24,2026-01-04T23:00:00,2026-01-18T23:00:00,2026-02-15T23:00:00,,,42.0
2026-01-27 00:00:00,58.4,44.774261474609375,1.0,Tema Community 3 SSNIT Flat,tabular,xgboost,h24,2026-01-04T23:00:00,2026-01-18T23:00:00,2026-02-15T23:00:00,,,42.0
2026-01-27 01:00:00,84.1,51.792388916015625,1.0,Tema Community 3 SSNIT Flat,tabular,xgboost,h24,2026-01-04T23:00:00,2026-01-18T23:00:00,2026-02-15T23:00:00,,,42.0
2026-01-27 02:00:00,142.9,62.1943473815918,1.0,Tema Community 3 SSNIT Flat,tabular,xgboost,h24,2026-01-04T23:00:00,2026-01-18T23:00:00,2026-02-15T23:00:00,,,42.0
2026-01-27 03:00:00,194.6,63.35295867919922,1.0,Tema Community 3 SSNIT Flat,tabular,xgboost,h24,2026-01-04T23:00:00,2026-01-18T23:00:00,2026-02-15T23:00:00,,,42.0
2026-01-27 04:00:00,89.5,63.59458923339844,1.0,Tema Community 3 SSNIT Flat,tabular,xgboost,h24,2026-01-04T23:00:00,2026-01-18T23:00:00,2026-02-15T23:00:00,,,42.0
2026-01-27 05:00:00,82.1,59.812252044677734,1.0,Tema Community 3 SSNIT Flat,tabular,xgboost,h24,2026-01-04T23:00:00,2026-01-18T23:00:00,2026-02-15T23:00:00,,,42.0
2026-01-27 06:00:00,67.5,64.46440887451172,1.0,Tema Community 3 SSNIT Flat,tabular,xgboost,h24,2026-01-04T23:00:00,2026-01-18T23:00:00,2026-02-15T23:00:00,,,42.0
2026-01-27 07:00:00,77.0,67.61186981201172,1.0,Tema Community 3 SSNIT Flat,tabular,xgboost,h24,2026-01-04T23:00:00,2026-01-18T23:00:00,2026-02-15T23:00:00,,,42.0
2026-01-27 08:00:00,49.8,47.0585823059082,1.0,Tema Community 3 SSNIT Flat,tabular,xgboost,h24,2026-01-04T23:00:00,2026-01-18T23:00:00,2026-02-15T23:00:00,,,42.0
2026-01-27 09:00:00,45.9,52.43696594238281,1.0,Tema Community 3 SSNIT Flat,tabular,xgboost,h24,2026-01-04T23:00:00,2026-01-18T23:00:00,2026-02-15T23:00:00,,,42.0
2026-01-27 10:00:00,49.6,53.27851104736328,1.0,Tema Community 3 SSNIT Flat,tabular,xgboost,h24,2026-01-04T23:00:00,2026-01-18T23:00:00,2026-02-15T23:00:00,,,42.0
2026-01-27 11:00:00,48.8,46.9084358215332,1.0,Tema Community 3 SSNIT Flat,tabular,xgboost,h24,2026-01-04T23:00:00,2026-01-18T23:00:00,2026-02-15T23:00:00,,,42.0
2026-01-27 12:00:00,53.1,47.662811279296875,1.0,Tema Community 3 SSNIT Flat,tabular,xgboost,h24,2026-01-04T23:00:00,2026-01-18T23:00:00,2026-02-15T23:00:00,,,42.0
2026-01-27 13:00:00,40.2,35.441978454589844,1.0,Tema Community 3 SSNIT Flat,tabular,xgboost,h24,2026-01-04T23:00:00,2026-01-18T23:00:00,2026-02-15T23:00:00,,,42.0
2026-01-27 14:00:00,36.6,40.40517807006836,1.0,Tema Community 3 SSNIT Flat,tabular,xgboost,h24,2026-01-04T23:00:00,2026-01-18T23:00:00,2026-02-15T23:00:00,,,42.0
2026-01-27 15:00:00,35.9,35.6735954284668,1.0,Tema Community 3 SSNIT Flat,tabular,xgboost,h24,2026-01-04T23:00:00,2026-01-18T23:00:00,2026-02-15T23:00:00,,,42.0
2026-01-27 16:00:00,37.6,41.624122619628906,1.0,Tema Community 3 SSNIT Flat,tabular,xgboost,h24,2026-01-04T23:00:00,2026-01-18T23:00:00,2026-02-15T23:00:00,,,42.0
2026-01-27 17:00:00,36.8,45.03384780883789,1.0,Tema Community 3 SSNIT Flat,tabular,xgboost,h24,2026-01-04T23:00:00,2026-01-18T23:00:00,2026-02-15T23:00:00,,,42.0
2026-01-27 18:00:00,35.5,52.88681411743164,1.0,Tema Community 3 SSNIT Flat,tabular,xgboost,h24,2026-01-04T23:00:00,2026-01-18T23:00:00,2026-02-15T23:00:00,,,42.0
2026-01-27 19:00:00,37.1,67.65987396240234,1.0,Tema Community 3 SSNIT Flat,tabular,xgboost,h24,2026-01-04T23:00:00,2026-01-18T23:00:00,2026-02-15T23:00:00,,,42.0
2026-01-27 20:00:00,51.5,56.92604446411133,1.0,Tema Community 3 SSNIT Flat,tabular,xgboost,h24,2026-01-04T23:00:00,2026-01-18T23:00:00,2026-02-15T23:00:00,,,42.0
2026-01-27 21:00:00,37.7,59.56946563720703,1.0,Tema Community 3 SSNIT Flat,tabular,xgboost,h24,2026-01-04T23:00:00,2026-01-18T23:00:00,2026-02-15T23:00:00,,,42.0
2026-01-27 22:00:00,40.5,49.25307083129883,1.0,Tema Community 3 SSNIT Flat,tabular,xgboost,h24,2026-01-04T23:00:00,2026-01-18T23:00:00,2026-02-15T23:00:00,,,42.0
2026-01-27 23:00:00,51.8,46.891117095947266,1.0,Tema Community 3 SSNIT Flat,tabular,xgboost,h24,2026-01-04T23:00:00,2026-01-18T23:00:00,2026-02-15T23:00:00,,,42.0
2026-01-28 00:00:00,54.1,48.04970932006836,1.0,Tema Community 3 SSNIT Flat,tabular,xgboost,h24,2026-01-04T23:00:00,2026-01-18T23:00:00,2026-02-15T23:00:00,,,42.0
2026-01-28 01:00:00,51.6,56.358760833740234,1.0,Tema Community 3 SSNIT Flat,tabular,xgboost,h24,2026-01-04T23:00:00,2026-01-18T23:00:00,2026-02-15T23:00:00,,,42.0
2026-01-28 02:00:00,56.5,64.24188232421875,1.0,Tema Community 3 SSNIT Flat,tabular,xgboost,h24,2026-01-04T23:00:00,2026-01-18T23:00:00,2026-02-15T23:00:00,,,42.0
2026-01-28 03:00:00,56.1,65.72660064697266,1.0,Tema Community 3 SSNIT Flat,tabular,xgboost,h24,2026-01-04T23:00:00,2026-01-18T23:00:00,2026-02-15T23:00:00,,,42.0
2026-01-28 04:00:00,49.7,75.39761352539062,1.0,Tema Community 3 SSNIT Flat,tabular,xgboost,h24,2026-01-04T23:00:00,2026-01-18T23:00:00,2026-02-15T23:00:00,,,42.0
2026-01-28 05:00:00,47.9,72.11864471435547,1.0,Tema Community 3 SSNIT Flat,tabular,xgboost,h24,2026-01-04T23:00:00,2026-01-18T23:00:00,2026-02-15T23:00:00,,,42.0
2026-01-28 06:00:00,65.2,79.14289855957031,1.0,Tema Community 3 SSNIT Flat,tabular,xgboost,h24,2026-01-04T23:00:00,2026-01-18T23:00:00,2026-02-15T23:00:00,,,42.0
2026-01-28 07:00:00,74.0,61.774436950683594,1.0,Tema Community 3 SSNIT Flat,tabular,xgboost,h24,2026-01-04T23:00:00,2026-01-18T23:00:00,2026-02-15T23:00:00,,,42.0
2026-01-28 08:00:00,64.6,52.16252517700195,1.0,Tema Community 3 SSNIT Flat,tabular,xgboost,h24,2026-01-04T23:00:00,2026-01-18T23:00:00,2026-02-15T23:00:00,,,42.0
2026-01-28 09:00:00,47.3,46.88227081298828,1.0,Tema Community 3 SSNIT Flat,tabular,xgboost,h24,2026-01-04T23:00:00,2026-01-18T23:00:00,2026-02-15T23:00:00,,,42.0
2026-01-28 10:00:00,49.5,45.6718635559082,1.0,Tema Community 3 SSNIT Flat,tabular,xgboost,h24,2026-01-04T23:00:00,2026-01-18T23:00:00,2026-02-15T23:00:00,,,42.0
2026-01-28 11:00:00,57.6,45.59080505371094,1.0,Tema Community 3 SSNIT Flat,tabular,xgboost,h24,2026-01-04T23:00:00,2026-01-18T23:00:00,2026-02-15T23:00:00,,,42.0
2026-01-28 12:00:00,54.3,44.4275016784668,1.0,Tema Community 3 SSNIT Flat,tabular,xgboost,h24,2026-01-04T23:00:00,2026-01-18T23:00:00,2026-02-15T23:00:00,,,42.0
2026-01-28 13:00:00,54.0,32.206817626953125,1.0,Tema Community 3 SSNIT Flat,tabular,xgboost,h24,2026-01-04T23:00:00,2026-01-18T23:00:00,2026-02-15T23:00:00,,,42.0
2026-01-28 14:00:00,43.5,31.445955276489258,1.0,Tema Community 3 SSNIT Flat,tabular,xgboost,h24,2026-01-04T23:00:00,2026-01-18T23:00:00,2026-02-15T23:00:00,,,42.0
2026-01-28 15:00:00,41.0,32.477325439453125,1.0,Tema Community 3 SSNIT Flat,tabular,xgboost,h24,2026-01-04T23:00:00,2026-01-18T23:00:00,2026-02-15T23:00:00,,,42.0
2026-01-28 16:00:00,40.6,34.043540954589844,1.0,Tema Community 3 SSNIT Flat,tabular,xgboost,h24,2026-01-04T23:00:00,2026-01-18T23:00:00,2026-02-15T23:00:00,,,42.0
2026-01-28 17:00:00,42.2,34.76371765136719,1.0,Tema Community 3 SSNIT Flat,tabular,xgboost,h24,2026-01-04T23:00:00,2026-01-18T23:00:00,2026-02-15T23:00:00,,,42.0
2026-01-28 18:00:00,42.8,47.08881759643555,1.0,Tema Community 3 SSNIT Flat,tabular,xgboost,h24,2026-01-04T23:00:00,2026-01-18T23:00:00,2026-02-15T23:00:00,,,42.0
2026-01-28 19:00:00,41.9,47.88926315307617,1.0,Tema Community 3 SSNIT Flat,tabular,xgboost,h24,2026-01-04T23:00:00,2026-01-18T23:00:00,2026-02-15T23:00:00,,,42.0
2026-01-28 20:00:00,69.8,45.19465637207031,1.0,Tema Community 3 SSNIT Flat,tabular,xgboost,h24,2026-01-04T23:00:00,2026-01-18T23:00:00,2026-02-15T23:00:00,,,42.0
2026-01-28 21:00:00,39.8,37.75455093383789,1.0,Tema Community 3 SSNIT Flat,tabular,xgboost,h24,2026-01-04T23:00:00,2026-01-18T23:00:00,2026-02-15T23:00:00,,,42.0
2026-01-28 22:00:00,46.8,42.75955581665039,1.0,Tema Community 3 SSNIT Flat,tabular,xgboost,h24,2026-01-04T23:00:00,2026-01-18T23:00:00,2026-02-15T23:00:00,,,42.0
2026-01-28 23:00:00,60.9,40.93536376953125,1.0,Tema Community 3 SSNIT Flat,tabular,xgboost,h24,2026-01-04T23:00:00,2026-01-18T23:00:00,2026-02-15T23:00:00,,,42.0
2026-01-29 00:00:00,73.5,41.5945930480957,1.0,Tema Community 3 SSNIT Flat,tabular,xgboost,h24,2026-01-04T23:00:00,2026-01-18T23:00:00,2026-02-15T23:00:00,,,42.0
2026-01-29 01:00:00,60.2,42.87569808959961,1.0,Tema Community 3 SSNIT Flat,tabular,xgboost,h24,2026-01-04T23:00:00,2026-01-18T23:00:00,2026-02-15T23:00:00,,,42.0
2026-01-29 02:00:00,52.6,56.39128494262695,1.0,Tema Community 3 SSNIT Flat,tabular,xgboost,h24,2026-01-04T23:00:00,2026-01-18T23:00:00,2026-02-15T23:00:00,,,42.0
2026-01-29 03:00:00,49.3,49.52052688598633,1.0,Tema Community 3 SSNIT Flat,tabular,xgboost,h24,2026-01-04T23:00:00,2026-01-18T23:00:00,2026-02-15T23:00:00,,,42.0
2026-01-29 04:00:00,62.4,51.330509185791016,1.0,Tema Community 3 SSNIT Flat,tabular,xgboost,h24,2026-01-04T23:00:00,2026-01-18T23:00:00,2026-02-15T23:00:00,,,42.0
2026-01-29 05:00:00,74.6,64.78157043457031,1.0,Tema Community 3 SSNIT Flat,tabular,xgboost,h24,2026-01-04T23:00:00,2026-01-18T23:00:00,2026-02-15T23:00:00,,,42.0
2026-01-29 06:00:00,76.4,68.01721954345703,1.0,Tema Community 3 SSNIT Flat,tabular,xgboost,h24,2026-01-04T23:00:00,2026-01-18T23:00:00,2026-02-15T23:00:00,,,42.0
2026-01-29 07:00:00,66.4,69.72308349609375,1.0,Tema Community 3 SSNIT Flat,tabular,xgboost,h24,2026-01-04T23:00:00,2026-01-18T23:00:00,2026-02-15T23:00:00,,,42.0
2026-01-29 08:00:00,61.4,55.64813232421875,1.0,Tema Community 3 SSNIT Flat,tabular,xgboost,h24,2026-01-04T23:00:00,2026-01-18T23:00:00,2026-02-15T23:00:00,,,42.0
2026-01-29 09:00:00,54.7,49.93714141845703,1.0,Tema Community 3 SSNIT Flat,tabular,xgboost,h24,2026-01-04T23:00:00,2026-01-18T23:00:00,2026-02-15T23:00:00,,,42.0
2026-01-29 10:00:00,54.4,52.669464111328125,1.0,Tema Community 3 SSNIT Flat,tabular,xgboost,h24,2026-01-04T23:00:00,2026-01-18T23:00:00,2026-02-15T23:00:00,,,42.0
2026-01-29 11:00:00,54.3,52.118568420410156,1.0,Tema Community 3 SSNIT Flat,tabular,xgboost,h24,2026-01-04T23:00:00,2026-01-18T23:00:00,2026-02-15T23:00:00,,,42.0
2026-01-29 12:00:00,48.4,48.57321548461914,1.0,Tema Community 3 SSNIT Flat,tabular,xgboost,h24,2026-01-04T23:00:00,2026-01-18T23:00:00,2026-02-15T23:00:00,,,42.0
2026-01-29 13:00:00,40.4,46.24773025512695,1.0,Tema Community 3 SSNIT Flat,tabular,xgboost,h24,2026-01-04T23:00:00,2026-01-18T23:00:00,2026-02-15T23:00:00,,,42.0
2026-01-29 14:00:00,40.1,35.4345588684082,1.0,Tema Community 3 SSNIT Flat,tabular,xgboost,h24,2026-01-04T23:00:00,2026-01-18T23:00:00,2026-02-15T23:00:00,,,42.0
2026-01-29 15:00:00,51.5,29.787067413330078,1.0,Tema Community 3 SSNIT Flat,tabular,xgboost,h24,2026-01-04T23:00:00,2026-01-18T23:00:00,2026-02-15T23:00:00,,,42.0
2026-01-29 16:00:00,42.4,32.768341064453125,1.0,Tema Community 3 SSNIT Flat,tabular,xgboost,h24,2026-01-04T23:00:00,2026-01-18T23:00:00,2026-02-15T23:00:00,,,42.0
2026-01-29 17:00:00,53.7,38.354949951171875,1.0,Tema Community 3 SSNIT Flat,tabular,xgboost,h24,2026-01-04T23:00:00,2026-01-18T23:00:00,2026-02-15T23:00:00,,,42.0
2026-01-29 18:00:00,39.2,37.857357025146484,1.0,Tema Community 3 SSNIT Flat,tabular,xgboost,h24,2026-01-04T23:00:00,2026-01-18T23:00:00,2026-02-15T23:00:00,,,42.0
2026-01-29 19:00:00,39.0,46.733028411865234,1.0,Tema Community 3 SSNIT Flat,tabular,xgboost,h24,2026-01-04T23:00:00,2026-01-18T23:00:00,2026-02-15T23:00:00,,,42.0
2026-01-29 20:00:00,38.6,49.015159606933594,1.0,Tema Community 3 SSNIT Flat,tabular,xgboost,h24,2026-01-04T23:00:00,2026-01-18T23:00:00,2026-02-15T23:00:00,,,42.0
2026-01-29 21:00:00,38.1,50.037513732910156,1.0,Tema Community 3 SSNIT Flat,tabular,xgboost,h24,2026-01-04T23:00:00,2026-01-18T23:00:00,2026-02-15T23:00:00,,,42.0
2026-01-29 22:00:00,37.7,47.84625244140625,1.0,Tema Community 3 SSNIT Flat,tabular,xgboost,h24,2026-01-04T23:00:00,2026-01-18T23:00:00,2026-02-15T23:00:00,,,42.0
2026-01-29 23:00:00,40.7,53.200439453125,1.0,Tema Community 3 SSNIT Flat,tabular,xgboost,h24,2026-01-04T23:00:00,2026-01-18T23:00:00,2026-02-15T23:00:00,,,42.0
2026-01-30 00:00:00,41.1,63.25990295410156,1.0,Tema Community 3 SSNIT Flat,tabular,xgboost,h24,2026-01-04T23:00:00,2026-01-18T23:00:00,2026-02-15T23:00:00,,,42.0
2026-01-30 01:00:00,41.3,59.161163330078125,1.0,Tema Community 3 SSNIT Flat,tabular,xgboost,h24,2026-01-04T23:00:00,2026-01-18T23:00:00,2026-02-15T23:00:00,,,42.0
2026-01-30 02:00:00,42.6,56.042396545410156,1.0,Tema Community 3 SSNIT Flat,tabular,xgboost,h24,2026-01-04T23:00:00,2026-01-18T23:00:00,2026-02-15T23:00:00,,,42.0
2026-01-30 03:00:00,43.5,61.78431701660156,1.0,Tema Community 3 SSNIT Flat,tabular,xgboost,h24,2026-01-04T23:00:00,2026-01-18T23:00:00,2026-02-15T23:00:00,,,42.0
2026-01-30 04:00:00,49.0,69.074951171875,1.0,Tema Community 3 SSNIT Flat,tabular,xgboost,h24,2026-01-04T23:00:00,2026-01-18T23:00:00,2026-02-15T23:00:00,,,42.0
2026-01-30 05:00:00,57.2,65.23052215576172,1.0,Tema Community 3 SSNIT Flat,tabular,xgboost,h24,2026-01-04T23:00:00,2026-01-18T23:00:00,2026-02-15T23:00:00,,,42.0
2026-01-30 06:00:00,61.6,75.9620590209961,1.0,Tema Community 3 SSNIT Flat,tabular,xgboost,h24,2026-01-04T23:00:00,2026-01-18T23:00:00,2026-02-15T23:00:00,,,42.0
2026-01-30 07:00:00,62.4,70.5004653930664,1.0,Tema Community 3 SSNIT Flat,tabular,xgboost,h24,2026-01-04T23:00:00,2026-01-18T23:00:00,2026-02-15T23:00:00,,,42.0
2026-01-30 08:00:00,56.1,53.15614700317383,1.0,Tema Community 3 SSNIT Flat,tabular,xgboost,h24,2026-01-04T23:00:00,2026-01-18T23:00:00,2026-02-15T23:00:00,,,42.0
2026-01-30 09:00:00,48.8,51.90312194824219,1.0,Tema Community 3 SSNIT Flat,tabular,xgboost,h24,2026-01-04T23:00:00,2026-01-18T23:00:00,2026-02-15T23:00:00,,,42.0
2026-01-30 10:00:00,47.2,53.072731018066406,1.0,Tema Community 3 SSNIT Flat,tabular,xgboost,h24,2026-01-04T23:00:00,2026-01-18T23:00:00,2026-02-15T23:00:00,,,42.0
2026-01-30 11:00:00,44.2,54.7410888671875,1.0,Tema Community 3 SSNIT Flat,tabular,xgboost,h24,2026-01-04T23:00:00,2026-01-18T23:00:00,2026-02-15T23:00:00,,,42.0
2026-01-30 12:00:00,43.7,52.130470275878906,1.0,Tema Community 3 SSNIT Flat,tabular,xgboost,h24,2026-01-04T23:00:00,2026-01-18T23:00:00,2026-02-15T23:00:00,,,42.0
2026-01-30 13:00:00,40.8,45.302040100097656,1.0,Tema Community 3 SSNIT Flat,tabular,xgboost,h24,2026-01-04T23:00:00,2026-01-18T23:00:00,2026-02-15T23:00:00,,,42.0
2026-01-30 14:00:00,37.1,39.393131256103516,1.0,Tema Community 3 SSNIT Flat,tabular,xgboost,h24,2026-01-04T23:00:00,2026-01-18T23:00:00,2026-02-15T23:00:00,,,42.0
2026-01-30 15:00:00,36.9,37.5474853515625,1.0,Tema Community 3 SSNIT Flat,tabular,xgboost,h24,2026-01-04T23:00:00,2026-01-18T23:00:00,2026-02-15T23:00:00,,,42.0
2026-01-30 16:00:00,36.2,38.072593688964844,1.0,Tema Community 3 SSNIT Flat,tabular,xgboost,h24,2026-01-04T23:00:00,2026-01-18T23:00:00,2026-02-15T23:00:00,,,42.0
2026-01-30 17:00:00,37.2,39.09336853027344,1.0,Tema Community 3 SSNIT Flat,tabular,xgboost,h24,2026-01-04T23:00:00,2026-01-18T23:00:00,2026-02-15T23:00:00,,,42.0
2026-01-30 18:00:00,41.1,47.447418212890625,1.0,Tema Community 3 SSNIT Flat,tabular,xgboost,h24,2026-01-04T23:00:00,2026-01-18T23:00:00,2026-02-15T23:00:00,,,42.0
2026-01-30 19:00:00,39.6,49.76930618286133,1.0,Tema Community 3 SSNIT Flat,tabular,xgboost,h24,2026-01-04T23:00:00,2026-01-18T23:00:00,2026-02-15T23:00:00,,,42.0
2026-01-30 20:00:00,38.9,50.99913787841797,1.0,Tema Community 3 SSNIT Flat,tabular,xgboost,h24,2026-01-04T23:00:00,2026-01-18T23:00:00,2026-02-15T23:00:00,,,42.0
2026-01-30 21:00:00,37.8,43.98857116699219,1.0,Tema Community 3 SSNIT Flat,tabular,xgboost,h24,2026-01-04T23:00:00,2026-01-18T23:00:00,2026-02-15T23:00:00,,,42.0
2026-01-30 22:00:00,38.5,51.09659194946289,1.0,Tema Community 3 SSNIT Flat,tabular,xgboost,h24,2026-01-04T23:00:00,2026-01-18T23:00:00,2026-02-15T23:00:00,,,42.0
2026-01-30 23:00:00,40.4,62.22345733642578,1.0,Tema Community 3 SSNIT Flat,tabular,xgboost,h24,2026-01-04T23:00:00,2026-01-18T23:00:00,2026-02-15T23:00:00,,,42.0
2026-01-31 00:00:00,41.4,60.59172058105469,1.0,Tema Community 3 SSNIT Flat,tabular,xgboost,h24,2026-01-04T23:00:00,2026-01-18T23:00:00,2026-02-15T23:00:00,,,42.0
2026-01-31 01:00:00,39.4,59.529354095458984,1.0,Tema Community 3 SSNIT Flat,tabular,xgboost,h24,2026-01-04T23:00:00,2026-01-18T23:00:00,2026-02-15T23:00:00,,,42.0
2026-01-31 02:00:00,39.0,64.8592300415039,1.0,Tema Community 3 SSNIT Flat,tabular,xgboost,h24,2026-01-04T23:00:00,2026-01-18T23:00:00,2026-02-15T23:00:00,,,42.0
2026-01-31 03:00:00,43.4,69.21350860595703,1.0,Tema Community 3 SSNIT Flat,tabular,xgboost,h24,2026-01-04T23:00:00,2026-01-18T23:00:00,2026-02-15T23:00:00,,,42.0
2026-01-31 04:00:00,47.5,80.90064239501953,1.0,Tema Community 3 SSNIT Flat,tabular,xgboost,h24,2026-01-04T23:00:00,2026-01-18T23:00:00,2026-02-15T23:00:00,,,42.0
2026-01-31 05:00:00,44.0,71.22957611083984,1.0,Tema Community 3 SSNIT Flat,tabular,xgboost,h24,2026-01-04T23:00:00,2026-01-18T23:00:00,2026-02-15T23:00:00,,,42.0
2026-01-31 06:00:00,51.8,62.84208297729492,1.0,Tema Community 3 SSNIT Flat,tabular,xgboost,h24,2026-01-04T23:00:00,2026-01-18T23:00:00,2026-02-15T23:00:00,,,42.0
2026-01-31 07:00:00,58.9,58.31467056274414,1.0,Tema Community 3 SSNIT Flat,tabular,xgboost,h24,2026-01-04T23:00:00,2026-01-18T23:00:00,2026-02-15T23:00:00,,,42.0
2026-01-31 08:00:00,49.9,58.53598403930664,1.0,Tema Community 3 SSNIT Flat,tabular,xgboost,h24,2026-01-04T23:00:00,2026-01-18T23:00:00,2026-02-15T23:00:00,,,42.0
2026-01-31 09:00:00,45.7,53.204715728759766,1.0,Tema Community 3 SSNIT Flat,tabular,xgboost,h24,2026-01-04T23:00:00,2026-01-18T23:00:00,2026-02-15T23:00:00,,,42.0
2026-01-31 10:00:00,43.7,56.44745635986328,1.0,Tema Community 3 SSNIT Flat,tabular,xgboost,h24,2026-01-04T23:00:00,2026-01-18T23:00:00,2026-02-15T23:00:00,,,42.0
2026-01-31 11:00:00,41.3,79.88887786865234,1.0,Tema Community 3 SSNIT Flat,tabular,xgboost,h24,2026-01-04T23:00:00,2026-01-18T23:00:00,2026-02-15T23:00:00,,,42.0
2026-01-31 12:00:00,37.0,61.651546478271484,1.0,Tema Community 3 SSNIT Flat,tabular,xgboost,h24,2026-01-04T23:00:00,2026-01-18T23:00:00,2026-02-15T23:00:00,,,42.0
2026-01-31 13:00:00,37.2,52.3582763671875,1.0,Tema Community 3 SSNIT Flat,tabular,xgboost,h24,2026-01-04T23:00:00,2026-01-18T23:00:00,2026-02-15T23:00:00,,,42.0
2026-01-31 14:00:00,35.8,49.89649963378906,1.0,Tema Community 3 SSNIT Flat,tabular,xgboost,h24,2026-01-04T23:00:00,2026-01-18T23:00:00,2026-02-15T23:00:00,,,42.0
2026-01-31 15:00:00,34.8,51.855751037597656,1.0,Tema Community 3 SSNIT Flat,tabular,xgboost,h24,2026-01-04T23:00:00,2026-01-18T23:00:00,2026-02-15T23:00:00,,,42.0
2026-01-31 16:00:00,33.0,56.1767578125,1.0,Tema Community 3 SSNIT Flat,tabular,xgboost,h24,2026-01-04T23:00:00,2026-01-18T23:00:00,2026-02-15T23:00:00,,,42.0
2026-01-31 17:00:00,33.2,54.90487289428711,1.0,Tema Community 3 SSNIT Flat,tabular,xgboost,h24,2026-01-04T23:00:00,2026-01-18T23:00:00,2026-02-15T23:00:00,,,42.0
2026-01-31 18:00:00,32.7,62.825557708740234,1.0,Tema Community 3 SSNIT Flat,tabular,xgboost,h24,2026-01-04T23:00:00,2026-01-18T23:00:00,2026-02-15T23:00:00,,,42.0
2026-01-31 19:00:00,34.2,60.74201965332031,1.0,Tema Community 3 SSNIT Flat,tabular,xgboost,h24,2026-01-04T23:00:00,2026-01-18T23:00:00,2026-02-15T23:00:00,,,42.0
2026-01-31 20:00:00,35.0,54.7586669921875,1.0,Tema Community 3 SSNIT Flat,tabular,xgboost,h24,2026-01-04T23:00:00,2026-01-18T23:00:00,2026-02-15T23:00:00,,,42.0
2026-01-31 21:00:00,34.1,50.48131561279297,1.0,Tema Community 3 SSNIT Flat,tabular,xgboost,h24,2026-01-04T23:00:00,2026-01-18T23:00:00,2026-02-15T23:00:00,,,42.0
2026-01-31 22:00:00,32.8,59.428958892822266,1.0,Tema Community 3 SSNIT Flat,tabular,xgboost,h24,2026-01-04T23:00:00,2026-01-18T23:00:00,2026-02-15T23:00:00,,,42.0
2026-01-31 23:00:00,33.7,66.60462188720703,1.0,Tema Community 3 SSNIT Flat,tabular,xgboost,h24,2026-01-04T23:00:00,2026-01-18T23:00:00,2026-02-15T23:00:00,,,42.0
2026-02-01 00:00:00,35.3,73.36942291259766,1.0,Tema Community 3 SSNIT Flat,tabular,xgboost,h24,2026-01-04T23:00:00,2026-01-18T23:00:00,2026-02-15T23:00:00,,,42.0
2026-02-01 01:00:00,36.4,73.1753921508789,1.0,Tema Community 3 SSNIT Flat,tabular,xgboost,h24,2026-01-04T23:00:00,2026-01-18T23:00:00,2026-02-15T23:00:00,,,42.0
2026-02-01 02:00:00,34.0,76.85433959960938,1.0,Tema Community 3 SSNIT Flat,tabular,xgboost,h24,2026-01-04T23:00:00,2026-01-18T23:00:00,2026-02-15T23:00:00,,,42.0
2026-02-01 03:00:00,31.4,74.59175109863281,1.0,Tema Community 3 SSNIT Flat,tabular,xgboost,h24,2026-01-04T23:00:00,2026-01-18T23:00:00,2026-02-15T23:00:00,,,42.0
2026-02-01 04:00:00,31.2,75.26020812988281,1.0,Tema Community 3 SSNIT Flat,tabular,xgboost,h24,2026-01-04T23:00:00,2026-01-18T23:00:00,2026-02-15T23:00:00,,,42.0
2026-02-01 05:00:00,31.0,66.9960708618164,1.0,Tema Community 3 SSNIT Flat,tabular,xgboost,h24,2026-01-04T23:00:00,2026-01-18T23:00:00,2026-02-15T23:00:00,,,42.0
2026-02-01 06:00:00,58.1,71.2957992553711,1.0,Tema Community 3 SSNIT Flat,tabular,xgboost,h24,2026-01-04T23:00:00,2026-01-18T23:00:00,2026-02-15T23:00:00,,,42.0
2026-02-01 07:00:00,76.1,75.55146789550781,1.0,Tema Community 3 SSNIT Flat,tabular,xgboost,h24,2026-01-04T23:00:00,2026-01-18T23:00:00,2026-02-15T23:00:00,,,42.0
2026-02-01 08:00:00,47.9,61.74822998046875,1.0,Tema Community 3 SSNIT Flat,tabular,xgboost,h24,2026-01-04T23:00:00,2026-01-18T23:00:00,2026-02-15T23:00:00,,,42.0
2026-02-01 09:00:00,46.1,54.454254150390625,1.0,Tema Community 3 SSNIT Flat,tabular,xgboost,h24,2026-01-04T23:00:00,2026-01-18T23:00:00,2026-02-15T23:00:00,,,42.0
2026-02-01 10:00:00,37.4,57.458106994628906,1.0,Tema Community 3 SSNIT Flat,tabular,xgboost,h24,2026-01-04T23:00:00,2026-01-18T23:00:00,2026-02-15T23:00:00,,,42.0
2026-02-01 11:00:00,34.6,64.77726745605469,1.0,Tema Community 3 SSNIT Flat,tabular,xgboost,h24,2026-01-04T23:00:00,2026-01-18T23:00:00,2026-02-15T23:00:00,,,42.0
2026-02-01 12:00:00,31.4,60.98788070678711,1.0,Tema Community 3 SSNIT Flat,tabular,xgboost,h24,2026-01-04T23:00:00,2026-01-18T23:00:00,2026-02-15T23:00:00,,,42.0
2026-02-01 13:00:00,29.9,55.63010025024414,1.0,Tema Community 3 SSNIT Flat,tabular,xgboost,h24,2026-01-04T23:00:00,2026-01-18T23:00:00,2026-02-15T23:00:00,,,42.0
2026-02-01 14:00:00,29.6,52.470970153808594,1.0,Tema Community 3 SSNIT Flat,tabular,xgboost,h24,2026-01-04T23:00:00,2026-01-18T23:00:00,2026-02-15T23:00:00,,,42.0
2026-02-01 15:00:00,32.2,48.03948974609375,1.0,Tema Community 3 SSNIT Flat,tabular,xgboost,h24,2026-01-04T23:00:00,2026-01-18T23:00:00,2026-02-15T23:00:00,,,42.0
2026-02-01 16:00:00,33.4,53.90346908569336,1.0,Tema Community 3 SSNIT Flat,tabular,xgboost,h24,2026-01-04T23:00:00,2026-01-18T23:00:00,2026-02-15T23:00:00,,,42.0
2026-02-01 17:00:00,33.6,61.0517463684082,1.0,Tema Community 3 SSNIT Flat,tabular,xgboost,h24,2026-01-04T23:00:00,2026-01-18T23:00:00,2026-02-15T23:00:00,,,42.0
2026-02-01 18:00:00,33.9,73.99068450927734,1.0,Tema Community 3 SSNIT Flat,tabular,xgboost,h24,2026-01-04T23:00:00,2026-01-18T23:00:00,2026-02-15T23:00:00,,,42.0
2026-02-01 19:00:00,33.6,71.15082550048828,1.0,Tema Community 3 SSNIT Flat,tabular,xgboost,h24,2026-01-04T23:00:00,2026-01-18T23:00:00,2026-02-15T23:00:00,,,42.0
2026-02-01 20:00:00,33.4,74.15665435791016,1.0,Tema Community 3 SSNIT Flat,tabular,xgboost,h24,2026-01-04T23:00:00,2026-01-18T23:00:00,2026-02-15T23:00:00,,,42.0
2026-02-01 21:00:00,34.3,73.95572662353516,1.0,Tema Community 3 SSNIT Flat,tabular,xgboost,h24,2026-01-04T23:00:00,2026-01-18T23:00:00,2026-02-15T23:00:00,,,42.0
2026-02-01 22:00:00,30.9,73.6423568725586,1.0,Tema Community 3 SSNIT Flat,tabular,xgboost,h24,2026-01-04T23:00:00,2026-01-18T23:00:00,2026-02-15T23:00:00,,,42.0
2026-02-01 23:00:00,34.5,77.4808349609375,1.0,Tema Community 3 SSNIT Flat,tabular,xgboost,h24,2026-01-04T23:00:00,2026-01-18T23:00:00,2026-02-15T23:00:00,,,42.0
2026-02-02 00:00:00,41.4,84.26569366455078,1.0,Tema Community 3 SSNIT Flat,tabular,xgboost,h24,2026-01-04T23:00:00,2026-01-18T23:00:00,2026-02-15T23:00:00,,,42.0
2026-02-02 01:00:00,36.0,81.35187530517578,1.0,Tema Community 3 SSNIT Flat,tabular,xgboost,h24,2026-01-04T23:00:00,2026-01-18T23:00:00,2026-02-15T23:00:00,,,42.0
2026-02-02 02:00:00,34.9,86.5097885131836,1.0,Tema Community 3 SSNIT Flat,tabular,xgboost,h24,2026-01-04T23:00:00,2026-01-18T23:00:00,2026-02-15T23:00:00,,,42.0
2026-02-02 03:00:00,31.2,87.32939910888672,1.0,Tema Community 3 SSNIT Flat,tabular,xgboost,h24,2026-01-04T23:00:00,2026-01-18T23:00:00,2026-02-15T23:00:00,,,42.0
2026-02-02 04:00:00,41.0,66.99089050292969,1.0,Tema Community 3 SSNIT Flat,tabular,xgboost,h24,2026-01-04T23:00:00,2026-01-18T23:00:00,2026-02-15T23:00:00,,,42.0
2026-02-02 05:00:00,34.9,72.5420913696289,1.0,Tema Community 3 SSNIT Flat,tabular,xgboost,h24,2026-01-04T23:00:00,2026-01-18T23:00:00,2026-02-15T23:00:00,,,42.0
2026-02-02 06:00:00,49.7,77.12995910644531,1.0,Tema Community 3 SSNIT Flat,tabular,xgboost,h24,2026-01-04T23:00:00,2026-01-18T23:00:00,2026-02-15T23:00:00,,,42.0
2026-02-02 07:00:00,62.9,74.62486267089844,1.0,Tema Community 3 SSNIT Flat,tabular,xgboost,h24,2026-01-04T23:00:00,2026-01-18T23:00:00,2026-02-15T23:00:00,,,42.0
2026-02-02 08:00:00,51.4,73.70213317871094,1.0,Tema Community 3 SSNIT Flat,tabular,xgboost,h24,2026-01-04T23:00:00,2026-01-18T23:00:00,2026-02-15T23:00:00,,,42.0
2026-02-02 09:00:00,40.0,74.03846740722656,1.0,Tema Community 3 SSNIT Flat,tabular,xgboost,h24,2026-01-04T23:00:00,2026-01-18T23:00:00,2026-02-15T23:00:00,,,42.0
2026-02-02 10:00:00,40.5,70.91114044189453,1.0,Tema Community 3 SSNIT Flat,tabular,xgboost,h24,2026-01-04T23:00:00,2026-01-18T23:00:00,2026-02-15T23:00:00,,,42.0
2026-02-02 11:00:00,29.2,78.2265625,1.0,Tema Community 3 SSNIT Flat,tabular,xgboost,h24,2026-01-04T23:00:00,2026-01-18T23:00:00,2026-02-15T23:00:00,,,42.0
2026-02-02 12:00:00,27.9,71.83097839355469,1.0,Tema Community 3 SSNIT Flat,tabular,xgboost,h24,2026-01-04T23:00:00,2026-01-18T23:00:00,2026-02-15T23:00:00,,,42.0
2026-02-02 13:00:00,25.7,59.5522575378418,1.0,Tema Community 3 SSNIT Flat,tabular,xgboost,h24,2026-01-04T23:00:00,2026-01-18T23:00:00,2026-02-15T23:00:00,,,42.0
2026-02-02 14:00:00,27.2,49.206756591796875,1.0,Tema Community 3 SSNIT Flat,tabular,xgboost,h24,2026-01-04T23:00:00,2026-01-18T23:00:00,2026-02-15T23:00:00,,,42.0
2026-02-02 15:00:00,30.9,53.95527267456055,1.0,Tema Community 3 SSNIT Flat,tabular,xgboost,h24,2026-01-04T23:00:00,2026-01-18T23:00:00,2026-02-15T23:00:00,,,42.0
2026-02-02 16:00:00,82.6,56.4233512878418,1.0,Tema Community 3 SSNIT Flat,tabular,xgboost,h24,2026-01-04T23:00:00,2026-01-18T23:00:00,2026-02-15T23:00:00,,,42.0
2026-02-02 17:00:00,71.2,77.08707427978516,1.0,Tema Community 3 SSNIT Flat,tabular,xgboost,h24,2026-01-04T23:00:00,2026-01-18T23:00:00,2026-02-15T23:00:00,,,42.0
2026-02-02 18:00:00,42.7,82.10855102539062,1.0,Tema Community 3 SSNIT Flat,tabular,xgboost,h24,2026-01-04T23:00:00,2026-01-18T23:00:00,2026-02-15T23:00:00,,,42.0
2026-02-02 19:00:00,45.2,87.33644104003906,1.0,Tema Community 3 SSNIT Flat,tabular,xgboost,h24,2026-01-04T23:00:00,2026-01-18T23:00:00,2026-02-15T23:00:00,,,42.0
2026-02-02 20:00:00,53.0,84.53166198730469,1.0,Tema Community 3 SSNIT Flat,tabular,xgboost,h24,2026-01-04T23:00:00,2026-01-18T23:00:00,2026-02-15T23:00:00,,,42.0
2026-02-02 21:00:00,40.7,82.28724670410156,1.0,Tema Community 3 SSNIT Flat,tabular,xgboost,h24,2026-01-04T23:00:00,2026-01-18T23:00:00,2026-02-15T23:00:00,,,42.0
2026-02-02 22:00:00,40.6,92.08690643310547,1.0,Tema Community 3 SSNIT Flat,tabular,xgboost,h24,2026-01-04T23:00:00,2026-01-18T23:00:00,2026-02-15T23:00:00,,,42.0
2026-02-02 23:00:00,47.5,83.50656127929688,1.0,Tema Community 3 SSNIT Flat,tabular,xgboost,h24,2026-01-04T23:00:00,2026-01-18T23:00:00,2026-02-15T23:00:00,,,42.0
2026-02-03 00:00:00,62.5,94.23583221435547,1.0,Tema Community 3 SSNIT Flat,tabular,xgboost,h24,2026-01-04T23:00:00,2026-01-18T23:00:00,2026-02-15T23:00:00,,,42.0
2026-02-03 01:00:00,57.0,87.64070129394531,1.0,Tema Community 3 SSNIT Flat,tabular,xgboost,h24,2026-01-04T23:00:00,2026-01-18T23:00:00,2026-02-15T23:00:00,,,42.0
2026-02-03 02:00:00,51.9,86.5205307006836,1.0,Tema Community 3 SSNIT Flat,tabular,xgboost,h24,2026-01-04T23:00:00,2026-01-18T23:00:00,2026-02-15T23:00:00,,,42.0
2026-02-03 03:00:00,54.5,82.31350708007812,1.0,Tema Community 3 SSNIT Flat,tabular,xgboost,h24,2026-01-04T23:00:00,2026-01-18T23:00:00,2026-02-15T23:00:00,,,42.0
2026-02-03 04:00:00,44.8,73.07060241699219,1.0,Tema Community 3 SSNIT Flat,tabular,xgboost,h24,2026-01-04T23:00:00,2026-01-18T23:00:00,2026-02-15T23:00:00,,,42.0
2026-02-03 05:00:00,61.1,76.30584716796875,1.0,Tema Community 3 SSNIT Flat,tabular,xgboost,h24,2026-01-04T23:00:00,2026-01-18T23:00:00,2026-02-15T23:00:00,,,42.0
2026-02-03 06:00:00,56.0,82.64280700683594,1.0,Tema Community 3 SSNIT Flat,tabular,xgboost,h24,2026-01-04T23:00:00,2026-01-18T23:00:00,2026-02-15T23:00:00,,,42.0
2026-02-03 07:00:00,66.6,84.03886413574219,1.0,Tema Community 3 SSNIT Flat,tabular,xgboost,h24,2026-01-04T23:00:00,2026-01-18T23:00:00,2026-02-15T23:00:00,,,42.0
2026-02-03 08:00:00,41.9,65.47482299804688,1.0,Tema Community 3 SSNIT Flat,tabular,xgboost,h24,2026-01-04T23:00:00,2026-01-18T23:00:00,2026-02-15T23:00:00,,,42.0
2026-02-03 09:00:00,44.2,58.76046371459961,1.0,Tema Community 3 SSNIT Flat,tabular,xgboost,h24,2026-01-04T23:00:00,2026-01-18T23:00:00,2026-02-15T23:00:00,,,42.0
2026-02-03 10:00:00,58.0,65.88492584228516,1.0,Tema Community 3 SSNIT Flat,tabular,xgboost,h24,2026-01-04T23:00:00,2026-01-18T23:00:00,2026-02-15T23:00:00,,,42.0
2026-02-03 11:00:00,56.5,72.82095336914062,1.0,Tema Community 3 SSNIT Flat,tabular,xgboost,h24,2026-01-04T23:00:00,2026-01-18T23:00:00,2026-02-15T23:00:00,,,42.0
2026-02-03 12:00:00,46.7,73.63938903808594,1.0,Tema Community 3 SSNIT Flat,tabular,xgboost,h24,2026-01-04T23:00:00,2026-01-18T23:00:00,2026-02-15T23:00:00,,,42.0
2026-02-03 13:00:00,26.5,68.46847534179688,1.0,Tema Community 3 SSNIT Flat,tabular,xgboost,h24,2026-01-04T23:00:00,2026-01-18T23:00:00,2026-02-15T23:00:00,,,42.0
2026-02-03 14:00:00,34.7,53.82906723022461,1.0,Tema Community 3 SSNIT Flat,tabular,xgboost,h24,2026-01-04T23:00:00,2026-01-18T23:00:00,2026-02-15T23:00:00,,,42.0
2026-02-03 15:00:00,29.0,52.61983108520508,1.0,Tema Community 3 SSNIT Flat,tabular,xgboost,h24,2026-01-04T23:00:00,2026-01-18T23:00:00,2026-02-15T23:00:00,,,42.0
2026-02-03 16:00:00,36.1,55.77555465698242,1.0,Tema Community 3 SSNIT Flat,tabular,xgboost,h24,2026-01-04T23:00:00,2026-01-18T23:00:00,2026-02-15T23:00:00,,,42.0
2026-02-03 17:00:00,26.1,74.08273315429688,1.0,Tema Community 3 SSNIT Flat,tabular,xgboost,h24,2026-01-04T23:00:00,2026-01-18T23:00:00,2026-02-15T23:00:00,,,42.0
2026-02-03 18:00:00,39.8,88.41185760498047,1.0,Tema Community 3 SSNIT Flat,tabular,xgboost,h24,2026-01-04T23:00:00,2026-01-18T23:00:00,2026-02-15T23:00:00,,,42.0
2026-02-03 19:00:00,59.4,83.46871185302734,1.0,Tema Community 3 SSNIT Flat,tabular,xgboost,h24,2026-01-04T23:00:00,2026-01-18T23:00:00,2026-02-15T23:00:00,,,42.0
2026-02-03 20:00:00,76.5,85.52413940429688,1.0,Tema Community 3 SSNIT Flat,tabular,xgboost,h24,2026-01-04T23:00:00,2026-01-18T23:00:00,2026-02-15T23:00:00,,,42.0
2026-02-03 21:00:00,77.8,81.021484375,1.0,Tema Community 3 SSNIT Flat,tabular,xgboost,h24,2026-01-04T23:00:00,2026-01-18T23:00:00,2026-02-15T23:00:00,,,42.0
2026-02-03 22:00:00,56.3,70.92155456542969,1.0,Tema Community 3 SSNIT Flat,tabular,xgboost,h24,2026-01-04T23:00:00,2026-01-18T23:00:00,2026-02-15T23:00:00,,,42.0
2026-02-03 23:00:00,66.2,73.81143188476562,1.0,Tema Community 3 SSNIT Flat,tabular,xgboost,h24,2026-01-04T23:00:00,2026-01-18T23:00:00,2026-02-15T23:00:00,,,42.0
2026-02-04 00:00:00,55.9,82.6482162475586,1.0,Tema Community 3 SSNIT Flat,tabular,xgboost,h24,2026-01-04T23:00:00,2026-01-18T23:00:00,2026-02-15T23:00:00,,,42.0
2026-02-04 01:00:00,56.0,82.12860870361328,1.0,Tema Community 3 SSNIT Flat,tabular,xgboost,h24,2026-01-04T23:00:00,2026-01-18T23:00:00,2026-02-15T23:00:00,,,42.0
2026-02-04 02:00:00,43.0,87.29242706298828,1.0,Tema Community 3 SSNIT Flat,tabular,xgboost,h24,2026-01-04T23:00:00,2026-01-18T23:00:00,2026-02-15T23:00:00,,,42.0
2026-02-04 03:00:00,49.6,86.95726776123047,1.0,Tema Community 3 SSNIT Flat,tabular,xgboost,h24,2026-01-04T23:00:00,2026-01-18T23:00:00,2026-02-15T23:00:00,,,42.0
2026-02-04 04:00:00,59.0,86.0406723022461,1.0,Tema Community 3 SSNIT Flat,tabular,xgboost,h24,2026-01-04T23:00:00,2026-01-18T23:00:00,2026-02-15T23:00:00,,,42.0
2026-02-04 05:00:00,97.2,86.88192749023438,1.0,Tema Community 3 SSNIT Flat,tabular,xgboost,h24,2026-01-04T23:00:00,2026-01-18T23:00:00,2026-02-15T23:00:00,,,42.0
2026-02-04 06:00:00,80.1,78.46280670166016,1.0,Tema Community 3 SSNIT Flat,tabular,xgboost,h24,2026-01-04T23:00:00,2026-01-18T23:00:00,2026-02-15T23:00:00,,,42.0
2026-02-04 07:00:00,91.6,83.94771575927734,1.0,Tema Community 3 SSNIT Flat,tabular,xgboost,h24,2026-01-04T23:00:00,2026-01-18T23:00:00,2026-02-15T23:00:00,,,42.0
2026-02-04 08:00:00,46.5,65.47836303710938,1.0,Tema Community 3 SSNIT Flat,tabular,xgboost,h24,2026-01-04T23:00:00,2026-01-18T23:00:00,2026-02-15T23:00:00,,,42.0
2026-02-04 09:00:00,47.7,63.701271057128906,1.0,Tema Community 3 SSNIT Flat,tabular,xgboost,h24,2026-01-04T23:00:00,2026-01-18T23:00:00,2026-02-15T23:00:00,,,42.0
2026-02-04 10:00:00,47.3,62.896080017089844,1.0,Tema Community 3 SSNIT Flat,tabular,xgboost,h24,2026-01-04T23:00:00,2026-01-18T23:00:00,2026-02-15T23:00:00,,,42.0
2026-02-04 11:00:00,40.1,61.38882827758789,1.0,Tema Community 3 SSNIT Flat,tabular,xgboost,h24,2026-01-04T23:00:00,2026-01-18T23:00:00,2026-02-15T23:00:00,,,42.0
2026-02-04 12:00:00,35.8,63.399391174316406,1.0,Tema Community 3 SSNIT Flat,tabular,xgboost,h24,2026-01-04T23:00:00,2026-01-18T23:00:00,2026-02-15T23:00:00,,,42.0
2026-02-04 13:00:00,35.0,69.83262634277344,1.0,Tema Community 3 SSNIT Flat,tabular,xgboost,h24,2026-01-04T23:00:00,2026-01-18T23:00:00,2026-02-15T23:00:00,,,42.0
2026-02-04 14:00:00,32.5,51.182037353515625,1.0,Tema Community 3 SSNIT Flat,tabular,xgboost,h24,2026-01-04T23:00:00,2026-01-18T23:00:00,2026-02-15T23:00:00,,,42.0
2026-02-04 15:00:00,30.3,48.401893615722656,1.0,Tema Community 3 SSNIT Flat,tabular,xgboost,h24,2026-01-04T23:00:00,2026-01-18T23:00:00,2026-02-15T23:00:00,,,42.0
2026-02-04 16:00:00,24.5,71.69862365722656,1.0,Tema Community 3 SSNIT Flat,tabular,xgboost,h24,2026-01-04T23:00:00,2026-01-18T23:00:00,2026-02-15T23:00:00,,,42.0
2026-02-04 17:00:00,21.8,78.90269470214844,1.0,Tema Community 3 SSNIT Flat,tabular,xgboost,h24,2026-01-04T23:00:00,2026-01-18T23:00:00,2026-02-15T23:00:00,,,42.0
2026-02-04 18:00:00,18.9,70.13356018066406,1.0,Tema Community 3 SSNIT Flat,tabular,xgboost,h24,2026-01-04T23:00:00,2026-01-18T23:00:00,2026-02-15T23:00:00,,,42.0
2026-02-04 19:00:00,12.5,63.12346649169922,1.0,Tema Community 3 SSNIT Flat,tabular,xgboost,h24,2026-01-04T23:00:00,2026-01-18T23:00:00,2026-02-15T23:00:00,,,42.0
2026-02-04 20:00:00,13.5,62.39617919921875,1.0,Tema Community 3 SSNIT Flat,tabular,xgboost,h24,2026-01-04T23:00:00,2026-01-18T23:00:00,2026-02-15T23:00:00,,,42.0
2026-02-04 21:00:00,20.6,67.79765319824219,1.0,Tema Community 3 SSNIT Flat,tabular,xgboost,h24,2026-01-04T23:00:00,2026-01-18T23:00:00,2026-02-15T23:00:00,,,42.0
2026-02-04 22:00:00,25.4,70.88753509521484,1.0,Tema Community 3 SSNIT Flat,tabular,xgboost,h24,2026-01-04T23:00:00,2026-01-18T23:00:00,2026-02-15T23:00:00,,,42.0
2026-02-04 23:00:00,39.4,61.63494110107422,1.0,Tema Community 3 SSNIT Flat,tabular,xgboost,h24,2026-01-04T23:00:00,2026-01-18T23:00:00,2026-02-15T23:00:00,,,42.0
2026-02-05 00:00:00,41.5,73.57235717773438,1.0,Tema Community 3 SSNIT Flat,tabular,xgboost,h24,2026-01-04T23:00:00,2026-01-18T23:00:00,2026-02-15T23:00:00,,,42.0
2026-02-05 01:00:00,46.8,68.40624237060547,1.0,Tema Community 3 SSNIT Flat,tabular,xgboost,h24,2026-01-04T23:00:00,2026-01-18T23:00:00,2026-02-15T23:00:00,,,42.0
2026-02-05 02:00:00,43.1,64.74101257324219,1.0,Tema Community 3 SSNIT Flat,tabular,xgboost,h24,2026-01-04T23:00:00,2026-01-18T23:00:00,2026-02-15T23:00:00,,,42.0
2026-02-05 03:00:00,41.4,64.53583526611328,1.0,Tema Community 3 SSNIT Flat,tabular,xgboost,h24,2026-01-04T23:00:00,2026-01-18T23:00:00,2026-02-15T23:00:00,,,42.0
2026-02-05 04:00:00,36.6,60.457088470458984,1.0,Tema Community 3 SSNIT Flat,tabular,xgboost,h24,2026-01-04T23:00:00,2026-01-18T23:00:00,2026-02-15T23:00:00,,,42.0
2026-02-05 05:00:00,50.0,68.9019546508789,1.0,Tema Community 3 SSNIT Flat,tabular,xgboost,h24,2026-01-04T23:00:00,2026-01-18T23:00:00,2026-02-15T23:00:00,,,42.0
2026-02-05 06:00:00,43.4,80.6646728515625,1.0,Tema Community 3 SSNIT Flat,tabular,xgboost,h24,2026-01-04T23:00:00,2026-01-18T23:00:00,2026-02-15T23:00:00,,,42.0
2026-02-05 07:00:00,43.5,82.191162109375,1.0,Tema Community 3 SSNIT Flat,tabular,xgboost,h24,2026-01-04T23:00:00,2026-01-18T23:00:00,2026-02-15T23:00:00,,,42.0
2026-02-05 08:00:00,33.2,69.48060607910156,1.0,Tema Community 3 SSNIT Flat,tabular,xgboost,h24,2026-01-04T23:00:00,2026-01-18T23:00:00,2026-02-15T23:00:00,,,42.0
2026-02-05 09:00:00,26.7,61.855934143066406,1.0,Tema Community 3 SSNIT Flat,tabular,xgboost,h24,2026-01-04T23:00:00,2026-01-18T23:00:00,2026-02-15T23:00:00,,,42.0
2026-02-05 10:00:00,24.3,74.78547668457031,1.0,Tema Community 3 SSNIT Flat,tabular,xgboost,h24,2026-01-04T23:00:00,2026-01-18T23:00:00,2026-02-15T23:00:00,,,42.0
2026-02-05 11:00:00,18.6,59.687644958496094,1.0,Tema Community 3 SSNIT Flat,tabular,xgboost,h24,2026-01-04T23:00:00,2026-01-18T23:00:00,2026-02-15T23:00:00,,,42.0
2026-02-05 12:00:00,15.8,51.407711029052734,1.0,Tema Community 3 SSNIT Flat,tabular,xgboost,h24,2026-01-04T23:00:00,2026-01-18T23:00:00,2026-02-15T23:00:00,,,42.0
2026-02-05 13:00:00,14.5,42.733909606933594,1.0,Tema Community 3 SSNIT Flat,tabular,xgboost,h24,2026-01-04T23:00:00,2026-01-18T23:00:00,2026-02-15T23:00:00,,,42.0
2026-02-05 14:00:00,16.0,45.11180114746094,1.0,Tema Community 3 SSNIT Flat,tabular,xgboost,h24,2026-01-04T23:00:00,2026-01-18T23:00:00,2026-02-15T23:00:00,,,42.0
2026-02-05 15:00:00,16.7,50.441444396972656,1.0,Tema Community 3 SSNIT Flat,tabular,xgboost,h24,2026-01-04T23:00:00,2026-01-18T23:00:00,2026-02-15T23:00:00,,,42.0
2026-02-05 16:00:00,23.9,63.720027923583984,1.0,Tema Community 3 SSNIT Flat,tabular,xgboost,h24,2026-01-04T23:00:00,2026-01-18T23:00:00,2026-02-15T23:00:00,,,42.0
2026-02-05 17:00:00,32.3,68.51480865478516,1.0,Tema Community 3 SSNIT Flat,tabular,xgboost,h24,2026-01-04T23:00:00,2026-01-18T23:00:00,2026-02-15T23:00:00,,,42.0
2026-02-05 18:00:00,23.2,61.632911682128906,1.0,Tema Community 3 SSNIT Flat,tabular,xgboost,h24,2026-01-04T23:00:00,2026-01-18T23:00:00,2026-02-15T23:00:00,,,42.0
2026-02-05 19:00:00,21.8,61.71247482299805,1.0,Tema Community 3 SSNIT Flat,tabular,xgboost,h24,2026-01-04T23:00:00,2026-01-18T23:00:00,2026-02-15T23:00:00,,,42.0
2026-02-05 20:00:00,21.6,60.14613342285156,1.0,Tema Community 3 SSNIT Flat,tabular,xgboost,h24,2026-01-04T23:00:00,2026-01-18T23:00:00,2026-02-15T23:00:00,,,42.0
2026-02-05 21:00:00,21.4,70.14017486572266,1.0,Tema Community 3 SSNIT Flat,tabular,xgboost,h24,2026-01-04T23:00:00,2026-01-18T23:00:00,2026-02-15T23:00:00,,,42.0
2026-02-05 22:00:00,20.9,49.35696792602539,1.0,Tema Community 3 SSNIT Flat,tabular,xgboost,h24,2026-01-04T23:00:00,2026-01-18T23:00:00,2026-02-15T23:00:00,,,42.0
2026-02-05 23:00:00,20.4,43.31690216064453,1.0,Tema Community 3 SSNIT Flat,tabular,xgboost,h24,2026-01-04T23:00:00,2026-01-18T23:00:00,2026-02-15T23:00:00,,,42.0
2026-02-06 00:00:00,20.7,48.364898681640625,1.0,Tema Community 3 SSNIT Flat,tabular,xgboost,h24,2026-01-04T23:00:00,2026-01-18T23:00:00,2026-02-15T23:00:00,,,42.0
2026-02-06 01:00:00,24.0875,52.62582015991211,1.0,Tema Community 3 SSNIT Flat,tabular,xgboost,h24,2026-01-04T23:00:00,2026-01-18T23:00:00,2026-02-15T23:00:00,,,42.0
2026-02-06 02:00:00,27.475,53.12380599975586,1.0,Tema Community 3 SSNIT Flat,tabular,xgboost,h24,2026-01-04T23:00:00,2026-01-18T23:00:00,2026-02-15T23:00:00,,,42.0
2026-02-06 03:00:00,30.862499999999997,58.563873291015625,1.0,Tema Community 3 SSNIT Flat,tabular,xgboost,h24,2026-01-04T23:00:00,2026-01-18T23:00:00,2026-02-15T23:00:00,,,42.0
2026-02-06 05:00:00,37.6375,50.085426330566406,1.0,Tema Community 3 SSNIT Flat,tabular,xgboost,h24,2026-01-04T23:00:00,2026-01-18T23:00:00,2026-02-15T23:00:00,,,42.0
2026-02-06 06:00:00,41.025,58.00498580932617,1.0,Tema Community 3 SSNIT Flat,tabular,xgboost,h24,2026-01-04T23:00:00,2026-01-18T23:00:00,2026-02-15T23:00:00,,,42.0
2026-02-06 07:00:00,44.4125,66.83540344238281,1.0,Tema Community 3 SSNIT Flat,tabular,xgboost,h24,2026-01-04T23:00:00,2026-01-18T23:00:00,2026-02-15T23:00:00,,,42.0
2026-02-06 08:00:00,47.8,63.53129959106445,1.0,Tema Community 3 SSNIT Flat,tabular,xgboost,h24,2026-01-04T23:00:00,2026-01-18T23:00:00,2026-02-15T23:00:00,,,42.0
2026-02-06 09:00:00,33.7,60.97880935668945,1.0,Tema Community 3 SSNIT Flat,tabular,xgboost,h24,2026-01-04T23:00:00,2026-01-18T23:00:00,2026-02-15T23:00:00,,,42.0
2026-02-06 10:00:00,21.3,65.97006225585938,1.0,Tema Community 3 SSNIT Flat,tabular,xgboost,h24,2026-01-04T23:00:00,2026-01-18T23:00:00,2026-02-15T23:00:00,,,42.0
2026-02-06 11:00:00,20.7,57.64476776123047,1.0,Tema Community 3 SSNIT Flat,tabular,xgboost,h24,2026-01-04T23:00:00,2026-01-18T23:00:00,2026-02-15T23:00:00,,,42.0
2026-02-06 12:00:00,19.6,52.20396423339844,1.0,Tema Community 3 SSNIT Flat,tabular,xgboost,h24,2026-01-04T23:00:00,2026-01-18T23:00:00,2026-02-15T23:00:00,,,42.0
2026-02-06 13:00:00,20.5,45.56062316894531,1.0,Tema Community 3 SSNIT Flat,tabular,xgboost,h24,2026-01-04T23:00:00,2026-01-18T23:00:00,2026-02-15T23:00:00,,,42.0
2026-02-06 14:00:00,21.2,49.573890686035156,1.0,Tema Community 3 SSNIT Flat,tabular,xgboost,h24,2026-01-04T23:00:00,2026-01-18T23:00:00,2026-02-15T23:00:00,,,42.0
2026-02-06 15:00:00,19.1,45.37881088256836,1.0,Tema Community 3 SSNIT Flat,tabular,xgboost,h24,2026-01-04T23:00:00,2026-01-18T23:00:00,2026-02-15T23:00:00,,,42.0
2026-02-06 16:00:00,20.7,50.75068664550781,1.0,Tema Community 3 SSNIT Flat,tabular,xgboost,h24,2026-01-04T23:00:00,2026-01-18T23:00:00,2026-02-15T23:00:00,,,42.0
2026-02-06 17:00:00,22.1,44.47944641113281,1.0,Tema Community 3 SSNIT Flat,tabular,xgboost,h24,2026-01-04T23:00:00,2026-01-18T23:00:00,2026-02-15T23:00:00,,,42.0
2026-02-06 18:00:00,22.9,49.81845474243164,1.0,Tema Community 3 SSNIT Flat,tabular,xgboost,h24,2026-01-04T23:00:00,2026-01-18T23:00:00,2026-02-15T23:00:00,,,42.0
2026-02-06 19:00:00,24.2,63.47532653808594,1.0,Tema Community 3 SSNIT Flat,tabular,xgboost,h24,2026-01-04T23:00:00,2026-01-18T23:00:00,2026-02-15T23:00:00,,,42.0
2026-02-06 20:00:00,24.2,70.56355285644531,1.0,Tema Community 3 SSNIT Flat,tabular,xgboost,h24,2026-01-04T23:00:00,2026-01-18T23:00:00,2026-02-15T23:00:00,,,42.0
2026-02-06 21:00:00,25.4,70.25100708007812,1.0,Tema Community 3 SSNIT Flat,tabular,xgboost,h24,2026-01-04T23:00:00,2026-01-18T23:00:00,2026-02-15T23:00:00,,,42.0
2026-02-06 22:00:00,25.3,72.04178619384766,1.0,Tema Community 3 SSNIT Flat,tabular,xgboost,h24,2026-01-04T23:00:00,2026-01-18T23:00:00,2026-02-15T23:00:00,,,42.0
2026-02-06 23:00:00,23.7,70.30233764648438,1.0,Tema Community 3 SSNIT Flat,tabular,xgboost,h24,2026-01-04T23:00:00,2026-01-18T23:00:00,2026-02-15T23:00:00,,,42.0
2026-02-07 00:00:00,22.6,71.02356719970703,1.0,Tema Community 3 SSNIT Flat,tabular,xgboost,h24,2026-01-04T23:00:00,2026-01-18T23:00:00,2026-02-15T23:00:00,,,42.0
2026-02-07 01:00:00,18.8,75.44572448730469,1.0,Tema Community 3 SSNIT Flat,tabular,xgboost,h24,2026-01-04T23:00:00,2026-01-18T23:00:00,2026-02-15T23:00:00,,,42.0
2026-02-07 02:00:00,22.4,63.79513931274414,1.0,Tema Community 3 SSNIT Flat,tabular,xgboost,h24,2026-01-04T23:00:00,2026-01-18T23:00:00,2026-02-15T23:00:00,,,42.0
2026-02-07 03:00:00,32.5,69.52284240722656,1.0,Tema Community 3 SSNIT Flat,tabular,xgboost,h24,2026-01-04T23:00:00,2026-01-18T23:00:00,2026-02-15T23:00:00,,,42.0
2026-02-07 04:00:00,37.3,71.61061096191406,1.0,Tema Community 3 SSNIT Flat,tabular,xgboost,h24,2026-01-04T23:00:00,2026-01-18T23:00:00,2026-02-15T23:00:00,,,42.0
2026-02-07 05:00:00,39.7,73.90371704101562,1.0,Tema Community 3 SSNIT Flat,tabular,xgboost,h24,2026-01-04T23:00:00,2026-01-18T23:00:00,2026-02-15T23:00:00,,,42.0
2026-02-07 06:00:00,62.6,65.48475646972656,1.0,Tema Community 3 SSNIT Flat,tabular,xgboost,h24,2026-01-04T23:00:00,2026-01-18T23:00:00,2026-02-15T23:00:00,,,42.0
2026-02-07 07:00:00,55.3,66.30029296875,1.0,Tema Community 3 SSNIT Flat,tabular,xgboost,h24,2026-01-04T23:00:00,2026-01-18T23:00:00,2026-02-15T23:00:00,,,42.0
2026-02-07 08:00:00,41.3,56.4017333984375,1.0,Tema Community 3 SSNIT Flat,tabular,xgboost,h24,2026-01-04T23:00:00,2026-01-18T23:00:00,2026-02-15T23:00:00,,,42.0
2026-02-07 09:00:00,23.7,51.516624450683594,1.0,Tema Community 3 SSNIT Flat,tabular,xgboost,h24,2026-01-04T23:00:00,2026-01-18T23:00:00,2026-02-15T23:00:00,,,42.0
2026-02-07 10:00:00,23.2,64.70962524414062,1.0,Tema Community 3 SSNIT Flat,tabular,xgboost,h24,2026-01-04T23:00:00,2026-01-18T23:00:00,2026-02-15T23:00:00,,,42.0
2026-02-07 11:00:00,19.6,64.66047668457031,1.0,Tema Community 3 SSNIT Flat,tabular,xgboost,h24,2026-01-04T23:00:00,2026-01-18T23:00:00,2026-02-15T23:00:00,,,42.0
2026-02-07 12:00:00,19.0,61.59565734863281,1.0,Tema Community 3 SSNIT Flat,tabular,xgboost,h24,2026-01-04T23:00:00,2026-01-18T23:00:00,2026-02-15T23:00:00,,,42.0
2026-02-07 13:00:00,17.4,42.31328201293945,1.0,Tema Community 3 SSNIT Flat,tabular,xgboost,h24,2026-01-04T23:00:00,2026-01-18T23:00:00,2026-02-15T23:00:00,,,42.0
2026-02-07 14:00:00,16.7,59.23008728027344,1.0,Tema Community 3 SSNIT Flat,tabular,xgboost,h24,2026-01-04T23:00:00,2026-01-18T23:00:00,2026-02-15T23:00:00,,,42.0
2026-02-07 15:00:00,18.4,46.97514724731445,1.0,Tema Community 3 SSNIT Flat,tabular,xgboost,h24,2026-01-04T23:00:00,2026-01-18T23:00:00,2026-02-15T23:00:00,,,42.0
2026-02-07 16:00:00,79.5,50.001434326171875,1.0,Tema Community 3 SSNIT Flat,tabular,xgboost,h24,2026-01-04T23:00:00,2026-01-18T23:00:00,2026-02-15T23:00:00,,,42.0
2026-02-07 17:00:00,31.8,43.86976623535156,1.0,Tema Community 3 SSNIT Flat,tabular,xgboost,h24,2026-01-04T23:00:00,2026-01-18T23:00:00,2026-02-15T23:00:00,,,42.0
2026-02-07 18:00:00,32.5,72.90616607666016,1.0,Tema Community 3 SSNIT Flat,tabular,xgboost,h24,2026-01-04T23:00:00,2026-01-18T23:00:00,2026-02-15T23:00:00,,,42.0
2026-02-07 19:00:00,24.7,70.35032653808594,1.0,Tema Community 3 SSNIT Flat,tabular,xgboost,h24,2026-01-04T23:00:00,2026-01-18T23:00:00,2026-02-15T23:00:00,,,42.0
2026-02-07 20:00:00,23.8,59.668216705322266,1.0,Tema Community 3 SSNIT Flat,tabular,xgboost,h24,2026-01-04T23:00:00,2026-01-18T23:00:00,2026-02-15T23:00:00,,,42.0
2026-02-07 21:00:00,25.5,56.388980865478516,1.0,Tema Community 3 SSNIT Flat,tabular,xgboost,h24,2026-01-04T23:00:00,2026-01-18T23:00:00,2026-02-15T23:00:00,,,42.0
2026-02-07 22:00:00,36.7,69.85967254638672,1.0,Tema Community 3 SSNIT Flat,tabular,xgboost,h24,2026-01-04T23:00:00,2026-01-18T23:00:00,2026-02-15T23:00:00,,,42.0
2026-02-07 23:00:00,31.7,69.45930480957031,1.0,Tema Community 3 SSNIT Flat,tabular,xgboost,h24,2026-01-04T23:00:00,2026-01-18T23:00:00,2026-02-15T23:00:00,,,42.0
2026-02-08 00:00:00,33.1,82.85724639892578,1.0,Tema Community 3 SSNIT Flat,tabular,xgboost,h24,2026-01-04T23:00:00,2026-01-18T23:00:00,2026-02-15T23:00:00,,,42.0
2026-02-08 01:00:00,35.7,102.32817840576172,1.0,Tema Community 3 SSNIT Flat,tabular,xgboost,h24,2026-01-04T23:00:00,2026-01-18T23:00:00,2026-02-15T23:00:00,,,42.0
2026-02-08 02:00:00,34.0,85.88931274414062,1.0,Tema Community 3 SSNIT Flat,tabular,xgboost,h24,2026-01-04T23:00:00,2026-01-18T23:00:00,2026-02-15T23:00:00,,,42.0
2026-02-08 03:00:00,35.0,74.3252182006836,1.0,Tema Community 3 SSNIT Flat,tabular,xgboost,h24,2026-01-04T23:00:00,2026-01-18T23:00:00,2026-02-15T23:00:00,,,42.0
2026-02-08 04:00:00,37.8,70.1092758178711,1.0,Tema Community 3 SSNIT Flat,tabular,xgboost,h24,2026-01-04T23:00:00,2026-01-18T23:00:00,2026-02-15T23:00:00,,,42.0
2026-02-08 05:00:00,48.8,74.9954605102539,1.0,Tema Community 3 SSNIT Flat,tabular,xgboost,h24,2026-01-04T23:00:00,2026-01-18T23:00:00,2026-02-15T23:00:00,,,42.0
2026-02-08 06:00:00,113.1,65.0038070678711,1.0,Tema Community 3 SSNIT Flat,tabular,xgboost,h24,2026-01-04T23:00:00,2026-01-18T23:00:00,2026-02-15T23:00:00,,,42.0
2026-02-08 07:00:00,111.6,63.54138946533203,1.0,Tema Community 3 SSNIT Flat,tabular,xgboost,h24,2026-01-04T23:00:00,2026-01-18T23:00:00,2026-02-15T23:00:00,,,42.0
2026-02-08 08:00:00,48.6,49.0226936340332,1.0,Tema Community 3 SSNIT Flat,tabular,xgboost,h24,2026-01-04T23:00:00,2026-01-18T23:00:00,2026-02-15T23:00:00,,,42.0
2026-02-08 09:00:00,32.0,64.12137603759766,1.0,Tema Community 3 SSNIT Flat,tabular,xgboost,h24,2026-01-04T23:00:00,2026-01-18T23:00:00,2026-02-15T23:00:00,,,42.0
2026-02-08 10:00:00,173.0,60.16658401489258,1.0,Tema Community 3 SSNIT Flat,tabular,xgboost,h24,2026-01-04T23:00:00,2026-01-18T23:00:00,2026-02-15T23:00:00,,,42.0
2026-02-08 11:00:00,237.5,61.974735260009766,1.0,Tema Community 3 SSNIT Flat,tabular,xgboost,h24,2026-01-04T23:00:00,2026-01-18T23:00:00,2026-02-15T23:00:00,,,42.0
2026-02-08 12:00:00,65.3,60.79810333251953,1.0,Tema Community 3 SSNIT Flat,tabular,xgboost,h24,2026-01-04T23:00:00,2026-01-18T23:00:00,2026-02-15T23:00:00,,,42.0
2026-02-08 13:00:00,23.3,49.57137680053711,1.0,Tema Community 3 SSNIT Flat,tabular,xgboost,h24,2026-01-04T23:00:00,2026-01-18T23:00:00,2026-02-15T23:00:00,,,42.0
2026-02-08 14:00:00,17.9,60.667991638183594,1.0,Tema Community 3 SSNIT Flat,tabular,xgboost,h24,2026-01-04T23:00:00,2026-01-18T23:00:00,2026-02-15T23:00:00,,,42.0
2026-02-08 15:00:00,17.0,41.786224365234375,1.0,Tema Community 3 SSNIT Flat,tabular,xgboost,h24,2026-01-04T23:00:00,2026-01-18T23:00:00,2026-02-15T23:00:00,,,42.0
2026-02-08 16:00:00,16.9,39.70212173461914,1.0,Tema Community 3 SSNIT Flat,tabular,xgboost,h24,2026-01-04T23:00:00,2026-01-18T23:00:00,2026-02-15T23:00:00,,,42.0
2026-02-08 17:00:00,24.0,39.71015167236328,1.0,Tema Community 3 SSNIT Flat,tabular,xgboost,h24,2026-01-04T23:00:00,2026-01-18T23:00:00,2026-02-15T23:00:00,,,42.0
2026-02-08 18:00:00,26.6,54.41482162475586,1.0,Tema Community 3 SSNIT Flat,tabular,xgboost,h24,2026-01-04T23:00:00,2026-01-18T23:00:00,2026-02-15T23:00:00,,,42.0
2026-02-08 19:00:00,21.2,56.338226318359375,1.0,Tema Community 3 SSNIT Flat,tabular,xgboost,h24,2026-01-04T23:00:00,2026-01-18T23:00:00,2026-02-15T23:00:00,,,42.0
2026-02-08 20:00:00,21.1,52.49064636230469,1.0,Tema Community 3 SSNIT Flat,tabular,xgboost,h24,2026-01-04T23:00:00,2026-01-18T23:00:00,2026-02-15T23:00:00,,,42.0
2026-02-08 21:00:00,20.1,50.392452239990234,1.0,Tema Community 3 SSNIT Flat,tabular,xgboost,h24,2026-01-04T23:00:00,2026-01-18T23:00:00,2026-02-15T23:00:00,,,42.0
2026-02-08 22:00:00,20.3,49.99416732788086,1.0,Tema Community 3 SSNIT Flat,tabular,xgboost,h24,2026-01-04T23:00:00,2026-01-18T23:00:00,2026-02-15T23:00:00,,,42.0
2026-02-08 23:00:00,23.3,56.9598503112793,1.0,Tema Community 3 SSNIT Flat,tabular,xgboost,h24,2026-01-04T23:00:00,2026-01-18T23:00:00,2026-02-15T23:00:00,,,42.0
2026-02-09 00:00:00,18.5,66.99617004394531,1.0,Tema Community 3 SSNIT Flat,tabular,xgboost,h24,2026-01-04T23:00:00,2026-01-18T23:00:00,2026-02-15T23:00:00,,,42.0
2026-02-09 01:00:00,17.4,61.88658142089844,1.0,Tema Community 3 SSNIT Flat,tabular,xgboost,h24,2026-01-04T23:00:00,2026-01-18T23:00:00,2026-02-15T23:00:00,,,42.0
2026-02-09 02:00:00,17.9,60.91461944580078,1.0,Tema Community 3 SSNIT Flat,tabular,xgboost,h24,2026-01-04T23:00:00,2026-01-18T23:00:00,2026-02-15T23:00:00,,,42.0
2026-02-09 03:00:00,20.8,71.13363647460938,1.0,Tema Community 3 SSNIT Flat,tabular,xgboost,h24,2026-01-04T23:00:00,2026-01-18T23:00:00,2026-02-15T23:00:00,,,42.0
2026-02-09 04:00:00,22.6,61.92851257324219,1.0,Tema Community 3 SSNIT Flat,tabular,xgboost,h24,2026-01-04T23:00:00,2026-01-18T23:00:00,2026-02-15T23:00:00,,,42.0
2026-02-09 05:00:00,36.9,62.29392623901367,1.0,Tema Community 3 SSNIT Flat,tabular,xgboost,h24,2026-01-04T23:00:00,2026-01-18T23:00:00,2026-02-15T23:00:00,,,42.0
2026-02-09 06:00:00,41.3,71.43380737304688,1.0,Tema Community 3 SSNIT Flat,tabular,xgboost,h24,2026-01-04T23:00:00,2026-01-18T23:00:00,2026-02-15T23:00:00,,,42.0
2026-02-09 07:00:00,39.7,59.83659362792969,1.0,Tema Community 3 SSNIT Flat,tabular,xgboost,h24,2026-01-04T23:00:00,2026-01-18T23:00:00,2026-02-15T23:00:00,,,42.0
2026-02-09 08:00:00,46.3,52.04775619506836,1.0,Tema Community 3 SSNIT Flat,tabular,xgboost,h24,2026-01-04T23:00:00,2026-01-18T23:00:00,2026-02-15T23:00:00,,,42.0
2026-02-09 09:00:00,34.7,55.57875442504883,1.0,Tema Community 3 SSNIT Flat,tabular,xgboost,h24,2026-01-04T23:00:00,2026-01-18T23:00:00,2026-02-15T23:00:00,,,42.0
2026-02-09 10:00:00,28.0,52.66999435424805,1.0,Tema Community 3 SSNIT Flat,tabular,xgboost,h24,2026-01-04T23:00:00,2026-01-18T23:00:00,2026-02-15T23:00:00,,,42.0
2026-02-09 11:00:00,21.6,50.52290725708008,1.0,Tema Community 3 SSNIT Flat,tabular,xgboost,h24,2026-01-04T23:00:00,2026-01-18T23:00:00,2026-02-15T23:00:00,,,42.0
2026-02-09 12:00:00,18.5,41.55294418334961,1.0,Tema Community 3 SSNIT Flat,tabular,xgboost,h24,2026-01-04T23:00:00,2026-01-18T23:00:00,2026-02-15T23:00:00,,,42.0
2026-02-09 13:00:00,17.7,38.31586456298828,1.0,Tema Community 3 SSNIT Flat,tabular,xgboost,h24,2026-01-04T23:00:00,2026-01-18T23:00:00,2026-02-15T23:00:00,,,42.0
2026-02-09 14:00:00,17.3,40.35639953613281,1.0,Tema Community 3 SSNIT Flat,tabular,xgboost,h24,2026-01-04T23:00:00,2026-01-18T23:00:00,2026-02-15T23:00:00,,,42.0
2026-02-09 15:00:00,16.1,41.9927864074707,1.0,Tema Community 3 SSNIT Flat,tabular,xgboost,h24,2026-01-04T23:00:00,2026-01-18T23:00:00,2026-02-15T23:00:00,,,42.0
2026-02-09 16:00:00,15.5,42.59609603881836,1.0,Tema Community 3 SSNIT Flat,tabular,xgboost,h24,2026-01-04T23:00:00,2026-01-18T23:00:00,2026-02-15T23:00:00,,,42.0
2026-02-09 17:00:00,18.8,67.16438293457031,1.0,Tema Community 3 SSNIT Flat,tabular,xgboost,h24,2026-01-04T23:00:00,2026-01-18T23:00:00,2026-02-15T23:00:00,,,42.0
2026-02-09 18:00:00,29.7,50.31364822387695,1.0,Tema Community 3 SSNIT Flat,tabular,xgboost,h24,2026-01-04T23:00:00,2026-01-18T23:00:00,2026-02-15T23:00:00,,,42.0
2026-02-09 19:00:00,21.9,47.76395797729492,1.0,Tema Community 3 SSNIT Flat,tabular,xgboost,h24,2026-01-04T23:00:00,2026-01-18T23:00:00,2026-02-15T23:00:00,,,42.0
2026-02-09 20:00:00,20.5,37.46168899536133,1.0,Tema Community 3 SSNIT Flat,tabular,xgboost,h24,2026-01-04T23:00:00,2026-01-18T23:00:00,2026-02-15T23:00:00,,,42.0
2026-02-09 21:00:00,21.8,49.92628860473633,1.0,Tema Community 3 SSNIT Flat,tabular,xgboost,h24,2026-01-04T23:00:00,2026-01-18T23:00:00,2026-02-15T23:00:00,,,42.0
2026-02-09 22:00:00,23.9,54.487693786621094,1.0,Tema Community 3 SSNIT Flat,tabular,xgboost,h24,2026-01-04T23:00:00,2026-01-18T23:00:00,2026-02-15T23:00:00,,,42.0
2026-02-09 23:00:00,23.3,50.96086120605469,1.0,Tema Community 3 SSNIT Flat,tabular,xgboost,h24,2026-01-04T23:00:00,2026-01-18T23:00:00,2026-02-15T23:00:00,,,42.0
2026-02-10 00:00:00,29.8,61.91994094848633,1.0,Tema Community 3 SSNIT Flat,tabular,xgboost,h24,2026-01-04T23:00:00,2026-01-18T23:00:00,2026-02-15T23:00:00,,,42.0
2026-02-10 01:00:00,29.3,61.25569152832031,1.0,Tema Community 3 SSNIT Flat,tabular,xgboost,h24,2026-01-04T23:00:00,2026-01-18T23:00:00,2026-02-15T23:00:00,,,42.0
2026-02-10 02:00:00,33.7,59.498111724853516,1.0,Tema Community 3 SSNIT Flat,tabular,xgboost,h24,2026-01-04T23:00:00,2026-01-18T23:00:00,2026-02-15T23:00:00,,,42.0
2026-02-10 03:00:00,30.9,61.339908599853516,1.0,Tema Community 3 SSNIT Flat,tabular,xgboost,h24,2026-01-04T23:00:00,2026-01-18T23:00:00,2026-02-15T23:00:00,,,42.0
2026-02-10 04:00:00,20.4,60.438026428222656,1.0,Tema Community 3 SSNIT Flat,tabular,xgboost,h24,2026-01-04T23:00:00,2026-01-18T23:00:00,2026-02-15T23:00:00,,,42.0
2026-02-10 05:00:00,32.0,61.395957946777344,1.0,Tema Community 3 SSNIT Flat,tabular,xgboost,h24,2026-01-04T23:00:00,2026-01-18T23:00:00,2026-02-15T23:00:00,,,42.0
2026-02-10 06:00:00,53.5,64.59496307373047,1.0,Tema Community 3 SSNIT Flat,tabular,xgboost,h24,2026-01-04T23:00:00,2026-01-18T23:00:00,2026-02-15T23:00:00,,,42.0
2026-02-10 07:00:00,52.1,54.811424255371094,1.0,Tema Community 3 SSNIT Flat,tabular,xgboost,h24,2026-01-04T23:00:00,2026-01-18T23:00:00,2026-02-15T23:00:00,,,42.0
2026-02-10 08:00:00,36.4,54.731075286865234,1.0,Tema Community 3 SSNIT Flat,tabular,xgboost,h24,2026-01-04T23:00:00,2026-01-18T23:00:00,2026-02-15T23:00:00,,,42.0
2026-02-10 09:00:00,30.3,50.50173568725586,1.0,Tema Community 3 SSNIT Flat,tabular,xgboost,h24,2026-01-04T23:00:00,2026-01-18T23:00:00,2026-02-15T23:00:00,,,42.0
2026-02-10 10:00:00,29.5,45.35387420654297,1.0,Tema Community 3 SSNIT Flat,tabular,xgboost,h24,2026-01-04T23:00:00,2026-01-18T23:00:00,2026-02-15T23:00:00,,,42.0
2026-02-10 11:00:00,25.3,44.937801361083984,1.0,Tema Community 3 SSNIT Flat,tabular,xgboost,h24,2026-01-04T23:00:00,2026-01-18T23:00:00,2026-02-15T23:00:00,,,42.0
2026-02-10 12:00:00,21.2,48.684906005859375,1.0,Tema Community 3 SSNIT Flat,tabular,xgboost,h24,2026-01-04T23:00:00,2026-01-18T23:00:00,2026-02-15T23:00:00,,,42.0
2026-02-10 13:00:00,25.2,41.06074523925781,1.0,Tema Community 3 SSNIT Flat,tabular,xgboost,h24,2026-01-04T23:00:00,2026-01-18T23:00:00,2026-02-15T23:00:00,,,42.0
2026-02-10 14:00:00,15.7,35.03327560424805,1.0,Tema Community 3 SSNIT Flat,tabular,xgboost,h24,2026-01-04T23:00:00,2026-01-18T23:00:00,2026-02-15T23:00:00,,,42.0
2026-02-10 15:00:00,9.0,41.482662200927734,1.0,Tema Community 3 SSNIT Flat,tabular,xgboost,h24,2026-01-04T23:00:00,2026-01-18T23:00:00,2026-02-15T23:00:00,,,42.0
2026-02-10 16:00:00,11.3,49.06797790527344,1.0,Tema Community 3 SSNIT Flat,tabular,xgboost,h24,2026-01-04T23:00:00,2026-01-18T23:00:00,2026-02-15T23:00:00,,,42.0
2026-02-10 17:00:00,9.8,47.081661224365234,1.0,Tema Community 3 SSNIT Flat,tabular,xgboost,h24,2026-01-04T23:00:00,2026-01-18T23:00:00,2026-02-15T23:00:00,,,42.0
2026-02-10 18:00:00,19.3,42.67570495605469,1.0,Tema Community 3 SSNIT Flat,tabular,xgboost,h24,2026-01-04T23:00:00,2026-01-18T23:00:00,2026-02-15T23:00:00,,,42.0
2026-02-10 19:00:00,10.0,42.678524017333984,1.0,Tema Community 3 SSNIT Flat,tabular,xgboost,h24,2026-01-04T23:00:00,2026-01-18T23:00:00,2026-02-15T23:00:00,,,42.0
2026-02-10 20:00:00,3.9,39.02286148071289,1.0,Tema Community 3 SSNIT Flat,tabular,xgboost,h24,2026-01-04T23:00:00,2026-01-18T23:00:00,2026-02-15T23:00:00,,,42.0
2026-02-10 21:00:00,8.3,39.238399505615234,1.0,Tema Community 3 SSNIT Flat,tabular,xgboost,h24,2026-01-04T23:00:00,2026-01-18T23:00:00,2026-02-15T23:00:00,,,42.0
2026-02-10 22:00:00,16.8,50.91055679321289,1.0,Tema Community 3 SSNIT Flat,tabular,xgboost,h24,2026-01-04T23:00:00,2026-01-18T23:00:00,2026-02-15T23:00:00,,,42.0
2026-02-10 23:00:00,13.0,64.70538330078125,1.0,Tema Community 3 SSNIT Flat,tabular,xgboost,h24,2026-01-04T23:00:00,2026-01-18T23:00:00,2026-02-15T23:00:00,,,42.0
2026-02-11 00:00:00,15.7,69.15044403076172,1.0,Tema Community 3 SSNIT Flat,tabular,xgboost,h24,2026-01-04T23:00:00,2026-01-18T23:00:00,2026-02-15T23:00:00,,,42.0
2026-02-11 01:00:00,13.5,59.81016540527344,1.0,Tema Community 3 SSNIT Flat,tabular,xgboost,h24,2026-01-04T23:00:00,2026-01-18T23:00:00,2026-02-15T23:00:00,,,42.0
2026-02-11 02:00:00,18.8,58.946754455566406,1.0,Tema Community 3 SSNIT Flat,tabular,xgboost,h24,2026-01-04T23:00:00,2026-01-18T23:00:00,2026-02-15T23:00:00,,,42.0
2026-02-11 03:00:00,21.6,70.48223114013672,1.0,Tema Community 3 SSNIT Flat,tabular,xgboost,h24,2026-01-04T23:00:00,2026-01-18T23:00:00,2026-02-15T23:00:00,,,42.0
2026-02-11 04:00:00,31.1,89.51863861083984,1.0,Tema Community 3 SSNIT Flat,tabular,xgboost,h24,2026-01-04T23:00:00,2026-01-18T23:00:00,2026-02-15T23:00:00,,,42.0
2026-02-11 05:00:00,29.5,68.07059478759766,1.0,Tema Community 3 SSNIT Flat,tabular,xgboost,h24,2026-01-04T23:00:00,2026-01-18T23:00:00,2026-02-15T23:00:00,,,42.0
2026-02-11 06:00:00,57.9,72.15386199951172,1.0,Tema Community 3 SSNIT Flat,tabular,xgboost,h24,2026-01-04T23:00:00,2026-01-18T23:00:00,2026-02-15T23:00:00,,,42.0
2026-02-11 07:00:00,45.1,68.80094909667969,1.0,Tema Community 3 SSNIT Flat,tabular,xgboost,h24,2026-01-04T23:00:00,2026-01-18T23:00:00,2026-02-15T23:00:00,,,42.0
2026-02-11 08:00:00,38.3,63.833831787109375,1.0,Tema Community 3 SSNIT Flat,tabular,xgboost,h24,2026-01-04T23:00:00,2026-01-18T23:00:00,2026-02-15T23:00:00,,,42.0
2026-02-11 09:00:00,49.2,62.977439880371094,1.0,Tema Community 3 SSNIT Flat,tabular,xgboost,h24,2026-01-04T23:00:00,2026-01-18T23:00:00,2026-02-15T23:00:00,,,42.0
2026-02-11 10:00:00,39.1,56.39268493652344,1.0,Tema Community 3 SSNIT Flat,tabular,xgboost,h24,2026-01-04T23:00:00,2026-01-18T23:00:00,2026-02-15T23:00:00,,,42.0
2026-02-11 11:00:00,30.1,52.1411247253418,1.0,Tema Community 3 SSNIT Flat,tabular,xgboost,h24,2026-01-04T23:00:00,2026-01-18T23:00:00,2026-02-15T23:00:00,,,42.0
2026-02-11 12:00:00,29.6,48.28541946411133,1.0,Tema Community 3 SSNIT Flat,tabular,xgboost,h24,2026-01-04T23:00:00,2026-01-18T23:00:00,2026-02-15T23:00:00,,,42.0
2026-02-11 13:00:00,27.2,46.219940185546875,1.0,Tema Community 3 SSNIT Flat,tabular,xgboost,h24,2026-01-04T23:00:00,2026-01-18T23:00:00,2026-02-15T23:00:00,,,42.0
2026-02-11 14:00:00,10.3,42.970401763916016,1.0,Tema Community 3 SSNIT Flat,tabular,xgboost,h24,2026-01-04T23:00:00,2026-01-18T23:00:00,2026-02-15T23:00:00,,,42.0
2026-02-11 15:00:00,10.4,38.13019943237305,1.0,Tema Community 3 SSNIT Flat,tabular,xgboost,h24,2026-01-04T23:00:00,2026-01-18T23:00:00,2026-02-15T23:00:00,,,42.0
2026-02-11 16:00:00,14.2,49.794822692871094,1.0,Tema Community 3 SSNIT Flat,tabular,xgboost,h24,2026-01-04T23:00:00,2026-01-18T23:00:00,2026-02-15T23:00:00,,,42.0
2026-02-11 17:00:00,12.3,46.09357833862305,1.0,Tema Community 3 SSNIT Flat,tabular,xgboost,h24,2026-01-04T23:00:00,2026-01-18T23:00:00,2026-02-15T23:00:00,,,42.0
2026-02-11 18:00:00,17.6,52.52375411987305,1.0,Tema Community 3 SSNIT Flat,tabular,xgboost,h24,2026-01-04T23:00:00,2026-01-18T23:00:00,2026-02-15T23:00:00,,,42.0
2026-02-11 19:00:00,19.7,45.921058654785156,1.0,Tema Community 3 SSNIT Flat,tabular,xgboost,h24,2026-01-04T23:00:00,2026-01-18T23:00:00,2026-02-15T23:00:00,,,42.0
2026-02-11 20:00:00,20.0,50.394386291503906,1.0,Tema Community 3 SSNIT Flat,tabular,xgboost,h24,2026-01-04T23:00:00,2026-01-18T23:00:00,2026-02-15T23:00:00,,,42.0
2026-02-11 21:00:00,30.9,51.34904098510742,1.0,Tema Community 3 SSNIT Flat,tabular,xgboost,h24,2026-01-04T23:00:00,2026-01-18T23:00:00,2026-02-15T23:00:00,,,42.0
2026-02-11 22:00:00,53.7,60.287452697753906,1.0,Tema Community 3 SSNIT Flat,tabular,xgboost,h24,2026-01-04T23:00:00,2026-01-18T23:00:00,2026-02-15T23:00:00,,,42.0
2026-02-11 23:00:00,33.3,73.03083038330078,1.0,Tema Community 3 SSNIT Flat,tabular,xgboost,h24,2026-01-04T23:00:00,2026-01-18T23:00:00,2026-02-15T23:00:00,,,42.0
2026-02-12 00:00:00,44.4,90.90425109863281,1.0,Tema Community 3 SSNIT Flat,tabular,xgboost,h24,2026-01-04T23:00:00,2026-01-18T23:00:00,2026-02-15T23:00:00,,,42.0
2026-02-12 01:00:00,61.3,65.55776977539062,1.0,Tema Community 3 SSNIT Flat,tabular,xgboost,h24,2026-01-04T23:00:00,2026-01-18T23:00:00,2026-02-15T23:00:00,,,42.0
2026-02-12 02:00:00,57.1,73.18843841552734,1.0,Tema Community 3 SSNIT Flat,tabular,xgboost,h24,2026-01-04T23:00:00,2026-01-18T23:00:00,2026-02-15T23:00:00,,,42.0
2026-02-12 03:00:00,63.9,68.69277954101562,1.0,Tema Community 3 SSNIT Flat,tabular,xgboost,h24,2026-01-04T23:00:00,2026-01-18T23:00:00,2026-02-15T23:00:00,,,42.0
2026-02-12 04:00:00,65.2,57.27564239501953,1.0,Tema Community 3 SSNIT Flat,tabular,xgboost,h24,2026-01-04T23:00:00,2026-01-18T23:00:00,2026-02-15T23:00:00,,,42.0
2026-02-12 05:00:00,91.6,55.75787353515625,1.0,Tema Community 3 SSNIT Flat,tabular,xgboost,h24,2026-01-04T23:00:00,2026-01-18T23:00:00,2026-02-15T23:00:00,,,42.0
2026-02-12 06:00:00,80.0,58.708641052246094,1.0,Tema Community 3 SSNIT Flat,tabular,xgboost,h24,2026-01-04T23:00:00,2026-01-18T23:00:00,2026-02-15T23:00:00,,,42.0
2026-02-12 07:00:00,90.3,69.78328704833984,1.0,Tema Community 3 SSNIT Flat,tabular,xgboost,h24,2026-01-04T23:00:00,2026-01-18T23:00:00,2026-02-15T23:00:00,,,42.0
2026-02-12 08:00:00,54.6,52.68265151977539,1.0,Tema Community 3 SSNIT Flat,tabular,xgboost,h24,2026-01-04T23:00:00,2026-01-18T23:00:00,2026-02-15T23:00:00,,,42.0
2026-02-12 09:00:00,15.0,44.86735534667969,1.0,Tema Community 3 SSNIT Flat,tabular,xgboost,h24,2026-01-04T23:00:00,2026-01-18T23:00:00,2026-02-15T23:00:00,,,42.0
2026-02-12 10:00:00,2.6,43.33154296875,1.0,Tema Community 3 SSNIT Flat,tabular,xgboost,h24,2026-01-04T23:00:00,2026-01-18T23:00:00,2026-02-15T23:00:00,,,42.0
2026-02-12 11:00:00,8.5,49.700828552246094,1.0,Tema Community 3 SSNIT Flat,tabular,xgboost,h24,2026-01-04T23:00:00,2026-01-18T23:00:00,2026-02-15T23:00:00,,,42.0
2026-02-12 12:00:00,4.8,36.06765365600586,1.0,Tema Community 3 SSNIT Flat,tabular,xgboost,h24,2026-01-04T23:00:00,2026-01-18T23:00:00,2026-02-15T23:00:00,,,42.0
2026-02-12 13:00:00,3.4,30.169387817382812,1.0,Tema Community 3 SSNIT Flat,tabular,xgboost,h24,2026-01-04T23:00:00,2026-01-18T23:00:00,2026-02-15T23:00:00,,,42.0
2026-02-12 14:00:00,2.4,25.47681427001953,1.0,Tema Community 3 SSNIT Flat,tabular,xgboost,h24,2026-01-04T23:00:00,2026-01-18T23:00:00,2026-02-15T23:00:00,,,42.0
2026-02-12 15:00:00,2.9,24.30108642578125,1.0,Tema Community 3 SSNIT Flat,tabular,xgboost,h24,2026-01-04T23:00:00,2026-01-18T23:00:00,2026-02-15T23:00:00,,,42.0
2026-02-12 16:00:00,2.9,28.53719711303711,1.0,Tema Community 3 SSNIT Flat,tabular,xgboost,h24,2026-01-04T23:00:00,2026-01-18T23:00:00,2026-02-15T23:00:00,,,42.0
2026-02-12 17:00:00,13.1,39.867698669433594,1.0,Tema Community 3 SSNIT Flat,tabular,xgboost,h24,2026-01-04T23:00:00,2026-01-18T23:00:00,2026-02-15T23:00:00,,,42.0
2026-02-12 18:00:00,9.6,28.3836612701416,1.0,Tema Community 3 SSNIT Flat,tabular,xgboost,h24,2026-01-04T23:00:00,2026-01-18T23:00:00,2026-02-15T23:00:00,,,42.0
2026-02-12 19:00:00,5.6,23.29047203063965,1.0,Tema Community 3 SSNIT Flat,tabular,xgboost,h24,2026-01-04T23:00:00,2026-01-18T23:00:00,2026-02-15T23:00:00,,,42.0
2026-02-12 20:00:00,5.2,26.50600814819336,1.0,Tema Community 3 SSNIT Flat,tabular,xgboost,h24,2026-01-04T23:00:00,2026-01-18T23:00:00,2026-02-15T23:00:00,,,42.0
2026-02-12 21:00:00,4.7,31.13238525390625,1.0,Tema Community 3 SSNIT Flat,tabular,xgboost,h24,2026-01-04T23:00:00,2026-01-18T23:00:00,2026-02-15T23:00:00,,,42.0
2026-02-12 22:00:00,3.8,40.22477722167969,1.0,Tema Community 3 SSNIT Flat,tabular,xgboost,h24,2026-01-04T23:00:00,2026-01-18T23:00:00,2026-02-15T23:00:00,,,42.0
2026-02-12 23:00:00,14.7,40.959503173828125,1.0,Tema Community 3 SSNIT Flat,tabular,xgboost,h24,2026-01-04T23:00:00,2026-01-18T23:00:00,2026-02-15T23:00:00,,,42.0
2026-02-13 00:00:00,29.8,43.073646545410156,1.0,Tema Community 3 SSNIT Flat,tabular,xgboost,h24,2026-01-04T23:00:00,2026-01-18T23:00:00,2026-02-15T23:00:00,,,42.0
2026-02-13 01:00:00,26.7,43.226661682128906,1.0,Tema Community 3 SSNIT Flat,tabular,xgboost,h24,2026-01-04T23:00:00,2026-01-18T23:00:00,2026-02-15T23:00:00,,,42.0
2026-02-13 02:00:00,22.6,61.915191650390625,1.0,Tema Community 3 SSNIT Flat,tabular,xgboost,h24,2026-01-04T23:00:00,2026-01-18T23:00:00,2026-02-15T23:00:00,,,42.0
2026-02-13 03:00:00,12.6,62.82051086425781,1.0,Tema Community 3 SSNIT Flat,tabular,xgboost,h24,2026-01-04T23:00:00,2026-01-18T23:00:00,2026-02-15T23:00:00,,,42.0
2026-02-13 04:00:00,45.9,61.281986236572266,1.0,Tema Community 3 SSNIT Flat,tabular,xgboost,h24,2026-01-04T23:00:00,2026-01-18T23:00:00,2026-02-15T23:00:00,,,42.0
2026-02-13 05:00:00,53.3,66.21905517578125,1.0,Tema Community 3 SSNIT Flat,tabular,xgboost,h24,2026-01-04T23:00:00,2026-01-18T23:00:00,2026-02-15T23:00:00,,,42.0
2026-02-13 06:00:00,50.8,62.464508056640625,1.0,Tema Community 3 SSNIT Flat,tabular,xgboost,h24,2026-01-04T23:00:00,2026-01-18T23:00:00,2026-02-15T23:00:00,,,42.0
2026-02-13 07:00:00,40.8,67.50660705566406,1.0,Tema Community 3 SSNIT Flat,tabular,xgboost,h24,2026-01-04T23:00:00,2026-01-18T23:00:00,2026-02-15T23:00:00,,,42.0
2026-02-13 08:00:00,29.4,55.22913360595703,1.0,Tema Community 3 SSNIT Flat,tabular,xgboost,h24,2026-01-04T23:00:00,2026-01-18T23:00:00,2026-02-15T23:00:00,,,42.0
2026-02-13 09:00:00,16.5,60.56136703491211,1.0,Tema Community 3 SSNIT Flat,tabular,xgboost,h24,2026-01-04T23:00:00,2026-01-18T23:00:00,2026-02-15T23:00:00,,,42.0
2026-02-13 10:00:00,11.0,44.6458740234375,1.0,Tema Community 3 SSNIT Flat,tabular,xgboost,h24,2026-01-04T23:00:00,2026-01-18T23:00:00,2026-02-15T23:00:00,,,42.0
2026-02-13 11:00:00,3.2,40.511932373046875,1.0,Tema Community 3 SSNIT Flat,tabular,xgboost,h24,2026-01-04T23:00:00,2026-01-18T23:00:00,2026-02-15T23:00:00,,,42.0
2026-02-13 12:00:00,1.8,42.43818283081055,1.0,Tema Community 3 SSNIT Flat,tabular,xgboost,h24,2026-01-04T23:00:00,2026-01-18T23:00:00,2026-02-15T23:00:00,,,42.0
2026-02-13 13:00:00,2.2,32.41432189941406,1.0,Tema Community 3 SSNIT Flat,tabular,xgboost,h24,2026-01-04T23:00:00,2026-01-18T23:00:00,2026-02-15T23:00:00,,,42.0
2026-02-13 14:00:00,4.4,27.364601135253906,1.0,Tema Community 3 SSNIT Flat,tabular,xgboost,h24,2026-01-04T23:00:00,2026-01-18T23:00:00,2026-02-15T23:00:00,,,42.0
2026-02-13 15:00:00,2.9,19.951274871826172,1.0,Tema Community 3 SSNIT Flat,tabular,xgboost,h24,2026-01-04T23:00:00,2026-01-18T23:00:00,2026-02-15T23:00:00,,,42.0
2026-02-13 16:00:00,10.6,22.85369300842285,1.0,Tema Community 3 SSNIT Flat,tabular,xgboost,h24,2026-01-04T23:00:00,2026-01-18T23:00:00,2026-02-15T23:00:00,,,42.0
2026-02-13 17:00:00,2.5,31.595224380493164,1.0,Tema Community 3 SSNIT Flat,tabular,xgboost,h24,2026-01-04T23:00:00,2026-01-18T23:00:00,2026-02-15T23:00:00,,,42.0
2026-02-13 18:00:00,3.7,38.28548812866211,1.0,Tema Community 3 SSNIT Flat,tabular,xgboost,h24,2026-01-04T23:00:00,2026-01-18T23:00:00,2026-02-15T23:00:00,,,42.0
2026-02-13 19:00:00,5.0,39.125282287597656,1.0,Tema Community 3 SSNIT Flat,tabular,xgboost,h24,2026-01-04T23:00:00,2026-01-18T23:00:00,2026-02-15T23:00:00,,,42.0
2026-02-13 20:00:00,6.0,44.320743560791016,1.0,Tema Community 3 SSNIT Flat,tabular,xgboost,h24,2026-01-04T23:00:00,2026-01-18T23:00:00,2026-02-15T23:00:00,,,42.0
2026-02-13 21:00:00,4.9,42.35291290283203,1.0,Tema Community 3 SSNIT Flat,tabular,xgboost,h24,2026-01-04T23:00:00,2026-01-18T23:00:00,2026-02-15T23:00:00,,,42.0
2026-02-13 22:00:00,4.6,41.03211975097656,1.0,Tema Community 3 SSNIT Flat,tabular,xgboost,h24,2026-01-04T23:00:00,2026-01-18T23:00:00,2026-02-15T23:00:00,,,42.0
2026-02-13 23:00:00,4.5,44.82915115356445,1.0,Tema Community 3 SSNIT Flat,tabular,xgboost,h24,2026-01-04T23:00:00,2026-01-18T23:00:00,2026-02-15T23:00:00,,,42.0
2026-02-14 00:00:00,5.9,39.187068939208984,1.0,Tema Community 3 SSNIT Flat,tabular,xgboost,h24,2026-01-04T23:00:00,2026-01-18T23:00:00,2026-02-15T23:00:00,,,42.0
2026-02-14 01:00:00,5.6,48.70094680786133,1.0,Tema Community 3 SSNIT Flat,tabular,xgboost,h24,2026-01-04T23:00:00,2026-01-18T23:00:00,2026-02-15T23:00:00,,,42.0
2026-02-14 02:00:00,11.1,64.75657653808594,1.0,Tema Community 3 SSNIT Flat,tabular,xgboost,h24,2026-01-04T23:00:00,2026-01-18T23:00:00,2026-02-15T23:00:00,,,42.0
2026-02-14 03:00:00,13.2,56.3693962097168,1.0,Tema Community 3 SSNIT Flat,tabular,xgboost,h24,2026-01-04T23:00:00,2026-01-18T23:00:00,2026-02-15T23:00:00,,,42.0
2026-02-14 04:00:00,22.1,59.45948791503906,1.0,Tema Community 3 SSNIT Flat,tabular,xgboost,h24,2026-01-04T23:00:00,2026-01-18T23:00:00,2026-02-15T23:00:00,,,42.0
2026-02-14 05:00:00,29.7,67.99687957763672,1.0,Tema Community 3 SSNIT Flat,tabular,xgboost,h24,2026-01-04T23:00:00,2026-01-18T23:00:00,2026-02-15T23:00:00,,,42.0
2026-02-14 06:00:00,32.3,70.37135314941406,1.0,Tema Community 3 SSNIT Flat,tabular,xgboost,h24,2026-01-04T23:00:00,2026-01-18T23:00:00,2026-02-15T23:00:00,,,42.0
2026-02-14 07:00:00,35.15,64.04887390136719,1.0,Tema Community 3 SSNIT Flat,tabular,xgboost,h24,2026-01-04T23:00:00,2026-01-18T23:00:00,2026-02-15T23:00:00,,,42.0
2026-02-14 08:00:00,38.0,66.89769744873047,1.0,Tema Community 3 SSNIT Flat,tabular,xgboost,h24,2026-01-04T23:00:00,2026-01-18T23:00:00,2026-02-15T23:00:00,,,42.0
2026-02-14 09:00:00,34.3,46.370670318603516,1.0,Tema Community 3 SSNIT Flat,tabular,xgboost,h24,2026-01-04T23:00:00,2026-01-18T23:00:00,2026-02-15T23:00:00,,,42.0
2026-02-14 10:00:00,27.8,43.133056640625,1.0,Tema Community 3 SSNIT Flat,tabular,xgboost,h24,2026-01-04T23:00:00,2026-01-18T23:00:00,2026-02-15T23:00:00,,,42.0
2026-02-14 11:00:00,20.5,29.101089477539062,1.0,Tema Community 3 SSNIT Flat,tabular,xgboost,h24,2026-01-04T23:00:00,2026-01-18T23:00:00,2026-02-15T23:00:00,,,42.0
2026-02-14 12:00:00,20.0,33.00251770019531,1.0,Tema Community 3 SSNIT Flat,tabular,xgboost,h24,2026-01-04T23:00:00,2026-01-18T23:00:00,2026-02-15T23:00:00,,,42.0
2026-02-14 13:00:00,19.8,29.145511627197266,1.0,Tema Community 3 SSNIT Flat,tabular,xgboost,h24,2026-01-04T23:00:00,2026-01-18T23:00:00,2026-02-15T23:00:00,,,42.0
2026-02-14 14:00:00,21.5,27.05889892578125,1.0,Tema Community 3 SSNIT Flat,tabular,xgboost,h24,2026-01-04T23:00:00,2026-01-18T23:00:00,2026-02-15T23:00:00,,,42.0
2026-02-14 15:00:00,23.4,23.902551651000977,1.0,Tema Community 3 SSNIT Flat,tabular,xgboost,h24,2026-01-04T23:00:00,2026-01-18T23:00:00,2026-02-15T23:00:00,,,42.0
2026-02-14 16:00:00,30.9,38.464385986328125,1.0,Tema Community 3 SSNIT Flat,tabular,xgboost,h24,2026-01-04T23:00:00,2026-01-18T23:00:00,2026-02-15T23:00:00,,,42.0
2026-02-14 17:00:00,36.7,36.061065673828125,1.0,Tema Community 3 SSNIT Flat,tabular,xgboost,h24,2026-01-04T23:00:00,2026-01-18T23:00:00,2026-02-15T23:00:00,,,42.0
2026-02-14 18:00:00,47.8,46.34893798828125,1.0,Tema Community 3 SSNIT Flat,tabular,xgboost,h24,2026-01-04T23:00:00,2026-01-18T23:00:00,2026-02-15T23:00:00,,,42.0
2026-02-14 19:00:00,51.3,39.989070892333984,1.0,Tema Community 3 SSNIT Flat,tabular,xgboost,h24,2026-01-04T23:00:00,2026-01-18T23:00:00,2026-02-15T23:00:00,,,42.0
2026-02-14 20:00:00,56.3,43.166996002197266,1.0,Tema Community 3 SSNIT Flat,tabular,xgboost,h24,2026-01-04T23:00:00,2026-01-18T23:00:00,2026-02-15T23:00:00,,,42.0
2026-02-14 21:00:00,60.5,45.180702209472656,1.0,Tema Community 3 SSNIT Flat,tabular,xgboost,h24,2026-01-04T23:00:00,2026-01-18T23:00:00,2026-02-15T23:00:00,,,42.0
2026-02-14 22:00:00,56.6,46.41393280029297,1.0,Tema Community 3 SSNIT Flat,tabular,xgboost,h24,2026-01-04T23:00:00,2026-01-18T23:00:00,2026-02-15T23:00:00,,,42.0
2026-02-14 23:00:00,53.7,53.608123779296875,1.0,Tema Community 3 SSNIT Flat,tabular,xgboost,h24,2026-01-04T23:00:00,2026-01-18T23:00:00,2026-02-15T23:00:00,,,42.0
2026-02-15 00:00:00,33.9,69.81216430664062,1.0,Tema Community 3 SSNIT Flat,tabular,xgboost,h24,2026-01-04T23:00:00,2026-01-18T23:00:00,2026-02-15T23:00:00,,,42.0
2026-02-15 01:00:00,32.5,55.48271942138672,1.0,Tema Community 3 SSNIT Flat,tabular,xgboost,h24,2026-01-04T23:00:00,2026-01-18T23:00:00,2026-02-15T23:00:00,,,42.0
2026-02-15 02:00:00,32.2,64.10565948486328,1.0,Tema Community 3 SSNIT Flat,tabular,xgboost,h24,2026-01-04T23:00:00,2026-01-18T23:00:00,2026-02-15T23:00:00,,,42.0
2026-02-15 03:00:00,32.0,83.8072738647461,1.0,Tema Community 3 SSNIT Flat,tabular,xgboost,h24,2026-01-04T23:00:00,2026-01-18T23:00:00,2026-02-15T23:00:00,,,42.0
2026-02-15 04:00:00,40.6,79.35346221923828,1.0,Tema Community 3 SSNIT Flat,tabular,xgboost,h24,2026-01-04T23:00:00,2026-01-18T23:00:00,2026-02-15T23:00:00,,,42.0
2026-02-15 05:00:00,41.0,68.54015350341797,1.0,Tema Community 3 SSNIT Flat,tabular,xgboost,h24,2026-01-04T23:00:00,2026-01-18T23:00:00,2026-02-15T23:00:00,,,42.0
2026-02-15 06:00:00,50.2,77.14022827148438,1.0,Tema Community 3 SSNIT Flat,tabular,xgboost,h24,2026-01-04T23:00:00,2026-01-18T23:00:00,2026-02-15T23:00:00,,,42.0
2026-02-15 07:00:00,43.8,81.02977752685547,1.0,Tema Community 3 SSNIT Flat,tabular,xgboost,h24,2026-01-04T23:00:00,2026-01-18T23:00:00,2026-02-15T23:00:00,,,42.0
2026-02-15 08:00:00,224.1,55.34690475463867,1.0,Tema Community 3 SSNIT Flat,tabular,xgboost,h24,2026-01-04T23:00:00,2026-01-18T23:00:00,2026-02-15T23:00:00,,,42.0
2026-02-15 09:00:00,70.1,52.24647903442383,1.0,Tema Community 3 SSNIT Flat,tabular,xgboost,h24,2026-01-04T23:00:00,2026-01-18T23:00:00,2026-02-15T23:00:00,,,42.0
2026-02-15 10:00:00,37.3,53.409664154052734,1.0,Tema Community 3 SSNIT Flat,tabular,xgboost,h24,2026-01-04T23:00:00,2026-01-18T23:00:00,2026-02-15T23:00:00,,,42.0
2026-02-15 11:00:00,22.2,52.65631103515625,1.0,Tema Community 3 SSNIT Flat,tabular,xgboost,h24,2026-01-04T23:00:00,2026-01-18T23:00:00,2026-02-15T23:00:00,,,42.0
2026-02-15 12:00:00,9.6,45.120296478271484,1.0,Tema Community 3 SSNIT Flat,tabular,xgboost,h24,2026-01-04T23:00:00,2026-01-18T23:00:00,2026-02-15T23:00:00,,,42.0
2026-02-15 13:00:00,6.0,36.766090393066406,1.0,Tema Community 3 SSNIT Flat,tabular,xgboost,h24,2026-01-04T23:00:00,2026-01-18T23:00:00,2026-02-15T23:00:00,,,42.0
2026-02-15 14:00:00,3.2,30.165973663330078,1.0,Tema Community 3 SSNIT Flat,tabular,xgboost,h24,2026-01-04T23:00:00,2026-01-18T23:00:00,2026-02-15T23:00:00,,,42.0
2026-02-15 15:00:00,2.5,34.599056243896484,1.0,Tema Community 3 SSNIT Flat,tabular,xgboost,h24,2026-01-04T23:00:00,2026-01-18T23:00:00,2026-02-15T23:00:00,,,42.0
2026-02-15 16:00:00,2.8,34.16347122192383,1.0,Tema Community 3 SSNIT Flat,tabular,xgboost,h24,2026-01-04T23:00:00,2026-01-18T23:00:00,2026-02-15T23:00:00,,,42.0
2026-02-15 17:00:00,3.4,40.20521545410156,1.0,Tema Community 3 SSNIT Flat,tabular,xgboost,h24,2026-01-04T23:00:00,2026-01-18T23:00:00,2026-02-15T23:00:00,,,42.0
2026-02-15 18:00:00,3.6,50.535160064697266,1.0,Tema Community 3 SSNIT Flat,tabular,xgboost,h24,2026-01-04T23:00:00,2026-01-18T23:00:00,2026-02-15T23:00:00,,,42.0
2026-02-15 19:00:00,3.6,43.22934341430664,1.0,Tema Community 3 SSNIT Flat,tabular,xgboost,h24,2026-01-04T23:00:00,2026-01-18T23:00:00,2026-02-15T23:00:00,,,42.0
2026-02-15 20:00:00,3.7,39.65713882446289,1.0,Tema Community 3 SSNIT Flat,tabular,xgboost,h24,2026-01-04T23:00:00,2026-01-18T23:00:00,2026-02-15T23:00:00,,,42.0
2026-02-15 21:00:00,2.4,49.67011642456055,1.0,Tema Community 3 SSNIT Flat,tabular,xgboost,h24,2026-01-04T23:00:00,2026-01-18T23:00:00,2026-02-15T23:00:00,,,42.0
2026-02-15 22:00:00,1.3,49.173553466796875,1.0,Tema Community 3 SSNIT Flat,tabular,xgboost,h24,2026-01-04T23:00:00,2026-01-18T23:00:00,2026-02-15T23:00:00,,,42.0
2026-02-15 23:00:00,1.1,53.94744110107422,1.0,Tema Community 3 SSNIT Flat,tabular,xgboost,h24,2026-01-04T23:00:00,2026-01-18T23:00:00,2026-02-15T23:00:00,,,42.0
2026-01-18 23:00:00,50.8,63.501216888427734,1.0,"Tema Community 7, Royal School",tabular,xgboost,h24,2026-01-04T23:00:00,2026-01-18T23:00:00,2026-02-15T23:00:00,,,42.0
2026-01-19 00:00:00,85.6,70.2396011352539,1.0,"Tema Community 7, Royal School",tabular,xgboost,h24,2026-01-04T23:00:00,2026-01-18T23:00:00,2026-02-15T23:00:00,,,42.0
2026-01-19 01:00:00,67.5,68.47775268554688,1.0,"Tema Community 7, Royal School",tabular,xgboost,h24,2026-01-04T23:00:00,2026-01-18T23:00:00,2026-02-15T23:00:00,,,42.0
2026-01-19 02:00:00,49.1,66.15425872802734,1.0,"Tema Community 7, Royal School",tabular,xgboost,h24,2026-01-04T23:00:00,2026-01-18T23:00:00,2026-02-15T23:00:00,,,42.0
2026-01-19 03:00:00,58.0,64.07636260986328,1.0,"Tema Community 7, Royal School",tabular,xgboost,h24,2026-01-04T23:00:00,2026-01-18T23:00:00,2026-02-15T23:00:00,,,42.0
2026-01-19 04:00:00,51.8,66.5008316040039,1.0,"Tema Community 7, Royal School",tabular,xgboost,h24,2026-01-04T23:00:00,2026-01-18T23:00:00,2026-02-15T23:00:00,,,42.0
2026-01-19 05:00:00,56.75,77.33078002929688,1.0,"Tema Community 7, Royal School",tabular,xgboost,h24,2026-01-04T23:00:00,2026-01-18T23:00:00,2026-02-15T23:00:00,,,42.0
2026-01-19 06:00:00,61.7,78.3473892211914,1.0,"Tema Community 7, Royal School",tabular,xgboost,h24,2026-01-04T23:00:00,2026-01-18T23:00:00,2026-02-15T23:00:00,,,42.0
2026-01-19 07:00:00,69.6,62.151954650878906,1.0,"Tema Community 7, Royal School",tabular,xgboost,h24,2026-01-04T23:00:00,2026-01-18T23:00:00,2026-02-15T23:00:00,,,42.0
2026-01-19 08:00:00,52.7,56.134033203125,1.0,"Tema Community 7, Royal School",tabular,xgboost,h24,2026-01-04T23:00:00,2026-01-18T23:00:00,2026-02-15T23:00:00,,,42.0
2026-01-19 09:00:00,45.9,50.10771179199219,1.0,"Tema Community 7, Royal School",tabular,xgboost,h24,2026-01-04T23:00:00,2026-01-18T23:00:00,2026-02-15T23:00:00,,,42.0
2026-01-19 10:00:00,42.7,53.45807647705078,1.0,"Tema Community 7, Royal School",tabular,xgboost,h24,2026-01-04T23:00:00,2026-01-18T23:00:00,2026-02-15T23:00:00,,,42.0
2026-01-19 11:00:00,36.2,52.332618713378906,1.0,"Tema Community 7, Royal School",tabular,xgboost,h24,2026-01-04T23:00:00,2026-01-18T23:00:00,2026-02-15T23:00:00,,,42.0
2026-01-19 12:00:00,34.0,47.407527923583984,1.0,"Tema Community 7, Royal School",tabular,xgboost,h24,2026-01-04T23:00:00,2026-01-18T23:00:00,2026-02-15T23:00:00,,,42.0
2026-01-19 13:00:00,34.1,41.80363082885742,1.0,"Tema Community 7, Royal School",tabular,xgboost,h24,2026-01-04T23:00:00,2026-01-18T23:00:00,2026-02-15T23:00:00,,,42.0
2026-01-19 14:00:00,36.9,35.691280364990234,1.0,"Tema Community 7, Royal School",tabular,xgboost,h24,2026-01-04T23:00:00,2026-01-18T23:00:00,2026-02-15T23:00:00,,,42.0
2026-01-19 15:00:00,39.4,45.64337158203125,1.0,"Tema Community 7, Royal School",tabular,xgboost,h24,2026-01-04T23:00:00,2026-01-18T23:00:00,2026-02-15T23:00:00,,,42.0
2026-01-19 16:00:00,38.0,50.84096908569336,1.0,"Tema Community 7, Royal School",tabular,xgboost,h24,2026-01-04T23:00:00,2026-01-18T23:00:00,2026-02-15T23:00:00,,,42.0
2026-01-19 17:00:00,41.8,55.7374153137207,1.0,"Tema Community 7, Royal School",tabular,xgboost,h24,2026-01-04T23:00:00,2026-01-18T23:00:00,2026-02-15T23:00:00,,,42.0
2026-01-19 18:00:00,38.8,73.1873779296875,1.0,"Tema Community 7, Royal School",tabular,xgboost,h24,2026-01-04T23:00:00,2026-01-18T23:00:00,2026-02-15T23:00:00,,,42.0
2026-01-19 19:00:00,39.5,69.4238052368164,1.0,"Tema Community 7, Royal School",tabular,xgboost,h24,2026-01-04T23:00:00,2026-01-18T23:00:00,2026-02-15T23:00:00,,,42.0
2026-01-19 20:00:00,36.1,72.65115356445312,1.0,"Tema Community 7, Royal School",tabular,xgboost,h24,2026-01-04T23:00:00,2026-01-18T23:00:00,2026-02-15T23:00:00,,,42.0
2026-01-19 21:00:00,33.2,72.8104019165039,1.0,"Tema Community 7, Royal School",tabular,xgboost,h24,2026-01-04T23:00:00,2026-01-18T23:00:00,2026-02-15T23:00:00,,,42.0
2026-01-19 22:00:00,34.1,76.8018569946289,1.0,"Tema Community 7, Royal School",tabular,xgboost,h24,2026-01-04T23:00:00,2026-01-18T23:00:00,2026-02-15T23:00:00,,,42.0
2026-01-19 23:00:00,33.8,73.26553344726562,1.0,"Tema Community 7, Royal School",tabular,xgboost,h24,2026-01-04T23:00:00,2026-01-18T23:00:00,2026-02-15T23:00:00,,,42.0
2026-01-20 00:00:00,37.2,68.30197143554688,1.0,"Tema Community 7, Royal School",tabular,xgboost,h24,2026-01-04T23:00:00,2026-01-18T23:00:00,2026-02-15T23:00:00,,,42.0
2026-01-20 01:00:00,34.7,66.2055892944336,1.0,"Tema Community 7, Royal School",tabular,xgboost,h24,2026-01-04T23:00:00,2026-01-18T23:00:00,2026-02-15T23:00:00,,,42.0
2026-01-20 02:00:00,32.0,62.69721603393555,1.0,"Tema Community 7, Royal School",tabular,xgboost,h24,2026-01-04T23:00:00,2026-01-18T23:00:00,2026-02-15T23:00:00,,,42.0
2026-01-20 03:00:00,37.3,71.62264251708984,1.0,"Tema Community 7, Royal School",tabular,xgboost,h24,2026-01-04T23:00:00,2026-01-18T23:00:00,2026-02-15T23:00:00,,,42.0
2026-01-20 04:00:00,38.3,72.7177963256836,1.0,"Tema Community 7, Royal School",tabular,xgboost,h24,2026-01-04T23:00:00,2026-01-18T23:00:00,2026-02-15T23:00:00,,,42.0
2026-01-20 05:00:00,39.1,76.08647918701172,1.0,"Tema Community 7, Royal School",tabular,xgboost,h24,2026-01-04T23:00:00,2026-01-18T23:00:00,2026-02-15T23:00:00,,,42.0
2026-01-20 06:00:00,48.9,85.97130584716797,1.0,"Tema Community 7, Royal School",tabular,xgboost,h24,2026-01-04T23:00:00,2026-01-18T23:00:00,2026-02-15T23:00:00,,,42.0
2026-01-20 07:00:00,44.1,64.23704528808594,1.0,"Tema Community 7, Royal School",tabular,xgboost,h24,2026-01-04T23:00:00,2026-01-18T23:00:00,2026-02-15T23:00:00,,,42.0
2026-01-20 08:00:00,39.0,55.47701644897461,1.0,"Tema Community 7, Royal School",tabular,xgboost,h24,2026-01-04T23:00:00,2026-01-18T23:00:00,2026-02-15T23:00:00,,,42.0
2026-01-20 09:00:00,40.6,59.515174865722656,1.0,"Tema Community 7, Royal School",tabular,xgboost,h24,2026-01-04T23:00:00,2026-01-18T23:00:00,2026-02-15T23:00:00,,,42.0
2026-01-20 10:00:00,37.6,52.4682731628418,1.0,"Tema Community 7, Royal School",tabular,xgboost,h24,2026-01-04T23:00:00,2026-01-18T23:00:00,2026-02-15T23:00:00,,,42.0
2026-01-20 11:00:00,35.9,50.820396423339844,1.0,"Tema Community 7, Royal School",tabular,xgboost,h24,2026-01-04T23:00:00,2026-01-18T23:00:00,2026-02-15T23:00:00,,,42.0
2026-01-20 12:00:00,37.9,42.53196334838867,1.0,"Tema Community 7, Royal School",tabular,xgboost,h24,2026-01-04T23:00:00,2026-01-18T23:00:00,2026-02-15T23:00:00,,,42.0
2026-01-20 13:00:00,34.8,38.43831253051758,1.0,"Tema Community 7, Royal School",tabular,xgboost,h24,2026-01-04T23:00:00,2026-01-18T23:00:00,2026-02-15T23:00:00,,,42.0
2026-01-20 14:00:00,36.1,37.180206298828125,1.0,"Tema Community 7, Royal School",tabular,xgboost,h24,2026-01-04T23:00:00,2026-01-18T23:00:00,2026-02-15T23:00:00,,,42.0
2026-01-20 15:00:00,34.6,46.79127502441406,1.0,"Tema Community 7, Royal School",tabular,xgboost,h24,2026-01-04T23:00:00,2026-01-18T23:00:00,2026-02-15T23:00:00,,,42.0
2026-01-20 16:00:00,35.1,42.71968460083008,1.0,"Tema Community 7, Royal School",tabular,xgboost,h24,2026-01-04T23:00:00,2026-01-18T23:00:00,2026-02-15T23:00:00,,,42.0
2026-01-20 17:00:00,41.1,48.8885383605957,1.0,"Tema Community 7, Royal School",tabular,xgboost,h24,2026-01-04T23:00:00,2026-01-18T23:00:00,2026-02-15T23:00:00,,,42.0
2026-01-20 18:00:00,45.3,60.06069564819336,1.0,"Tema Community 7, Royal School",tabular,xgboost,h24,2026-01-04T23:00:00,2026-01-18T23:00:00,2026-02-15T23:00:00,,,42.0
2026-01-20 19:00:00,56.2,61.10501480102539,1.0,"Tema Community 7, Royal School",tabular,xgboost,h24,2026-01-04T23:00:00,2026-01-18T23:00:00,2026-02-15T23:00:00,,,42.0
2026-01-20 20:00:00,46.8,64.51599884033203,1.0,"Tema Community 7, Royal School",tabular,xgboost,h24,2026-01-04T23:00:00,2026-01-18T23:00:00,2026-02-15T23:00:00,,,42.0
2026-01-20 21:00:00,42.3,60.528011322021484,1.0,"Tema Community 7, Royal School",tabular,xgboost,h24,2026-01-04T23:00:00,2026-01-18T23:00:00,2026-02-15T23:00:00,,,42.0
2026-01-20 22:00:00,21.5,58.317169189453125,1.0,"Tema Community 7, Royal School",tabular,xgboost,h24,2026-01-04T23:00:00,2026-01-18T23:00:00,2026-02-15T23:00:00,,,42.0
2026-01-20 23:00:00,12.0,58.79281997680664,1.0,"Tema Community 7, Royal School",tabular,xgboost,h24,2026-01-04T23:00:00,2026-01-18T23:00:00,2026-02-15T23:00:00,,,42.0
2026-01-21 00:00:00,14.8,51.22904586791992,1.0,"Tema Community 7, Royal School",tabular,xgboost,h24,2026-01-04T23:00:00,2026-01-18T23:00:00,2026-02-15T23:00:00,,,42.0
2026-01-21 01:00:00,23.7,55.44441604614258,1.0,"Tema Community 7, Royal School",tabular,xgboost,h24,2026-01-04T23:00:00,2026-01-18T23:00:00,2026-02-15T23:00:00,,,42.0
2026-01-21 02:00:00,18.1,62.045379638671875,1.0,"Tema Community 7, Royal School",tabular,xgboost,h24,2026-01-04T23:00:00,2026-01-18T23:00:00,2026-02-15T23:00:00,,,42.0
2026-01-21 03:00:00,23.1,56.84341812133789,1.0,"Tema Community 7, Royal School",tabular,xgboost,h24,2026-01-04T23:00:00,2026-01-18T23:00:00,2026-02-15T23:00:00,,,42.0
2026-01-21 04:00:00,163.8,63.31291580200195,1.0,"Tema Community 7, Royal School",tabular,xgboost,h24,2026-01-04T23:00:00,2026-01-18T23:00:00,2026-02-15T23:00:00,,,42.0
2026-01-21 05:00:00,190.1,71.93607330322266,1.0,"Tema Community 7, Royal School",tabular,xgboost,h24,2026-01-04T23:00:00,2026-01-18T23:00:00,2026-02-15T23:00:00,,,42.0
2026-01-21 06:00:00,89.7,75.27915954589844,1.0,"Tema Community 7, Royal School",tabular,xgboost,h24,2026-01-04T23:00:00,2026-01-18T23:00:00,2026-02-15T23:00:00,,,42.0
2026-01-21 07:00:00,61.8,63.37656021118164,1.0,"Tema Community 7, Royal School",tabular,xgboost,h24,2026-01-04T23:00:00,2026-01-18T23:00:00,2026-02-15T23:00:00,,,42.0
2026-01-21 08:00:00,46.2,51.92210006713867,1.0,"Tema Community 7, Royal School",tabular,xgboost,h24,2026-01-04T23:00:00,2026-01-18T23:00:00,2026-02-15T23:00:00,,,42.0
2026-01-21 09:00:00,31.8,54.803985595703125,1.0,"Tema Community 7, Royal School",tabular,xgboost,h24,2026-01-04T23:00:00,2026-01-18T23:00:00,2026-02-15T23:00:00,,,42.0
2026-01-21 10:00:00,30.3,51.73308563232422,1.0,"Tema Community 7, Royal School",tabular,xgboost,h24,2026-01-04T23:00:00,2026-01-18T23:00:00,2026-02-15T23:00:00,,,42.0
2026-01-21 11:00:00,34.2,46.98973846435547,1.0,"Tema Community 7, Royal School",tabular,xgboost,h24,2026-01-04T23:00:00,2026-01-18T23:00:00,2026-02-15T23:00:00,,,42.0
2026-01-21 12:00:00,42.8,44.438289642333984,1.0,"Tema Community 7, Royal School",tabular,xgboost,h24,2026-01-04T23:00:00,2026-01-18T23:00:00,2026-02-15T23:00:00,,,42.0
2026-01-21 13:00:00,31.2,45.10578155517578,1.0,"Tema Community 7, Royal School",tabular,xgboost,h24,2026-01-04T23:00:00,2026-01-18T23:00:00,2026-02-15T23:00:00,,,42.0
2026-01-21 14:00:00,31.7,40.49753952026367,1.0,"Tema Community 7, Royal School",tabular,xgboost,h24,2026-01-04T23:00:00,2026-01-18T23:00:00,2026-02-15T23:00:00,,,42.0
2026-01-21 15:00:00,30.3,45.99222183227539,1.0,"Tema Community 7, Royal School",tabular,xgboost,h24,2026-01-04T23:00:00,2026-01-18T23:00:00,2026-02-15T23:00:00,,,42.0
2026-01-21 16:00:00,29.8,49.86193084716797,1.0,"Tema Community 7, Royal School",tabular,xgboost,h24,2026-01-04T23:00:00,2026-01-18T23:00:00,2026-02-15T23:00:00,,,42.0
2026-01-21 17:00:00,32.6,48.911800384521484,1.0,"Tema Community 7, Royal School",tabular,xgboost,h24,2026-01-04T23:00:00,2026-01-18T23:00:00,2026-02-15T23:00:00,,,42.0
2026-01-21 18:00:00,35.0,59.42683410644531,1.0,"Tema Community 7, Royal School",tabular,xgboost,h24,2026-01-04T23:00:00,2026-01-18T23:00:00,2026-02-15T23:00:00,,,42.0
2026-01-21 19:00:00,34.4,63.82189178466797,1.0,"Tema Community 7, Royal School",tabular,xgboost,h24,2026-01-04T23:00:00,2026-01-18T23:00:00,2026-02-15T23:00:00,,,42.0
2026-01-21 20:00:00,34.5,65.06266784667969,1.0,"Tema Community 7, Royal School",tabular,xgboost,h24,2026-01-04T23:00:00,2026-01-18T23:00:00,2026-02-15T23:00:00,,,42.0
2026-01-21 21:00:00,35.8,62.395694732666016,1.0,"Tema Community 7, Royal School",tabular,xgboost,h24,2026-01-04T23:00:00,2026-01-18T23:00:00,2026-02-15T23:00:00,,,42.0
2026-01-21 22:00:00,33.7,71.59153747558594,1.0,"Tema Community 7, Royal School",tabular,xgboost,h24,2026-01-04T23:00:00,2026-01-18T23:00:00,2026-02-15T23:00:00,,,42.0
2026-01-21 23:00:00,33.3,76.39752197265625,1.0,"Tema Community 7, Royal School",tabular,xgboost,h24,2026-01-04T23:00:00,2026-01-18T23:00:00,2026-02-15T23:00:00,,,42.0
2026-01-22 00:00:00,32.6,75.52267456054688,1.0,"Tema Community 7, Royal School",tabular,xgboost,h24,2026-01-04T23:00:00,2026-01-18T23:00:00,2026-02-15T23:00:00,,,42.0
2026-01-22 01:00:00,31.1,78.61952209472656,1.0,"Tema Community 7, Royal School",tabular,xgboost,h24,2026-01-04T23:00:00,2026-01-18T23:00:00,2026-02-15T23:00:00,,,42.0
2026-01-22 02:00:00,31.5,75.1280746459961,1.0,"Tema Community 7, Royal School",tabular,xgboost,h24,2026-01-04T23:00:00,2026-01-18T23:00:00,2026-02-15T23:00:00,,,42.0
2026-01-22 03:00:00,30.7,71.31627655029297,1.0,"Tema Community 7, Royal School",tabular,xgboost,h24,2026-01-04T23:00:00,2026-01-18T23:00:00,2026-02-15T23:00:00,,,42.0
2026-01-22 04:00:00,34.2,58.32562255859375,1.0,"Tema Community 7, Royal School",tabular,xgboost,h24,2026-01-04T23:00:00,2026-01-18T23:00:00,2026-02-15T23:00:00,,,42.0
2026-01-22 05:00:00,41.8,71.4722900390625,1.0,"Tema Community 7, Royal School",tabular,xgboost,h24,2026-01-04T23:00:00,2026-01-18T23:00:00,2026-02-15T23:00:00,,,42.0
2026-01-22 06:00:00,44.9,69.14042663574219,1.0,"Tema Community 7, Royal School",tabular,xgboost,h24,2026-01-04T23:00:00,2026-01-18T23:00:00,2026-02-15T23:00:00,,,42.0
2026-01-22 07:00:00,47.1,59.37275695800781,1.0,"Tema Community 7, Royal School",tabular,xgboost,h24,2026-01-04T23:00:00,2026-01-18T23:00:00,2026-02-15T23:00:00,,,42.0
2026-01-22 08:00:00,38.4,49.64546203613281,1.0,"Tema Community 7, Royal School",tabular,xgboost,h24,2026-01-04T23:00:00,2026-01-18T23:00:00,2026-02-15T23:00:00,,,42.0
2026-01-22 09:00:00,35.8,45.16202163696289,1.0,"Tema Community 7, Royal School",tabular,xgboost,h24,2026-01-04T23:00:00,2026-01-18T23:00:00,2026-02-15T23:00:00,,,42.0
2026-01-22 10:00:00,39.0,44.45683288574219,1.0,"Tema Community 7, Royal School",tabular,xgboost,h24,2026-01-04T23:00:00,2026-01-18T23:00:00,2026-02-15T23:00:00,,,42.0
2026-01-22 11:00:00,44.5,48.044185638427734,1.0,"Tema Community 7, Royal School",tabular,xgboost,h24,2026-01-04T23:00:00,2026-01-18T23:00:00,2026-02-15T23:00:00,,,42.0
2026-01-22 12:00:00,44.2,35.42431640625,1.0,"Tema Community 7, Royal School",tabular,xgboost,h24,2026-01-04T23:00:00,2026-01-18T23:00:00,2026-02-15T23:00:00,,,42.0
2026-01-22 13:00:00,40.9,37.27067565917969,1.0,"Tema Community 7, Royal School",tabular,xgboost,h24,2026-01-04T23:00:00,2026-01-18T23:00:00,2026-02-15T23:00:00,,,42.0
2026-01-22 14:00:00,35.9,41.00562286376953,1.0,"Tema Community 7, Royal School",tabular,xgboost,h24,2026-01-04T23:00:00,2026-01-18T23:00:00,2026-02-15T23:00:00,,,42.0
2026-01-22 15:00:00,31.8,47.18341064453125,1.0,"Tema Community 7, Royal School",tabular,xgboost,h24,2026-01-04T23:00:00,2026-01-18T23:00:00,2026-02-15T23:00:00,,,42.0
2026-01-22 16:00:00,27.5,55.453125,1.0,"Tema Community 7, Royal School",tabular,xgboost,h24,2026-01-04T23:00:00,2026-01-18T23:00:00,2026-02-15T23:00:00,,,42.0
2026-01-22 17:00:00,29.5,57.85581970214844,1.0,"Tema Community 7, Royal School",tabular,xgboost,h24,2026-01-04T23:00:00,2026-01-18T23:00:00,2026-02-15T23:00:00,,,42.0
2026-01-22 18:00:00,33.7,55.273643493652344,1.0,"Tema Community 7, Royal School",tabular,xgboost,h24,2026-01-04T23:00:00,2026-01-18T23:00:00,2026-02-15T23:00:00,,,42.0
2026-01-22 19:00:00,29.8,50.24778747558594,1.0,"Tema Community 7, Royal School",tabular,xgboost,h24,2026-01-04T23:00:00,2026-01-18T23:00:00,2026-02-15T23:00:00,,,42.0
2026-01-22 20:00:00,32.7,43.429351806640625,1.0,"Tema Community 7, Royal School",tabular,xgboost,h24,2026-01-04T23:00:00,2026-01-18T23:00:00,2026-02-15T23:00:00,,,42.0
2026-01-22 21:00:00,31.7,48.765384674072266,1.0,"Tema Community 7, Royal School",tabular,xgboost,h24,2026-01-04T23:00:00,2026-01-18T23:00:00,2026-02-15T23:00:00,,,42.0
2026-01-22 22:00:00,30.3,47.98564910888672,1.0,"Tema Community 7, Royal School",tabular,xgboost,h24,2026-01-04T23:00:00,2026-01-18T23:00:00,2026-02-15T23:00:00,,,42.0
2026-01-22 23:00:00,30.2,54.263240814208984,1.0,"Tema Community 7, Royal School",tabular,xgboost,h24,2026-01-04T23:00:00,2026-01-18T23:00:00,2026-02-15T23:00:00,,,42.0
2026-01-23 00:00:00,28.5,49.33759689331055,1.0,"Tema Community 7, Royal School",tabular,xgboost,h24,2026-01-04T23:00:00,2026-01-18T23:00:00,2026-02-15T23:00:00,,,42.0
2026-01-23 01:00:00,29.9,54.1013298034668,1.0,"Tema Community 7, Royal School",tabular,xgboost,h24,2026-01-04T23:00:00,2026-01-18T23:00:00,2026-02-15T23:00:00,,,42.0
2026-01-23 02:00:00,39.9,53.8881950378418,1.0,"Tema Community 7, Royal School",tabular,xgboost,h24,2026-01-04T23:00:00,2026-01-18T23:00:00,2026-02-15T23:00:00,,,42.0
2026-01-23 03:00:00,45.6,48.38677978515625,1.0,"Tema Community 7, Royal School",tabular,xgboost,h24,2026-01-04T23:00:00,2026-01-18T23:00:00,2026-02-15T23:00:00,,,42.0
2026-01-23 04:00:00,72.4,46.216758728027344,1.0,"Tema Community 7, Royal School",tabular,xgboost,h24,2026-01-04T23:00:00,2026-01-18T23:00:00,2026-02-15T23:00:00,,,42.0
2026-01-23 05:00:00,66.4,46.95653533935547,1.0,"Tema Community 7, Royal School",tabular,xgboost,h24,2026-01-04T23:00:00,2026-01-18T23:00:00,2026-02-15T23:00:00,,,42.0
2026-01-23 06:00:00,93.3,50.758750915527344,1.0,"Tema Community 7, Royal School",tabular,xgboost,h24,2026-01-04T23:00:00,2026-01-18T23:00:00,2026-02-15T23:00:00,,,42.0
2026-01-23 07:00:00,101.2,57.65779495239258,1.0,"Tema Community 7, Royal School",tabular,xgboost,h24,2026-01-04T23:00:00,2026-01-18T23:00:00,2026-02-15T23:00:00,,,42.0
2026-01-23 08:00:00,50.6,46.418521881103516,1.0,"Tema Community 7, Royal School",tabular,xgboost,h24,2026-01-04T23:00:00,2026-01-18T23:00:00,2026-02-15T23:00:00,,,42.0
2026-01-23 09:00:00,40.2,47.17831039428711,1.0,"Tema Community 7, Royal School",tabular,xgboost,h24,2026-01-04T23:00:00,2026-01-18T23:00:00,2026-02-15T23:00:00,,,42.0
2026-01-23 10:00:00,42.0,47.50175857543945,1.0,"Tema Community 7, Royal School",tabular,xgboost,h24,2026-01-04T23:00:00,2026-01-18T23:00:00,2026-02-15T23:00:00,,,42.0
2026-01-23 11:00:00,37.4,46.35203170776367,1.0,"Tema Community 7, Royal School",tabular,xgboost,h24,2026-01-04T23:00:00,2026-01-18T23:00:00,2026-02-15T23:00:00,,,42.0
2026-01-23 12:00:00,29.6,44.72395706176758,1.0,"Tema Community 7, Royal School",tabular,xgboost,h24,2026-01-04T23:00:00,2026-01-18T23:00:00,2026-02-15T23:00:00,,,42.0
2026-01-23 13:00:00,27.7,39.12017822265625,1.0,"Tema Community 7, Royal School",tabular,xgboost,h24,2026-01-04T23:00:00,2026-01-18T23:00:00,2026-02-15T23:00:00,,,42.0
2026-01-23 14:00:00,27.0,43.844932556152344,1.0,"Tema Community 7, Royal School",tabular,xgboost,h24,2026-01-04T23:00:00,2026-01-18T23:00:00,2026-02-15T23:00:00,,,42.0
2026-01-23 15:00:00,25.1,46.81388854980469,1.0,"Tema Community 7, Royal School",tabular,xgboost,h24,2026-01-04T23:00:00,2026-01-18T23:00:00,2026-02-15T23:00:00,,,42.0
2026-01-23 16:00:00,24.0,54.028114318847656,1.0,"Tema Community 7, Royal School",tabular,xgboost,h24,2026-01-04T23:00:00,2026-01-18T23:00:00,2026-02-15T23:00:00,,,42.0
2026-01-23 17:00:00,23.8,69.8499526977539,1.0,"Tema Community 7, Royal School",tabular,xgboost,h24,2026-01-04T23:00:00,2026-01-18T23:00:00,2026-02-15T23:00:00,,,42.0
2026-01-23 18:00:00,28.7,71.1618881225586,1.0,"Tema Community 7, Royal School",tabular,xgboost,h24,2026-01-04T23:00:00,2026-01-18T23:00:00,2026-02-15T23:00:00,,,42.0
2026-01-23 19:00:00,38.5,72.21989440917969,1.0,"Tema Community 7, Royal School",tabular,xgboost,h24,2026-01-04T23:00:00,2026-01-18T23:00:00,2026-02-15T23:00:00,,,42.0
2026-01-23 20:00:00,34.1,72.58450317382812,1.0,"Tema Community 7, Royal School",tabular,xgboost,h24,2026-01-04T23:00:00,2026-01-18T23:00:00,2026-02-15T23:00:00,,,42.0
2026-01-23 21:00:00,47.7,60.27656936645508,1.0,"Tema Community 7, Royal School",tabular,xgboost,h24,2026-01-04T23:00:00,2026-01-18T23:00:00,2026-02-15T23:00:00,,,42.0
2026-01-23 22:00:00,56.6,52.944435119628906,1.0,"Tema Community 7, Royal School",tabular,xgboost,h24,2026-01-04T23:00:00,2026-01-18T23:00:00,2026-02-15T23:00:00,,,42.0
2026-01-23 23:00:00,43.6,53.20092010498047,1.0,"Tema Community 7, Royal School",tabular,xgboost,h24,2026-01-04T23:00:00,2026-01-18T23:00:00,2026-02-15T23:00:00,,,42.0
2026-01-24 00:00:00,45.0,63.694793701171875,1.0,"Tema Community 7, Royal School",tabular,xgboost,h24,2026-01-04T23:00:00,2026-01-18T23:00:00,2026-02-15T23:00:00,,,42.0
2026-01-24 01:00:00,46.6,51.998191833496094,1.0,"Tema Community 7, Royal School",tabular,xgboost,h24,2026-01-04T23:00:00,2026-01-18T23:00:00,2026-02-15T23:00:00,,,42.0
2026-01-24 02:00:00,46.1,47.97145080566406,1.0,"Tema Community 7, Royal School",tabular,xgboost,h24,2026-01-04T23:00:00,2026-01-18T23:00:00,2026-02-15T23:00:00,,,42.0
2026-01-24 03:00:00,44.9,45.2793083190918,1.0,"Tema Community 7, Royal School",tabular,xgboost,h24,2026-01-04T23:00:00,2026-01-18T23:00:00,2026-02-15T23:00:00,,,42.0
2026-01-24 04:00:00,44.7,52.85243606567383,1.0,"Tema Community 7, Royal School",tabular,xgboost,h24,2026-01-04T23:00:00,2026-01-18T23:00:00,2026-02-15T23:00:00,,,42.0
2026-01-24 05:00:00,42.3,59.04422378540039,1.0,"Tema Community 7, Royal School",tabular,xgboost,h24,2026-01-04T23:00:00,2026-01-18T23:00:00,2026-02-15T23:00:00,,,42.0
2026-01-24 06:00:00,57.3,61.22333908081055,1.0,"Tema Community 7, Royal School",tabular,xgboost,h24,2026-01-04T23:00:00,2026-01-18T23:00:00,2026-02-15T23:00:00,,,42.0
2026-01-24 07:00:00,44.7,55.662864685058594,1.0,"Tema Community 7, Royal School",tabular,xgboost,h24,2026-01-04T23:00:00,2026-01-18T23:00:00,2026-02-15T23:00:00,,,42.0
2026-01-24 08:00:00,43.2,45.36117935180664,1.0,"Tema Community 7, Royal School",tabular,xgboost,h24,2026-01-04T23:00:00,2026-01-18T23:00:00,2026-02-15T23:00:00,,,42.0
2026-01-24 09:00:00,38.9,49.70124435424805,1.0,"Tema Community 7, Royal School",tabular,xgboost,h24,2026-01-04T23:00:00,2026-01-18T23:00:00,2026-02-15T23:00:00,,,42.0
2026-01-24 10:00:00,38.4,54.67915344238281,1.0,"Tema Community 7, Royal School",tabular,xgboost,h24,2026-01-04T23:00:00,2026-01-18T23:00:00,2026-02-15T23:00:00,,,42.0
2026-01-24 11:00:00,41.9,48.844234466552734,1.0,"Tema Community 7, Royal School",tabular,xgboost,h24,2026-01-04T23:00:00,2026-01-18T23:00:00,2026-02-15T23:00:00,,,42.0
2026-01-24 12:00:00,33.4,52.52192306518555,1.0,"Tema Community 7, Royal School",tabular,xgboost,h24,2026-01-04T23:00:00,2026-01-18T23:00:00,2026-02-15T23:00:00,,,42.0
2026-01-24 13:00:00,32.9,53.94407272338867,1.0,"Tema Community 7, Royal School",tabular,xgboost,h24,2026-01-04T23:00:00,2026-01-18T23:00:00,2026-02-15T23:00:00,,,42.0
2026-01-24 14:00:00,31.3,57.401485443115234,1.0,"Tema Community 7, Royal School",tabular,xgboost,h24,2026-01-04T23:00:00,2026-01-18T23:00:00,2026-02-15T23:00:00,,,42.0
2026-01-24 15:00:00,30.2,65.634033203125,1.0,"Tema Community 7, Royal School",tabular,xgboost,h24,2026-01-04T23:00:00,2026-01-18T23:00:00,2026-02-15T23:00:00,,,42.0
2026-01-24 16:00:00,30.6,74.19769287109375,1.0,"Tema Community 7, Royal School",tabular,xgboost,h24,2026-01-04T23:00:00,2026-01-18T23:00:00,2026-02-15T23:00:00,,,42.0
2026-01-24 17:00:00,29.0,81.90296173095703,1.0,"Tema Community 7, Royal School",tabular,xgboost,h24,2026-01-04T23:00:00,2026-01-18T23:00:00,2026-02-15T23:00:00,,,42.0
2026-01-24 18:00:00,36.7,62.02975082397461,1.0,"Tema Community 7, Royal School",tabular,xgboost,h24,2026-01-04T23:00:00,2026-01-18T23:00:00,2026-02-15T23:00:00,,,42.0
2026-01-24 19:00:00,36.6,71.24674224853516,1.0,"Tema Community 7, Royal School",tabular,xgboost,h24,2026-01-04T23:00:00,2026-01-18T23:00:00,2026-02-15T23:00:00,,,42.0
2026-01-24 20:00:00,32.9,75.72290802001953,1.0,"Tema Community 7, Royal School",tabular,xgboost,h24,2026-01-04T23:00:00,2026-01-18T23:00:00,2026-02-15T23:00:00,,,42.0
2026-01-24 21:00:00,39.4,77.53810119628906,1.0,"Tema Community 7, Royal School",tabular,xgboost,h24,2026-01-04T23:00:00,2026-01-18T23:00:00,2026-02-15T23:00:00,,,42.0
2026-01-24 22:00:00,33.1,65.27050018310547,1.0,"Tema Community 7, Royal School",tabular,xgboost,h24,2026-01-04T23:00:00,2026-01-18T23:00:00,2026-02-15T23:00:00,,,42.0
2026-01-24 23:00:00,34.7,55.873756408691406,1.0,"Tema Community 7, Royal School",tabular,xgboost,h24,2026-01-04T23:00:00,2026-01-18T23:00:00,2026-02-15T23:00:00,,,42.0
2026-01-25 00:00:00,37.3,54.949745178222656,1.0,"Tema Community 7, Royal School",tabular,xgboost,h24,2026-01-04T23:00:00,2026-01-18T23:00:00,2026-02-15T23:00:00,,,42.0
2026-01-25 01:00:00,34.5,54.94357681274414,1.0,"Tema Community 7, Royal School",tabular,xgboost,h24,2026-01-04T23:00:00,2026-01-18T23:00:00,2026-02-15T23:00:00,,,42.0
2026-01-25 02:00:00,36.8,54.09317398071289,1.0,"Tema Community 7, Royal School",tabular,xgboost,h24,2026-01-04T23:00:00,2026-01-18T23:00:00,2026-02-15T23:00:00,,,42.0
2026-01-25 03:00:00,43.3,57.604034423828125,1.0,"Tema Community 7, Royal School",tabular,xgboost,h24,2026-01-04T23:00:00,2026-01-18T23:00:00,2026-02-15T23:00:00,,,42.0
2026-01-25 04:00:00,38.0,50.50257110595703,1.0,"Tema Community 7, Royal School",tabular,xgboost,h24,2026-01-04T23:00:00,2026-01-18T23:00:00,2026-02-15T23:00:00,,,42.0
2026-01-25 05:00:00,35.7,55.337459564208984,1.0,"Tema Community 7, Royal School",tabular,xgboost,h24,2026-01-04T23:00:00,2026-01-18T23:00:00,2026-02-15T23:00:00,,,42.0
2026-01-25 06:00:00,60.8,65.65685272216797,1.0,"Tema Community 7, Royal School",tabular,xgboost,h24,2026-01-04T23:00:00,2026-01-18T23:00:00,2026-02-15T23:00:00,,,42.0
2026-01-25 07:00:00,71.8,54.10691833496094,1.0,"Tema Community 7, Royal School",tabular,xgboost,h24,2026-01-04T23:00:00,2026-01-18T23:00:00,2026-02-15T23:00:00,,,42.0
2026-01-25 08:00:00,41.6,49.69063949584961,1.0,"Tema Community 7, Royal School",tabular,xgboost,h24,2026-01-04T23:00:00,2026-01-18T23:00:00,2026-02-15T23:00:00,,,42.0
2026-01-25 09:00:00,43.5,44.44593811035156,1.0,"Tema Community 7, Royal School",tabular,xgboost,h24,2026-01-04T23:00:00,2026-01-18T23:00:00,2026-02-15T23:00:00,,,42.0
2026-01-25 10:00:00,50.2,43.1032829284668,1.0,"Tema Community 7, Royal School",tabular,xgboost,h24,2026-01-04T23:00:00,2026-01-18T23:00:00,2026-02-15T23:00:00,,,42.0
2026-01-25 11:00:00,51.8,51.009830474853516,1.0,"Tema Community 7, Royal School",tabular,xgboost,h24,2026-01-04T23:00:00,2026-01-18T23:00:00,2026-02-15T23:00:00,,,42.0
2026-01-25 12:00:00,50.8,49.53388977050781,1.0,"Tema Community 7, Royal School",tabular,xgboost,h24,2026-01-04T23:00:00,2026-01-18T23:00:00,2026-02-15T23:00:00,,,42.0
2026-01-25 13:00:00,44.6,34.39495086669922,1.0,"Tema Community 7, Royal School",tabular,xgboost,h24,2026-01-04T23:00:00,2026-01-18T23:00:00,2026-02-15T23:00:00,,,42.0
2026-01-25 14:00:00,42.6,43.598533630371094,1.0,"Tema Community 7, Royal School",tabular,xgboost,h24,2026-01-04T23:00:00,2026-01-18T23:00:00,2026-02-15T23:00:00,,,42.0
2026-01-25 15:00:00,40.5,47.16684341430664,1.0,"Tema Community 7, Royal School",tabular,xgboost,h24,2026-01-04T23:00:00,2026-01-18T23:00:00,2026-02-15T23:00:00,,,42.0
2026-01-25 16:00:00,32.7,49.75995635986328,1.0,"Tema Community 7, Royal School",tabular,xgboost,h24,2026-01-04T23:00:00,2026-01-18T23:00:00,2026-02-15T23:00:00,,,42.0
2026-01-25 17:00:00,34.5,47.7362060546875,1.0,"Tema Community 7, Royal School",tabular,xgboost,h24,2026-01-04T23:00:00,2026-01-18T23:00:00,2026-02-15T23:00:00,,,42.0
2026-01-25 18:00:00,37.7,57.28981018066406,1.0,"Tema Community 7, Royal School",tabular,xgboost,h24,2026-01-04T23:00:00,2026-01-18T23:00:00,2026-02-15T23:00:00,,,42.0
2026-01-25 19:00:00,38.3,62.269161224365234,1.0,"Tema Community 7, Royal School",tabular,xgboost,h24,2026-01-04T23:00:00,2026-01-18T23:00:00,2026-02-15T23:00:00,,,42.0
2026-01-25 20:00:00,43.6,83.7505874633789,1.0,"Tema Community 7, Royal School",tabular,xgboost,h24,2026-01-04T23:00:00,2026-01-18T23:00:00,2026-02-15T23:00:00,,,42.0
2026-01-25 21:00:00,46.9,69.91001892089844,1.0,"Tema Community 7, Royal School",tabular,xgboost,h24,2026-01-04T23:00:00,2026-01-18T23:00:00,2026-02-15T23:00:00,,,42.0
2026-01-25 22:00:00,44.4,50.88988494873047,1.0,"Tema Community 7, Royal School",tabular,xgboost,h24,2026-01-04T23:00:00,2026-01-18T23:00:00,2026-02-15T23:00:00,,,42.0
2026-01-25 23:00:00,46.6,47.159603118896484,1.0,"Tema Community 7, Royal School",tabular,xgboost,h24,2026-01-04T23:00:00,2026-01-18T23:00:00,2026-02-15T23:00:00,,,42.0
2026-01-26 00:00:00,68.4,49.534053802490234,1.0,"Tema Community 7, Royal School",tabular,xgboost,h24,2026-01-04T23:00:00,2026-01-18T23:00:00,2026-02-15T23:00:00,,,42.0
2026-01-26 01:00:00,49.6,47.14255905151367,1.0,"Tema Community 7, Royal School",tabular,xgboost,h24,2026-01-04T23:00:00,2026-01-18T23:00:00,2026-02-15T23:00:00,,,42.0
2026-01-26 02:00:00,56.9,56.520992279052734,1.0,"Tema Community 7, Royal School",tabular,xgboost,h24,2026-01-04T23:00:00,2026-01-18T23:00:00,2026-02-15T23:00:00,,,42.0
2026-01-26 03:00:00,51.5,59.28780746459961,1.0,"Tema Community 7, Royal School",tabular,xgboost,h24,2026-01-04T23:00:00,2026-01-18T23:00:00,2026-02-15T23:00:00,,,42.0
2026-01-26 04:00:00,46.2,68.40618133544922,1.0,"Tema Community 7, Royal School",tabular,xgboost,h24,2026-01-04T23:00:00,2026-01-18T23:00:00,2026-02-15T23:00:00,,,42.0
2026-01-26 05:00:00,59.3,72.60465240478516,1.0,"Tema Community 7, Royal School",tabular,xgboost,h24,2026-01-04T23:00:00,2026-01-18T23:00:00,2026-02-15T23:00:00,,,42.0
2026-01-26 06:00:00,105.1,78.5969009399414,1.0,"Tema Community 7, Royal School",tabular,xgboost,h24,2026-01-04T23:00:00,2026-01-18T23:00:00,2026-02-15T23:00:00,,,42.0
2026-01-26 07:00:00,53.7,70.19241333007812,1.0,"Tema Community 7, Royal School",tabular,xgboost,h24,2026-01-04T23:00:00,2026-01-18T23:00:00,2026-02-15T23:00:00,,,42.0
2026-01-26 08:00:00,47.8,50.85734558105469,1.0,"Tema Community 7, Royal School",tabular,xgboost,h24,2026-01-04T23:00:00,2026-01-18T23:00:00,2026-02-15T23:00:00,,,42.0
2026-01-26 09:00:00,43.5,46.303409576416016,1.0,"Tema Community 7, Royal School",tabular,xgboost,h24,2026-01-04T23:00:00,2026-01-18T23:00:00,2026-02-15T23:00:00,,,42.0
2026-01-26 10:00:00,45.3,45.05815505981445,1.0,"Tema Community 7, Royal School",tabular,xgboost,h24,2026-01-04T23:00:00,2026-01-18T23:00:00,2026-02-15T23:00:00,,,42.0
2026-01-26 11:00:00,49.7,44.12154769897461,1.0,"Tema Community 7, Royal School",tabular,xgboost,h24,2026-01-04T23:00:00,2026-01-18T23:00:00,2026-02-15T23:00:00,,,42.0
2026-01-26 12:00:00,45.6,37.320247650146484,1.0,"Tema Community 7, Royal School",tabular,xgboost,h24,2026-01-04T23:00:00,2026-01-18T23:00:00,2026-02-15T23:00:00,,,42.0
2026-01-26 13:00:00,42.1,37.309749603271484,1.0,"Tema Community 7, Royal School",tabular,xgboost,h24,2026-01-04T23:00:00,2026-01-18T23:00:00,2026-02-15T23:00:00,,,42.0
2026-01-26 14:00:00,38.8,41.74540328979492,1.0,"Tema Community 7, Royal School",tabular,xgboost,h24,2026-01-04T23:00:00,2026-01-18T23:00:00,2026-02-15T23:00:00,,,42.0
2026-01-26 15:00:00,38.7,39.27618408203125,1.0,"Tema Community 7, Royal School",tabular,xgboost,h24,2026-01-04T23:00:00,2026-01-18T23:00:00,2026-02-15T23:00:00,,,42.0
2026-01-26 16:00:00,35.2,45.87001419067383,1.0,"Tema Community 7, Royal School",tabular,xgboost,h24,2026-01-04T23:00:00,2026-01-18T23:00:00,2026-02-15T23:00:00,,,42.0
2026-01-26 17:00:00,38.6,51.164608001708984,1.0,"Tema Community 7, Royal School",tabular,xgboost,h24,2026-01-04T23:00:00,2026-01-18T23:00:00,2026-02-15T23:00:00,,,42.0
2026-01-26 18:00:00,38.5,59.918582916259766,1.0,"Tema Community 7, Royal School",tabular,xgboost,h24,2026-01-04T23:00:00,2026-01-18T23:00:00,2026-02-15T23:00:00,,,42.0
2026-01-26 19:00:00,38.1,46.626930236816406,1.0,"Tema Community 7, Royal School",tabular,xgboost,h24,2026-01-04T23:00:00,2026-01-18T23:00:00,2026-02-15T23:00:00,,,42.0
2026-01-26 20:00:00,39.0,50.66251754760742,1.0,"Tema Community 7, Royal School",tabular,xgboost,h24,2026-01-04T23:00:00,2026-01-18T23:00:00,2026-02-15T23:00:00,,,42.0
2026-01-26 21:00:00,40.0,49.7514762878418,1.0,"Tema Community 7, Royal School",tabular,xgboost,h24,2026-01-04T23:00:00,2026-01-18T23:00:00,2026-02-15T23:00:00,,,42.0
2026-01-26 22:00:00,41.9,50.91930389404297,1.0,"Tema Community 7, Royal School",tabular,xgboost,h24,2026-01-04T23:00:00,2026-01-18T23:00:00,2026-02-15T23:00:00,,,42.0
2026-01-26 23:00:00,46.1,61.893184661865234,1.0,"Tema Community 7, Royal School",tabular,xgboost,h24,2026-01-04T23:00:00,2026-01-18T23:00:00,2026-02-15T23:00:00,,,42.0
2026-01-27 00:00:00,68.4,59.13263702392578,1.0,"Tema Community 7, Royal School",tabular,xgboost,h24,2026-01-04T23:00:00,2026-01-18T23:00:00,2026-02-15T23:00:00,,,42.0
2026-01-27 01:00:00,47.6,63.091854095458984,1.0,"Tema Community 7, Royal School",tabular,xgboost,h24,2026-01-04T23:00:00,2026-01-18T23:00:00,2026-02-15T23:00:00,,,42.0
2026-01-27 02:00:00,47.8,58.48237609863281,1.0,"Tema Community 7, Royal School",tabular,xgboost,h24,2026-01-04T23:00:00,2026-01-18T23:00:00,2026-02-15T23:00:00,,,42.0
2026-01-27 03:00:00,44.2,60.965450286865234,1.0,"Tema Community 7, Royal School",tabular,xgboost,h24,2026-01-04T23:00:00,2026-01-18T23:00:00,2026-02-15T23:00:00,,,42.0
2026-01-27 04:00:00,54.9,63.49140548706055,1.0,"Tema Community 7, Royal School",tabular,xgboost,h24,2026-01-04T23:00:00,2026-01-18T23:00:00,2026-02-15T23:00:00,,,42.0
2026-01-27 05:00:00,64.4,72.67931365966797,1.0,"Tema Community 7, Royal School",tabular,xgboost,h24,2026-01-04T23:00:00,2026-01-18T23:00:00,2026-02-15T23:00:00,,,42.0
2026-01-27 06:00:00,96.3,84.015380859375,1.0,"Tema Community 7, Royal School",tabular,xgboost,h24,2026-01-04T23:00:00,2026-01-18T23:00:00,2026-02-15T23:00:00,,,42.0
2026-01-27 07:00:00,93.7,81.21744537353516,1.0,"Tema Community 7, Royal School",tabular,xgboost,h24,2026-01-04T23:00:00,2026-01-18T23:00:00,2026-02-15T23:00:00,,,42.0
2026-01-27 08:00:00,49.9,53.15192794799805,1.0,"Tema Community 7, Royal School",tabular,xgboost,h24,2026-01-04T23:00:00,2026-01-18T23:00:00,2026-02-15T23:00:00,,,42.0
2026-01-27 09:00:00,48.7,57.99985122680664,1.0,"Tema Community 7, Royal School",tabular,xgboost,h24,2026-01-04T23:00:00,2026-01-18T23:00:00,2026-02-15T23:00:00,,,42.0
2026-01-27 10:00:00,46.9,45.24974822998047,1.0,"Tema Community 7, Royal School",tabular,xgboost,h24,2026-01-04T23:00:00,2026-01-18T23:00:00,2026-02-15T23:00:00,,,42.0
2026-01-27 11:00:00,49.6,43.548221588134766,1.0,"Tema Community 7, Royal School",tabular,xgboost,h24,2026-01-04T23:00:00,2026-01-18T23:00:00,2026-02-15T23:00:00,,,42.0
2026-01-27 12:00:00,49.3,72.93882751464844,1.0,"Tema Community 7, Royal School",tabular,xgboost,h24,2026-01-04T23:00:00,2026-01-18T23:00:00,2026-02-15T23:00:00,,,42.0
2026-01-27 13:00:00,44.6,41.758121490478516,1.0,"Tema Community 7, Royal School",tabular,xgboost,h24,2026-01-04T23:00:00,2026-01-18T23:00:00,2026-02-15T23:00:00,,,42.0
2026-01-27 14:00:00,43.2,42.30602264404297,1.0,"Tema Community 7, Royal School",tabular,xgboost,h24,2026-01-04T23:00:00,2026-01-18T23:00:00,2026-02-15T23:00:00,,,42.0
2026-01-27 15:00:00,41.4,44.30873107910156,1.0,"Tema Community 7, Royal School",tabular,xgboost,h24,2026-01-04T23:00:00,2026-01-18T23:00:00,2026-02-15T23:00:00,,,42.0
2026-01-27 16:00:00,39.8,45.62945556640625,1.0,"Tema Community 7, Royal School",tabular,xgboost,h24,2026-01-04T23:00:00,2026-01-18T23:00:00,2026-02-15T23:00:00,,,42.0
2026-01-27 17:00:00,38.6,62.794029235839844,1.0,"Tema Community 7, Royal School",tabular,xgboost,h24,2026-01-04T23:00:00,2026-01-18T23:00:00,2026-02-15T23:00:00,,,42.0
2026-01-27 18:00:00,39.3,62.58916091918945,1.0,"Tema Community 7, Royal School",tabular,xgboost,h24,2026-01-04T23:00:00,2026-01-18T23:00:00,2026-02-15T23:00:00,,,42.0
2026-01-27 19:00:00,39.9,78.8235855102539,1.0,"Tema Community 7, Royal School",tabular,xgboost,h24,2026-01-04T23:00:00,2026-01-18T23:00:00,2026-02-15T23:00:00,,,42.0
2026-01-27 20:00:00,42.4,69.83078002929688,1.0,"Tema Community 7, Royal School",tabular,xgboost,h24,2026-01-04T23:00:00,2026-01-18T23:00:00,2026-02-15T23:00:00,,,42.0
2026-01-27 21:00:00,43.9,61.91872024536133,1.0,"Tema Community 7, Royal School",tabular,xgboost,h24,2026-01-04T23:00:00,2026-01-18T23:00:00,2026-02-15T23:00:00,,,42.0
2026-01-27 22:00:00,42.5,55.10764694213867,1.0,"Tema Community 7, Royal School",tabular,xgboost,h24,2026-01-04T23:00:00,2026-01-18T23:00:00,2026-02-15T23:00:00,,,42.0
2026-01-27 23:00:00,48.3,55.94586944580078,1.0,"Tema Community 7, Royal School",tabular,xgboost,h24,2026-01-04T23:00:00,2026-01-18T23:00:00,2026-02-15T23:00:00,,,42.0
2026-01-28 00:00:00,51.0,59.121944427490234,1.0,"Tema Community 7, Royal School",tabular,xgboost,h24,2026-01-04T23:00:00,2026-01-18T23:00:00,2026-02-15T23:00:00,,,42.0
2026-01-28 01:00:00,55.5,61.77337646484375,1.0,"Tema Community 7, Royal School",tabular,xgboost,h24,2026-01-04T23:00:00,2026-01-18T23:00:00,2026-02-15T23:00:00,,,42.0
2026-01-28 02:00:00,51.4,63.5307731628418,1.0,"Tema Community 7, Royal School",tabular,xgboost,h24,2026-01-04T23:00:00,2026-01-18T23:00:00,2026-02-15T23:00:00,,,42.0
2026-01-28 03:00:00,54.0,54.22124481201172,1.0,"Tema Community 7, Royal School",tabular,xgboost,h24,2026-01-04T23:00:00,2026-01-18T23:00:00,2026-02-15T23:00:00,,,42.0
2026-01-28 04:00:00,56.1,64.40509796142578,1.0,"Tema Community 7, Royal School",tabular,xgboost,h24,2026-01-04T23:00:00,2026-01-18T23:00:00,2026-02-15T23:00:00,,,42.0
2026-01-28 05:00:00,96.1,78.94786834716797,1.0,"Tema Community 7, Royal School",tabular,xgboost,h24,2026-01-04T23:00:00,2026-01-18T23:00:00,2026-02-15T23:00:00,,,42.0
2026-01-28 06:00:00,85.0,80.91728973388672,1.0,"Tema Community 7, Royal School",tabular,xgboost,h24,2026-01-04T23:00:00,2026-01-18T23:00:00,2026-02-15T23:00:00,,,42.0
2026-01-28 07:00:00,76.0,67.64513397216797,1.0,"Tema Community 7, Royal School",tabular,xgboost,h24,2026-01-04T23:00:00,2026-01-18T23:00:00,2026-02-15T23:00:00,,,42.0
2026-01-28 08:00:00,52.5,51.44626235961914,1.0,"Tema Community 7, Royal School",tabular,xgboost,h24,2026-01-04T23:00:00,2026-01-18T23:00:00,2026-02-15T23:00:00,,,42.0
2026-01-28 09:00:00,49.3,50.03622055053711,1.0,"Tema Community 7, Royal School",tabular,xgboost,h24,2026-01-04T23:00:00,2026-01-18T23:00:00,2026-02-15T23:00:00,,,42.0
2026-01-28 10:00:00,47.8,48.385337829589844,1.0,"Tema Community 7, Royal School",tabular,xgboost,h24,2026-01-04T23:00:00,2026-01-18T23:00:00,2026-02-15T23:00:00,,,42.0
2026-01-28 11:00:00,51.4,59.744476318359375,1.0,"Tema Community 7, Royal School",tabular,xgboost,h24,2026-01-04T23:00:00,2026-01-18T23:00:00,2026-02-15T23:00:00,,,42.0
2026-01-28 12:00:00,55.6,46.791542053222656,1.0,"Tema Community 7, Royal School",tabular,xgboost,h24,2026-01-04T23:00:00,2026-01-18T23:00:00,2026-02-15T23:00:00,,,42.0
2026-01-28 13:00:00,49.9,46.990577697753906,1.0,"Tema Community 7, Royal School",tabular,xgboost,h24,2026-01-04T23:00:00,2026-01-18T23:00:00,2026-02-15T23:00:00,,,42.0
2026-01-28 14:00:00,46.4,36.57095718383789,1.0,"Tema Community 7, Royal School",tabular,xgboost,h24,2026-01-04T23:00:00,2026-01-18T23:00:00,2026-02-15T23:00:00,,,42.0
2026-01-28 15:00:00,44.3,39.33905029296875,1.0,"Tema Community 7, Royal School",tabular,xgboost,h24,2026-01-04T23:00:00,2026-01-18T23:00:00,2026-02-15T23:00:00,,,42.0
2026-01-28 16:00:00,41.9,33.331199645996094,1.0,"Tema Community 7, Royal School",tabular,xgboost,h24,2026-01-04T23:00:00,2026-01-18T23:00:00,2026-02-15T23:00:00,,,42.0
2026-01-28 17:00:00,43.2,36.11145782470703,1.0,"Tema Community 7, Royal School",tabular,xgboost,h24,2026-01-04T23:00:00,2026-01-18T23:00:00,2026-02-15T23:00:00,,,42.0
2026-01-28 18:00:00,45.7,56.4604606628418,1.0,"Tema Community 7, Royal School",tabular,xgboost,h24,2026-01-04T23:00:00,2026-01-18T23:00:00,2026-02-15T23:00:00,,,42.0
2026-01-28 19:00:00,46.9,64.30297088623047,1.0,"Tema Community 7, Royal School",tabular,xgboost,h24,2026-01-04T23:00:00,2026-01-18T23:00:00,2026-02-15T23:00:00,,,42.0
2026-01-28 20:00:00,46.2,53.746177673339844,1.0,"Tema Community 7, Royal School",tabular,xgboost,h24,2026-01-04T23:00:00,2026-01-18T23:00:00,2026-02-15T23:00:00,,,42.0
2026-01-28 21:00:00,46.0,55.928077697753906,1.0,"Tema Community 7, Royal School",tabular,xgboost,h24,2026-01-04T23:00:00,2026-01-18T23:00:00,2026-02-15T23:00:00,,,42.0
2026-01-28 22:00:00,45.7,52.13113784790039,1.0,"Tema Community 7, Royal School",tabular,xgboost,h24,2026-01-04T23:00:00,2026-01-18T23:00:00,2026-02-15T23:00:00,,,42.0
2026-01-28 23:00:00,49.8,45.91754150390625,1.0,"Tema Community 7, Royal School",tabular,xgboost,h24,2026-01-04T23:00:00,2026-01-18T23:00:00,2026-02-15T23:00:00,,,42.0
2026-01-29 00:00:00,57.6,52.7394905090332,1.0,"Tema Community 7, Royal School",tabular,xgboost,h24,2026-01-04T23:00:00,2026-01-18T23:00:00,2026-02-15T23:00:00,,,42.0
2026-01-29 01:00:00,55.7,48.54940414428711,1.0,"Tema Community 7, Royal School",tabular,xgboost,h24,2026-01-04T23:00:00,2026-01-18T23:00:00,2026-02-15T23:00:00,,,42.0
2026-01-29 02:00:00,65.4,48.384986877441406,1.0,"Tema Community 7, Royal School",tabular,xgboost,h24,2026-01-04T23:00:00,2026-01-18T23:00:00,2026-02-15T23:00:00,,,42.0
2026-01-29 03:00:00,60.7,54.3645133972168,1.0,"Tema Community 7, Royal School",tabular,xgboost,h24,2026-01-04T23:00:00,2026-01-18T23:00:00,2026-02-15T23:00:00,,,42.0
2026-01-29 04:00:00,59.5,47.29411315917969,1.0,"Tema Community 7, Royal School",tabular,xgboost,h24,2026-01-04T23:00:00,2026-01-18T23:00:00,2026-02-15T23:00:00,,,42.0
2026-01-29 05:00:00,71.8,59.59969711303711,1.0,"Tema Community 7, Royal School",tabular,xgboost,h24,2026-01-04T23:00:00,2026-01-18T23:00:00,2026-02-15T23:00:00,,,42.0
2026-01-29 06:00:00,88.6,69.70100402832031,1.0,"Tema Community 7, Royal School",tabular,xgboost,h24,2026-01-04T23:00:00,2026-01-18T23:00:00,2026-02-15T23:00:00,,,42.0
2026-01-29 07:00:00,69.2,59.99847412109375,1.0,"Tema Community 7, Royal School",tabular,xgboost,h24,2026-01-04T23:00:00,2026-01-18T23:00:00,2026-02-15T23:00:00,,,42.0
2026-01-29 08:00:00,56.7,53.05832290649414,1.0,"Tema Community 7, Royal School",tabular,xgboost,h24,2026-01-04T23:00:00,2026-01-18T23:00:00,2026-02-15T23:00:00,,,42.0
2026-01-29 09:00:00,55.0,47.84952163696289,1.0,"Tema Community 7, Royal School",tabular,xgboost,h24,2026-01-04T23:00:00,2026-01-18T23:00:00,2026-02-15T23:00:00,,,42.0
2026-01-29 10:00:00,50.6,48.3857536315918,1.0,"Tema Community 7, Royal School",tabular,xgboost,h24,2026-01-04T23:00:00,2026-01-18T23:00:00,2026-02-15T23:00:00,,,42.0
2026-01-29 11:00:00,51.8,47.08011245727539,1.0,"Tema Community 7, Royal School",tabular,xgboost,h24,2026-01-04T23:00:00,2026-01-18T23:00:00,2026-02-15T23:00:00,,,42.0
2026-01-29 12:00:00,52.8,49.94312286376953,1.0,"Tema Community 7, Royal School",tabular,xgboost,h24,2026-01-04T23:00:00,2026-01-18T23:00:00,2026-02-15T23:00:00,,,42.0
2026-01-29 13:00:00,48.4,61.06233596801758,1.0,"Tema Community 7, Royal School",tabular,xgboost,h24,2026-01-04T23:00:00,2026-01-18T23:00:00,2026-02-15T23:00:00,,,42.0
2026-01-29 14:00:00,42.7,56.81504821777344,1.0,"Tema Community 7, Royal School",tabular,xgboost,h24,2026-01-04T23:00:00,2026-01-18T23:00:00,2026-02-15T23:00:00,,,42.0
2026-01-29 15:00:00,43.7,52.89353942871094,1.0,"Tema Community 7, Royal School",tabular,xgboost,h24,2026-01-04T23:00:00,2026-01-18T23:00:00,2026-02-15T23:00:00,,,42.0
2026-01-29 16:00:00,41.7,51.7257080078125,1.0,"Tema Community 7, Royal School",tabular,xgboost,h24,2026-01-04T23:00:00,2026-01-18T23:00:00,2026-02-15T23:00:00,,,42.0
2026-01-29 17:00:00,42.7,56.21632385253906,1.0,"Tema Community 7, Royal School",tabular,xgboost,h24,2026-01-04T23:00:00,2026-01-18T23:00:00,2026-02-15T23:00:00,,,42.0
2026-01-29 18:00:00,43.0,53.86333084106445,1.0,"Tema Community 7, Royal School",tabular,xgboost,h24,2026-01-04T23:00:00,2026-01-18T23:00:00,2026-02-15T23:00:00,,,42.0
2026-01-29 19:00:00,42.6,55.93330764770508,1.0,"Tema Community 7, Royal School",tabular,xgboost,h24,2026-01-04T23:00:00,2026-01-18T23:00:00,2026-02-15T23:00:00,,,42.0
2026-01-29 20:00:00,45.1,50.23685836791992,1.0,"Tema Community 7, Royal School",tabular,xgboost,h24,2026-01-04T23:00:00,2026-01-18T23:00:00,2026-02-15T23:00:00,,,42.0
2026-01-29 21:00:00,46.5,49.015018463134766,1.0,"Tema Community 7, Royal School",tabular,xgboost,h24,2026-01-04T23:00:00,2026-01-18T23:00:00,2026-02-15T23:00:00,,,42.0
2026-01-29 22:00:00,45.1,44.78408432006836,1.0,"Tema Community 7, Royal School",tabular,xgboost,h24,2026-01-04T23:00:00,2026-01-18T23:00:00,2026-02-15T23:00:00,,,42.0
2026-01-29 23:00:00,40.9,48.87887954711914,1.0,"Tema Community 7, Royal School",tabular,xgboost,h24,2026-01-04T23:00:00,2026-01-18T23:00:00,2026-02-15T23:00:00,,,42.0
2026-01-30 00:00:00,49.9,51.951904296875,1.0,"Tema Community 7, Royal School",tabular,xgboost,h24,2026-01-04T23:00:00,2026-01-18T23:00:00,2026-02-15T23:00:00,,,42.0
2026-01-30 01:00:00,41.7,43.39670181274414,1.0,"Tema Community 7, Royal School",tabular,xgboost,h24,2026-01-04T23:00:00,2026-01-18T23:00:00,2026-02-15T23:00:00,,,42.0
2026-01-30 02:00:00,41.4,49.52082061767578,1.0,"Tema Community 7, Royal School",tabular,xgboost,h24,2026-01-04T23:00:00,2026-01-18T23:00:00,2026-02-15T23:00:00,,,42.0
2026-01-30 03:00:00,44.1,62.72777557373047,1.0,"Tema Community 7, Royal School",tabular,xgboost,h24,2026-01-04T23:00:00,2026-01-18T23:00:00,2026-02-15T23:00:00,,,42.0
2026-01-30 04:00:00,46.2,54.14267349243164,1.0,"Tema Community 7, Royal School",tabular,xgboost,h24,2026-01-04T23:00:00,2026-01-18T23:00:00,2026-02-15T23:00:00,,,42.0
2026-01-30 05:00:00,62.4,58.28738021850586,1.0,"Tema Community 7, Royal School",tabular,xgboost,h24,2026-01-04T23:00:00,2026-01-18T23:00:00,2026-02-15T23:00:00,,,42.0
2026-01-30 06:00:00,68.2,83.19386291503906,1.0,"Tema Community 7, Royal School",tabular,xgboost,h24,2026-01-04T23:00:00,2026-01-18T23:00:00,2026-02-15T23:00:00,,,42.0
2026-01-30 07:00:00,79.5,69.76240539550781,1.0,"Tema Community 7, Royal School",tabular,xgboost,h24,2026-01-04T23:00:00,2026-01-18T23:00:00,2026-02-15T23:00:00,,,42.0
2026-01-30 08:00:00,48.1,56.65438461303711,1.0,"Tema Community 7, Royal School",tabular,xgboost,h24,2026-01-04T23:00:00,2026-01-18T23:00:00,2026-02-15T23:00:00,,,42.0
2026-01-30 09:00:00,45.0,60.14678955078125,1.0,"Tema Community 7, Royal School",tabular,xgboost,h24,2026-01-04T23:00:00,2026-01-18T23:00:00,2026-02-15T23:00:00,,,42.0
2026-01-30 10:00:00,45.0,57.834861755371094,1.0,"Tema Community 7, Royal School",tabular,xgboost,h24,2026-01-04T23:00:00,2026-01-18T23:00:00,2026-02-15T23:00:00,,,42.0
2026-01-30 11:00:00,45.6,59.543025970458984,1.0,"Tema Community 7, Royal School",tabular,xgboost,h24,2026-01-04T23:00:00,2026-01-18T23:00:00,2026-02-15T23:00:00,,,42.0
2026-01-30 12:00:00,43.9,61.49793243408203,1.0,"Tema Community 7, Royal School",tabular,xgboost,h24,2026-01-04T23:00:00,2026-01-18T23:00:00,2026-02-15T23:00:00,,,42.0
2026-01-30 13:00:00,41.9,61.078765869140625,1.0,"Tema Community 7, Royal School",tabular,xgboost,h24,2026-01-04T23:00:00,2026-01-18T23:00:00,2026-02-15T23:00:00,,,42.0
2026-01-30 14:00:00,40.8,66.32862091064453,1.0,"Tema Community 7, Royal School",tabular,xgboost,h24,2026-01-04T23:00:00,2026-01-18T23:00:00,2026-02-15T23:00:00,,,42.0
2026-01-30 15:00:00,40.4,64.63896942138672,1.0,"Tema Community 7, Royal School",tabular,xgboost,h24,2026-01-04T23:00:00,2026-01-18T23:00:00,2026-02-15T23:00:00,,,42.0
2026-01-30 16:00:00,40.2,55.56972122192383,1.0,"Tema Community 7, Royal School",tabular,xgboost,h24,2026-01-04T23:00:00,2026-01-18T23:00:00,2026-02-15T23:00:00,,,42.0
2026-01-30 17:00:00,48.4,56.672733306884766,1.0,"Tema Community 7, Royal School",tabular,xgboost,h24,2026-01-04T23:00:00,2026-01-18T23:00:00,2026-02-15T23:00:00,,,42.0
2026-01-30 18:00:00,48.4,70.70606994628906,1.0,"Tema Community 7, Royal School",tabular,xgboost,h24,2026-01-04T23:00:00,2026-01-18T23:00:00,2026-02-15T23:00:00,,,42.0
2026-01-30 19:00:00,43.6,70.29489135742188,1.0,"Tema Community 7, Royal School",tabular,xgboost,h24,2026-01-04T23:00:00,2026-01-18T23:00:00,2026-02-15T23:00:00,,,42.0
2026-01-30 20:00:00,43.0,76.99764251708984,1.0,"Tema Community 7, Royal School",tabular,xgboost,h24,2026-01-04T23:00:00,2026-01-18T23:00:00,2026-02-15T23:00:00,,,42.0
2026-01-30 21:00:00,42.4,76.09561157226562,1.0,"Tema Community 7, Royal School",tabular,xgboost,h24,2026-01-04T23:00:00,2026-01-18T23:00:00,2026-02-15T23:00:00,,,42.0
2026-01-30 22:00:00,43.3,74.78245544433594,1.0,"Tema Community 7, Royal School",tabular,xgboost,h24,2026-01-04T23:00:00,2026-01-18T23:00:00,2026-02-15T23:00:00,,,42.0
2026-01-30 23:00:00,41.7,68.64869689941406,1.0,"Tema Community 7, Royal School",tabular,xgboost,h24,2026-01-04T23:00:00,2026-01-18T23:00:00,2026-02-15T23:00:00,,,42.0
2026-01-31 00:00:00,42.2,64.38675689697266,1.0,"Tema Community 7, Royal School",tabular,xgboost,h24,2026-01-04T23:00:00,2026-01-18T23:00:00,2026-02-15T23:00:00,,,42.0
2026-01-31 01:00:00,40.8,60.026187896728516,1.0,"Tema Community 7, Royal School",tabular,xgboost,h24,2026-01-04T23:00:00,2026-01-18T23:00:00,2026-02-15T23:00:00,,,42.0
2026-01-31 02:00:00,40.9,53.5562744140625,1.0,"Tema Community 7, Royal School",tabular,xgboost,h24,2026-01-04T23:00:00,2026-01-18T23:00:00,2026-02-15T23:00:00,,,42.0
2026-01-31 03:00:00,46.2,58.139678955078125,1.0,"Tema Community 7, Royal School",tabular,xgboost,h24,2026-01-04T23:00:00,2026-01-18T23:00:00,2026-02-15T23:00:00,,,42.0
2026-01-31 04:00:00,47.9,67.29710388183594,1.0,"Tema Community 7, Royal School",tabular,xgboost,h24,2026-01-04T23:00:00,2026-01-18T23:00:00,2026-02-15T23:00:00,,,42.0
2026-01-31 05:00:00,49.1,71.93968200683594,1.0,"Tema Community 7, Royal School",tabular,xgboost,h24,2026-01-04T23:00:00,2026-01-18T23:00:00,2026-02-15T23:00:00,,,42.0
2026-01-31 06:00:00,120.7,88.7641830444336,1.0,"Tema Community 7, Royal School",tabular,xgboost,h24,2026-01-04T23:00:00,2026-01-18T23:00:00,2026-02-15T23:00:00,,,42.0
2026-01-31 07:00:00,74.0,81.24602508544922,1.0,"Tema Community 7, Royal School",tabular,xgboost,h24,2026-01-04T23:00:00,2026-01-18T23:00:00,2026-02-15T23:00:00,,,42.0
2026-01-31 08:00:00,51.7,57.47273254394531,1.0,"Tema Community 7, Royal School",tabular,xgboost,h24,2026-01-04T23:00:00,2026-01-18T23:00:00,2026-02-15T23:00:00,,,42.0
2026-01-31 09:00:00,47.0,54.492279052734375,1.0,"Tema Community 7, Royal School",tabular,xgboost,h24,2026-01-04T23:00:00,2026-01-18T23:00:00,2026-02-15T23:00:00,,,42.0
2026-01-31 10:00:00,49.3,57.816162109375,1.0,"Tema Community 7, Royal School",tabular,xgboost,h24,2026-01-04T23:00:00,2026-01-18T23:00:00,2026-02-15T23:00:00,,,42.0
2026-01-31 11:00:00,42.4,74.18994140625,1.0,"Tema Community 7, Royal School",tabular,xgboost,h24,2026-01-04T23:00:00,2026-01-18T23:00:00,2026-02-15T23:00:00,,,42.0
2026-01-31 12:00:00,37.9,75.7268295288086,1.0,"Tema Community 7, Royal School",tabular,xgboost,h24,2026-01-04T23:00:00,2026-01-18T23:00:00,2026-02-15T23:00:00,,,42.0
2026-01-31 13:00:00,36.2,60.71821594238281,1.0,"Tema Community 7, Royal School",tabular,xgboost,h24,2026-01-04T23:00:00,2026-01-18T23:00:00,2026-02-15T23:00:00,,,42.0
2026-01-31 14:00:00,38.3,58.7122917175293,1.0,"Tema Community 7, Royal School",tabular,xgboost,h24,2026-01-04T23:00:00,2026-01-18T23:00:00,2026-02-15T23:00:00,,,42.0
2026-01-31 15:00:00,37.9,56.879764556884766,1.0,"Tema Community 7, Royal School",tabular,xgboost,h24,2026-01-04T23:00:00,2026-01-18T23:00:00,2026-02-15T23:00:00,,,42.0
2026-01-31 16:00:00,35.9,53.3537712097168,1.0,"Tema Community 7, Royal School",tabular,xgboost,h24,2026-01-04T23:00:00,2026-01-18T23:00:00,2026-02-15T23:00:00,,,42.0
2026-01-31 17:00:00,36.8,54.210655212402344,1.0,"Tema Community 7, Royal School",tabular,xgboost,h24,2026-01-04T23:00:00,2026-01-18T23:00:00,2026-02-15T23:00:00,,,42.0
2026-01-31 18:00:00,37.5,71.97505950927734,1.0,"Tema Community 7, Royal School",tabular,xgboost,h24,2026-01-04T23:00:00,2026-01-18T23:00:00,2026-02-15T23:00:00,,,42.0
2026-01-31 19:00:00,38.3,78.30728912353516,1.0,"Tema Community 7, Royal School",tabular,xgboost,h24,2026-01-04T23:00:00,2026-01-18T23:00:00,2026-02-15T23:00:00,,,42.0
2026-01-31 20:00:00,37.7,76.87533569335938,1.0,"Tema Community 7, Royal School",tabular,xgboost,h24,2026-01-04T23:00:00,2026-01-18T23:00:00,2026-02-15T23:00:00,,,42.0
2026-01-31 21:00:00,48.1,73.26513671875,1.0,"Tema Community 7, Royal School",tabular,xgboost,h24,2026-01-04T23:00:00,2026-01-18T23:00:00,2026-02-15T23:00:00,,,42.0
2026-01-31 22:00:00,42.2,73.04495239257812,1.0,"Tema Community 7, Royal School",tabular,xgboost,h24,2026-01-04T23:00:00,2026-01-18T23:00:00,2026-02-15T23:00:00,,,42.0
2026-01-31 23:00:00,44.8,65.61194610595703,1.0,"Tema Community 7, Royal School",tabular,xgboost,h24,2026-01-04T23:00:00,2026-01-18T23:00:00,2026-02-15T23:00:00,,,42.0
2026-02-01 00:00:00,44.9,67.01261138916016,1.0,"Tema Community 7, Royal School",tabular,xgboost,h24,2026-01-04T23:00:00,2026-01-18T23:00:00,2026-02-15T23:00:00,,,42.0
2026-02-01 01:00:00,39.0,69.37104034423828,1.0,"Tema Community 7, Royal School",tabular,xgboost,h24,2026-01-04T23:00:00,2026-01-18T23:00:00,2026-02-15T23:00:00,,,42.0
2026-02-01 02:00:00,34.8,64.1304702758789,1.0,"Tema Community 7, Royal School",tabular,xgboost,h24,2026-01-04T23:00:00,2026-01-18T23:00:00,2026-02-15T23:00:00,,,42.0
2026-02-01 03:00:00,34.6,60.754764556884766,1.0,"Tema Community 7, Royal School",tabular,xgboost,h24,2026-01-04T23:00:00,2026-01-18T23:00:00,2026-02-15T23:00:00,,,42.0
2026-02-01 04:00:00,34.4,66.47856140136719,1.0,"Tema Community 7, Royal School",tabular,xgboost,h24,2026-01-04T23:00:00,2026-01-18T23:00:00,2026-02-15T23:00:00,,,42.0
2026-02-01 05:00:00,42.3,73.14043426513672,1.0,"Tema Community 7, Royal School",tabular,xgboost,h24,2026-01-04T23:00:00,2026-01-18T23:00:00,2026-02-15T23:00:00,,,42.0
2026-02-01 06:00:00,60.4,86.13381958007812,1.0,"Tema Community 7, Royal School",tabular,xgboost,h24,2026-01-04T23:00:00,2026-01-18T23:00:00,2026-02-15T23:00:00,,,42.0
2026-02-01 07:00:00,61.9,84.89311218261719,1.0,"Tema Community 7, Royal School",tabular,xgboost,h24,2026-01-04T23:00:00,2026-01-18T23:00:00,2026-02-15T23:00:00,,,42.0
2026-02-01 08:00:00,56.2,52.050506591796875,1.0,"Tema Community 7, Royal School",tabular,xgboost,h24,2026-01-04T23:00:00,2026-01-18T23:00:00,2026-02-15T23:00:00,,,42.0
2026-02-01 09:00:00,46.3,50.873680114746094,1.0,"Tema Community 7, Royal School",tabular,xgboost,h24,2026-01-04T23:00:00,2026-01-18T23:00:00,2026-02-15T23:00:00,,,42.0
2026-02-01 10:00:00,44.1,50.30706787109375,1.0,"Tema Community 7, Royal School",tabular,xgboost,h24,2026-01-04T23:00:00,2026-01-18T23:00:00,2026-02-15T23:00:00,,,42.0
2026-02-01 11:00:00,36.4,76.5750732421875,1.0,"Tema Community 7, Royal School",tabular,xgboost,h24,2026-01-04T23:00:00,2026-01-18T23:00:00,2026-02-15T23:00:00,,,42.0
2026-02-01 12:00:00,34.4,55.251556396484375,1.0,"Tema Community 7, Royal School",tabular,xgboost,h24,2026-01-04T23:00:00,2026-01-18T23:00:00,2026-02-15T23:00:00,,,42.0
2026-02-01 13:00:00,33.9,61.83100509643555,1.0,"Tema Community 7, Royal School",tabular,xgboost,h24,2026-01-04T23:00:00,2026-01-18T23:00:00,2026-02-15T23:00:00,,,42.0
2026-02-01 14:00:00,31.8,53.22221374511719,1.0,"Tema Community 7, Royal School",tabular,xgboost,h24,2026-01-04T23:00:00,2026-01-18T23:00:00,2026-02-15T23:00:00,,,42.0
2026-02-01 15:00:00,38.7,45.40031814575195,1.0,"Tema Community 7, Royal School",tabular,xgboost,h24,2026-01-04T23:00:00,2026-01-18T23:00:00,2026-02-15T23:00:00,,,42.0
2026-02-01 16:00:00,36.3,53.428688049316406,1.0,"Tema Community 7, Royal School",tabular,xgboost,h24,2026-01-04T23:00:00,2026-01-18T23:00:00,2026-02-15T23:00:00,,,42.0
2026-02-01 17:00:00,41.3,67.9230728149414,1.0,"Tema Community 7, Royal School",tabular,xgboost,h24,2026-01-04T23:00:00,2026-01-18T23:00:00,2026-02-15T23:00:00,,,42.0
2026-02-01 18:00:00,46.2,71.60152435302734,1.0,"Tema Community 7, Royal School",tabular,xgboost,h24,2026-01-04T23:00:00,2026-01-18T23:00:00,2026-02-15T23:00:00,,,42.0
2026-02-01 19:00:00,51.9,80.43238830566406,1.0,"Tema Community 7, Royal School",tabular,xgboost,h24,2026-01-04T23:00:00,2026-01-18T23:00:00,2026-02-15T23:00:00,,,42.0
2026-02-01 20:00:00,41.8,78.9437484741211,1.0,"Tema Community 7, Royal School",tabular,xgboost,h24,2026-01-04T23:00:00,2026-01-18T23:00:00,2026-02-15T23:00:00,,,42.0
2026-02-01 21:00:00,39.8,88.6562271118164,1.0,"Tema Community 7, Royal School",tabular,xgboost,h24,2026-01-04T23:00:00,2026-01-18T23:00:00,2026-02-15T23:00:00,,,42.0
2026-02-01 22:00:00,43.1,70.98259735107422,1.0,"Tema Community 7, Royal School",tabular,xgboost,h24,2026-01-04T23:00:00,2026-01-18T23:00:00,2026-02-15T23:00:00,,,42.0
2026-02-01 23:00:00,43.7,70.08577728271484,1.0,"Tema Community 7, Royal School",tabular,xgboost,h24,2026-01-04T23:00:00,2026-01-18T23:00:00,2026-02-15T23:00:00,,,42.0
2026-02-02 00:00:00,48.3,76.18456268310547,1.0,"Tema Community 7, Royal School",tabular,xgboost,h24,2026-01-04T23:00:00,2026-01-18T23:00:00,2026-02-15T23:00:00,,,42.0
2026-02-02 01:00:00,34.9,69.24301147460938,1.0,"Tema Community 7, Royal School",tabular,xgboost,h24,2026-01-04T23:00:00,2026-01-18T23:00:00,2026-02-15T23:00:00,,,42.0
2026-02-02 02:00:00,38.2,73.25906372070312,1.0,"Tema Community 7, Royal School",tabular,xgboost,h24,2026-01-04T23:00:00,2026-01-18T23:00:00,2026-02-15T23:00:00,,,42.0
2026-02-02 03:00:00,66.6,70.01524353027344,1.0,"Tema Community 7, Royal School",tabular,xgboost,h24,2026-01-04T23:00:00,2026-01-18T23:00:00,2026-02-15T23:00:00,,,42.0
2026-02-02 04:00:00,47.0,76.54068756103516,1.0,"Tema Community 7, Royal School",tabular,xgboost,h24,2026-01-04T23:00:00,2026-01-18T23:00:00,2026-02-15T23:00:00,,,42.0
2026-02-02 05:00:00,52.8,89.97244262695312,1.0,"Tema Community 7, Royal School",tabular,xgboost,h24,2026-01-04T23:00:00,2026-01-18T23:00:00,2026-02-15T23:00:00,,,42.0
2026-02-02 06:00:00,73.8,106.09381866455078,1.0,"Tema Community 7, Royal School",tabular,xgboost,h24,2026-01-04T23:00:00,2026-01-18T23:00:00,2026-02-15T23:00:00,,,42.0
2026-02-02 07:00:00,55.6,83.85832977294922,1.0,"Tema Community 7, Royal School",tabular,xgboost,h24,2026-01-04T23:00:00,2026-01-18T23:00:00,2026-02-15T23:00:00,,,42.0
2026-02-02 08:00:00,69.7,56.9472541809082,1.0,"Tema Community 7, Royal School",tabular,xgboost,h24,2026-01-04T23:00:00,2026-01-18T23:00:00,2026-02-15T23:00:00,,,42.0
2026-02-02 09:00:00,46.1,62.239952087402344,1.0,"Tema Community 7, Royal School",tabular,xgboost,h24,2026-01-04T23:00:00,2026-01-18T23:00:00,2026-02-15T23:00:00,,,42.0
2026-02-02 10:00:00,34.9,56.30864334106445,1.0,"Tema Community 7, Royal School",tabular,xgboost,h24,2026-01-04T23:00:00,2026-01-18T23:00:00,2026-02-15T23:00:00,,,42.0
2026-02-02 11:00:00,31.1,94.1153335571289,1.0,"Tema Community 7, Royal School",tabular,xgboost,h24,2026-01-04T23:00:00,2026-01-18T23:00:00,2026-02-15T23:00:00,,,42.0
2026-02-02 12:00:00,29.9,65.41796112060547,1.0,"Tema Community 7, Royal School",tabular,xgboost,h24,2026-01-04T23:00:00,2026-01-18T23:00:00,2026-02-15T23:00:00,,,42.0
2026-02-02 13:00:00,28.9,58.65827560424805,1.0,"Tema Community 7, Royal School",tabular,xgboost,h24,2026-01-04T23:00:00,2026-01-18T23:00:00,2026-02-15T23:00:00,,,42.0
2026-02-02 14:00:00,30.4,65.5843505859375,1.0,"Tema Community 7, Royal School",tabular,xgboost,h24,2026-01-04T23:00:00,2026-01-18T23:00:00,2026-02-15T23:00:00,,,42.0
2026-02-02 15:00:00,37.1,64.10752868652344,1.0,"Tema Community 7, Royal School",tabular,xgboost,h24,2026-01-04T23:00:00,2026-01-18T23:00:00,2026-02-15T23:00:00,,,42.0
2026-02-02 16:00:00,37.4,65.32705688476562,1.0,"Tema Community 7, Royal School",tabular,xgboost,h24,2026-01-04T23:00:00,2026-01-18T23:00:00,2026-02-15T23:00:00,,,42.0
2026-02-02 17:00:00,36.7,74.58814239501953,1.0,"Tema Community 7, Royal School",tabular,xgboost,h24,2026-01-04T23:00:00,2026-01-18T23:00:00,2026-02-15T23:00:00,,,42.0
2026-02-02 18:00:00,44.1,90.66670227050781,1.0,"Tema Community 7, Royal School",tabular,xgboost,h24,2026-01-04T23:00:00,2026-01-18T23:00:00,2026-02-15T23:00:00,,,42.0
2026-02-02 19:00:00,60.5,89.14570617675781,1.0,"Tema Community 7, Royal School",tabular,xgboost,h24,2026-01-04T23:00:00,2026-01-18T23:00:00,2026-02-15T23:00:00,,,42.0
2026-02-02 20:00:00,38.9,86.38728332519531,1.0,"Tema Community 7, Royal School",tabular,xgboost,h24,2026-01-04T23:00:00,2026-01-18T23:00:00,2026-02-15T23:00:00,,,42.0
2026-02-02 21:00:00,42.6,88.6382064819336,1.0,"Tema Community 7, Royal School",tabular,xgboost,h24,2026-01-04T23:00:00,2026-01-18T23:00:00,2026-02-15T23:00:00,,,42.0
2026-02-02 22:00:00,50.5,93.75386810302734,1.0,"Tema Community 7, Royal School",tabular,xgboost,h24,2026-01-04T23:00:00,2026-01-18T23:00:00,2026-02-15T23:00:00,,,42.0
2026-02-02 23:00:00,59.7,89.53460693359375,1.0,"Tema Community 7, Royal School",tabular,xgboost,h24,2026-01-04T23:00:00,2026-01-18T23:00:00,2026-02-15T23:00:00,,,42.0
2026-02-03 00:00:00,56.7,92.14874267578125,1.0,"Tema Community 7, Royal School",tabular,xgboost,h24,2026-01-04T23:00:00,2026-01-18T23:00:00,2026-02-15T23:00:00,,,42.0
2026-02-03 01:00:00,76.9,79.41746520996094,1.0,"Tema Community 7, Royal School",tabular,xgboost,h24,2026-01-04T23:00:00,2026-01-18T23:00:00,2026-02-15T23:00:00,,,42.0
2026-02-03 02:00:00,49.9,77.66181182861328,1.0,"Tema Community 7, Royal School",tabular,xgboost,h24,2026-01-04T23:00:00,2026-01-18T23:00:00,2026-02-15T23:00:00,,,42.0
2026-02-03 03:00:00,43.2,74.62944030761719,1.0,"Tema Community 7, Royal School",tabular,xgboost,h24,2026-01-04T23:00:00,2026-01-18T23:00:00,2026-02-15T23:00:00,,,42.0
2026-02-03 04:00:00,42.8,75.36241912841797,1.0,"Tema Community 7, Royal School",tabular,xgboost,h24,2026-01-04T23:00:00,2026-01-18T23:00:00,2026-02-15T23:00:00,,,42.0
2026-02-03 05:00:00,49.9,87.19306945800781,1.0,"Tema Community 7, Royal School",tabular,xgboost,h24,2026-01-04T23:00:00,2026-01-18T23:00:00,2026-02-15T23:00:00,,,42.0
2026-02-03 06:00:00,51.8,109.01583862304688,1.0,"Tema Community 7, Royal School",tabular,xgboost,h24,2026-01-04T23:00:00,2026-01-18T23:00:00,2026-02-15T23:00:00,,,42.0
2026-02-03 07:00:00,61.3,101.33159637451172,1.0,"Tema Community 7, Royal School",tabular,xgboost,h24,2026-01-04T23:00:00,2026-01-18T23:00:00,2026-02-15T23:00:00,,,42.0
2026-02-03 08:00:00,37.8,68.21839904785156,1.0,"Tema Community 7, Royal School",tabular,xgboost,h24,2026-01-04T23:00:00,2026-01-18T23:00:00,2026-02-15T23:00:00,,,42.0
2026-02-03 09:00:00,43.1,65.06173706054688,1.0,"Tema Community 7, Royal School",tabular,xgboost,h24,2026-01-04T23:00:00,2026-01-18T23:00:00,2026-02-15T23:00:00,,,42.0
2026-02-03 10:00:00,41.6,94.45024108886719,1.0,"Tema Community 7, Royal School",tabular,xgboost,h24,2026-01-04T23:00:00,2026-01-18T23:00:00,2026-02-15T23:00:00,,,42.0
2026-02-03 11:00:00,47.4,85.05351257324219,1.0,"Tema Community 7, Royal School",tabular,xgboost,h24,2026-01-04T23:00:00,2026-01-18T23:00:00,2026-02-15T23:00:00,,,42.0
2026-02-03 12:00:00,36.7,68.1693344116211,1.0,"Tema Community 7, Royal School",tabular,xgboost,h24,2026-01-04T23:00:00,2026-01-18T23:00:00,2026-02-15T23:00:00,,,42.0
2026-02-03 13:00:00,36.9,63.922420501708984,1.0,"Tema Community 7, Royal School",tabular,xgboost,h24,2026-01-04T23:00:00,2026-01-18T23:00:00,2026-02-15T23:00:00,,,42.0
2026-02-03 14:00:00,36.2,61.84223175048828,1.0,"Tema Community 7, Royal School",tabular,xgboost,h24,2026-01-04T23:00:00,2026-01-18T23:00:00,2026-02-15T23:00:00,,,42.0
2026-02-03 15:00:00,39.4,61.68512725830078,1.0,"Tema Community 7, Royal School",tabular,xgboost,h24,2026-01-04T23:00:00,2026-01-18T23:00:00,2026-02-15T23:00:00,,,42.0
2026-02-03 16:00:00,35.7,66.98230743408203,1.0,"Tema Community 7, Royal School",tabular,xgboost,h24,2026-01-04T23:00:00,2026-01-18T23:00:00,2026-02-15T23:00:00,,,42.0
2026-02-03 17:00:00,30.9,80.33523559570312,1.0,"Tema Community 7, Royal School",tabular,xgboost,h24,2026-01-04T23:00:00,2026-01-18T23:00:00,2026-02-15T23:00:00,,,42.0
2026-02-03 18:00:00,41.1,90.70368957519531,1.0,"Tema Community 7, Royal School",tabular,xgboost,h24,2026-01-04T23:00:00,2026-01-18T23:00:00,2026-02-15T23:00:00,,,42.0
2026-02-03 19:00:00,51.3,92.1683120727539,1.0,"Tema Community 7, Royal School",tabular,xgboost,h24,2026-01-04T23:00:00,2026-01-18T23:00:00,2026-02-15T23:00:00,,,42.0
2026-02-03 20:00:00,71.8,87.87213134765625,1.0,"Tema Community 7, Royal School",tabular,xgboost,h24,2026-01-04T23:00:00,2026-01-18T23:00:00,2026-02-15T23:00:00,,,42.0
2026-02-03 21:00:00,70.6,93.08740997314453,1.0,"Tema Community 7, Royal School",tabular,xgboost,h24,2026-01-04T23:00:00,2026-01-18T23:00:00,2026-02-15T23:00:00,,,42.0
2026-02-03 22:00:00,51.9,86.8599853515625,1.0,"Tema Community 7, Royal School",tabular,xgboost,h24,2026-01-04T23:00:00,2026-01-18T23:00:00,2026-02-15T23:00:00,,,42.0
2026-02-03 23:00:00,44.1,82.0303955078125,1.0,"Tema Community 7, Royal School",tabular,xgboost,h24,2026-01-04T23:00:00,2026-01-18T23:00:00,2026-02-15T23:00:00,,,42.0
2026-02-04 00:00:00,54.3,79.02488708496094,1.0,"Tema Community 7, Royal School",tabular,xgboost,h24,2026-01-04T23:00:00,2026-01-18T23:00:00,2026-02-15T23:00:00,,,42.0
2026-02-04 01:00:00,41.9,83.63213348388672,1.0,"Tema Community 7, Royal School",tabular,xgboost,h24,2026-01-04T23:00:00,2026-01-18T23:00:00,2026-02-15T23:00:00,,,42.0
2026-02-04 02:00:00,37.3,86.27847290039062,1.0,"Tema Community 7, Royal School",tabular,xgboost,h24,2026-01-04T23:00:00,2026-01-18T23:00:00,2026-02-15T23:00:00,,,42.0
2026-02-04 03:00:00,44.3,79.70243072509766,1.0,"Tema Community 7, Royal School",tabular,xgboost,h24,2026-01-04T23:00:00,2026-01-18T23:00:00,2026-02-15T23:00:00,,,42.0
2026-02-04 04:00:00,55.4,77.83987426757812,1.0,"Tema Community 7, Royal School",tabular,xgboost,h24,2026-01-04T23:00:00,2026-01-18T23:00:00,2026-02-15T23:00:00,,,42.0
2026-02-04 05:00:00,86.9,80.08185577392578,1.0,"Tema Community 7, Royal School",tabular,xgboost,h24,2026-01-04T23:00:00,2026-01-18T23:00:00,2026-02-15T23:00:00,,,42.0
2026-02-04 06:00:00,93.6,90.2748031616211,1.0,"Tema Community 7, Royal School",tabular,xgboost,h24,2026-01-04T23:00:00,2026-01-18T23:00:00,2026-02-15T23:00:00,,,42.0
2026-02-04 07:00:00,86.1,81.16908264160156,1.0,"Tema Community 7, Royal School",tabular,xgboost,h24,2026-01-04T23:00:00,2026-01-18T23:00:00,2026-02-15T23:00:00,,,42.0
2026-02-04 08:00:00,62.2,61.57524490356445,1.0,"Tema Community 7, Royal School",tabular,xgboost,h24,2026-01-04T23:00:00,2026-01-18T23:00:00,2026-02-15T23:00:00,,,42.0
2026-02-04 09:00:00,68.6,57.81150436401367,1.0,"Tema Community 7, Royal School",tabular,xgboost,h24,2026-01-04T23:00:00,2026-01-18T23:00:00,2026-02-15T23:00:00,,,42.0
2026-02-04 10:00:00,53.2,80.5093994140625,1.0,"Tema Community 7, Royal School",tabular,xgboost,h24,2026-01-04T23:00:00,2026-01-18T23:00:00,2026-02-15T23:00:00,,,42.0
2026-02-04 11:00:00,54.6,80.70578002929688,1.0,"Tema Community 7, Royal School",tabular,xgboost,h24,2026-01-04T23:00:00,2026-01-18T23:00:00,2026-02-15T23:00:00,,,42.0
2026-02-04 12:00:00,38.3,58.175960540771484,1.0,"Tema Community 7, Royal School",tabular,xgboost,h24,2026-01-04T23:00:00,2026-01-18T23:00:00,2026-02-15T23:00:00,,,42.0
2026-02-04 13:00:00,35.4,51.67399978637695,1.0,"Tema Community 7, Royal School",tabular,xgboost,h24,2026-01-04T23:00:00,2026-01-18T23:00:00,2026-02-15T23:00:00,,,42.0
2026-02-04 14:00:00,32.6,53.66229248046875,1.0,"Tema Community 7, Royal School",tabular,xgboost,h24,2026-01-04T23:00:00,2026-01-18T23:00:00,2026-02-15T23:00:00,,,42.0
2026-02-04 15:00:00,31.2,64.68424987792969,1.0,"Tema Community 7, Royal School",tabular,xgboost,h24,2026-01-04T23:00:00,2026-01-18T23:00:00,2026-02-15T23:00:00,,,42.0
2026-02-04 16:00:00,24.0,62.89717483520508,1.0,"Tema Community 7, Royal School",tabular,xgboost,h24,2026-01-04T23:00:00,2026-01-18T23:00:00,2026-02-15T23:00:00,,,42.0
2026-02-04 17:00:00,27.6,71.5525131225586,1.0,"Tema Community 7, Royal School",tabular,xgboost,h24,2026-01-04T23:00:00,2026-01-18T23:00:00,2026-02-15T23:00:00,,,42.0
2026-02-04 18:00:00,26.2,70.60440826416016,1.0,"Tema Community 7, Royal School",tabular,xgboost,h24,2026-01-04T23:00:00,2026-01-18T23:00:00,2026-02-15T23:00:00,,,42.0
2026-02-04 19:00:00,26.1,58.05584716796875,1.0,"Tema Community 7, Royal School",tabular,xgboost,h24,2026-01-04T23:00:00,2026-01-18T23:00:00,2026-02-15T23:00:00,,,42.0
2026-02-04 20:00:00,17.6,59.58515167236328,1.0,"Tema Community 7, Royal School",tabular,xgboost,h24,2026-01-04T23:00:00,2026-01-18T23:00:00,2026-02-15T23:00:00,,,42.0
2026-02-04 21:00:00,26.8,69.33702087402344,1.0,"Tema Community 7, Royal School",tabular,xgboost,h24,2026-01-04T23:00:00,2026-01-18T23:00:00,2026-02-15T23:00:00,,,42.0
2026-02-04 22:00:00,31.4,68.69548797607422,1.0,"Tema Community 7, Royal School",tabular,xgboost,h24,2026-01-04T23:00:00,2026-01-18T23:00:00,2026-02-15T23:00:00,,,42.0
2026-02-04 23:00:00,41.8,64.87808227539062,1.0,"Tema Community 7, Royal School",tabular,xgboost,h24,2026-01-04T23:00:00,2026-01-18T23:00:00,2026-02-15T23:00:00,,,42.0
2026-02-05 00:00:00,42.2,74.88683319091797,1.0,"Tema Community 7, Royal School",tabular,xgboost,h24,2026-01-04T23:00:00,2026-01-18T23:00:00,2026-02-15T23:00:00,,,42.0
2026-02-05 01:00:00,52.7,77.7391128540039,1.0,"Tema Community 7, Royal School",tabular,xgboost,h24,2026-01-04T23:00:00,2026-01-18T23:00:00,2026-02-15T23:00:00,,,42.0
2026-02-05 02:00:00,46.2,67.51583862304688,1.0,"Tema Community 7, Royal School",tabular,xgboost,h24,2026-01-04T23:00:00,2026-01-18T23:00:00,2026-02-15T23:00:00,,,42.0
2026-02-05 03:00:00,41.3,73.74263000488281,1.0,"Tema Community 7, Royal School",tabular,xgboost,h24,2026-01-04T23:00:00,2026-01-18T23:00:00,2026-02-15T23:00:00,,,42.0
2026-02-05 04:00:00,36.6,62.041690826416016,1.0,"Tema Community 7, Royal School",tabular,xgboost,h24,2026-01-04T23:00:00,2026-01-18T23:00:00,2026-02-15T23:00:00,,,42.0
2026-02-05 05:00:00,54.7,72.80500030517578,1.0,"Tema Community 7, Royal School",tabular,xgboost,h24,2026-01-04T23:00:00,2026-01-18T23:00:00,2026-02-15T23:00:00,,,42.0
2026-02-05 06:00:00,62.3,77.70136260986328,1.0,"Tema Community 7, Royal School",tabular,xgboost,h24,2026-01-04T23:00:00,2026-01-18T23:00:00,2026-02-15T23:00:00,,,42.0
2026-02-05 07:00:00,44.9,66.19227600097656,1.0,"Tema Community 7, Royal School",tabular,xgboost,h24,2026-01-04T23:00:00,2026-01-18T23:00:00,2026-02-15T23:00:00,,,42.0
2026-02-05 08:00:00,33.6,55.54620361328125,1.0,"Tema Community 7, Royal School",tabular,xgboost,h24,2026-01-04T23:00:00,2026-01-18T23:00:00,2026-02-15T23:00:00,,,42.0
2026-02-05 09:00:00,27.2,55.435367584228516,1.0,"Tema Community 7, Royal School",tabular,xgboost,h24,2026-01-04T23:00:00,2026-01-18T23:00:00,2026-02-15T23:00:00,,,42.0
2026-02-05 10:00:00,22.3,60.289798736572266,1.0,"Tema Community 7, Royal School",tabular,xgboost,h24,2026-01-04T23:00:00,2026-01-18T23:00:00,2026-02-15T23:00:00,,,42.0
2026-02-05 11:00:00,19.5,58.76069259643555,1.0,"Tema Community 7, Royal School",tabular,xgboost,h24,2026-01-04T23:00:00,2026-01-18T23:00:00,2026-02-15T23:00:00,,,42.0
2026-02-05 12:00:00,20.5,57.97113037109375,1.0,"Tema Community 7, Royal School",tabular,xgboost,h24,2026-01-04T23:00:00,2026-01-18T23:00:00,2026-02-15T23:00:00,,,42.0
2026-02-05 13:00:00,19.7,58.4993896484375,1.0,"Tema Community 7, Royal School",tabular,xgboost,h24,2026-01-04T23:00:00,2026-01-18T23:00:00,2026-02-15T23:00:00,,,42.0
2026-02-05 14:00:00,23.2,51.10912322998047,1.0,"Tema Community 7, Royal School",tabular,xgboost,h24,2026-01-04T23:00:00,2026-01-18T23:00:00,2026-02-15T23:00:00,,,42.0
2026-02-05 15:00:00,36.7,62.921966552734375,1.0,"Tema Community 7, Royal School",tabular,xgboost,h24,2026-01-04T23:00:00,2026-01-18T23:00:00,2026-02-15T23:00:00,,,42.0
2026-02-05 16:00:00,30.8,66.69829559326172,1.0,"Tema Community 7, Royal School",tabular,xgboost,h24,2026-01-04T23:00:00,2026-01-18T23:00:00,2026-02-15T23:00:00,,,42.0
2026-02-05 17:00:00,27.9,52.45176696777344,1.0,"Tema Community 7, Royal School",tabular,xgboost,h24,2026-01-04T23:00:00,2026-01-18T23:00:00,2026-02-15T23:00:00,,,42.0
2026-02-05 18:00:00,28.1,61.56840515136719,1.0,"Tema Community 7, Royal School",tabular,xgboost,h24,2026-01-04T23:00:00,2026-01-18T23:00:00,2026-02-15T23:00:00,,,42.0
2026-02-05 19:00:00,31.2,65.37548065185547,1.0,"Tema Community 7, Royal School",tabular,xgboost,h24,2026-01-04T23:00:00,2026-01-18T23:00:00,2026-02-15T23:00:00,,,42.0
2026-02-05 20:00:00,44.4,71.13813781738281,1.0,"Tema Community 7, Royal School",tabular,xgboost,h24,2026-01-04T23:00:00,2026-01-18T23:00:00,2026-02-15T23:00:00,,,42.0
2026-02-05 21:00:00,27.9,65.249267578125,1.0,"Tema Community 7, Royal School",tabular,xgboost,h24,2026-01-04T23:00:00,2026-01-18T23:00:00,2026-02-15T23:00:00,,,42.0
2026-02-05 22:00:00,25.6,49.823509216308594,1.0,"Tema Community 7, Royal School",tabular,xgboost,h24,2026-01-04T23:00:00,2026-01-18T23:00:00,2026-02-15T23:00:00,,,42.0
2026-02-05 23:00:00,26.7,47.28963851928711,1.0,"Tema Community 7, Royal School",tabular,xgboost,h24,2026-01-04T23:00:00,2026-01-18T23:00:00,2026-02-15T23:00:00,,,42.0
2026-02-06 00:00:00,25.2,54.884544372558594,1.0,"Tema Community 7, Royal School",tabular,xgboost,h24,2026-01-04T23:00:00,2026-01-18T23:00:00,2026-02-15T23:00:00,,,42.0
2026-02-06 01:00:00,22.5,50.823875427246094,1.0,"Tema Community 7, Royal School",tabular,xgboost,h24,2026-01-04T23:00:00,2026-01-18T23:00:00,2026-02-15T23:00:00,,,42.0
2026-02-06 02:00:00,21.8,54.54310607910156,1.0,"Tema Community 7, Royal School",tabular,xgboost,h24,2026-01-04T23:00:00,2026-01-18T23:00:00,2026-02-15T23:00:00,,,42.0
2026-02-06 03:00:00,29.9,60.941314697265625,1.0,"Tema Community 7, Royal School",tabular,xgboost,h24,2026-01-04T23:00:00,2026-01-18T23:00:00,2026-02-15T23:00:00,,,42.0
2026-02-06 04:00:00,31.3,57.267295837402344,1.0,"Tema Community 7, Royal School",tabular,xgboost,h24,2026-01-04T23:00:00,2026-01-18T23:00:00,2026-02-15T23:00:00,,,42.0
2026-02-06 05:00:00,34.2,57.833248138427734,1.0,"Tema Community 7, Royal School",tabular,xgboost,h24,2026-01-04T23:00:00,2026-01-18T23:00:00,2026-02-15T23:00:00,,,42.0
2026-02-06 06:00:00,67.8,68.28510284423828,1.0,"Tema Community 7, Royal School",tabular,xgboost,h24,2026-01-04T23:00:00,2026-01-18T23:00:00,2026-02-15T23:00:00,,,42.0
2026-02-06 07:00:00,74.9,67.79512023925781,1.0,"Tema Community 7, Royal School",tabular,xgboost,h24,2026-01-04T23:00:00,2026-01-18T23:00:00,2026-02-15T23:00:00,,,42.0
2026-02-06 08:00:00,43.4,55.191158294677734,1.0,"Tema Community 7, Royal School",tabular,xgboost,h24,2026-01-04T23:00:00,2026-01-18T23:00:00,2026-02-15T23:00:00,,,42.0
2026-02-06 09:00:00,36.3,49.497657775878906,1.0,"Tema Community 7, Royal School",tabular,xgboost,h24,2026-01-04T23:00:00,2026-01-18T23:00:00,2026-02-15T23:00:00,,,42.0
2026-02-06 10:00:00,29.8,65.77522277832031,1.0,"Tema Community 7, Royal School",tabular,xgboost,h24,2026-01-04T23:00:00,2026-01-18T23:00:00,2026-02-15T23:00:00,,,42.0
2026-02-06 11:00:00,22.9,56.776023864746094,1.0,"Tema Community 7, Royal School",tabular,xgboost,h24,2026-01-04T23:00:00,2026-01-18T23:00:00,2026-02-15T23:00:00,,,42.0
2026-02-06 12:00:00,22.3,55.65059280395508,1.0,"Tema Community 7, Royal School",tabular,xgboost,h24,2026-01-04T23:00:00,2026-01-18T23:00:00,2026-02-15T23:00:00,,,42.0
2026-02-06 13:00:00,19.5,51.79741287231445,1.0,"Tema Community 7, Royal School",tabular,xgboost,h24,2026-01-04T23:00:00,2026-01-18T23:00:00,2026-02-15T23:00:00,,,42.0
2026-02-06 14:00:00,21.5,48.94517517089844,1.0,"Tema Community 7, Royal School",tabular,xgboost,h24,2026-01-04T23:00:00,2026-01-18T23:00:00,2026-02-15T23:00:00,,,42.0
2026-02-06 15:00:00,22.8,53.24740982055664,1.0,"Tema Community 7, Royal School",tabular,xgboost,h24,2026-01-04T23:00:00,2026-01-18T23:00:00,2026-02-15T23:00:00,,,42.0
2026-02-06 16:00:00,22.9,38.657447814941406,1.0,"Tema Community 7, Royal School",tabular,xgboost,h24,2026-01-04T23:00:00,2026-01-18T23:00:00,2026-02-15T23:00:00,,,42.0
2026-02-06 17:00:00,31.5,54.85970687866211,1.0,"Tema Community 7, Royal School",tabular,xgboost,h24,2026-01-04T23:00:00,2026-01-18T23:00:00,2026-02-15T23:00:00,,,42.0
2026-02-06 18:00:00,37.6,50.992671966552734,1.0,"Tema Community 7, Royal School",tabular,xgboost,h24,2026-01-04T23:00:00,2026-01-18T23:00:00,2026-02-15T23:00:00,,,42.0
2026-02-06 19:00:00,31.7,61.54587173461914,1.0,"Tema Community 7, Royal School",tabular,xgboost,h24,2026-01-04T23:00:00,2026-01-18T23:00:00,2026-02-15T23:00:00,,,42.0
2026-02-06 20:00:00,46.3,57.55144500732422,1.0,"Tema Community 7, Royal School",tabular,xgboost,h24,2026-01-04T23:00:00,2026-01-18T23:00:00,2026-02-15T23:00:00,,,42.0
2026-02-06 21:00:00,30.5,65.54158020019531,1.0,"Tema Community 7, Royal School",tabular,xgboost,h24,2026-01-04T23:00:00,2026-01-18T23:00:00,2026-02-15T23:00:00,,,42.0
2026-02-06 22:00:00,39.0,80.08644104003906,1.0,"Tema Community 7, Royal School",tabular,xgboost,h24,2026-01-04T23:00:00,2026-01-18T23:00:00,2026-02-15T23:00:00,,,42.0
2026-02-06 23:00:00,28.1,81.00770568847656,1.0,"Tema Community 7, Royal School",tabular,xgboost,h24,2026-01-04T23:00:00,2026-01-18T23:00:00,2026-02-15T23:00:00,,,42.0
2026-02-07 00:00:00,29.7,68.91364288330078,1.0,"Tema Community 7, Royal School",tabular,xgboost,h24,2026-01-04T23:00:00,2026-01-18T23:00:00,2026-02-15T23:00:00,,,42.0
2026-02-07 01:00:00,29.6,77.07931518554688,1.0,"Tema Community 7, Royal School",tabular,xgboost,h24,2026-01-04T23:00:00,2026-01-18T23:00:00,2026-02-15T23:00:00,,,42.0
2026-02-07 02:00:00,29.8,72.80455780029297,1.0,"Tema Community 7, Royal School",tabular,xgboost,h24,2026-01-04T23:00:00,2026-01-18T23:00:00,2026-02-15T23:00:00,,,42.0
2026-02-07 03:00:00,37.7,62.35470199584961,1.0,"Tema Community 7, Royal School",tabular,xgboost,h24,2026-01-04T23:00:00,2026-01-18T23:00:00,2026-02-15T23:00:00,,,42.0
2026-02-07 04:00:00,32.6,63.70183181762695,1.0,"Tema Community 7, Royal School",tabular,xgboost,h24,2026-01-04T23:00:00,2026-01-18T23:00:00,2026-02-15T23:00:00,,,42.0
2026-02-07 05:00:00,41.9,72.53211212158203,1.0,"Tema Community 7, Royal School",tabular,xgboost,h24,2026-01-04T23:00:00,2026-01-18T23:00:00,2026-02-15T23:00:00,,,42.0
2026-02-07 06:00:00,53.0,85.30763244628906,1.0,"Tema Community 7, Royal School",tabular,xgboost,h24,2026-01-04T23:00:00,2026-01-18T23:00:00,2026-02-15T23:00:00,,,42.0
2026-02-07 07:00:00,52.0,70.29733276367188,1.0,"Tema Community 7, Royal School",tabular,xgboost,h24,2026-01-04T23:00:00,2026-01-18T23:00:00,2026-02-15T23:00:00,,,42.0
2026-02-07 08:00:00,41.5,52.3957405090332,1.0,"Tema Community 7, Royal School",tabular,xgboost,h24,2026-01-04T23:00:00,2026-01-18T23:00:00,2026-02-15T23:00:00,,,42.0
2026-02-07 09:00:00,35.1,48.299442291259766,1.0,"Tema Community 7, Royal School",tabular,xgboost,h24,2026-01-04T23:00:00,2026-01-18T23:00:00,2026-02-15T23:00:00,,,42.0
2026-02-07 10:00:00,26.9,48.86320877075195,1.0,"Tema Community 7, Royal School",tabular,xgboost,h24,2026-01-04T23:00:00,2026-01-18T23:00:00,2026-02-15T23:00:00,,,42.0
2026-02-07 11:00:00,23.4,57.64112091064453,1.0,"Tema Community 7, Royal School",tabular,xgboost,h24,2026-01-04T23:00:00,2026-01-18T23:00:00,2026-02-15T23:00:00,,,42.0
2026-02-07 12:00:00,20.9,53.61167907714844,1.0,"Tema Community 7, Royal School",tabular,xgboost,h24,2026-01-04T23:00:00,2026-01-18T23:00:00,2026-02-15T23:00:00,,,42.0
2026-02-07 13:00:00,20.0,55.76113510131836,1.0,"Tema Community 7, Royal School",tabular,xgboost,h24,2026-01-04T23:00:00,2026-01-18T23:00:00,2026-02-15T23:00:00,,,42.0
2026-02-07 14:00:00,20.1,53.42818069458008,1.0,"Tema Community 7, Royal School",tabular,xgboost,h24,2026-01-04T23:00:00,2026-01-18T23:00:00,2026-02-15T23:00:00,,,42.0
2026-02-07 15:00:00,21.1,52.742183685302734,1.0,"Tema Community 7, Royal School",tabular,xgboost,h24,2026-01-04T23:00:00,2026-01-18T23:00:00,2026-02-15T23:00:00,,,42.0
2026-02-07 16:00:00,21.7,54.18047332763672,1.0,"Tema Community 7, Royal School",tabular,xgboost,h24,2026-01-04T23:00:00,2026-01-18T23:00:00,2026-02-15T23:00:00,,,42.0
2026-02-07 17:00:00,26.2,49.266910552978516,1.0,"Tema Community 7, Royal School",tabular,xgboost,h24,2026-01-04T23:00:00,2026-01-18T23:00:00,2026-02-15T23:00:00,,,42.0
2026-02-07 18:00:00,28.9,56.38818359375,1.0,"Tema Community 7, Royal School",tabular,xgboost,h24,2026-01-04T23:00:00,2026-01-18T23:00:00,2026-02-15T23:00:00,,,42.0
2026-02-07 19:00:00,29.0,69.72422790527344,1.0,"Tema Community 7, Royal School",tabular,xgboost,h24,2026-01-04T23:00:00,2026-01-18T23:00:00,2026-02-15T23:00:00,,,42.0
2026-02-07 20:00:00,30.4,59.20603561401367,1.0,"Tema Community 7, Royal School",tabular,xgboost,h24,2026-01-04T23:00:00,2026-01-18T23:00:00,2026-02-15T23:00:00,,,42.0
2026-02-07 21:00:00,34.6,58.78268051147461,1.0,"Tema Community 7, Royal School",tabular,xgboost,h24,2026-01-04T23:00:00,2026-01-18T23:00:00,2026-02-15T23:00:00,,,42.0
2026-02-07 22:00:00,40.5,56.41831970214844,1.0,"Tema Community 7, Royal School",tabular,xgboost,h24,2026-01-04T23:00:00,2026-01-18T23:00:00,2026-02-15T23:00:00,,,42.0
2026-02-07 23:00:00,34.0,58.123313903808594,1.0,"Tema Community 7, Royal School",tabular,xgboost,h24,2026-01-04T23:00:00,2026-01-18T23:00:00,2026-02-15T23:00:00,,,42.0
2026-02-08 00:00:00,37.7,63.17362976074219,1.0,"Tema Community 7, Royal School",tabular,xgboost,h24,2026-01-04T23:00:00,2026-01-18T23:00:00,2026-02-15T23:00:00,,,42.0
2026-02-08 01:00:00,44.8,66.79556274414062,1.0,"Tema Community 7, Royal School",tabular,xgboost,h24,2026-01-04T23:00:00,2026-01-18T23:00:00,2026-02-15T23:00:00,,,42.0
2026-02-08 02:00:00,39.3,58.1329231262207,1.0,"Tema Community 7, Royal School",tabular,xgboost,h24,2026-01-04T23:00:00,2026-01-18T23:00:00,2026-02-15T23:00:00,,,42.0
2026-02-08 03:00:00,37.5,52.75020980834961,1.0,"Tema Community 7, Royal School",tabular,xgboost,h24,2026-01-04T23:00:00,2026-01-18T23:00:00,2026-02-15T23:00:00,,,42.0
2026-02-08 04:00:00,47.0,61.43326950073242,1.0,"Tema Community 7, Royal School",tabular,xgboost,h24,2026-01-04T23:00:00,2026-01-18T23:00:00,2026-02-15T23:00:00,,,42.0
2026-02-08 05:00:00,36.6,66.15467071533203,1.0,"Tema Community 7, Royal School",tabular,xgboost,h24,2026-01-04T23:00:00,2026-01-18T23:00:00,2026-02-15T23:00:00,,,42.0
2026-02-08 06:00:00,86.1,67.33784484863281,1.0,"Tema Community 7, Royal School",tabular,xgboost,h24,2026-01-04T23:00:00,2026-01-18T23:00:00,2026-02-15T23:00:00,,,42.0
2026-02-08 07:00:00,87.6,65.91553497314453,1.0,"Tema Community 7, Royal School",tabular,xgboost,h24,2026-01-04T23:00:00,2026-01-18T23:00:00,2026-02-15T23:00:00,,,42.0
2026-02-08 08:00:00,49.8,49.569637298583984,1.0,"Tema Community 7, Royal School",tabular,xgboost,h24,2026-01-04T23:00:00,2026-01-18T23:00:00,2026-02-15T23:00:00,,,42.0
2026-02-08 09:00:00,44.9,58.3665657043457,1.0,"Tema Community 7, Royal School",tabular,xgboost,h24,2026-01-04T23:00:00,2026-01-18T23:00:00,2026-02-15T23:00:00,,,42.0
2026-02-08 10:00:00,41.4,53.1081428527832,1.0,"Tema Community 7, Royal School",tabular,xgboost,h24,2026-01-04T23:00:00,2026-01-18T23:00:00,2026-02-15T23:00:00,,,42.0
2026-02-08 11:00:00,30.3,47.99684524536133,1.0,"Tema Community 7, Royal School",tabular,xgboost,h24,2026-01-04T23:00:00,2026-01-18T23:00:00,2026-02-15T23:00:00,,,42.0
2026-02-08 12:00:00,23.8,56.75930404663086,1.0,"Tema Community 7, Royal School",tabular,xgboost,h24,2026-01-04T23:00:00,2026-01-18T23:00:00,2026-02-15T23:00:00,,,42.0
2026-02-08 13:00:00,20.0,57.18161392211914,1.0,"Tema Community 7, Royal School",tabular,xgboost,h24,2026-01-04T23:00:00,2026-01-18T23:00:00,2026-02-15T23:00:00,,,42.0
2026-02-08 14:00:00,19.2,58.74592208862305,1.0,"Tema Community 7, Royal School",tabular,xgboost,h24,2026-01-04T23:00:00,2026-01-18T23:00:00,2026-02-15T23:00:00,,,42.0
2026-02-08 15:00:00,23.3,51.84107208251953,1.0,"Tema Community 7, Royal School",tabular,xgboost,h24,2026-01-04T23:00:00,2026-01-18T23:00:00,2026-02-15T23:00:00,,,42.0
2026-02-08 16:00:00,22.8,41.28757095336914,1.0,"Tema Community 7, Royal School",tabular,xgboost,h24,2026-01-04T23:00:00,2026-01-18T23:00:00,2026-02-15T23:00:00,,,42.0
2026-02-08 17:00:00,25.4,54.6926155090332,1.0,"Tema Community 7, Royal School",tabular,xgboost,h24,2026-01-04T23:00:00,2026-01-18T23:00:00,2026-02-15T23:00:00,,,42.0
2026-02-08 18:00:00,33.4,57.02951431274414,1.0,"Tema Community 7, Royal School",tabular,xgboost,h24,2026-01-04T23:00:00,2026-01-18T23:00:00,2026-02-15T23:00:00,,,42.0
2026-02-08 19:00:00,25.6,60.51890563964844,1.0,"Tema Community 7, Royal School",tabular,xgboost,h24,2026-01-04T23:00:00,2026-01-18T23:00:00,2026-02-15T23:00:00,,,42.0
2026-02-08 20:00:00,27.9,67.7220458984375,1.0,"Tema Community 7, Royal School",tabular,xgboost,h24,2026-01-04T23:00:00,2026-01-18T23:00:00,2026-02-15T23:00:00,,,42.0
2026-02-08 21:00:00,27.2,54.764835357666016,1.0,"Tema Community 7, Royal School",tabular,xgboost,h24,2026-01-04T23:00:00,2026-01-18T23:00:00,2026-02-15T23:00:00,,,42.0
2026-02-08 22:00:00,23.8,66.8947982788086,1.0,"Tema Community 7, Royal School",tabular,xgboost,h24,2026-01-04T23:00:00,2026-01-18T23:00:00,2026-02-15T23:00:00,,,42.0
2026-02-08 23:00:00,25.2,69.555419921875,1.0,"Tema Community 7, Royal School",tabular,xgboost,h24,2026-01-04T23:00:00,2026-01-18T23:00:00,2026-02-15T23:00:00,,,42.0
2026-02-09 00:00:00,27.9,74.28874206542969,1.0,"Tema Community 7, Royal School",tabular,xgboost,h24,2026-01-04T23:00:00,2026-01-18T23:00:00,2026-02-15T23:00:00,,,42.0
2026-02-09 01:00:00,57.1,70.89179229736328,1.0,"Tema Community 7, Royal School",tabular,xgboost,h24,2026-01-04T23:00:00,2026-01-18T23:00:00,2026-02-15T23:00:00,,,42.0
2026-02-09 02:00:00,20.1,70.3919448852539,1.0,"Tema Community 7, Royal School",tabular,xgboost,h24,2026-01-04T23:00:00,2026-01-18T23:00:00,2026-02-15T23:00:00,,,42.0
2026-02-09 03:00:00,20.2,69.72733306884766,1.0,"Tema Community 7, Royal School",tabular,xgboost,h24,2026-01-04T23:00:00,2026-01-18T23:00:00,2026-02-15T23:00:00,,,42.0
2026-02-09 04:00:00,24.8,66.24689483642578,1.0,"Tema Community 7, Royal School",tabular,xgboost,h24,2026-01-04T23:00:00,2026-01-18T23:00:00,2026-02-15T23:00:00,,,42.0
2026-02-09 05:00:00,29.7,69.30754852294922,1.0,"Tema Community 7, Royal School",tabular,xgboost,h24,2026-01-04T23:00:00,2026-01-18T23:00:00,2026-02-15T23:00:00,,,42.0
2026-02-09 06:00:00,43.6,76.5047378540039,1.0,"Tema Community 7, Royal School",tabular,xgboost,h24,2026-01-04T23:00:00,2026-01-18T23:00:00,2026-02-15T23:00:00,,,42.0
2026-02-09 07:00:00,44.1,62.75116729736328,1.0,"Tema Community 7, Royal School",tabular,xgboost,h24,2026-01-04T23:00:00,2026-01-18T23:00:00,2026-02-15T23:00:00,,,42.0
2026-02-09 08:00:00,43.2,49.13404846191406,1.0,"Tema Community 7, Royal School",tabular,xgboost,h24,2026-01-04T23:00:00,2026-01-18T23:00:00,2026-02-15T23:00:00,,,42.0
2026-02-09 09:00:00,34.5,36.03837966918945,1.0,"Tema Community 7, Royal School",tabular,xgboost,h24,2026-01-04T23:00:00,2026-01-18T23:00:00,2026-02-15T23:00:00,,,42.0
2026-02-09 10:00:00,34.0,40.26752471923828,1.0,"Tema Community 7, Royal School",tabular,xgboost,h24,2026-01-04T23:00:00,2026-01-18T23:00:00,2026-02-15T23:00:00,,,42.0
2026-02-09 11:00:00,23.9,34.81782913208008,1.0,"Tema Community 7, Royal School",tabular,xgboost,h24,2026-01-04T23:00:00,2026-01-18T23:00:00,2026-02-15T23:00:00,,,42.0
2026-02-09 12:00:00,20.1,35.73896026611328,1.0,"Tema Community 7, Royal School",tabular,xgboost,h24,2026-01-04T23:00:00,2026-01-18T23:00:00,2026-02-15T23:00:00,,,42.0
2026-02-09 13:00:00,18.5,38.04586410522461,1.0,"Tema Community 7, Royal School",tabular,xgboost,h24,2026-01-04T23:00:00,2026-01-18T23:00:00,2026-02-15T23:00:00,,,42.0
2026-02-09 14:00:00,19.5,34.69783020019531,1.0,"Tema Community 7, Royal School",tabular,xgboost,h24,2026-01-04T23:00:00,2026-01-18T23:00:00,2026-02-15T23:00:00,,,42.0
2026-02-09 15:00:00,22.8,49.192195892333984,1.0,"Tema Community 7, Royal School",tabular,xgboost,h24,2026-01-04T23:00:00,2026-01-18T23:00:00,2026-02-15T23:00:00,,,42.0
2026-02-09 16:00:00,19.6,40.732635498046875,1.0,"Tema Community 7, Royal School",tabular,xgboost,h24,2026-01-04T23:00:00,2026-01-18T23:00:00,2026-02-15T23:00:00,,,42.0
2026-02-09 17:00:00,24.8,45.70418930053711,1.0,"Tema Community 7, Royal School",tabular,xgboost,h24,2026-01-04T23:00:00,2026-01-18T23:00:00,2026-02-15T23:00:00,,,42.0
2026-02-09 18:00:00,26.4,46.307777404785156,1.0,"Tema Community 7, Royal School",tabular,xgboost,h24,2026-01-04T23:00:00,2026-01-18T23:00:00,2026-02-15T23:00:00,,,42.0
2026-02-09 19:00:00,27.0,53.76259231567383,1.0,"Tema Community 7, Royal School",tabular,xgboost,h24,2026-01-04T23:00:00,2026-01-18T23:00:00,2026-02-15T23:00:00,,,42.0
2026-02-09 20:00:00,25.4,49.00442886352539,1.0,"Tema Community 7, Royal School",tabular,xgboost,h24,2026-01-04T23:00:00,2026-01-18T23:00:00,2026-02-15T23:00:00,,,42.0
2026-02-09 21:00:00,26.3,51.318965911865234,1.0,"Tema Community 7, Royal School",tabular,xgboost,h24,2026-01-04T23:00:00,2026-01-18T23:00:00,2026-02-15T23:00:00,,,42.0
2026-02-09 22:00:00,25.5,55.8627815246582,1.0,"Tema Community 7, Royal School",tabular,xgboost,h24,2026-01-04T23:00:00,2026-01-18T23:00:00,2026-02-15T23:00:00,,,42.0
2026-02-09 23:00:00,27.6,56.479740142822266,1.0,"Tema Community 7, Royal School",tabular,xgboost,h24,2026-01-04T23:00:00,2026-01-18T23:00:00,2026-02-15T23:00:00,,,42.0
2026-02-10 00:00:00,28.4,56.72469711303711,1.0,"Tema Community 7, Royal School",tabular,xgboost,h24,2026-01-04T23:00:00,2026-01-18T23:00:00,2026-02-15T23:00:00,,,42.0
2026-02-10 01:00:00,34.9,50.793182373046875,1.0,"Tema Community 7, Royal School",tabular,xgboost,h24,2026-01-04T23:00:00,2026-01-18T23:00:00,2026-02-15T23:00:00,,,42.0
2026-02-10 02:00:00,29.3,58.359596252441406,1.0,"Tema Community 7, Royal School",tabular,xgboost,h24,2026-01-04T23:00:00,2026-01-18T23:00:00,2026-02-15T23:00:00,,,42.0
2026-02-10 03:00:00,19.6,63.30521011352539,1.0,"Tema Community 7, Royal School",tabular,xgboost,h24,2026-01-04T23:00:00,2026-01-18T23:00:00,2026-02-15T23:00:00,,,42.0
2026-02-10 04:00:00,27.0,69.89458465576172,1.0,"Tema Community 7, Royal School",tabular,xgboost,h24,2026-01-04T23:00:00,2026-01-18T23:00:00,2026-02-15T23:00:00,,,42.0
2026-02-10 05:00:00,40.7,67.08125305175781,1.0,"Tema Community 7, Royal School",tabular,xgboost,h24,2026-01-04T23:00:00,2026-01-18T23:00:00,2026-02-15T23:00:00,,,42.0
2026-02-10 06:00:00,47.2,69.97344207763672,1.0,"Tema Community 7, Royal School",tabular,xgboost,h24,2026-01-04T23:00:00,2026-01-18T23:00:00,2026-02-15T23:00:00,,,42.0
2026-02-10 07:00:00,45.4,60.75946044921875,1.0,"Tema Community 7, Royal School",tabular,xgboost,h24,2026-01-04T23:00:00,2026-01-18T23:00:00,2026-02-15T23:00:00,,,42.0
2026-02-10 08:00:00,36.8,47.36890411376953,1.0,"Tema Community 7, Royal School",tabular,xgboost,h24,2026-01-04T23:00:00,2026-01-18T23:00:00,2026-02-15T23:00:00,,,42.0
2026-02-10 09:00:00,30.8,55.87481689453125,1.0,"Tema Community 7, Royal School",tabular,xgboost,h24,2026-01-04T23:00:00,2026-01-18T23:00:00,2026-02-15T23:00:00,,,42.0
2026-02-10 10:00:00,28.5,31.155376434326172,1.0,"Tema Community 7, Royal School",tabular,xgboost,h24,2026-01-04T23:00:00,2026-01-18T23:00:00,2026-02-15T23:00:00,,,42.0
2026-02-10 11:00:00,35.2,29.81662940979004,1.0,"Tema Community 7, Royal School",tabular,xgboost,h24,2026-01-04T23:00:00,2026-01-18T23:00:00,2026-02-15T23:00:00,,,42.0
2026-02-10 12:00:00,24.2,34.36126708984375,1.0,"Tema Community 7, Royal School",tabular,xgboost,h24,2026-01-04T23:00:00,2026-01-18T23:00:00,2026-02-15T23:00:00,,,42.0
2026-02-10 13:00:00,16.6,31.757709503173828,1.0,"Tema Community 7, Royal School",tabular,xgboost,h24,2026-01-04T23:00:00,2026-01-18T23:00:00,2026-02-15T23:00:00,,,42.0
2026-02-10 14:00:00,19.7,29.626291275024414,1.0,"Tema Community 7, Royal School",tabular,xgboost,h24,2026-01-04T23:00:00,2026-01-18T23:00:00,2026-02-15T23:00:00,,,42.0
2026-02-10 15:00:00,29.0,43.84003829956055,1.0,"Tema Community 7, Royal School",tabular,xgboost,h24,2026-01-04T23:00:00,2026-01-18T23:00:00,2026-02-15T23:00:00,,,42.0
2026-02-10 16:00:00,13.6,36.319156646728516,1.0,"Tema Community 7, Royal School",tabular,xgboost,h24,2026-01-04T23:00:00,2026-01-18T23:00:00,2026-02-15T23:00:00,,,42.0
2026-02-10 17:00:00,16.2,44.02391052246094,1.0,"Tema Community 7, Royal School",tabular,xgboost,h24,2026-01-04T23:00:00,2026-01-18T23:00:00,2026-02-15T23:00:00,,,42.0
2026-02-10 18:00:00,23.3,57.58710861206055,1.0,"Tema Community 7, Royal School",tabular,xgboost,h24,2026-01-04T23:00:00,2026-01-18T23:00:00,2026-02-15T23:00:00,,,42.0
2026-02-10 19:00:00,23.9,56.981773376464844,1.0,"Tema Community 7, Royal School",tabular,xgboost,h24,2026-01-04T23:00:00,2026-01-18T23:00:00,2026-02-15T23:00:00,,,42.0
2026-02-10 20:00:00,28.2,64.26343536376953,1.0,"Tema Community 7, Royal School",tabular,xgboost,h24,2026-01-04T23:00:00,2026-01-18T23:00:00,2026-02-15T23:00:00,,,42.0
2026-02-10 21:00:00,36.3,59.386165618896484,1.0,"Tema Community 7, Royal School",tabular,xgboost,h24,2026-01-04T23:00:00,2026-01-18T23:00:00,2026-02-15T23:00:00,,,42.0
2026-02-10 22:00:00,17.8,67.1971435546875,1.0,"Tema Community 7, Royal School",tabular,xgboost,h24,2026-01-04T23:00:00,2026-01-18T23:00:00,2026-02-15T23:00:00,,,42.0
2026-02-10 23:00:00,11.3,58.76309585571289,1.0,"Tema Community 7, Royal School",tabular,xgboost,h24,2026-01-04T23:00:00,2026-01-18T23:00:00,2026-02-15T23:00:00,,,42.0
2026-02-11 00:00:00,20.4,66.56462860107422,1.0,"Tema Community 7, Royal School",tabular,xgboost,h24,2026-01-04T23:00:00,2026-01-18T23:00:00,2026-02-15T23:00:00,,,42.0
2026-02-11 01:00:00,19.8,63.88255310058594,1.0,"Tema Community 7, Royal School",tabular,xgboost,h24,2026-01-04T23:00:00,2026-01-18T23:00:00,2026-02-15T23:00:00,,,42.0
2026-02-11 02:00:00,20.0,63.231781005859375,1.0,"Tema Community 7, Royal School",tabular,xgboost,h24,2026-01-04T23:00:00,2026-01-18T23:00:00,2026-02-15T23:00:00,,,42.0
2026-02-11 03:00:00,29.8,87.07490539550781,1.0,"Tema Community 7, Royal School",tabular,xgboost,h24,2026-01-04T23:00:00,2026-01-18T23:00:00,2026-02-15T23:00:00,,,42.0
2026-02-11 04:00:00,39.3,80.64786529541016,1.0,"Tema Community 7, Royal School",tabular,xgboost,h24,2026-01-04T23:00:00,2026-01-18T23:00:00,2026-02-15T23:00:00,,,42.0
2026-02-11 05:00:00,50.7,72.28352355957031,1.0,"Tema Community 7, Royal School",tabular,xgboost,h24,2026-01-04T23:00:00,2026-01-18T23:00:00,2026-02-15T23:00:00,,,42.0
2026-02-11 06:00:00,55.9,84.84069061279297,1.0,"Tema Community 7, Royal School",tabular,xgboost,h24,2026-01-04T23:00:00,2026-01-18T23:00:00,2026-02-15T23:00:00,,,42.0
2026-02-11 07:00:00,36.3,72.83753967285156,1.0,"Tema Community 7, Royal School",tabular,xgboost,h24,2026-01-04T23:00:00,2026-01-18T23:00:00,2026-02-15T23:00:00,,,42.0
2026-02-11 08:00:00,40.7,57.401920318603516,1.0,"Tema Community 7, Royal School",tabular,xgboost,h24,2026-01-04T23:00:00,2026-01-18T23:00:00,2026-02-15T23:00:00,,,42.0
2026-02-11 09:00:00,36.9,62.1817626953125,1.0,"Tema Community 7, Royal School",tabular,xgboost,h24,2026-01-04T23:00:00,2026-01-18T23:00:00,2026-02-15T23:00:00,,,42.0
2026-02-11 10:00:00,24.2,46.20076370239258,1.0,"Tema Community 7, Royal School",tabular,xgboost,h24,2026-01-04T23:00:00,2026-01-18T23:00:00,2026-02-15T23:00:00,,,42.0
2026-02-11 11:00:00,17.8,43.189117431640625,1.0,"Tema Community 7, Royal School",tabular,xgboost,h24,2026-01-04T23:00:00,2026-01-18T23:00:00,2026-02-15T23:00:00,,,42.0
2026-02-11 12:00:00,17.7,31.9476318359375,1.0,"Tema Community 7, Royal School",tabular,xgboost,h24,2026-01-04T23:00:00,2026-01-18T23:00:00,2026-02-15T23:00:00,,,42.0
2026-02-11 13:00:00,12.8,35.35444641113281,1.0,"Tema Community 7, Royal School",tabular,xgboost,h24,2026-01-04T23:00:00,2026-01-18T23:00:00,2026-02-15T23:00:00,,,42.0
2026-02-11 14:00:00,14.8,36.983219146728516,1.0,"Tema Community 7, Royal School",tabular,xgboost,h24,2026-01-04T23:00:00,2026-01-18T23:00:00,2026-02-15T23:00:00,,,42.0
2026-02-11 15:00:00,18.1,28.925350189208984,1.0,"Tema Community 7, Royal School",tabular,xgboost,h24,2026-01-04T23:00:00,2026-01-18T23:00:00,2026-02-15T23:00:00,,,42.0
2026-02-11 16:00:00,21.7,20.950536727905273,1.0,"Tema Community 7, Royal School",tabular,xgboost,h24,2026-01-04T23:00:00,2026-01-18T23:00:00,2026-02-15T23:00:00,,,42.0
2026-02-11 17:00:00,19.1,46.010826110839844,1.0,"Tema Community 7, Royal School",tabular,xgboost,h24,2026-01-04T23:00:00,2026-01-18T23:00:00,2026-02-15T23:00:00,,,42.0
2026-02-11 18:00:00,23.6,53.87453079223633,1.0,"Tema Community 7, Royal School",tabular,xgboost,h24,2026-01-04T23:00:00,2026-01-18T23:00:00,2026-02-15T23:00:00,,,42.0
2026-02-11 19:00:00,30.7,65.13981628417969,1.0,"Tema Community 7, Royal School",tabular,xgboost,h24,2026-01-04T23:00:00,2026-01-18T23:00:00,2026-02-15T23:00:00,,,42.0
2026-02-11 20:00:00,31.8,55.606239318847656,1.0,"Tema Community 7, Royal School",tabular,xgboost,h24,2026-01-04T23:00:00,2026-01-18T23:00:00,2026-02-15T23:00:00,,,42.0
2026-02-11 21:00:00,53.0,64.09938049316406,1.0,"Tema Community 7, Royal School",tabular,xgboost,h24,2026-01-04T23:00:00,2026-01-18T23:00:00,2026-02-15T23:00:00,,,42.0
2026-02-11 22:00:00,54.6,69.27635192871094,1.0,"Tema Community 7, Royal School",tabular,xgboost,h24,2026-01-04T23:00:00,2026-01-18T23:00:00,2026-02-15T23:00:00,,,42.0
2026-02-11 23:00:00,51.0,82.09186553955078,1.0,"Tema Community 7, Royal School",tabular,xgboost,h24,2026-01-04T23:00:00,2026-01-18T23:00:00,2026-02-15T23:00:00,,,42.0
2026-02-12 00:00:00,55.4,71.59815979003906,1.0,"Tema Community 7, Royal School",tabular,xgboost,h24,2026-01-04T23:00:00,2026-01-18T23:00:00,2026-02-15T23:00:00,,,42.0
2026-02-12 01:00:00,84.2,69.76266479492188,1.0,"Tema Community 7, Royal School",tabular,xgboost,h24,2026-01-04T23:00:00,2026-01-18T23:00:00,2026-02-15T23:00:00,,,42.0
2026-02-12 02:00:00,87.4,63.86083221435547,1.0,"Tema Community 7, Royal School",tabular,xgboost,h24,2026-01-04T23:00:00,2026-01-18T23:00:00,2026-02-15T23:00:00,,,42.0
2026-02-12 03:00:00,79.8,59.121952056884766,1.0,"Tema Community 7, Royal School",tabular,xgboost,h24,2026-01-04T23:00:00,2026-01-18T23:00:00,2026-02-15T23:00:00,,,42.0
2026-02-12 04:00:00,82.3,49.7408332824707,1.0,"Tema Community 7, Royal School",tabular,xgboost,h24,2026-01-04T23:00:00,2026-01-18T23:00:00,2026-02-15T23:00:00,,,42.0
2026-02-12 05:00:00,141.7,60.48969268798828,1.0,"Tema Community 7, Royal School",tabular,xgboost,h24,2026-01-04T23:00:00,2026-01-18T23:00:00,2026-02-15T23:00:00,,,42.0
2026-02-12 06:00:00,93.2,60.417701721191406,1.0,"Tema Community 7, Royal School",tabular,xgboost,h24,2026-01-04T23:00:00,2026-01-18T23:00:00,2026-02-15T23:00:00,,,42.0
2026-02-12 07:00:00,73.3,61.20735549926758,1.0,"Tema Community 7, Royal School",tabular,xgboost,h24,2026-01-04T23:00:00,2026-01-18T23:00:00,2026-02-15T23:00:00,,,42.0
2026-02-12 08:00:00,47.7,47.17644119262695,1.0,"Tema Community 7, Royal School",tabular,xgboost,h24,2026-01-04T23:00:00,2026-01-18T23:00:00,2026-02-15T23:00:00,,,42.0
2026-02-12 09:00:00,25.4,45.612056732177734,1.0,"Tema Community 7, Royal School",tabular,xgboost,h24,2026-01-04T23:00:00,2026-01-18T23:00:00,2026-02-15T23:00:00,,,42.0
2026-02-12 10:00:00,6.6,44.3886833190918,1.0,"Tema Community 7, Royal School",tabular,xgboost,h24,2026-01-04T23:00:00,2026-01-18T23:00:00,2026-02-15T23:00:00,,,42.0
2026-02-12 11:00:00,1.9,30.295305252075195,1.0,"Tema Community 7, Royal School",tabular,xgboost,h24,2026-01-04T23:00:00,2026-01-18T23:00:00,2026-02-15T23:00:00,,,42.0
2026-02-12 12:00:00,2.4,27.120187759399414,1.0,"Tema Community 7, Royal School",tabular,xgboost,h24,2026-01-04T23:00:00,2026-01-18T23:00:00,2026-02-15T23:00:00,,,42.0
2026-02-12 13:00:00,2.2,23.254169464111328,1.0,"Tema Community 7, Royal School",tabular,xgboost,h24,2026-01-04T23:00:00,2026-01-18T23:00:00,2026-02-15T23:00:00,,,42.0
2026-02-12 14:00:00,2.8,27.293861389160156,1.0,"Tema Community 7, Royal School",tabular,xgboost,h24,2026-01-04T23:00:00,2026-01-18T23:00:00,2026-02-15T23:00:00,,,42.0
2026-02-12 15:00:00,5.7,31.404726028442383,1.0,"Tema Community 7, Royal School",tabular,xgboost,h24,2026-01-04T23:00:00,2026-01-18T23:00:00,2026-02-15T23:00:00,,,42.0
2026-02-12 16:00:00,4.8,35.370147705078125,1.0,"Tema Community 7, Royal School",tabular,xgboost,h24,2026-01-04T23:00:00,2026-01-18T23:00:00,2026-02-15T23:00:00,,,42.0
2026-02-12 17:00:00,6.1,39.9163818359375,1.0,"Tema Community 7, Royal School",tabular,xgboost,h24,2026-01-04T23:00:00,2026-01-18T23:00:00,2026-02-15T23:00:00,,,42.0
2026-02-12 18:00:00,8.2,52.47088623046875,1.0,"Tema Community 7, Royal School",tabular,xgboost,h24,2026-01-04T23:00:00,2026-01-18T23:00:00,2026-02-15T23:00:00,,,42.0
2026-02-12 19:00:00,8.7,53.14892578125,1.0,"Tema Community 7, Royal School",tabular,xgboost,h24,2026-01-04T23:00:00,2026-01-18T23:00:00,2026-02-15T23:00:00,,,42.0
2026-02-12 20:00:00,26.9,40.568695068359375,1.0,"Tema Community 7, Royal School",tabular,xgboost,h24,2026-01-04T23:00:00,2026-01-18T23:00:00,2026-02-15T23:00:00,,,42.0
2026-02-12 21:00:00,14.0,54.240013122558594,1.0,"Tema Community 7, Royal School",tabular,xgboost,h24,2026-01-04T23:00:00,2026-01-18T23:00:00,2026-02-15T23:00:00,,,42.0
2026-02-12 22:00:00,15.5,45.40391159057617,1.0,"Tema Community 7, Royal School",tabular,xgboost,h24,2026-01-04T23:00:00,2026-01-18T23:00:00,2026-02-15T23:00:00,,,42.0
2026-02-12 23:00:00,20.2,46.51350021362305,1.0,"Tema Community 7, Royal School",tabular,xgboost,h24,2026-01-04T23:00:00,2026-01-18T23:00:00,2026-02-15T23:00:00,,,42.0
2026-02-13 00:00:00,15.9,49.700016021728516,1.0,"Tema Community 7, Royal School",tabular,xgboost,h24,2026-01-04T23:00:00,2026-01-18T23:00:00,2026-02-15T23:00:00,,,42.0
2026-02-13 01:00:00,27.5,45.39501953125,1.0,"Tema Community 7, Royal School",tabular,xgboost,h24,2026-01-04T23:00:00,2026-01-18T23:00:00,2026-02-15T23:00:00,,,42.0
2026-02-13 02:00:00,14.9,54.17591094970703,1.0,"Tema Community 7, Royal School",tabular,xgboost,h24,2026-01-04T23:00:00,2026-01-18T23:00:00,2026-02-15T23:00:00,,,42.0
2026-02-13 03:00:00,70.8,61.77616500854492,1.0,"Tema Community 7, Royal School",tabular,xgboost,h24,2026-01-04T23:00:00,2026-01-18T23:00:00,2026-02-15T23:00:00,,,42.0
2026-02-13 04:00:00,45.5,64.41276550292969,1.0,"Tema Community 7, Royal School",tabular,xgboost,h24,2026-01-04T23:00:00,2026-01-18T23:00:00,2026-02-15T23:00:00,,,42.0
2026-02-13 05:00:00,43.3,62.24259567260742,1.0,"Tema Community 7, Royal School",tabular,xgboost,h24,2026-01-04T23:00:00,2026-01-18T23:00:00,2026-02-15T23:00:00,,,42.0
2026-02-13 06:00:00,49.8,76.69505310058594,1.0,"Tema Community 7, Royal School",tabular,xgboost,h24,2026-01-04T23:00:00,2026-01-18T23:00:00,2026-02-15T23:00:00,,,42.0
2026-02-13 07:00:00,40.5,68.72003936767578,1.0,"Tema Community 7, Royal School",tabular,xgboost,h24,2026-01-04T23:00:00,2026-01-18T23:00:00,2026-02-15T23:00:00,,,42.0
2026-02-13 08:00:00,30.2,55.71011734008789,1.0,"Tema Community 7, Royal School",tabular,xgboost,h24,2026-01-04T23:00:00,2026-01-18T23:00:00,2026-02-15T23:00:00,,,42.0
2026-02-13 09:00:00,26.7,57.955810546875,1.0,"Tema Community 7, Royal School",tabular,xgboost,h24,2026-01-04T23:00:00,2026-01-18T23:00:00,2026-02-15T23:00:00,,,42.0
2026-02-13 10:00:00,22.5,56.21483612060547,1.0,"Tema Community 7, Royal School",tabular,xgboost,h24,2026-01-04T23:00:00,2026-01-18T23:00:00,2026-02-15T23:00:00,,,42.0
2026-02-13 11:00:00,31.6,32.4111213684082,1.0,"Tema Community 7, Royal School",tabular,xgboost,h24,2026-01-04T23:00:00,2026-01-18T23:00:00,2026-02-15T23:00:00,,,42.0
2026-02-13 12:00:00,49.8,26.2567138671875,1.0,"Tema Community 7, Royal School",tabular,xgboost,h24,2026-01-04T23:00:00,2026-01-18T23:00:00,2026-02-15T23:00:00,,,42.0
2026-02-13 13:00:00,19.9,24.892974853515625,1.0,"Tema Community 7, Royal School",tabular,xgboost,h24,2026-01-04T23:00:00,2026-01-18T23:00:00,2026-02-15T23:00:00,,,42.0
2026-02-13 14:00:00,27.4,24.71985626220703,1.0,"Tema Community 7, Royal School",tabular,xgboost,h24,2026-01-04T23:00:00,2026-01-18T23:00:00,2026-02-15T23:00:00,,,42.0
2026-02-13 15:00:00,16.0,27.667089462280273,1.0,"Tema Community 7, Royal School",tabular,xgboost,h24,2026-01-04T23:00:00,2026-01-18T23:00:00,2026-02-15T23:00:00,,,42.0
2026-02-13 16:00:00,7.0,27.20036506652832,1.0,"Tema Community 7, Royal School",tabular,xgboost,h24,2026-01-04T23:00:00,2026-01-18T23:00:00,2026-02-15T23:00:00,,,42.0
2026-02-13 17:00:00,8.1,46.38993453979492,1.0,"Tema Community 7, Royal School",tabular,xgboost,h24,2026-01-04T23:00:00,2026-01-18T23:00:00,2026-02-15T23:00:00,,,42.0
2026-02-13 18:00:00,10.3,69.73492431640625,1.0,"Tema Community 7, Royal School",tabular,xgboost,h24,2026-01-04T23:00:00,2026-01-18T23:00:00,2026-02-15T23:00:00,,,42.0
2026-02-13 19:00:00,16.6,59.76573181152344,1.0,"Tema Community 7, Royal School",tabular,xgboost,h24,2026-01-04T23:00:00,2026-01-18T23:00:00,2026-02-15T23:00:00,,,42.0
2026-02-13 20:00:00,10.8,57.64259338378906,1.0,"Tema Community 7, Royal School",tabular,xgboost,h24,2026-01-04T23:00:00,2026-01-18T23:00:00,2026-02-15T23:00:00,,,42.0
2026-02-13 21:00:00,8.1,50.32334518432617,1.0,"Tema Community 7, Royal School",tabular,xgboost,h24,2026-01-04T23:00:00,2026-01-18T23:00:00,2026-02-15T23:00:00,,,42.0
2026-02-13 22:00:00,18.0,38.470436096191406,1.0,"Tema Community 7, Royal School",tabular,xgboost,h24,2026-01-04T23:00:00,2026-01-18T23:00:00,2026-02-15T23:00:00,,,42.0
2026-02-13 23:00:00,22.3,39.545440673828125,1.0,"Tema Community 7, Royal School",tabular,xgboost,h24,2026-01-04T23:00:00,2026-01-18T23:00:00,2026-02-15T23:00:00,,,42.0
2026-02-14 00:00:00,14.3,55.59861373901367,1.0,"Tema Community 7, Royal School",tabular,xgboost,h24,2026-01-04T23:00:00,2026-01-18T23:00:00,2026-02-15T23:00:00,,,42.0
2026-02-14 01:00:00,15.4,57.179134368896484,1.0,"Tema Community 7, Royal School",tabular,xgboost,h24,2026-01-04T23:00:00,2026-01-18T23:00:00,2026-02-15T23:00:00,,,42.0
2026-02-14 02:00:00,25.5,54.042396545410156,1.0,"Tema Community 7, Royal School",tabular,xgboost,h24,2026-01-04T23:00:00,2026-01-18T23:00:00,2026-02-15T23:00:00,,,42.0
2026-02-14 03:00:00,24.8,63.83858108520508,1.0,"Tema Community 7, Royal School",tabular,xgboost,h24,2026-01-04T23:00:00,2026-01-18T23:00:00,2026-02-15T23:00:00,,,42.0
2026-02-14 04:00:00,33.8,71.48714447021484,1.0,"Tema Community 7, Royal School",tabular,xgboost,h24,2026-01-04T23:00:00,2026-01-18T23:00:00,2026-02-15T23:00:00,,,42.0
2026-02-14 05:00:00,30.2,73.53726196289062,1.0,"Tema Community 7, Royal School",tabular,xgboost,h24,2026-01-04T23:00:00,2026-01-18T23:00:00,2026-02-15T23:00:00,,,42.0
2026-02-14 06:00:00,35.0,71.36351013183594,1.0,"Tema Community 7, Royal School",tabular,xgboost,h24,2026-01-04T23:00:00,2026-01-18T23:00:00,2026-02-15T23:00:00,,,42.0
2026-02-14 07:00:00,237.0,60.97509002685547,1.0,"Tema Community 7, Royal School",tabular,xgboost,h24,2026-01-04T23:00:00,2026-01-18T23:00:00,2026-02-15T23:00:00,,,42.0
2026-02-14 08:00:00,133.0,48.67509460449219,1.0,"Tema Community 7, Royal School",tabular,xgboost,h24,2026-01-04T23:00:00,2026-01-18T23:00:00,2026-02-15T23:00:00,,,42.0
2026-02-14 09:00:00,29.0,38.70341110229492,1.0,"Tema Community 7, Royal School",tabular,xgboost,h24,2026-01-04T23:00:00,2026-01-18T23:00:00,2026-02-15T23:00:00,,,42.0
2026-02-14 10:00:00,26.3,37.484947204589844,1.0,"Tema Community 7, Royal School",tabular,xgboost,h24,2026-01-04T23:00:00,2026-01-18T23:00:00,2026-02-15T23:00:00,,,42.0
2026-02-14 11:00:00,30.5,31.598674774169922,1.0,"Tema Community 7, Royal School",tabular,xgboost,h24,2026-01-04T23:00:00,2026-01-18T23:00:00,2026-02-15T23:00:00,,,42.0
2026-02-14 12:00:00,33.5,24.07349967956543,1.0,"Tema Community 7, Royal School",tabular,xgboost,h24,2026-01-04T23:00:00,2026-01-18T23:00:00,2026-02-15T23:00:00,,,42.0
2026-02-14 13:00:00,28.6,17.79417610168457,1.0,"Tema Community 7, Royal School",tabular,xgboost,h24,2026-01-04T23:00:00,2026-01-18T23:00:00,2026-02-15T23:00:00,,,42.0
2026-02-14 14:00:00,28.9,20.775320053100586,1.0,"Tema Community 7, Royal School",tabular,xgboost,h24,2026-01-04T23:00:00,2026-01-18T23:00:00,2026-02-15T23:00:00,,,42.0
2026-02-14 15:00:00,32.0,19.78305435180664,1.0,"Tema Community 7, Royal School",tabular,xgboost,h24,2026-01-04T23:00:00,2026-01-18T23:00:00,2026-02-15T23:00:00,,,42.0
2026-02-14 16:00:00,45.7,18.637521743774414,1.0,"Tema Community 7, Royal School",tabular,xgboost,h24,2026-01-04T23:00:00,2026-01-18T23:00:00,2026-02-15T23:00:00,,,42.0
2026-02-14 17:00:00,41.8,35.6889533996582,1.0,"Tema Community 7, Royal School",tabular,xgboost,h24,2026-01-04T23:00:00,2026-01-18T23:00:00,2026-02-15T23:00:00,,,42.0
2026-02-14 18:00:00,55.6,50.14111328125,1.0,"Tema Community 7, Royal School",tabular,xgboost,h24,2026-01-04T23:00:00,2026-01-18T23:00:00,2026-02-15T23:00:00,,,42.0
2026-02-14 19:00:00,65.4,61.07645797729492,1.0,"Tema Community 7, Royal School",tabular,xgboost,h24,2026-01-04T23:00:00,2026-01-18T23:00:00,2026-02-15T23:00:00,,,42.0
2026-02-14 20:00:00,70.3,55.77485656738281,1.0,"Tema Community 7, Royal School",tabular,xgboost,h24,2026-01-04T23:00:00,2026-01-18T23:00:00,2026-02-15T23:00:00,,,42.0
2026-02-14 21:00:00,71.0,57.09423065185547,1.0,"Tema Community 7, Royal School",tabular,xgboost,h24,2026-01-04T23:00:00,2026-01-18T23:00:00,2026-02-15T23:00:00,,,42.0
2026-02-14 22:00:00,53.8,47.25180435180664,1.0,"Tema Community 7, Royal School",tabular,xgboost,h24,2026-01-04T23:00:00,2026-01-18T23:00:00,2026-02-15T23:00:00,,,42.0
2026-02-14 23:00:00,47.7,52.851558685302734,1.0,"Tema Community 7, Royal School",tabular,xgboost,h24,2026-01-04T23:00:00,2026-01-18T23:00:00,2026-02-15T23:00:00,,,42.0
2026-02-15 00:00:00,40.2,77.34945678710938,1.0,"Tema Community 7, Royal School",tabular,xgboost,h24,2026-01-04T23:00:00,2026-01-18T23:00:00,2026-02-15T23:00:00,,,42.0
2026-02-15 01:00:00,41.0,66.01355743408203,1.0,"Tema Community 7, Royal School",tabular,xgboost,h24,2026-01-04T23:00:00,2026-01-18T23:00:00,2026-02-15T23:00:00,,,42.0
2026-02-15 02:00:00,44.5,62.912166595458984,1.0,"Tema Community 7, Royal School",tabular,xgboost,h24,2026-01-04T23:00:00,2026-01-18T23:00:00,2026-02-15T23:00:00,,,42.0
2026-02-15 03:00:00,40.6,71.7112808227539,1.0,"Tema Community 7, Royal School",tabular,xgboost,h24,2026-01-04T23:00:00,2026-01-18T23:00:00,2026-02-15T23:00:00,,,42.0
2026-02-15 04:00:00,43.0,84.42383575439453,1.0,"Tema Community 7, Royal School",tabular,xgboost,h24,2026-01-04T23:00:00,2026-01-18T23:00:00,2026-02-15T23:00:00,,,42.0
2026-02-15 05:00:00,52.4,79.66699981689453,1.0,"Tema Community 7, Royal School",tabular,xgboost,h24,2026-01-04T23:00:00,2026-01-18T23:00:00,2026-02-15T23:00:00,,,42.0
2026-02-15 06:00:00,75.4,75.91413879394531,1.0,"Tema Community 7, Royal School",tabular,xgboost,h24,2026-01-04T23:00:00,2026-01-18T23:00:00,2026-02-15T23:00:00,,,42.0
2026-02-15 07:00:00,39.6,78.5509033203125,1.0,"Tema Community 7, Royal School",tabular,xgboost,h24,2026-01-04T23:00:00,2026-01-18T23:00:00,2026-02-15T23:00:00,,,42.0
2026-02-15 08:00:00,28.9,67.67395782470703,1.0,"Tema Community 7, Royal School",tabular,xgboost,h24,2026-01-04T23:00:00,2026-01-18T23:00:00,2026-02-15T23:00:00,,,42.0
2026-02-15 09:00:00,21.7,52.21770095825195,1.0,"Tema Community 7, Royal School",tabular,xgboost,h24,2026-01-04T23:00:00,2026-01-18T23:00:00,2026-02-15T23:00:00,,,42.0
2026-02-15 10:00:00,29.3,49.98489761352539,1.0,"Tema Community 7, Royal School",tabular,xgboost,h24,2026-01-04T23:00:00,2026-01-18T23:00:00,2026-02-15T23:00:00,,,42.0
2026-02-15 11:00:00,16.8,46.94413757324219,1.0,"Tema Community 7, Royal School",tabular,xgboost,h24,2026-01-04T23:00:00,2026-01-18T23:00:00,2026-02-15T23:00:00,,,42.0
2026-02-15 12:00:00,9.0,33.480491638183594,1.0,"Tema Community 7, Royal School",tabular,xgboost,h24,2026-01-04T23:00:00,2026-01-18T23:00:00,2026-02-15T23:00:00,,,42.0
2026-02-15 13:00:00,5.8,25.322898864746094,1.0,"Tema Community 7, Royal School",tabular,xgboost,h24,2026-01-04T23:00:00,2026-01-18T23:00:00,2026-02-15T23:00:00,,,42.0
2026-02-15 14:00:00,4.2,21.201108932495117,1.0,"Tema Community 7, Royal School",tabular,xgboost,h24,2026-01-04T23:00:00,2026-01-18T23:00:00,2026-02-15T23:00:00,,,42.0
2026-02-15 15:00:00,7.6,29.53610610961914,1.0,"Tema Community 7, Royal School",tabular,xgboost,h24,2026-01-04T23:00:00,2026-01-18T23:00:00,2026-02-15T23:00:00,,,42.0
2026-02-15 16:00:00,7.0,28.06889533996582,1.0,"Tema Community 7, Royal School",tabular,xgboost,h24,2026-01-04T23:00:00,2026-01-18T23:00:00,2026-02-15T23:00:00,,,42.0
2026-02-15 17:00:00,7.1,35.69718551635742,1.0,"Tema Community 7, Royal School",tabular,xgboost,h24,2026-01-04T23:00:00,2026-01-18T23:00:00,2026-02-15T23:00:00,,,42.0
2026-02-15 18:00:00,9.7,48.90195083618164,1.0,"Tema Community 7, Royal School",tabular,xgboost,h24,2026-01-04T23:00:00,2026-01-18T23:00:00,2026-02-15T23:00:00,,,42.0
2026-02-15 19:00:00,12.2,60.0280647277832,1.0,"Tema Community 7, Royal School",tabular,xgboost,h24,2026-01-04T23:00:00,2026-01-18T23:00:00,2026-02-15T23:00:00,,,42.0
2026-02-15 20:00:00,18.2,61.9737434387207,1.0,"Tema Community 7, Royal School",tabular,xgboost,h24,2026-01-04T23:00:00,2026-01-18T23:00:00,2026-02-15T23:00:00,,,42.0
2026-02-15 21:00:00,23.0,56.91655731201172,1.0,"Tema Community 7, Royal School",tabular,xgboost,h24,2026-01-04T23:00:00,2026-01-18T23:00:00,2026-02-15T23:00:00,,,42.0
2026-02-15 22:00:00,10.8,54.3225212097168,1.0,"Tema Community 7, Royal School",tabular,xgboost,h24,2026-01-04T23:00:00,2026-01-18T23:00:00,2026-02-15T23:00:00,,,42.0
2026-02-15 23:00:00,38.1,62.20504379272461,1.0,"Tema Community 7, Royal School",tabular,xgboost,h24,2026-01-04T23:00:00,2026-01-18T23:00:00,2026-02-15T23:00:00,,,42.0
2026-01-18 23:00:00,40.2,49.656551361083984,1.0,Tema Port,tabular,xgboost,h24,2026-01-04T23:00:00,2026-01-18T23:00:00,2026-02-15T23:00:00,,,42.0
2026-01-19 00:00:00,46.8,58.899532318115234,1.0,Tema Port,tabular,xgboost,h24,2026-01-04T23:00:00,2026-01-18T23:00:00,2026-02-15T23:00:00,,,42.0
2026-01-19 01:00:00,51.2,55.2305908203125,1.0,Tema Port,tabular,xgboost,h24,2026-01-04T23:00:00,2026-01-18T23:00:00,2026-02-15T23:00:00,,,42.0
2026-01-19 02:00:00,54.0,54.15765380859375,1.0,Tema Port,tabular,xgboost,h24,2026-01-04T23:00:00,2026-01-18T23:00:00,2026-02-15T23:00:00,,,42.0
2026-01-19 03:00:00,45.1,52.910640716552734,1.0,Tema Port,tabular,xgboost,h24,2026-01-04T23:00:00,2026-01-18T23:00:00,2026-02-15T23:00:00,,,42.0
2026-01-19 04:00:00,43.0,53.51369857788086,1.0,Tema Port,tabular,xgboost,h24,2026-01-04T23:00:00,2026-01-18T23:00:00,2026-02-15T23:00:00,,,42.0
2026-01-19 05:00:00,50.4,57.57646560668945,1.0,Tema Port,tabular,xgboost,h24,2026-01-04T23:00:00,2026-01-18T23:00:00,2026-02-15T23:00:00,,,42.0
2026-01-19 06:00:00,56.5,64.14888000488281,1.0,Tema Port,tabular,xgboost,h24,2026-01-04T23:00:00,2026-01-18T23:00:00,2026-02-15T23:00:00,,,42.0
2026-01-19 07:00:00,72.6,53.349464416503906,1.0,Tema Port,tabular,xgboost,h24,2026-01-04T23:00:00,2026-01-18T23:00:00,2026-02-15T23:00:00,,,42.0
2026-01-19 08:00:00,107.2,53.374847412109375,1.0,Tema Port,tabular,xgboost,h24,2026-01-04T23:00:00,2026-01-18T23:00:00,2026-02-15T23:00:00,,,42.0
2026-01-19 09:00:00,71.0,49.17436218261719,1.0,Tema Port,tabular,xgboost,h24,2026-01-04T23:00:00,2026-01-18T23:00:00,2026-02-15T23:00:00,,,42.0
2026-01-19 10:00:00,38.0,42.10279846191406,1.0,Tema Port,tabular,xgboost,h24,2026-01-04T23:00:00,2026-01-18T23:00:00,2026-02-15T23:00:00,,,42.0
2026-01-19 11:00:00,37.3,38.498146057128906,1.0,Tema Port,tabular,xgboost,h24,2026-01-04T23:00:00,2026-01-18T23:00:00,2026-02-15T23:00:00,,,42.0
2026-01-19 12:00:00,35.6,36.22847366333008,1.0,Tema Port,tabular,xgboost,h24,2026-01-04T23:00:00,2026-01-18T23:00:00,2026-02-15T23:00:00,,,42.0
2026-01-19 13:00:00,33.9,39.80382537841797,1.0,Tema Port,tabular,xgboost,h24,2026-01-04T23:00:00,2026-01-18T23:00:00,2026-02-15T23:00:00,,,42.0
2026-01-19 14:00:00,34.0,40.80593490600586,1.0,Tema Port,tabular,xgboost,h24,2026-01-04T23:00:00,2026-01-18T23:00:00,2026-02-15T23:00:00,,,42.0
2026-01-19 15:00:00,38.3,36.16065979003906,1.0,Tema Port,tabular,xgboost,h24,2026-01-04T23:00:00,2026-01-18T23:00:00,2026-02-15T23:00:00,,,42.0
2026-01-19 16:00:00,36.9,36.44620895385742,1.0,Tema Port,tabular,xgboost,h24,2026-01-04T23:00:00,2026-01-18T23:00:00,2026-02-15T23:00:00,,,42.0
2026-01-19 17:00:00,41.0,34.49704360961914,1.0,Tema Port,tabular,xgboost,h24,2026-01-04T23:00:00,2026-01-18T23:00:00,2026-02-15T23:00:00,,,42.0
2026-01-19 18:00:00,58.3,39.56422805786133,1.0,Tema Port,tabular,xgboost,h24,2026-01-04T23:00:00,2026-01-18T23:00:00,2026-02-15T23:00:00,,,42.0
2026-01-19 19:00:00,35.2,48.45806884765625,1.0,Tema Port,tabular,xgboost,h24,2026-01-04T23:00:00,2026-01-18T23:00:00,2026-02-15T23:00:00,,,42.0
2026-01-19 20:00:00,34.2,45.20795822143555,1.0,Tema Port,tabular,xgboost,h24,2026-01-04T23:00:00,2026-01-18T23:00:00,2026-02-15T23:00:00,,,42.0
2026-01-19 21:00:00,36.8,48.47243881225586,1.0,Tema Port,tabular,xgboost,h24,2026-01-04T23:00:00,2026-01-18T23:00:00,2026-02-15T23:00:00,,,42.0
2026-01-19 22:00:00,32.4,51.59914779663086,1.0,Tema Port,tabular,xgboost,h24,2026-01-04T23:00:00,2026-01-18T23:00:00,2026-02-15T23:00:00,,,42.0
2026-01-19 23:00:00,31.4,44.90740203857422,1.0,Tema Port,tabular,xgboost,h24,2026-01-04T23:00:00,2026-01-18T23:00:00,2026-02-15T23:00:00,,,42.0
2026-01-20 00:00:00,32.6,53.87575149536133,1.0,Tema Port,tabular,xgboost,h24,2026-01-04T23:00:00,2026-01-18T23:00:00,2026-02-15T23:00:00,,,42.0
2026-01-20 01:00:00,29.9,49.64684295654297,1.0,Tema Port,tabular,xgboost,h24,2026-01-04T23:00:00,2026-01-18T23:00:00,2026-02-15T23:00:00,,,42.0
2026-01-20 02:00:00,33.3,52.82875442504883,1.0,Tema Port,tabular,xgboost,h24,2026-01-04T23:00:00,2026-01-18T23:00:00,2026-02-15T23:00:00,,,42.0
2026-01-20 03:00:00,38.6,57.11585998535156,1.0,Tema Port,tabular,xgboost,h24,2026-01-04T23:00:00,2026-01-18T23:00:00,2026-02-15T23:00:00,,,42.0
2026-01-20 04:00:00,38.7,62.15191650390625,1.0,Tema Port,tabular,xgboost,h24,2026-01-04T23:00:00,2026-01-18T23:00:00,2026-02-15T23:00:00,,,42.0
2026-01-20 05:00:00,36.8,58.121158599853516,1.0,Tema Port,tabular,xgboost,h24,2026-01-04T23:00:00,2026-01-18T23:00:00,2026-02-15T23:00:00,,,42.0
2026-01-20 06:00:00,44.7,60.5567512512207,1.0,Tema Port,tabular,xgboost,h24,2026-01-04T23:00:00,2026-01-18T23:00:00,2026-02-15T23:00:00,,,42.0
2026-01-20 07:00:00,50.7,57.85844802856445,1.0,Tema Port,tabular,xgboost,h24,2026-01-04T23:00:00,2026-01-18T23:00:00,2026-02-15T23:00:00,,,42.0
2026-01-20 08:00:00,40.2,58.485443115234375,1.0,Tema Port,tabular,xgboost,h24,2026-01-04T23:00:00,2026-01-18T23:00:00,2026-02-15T23:00:00,,,42.0
2026-01-20 09:00:00,36.9,47.69363021850586,1.0,Tema Port,tabular,xgboost,h24,2026-01-04T23:00:00,2026-01-18T23:00:00,2026-02-15T23:00:00,,,42.0
2026-01-20 10:00:00,35.5,42.012901306152344,1.0,Tema Port,tabular,xgboost,h24,2026-01-04T23:00:00,2026-01-18T23:00:00,2026-02-15T23:00:00,,,42.0
2026-01-20 11:00:00,34.6,40.619964599609375,1.0,Tema Port,tabular,xgboost,h24,2026-01-04T23:00:00,2026-01-18T23:00:00,2026-02-15T23:00:00,,,42.0
2026-01-20 12:00:00,31.3,35.21257400512695,1.0,Tema Port,tabular,xgboost,h24,2026-01-04T23:00:00,2026-01-18T23:00:00,2026-02-15T23:00:00,,,42.0
2026-01-20 13:00:00,25.0,28.780094146728516,1.0,Tema Port,tabular,xgboost,h24,2026-01-04T23:00:00,2026-01-18T23:00:00,2026-02-15T23:00:00,,,42.0
2026-01-20 14:00:00,26.2,26.979415893554688,1.0,Tema Port,tabular,xgboost,h24,2026-01-04T23:00:00,2026-01-18T23:00:00,2026-02-15T23:00:00,,,42.0
2026-01-20 15:00:00,33.8,36.44938278198242,1.0,Tema Port,tabular,xgboost,h24,2026-01-04T23:00:00,2026-01-18T23:00:00,2026-02-15T23:00:00,,,42.0
2026-01-20 16:00:00,25.5,39.44729995727539,1.0,Tema Port,tabular,xgboost,h24,2026-01-04T23:00:00,2026-01-18T23:00:00,2026-02-15T23:00:00,,,42.0
2026-01-20 17:00:00,30.8,42.18172073364258,1.0,Tema Port,tabular,xgboost,h24,2026-01-04T23:00:00,2026-01-18T23:00:00,2026-02-15T23:00:00,,,42.0
2026-01-20 18:00:00,27.8,45.3914680480957,1.0,Tema Port,tabular,xgboost,h24,2026-01-04T23:00:00,2026-01-18T23:00:00,2026-02-15T23:00:00,,,42.0
2026-01-20 19:00:00,35.0,55.798553466796875,1.0,Tema Port,tabular,xgboost,h24,2026-01-04T23:00:00,2026-01-18T23:00:00,2026-02-15T23:00:00,,,42.0
2026-01-20 20:00:00,33.8,46.77253341674805,1.0,Tema Port,tabular,xgboost,h24,2026-01-04T23:00:00,2026-01-18T23:00:00,2026-02-15T23:00:00,,,42.0
2026-01-20 21:00:00,34.8,49.40010452270508,1.0,Tema Port,tabular,xgboost,h24,2026-01-04T23:00:00,2026-01-18T23:00:00,2026-02-15T23:00:00,,,42.0
2026-01-20 22:00:00,14.9,42.98352813720703,1.0,Tema Port,tabular,xgboost,h24,2026-01-04T23:00:00,2026-01-18T23:00:00,2026-02-15T23:00:00,,,42.0
2026-01-20 23:00:00,9.0,52.011478424072266,1.0,Tema Port,tabular,xgboost,h24,2026-01-04T23:00:00,2026-01-18T23:00:00,2026-02-15T23:00:00,,,42.0
2026-01-21 00:00:00,9.1,51.27885437011719,1.0,Tema Port,tabular,xgboost,h24,2026-01-04T23:00:00,2026-01-18T23:00:00,2026-02-15T23:00:00,,,42.0
2026-01-21 01:00:00,21.2,49.89277267456055,1.0,Tema Port,tabular,xgboost,h24,2026-01-04T23:00:00,2026-01-18T23:00:00,2026-02-15T23:00:00,,,42.0
2026-01-21 02:00:00,22.4,44.68593978881836,1.0,Tema Port,tabular,xgboost,h24,2026-01-04T23:00:00,2026-01-18T23:00:00,2026-02-15T23:00:00,,,42.0
2026-01-21 03:00:00,27.5,42.659400939941406,1.0,Tema Port,tabular,xgboost,h24,2026-01-04T23:00:00,2026-01-18T23:00:00,2026-02-15T23:00:00,,,42.0
2026-01-21 04:00:00,38.6,57.04508972167969,1.0,Tema Port,tabular,xgboost,h24,2026-01-04T23:00:00,2026-01-18T23:00:00,2026-02-15T23:00:00,,,42.0
2026-01-21 05:00:00,48.3,62.61892318725586,1.0,Tema Port,tabular,xgboost,h24,2026-01-04T23:00:00,2026-01-18T23:00:00,2026-02-15T23:00:00,,,42.0
2026-01-21 06:00:00,57.1,59.842613220214844,1.0,Tema Port,tabular,xgboost,h24,2026-01-04T23:00:00,2026-01-18T23:00:00,2026-02-15T23:00:00,,,42.0
2026-01-21 07:00:00,51.0,54.39017105102539,1.0,Tema Port,tabular,xgboost,h24,2026-01-04T23:00:00,2026-01-18T23:00:00,2026-02-15T23:00:00,,,42.0
2026-01-21 08:00:00,39.6,48.77641296386719,1.0,Tema Port,tabular,xgboost,h24,2026-01-04T23:00:00,2026-01-18T23:00:00,2026-02-15T23:00:00,,,42.0
2026-01-21 09:00:00,29.6,48.644039154052734,1.0,Tema Port,tabular,xgboost,h24,2026-01-04T23:00:00,2026-01-18T23:00:00,2026-02-15T23:00:00,,,42.0
2026-01-21 10:00:00,36.1,44.52230453491211,1.0,Tema Port,tabular,xgboost,h24,2026-01-04T23:00:00,2026-01-18T23:00:00,2026-02-15T23:00:00,,,42.0
2026-01-21 11:00:00,42.5,45.3780517578125,1.0,Tema Port,tabular,xgboost,h24,2026-01-04T23:00:00,2026-01-18T23:00:00,2026-02-15T23:00:00,,,42.0
2026-01-21 12:00:00,34.2,36.2227668762207,1.0,Tema Port,tabular,xgboost,h24,2026-01-04T23:00:00,2026-01-18T23:00:00,2026-02-15T23:00:00,,,42.0
2026-01-21 13:00:00,25.2,46.58660125732422,1.0,Tema Port,tabular,xgboost,h24,2026-01-04T23:00:00,2026-01-18T23:00:00,2026-02-15T23:00:00,,,42.0
2026-01-21 14:00:00,28.9,52.79309844970703,1.0,Tema Port,tabular,xgboost,h24,2026-01-04T23:00:00,2026-01-18T23:00:00,2026-02-15T23:00:00,,,42.0
2026-01-21 15:00:00,26.5,46.28303146362305,1.0,Tema Port,tabular,xgboost,h24,2026-01-04T23:00:00,2026-01-18T23:00:00,2026-02-15T23:00:00,,,42.0
2026-01-21 16:00:00,32.1,42.436767578125,1.0,Tema Port,tabular,xgboost,h24,2026-01-04T23:00:00,2026-01-18T23:00:00,2026-02-15T23:00:00,,,42.0
2026-01-21 17:00:00,32.6,44.99568176269531,1.0,Tema Port,tabular,xgboost,h24,2026-01-04T23:00:00,2026-01-18T23:00:00,2026-02-15T23:00:00,,,42.0
2026-01-21 18:00:00,29.5,46.62620162963867,1.0,Tema Port,tabular,xgboost,h24,2026-01-04T23:00:00,2026-01-18T23:00:00,2026-02-15T23:00:00,,,42.0
2026-01-21 19:00:00,27.5,53.9370231628418,1.0,Tema Port,tabular,xgboost,h24,2026-01-04T23:00:00,2026-01-18T23:00:00,2026-02-15T23:00:00,,,42.0
2026-01-21 20:00:00,37.5,51.73716354370117,1.0,Tema Port,tabular,xgboost,h24,2026-01-04T23:00:00,2026-01-18T23:00:00,2026-02-15T23:00:00,,,42.0
2026-01-21 21:00:00,42.1,50.49833297729492,1.0,Tema Port,tabular,xgboost,h24,2026-01-04T23:00:00,2026-01-18T23:00:00,2026-02-15T23:00:00,,,42.0
2026-01-21 22:00:00,33.1,64.29629516601562,1.0,Tema Port,tabular,xgboost,h24,2026-01-04T23:00:00,2026-01-18T23:00:00,2026-02-15T23:00:00,,,42.0
2026-01-21 23:00:00,32.2,74.7249984741211,1.0,Tema Port,tabular,xgboost,h24,2026-01-04T23:00:00,2026-01-18T23:00:00,2026-02-15T23:00:00,,,42.0
2026-01-22 00:00:00,37.7,76.55948638916016,1.0,Tema Port,tabular,xgboost,h24,2026-01-04T23:00:00,2026-01-18T23:00:00,2026-02-15T23:00:00,,,42.0
2026-01-22 01:00:00,30.4,57.946258544921875,1.0,Tema Port,tabular,xgboost,h24,2026-01-04T23:00:00,2026-01-18T23:00:00,2026-02-15T23:00:00,,,42.0
2026-01-22 02:00:00,31.0,53.197471618652344,1.0,Tema Port,tabular,xgboost,h24,2026-01-04T23:00:00,2026-01-18T23:00:00,2026-02-15T23:00:00,,,42.0
2026-01-22 03:00:00,36.8,47.435394287109375,1.0,Tema Port,tabular,xgboost,h24,2026-01-04T23:00:00,2026-01-18T23:00:00,2026-02-15T23:00:00,,,42.0
2026-01-22 04:00:00,29.2,49.90678405761719,1.0,Tema Port,tabular,xgboost,h24,2026-01-04T23:00:00,2026-01-18T23:00:00,2026-02-15T23:00:00,,,42.0
2026-01-22 05:00:00,39.7,54.963531494140625,1.0,Tema Port,tabular,xgboost,h24,2026-01-04T23:00:00,2026-01-18T23:00:00,2026-02-15T23:00:00,,,42.0
2026-01-22 06:00:00,56.1,54.40240478515625,1.0,Tema Port,tabular,xgboost,h24,2026-01-04T23:00:00,2026-01-18T23:00:00,2026-02-15T23:00:00,,,42.0
2026-01-22 07:00:00,85.0,55.55501937866211,1.0,Tema Port,tabular,xgboost,h24,2026-01-04T23:00:00,2026-01-18T23:00:00,2026-02-15T23:00:00,,,42.0
2026-01-22 08:00:00,44.9,47.879859924316406,1.0,Tema Port,tabular,xgboost,h24,2026-01-04T23:00:00,2026-01-18T23:00:00,2026-02-15T23:00:00,,,42.0
2026-01-22 09:00:00,38.9,43.27470779418945,1.0,Tema Port,tabular,xgboost,h24,2026-01-04T23:00:00,2026-01-18T23:00:00,2026-02-15T23:00:00,,,42.0
2026-01-22 10:00:00,48.5,42.085426330566406,1.0,Tema Port,tabular,xgboost,h24,2026-01-04T23:00:00,2026-01-18T23:00:00,2026-02-15T23:00:00,,,42.0
2026-01-22 11:00:00,38.3,37.116233825683594,1.0,Tema Port,tabular,xgboost,h24,2026-01-04T23:00:00,2026-01-18T23:00:00,2026-02-15T23:00:00,,,42.0
2026-01-22 12:00:00,37.8,34.361629486083984,1.0,Tema Port,tabular,xgboost,h24,2026-01-04T23:00:00,2026-01-18T23:00:00,2026-02-15T23:00:00,,,42.0
2026-01-22 13:00:00,35.4,40.90615463256836,1.0,Tema Port,tabular,xgboost,h24,2026-01-04T23:00:00,2026-01-18T23:00:00,2026-02-15T23:00:00,,,42.0
2026-01-22 14:00:00,41.8,35.95442581176758,1.0,Tema Port,tabular,xgboost,h24,2026-01-04T23:00:00,2026-01-18T23:00:00,2026-02-15T23:00:00,,,42.0
2026-01-22 15:00:00,27.4,44.32455825805664,1.0,Tema Port,tabular,xgboost,h24,2026-01-04T23:00:00,2026-01-18T23:00:00,2026-02-15T23:00:00,,,42.0
2026-01-22 16:00:00,29.2,37.47435760498047,1.0,Tema Port,tabular,xgboost,h24,2026-01-04T23:00:00,2026-01-18T23:00:00,2026-02-15T23:00:00,,,42.0
2026-01-22 17:00:00,31.2,34.75437545776367,1.0,Tema Port,tabular,xgboost,h24,2026-01-04T23:00:00,2026-01-18T23:00:00,2026-02-15T23:00:00,,,42.0
2026-01-22 18:00:00,27.8,43.589656829833984,1.0,Tema Port,tabular,xgboost,h24,2026-01-04T23:00:00,2026-01-18T23:00:00,2026-02-15T23:00:00,,,42.0
2026-01-22 19:00:00,27.9,38.58870315551758,1.0,Tema Port,tabular,xgboost,h24,2026-01-04T23:00:00,2026-01-18T23:00:00,2026-02-15T23:00:00,,,42.0
2026-01-22 20:00:00,27.5,40.1672248840332,1.0,Tema Port,tabular,xgboost,h24,2026-01-04T23:00:00,2026-01-18T23:00:00,2026-02-15T23:00:00,,,42.0
2026-01-22 21:00:00,27.1,39.172523498535156,1.0,Tema Port,tabular,xgboost,h24,2026-01-04T23:00:00,2026-01-18T23:00:00,2026-02-15T23:00:00,,,42.0
2026-01-22 22:00:00,31.5,37.425411224365234,1.0,Tema Port,tabular,xgboost,h24,2026-01-04T23:00:00,2026-01-18T23:00:00,2026-02-15T23:00:00,,,42.0
2026-01-22 23:00:00,24.0,39.70915222167969,1.0,Tema Port,tabular,xgboost,h24,2026-01-04T23:00:00,2026-01-18T23:00:00,2026-02-15T23:00:00,,,42.0
2026-01-23 00:00:00,27.6,44.554229736328125,1.0,Tema Port,tabular,xgboost,h24,2026-01-04T23:00:00,2026-01-18T23:00:00,2026-02-15T23:00:00,,,42.0
2026-01-23 01:00:00,36.6,45.367069244384766,1.0,Tema Port,tabular,xgboost,h24,2026-01-04T23:00:00,2026-01-18T23:00:00,2026-02-15T23:00:00,,,42.0
2026-01-23 02:00:00,31.0,45.06020736694336,1.0,Tema Port,tabular,xgboost,h24,2026-01-04T23:00:00,2026-01-18T23:00:00,2026-02-15T23:00:00,,,42.0
2026-01-23 03:00:00,42.6,34.875953674316406,1.0,Tema Port,tabular,xgboost,h24,2026-01-04T23:00:00,2026-01-18T23:00:00,2026-02-15T23:00:00,,,42.0
2026-01-23 04:00:00,52.3,46.322593688964844,1.0,Tema Port,tabular,xgboost,h24,2026-01-04T23:00:00,2026-01-18T23:00:00,2026-02-15T23:00:00,,,42.0
2026-01-23 05:00:00,67.7,44.51252746582031,1.0,Tema Port,tabular,xgboost,h24,2026-01-04T23:00:00,2026-01-18T23:00:00,2026-02-15T23:00:00,,,42.0
2026-01-23 06:00:00,101.5,52.191322326660156,1.0,Tema Port,tabular,xgboost,h24,2026-01-04T23:00:00,2026-01-18T23:00:00,2026-02-15T23:00:00,,,42.0
2026-01-23 07:00:00,80.1,53.00387191772461,1.0,Tema Port,tabular,xgboost,h24,2026-01-04T23:00:00,2026-01-18T23:00:00,2026-02-15T23:00:00,,,42.0
2026-01-23 08:00:00,57.5,45.38813400268555,1.0,Tema Port,tabular,xgboost,h24,2026-01-04T23:00:00,2026-01-18T23:00:00,2026-02-15T23:00:00,,,42.0
2026-01-23 09:00:00,38.6,43.912132263183594,1.0,Tema Port,tabular,xgboost,h24,2026-01-04T23:00:00,2026-01-18T23:00:00,2026-02-15T23:00:00,,,42.0
2026-01-23 10:00:00,38.4,43.97174072265625,1.0,Tema Port,tabular,xgboost,h24,2026-01-04T23:00:00,2026-01-18T23:00:00,2026-02-15T23:00:00,,,42.0
2026-01-23 11:00:00,30.7,38.01696014404297,1.0,Tema Port,tabular,xgboost,h24,2026-01-04T23:00:00,2026-01-18T23:00:00,2026-02-15T23:00:00,,,42.0
2026-01-23 12:00:00,29.7,39.10969543457031,1.0,Tema Port,tabular,xgboost,h24,2026-01-04T23:00:00,2026-01-18T23:00:00,2026-02-15T23:00:00,,,42.0
2026-01-23 13:00:00,25.4,34.173545837402344,1.0,Tema Port,tabular,xgboost,h24,2026-01-04T23:00:00,2026-01-18T23:00:00,2026-02-15T23:00:00,,,42.0
2026-01-23 14:00:00,20.3,28.440826416015625,1.0,Tema Port,tabular,xgboost,h24,2026-01-04T23:00:00,2026-01-18T23:00:00,2026-02-15T23:00:00,,,42.0
2026-01-23 15:00:00,22.4,33.15452575683594,1.0,Tema Port,tabular,xgboost,h24,2026-01-04T23:00:00,2026-01-18T23:00:00,2026-02-15T23:00:00,,,42.0
2026-01-23 16:00:00,18.2,36.720619201660156,1.0,Tema Port,tabular,xgboost,h24,2026-01-04T23:00:00,2026-01-18T23:00:00,2026-02-15T23:00:00,,,42.0
2026-01-23 17:00:00,23.3,40.159950256347656,1.0,Tema Port,tabular,xgboost,h24,2026-01-04T23:00:00,2026-01-18T23:00:00,2026-02-15T23:00:00,,,42.0
2026-01-23 18:00:00,25.9,33.531227111816406,1.0,Tema Port,tabular,xgboost,h24,2026-01-04T23:00:00,2026-01-18T23:00:00,2026-02-15T23:00:00,,,42.0
2026-01-23 19:00:00,35.4,36.634681701660156,1.0,Tema Port,tabular,xgboost,h24,2026-01-04T23:00:00,2026-01-18T23:00:00,2026-02-15T23:00:00,,,42.0
2026-01-23 20:00:00,27.4,44.28974151611328,1.0,Tema Port,tabular,xgboost,h24,2026-01-04T23:00:00,2026-01-18T23:00:00,2026-02-15T23:00:00,,,42.0
2026-01-23 21:00:00,21.9,55.939369201660156,1.0,Tema Port,tabular,xgboost,h24,2026-01-04T23:00:00,2026-01-18T23:00:00,2026-02-15T23:00:00,,,42.0
2026-01-23 22:00:00,31.6,37.579105377197266,1.0,Tema Port,tabular,xgboost,h24,2026-01-04T23:00:00,2026-01-18T23:00:00,2026-02-15T23:00:00,,,42.0
2026-01-23 23:00:00,33.6,45.83102798461914,1.0,Tema Port,tabular,xgboost,h24,2026-01-04T23:00:00,2026-01-18T23:00:00,2026-02-15T23:00:00,,,42.0
2026-01-24 00:00:00,39.4,46.90416717529297,1.0,Tema Port,tabular,xgboost,h24,2026-01-04T23:00:00,2026-01-18T23:00:00,2026-02-15T23:00:00,,,42.0
2026-01-24 01:00:00,45.2,44.005859375,1.0,Tema Port,tabular,xgboost,h24,2026-01-04T23:00:00,2026-01-18T23:00:00,2026-02-15T23:00:00,,,42.0
2026-01-24 02:00:00,42.0,45.84408950805664,1.0,Tema Port,tabular,xgboost,h24,2026-01-04T23:00:00,2026-01-18T23:00:00,2026-02-15T23:00:00,,,42.0
2026-01-24 03:00:00,51.1,51.42953109741211,1.0,Tema Port,tabular,xgboost,h24,2026-01-04T23:00:00,2026-01-18T23:00:00,2026-02-15T23:00:00,,,42.0
2026-01-24 04:00:00,63.7,47.95270538330078,1.0,Tema Port,tabular,xgboost,h24,2026-01-04T23:00:00,2026-01-18T23:00:00,2026-02-15T23:00:00,,,42.0
2026-01-24 05:00:00,60.2,54.16917419433594,1.0,Tema Port,tabular,xgboost,h24,2026-01-04T23:00:00,2026-01-18T23:00:00,2026-02-15T23:00:00,,,42.0
2026-01-24 06:00:00,48.9,59.6012077331543,1.0,Tema Port,tabular,xgboost,h24,2026-01-04T23:00:00,2026-01-18T23:00:00,2026-02-15T23:00:00,,,42.0
2026-01-24 07:00:00,60.9,45.96780014038086,1.0,Tema Port,tabular,xgboost,h24,2026-01-04T23:00:00,2026-01-18T23:00:00,2026-02-15T23:00:00,,,42.0
2026-01-24 08:00:00,45.9,43.82192611694336,1.0,Tema Port,tabular,xgboost,h24,2026-01-04T23:00:00,2026-01-18T23:00:00,2026-02-15T23:00:00,,,42.0
2026-01-24 09:00:00,39.0,36.36785888671875,1.0,Tema Port,tabular,xgboost,h24,2026-01-04T23:00:00,2026-01-18T23:00:00,2026-02-15T23:00:00,,,42.0
2026-01-24 10:00:00,39.2,35.9410514831543,1.0,Tema Port,tabular,xgboost,h24,2026-01-04T23:00:00,2026-01-18T23:00:00,2026-02-15T23:00:00,,,42.0
2026-01-24 11:00:00,35.9,40.637577056884766,1.0,Tema Port,tabular,xgboost,h24,2026-01-04T23:00:00,2026-01-18T23:00:00,2026-02-15T23:00:00,,,42.0
2026-01-24 12:00:00,26.0,33.932655334472656,1.0,Tema Port,tabular,xgboost,h24,2026-01-04T23:00:00,2026-01-18T23:00:00,2026-02-15T23:00:00,,,42.0
2026-01-24 13:00:00,27.8,32.787837982177734,1.0,Tema Port,tabular,xgboost,h24,2026-01-04T23:00:00,2026-01-18T23:00:00,2026-02-15T23:00:00,,,42.0
2026-01-24 14:00:00,24.3,41.977210998535156,1.0,Tema Port,tabular,xgboost,h24,2026-01-04T23:00:00,2026-01-18T23:00:00,2026-02-15T23:00:00,,,42.0
2026-01-24 15:00:00,24.0,49.363609313964844,1.0,Tema Port,tabular,xgboost,h24,2026-01-04T23:00:00,2026-01-18T23:00:00,2026-02-15T23:00:00,,,42.0
2026-01-24 16:00:00,24.9,36.93796157836914,1.0,Tema Port,tabular,xgboost,h24,2026-01-04T23:00:00,2026-01-18T23:00:00,2026-02-15T23:00:00,,,42.0
2026-01-24 17:00:00,25.5,37.23188781738281,1.0,Tema Port,tabular,xgboost,h24,2026-01-04T23:00:00,2026-01-18T23:00:00,2026-02-15T23:00:00,,,42.0
2026-01-24 18:00:00,29.4,30.59844207763672,1.0,Tema Port,tabular,xgboost,h24,2026-01-04T23:00:00,2026-01-18T23:00:00,2026-02-15T23:00:00,,,42.0
2026-01-24 19:00:00,28.1,44.512916564941406,1.0,Tema Port,tabular,xgboost,h24,2026-01-04T23:00:00,2026-01-18T23:00:00,2026-02-15T23:00:00,,,42.0
2026-01-24 20:00:00,30.0,43.39957046508789,1.0,Tema Port,tabular,xgboost,h24,2026-01-04T23:00:00,2026-01-18T23:00:00,2026-02-15T23:00:00,,,42.0
2026-01-24 21:00:00,27.5,55.0386848449707,1.0,Tema Port,tabular,xgboost,h24,2026-01-04T23:00:00,2026-01-18T23:00:00,2026-02-15T23:00:00,,,42.0
2026-01-24 22:00:00,30.8,45.27888488769531,1.0,Tema Port,tabular,xgboost,h24,2026-01-04T23:00:00,2026-01-18T23:00:00,2026-02-15T23:00:00,,,42.0
2026-01-24 23:00:00,34.3,40.061222076416016,1.0,Tema Port,tabular,xgboost,h24,2026-01-04T23:00:00,2026-01-18T23:00:00,2026-02-15T23:00:00,,,42.0
2026-01-25 00:00:00,31.1,43.88189697265625,1.0,Tema Port,tabular,xgboost,h24,2026-01-04T23:00:00,2026-01-18T23:00:00,2026-02-15T23:00:00,,,42.0
2026-01-25 01:00:00,30.0,45.039398193359375,1.0,Tema Port,tabular,xgboost,h24,2026-01-04T23:00:00,2026-01-18T23:00:00,2026-02-15T23:00:00,,,42.0
2026-01-25 02:00:00,33.8,43.142333984375,1.0,Tema Port,tabular,xgboost,h24,2026-01-04T23:00:00,2026-01-18T23:00:00,2026-02-15T23:00:00,,,42.0
2026-01-25 03:00:00,33.3,44.90312576293945,1.0,Tema Port,tabular,xgboost,h24,2026-01-04T23:00:00,2026-01-18T23:00:00,2026-02-15T23:00:00,,,42.0
2026-01-25 04:00:00,41.8,47.71861267089844,1.0,Tema Port,tabular,xgboost,h24,2026-01-04T23:00:00,2026-01-18T23:00:00,2026-02-15T23:00:00,,,42.0
2026-01-25 05:00:00,41.6,46.781593322753906,1.0,Tema Port,tabular,xgboost,h24,2026-01-04T23:00:00,2026-01-18T23:00:00,2026-02-15T23:00:00,,,42.0
2026-01-25 06:00:00,42.3,57.148197174072266,1.0,Tema Port,tabular,xgboost,h24,2026-01-04T23:00:00,2026-01-18T23:00:00,2026-02-15T23:00:00,,,42.0
2026-01-25 07:00:00,61.7,48.93431091308594,1.0,Tema Port,tabular,xgboost,h24,2026-01-04T23:00:00,2026-01-18T23:00:00,2026-02-15T23:00:00,,,42.0
2026-01-25 08:00:00,43.5,36.80088424682617,1.0,Tema Port,tabular,xgboost,h24,2026-01-04T23:00:00,2026-01-18T23:00:00,2026-02-15T23:00:00,,,42.0
2026-01-25 09:00:00,39.1,38.31839370727539,1.0,Tema Port,tabular,xgboost,h24,2026-01-04T23:00:00,2026-01-18T23:00:00,2026-02-15T23:00:00,,,42.0
2026-01-25 10:00:00,44.1,39.84718322753906,1.0,Tema Port,tabular,xgboost,h24,2026-01-04T23:00:00,2026-01-18T23:00:00,2026-02-15T23:00:00,,,42.0
2026-01-25 11:00:00,49.4,43.925960540771484,1.0,Tema Port,tabular,xgboost,h24,2026-01-04T23:00:00,2026-01-18T23:00:00,2026-02-15T23:00:00,,,42.0
2026-01-25 12:00:00,38.4,45.63976287841797,1.0,Tema Port,tabular,xgboost,h24,2026-01-04T23:00:00,2026-01-18T23:00:00,2026-02-15T23:00:00,,,42.0
2026-01-25 13:00:00,36.0,28.345211029052734,1.0,Tema Port,tabular,xgboost,h24,2026-01-04T23:00:00,2026-01-18T23:00:00,2026-02-15T23:00:00,,,42.0
2026-01-25 14:00:00,33.2,26.506874084472656,1.0,Tema Port,tabular,xgboost,h24,2026-01-04T23:00:00,2026-01-18T23:00:00,2026-02-15T23:00:00,,,42.0
2026-01-25 15:00:00,32.9,34.11898422241211,1.0,Tema Port,tabular,xgboost,h24,2026-01-04T23:00:00,2026-01-18T23:00:00,2026-02-15T23:00:00,,,42.0
2026-01-25 16:00:00,28.7,37.948177337646484,1.0,Tema Port,tabular,xgboost,h24,2026-01-04T23:00:00,2026-01-18T23:00:00,2026-02-15T23:00:00,,,42.0
2026-01-25 17:00:00,30.9,43.35713577270508,1.0,Tema Port,tabular,xgboost,h24,2026-01-04T23:00:00,2026-01-18T23:00:00,2026-02-15T23:00:00,,,42.0
2026-01-25 18:00:00,34.8,29.877946853637695,1.0,Tema Port,tabular,xgboost,h24,2026-01-04T23:00:00,2026-01-18T23:00:00,2026-02-15T23:00:00,,,42.0
2026-01-25 19:00:00,31.1,45.0350341796875,1.0,Tema Port,tabular,xgboost,h24,2026-01-04T23:00:00,2026-01-18T23:00:00,2026-02-15T23:00:00,,,42.0
2026-01-25 20:00:00,31.4,50.47568130493164,1.0,Tema Port,tabular,xgboost,h24,2026-01-04T23:00:00,2026-01-18T23:00:00,2026-02-15T23:00:00,,,42.0
2026-01-25 21:00:00,32.9,46.002357482910156,1.0,Tema Port,tabular,xgboost,h24,2026-01-04T23:00:00,2026-01-18T23:00:00,2026-02-15T23:00:00,,,42.0
2026-01-25 22:00:00,33.1,44.89595413208008,1.0,Tema Port,tabular,xgboost,h24,2026-01-04T23:00:00,2026-01-18T23:00:00,2026-02-15T23:00:00,,,42.0
2026-01-25 23:00:00,44.9,46.317588806152344,1.0,Tema Port,tabular,xgboost,h24,2026-01-04T23:00:00,2026-01-18T23:00:00,2026-02-15T23:00:00,,,42.0
2026-01-26 00:00:00,51.9,53.63430404663086,1.0,Tema Port,tabular,xgboost,h24,2026-01-04T23:00:00,2026-01-18T23:00:00,2026-02-15T23:00:00,,,42.0
2026-01-26 01:00:00,43.1,44.44462585449219,1.0,Tema Port,tabular,xgboost,h24,2026-01-04T23:00:00,2026-01-18T23:00:00,2026-02-15T23:00:00,,,42.0
2026-01-26 02:00:00,40.7,51.50333786010742,1.0,Tema Port,tabular,xgboost,h24,2026-01-04T23:00:00,2026-01-18T23:00:00,2026-02-15T23:00:00,,,42.0
2026-01-26 03:00:00,52.1,49.29825973510742,1.0,Tema Port,tabular,xgboost,h24,2026-01-04T23:00:00,2026-01-18T23:00:00,2026-02-15T23:00:00,,,42.0
2026-01-26 04:00:00,48.6,48.82453536987305,1.0,Tema Port,tabular,xgboost,h24,2026-01-04T23:00:00,2026-01-18T23:00:00,2026-02-15T23:00:00,,,42.0
2026-01-26 05:00:00,49.0,57.251617431640625,1.0,Tema Port,tabular,xgboost,h24,2026-01-04T23:00:00,2026-01-18T23:00:00,2026-02-15T23:00:00,,,42.0
2026-01-26 06:00:00,52.0,61.90431594848633,1.0,Tema Port,tabular,xgboost,h24,2026-01-04T23:00:00,2026-01-18T23:00:00,2026-02-15T23:00:00,,,42.0
2026-01-26 07:00:00,48.5,57.76045227050781,1.0,Tema Port,tabular,xgboost,h24,2026-01-04T23:00:00,2026-01-18T23:00:00,2026-02-15T23:00:00,,,42.0
2026-01-26 08:00:00,45.5,46.861812591552734,1.0,Tema Port,tabular,xgboost,h24,2026-01-04T23:00:00,2026-01-18T23:00:00,2026-02-15T23:00:00,,,42.0
2026-01-26 09:00:00,40.2,39.935279846191406,1.0,Tema Port,tabular,xgboost,h24,2026-01-04T23:00:00,2026-01-18T23:00:00,2026-02-15T23:00:00,,,42.0
2026-01-26 10:00:00,43.6,40.29526901245117,1.0,Tema Port,tabular,xgboost,h24,2026-01-04T23:00:00,2026-01-18T23:00:00,2026-02-15T23:00:00,,,42.0
2026-01-26 11:00:00,45.0,34.68680953979492,1.0,Tema Port,tabular,xgboost,h24,2026-01-04T23:00:00,2026-01-18T23:00:00,2026-02-15T23:00:00,,,42.0
2026-01-26 12:00:00,39.9,33.31975173950195,1.0,Tema Port,tabular,xgboost,h24,2026-01-04T23:00:00,2026-01-18T23:00:00,2026-02-15T23:00:00,,,42.0
2026-01-26 13:00:00,36.3,32.395973205566406,1.0,Tema Port,tabular,xgboost,h24,2026-01-04T23:00:00,2026-01-18T23:00:00,2026-02-15T23:00:00,,,42.0
2026-01-26 14:00:00,33.2,38.63262176513672,1.0,Tema Port,tabular,xgboost,h24,2026-01-04T23:00:00,2026-01-18T23:00:00,2026-02-15T23:00:00,,,42.0
2026-01-26 15:00:00,31.5,25.79323959350586,1.0,Tema Port,tabular,xgboost,h24,2026-01-04T23:00:00,2026-01-18T23:00:00,2026-02-15T23:00:00,,,42.0
2026-01-26 16:00:00,32.8,31.512672424316406,1.0,Tema Port,tabular,xgboost,h24,2026-01-04T23:00:00,2026-01-18T23:00:00,2026-02-15T23:00:00,,,42.0
2026-01-26 17:00:00,35.1,39.191741943359375,1.0,Tema Port,tabular,xgboost,h24,2026-01-04T23:00:00,2026-01-18T23:00:00,2026-02-15T23:00:00,,,42.0
2026-01-26 18:00:00,36.7,37.856109619140625,1.0,Tema Port,tabular,xgboost,h24,2026-01-04T23:00:00,2026-01-18T23:00:00,2026-02-15T23:00:00,,,42.0
2026-01-26 19:00:00,36.4,30.90530014038086,1.0,Tema Port,tabular,xgboost,h24,2026-01-04T23:00:00,2026-01-18T23:00:00,2026-02-15T23:00:00,,,42.0
2026-01-26 20:00:00,33.5,39.743465423583984,1.0,Tema Port,tabular,xgboost,h24,2026-01-04T23:00:00,2026-01-18T23:00:00,2026-02-15T23:00:00,,,42.0
2026-01-26 21:00:00,34.0,47.39689254760742,1.0,Tema Port,tabular,xgboost,h24,2026-01-04T23:00:00,2026-01-18T23:00:00,2026-02-15T23:00:00,,,42.0
2026-01-26 22:00:00,35.9,61.3892707824707,1.0,Tema Port,tabular,xgboost,h24,2026-01-04T23:00:00,2026-01-18T23:00:00,2026-02-15T23:00:00,,,42.0
2026-01-26 23:00:00,42.1,59.5530891418457,1.0,Tema Port,tabular,xgboost,h24,2026-01-04T23:00:00,2026-01-18T23:00:00,2026-02-15T23:00:00,,,42.0
2026-01-27 00:00:00,60.6,48.68893814086914,1.0,Tema Port,tabular,xgboost,h24,2026-01-04T23:00:00,2026-01-18T23:00:00,2026-02-15T23:00:00,,,42.0
2026-01-27 01:00:00,46.5,43.81119918823242,1.0,Tema Port,tabular,xgboost,h24,2026-01-04T23:00:00,2026-01-18T23:00:00,2026-02-15T23:00:00,,,42.0
2026-01-27 02:00:00,55.1,44.8444938659668,1.0,Tema Port,tabular,xgboost,h24,2026-01-04T23:00:00,2026-01-18T23:00:00,2026-02-15T23:00:00,,,42.0
2026-01-27 03:00:00,57.5,51.4335823059082,1.0,Tema Port,tabular,xgboost,h24,2026-01-04T23:00:00,2026-01-18T23:00:00,2026-02-15T23:00:00,,,42.0
2026-01-27 04:00:00,55.9,61.18727111816406,1.0,Tema Port,tabular,xgboost,h24,2026-01-04T23:00:00,2026-01-18T23:00:00,2026-02-15T23:00:00,,,42.0
2026-01-27 05:00:00,53.4,58.640384674072266,1.0,Tema Port,tabular,xgboost,h24,2026-01-04T23:00:00,2026-01-18T23:00:00,2026-02-15T23:00:00,,,42.0
2026-01-27 06:00:00,48.3,69.51860046386719,1.0,Tema Port,tabular,xgboost,h24,2026-01-04T23:00:00,2026-01-18T23:00:00,2026-02-15T23:00:00,,,42.0
2026-01-27 07:00:00,64.9,65.3788070678711,1.0,Tema Port,tabular,xgboost,h24,2026-01-04T23:00:00,2026-01-18T23:00:00,2026-02-15T23:00:00,,,42.0
2026-01-27 08:00:00,44.6,49.553688049316406,1.0,Tema Port,tabular,xgboost,h24,2026-01-04T23:00:00,2026-01-18T23:00:00,2026-02-15T23:00:00,,,42.0
2026-01-27 09:00:00,45.5,46.47939682006836,1.0,Tema Port,tabular,xgboost,h24,2026-01-04T23:00:00,2026-01-18T23:00:00,2026-02-15T23:00:00,,,42.0
2026-01-27 10:00:00,49.1,39.88841247558594,1.0,Tema Port,tabular,xgboost,h24,2026-01-04T23:00:00,2026-01-18T23:00:00,2026-02-15T23:00:00,,,42.0
2026-01-27 11:00:00,50.4,36.56881332397461,1.0,Tema Port,tabular,xgboost,h24,2026-01-04T23:00:00,2026-01-18T23:00:00,2026-02-15T23:00:00,,,42.0
2026-01-27 12:00:00,47.0,37.15108108520508,1.0,Tema Port,tabular,xgboost,h24,2026-01-04T23:00:00,2026-01-18T23:00:00,2026-02-15T23:00:00,,,42.0
2026-01-27 13:00:00,38.9,36.96258544921875,1.0,Tema Port,tabular,xgboost,h24,2026-01-04T23:00:00,2026-01-18T23:00:00,2026-02-15T23:00:00,,,42.0
2026-01-27 14:00:00,37.0,34.14500045776367,1.0,Tema Port,tabular,xgboost,h24,2026-01-04T23:00:00,2026-01-18T23:00:00,2026-02-15T23:00:00,,,42.0
2026-01-27 15:00:00,36.8,29.784093856811523,1.0,Tema Port,tabular,xgboost,h24,2026-01-04T23:00:00,2026-01-18T23:00:00,2026-02-15T23:00:00,,,42.0
2026-01-27 16:00:00,41.3,33.45497512817383,1.0,Tema Port,tabular,xgboost,h24,2026-01-04T23:00:00,2026-01-18T23:00:00,2026-02-15T23:00:00,,,42.0
2026-01-27 17:00:00,38.4,39.617069244384766,1.0,Tema Port,tabular,xgboost,h24,2026-01-04T23:00:00,2026-01-18T23:00:00,2026-02-15T23:00:00,,,42.0
2026-01-27 18:00:00,38.2,32.055686950683594,1.0,Tema Port,tabular,xgboost,h24,2026-01-04T23:00:00,2026-01-18T23:00:00,2026-02-15T23:00:00,,,42.0
2026-01-27 19:00:00,43.6,45.15348815917969,1.0,Tema Port,tabular,xgboost,h24,2026-01-04T23:00:00,2026-01-18T23:00:00,2026-02-15T23:00:00,,,42.0
2026-01-27 20:00:00,36.5,42.29414749145508,1.0,Tema Port,tabular,xgboost,h24,2026-01-04T23:00:00,2026-01-18T23:00:00,2026-02-15T23:00:00,,,42.0
2026-01-27 21:00:00,36.7,37.0766716003418,1.0,Tema Port,tabular,xgboost,h24,2026-01-04T23:00:00,2026-01-18T23:00:00,2026-02-15T23:00:00,,,42.0
2026-01-27 22:00:00,38.6,39.14996337890625,1.0,Tema Port,tabular,xgboost,h24,2026-01-04T23:00:00,2026-01-18T23:00:00,2026-02-15T23:00:00,,,42.0
2026-01-27 23:00:00,44.0,32.80671310424805,1.0,Tema Port,tabular,xgboost,h24,2026-01-04T23:00:00,2026-01-18T23:00:00,2026-02-15T23:00:00,,,42.0
2026-01-28 00:00:00,42.3,38.0091552734375,1.0,Tema Port,tabular,xgboost,h24,2026-01-04T23:00:00,2026-01-18T23:00:00,2026-02-15T23:00:00,,,42.0
2026-01-28 01:00:00,43.2,46.57547378540039,1.0,Tema Port,tabular,xgboost,h24,2026-01-04T23:00:00,2026-01-18T23:00:00,2026-02-15T23:00:00,,,42.0
2026-01-28 02:00:00,45.1,47.90011215209961,1.0,Tema Port,tabular,xgboost,h24,2026-01-04T23:00:00,2026-01-18T23:00:00,2026-02-15T23:00:00,,,42.0
2026-01-28 03:00:00,46.2,54.73149108886719,1.0,Tema Port,tabular,xgboost,h24,2026-01-04T23:00:00,2026-01-18T23:00:00,2026-02-15T23:00:00,,,42.0
2026-01-28 04:00:00,53.6,55.84972381591797,1.0,Tema Port,tabular,xgboost,h24,2026-01-04T23:00:00,2026-01-18T23:00:00,2026-02-15T23:00:00,,,42.0
2026-01-28 05:00:00,50.2,61.569522857666016,1.0,Tema Port,tabular,xgboost,h24,2026-01-04T23:00:00,2026-01-18T23:00:00,2026-02-15T23:00:00,,,42.0
2026-01-28 06:00:00,76.9,62.95916748046875,1.0,Tema Port,tabular,xgboost,h24,2026-01-04T23:00:00,2026-01-18T23:00:00,2026-02-15T23:00:00,,,42.0
2026-01-28 07:00:00,55.7,56.15558624267578,1.0,Tema Port,tabular,xgboost,h24,2026-01-04T23:00:00,2026-01-18T23:00:00,2026-02-15T23:00:00,,,42.0
2026-01-28 08:00:00,56.9,51.9909553527832,1.0,Tema Port,tabular,xgboost,h24,2026-01-04T23:00:00,2026-01-18T23:00:00,2026-02-15T23:00:00,,,42.0
2026-01-28 09:00:00,51.7,49.34440612792969,1.0,Tema Port,tabular,xgboost,h24,2026-01-04T23:00:00,2026-01-18T23:00:00,2026-02-15T23:00:00,,,42.0
2026-01-28 10:00:00,49.5,43.65045166015625,1.0,Tema Port,tabular,xgboost,h24,2026-01-04T23:00:00,2026-01-18T23:00:00,2026-02-15T23:00:00,,,42.0
2026-01-28 11:00:00,59.8,44.435203552246094,1.0,Tema Port,tabular,xgboost,h24,2026-01-04T23:00:00,2026-01-18T23:00:00,2026-02-15T23:00:00,,,42.0
2026-01-28 12:00:00,56.0,41.33641052246094,1.0,Tema Port,tabular,xgboost,h24,2026-01-04T23:00:00,2026-01-18T23:00:00,2026-02-15T23:00:00,,,42.0
2026-01-28 13:00:00,51.3,33.59713363647461,1.0,Tema Port,tabular,xgboost,h24,2026-01-04T23:00:00,2026-01-18T23:00:00,2026-02-15T23:00:00,,,42.0
2026-01-28 14:00:00,47.3,38.062496185302734,1.0,Tema Port,tabular,xgboost,h24,2026-01-04T23:00:00,2026-01-18T23:00:00,2026-02-15T23:00:00,,,42.0
2026-01-28 15:00:00,40.9,36.27037048339844,1.0,Tema Port,tabular,xgboost,h24,2026-01-04T23:00:00,2026-01-18T23:00:00,2026-02-15T23:00:00,,,42.0
2026-01-28 16:00:00,40.2,37.73209762573242,1.0,Tema Port,tabular,xgboost,h24,2026-01-04T23:00:00,2026-01-18T23:00:00,2026-02-15T23:00:00,,,42.0
2026-01-28 17:00:00,42.9,30.05754280090332,1.0,Tema Port,tabular,xgboost,h24,2026-01-04T23:00:00,2026-01-18T23:00:00,2026-02-15T23:00:00,,,42.0
2026-01-28 18:00:00,44.9,29.533164978027344,1.0,Tema Port,tabular,xgboost,h24,2026-01-04T23:00:00,2026-01-18T23:00:00,2026-02-15T23:00:00,,,42.0
2026-01-28 19:00:00,43.8,32.40373992919922,1.0,Tema Port,tabular,xgboost,h24,2026-01-04T23:00:00,2026-01-18T23:00:00,2026-02-15T23:00:00,,,42.0
2026-01-28 20:00:00,42.2,33.294124603271484,1.0,Tema Port,tabular,xgboost,h24,2026-01-04T23:00:00,2026-01-18T23:00:00,2026-02-15T23:00:00,,,42.0
2026-01-28 21:00:00,42.8,28.153934478759766,1.0,Tema Port,tabular,xgboost,h24,2026-01-04T23:00:00,2026-01-18T23:00:00,2026-02-15T23:00:00,,,42.0
2026-01-28 22:00:00,44.7,41.346397399902344,1.0,Tema Port,tabular,xgboost,h24,2026-01-04T23:00:00,2026-01-18T23:00:00,2026-02-15T23:00:00,,,42.0
2026-01-28 23:00:00,51.0,43.32154083251953,1.0,Tema Port,tabular,xgboost,h24,2026-01-04T23:00:00,2026-01-18T23:00:00,2026-02-15T23:00:00,,,42.0
2026-01-29 00:00:00,59.0,50.74849319458008,1.0,Tema Port,tabular,xgboost,h24,2026-01-04T23:00:00,2026-01-18T23:00:00,2026-02-15T23:00:00,,,42.0
2026-01-29 01:00:00,48.8,43.90721893310547,1.0,Tema Port,tabular,xgboost,h24,2026-01-04T23:00:00,2026-01-18T23:00:00,2026-02-15T23:00:00,,,42.0
2026-01-29 02:00:00,48.6,43.36541748046875,1.0,Tema Port,tabular,xgboost,h24,2026-01-04T23:00:00,2026-01-18T23:00:00,2026-02-15T23:00:00,,,42.0
2026-01-29 03:00:00,49.7,54.48995590209961,1.0,Tema Port,tabular,xgboost,h24,2026-01-04T23:00:00,2026-01-18T23:00:00,2026-02-15T23:00:00,,,42.0
2026-01-29 04:00:00,53.0,46.822113037109375,1.0,Tema Port,tabular,xgboost,h24,2026-01-04T23:00:00,2026-01-18T23:00:00,2026-02-15T23:00:00,,,42.0
2026-01-29 05:00:00,53.6,57.25814437866211,1.0,Tema Port,tabular,xgboost,h24,2026-01-04T23:00:00,2026-01-18T23:00:00,2026-02-15T23:00:00,,,42.0
2026-01-29 06:00:00,67.7,56.754478454589844,1.0,Tema Port,tabular,xgboost,h24,2026-01-04T23:00:00,2026-01-18T23:00:00,2026-02-15T23:00:00,,,42.0
2026-01-29 07:00:00,53.1,61.86238479614258,1.0,Tema Port,tabular,xgboost,h24,2026-01-04T23:00:00,2026-01-18T23:00:00,2026-02-15T23:00:00,,,42.0
2026-01-29 08:00:00,65.1,52.33671188354492,1.0,Tema Port,tabular,xgboost,h24,2026-01-04T23:00:00,2026-01-18T23:00:00,2026-02-15T23:00:00,,,42.0
2026-01-29 09:00:00,57.4,50.75821304321289,1.0,Tema Port,tabular,xgboost,h24,2026-01-04T23:00:00,2026-01-18T23:00:00,2026-02-15T23:00:00,,,42.0
2026-01-29 10:00:00,58.9,45.92499542236328,1.0,Tema Port,tabular,xgboost,h24,2026-01-04T23:00:00,2026-01-18T23:00:00,2026-02-15T23:00:00,,,42.0
2026-01-29 11:00:00,55.3,51.34172439575195,1.0,Tema Port,tabular,xgboost,h24,2026-01-04T23:00:00,2026-01-18T23:00:00,2026-02-15T23:00:00,,,42.0
2026-01-29 12:00:00,50.9,41.917999267578125,1.0,Tema Port,tabular,xgboost,h24,2026-01-04T23:00:00,2026-01-18T23:00:00,2026-02-15T23:00:00,,,42.0
2026-01-29 13:00:00,41.4,37.288063049316406,1.0,Tema Port,tabular,xgboost,h24,2026-01-04T23:00:00,2026-01-18T23:00:00,2026-02-15T23:00:00,,,42.0
2026-01-29 14:00:00,41.4,35.77540969848633,1.0,Tema Port,tabular,xgboost,h24,2026-01-04T23:00:00,2026-01-18T23:00:00,2026-02-15T23:00:00,,,42.0
2026-01-29 15:00:00,41.2,39.6464958190918,1.0,Tema Port,tabular,xgboost,h24,2026-01-04T23:00:00,2026-01-18T23:00:00,2026-02-15T23:00:00,,,42.0
2026-01-29 16:00:00,42.3,32.37810134887695,1.0,Tema Port,tabular,xgboost,h24,2026-01-04T23:00:00,2026-01-18T23:00:00,2026-02-15T23:00:00,,,42.0
2026-01-29 17:00:00,42.4,40.38162612915039,1.0,Tema Port,tabular,xgboost,h24,2026-01-04T23:00:00,2026-01-18T23:00:00,2026-02-15T23:00:00,,,42.0
2026-01-29 18:00:00,43.7,48.983787536621094,1.0,Tema Port,tabular,xgboost,h24,2026-01-04T23:00:00,2026-01-18T23:00:00,2026-02-15T23:00:00,,,42.0
2026-01-29 19:00:00,38.7,35.15399169921875,1.0,Tema Port,tabular,xgboost,h24,2026-01-04T23:00:00,2026-01-18T23:00:00,2026-02-15T23:00:00,,,42.0
2026-01-29 20:00:00,39.3,44.142669677734375,1.0,Tema Port,tabular,xgboost,h24,2026-01-04T23:00:00,2026-01-18T23:00:00,2026-02-15T23:00:00,,,42.0
2026-01-29 21:00:00,38.6,37.50128936767578,1.0,Tema Port,tabular,xgboost,h24,2026-01-04T23:00:00,2026-01-18T23:00:00,2026-02-15T23:00:00,,,42.0
2026-01-29 22:00:00,40.3,42.3536262512207,1.0,Tema Port,tabular,xgboost,h24,2026-01-04T23:00:00,2026-01-18T23:00:00,2026-02-15T23:00:00,,,42.0
2026-01-29 23:00:00,38.6,43.708038330078125,1.0,Tema Port,tabular,xgboost,h24,2026-01-04T23:00:00,2026-01-18T23:00:00,2026-02-15T23:00:00,,,42.0
2026-01-30 00:00:00,41.1,50.38167190551758,1.0,Tema Port,tabular,xgboost,h24,2026-01-04T23:00:00,2026-01-18T23:00:00,2026-02-15T23:00:00,,,42.0
2026-01-30 01:00:00,40.3,48.620758056640625,1.0,Tema Port,tabular,xgboost,h24,2026-01-04T23:00:00,2026-01-18T23:00:00,2026-02-15T23:00:00,,,42.0
2026-01-30 02:00:00,43.3,51.21257781982422,1.0,Tema Port,tabular,xgboost,h24,2026-01-04T23:00:00,2026-01-18T23:00:00,2026-02-15T23:00:00,,,42.0
2026-01-30 03:00:00,56.5,50.88550567626953,1.0,Tema Port,tabular,xgboost,h24,2026-01-04T23:00:00,2026-01-18T23:00:00,2026-02-15T23:00:00,,,42.0
2026-01-30 04:00:00,47.8,50.39805221557617,1.0,Tema Port,tabular,xgboost,h24,2026-01-04T23:00:00,2026-01-18T23:00:00,2026-02-15T23:00:00,,,42.0
2026-01-30 05:00:00,51.1,50.63947677612305,1.0,Tema Port,tabular,xgboost,h24,2026-01-04T23:00:00,2026-01-18T23:00:00,2026-02-15T23:00:00,,,42.0
2026-01-30 06:00:00,59.4,65.26935577392578,1.0,Tema Port,tabular,xgboost,h24,2026-01-04T23:00:00,2026-01-18T23:00:00,2026-02-15T23:00:00,,,42.0
2026-01-30 07:00:00,49.0,51.425376892089844,1.0,Tema Port,tabular,xgboost,h24,2026-01-04T23:00:00,2026-01-18T23:00:00,2026-02-15T23:00:00,,,42.0
2026-01-30 08:00:00,44.3,47.83688735961914,1.0,Tema Port,tabular,xgboost,h24,2026-01-04T23:00:00,2026-01-18T23:00:00,2026-02-15T23:00:00,,,42.0
2026-01-30 09:00:00,43.5,47.929012298583984,1.0,Tema Port,tabular,xgboost,h24,2026-01-04T23:00:00,2026-01-18T23:00:00,2026-02-15T23:00:00,,,42.0
2026-01-30 10:00:00,44.1,51.08534240722656,1.0,Tema Port,tabular,xgboost,h24,2026-01-04T23:00:00,2026-01-18T23:00:00,2026-02-15T23:00:00,,,42.0
2026-01-30 11:00:00,45.2,50.360321044921875,1.0,Tema Port,tabular,xgboost,h24,2026-01-04T23:00:00,2026-01-18T23:00:00,2026-02-15T23:00:00,,,42.0
2026-01-30 12:00:00,48.2,51.394344329833984,1.0,Tema Port,tabular,xgboost,h24,2026-01-04T23:00:00,2026-01-18T23:00:00,2026-02-15T23:00:00,,,42.0
2026-01-30 13:00:00,40.0,58.60019302368164,1.0,Tema Port,tabular,xgboost,h24,2026-01-04T23:00:00,2026-01-18T23:00:00,2026-02-15T23:00:00,,,42.0
2026-01-30 14:00:00,39.1,47.78684997558594,1.0,Tema Port,tabular,xgboost,h24,2026-01-04T23:00:00,2026-01-18T23:00:00,2026-02-15T23:00:00,,,42.0
2026-01-30 15:00:00,36.8,44.91299819946289,1.0,Tema Port,tabular,xgboost,h24,2026-01-04T23:00:00,2026-01-18T23:00:00,2026-02-15T23:00:00,,,42.0
2026-01-30 16:00:00,38.2,44.609073638916016,1.0,Tema Port,tabular,xgboost,h24,2026-01-04T23:00:00,2026-01-18T23:00:00,2026-02-15T23:00:00,,,42.0
2026-01-30 17:00:00,71.2,43.73666763305664,1.0,Tema Port,tabular,xgboost,h24,2026-01-04T23:00:00,2026-01-18T23:00:00,2026-02-15T23:00:00,,,42.0
2026-01-30 18:00:00,59.0,57.54939651489258,1.0,Tema Port,tabular,xgboost,h24,2026-01-04T23:00:00,2026-01-18T23:00:00,2026-02-15T23:00:00,,,42.0
2026-01-30 19:00:00,38.6,50.68645095825195,1.0,Tema Port,tabular,xgboost,h24,2026-01-04T23:00:00,2026-01-18T23:00:00,2026-02-15T23:00:00,,,42.0
2026-01-30 20:00:00,73.5,46.038692474365234,1.0,Tema Port,tabular,xgboost,h24,2026-01-04T23:00:00,2026-01-18T23:00:00,2026-02-15T23:00:00,,,42.0
2026-01-30 21:00:00,40.9,42.36699676513672,1.0,Tema Port,tabular,xgboost,h24,2026-01-04T23:00:00,2026-01-18T23:00:00,2026-02-15T23:00:00,,,42.0
2026-01-30 22:00:00,38.9,44.75209426879883,1.0,Tema Port,tabular,xgboost,h24,2026-01-04T23:00:00,2026-01-18T23:00:00,2026-02-15T23:00:00,,,42.0
2026-01-30 23:00:00,40.5,46.97866439819336,1.0,Tema Port,tabular,xgboost,h24,2026-01-04T23:00:00,2026-01-18T23:00:00,2026-02-15T23:00:00,,,42.0
2026-01-31 00:00:00,42.3,51.65932083129883,1.0,Tema Port,tabular,xgboost,h24,2026-01-04T23:00:00,2026-01-18T23:00:00,2026-02-15T23:00:00,,,42.0
2026-01-31 01:00:00,39.9,50.2489013671875,1.0,Tema Port,tabular,xgboost,h24,2026-01-04T23:00:00,2026-01-18T23:00:00,2026-02-15T23:00:00,,,42.0
2026-01-31 02:00:00,41.4,48.900753021240234,1.0,Tema Port,tabular,xgboost,h24,2026-01-04T23:00:00,2026-01-18T23:00:00,2026-02-15T23:00:00,,,42.0
2026-01-31 03:00:00,44.8,58.620155334472656,1.0,Tema Port,tabular,xgboost,h24,2026-01-04T23:00:00,2026-01-18T23:00:00,2026-02-15T23:00:00,,,42.0
2026-01-31 04:00:00,45.5,61.03583908081055,1.0,Tema Port,tabular,xgboost,h24,2026-01-04T23:00:00,2026-01-18T23:00:00,2026-02-15T23:00:00,,,42.0
2026-01-31 05:00:00,42.6,67.1253662109375,1.0,Tema Port,tabular,xgboost,h24,2026-01-04T23:00:00,2026-01-18T23:00:00,2026-02-15T23:00:00,,,42.0
2026-01-31 06:00:00,50.2,65.9107666015625,1.0,Tema Port,tabular,xgboost,h24,2026-01-04T23:00:00,2026-01-18T23:00:00,2026-02-15T23:00:00,,,42.0
2026-01-31 07:00:00,50.7,63.409217834472656,1.0,Tema Port,tabular,xgboost,h24,2026-01-04T23:00:00,2026-01-18T23:00:00,2026-02-15T23:00:00,,,42.0
2026-01-31 08:00:00,48.7,49.31512451171875,1.0,Tema Port,tabular,xgboost,h24,2026-01-04T23:00:00,2026-01-18T23:00:00,2026-02-15T23:00:00,,,42.0
2026-01-31 09:00:00,64.0,45.0185546875,1.0,Tema Port,tabular,xgboost,h24,2026-01-04T23:00:00,2026-01-18T23:00:00,2026-02-15T23:00:00,,,42.0
2026-01-31 10:00:00,47.6,44.660404205322266,1.0,Tema Port,tabular,xgboost,h24,2026-01-04T23:00:00,2026-01-18T23:00:00,2026-02-15T23:00:00,,,42.0
2026-01-31 11:00:00,36.5,51.24848556518555,1.0,Tema Port,tabular,xgboost,h24,2026-01-04T23:00:00,2026-01-18T23:00:00,2026-02-15T23:00:00,,,42.0
2026-01-31 12:00:00,32.6,48.25175094604492,1.0,Tema Port,tabular,xgboost,h24,2026-01-04T23:00:00,2026-01-18T23:00:00,2026-02-15T23:00:00,,,42.0
2026-01-31 13:00:00,32.5,51.380157470703125,1.0,Tema Port,tabular,xgboost,h24,2026-01-04T23:00:00,2026-01-18T23:00:00,2026-02-15T23:00:00,,,42.0
2026-01-31 14:00:00,32.4,48.25513458251953,1.0,Tema Port,tabular,xgboost,h24,2026-01-04T23:00:00,2026-01-18T23:00:00,2026-02-15T23:00:00,,,42.0
2026-01-31 15:00:00,33.8,49.74803161621094,1.0,Tema Port,tabular,xgboost,h24,2026-01-04T23:00:00,2026-01-18T23:00:00,2026-02-15T23:00:00,,,42.0
2026-01-31 16:00:00,32.0,49.11717987060547,1.0,Tema Port,tabular,xgboost,h24,2026-01-04T23:00:00,2026-01-18T23:00:00,2026-02-15T23:00:00,,,42.0
2026-01-31 17:00:00,36.2,53.07838821411133,1.0,Tema Port,tabular,xgboost,h24,2026-01-04T23:00:00,2026-01-18T23:00:00,2026-02-15T23:00:00,,,42.0
2026-01-31 18:00:00,33.5,49.43915939331055,1.0,Tema Port,tabular,xgboost,h24,2026-01-04T23:00:00,2026-01-18T23:00:00,2026-02-15T23:00:00,,,42.0
2026-01-31 19:00:00,37.8,54.49620819091797,1.0,Tema Port,tabular,xgboost,h24,2026-01-04T23:00:00,2026-01-18T23:00:00,2026-02-15T23:00:00,,,42.0
2026-01-31 20:00:00,40.2,50.98657989501953,1.0,Tema Port,tabular,xgboost,h24,2026-01-04T23:00:00,2026-01-18T23:00:00,2026-02-15T23:00:00,,,42.0
2026-01-31 21:00:00,33.5,50.68574142456055,1.0,Tema Port,tabular,xgboost,h24,2026-01-04T23:00:00,2026-01-18T23:00:00,2026-02-15T23:00:00,,,42.0
2026-01-31 22:00:00,32.0,53.84076690673828,1.0,Tema Port,tabular,xgboost,h24,2026-01-04T23:00:00,2026-01-18T23:00:00,2026-02-15T23:00:00,,,42.0
2026-01-31 23:00:00,44.7,55.042137145996094,1.0,Tema Port,tabular,xgboost,h24,2026-01-04T23:00:00,2026-01-18T23:00:00,2026-02-15T23:00:00,,,42.0
2026-02-01 00:00:00,37.4,54.12276077270508,1.0,Tema Port,tabular,xgboost,h24,2026-01-04T23:00:00,2026-01-18T23:00:00,2026-02-15T23:00:00,,,42.0
2026-02-01 01:00:00,34.8,54.097084045410156,1.0,Tema Port,tabular,xgboost,h24,2026-01-04T23:00:00,2026-01-18T23:00:00,2026-02-15T23:00:00,,,42.0
2026-02-01 02:00:00,31.5,55.928829193115234,1.0,Tema Port,tabular,xgboost,h24,2026-01-04T23:00:00,2026-01-18T23:00:00,2026-02-15T23:00:00,,,42.0
2026-02-01 03:00:00,29.9,60.369468688964844,1.0,Tema Port,tabular,xgboost,h24,2026-01-04T23:00:00,2026-01-18T23:00:00,2026-02-15T23:00:00,,,42.0
2026-02-01 04:00:00,32.1,57.302188873291016,1.0,Tema Port,tabular,xgboost,h24,2026-01-04T23:00:00,2026-01-18T23:00:00,2026-02-15T23:00:00,,,42.0
2026-02-01 05:00:00,80.6,61.116207122802734,1.0,Tema Port,tabular,xgboost,h24,2026-01-04T23:00:00,2026-01-18T23:00:00,2026-02-15T23:00:00,,,42.0
2026-02-01 06:00:00,43.0,75.9919204711914,1.0,Tema Port,tabular,xgboost,h24,2026-01-04T23:00:00,2026-01-18T23:00:00,2026-02-15T23:00:00,,,42.0
2026-02-01 07:00:00,54.9,57.42027282714844,1.0,Tema Port,tabular,xgboost,h24,2026-01-04T23:00:00,2026-01-18T23:00:00,2026-02-15T23:00:00,,,42.0
2026-02-01 08:00:00,64.6,53.691429138183594,1.0,Tema Port,tabular,xgboost,h24,2026-01-04T23:00:00,2026-01-18T23:00:00,2026-02-15T23:00:00,,,42.0
2026-02-01 09:00:00,51.1,43.423744201660156,1.0,Tema Port,tabular,xgboost,h24,2026-01-04T23:00:00,2026-01-18T23:00:00,2026-02-15T23:00:00,,,42.0
2026-02-01 10:00:00,35.4,45.937652587890625,1.0,Tema Port,tabular,xgboost,h24,2026-01-04T23:00:00,2026-01-18T23:00:00,2026-02-15T23:00:00,,,42.0
2026-02-01 11:00:00,31.9,51.52254104614258,1.0,Tema Port,tabular,xgboost,h24,2026-01-04T23:00:00,2026-01-18T23:00:00,2026-02-15T23:00:00,,,42.0
2026-02-01 12:00:00,28.7,52.614437103271484,1.0,Tema Port,tabular,xgboost,h24,2026-01-04T23:00:00,2026-01-18T23:00:00,2026-02-15T23:00:00,,,42.0
2026-02-01 13:00:00,27.2,42.278133392333984,1.0,Tema Port,tabular,xgboost,h24,2026-01-04T23:00:00,2026-01-18T23:00:00,2026-02-15T23:00:00,,,42.0
2026-02-01 14:00:00,27.4,43.458553314208984,1.0,Tema Port,tabular,xgboost,h24,2026-01-04T23:00:00,2026-01-18T23:00:00,2026-02-15T23:00:00,,,42.0
2026-02-01 15:00:00,29.3,40.596187591552734,1.0,Tema Port,tabular,xgboost,h24,2026-01-04T23:00:00,2026-01-18T23:00:00,2026-02-15T23:00:00,,,42.0
2026-02-01 16:00:00,29.5,42.951011657714844,1.0,Tema Port,tabular,xgboost,h24,2026-01-04T23:00:00,2026-01-18T23:00:00,2026-02-15T23:00:00,,,42.0
2026-02-01 17:00:00,29.9,44.68377685546875,1.0,Tema Port,tabular,xgboost,h24,2026-01-04T23:00:00,2026-01-18T23:00:00,2026-02-15T23:00:00,,,42.0
2026-02-01 18:00:00,34.7,48.77204132080078,1.0,Tema Port,tabular,xgboost,h24,2026-01-04T23:00:00,2026-01-18T23:00:00,2026-02-15T23:00:00,,,42.0
2026-02-01 19:00:00,28.7,47.23569107055664,1.0,Tema Port,tabular,xgboost,h24,2026-01-04T23:00:00,2026-01-18T23:00:00,2026-02-15T23:00:00,,,42.0
2026-02-01 20:00:00,28.4,49.79350662231445,1.0,Tema Port,tabular,xgboost,h24,2026-01-04T23:00:00,2026-01-18T23:00:00,2026-02-15T23:00:00,,,42.0
2026-02-01 21:00:00,29.7,55.45415115356445,1.0,Tema Port,tabular,xgboost,h24,2026-01-04T23:00:00,2026-01-18T23:00:00,2026-02-15T23:00:00,,,42.0
2026-02-01 22:00:00,25.6,54.80557632446289,1.0,Tema Port,tabular,xgboost,h24,2026-01-04T23:00:00,2026-01-18T23:00:00,2026-02-15T23:00:00,,,42.0
2026-02-01 23:00:00,26.5,51.20896911621094,1.0,Tema Port,tabular,xgboost,h24,2026-01-04T23:00:00,2026-01-18T23:00:00,2026-02-15T23:00:00,,,42.0
2026-02-02 00:00:00,33.7,55.926666259765625,1.0,Tema Port,tabular,xgboost,h24,2026-01-04T23:00:00,2026-01-18T23:00:00,2026-02-15T23:00:00,,,42.0
2026-02-02 01:00:00,31.4,60.75144577026367,1.0,Tema Port,tabular,xgboost,h24,2026-01-04T23:00:00,2026-01-18T23:00:00,2026-02-15T23:00:00,,,42.0
2026-02-02 02:00:00,30.3,57.23848342895508,1.0,Tema Port,tabular,xgboost,h24,2026-01-04T23:00:00,2026-01-18T23:00:00,2026-02-15T23:00:00,,,42.0
2026-02-02 03:00:00,36.8,59.934261322021484,1.0,Tema Port,tabular,xgboost,h24,2026-01-04T23:00:00,2026-01-18T23:00:00,2026-02-15T23:00:00,,,42.0
2026-02-02 04:00:00,43.1,59.05265426635742,1.0,Tema Port,tabular,xgboost,h24,2026-01-04T23:00:00,2026-01-18T23:00:00,2026-02-15T23:00:00,,,42.0
2026-02-02 05:00:00,39.9,67.1230697631836,1.0,Tema Port,tabular,xgboost,h24,2026-01-04T23:00:00,2026-01-18T23:00:00,2026-02-15T23:00:00,,,42.0
2026-02-02 06:00:00,45.6,79.72826385498047,1.0,Tema Port,tabular,xgboost,h24,2026-01-04T23:00:00,2026-01-18T23:00:00,2026-02-15T23:00:00,,,42.0
2026-02-02 07:00:00,57.7,61.825836181640625,1.0,Tema Port,tabular,xgboost,h24,2026-01-04T23:00:00,2026-01-18T23:00:00,2026-02-15T23:00:00,,,42.0
2026-02-02 08:00:00,72.9,55.918426513671875,1.0,Tema Port,tabular,xgboost,h24,2026-01-04T23:00:00,2026-01-18T23:00:00,2026-02-15T23:00:00,,,42.0
2026-02-02 09:00:00,62.0,42.57909393310547,1.0,Tema Port,tabular,xgboost,h24,2026-01-04T23:00:00,2026-01-18T23:00:00,2026-02-15T23:00:00,,,42.0
2026-02-02 10:00:00,51.5,53.52936935424805,1.0,Tema Port,tabular,xgboost,h24,2026-01-04T23:00:00,2026-01-18T23:00:00,2026-02-15T23:00:00,,,42.0
2026-02-02 11:00:00,33.1,52.456336975097656,1.0,Tema Port,tabular,xgboost,h24,2026-01-04T23:00:00,2026-01-18T23:00:00,2026-02-15T23:00:00,,,42.0
2026-02-02 12:00:00,30.1,47.645362854003906,1.0,Tema Port,tabular,xgboost,h24,2026-01-04T23:00:00,2026-01-18T23:00:00,2026-02-15T23:00:00,,,42.0
2026-02-02 13:00:00,29.1,43.41950988769531,1.0,Tema Port,tabular,xgboost,h24,2026-01-04T23:00:00,2026-01-18T23:00:00,2026-02-15T23:00:00,,,42.0
2026-02-02 14:00:00,31.4,42.769927978515625,1.0,Tema Port,tabular,xgboost,h24,2026-01-04T23:00:00,2026-01-18T23:00:00,2026-02-15T23:00:00,,,42.0
2026-02-02 15:00:00,31.6,41.137454986572266,1.0,Tema Port,tabular,xgboost,h24,2026-01-04T23:00:00,2026-01-18T23:00:00,2026-02-15T23:00:00,,,42.0
2026-02-02 16:00:00,34.5,49.287479400634766,1.0,Tema Port,tabular,xgboost,h24,2026-01-04T23:00:00,2026-01-18T23:00:00,2026-02-15T23:00:00,,,42.0
2026-02-02 17:00:00,34.2,51.31188201904297,1.0,Tema Port,tabular,xgboost,h24,2026-01-04T23:00:00,2026-01-18T23:00:00,2026-02-15T23:00:00,,,42.0
2026-02-02 18:00:00,36.7,54.559085845947266,1.0,Tema Port,tabular,xgboost,h24,2026-01-04T23:00:00,2026-01-18T23:00:00,2026-02-15T23:00:00,,,42.0
2026-02-02 19:00:00,32.1,59.93626403808594,1.0,Tema Port,tabular,xgboost,h24,2026-01-04T23:00:00,2026-01-18T23:00:00,2026-02-15T23:00:00,,,42.0
2026-02-02 20:00:00,38.5,54.90132141113281,1.0,Tema Port,tabular,xgboost,h24,2026-01-04T23:00:00,2026-01-18T23:00:00,2026-02-15T23:00:00,,,42.0
2026-02-02 21:00:00,40.0,50.48535919189453,1.0,Tema Port,tabular,xgboost,h24,2026-01-04T23:00:00,2026-01-18T23:00:00,2026-02-15T23:00:00,,,42.0
2026-02-02 22:00:00,42.4,59.37637710571289,1.0,Tema Port,tabular,xgboost,h24,2026-01-04T23:00:00,2026-01-18T23:00:00,2026-02-15T23:00:00,,,42.0
2026-02-02 23:00:00,45.5,66.31809997558594,1.0,Tema Port,tabular,xgboost,h24,2026-01-04T23:00:00,2026-01-18T23:00:00,2026-02-15T23:00:00,,,42.0
2026-02-03 00:00:00,67.3,56.79174041748047,1.0,Tema Port,tabular,xgboost,h24,2026-01-04T23:00:00,2026-01-18T23:00:00,2026-02-15T23:00:00,,,42.0
2026-02-03 01:00:00,52.5,61.1741943359375,1.0,Tema Port,tabular,xgboost,h24,2026-01-04T23:00:00,2026-01-18T23:00:00,2026-02-15T23:00:00,,,42.0
2026-02-03 02:00:00,48.2,69.35501861572266,1.0,Tema Port,tabular,xgboost,h24,2026-01-04T23:00:00,2026-01-18T23:00:00,2026-02-15T23:00:00,,,42.0
2026-02-03 03:00:00,52.3,69.88526916503906,1.0,Tema Port,tabular,xgboost,h24,2026-01-04T23:00:00,2026-01-18T23:00:00,2026-02-15T23:00:00,,,42.0
2026-02-03 04:00:00,44.1,70.3152847290039,1.0,Tema Port,tabular,xgboost,h24,2026-01-04T23:00:00,2026-01-18T23:00:00,2026-02-15T23:00:00,,,42.0
2026-02-03 05:00:00,62.3,72.6636962890625,1.0,Tema Port,tabular,xgboost,h24,2026-01-04T23:00:00,2026-01-18T23:00:00,2026-02-15T23:00:00,,,42.0
2026-02-03 06:00:00,62.1,69.08094787597656,1.0,Tema Port,tabular,xgboost,h24,2026-01-04T23:00:00,2026-01-18T23:00:00,2026-02-15T23:00:00,,,42.0
2026-02-03 07:00:00,55.4,67.71277618408203,1.0,Tema Port,tabular,xgboost,h24,2026-01-04T23:00:00,2026-01-18T23:00:00,2026-02-15T23:00:00,,,42.0
2026-02-03 08:00:00,38.1,48.38612365722656,1.0,Tema Port,tabular,xgboost,h24,2026-01-04T23:00:00,2026-01-18T23:00:00,2026-02-15T23:00:00,,,42.0
2026-02-03 09:00:00,33.5,47.48986053466797,1.0,Tema Port,tabular,xgboost,h24,2026-01-04T23:00:00,2026-01-18T23:00:00,2026-02-15T23:00:00,,,42.0
2026-02-03 10:00:00,38.4,46.98847579956055,1.0,Tema Port,tabular,xgboost,h24,2026-01-04T23:00:00,2026-01-18T23:00:00,2026-02-15T23:00:00,,,42.0
2026-02-03 11:00:00,48.3,45.60476303100586,1.0,Tema Port,tabular,xgboost,h24,2026-01-04T23:00:00,2026-01-18T23:00:00,2026-02-15T23:00:00,,,42.0
2026-02-03 12:00:00,41.1,46.476097106933594,1.0,Tema Port,tabular,xgboost,h24,2026-01-04T23:00:00,2026-01-18T23:00:00,2026-02-15T23:00:00,,,42.0
2026-02-03 13:00:00,30.7,46.665306091308594,1.0,Tema Port,tabular,xgboost,h24,2026-01-04T23:00:00,2026-01-18T23:00:00,2026-02-15T23:00:00,,,42.0
2026-02-03 14:00:00,41.5,47.4348030090332,1.0,Tema Port,tabular,xgboost,h24,2026-01-04T23:00:00,2026-01-18T23:00:00,2026-02-15T23:00:00,,,42.0
2026-02-03 15:00:00,34.8,44.3953857421875,1.0,Tema Port,tabular,xgboost,h24,2026-01-04T23:00:00,2026-01-18T23:00:00,2026-02-15T23:00:00,,,42.0
2026-02-03 16:00:00,35.4,44.531803131103516,1.0,Tema Port,tabular,xgboost,h24,2026-01-04T23:00:00,2026-01-18T23:00:00,2026-02-15T23:00:00,,,42.0
2026-02-03 17:00:00,34.4,54.9256591796875,1.0,Tema Port,tabular,xgboost,h24,2026-01-04T23:00:00,2026-01-18T23:00:00,2026-02-15T23:00:00,,,42.0
2026-02-03 18:00:00,42.5,62.132362365722656,1.0,Tema Port,tabular,xgboost,h24,2026-01-04T23:00:00,2026-01-18T23:00:00,2026-02-15T23:00:00,,,42.0
2026-02-03 19:00:00,64.0,62.950843811035156,1.0,Tema Port,tabular,xgboost,h24,2026-01-04T23:00:00,2026-01-18T23:00:00,2026-02-15T23:00:00,,,42.0
2026-02-03 20:00:00,67.9,55.96299362182617,1.0,Tema Port,tabular,xgboost,h24,2026-01-04T23:00:00,2026-01-18T23:00:00,2026-02-15T23:00:00,,,42.0
2026-02-03 21:00:00,82.5,53.80137634277344,1.0,Tema Port,tabular,xgboost,h24,2026-01-04T23:00:00,2026-01-18T23:00:00,2026-02-15T23:00:00,,,42.0
2026-02-03 22:00:00,59.6,50.99259567260742,1.0,Tema Port,tabular,xgboost,h24,2026-01-04T23:00:00,2026-01-18T23:00:00,2026-02-15T23:00:00,,,42.0
2026-02-03 23:00:00,50.0,59.63831329345703,1.0,Tema Port,tabular,xgboost,h24,2026-01-04T23:00:00,2026-01-18T23:00:00,2026-02-15T23:00:00,,,42.0
2026-02-04 00:00:00,73.3,71.91570281982422,1.0,Tema Port,tabular,xgboost,h24,2026-01-04T23:00:00,2026-01-18T23:00:00,2026-02-15T23:00:00,,,42.0
2026-02-04 01:00:00,50.8,81.87112426757812,1.0,Tema Port,tabular,xgboost,h24,2026-01-04T23:00:00,2026-01-18T23:00:00,2026-02-15T23:00:00,,,42.0
2026-02-04 02:00:00,47.1,78.32994079589844,1.0,Tema Port,tabular,xgboost,h24,2026-01-04T23:00:00,2026-01-18T23:00:00,2026-02-15T23:00:00,,,42.0
2026-02-04 03:00:00,94.2,75.20980834960938,1.0,Tema Port,tabular,xgboost,h24,2026-01-04T23:00:00,2026-01-18T23:00:00,2026-02-15T23:00:00,,,42.0
2026-02-04 04:00:00,87.4,70.81085968017578,1.0,Tema Port,tabular,xgboost,h24,2026-01-04T23:00:00,2026-01-18T23:00:00,2026-02-15T23:00:00,,,42.0
2026-02-04 05:00:00,79.8,63.591678619384766,1.0,Tema Port,tabular,xgboost,h24,2026-01-04T23:00:00,2026-01-18T23:00:00,2026-02-15T23:00:00,,,42.0
2026-02-04 06:00:00,68.7,64.39995574951172,1.0,Tema Port,tabular,xgboost,h24,2026-01-04T23:00:00,2026-01-18T23:00:00,2026-02-15T23:00:00,,,42.0
2026-02-04 07:00:00,63.9,59.37833023071289,1.0,Tema Port,tabular,xgboost,h24,2026-01-04T23:00:00,2026-01-18T23:00:00,2026-02-15T23:00:00,,,42.0
2026-02-04 08:00:00,49.7,59.345699310302734,1.0,Tema Port,tabular,xgboost,h24,2026-01-04T23:00:00,2026-01-18T23:00:00,2026-02-15T23:00:00,,,42.0
2026-02-04 09:00:00,50.0,60.350120544433594,1.0,Tema Port,tabular,xgboost,h24,2026-01-04T23:00:00,2026-01-18T23:00:00,2026-02-15T23:00:00,,,42.0
2026-02-04 10:00:00,44.0,41.8468017578125,1.0,Tema Port,tabular,xgboost,h24,2026-01-04T23:00:00,2026-01-18T23:00:00,2026-02-15T23:00:00,,,42.0
2026-02-04 11:00:00,41.4,43.21622085571289,1.0,Tema Port,tabular,xgboost,h24,2026-01-04T23:00:00,2026-01-18T23:00:00,2026-02-15T23:00:00,,,42.0
2026-02-04 12:00:00,38.4,39.09920883178711,1.0,Tema Port,tabular,xgboost,h24,2026-01-04T23:00:00,2026-01-18T23:00:00,2026-02-15T23:00:00,,,42.0
2026-02-04 13:00:00,39.3,41.628116607666016,1.0,Tema Port,tabular,xgboost,h24,2026-01-04T23:00:00,2026-01-18T23:00:00,2026-02-15T23:00:00,,,42.0
2026-02-04 14:00:00,34.3,37.04948806762695,1.0,Tema Port,tabular,xgboost,h24,2026-01-04T23:00:00,2026-01-18T23:00:00,2026-02-15T23:00:00,,,42.0
2026-02-04 15:00:00,31.0,46.01850128173828,1.0,Tema Port,tabular,xgboost,h24,2026-01-04T23:00:00,2026-01-18T23:00:00,2026-02-15T23:00:00,,,42.0
2026-02-04 16:00:00,29.6,46.35445022583008,1.0,Tema Port,tabular,xgboost,h24,2026-01-04T23:00:00,2026-01-18T23:00:00,2026-02-15T23:00:00,,,42.0
2026-02-04 17:00:00,57.1,55.80363082885742,1.0,Tema Port,tabular,xgboost,h24,2026-01-04T23:00:00,2026-01-18T23:00:00,2026-02-15T23:00:00,,,42.0
2026-02-04 18:00:00,46.8,48.5577507019043,1.0,Tema Port,tabular,xgboost,h24,2026-01-04T23:00:00,2026-01-18T23:00:00,2026-02-15T23:00:00,,,42.0
2026-02-04 19:00:00,23.0,51.12201690673828,1.0,Tema Port,tabular,xgboost,h24,2026-01-04T23:00:00,2026-01-18T23:00:00,2026-02-15T23:00:00,,,42.0
2026-02-04 20:00:00,17.1,53.45537567138672,1.0,Tema Port,tabular,xgboost,h24,2026-01-04T23:00:00,2026-01-18T23:00:00,2026-02-15T23:00:00,,,42.0
2026-02-04 21:00:00,28.2,53.06416702270508,1.0,Tema Port,tabular,xgboost,h24,2026-01-04T23:00:00,2026-01-18T23:00:00,2026-02-15T23:00:00,,,42.0
2026-02-04 22:00:00,48.2,49.73427963256836,1.0,Tema Port,tabular,xgboost,h24,2026-01-04T23:00:00,2026-01-18T23:00:00,2026-02-15T23:00:00,,,42.0
2026-02-04 23:00:00,45.5,52.5336799621582,1.0,Tema Port,tabular,xgboost,h24,2026-01-04T23:00:00,2026-01-18T23:00:00,2026-02-15T23:00:00,,,42.0
2026-02-05 00:00:00,40.8,54.048805236816406,1.0,Tema Port,tabular,xgboost,h24,2026-01-04T23:00:00,2026-01-18T23:00:00,2026-02-15T23:00:00,,,42.0
2026-02-05 01:00:00,53.0,49.454830169677734,1.0,Tema Port,tabular,xgboost,h24,2026-01-04T23:00:00,2026-01-18T23:00:00,2026-02-15T23:00:00,,,42.0
2026-02-05 02:00:00,44.1,46.484153747558594,1.0,Tema Port,tabular,xgboost,h24,2026-01-04T23:00:00,2026-01-18T23:00:00,2026-02-15T23:00:00,,,42.0
2026-02-05 03:00:00,44.7,50.308475494384766,1.0,Tema Port,tabular,xgboost,h24,2026-01-04T23:00:00,2026-01-18T23:00:00,2026-02-15T23:00:00,,,42.0
2026-02-05 04:00:00,36.8,48.21554183959961,1.0,Tema Port,tabular,xgboost,h24,2026-01-04T23:00:00,2026-01-18T23:00:00,2026-02-15T23:00:00,,,42.0
2026-02-05 05:00:00,39.4,67.36520385742188,1.0,Tema Port,tabular,xgboost,h24,2026-01-04T23:00:00,2026-01-18T23:00:00,2026-02-15T23:00:00,,,42.0
2026-02-05 06:00:00,40.3,61.125831604003906,1.0,Tema Port,tabular,xgboost,h24,2026-01-04T23:00:00,2026-01-18T23:00:00,2026-02-15T23:00:00,,,42.0
2026-02-05 07:00:00,34.5,50.02350997924805,1.0,Tema Port,tabular,xgboost,h24,2026-01-04T23:00:00,2026-01-18T23:00:00,2026-02-15T23:00:00,,,42.0
2026-02-05 08:00:00,30.5,49.96994400024414,1.0,Tema Port,tabular,xgboost,h24,2026-01-04T23:00:00,2026-01-18T23:00:00,2026-02-15T23:00:00,,,42.0
2026-02-05 09:00:00,31.0,51.570655822753906,1.0,Tema Port,tabular,xgboost,h24,2026-01-04T23:00:00,2026-01-18T23:00:00,2026-02-15T23:00:00,,,42.0
2026-02-05 10:00:00,23.0,47.99106979370117,1.0,Tema Port,tabular,xgboost,h24,2026-01-04T23:00:00,2026-01-18T23:00:00,2026-02-15T23:00:00,,,42.0
2026-02-05 11:00:00,42.6,44.69242858886719,1.0,Tema Port,tabular,xgboost,h24,2026-01-04T23:00:00,2026-01-18T23:00:00,2026-02-15T23:00:00,,,42.0
2026-02-05 12:00:00,28.2,40.37082290649414,1.0,Tema Port,tabular,xgboost,h24,2026-01-04T23:00:00,2026-01-18T23:00:00,2026-02-15T23:00:00,,,42.0
2026-02-05 13:00:00,24.6,31.436908721923828,1.0,Tema Port,tabular,xgboost,h24,2026-01-04T23:00:00,2026-01-18T23:00:00,2026-02-15T23:00:00,,,42.0
2026-02-05 14:00:00,20.5,32.22026443481445,1.0,Tema Port,tabular,xgboost,h24,2026-01-04T23:00:00,2026-01-18T23:00:00,2026-02-15T23:00:00,,,42.0
2026-02-05 15:00:00,19.1,30.660615921020508,1.0,Tema Port,tabular,xgboost,h24,2026-01-04T23:00:00,2026-01-18T23:00:00,2026-02-15T23:00:00,,,42.0
2026-02-05 16:00:00,21.9,32.84677505493164,1.0,Tema Port,tabular,xgboost,h24,2026-01-04T23:00:00,2026-01-18T23:00:00,2026-02-15T23:00:00,,,42.0
2026-02-05 17:00:00,22.7,41.01800537109375,1.0,Tema Port,tabular,xgboost,h24,2026-01-04T23:00:00,2026-01-18T23:00:00,2026-02-15T23:00:00,,,42.0
2026-02-05 18:00:00,31.5,41.763545989990234,1.0,Tema Port,tabular,xgboost,h24,2026-01-04T23:00:00,2026-01-18T23:00:00,2026-02-15T23:00:00,,,42.0
2026-02-05 19:00:00,40.6,39.14480209350586,1.0,Tema Port,tabular,xgboost,h24,2026-01-04T23:00:00,2026-01-18T23:00:00,2026-02-15T23:00:00,,,42.0
2026-02-05 20:00:00,29.0,41.886329650878906,1.0,Tema Port,tabular,xgboost,h24,2026-01-04T23:00:00,2026-01-18T23:00:00,2026-02-15T23:00:00,,,42.0
2026-02-05 21:00:00,31.6,38.797122955322266,1.0,Tema Port,tabular,xgboost,h24,2026-01-04T23:00:00,2026-01-18T23:00:00,2026-02-15T23:00:00,,,42.0
2026-02-05 22:00:00,34.2,36.11649703979492,1.0,Tema Port,tabular,xgboost,h24,2026-01-04T23:00:00,2026-01-18T23:00:00,2026-02-15T23:00:00,,,42.0
2026-02-05 23:00:00,31.3,38.947147369384766,1.0,Tema Port,tabular,xgboost,h24,2026-01-04T23:00:00,2026-01-18T23:00:00,2026-02-15T23:00:00,,,42.0
2026-02-06 00:00:00,28.7,45.3712272644043,1.0,Tema Port,tabular,xgboost,h24,2026-01-04T23:00:00,2026-01-18T23:00:00,2026-02-15T23:00:00,,,42.0
2026-02-06 01:00:00,25.6,43.202972412109375,1.0,Tema Port,tabular,xgboost,h24,2026-01-04T23:00:00,2026-01-18T23:00:00,2026-02-15T23:00:00,,,42.0
2026-02-06 02:00:00,23.7,43.78450393676758,1.0,Tema Port,tabular,xgboost,h24,2026-01-04T23:00:00,2026-01-18T23:00:00,2026-02-15T23:00:00,,,42.0
2026-02-06 03:00:00,27.2,50.51983642578125,1.0,Tema Port,tabular,xgboost,h24,2026-01-04T23:00:00,2026-01-18T23:00:00,2026-02-15T23:00:00,,,42.0
2026-02-06 04:00:00,32.1,50.97987365722656,1.0,Tema Port,tabular,xgboost,h24,2026-01-04T23:00:00,2026-01-18T23:00:00,2026-02-15T23:00:00,,,42.0
2026-02-06 05:00:00,28.0,46.5067138671875,1.0,Tema Port,tabular,xgboost,h24,2026-01-04T23:00:00,2026-01-18T23:00:00,2026-02-15T23:00:00,,,42.0
2026-02-06 06:00:00,37.3,49.8775634765625,1.0,Tema Port,tabular,xgboost,h24,2026-01-04T23:00:00,2026-01-18T23:00:00,2026-02-15T23:00:00,,,42.0
2026-02-06 07:00:00,47.8,51.34329605102539,1.0,Tema Port,tabular,xgboost,h24,2026-01-04T23:00:00,2026-01-18T23:00:00,2026-02-15T23:00:00,,,42.0
2026-02-06 08:00:00,42.0,50.92780303955078,1.0,Tema Port,tabular,xgboost,h24,2026-01-04T23:00:00,2026-01-18T23:00:00,2026-02-15T23:00:00,,,42.0
2026-02-06 09:00:00,20.7,47.668033599853516,1.0,Tema Port,tabular,xgboost,h24,2026-01-04T23:00:00,2026-01-18T23:00:00,2026-02-15T23:00:00,,,42.0
2026-02-06 10:00:00,20.7,57.563655853271484,1.0,Tema Port,tabular,xgboost,h24,2026-01-04T23:00:00,2026-01-18T23:00:00,2026-02-15T23:00:00,,,42.0
2026-02-06 11:00:00,22.8,46.697086334228516,1.0,Tema Port,tabular,xgboost,h24,2026-01-04T23:00:00,2026-01-18T23:00:00,2026-02-15T23:00:00,,,42.0
2026-02-06 12:00:00,21.8,36.85074996948242,1.0,Tema Port,tabular,xgboost,h24,2026-01-04T23:00:00,2026-01-18T23:00:00,2026-02-15T23:00:00,,,42.0
2026-02-06 13:00:00,22.1,35.027774810791016,1.0,Tema Port,tabular,xgboost,h24,2026-01-04T23:00:00,2026-01-18T23:00:00,2026-02-15T23:00:00,,,42.0
2026-02-06 14:00:00,23.5,46.04975509643555,1.0,Tema Port,tabular,xgboost,h24,2026-01-04T23:00:00,2026-01-18T23:00:00,2026-02-15T23:00:00,,,42.0
2026-02-06 15:00:00,25.2,52.29581832885742,1.0,Tema Port,tabular,xgboost,h24,2026-01-04T23:00:00,2026-01-18T23:00:00,2026-02-15T23:00:00,,,42.0
2026-02-06 16:00:00,24.5,49.86560821533203,1.0,Tema Port,tabular,xgboost,h24,2026-01-04T23:00:00,2026-01-18T23:00:00,2026-02-15T23:00:00,,,42.0
2026-02-06 17:00:00,23.1,47.08069610595703,1.0,Tema Port,tabular,xgboost,h24,2026-01-04T23:00:00,2026-01-18T23:00:00,2026-02-15T23:00:00,,,42.0
2026-02-06 18:00:00,28.1,40.162696838378906,1.0,Tema Port,tabular,xgboost,h24,2026-01-04T23:00:00,2026-01-18T23:00:00,2026-02-15T23:00:00,,,42.0
2026-02-06 19:00:00,24.6,34.86732864379883,1.0,Tema Port,tabular,xgboost,h24,2026-01-04T23:00:00,2026-01-18T23:00:00,2026-02-15T23:00:00,,,42.0
2026-02-06 20:00:00,29.0,38.57817459106445,1.0,Tema Port,tabular,xgboost,h24,2026-01-04T23:00:00,2026-01-18T23:00:00,2026-02-15T23:00:00,,,42.0
2026-02-06 21:00:00,27.9,44.696903228759766,1.0,Tema Port,tabular,xgboost,h24,2026-01-04T23:00:00,2026-01-18T23:00:00,2026-02-15T23:00:00,,,42.0
2026-02-06 22:00:00,44.9,45.6427116394043,1.0,Tema Port,tabular,xgboost,h24,2026-01-04T23:00:00,2026-01-18T23:00:00,2026-02-15T23:00:00,,,42.0
2026-02-06 23:00:00,31.4,45.61765670776367,1.0,Tema Port,tabular,xgboost,h24,2026-01-04T23:00:00,2026-01-18T23:00:00,2026-02-15T23:00:00,,,42.0
2026-02-07 00:00:00,29.8,54.41241455078125,1.0,Tema Port,tabular,xgboost,h24,2026-01-04T23:00:00,2026-01-18T23:00:00,2026-02-15T23:00:00,,,42.0
2026-02-07 01:00:00,29.6,58.25132751464844,1.0,Tema Port,tabular,xgboost,h24,2026-01-04T23:00:00,2026-01-18T23:00:00,2026-02-15T23:00:00,,,42.0
2026-02-07 02:00:00,22.6,59.52336120605469,1.0,Tema Port,tabular,xgboost,h24,2026-01-04T23:00:00,2026-01-18T23:00:00,2026-02-15T23:00:00,,,42.0
2026-02-07 03:00:00,29.4,53.48668670654297,1.0,Tema Port,tabular,xgboost,h24,2026-01-04T23:00:00,2026-01-18T23:00:00,2026-02-15T23:00:00,,,42.0
2026-02-07 04:00:00,36.7,52.39257049560547,1.0,Tema Port,tabular,xgboost,h24,2026-01-04T23:00:00,2026-01-18T23:00:00,2026-02-15T23:00:00,,,42.0
2026-02-07 05:00:00,36.1,55.99208450317383,1.0,Tema Port,tabular,xgboost,h24,2026-01-04T23:00:00,2026-01-18T23:00:00,2026-02-15T23:00:00,,,42.0
2026-02-07 06:00:00,45.3,59.85567855834961,1.0,Tema Port,tabular,xgboost,h24,2026-01-04T23:00:00,2026-01-18T23:00:00,2026-02-15T23:00:00,,,42.0
2026-02-07 07:00:00,46.4,52.77434158325195,1.0,Tema Port,tabular,xgboost,h24,2026-01-04T23:00:00,2026-01-18T23:00:00,2026-02-15T23:00:00,,,42.0
2026-02-07 08:00:00,37.4,47.48109436035156,1.0,Tema Port,tabular,xgboost,h24,2026-01-04T23:00:00,2026-01-18T23:00:00,2026-02-15T23:00:00,,,42.0
2026-02-07 09:00:00,17.1,58.9638671875,1.0,Tema Port,tabular,xgboost,h24,2026-01-04T23:00:00,2026-01-18T23:00:00,2026-02-15T23:00:00,,,42.0
2026-02-07 10:00:00,19.3,53.686885833740234,1.0,Tema Port,tabular,xgboost,h24,2026-01-04T23:00:00,2026-01-18T23:00:00,2026-02-15T23:00:00,,,42.0
2026-02-07 11:00:00,17.7,51.54410934448242,1.0,Tema Port,tabular,xgboost,h24,2026-01-04T23:00:00,2026-01-18T23:00:00,2026-02-15T23:00:00,,,42.0
2026-02-07 12:00:00,18.6,54.96848678588867,1.0,Tema Port,tabular,xgboost,h24,2026-01-04T23:00:00,2026-01-18T23:00:00,2026-02-15T23:00:00,,,42.0
2026-02-07 13:00:00,18.2,34.22823715209961,1.0,Tema Port,tabular,xgboost,h24,2026-01-04T23:00:00,2026-01-18T23:00:00,2026-02-15T23:00:00,,,42.0
2026-02-07 14:00:00,28.4,37.88948059082031,1.0,Tema Port,tabular,xgboost,h24,2026-01-04T23:00:00,2026-01-18T23:00:00,2026-02-15T23:00:00,,,42.0
2026-02-07 15:00:00,20.1,44.00674819946289,1.0,Tema Port,tabular,xgboost,h24,2026-01-04T23:00:00,2026-01-18T23:00:00,2026-02-15T23:00:00,,,42.0
2026-02-07 16:00:00,23.3,47.24086380004883,1.0,Tema Port,tabular,xgboost,h24,2026-01-04T23:00:00,2026-01-18T23:00:00,2026-02-15T23:00:00,,,42.0
2026-02-07 17:00:00,25.4,55.211856842041016,1.0,Tema Port,tabular,xgboost,h24,2026-01-04T23:00:00,2026-01-18T23:00:00,2026-02-15T23:00:00,,,42.0
2026-02-07 18:00:00,24.3,43.282840728759766,1.0,Tema Port,tabular,xgboost,h24,2026-01-04T23:00:00,2026-01-18T23:00:00,2026-02-15T23:00:00,,,42.0
2026-02-07 19:00:00,20.8,55.55791091918945,1.0,Tema Port,tabular,xgboost,h24,2026-01-04T23:00:00,2026-01-18T23:00:00,2026-02-15T23:00:00,,,42.0
2026-02-07 20:00:00,22.0,40.7385368347168,1.0,Tema Port,tabular,xgboost,h24,2026-01-04T23:00:00,2026-01-18T23:00:00,2026-02-15T23:00:00,,,42.0
2026-02-07 21:00:00,22.1,41.49369812011719,1.0,Tema Port,tabular,xgboost,h24,2026-01-04T23:00:00,2026-01-18T23:00:00,2026-02-15T23:00:00,,,42.0
2026-02-07 22:00:00,35.0,47.506534576416016,1.0,Tema Port,tabular,xgboost,h24,2026-01-04T23:00:00,2026-01-18T23:00:00,2026-02-15T23:00:00,,,42.0
2026-02-07 23:00:00,30.7,54.94255828857422,1.0,Tema Port,tabular,xgboost,h24,2026-01-04T23:00:00,2026-01-18T23:00:00,2026-02-15T23:00:00,,,42.0
2026-02-08 00:00:00,36.1,59.47378921508789,1.0,Tema Port,tabular,xgboost,h24,2026-01-04T23:00:00,2026-01-18T23:00:00,2026-02-15T23:00:00,,,42.0
2026-02-08 01:00:00,35.0,56.93720626831055,1.0,Tema Port,tabular,xgboost,h24,2026-01-04T23:00:00,2026-01-18T23:00:00,2026-02-15T23:00:00,,,42.0
2026-02-08 02:00:00,31.2,66.69969177246094,1.0,Tema Port,tabular,xgboost,h24,2026-01-04T23:00:00,2026-01-18T23:00:00,2026-02-15T23:00:00,,,42.0
2026-02-08 03:00:00,30.3,49.16069793701172,1.0,Tema Port,tabular,xgboost,h24,2026-01-04T23:00:00,2026-01-18T23:00:00,2026-02-15T23:00:00,,,42.0
2026-02-08 04:00:00,31.7,50.77128982543945,1.0,Tema Port,tabular,xgboost,h24,2026-01-04T23:00:00,2026-01-18T23:00:00,2026-02-15T23:00:00,,,42.0
2026-02-08 05:00:00,38.7,54.76021957397461,1.0,Tema Port,tabular,xgboost,h24,2026-01-04T23:00:00,2026-01-18T23:00:00,2026-02-15T23:00:00,,,42.0
2026-02-08 06:00:00,56.3,59.2819709777832,1.0,Tema Port,tabular,xgboost,h24,2026-01-04T23:00:00,2026-01-18T23:00:00,2026-02-15T23:00:00,,,42.0
2026-02-08 07:00:00,53.7,52.8460693359375,1.0,Tema Port,tabular,xgboost,h24,2026-01-04T23:00:00,2026-01-18T23:00:00,2026-02-15T23:00:00,,,42.0
2026-02-08 08:00:00,49.7,45.89971923828125,1.0,Tema Port,tabular,xgboost,h24,2026-01-04T23:00:00,2026-01-18T23:00:00,2026-02-15T23:00:00,,,42.0
2026-02-08 09:00:00,38.0,55.94169616699219,1.0,Tema Port,tabular,xgboost,h24,2026-01-04T23:00:00,2026-01-18T23:00:00,2026-02-15T23:00:00,,,42.0
2026-02-08 10:00:00,46.4,44.71885299682617,1.0,Tema Port,tabular,xgboost,h24,2026-01-04T23:00:00,2026-01-18T23:00:00,2026-02-15T23:00:00,,,42.0
2026-02-08 11:00:00,30.7,48.945499420166016,1.0,Tema Port,tabular,xgboost,h24,2026-01-04T23:00:00,2026-01-18T23:00:00,2026-02-15T23:00:00,,,42.0
2026-02-08 12:00:00,17.9,49.59330749511719,1.0,Tema Port,tabular,xgboost,h24,2026-01-04T23:00:00,2026-01-18T23:00:00,2026-02-15T23:00:00,,,42.0
2026-02-08 13:00:00,14.2,45.831398010253906,1.0,Tema Port,tabular,xgboost,h24,2026-01-04T23:00:00,2026-01-18T23:00:00,2026-02-15T23:00:00,,,42.0
2026-02-08 14:00:00,13.3,34.92130661010742,1.0,Tema Port,tabular,xgboost,h24,2026-01-04T23:00:00,2026-01-18T23:00:00,2026-02-15T23:00:00,,,42.0
2026-02-08 15:00:00,13.6,44.61923599243164,1.0,Tema Port,tabular,xgboost,h24,2026-01-04T23:00:00,2026-01-18T23:00:00,2026-02-15T23:00:00,,,42.0
2026-02-08 16:00:00,12.7,38.89087677001953,1.0,Tema Port,tabular,xgboost,h24,2026-01-04T23:00:00,2026-01-18T23:00:00,2026-02-15T23:00:00,,,42.0
2026-02-08 17:00:00,21.4,48.432960510253906,1.0,Tema Port,tabular,xgboost,h24,2026-01-04T23:00:00,2026-01-18T23:00:00,2026-02-15T23:00:00,,,42.0
2026-02-08 18:00:00,24.8,43.46554183959961,1.0,Tema Port,tabular,xgboost,h24,2026-01-04T23:00:00,2026-01-18T23:00:00,2026-02-15T23:00:00,,,42.0
2026-02-08 19:00:00,28.5,37.70246124267578,1.0,Tema Port,tabular,xgboost,h24,2026-01-04T23:00:00,2026-01-18T23:00:00,2026-02-15T23:00:00,,,42.0
2026-02-08 20:00:00,20.0,41.846466064453125,1.0,Tema Port,tabular,xgboost,h24,2026-01-04T23:00:00,2026-01-18T23:00:00,2026-02-15T23:00:00,,,42.0
2026-02-08 21:00:00,21.2,40.43593978881836,1.0,Tema Port,tabular,xgboost,h24,2026-01-04T23:00:00,2026-01-18T23:00:00,2026-02-15T23:00:00,,,42.0
2026-02-08 22:00:00,22.6,46.38427734375,1.0,Tema Port,tabular,xgboost,h24,2026-01-04T23:00:00,2026-01-18T23:00:00,2026-02-15T23:00:00,,,42.0
2026-02-08 23:00:00,19.8,51.47212600708008,1.0,Tema Port,tabular,xgboost,h24,2026-01-04T23:00:00,2026-01-18T23:00:00,2026-02-15T23:00:00,,,42.0
2026-02-09 00:00:00,16.8,55.961944580078125,1.0,Tema Port,tabular,xgboost,h24,2026-01-04T23:00:00,2026-01-18T23:00:00,2026-02-15T23:00:00,,,42.0
2026-02-09 01:00:00,14.5,61.03692626953125,1.0,Tema Port,tabular,xgboost,h24,2026-01-04T23:00:00,2026-01-18T23:00:00,2026-02-15T23:00:00,,,42.0
2026-02-09 02:00:00,16.0,64.16791534423828,1.0,Tema Port,tabular,xgboost,h24,2026-01-04T23:00:00,2026-01-18T23:00:00,2026-02-15T23:00:00,,,42.0
2026-02-09 03:00:00,27.4,64.42408752441406,1.0,Tema Port,tabular,xgboost,h24,2026-01-04T23:00:00,2026-01-18T23:00:00,2026-02-15T23:00:00,,,42.0
2026-02-09 04:00:00,23.0,58.980316162109375,1.0,Tema Port,tabular,xgboost,h24,2026-01-04T23:00:00,2026-01-18T23:00:00,2026-02-15T23:00:00,,,42.0
2026-02-09 05:00:00,32.0,55.66767883300781,1.0,Tema Port,tabular,xgboost,h24,2026-01-04T23:00:00,2026-01-18T23:00:00,2026-02-15T23:00:00,,,42.0
2026-02-09 06:00:00,39.9,55.059043884277344,1.0,Tema Port,tabular,xgboost,h24,2026-01-04T23:00:00,2026-01-18T23:00:00,2026-02-15T23:00:00,,,42.0
2026-02-09 07:00:00,35.0,46.73838424682617,1.0,Tema Port,tabular,xgboost,h24,2026-01-04T23:00:00,2026-01-18T23:00:00,2026-02-15T23:00:00,,,42.0
2026-02-09 08:00:00,34.6,50.94521713256836,1.0,Tema Port,tabular,xgboost,h24,2026-01-04T23:00:00,2026-01-18T23:00:00,2026-02-15T23:00:00,,,42.0
2026-02-09 09:00:00,38.2,53.84772872924805,1.0,Tema Port,tabular,xgboost,h24,2026-01-04T23:00:00,2026-01-18T23:00:00,2026-02-15T23:00:00,,,42.0
2026-02-09 10:00:00,30.7,42.27267837524414,1.0,Tema Port,tabular,xgboost,h24,2026-01-04T23:00:00,2026-01-18T23:00:00,2026-02-15T23:00:00,,,42.0
2026-02-09 11:00:00,19.9,42.54085159301758,1.0,Tema Port,tabular,xgboost,h24,2026-01-04T23:00:00,2026-01-18T23:00:00,2026-02-15T23:00:00,,,42.0
2026-02-09 12:00:00,19.3,33.94319152832031,1.0,Tema Port,tabular,xgboost,h24,2026-01-04T23:00:00,2026-01-18T23:00:00,2026-02-15T23:00:00,,,42.0
2026-02-09 13:00:00,24.2,37.33063888549805,1.0,Tema Port,tabular,xgboost,h24,2026-01-04T23:00:00,2026-01-18T23:00:00,2026-02-15T23:00:00,,,42.0
2026-02-09 14:00:00,33.3,41.6715087890625,1.0,Tema Port,tabular,xgboost,h24,2026-01-04T23:00:00,2026-01-18T23:00:00,2026-02-15T23:00:00,,,42.0
2026-02-09 15:00:00,17.8,37.92338562011719,1.0,Tema Port,tabular,xgboost,h24,2026-01-04T23:00:00,2026-01-18T23:00:00,2026-02-15T23:00:00,,,42.0
2026-02-09 16:00:00,19.4,32.472537994384766,1.0,Tema Port,tabular,xgboost,h24,2026-01-04T23:00:00,2026-01-18T23:00:00,2026-02-15T23:00:00,,,42.0
2026-02-09 17:00:00,22.8,35.77544403076172,1.0,Tema Port,tabular,xgboost,h24,2026-01-04T23:00:00,2026-01-18T23:00:00,2026-02-15T23:00:00,,,42.0
2026-02-09 18:00:00,42.1,46.95111846923828,1.0,Tema Port,tabular,xgboost,h24,2026-01-04T23:00:00,2026-01-18T23:00:00,2026-02-15T23:00:00,,,42.0
2026-02-09 19:00:00,41.1,34.21963882446289,1.0,Tema Port,tabular,xgboost,h24,2026-01-04T23:00:00,2026-01-18T23:00:00,2026-02-15T23:00:00,,,42.0
2026-02-09 20:00:00,38.2,34.623939514160156,1.0,Tema Port,tabular,xgboost,h24,2026-01-04T23:00:00,2026-01-18T23:00:00,2026-02-15T23:00:00,,,42.0
2026-02-09 21:00:00,31.2,45.79819107055664,1.0,Tema Port,tabular,xgboost,h24,2026-01-04T23:00:00,2026-01-18T23:00:00,2026-02-15T23:00:00,,,42.0
2026-02-09 22:00:00,42.5,55.36439514160156,1.0,Tema Port,tabular,xgboost,h24,2026-01-04T23:00:00,2026-01-18T23:00:00,2026-02-15T23:00:00,,,42.0
2026-02-09 23:00:00,30.1,50.560203552246094,1.0,Tema Port,tabular,xgboost,h24,2026-01-04T23:00:00,2026-01-18T23:00:00,2026-02-15T23:00:00,,,42.0
2026-02-10 00:00:00,28.2,42.79443359375,1.0,Tema Port,tabular,xgboost,h24,2026-01-04T23:00:00,2026-01-18T23:00:00,2026-02-15T23:00:00,,,42.0
2026-02-10 01:00:00,29.8,46.56497573852539,1.0,Tema Port,tabular,xgboost,h24,2026-01-04T23:00:00,2026-01-18T23:00:00,2026-02-15T23:00:00,,,42.0
2026-02-10 02:00:00,31.9,57.407440185546875,1.0,Tema Port,tabular,xgboost,h24,2026-01-04T23:00:00,2026-01-18T23:00:00,2026-02-15T23:00:00,,,42.0
2026-02-10 03:00:00,21.9,58.55699157714844,1.0,Tema Port,tabular,xgboost,h24,2026-01-04T23:00:00,2026-01-18T23:00:00,2026-02-15T23:00:00,,,42.0
2026-02-10 04:00:00,39.2,60.78472137451172,1.0,Tema Port,tabular,xgboost,h24,2026-01-04T23:00:00,2026-01-18T23:00:00,2026-02-15T23:00:00,,,42.0
2026-02-10 05:00:00,32.4,53.490478515625,1.0,Tema Port,tabular,xgboost,h24,2026-01-04T23:00:00,2026-01-18T23:00:00,2026-02-15T23:00:00,,,42.0
2026-02-10 06:00:00,45.7,57.268585205078125,1.0,Tema Port,tabular,xgboost,h24,2026-01-04T23:00:00,2026-01-18T23:00:00,2026-02-15T23:00:00,,,42.0
2026-02-10 07:00:00,45.5,56.47697830200195,1.0,Tema Port,tabular,xgboost,h24,2026-01-04T23:00:00,2026-01-18T23:00:00,2026-02-15T23:00:00,,,42.0
2026-02-10 08:00:00,39.6,41.140533447265625,1.0,Tema Port,tabular,xgboost,h24,2026-01-04T23:00:00,2026-01-18T23:00:00,2026-02-15T23:00:00,,,42.0
2026-02-10 09:00:00,27.4,32.112613677978516,1.0,Tema Port,tabular,xgboost,h24,2026-01-04T23:00:00,2026-01-18T23:00:00,2026-02-15T23:00:00,,,42.0
2026-02-10 10:00:00,25.6,32.72499465942383,1.0,Tema Port,tabular,xgboost,h24,2026-01-04T23:00:00,2026-01-18T23:00:00,2026-02-15T23:00:00,,,42.0
2026-02-10 11:00:00,15.5,35.47287368774414,1.0,Tema Port,tabular,xgboost,h24,2026-01-04T23:00:00,2026-01-18T23:00:00,2026-02-15T23:00:00,,,42.0
2026-02-10 12:00:00,17.3,36.46027755737305,1.0,Tema Port,tabular,xgboost,h24,2026-01-04T23:00:00,2026-01-18T23:00:00,2026-02-15T23:00:00,,,42.0
2026-02-10 13:00:00,13.8,31.872112274169922,1.0,Tema Port,tabular,xgboost,h24,2026-01-04T23:00:00,2026-01-18T23:00:00,2026-02-15T23:00:00,,,42.0
2026-02-10 14:00:00,15.6,33.72370147705078,1.0,Tema Port,tabular,xgboost,h24,2026-01-04T23:00:00,2026-01-18T23:00:00,2026-02-15T23:00:00,,,42.0
2026-02-10 15:00:00,14.9,27.38267707824707,1.0,Tema Port,tabular,xgboost,h24,2026-01-04T23:00:00,2026-01-18T23:00:00,2026-02-15T23:00:00,,,42.0
2026-02-10 16:00:00,14.0,28.677501678466797,1.0,Tema Port,tabular,xgboost,h24,2026-01-04T23:00:00,2026-01-18T23:00:00,2026-02-15T23:00:00,,,42.0
2026-02-10 17:00:00,16.8,34.83163070678711,1.0,Tema Port,tabular,xgboost,h24,2026-01-04T23:00:00,2026-01-18T23:00:00,2026-02-15T23:00:00,,,42.0
2026-02-10 18:00:00,36.7,43.670936584472656,1.0,Tema Port,tabular,xgboost,h24,2026-01-04T23:00:00,2026-01-18T23:00:00,2026-02-15T23:00:00,,,42.0
2026-02-10 19:00:00,19.8,42.10594177246094,1.0,Tema Port,tabular,xgboost,h24,2026-01-04T23:00:00,2026-01-18T23:00:00,2026-02-15T23:00:00,,,42.0
2026-02-10 20:00:00,16.6,39.64353942871094,1.0,Tema Port,tabular,xgboost,h24,2026-01-04T23:00:00,2026-01-18T23:00:00,2026-02-15T23:00:00,,,42.0
2026-02-10 21:00:00,17.4,41.494384765625,1.0,Tema Port,tabular,xgboost,h24,2026-01-04T23:00:00,2026-01-18T23:00:00,2026-02-15T23:00:00,,,42.0
2026-02-10 22:00:00,18.4,50.673004150390625,1.0,Tema Port,tabular,xgboost,h24,2026-01-04T23:00:00,2026-01-18T23:00:00,2026-02-15T23:00:00,,,42.0
2026-02-10 23:00:00,18.5,49.08668518066406,1.0,Tema Port,tabular,xgboost,h24,2026-01-04T23:00:00,2026-01-18T23:00:00,2026-02-15T23:00:00,,,42.0
2026-02-11 00:00:00,15.5,66.14490509033203,1.0,Tema Port,tabular,xgboost,h24,2026-01-04T23:00:00,2026-01-18T23:00:00,2026-02-15T23:00:00,,,42.0
2026-02-11 01:00:00,30.2,60.73904800415039,1.0,Tema Port,tabular,xgboost,h24,2026-01-04T23:00:00,2026-01-18T23:00:00,2026-02-15T23:00:00,,,42.0
2026-02-11 02:00:00,25.7,58.92498779296875,1.0,Tema Port,tabular,xgboost,h24,2026-01-04T23:00:00,2026-01-18T23:00:00,2026-02-15T23:00:00,,,42.0
2026-02-11 03:00:00,39.3,67.42789459228516,1.0,Tema Port,tabular,xgboost,h24,2026-01-04T23:00:00,2026-01-18T23:00:00,2026-02-15T23:00:00,,,42.0
2026-02-11 04:00:00,50.0,70.95394134521484,1.0,Tema Port,tabular,xgboost,h24,2026-01-04T23:00:00,2026-01-18T23:00:00,2026-02-15T23:00:00,,,42.0
2026-02-11 05:00:00,61.1,69.92467498779297,1.0,Tema Port,tabular,xgboost,h24,2026-01-04T23:00:00,2026-01-18T23:00:00,2026-02-15T23:00:00,,,42.0
2026-02-11 06:00:00,71.5,65.8553466796875,1.0,Tema Port,tabular,xgboost,h24,2026-01-04T23:00:00,2026-01-18T23:00:00,2026-02-15T23:00:00,,,42.0
2026-02-11 07:00:00,47.6,56.42155456542969,1.0,Tema Port,tabular,xgboost,h24,2026-01-04T23:00:00,2026-01-18T23:00:00,2026-02-15T23:00:00,,,42.0
2026-02-11 08:00:00,51.6,47.78547286987305,1.0,Tema Port,tabular,xgboost,h24,2026-01-04T23:00:00,2026-01-18T23:00:00,2026-02-15T23:00:00,,,42.0
2026-02-11 09:00:00,62.6,38.62531661987305,1.0,Tema Port,tabular,xgboost,h24,2026-01-04T23:00:00,2026-01-18T23:00:00,2026-02-15T23:00:00,,,42.0
2026-02-11 10:00:00,30.2,34.711673736572266,1.0,Tema Port,tabular,xgboost,h24,2026-01-04T23:00:00,2026-01-18T23:00:00,2026-02-15T23:00:00,,,42.0
2026-02-11 11:00:00,38.2,40.21735382080078,1.0,Tema Port,tabular,xgboost,h24,2026-01-04T23:00:00,2026-01-18T23:00:00,2026-02-15T23:00:00,,,42.0
2026-02-11 12:00:00,41.7,35.76519012451172,1.0,Tema Port,tabular,xgboost,h24,2026-01-04T23:00:00,2026-01-18T23:00:00,2026-02-15T23:00:00,,,42.0
2026-02-11 13:00:00,28.8,35.88451385498047,1.0,Tema Port,tabular,xgboost,h24,2026-01-04T23:00:00,2026-01-18T23:00:00,2026-02-15T23:00:00,,,42.0
2026-02-11 14:00:00,19.1,39.814910888671875,1.0,Tema Port,tabular,xgboost,h24,2026-01-04T23:00:00,2026-01-18T23:00:00,2026-02-15T23:00:00,,,42.0
2026-02-11 15:00:00,12.6,34.759765625,1.0,Tema Port,tabular,xgboost,h24,2026-01-04T23:00:00,2026-01-18T23:00:00,2026-02-15T23:00:00,,,42.0
2026-02-11 16:00:00,14.8,32.03092575073242,1.0,Tema Port,tabular,xgboost,h24,2026-01-04T23:00:00,2026-01-18T23:00:00,2026-02-15T23:00:00,,,42.0
2026-02-11 17:00:00,34.6,31.128995895385742,1.0,Tema Port,tabular,xgboost,h24,2026-01-04T23:00:00,2026-01-18T23:00:00,2026-02-15T23:00:00,,,42.0
2026-02-11 18:00:00,28.8,44.771827697753906,1.0,Tema Port,tabular,xgboost,h24,2026-01-04T23:00:00,2026-01-18T23:00:00,2026-02-15T23:00:00,,,42.0
2026-02-11 19:00:00,29.4,40.9666748046875,1.0,Tema Port,tabular,xgboost,h24,2026-01-04T23:00:00,2026-01-18T23:00:00,2026-02-15T23:00:00,,,42.0
2026-02-11 20:00:00,27.0,50.59878921508789,1.0,Tema Port,tabular,xgboost,h24,2026-01-04T23:00:00,2026-01-18T23:00:00,2026-02-15T23:00:00,,,42.0
2026-02-11 21:00:00,32.6,47.06440353393555,1.0,Tema Port,tabular,xgboost,h24,2026-01-04T23:00:00,2026-01-18T23:00:00,2026-02-15T23:00:00,,,42.0
2026-02-11 22:00:00,48.2,76.40772247314453,1.0,Tema Port,tabular,xgboost,h24,2026-01-04T23:00:00,2026-01-18T23:00:00,2026-02-15T23:00:00,,,42.0
2026-02-11 23:00:00,42.8,67.72407531738281,1.0,Tema Port,tabular,xgboost,h24,2026-01-04T23:00:00,2026-01-18T23:00:00,2026-02-15T23:00:00,,,42.0
2026-02-12 00:00:00,53.7,76.5046157836914,1.0,Tema Port,tabular,xgboost,h24,2026-01-04T23:00:00,2026-01-18T23:00:00,2026-02-15T23:00:00,,,42.0
2026-02-12 01:00:00,53.7,60.67129135131836,1.0,Tema Port,tabular,xgboost,h24,2026-01-04T23:00:00,2026-01-18T23:00:00,2026-02-15T23:00:00,,,42.0
2026-02-12 02:00:00,64.9,43.58662414550781,1.0,Tema Port,tabular,xgboost,h24,2026-01-04T23:00:00,2026-01-18T23:00:00,2026-02-15T23:00:00,,,42.0
2026-02-12 03:00:00,66.7,47.037254333496094,1.0,Tema Port,tabular,xgboost,h24,2026-01-04T23:00:00,2026-01-18T23:00:00,2026-02-15T23:00:00,,,42.0
2026-02-12 04:00:00,104.7,49.816322326660156,1.0,Tema Port,tabular,xgboost,h24,2026-01-04T23:00:00,2026-01-18T23:00:00,2026-02-15T23:00:00,,,42.0
2026-02-12 05:00:00,92.2,51.521392822265625,1.0,Tema Port,tabular,xgboost,h24,2026-01-04T23:00:00,2026-01-18T23:00:00,2026-02-15T23:00:00,,,42.0
2026-02-12 06:00:00,84.8,54.872352600097656,1.0,Tema Port,tabular,xgboost,h24,2026-01-04T23:00:00,2026-01-18T23:00:00,2026-02-15T23:00:00,,,42.0
2026-02-12 07:00:00,76.4,55.27625274658203,1.0,Tema Port,tabular,xgboost,h24,2026-01-04T23:00:00,2026-01-18T23:00:00,2026-02-15T23:00:00,,,42.0
2026-02-12 08:00:00,56.5,44.695533752441406,1.0,Tema Port,tabular,xgboost,h24,2026-01-04T23:00:00,2026-01-18T23:00:00,2026-02-15T23:00:00,,,42.0
2026-02-12 09:00:00,23.7,40.49116516113281,1.0,Tema Port,tabular,xgboost,h24,2026-01-04T23:00:00,2026-01-18T23:00:00,2026-02-15T23:00:00,,,42.0
2026-02-12 10:00:00,4.4,42.68806457519531,1.0,Tema Port,tabular,xgboost,h24,2026-01-04T23:00:00,2026-01-18T23:00:00,2026-02-15T23:00:00,,,42.0
2026-02-12 11:00:00,2.3,31.18515968322754,1.0,Tema Port,tabular,xgboost,h24,2026-01-04T23:00:00,2026-01-18T23:00:00,2026-02-15T23:00:00,,,42.0
2026-02-12 12:00:00,3.3,23.126361846923828,1.0,Tema Port,tabular,xgboost,h24,2026-01-04T23:00:00,2026-01-18T23:00:00,2026-02-15T23:00:00,,,42.0
2026-02-12 13:00:00,2.9,21.460891723632812,1.0,Tema Port,tabular,xgboost,h24,2026-01-04T23:00:00,2026-01-18T23:00:00,2026-02-15T23:00:00,,,42.0
2026-02-12 14:00:00,3.5,30.597299575805664,1.0,Tema Port,tabular,xgboost,h24,2026-01-04T23:00:00,2026-01-18T23:00:00,2026-02-15T23:00:00,,,42.0
2026-02-12 15:00:00,3.6,26.094860076904297,1.0,Tema Port,tabular,xgboost,h24,2026-01-04T23:00:00,2026-01-18T23:00:00,2026-02-15T23:00:00,,,42.0
2026-02-12 16:00:00,4.6,31.037654876708984,1.0,Tema Port,tabular,xgboost,h24,2026-01-04T23:00:00,2026-01-18T23:00:00,2026-02-15T23:00:00,,,42.0
2026-02-12 17:00:00,8.2,44.869327545166016,1.0,Tema Port,tabular,xgboost,h24,2026-01-04T23:00:00,2026-01-18T23:00:00,2026-02-15T23:00:00,,,42.0
2026-02-12 18:00:00,21.9,42.87959671020508,1.0,Tema Port,tabular,xgboost,h24,2026-01-04T23:00:00,2026-01-18T23:00:00,2026-02-15T23:00:00,,,42.0
2026-02-12 19:00:00,8.9,43.1859016418457,1.0,Tema Port,tabular,xgboost,h24,2026-01-04T23:00:00,2026-01-18T23:00:00,2026-02-15T23:00:00,,,42.0
2026-02-12 20:00:00,9.4,34.261783599853516,1.0,Tema Port,tabular,xgboost,h24,2026-01-04T23:00:00,2026-01-18T23:00:00,2026-02-15T23:00:00,,,42.0
2026-02-12 21:00:00,7.7,53.41044616699219,1.0,Tema Port,tabular,xgboost,h24,2026-01-04T23:00:00,2026-01-18T23:00:00,2026-02-15T23:00:00,,,42.0
2026-02-12 22:00:00,18.2,47.114009857177734,1.0,Tema Port,tabular,xgboost,h24,2026-01-04T23:00:00,2026-01-18T23:00:00,2026-02-15T23:00:00,,,42.0
2026-02-12 23:00:00,26.7,45.189144134521484,1.0,Tema Port,tabular,xgboost,h24,2026-01-04T23:00:00,2026-01-18T23:00:00,2026-02-15T23:00:00,,,42.0
2026-02-13 00:00:00,32.3,48.215721130371094,1.0,Tema Port,tabular,xgboost,h24,2026-01-04T23:00:00,2026-01-18T23:00:00,2026-02-15T23:00:00,,,42.0
2026-02-13 01:00:00,32.7,53.38394546508789,1.0,Tema Port,tabular,xgboost,h24,2026-01-04T23:00:00,2026-01-18T23:00:00,2026-02-15T23:00:00,,,42.0
2026-02-13 02:00:00,30.8,38.38276290893555,1.0,Tema Port,tabular,xgboost,h24,2026-01-04T23:00:00,2026-01-18T23:00:00,2026-02-15T23:00:00,,,42.0
2026-02-13 03:00:00,28.1,54.12968444824219,1.0,Tema Port,tabular,xgboost,h24,2026-01-04T23:00:00,2026-01-18T23:00:00,2026-02-15T23:00:00,,,42.0
2026-02-13 04:00:00,34.1,50.46644973754883,1.0,Tema Port,tabular,xgboost,h24,2026-01-04T23:00:00,2026-01-18T23:00:00,2026-02-15T23:00:00,,,42.0
2026-02-13 05:00:00,50.8,54.600399017333984,1.0,Tema Port,tabular,xgboost,h24,2026-01-04T23:00:00,2026-01-18T23:00:00,2026-02-15T23:00:00,,,42.0
2026-02-13 06:00:00,46.7,54.56948471069336,1.0,Tema Port,tabular,xgboost,h24,2026-01-04T23:00:00,2026-01-18T23:00:00,2026-02-15T23:00:00,,,42.0
2026-02-13 07:00:00,36.9,56.046146392822266,1.0,Tema Port,tabular,xgboost,h24,2026-01-04T23:00:00,2026-01-18T23:00:00,2026-02-15T23:00:00,,,42.0
2026-02-13 08:00:00,28.6,48.293392181396484,1.0,Tema Port,tabular,xgboost,h24,2026-01-04T23:00:00,2026-01-18T23:00:00,2026-02-15T23:00:00,,,42.0
2026-02-13 09:00:00,29.5,39.88520812988281,1.0,Tema Port,tabular,xgboost,h24,2026-01-04T23:00:00,2026-01-18T23:00:00,2026-02-15T23:00:00,,,42.0
2026-02-13 10:00:00,35.3,32.50520324707031,1.0,Tema Port,tabular,xgboost,h24,2026-01-04T23:00:00,2026-01-18T23:00:00,2026-02-15T23:00:00,,,42.0
2026-02-13 11:00:00,23.2,36.76881408691406,1.0,Tema Port,tabular,xgboost,h24,2026-01-04T23:00:00,2026-01-18T23:00:00,2026-02-15T23:00:00,,,42.0
2026-02-13 12:00:00,4.9,31.640289306640625,1.0,Tema Port,tabular,xgboost,h24,2026-01-04T23:00:00,2026-01-18T23:00:00,2026-02-15T23:00:00,,,42.0
2026-02-13 13:00:00,5.7,26.90788459777832,1.0,Tema Port,tabular,xgboost,h24,2026-01-04T23:00:00,2026-01-18T23:00:00,2026-02-15T23:00:00,,,42.0
2026-02-13 14:00:00,10.1,31.547014236450195,1.0,Tema Port,tabular,xgboost,h24,2026-01-04T23:00:00,2026-01-18T23:00:00,2026-02-15T23:00:00,,,42.0
2026-02-13 15:00:00,12.3,17.478132247924805,1.0,Tema Port,tabular,xgboost,h24,2026-01-04T23:00:00,2026-01-18T23:00:00,2026-02-15T23:00:00,,,42.0
2026-02-13 16:00:00,7.7,21.72480010986328,1.0,Tema Port,tabular,xgboost,h24,2026-01-04T23:00:00,2026-01-18T23:00:00,2026-02-15T23:00:00,,,42.0
2026-02-13 17:00:00,30.1,22.495664596557617,1.0,Tema Port,tabular,xgboost,h24,2026-01-04T23:00:00,2026-01-18T23:00:00,2026-02-15T23:00:00,,,42.0
2026-02-13 18:00:00,32.9,43.42512512207031,1.0,Tema Port,tabular,xgboost,h24,2026-01-04T23:00:00,2026-01-18T23:00:00,2026-02-15T23:00:00,,,42.0
2026-02-13 19:00:00,28.0,45.73259353637695,1.0,Tema Port,tabular,xgboost,h24,2026-01-04T23:00:00,2026-01-18T23:00:00,2026-02-15T23:00:00,,,42.0
2026-02-13 20:00:00,10.7,46.27544403076172,1.0,Tema Port,tabular,xgboost,h24,2026-01-04T23:00:00,2026-01-18T23:00:00,2026-02-15T23:00:00,,,42.0
2026-02-13 21:00:00,10.8,52.867557525634766,1.0,Tema Port,tabular,xgboost,h24,2026-01-04T23:00:00,2026-01-18T23:00:00,2026-02-15T23:00:00,,,42.0
2026-02-13 22:00:00,12.1,60.112545013427734,1.0,Tema Port,tabular,xgboost,h24,2026-01-04T23:00:00,2026-01-18T23:00:00,2026-02-15T23:00:00,,,42.0
2026-02-13 23:00:00,16.3,50.184688568115234,1.0,Tema Port,tabular,xgboost,h24,2026-01-04T23:00:00,2026-01-18T23:00:00,2026-02-15T23:00:00,,,42.0
2026-02-14 00:00:00,9.4,36.467044830322266,1.0,Tema Port,tabular,xgboost,h24,2026-01-04T23:00:00,2026-01-18T23:00:00,2026-02-15T23:00:00,,,42.0
2026-02-14 01:00:00,11.4,39.539058685302734,1.0,Tema Port,tabular,xgboost,h24,2026-01-04T23:00:00,2026-01-18T23:00:00,2026-02-15T23:00:00,,,42.0
2026-02-14 02:00:00,18.0,40.84889221191406,1.0,Tema Port,tabular,xgboost,h24,2026-01-04T23:00:00,2026-01-18T23:00:00,2026-02-15T23:00:00,,,42.0
2026-02-14 03:00:00,17.1,48.32859802246094,1.0,Tema Port,tabular,xgboost,h24,2026-01-04T23:00:00,2026-01-18T23:00:00,2026-02-15T23:00:00,,,42.0
2026-02-14 04:00:00,22.1,54.443939208984375,1.0,Tema Port,tabular,xgboost,h24,2026-01-04T23:00:00,2026-01-18T23:00:00,2026-02-15T23:00:00,,,42.0
2026-02-14 05:00:00,28.2,54.80898666381836,1.0,Tema Port,tabular,xgboost,h24,2026-01-04T23:00:00,2026-01-18T23:00:00,2026-02-15T23:00:00,,,42.0
2026-02-14 06:00:00,32.7,62.18309783935547,1.0,Tema Port,tabular,xgboost,h24,2026-01-04T23:00:00,2026-01-18T23:00:00,2026-02-15T23:00:00,,,42.0
2026-02-14 07:00:00,33.3,58.4254035949707,1.0,Tema Port,tabular,xgboost,h24,2026-01-04T23:00:00,2026-01-18T23:00:00,2026-02-15T23:00:00,,,42.0
2026-02-14 08:00:00,31.5,50.68952941894531,1.0,Tema Port,tabular,xgboost,h24,2026-01-04T23:00:00,2026-01-18T23:00:00,2026-02-15T23:00:00,,,42.0
2026-02-14 09:00:00,32.3,34.79905700683594,1.0,Tema Port,tabular,xgboost,h24,2026-01-04T23:00:00,2026-01-18T23:00:00,2026-02-15T23:00:00,,,42.0
2026-02-14 10:00:00,27.3,30.65367317199707,1.0,Tema Port,tabular,xgboost,h24,2026-01-04T23:00:00,2026-01-18T23:00:00,2026-02-15T23:00:00,,,42.0
2026-02-14 11:00:00,26.7,27.418548583984375,1.0,Tema Port,tabular,xgboost,h24,2026-01-04T23:00:00,2026-01-18T23:00:00,2026-02-15T23:00:00,,,42.0
2026-02-14 12:00:00,24.8,21.76749038696289,1.0,Tema Port,tabular,xgboost,h24,2026-01-04T23:00:00,2026-01-18T23:00:00,2026-02-15T23:00:00,,,42.0
2026-02-14 13:00:00,23.8,17.09479522705078,1.0,Tema Port,tabular,xgboost,h24,2026-01-04T23:00:00,2026-01-18T23:00:00,2026-02-15T23:00:00,,,42.0
2026-02-14 14:00:00,21.2,28.733171463012695,1.0,Tema Port,tabular,xgboost,h24,2026-01-04T23:00:00,2026-01-18T23:00:00,2026-02-15T23:00:00,,,42.0
2026-02-14 15:00:00,46.5,17.072267532348633,1.0,Tema Port,tabular,xgboost,h24,2026-01-04T23:00:00,2026-01-18T23:00:00,2026-02-15T23:00:00,,,42.0
2026-02-14 16:00:00,41.6,12.294988632202148,1.0,Tema Port,tabular,xgboost,h24,2026-01-04T23:00:00,2026-01-18T23:00:00,2026-02-15T23:00:00,,,42.0
2026-02-14 17:00:00,55.3,19.29058837890625,1.0,Tema Port,tabular,xgboost,h24,2026-01-04T23:00:00,2026-01-18T23:00:00,2026-02-15T23:00:00,,,42.0
2026-02-14 18:00:00,68.7,35.32405471801758,1.0,Tema Port,tabular,xgboost,h24,2026-01-04T23:00:00,2026-01-18T23:00:00,2026-02-15T23:00:00,,,42.0
2026-02-14 19:00:00,64.6,34.77595138549805,1.0,Tema Port,tabular,xgboost,h24,2026-01-04T23:00:00,2026-01-18T23:00:00,2026-02-15T23:00:00,,,42.0
2026-02-14 20:00:00,60.0,32.246883392333984,1.0,Tema Port,tabular,xgboost,h24,2026-01-04T23:00:00,2026-01-18T23:00:00,2026-02-15T23:00:00,,,42.0
2026-02-14 21:00:00,61.2,30.587820053100586,1.0,Tema Port,tabular,xgboost,h24,2026-01-04T23:00:00,2026-01-18T23:00:00,2026-02-15T23:00:00,,,42.0
2026-02-14 22:00:00,53.2,57.58781051635742,1.0,Tema Port,tabular,xgboost,h24,2026-01-04T23:00:00,2026-01-18T23:00:00,2026-02-15T23:00:00,,,42.0
2026-02-14 23:00:00,45.5,50.41752624511719,1.0,Tema Port,tabular,xgboost,h24,2026-01-04T23:00:00,2026-01-18T23:00:00,2026-02-15T23:00:00,,,42.0
2026-02-15 00:00:00,38.8,67.76807403564453,1.0,Tema Port,tabular,xgboost,h24,2026-01-04T23:00:00,2026-01-18T23:00:00,2026-02-15T23:00:00,,,42.0
2026-02-15 01:00:00,39.7,65.33207702636719,1.0,Tema Port,tabular,xgboost,h24,2026-01-04T23:00:00,2026-01-18T23:00:00,2026-02-15T23:00:00,,,42.0
2026-02-15 02:00:00,42.2,54.93172836303711,1.0,Tema Port,tabular,xgboost,h24,2026-01-04T23:00:00,2026-01-18T23:00:00,2026-02-15T23:00:00,,,42.0
2026-02-15 03:00:00,34.8,75.21954345703125,1.0,Tema Port,tabular,xgboost,h24,2026-01-04T23:00:00,2026-01-18T23:00:00,2026-02-15T23:00:00,,,42.0
2026-02-15 04:00:00,36.1,82.90867614746094,1.0,Tema Port,tabular,xgboost,h24,2026-01-04T23:00:00,2026-01-18T23:00:00,2026-02-15T23:00:00,,,42.0
2026-02-15 05:00:00,42.2,69.90692901611328,1.0,Tema Port,tabular,xgboost,h24,2026-01-04T23:00:00,2026-01-18T23:00:00,2026-02-15T23:00:00,,,42.0
2026-02-15 06:00:00,45.1,70.62393188476562,1.0,Tema Port,tabular,xgboost,h24,2026-01-04T23:00:00,2026-01-18T23:00:00,2026-02-15T23:00:00,,,42.0
2026-02-15 07:00:00,42.0,56.80891418457031,1.0,Tema Port,tabular,xgboost,h24,2026-01-04T23:00:00,2026-01-18T23:00:00,2026-02-15T23:00:00,,,42.0
2026-02-15 08:00:00,31.7,54.53728485107422,1.0,Tema Port,tabular,xgboost,h24,2026-01-04T23:00:00,2026-01-18T23:00:00,2026-02-15T23:00:00,,,42.0
2026-02-15 09:00:00,20.6,35.31698226928711,1.0,Tema Port,tabular,xgboost,h24,2026-01-04T23:00:00,2026-01-18T23:00:00,2026-02-15T23:00:00,,,42.0
2026-02-15 10:00:00,30.5,25.986244201660156,1.0,Tema Port,tabular,xgboost,h24,2026-01-04T23:00:00,2026-01-18T23:00:00,2026-02-15T23:00:00,,,42.0
2026-02-15 11:00:00,12.6,44.39610290527344,1.0,Tema Port,tabular,xgboost,h24,2026-01-04T23:00:00,2026-01-18T23:00:00,2026-02-15T23:00:00,,,42.0
2026-02-15 12:00:00,8.2,37.37248992919922,1.0,Tema Port,tabular,xgboost,h24,2026-01-04T23:00:00,2026-01-18T23:00:00,2026-02-15T23:00:00,,,42.0
2026-02-15 13:00:00,5.8,26.48771095275879,1.0,Tema Port,tabular,xgboost,h24,2026-01-04T23:00:00,2026-01-18T23:00:00,2026-02-15T23:00:00,,,42.0
2026-02-15 14:00:00,4.2,30.153696060180664,1.0,Tema Port,tabular,xgboost,h24,2026-01-04T23:00:00,2026-01-18T23:00:00,2026-02-15T23:00:00,,,42.0
2026-02-15 15:00:00,4.3,22.943464279174805,1.0,Tema Port,tabular,xgboost,h24,2026-01-04T23:00:00,2026-01-18T23:00:00,2026-02-15T23:00:00,,,42.0
2026-02-15 16:00:00,3.7,22.50079345703125,1.0,Tema Port,tabular,xgboost,h24,2026-01-04T23:00:00,2026-01-18T23:00:00,2026-02-15T23:00:00,,,42.0
2026-02-15 17:00:00,3.4,30.690839767456055,1.0,Tema Port,tabular,xgboost,h24,2026-01-04T23:00:00,2026-01-18T23:00:00,2026-02-15T23:00:00,,,42.0
2026-02-15 18:00:00,5.7,40.425880432128906,1.0,Tema Port,tabular,xgboost,h24,2026-01-04T23:00:00,2026-01-18T23:00:00,2026-02-15T23:00:00,,,42.0
2026-02-15 19:00:00,6.1,33.68571472167969,1.0,Tema Port,tabular,xgboost,h24,2026-01-04T23:00:00,2026-01-18T23:00:00,2026-02-15T23:00:00,,,42.0
2026-02-15 20:00:00,5.2,37.91914749145508,1.0,Tema Port,tabular,xgboost,h24,2026-01-04T23:00:00,2026-01-18T23:00:00,2026-02-15T23:00:00,,,42.0
2026-02-15 21:00:00,4.8,38.97411346435547,1.0,Tema Port,tabular,xgboost,h24,2026-01-04T23:00:00,2026-01-18T23:00:00,2026-02-15T23:00:00,,,42.0
2026-02-15 22:00:00,8.8,44.374263763427734,1.0,Tema Port,tabular,xgboost,h24,2026-01-04T23:00:00,2026-01-18T23:00:00,2026-02-15T23:00:00,,,42.0
2026-02-15 23:00:00,8.2,43.405311584472656,1.0,Tema Port,tabular,xgboost,h24,2026-01-04T23:00:00,2026-01-18T23:00:00,2026-02-15T23:00:00,,,42.0
