target_time,y_true,y_pred,harmattan,location,pipeline,model,horizon,split_val_start,split_test_start,split_tmax,keras_backend,seq_len,seed
2026-01-18 23:00:00,65.0,46.720199205599,1.0,"Divine healer's Church, Bethlehem",tabular,ridge_ar_lag_fourier,h24,2026-01-04T23:00:00,2026-01-18T23:00:00,2026-02-15T23:00:00,,,42.0
2026-01-19 00:00:00,67.6,45.99512915831349,1.0,"Divine healer's Church, Bethlehem",tabular,ridge_ar_lag_fourier,h24,2026-01-04T23:00:00,2026-01-18T23:00:00,2026-02-15T23:00:00,,,42.0
2026-01-19 01:00:00,52.7,43.86760764929103,1.0,"Divine healer's Church, Bethlehem",tabular,ridge_ar_lag_fourier,h24,2026-01-04T23:00:00,2026-01-18T23:00:00,2026-02-15T23:00:00,,,42.0
2026-01-19 02:00:00,43.0,41.4373782883448,1.0,"Divine healer's Church, Bethlehem",tabular,ridge_ar_lag_fourier,h24,2026-01-04T23:00:00,2026-01-18T23:00:00,2026-02-15T23:00:00,,,42.0
2026-01-19 03:00:00,40.4,39.31475438047547,1.0,"Divine healer's Church, Bethlehem",tabular,ridge_ar_lag_fourier,h24,2026-01-04T23:00:00,2026-01-18T23:00:00,2026-02-15T23:00:00,,,42.0
2026-01-19 04:00:00,42.4,40.66885055302133,1.0,"Divine healer's Church, Bethlehem",tabular,ridge_ar_lag_fourier,h24,2026-01-04T23:00:00,2026-01-18T23:00:00,2026-02-15T23:00:00,,,42.0
2026-01-19 05:00:00,53.8,44.03278919823383,1.0,"Divine healer's Church, Bethlehem",tabular,ridge_ar_lag_fourier,h24,2026-01-04T23:00:00,2026-01-18T23:00:00,2026-02-15T23:00:00,,,42.0
2026-01-19 06:00:00,53.5,48.43019126655773,1.0,"Divine healer's Church, Bethlehem",tabular,ridge_ar_lag_fourier,h24,2026-01-04T23:00:00,2026-01-18T23:00:00,2026-02-15T23:00:00,,,42.0
2026-01-19 07:00:00,53.7,43.489333755342784,1.0,"Divine healer's Church, Bethlehem",tabular,ridge_ar_lag_fourier,h24,2026-01-04T23:00:00,2026-01-18T23:00:00,2026-02-15T23:00:00,,,42.0
2026-01-19 08:00:00,92.0,36.34625030706623,1.0,"Divine healer's Church, Bethlehem",tabular,ridge_ar_lag_fourier,h24,2026-01-04T23:00:00,2026-01-18T23:00:00,2026-02-15T23:00:00,,,42.0
2026-01-19 09:00:00,46.0,35.54897405071455,1.0,"Divine healer's Church, Bethlehem",tabular,ridge_ar_lag_fourier,h24,2026-01-04T23:00:00,2026-01-18T23:00:00,2026-02-15T23:00:00,,,42.0
2026-01-19 10:00:00,47.7,37.437680567359585,1.0,"Divine healer's Church, Bethlehem",tabular,ridge_ar_lag_fourier,h24,2026-01-04T23:00:00,2026-01-18T23:00:00,2026-02-15T23:00:00,,,42.0
2026-01-19 11:00:00,44.4,38.244166533105556,1.0,"Divine healer's Church, Bethlehem",tabular,ridge_ar_lag_fourier,h24,2026-01-04T23:00:00,2026-01-18T23:00:00,2026-02-15T23:00:00,,,42.0
2026-01-19 12:00:00,37.8,38.208874905317955,1.0,"Divine healer's Church, Bethlehem",tabular,ridge_ar_lag_fourier,h24,2026-01-04T23:00:00,2026-01-18T23:00:00,2026-02-15T23:00:00,,,42.0
2026-01-19 13:00:00,38.0,32.71047558169661,1.0,"Divine healer's Church, Bethlehem",tabular,ridge_ar_lag_fourier,h24,2026-01-04T23:00:00,2026-01-18T23:00:00,2026-02-15T23:00:00,,,42.0
2026-01-19 14:00:00,50.8,29.730340267529737,1.0,"Divine healer's Church, Bethlehem",tabular,ridge_ar_lag_fourier,h24,2026-01-04T23:00:00,2026-01-18T23:00:00,2026-02-15T23:00:00,,,42.0
2026-01-19 15:00:00,39.8,36.64644438316501,1.0,"Divine healer's Church, Bethlehem",tabular,ridge_ar_lag_fourier,h24,2026-01-04T23:00:00,2026-01-18T23:00:00,2026-02-15T23:00:00,,,42.0
2026-01-19 16:00:00,43.2,40.42907881064403,1.0,"Divine healer's Church, Bethlehem",tabular,ridge_ar_lag_fourier,h24,2026-01-04T23:00:00,2026-01-18T23:00:00,2026-02-15T23:00:00,,,42.0
2026-01-19 17:00:00,49.5,52.66816441905969,1.0,"Divine healer's Church, Bethlehem",tabular,ridge_ar_lag_fourier,h24,2026-01-04T23:00:00,2026-01-18T23:00:00,2026-02-15T23:00:00,,,42.0
2026-01-19 18:00:00,50.9,54.53911645607596,1.0,"Divine healer's Church, Bethlehem",tabular,ridge_ar_lag_fourier,h24,2026-01-04T23:00:00,2026-01-18T23:00:00,2026-02-15T23:00:00,,,42.0
2026-01-19 19:00:00,46.9,52.80590633733347,1.0,"Divine healer's Church, Bethlehem",tabular,ridge_ar_lag_fourier,h24,2026-01-04T23:00:00,2026-01-18T23:00:00,2026-02-15T23:00:00,,,42.0
2026-01-19 20:00:00,46.4,50.02085348142896,1.0,"Divine healer's Church, Bethlehem",tabular,ridge_ar_lag_fourier,h24,2026-01-04T23:00:00,2026-01-18T23:00:00,2026-02-15T23:00:00,,,42.0
2026-01-19 21:00:00,39.1,45.46222484143556,1.0,"Divine healer's Church, Bethlehem",tabular,ridge_ar_lag_fourier,h24,2026-01-04T23:00:00,2026-01-18T23:00:00,2026-02-15T23:00:00,,,42.0
2026-01-19 22:00:00,38.9,41.51591565134548,1.0,"Divine healer's Church, Bethlehem",tabular,ridge_ar_lag_fourier,h24,2026-01-04T23:00:00,2026-01-18T23:00:00,2026-02-15T23:00:00,,,42.0
2026-01-19 23:00:00,34.9,43.01209839722664,1.0,"Divine healer's Church, Bethlehem",tabular,ridge_ar_lag_fourier,h24,2026-01-04T23:00:00,2026-01-18T23:00:00,2026-02-15T23:00:00,,,42.0
2026-01-20 00:00:00,33.3,47.8743384830189,1.0,"Divine healer's Church, Bethlehem",tabular,ridge_ar_lag_fourier,h24,2026-01-04T23:00:00,2026-01-18T23:00:00,2026-02-15T23:00:00,,,42.0
2026-01-20 01:00:00,33.3,45.379602858736,1.0,"Divine healer's Church, Bethlehem",tabular,ridge_ar_lag_fourier,h24,2026-01-04T23:00:00,2026-01-18T23:00:00,2026-02-15T23:00:00,,,42.0
2026-01-20 02:00:00,34.9,41.28934910530931,1.0,"Divine healer's Church, Bethlehem",tabular,ridge_ar_lag_fourier,h24,2026-01-04T23:00:00,2026-01-18T23:00:00,2026-02-15T23:00:00,,,42.0
2026-01-20 03:00:00,48.6,38.35307911926241,1.0,"Divine healer's Church, Bethlehem",tabular,ridge_ar_lag_fourier,h24,2026-01-04T23:00:00,2026-01-18T23:00:00,2026-02-15T23:00:00,,,42.0
2026-01-20 04:00:00,33.7,39.34726520375961,1.0,"Divine healer's Church, Bethlehem",tabular,ridge_ar_lag_fourier,h24,2026-01-04T23:00:00,2026-01-18T23:00:00,2026-02-15T23:00:00,,,42.0
2026-01-20 05:00:00,39.5,45.35940709264828,1.0,"Divine healer's Church, Bethlehem",tabular,ridge_ar_lag_fourier,h24,2026-01-04T23:00:00,2026-01-18T23:00:00,2026-02-15T23:00:00,,,42.0
2026-01-20 06:00:00,46.9,47.65572237064579,1.0,"Divine healer's Church, Bethlehem",tabular,ridge_ar_lag_fourier,h24,2026-01-04T23:00:00,2026-01-18T23:00:00,2026-02-15T23:00:00,,,42.0
2026-01-20 07:00:00,42.6,44.21917426505409,1.0,"Divine healer's Church, Bethlehem",tabular,ridge_ar_lag_fourier,h24,2026-01-04T23:00:00,2026-01-18T23:00:00,2026-02-15T23:00:00,,,42.0
2026-01-20 08:00:00,37.7,40.20683732532478,1.0,"Divine healer's Church, Bethlehem",tabular,ridge_ar_lag_fourier,h24,2026-01-04T23:00:00,2026-01-18T23:00:00,2026-02-15T23:00:00,,,42.0
2026-01-20 09:00:00,38.9,43.309672622498056,1.0,"Divine healer's Church, Bethlehem",tabular,ridge_ar_lag_fourier,h24,2026-01-04T23:00:00,2026-01-18T23:00:00,2026-02-15T23:00:00,,,42.0
2026-01-20 10:00:00,34.1,40.26919313303043,1.0,"Divine healer's Church, Bethlehem",tabular,ridge_ar_lag_fourier,h24,2026-01-04T23:00:00,2026-01-18T23:00:00,2026-02-15T23:00:00,,,42.0
2026-01-20 11:00:00,33.4,39.94165890895149,1.0,"Divine healer's Church, Bethlehem",tabular,ridge_ar_lag_fourier,h24,2026-01-04T23:00:00,2026-01-18T23:00:00,2026-02-15T23:00:00,,,42.0
2026-01-20 12:00:00,36.7,36.04973598505548,1.0,"Divine healer's Church, Bethlehem",tabular,ridge_ar_lag_fourier,h24,2026-01-04T23:00:00,2026-01-18T23:00:00,2026-02-15T23:00:00,,,42.0
2026-01-20 13:00:00,36.8,35.95374064825807,1.0,"Divine healer's Church, Bethlehem",tabular,ridge_ar_lag_fourier,h24,2026-01-04T23:00:00,2026-01-18T23:00:00,2026-02-15T23:00:00,,,42.0
2026-01-20 14:00:00,34.3,30.371647538197745,1.0,"Divine healer's Church, Bethlehem",tabular,ridge_ar_lag_fourier,h24,2026-01-04T23:00:00,2026-01-18T23:00:00,2026-02-15T23:00:00,,,42.0
2026-01-20 15:00:00,40.9,33.74891776000515,1.0,"Divine healer's Church, Bethlehem",tabular,ridge_ar_lag_fourier,h24,2026-01-04T23:00:00,2026-01-18T23:00:00,2026-02-15T23:00:00,,,42.0
2026-01-20 16:00:00,42.6,37.49838128289673,1.0,"Divine healer's Church, Bethlehem",tabular,ridge_ar_lag_fourier,h24,2026-01-04T23:00:00,2026-01-18T23:00:00,2026-02-15T23:00:00,,,42.0
2026-01-20 17:00:00,39.6,39.24944690041015,1.0,"Divine healer's Church, Bethlehem",tabular,ridge_ar_lag_fourier,h24,2026-01-04T23:00:00,2026-01-18T23:00:00,2026-02-15T23:00:00,,,42.0
2026-01-20 18:00:00,44.5,44.90729063622224,1.0,"Divine healer's Church, Bethlehem",tabular,ridge_ar_lag_fourier,h24,2026-01-04T23:00:00,2026-01-18T23:00:00,2026-02-15T23:00:00,,,42.0
2026-01-20 19:00:00,92.6,49.285144297090305,1.0,"Divine healer's Church, Bethlehem",tabular,ridge_ar_lag_fourier,h24,2026-01-04T23:00:00,2026-01-18T23:00:00,2026-02-15T23:00:00,,,42.0
2026-01-20 20:00:00,64.0,46.52872574435635,1.0,"Divine healer's Church, Bethlehem",tabular,ridge_ar_lag_fourier,h24,2026-01-04T23:00:00,2026-01-18T23:00:00,2026-02-15T23:00:00,,,42.0
2026-01-20 21:00:00,48.2,43.28321653967349,1.0,"Divine healer's Church, Bethlehem",tabular,ridge_ar_lag_fourier,h24,2026-01-04T23:00:00,2026-01-18T23:00:00,2026-02-15T23:00:00,,,42.0
2026-01-20 22:00:00,31.7,43.7388329845282,1.0,"Divine healer's Church, Bethlehem",tabular,ridge_ar_lag_fourier,h24,2026-01-04T23:00:00,2026-01-18T23:00:00,2026-02-15T23:00:00,,,42.0
2026-01-20 23:00:00,35.1,43.66964453453589,1.0,"Divine healer's Church, Bethlehem",tabular,ridge_ar_lag_fourier,h24,2026-01-04T23:00:00,2026-01-18T23:00:00,2026-02-15T23:00:00,,,42.0
2026-01-21 00:00:00,18.1,46.695275163360336,1.0,"Divine healer's Church, Bethlehem",tabular,ridge_ar_lag_fourier,h24,2026-01-04T23:00:00,2026-01-18T23:00:00,2026-02-15T23:00:00,,,42.0
2026-01-21 01:00:00,35.0,42.00572139397019,1.0,"Divine healer's Church, Bethlehem",tabular,ridge_ar_lag_fourier,h24,2026-01-04T23:00:00,2026-01-18T23:00:00,2026-02-15T23:00:00,,,42.0
2026-01-21 02:00:00,28.8,38.503170014496646,1.0,"Divine healer's Church, Bethlehem",tabular,ridge_ar_lag_fourier,h24,2026-01-04T23:00:00,2026-01-18T23:00:00,2026-02-15T23:00:00,,,42.0
2026-01-21 03:00:00,16.5,37.67997178206084,1.0,"Divine healer's Church, Bethlehem",tabular,ridge_ar_lag_fourier,h24,2026-01-04T23:00:00,2026-01-18T23:00:00,2026-02-15T23:00:00,,,42.0
2026-01-21 04:00:00,22.8,42.20207622406437,1.0,"Divine healer's Church, Bethlehem",tabular,ridge_ar_lag_fourier,h24,2026-01-04T23:00:00,2026-01-18T23:00:00,2026-02-15T23:00:00,,,42.0
2026-01-21 05:00:00,31.9,44.93137168603195,1.0,"Divine healer's Church, Bethlehem",tabular,ridge_ar_lag_fourier,h24,2026-01-04T23:00:00,2026-01-18T23:00:00,2026-02-15T23:00:00,,,42.0
2026-01-21 06:00:00,45.0,47.680010091469136,1.0,"Divine healer's Church, Bethlehem",tabular,ridge_ar_lag_fourier,h24,2026-01-04T23:00:00,2026-01-18T23:00:00,2026-02-15T23:00:00,,,42.0
2026-01-21 07:00:00,46.2,47.49460062697348,1.0,"Divine healer's Church, Bethlehem",tabular,ridge_ar_lag_fourier,h24,2026-01-04T23:00:00,2026-01-18T23:00:00,2026-02-15T23:00:00,,,42.0
2026-01-21 08:00:00,34.2,42.30860275815435,1.0,"Divine healer's Church, Bethlehem",tabular,ridge_ar_lag_fourier,h24,2026-01-04T23:00:00,2026-01-18T23:00:00,2026-02-15T23:00:00,,,42.0
2026-01-21 09:00:00,26.3,38.379155201241275,1.0,"Divine healer's Church, Bethlehem",tabular,ridge_ar_lag_fourier,h24,2026-01-04T23:00:00,2026-01-18T23:00:00,2026-02-15T23:00:00,,,42.0
2026-01-21 10:00:00,26.3,39.791241228896894,1.0,"Divine healer's Church, Bethlehem",tabular,ridge_ar_lag_fourier,h24,2026-01-04T23:00:00,2026-01-18T23:00:00,2026-02-15T23:00:00,,,42.0
2026-01-21 11:00:00,31.2,38.95219494047873,1.0,"Divine healer's Church, Bethlehem",tabular,ridge_ar_lag_fourier,h24,2026-01-04T23:00:00,2026-01-18T23:00:00,2026-02-15T23:00:00,,,42.0
2026-01-21 12:00:00,39.2,35.658028328697874,1.0,"Divine healer's Church, Bethlehem",tabular,ridge_ar_lag_fourier,h24,2026-01-04T23:00:00,2026-01-18T23:00:00,2026-02-15T23:00:00,,,42.0
2026-01-21 13:00:00,37.5,37.51950222492569,1.0,"Divine healer's Church, Bethlehem",tabular,ridge_ar_lag_fourier,h24,2026-01-04T23:00:00,2026-01-18T23:00:00,2026-02-15T23:00:00,,,42.0
2026-01-21 14:00:00,34.6,33.169158882128706,1.0,"Divine healer's Church, Bethlehem",tabular,ridge_ar_lag_fourier,h24,2026-01-04T23:00:00,2026-01-18T23:00:00,2026-02-15T23:00:00,,,42.0
2026-01-21 15:00:00,33.0,34.570369507634986,1.0,"Divine healer's Church, Bethlehem",tabular,ridge_ar_lag_fourier,h24,2026-01-04T23:00:00,2026-01-18T23:00:00,2026-02-15T23:00:00,,,42.0
2026-01-21 16:00:00,35.3,37.50485594026849,1.0,"Divine healer's Church, Bethlehem",tabular,ridge_ar_lag_fourier,h24,2026-01-04T23:00:00,2026-01-18T23:00:00,2026-02-15T23:00:00,,,42.0
2026-01-21 17:00:00,46.2,40.16951710913433,1.0,"Divine healer's Church, Bethlehem",tabular,ridge_ar_lag_fourier,h24,2026-01-04T23:00:00,2026-01-18T23:00:00,2026-02-15T23:00:00,,,42.0
2026-01-21 18:00:00,56.9,46.521404134833816,1.0,"Divine healer's Church, Bethlehem",tabular,ridge_ar_lag_fourier,h24,2026-01-04T23:00:00,2026-01-18T23:00:00,2026-02-15T23:00:00,,,42.0
2026-01-21 19:00:00,54.1,47.34629501603398,1.0,"Divine healer's Church, Bethlehem",tabular,ridge_ar_lag_fourier,h24,2026-01-04T23:00:00,2026-01-18T23:00:00,2026-02-15T23:00:00,,,42.0
2026-01-21 20:00:00,53.0,55.38823154159013,1.0,"Divine healer's Church, Bethlehem",tabular,ridge_ar_lag_fourier,h24,2026-01-04T23:00:00,2026-01-18T23:00:00,2026-02-15T23:00:00,,,42.0
2026-01-21 21:00:00,42.2,44.385251226901644,1.0,"Divine healer's Church, Bethlehem",tabular,ridge_ar_lag_fourier,h24,2026-01-04T23:00:00,2026-01-18T23:00:00,2026-02-15T23:00:00,,,42.0
2026-01-21 22:00:00,50.2,41.861300832408325,1.0,"Divine healer's Church, Bethlehem",tabular,ridge_ar_lag_fourier,h24,2026-01-04T23:00:00,2026-01-18T23:00:00,2026-02-15T23:00:00,,,42.0
2026-01-21 23:00:00,46.7,39.981462209861284,1.0,"Divine healer's Church, Bethlehem",tabular,ridge_ar_lag_fourier,h24,2026-01-04T23:00:00,2026-01-18T23:00:00,2026-02-15T23:00:00,,,42.0
2026-01-22 00:00:00,40.3,43.34621526635226,1.0,"Divine healer's Church, Bethlehem",tabular,ridge_ar_lag_fourier,h24,2026-01-04T23:00:00,2026-01-18T23:00:00,2026-02-15T23:00:00,,,42.0
2026-01-22 01:00:00,39.0,39.00095838697497,1.0,"Divine healer's Church, Bethlehem",tabular,ridge_ar_lag_fourier,h24,2026-01-04T23:00:00,2026-01-18T23:00:00,2026-02-15T23:00:00,,,42.0
2026-01-22 02:00:00,36.8,38.28345464311848,1.0,"Divine healer's Church, Bethlehem",tabular,ridge_ar_lag_fourier,h24,2026-01-04T23:00:00,2026-01-18T23:00:00,2026-02-15T23:00:00,,,42.0
2026-01-22 03:00:00,34.8,37.30740302796218,1.0,"Divine healer's Church, Bethlehem",tabular,ridge_ar_lag_fourier,h24,2026-01-04T23:00:00,2026-01-18T23:00:00,2026-02-15T23:00:00,,,42.0
2026-01-22 04:00:00,36.4,36.37042843858091,1.0,"Divine healer's Church, Bethlehem",tabular,ridge_ar_lag_fourier,h24,2026-01-04T23:00:00,2026-01-18T23:00:00,2026-02-15T23:00:00,,,42.0
2026-01-22 05:00:00,46.2,42.628951264636044,1.0,"Divine healer's Church, Bethlehem",tabular,ridge_ar_lag_fourier,h24,2026-01-04T23:00:00,2026-01-18T23:00:00,2026-02-15T23:00:00,,,42.0
2026-01-22 06:00:00,44.1,48.97303963894133,1.0,"Divine healer's Church, Bethlehem",tabular,ridge_ar_lag_fourier,h24,2026-01-04T23:00:00,2026-01-18T23:00:00,2026-02-15T23:00:00,,,42.0
2026-01-22 07:00:00,40.7,47.089013762730794,1.0,"Divine healer's Church, Bethlehem",tabular,ridge_ar_lag_fourier,h24,2026-01-04T23:00:00,2026-01-18T23:00:00,2026-02-15T23:00:00,,,42.0
2026-01-22 08:00:00,31.2,44.02393233725502,1.0,"Divine healer's Church, Bethlehem",tabular,ridge_ar_lag_fourier,h24,2026-01-04T23:00:00,2026-01-18T23:00:00,2026-02-15T23:00:00,,,42.0
2026-01-22 09:00:00,31.8,39.590429151189916,1.0,"Divine healer's Church, Bethlehem",tabular,ridge_ar_lag_fourier,h24,2026-01-04T23:00:00,2026-01-18T23:00:00,2026-02-15T23:00:00,,,42.0
2026-01-22 10:00:00,36.1,38.1441528297222,1.0,"Divine healer's Church, Bethlehem",tabular,ridge_ar_lag_fourier,h24,2026-01-04T23:00:00,2026-01-18T23:00:00,2026-02-15T23:00:00,,,42.0
2026-01-22 11:00:00,40.7,37.60917716864981,1.0,"Divine healer's Church, Bethlehem",tabular,ridge_ar_lag_fourier,h24,2026-01-04T23:00:00,2026-01-18T23:00:00,2026-02-15T23:00:00,,,42.0
2026-01-22 12:00:00,46.0,35.924375712968605,1.0,"Divine healer's Church, Bethlehem",tabular,ridge_ar_lag_fourier,h24,2026-01-04T23:00:00,2026-01-18T23:00:00,2026-02-15T23:00:00,,,42.0
2026-01-22 13:00:00,46.1,38.89106389058469,1.0,"Divine healer's Church, Bethlehem",tabular,ridge_ar_lag_fourier,h24,2026-01-04T23:00:00,2026-01-18T23:00:00,2026-02-15T23:00:00,,,42.0
2026-01-22 14:00:00,45.0,34.650971012762895,1.0,"Divine healer's Church, Bethlehem",tabular,ridge_ar_lag_fourier,h24,2026-01-04T23:00:00,2026-01-18T23:00:00,2026-02-15T23:00:00,,,42.0
2026-01-22 15:00:00,38.9,37.525406128544084,1.0,"Divine healer's Church, Bethlehem",tabular,ridge_ar_lag_fourier,h24,2026-01-04T23:00:00,2026-01-18T23:00:00,2026-02-15T23:00:00,,,42.0
2026-01-22 16:00:00,34.1,38.65628471026697,1.0,"Divine healer's Church, Bethlehem",tabular,ridge_ar_lag_fourier,h24,2026-01-04T23:00:00,2026-01-18T23:00:00,2026-02-15T23:00:00,,,42.0
2026-01-22 17:00:00,31.5,40.51966992771666,1.0,"Divine healer's Church, Bethlehem",tabular,ridge_ar_lag_fourier,h24,2026-01-04T23:00:00,2026-01-18T23:00:00,2026-02-15T23:00:00,,,42.0
2026-01-22 18:00:00,48.7,51.20853574961268,1.0,"Divine healer's Church, Bethlehem",tabular,ridge_ar_lag_fourier,h24,2026-01-04T23:00:00,2026-01-18T23:00:00,2026-02-15T23:00:00,,,42.0
2026-01-22 19:00:00,37.1,55.80330778449512,1.0,"Divine healer's Church, Bethlehem",tabular,ridge_ar_lag_fourier,h24,2026-01-04T23:00:00,2026-01-18T23:00:00,2026-02-15T23:00:00,,,42.0
2026-01-22 20:00:00,47.8,53.37538507225132,1.0,"Divine healer's Church, Bethlehem",tabular,ridge_ar_lag_fourier,h24,2026-01-04T23:00:00,2026-01-18T23:00:00,2026-02-15T23:00:00,,,42.0
2026-01-22 21:00:00,64.0,41.60267669043607,1.0,"Divine healer's Church, Bethlehem",tabular,ridge_ar_lag_fourier,h24,2026-01-04T23:00:00,2026-01-18T23:00:00,2026-02-15T23:00:00,,,42.0
2026-01-22 22:00:00,55.1,42.298184505077145,1.0,"Divine healer's Church, Bethlehem",tabular,ridge_ar_lag_fourier,h24,2026-01-04T23:00:00,2026-01-18T23:00:00,2026-02-15T23:00:00,,,42.0
2026-01-22 23:00:00,56.3,40.86595537936515,1.0,"Divine healer's Church, Bethlehem",tabular,ridge_ar_lag_fourier,h24,2026-01-04T23:00:00,2026-01-18T23:00:00,2026-02-15T23:00:00,,,42.0
2026-01-23 00:00:00,47.7,42.53798678711358,1.0,"Divine healer's Church, Bethlehem",tabular,ridge_ar_lag_fourier,h24,2026-01-04T23:00:00,2026-01-18T23:00:00,2026-02-15T23:00:00,,,42.0
2026-01-23 01:00:00,40.4,40.74419059343964,1.0,"Divine healer's Church, Bethlehem",tabular,ridge_ar_lag_fourier,h24,2026-01-04T23:00:00,2026-01-18T23:00:00,2026-02-15T23:00:00,,,42.0
2026-01-23 02:00:00,43.1,39.27881378880526,1.0,"Divine healer's Church, Bethlehem",tabular,ridge_ar_lag_fourier,h24,2026-01-04T23:00:00,2026-01-18T23:00:00,2026-02-15T23:00:00,,,42.0
2026-01-23 03:00:00,50.0,35.89042322484636,1.0,"Divine healer's Church, Bethlehem",tabular,ridge_ar_lag_fourier,h24,2026-01-04T23:00:00,2026-01-18T23:00:00,2026-02-15T23:00:00,,,42.0
2026-01-23 04:00:00,59.9,36.164925487140266,1.0,"Divine healer's Church, Bethlehem",tabular,ridge_ar_lag_fourier,h24,2026-01-04T23:00:00,2026-01-18T23:00:00,2026-02-15T23:00:00,,,42.0
2026-01-23 05:00:00,51.5,43.10042843443189,1.0,"Divine healer's Church, Bethlehem",tabular,ridge_ar_lag_fourier,h24,2026-01-04T23:00:00,2026-01-18T23:00:00,2026-02-15T23:00:00,,,42.0
2026-01-23 06:00:00,88.4,48.180053275318414,1.0,"Divine healer's Church, Bethlehem",tabular,ridge_ar_lag_fourier,h24,2026-01-04T23:00:00,2026-01-18T23:00:00,2026-02-15T23:00:00,,,42.0
2026-01-23 07:00:00,95.5,45.43080132067716,1.0,"Divine healer's Church, Bethlehem",tabular,ridge_ar_lag_fourier,h24,2026-01-04T23:00:00,2026-01-18T23:00:00,2026-02-15T23:00:00,,,42.0
2026-01-23 08:00:00,49.8,43.31482696450388,1.0,"Divine healer's Church, Bethlehem",tabular,ridge_ar_lag_fourier,h24,2026-01-04T23:00:00,2026-01-18T23:00:00,2026-02-15T23:00:00,,,42.0
2026-01-23 09:00:00,41.9,41.53183248676186,1.0,"Divine healer's Church, Bethlehem",tabular,ridge_ar_lag_fourier,h24,2026-01-04T23:00:00,2026-01-18T23:00:00,2026-02-15T23:00:00,,,42.0
2026-01-23 10:00:00,42.9,43.73435324576246,1.0,"Divine healer's Church, Bethlehem",tabular,ridge_ar_lag_fourier,h24,2026-01-04T23:00:00,2026-01-18T23:00:00,2026-02-15T23:00:00,,,42.0
2026-01-23 11:00:00,44.9,42.496754392590205,1.0,"Divine healer's Church, Bethlehem",tabular,ridge_ar_lag_fourier,h24,2026-01-04T23:00:00,2026-01-18T23:00:00,2026-02-15T23:00:00,,,42.0
2026-01-23 12:00:00,107.5,38.25217457593968,1.0,"Divine healer's Church, Bethlehem",tabular,ridge_ar_lag_fourier,h24,2026-01-04T23:00:00,2026-01-18T23:00:00,2026-02-15T23:00:00,,,42.0
2026-01-23 13:00:00,60.9,41.20916254031707,1.0,"Divine healer's Church, Bethlehem",tabular,ridge_ar_lag_fourier,h24,2026-01-04T23:00:00,2026-01-18T23:00:00,2026-02-15T23:00:00,,,42.0
2026-01-23 14:00:00,38.8,35.21009895141835,1.0,"Divine healer's Church, Bethlehem",tabular,ridge_ar_lag_fourier,h24,2026-01-04T23:00:00,2026-01-18T23:00:00,2026-02-15T23:00:00,,,42.0
2026-01-23 15:00:00,35.2,36.77737535430687,1.0,"Divine healer's Church, Bethlehem",tabular,ridge_ar_lag_fourier,h24,2026-01-04T23:00:00,2026-01-18T23:00:00,2026-02-15T23:00:00,,,42.0
2026-01-23 16:00:00,34.1,37.4080858248464,1.0,"Divine healer's Church, Bethlehem",tabular,ridge_ar_lag_fourier,h24,2026-01-04T23:00:00,2026-01-18T23:00:00,2026-02-15T23:00:00,,,42.0
2026-01-23 17:00:00,33.8,41.5035014687643,1.0,"Divine healer's Church, Bethlehem",tabular,ridge_ar_lag_fourier,h24,2026-01-04T23:00:00,2026-01-18T23:00:00,2026-02-15T23:00:00,,,42.0
2026-01-23 18:00:00,34.8,46.62281368536097,1.0,"Divine healer's Church, Bethlehem",tabular,ridge_ar_lag_fourier,h24,2026-01-04T23:00:00,2026-01-18T23:00:00,2026-02-15T23:00:00,,,42.0
2026-01-23 19:00:00,37.6,52.34210599737341,1.0,"Divine healer's Church, Bethlehem",tabular,ridge_ar_lag_fourier,h24,2026-01-04T23:00:00,2026-01-18T23:00:00,2026-02-15T23:00:00,,,42.0
2026-01-23 20:00:00,40.6,48.00836418142901,1.0,"Divine healer's Church, Bethlehem",tabular,ridge_ar_lag_fourier,h24,2026-01-04T23:00:00,2026-01-18T23:00:00,2026-02-15T23:00:00,,,42.0
2026-01-23 21:00:00,51.9,40.92920894817479,1.0,"Divine healer's Church, Bethlehem",tabular,ridge_ar_lag_fourier,h24,2026-01-04T23:00:00,2026-01-18T23:00:00,2026-02-15T23:00:00,,,42.0
2026-01-23 22:00:00,44.3,43.60337854135241,1.0,"Divine healer's Church, Bethlehem",tabular,ridge_ar_lag_fourier,h24,2026-01-04T23:00:00,2026-01-18T23:00:00,2026-02-15T23:00:00,,,42.0
2026-01-23 23:00:00,54.8,41.33172139501845,1.0,"Divine healer's Church, Bethlehem",tabular,ridge_ar_lag_fourier,h24,2026-01-04T23:00:00,2026-01-18T23:00:00,2026-02-15T23:00:00,,,42.0
2026-01-24 00:00:00,53.9,43.00635445355017,1.0,"Divine healer's Church, Bethlehem",tabular,ridge_ar_lag_fourier,h24,2026-01-04T23:00:00,2026-01-18T23:00:00,2026-02-15T23:00:00,,,42.0
2026-01-24 01:00:00,48.7,40.69938682473666,1.0,"Divine healer's Church, Bethlehem",tabular,ridge_ar_lag_fourier,h24,2026-01-04T23:00:00,2026-01-18T23:00:00,2026-02-15T23:00:00,,,42.0
2026-01-24 02:00:00,49.0,37.40823371776671,1.0,"Divine healer's Church, Bethlehem",tabular,ridge_ar_lag_fourier,h24,2026-01-04T23:00:00,2026-01-18T23:00:00,2026-02-15T23:00:00,,,42.0
2026-01-24 03:00:00,42.0,37.23282722544922,1.0,"Divine healer's Church, Bethlehem",tabular,ridge_ar_lag_fourier,h24,2026-01-04T23:00:00,2026-01-18T23:00:00,2026-02-15T23:00:00,,,42.0
2026-01-24 04:00:00,45.8,38.588972741972654,1.0,"Divine healer's Church, Bethlehem",tabular,ridge_ar_lag_fourier,h24,2026-01-04T23:00:00,2026-01-18T23:00:00,2026-02-15T23:00:00,,,42.0
2026-01-24 05:00:00,62.4,47.116565309665475,1.0,"Divine healer's Church, Bethlehem",tabular,ridge_ar_lag_fourier,h24,2026-01-04T23:00:00,2026-01-18T23:00:00,2026-02-15T23:00:00,,,42.0
2026-01-24 06:00:00,92.2,48.665226919138746,1.0,"Divine healer's Church, Bethlehem",tabular,ridge_ar_lag_fourier,h24,2026-01-04T23:00:00,2026-01-18T23:00:00,2026-02-15T23:00:00,,,42.0
2026-01-24 07:00:00,42.9,47.98284849579023,1.0,"Divine healer's Church, Bethlehem",tabular,ridge_ar_lag_fourier,h24,2026-01-04T23:00:00,2026-01-18T23:00:00,2026-02-15T23:00:00,,,42.0
2026-01-24 08:00:00,39.1,47.93453757514146,1.0,"Divine healer's Church, Bethlehem",tabular,ridge_ar_lag_fourier,h24,2026-01-04T23:00:00,2026-01-18T23:00:00,2026-02-15T23:00:00,,,42.0
2026-01-24 09:00:00,34.0,39.03816894534374,1.0,"Divine healer's Church, Bethlehem",tabular,ridge_ar_lag_fourier,h24,2026-01-04T23:00:00,2026-01-18T23:00:00,2026-02-15T23:00:00,,,42.0
2026-01-24 10:00:00,38.6,39.70127008110145,1.0,"Divine healer's Church, Bethlehem",tabular,ridge_ar_lag_fourier,h24,2026-01-04T23:00:00,2026-01-18T23:00:00,2026-02-15T23:00:00,,,42.0
2026-01-24 11:00:00,40.5,41.58090369915614,1.0,"Divine healer's Church, Bethlehem",tabular,ridge_ar_lag_fourier,h24,2026-01-04T23:00:00,2026-01-18T23:00:00,2026-02-15T23:00:00,,,42.0
2026-01-24 12:00:00,41.2,36.44315832068253,1.0,"Divine healer's Church, Bethlehem",tabular,ridge_ar_lag_fourier,h24,2026-01-04T23:00:00,2026-01-18T23:00:00,2026-02-15T23:00:00,,,42.0
2026-01-24 13:00:00,35.1,44.7571610744708,1.0,"Divine healer's Church, Bethlehem",tabular,ridge_ar_lag_fourier,h24,2026-01-04T23:00:00,2026-01-18T23:00:00,2026-02-15T23:00:00,,,42.0
2026-01-24 14:00:00,34.3,37.17125981593479,1.0,"Divine healer's Church, Bethlehem",tabular,ridge_ar_lag_fourier,h24,2026-01-04T23:00:00,2026-01-18T23:00:00,2026-02-15T23:00:00,,,42.0
2026-01-24 15:00:00,33.2,37.241710082671105,1.0,"Divine healer's Church, Bethlehem",tabular,ridge_ar_lag_fourier,h24,2026-01-04T23:00:00,2026-01-18T23:00:00,2026-02-15T23:00:00,,,42.0
2026-01-24 16:00:00,34.7,36.06908717715855,1.0,"Divine healer's Church, Bethlehem",tabular,ridge_ar_lag_fourier,h24,2026-01-04T23:00:00,2026-01-18T23:00:00,2026-02-15T23:00:00,,,42.0
2026-01-24 17:00:00,42.0,41.16749751512384,1.0,"Divine healer's Church, Bethlehem",tabular,ridge_ar_lag_fourier,h24,2026-01-04T23:00:00,2026-01-18T23:00:00,2026-02-15T23:00:00,,,42.0
2026-01-24 18:00:00,46.2,40.551921042185164,1.0,"Divine healer's Church, Bethlehem",tabular,ridge_ar_lag_fourier,h24,2026-01-04T23:00:00,2026-01-18T23:00:00,2026-02-15T23:00:00,,,42.0
2026-01-24 19:00:00,52.6,45.137296750167735,1.0,"Divine healer's Church, Bethlehem",tabular,ridge_ar_lag_fourier,h24,2026-01-04T23:00:00,2026-01-18T23:00:00,2026-02-15T23:00:00,,,42.0
2026-01-24 20:00:00,41.8,46.95813257227471,1.0,"Divine healer's Church, Bethlehem",tabular,ridge_ar_lag_fourier,h24,2026-01-04T23:00:00,2026-01-18T23:00:00,2026-02-15T23:00:00,,,42.0
2026-01-24 21:00:00,37.6,40.53177916104123,1.0,"Divine healer's Church, Bethlehem",tabular,ridge_ar_lag_fourier,h24,2026-01-04T23:00:00,2026-01-18T23:00:00,2026-02-15T23:00:00,,,42.0
2026-01-24 22:00:00,47.4,44.08379231814773,1.0,"Divine healer's Church, Bethlehem",tabular,ridge_ar_lag_fourier,h24,2026-01-04T23:00:00,2026-01-18T23:00:00,2026-02-15T23:00:00,,,42.0
2026-01-24 23:00:00,73.9,39.27597822679853,1.0,"Divine healer's Church, Bethlehem",tabular,ridge_ar_lag_fourier,h24,2026-01-04T23:00:00,2026-01-18T23:00:00,2026-02-15T23:00:00,,,42.0
2026-01-25 00:00:00,45.8,41.51635107022656,1.0,"Divine healer's Church, Bethlehem",tabular,ridge_ar_lag_fourier,h24,2026-01-04T23:00:00,2026-01-18T23:00:00,2026-02-15T23:00:00,,,42.0
2026-01-25 01:00:00,38.0,39.65351574503583,1.0,"Divine healer's Church, Bethlehem",tabular,ridge_ar_lag_fourier,h24,2026-01-04T23:00:00,2026-01-18T23:00:00,2026-02-15T23:00:00,,,42.0
2026-01-25 02:00:00,35.7,37.254144364068004,1.0,"Divine healer's Church, Bethlehem",tabular,ridge_ar_lag_fourier,h24,2026-01-04T23:00:00,2026-01-18T23:00:00,2026-02-15T23:00:00,,,42.0
2026-01-25 03:00:00,35.6,39.348744315245014,1.0,"Divine healer's Church, Bethlehem",tabular,ridge_ar_lag_fourier,h24,2026-01-04T23:00:00,2026-01-18T23:00:00,2026-02-15T23:00:00,,,42.0
2026-01-25 04:00:00,34.4,36.39664109209708,1.0,"Divine healer's Church, Bethlehem",tabular,ridge_ar_lag_fourier,h24,2026-01-04T23:00:00,2026-01-18T23:00:00,2026-02-15T23:00:00,,,42.0
2026-01-25 05:00:00,43.5,41.3740332079895,1.0,"Divine healer's Church, Bethlehem",tabular,ridge_ar_lag_fourier,h24,2026-01-04T23:00:00,2026-01-18T23:00:00,2026-02-15T23:00:00,,,42.0
2026-01-25 06:00:00,80.6,48.50377258958369,1.0,"Divine healer's Church, Bethlehem",tabular,ridge_ar_lag_fourier,h24,2026-01-04T23:00:00,2026-01-18T23:00:00,2026-02-15T23:00:00,,,42.0
2026-01-25 07:00:00,63.2,48.96325426784291,1.0,"Divine healer's Church, Bethlehem",tabular,ridge_ar_lag_fourier,h24,2026-01-04T23:00:00,2026-01-18T23:00:00,2026-02-15T23:00:00,,,42.0
2026-01-25 08:00:00,37.2,41.538929204774306,1.0,"Divine healer's Church, Bethlehem",tabular,ridge_ar_lag_fourier,h24,2026-01-04T23:00:00,2026-01-18T23:00:00,2026-02-15T23:00:00,,,42.0
2026-01-25 09:00:00,43.1,36.19336356448296,1.0,"Divine healer's Church, Bethlehem",tabular,ridge_ar_lag_fourier,h24,2026-01-04T23:00:00,2026-01-18T23:00:00,2026-02-15T23:00:00,,,42.0
2026-01-25 10:00:00,46.8,35.16647078839716,1.0,"Divine healer's Church, Bethlehem",tabular,ridge_ar_lag_fourier,h24,2026-01-04T23:00:00,2026-01-18T23:00:00,2026-02-15T23:00:00,,,42.0
2026-01-25 11:00:00,49.7,42.28963441055423,1.0,"Divine healer's Church, Bethlehem",tabular,ridge_ar_lag_fourier,h24,2026-01-04T23:00:00,2026-01-18T23:00:00,2026-02-15T23:00:00,,,42.0
2026-01-25 12:00:00,49.8,39.69886825311494,1.0,"Divine healer's Church, Bethlehem",tabular,ridge_ar_lag_fourier,h24,2026-01-04T23:00:00,2026-01-18T23:00:00,2026-02-15T23:00:00,,,42.0
2026-01-25 13:00:00,52.9,34.055164812092,1.0,"Divine healer's Church, Bethlehem",tabular,ridge_ar_lag_fourier,h24,2026-01-04T23:00:00,2026-01-18T23:00:00,2026-02-15T23:00:00,,,42.0
2026-01-25 14:00:00,45.4,30.452255686973754,1.0,"Divine healer's Church, Bethlehem",tabular,ridge_ar_lag_fourier,h24,2026-01-04T23:00:00,2026-01-18T23:00:00,2026-02-15T23:00:00,,,42.0
2026-01-25 15:00:00,42.2,30.51005955317352,1.0,"Divine healer's Church, Bethlehem",tabular,ridge_ar_lag_fourier,h24,2026-01-04T23:00:00,2026-01-18T23:00:00,2026-02-15T23:00:00,,,42.0
2026-01-25 16:00:00,37.8,33.27411535120627,1.0,"Divine healer's Church, Bethlehem",tabular,ridge_ar_lag_fourier,h24,2026-01-04T23:00:00,2026-01-18T23:00:00,2026-02-15T23:00:00,,,42.0
2026-01-25 17:00:00,44.0,35.60461462846823,1.0,"Divine healer's Church, Bethlehem",tabular,ridge_ar_lag_fourier,h24,2026-01-04T23:00:00,2026-01-18T23:00:00,2026-02-15T23:00:00,,,42.0
2026-01-25 18:00:00,61.8,39.00778049922046,1.0,"Divine healer's Church, Bethlehem",tabular,ridge_ar_lag_fourier,h24,2026-01-04T23:00:00,2026-01-18T23:00:00,2026-02-15T23:00:00,,,42.0
2026-01-25 19:00:00,61.7,43.12478867768871,1.0,"Divine healer's Church, Bethlehem",tabular,ridge_ar_lag_fourier,h24,2026-01-04T23:00:00,2026-01-18T23:00:00,2026-02-15T23:00:00,,,42.0
2026-01-25 20:00:00,61.2,45.124082811983314,1.0,"Divine healer's Church, Bethlehem",tabular,ridge_ar_lag_fourier,h24,2026-01-04T23:00:00,2026-01-18T23:00:00,2026-02-15T23:00:00,,,42.0
2026-01-25 21:00:00,47.2,37.12286891357915,1.0,"Divine healer's Church, Bethlehem",tabular,ridge_ar_lag_fourier,h24,2026-01-04T23:00:00,2026-01-18T23:00:00,2026-02-15T23:00:00,,,42.0
2026-01-25 22:00:00,48.9,37.38266352978334,1.0,"Divine healer's Church, Bethlehem",tabular,ridge_ar_lag_fourier,h24,2026-01-04T23:00:00,2026-01-18T23:00:00,2026-02-15T23:00:00,,,42.0
2026-01-25 23:00:00,54.8,39.555652531551814,1.0,"Divine healer's Church, Bethlehem",tabular,ridge_ar_lag_fourier,h24,2026-01-04T23:00:00,2026-01-18T23:00:00,2026-02-15T23:00:00,,,42.0
2026-01-26 00:00:00,54.5,44.22522026709998,1.0,"Divine healer's Church, Bethlehem",tabular,ridge_ar_lag_fourier,h24,2026-01-04T23:00:00,2026-01-18T23:00:00,2026-02-15T23:00:00,,,42.0
2026-01-26 01:00:00,50.0,39.009092117500444,1.0,"Divine healer's Church, Bethlehem",tabular,ridge_ar_lag_fourier,h24,2026-01-04T23:00:00,2026-01-18T23:00:00,2026-02-15T23:00:00,,,42.0
2026-01-26 02:00:00,52.3,35.29018651214787,1.0,"Divine healer's Church, Bethlehem",tabular,ridge_ar_lag_fourier,h24,2026-01-04T23:00:00,2026-01-18T23:00:00,2026-02-15T23:00:00,,,42.0
2026-01-26 03:00:00,52.2,34.295360424444326,1.0,"Divine healer's Church, Bethlehem",tabular,ridge_ar_lag_fourier,h24,2026-01-04T23:00:00,2026-01-18T23:00:00,2026-02-15T23:00:00,,,42.0
2026-01-26 04:00:00,39.7,36.11018765067769,1.0,"Divine healer's Church, Bethlehem",tabular,ridge_ar_lag_fourier,h24,2026-01-04T23:00:00,2026-01-18T23:00:00,2026-02-15T23:00:00,,,42.0
2026-01-26 05:00:00,44.8,44.75609593408415,1.0,"Divine healer's Church, Bethlehem",tabular,ridge_ar_lag_fourier,h24,2026-01-04T23:00:00,2026-01-18T23:00:00,2026-02-15T23:00:00,,,42.0
2026-01-26 06:00:00,55.4,48.42435538213547,1.0,"Divine healer's Church, Bethlehem",tabular,ridge_ar_lag_fourier,h24,2026-01-04T23:00:00,2026-01-18T23:00:00,2026-02-15T23:00:00,,,42.0
2026-01-26 07:00:00,58.2,46.5390154613732,1.0,"Divine healer's Church, Bethlehem",tabular,ridge_ar_lag_fourier,h24,2026-01-04T23:00:00,2026-01-18T23:00:00,2026-02-15T23:00:00,,,42.0
2026-01-26 08:00:00,43.4,42.240321084110064,1.0,"Divine healer's Church, Bethlehem",tabular,ridge_ar_lag_fourier,h24,2026-01-04T23:00:00,2026-01-18T23:00:00,2026-02-15T23:00:00,,,42.0
2026-01-26 09:00:00,39.2,35.20062318328644,1.0,"Divine healer's Church, Bethlehem",tabular,ridge_ar_lag_fourier,h24,2026-01-04T23:00:00,2026-01-18T23:00:00,2026-02-15T23:00:00,,,42.0
2026-01-26 10:00:00,42.1,36.94089376431945,1.0,"Divine healer's Church, Bethlehem",tabular,ridge_ar_lag_fourier,h24,2026-01-04T23:00:00,2026-01-18T23:00:00,2026-02-15T23:00:00,,,42.0
2026-01-26 11:00:00,48.4,40.15280675096016,1.0,"Divine healer's Church, Bethlehem",tabular,ridge_ar_lag_fourier,h24,2026-01-04T23:00:00,2026-01-18T23:00:00,2026-02-15T23:00:00,,,42.0
2026-01-26 12:00:00,50.1,39.69267257244397,1.0,"Divine healer's Church, Bethlehem",tabular,ridge_ar_lag_fourier,h24,2026-01-04T23:00:00,2026-01-18T23:00:00,2026-02-15T23:00:00,,,42.0
2026-01-26 13:00:00,45.4,34.93867367976676,1.0,"Divine healer's Church, Bethlehem",tabular,ridge_ar_lag_fourier,h24,2026-01-04T23:00:00,2026-01-18T23:00:00,2026-02-15T23:00:00,,,42.0
2026-01-26 14:00:00,44.6,33.9414215257013,1.0,"Divine healer's Church, Bethlehem",tabular,ridge_ar_lag_fourier,h24,2026-01-04T23:00:00,2026-01-18T23:00:00,2026-02-15T23:00:00,,,42.0
2026-01-26 15:00:00,43.0,36.1606887698427,1.0,"Divine healer's Church, Bethlehem",tabular,ridge_ar_lag_fourier,h24,2026-01-04T23:00:00,2026-01-18T23:00:00,2026-02-15T23:00:00,,,42.0
2026-01-26 16:00:00,41.1,37.055759151579906,1.0,"Divine healer's Church, Bethlehem",tabular,ridge_ar_lag_fourier,h24,2026-01-04T23:00:00,2026-01-18T23:00:00,2026-02-15T23:00:00,,,42.0
2026-01-26 17:00:00,42.6,40.446643473157664,1.0,"Divine healer's Church, Bethlehem",tabular,ridge_ar_lag_fourier,h24,2026-01-04T23:00:00,2026-01-18T23:00:00,2026-02-15T23:00:00,,,42.0
2026-01-26 18:00:00,63.8,45.22993803627429,1.0,"Divine healer's Church, Bethlehem",tabular,ridge_ar_lag_fourier,h24,2026-01-04T23:00:00,2026-01-18T23:00:00,2026-02-15T23:00:00,,,42.0
2026-01-26 19:00:00,63.9,48.445382295083945,1.0,"Divine healer's Church, Bethlehem",tabular,ridge_ar_lag_fourier,h24,2026-01-04T23:00:00,2026-01-18T23:00:00,2026-02-15T23:00:00,,,42.0
2026-01-26 20:00:00,57.2,45.13339709045762,1.0,"Divine healer's Church, Bethlehem",tabular,ridge_ar_lag_fourier,h24,2026-01-04T23:00:00,2026-01-18T23:00:00,2026-02-15T23:00:00,,,42.0
2026-01-26 21:00:00,69.6,42.83651090824981,1.0,"Divine healer's Church, Bethlehem",tabular,ridge_ar_lag_fourier,h24,2026-01-04T23:00:00,2026-01-18T23:00:00,2026-02-15T23:00:00,,,42.0
2026-01-26 22:00:00,49.5,43.59839881966586,1.0,"Divine healer's Church, Bethlehem",tabular,ridge_ar_lag_fourier,h24,2026-01-04T23:00:00,2026-01-18T23:00:00,2026-02-15T23:00:00,,,42.0
2026-01-26 23:00:00,48.3,44.07958415877282,1.0,"Divine healer's Church, Bethlehem",tabular,ridge_ar_lag_fourier,h24,2026-01-04T23:00:00,2026-01-18T23:00:00,2026-02-15T23:00:00,,,42.0
2026-01-27 00:00:00,44.7,45.738664224257874,1.0,"Divine healer's Church, Bethlehem",tabular,ridge_ar_lag_fourier,h24,2026-01-04T23:00:00,2026-01-18T23:00:00,2026-02-15T23:00:00,,,42.0
2026-01-27 01:00:00,46.5,42.14319253295275,1.0,"Divine healer's Church, Bethlehem",tabular,ridge_ar_lag_fourier,h24,2026-01-04T23:00:00,2026-01-18T23:00:00,2026-02-15T23:00:00,,,42.0
2026-01-27 02:00:00,41.0,39.51955157213306,1.0,"Divine healer's Church, Bethlehem",tabular,ridge_ar_lag_fourier,h24,2026-01-04T23:00:00,2026-01-18T23:00:00,2026-02-15T23:00:00,,,42.0
2026-01-27 03:00:00,39.6,40.41915688172071,1.0,"Divine healer's Church, Bethlehem",tabular,ridge_ar_lag_fourier,h24,2026-01-04T23:00:00,2026-01-18T23:00:00,2026-02-15T23:00:00,,,42.0
2026-01-27 04:00:00,46.0,41.23390663580416,1.0,"Divine healer's Church, Bethlehem",tabular,ridge_ar_lag_fourier,h24,2026-01-04T23:00:00,2026-01-18T23:00:00,2026-02-15T23:00:00,,,42.0
2026-01-27 05:00:00,52.1,44.96718511686977,1.0,"Divine healer's Church, Bethlehem",tabular,ridge_ar_lag_fourier,h24,2026-01-04T23:00:00,2026-01-18T23:00:00,2026-02-15T23:00:00,,,42.0
2026-01-27 06:00:00,54.4,52.27830499334938,1.0,"Divine healer's Church, Bethlehem",tabular,ridge_ar_lag_fourier,h24,2026-01-04T23:00:00,2026-01-18T23:00:00,2026-02-15T23:00:00,,,42.0
2026-01-27 07:00:00,65.1,47.16427798066208,1.0,"Divine healer's Church, Bethlehem",tabular,ridge_ar_lag_fourier,h24,2026-01-04T23:00:00,2026-01-18T23:00:00,2026-02-15T23:00:00,,,42.0
2026-01-27 08:00:00,44.0,41.5861494653565,1.0,"Divine healer's Church, Bethlehem",tabular,ridge_ar_lag_fourier,h24,2026-01-04T23:00:00,2026-01-18T23:00:00,2026-02-15T23:00:00,,,42.0
2026-01-27 09:00:00,41.4,35.860784335891125,1.0,"Divine healer's Church, Bethlehem",tabular,ridge_ar_lag_fourier,h24,2026-01-04T23:00:00,2026-01-18T23:00:00,2026-02-15T23:00:00,,,42.0
2026-01-27 10:00:00,44.5,37.884739958779285,1.0,"Divine healer's Church, Bethlehem",tabular,ridge_ar_lag_fourier,h24,2026-01-04T23:00:00,2026-01-18T23:00:00,2026-02-15T23:00:00,,,42.0
2026-01-27 11:00:00,46.0,38.68085736293285,1.0,"Divine healer's Church, Bethlehem",tabular,ridge_ar_lag_fourier,h24,2026-01-04T23:00:00,2026-01-18T23:00:00,2026-02-15T23:00:00,,,42.0
2026-01-27 12:00:00,57.8,42.14286724772276,1.0,"Divine healer's Church, Bethlehem",tabular,ridge_ar_lag_fourier,h24,2026-01-04T23:00:00,2026-01-18T23:00:00,2026-02-15T23:00:00,,,42.0
2026-01-27 13:00:00,49.0,37.78871141971655,1.0,"Divine healer's Church, Bethlehem",tabular,ridge_ar_lag_fourier,h24,2026-01-04T23:00:00,2026-01-18T23:00:00,2026-02-15T23:00:00,,,42.0
2026-01-27 14:00:00,46.1,34.56131975556639,1.0,"Divine healer's Church, Bethlehem",tabular,ridge_ar_lag_fourier,h24,2026-01-04T23:00:00,2026-01-18T23:00:00,2026-02-15T23:00:00,,,42.0
2026-01-27 15:00:00,45.6,32.428450645004006,1.0,"Divine healer's Church, Bethlehem",tabular,ridge_ar_lag_fourier,h24,2026-01-04T23:00:00,2026-01-18T23:00:00,2026-02-15T23:00:00,,,42.0
2026-01-27 16:00:00,42.4,33.01871761673057,1.0,"Divine healer's Church, Bethlehem",tabular,ridge_ar_lag_fourier,h24,2026-01-04T23:00:00,2026-01-18T23:00:00,2026-02-15T23:00:00,,,42.0
2026-01-27 17:00:00,41.6,35.98870947175687,1.0,"Divine healer's Church, Bethlehem",tabular,ridge_ar_lag_fourier,h24,2026-01-04T23:00:00,2026-01-18T23:00:00,2026-02-15T23:00:00,,,42.0
2026-01-27 18:00:00,52.3,41.48913806269816,1.0,"Divine healer's Church, Bethlehem",tabular,ridge_ar_lag_fourier,h24,2026-01-04T23:00:00,2026-01-18T23:00:00,2026-02-15T23:00:00,,,42.0
2026-01-27 19:00:00,116.5,47.056566760072855,1.0,"Divine healer's Church, Bethlehem",tabular,ridge_ar_lag_fourier,h24,2026-01-04T23:00:00,2026-01-18T23:00:00,2026-02-15T23:00:00,,,42.0
2026-01-27 20:00:00,93.4,42.63366636870148,1.0,"Divine healer's Church, Bethlehem",tabular,ridge_ar_lag_fourier,h24,2026-01-04T23:00:00,2026-01-18T23:00:00,2026-02-15T23:00:00,,,42.0
2026-01-27 21:00:00,70.0,42.407078776705426,1.0,"Divine healer's Church, Bethlehem",tabular,ridge_ar_lag_fourier,h24,2026-01-04T23:00:00,2026-01-18T23:00:00,2026-02-15T23:00:00,,,42.0
2026-01-27 22:00:00,47.6,45.17246865658029,1.0,"Divine healer's Church, Bethlehem",tabular,ridge_ar_lag_fourier,h24,2026-01-04T23:00:00,2026-01-18T23:00:00,2026-02-15T23:00:00,,,42.0
2026-01-27 23:00:00,47.8,43.64827402397886,1.0,"Divine healer's Church, Bethlehem",tabular,ridge_ar_lag_fourier,h24,2026-01-04T23:00:00,2026-01-18T23:00:00,2026-02-15T23:00:00,,,42.0
2026-01-28 00:00:00,50.0,41.014751040617725,1.0,"Divine healer's Church, Bethlehem",tabular,ridge_ar_lag_fourier,h24,2026-01-04T23:00:00,2026-01-18T23:00:00,2026-02-15T23:00:00,,,42.0
2026-01-28 01:00:00,46.3,38.76794923579251,1.0,"Divine healer's Church, Bethlehem",tabular,ridge_ar_lag_fourier,h24,2026-01-04T23:00:00,2026-01-18T23:00:00,2026-02-15T23:00:00,,,42.0
2026-01-28 02:00:00,45.2,40.09621125535277,1.0,"Divine healer's Church, Bethlehem",tabular,ridge_ar_lag_fourier,h24,2026-01-04T23:00:00,2026-01-18T23:00:00,2026-02-15T23:00:00,,,42.0
2026-01-28 03:00:00,46.5,37.66537846450004,1.0,"Divine healer's Church, Bethlehem",tabular,ridge_ar_lag_fourier,h24,2026-01-04T23:00:00,2026-01-18T23:00:00,2026-02-15T23:00:00,,,42.0
2026-01-28 04:00:00,47.2,38.14990531797973,1.0,"Divine healer's Church, Bethlehem",tabular,ridge_ar_lag_fourier,h24,2026-01-04T23:00:00,2026-01-18T23:00:00,2026-02-15T23:00:00,,,42.0
2026-01-28 05:00:00,59.2,45.35667044187974,1.0,"Divine healer's Church, Bethlehem",tabular,ridge_ar_lag_fourier,h24,2026-01-04T23:00:00,2026-01-18T23:00:00,2026-02-15T23:00:00,,,42.0
2026-01-28 06:00:00,90.5,56.01965575513732,1.0,"Divine healer's Church, Bethlehem",tabular,ridge_ar_lag_fourier,h24,2026-01-04T23:00:00,2026-01-18T23:00:00,2026-02-15T23:00:00,,,42.0
2026-01-28 07:00:00,67.1,51.672100759390354,1.0,"Divine healer's Church, Bethlehem",tabular,ridge_ar_lag_fourier,h24,2026-01-04T23:00:00,2026-01-18T23:00:00,2026-02-15T23:00:00,,,42.0
2026-01-28 08:00:00,51.9,40.79481678872528,1.0,"Divine healer's Church, Bethlehem",tabular,ridge_ar_lag_fourier,h24,2026-01-04T23:00:00,2026-01-18T23:00:00,2026-02-15T23:00:00,,,42.0
2026-01-28 09:00:00,46.0,41.974633241131116,1.0,"Divine healer's Church, Bethlehem",tabular,ridge_ar_lag_fourier,h24,2026-01-04T23:00:00,2026-01-18T23:00:00,2026-02-15T23:00:00,,,42.0
2026-01-28 10:00:00,45.7,37.30035649730238,1.0,"Divine healer's Church, Bethlehem",tabular,ridge_ar_lag_fourier,h24,2026-01-04T23:00:00,2026-01-18T23:00:00,2026-02-15T23:00:00,,,42.0
2026-01-28 11:00:00,49.3,37.108687667815346,1.0,"Divine healer's Church, Bethlehem",tabular,ridge_ar_lag_fourier,h24,2026-01-04T23:00:00,2026-01-18T23:00:00,2026-02-15T23:00:00,,,42.0
2026-01-28 12:00:00,52.6,42.5786618692789,1.0,"Divine healer's Church, Bethlehem",tabular,ridge_ar_lag_fourier,h24,2026-01-04T23:00:00,2026-01-18T23:00:00,2026-02-15T23:00:00,,,42.0
2026-01-28 13:00:00,53.2,38.12146522236263,1.0,"Divine healer's Church, Bethlehem",tabular,ridge_ar_lag_fourier,h24,2026-01-04T23:00:00,2026-01-18T23:00:00,2026-02-15T23:00:00,,,42.0
2026-01-28 14:00:00,48.9,34.494608571100514,1.0,"Divine healer's Church, Bethlehem",tabular,ridge_ar_lag_fourier,h24,2026-01-04T23:00:00,2026-01-18T23:00:00,2026-02-15T23:00:00,,,42.0
2026-01-28 15:00:00,46.0,32.84813115783865,1.0,"Divine healer's Church, Bethlehem",tabular,ridge_ar_lag_fourier,h24,2026-01-04T23:00:00,2026-01-18T23:00:00,2026-02-15T23:00:00,,,42.0
2026-01-28 16:00:00,79.6,32.810093995484664,1.0,"Divine healer's Church, Bethlehem",tabular,ridge_ar_lag_fourier,h24,2026-01-04T23:00:00,2026-01-18T23:00:00,2026-02-15T23:00:00,,,42.0
2026-01-28 17:00:00,56.0,36.51970821617007,1.0,"Divine healer's Church, Bethlehem",tabular,ridge_ar_lag_fourier,h24,2026-01-04T23:00:00,2026-01-18T23:00:00,2026-02-15T23:00:00,,,42.0
2026-01-28 18:00:00,48.7,42.49661980832218,1.0,"Divine healer's Church, Bethlehem",tabular,ridge_ar_lag_fourier,h24,2026-01-04T23:00:00,2026-01-18T23:00:00,2026-02-15T23:00:00,,,42.0
2026-01-28 19:00:00,95.2,47.64197524645452,1.0,"Divine healer's Church, Bethlehem",tabular,ridge_ar_lag_fourier,h24,2026-01-04T23:00:00,2026-01-18T23:00:00,2026-02-15T23:00:00,,,42.0
2026-01-28 20:00:00,67.8,54.13052795717684,1.0,"Divine healer's Church, Bethlehem",tabular,ridge_ar_lag_fourier,h24,2026-01-04T23:00:00,2026-01-18T23:00:00,2026-02-15T23:00:00,,,42.0
2026-01-28 21:00:00,64.2,48.36735927577424,1.0,"Divine healer's Church, Bethlehem",tabular,ridge_ar_lag_fourier,h24,2026-01-04T23:00:00,2026-01-18T23:00:00,2026-02-15T23:00:00,,,42.0
2026-01-28 22:00:00,52.5,43.778381390625796,1.0,"Divine healer's Church, Bethlehem",tabular,ridge_ar_lag_fourier,h24,2026-01-04T23:00:00,2026-01-18T23:00:00,2026-02-15T23:00:00,,,42.0
2026-01-28 23:00:00,52.6,51.567592060372704,1.0,"Divine healer's Church, Bethlehem",tabular,ridge_ar_lag_fourier,h24,2026-01-04T23:00:00,2026-01-18T23:00:00,2026-02-15T23:00:00,,,42.0
2026-01-29 00:00:00,54.0,49.03712839439605,1.0,"Divine healer's Church, Bethlehem",tabular,ridge_ar_lag_fourier,h24,2026-01-04T23:00:00,2026-01-18T23:00:00,2026-02-15T23:00:00,,,42.0
2026-01-29 01:00:00,57.4,40.80304338038778,1.0,"Divine healer's Church, Bethlehem",tabular,ridge_ar_lag_fourier,h24,2026-01-04T23:00:00,2026-01-18T23:00:00,2026-02-15T23:00:00,,,42.0
2026-01-29 02:00:00,48.3,37.496341793190496,1.0,"Divine healer's Church, Bethlehem",tabular,ridge_ar_lag_fourier,h24,2026-01-04T23:00:00,2026-01-18T23:00:00,2026-02-15T23:00:00,,,42.0
2026-01-29 03:00:00,51.5,35.74102361555886,1.0,"Divine healer's Church, Bethlehem",tabular,ridge_ar_lag_fourier,h24,2026-01-04T23:00:00,2026-01-18T23:00:00,2026-02-15T23:00:00,,,42.0
2026-01-29 04:00:00,52.3,37.41623286107426,1.0,"Divine healer's Church, Bethlehem",tabular,ridge_ar_lag_fourier,h24,2026-01-04T23:00:00,2026-01-18T23:00:00,2026-02-15T23:00:00,,,42.0
2026-01-29 05:00:00,66.6,42.87650678077169,1.0,"Divine healer's Church, Bethlehem",tabular,ridge_ar_lag_fourier,h24,2026-01-04T23:00:00,2026-01-18T23:00:00,2026-02-15T23:00:00,,,42.0
2026-01-29 06:00:00,73.1,56.488183941029504,1.0,"Divine healer's Church, Bethlehem",tabular,ridge_ar_lag_fourier,h24,2026-01-04T23:00:00,2026-01-18T23:00:00,2026-02-15T23:00:00,,,42.0
2026-01-29 07:00:00,73.8,52.78280971800464,1.0,"Divine healer's Church, Bethlehem",tabular,ridge_ar_lag_fourier,h24,2026-01-04T23:00:00,2026-01-18T23:00:00,2026-02-15T23:00:00,,,42.0
2026-01-29 08:00:00,55.1,41.377496536070836,1.0,"Divine healer's Church, Bethlehem",tabular,ridge_ar_lag_fourier,h24,2026-01-04T23:00:00,2026-01-18T23:00:00,2026-02-15T23:00:00,,,42.0
2026-01-29 09:00:00,50.1,36.30723292450817,1.0,"Divine healer's Church, Bethlehem",tabular,ridge_ar_lag_fourier,h24,2026-01-04T23:00:00,2026-01-18T23:00:00,2026-02-15T23:00:00,,,42.0
2026-01-29 10:00:00,47.8,35.546051553476914,1.0,"Divine healer's Church, Bethlehem",tabular,ridge_ar_lag_fourier,h24,2026-01-04T23:00:00,2026-01-18T23:00:00,2026-02-15T23:00:00,,,42.0
2026-01-29 11:00:00,47.2,37.23389911914269,1.0,"Divine healer's Church, Bethlehem",tabular,ridge_ar_lag_fourier,h24,2026-01-04T23:00:00,2026-01-18T23:00:00,2026-02-15T23:00:00,,,42.0
2026-01-29 12:00:00,47.1,48.96103178755881,1.0,"Divine healer's Church, Bethlehem",tabular,ridge_ar_lag_fourier,h24,2026-01-04T23:00:00,2026-01-18T23:00:00,2026-02-15T23:00:00,,,42.0
2026-01-29 13:00:00,52.4,37.35000729406447,1.0,"Divine healer's Church, Bethlehem",tabular,ridge_ar_lag_fourier,h24,2026-01-04T23:00:00,2026-01-18T23:00:00,2026-02-15T23:00:00,,,42.0
2026-01-29 14:00:00,44.8,33.8835442844919,1.0,"Divine healer's Church, Bethlehem",tabular,ridge_ar_lag_fourier,h24,2026-01-04T23:00:00,2026-01-18T23:00:00,2026-02-15T23:00:00,,,42.0
2026-01-29 15:00:00,44.0,33.110152121438524,1.0,"Divine healer's Church, Bethlehem",tabular,ridge_ar_lag_fourier,h24,2026-01-04T23:00:00,2026-01-18T23:00:00,2026-02-15T23:00:00,,,42.0
2026-01-29 16:00:00,43.6,33.234032055811554,1.0,"Divine healer's Church, Bethlehem",tabular,ridge_ar_lag_fourier,h24,2026-01-04T23:00:00,2026-01-18T23:00:00,2026-02-15T23:00:00,,,42.0
2026-01-29 17:00:00,60.5,42.76008746949933,1.0,"Divine healer's Church, Bethlehem",tabular,ridge_ar_lag_fourier,h24,2026-01-04T23:00:00,2026-01-18T23:00:00,2026-02-15T23:00:00,,,42.0
2026-01-29 18:00:00,61.3,51.36445317049903,1.0,"Divine healer's Church, Bethlehem",tabular,ridge_ar_lag_fourier,h24,2026-01-04T23:00:00,2026-01-18T23:00:00,2026-02-15T23:00:00,,,42.0
2026-01-29 19:00:00,65.9,49.058575516394654,1.0,"Divine healer's Church, Bethlehem",tabular,ridge_ar_lag_fourier,h24,2026-01-04T23:00:00,2026-01-18T23:00:00,2026-02-15T23:00:00,,,42.0
2026-01-29 20:00:00,81.0,52.281856899467044,1.0,"Divine healer's Church, Bethlehem",tabular,ridge_ar_lag_fourier,h24,2026-01-04T23:00:00,2026-01-18T23:00:00,2026-02-15T23:00:00,,,42.0
2026-01-29 21:00:00,60.3,46.74971195576458,1.0,"Divine healer's Church, Bethlehem",tabular,ridge_ar_lag_fourier,h24,2026-01-04T23:00:00,2026-01-18T23:00:00,2026-02-15T23:00:00,,,42.0
2026-01-29 22:00:00,51.5,41.71741948317806,1.0,"Divine healer's Church, Bethlehem",tabular,ridge_ar_lag_fourier,h24,2026-01-04T23:00:00,2026-01-18T23:00:00,2026-02-15T23:00:00,,,42.0
2026-01-29 23:00:00,48.1,45.303985793843154,1.0,"Divine healer's Church, Bethlehem",tabular,ridge_ar_lag_fourier,h24,2026-01-04T23:00:00,2026-01-18T23:00:00,2026-02-15T23:00:00,,,42.0
2026-01-30 00:00:00,44.0,48.13732758664334,1.0,"Divine healer's Church, Bethlehem",tabular,ridge_ar_lag_fourier,h24,2026-01-04T23:00:00,2026-01-18T23:00:00,2026-02-15T23:00:00,,,42.0
2026-01-30 01:00:00,41.8,44.070859706611984,1.0,"Divine healer's Church, Bethlehem",tabular,ridge_ar_lag_fourier,h24,2026-01-04T23:00:00,2026-01-18T23:00:00,2026-02-15T23:00:00,,,42.0
2026-01-30 02:00:00,41.9,41.70099845520279,1.0,"Divine healer's Church, Bethlehem",tabular,ridge_ar_lag_fourier,h24,2026-01-04T23:00:00,2026-01-18T23:00:00,2026-02-15T23:00:00,,,42.0
2026-01-30 03:00:00,45.9,40.67407623810948,1.0,"Divine healer's Church, Bethlehem",tabular,ridge_ar_lag_fourier,h24,2026-01-04T23:00:00,2026-01-18T23:00:00,2026-02-15T23:00:00,,,42.0
2026-01-30 04:00:00,47.4,39.592739850382785,1.0,"Divine healer's Church, Bethlehem",tabular,ridge_ar_lag_fourier,h24,2026-01-04T23:00:00,2026-01-18T23:00:00,2026-02-15T23:00:00,,,42.0
2026-01-30 05:00:00,53.4,43.526291614602755,1.0,"Divine healer's Church, Bethlehem",tabular,ridge_ar_lag_fourier,h24,2026-01-04T23:00:00,2026-01-18T23:00:00,2026-02-15T23:00:00,,,42.0
2026-01-30 06:00:00,51.2,57.19751336823913,1.0,"Divine healer's Church, Bethlehem",tabular,ridge_ar_lag_fourier,h24,2026-01-04T23:00:00,2026-01-18T23:00:00,2026-02-15T23:00:00,,,42.0
2026-01-30 07:00:00,47.8,53.28131660099473,1.0,"Divine healer's Church, Bethlehem",tabular,ridge_ar_lag_fourier,h24,2026-01-04T23:00:00,2026-01-18T23:00:00,2026-02-15T23:00:00,,,42.0
2026-01-30 08:00:00,43.5,40.56867247049258,1.0,"Divine healer's Church, Bethlehem",tabular,ridge_ar_lag_fourier,h24,2026-01-04T23:00:00,2026-01-18T23:00:00,2026-02-15T23:00:00,,,42.0
2026-01-30 09:00:00,39.9,35.62052348474237,1.0,"Divine healer's Church, Bethlehem",tabular,ridge_ar_lag_fourier,h24,2026-01-04T23:00:00,2026-01-18T23:00:00,2026-02-15T23:00:00,,,42.0
2026-01-30 10:00:00,39.4,37.25935124908218,1.0,"Divine healer's Church, Bethlehem",tabular,ridge_ar_lag_fourier,h24,2026-01-04T23:00:00,2026-01-18T23:00:00,2026-02-15T23:00:00,,,42.0
2026-01-30 11:00:00,42.6,37.79077024430889,1.0,"Divine healer's Church, Bethlehem",tabular,ridge_ar_lag_fourier,h24,2026-01-04T23:00:00,2026-01-18T23:00:00,2026-02-15T23:00:00,,,42.0
2026-01-30 12:00:00,42.6,44.32710869015132,1.0,"Divine healer's Church, Bethlehem",tabular,ridge_ar_lag_fourier,h24,2026-01-04T23:00:00,2026-01-18T23:00:00,2026-02-15T23:00:00,,,42.0
2026-01-30 13:00:00,46.2,37.12430919744587,1.0,"Divine healer's Church, Bethlehem",tabular,ridge_ar_lag_fourier,h24,2026-01-04T23:00:00,2026-01-18T23:00:00,2026-02-15T23:00:00,,,42.0
2026-01-30 14:00:00,44.6,33.57624811651759,1.0,"Divine healer's Church, Bethlehem",tabular,ridge_ar_lag_fourier,h24,2026-01-04T23:00:00,2026-01-18T23:00:00,2026-02-15T23:00:00,,,42.0
2026-01-30 15:00:00,54.6,35.89292945124134,1.0,"Divine healer's Church, Bethlehem",tabular,ridge_ar_lag_fourier,h24,2026-01-04T23:00:00,2026-01-18T23:00:00,2026-02-15T23:00:00,,,42.0
2026-01-30 16:00:00,67.9,35.11546670845411,1.0,"Divine healer's Church, Bethlehem",tabular,ridge_ar_lag_fourier,h24,2026-01-04T23:00:00,2026-01-18T23:00:00,2026-02-15T23:00:00,,,42.0
2026-01-30 17:00:00,58.9,35.617649575528745,1.0,"Divine healer's Church, Bethlehem",tabular,ridge_ar_lag_fourier,h24,2026-01-04T23:00:00,2026-01-18T23:00:00,2026-02-15T23:00:00,,,42.0
2026-01-30 18:00:00,78.1,52.49352855736883,1.0,"Divine healer's Church, Bethlehem",tabular,ridge_ar_lag_fourier,h24,2026-01-04T23:00:00,2026-01-18T23:00:00,2026-02-15T23:00:00,,,42.0
2026-01-30 19:00:00,61.0,53.14992187497343,1.0,"Divine healer's Church, Bethlehem",tabular,ridge_ar_lag_fourier,h24,2026-01-04T23:00:00,2026-01-18T23:00:00,2026-02-15T23:00:00,,,42.0
2026-01-30 20:00:00,51.5,47.53850660929547,1.0,"Divine healer's Church, Bethlehem",tabular,ridge_ar_lag_fourier,h24,2026-01-04T23:00:00,2026-01-18T23:00:00,2026-02-15T23:00:00,,,42.0
2026-01-30 21:00:00,49.9,47.01107205478506,1.0,"Divine healer's Church, Bethlehem",tabular,ridge_ar_lag_fourier,h24,2026-01-04T23:00:00,2026-01-18T23:00:00,2026-02-15T23:00:00,,,42.0
2026-01-30 22:00:00,44.8,40.72799929261548,1.0,"Divine healer's Church, Bethlehem",tabular,ridge_ar_lag_fourier,h24,2026-01-04T23:00:00,2026-01-18T23:00:00,2026-02-15T23:00:00,,,42.0
2026-01-30 23:00:00,45.0,43.44838381531224,1.0,"Divine healer's Church, Bethlehem",tabular,ridge_ar_lag_fourier,h24,2026-01-04T23:00:00,2026-01-18T23:00:00,2026-02-15T23:00:00,,,42.0
2026-01-31 00:00:00,42.7,43.138963783480825,1.0,"Divine healer's Church, Bethlehem",tabular,ridge_ar_lag_fourier,h24,2026-01-04T23:00:00,2026-01-18T23:00:00,2026-02-15T23:00:00,,,42.0
2026-01-31 01:00:00,82.8,39.563141843617,1.0,"Divine healer's Church, Bethlehem",tabular,ridge_ar_lag_fourier,h24,2026-01-04T23:00:00,2026-01-18T23:00:00,2026-02-15T23:00:00,,,42.0
2026-01-31 02:00:00,52.3,37.66212644722934,1.0,"Divine healer's Church, Bethlehem",tabular,ridge_ar_lag_fourier,h24,2026-01-04T23:00:00,2026-01-18T23:00:00,2026-02-15T23:00:00,,,42.0
2026-01-31 03:00:00,46.6,37.35923196732871,1.0,"Divine healer's Church, Bethlehem",tabular,ridge_ar_lag_fourier,h24,2026-01-04T23:00:00,2026-01-18T23:00:00,2026-02-15T23:00:00,,,42.0
2026-01-31 04:00:00,45.9,40.70960461738119,1.0,"Divine healer's Church, Bethlehem",tabular,ridge_ar_lag_fourier,h24,2026-01-04T23:00:00,2026-01-18T23:00:00,2026-02-15T23:00:00,,,42.0
2026-01-31 05:00:00,59.3,47.245062491504186,1.0,"Divine healer's Church, Bethlehem",tabular,ridge_ar_lag_fourier,h24,2026-01-04T23:00:00,2026-01-18T23:00:00,2026-02-15T23:00:00,,,42.0
2026-01-31 06:00:00,65.3,60.09361124321602,1.0,"Divine healer's Church, Bethlehem",tabular,ridge_ar_lag_fourier,h24,2026-01-04T23:00:00,2026-01-18T23:00:00,2026-02-15T23:00:00,,,42.0
2026-01-31 07:00:00,68.2,51.19331848875923,1.0,"Divine healer's Church, Bethlehem",tabular,ridge_ar_lag_fourier,h24,2026-01-04T23:00:00,2026-01-18T23:00:00,2026-02-15T23:00:00,,,42.0
2026-01-31 08:00:00,50.8,39.787307493147125,1.0,"Divine healer's Church, Bethlehem",tabular,ridge_ar_lag_fourier,h24,2026-01-04T23:00:00,2026-01-18T23:00:00,2026-02-15T23:00:00,,,42.0
2026-01-31 09:00:00,51.0,36.917414997316094,1.0,"Divine healer's Church, Bethlehem",tabular,ridge_ar_lag_fourier,h24,2026-01-04T23:00:00,2026-01-18T23:00:00,2026-02-15T23:00:00,,,42.0
2026-01-31 10:00:00,50.9,36.793249684036695,1.0,"Divine healer's Church, Bethlehem",tabular,ridge_ar_lag_fourier,h24,2026-01-04T23:00:00,2026-01-18T23:00:00,2026-02-15T23:00:00,,,42.0
2026-01-31 11:00:00,50.5,38.15550065180274,1.0,"Divine healer's Church, Bethlehem",tabular,ridge_ar_lag_fourier,h24,2026-01-04T23:00:00,2026-01-18T23:00:00,2026-02-15T23:00:00,,,42.0
2026-01-31 12:00:00,43.0,43.13324732335083,1.0,"Divine healer's Church, Bethlehem",tabular,ridge_ar_lag_fourier,h24,2026-01-04T23:00:00,2026-01-18T23:00:00,2026-02-15T23:00:00,,,42.0
2026-01-31 13:00:00,41.6,39.989307204980655,1.0,"Divine healer's Church, Bethlehem",tabular,ridge_ar_lag_fourier,h24,2026-01-04T23:00:00,2026-01-18T23:00:00,2026-02-15T23:00:00,,,42.0
2026-01-31 14:00:00,41.2,34.869507209095346,1.0,"Divine healer's Church, Bethlehem",tabular,ridge_ar_lag_fourier,h24,2026-01-04T23:00:00,2026-01-18T23:00:00,2026-02-15T23:00:00,,,42.0
2026-01-31 15:00:00,37.5,35.35147671140736,1.0,"Divine healer's Church, Bethlehem",tabular,ridge_ar_lag_fourier,h24,2026-01-04T23:00:00,2026-01-18T23:00:00,2026-02-15T23:00:00,,,42.0
2026-01-31 16:00:00,37.6,38.06537491036688,1.0,"Divine healer's Church, Bethlehem",tabular,ridge_ar_lag_fourier,h24,2026-01-04T23:00:00,2026-01-18T23:00:00,2026-02-15T23:00:00,,,42.0
2026-01-31 17:00:00,45.9,41.98788726995174,1.0,"Divine healer's Church, Bethlehem",tabular,ridge_ar_lag_fourier,h24,2026-01-04T23:00:00,2026-01-18T23:00:00,2026-02-15T23:00:00,,,42.0
2026-01-31 18:00:00,62.5,46.1509065951509,1.0,"Divine healer's Church, Bethlehem",tabular,ridge_ar_lag_fourier,h24,2026-01-04T23:00:00,2026-01-18T23:00:00,2026-02-15T23:00:00,,,42.0
2026-01-31 19:00:00,61.9,55.7252950386041,1.0,"Divine healer's Church, Bethlehem",tabular,ridge_ar_lag_fourier,h24,2026-01-04T23:00:00,2026-01-18T23:00:00,2026-02-15T23:00:00,,,42.0
2026-01-31 20:00:00,61.3,49.58840664130841,1.0,"Divine healer's Church, Bethlehem",tabular,ridge_ar_lag_fourier,h24,2026-01-04T23:00:00,2026-01-18T23:00:00,2026-02-15T23:00:00,,,42.0
2026-01-31 21:00:00,56.8,45.13109220844457,1.0,"Divine healer's Church, Bethlehem",tabular,ridge_ar_lag_fourier,h24,2026-01-04T23:00:00,2026-01-18T23:00:00,2026-02-15T23:00:00,,,42.0
2026-01-31 22:00:00,46.5,42.876290728782266,1.0,"Divine healer's Church, Bethlehem",tabular,ridge_ar_lag_fourier,h24,2026-01-04T23:00:00,2026-01-18T23:00:00,2026-02-15T23:00:00,,,42.0
2026-01-31 23:00:00,52.0,42.21569972682411,1.0,"Divine healer's Church, Bethlehem",tabular,ridge_ar_lag_fourier,h24,2026-01-04T23:00:00,2026-01-18T23:00:00,2026-02-15T23:00:00,,,42.0
2026-02-01 00:00:00,50.9,41.936878740124556,1.0,"Divine healer's Church, Bethlehem",tabular,ridge_ar_lag_fourier,h24,2026-01-04T23:00:00,2026-01-18T23:00:00,2026-02-15T23:00:00,,,42.0
2026-02-01 01:00:00,39.1,39.34543901586896,1.0,"Divine healer's Church, Bethlehem",tabular,ridge_ar_lag_fourier,h24,2026-01-04T23:00:00,2026-01-18T23:00:00,2026-02-15T23:00:00,,,42.0
2026-02-01 02:00:00,42.0,42.921679117989015,1.0,"Divine healer's Church, Bethlehem",tabular,ridge_ar_lag_fourier,h24,2026-01-04T23:00:00,2026-01-18T23:00:00,2026-02-15T23:00:00,,,42.0
2026-02-01 03:00:00,42.4,39.67274973954366,1.0,"Divine healer's Church, Bethlehem",tabular,ridge_ar_lag_fourier,h24,2026-01-04T23:00:00,2026-01-18T23:00:00,2026-02-15T23:00:00,,,42.0
2026-02-01 04:00:00,41.2,40.0612874692914,1.0,"Divine healer's Church, Bethlehem",tabular,ridge_ar_lag_fourier,h24,2026-01-04T23:00:00,2026-01-18T23:00:00,2026-02-15T23:00:00,,,42.0
2026-02-01 05:00:00,45.1,46.67523141962664,1.0,"Divine healer's Church, Bethlehem",tabular,ridge_ar_lag_fourier,h24,2026-01-04T23:00:00,2026-01-18T23:00:00,2026-02-15T23:00:00,,,42.0
2026-02-01 06:00:00,59.6,58.27862836002109,1.0,"Divine healer's Church, Bethlehem",tabular,ridge_ar_lag_fourier,h24,2026-01-04T23:00:00,2026-01-18T23:00:00,2026-02-15T23:00:00,,,42.0
2026-02-01 07:00:00,64.0,51.30684823728156,1.0,"Divine healer's Church, Bethlehem",tabular,ridge_ar_lag_fourier,h24,2026-01-04T23:00:00,2026-01-18T23:00:00,2026-02-15T23:00:00,,,42.0
2026-02-01 08:00:00,56.9,42.19046534363349,1.0,"Divine healer's Church, Bethlehem",tabular,ridge_ar_lag_fourier,h24,2026-01-04T23:00:00,2026-01-18T23:00:00,2026-02-15T23:00:00,,,42.0
2026-02-01 09:00:00,47.9,38.81470648549111,1.0,"Divine healer's Church, Bethlehem",tabular,ridge_ar_lag_fourier,h24,2026-01-04T23:00:00,2026-01-18T23:00:00,2026-02-15T23:00:00,,,42.0
2026-02-01 10:00:00,58.7,37.59301216095968,1.0,"Divine healer's Church, Bethlehem",tabular,ridge_ar_lag_fourier,h24,2026-01-04T23:00:00,2026-01-18T23:00:00,2026-02-15T23:00:00,,,42.0
2026-02-01 11:00:00,51.5,37.96429619801546,1.0,"Divine healer's Church, Bethlehem",tabular,ridge_ar_lag_fourier,h24,2026-01-04T23:00:00,2026-01-18T23:00:00,2026-02-15T23:00:00,,,42.0
2026-02-01 12:00:00,36.6,41.130752234449176,1.0,"Divine healer's Church, Bethlehem",tabular,ridge_ar_lag_fourier,h24,2026-01-04T23:00:00,2026-01-18T23:00:00,2026-02-15T23:00:00,,,42.0
2026-02-01 13:00:00,35.4,37.75283813337632,1.0,"Divine healer's Church, Bethlehem",tabular,ridge_ar_lag_fourier,h24,2026-01-04T23:00:00,2026-01-18T23:00:00,2026-02-15T23:00:00,,,42.0
2026-02-01 14:00:00,33.5,34.77279159700321,1.0,"Divine healer's Church, Bethlehem",tabular,ridge_ar_lag_fourier,h24,2026-01-04T23:00:00,2026-01-18T23:00:00,2026-02-15T23:00:00,,,42.0
2026-02-01 15:00:00,35.3,35.70877991151283,1.0,"Divine healer's Church, Bethlehem",tabular,ridge_ar_lag_fourier,h24,2026-01-04T23:00:00,2026-01-18T23:00:00,2026-02-15T23:00:00,,,42.0
2026-02-01 16:00:00,36.1,39.438466836443155,1.0,"Divine healer's Church, Bethlehem",tabular,ridge_ar_lag_fourier,h24,2026-01-04T23:00:00,2026-01-18T23:00:00,2026-02-15T23:00:00,,,42.0
2026-02-01 17:00:00,57.3,39.51044430103962,1.0,"Divine healer's Church, Bethlehem",tabular,ridge_ar_lag_fourier,h24,2026-01-04T23:00:00,2026-01-18T23:00:00,2026-02-15T23:00:00,,,42.0
2026-02-01 18:00:00,46.5,46.36961983473678,1.0,"Divine healer's Church, Bethlehem",tabular,ridge_ar_lag_fourier,h24,2026-01-04T23:00:00,2026-01-18T23:00:00,2026-02-15T23:00:00,,,42.0
2026-02-01 19:00:00,61.0,57.97181067839409,1.0,"Divine healer's Church, Bethlehem",tabular,ridge_ar_lag_fourier,h24,2026-01-04T23:00:00,2026-01-18T23:00:00,2026-02-15T23:00:00,,,42.0
2026-02-01 20:00:00,53.6,53.530506567721716,1.0,"Divine healer's Church, Bethlehem",tabular,ridge_ar_lag_fourier,h24,2026-01-04T23:00:00,2026-01-18T23:00:00,2026-02-15T23:00:00,,,42.0
2026-02-01 21:00:00,56.2,46.69264222156542,1.0,"Divine healer's Church, Bethlehem",tabular,ridge_ar_lag_fourier,h24,2026-01-04T23:00:00,2026-01-18T23:00:00,2026-02-15T23:00:00,,,42.0
2026-02-01 22:00:00,72.4,42.741941571170265,1.0,"Divine healer's Church, Bethlehem",tabular,ridge_ar_lag_fourier,h24,2026-01-04T23:00:00,2026-01-18T23:00:00,2026-02-15T23:00:00,,,42.0
2026-02-01 23:00:00,62.5,50.89987760798675,1.0,"Divine healer's Church, Bethlehem",tabular,ridge_ar_lag_fourier,h24,2026-01-04T23:00:00,2026-01-18T23:00:00,2026-02-15T23:00:00,,,42.0
2026-02-02 00:00:00,44.0,45.87215001776289,1.0,"Divine healer's Church, Bethlehem",tabular,ridge_ar_lag_fourier,h24,2026-01-04T23:00:00,2026-01-18T23:00:00,2026-02-15T23:00:00,,,42.0
2026-02-02 01:00:00,44.7,47.185235734926025,1.0,"Divine healer's Church, Bethlehem",tabular,ridge_ar_lag_fourier,h24,2026-01-04T23:00:00,2026-01-18T23:00:00,2026-02-15T23:00:00,,,42.0
2026-02-02 02:00:00,49.3,42.31680633798962,1.0,"Divine healer's Church, Bethlehem",tabular,ridge_ar_lag_fourier,h24,2026-01-04T23:00:00,2026-01-18T23:00:00,2026-02-15T23:00:00,,,42.0
2026-02-02 03:00:00,44.1,39.426007338732326,1.0,"Divine healer's Church, Bethlehem",tabular,ridge_ar_lag_fourier,h24,2026-01-04T23:00:00,2026-01-18T23:00:00,2026-02-15T23:00:00,,,42.0
2026-02-02 04:00:00,41.6,40.9771648237065,1.0,"Divine healer's Church, Bethlehem",tabular,ridge_ar_lag_fourier,h24,2026-01-04T23:00:00,2026-01-18T23:00:00,2026-02-15T23:00:00,,,42.0
2026-02-02 05:00:00,86.6,46.456519397674725,1.0,"Divine healer's Church, Bethlehem",tabular,ridge_ar_lag_fourier,h24,2026-01-04T23:00:00,2026-01-18T23:00:00,2026-02-15T23:00:00,,,42.0
2026-02-02 06:00:00,70.5,54.588474056263834,1.0,"Divine healer's Church, Bethlehem",tabular,ridge_ar_lag_fourier,h24,2026-01-04T23:00:00,2026-01-18T23:00:00,2026-02-15T23:00:00,,,42.0
2026-02-02 07:00:00,51.4,52.454086751591376,1.0,"Divine healer's Church, Bethlehem",tabular,ridge_ar_lag_fourier,h24,2026-01-04T23:00:00,2026-01-18T23:00:00,2026-02-15T23:00:00,,,42.0
2026-02-02 08:00:00,44.1,42.94197547903376,1.0,"Divine healer's Church, Bethlehem",tabular,ridge_ar_lag_fourier,h24,2026-01-04T23:00:00,2026-01-18T23:00:00,2026-02-15T23:00:00,,,42.0
2026-02-02 09:00:00,46.7,41.68242653287785,1.0,"Divine healer's Church, Bethlehem",tabular,ridge_ar_lag_fourier,h24,2026-01-04T23:00:00,2026-01-18T23:00:00,2026-02-15T23:00:00,,,42.0
2026-02-02 10:00:00,47.1,40.38433641732524,1.0,"Divine healer's Church, Bethlehem",tabular,ridge_ar_lag_fourier,h24,2026-01-04T23:00:00,2026-01-18T23:00:00,2026-02-15T23:00:00,,,42.0
2026-02-02 11:00:00,37.9,43.51970738988916,1.0,"Divine healer's Church, Bethlehem",tabular,ridge_ar_lag_fourier,h24,2026-01-04T23:00:00,2026-01-18T23:00:00,2026-02-15T23:00:00,,,42.0
2026-02-02 12:00:00,33.2,39.5986436272998,1.0,"Divine healer's Church, Bethlehem",tabular,ridge_ar_lag_fourier,h24,2026-01-04T23:00:00,2026-01-18T23:00:00,2026-02-15T23:00:00,,,42.0
2026-02-02 13:00:00,32.2,37.157954573900746,1.0,"Divine healer's Church, Bethlehem",tabular,ridge_ar_lag_fourier,h24,2026-01-04T23:00:00,2026-01-18T23:00:00,2026-02-15T23:00:00,,,42.0
2026-02-02 14:00:00,33.4,35.581528919927315,1.0,"Divine healer's Church, Bethlehem",tabular,ridge_ar_lag_fourier,h24,2026-01-04T23:00:00,2026-01-18T23:00:00,2026-02-15T23:00:00,,,42.0
2026-02-02 15:00:00,50.3,33.95049771746432,1.0,"Divine healer's Church, Bethlehem",tabular,ridge_ar_lag_fourier,h24,2026-01-04T23:00:00,2026-01-18T23:00:00,2026-02-15T23:00:00,,,42.0
2026-02-02 16:00:00,56.0,36.78861993423469,1.0,"Divine healer's Church, Bethlehem",tabular,ridge_ar_lag_fourier,h24,2026-01-04T23:00:00,2026-01-18T23:00:00,2026-02-15T23:00:00,,,42.0
2026-02-02 17:00:00,67.7,56.81652816813623,1.0,"Divine healer's Church, Bethlehem",tabular,ridge_ar_lag_fourier,h24,2026-01-04T23:00:00,2026-01-18T23:00:00,2026-02-15T23:00:00,,,42.0
2026-02-02 18:00:00,57.3,56.496527072890444,1.0,"Divine healer's Church, Bethlehem",tabular,ridge_ar_lag_fourier,h24,2026-01-04T23:00:00,2026-01-18T23:00:00,2026-02-15T23:00:00,,,42.0
2026-02-02 19:00:00,56.0,56.03384008454057,1.0,"Divine healer's Church, Bethlehem",tabular,ridge_ar_lag_fourier,h24,2026-01-04T23:00:00,2026-01-18T23:00:00,2026-02-15T23:00:00,,,42.0
2026-02-02 20:00:00,47.3,52.04565800448033,1.0,"Divine healer's Church, Bethlehem",tabular,ridge_ar_lag_fourier,h24,2026-01-04T23:00:00,2026-01-18T23:00:00,2026-02-15T23:00:00,,,42.0
2026-02-02 21:00:00,45.3,47.693539043389805,1.0,"Divine healer's Church, Bethlehem",tabular,ridge_ar_lag_fourier,h24,2026-01-04T23:00:00,2026-01-18T23:00:00,2026-02-15T23:00:00,,,42.0
2026-02-02 22:00:00,45.4,43.557803776145946,1.0,"Divine healer's Church, Bethlehem",tabular,ridge_ar_lag_fourier,h24,2026-01-04T23:00:00,2026-01-18T23:00:00,2026-02-15T23:00:00,,,42.0
2026-02-02 23:00:00,50.3,45.18966127812815,1.0,"Divine healer's Church, Bethlehem",tabular,ridge_ar_lag_fourier,h24,2026-01-04T23:00:00,2026-01-18T23:00:00,2026-02-15T23:00:00,,,42.0
2026-02-03 00:00:00,51.6,47.581571905991225,1.0,"Divine healer's Church, Bethlehem",tabular,ridge_ar_lag_fourier,h24,2026-01-04T23:00:00,2026-01-18T23:00:00,2026-02-15T23:00:00,,,42.0
2026-02-03 01:00:00,46.5,44.7387939853794,1.0,"Divine healer's Church, Bethlehem",tabular,ridge_ar_lag_fourier,h24,2026-01-04T23:00:00,2026-01-18T23:00:00,2026-02-15T23:00:00,,,42.0
2026-02-03 02:00:00,42.5,40.82185993251592,1.0,"Divine healer's Church, Bethlehem",tabular,ridge_ar_lag_fourier,h24,2026-01-04T23:00:00,2026-01-18T23:00:00,2026-02-15T23:00:00,,,42.0
2026-02-03 03:00:00,40.6,40.610722230166786,1.0,"Divine healer's Church, Bethlehem",tabular,ridge_ar_lag_fourier,h24,2026-01-04T23:00:00,2026-01-18T23:00:00,2026-02-15T23:00:00,,,42.0
2026-02-03 04:00:00,44.3,40.16709119666667,1.0,"Divine healer's Church, Bethlehem",tabular,ridge_ar_lag_fourier,h24,2026-01-04T23:00:00,2026-01-18T23:00:00,2026-02-15T23:00:00,,,42.0
2026-02-03 05:00:00,48.8,46.218817108918316,1.0,"Divine healer's Church, Bethlehem",tabular,ridge_ar_lag_fourier,h24,2026-01-04T23:00:00,2026-01-18T23:00:00,2026-02-15T23:00:00,,,42.0
2026-02-03 06:00:00,46.9,57.31857165676803,1.0,"Divine healer's Church, Bethlehem",tabular,ridge_ar_lag_fourier,h24,2026-01-04T23:00:00,2026-01-18T23:00:00,2026-02-15T23:00:00,,,42.0
2026-02-03 07:00:00,51.6,54.387205720769686,1.0,"Divine healer's Church, Bethlehem",tabular,ridge_ar_lag_fourier,h24,2026-01-04T23:00:00,2026-01-18T23:00:00,2026-02-15T23:00:00,,,42.0
2026-02-03 08:00:00,102.3,45.30208809458682,1.0,"Divine healer's Church, Bethlehem",tabular,ridge_ar_lag_fourier,h24,2026-01-04T23:00:00,2026-01-18T23:00:00,2026-02-15T23:00:00,,,42.0
2026-02-03 09:00:00,48.3,40.719473709193196,1.0,"Divine healer's Church, Bethlehem",tabular,ridge_ar_lag_fourier,h24,2026-01-04T23:00:00,2026-01-18T23:00:00,2026-02-15T23:00:00,,,42.0
2026-02-03 10:00:00,45.4,43.45330983209912,1.0,"Divine healer's Church, Bethlehem",tabular,ridge_ar_lag_fourier,h24,2026-01-04T23:00:00,2026-01-18T23:00:00,2026-02-15T23:00:00,,,42.0
2026-02-03 11:00:00,53.2,41.577397333922534,1.0,"Divine healer's Church, Bethlehem",tabular,ridge_ar_lag_fourier,h24,2026-01-04T23:00:00,2026-01-18T23:00:00,2026-02-15T23:00:00,,,42.0
2026-02-03 12:00:00,43.9,38.34918063376416,1.0,"Divine healer's Church, Bethlehem",tabular,ridge_ar_lag_fourier,h24,2026-01-04T23:00:00,2026-01-18T23:00:00,2026-02-15T23:00:00,,,42.0
2026-02-03 13:00:00,49.8,36.17547713922679,1.0,"Divine healer's Church, Bethlehem",tabular,ridge_ar_lag_fourier,h24,2026-01-04T23:00:00,2026-01-18T23:00:00,2026-02-15T23:00:00,,,42.0
2026-02-03 14:00:00,38.6,34.251882351000674,1.0,"Divine healer's Church, Bethlehem",tabular,ridge_ar_lag_fourier,h24,2026-01-04T23:00:00,2026-01-18T23:00:00,2026-02-15T23:00:00,,,42.0
2026-02-03 15:00:00,39.5,33.46086387775327,1.0,"Divine healer's Church, Bethlehem",tabular,ridge_ar_lag_fourier,h24,2026-01-04T23:00:00,2026-01-18T23:00:00,2026-02-15T23:00:00,,,42.0
2026-02-03 16:00:00,44.0,40.54756761124084,1.0,"Divine healer's Church, Bethlehem",tabular,ridge_ar_lag_fourier,h24,2026-01-04T23:00:00,2026-01-18T23:00:00,2026-02-15T23:00:00,,,42.0
2026-02-03 17:00:00,37.8,43.8771569726728,1.0,"Divine healer's Church, Bethlehem",tabular,ridge_ar_lag_fourier,h24,2026-01-04T23:00:00,2026-01-18T23:00:00,2026-02-15T23:00:00,,,42.0
2026-02-03 18:00:00,48.7,49.82258561722249,1.0,"Divine healer's Church, Bethlehem",tabular,ridge_ar_lag_fourier,h24,2026-01-04T23:00:00,2026-01-18T23:00:00,2026-02-15T23:00:00,,,42.0
2026-02-03 19:00:00,85.5,57.298273885788035,1.0,"Divine healer's Church, Bethlehem",tabular,ridge_ar_lag_fourier,h24,2026-01-04T23:00:00,2026-01-18T23:00:00,2026-02-15T23:00:00,,,42.0
2026-02-03 20:00:00,81.4,52.805965157499145,1.0,"Divine healer's Church, Bethlehem",tabular,ridge_ar_lag_fourier,h24,2026-01-04T23:00:00,2026-01-18T23:00:00,2026-02-15T23:00:00,,,42.0
2026-02-03 21:00:00,69.4,48.78396472949106,1.0,"Divine healer's Church, Bethlehem",tabular,ridge_ar_lag_fourier,h24,2026-01-04T23:00:00,2026-01-18T23:00:00,2026-02-15T23:00:00,,,42.0
2026-02-03 22:00:00,49.3,45.86484611511043,1.0,"Divine healer's Church, Bethlehem",tabular,ridge_ar_lag_fourier,h24,2026-01-04T23:00:00,2026-01-18T23:00:00,2026-02-15T23:00:00,,,42.0
2026-02-03 23:00:00,41.9,40.526033874717825,1.0,"Divine healer's Church, Bethlehem",tabular,ridge_ar_lag_fourier,h24,2026-01-04T23:00:00,2026-01-18T23:00:00,2026-02-15T23:00:00,,,42.0
2026-02-04 00:00:00,45.7,41.45482986829673,1.0,"Divine healer's Church, Bethlehem",tabular,ridge_ar_lag_fourier,h24,2026-01-04T23:00:00,2026-01-18T23:00:00,2026-02-15T23:00:00,,,42.0
2026-02-04 01:00:00,32.7,43.324285879818746,1.0,"Divine healer's Church, Bethlehem",tabular,ridge_ar_lag_fourier,h24,2026-01-04T23:00:00,2026-01-18T23:00:00,2026-02-15T23:00:00,,,42.0
2026-02-04 02:00:00,33.7,39.84464228390685,1.0,"Divine healer's Church, Bethlehem",tabular,ridge_ar_lag_fourier,h24,2026-01-04T23:00:00,2026-01-18T23:00:00,2026-02-15T23:00:00,,,42.0
2026-02-04 03:00:00,40.0,39.572414009616296,1.0,"Divine healer's Church, Bethlehem",tabular,ridge_ar_lag_fourier,h24,2026-01-04T23:00:00,2026-01-18T23:00:00,2026-02-15T23:00:00,,,42.0
2026-02-04 04:00:00,69.5,41.55150937120868,1.0,"Divine healer's Church, Bethlehem",tabular,ridge_ar_lag_fourier,h24,2026-01-04T23:00:00,2026-01-18T23:00:00,2026-02-15T23:00:00,,,42.0
2026-02-04 05:00:00,127.8,49.433462290923,1.0,"Divine healer's Church, Bethlehem",tabular,ridge_ar_lag_fourier,h24,2026-01-04T23:00:00,2026-01-18T23:00:00,2026-02-15T23:00:00,,,42.0
2026-02-04 06:00:00,142.9,53.291192978180675,1.0,"Divine healer's Church, Bethlehem",tabular,ridge_ar_lag_fourier,h24,2026-01-04T23:00:00,2026-01-18T23:00:00,2026-02-15T23:00:00,,,42.0
2026-02-04 07:00:00,101.3,49.15367906831531,1.0,"Divine healer's Church, Bethlehem",tabular,ridge_ar_lag_fourier,h24,2026-01-04T23:00:00,2026-01-18T23:00:00,2026-02-15T23:00:00,,,42.0
2026-02-04 08:00:00,100.3,42.538642704620315,1.0,"Divine healer's Church, Bethlehem",tabular,ridge_ar_lag_fourier,h24,2026-01-04T23:00:00,2026-01-18T23:00:00,2026-02-15T23:00:00,,,42.0
2026-02-04 09:00:00,65.1,47.640983997095994,1.0,"Divine healer's Church, Bethlehem",tabular,ridge_ar_lag_fourier,h24,2026-01-04T23:00:00,2026-01-18T23:00:00,2026-02-15T23:00:00,,,42.0
2026-02-04 10:00:00,76.5,41.509576885616625,1.0,"Divine healer's Church, Bethlehem",tabular,ridge_ar_lag_fourier,h24,2026-01-04T23:00:00,2026-01-18T23:00:00,2026-02-15T23:00:00,,,42.0
2026-02-04 11:00:00,76.3,38.82966230570594,1.0,"Divine healer's Church, Bethlehem",tabular,ridge_ar_lag_fourier,h24,2026-01-04T23:00:00,2026-01-18T23:00:00,2026-02-15T23:00:00,,,42.0
2026-02-04 12:00:00,47.7,38.070800297341975,1.0,"Divine healer's Church, Bethlehem",tabular,ridge_ar_lag_fourier,h24,2026-01-04T23:00:00,2026-01-18T23:00:00,2026-02-15T23:00:00,,,42.0
2026-02-04 13:00:00,38.5,36.08623356073213,1.0,"Divine healer's Church, Bethlehem",tabular,ridge_ar_lag_fourier,h24,2026-01-04T23:00:00,2026-01-18T23:00:00,2026-02-15T23:00:00,,,42.0
2026-02-04 14:00:00,36.0,35.08540419600023,1.0,"Divine healer's Church, Bethlehem",tabular,ridge_ar_lag_fourier,h24,2026-01-04T23:00:00,2026-01-18T23:00:00,2026-02-15T23:00:00,,,42.0
2026-02-04 15:00:00,31.8,36.559243862219,1.0,"Divine healer's Church, Bethlehem",tabular,ridge_ar_lag_fourier,h24,2026-01-04T23:00:00,2026-01-18T23:00:00,2026-02-15T23:00:00,,,42.0
2026-02-04 16:00:00,31.1,43.07085930439008,1.0,"Divine healer's Church, Bethlehem",tabular,ridge_ar_lag_fourier,h24,2026-01-04T23:00:00,2026-01-18T23:00:00,2026-02-15T23:00:00,,,42.0
2026-02-04 17:00:00,26.2,44.22354732354012,1.0,"Divine healer's Church, Bethlehem",tabular,ridge_ar_lag_fourier,h24,2026-01-04T23:00:00,2026-01-18T23:00:00,2026-02-15T23:00:00,,,42.0
2026-02-04 18:00:00,31.7,47.252476164465705,1.0,"Divine healer's Church, Bethlehem",tabular,ridge_ar_lag_fourier,h24,2026-01-04T23:00:00,2026-01-18T23:00:00,2026-02-15T23:00:00,,,42.0
2026-02-04 19:00:00,62.9,57.5445961513111,1.0,"Divine healer's Church, Bethlehem",tabular,ridge_ar_lag_fourier,h24,2026-01-04T23:00:00,2026-01-18T23:00:00,2026-02-15T23:00:00,,,42.0
2026-02-04 20:00:00,26.0,55.65486937083608,1.0,"Divine healer's Church, Bethlehem",tabular,ridge_ar_lag_fourier,h24,2026-01-04T23:00:00,2026-01-18T23:00:00,2026-02-15T23:00:00,,,42.0
2026-02-04 21:00:00,52.7,50.42584012880667,1.0,"Divine healer's Church, Bethlehem",tabular,ridge_ar_lag_fourier,h24,2026-01-04T23:00:00,2026-01-18T23:00:00,2026-02-15T23:00:00,,,42.0
2026-02-04 22:00:00,51.5,44.62558927911039,1.0,"Divine healer's Church, Bethlehem",tabular,ridge_ar_lag_fourier,h24,2026-01-04T23:00:00,2026-01-18T23:00:00,2026-02-15T23:00:00,,,42.0
2026-02-04 23:00:00,49.0,41.28298341415001,1.0,"Divine healer's Church, Bethlehem",tabular,ridge_ar_lag_fourier,h24,2026-01-04T23:00:00,2026-01-18T23:00:00,2026-02-15T23:00:00,,,42.0
2026-02-05 00:00:00,42.6,39.775102037099046,1.0,"Divine healer's Church, Bethlehem",tabular,ridge_ar_lag_fourier,h24,2026-01-04T23:00:00,2026-01-18T23:00:00,2026-02-15T23:00:00,,,42.0
2026-02-05 01:00:00,45.2,42.99058010713945,1.0,"Divine healer's Church, Bethlehem",tabular,ridge_ar_lag_fourier,h24,2026-01-04T23:00:00,2026-01-18T23:00:00,2026-02-15T23:00:00,,,42.0
2026-02-05 02:00:00,56.6,37.67156897477484,1.0,"Divine healer's Church, Bethlehem",tabular,ridge_ar_lag_fourier,h24,2026-01-04T23:00:00,2026-01-18T23:00:00,2026-02-15T23:00:00,,,42.0
2026-02-05 03:00:00,45.1,37.437413141988685,1.0,"Divine healer's Church, Bethlehem",tabular,ridge_ar_lag_fourier,h24,2026-01-04T23:00:00,2026-01-18T23:00:00,2026-02-15T23:00:00,,,42.0
2026-02-05 04:00:00,40.7,39.954933742737715,1.0,"Divine healer's Church, Bethlehem",tabular,ridge_ar_lag_fourier,h24,2026-01-04T23:00:00,2026-01-18T23:00:00,2026-02-15T23:00:00,,,42.0
2026-02-05 05:00:00,39.8,48.50084636162239,1.0,"Divine healer's Church, Bethlehem",tabular,ridge_ar_lag_fourier,h24,2026-01-04T23:00:00,2026-01-18T23:00:00,2026-02-15T23:00:00,,,42.0
2026-02-05 06:00:00,42.9,58.68860606771196,1.0,"Divine healer's Church, Bethlehem",tabular,ridge_ar_lag_fourier,h24,2026-01-04T23:00:00,2026-01-18T23:00:00,2026-02-15T23:00:00,,,42.0
2026-02-05 07:00:00,37.1,62.50588691857844,1.0,"Divine healer's Church, Bethlehem",tabular,ridge_ar_lag_fourier,h24,2026-01-04T23:00:00,2026-01-18T23:00:00,2026-02-15T23:00:00,,,42.0
2026-02-05 08:00:00,27.3,51.8772536544201,1.0,"Divine healer's Church, Bethlehem",tabular,ridge_ar_lag_fourier,h24,2026-01-04T23:00:00,2026-01-18T23:00:00,2026-02-15T23:00:00,,,42.0
2026-02-05 09:00:00,17.9,45.7827985904047,1.0,"Divine healer's Church, Bethlehem",tabular,ridge_ar_lag_fourier,h24,2026-01-04T23:00:00,2026-01-18T23:00:00,2026-02-15T23:00:00,,,42.0
2026-02-05 10:00:00,16.8,40.54305793793708,1.0,"Divine healer's Church, Bethlehem",tabular,ridge_ar_lag_fourier,h24,2026-01-04T23:00:00,2026-01-18T23:00:00,2026-02-15T23:00:00,,,42.0
2026-02-05 11:00:00,21.1,40.46240751321348,1.0,"Divine healer's Church, Bethlehem",tabular,ridge_ar_lag_fourier,h24,2026-01-04T23:00:00,2026-01-18T23:00:00,2026-02-15T23:00:00,,,42.0
2026-02-05 12:00:00,28.6,38.80174765518977,1.0,"Divine healer's Church, Bethlehem",tabular,ridge_ar_lag_fourier,h24,2026-01-04T23:00:00,2026-01-18T23:00:00,2026-02-15T23:00:00,,,42.0
2026-02-05 13:00:00,28.8,34.005518514298856,1.0,"Divine healer's Church, Bethlehem",tabular,ridge_ar_lag_fourier,h24,2026-01-04T23:00:00,2026-01-18T23:00:00,2026-02-15T23:00:00,,,42.0
2026-02-05 14:00:00,24.5,30.189793084843224,1.0,"Divine healer's Church, Bethlehem",tabular,ridge_ar_lag_fourier,h24,2026-01-04T23:00:00,2026-01-18T23:00:00,2026-02-15T23:00:00,,,42.0
2026-02-05 15:00:00,29.0,31.861642508380786,1.0,"Divine healer's Church, Bethlehem",tabular,ridge_ar_lag_fourier,h24,2026-01-04T23:00:00,2026-01-18T23:00:00,2026-02-15T23:00:00,,,42.0
2026-02-05 16:00:00,38.0,35.124900655298426,1.0,"Divine healer's Church, Bethlehem",tabular,ridge_ar_lag_fourier,h24,2026-01-04T23:00:00,2026-01-18T23:00:00,2026-02-15T23:00:00,,,42.0
2026-02-05 17:00:00,38.1,38.36778267774073,1.0,"Divine healer's Church, Bethlehem",tabular,ridge_ar_lag_fourier,h24,2026-01-04T23:00:00,2026-01-18T23:00:00,2026-02-15T23:00:00,,,42.0
2026-02-05 18:00:00,40.7,41.86934491517211,1.0,"Divine healer's Church, Bethlehem",tabular,ridge_ar_lag_fourier,h24,2026-01-04T23:00:00,2026-01-18T23:00:00,2026-02-15T23:00:00,,,42.0
2026-02-05 19:00:00,40.7,46.956997094054984,1.0,"Divine healer's Church, Bethlehem",tabular,ridge_ar_lag_fourier,h24,2026-01-04T23:00:00,2026-01-18T23:00:00,2026-02-15T23:00:00,,,42.0
2026-02-05 20:00:00,35.2,49.506150117908405,1.0,"Divine healer's Church, Bethlehem",tabular,ridge_ar_lag_fourier,h24,2026-01-04T23:00:00,2026-01-18T23:00:00,2026-02-15T23:00:00,,,42.0
2026-02-05 21:00:00,33.2,39.54017122616273,1.0,"Divine healer's Church, Bethlehem",tabular,ridge_ar_lag_fourier,h24,2026-01-04T23:00:00,2026-01-18T23:00:00,2026-02-15T23:00:00,,,42.0
2026-02-05 22:00:00,37.1,38.61282966529283,1.0,"Divine healer's Church, Bethlehem",tabular,ridge_ar_lag_fourier,h24,2026-01-04T23:00:00,2026-01-18T23:00:00,2026-02-15T23:00:00,,,42.0
2026-02-05 23:00:00,30.7,38.566650168591224,1.0,"Divine healer's Church, Bethlehem",tabular,ridge_ar_lag_fourier,h24,2026-01-04T23:00:00,2026-01-18T23:00:00,2026-02-15T23:00:00,,,42.0
2026-02-06 00:00:00,27.7,38.44791471599837,1.0,"Divine healer's Church, Bethlehem",tabular,ridge_ar_lag_fourier,h24,2026-01-04T23:00:00,2026-01-18T23:00:00,2026-02-15T23:00:00,,,42.0
2026-02-06 01:00:00,28.3,38.5851858902714,1.0,"Divine healer's Church, Bethlehem",tabular,ridge_ar_lag_fourier,h24,2026-01-04T23:00:00,2026-01-18T23:00:00,2026-02-15T23:00:00,,,42.0
2026-02-06 02:00:00,31.6,35.00662410830688,1.0,"Divine healer's Church, Bethlehem",tabular,ridge_ar_lag_fourier,h24,2026-01-04T23:00:00,2026-01-18T23:00:00,2026-02-15T23:00:00,,,42.0
2026-02-06 03:00:00,35.2,35.87939910690502,1.0,"Divine healer's Church, Bethlehem",tabular,ridge_ar_lag_fourier,h24,2026-01-04T23:00:00,2026-01-18T23:00:00,2026-02-15T23:00:00,,,42.0
2026-02-06 04:00:00,44.2,41.041924572290995,1.0,"Divine healer's Church, Bethlehem",tabular,ridge_ar_lag_fourier,h24,2026-01-04T23:00:00,2026-01-18T23:00:00,2026-02-15T23:00:00,,,42.0
2026-02-06 05:00:00,65.2,51.61298356735508,1.0,"Divine healer's Church, Bethlehem",tabular,ridge_ar_lag_fourier,h24,2026-01-04T23:00:00,2026-01-18T23:00:00,2026-02-15T23:00:00,,,42.0
2026-02-06 06:00:00,98.6,53.47582085620584,1.0,"Divine healer's Church, Bethlehem",tabular,ridge_ar_lag_fourier,h24,2026-01-04T23:00:00,2026-01-18T23:00:00,2026-02-15T23:00:00,,,42.0
2026-02-06 07:00:00,52.2,52.87316564049286,1.0,"Divine healer's Church, Bethlehem",tabular,ridge_ar_lag_fourier,h24,2026-01-04T23:00:00,2026-01-18T23:00:00,2026-02-15T23:00:00,,,42.0
2026-02-06 08:00:00,39.3,46.42442801836178,1.0,"Divine healer's Church, Bethlehem",tabular,ridge_ar_lag_fourier,h24,2026-01-04T23:00:00,2026-01-18T23:00:00,2026-02-15T23:00:00,,,42.0
2026-02-06 09:00:00,33.9,40.975656083396714,1.0,"Divine healer's Church, Bethlehem",tabular,ridge_ar_lag_fourier,h24,2026-01-04T23:00:00,2026-01-18T23:00:00,2026-02-15T23:00:00,,,42.0
2026-02-06 10:00:00,41.2,41.36155324388555,1.0,"Divine healer's Church, Bethlehem",tabular,ridge_ar_lag_fourier,h24,2026-01-04T23:00:00,2026-01-18T23:00:00,2026-02-15T23:00:00,,,42.0
2026-02-06 11:00:00,33.0,37.08447907303599,1.0,"Divine healer's Church, Bethlehem",tabular,ridge_ar_lag_fourier,h24,2026-01-04T23:00:00,2026-01-18T23:00:00,2026-02-15T23:00:00,,,42.0
2026-02-06 12:00:00,31.2,32.43982382670795,1.0,"Divine healer's Church, Bethlehem",tabular,ridge_ar_lag_fourier,h24,2026-01-04T23:00:00,2026-01-18T23:00:00,2026-02-15T23:00:00,,,42.0
2026-02-06 13:00:00,32.2,30.327796321751094,1.0,"Divine healer's Church, Bethlehem",tabular,ridge_ar_lag_fourier,h24,2026-01-04T23:00:00,2026-01-18T23:00:00,2026-02-15T23:00:00,,,42.0
2026-02-06 14:00:00,27.2,27.772487586898187,1.0,"Divine healer's Church, Bethlehem",tabular,ridge_ar_lag_fourier,h24,2026-01-04T23:00:00,2026-01-18T23:00:00,2026-02-15T23:00:00,,,42.0
2026-02-06 15:00:00,26.2,29.66437579671946,1.0,"Divine healer's Church, Bethlehem",tabular,ridge_ar_lag_fourier,h24,2026-01-04T23:00:00,2026-01-18T23:00:00,2026-02-15T23:00:00,,,42.0
2026-02-06 16:00:00,26.2,31.497678578293446,1.0,"Divine healer's Church, Bethlehem",tabular,ridge_ar_lag_fourier,h24,2026-01-04T23:00:00,2026-01-18T23:00:00,2026-02-15T23:00:00,,,42.0
2026-02-06 17:00:00,29.4,37.95743171657259,1.0,"Divine healer's Church, Bethlehem",tabular,ridge_ar_lag_fourier,h24,2026-01-04T23:00:00,2026-01-18T23:00:00,2026-02-15T23:00:00,,,42.0
2026-02-06 18:00:00,34.0,44.701343875874116,1.0,"Divine healer's Church, Bethlehem",tabular,ridge_ar_lag_fourier,h24,2026-01-04T23:00:00,2026-01-18T23:00:00,2026-02-15T23:00:00,,,42.0
2026-02-06 19:00:00,38.5,45.37096744066649,1.0,"Divine healer's Church, Bethlehem",tabular,ridge_ar_lag_fourier,h24,2026-01-04T23:00:00,2026-01-18T23:00:00,2026-02-15T23:00:00,,,42.0
2026-02-06 20:00:00,34.5,43.41661583702168,1.0,"Divine healer's Church, Bethlehem",tabular,ridge_ar_lag_fourier,h24,2026-01-04T23:00:00,2026-01-18T23:00:00,2026-02-15T23:00:00,,,42.0
2026-02-06 21:00:00,51.0,42.0702683126714,1.0,"Divine healer's Church, Bethlehem",tabular,ridge_ar_lag_fourier,h24,2026-01-04T23:00:00,2026-01-18T23:00:00,2026-02-15T23:00:00,,,42.0
2026-02-06 22:00:00,33.3,40.80367753956922,1.0,"Divine healer's Church, Bethlehem",tabular,ridge_ar_lag_fourier,h24,2026-01-04T23:00:00,2026-01-18T23:00:00,2026-02-15T23:00:00,,,42.0
2026-02-06 23:00:00,35.8,40.198390253566004,1.0,"Divine healer's Church, Bethlehem",tabular,ridge_ar_lag_fourier,h24,2026-01-04T23:00:00,2026-01-18T23:00:00,2026-02-15T23:00:00,,,42.0
2026-02-07 00:00:00,36.3,38.81911125313678,1.0,"Divine healer's Church, Bethlehem",tabular,ridge_ar_lag_fourier,h24,2026-01-04T23:00:00,2026-01-18T23:00:00,2026-02-15T23:00:00,,,42.0
2026-02-07 01:00:00,41.7,40.68420111878471,1.0,"Divine healer's Church, Bethlehem",tabular,ridge_ar_lag_fourier,h24,2026-01-04T23:00:00,2026-01-18T23:00:00,2026-02-15T23:00:00,,,42.0
2026-02-07 02:00:00,40.6,39.373543867265006,1.0,"Divine healer's Church, Bethlehem",tabular,ridge_ar_lag_fourier,h24,2026-01-04T23:00:00,2026-01-18T23:00:00,2026-02-15T23:00:00,,,42.0
2026-02-07 03:00:00,39.1,40.45201977041729,1.0,"Divine healer's Church, Bethlehem",tabular,ridge_ar_lag_fourier,h24,2026-01-04T23:00:00,2026-01-18T23:00:00,2026-02-15T23:00:00,,,42.0
2026-02-07 04:00:00,45.0,44.27980108985244,1.0,"Divine healer's Church, Bethlehem",tabular,ridge_ar_lag_fourier,h24,2026-01-04T23:00:00,2026-01-18T23:00:00,2026-02-15T23:00:00,,,42.0
2026-02-07 05:00:00,53.4,53.60741452548129,1.0,"Divine healer's Church, Bethlehem",tabular,ridge_ar_lag_fourier,h24,2026-01-04T23:00:00,2026-01-18T23:00:00,2026-02-15T23:00:00,,,42.0
2026-02-07 06:00:00,63.8,57.657217062043884,1.0,"Divine healer's Church, Bethlehem",tabular,ridge_ar_lag_fourier,h24,2026-01-04T23:00:00,2026-01-18T23:00:00,2026-02-15T23:00:00,,,42.0
2026-02-07 07:00:00,59.9,58.836416176056616,1.0,"Divine healer's Church, Bethlehem",tabular,ridge_ar_lag_fourier,h24,2026-01-04T23:00:00,2026-01-18T23:00:00,2026-02-15T23:00:00,,,42.0
2026-02-07 08:00:00,38.6,48.97834271825198,1.0,"Divine healer's Church, Bethlehem",tabular,ridge_ar_lag_fourier,h24,2026-01-04T23:00:00,2026-01-18T23:00:00,2026-02-15T23:00:00,,,42.0
2026-02-07 09:00:00,43.7,40.02866921559881,1.0,"Divine healer's Church, Bethlehem",tabular,ridge_ar_lag_fourier,h24,2026-01-04T23:00:00,2026-01-18T23:00:00,2026-02-15T23:00:00,,,42.0
2026-02-07 10:00:00,46.7,40.340487584545855,1.0,"Divine healer's Church, Bethlehem",tabular,ridge_ar_lag_fourier,h24,2026-01-04T23:00:00,2026-01-18T23:00:00,2026-02-15T23:00:00,,,42.0
2026-02-07 11:00:00,60.3,40.08912720344071,1.0,"Divine healer's Church, Bethlehem",tabular,ridge_ar_lag_fourier,h24,2026-01-04T23:00:00,2026-01-18T23:00:00,2026-02-15T23:00:00,,,42.0
2026-02-07 12:00:00,31.3,37.9735026825321,1.0,"Divine healer's Church, Bethlehem",tabular,ridge_ar_lag_fourier,h24,2026-01-04T23:00:00,2026-01-18T23:00:00,2026-02-15T23:00:00,,,42.0
2026-02-07 13:00:00,23.3,34.23111902491285,1.0,"Divine healer's Church, Bethlehem",tabular,ridge_ar_lag_fourier,h24,2026-01-04T23:00:00,2026-01-18T23:00:00,2026-02-15T23:00:00,,,42.0
2026-02-07 14:00:00,28.3,32.344473786419016,1.0,"Divine healer's Church, Bethlehem",tabular,ridge_ar_lag_fourier,h24,2026-01-04T23:00:00,2026-01-18T23:00:00,2026-02-15T23:00:00,,,42.0
2026-02-07 15:00:00,48.1,34.26691759312805,1.0,"Divine healer's Church, Bethlehem",tabular,ridge_ar_lag_fourier,h24,2026-01-04T23:00:00,2026-01-18T23:00:00,2026-02-15T23:00:00,,,42.0
2026-02-07 16:00:00,28.8,36.05054441704402,1.0,"Divine healer's Church, Bethlehem",tabular,ridge_ar_lag_fourier,h24,2026-01-04T23:00:00,2026-01-18T23:00:00,2026-02-15T23:00:00,,,42.0
2026-02-07 17:00:00,44.3,39.5808628675471,1.0,"Divine healer's Church, Bethlehem",tabular,ridge_ar_lag_fourier,h24,2026-01-04T23:00:00,2026-01-18T23:00:00,2026-02-15T23:00:00,,,42.0
2026-02-07 18:00:00,72.7,43.06903647908152,1.0,"Divine healer's Church, Bethlehem",tabular,ridge_ar_lag_fourier,h24,2026-01-04T23:00:00,2026-01-18T23:00:00,2026-02-15T23:00:00,,,42.0
2026-02-07 19:00:00,46.1,45.59023329176727,1.0,"Divine healer's Church, Bethlehem",tabular,ridge_ar_lag_fourier,h24,2026-01-04T23:00:00,2026-01-18T23:00:00,2026-02-15T23:00:00,,,42.0
2026-02-07 20:00:00,36.5,41.967033893727944,1.0,"Divine healer's Church, Bethlehem",tabular,ridge_ar_lag_fourier,h24,2026-01-04T23:00:00,2026-01-18T23:00:00,2026-02-15T23:00:00,,,42.0
2026-02-07 21:00:00,41.8,42.209654385069314,1.0,"Divine healer's Church, Bethlehem",tabular,ridge_ar_lag_fourier,h24,2026-01-04T23:00:00,2026-01-18T23:00:00,2026-02-15T23:00:00,,,42.0
2026-02-07 22:00:00,44.5,41.45206545274759,1.0,"Divine healer's Church, Bethlehem",tabular,ridge_ar_lag_fourier,h24,2026-01-04T23:00:00,2026-01-18T23:00:00,2026-02-15T23:00:00,,,42.0
2026-02-07 23:00:00,38.4,38.733184826927896,1.0,"Divine healer's Church, Bethlehem",tabular,ridge_ar_lag_fourier,h24,2026-01-04T23:00:00,2026-01-18T23:00:00,2026-02-15T23:00:00,,,42.0
2026-02-08 00:00:00,37.6,40.73757890242301,1.0,"Divine healer's Church, Bethlehem",tabular,ridge_ar_lag_fourier,h24,2026-01-04T23:00:00,2026-01-18T23:00:00,2026-02-15T23:00:00,,,42.0
2026-02-08 01:00:00,39.8,40.923025587735935,1.0,"Divine healer's Church, Bethlehem",tabular,ridge_ar_lag_fourier,h24,2026-01-04T23:00:00,2026-01-18T23:00:00,2026-02-15T23:00:00,,,42.0
2026-02-08 02:00:00,31.4,41.15131625814212,1.0,"Divine healer's Church, Bethlehem",tabular,ridge_ar_lag_fourier,h24,2026-01-04T23:00:00,2026-01-18T23:00:00,2026-02-15T23:00:00,,,42.0
2026-02-08 03:00:00,39.7,39.40826278005422,1.0,"Divine healer's Church, Bethlehem",tabular,ridge_ar_lag_fourier,h24,2026-01-04T23:00:00,2026-01-18T23:00:00,2026-02-15T23:00:00,,,42.0
2026-02-08 04:00:00,46.8,42.97449408209843,1.0,"Divine healer's Church, Bethlehem",tabular,ridge_ar_lag_fourier,h24,2026-01-04T23:00:00,2026-01-18T23:00:00,2026-02-15T23:00:00,,,42.0
2026-02-08 05:00:00,67.9,56.60074261553572,1.0,"Divine healer's Church, Bethlehem",tabular,ridge_ar_lag_fourier,h24,2026-01-04T23:00:00,2026-01-18T23:00:00,2026-02-15T23:00:00,,,42.0
2026-02-08 06:00:00,77.5,60.58808822214411,1.0,"Divine healer's Church, Bethlehem",tabular,ridge_ar_lag_fourier,h24,2026-01-04T23:00:00,2026-01-18T23:00:00,2026-02-15T23:00:00,,,42.0
2026-02-08 07:00:00,58.6,52.02053129871787,1.0,"Divine healer's Church, Bethlehem",tabular,ridge_ar_lag_fourier,h24,2026-01-04T23:00:00,2026-01-18T23:00:00,2026-02-15T23:00:00,,,42.0
2026-02-08 08:00:00,49.4,50.55813474895132,1.0,"Divine healer's Church, Bethlehem",tabular,ridge_ar_lag_fourier,h24,2026-01-04T23:00:00,2026-01-18T23:00:00,2026-02-15T23:00:00,,,42.0
2026-02-08 09:00:00,44.0,40.36053198475107,1.0,"Divine healer's Church, Bethlehem",tabular,ridge_ar_lag_fourier,h24,2026-01-04T23:00:00,2026-01-18T23:00:00,2026-02-15T23:00:00,,,42.0
2026-02-08 10:00:00,37.2,42.31799335934035,1.0,"Divine healer's Church, Bethlehem",tabular,ridge_ar_lag_fourier,h24,2026-01-04T23:00:00,2026-01-18T23:00:00,2026-02-15T23:00:00,,,42.0
2026-02-08 11:00:00,38.4,40.60564397265745,1.0,"Divine healer's Church, Bethlehem",tabular,ridge_ar_lag_fourier,h24,2026-01-04T23:00:00,2026-01-18T23:00:00,2026-02-15T23:00:00,,,42.0
2026-02-08 12:00:00,30.8,36.71084763396428,1.0,"Divine healer's Church, Bethlehem",tabular,ridge_ar_lag_fourier,h24,2026-01-04T23:00:00,2026-01-18T23:00:00,2026-02-15T23:00:00,,,42.0
2026-02-08 13:00:00,31.9,31.061525073905294,1.0,"Divine healer's Church, Bethlehem",tabular,ridge_ar_lag_fourier,h24,2026-01-04T23:00:00,2026-01-18T23:00:00,2026-02-15T23:00:00,,,42.0
2026-02-08 14:00:00,34.3,28.24291943438279,1.0,"Divine healer's Church, Bethlehem",tabular,ridge_ar_lag_fourier,h24,2026-01-04T23:00:00,2026-01-18T23:00:00,2026-02-15T23:00:00,,,42.0
2026-02-08 15:00:00,33.6,30.25835271608723,1.0,"Divine healer's Church, Bethlehem",tabular,ridge_ar_lag_fourier,h24,2026-01-04T23:00:00,2026-01-18T23:00:00,2026-02-15T23:00:00,,,42.0
2026-02-08 16:00:00,42.4,34.81397890956382,1.0,"Divine healer's Church, Bethlehem",tabular,ridge_ar_lag_fourier,h24,2026-01-04T23:00:00,2026-01-18T23:00:00,2026-02-15T23:00:00,,,42.0
2026-02-08 17:00:00,63.8,36.541905555754816,1.0,"Divine healer's Church, Bethlehem",tabular,ridge_ar_lag_fourier,h24,2026-01-04T23:00:00,2026-01-18T23:00:00,2026-02-15T23:00:00,,,42.0
2026-02-08 18:00:00,47.3,40.009520771347454,1.0,"Divine healer's Church, Bethlehem",tabular,ridge_ar_lag_fourier,h24,2026-01-04T23:00:00,2026-01-18T23:00:00,2026-02-15T23:00:00,,,42.0
2026-02-08 19:00:00,51.0,49.19330923880622,1.0,"Divine healer's Church, Bethlehem",tabular,ridge_ar_lag_fourier,h24,2026-01-04T23:00:00,2026-01-18T23:00:00,2026-02-15T23:00:00,,,42.0
2026-02-08 20:00:00,39.1,41.25384099688329,1.0,"Divine healer's Church, Bethlehem",tabular,ridge_ar_lag_fourier,h24,2026-01-04T23:00:00,2026-01-18T23:00:00,2026-02-15T23:00:00,,,42.0
2026-02-08 21:00:00,40.5,40.279624023664596,1.0,"Divine healer's Church, Bethlehem",tabular,ridge_ar_lag_fourier,h24,2026-01-04T23:00:00,2026-01-18T23:00:00,2026-02-15T23:00:00,,,42.0
2026-02-08 22:00:00,53.5,40.060247244175414,1.0,"Divine healer's Church, Bethlehem",tabular,ridge_ar_lag_fourier,h24,2026-01-04T23:00:00,2026-01-18T23:00:00,2026-02-15T23:00:00,,,42.0
2026-02-08 23:00:00,56.3,39.9101383588454,1.0,"Divine healer's Church, Bethlehem",tabular,ridge_ar_lag_fourier,h24,2026-01-04T23:00:00,2026-01-18T23:00:00,2026-02-15T23:00:00,,,42.0
2026-02-09 00:00:00,41.2,38.61631185278345,1.0,"Divine healer's Church, Bethlehem",tabular,ridge_ar_lag_fourier,h24,2026-01-04T23:00:00,2026-01-18T23:00:00,2026-02-15T23:00:00,,,42.0
2026-02-09 01:00:00,36.3,36.427844664468026,1.0,"Divine healer's Church, Bethlehem",tabular,ridge_ar_lag_fourier,h24,2026-01-04T23:00:00,2026-01-18T23:00:00,2026-02-15T23:00:00,,,42.0
2026-02-09 02:00:00,35.1,38.777372503660004,1.0,"Divine healer's Church, Bethlehem",tabular,ridge_ar_lag_fourier,h24,2026-01-04T23:00:00,2026-01-18T23:00:00,2026-02-15T23:00:00,,,42.0
2026-02-09 03:00:00,34.7,37.24986636293421,1.0,"Divine healer's Church, Bethlehem",tabular,ridge_ar_lag_fourier,h24,2026-01-04T23:00:00,2026-01-18T23:00:00,2026-02-15T23:00:00,,,42.0
2026-02-09 04:00:00,33.5,41.51384657269611,1.0,"Divine healer's Church, Bethlehem",tabular,ridge_ar_lag_fourier,h24,2026-01-04T23:00:00,2026-01-18T23:00:00,2026-02-15T23:00:00,,,42.0
2026-02-09 05:00:00,46.4,55.72591691921806,1.0,"Divine healer's Church, Bethlehem",tabular,ridge_ar_lag_fourier,h24,2026-01-04T23:00:00,2026-01-18T23:00:00,2026-02-15T23:00:00,,,42.0
2026-02-09 06:00:00,50.3,62.166819022205075,1.0,"Divine healer's Church, Bethlehem",tabular,ridge_ar_lag_fourier,h24,2026-01-04T23:00:00,2026-01-18T23:00:00,2026-02-15T23:00:00,,,42.0
2026-02-09 07:00:00,42.0,53.04900097485674,1.0,"Divine healer's Church, Bethlehem",tabular,ridge_ar_lag_fourier,h24,2026-01-04T23:00:00,2026-01-18T23:00:00,2026-02-15T23:00:00,,,42.0
2026-02-09 08:00:00,35.3,48.83136508631873,1.0,"Divine healer's Church, Bethlehem",tabular,ridge_ar_lag_fourier,h24,2026-01-04T23:00:00,2026-01-18T23:00:00,2026-02-15T23:00:00,,,42.0
2026-02-09 09:00:00,33.4,40.819328392635356,1.0,"Divine healer's Church, Bethlehem",tabular,ridge_ar_lag_fourier,h24,2026-01-04T23:00:00,2026-01-18T23:00:00,2026-02-15T23:00:00,,,42.0
2026-02-09 10:00:00,31.5,42.30825258182841,1.0,"Divine healer's Church, Bethlehem",tabular,ridge_ar_lag_fourier,h24,2026-01-04T23:00:00,2026-01-18T23:00:00,2026-02-15T23:00:00,,,42.0
2026-02-09 11:00:00,35.3,39.760268125336815,1.0,"Divine healer's Church, Bethlehem",tabular,ridge_ar_lag_fourier,h24,2026-01-04T23:00:00,2026-01-18T23:00:00,2026-02-15T23:00:00,,,42.0
2026-02-09 12:00:00,28.7,32.630080484844164,1.0,"Divine healer's Church, Bethlehem",tabular,ridge_ar_lag_fourier,h24,2026-01-04T23:00:00,2026-01-18T23:00:00,2026-02-15T23:00:00,,,42.0
2026-02-09 13:00:00,25.3,29.869901446366434,1.0,"Divine healer's Church, Bethlehem",tabular,ridge_ar_lag_fourier,h24,2026-01-04T23:00:00,2026-01-18T23:00:00,2026-02-15T23:00:00,,,42.0
2026-02-09 14:00:00,24.6,29.952231122566346,1.0,"Divine healer's Church, Bethlehem",tabular,ridge_ar_lag_fourier,h24,2026-01-04T23:00:00,2026-01-18T23:00:00,2026-02-15T23:00:00,,,42.0
2026-02-09 15:00:00,23.9,39.81767956149618,1.0,"Divine healer's Church, Bethlehem",tabular,ridge_ar_lag_fourier,h24,2026-01-04T23:00:00,2026-01-18T23:00:00,2026-02-15T23:00:00,,,42.0
2026-02-09 16:00:00,28.6,40.8224358530524,1.0,"Divine healer's Church, Bethlehem",tabular,ridge_ar_lag_fourier,h24,2026-01-04T23:00:00,2026-01-18T23:00:00,2026-02-15T23:00:00,,,42.0
2026-02-09 17:00:00,37.8,46.873031040025225,1.0,"Divine healer's Church, Bethlehem",tabular,ridge_ar_lag_fourier,h24,2026-01-04T23:00:00,2026-01-18T23:00:00,2026-02-15T23:00:00,,,42.0
2026-02-09 18:00:00,44.7,51.65030903194753,1.0,"Divine healer's Church, Bethlehem",tabular,ridge_ar_lag_fourier,h24,2026-01-04T23:00:00,2026-01-18T23:00:00,2026-02-15T23:00:00,,,42.0
2026-02-09 19:00:00,53.9,51.289861298164354,1.0,"Divine healer's Church, Bethlehem",tabular,ridge_ar_lag_fourier,h24,2026-01-04T23:00:00,2026-01-18T23:00:00,2026-02-15T23:00:00,,,42.0
2026-02-09 20:00:00,37.9,42.0635850452919,1.0,"Divine healer's Church, Bethlehem",tabular,ridge_ar_lag_fourier,h24,2026-01-04T23:00:00,2026-01-18T23:00:00,2026-02-15T23:00:00,,,42.0
2026-02-09 21:00:00,30.6,43.02134131439905,1.0,"Divine healer's Church, Bethlehem",tabular,ridge_ar_lag_fourier,h24,2026-01-04T23:00:00,2026-01-18T23:00:00,2026-02-15T23:00:00,,,42.0
2026-02-09 22:00:00,34.5,42.32012037622494,1.0,"Divine healer's Church, Bethlehem",tabular,ridge_ar_lag_fourier,h24,2026-01-04T23:00:00,2026-01-18T23:00:00,2026-02-15T23:00:00,,,42.0
2026-02-09 23:00:00,33.9,41.80338644394723,1.0,"Divine healer's Church, Bethlehem",tabular,ridge_ar_lag_fourier,h24,2026-01-04T23:00:00,2026-01-18T23:00:00,2026-02-15T23:00:00,,,42.0
2026-02-10 00:00:00,36.7,43.62133445939705,1.0,"Divine healer's Church, Bethlehem",tabular,ridge_ar_lag_fourier,h24,2026-01-04T23:00:00,2026-01-18T23:00:00,2026-02-15T23:00:00,,,42.0
2026-02-10 01:00:00,28.1,40.21556451084467,1.0,"Divine healer's Church, Bethlehem",tabular,ridge_ar_lag_fourier,h24,2026-01-04T23:00:00,2026-01-18T23:00:00,2026-02-15T23:00:00,,,42.0
2026-02-10 02:00:00,31.3,40.222753429201035,1.0,"Divine healer's Church, Bethlehem",tabular,ridge_ar_lag_fourier,h24,2026-01-04T23:00:00,2026-01-18T23:00:00,2026-02-15T23:00:00,,,42.0
2026-02-10 03:00:00,16.0,40.706357021131126,1.0,"Divine healer's Church, Bethlehem",tabular,ridge_ar_lag_fourier,h24,2026-01-04T23:00:00,2026-01-18T23:00:00,2026-02-15T23:00:00,,,42.0
2026-02-10 04:00:00,40.3,45.38769231495187,1.0,"Divine healer's Church, Bethlehem",tabular,ridge_ar_lag_fourier,h24,2026-01-04T23:00:00,2026-01-18T23:00:00,2026-02-15T23:00:00,,,42.0
2026-02-10 05:00:00,106.4,56.474586490915726,1.0,"Divine healer's Church, Bethlehem",tabular,ridge_ar_lag_fourier,h24,2026-01-04T23:00:00,2026-01-18T23:00:00,2026-02-15T23:00:00,,,42.0
2026-02-10 06:00:00,47.0,61.82262818154477,1.0,"Divine healer's Church, Bethlehem",tabular,ridge_ar_lag_fourier,h24,2026-01-04T23:00:00,2026-01-18T23:00:00,2026-02-15T23:00:00,,,42.0
2026-02-10 07:00:00,44.0,52.23722239720175,1.0,"Divine healer's Church, Bethlehem",tabular,ridge_ar_lag_fourier,h24,2026-01-04T23:00:00,2026-01-18T23:00:00,2026-02-15T23:00:00,,,42.0
2026-02-10 08:00:00,34.5,49.79124806551529,1.0,"Divine healer's Church, Bethlehem",tabular,ridge_ar_lag_fourier,h24,2026-01-04T23:00:00,2026-01-18T23:00:00,2026-02-15T23:00:00,,,42.0
2026-02-10 09:00:00,41.2,39.621998679159574,1.0,"Divine healer's Church, Bethlehem",tabular,ridge_ar_lag_fourier,h24,2026-01-04T23:00:00,2026-01-18T23:00:00,2026-02-15T23:00:00,,,42.0
2026-02-10 10:00:00,47.9,41.66571166962437,1.0,"Divine healer's Church, Bethlehem",tabular,ridge_ar_lag_fourier,h24,2026-01-04T23:00:00,2026-01-18T23:00:00,2026-02-15T23:00:00,,,42.0
2026-02-10 11:00:00,46.9,40.45249863657901,1.0,"Divine healer's Church, Bethlehem",tabular,ridge_ar_lag_fourier,h24,2026-01-04T23:00:00,2026-01-18T23:00:00,2026-02-15T23:00:00,,,42.0
2026-02-10 12:00:00,34.3,34.230825793843984,1.0,"Divine healer's Church, Bethlehem",tabular,ridge_ar_lag_fourier,h24,2026-01-04T23:00:00,2026-01-18T23:00:00,2026-02-15T23:00:00,,,42.0
2026-02-10 13:00:00,35.6,32.25945380366849,1.0,"Divine healer's Church, Bethlehem",tabular,ridge_ar_lag_fourier,h24,2026-01-04T23:00:00,2026-01-18T23:00:00,2026-02-15T23:00:00,,,42.0
2026-02-10 14:00:00,31.4,30.237904159224836,1.0,"Divine healer's Church, Bethlehem",tabular,ridge_ar_lag_fourier,h24,2026-01-04T23:00:00,2026-01-18T23:00:00,2026-02-15T23:00:00,,,42.0
2026-02-10 15:00:00,40.3,31.999587617582563,1.0,"Divine healer's Church, Bethlehem",tabular,ridge_ar_lag_fourier,h24,2026-01-04T23:00:00,2026-01-18T23:00:00,2026-02-15T23:00:00,,,42.0
2026-02-10 16:00:00,33.0,35.27871735908308,1.0,"Divine healer's Church, Bethlehem",tabular,ridge_ar_lag_fourier,h24,2026-01-04T23:00:00,2026-01-18T23:00:00,2026-02-15T23:00:00,,,42.0
2026-02-10 17:00:00,47.1,39.728687056539115,1.0,"Divine healer's Church, Bethlehem",tabular,ridge_ar_lag_fourier,h24,2026-01-04T23:00:00,2026-01-18T23:00:00,2026-02-15T23:00:00,,,42.0
2026-02-10 18:00:00,18.5,43.96734109524097,1.0,"Divine healer's Church, Bethlehem",tabular,ridge_ar_lag_fourier,h24,2026-01-04T23:00:00,2026-01-18T23:00:00,2026-02-15T23:00:00,,,42.0
2026-02-10 19:00:00,21.0,48.11614718060308,1.0,"Divine healer's Church, Bethlehem",tabular,ridge_ar_lag_fourier,h24,2026-01-04T23:00:00,2026-01-18T23:00:00,2026-02-15T23:00:00,,,42.0
2026-02-10 20:00:00,27.2,42.94899820898715,1.0,"Divine healer's Church, Bethlehem",tabular,ridge_ar_lag_fourier,h24,2026-01-04T23:00:00,2026-01-18T23:00:00,2026-02-15T23:00:00,,,42.0
2026-02-10 21:00:00,15.6,46.49047774770163,1.0,"Divine healer's Church, Bethlehem",tabular,ridge_ar_lag_fourier,h24,2026-01-04T23:00:00,2026-01-18T23:00:00,2026-02-15T23:00:00,,,42.0
2026-02-10 22:00:00,9.7,41.431318807497846,1.0,"Divine healer's Church, Bethlehem",tabular,ridge_ar_lag_fourier,h24,2026-01-04T23:00:00,2026-01-18T23:00:00,2026-02-15T23:00:00,,,42.0
2026-02-10 23:00:00,9.3,39.64491696310712,1.0,"Divine healer's Church, Bethlehem",tabular,ridge_ar_lag_fourier,h24,2026-01-04T23:00:00,2026-01-18T23:00:00,2026-02-15T23:00:00,,,42.0
2026-02-11 00:00:00,17.6,40.99966608174783,1.0,"Divine healer's Church, Bethlehem",tabular,ridge_ar_lag_fourier,h24,2026-01-04T23:00:00,2026-01-18T23:00:00,2026-02-15T23:00:00,,,42.0
2026-02-11 01:00:00,18.7,39.11477831424094,1.0,"Divine healer's Church, Bethlehem",tabular,ridge_ar_lag_fourier,h24,2026-01-04T23:00:00,2026-01-18T23:00:00,2026-02-15T23:00:00,,,42.0
2026-02-11 02:00:00,17.7,39.47185854961296,1.0,"Divine healer's Church, Bethlehem",tabular,ridge_ar_lag_fourier,h24,2026-01-04T23:00:00,2026-01-18T23:00:00,2026-02-15T23:00:00,,,42.0
2026-02-11 03:00:00,33.8,40.179973880150285,1.0,"Divine healer's Church, Bethlehem",tabular,ridge_ar_lag_fourier,h24,2026-01-04T23:00:00,2026-01-18T23:00:00,2026-02-15T23:00:00,,,42.0
2026-02-11 04:00:00,56.4,44.1670958063349,1.0,"Divine healer's Church, Bethlehem",tabular,ridge_ar_lag_fourier,h24,2026-01-04T23:00:00,2026-01-18T23:00:00,2026-02-15T23:00:00,,,42.0
2026-02-11 05:00:00,61.7,58.70349856919573,1.0,"Divine healer's Church, Bethlehem",tabular,ridge_ar_lag_fourier,h24,2026-01-04T23:00:00,2026-01-18T23:00:00,2026-02-15T23:00:00,,,42.0
2026-02-11 06:00:00,47.3,70.09076900040142,1.0,"Divine healer's Church, Bethlehem",tabular,ridge_ar_lag_fourier,h24,2026-01-04T23:00:00,2026-01-18T23:00:00,2026-02-15T23:00:00,,,42.0
2026-02-11 07:00:00,29.9,54.18529481310591,1.0,"Divine healer's Church, Bethlehem",tabular,ridge_ar_lag_fourier,h24,2026-01-04T23:00:00,2026-01-18T23:00:00,2026-02-15T23:00:00,,,42.0
2026-02-11 08:00:00,38.8,48.603026379535144,1.0,"Divine healer's Church, Bethlehem",tabular,ridge_ar_lag_fourier,h24,2026-01-04T23:00:00,2026-01-18T23:00:00,2026-02-15T23:00:00,,,42.0
2026-02-11 09:00:00,41.5,39.55356577323098,1.0,"Divine healer's Church, Bethlehem",tabular,ridge_ar_lag_fourier,h24,2026-01-04T23:00:00,2026-01-18T23:00:00,2026-02-15T23:00:00,,,42.0
2026-02-11 10:00:00,25.5,42.93232383205154,1.0,"Divine healer's Church, Bethlehem",tabular,ridge_ar_lag_fourier,h24,2026-01-04T23:00:00,2026-01-18T23:00:00,2026-02-15T23:00:00,,,42.0
2026-02-11 11:00:00,25.5,42.78425492815283,1.0,"Divine healer's Church, Bethlehem",tabular,ridge_ar_lag_fourier,h24,2026-01-04T23:00:00,2026-01-18T23:00:00,2026-02-15T23:00:00,,,42.0
2026-02-11 12:00:00,25.1,36.95040008157372,1.0,"Divine healer's Church, Bethlehem",tabular,ridge_ar_lag_fourier,h24,2026-01-04T23:00:00,2026-01-18T23:00:00,2026-02-15T23:00:00,,,42.0
2026-02-11 13:00:00,23.7,32.98904342267848,1.0,"Divine healer's Church, Bethlehem",tabular,ridge_ar_lag_fourier,h24,2026-01-04T23:00:00,2026-01-18T23:00:00,2026-02-15T23:00:00,,,42.0
2026-02-11 14:00:00,19.7,31.173083084042332,1.0,"Divine healer's Church, Bethlehem",tabular,ridge_ar_lag_fourier,h24,2026-01-04T23:00:00,2026-01-18T23:00:00,2026-02-15T23:00:00,,,42.0
2026-02-11 15:00:00,22.6,32.63517232270969,1.0,"Divine healer's Church, Bethlehem",tabular,ridge_ar_lag_fourier,h24,2026-01-04T23:00:00,2026-01-18T23:00:00,2026-02-15T23:00:00,,,42.0
2026-02-11 16:00:00,35.1,35.87881522808736,1.0,"Divine healer's Church, Bethlehem",tabular,ridge_ar_lag_fourier,h24,2026-01-04T23:00:00,2026-01-18T23:00:00,2026-02-15T23:00:00,,,42.0
2026-02-11 17:00:00,34.1,37.347225915641275,1.0,"Divine healer's Church, Bethlehem",tabular,ridge_ar_lag_fourier,h24,2026-01-04T23:00:00,2026-01-18T23:00:00,2026-02-15T23:00:00,,,42.0
2026-02-11 18:00:00,27.6,43.479622571539764,1.0,"Divine healer's Church, Bethlehem",tabular,ridge_ar_lag_fourier,h24,2026-01-04T23:00:00,2026-01-18T23:00:00,2026-02-15T23:00:00,,,42.0
2026-02-11 19:00:00,37.1,46.32542980372425,1.0,"Divine healer's Church, Bethlehem",tabular,ridge_ar_lag_fourier,h24,2026-01-04T23:00:00,2026-01-18T23:00:00,2026-02-15T23:00:00,,,42.0
2026-02-11 20:00:00,46.0,39.10560530200625,1.0,"Divine healer's Church, Bethlehem",tabular,ridge_ar_lag_fourier,h24,2026-01-04T23:00:00,2026-01-18T23:00:00,2026-02-15T23:00:00,,,42.0
2026-02-11 21:00:00,53.3,41.11925770133498,1.0,"Divine healer's Church, Bethlehem",tabular,ridge_ar_lag_fourier,h24,2026-01-04T23:00:00,2026-01-18T23:00:00,2026-02-15T23:00:00,,,42.0
2026-02-11 22:00:00,50.6,38.22194211926036,1.0,"Divine healer's Church, Bethlehem",tabular,ridge_ar_lag_fourier,h24,2026-01-04T23:00:00,2026-01-18T23:00:00,2026-02-15T23:00:00,,,42.0
2026-02-11 23:00:00,87.2,35.23760899302802,1.0,"Divine healer's Church, Bethlehem",tabular,ridge_ar_lag_fourier,h24,2026-01-04T23:00:00,2026-01-18T23:00:00,2026-02-15T23:00:00,,,42.0
2026-02-12 00:00:00,79.3,39.75906821646451,1.0,"Divine healer's Church, Bethlehem",tabular,ridge_ar_lag_fourier,h24,2026-01-04T23:00:00,2026-01-18T23:00:00,2026-02-15T23:00:00,,,42.0
2026-02-12 01:00:00,83.0,38.68840048070429,1.0,"Divine healer's Church, Bethlehem",tabular,ridge_ar_lag_fourier,h24,2026-01-04T23:00:00,2026-01-18T23:00:00,2026-02-15T23:00:00,,,42.0
2026-02-12 02:00:00,78.9,35.971135388057775,1.0,"Divine healer's Church, Bethlehem",tabular,ridge_ar_lag_fourier,h24,2026-01-04T23:00:00,2026-01-18T23:00:00,2026-02-15T23:00:00,,,42.0
2026-02-12 03:00:00,65.7,36.196331897353986,1.0,"Divine healer's Church, Bethlehem",tabular,ridge_ar_lag_fourier,h24,2026-01-04T23:00:00,2026-01-18T23:00:00,2026-02-15T23:00:00,,,42.0
2026-02-12 04:00:00,69.8,47.028061490479004,1.0,"Divine healer's Church, Bethlehem",tabular,ridge_ar_lag_fourier,h24,2026-01-04T23:00:00,2026-01-18T23:00:00,2026-02-15T23:00:00,,,42.0
2026-02-12 05:00:00,69.6,60.27379105810451,1.0,"Divine healer's Church, Bethlehem",tabular,ridge_ar_lag_fourier,h24,2026-01-04T23:00:00,2026-01-18T23:00:00,2026-02-15T23:00:00,,,42.0
2026-02-12 06:00:00,89.0,64.79229711928826,1.0,"Divine healer's Church, Bethlehem",tabular,ridge_ar_lag_fourier,h24,2026-01-04T23:00:00,2026-01-18T23:00:00,2026-02-15T23:00:00,,,42.0
2026-02-12 07:00:00,63.3,50.218248546356946,1.0,"Divine healer's Church, Bethlehem",tabular,ridge_ar_lag_fourier,h24,2026-01-04T23:00:00,2026-01-18T23:00:00,2026-02-15T23:00:00,,,42.0
2026-02-12 08:00:00,42.7,42.81319795470859,1.0,"Divine healer's Church, Bethlehem",tabular,ridge_ar_lag_fourier,h24,2026-01-04T23:00:00,2026-01-18T23:00:00,2026-02-15T23:00:00,,,42.0
2026-02-12 09:00:00,33.5,40.934002712255875,1.0,"Divine healer's Church, Bethlehem",tabular,ridge_ar_lag_fourier,h24,2026-01-04T23:00:00,2026-01-18T23:00:00,2026-02-15T23:00:00,,,42.0
2026-02-12 10:00:00,27.2,41.82489050679402,1.0,"Divine healer's Church, Bethlehem",tabular,ridge_ar_lag_fourier,h24,2026-01-04T23:00:00,2026-01-18T23:00:00,2026-02-15T23:00:00,,,42.0
2026-02-12 11:00:00,12.1,39.92139657359772,1.0,"Divine healer's Church, Bethlehem",tabular,ridge_ar_lag_fourier,h24,2026-01-04T23:00:00,2026-01-18T23:00:00,2026-02-15T23:00:00,,,42.0
2026-02-12 12:00:00,4.5,33.798964390435636,1.0,"Divine healer's Church, Bethlehem",tabular,ridge_ar_lag_fourier,h24,2026-01-04T23:00:00,2026-01-18T23:00:00,2026-02-15T23:00:00,,,42.0
2026-02-12 13:00:00,4.1,31.452128626775494,1.0,"Divine healer's Church, Bethlehem",tabular,ridge_ar_lag_fourier,h24,2026-01-04T23:00:00,2026-01-18T23:00:00,2026-02-15T23:00:00,,,42.0
2026-02-12 14:00:00,5.3,30.510395879421406,1.0,"Divine healer's Church, Bethlehem",tabular,ridge_ar_lag_fourier,h24,2026-01-04T23:00:00,2026-01-18T23:00:00,2026-02-15T23:00:00,,,42.0
2026-02-12 15:00:00,7.5,33.13026381055062,1.0,"Divine healer's Church, Bethlehem",tabular,ridge_ar_lag_fourier,h24,2026-01-04T23:00:00,2026-01-18T23:00:00,2026-02-15T23:00:00,,,42.0
2026-02-12 16:00:00,7.8,37.595041996441566,1.0,"Divine healer's Church, Bethlehem",tabular,ridge_ar_lag_fourier,h24,2026-01-04T23:00:00,2026-01-18T23:00:00,2026-02-15T23:00:00,,,42.0
2026-02-12 17:00:00,8.3,41.93205358144393,1.0,"Divine healer's Church, Bethlehem",tabular,ridge_ar_lag_fourier,h24,2026-01-04T23:00:00,2026-01-18T23:00:00,2026-02-15T23:00:00,,,42.0
2026-02-12 18:00:00,19.2,41.8747282975322,1.0,"Divine healer's Church, Bethlehem",tabular,ridge_ar_lag_fourier,h24,2026-01-04T23:00:00,2026-01-18T23:00:00,2026-02-15T23:00:00,,,42.0
2026-02-12 19:00:00,32.4,42.447480473858455,1.0,"Divine healer's Church, Bethlehem",tabular,ridge_ar_lag_fourier,h24,2026-01-04T23:00:00,2026-01-18T23:00:00,2026-02-15T23:00:00,,,42.0
2026-02-12 20:00:00,43.6,38.52348104631724,1.0,"Divine healer's Church, Bethlehem",tabular,ridge_ar_lag_fourier,h24,2026-01-04T23:00:00,2026-01-18T23:00:00,2026-02-15T23:00:00,,,42.0
2026-02-12 21:00:00,28.1,39.60518453049517,1.0,"Divine healer's Church, Bethlehem",tabular,ridge_ar_lag_fourier,h24,2026-01-04T23:00:00,2026-01-18T23:00:00,2026-02-15T23:00:00,,,42.0
2026-02-12 22:00:00,53.1,38.88474602963508,1.0,"Divine healer's Church, Bethlehem",tabular,ridge_ar_lag_fourier,h24,2026-01-04T23:00:00,2026-01-18T23:00:00,2026-02-15T23:00:00,,,42.0
2026-02-12 23:00:00,44.9,37.33414503005838,1.0,"Divine healer's Church, Bethlehem",tabular,ridge_ar_lag_fourier,h24,2026-01-04T23:00:00,2026-01-18T23:00:00,2026-02-15T23:00:00,,,42.0
2026-02-13 00:00:00,28.8,43.36769573325399,1.0,"Divine healer's Church, Bethlehem",tabular,ridge_ar_lag_fourier,h24,2026-01-04T23:00:00,2026-01-18T23:00:00,2026-02-15T23:00:00,,,42.0
2026-02-13 01:00:00,30.5,42.32233406197105,1.0,"Divine healer's Church, Bethlehem",tabular,ridge_ar_lag_fourier,h24,2026-01-04T23:00:00,2026-01-18T23:00:00,2026-02-15T23:00:00,,,42.0
2026-02-13 02:00:00,31.9,42.17200257283726,1.0,"Divine healer's Church, Bethlehem",tabular,ridge_ar_lag_fourier,h24,2026-01-04T23:00:00,2026-01-18T23:00:00,2026-02-15T23:00:00,,,42.0
2026-02-13 03:00:00,43.7,44.710925424597676,1.0,"Divine healer's Church, Bethlehem",tabular,ridge_ar_lag_fourier,h24,2026-01-04T23:00:00,2026-01-18T23:00:00,2026-02-15T23:00:00,,,42.0
2026-02-13 04:00:00,43.9,50.046717852858286,1.0,"Divine healer's Church, Bethlehem",tabular,ridge_ar_lag_fourier,h24,2026-01-04T23:00:00,2026-01-18T23:00:00,2026-02-15T23:00:00,,,42.0
2026-02-13 05:00:00,40.2,57.79823651844754,1.0,"Divine healer's Church, Bethlehem",tabular,ridge_ar_lag_fourier,h24,2026-01-04T23:00:00,2026-01-18T23:00:00,2026-02-15T23:00:00,,,42.0
2026-02-13 06:00:00,60.1,57.64054900900936,1.0,"Divine healer's Church, Bethlehem",tabular,ridge_ar_lag_fourier,h24,2026-01-04T23:00:00,2026-01-18T23:00:00,2026-02-15T23:00:00,,,42.0
2026-02-13 07:00:00,39.8,51.28123507741246,1.0,"Divine healer's Church, Bethlehem",tabular,ridge_ar_lag_fourier,h24,2026-01-04T23:00:00,2026-01-18T23:00:00,2026-02-15T23:00:00,,,42.0
2026-02-13 08:00:00,21.9,43.4695762389635,1.0,"Divine healer's Church, Bethlehem",tabular,ridge_ar_lag_fourier,h24,2026-01-04T23:00:00,2026-01-18T23:00:00,2026-02-15T23:00:00,,,42.0
2026-02-13 09:00:00,21.5,38.2191807335662,1.0,"Divine healer's Church, Bethlehem",tabular,ridge_ar_lag_fourier,h24,2026-01-04T23:00:00,2026-01-18T23:00:00,2026-02-15T23:00:00,,,42.0
2026-02-13 10:00:00,28.7,35.75225728286598,1.0,"Divine healer's Church, Bethlehem",tabular,ridge_ar_lag_fourier,h24,2026-01-04T23:00:00,2026-01-18T23:00:00,2026-02-15T23:00:00,,,42.0
2026-02-13 11:00:00,31.5,34.35416258260955,1.0,"Divine healer's Church, Bethlehem",tabular,ridge_ar_lag_fourier,h24,2026-01-04T23:00:00,2026-01-18T23:00:00,2026-02-15T23:00:00,,,42.0
2026-02-13 12:00:00,16.8,28.62757849098869,1.0,"Divine healer's Church, Bethlehem",tabular,ridge_ar_lag_fourier,h24,2026-01-04T23:00:00,2026-01-18T23:00:00,2026-02-15T23:00:00,,,42.0
2026-02-13 13:00:00,17.9,26.039416457053765,1.0,"Divine healer's Church, Bethlehem",tabular,ridge_ar_lag_fourier,h24,2026-01-04T23:00:00,2026-01-18T23:00:00,2026-02-15T23:00:00,,,42.0
2026-02-13 14:00:00,13.7,24.882187684417737,1.0,"Divine healer's Church, Bethlehem",tabular,ridge_ar_lag_fourier,h24,2026-01-04T23:00:00,2026-01-18T23:00:00,2026-02-15T23:00:00,,,42.0
2026-02-13 15:00:00,19.5,27.630420558682996,1.0,"Divine healer's Church, Bethlehem",tabular,ridge_ar_lag_fourier,h24,2026-01-04T23:00:00,2026-01-18T23:00:00,2026-02-15T23:00:00,,,42.0
2026-02-13 16:00:00,23.7,29.5747920363853,1.0,"Divine healer's Church, Bethlehem",tabular,ridge_ar_lag_fourier,h24,2026-01-04T23:00:00,2026-01-18T23:00:00,2026-02-15T23:00:00,,,42.0
2026-02-13 17:00:00,26.1,34.946610903056104,1.0,"Divine healer's Church, Bethlehem",tabular,ridge_ar_lag_fourier,h24,2026-01-04T23:00:00,2026-01-18T23:00:00,2026-02-15T23:00:00,,,42.0
2026-02-13 18:00:00,31.0,37.725273081798925,1.0,"Divine healer's Church, Bethlehem",tabular,ridge_ar_lag_fourier,h24,2026-01-04T23:00:00,2026-01-18T23:00:00,2026-02-15T23:00:00,,,42.0
2026-02-13 19:00:00,35.5,39.67295199762321,1.0,"Divine healer's Church, Bethlehem",tabular,ridge_ar_lag_fourier,h24,2026-01-04T23:00:00,2026-01-18T23:00:00,2026-02-15T23:00:00,,,42.0
2026-02-13 20:00:00,26.7,37.23366510528655,1.0,"Divine healer's Church, Bethlehem",tabular,ridge_ar_lag_fourier,h24,2026-01-04T23:00:00,2026-01-18T23:00:00,2026-02-15T23:00:00,,,42.0
2026-02-13 21:00:00,24.7,38.43458197777933,1.0,"Divine healer's Church, Bethlehem",tabular,ridge_ar_lag_fourier,h24,2026-01-04T23:00:00,2026-01-18T23:00:00,2026-02-15T23:00:00,,,42.0
2026-02-13 22:00:00,23.2,37.43411656552797,1.0,"Divine healer's Church, Bethlehem",tabular,ridge_ar_lag_fourier,h24,2026-01-04T23:00:00,2026-01-18T23:00:00,2026-02-15T23:00:00,,,42.0
2026-02-13 23:00:00,21.9,41.14234929857227,1.0,"Divine healer's Church, Bethlehem",tabular,ridge_ar_lag_fourier,h24,2026-01-04T23:00:00,2026-01-18T23:00:00,2026-02-15T23:00:00,,,42.0
2026-02-14 00:00:00,18.2,43.644287905086706,1.0,"Divine healer's Church, Bethlehem",tabular,ridge_ar_lag_fourier,h24,2026-01-04T23:00:00,2026-01-18T23:00:00,2026-02-15T23:00:00,,,42.0
2026-02-14 01:00:00,26.3,41.96956942893507,1.0,"Divine healer's Church, Bethlehem",tabular,ridge_ar_lag_fourier,h24,2026-01-04T23:00:00,2026-01-18T23:00:00,2026-02-15T23:00:00,,,42.0
2026-02-14 02:00:00,14.6,41.201349700440105,1.0,"Divine healer's Church, Bethlehem",tabular,ridge_ar_lag_fourier,h24,2026-01-04T23:00:00,2026-01-18T23:00:00,2026-02-15T23:00:00,,,42.0
2026-02-14 03:00:00,14.3,41.26447435239639,1.0,"Divine healer's Church, Bethlehem",tabular,ridge_ar_lag_fourier,h24,2026-01-04T23:00:00,2026-01-18T23:00:00,2026-02-15T23:00:00,,,42.0
2026-02-14 04:00:00,29.7,47.47036115465522,1.0,"Divine healer's Church, Bethlehem",tabular,ridge_ar_lag_fourier,h24,2026-01-04T23:00:00,2026-01-18T23:00:00,2026-02-15T23:00:00,,,42.0
2026-02-14 05:00:00,32.2,57.979502104268846,1.0,"Divine healer's Church, Bethlehem",tabular,ridge_ar_lag_fourier,h24,2026-01-04T23:00:00,2026-01-18T23:00:00,2026-02-15T23:00:00,,,42.0
2026-02-14 06:00:00,38.2,57.099506882355385,1.0,"Divine healer's Church, Bethlehem",tabular,ridge_ar_lag_fourier,h24,2026-01-04T23:00:00,2026-01-18T23:00:00,2026-02-15T23:00:00,,,42.0
2026-02-14 07:00:00,37.5,50.2977937806956,1.0,"Divine healer's Church, Bethlehem",tabular,ridge_ar_lag_fourier,h24,2026-01-04T23:00:00,2026-01-18T23:00:00,2026-02-15T23:00:00,,,42.0
2026-02-14 08:00:00,29.5,39.16841038883641,1.0,"Divine healer's Church, Bethlehem",tabular,ridge_ar_lag_fourier,h24,2026-01-04T23:00:00,2026-01-18T23:00:00,2026-02-15T23:00:00,,,42.0
2026-02-14 09:00:00,27.0,35.179894404490426,1.0,"Divine healer's Church, Bethlehem",tabular,ridge_ar_lag_fourier,h24,2026-01-04T23:00:00,2026-01-18T23:00:00,2026-02-15T23:00:00,,,42.0
2026-02-14 10:00:00,21.7,33.94045483878984,1.0,"Divine healer's Church, Bethlehem",tabular,ridge_ar_lag_fourier,h24,2026-01-04T23:00:00,2026-01-18T23:00:00,2026-02-15T23:00:00,,,42.0
2026-02-14 11:00:00,21.4,34.49371515101556,1.0,"Divine healer's Church, Bethlehem",tabular,ridge_ar_lag_fourier,h24,2026-01-04T23:00:00,2026-01-18T23:00:00,2026-02-15T23:00:00,,,42.0
2026-02-14 12:00:00,32.0,27.938636680905663,1.0,"Divine healer's Church, Bethlehem",tabular,ridge_ar_lag_fourier,h24,2026-01-04T23:00:00,2026-01-18T23:00:00,2026-02-15T23:00:00,,,42.0
2026-02-14 13:00:00,34.3,29.237291244556353,1.0,"Divine healer's Church, Bethlehem",tabular,ridge_ar_lag_fourier,h24,2026-01-04T23:00:00,2026-01-18T23:00:00,2026-02-15T23:00:00,,,42.0
2026-02-14 14:00:00,36.3,25.243933724276417,1.0,"Divine healer's Church, Bethlehem",tabular,ridge_ar_lag_fourier,h24,2026-01-04T23:00:00,2026-01-18T23:00:00,2026-02-15T23:00:00,,,42.0
2026-02-14 15:00:00,30.0,27.593964799008702,1.0,"Divine healer's Church, Bethlehem",tabular,ridge_ar_lag_fourier,h24,2026-01-04T23:00:00,2026-01-18T23:00:00,2026-02-15T23:00:00,,,42.0
2026-02-14 16:00:00,37.0,29.001277618503913,1.0,"Divine healer's Church, Bethlehem",tabular,ridge_ar_lag_fourier,h24,2026-01-04T23:00:00,2026-01-18T23:00:00,2026-02-15T23:00:00,,,42.0
2026-02-14 17:00:00,39.1,34.495451139817206,1.0,"Divine healer's Church, Bethlehem",tabular,ridge_ar_lag_fourier,h24,2026-01-04T23:00:00,2026-01-18T23:00:00,2026-02-15T23:00:00,,,42.0
2026-02-14 18:00:00,48.4,39.58784754665983,1.0,"Divine healer's Church, Bethlehem",tabular,ridge_ar_lag_fourier,h24,2026-01-04T23:00:00,2026-01-18T23:00:00,2026-02-15T23:00:00,,,42.0
2026-02-14 19:00:00,74.6,41.84643146449747,1.0,"Divine healer's Church, Bethlehem",tabular,ridge_ar_lag_fourier,h24,2026-01-04T23:00:00,2026-01-18T23:00:00,2026-02-15T23:00:00,,,42.0
2026-02-14 20:00:00,119.0,38.05296189990756,1.0,"Divine healer's Church, Bethlehem",tabular,ridge_ar_lag_fourier,h24,2026-01-04T23:00:00,2026-01-18T23:00:00,2026-02-15T23:00:00,,,42.0
2026-02-14 21:00:00,105.0,38.25756497197807,1.0,"Divine healer's Church, Bethlehem",tabular,ridge_ar_lag_fourier,h24,2026-01-04T23:00:00,2026-01-18T23:00:00,2026-02-15T23:00:00,,,42.0
2026-02-14 22:00:00,81.1,39.731107479076485,1.0,"Divine healer's Church, Bethlehem",tabular,ridge_ar_lag_fourier,h24,2026-01-04T23:00:00,2026-01-18T23:00:00,2026-02-15T23:00:00,,,42.0
2026-02-14 23:00:00,48.3,39.98532885711258,1.0,"Divine healer's Church, Bethlehem",tabular,ridge_ar_lag_fourier,h24,2026-01-04T23:00:00,2026-01-18T23:00:00,2026-02-15T23:00:00,,,42.0
2026-02-15 00:00:00,44.0,41.03877941731322,1.0,"Divine healer's Church, Bethlehem",tabular,ridge_ar_lag_fourier,h24,2026-01-04T23:00:00,2026-01-18T23:00:00,2026-02-15T23:00:00,,,42.0
2026-02-15 01:00:00,43.7,41.365323899942,1.0,"Divine healer's Church, Bethlehem",tabular,ridge_ar_lag_fourier,h24,2026-01-04T23:00:00,2026-01-18T23:00:00,2026-02-15T23:00:00,,,42.0
2026-02-15 02:00:00,61.3,41.21626755312134,1.0,"Divine healer's Church, Bethlehem",tabular,ridge_ar_lag_fourier,h24,2026-01-04T23:00:00,2026-01-18T23:00:00,2026-02-15T23:00:00,,,42.0
2026-02-15 03:00:00,50.2,40.57958724092849,1.0,"Divine healer's Church, Bethlehem",tabular,ridge_ar_lag_fourier,h24,2026-01-04T23:00:00,2026-01-18T23:00:00,2026-02-15T23:00:00,,,42.0
2026-02-15 04:00:00,53.1,44.097913860656845,1.0,"Divine healer's Church, Bethlehem",tabular,ridge_ar_lag_fourier,h24,2026-01-04T23:00:00,2026-01-18T23:00:00,2026-02-15T23:00:00,,,42.0
2026-02-15 05:00:00,59.9,57.397867248056414,1.0,"Divine healer's Church, Bethlehem",tabular,ridge_ar_lag_fourier,h24,2026-01-04T23:00:00,2026-01-18T23:00:00,2026-02-15T23:00:00,,,42.0
2026-02-15 06:00:00,93.8,55.743739631458745,1.0,"Divine healer's Church, Bethlehem",tabular,ridge_ar_lag_fourier,h24,2026-01-04T23:00:00,2026-01-18T23:00:00,2026-02-15T23:00:00,,,42.0
2026-02-15 07:00:00,56.7,48.34051166952844,1.0,"Divine healer's Church, Bethlehem",tabular,ridge_ar_lag_fourier,h24,2026-01-04T23:00:00,2026-01-18T23:00:00,2026-02-15T23:00:00,,,42.0
2026-02-15 08:00:00,37.5,41.35900944070201,1.0,"Divine healer's Church, Bethlehem",tabular,ridge_ar_lag_fourier,h24,2026-01-04T23:00:00,2026-01-18T23:00:00,2026-02-15T23:00:00,,,42.0
2026-02-15 09:00:00,208.1,39.84810291161714,1.0,"Divine healer's Church, Bethlehem",tabular,ridge_ar_lag_fourier,h24,2026-01-04T23:00:00,2026-01-18T23:00:00,2026-02-15T23:00:00,,,42.0
2026-02-15 10:00:00,90.9,38.34459660891637,1.0,"Divine healer's Church, Bethlehem",tabular,ridge_ar_lag_fourier,h24,2026-01-04T23:00:00,2026-01-18T23:00:00,2026-02-15T23:00:00,,,42.0
2026-02-15 11:00:00,63.4,36.86297151973059,1.0,"Divine healer's Church, Bethlehem",tabular,ridge_ar_lag_fourier,h24,2026-01-04T23:00:00,2026-01-18T23:00:00,2026-02-15T23:00:00,,,42.0
2026-02-15 12:00:00,33.7,30.062639723372257,1.0,"Divine healer's Church, Bethlehem",tabular,ridge_ar_lag_fourier,h24,2026-01-04T23:00:00,2026-01-18T23:00:00,2026-02-15T23:00:00,,,42.0
2026-02-15 13:00:00,10.4,29.153493124099516,1.0,"Divine healer's Church, Bethlehem",tabular,ridge_ar_lag_fourier,h24,2026-01-04T23:00:00,2026-01-18T23:00:00,2026-02-15T23:00:00,,,42.0
2026-02-15 14:00:00,12.0,29.329242371731365,1.0,"Divine healer's Church, Bethlehem",tabular,ridge_ar_lag_fourier,h24,2026-01-04T23:00:00,2026-01-18T23:00:00,2026-02-15T23:00:00,,,42.0
2026-02-15 15:00:00,6.4,34.68222781997109,1.0,"Divine healer's Church, Bethlehem",tabular,ridge_ar_lag_fourier,h24,2026-01-04T23:00:00,2026-01-18T23:00:00,2026-02-15T23:00:00,,,42.0
2026-02-15 16:00:00,15.3,35.730926910991286,1.0,"Divine healer's Church, Bethlehem",tabular,ridge_ar_lag_fourier,h24,2026-01-04T23:00:00,2026-01-18T23:00:00,2026-02-15T23:00:00,,,42.0
2026-02-15 17:00:00,42.6,40.702028924984134,1.0,"Divine healer's Church, Bethlehem",tabular,ridge_ar_lag_fourier,h24,2026-01-04T23:00:00,2026-01-18T23:00:00,2026-02-15T23:00:00,,,42.0
2026-02-15 18:00:00,31.6,41.34124734732089,1.0,"Divine healer's Church, Bethlehem",tabular,ridge_ar_lag_fourier,h24,2026-01-04T23:00:00,2026-01-18T23:00:00,2026-02-15T23:00:00,,,42.0
2026-02-15 19:00:00,35.1,44.529640327830116,1.0,"Divine healer's Church, Bethlehem",tabular,ridge_ar_lag_fourier,h24,2026-01-04T23:00:00,2026-01-18T23:00:00,2026-02-15T23:00:00,,,42.0
2026-02-15 20:00:00,58.3,49.386511693629956,1.0,"Divine healer's Church, Bethlehem",tabular,ridge_ar_lag_fourier,h24,2026-01-04T23:00:00,2026-01-18T23:00:00,2026-02-15T23:00:00,,,42.0
2026-02-15 21:00:00,121.3,47.947164779064906,1.0,"Divine healer's Church, Bethlehem",tabular,ridge_ar_lag_fourier,h24,2026-01-04T23:00:00,2026-01-18T23:00:00,2026-02-15T23:00:00,,,42.0
2026-02-15 22:00:00,81.9,47.25153421368897,1.0,"Divine healer's Church, Bethlehem",tabular,ridge_ar_lag_fourier,h24,2026-01-04T23:00:00,2026-01-18T23:00:00,2026-02-15T23:00:00,,,42.0
2026-02-15 23:00:00,67.9,45.3077072564427,1.0,"Divine healer's Church, Bethlehem",tabular,ridge_ar_lag_fourier,h24,2026-01-04T23:00:00,2026-01-18T23:00:00,2026-02-15T23:00:00,,,42.0
2026-01-18 23:00:00,42.0,35.74027576518736,1.0,"Satet International School, Tema Manhean",tabular,ridge_ar_lag_fourier,h24,2026-01-04T23:00:00,2026-01-18T23:00:00,2026-02-15T23:00:00,,,42.0
2026-01-19 00:00:00,41.4,37.81767297549057,1.0,"Satet International School, Tema Manhean",tabular,ridge_ar_lag_fourier,h24,2026-01-04T23:00:00,2026-01-18T23:00:00,2026-02-15T23:00:00,,,42.0
2026-01-19 01:00:00,54.9,38.94765316436621,1.0,"Satet International School, Tema Manhean",tabular,ridge_ar_lag_fourier,h24,2026-01-04T23:00:00,2026-01-18T23:00:00,2026-02-15T23:00:00,,,42.0
2026-01-19 02:00:00,61.0,36.95668044253051,1.0,"Satet International School, Tema Manhean",tabular,ridge_ar_lag_fourier,h24,2026-01-04T23:00:00,2026-01-18T23:00:00,2026-02-15T23:00:00,,,42.0
2026-01-19 03:00:00,61.8,47.23151707398416,1.0,"Satet International School, Tema Manhean",tabular,ridge_ar_lag_fourier,h24,2026-01-04T23:00:00,2026-01-18T23:00:00,2026-02-15T23:00:00,,,42.0
2026-01-19 04:00:00,131.8,64.03356826848308,1.0,"Satet International School, Tema Manhean",tabular,ridge_ar_lag_fourier,h24,2026-01-04T23:00:00,2026-01-18T23:00:00,2026-02-15T23:00:00,,,42.0
2026-01-19 05:00:00,118.10000000000001,76.90643348886488,1.0,"Satet International School, Tema Manhean",tabular,ridge_ar_lag_fourier,h24,2026-01-04T23:00:00,2026-01-18T23:00:00,2026-02-15T23:00:00,,,42.0
2026-01-19 06:00:00,104.4,70.0222134278461,1.0,"Satet International School, Tema Manhean",tabular,ridge_ar_lag_fourier,h24,2026-01-04T23:00:00,2026-01-18T23:00:00,2026-02-15T23:00:00,,,42.0
2026-01-19 07:00:00,57.1,57.32106068832287,1.0,"Satet International School, Tema Manhean",tabular,ridge_ar_lag_fourier,h24,2026-01-04T23:00:00,2026-01-18T23:00:00,2026-02-15T23:00:00,,,42.0
2026-01-19 08:00:00,45.3,45.14274141676141,1.0,"Satet International School, Tema Manhean",tabular,ridge_ar_lag_fourier,h24,2026-01-04T23:00:00,2026-01-18T23:00:00,2026-02-15T23:00:00,,,42.0
2026-01-19 09:00:00,49.0,41.00514410256348,1.0,"Satet International School, Tema Manhean",tabular,ridge_ar_lag_fourier,h24,2026-01-04T23:00:00,2026-01-18T23:00:00,2026-02-15T23:00:00,,,42.0
2026-01-19 10:00:00,42.6,40.00243103478872,1.0,"Satet International School, Tema Manhean",tabular,ridge_ar_lag_fourier,h24,2026-01-04T23:00:00,2026-01-18T23:00:00,2026-02-15T23:00:00,,,42.0
2026-01-19 11:00:00,35.7,37.96379672162296,1.0,"Satet International School, Tema Manhean",tabular,ridge_ar_lag_fourier,h24,2026-01-04T23:00:00,2026-01-18T23:00:00,2026-02-15T23:00:00,,,42.0
2026-01-19 12:00:00,37.4,31.765883928544223,1.0,"Satet International School, Tema Manhean",tabular,ridge_ar_lag_fourier,h24,2026-01-04T23:00:00,2026-01-18T23:00:00,2026-02-15T23:00:00,,,42.0
2026-01-19 13:00:00,36.8,28.47592522080987,1.0,"Satet International School, Tema Manhean",tabular,ridge_ar_lag_fourier,h24,2026-01-04T23:00:00,2026-01-18T23:00:00,2026-02-15T23:00:00,,,42.0
2026-01-19 14:00:00,36.8,30.263641570508625,1.0,"Satet International School, Tema Manhean",tabular,ridge_ar_lag_fourier,h24,2026-01-04T23:00:00,2026-01-18T23:00:00,2026-02-15T23:00:00,,,42.0
2026-01-19 15:00:00,39.6,38.90190027308057,1.0,"Satet International School, Tema Manhean",tabular,ridge_ar_lag_fourier,h24,2026-01-04T23:00:00,2026-01-18T23:00:00,2026-02-15T23:00:00,,,42.0
2026-01-19 16:00:00,40.6,29.760245253022404,1.0,"Satet International School, Tema Manhean",tabular,ridge_ar_lag_fourier,h24,2026-01-04T23:00:00,2026-01-18T23:00:00,2026-02-15T23:00:00,,,42.0
2026-01-19 17:00:00,41.6,32.25359769508554,1.0,"Satet International School, Tema Manhean",tabular,ridge_ar_lag_fourier,h24,2026-01-04T23:00:00,2026-01-18T23:00:00,2026-02-15T23:00:00,,,42.0
2026-01-19 18:00:00,42.0,33.87208934533648,1.0,"Satet International School, Tema Manhean",tabular,ridge_ar_lag_fourier,h24,2026-01-04T23:00:00,2026-01-18T23:00:00,2026-02-15T23:00:00,,,42.0
2026-01-19 19:00:00,38.6,33.61774970592219,1.0,"Satet International School, Tema Manhean",tabular,ridge_ar_lag_fourier,h24,2026-01-04T23:00:00,2026-01-18T23:00:00,2026-02-15T23:00:00,,,42.0
2026-01-19 20:00:00,40.1,32.28102676667914,1.0,"Satet International School, Tema Manhean",tabular,ridge_ar_lag_fourier,h24,2026-01-04T23:00:00,2026-01-18T23:00:00,2026-02-15T23:00:00,,,42.0
2026-01-19 21:00:00,35.1,33.840468547718714,1.0,"Satet International School, Tema Manhean",tabular,ridge_ar_lag_fourier,h24,2026-01-04T23:00:00,2026-01-18T23:00:00,2026-02-15T23:00:00,,,42.0
2026-01-19 22:00:00,38.2,33.248948794905544,1.0,"Satet International School, Tema Manhean",tabular,ridge_ar_lag_fourier,h24,2026-01-04T23:00:00,2026-01-18T23:00:00,2026-02-15T23:00:00,,,42.0
2026-01-19 23:00:00,39.6,33.77118438792791,1.0,"Satet International School, Tema Manhean",tabular,ridge_ar_lag_fourier,h24,2026-01-04T23:00:00,2026-01-18T23:00:00,2026-02-15T23:00:00,,,42.0
2026-01-20 00:00:00,31.8,36.86134472300496,1.0,"Satet International School, Tema Manhean",tabular,ridge_ar_lag_fourier,h24,2026-01-04T23:00:00,2026-01-18T23:00:00,2026-02-15T23:00:00,,,42.0
2026-01-20 01:00:00,30.3,41.10454156274534,1.0,"Satet International School, Tema Manhean",tabular,ridge_ar_lag_fourier,h24,2026-01-04T23:00:00,2026-01-18T23:00:00,2026-02-15T23:00:00,,,42.0
2026-01-20 02:00:00,30.6,48.17851935185304,1.0,"Satet International School, Tema Manhean",tabular,ridge_ar_lag_fourier,h24,2026-01-04T23:00:00,2026-01-18T23:00:00,2026-02-15T23:00:00,,,42.0
2026-01-20 03:00:00,32.5,58.30527446729309,1.0,"Satet International School, Tema Manhean",tabular,ridge_ar_lag_fourier,h24,2026-01-04T23:00:00,2026-01-18T23:00:00,2026-02-15T23:00:00,,,42.0
2026-01-20 04:00:00,43.3,67.5876413445406,1.0,"Satet International School, Tema Manhean",tabular,ridge_ar_lag_fourier,h24,2026-01-04T23:00:00,2026-01-18T23:00:00,2026-02-15T23:00:00,,,42.0
2026-01-20 05:00:00,45.1,80.26992474787687,1.0,"Satet International School, Tema Manhean",tabular,ridge_ar_lag_fourier,h24,2026-01-04T23:00:00,2026-01-18T23:00:00,2026-02-15T23:00:00,,,42.0
2026-01-20 06:00:00,46.6,78.14392590085434,1.0,"Satet International School, Tema Manhean",tabular,ridge_ar_lag_fourier,h24,2026-01-04T23:00:00,2026-01-18T23:00:00,2026-02-15T23:00:00,,,42.0
2026-01-20 07:00:00,52.2,60.6768428617961,1.0,"Satet International School, Tema Manhean",tabular,ridge_ar_lag_fourier,h24,2026-01-04T23:00:00,2026-01-18T23:00:00,2026-02-15T23:00:00,,,42.0
2026-01-20 08:00:00,38.6,44.8178474608238,1.0,"Satet International School, Tema Manhean",tabular,ridge_ar_lag_fourier,h24,2026-01-04T23:00:00,2026-01-18T23:00:00,2026-02-15T23:00:00,,,42.0
2026-01-20 09:00:00,38.4,40.23170889057454,1.0,"Satet International School, Tema Manhean",tabular,ridge_ar_lag_fourier,h24,2026-01-04T23:00:00,2026-01-18T23:00:00,2026-02-15T23:00:00,,,42.0
2026-01-20 10:00:00,38.4,38.31254426087868,1.0,"Satet International School, Tema Manhean",tabular,ridge_ar_lag_fourier,h24,2026-01-04T23:00:00,2026-01-18T23:00:00,2026-02-15T23:00:00,,,42.0
2026-01-20 11:00:00,37.2,33.33146585080922,1.0,"Satet International School, Tema Manhean",tabular,ridge_ar_lag_fourier,h24,2026-01-04T23:00:00,2026-01-18T23:00:00,2026-02-15T23:00:00,,,42.0
2026-01-20 12:00:00,34.0,28.46939082247241,1.0,"Satet International School, Tema Manhean",tabular,ridge_ar_lag_fourier,h24,2026-01-04T23:00:00,2026-01-18T23:00:00,2026-02-15T23:00:00,,,42.0
2026-01-20 13:00:00,30.8,26.63067745951559,1.0,"Satet International School, Tema Manhean",tabular,ridge_ar_lag_fourier,h24,2026-01-04T23:00:00,2026-01-18T23:00:00,2026-02-15T23:00:00,,,42.0
2026-01-20 14:00:00,30.3,26.594224469098453,1.0,"Satet International School, Tema Manhean",tabular,ridge_ar_lag_fourier,h24,2026-01-04T23:00:00,2026-01-18T23:00:00,2026-02-15T23:00:00,,,42.0
2026-01-20 15:00:00,31.3,29.062243038871713,1.0,"Satet International School, Tema Manhean",tabular,ridge_ar_lag_fourier,h24,2026-01-04T23:00:00,2026-01-18T23:00:00,2026-02-15T23:00:00,,,42.0
2026-01-20 16:00:00,35.7,33.022945922745706,1.0,"Satet International School, Tema Manhean",tabular,ridge_ar_lag_fourier,h24,2026-01-04T23:00:00,2026-01-18T23:00:00,2026-02-15T23:00:00,,,42.0
2026-01-20 17:00:00,43.5,34.63113709727033,1.0,"Satet International School, Tema Manhean",tabular,ridge_ar_lag_fourier,h24,2026-01-04T23:00:00,2026-01-18T23:00:00,2026-02-15T23:00:00,,,42.0
2026-01-20 18:00:00,38.9,35.47116947026052,1.0,"Satet International School, Tema Manhean",tabular,ridge_ar_lag_fourier,h24,2026-01-04T23:00:00,2026-01-18T23:00:00,2026-02-15T23:00:00,,,42.0
2026-01-20 19:00:00,39.0,34.70912318235667,1.0,"Satet International School, Tema Manhean",tabular,ridge_ar_lag_fourier,h24,2026-01-04T23:00:00,2026-01-18T23:00:00,2026-02-15T23:00:00,,,42.0
2026-01-20 20:00:00,43.5,32.65221172846174,1.0,"Satet International School, Tema Manhean",tabular,ridge_ar_lag_fourier,h24,2026-01-04T23:00:00,2026-01-18T23:00:00,2026-02-15T23:00:00,,,42.0
2026-01-20 21:00:00,37.3,35.292946159226,1.0,"Satet International School, Tema Manhean",tabular,ridge_ar_lag_fourier,h24,2026-01-04T23:00:00,2026-01-18T23:00:00,2026-02-15T23:00:00,,,42.0
2026-01-20 22:00:00,13.2,35.30808676366443,1.0,"Satet International School, Tema Manhean",tabular,ridge_ar_lag_fourier,h24,2026-01-04T23:00:00,2026-01-18T23:00:00,2026-02-15T23:00:00,,,42.0
2026-01-20 23:00:00,5.4,32.750582965456374,1.0,"Satet International School, Tema Manhean",tabular,ridge_ar_lag_fourier,h24,2026-01-04T23:00:00,2026-01-18T23:00:00,2026-02-15T23:00:00,,,42.0
2026-01-21 00:00:00,9.1,40.74819042727258,1.0,"Satet International School, Tema Manhean",tabular,ridge_ar_lag_fourier,h24,2026-01-04T23:00:00,2026-01-18T23:00:00,2026-02-15T23:00:00,,,42.0
2026-01-21 01:00:00,19.3,41.46273039633459,1.0,"Satet International School, Tema Manhean",tabular,ridge_ar_lag_fourier,h24,2026-01-04T23:00:00,2026-01-18T23:00:00,2026-02-15T23:00:00,,,42.0
2026-01-21 02:00:00,19.6,44.17621620499841,1.0,"Satet International School, Tema Manhean",tabular,ridge_ar_lag_fourier,h24,2026-01-04T23:00:00,2026-01-18T23:00:00,2026-02-15T23:00:00,,,42.0
2026-01-21 03:00:00,48.6,55.21736943396864,1.0,"Satet International School, Tema Manhean",tabular,ridge_ar_lag_fourier,h24,2026-01-04T23:00:00,2026-01-18T23:00:00,2026-02-15T23:00:00,,,42.0
2026-01-21 04:00:00,80.0,60.59291210141795,1.0,"Satet International School, Tema Manhean",tabular,ridge_ar_lag_fourier,h24,2026-01-04T23:00:00,2026-01-18T23:00:00,2026-02-15T23:00:00,,,42.0
2026-01-21 05:00:00,60.5,67.53072447899953,1.0,"Satet International School, Tema Manhean",tabular,ridge_ar_lag_fourier,h24,2026-01-04T23:00:00,2026-01-18T23:00:00,2026-02-15T23:00:00,,,42.0
2026-01-21 06:00:00,101.1,66.71402914270342,1.0,"Satet International School, Tema Manhean",tabular,ridge_ar_lag_fourier,h24,2026-01-04T23:00:00,2026-01-18T23:00:00,2026-02-15T23:00:00,,,42.0
2026-01-21 07:00:00,71.1,53.535247334720424,1.0,"Satet International School, Tema Manhean",tabular,ridge_ar_lag_fourier,h24,2026-01-04T23:00:00,2026-01-18T23:00:00,2026-02-15T23:00:00,,,42.0
2026-01-21 08:00:00,51.8,44.9070844013284,1.0,"Satet International School, Tema Manhean",tabular,ridge_ar_lag_fourier,h24,2026-01-04T23:00:00,2026-01-18T23:00:00,2026-02-15T23:00:00,,,42.0
2026-01-21 09:00:00,35.3,41.52133854941225,1.0,"Satet International School, Tema Manhean",tabular,ridge_ar_lag_fourier,h24,2026-01-04T23:00:00,2026-01-18T23:00:00,2026-02-15T23:00:00,,,42.0
2026-01-21 10:00:00,36.6,37.838101789483986,1.0,"Satet International School, Tema Manhean",tabular,ridge_ar_lag_fourier,h24,2026-01-04T23:00:00,2026-01-18T23:00:00,2026-02-15T23:00:00,,,42.0
2026-01-21 11:00:00,36.0,34.099819261104905,1.0,"Satet International School, Tema Manhean",tabular,ridge_ar_lag_fourier,h24,2026-01-04T23:00:00,2026-01-18T23:00:00,2026-02-15T23:00:00,,,42.0
2026-01-21 12:00:00,36.1,30.020504798054922,1.0,"Satet International School, Tema Manhean",tabular,ridge_ar_lag_fourier,h24,2026-01-04T23:00:00,2026-01-18T23:00:00,2026-02-15T23:00:00,,,42.0
2026-01-21 13:00:00,30.8,27.592030777394264,1.0,"Satet International School, Tema Manhean",tabular,ridge_ar_lag_fourier,h24,2026-01-04T23:00:00,2026-01-18T23:00:00,2026-02-15T23:00:00,,,42.0
2026-01-21 14:00:00,31.0,27.725523304953025,1.0,"Satet International School, Tema Manhean",tabular,ridge_ar_lag_fourier,h24,2026-01-04T23:00:00,2026-01-18T23:00:00,2026-02-15T23:00:00,,,42.0
2026-01-21 15:00:00,30.3,29.52617175409842,1.0,"Satet International School, Tema Manhean",tabular,ridge_ar_lag_fourier,h24,2026-01-04T23:00:00,2026-01-18T23:00:00,2026-02-15T23:00:00,,,42.0
2026-01-21 16:00:00,32.6,32.626079412262044,1.0,"Satet International School, Tema Manhean",tabular,ridge_ar_lag_fourier,h24,2026-01-04T23:00:00,2026-01-18T23:00:00,2026-02-15T23:00:00,,,42.0
2026-01-21 17:00:00,36.0,35.19755615007917,1.0,"Satet International School, Tema Manhean",tabular,ridge_ar_lag_fourier,h24,2026-01-04T23:00:00,2026-01-18T23:00:00,2026-02-15T23:00:00,,,42.0
2026-01-21 18:00:00,46.2,37.73872137860579,1.0,"Satet International School, Tema Manhean",tabular,ridge_ar_lag_fourier,h24,2026-01-04T23:00:00,2026-01-18T23:00:00,2026-02-15T23:00:00,,,42.0
2026-01-21 19:00:00,37.1,34.42691150907944,1.0,"Satet International School, Tema Manhean",tabular,ridge_ar_lag_fourier,h24,2026-01-04T23:00:00,2026-01-18T23:00:00,2026-02-15T23:00:00,,,42.0
2026-01-21 20:00:00,33.2,32.7264530813912,1.0,"Satet International School, Tema Manhean",tabular,ridge_ar_lag_fourier,h24,2026-01-04T23:00:00,2026-01-18T23:00:00,2026-02-15T23:00:00,,,42.0
2026-01-21 21:00:00,31.4,37.19249324824242,1.0,"Satet International School, Tema Manhean",tabular,ridge_ar_lag_fourier,h24,2026-01-04T23:00:00,2026-01-18T23:00:00,2026-02-15T23:00:00,,,42.0
2026-01-21 22:00:00,50.3,35.04153295151791,1.0,"Satet International School, Tema Manhean",tabular,ridge_ar_lag_fourier,h24,2026-01-04T23:00:00,2026-01-18T23:00:00,2026-02-15T23:00:00,,,42.0
2026-01-21 23:00:00,42.9,29.22834077484336,1.0,"Satet International School, Tema Manhean",tabular,ridge_ar_lag_fourier,h24,2026-01-04T23:00:00,2026-01-18T23:00:00,2026-02-15T23:00:00,,,42.0
2026-01-22 00:00:00,31.8,31.71836775580134,1.0,"Satet International School, Tema Manhean",tabular,ridge_ar_lag_fourier,h24,2026-01-04T23:00:00,2026-01-18T23:00:00,2026-02-15T23:00:00,,,42.0
2026-01-22 01:00:00,30.7,33.220844221764686,1.0,"Satet International School, Tema Manhean",tabular,ridge_ar_lag_fourier,h24,2026-01-04T23:00:00,2026-01-18T23:00:00,2026-02-15T23:00:00,,,42.0
2026-01-22 02:00:00,30.7,41.02426481272301,1.0,"Satet International School, Tema Manhean",tabular,ridge_ar_lag_fourier,h24,2026-01-04T23:00:00,2026-01-18T23:00:00,2026-02-15T23:00:00,,,42.0
2026-01-22 03:00:00,33.3,51.40102742295463,1.0,"Satet International School, Tema Manhean",tabular,ridge_ar_lag_fourier,h24,2026-01-04T23:00:00,2026-01-18T23:00:00,2026-02-15T23:00:00,,,42.0
2026-01-22 04:00:00,37.3,61.29072525345261,1.0,"Satet International School, Tema Manhean",tabular,ridge_ar_lag_fourier,h24,2026-01-04T23:00:00,2026-01-18T23:00:00,2026-02-15T23:00:00,,,42.0
2026-01-22 05:00:00,69.6,69.92371213419953,1.0,"Satet International School, Tema Manhean",tabular,ridge_ar_lag_fourier,h24,2026-01-04T23:00:00,2026-01-18T23:00:00,2026-02-15T23:00:00,,,42.0
2026-01-22 06:00:00,68.6,77.71174747573323,1.0,"Satet International School, Tema Manhean",tabular,ridge_ar_lag_fourier,h24,2026-01-04T23:00:00,2026-01-18T23:00:00,2026-02-15T23:00:00,,,42.0
2026-01-22 07:00:00,54.0,57.81211520021894,1.0,"Satet International School, Tema Manhean",tabular,ridge_ar_lag_fourier,h24,2026-01-04T23:00:00,2026-01-18T23:00:00,2026-02-15T23:00:00,,,42.0
2026-01-22 08:00:00,44.4,47.78932709484641,1.0,"Satet International School, Tema Manhean",tabular,ridge_ar_lag_fourier,h24,2026-01-04T23:00:00,2026-01-18T23:00:00,2026-02-15T23:00:00,,,42.0
2026-01-22 09:00:00,36.5,42.510646369739334,1.0,"Satet International School, Tema Manhean",tabular,ridge_ar_lag_fourier,h24,2026-01-04T23:00:00,2026-01-18T23:00:00,2026-02-15T23:00:00,,,42.0
2026-01-22 10:00:00,39.1,37.575610584529805,1.0,"Satet International School, Tema Manhean",tabular,ridge_ar_lag_fourier,h24,2026-01-04T23:00:00,2026-01-18T23:00:00,2026-02-15T23:00:00,,,42.0
2026-01-22 11:00:00,41.6,35.58563175776839,1.0,"Satet International School, Tema Manhean",tabular,ridge_ar_lag_fourier,h24,2026-01-04T23:00:00,2026-01-18T23:00:00,2026-02-15T23:00:00,,,42.0
2026-01-22 12:00:00,41.8,32.12413731506672,1.0,"Satet International School, Tema Manhean",tabular,ridge_ar_lag_fourier,h24,2026-01-04T23:00:00,2026-01-18T23:00:00,2026-02-15T23:00:00,,,42.0
2026-01-22 13:00:00,39.8,31.017586650013993,1.0,"Satet International School, Tema Manhean",tabular,ridge_ar_lag_fourier,h24,2026-01-04T23:00:00,2026-01-18T23:00:00,2026-02-15T23:00:00,,,42.0
2026-01-22 14:00:00,35.8,30.054140651870462,1.0,"Satet International School, Tema Manhean",tabular,ridge_ar_lag_fourier,h24,2026-01-04T23:00:00,2026-01-18T23:00:00,2026-02-15T23:00:00,,,42.0
2026-01-22 15:00:00,32.1,31.98706494548687,1.0,"Satet International School, Tema Manhean",tabular,ridge_ar_lag_fourier,h24,2026-01-04T23:00:00,2026-01-18T23:00:00,2026-02-15T23:00:00,,,42.0
2026-01-22 16:00:00,37.3,33.506280101533804,1.0,"Satet International School, Tema Manhean",tabular,ridge_ar_lag_fourier,h24,2026-01-04T23:00:00,2026-01-18T23:00:00,2026-02-15T23:00:00,,,42.0
2026-01-22 17:00:00,44.9,35.65281485559941,1.0,"Satet International School, Tema Manhean",tabular,ridge_ar_lag_fourier,h24,2026-01-04T23:00:00,2026-01-18T23:00:00,2026-02-15T23:00:00,,,42.0
2026-01-22 18:00:00,38.8,38.012133774558464,1.0,"Satet International School, Tema Manhean",tabular,ridge_ar_lag_fourier,h24,2026-01-04T23:00:00,2026-01-18T23:00:00,2026-02-15T23:00:00,,,42.0
2026-01-22 19:00:00,47.9,36.861021818298575,1.0,"Satet International School, Tema Manhean",tabular,ridge_ar_lag_fourier,h24,2026-01-04T23:00:00,2026-01-18T23:00:00,2026-02-15T23:00:00,,,42.0
2026-01-22 20:00:00,43.4,33.98609563312097,1.0,"Satet International School, Tema Manhean",tabular,ridge_ar_lag_fourier,h24,2026-01-04T23:00:00,2026-01-18T23:00:00,2026-02-15T23:00:00,,,42.0
2026-01-22 21:00:00,36.9,34.98238908370978,1.0,"Satet International School, Tema Manhean",tabular,ridge_ar_lag_fourier,h24,2026-01-04T23:00:00,2026-01-18T23:00:00,2026-02-15T23:00:00,,,42.0
2026-01-22 22:00:00,33.7,30.971553897285276,1.0,"Satet International School, Tema Manhean",tabular,ridge_ar_lag_fourier,h24,2026-01-04T23:00:00,2026-01-18T23:00:00,2026-02-15T23:00:00,,,42.0
2026-01-22 23:00:00,35.0,30.87522792648142,1.0,"Satet International School, Tema Manhean",tabular,ridge_ar_lag_fourier,h24,2026-01-04T23:00:00,2026-01-18T23:00:00,2026-02-15T23:00:00,,,42.0
2026-01-23 00:00:00,36.6,35.542078284690724,1.0,"Satet International School, Tema Manhean",tabular,ridge_ar_lag_fourier,h24,2026-01-04T23:00:00,2026-01-18T23:00:00,2026-02-15T23:00:00,,,42.0
2026-01-23 01:00:00,36.3,33.29596433881367,1.0,"Satet International School, Tema Manhean",tabular,ridge_ar_lag_fourier,h24,2026-01-04T23:00:00,2026-01-18T23:00:00,2026-02-15T23:00:00,,,42.0
2026-01-23 02:00:00,43.5,38.556359764869185,1.0,"Satet International School, Tema Manhean",tabular,ridge_ar_lag_fourier,h24,2026-01-04T23:00:00,2026-01-18T23:00:00,2026-02-15T23:00:00,,,42.0
2026-01-23 03:00:00,49.2,44.722752184938784,1.0,"Satet International School, Tema Manhean",tabular,ridge_ar_lag_fourier,h24,2026-01-04T23:00:00,2026-01-18T23:00:00,2026-02-15T23:00:00,,,42.0
2026-01-23 04:00:00,80.4,53.43457961766816,1.0,"Satet International School, Tema Manhean",tabular,ridge_ar_lag_fourier,h24,2026-01-04T23:00:00,2026-01-18T23:00:00,2026-02-15T23:00:00,,,42.0
2026-01-23 05:00:00,96.8,55.5801136174296,1.0,"Satet International School, Tema Manhean",tabular,ridge_ar_lag_fourier,h24,2026-01-04T23:00:00,2026-01-18T23:00:00,2026-02-15T23:00:00,,,42.0
2026-01-23 06:00:00,72.8,67.18901111999955,1.0,"Satet International School, Tema Manhean",tabular,ridge_ar_lag_fourier,h24,2026-01-04T23:00:00,2026-01-18T23:00:00,2026-02-15T23:00:00,,,42.0
2026-01-23 07:00:00,94.5,56.763685679426885,1.0,"Satet International School, Tema Manhean",tabular,ridge_ar_lag_fourier,h24,2026-01-04T23:00:00,2026-01-18T23:00:00,2026-02-15T23:00:00,,,42.0
2026-01-23 08:00:00,43.9,45.04047170694166,1.0,"Satet International School, Tema Manhean",tabular,ridge_ar_lag_fourier,h24,2026-01-04T23:00:00,2026-01-18T23:00:00,2026-02-15T23:00:00,,,42.0
2026-01-23 09:00:00,40.7,40.768229304751344,1.0,"Satet International School, Tema Manhean",tabular,ridge_ar_lag_fourier,h24,2026-01-04T23:00:00,2026-01-18T23:00:00,2026-02-15T23:00:00,,,42.0
2026-01-23 10:00:00,44.0,39.14431644068078,1.0,"Satet International School, Tema Manhean",tabular,ridge_ar_lag_fourier,h24,2026-01-04T23:00:00,2026-01-18T23:00:00,2026-02-15T23:00:00,,,42.0
2026-01-23 11:00:00,32.4,34.749021952553974,1.0,"Satet International School, Tema Manhean",tabular,ridge_ar_lag_fourier,h24,2026-01-04T23:00:00,2026-01-18T23:00:00,2026-02-15T23:00:00,,,42.0
2026-01-23 12:00:00,28.7,31.744999979975873,1.0,"Satet International School, Tema Manhean",tabular,ridge_ar_lag_fourier,h24,2026-01-04T23:00:00,2026-01-18T23:00:00,2026-02-15T23:00:00,,,42.0
2026-01-23 13:00:00,28.2,29.85509193552464,1.0,"Satet International School, Tema Manhean",tabular,ridge_ar_lag_fourier,h24,2026-01-04T23:00:00,2026-01-18T23:00:00,2026-02-15T23:00:00,,,42.0
2026-01-23 14:00:00,25.6,29.443112891459414,1.0,"Satet International School, Tema Manhean",tabular,ridge_ar_lag_fourier,h24,2026-01-04T23:00:00,2026-01-18T23:00:00,2026-02-15T23:00:00,,,42.0
2026-01-23 15:00:00,28.9,30.132261315354647,1.0,"Satet International School, Tema Manhean",tabular,ridge_ar_lag_fourier,h24,2026-01-04T23:00:00,2026-01-18T23:00:00,2026-02-15T23:00:00,,,42.0
2026-01-23 16:00:00,29.7,32.773054504563234,1.0,"Satet International School, Tema Manhean",tabular,ridge_ar_lag_fourier,h24,2026-01-04T23:00:00,2026-01-18T23:00:00,2026-02-15T23:00:00,,,42.0
2026-01-23 17:00:00,36.3,36.511163734429886,1.0,"Satet International School, Tema Manhean",tabular,ridge_ar_lag_fourier,h24,2026-01-04T23:00:00,2026-01-18T23:00:00,2026-02-15T23:00:00,,,42.0
2026-01-23 18:00:00,30.1,39.156571640132235,1.0,"Satet International School, Tema Manhean",tabular,ridge_ar_lag_fourier,h24,2026-01-04T23:00:00,2026-01-18T23:00:00,2026-02-15T23:00:00,,,42.0
2026-01-23 19:00:00,34.2,35.06215507530979,1.0,"Satet International School, Tema Manhean",tabular,ridge_ar_lag_fourier,h24,2026-01-04T23:00:00,2026-01-18T23:00:00,2026-02-15T23:00:00,,,42.0
2026-01-23 20:00:00,36.2,34.36898583377904,1.0,"Satet International School, Tema Manhean",tabular,ridge_ar_lag_fourier,h24,2026-01-04T23:00:00,2026-01-18T23:00:00,2026-02-15T23:00:00,,,42.0
2026-01-23 21:00:00,35.2,36.39718539140118,1.0,"Satet International School, Tema Manhean",tabular,ridge_ar_lag_fourier,h24,2026-01-04T23:00:00,2026-01-18T23:00:00,2026-02-15T23:00:00,,,42.0
2026-01-23 22:00:00,35.7,33.00211807508145,1.0,"Satet International School, Tema Manhean",tabular,ridge_ar_lag_fourier,h24,2026-01-04T23:00:00,2026-01-18T23:00:00,2026-02-15T23:00:00,,,42.0
2026-01-23 23:00:00,39.0,30.17027099876701,1.0,"Satet International School, Tema Manhean",tabular,ridge_ar_lag_fourier,h24,2026-01-04T23:00:00,2026-01-18T23:00:00,2026-02-15T23:00:00,,,42.0
2026-01-24 00:00:00,36.9,32.37386890207186,1.0,"Satet International School, Tema Manhean",tabular,ridge_ar_lag_fourier,h24,2026-01-04T23:00:00,2026-01-18T23:00:00,2026-02-15T23:00:00,,,42.0
2026-01-24 01:00:00,75.7,34.0257645114371,1.0,"Satet International School, Tema Manhean",tabular,ridge_ar_lag_fourier,h24,2026-01-04T23:00:00,2026-01-18T23:00:00,2026-02-15T23:00:00,,,42.0
2026-01-24 02:00:00,124.7,38.86751445211595,1.0,"Satet International School, Tema Manhean",tabular,ridge_ar_lag_fourier,h24,2026-01-04T23:00:00,2026-01-18T23:00:00,2026-02-15T23:00:00,,,42.0
2026-01-24 03:00:00,216.5,44.41799194698008,1.0,"Satet International School, Tema Manhean",tabular,ridge_ar_lag_fourier,h24,2026-01-04T23:00:00,2026-01-18T23:00:00,2026-02-15T23:00:00,,,42.0
2026-01-24 04:00:00,124.0,59.83631891630779,1.0,"Satet International School, Tema Manhean",tabular,ridge_ar_lag_fourier,h24,2026-01-04T23:00:00,2026-01-18T23:00:00,2026-02-15T23:00:00,,,42.0
2026-01-24 05:00:00,54.5,63.82447574900456,1.0,"Satet International School, Tema Manhean",tabular,ridge_ar_lag_fourier,h24,2026-01-04T23:00:00,2026-01-18T23:00:00,2026-02-15T23:00:00,,,42.0
2026-01-24 06:00:00,103.2,69.67005414607715,1.0,"Satet International School, Tema Manhean",tabular,ridge_ar_lag_fourier,h24,2026-01-04T23:00:00,2026-01-18T23:00:00,2026-02-15T23:00:00,,,42.0
2026-01-24 07:00:00,58.6,54.19584574971864,1.0,"Satet International School, Tema Manhean",tabular,ridge_ar_lag_fourier,h24,2026-01-04T23:00:00,2026-01-18T23:00:00,2026-02-15T23:00:00,,,42.0
2026-01-24 08:00:00,51.0,47.454101058184065,1.0,"Satet International School, Tema Manhean",tabular,ridge_ar_lag_fourier,h24,2026-01-04T23:00:00,2026-01-18T23:00:00,2026-02-15T23:00:00,,,42.0
2026-01-24 09:00:00,43.9,39.13717315019835,1.0,"Satet International School, Tema Manhean",tabular,ridge_ar_lag_fourier,h24,2026-01-04T23:00:00,2026-01-18T23:00:00,2026-02-15T23:00:00,,,42.0
2026-01-24 10:00:00,60.3,39.669330564466144,1.0,"Satet International School, Tema Manhean",tabular,ridge_ar_lag_fourier,h24,2026-01-04T23:00:00,2026-01-18T23:00:00,2026-02-15T23:00:00,,,42.0
2026-01-24 11:00:00,73.3,35.94854690711685,1.0,"Satet International School, Tema Manhean",tabular,ridge_ar_lag_fourier,h24,2026-01-04T23:00:00,2026-01-18T23:00:00,2026-02-15T23:00:00,,,42.0
2026-01-24 12:00:00,32.9,32.079272011157116,1.0,"Satet International School, Tema Manhean",tabular,ridge_ar_lag_fourier,h24,2026-01-04T23:00:00,2026-01-18T23:00:00,2026-02-15T23:00:00,,,42.0
2026-01-24 13:00:00,30.7,30.419984868670618,1.0,"Satet International School, Tema Manhean",tabular,ridge_ar_lag_fourier,h24,2026-01-04T23:00:00,2026-01-18T23:00:00,2026-02-15T23:00:00,,,42.0
2026-01-24 14:00:00,28.1,27.75276773407555,1.0,"Satet International School, Tema Manhean",tabular,ridge_ar_lag_fourier,h24,2026-01-04T23:00:00,2026-01-18T23:00:00,2026-02-15T23:00:00,,,42.0
2026-01-24 15:00:00,36.6,29.518008249178806,1.0,"Satet International School, Tema Manhean",tabular,ridge_ar_lag_fourier,h24,2026-01-04T23:00:00,2026-01-18T23:00:00,2026-02-15T23:00:00,,,42.0
2026-01-24 16:00:00,30.6,31.83721849762452,1.0,"Satet International School, Tema Manhean",tabular,ridge_ar_lag_fourier,h24,2026-01-04T23:00:00,2026-01-18T23:00:00,2026-02-15T23:00:00,,,42.0
2026-01-24 17:00:00,32.8,34.12482509489563,1.0,"Satet International School, Tema Manhean",tabular,ridge_ar_lag_fourier,h24,2026-01-04T23:00:00,2026-01-18T23:00:00,2026-02-15T23:00:00,,,42.0
2026-01-24 18:00:00,38.1,36.79575326968248,1.0,"Satet International School, Tema Manhean",tabular,ridge_ar_lag_fourier,h24,2026-01-04T23:00:00,2026-01-18T23:00:00,2026-02-15T23:00:00,,,42.0
2026-01-24 19:00:00,36.8,34.427898876800114,1.0,"Satet International School, Tema Manhean",tabular,ridge_ar_lag_fourier,h24,2026-01-04T23:00:00,2026-01-18T23:00:00,2026-02-15T23:00:00,,,42.0
2026-01-24 20:00:00,34.0,33.84297945433934,1.0,"Satet International School, Tema Manhean",tabular,ridge_ar_lag_fourier,h24,2026-01-04T23:00:00,2026-01-18T23:00:00,2026-02-15T23:00:00,,,42.0
2026-01-24 21:00:00,30.0,33.70135086639598,1.0,"Satet International School, Tema Manhean",tabular,ridge_ar_lag_fourier,h24,2026-01-04T23:00:00,2026-01-18T23:00:00,2026-02-15T23:00:00,,,42.0
2026-01-24 22:00:00,33.5,32.544276602466326,1.0,"Satet International School, Tema Manhean",tabular,ridge_ar_lag_fourier,h24,2026-01-04T23:00:00,2026-01-18T23:00:00,2026-02-15T23:00:00,,,42.0
2026-01-24 23:00:00,33.2,28.878066440652386,1.0,"Satet International School, Tema Manhean",tabular,ridge_ar_lag_fourier,h24,2026-01-04T23:00:00,2026-01-18T23:00:00,2026-02-15T23:00:00,,,42.0
2026-01-25 00:00:00,31.4,32.46858932440728,1.0,"Satet International School, Tema Manhean",tabular,ridge_ar_lag_fourier,h24,2026-01-04T23:00:00,2026-01-18T23:00:00,2026-02-15T23:00:00,,,42.0
2026-01-25 01:00:00,32.3,33.541980874434415,1.0,"Satet International School, Tema Manhean",tabular,ridge_ar_lag_fourier,h24,2026-01-04T23:00:00,2026-01-18T23:00:00,2026-02-15T23:00:00,,,42.0
2026-01-25 02:00:00,36.1,42.51486427264739,1.0,"Satet International School, Tema Manhean",tabular,ridge_ar_lag_fourier,h24,2026-01-04T23:00:00,2026-01-18T23:00:00,2026-02-15T23:00:00,,,42.0
2026-01-25 03:00:00,40.8,54.9305936639487,1.0,"Satet International School, Tema Manhean",tabular,ridge_ar_lag_fourier,h24,2026-01-04T23:00:00,2026-01-18T23:00:00,2026-02-15T23:00:00,,,42.0
2026-01-25 04:00:00,70.1,82.02123272334684,1.0,"Satet International School, Tema Manhean",tabular,ridge_ar_lag_fourier,h24,2026-01-04T23:00:00,2026-01-18T23:00:00,2026-02-15T23:00:00,,,42.0
2026-01-25 05:00:00,71.9,73.28430371590646,1.0,"Satet International School, Tema Manhean",tabular,ridge_ar_lag_fourier,h24,2026-01-04T23:00:00,2026-01-18T23:00:00,2026-02-15T23:00:00,,,42.0
2026-01-25 06:00:00,73.0,65.41107140010243,1.0,"Satet International School, Tema Manhean",tabular,ridge_ar_lag_fourier,h24,2026-01-04T23:00:00,2026-01-18T23:00:00,2026-02-15T23:00:00,,,42.0
2026-01-25 07:00:00,58.0,60.2783384890802,1.0,"Satet International School, Tema Manhean",tabular,ridge_ar_lag_fourier,h24,2026-01-04T23:00:00,2026-01-18T23:00:00,2026-02-15T23:00:00,,,42.0
2026-01-25 08:00:00,45.6,43.551482262968776,1.0,"Satet International School, Tema Manhean",tabular,ridge_ar_lag_fourier,h24,2026-01-04T23:00:00,2026-01-18T23:00:00,2026-02-15T23:00:00,,,42.0
2026-01-25 09:00:00,45.9,37.07685308766444,1.0,"Satet International School, Tema Manhean",tabular,ridge_ar_lag_fourier,h24,2026-01-04T23:00:00,2026-01-18T23:00:00,2026-02-15T23:00:00,,,42.0
2026-01-25 10:00:00,48.3,35.140712411728416,1.0,"Satet International School, Tema Manhean",tabular,ridge_ar_lag_fourier,h24,2026-01-04T23:00:00,2026-01-18T23:00:00,2026-02-15T23:00:00,,,42.0
2026-01-25 11:00:00,52.3,34.327693066474666,1.0,"Satet International School, Tema Manhean",tabular,ridge_ar_lag_fourier,h24,2026-01-04T23:00:00,2026-01-18T23:00:00,2026-02-15T23:00:00,,,42.0
2026-01-25 12:00:00,44.1,32.6112818276684,1.0,"Satet International School, Tema Manhean",tabular,ridge_ar_lag_fourier,h24,2026-01-04T23:00:00,2026-01-18T23:00:00,2026-02-15T23:00:00,,,42.0
2026-01-25 13:00:00,41.6,25.52541233543147,1.0,"Satet International School, Tema Manhean",tabular,ridge_ar_lag_fourier,h24,2026-01-04T23:00:00,2026-01-18T23:00:00,2026-02-15T23:00:00,,,42.0
2026-01-25 14:00:00,40.2,25.41372000222792,1.0,"Satet International School, Tema Manhean",tabular,ridge_ar_lag_fourier,h24,2026-01-04T23:00:00,2026-01-18T23:00:00,2026-02-15T23:00:00,,,42.0
2026-01-25 15:00:00,36.4,26.858837983349957,1.0,"Satet International School, Tema Manhean",tabular,ridge_ar_lag_fourier,h24,2026-01-04T23:00:00,2026-01-18T23:00:00,2026-02-15T23:00:00,,,42.0
2026-01-25 16:00:00,32.9,28.653567405910696,1.0,"Satet International School, Tema Manhean",tabular,ridge_ar_lag_fourier,h24,2026-01-04T23:00:00,2026-01-18T23:00:00,2026-02-15T23:00:00,,,42.0
2026-01-25 17:00:00,35.0,30.283102047564377,1.0,"Satet International School, Tema Manhean",tabular,ridge_ar_lag_fourier,h24,2026-01-04T23:00:00,2026-01-18T23:00:00,2026-02-15T23:00:00,,,42.0
2026-01-25 18:00:00,40.9,32.682621125647586,1.0,"Satet International School, Tema Manhean",tabular,ridge_ar_lag_fourier,h24,2026-01-04T23:00:00,2026-01-18T23:00:00,2026-02-15T23:00:00,,,42.0
2026-01-25 19:00:00,40.8,31.16893331202742,1.0,"Satet International School, Tema Manhean",tabular,ridge_ar_lag_fourier,h24,2026-01-04T23:00:00,2026-01-18T23:00:00,2026-02-15T23:00:00,,,42.0
2026-01-25 20:00:00,37.5,30.81755933159565,1.0,"Satet International School, Tema Manhean",tabular,ridge_ar_lag_fourier,h24,2026-01-04T23:00:00,2026-01-18T23:00:00,2026-02-15T23:00:00,,,42.0
2026-01-25 21:00:00,51.0,29.847645507187956,1.0,"Satet International School, Tema Manhean",tabular,ridge_ar_lag_fourier,h24,2026-01-04T23:00:00,2026-01-18T23:00:00,2026-02-15T23:00:00,,,42.0
2026-01-25 22:00:00,70.5,31.4906017862208,1.0,"Satet International School, Tema Manhean",tabular,ridge_ar_lag_fourier,h24,2026-01-04T23:00:00,2026-01-18T23:00:00,2026-02-15T23:00:00,,,42.0
2026-01-25 23:00:00,71.3,30.1103490842412,1.0,"Satet International School, Tema Manhean",tabular,ridge_ar_lag_fourier,h24,2026-01-04T23:00:00,2026-01-18T23:00:00,2026-02-15T23:00:00,,,42.0
2026-01-26 00:00:00,47.8,31.395732703100947,1.0,"Satet International School, Tema Manhean",tabular,ridge_ar_lag_fourier,h24,2026-01-04T23:00:00,2026-01-18T23:00:00,2026-02-15T23:00:00,,,42.0
2026-01-26 01:00:00,48.6,35.85682284629778,1.0,"Satet International School, Tema Manhean",tabular,ridge_ar_lag_fourier,h24,2026-01-04T23:00:00,2026-01-18T23:00:00,2026-02-15T23:00:00,,,42.0
2026-01-26 02:00:00,68.7,50.927865687057285,1.0,"Satet International School, Tema Manhean",tabular,ridge_ar_lag_fourier,h24,2026-01-04T23:00:00,2026-01-18T23:00:00,2026-02-15T23:00:00,,,42.0
2026-01-26 03:00:00,140.8,59.37337147757832,1.0,"Satet International School, Tema Manhean",tabular,ridge_ar_lag_fourier,h24,2026-01-04T23:00:00,2026-01-18T23:00:00,2026-02-15T23:00:00,,,42.0
2026-01-26 04:00:00,210.0,64.02973502277133,1.0,"Satet International School, Tema Manhean",tabular,ridge_ar_lag_fourier,h24,2026-01-04T23:00:00,2026-01-18T23:00:00,2026-02-15T23:00:00,,,42.0
2026-01-26 05:00:00,100.9,67.8699010907423,1.0,"Satet International School, Tema Manhean",tabular,ridge_ar_lag_fourier,h24,2026-01-04T23:00:00,2026-01-18T23:00:00,2026-02-15T23:00:00,,,42.0
2026-01-26 06:00:00,132.9,75.92930462386599,1.0,"Satet International School, Tema Manhean",tabular,ridge_ar_lag_fourier,h24,2026-01-04T23:00:00,2026-01-18T23:00:00,2026-02-15T23:00:00,,,42.0
2026-01-26 07:00:00,62.5,58.603252429495754,1.0,"Satet International School, Tema Manhean",tabular,ridge_ar_lag_fourier,h24,2026-01-04T23:00:00,2026-01-18T23:00:00,2026-02-15T23:00:00,,,42.0
2026-01-26 08:00:00,52.0,41.998629246974545,1.0,"Satet International School, Tema Manhean",tabular,ridge_ar_lag_fourier,h24,2026-01-04T23:00:00,2026-01-18T23:00:00,2026-02-15T23:00:00,,,42.0
2026-01-26 09:00:00,44.1,34.959787766621666,1.0,"Satet International School, Tema Manhean",tabular,ridge_ar_lag_fourier,h24,2026-01-04T23:00:00,2026-01-18T23:00:00,2026-02-15T23:00:00,,,42.0
2026-01-26 10:00:00,44.4,34.65876489375251,1.0,"Satet International School, Tema Manhean",tabular,ridge_ar_lag_fourier,h24,2026-01-04T23:00:00,2026-01-18T23:00:00,2026-02-15T23:00:00,,,42.0
2026-01-26 11:00:00,47.7,31.627693880491325,1.0,"Satet International School, Tema Manhean",tabular,ridge_ar_lag_fourier,h24,2026-01-04T23:00:00,2026-01-18T23:00:00,2026-02-15T23:00:00,,,42.0
2026-01-26 12:00:00,40.1,28.404379407437922,1.0,"Satet International School, Tema Manhean",tabular,ridge_ar_lag_fourier,h24,2026-01-04T23:00:00,2026-01-18T23:00:00,2026-02-15T23:00:00,,,42.0
2026-01-26 13:00:00,37.3,27.503058444650584,1.0,"Satet International School, Tema Manhean",tabular,ridge_ar_lag_fourier,h24,2026-01-04T23:00:00,2026-01-18T23:00:00,2026-02-15T23:00:00,,,42.0
2026-01-26 14:00:00,36.2,28.846506304643874,1.0,"Satet International School, Tema Manhean",tabular,ridge_ar_lag_fourier,h24,2026-01-04T23:00:00,2026-01-18T23:00:00,2026-02-15T23:00:00,,,42.0
2026-01-26 15:00:00,34.8,30.853659619679178,1.0,"Satet International School, Tema Manhean",tabular,ridge_ar_lag_fourier,h24,2026-01-04T23:00:00,2026-01-18T23:00:00,2026-02-15T23:00:00,,,42.0
2026-01-26 16:00:00,37.1,30.757828220361162,1.0,"Satet International School, Tema Manhean",tabular,ridge_ar_lag_fourier,h24,2026-01-04T23:00:00,2026-01-18T23:00:00,2026-02-15T23:00:00,,,42.0
2026-01-26 17:00:00,40.4,30.11125541251357,1.0,"Satet International School, Tema Manhean",tabular,ridge_ar_lag_fourier,h24,2026-01-04T23:00:00,2026-01-18T23:00:00,2026-02-15T23:00:00,,,42.0
2026-01-26 18:00:00,55.8,31.96365440640175,1.0,"Satet International School, Tema Manhean",tabular,ridge_ar_lag_fourier,h24,2026-01-04T23:00:00,2026-01-18T23:00:00,2026-02-15T23:00:00,,,42.0
2026-01-26 19:00:00,55.6,32.39317604975014,1.0,"Satet International School, Tema Manhean",tabular,ridge_ar_lag_fourier,h24,2026-01-04T23:00:00,2026-01-18T23:00:00,2026-02-15T23:00:00,,,42.0
2026-01-26 20:00:00,41.3,31.532692431557322,1.0,"Satet International School, Tema Manhean",tabular,ridge_ar_lag_fourier,h24,2026-01-04T23:00:00,2026-01-18T23:00:00,2026-02-15T23:00:00,,,42.0
2026-01-26 21:00:00,45.8,27.4192949751689,1.0,"Satet International School, Tema Manhean",tabular,ridge_ar_lag_fourier,h24,2026-01-04T23:00:00,2026-01-18T23:00:00,2026-02-15T23:00:00,,,42.0
2026-01-26 22:00:00,59.3,30.549892102035166,1.0,"Satet International School, Tema Manhean",tabular,ridge_ar_lag_fourier,h24,2026-01-04T23:00:00,2026-01-18T23:00:00,2026-02-15T23:00:00,,,42.0
2026-01-26 23:00:00,43.5,33.597871550910654,1.0,"Satet International School, Tema Manhean",tabular,ridge_ar_lag_fourier,h24,2026-01-04T23:00:00,2026-01-18T23:00:00,2026-02-15T23:00:00,,,42.0
2026-01-27 00:00:00,45.0,37.74042879257408,1.0,"Satet International School, Tema Manhean",tabular,ridge_ar_lag_fourier,h24,2026-01-04T23:00:00,2026-01-18T23:00:00,2026-02-15T23:00:00,,,42.0
2026-01-27 01:00:00,52.9,40.85287974109954,1.0,"Satet International School, Tema Manhean",tabular,ridge_ar_lag_fourier,h24,2026-01-04T23:00:00,2026-01-18T23:00:00,2026-02-15T23:00:00,,,42.0
2026-01-27 02:00:00,87.2,47.05756377715204,1.0,"Satet International School, Tema Manhean",tabular,ridge_ar_lag_fourier,h24,2026-01-04T23:00:00,2026-01-18T23:00:00,2026-02-15T23:00:00,,,42.0
2026-01-27 03:00:00,67.8,56.6927313609209,1.0,"Satet International School, Tema Manhean",tabular,ridge_ar_lag_fourier,h24,2026-01-04T23:00:00,2026-01-18T23:00:00,2026-02-15T23:00:00,,,42.0
2026-01-27 04:00:00,71.2,78.92554305382231,1.0,"Satet International School, Tema Manhean",tabular,ridge_ar_lag_fourier,h24,2026-01-04T23:00:00,2026-01-18T23:00:00,2026-02-15T23:00:00,,,42.0
2026-01-27 05:00:00,124.6,85.37886556604961,1.0,"Satet International School, Tema Manhean",tabular,ridge_ar_lag_fourier,h24,2026-01-04T23:00:00,2026-01-18T23:00:00,2026-02-15T23:00:00,,,42.0
2026-01-27 06:00:00,112.6,70.60989078477908,1.0,"Satet International School, Tema Manhean",tabular,ridge_ar_lag_fourier,h24,2026-01-04T23:00:00,2026-01-18T23:00:00,2026-02-15T23:00:00,,,42.0
2026-01-27 07:00:00,76.6,62.70271489603918,1.0,"Satet International School, Tema Manhean",tabular,ridge_ar_lag_fourier,h24,2026-01-04T23:00:00,2026-01-18T23:00:00,2026-02-15T23:00:00,,,42.0
2026-01-27 08:00:00,57.2,43.752897906070096,1.0,"Satet International School, Tema Manhean",tabular,ridge_ar_lag_fourier,h24,2026-01-04T23:00:00,2026-01-18T23:00:00,2026-02-15T23:00:00,,,42.0
2026-01-27 09:00:00,46.4,38.69264738900275,1.0,"Satet International School, Tema Manhean",tabular,ridge_ar_lag_fourier,h24,2026-01-04T23:00:00,2026-01-18T23:00:00,2026-02-15T23:00:00,,,42.0
2026-01-27 10:00:00,47.8,39.1948792301374,1.0,"Satet International School, Tema Manhean",tabular,ridge_ar_lag_fourier,h24,2026-01-04T23:00:00,2026-01-18T23:00:00,2026-02-15T23:00:00,,,42.0
2026-01-27 11:00:00,51.4,35.64162826762899,1.0,"Satet International School, Tema Manhean",tabular,ridge_ar_lag_fourier,h24,2026-01-04T23:00:00,2026-01-18T23:00:00,2026-02-15T23:00:00,,,42.0
2026-01-27 12:00:00,50.1,29.927319032364593,1.0,"Satet International School, Tema Manhean",tabular,ridge_ar_lag_fourier,h24,2026-01-04T23:00:00,2026-01-18T23:00:00,2026-02-15T23:00:00,,,42.0
2026-01-27 13:00:00,43.5,27.64519684166632,1.0,"Satet International School, Tema Manhean",tabular,ridge_ar_lag_fourier,h24,2026-01-04T23:00:00,2026-01-18T23:00:00,2026-02-15T23:00:00,,,42.0
2026-01-27 14:00:00,44.3,26.89993505852602,1.0,"Satet International School, Tema Manhean",tabular,ridge_ar_lag_fourier,h24,2026-01-04T23:00:00,2026-01-18T23:00:00,2026-02-15T23:00:00,,,42.0
2026-01-27 15:00:00,42.3,28.46424292184395,1.0,"Satet International School, Tema Manhean",tabular,ridge_ar_lag_fourier,h24,2026-01-04T23:00:00,2026-01-18T23:00:00,2026-02-15T23:00:00,,,42.0
2026-01-27 16:00:00,39.1,29.238415669722166,1.0,"Satet International School, Tema Manhean",tabular,ridge_ar_lag_fourier,h24,2026-01-04T23:00:00,2026-01-18T23:00:00,2026-02-15T23:00:00,,,42.0
2026-01-27 17:00:00,40.6,31.530245070022893,1.0,"Satet International School, Tema Manhean",tabular,ridge_ar_lag_fourier,h24,2026-01-04T23:00:00,2026-01-18T23:00:00,2026-02-15T23:00:00,,,42.0
2026-01-27 18:00:00,43.2,32.487279834251055,1.0,"Satet International School, Tema Manhean",tabular,ridge_ar_lag_fourier,h24,2026-01-04T23:00:00,2026-01-18T23:00:00,2026-02-15T23:00:00,,,42.0
2026-01-27 19:00:00,45.3,33.47547315440892,1.0,"Satet International School, Tema Manhean",tabular,ridge_ar_lag_fourier,h24,2026-01-04T23:00:00,2026-01-18T23:00:00,2026-02-15T23:00:00,,,42.0
2026-01-27 20:00:00,42.7,30.937169594377263,1.0,"Satet International School, Tema Manhean",tabular,ridge_ar_lag_fourier,h24,2026-01-04T23:00:00,2026-01-18T23:00:00,2026-02-15T23:00:00,,,42.0
2026-01-27 21:00:00,73.7,30.552346041558366,1.0,"Satet International School, Tema Manhean",tabular,ridge_ar_lag_fourier,h24,2026-01-04T23:00:00,2026-01-18T23:00:00,2026-02-15T23:00:00,,,42.0
2026-01-27 22:00:00,51.0,30.682788554038535,1.0,"Satet International School, Tema Manhean",tabular,ridge_ar_lag_fourier,h24,2026-01-04T23:00:00,2026-01-18T23:00:00,2026-02-15T23:00:00,,,42.0
2026-01-27 23:00:00,56.3,31.901685829276392,1.0,"Satet International School, Tema Manhean",tabular,ridge_ar_lag_fourier,h24,2026-01-04T23:00:00,2026-01-18T23:00:00,2026-02-15T23:00:00,,,42.0
2026-01-28 00:00:00,46.4,31.313532217468065,1.0,"Satet International School, Tema Manhean",tabular,ridge_ar_lag_fourier,h24,2026-01-04T23:00:00,2026-01-18T23:00:00,2026-02-15T23:00:00,,,42.0
2026-01-28 01:00:00,44.2,33.93624375761461,1.0,"Satet International School, Tema Manhean",tabular,ridge_ar_lag_fourier,h24,2026-01-04T23:00:00,2026-01-18T23:00:00,2026-02-15T23:00:00,,,42.0
2026-01-28 02:00:00,48.8,46.6106726918731,1.0,"Satet International School, Tema Manhean",tabular,ridge_ar_lag_fourier,h24,2026-01-04T23:00:00,2026-01-18T23:00:00,2026-02-15T23:00:00,,,42.0
2026-01-28 03:00:00,48.0,70.086640652895,1.0,"Satet International School, Tema Manhean",tabular,ridge_ar_lag_fourier,h24,2026-01-04T23:00:00,2026-01-18T23:00:00,2026-02-15T23:00:00,,,42.0
2026-01-28 04:00:00,50.4,73.28757854668297,1.0,"Satet International School, Tema Manhean",tabular,ridge_ar_lag_fourier,h24,2026-01-04T23:00:00,2026-01-18T23:00:00,2026-02-15T23:00:00,,,42.0
2026-01-28 05:00:00,67.5,68.05037325302513,1.0,"Satet International School, Tema Manhean",tabular,ridge_ar_lag_fourier,h24,2026-01-04T23:00:00,2026-01-18T23:00:00,2026-02-15T23:00:00,,,42.0
2026-01-28 06:00:00,79.3,70.20746050904899,1.0,"Satet International School, Tema Manhean",tabular,ridge_ar_lag_fourier,h24,2026-01-04T23:00:00,2026-01-18T23:00:00,2026-02-15T23:00:00,,,42.0
2026-01-28 07:00:00,60.2,59.432216408417474,1.0,"Satet International School, Tema Manhean",tabular,ridge_ar_lag_fourier,h24,2026-01-04T23:00:00,2026-01-18T23:00:00,2026-02-15T23:00:00,,,42.0
2026-01-28 08:00:00,60.3,43.391261252136694,1.0,"Satet International School, Tema Manhean",tabular,ridge_ar_lag_fourier,h24,2026-01-04T23:00:00,2026-01-18T23:00:00,2026-02-15T23:00:00,,,42.0
2026-01-28 09:00:00,58.7,35.35028833094848,1.0,"Satet International School, Tema Manhean",tabular,ridge_ar_lag_fourier,h24,2026-01-04T23:00:00,2026-01-18T23:00:00,2026-02-15T23:00:00,,,42.0
2026-01-28 10:00:00,50.7,35.361845839143484,1.0,"Satet International School, Tema Manhean",tabular,ridge_ar_lag_fourier,h24,2026-01-04T23:00:00,2026-01-18T23:00:00,2026-02-15T23:00:00,,,42.0
2026-01-28 11:00:00,60.2,31.34851662364683,1.0,"Satet International School, Tema Manhean",tabular,ridge_ar_lag_fourier,h24,2026-01-04T23:00:00,2026-01-18T23:00:00,2026-02-15T23:00:00,,,42.0
2026-01-28 12:00:00,59.0,25.320735589656596,1.0,"Satet International School, Tema Manhean",tabular,ridge_ar_lag_fourier,h24,2026-01-04T23:00:00,2026-01-18T23:00:00,2026-02-15T23:00:00,,,42.0
2026-01-28 13:00:00,52.7,23.610290097460098,1.0,"Satet International School, Tema Manhean",tabular,ridge_ar_lag_fourier,h24,2026-01-04T23:00:00,2026-01-18T23:00:00,2026-02-15T23:00:00,,,42.0
2026-01-28 14:00:00,49.7,23.40094939634124,1.0,"Satet International School, Tema Manhean",tabular,ridge_ar_lag_fourier,h24,2026-01-04T23:00:00,2026-01-18T23:00:00,2026-02-15T23:00:00,,,42.0
2026-01-28 15:00:00,43.6,25.649559429252957,1.0,"Satet International School, Tema Manhean",tabular,ridge_ar_lag_fourier,h24,2026-01-04T23:00:00,2026-01-18T23:00:00,2026-02-15T23:00:00,,,42.0
2026-01-28 16:00:00,44.4,28.65663466585317,1.0,"Satet International School, Tema Manhean",tabular,ridge_ar_lag_fourier,h24,2026-01-04T23:00:00,2026-01-18T23:00:00,2026-02-15T23:00:00,,,42.0
2026-01-28 17:00:00,46.1,31.46634050838162,1.0,"Satet International School, Tema Manhean",tabular,ridge_ar_lag_fourier,h24,2026-01-04T23:00:00,2026-01-18T23:00:00,2026-02-15T23:00:00,,,42.0
2026-01-28 18:00:00,60.8,32.343967043291244,1.0,"Satet International School, Tema Manhean",tabular,ridge_ar_lag_fourier,h24,2026-01-04T23:00:00,2026-01-18T23:00:00,2026-02-15T23:00:00,,,42.0
2026-01-28 19:00:00,49.8,31.11000880040565,1.0,"Satet International School, Tema Manhean",tabular,ridge_ar_lag_fourier,h24,2026-01-04T23:00:00,2026-01-18T23:00:00,2026-02-15T23:00:00,,,42.0
2026-01-28 20:00:00,47.1,30.05834798791232,1.0,"Satet International School, Tema Manhean",tabular,ridge_ar_lag_fourier,h24,2026-01-04T23:00:00,2026-01-18T23:00:00,2026-02-15T23:00:00,,,42.0
2026-01-28 21:00:00,73.8,31.026059175223168,1.0,"Satet International School, Tema Manhean",tabular,ridge_ar_lag_fourier,h24,2026-01-04T23:00:00,2026-01-18T23:00:00,2026-02-15T23:00:00,,,42.0
2026-01-28 22:00:00,73.2,36.97679728516693,1.0,"Satet International School, Tema Manhean",tabular,ridge_ar_lag_fourier,h24,2026-01-04T23:00:00,2026-01-18T23:00:00,2026-02-15T23:00:00,,,42.0
2026-01-28 23:00:00,51.3,32.14323373096298,1.0,"Satet International School, Tema Manhean",tabular,ridge_ar_lag_fourier,h24,2026-01-04T23:00:00,2026-01-18T23:00:00,2026-02-15T23:00:00,,,42.0
2026-01-29 00:00:00,50.3,34.774897015657935,1.0,"Satet International School, Tema Manhean",tabular,ridge_ar_lag_fourier,h24,2026-01-04T23:00:00,2026-01-18T23:00:00,2026-02-15T23:00:00,,,42.0
2026-01-29 01:00:00,59.0,38.51049815958665,1.0,"Satet International School, Tema Manhean",tabular,ridge_ar_lag_fourier,h24,2026-01-04T23:00:00,2026-01-18T23:00:00,2026-02-15T23:00:00,,,42.0
2026-01-29 02:00:00,64.8,51.57467240036187,1.0,"Satet International School, Tema Manhean",tabular,ridge_ar_lag_fourier,h24,2026-01-04T23:00:00,2026-01-18T23:00:00,2026-02-15T23:00:00,,,42.0
2026-01-29 03:00:00,57.4,70.9341870024196,1.0,"Satet International School, Tema Manhean",tabular,ridge_ar_lag_fourier,h24,2026-01-04T23:00:00,2026-01-18T23:00:00,2026-02-15T23:00:00,,,42.0
2026-01-29 04:00:00,65.3,80.4053894255267,1.0,"Satet International School, Tema Manhean",tabular,ridge_ar_lag_fourier,h24,2026-01-04T23:00:00,2026-01-18T23:00:00,2026-02-15T23:00:00,,,42.0
2026-01-29 05:00:00,64.4,73.77647317504018,1.0,"Satet International School, Tema Manhean",tabular,ridge_ar_lag_fourier,h24,2026-01-04T23:00:00,2026-01-18T23:00:00,2026-02-15T23:00:00,,,42.0
2026-01-29 06:00:00,65.8,79.53632278556205,1.0,"Satet International School, Tema Manhean",tabular,ridge_ar_lag_fourier,h24,2026-01-04T23:00:00,2026-01-18T23:00:00,2026-02-15T23:00:00,,,42.0
2026-01-29 07:00:00,72.4,57.988354794691546,1.0,"Satet International School, Tema Manhean",tabular,ridge_ar_lag_fourier,h24,2026-01-04T23:00:00,2026-01-18T23:00:00,2026-02-15T23:00:00,,,42.0
2026-01-29 08:00:00,57.1,43.4485232038147,1.0,"Satet International School, Tema Manhean",tabular,ridge_ar_lag_fourier,h24,2026-01-04T23:00:00,2026-01-18T23:00:00,2026-02-15T23:00:00,,,42.0
2026-01-29 09:00:00,55.6,39.155713006350304,1.0,"Satet International School, Tema Manhean",tabular,ridge_ar_lag_fourier,h24,2026-01-04T23:00:00,2026-01-18T23:00:00,2026-02-15T23:00:00,,,42.0
2026-01-29 10:00:00,61.3,39.31149999265375,1.0,"Satet International School, Tema Manhean",tabular,ridge_ar_lag_fourier,h24,2026-01-04T23:00:00,2026-01-18T23:00:00,2026-02-15T23:00:00,,,42.0
2026-01-29 11:00:00,58.0,37.71433650535778,1.0,"Satet International School, Tema Manhean",tabular,ridge_ar_lag_fourier,h24,2026-01-04T23:00:00,2026-01-18T23:00:00,2026-02-15T23:00:00,,,42.0
2026-01-29 12:00:00,61.2,32.57721692295043,1.0,"Satet International School, Tema Manhean",tabular,ridge_ar_lag_fourier,h24,2026-01-04T23:00:00,2026-01-18T23:00:00,2026-02-15T23:00:00,,,42.0
2026-01-29 13:00:00,46.1,29.64227076838465,1.0,"Satet International School, Tema Manhean",tabular,ridge_ar_lag_fourier,h24,2026-01-04T23:00:00,2026-01-18T23:00:00,2026-02-15T23:00:00,,,42.0
2026-01-29 14:00:00,46.0,28.434999383345303,1.0,"Satet International School, Tema Manhean",tabular,ridge_ar_lag_fourier,h24,2026-01-04T23:00:00,2026-01-18T23:00:00,2026-02-15T23:00:00,,,42.0
2026-01-29 15:00:00,45.9,28.73480339813651,1.0,"Satet International School, Tema Manhean",tabular,ridge_ar_lag_fourier,h24,2026-01-04T23:00:00,2026-01-18T23:00:00,2026-02-15T23:00:00,,,42.0
2026-01-29 16:00:00,44.8,28.793399147884013,1.0,"Satet International School, Tema Manhean",tabular,ridge_ar_lag_fourier,h24,2026-01-04T23:00:00,2026-01-18T23:00:00,2026-02-15T23:00:00,,,42.0
2026-01-29 17:00:00,44.5,32.65612156169999,1.0,"Satet International School, Tema Manhean",tabular,ridge_ar_lag_fourier,h24,2026-01-04T23:00:00,2026-01-18T23:00:00,2026-02-15T23:00:00,,,42.0
2026-01-29 18:00:00,46.8,34.29341545658918,1.0,"Satet International School, Tema Manhean",tabular,ridge_ar_lag_fourier,h24,2026-01-04T23:00:00,2026-01-18T23:00:00,2026-02-15T23:00:00,,,42.0
2026-01-29 19:00:00,45.0,35.06634731041965,1.0,"Satet International School, Tema Manhean",tabular,ridge_ar_lag_fourier,h24,2026-01-04T23:00:00,2026-01-18T23:00:00,2026-02-15T23:00:00,,,42.0
2026-01-29 20:00:00,43.3,33.19484315011146,1.0,"Satet International School, Tema Manhean",tabular,ridge_ar_lag_fourier,h24,2026-01-04T23:00:00,2026-01-18T23:00:00,2026-02-15T23:00:00,,,42.0
2026-01-29 21:00:00,43.0,33.04509430171979,1.0,"Satet International School, Tema Manhean",tabular,ridge_ar_lag_fourier,h24,2026-01-04T23:00:00,2026-01-18T23:00:00,2026-02-15T23:00:00,,,42.0
2026-01-29 22:00:00,42.7,38.99608815865973,1.0,"Satet International School, Tema Manhean",tabular,ridge_ar_lag_fourier,h24,2026-01-04T23:00:00,2026-01-18T23:00:00,2026-02-15T23:00:00,,,42.0
2026-01-29 23:00:00,43.7,38.459813048432665,1.0,"Satet International School, Tema Manhean",tabular,ridge_ar_lag_fourier,h24,2026-01-04T23:00:00,2026-01-18T23:00:00,2026-02-15T23:00:00,,,42.0
2026-01-30 00:00:00,41.7,40.27955633800391,1.0,"Satet International School, Tema Manhean",tabular,ridge_ar_lag_fourier,h24,2026-01-04T23:00:00,2026-01-18T23:00:00,2026-02-15T23:00:00,,,42.0
2026-01-30 01:00:00,41.9,42.88886172886269,1.0,"Satet International School, Tema Manhean",tabular,ridge_ar_lag_fourier,h24,2026-01-04T23:00:00,2026-01-18T23:00:00,2026-02-15T23:00:00,,,42.0
2026-01-30 02:00:00,41.8,55.39940810298555,1.0,"Satet International School, Tema Manhean",tabular,ridge_ar_lag_fourier,h24,2026-01-04T23:00:00,2026-01-18T23:00:00,2026-02-15T23:00:00,,,42.0
2026-01-30 03:00:00,44.0,75.1394768841423,1.0,"Satet International School, Tema Manhean",tabular,ridge_ar_lag_fourier,h24,2026-01-04T23:00:00,2026-01-18T23:00:00,2026-02-15T23:00:00,,,42.0
2026-01-30 04:00:00,50.3,76.80218951113368,1.0,"Satet International School, Tema Manhean",tabular,ridge_ar_lag_fourier,h24,2026-01-04T23:00:00,2026-01-18T23:00:00,2026-02-15T23:00:00,,,42.0
2026-01-30 05:00:00,56.5,69.42910883590982,1.0,"Satet International School, Tema Manhean",tabular,ridge_ar_lag_fourier,h24,2026-01-04T23:00:00,2026-01-18T23:00:00,2026-02-15T23:00:00,,,42.0
2026-01-30 06:00:00,79.8,66.23666898807879,1.0,"Satet International School, Tema Manhean",tabular,ridge_ar_lag_fourier,h24,2026-01-04T23:00:00,2026-01-18T23:00:00,2026-02-15T23:00:00,,,42.0
2026-01-30 07:00:00,79.7,53.6886962347061,1.0,"Satet International School, Tema Manhean",tabular,ridge_ar_lag_fourier,h24,2026-01-04T23:00:00,2026-01-18T23:00:00,2026-02-15T23:00:00,,,42.0
2026-01-30 08:00:00,52.1,44.77443691478143,1.0,"Satet International School, Tema Manhean",tabular,ridge_ar_lag_fourier,h24,2026-01-04T23:00:00,2026-01-18T23:00:00,2026-02-15T23:00:00,,,42.0
2026-01-30 09:00:00,46.6,41.34014279472894,1.0,"Satet International School, Tema Manhean",tabular,ridge_ar_lag_fourier,h24,2026-01-04T23:00:00,2026-01-18T23:00:00,2026-02-15T23:00:00,,,42.0
2026-01-30 10:00:00,44.4,45.63219812921656,1.0,"Satet International School, Tema Manhean",tabular,ridge_ar_lag_fourier,h24,2026-01-04T23:00:00,2026-01-18T23:00:00,2026-02-15T23:00:00,,,42.0
2026-01-30 11:00:00,45.1,43.89834331972706,1.0,"Satet International School, Tema Manhean",tabular,ridge_ar_lag_fourier,h24,2026-01-04T23:00:00,2026-01-18T23:00:00,2026-02-15T23:00:00,,,42.0
2026-01-30 12:00:00,47.0,36.94800766859551,1.0,"Satet International School, Tema Manhean",tabular,ridge_ar_lag_fourier,h24,2026-01-04T23:00:00,2026-01-18T23:00:00,2026-02-15T23:00:00,,,42.0
2026-01-30 13:00:00,44.2,33.79305423711861,1.0,"Satet International School, Tema Manhean",tabular,ridge_ar_lag_fourier,h24,2026-01-04T23:00:00,2026-01-18T23:00:00,2026-02-15T23:00:00,,,42.0
2026-01-30 14:00:00,40.3,29.934376705526375,1.0,"Satet International School, Tema Manhean",tabular,ridge_ar_lag_fourier,h24,2026-01-04T23:00:00,2026-01-18T23:00:00,2026-02-15T23:00:00,,,42.0
2026-01-30 15:00:00,39.8,29.43897578832796,1.0,"Satet International School, Tema Manhean",tabular,ridge_ar_lag_fourier,h24,2026-01-04T23:00:00,2026-01-18T23:00:00,2026-02-15T23:00:00,,,42.0
2026-01-30 16:00:00,40.1,29.26885796163616,1.0,"Satet International School, Tema Manhean",tabular,ridge_ar_lag_fourier,h24,2026-01-04T23:00:00,2026-01-18T23:00:00,2026-02-15T23:00:00,,,42.0
2026-01-30 17:00:00,42.8,33.90453815005551,1.0,"Satet International School, Tema Manhean",tabular,ridge_ar_lag_fourier,h24,2026-01-04T23:00:00,2026-01-18T23:00:00,2026-02-15T23:00:00,,,42.0
2026-01-30 18:00:00,47.3,35.019624668019084,1.0,"Satet International School, Tema Manhean",tabular,ridge_ar_lag_fourier,h24,2026-01-04T23:00:00,2026-01-18T23:00:00,2026-02-15T23:00:00,,,42.0
2026-01-30 19:00:00,46.6,34.55676298242576,1.0,"Satet International School, Tema Manhean",tabular,ridge_ar_lag_fourier,h24,2026-01-04T23:00:00,2026-01-18T23:00:00,2026-02-15T23:00:00,,,42.0
2026-01-30 20:00:00,43.8,34.90174600728258,1.0,"Satet International School, Tema Manhean",tabular,ridge_ar_lag_fourier,h24,2026-01-04T23:00:00,2026-01-18T23:00:00,2026-02-15T23:00:00,,,42.0
2026-01-30 21:00:00,41.6,37.77173280613628,1.0,"Satet International School, Tema Manhean",tabular,ridge_ar_lag_fourier,h24,2026-01-04T23:00:00,2026-01-18T23:00:00,2026-02-15T23:00:00,,,42.0
2026-01-30 22:00:00,45.6,38.672841488489155,1.0,"Satet International School, Tema Manhean",tabular,ridge_ar_lag_fourier,h24,2026-01-04T23:00:00,2026-01-18T23:00:00,2026-02-15T23:00:00,,,42.0
2026-01-30 23:00:00,43.7,36.677260365885154,1.0,"Satet International School, Tema Manhean",tabular,ridge_ar_lag_fourier,h24,2026-01-04T23:00:00,2026-01-18T23:00:00,2026-02-15T23:00:00,,,42.0
2026-01-31 00:00:00,45.2,39.26713337356674,1.0,"Satet International School, Tema Manhean",tabular,ridge_ar_lag_fourier,h24,2026-01-04T23:00:00,2026-01-18T23:00:00,2026-02-15T23:00:00,,,42.0
2026-01-31 01:00:00,47.3,43.70920509549427,1.0,"Satet International School, Tema Manhean",tabular,ridge_ar_lag_fourier,h24,2026-01-04T23:00:00,2026-01-18T23:00:00,2026-02-15T23:00:00,,,42.0
2026-01-31 02:00:00,46.7,52.99285614321683,1.0,"Satet International School, Tema Manhean",tabular,ridge_ar_lag_fourier,h24,2026-01-04T23:00:00,2026-01-18T23:00:00,2026-02-15T23:00:00,,,42.0
2026-01-31 03:00:00,43.1,64.8365988931292,1.0,"Satet International School, Tema Manhean",tabular,ridge_ar_lag_fourier,h24,2026-01-04T23:00:00,2026-01-18T23:00:00,2026-02-15T23:00:00,,,42.0
2026-01-31 04:00:00,45.3,69.1580551099796,1.0,"Satet International School, Tema Manhean",tabular,ridge_ar_lag_fourier,h24,2026-01-04T23:00:00,2026-01-18T23:00:00,2026-02-15T23:00:00,,,42.0
2026-01-31 05:00:00,64.3,64.73561318713193,1.0,"Satet International School, Tema Manhean",tabular,ridge_ar_lag_fourier,h24,2026-01-04T23:00:00,2026-01-18T23:00:00,2026-02-15T23:00:00,,,42.0
2026-01-31 06:00:00,57.5,72.45623818708793,1.0,"Satet International School, Tema Manhean",tabular,ridge_ar_lag_fourier,h24,2026-01-04T23:00:00,2026-01-18T23:00:00,2026-02-15T23:00:00,,,42.0
2026-01-31 07:00:00,78.4,55.8371592361305,1.0,"Satet International School, Tema Manhean",tabular,ridge_ar_lag_fourier,h24,2026-01-04T23:00:00,2026-01-18T23:00:00,2026-02-15T23:00:00,,,42.0
2026-01-31 08:00:00,51.2,47.74463648510451,1.0,"Satet International School, Tema Manhean",tabular,ridge_ar_lag_fourier,h24,2026-01-04T23:00:00,2026-01-18T23:00:00,2026-02-15T23:00:00,,,42.0
2026-01-31 09:00:00,47.1,41.208255386813576,1.0,"Satet International School, Tema Manhean",tabular,ridge_ar_lag_fourier,h24,2026-01-04T23:00:00,2026-01-18T23:00:00,2026-02-15T23:00:00,,,42.0
2026-01-31 10:00:00,46.6,42.07316567497405,1.0,"Satet International School, Tema Manhean",tabular,ridge_ar_lag_fourier,h24,2026-01-04T23:00:00,2026-01-18T23:00:00,2026-02-15T23:00:00,,,42.0
2026-01-31 11:00:00,40.6,42.54122505612455,1.0,"Satet International School, Tema Manhean",tabular,ridge_ar_lag_fourier,h24,2026-01-04T23:00:00,2026-01-18T23:00:00,2026-02-15T23:00:00,,,42.0
2026-01-31 12:00:00,38.3,35.42580668039828,1.0,"Satet International School, Tema Manhean",tabular,ridge_ar_lag_fourier,h24,2026-01-04T23:00:00,2026-01-18T23:00:00,2026-02-15T23:00:00,,,42.0
2026-01-31 13:00:00,39.3,32.72144588412334,1.0,"Satet International School, Tema Manhean",tabular,ridge_ar_lag_fourier,h24,2026-01-04T23:00:00,2026-01-18T23:00:00,2026-02-15T23:00:00,,,42.0
2026-01-31 14:00:00,37.5,31.73509417345568,1.0,"Satet International School, Tema Manhean",tabular,ridge_ar_lag_fourier,h24,2026-01-04T23:00:00,2026-01-18T23:00:00,2026-02-15T23:00:00,,,42.0
2026-01-31 15:00:00,39.9,31.2801705305099,1.0,"Satet International School, Tema Manhean",tabular,ridge_ar_lag_fourier,h24,2026-01-04T23:00:00,2026-01-18T23:00:00,2026-02-15T23:00:00,,,42.0
2026-01-31 16:00:00,41.2,31.311635707544525,1.0,"Satet International School, Tema Manhean",tabular,ridge_ar_lag_fourier,h24,2026-01-04T23:00:00,2026-01-18T23:00:00,2026-02-15T23:00:00,,,42.0
2026-01-31 17:00:00,39.5,33.670163574195534,1.0,"Satet International School, Tema Manhean",tabular,ridge_ar_lag_fourier,h24,2026-01-04T23:00:00,2026-01-18T23:00:00,2026-02-15T23:00:00,,,42.0
2026-01-31 18:00:00,44.5,36.809133509592,1.0,"Satet International School, Tema Manhean",tabular,ridge_ar_lag_fourier,h24,2026-01-04T23:00:00,2026-01-18T23:00:00,2026-02-15T23:00:00,,,42.0
2026-01-31 19:00:00,40.6,35.21719395364725,1.0,"Satet International School, Tema Manhean",tabular,ridge_ar_lag_fourier,h24,2026-01-04T23:00:00,2026-01-18T23:00:00,2026-02-15T23:00:00,,,42.0
2026-01-31 20:00:00,37.7,33.411652872129,1.0,"Satet International School, Tema Manhean",tabular,ridge_ar_lag_fourier,h24,2026-01-04T23:00:00,2026-01-18T23:00:00,2026-02-15T23:00:00,,,42.0
2026-01-31 21:00:00,39.3,38.2707238731874,1.0,"Satet International School, Tema Manhean",tabular,ridge_ar_lag_fourier,h24,2026-01-04T23:00:00,2026-01-18T23:00:00,2026-02-15T23:00:00,,,42.0
2026-01-31 22:00:00,47.1,38.505297559335155,1.0,"Satet International School, Tema Manhean",tabular,ridge_ar_lag_fourier,h24,2026-01-04T23:00:00,2026-01-18T23:00:00,2026-02-15T23:00:00,,,42.0
2026-01-31 23:00:00,43.0,35.92579874975212,1.0,"Satet International School, Tema Manhean",tabular,ridge_ar_lag_fourier,h24,2026-01-04T23:00:00,2026-01-18T23:00:00,2026-02-15T23:00:00,,,42.0
2026-02-01 00:00:00,53.2,37.11176295003206,1.0,"Satet International School, Tema Manhean",tabular,ridge_ar_lag_fourier,h24,2026-01-04T23:00:00,2026-01-18T23:00:00,2026-02-15T23:00:00,,,42.0
2026-02-01 01:00:00,46.9,40.70228057528074,1.0,"Satet International School, Tema Manhean",tabular,ridge_ar_lag_fourier,h24,2026-01-04T23:00:00,2026-01-18T23:00:00,2026-02-15T23:00:00,,,42.0
2026-02-01 02:00:00,35.8,50.22126552348315,1.0,"Satet International School, Tema Manhean",tabular,ridge_ar_lag_fourier,h24,2026-01-04T23:00:00,2026-01-18T23:00:00,2026-02-15T23:00:00,,,42.0
2026-02-01 03:00:00,33.9,61.13422365398564,1.0,"Satet International School, Tema Manhean",tabular,ridge_ar_lag_fourier,h24,2026-01-04T23:00:00,2026-01-18T23:00:00,2026-02-15T23:00:00,,,42.0
2026-02-01 04:00:00,37.8,65.49602576565142,1.0,"Satet International School, Tema Manhean",tabular,ridge_ar_lag_fourier,h24,2026-01-04T23:00:00,2026-01-18T23:00:00,2026-02-15T23:00:00,,,42.0
2026-02-01 05:00:00,40.1,63.50004331952846,1.0,"Satet International School, Tema Manhean",tabular,ridge_ar_lag_fourier,h24,2026-01-04T23:00:00,2026-01-18T23:00:00,2026-02-15T23:00:00,,,42.0
2026-02-01 06:00:00,53.0,72.36926960002523,1.0,"Satet International School, Tema Manhean",tabular,ridge_ar_lag_fourier,h24,2026-01-04T23:00:00,2026-01-18T23:00:00,2026-02-15T23:00:00,,,42.0
2026-02-01 07:00:00,58.5,57.209282317528476,1.0,"Satet International School, Tema Manhean",tabular,ridge_ar_lag_fourier,h24,2026-01-04T23:00:00,2026-01-18T23:00:00,2026-02-15T23:00:00,,,42.0
2026-02-01 08:00:00,47.5,49.541433894644925,1.0,"Satet International School, Tema Manhean",tabular,ridge_ar_lag_fourier,h24,2026-01-04T23:00:00,2026-01-18T23:00:00,2026-02-15T23:00:00,,,42.0
2026-02-01 09:00:00,47.3,42.44340843071862,1.0,"Satet International School, Tema Manhean",tabular,ridge_ar_lag_fourier,h24,2026-01-04T23:00:00,2026-01-18T23:00:00,2026-02-15T23:00:00,,,42.0
2026-02-01 10:00:00,43.1,42.67864314202963,1.0,"Satet International School, Tema Manhean",tabular,ridge_ar_lag_fourier,h24,2026-01-04T23:00:00,2026-01-18T23:00:00,2026-02-15T23:00:00,,,42.0
2026-02-01 11:00:00,36.7,45.04209306603629,1.0,"Satet International School, Tema Manhean",tabular,ridge_ar_lag_fourier,h24,2026-01-04T23:00:00,2026-01-18T23:00:00,2026-02-15T23:00:00,,,42.0
2026-02-01 12:00:00,36.6,37.8543938169589,1.0,"Satet International School, Tema Manhean",tabular,ridge_ar_lag_fourier,h24,2026-01-04T23:00:00,2026-01-18T23:00:00,2026-02-15T23:00:00,,,42.0
2026-02-01 13:00:00,32.9,33.19696618563841,1.0,"Satet International School, Tema Manhean",tabular,ridge_ar_lag_fourier,h24,2026-01-04T23:00:00,2026-01-18T23:00:00,2026-02-15T23:00:00,,,42.0
2026-02-01 14:00:00,35.0,31.65486758105422,1.0,"Satet International School, Tema Manhean",tabular,ridge_ar_lag_fourier,h24,2026-01-04T23:00:00,2026-01-18T23:00:00,2026-02-15T23:00:00,,,42.0
2026-02-01 15:00:00,35.5,31.17413820975394,1.0,"Satet International School, Tema Manhean",tabular,ridge_ar_lag_fourier,h24,2026-01-04T23:00:00,2026-01-18T23:00:00,2026-02-15T23:00:00,,,42.0
2026-02-01 16:00:00,35.8,32.0895390888697,1.0,"Satet International School, Tema Manhean",tabular,ridge_ar_lag_fourier,h24,2026-01-04T23:00:00,2026-01-18T23:00:00,2026-02-15T23:00:00,,,42.0
2026-02-01 17:00:00,35.0,33.741963433660416,1.0,"Satet International School, Tema Manhean",tabular,ridge_ar_lag_fourier,h24,2026-01-04T23:00:00,2026-01-18T23:00:00,2026-02-15T23:00:00,,,42.0
2026-02-01 18:00:00,39.9,38.53129033859753,1.0,"Satet International School, Tema Manhean",tabular,ridge_ar_lag_fourier,h24,2026-01-04T23:00:00,2026-01-18T23:00:00,2026-02-15T23:00:00,,,42.0
2026-02-01 19:00:00,37.1,37.39555096262151,1.0,"Satet International School, Tema Manhean",tabular,ridge_ar_lag_fourier,h24,2026-01-04T23:00:00,2026-01-18T23:00:00,2026-02-15T23:00:00,,,42.0
2026-02-01 20:00:00,51.3,33.94499263171757,1.0,"Satet International School, Tema Manhean",tabular,ridge_ar_lag_fourier,h24,2026-01-04T23:00:00,2026-01-18T23:00:00,2026-02-15T23:00:00,,,42.0
2026-02-01 21:00:00,37.8,38.04281327484935,1.0,"Satet International School, Tema Manhean",tabular,ridge_ar_lag_fourier,h24,2026-01-04T23:00:00,2026-01-18T23:00:00,2026-02-15T23:00:00,,,42.0
2026-02-01 22:00:00,37.1,40.94403848581534,1.0,"Satet International School, Tema Manhean",tabular,ridge_ar_lag_fourier,h24,2026-01-04T23:00:00,2026-01-18T23:00:00,2026-02-15T23:00:00,,,42.0
2026-02-01 23:00:00,35.3,38.1177872239021,1.0,"Satet International School, Tema Manhean",tabular,ridge_ar_lag_fourier,h24,2026-01-04T23:00:00,2026-01-18T23:00:00,2026-02-15T23:00:00,,,42.0
2026-02-02 00:00:00,38.5,39.37417388504402,1.0,"Satet International School, Tema Manhean",tabular,ridge_ar_lag_fourier,h24,2026-01-04T23:00:00,2026-01-18T23:00:00,2026-02-15T23:00:00,,,42.0
2026-02-02 01:00:00,37.1,41.820499820807626,1.0,"Satet International School, Tema Manhean",tabular,ridge_ar_lag_fourier,h24,2026-01-04T23:00:00,2026-01-18T23:00:00,2026-02-15T23:00:00,,,42.0
2026-02-02 02:00:00,34.5,46.83989416931807,1.0,"Satet International School, Tema Manhean",tabular,ridge_ar_lag_fourier,h24,2026-01-04T23:00:00,2026-01-18T23:00:00,2026-02-15T23:00:00,,,42.0
2026-02-02 03:00:00,44.6,51.2959026012462,1.0,"Satet International School, Tema Manhean",tabular,ridge_ar_lag_fourier,h24,2026-01-04T23:00:00,2026-01-18T23:00:00,2026-02-15T23:00:00,,,42.0
2026-02-02 04:00:00,40.6,64.05205362214811,1.0,"Satet International School, Tema Manhean",tabular,ridge_ar_lag_fourier,h24,2026-01-04T23:00:00,2026-01-18T23:00:00,2026-02-15T23:00:00,,,42.0
2026-02-02 05:00:00,57.6,62.56294778140477,1.0,"Satet International School, Tema Manhean",tabular,ridge_ar_lag_fourier,h24,2026-01-04T23:00:00,2026-01-18T23:00:00,2026-02-15T23:00:00,,,42.0
2026-02-02 06:00:00,59.9,69.77953307393146,1.0,"Satet International School, Tema Manhean",tabular,ridge_ar_lag_fourier,h24,2026-01-04T23:00:00,2026-01-18T23:00:00,2026-02-15T23:00:00,,,42.0
2026-02-02 07:00:00,88.6,55.39994372963456,1.0,"Satet International School, Tema Manhean",tabular,ridge_ar_lag_fourier,h24,2026-01-04T23:00:00,2026-01-18T23:00:00,2026-02-15T23:00:00,,,42.0
2026-02-02 08:00:00,49.3,46.73292917596387,1.0,"Satet International School, Tema Manhean",tabular,ridge_ar_lag_fourier,h24,2026-01-04T23:00:00,2026-01-18T23:00:00,2026-02-15T23:00:00,,,42.0
2026-02-02 09:00:00,44.5,41.760925200214885,1.0,"Satet International School, Tema Manhean",tabular,ridge_ar_lag_fourier,h24,2026-01-04T23:00:00,2026-01-18T23:00:00,2026-02-15T23:00:00,,,42.0
2026-02-02 10:00:00,33.0,41.33128674359219,1.0,"Satet International School, Tema Manhean",tabular,ridge_ar_lag_fourier,h24,2026-01-04T23:00:00,2026-01-18T23:00:00,2026-02-15T23:00:00,,,42.0
2026-02-02 11:00:00,30.4,41.129346119308124,1.0,"Satet International School, Tema Manhean",tabular,ridge_ar_lag_fourier,h24,2026-01-04T23:00:00,2026-01-18T23:00:00,2026-02-15T23:00:00,,,42.0
2026-02-02 12:00:00,32.4,38.12425021890309,1.0,"Satet International School, Tema Manhean",tabular,ridge_ar_lag_fourier,h24,2026-01-04T23:00:00,2026-01-18T23:00:00,2026-02-15T23:00:00,,,42.0
2026-02-02 13:00:00,29.7,34.379357712106426,1.0,"Satet International School, Tema Manhean",tabular,ridge_ar_lag_fourier,h24,2026-01-04T23:00:00,2026-01-18T23:00:00,2026-02-15T23:00:00,,,42.0
2026-02-02 14:00:00,33.2,32.48032127266966,1.0,"Satet International School, Tema Manhean",tabular,ridge_ar_lag_fourier,h24,2026-01-04T23:00:00,2026-01-18T23:00:00,2026-02-15T23:00:00,,,42.0
2026-02-02 15:00:00,34.9,32.434975667937735,1.0,"Satet International School, Tema Manhean",tabular,ridge_ar_lag_fourier,h24,2026-01-04T23:00:00,2026-01-18T23:00:00,2026-02-15T23:00:00,,,42.0
2026-02-02 16:00:00,39.2,32.14205575451743,1.0,"Satet International School, Tema Manhean",tabular,ridge_ar_lag_fourier,h24,2026-01-04T23:00:00,2026-01-18T23:00:00,2026-02-15T23:00:00,,,42.0
2026-02-02 17:00:00,41.7,33.80530995712074,1.0,"Satet International School, Tema Manhean",tabular,ridge_ar_lag_fourier,h24,2026-01-04T23:00:00,2026-01-18T23:00:00,2026-02-15T23:00:00,,,42.0
2026-02-02 18:00:00,39.9,38.547811802409925,1.0,"Satet International School, Tema Manhean",tabular,ridge_ar_lag_fourier,h24,2026-01-04T23:00:00,2026-01-18T23:00:00,2026-02-15T23:00:00,,,42.0
2026-02-02 19:00:00,40.2,38.20079835229203,1.0,"Satet International School, Tema Manhean",tabular,ridge_ar_lag_fourier,h24,2026-01-04T23:00:00,2026-01-18T23:00:00,2026-02-15T23:00:00,,,42.0
2026-02-02 20:00:00,44.2,36.33217821005021,1.0,"Satet International School, Tema Manhean",tabular,ridge_ar_lag_fourier,h24,2026-01-04T23:00:00,2026-01-18T23:00:00,2026-02-15T23:00:00,,,42.0
2026-02-02 21:00:00,38.7,42.51556921172708,1.0,"Satet International School, Tema Manhean",tabular,ridge_ar_lag_fourier,h24,2026-01-04T23:00:00,2026-01-18T23:00:00,2026-02-15T23:00:00,,,42.0
2026-02-02 22:00:00,57.3,41.73695934722083,1.0,"Satet International School, Tema Manhean",tabular,ridge_ar_lag_fourier,h24,2026-01-04T23:00:00,2026-01-18T23:00:00,2026-02-15T23:00:00,,,42.0
2026-02-02 23:00:00,93.3,40.117730513801305,1.0,"Satet International School, Tema Manhean",tabular,ridge_ar_lag_fourier,h24,2026-01-04T23:00:00,2026-01-18T23:00:00,2026-02-15T23:00:00,,,42.0
2026-02-03 00:00:00,72.1,42.37168941568315,1.0,"Satet International School, Tema Manhean",tabular,ridge_ar_lag_fourier,h24,2026-01-04T23:00:00,2026-01-18T23:00:00,2026-02-15T23:00:00,,,42.0
2026-02-03 01:00:00,49.3,43.702594057298015,1.0,"Satet International School, Tema Manhean",tabular,ridge_ar_lag_fourier,h24,2026-01-04T23:00:00,2026-01-18T23:00:00,2026-02-15T23:00:00,,,42.0
2026-02-03 02:00:00,43.0,51.90677581324562,1.0,"Satet International School, Tema Manhean",tabular,ridge_ar_lag_fourier,h24,2026-01-04T23:00:00,2026-01-18T23:00:00,2026-02-15T23:00:00,,,42.0
2026-02-03 03:00:00,45.6,53.91458614800945,1.0,"Satet International School, Tema Manhean",tabular,ridge_ar_lag_fourier,h24,2026-01-04T23:00:00,2026-01-18T23:00:00,2026-02-15T23:00:00,,,42.0
2026-02-03 04:00:00,44.1,62.98965076016637,1.0,"Satet International School, Tema Manhean",tabular,ridge_ar_lag_fourier,h24,2026-01-04T23:00:00,2026-01-18T23:00:00,2026-02-15T23:00:00,,,42.0
2026-02-03 05:00:00,103.7,62.908396772291226,1.0,"Satet International School, Tema Manhean",tabular,ridge_ar_lag_fourier,h24,2026-01-04T23:00:00,2026-01-18T23:00:00,2026-02-15T23:00:00,,,42.0
2026-02-03 06:00:00,113.0,70.35552029626753,1.0,"Satet International School, Tema Manhean",tabular,ridge_ar_lag_fourier,h24,2026-01-04T23:00:00,2026-01-18T23:00:00,2026-02-15T23:00:00,,,42.0
2026-02-03 07:00:00,56.6,58.0198138673189,1.0,"Satet International School, Tema Manhean",tabular,ridge_ar_lag_fourier,h24,2026-01-04T23:00:00,2026-01-18T23:00:00,2026-02-15T23:00:00,,,42.0
2026-02-03 08:00:00,40.9,52.089975368505335,1.0,"Satet International School, Tema Manhean",tabular,ridge_ar_lag_fourier,h24,2026-01-04T23:00:00,2026-01-18T23:00:00,2026-02-15T23:00:00,,,42.0
2026-02-03 09:00:00,41.3,44.541837945373736,1.0,"Satet International School, Tema Manhean",tabular,ridge_ar_lag_fourier,h24,2026-01-04T23:00:00,2026-01-18T23:00:00,2026-02-15T23:00:00,,,42.0
2026-02-03 10:00:00,37.4,42.72879090006357,1.0,"Satet International School, Tema Manhean",tabular,ridge_ar_lag_fourier,h24,2026-01-04T23:00:00,2026-01-18T23:00:00,2026-02-15T23:00:00,,,42.0
2026-02-03 11:00:00,43.6,40.76247235183939,1.0,"Satet International School, Tema Manhean",tabular,ridge_ar_lag_fourier,h24,2026-01-04T23:00:00,2026-01-18T23:00:00,2026-02-15T23:00:00,,,42.0
2026-02-03 12:00:00,38.3,39.131753185635105,1.0,"Satet International School, Tema Manhean",tabular,ridge_ar_lag_fourier,h24,2026-01-04T23:00:00,2026-01-18T23:00:00,2026-02-15T23:00:00,,,42.0
2026-02-03 13:00:00,38.3,35.28743573999335,1.0,"Satet International School, Tema Manhean",tabular,ridge_ar_lag_fourier,h24,2026-01-04T23:00:00,2026-01-18T23:00:00,2026-02-15T23:00:00,,,42.0
2026-02-03 14:00:00,28.8,34.120721175164746,1.0,"Satet International School, Tema Manhean",tabular,ridge_ar_lag_fourier,h24,2026-01-04T23:00:00,2026-01-18T23:00:00,2026-02-15T23:00:00,,,42.0
2026-02-03 15:00:00,36.7,33.98534932302956,1.0,"Satet International School, Tema Manhean",tabular,ridge_ar_lag_fourier,h24,2026-01-04T23:00:00,2026-01-18T23:00:00,2026-02-15T23:00:00,,,42.0
2026-02-03 16:00:00,38.1,34.097260695514734,1.0,"Satet International School, Tema Manhean",tabular,ridge_ar_lag_fourier,h24,2026-01-04T23:00:00,2026-01-18T23:00:00,2026-02-15T23:00:00,,,42.0
2026-02-03 17:00:00,40.9,36.22072222882799,1.0,"Satet International School, Tema Manhean",tabular,ridge_ar_lag_fourier,h24,2026-01-04T23:00:00,2026-01-18T23:00:00,2026-02-15T23:00:00,,,42.0
2026-02-03 18:00:00,47.9,41.0932549684585,1.0,"Satet International School, Tema Manhean",tabular,ridge_ar_lag_fourier,h24,2026-01-04T23:00:00,2026-01-18T23:00:00,2026-02-15T23:00:00,,,42.0
2026-02-03 19:00:00,60.6,41.29718755076088,1.0,"Satet International School, Tema Manhean",tabular,ridge_ar_lag_fourier,h24,2026-01-04T23:00:00,2026-01-18T23:00:00,2026-02-15T23:00:00,,,42.0
2026-02-03 20:00:00,75.7,38.66866422865251,1.0,"Satet International School, Tema Manhean",tabular,ridge_ar_lag_fourier,h24,2026-01-04T23:00:00,2026-01-18T23:00:00,2026-02-15T23:00:00,,,42.0
2026-02-03 21:00:00,69.1,42.1555261050957,1.0,"Satet International School, Tema Manhean",tabular,ridge_ar_lag_fourier,h24,2026-01-04T23:00:00,2026-01-18T23:00:00,2026-02-15T23:00:00,,,42.0
2026-02-03 22:00:00,64.7,40.4583502573175,1.0,"Satet International School, Tema Manhean",tabular,ridge_ar_lag_fourier,h24,2026-01-04T23:00:00,2026-01-18T23:00:00,2026-02-15T23:00:00,,,42.0
2026-02-03 23:00:00,96.0,40.39123579554048,1.0,"Satet International School, Tema Manhean",tabular,ridge_ar_lag_fourier,h24,2026-01-04T23:00:00,2026-01-18T23:00:00,2026-02-15T23:00:00,,,42.0
2026-02-04 00:00:00,59.2,47.49861063250835,1.0,"Satet International School, Tema Manhean",tabular,ridge_ar_lag_fourier,h24,2026-01-04T23:00:00,2026-01-18T23:00:00,2026-02-15T23:00:00,,,42.0
2026-02-04 01:00:00,46.5,44.60815707978146,1.0,"Satet International School, Tema Manhean",tabular,ridge_ar_lag_fourier,h24,2026-01-04T23:00:00,2026-01-18T23:00:00,2026-02-15T23:00:00,,,42.0
2026-02-04 02:00:00,62.9,43.6214435409555,1.0,"Satet International School, Tema Manhean",tabular,ridge_ar_lag_fourier,h24,2026-01-04T23:00:00,2026-01-18T23:00:00,2026-02-15T23:00:00,,,42.0
2026-02-04 03:00:00,55.9,42.2357201582937,1.0,"Satet International School, Tema Manhean",tabular,ridge_ar_lag_fourier,h24,2026-01-04T23:00:00,2026-01-18T23:00:00,2026-02-15T23:00:00,,,42.0
2026-02-04 04:00:00,70.1,45.397019588989394,1.0,"Satet International School, Tema Manhean",tabular,ridge_ar_lag_fourier,h24,2026-01-04T23:00:00,2026-01-18T23:00:00,2026-02-15T23:00:00,,,42.0
2026-02-04 05:00:00,87.7,55.6234694843932,1.0,"Satet International School, Tema Manhean",tabular,ridge_ar_lag_fourier,h24,2026-01-04T23:00:00,2026-01-18T23:00:00,2026-02-15T23:00:00,,,42.0
2026-02-04 06:00:00,95.6,67.05030216351125,1.0,"Satet International School, Tema Manhean",tabular,ridge_ar_lag_fourier,h24,2026-01-04T23:00:00,2026-01-18T23:00:00,2026-02-15T23:00:00,,,42.0
2026-02-04 07:00:00,62.5,66.87882050668756,1.0,"Satet International School, Tema Manhean",tabular,ridge_ar_lag_fourier,h24,2026-01-04T23:00:00,2026-01-18T23:00:00,2026-02-15T23:00:00,,,42.0
2026-02-04 08:00:00,56.9,47.679130335630916,1.0,"Satet International School, Tema Manhean",tabular,ridge_ar_lag_fourier,h24,2026-01-04T23:00:00,2026-01-18T23:00:00,2026-02-15T23:00:00,,,42.0
2026-02-04 09:00:00,41.6,41.30573268532422,1.0,"Satet International School, Tema Manhean",tabular,ridge_ar_lag_fourier,h24,2026-01-04T23:00:00,2026-01-18T23:00:00,2026-02-15T23:00:00,,,42.0
2026-02-04 10:00:00,55.3,40.806705057166056,1.0,"Satet International School, Tema Manhean",tabular,ridge_ar_lag_fourier,h24,2026-01-04T23:00:00,2026-01-18T23:00:00,2026-02-15T23:00:00,,,42.0
2026-02-04 11:00:00,39.2,39.862745620002045,1.0,"Satet International School, Tema Manhean",tabular,ridge_ar_lag_fourier,h24,2026-01-04T23:00:00,2026-01-18T23:00:00,2026-02-15T23:00:00,,,42.0
2026-02-04 12:00:00,35.4,37.64878101976748,1.0,"Satet International School, Tema Manhean",tabular,ridge_ar_lag_fourier,h24,2026-01-04T23:00:00,2026-01-18T23:00:00,2026-02-15T23:00:00,,,42.0
2026-02-04 13:00:00,36.6,33.43047208239308,1.0,"Satet International School, Tema Manhean",tabular,ridge_ar_lag_fourier,h24,2026-01-04T23:00:00,2026-01-18T23:00:00,2026-02-15T23:00:00,,,42.0
2026-02-04 14:00:00,38.8,32.39870190957003,1.0,"Satet International School, Tema Manhean",tabular,ridge_ar_lag_fourier,h24,2026-01-04T23:00:00,2026-01-18T23:00:00,2026-02-15T23:00:00,,,42.0
2026-02-04 15:00:00,32.8,30.338108864862072,1.0,"Satet International School, Tema Manhean",tabular,ridge_ar_lag_fourier,h24,2026-01-04T23:00:00,2026-01-18T23:00:00,2026-02-15T23:00:00,,,42.0
2026-02-04 16:00:00,34.1,32.6277486074905,1.0,"Satet International School, Tema Manhean",tabular,ridge_ar_lag_fourier,h24,2026-01-04T23:00:00,2026-01-18T23:00:00,2026-02-15T23:00:00,,,42.0
2026-02-04 17:00:00,34.4,36.10518674061578,1.0,"Satet International School, Tema Manhean",tabular,ridge_ar_lag_fourier,h24,2026-01-04T23:00:00,2026-01-18T23:00:00,2026-02-15T23:00:00,,,42.0
2026-02-04 18:00:00,42.4,38.976141407514575,1.0,"Satet International School, Tema Manhean",tabular,ridge_ar_lag_fourier,h24,2026-01-04T23:00:00,2026-01-18T23:00:00,2026-02-15T23:00:00,,,42.0
2026-02-04 19:00:00,32.7,38.29306729855638,1.0,"Satet International School, Tema Manhean",tabular,ridge_ar_lag_fourier,h24,2026-01-04T23:00:00,2026-01-18T23:00:00,2026-02-15T23:00:00,,,42.0
2026-02-04 20:00:00,27.1,39.498315548143616,1.0,"Satet International School, Tema Manhean",tabular,ridge_ar_lag_fourier,h24,2026-01-04T23:00:00,2026-01-18T23:00:00,2026-02-15T23:00:00,,,42.0
2026-02-04 21:00:00,30.0,43.529048898127186,1.0,"Satet International School, Tema Manhean",tabular,ridge_ar_lag_fourier,h24,2026-01-04T23:00:00,2026-01-18T23:00:00,2026-02-15T23:00:00,,,42.0
2026-02-04 22:00:00,37.1,44.023440122715414,1.0,"Satet International School, Tema Manhean",tabular,ridge_ar_lag_fourier,h24,2026-01-04T23:00:00,2026-01-18T23:00:00,2026-02-15T23:00:00,,,42.0
2026-02-04 23:00:00,35.1,42.33347095058159,1.0,"Satet International School, Tema Manhean",tabular,ridge_ar_lag_fourier,h24,2026-01-04T23:00:00,2026-01-18T23:00:00,2026-02-15T23:00:00,,,42.0
2026-02-05 00:00:00,46.6,47.26386730809804,1.0,"Satet International School, Tema Manhean",tabular,ridge_ar_lag_fourier,h24,2026-01-04T23:00:00,2026-01-18T23:00:00,2026-02-15T23:00:00,,,42.0
2026-02-05 01:00:00,43.0,41.17807512365233,1.0,"Satet International School, Tema Manhean",tabular,ridge_ar_lag_fourier,h24,2026-01-04T23:00:00,2026-01-18T23:00:00,2026-02-15T23:00:00,,,42.0
2026-02-05 02:00:00,58.3,39.20080095018908,1.0,"Satet International School, Tema Manhean",tabular,ridge_ar_lag_fourier,h24,2026-01-04T23:00:00,2026-01-18T23:00:00,2026-02-15T23:00:00,,,42.0
2026-02-05 03:00:00,42.9,41.61224562562482,1.0,"Satet International School, Tema Manhean",tabular,ridge_ar_lag_fourier,h24,2026-01-04T23:00:00,2026-01-18T23:00:00,2026-02-15T23:00:00,,,42.0
2026-02-05 04:00:00,42.9,46.64221609857199,1.0,"Satet International School, Tema Manhean",tabular,ridge_ar_lag_fourier,h24,2026-01-04T23:00:00,2026-01-18T23:00:00,2026-02-15T23:00:00,,,42.0
2026-02-05 05:00:00,107.6,55.3441872033061,1.0,"Satet International School, Tema Manhean",tabular,ridge_ar_lag_fourier,h24,2026-01-04T23:00:00,2026-01-18T23:00:00,2026-02-15T23:00:00,,,42.0
2026-02-05 06:00:00,50.5,60.77745470195492,1.0,"Satet International School, Tema Manhean",tabular,ridge_ar_lag_fourier,h24,2026-01-04T23:00:00,2026-01-18T23:00:00,2026-02-15T23:00:00,,,42.0
2026-02-05 07:00:00,46.2,57.330960078503765,1.0,"Satet International School, Tema Manhean",tabular,ridge_ar_lag_fourier,h24,2026-01-04T23:00:00,2026-01-18T23:00:00,2026-02-15T23:00:00,,,42.0
2026-02-05 08:00:00,34.5,42.09254446891913,1.0,"Satet International School, Tema Manhean",tabular,ridge_ar_lag_fourier,h24,2026-01-04T23:00:00,2026-01-18T23:00:00,2026-02-15T23:00:00,,,42.0
2026-02-05 09:00:00,26.6,39.46549432603475,1.0,"Satet International School, Tema Manhean",tabular,ridge_ar_lag_fourier,h24,2026-01-04T23:00:00,2026-01-18T23:00:00,2026-02-15T23:00:00,,,42.0
2026-02-05 10:00:00,22.1,37.298183072381455,1.0,"Satet International School, Tema Manhean",tabular,ridge_ar_lag_fourier,h24,2026-01-04T23:00:00,2026-01-18T23:00:00,2026-02-15T23:00:00,,,42.0
2026-02-05 11:00:00,30.2,37.65827816885248,1.0,"Satet International School, Tema Manhean",tabular,ridge_ar_lag_fourier,h24,2026-01-04T23:00:00,2026-01-18T23:00:00,2026-02-15T23:00:00,,,42.0
2026-02-05 12:00:00,25.8,33.2607773601155,1.0,"Satet International School, Tema Manhean",tabular,ridge_ar_lag_fourier,h24,2026-01-04T23:00:00,2026-01-18T23:00:00,2026-02-15T23:00:00,,,42.0
2026-02-05 13:00:00,21.3,28.16224976243141,1.0,"Satet International School, Tema Manhean",tabular,ridge_ar_lag_fourier,h24,2026-01-04T23:00:00,2026-01-18T23:00:00,2026-02-15T23:00:00,,,42.0
2026-02-05 14:00:00,21.0,27.79696818562665,1.0,"Satet International School, Tema Manhean",tabular,ridge_ar_lag_fourier,h24,2026-01-04T23:00:00,2026-01-18T23:00:00,2026-02-15T23:00:00,,,42.0
2026-02-05 15:00:00,24.6,28.98388086875451,1.0,"Satet International School, Tema Manhean",tabular,ridge_ar_lag_fourier,h24,2026-01-04T23:00:00,2026-01-18T23:00:00,2026-02-15T23:00:00,,,42.0
2026-02-05 16:00:00,26.9,30.557376952293993,1.0,"Satet International School, Tema Manhean",tabular,ridge_ar_lag_fourier,h24,2026-01-04T23:00:00,2026-01-18T23:00:00,2026-02-15T23:00:00,,,42.0
2026-02-05 17:00:00,27.9,32.28330010895317,1.0,"Satet International School, Tema Manhean",tabular,ridge_ar_lag_fourier,h24,2026-01-04T23:00:00,2026-01-18T23:00:00,2026-02-15T23:00:00,,,42.0
2026-02-05 18:00:00,38.6,35.40688987544754,1.0,"Satet International School, Tema Manhean",tabular,ridge_ar_lag_fourier,h24,2026-01-04T23:00:00,2026-01-18T23:00:00,2026-02-15T23:00:00,,,42.0
2026-02-05 19:00:00,32.0,36.470149204756865,1.0,"Satet International School, Tema Manhean",tabular,ridge_ar_lag_fourier,h24,2026-01-04T23:00:00,2026-01-18T23:00:00,2026-02-15T23:00:00,,,42.0
2026-02-05 20:00:00,27.9,35.40527172991428,1.0,"Satet International School, Tema Manhean",tabular,ridge_ar_lag_fourier,h24,2026-01-04T23:00:00,2026-01-18T23:00:00,2026-02-15T23:00:00,,,42.0
2026-02-05 21:00:00,26.2,35.24670376116189,1.0,"Satet International School, Tema Manhean",tabular,ridge_ar_lag_fourier,h24,2026-01-04T23:00:00,2026-01-18T23:00:00,2026-02-15T23:00:00,,,42.0
2026-02-05 22:00:00,32.6,41.33955108288795,1.0,"Satet International School, Tema Manhean",tabular,ridge_ar_lag_fourier,h24,2026-01-04T23:00:00,2026-01-18T23:00:00,2026-02-15T23:00:00,,,42.0
2026-02-05 23:00:00,29.5,41.13092024669642,1.0,"Satet International School, Tema Manhean",tabular,ridge_ar_lag_fourier,h24,2026-01-04T23:00:00,2026-01-18T23:00:00,2026-02-15T23:00:00,,,42.0
2026-02-06 00:00:00,32.2,39.34174129951968,1.0,"Satet International School, Tema Manhean",tabular,ridge_ar_lag_fourier,h24,2026-01-04T23:00:00,2026-01-18T23:00:00,2026-02-15T23:00:00,,,42.0
2026-02-06 01:00:00,24.5,39.225854678776514,1.0,"Satet International School, Tema Manhean",tabular,ridge_ar_lag_fourier,h24,2026-01-04T23:00:00,2026-01-18T23:00:00,2026-02-15T23:00:00,,,42.0
2026-02-06 02:00:00,26.4,38.73727938284854,1.0,"Satet International School, Tema Manhean",tabular,ridge_ar_lag_fourier,h24,2026-01-04T23:00:00,2026-01-18T23:00:00,2026-02-15T23:00:00,,,42.0
2026-02-06 03:00:00,26.9,41.31868870028034,1.0,"Satet International School, Tema Manhean",tabular,ridge_ar_lag_fourier,h24,2026-01-04T23:00:00,2026-01-18T23:00:00,2026-02-15T23:00:00,,,42.0
2026-02-06 04:00:00,32.5,44.05144231757483,1.0,"Satet International School, Tema Manhean",tabular,ridge_ar_lag_fourier,h24,2026-01-04T23:00:00,2026-01-18T23:00:00,2026-02-15T23:00:00,,,42.0
2026-02-06 05:00:00,43.6,53.03413496001737,1.0,"Satet International School, Tema Manhean",tabular,ridge_ar_lag_fourier,h24,2026-01-04T23:00:00,2026-01-18T23:00:00,2026-02-15T23:00:00,,,42.0
2026-02-06 06:00:00,47.7,61.62048363254556,1.0,"Satet International School, Tema Manhean",tabular,ridge_ar_lag_fourier,h24,2026-01-04T23:00:00,2026-01-18T23:00:00,2026-02-15T23:00:00,,,42.0
2026-02-06 07:00:00,65.9,52.833111133841854,1.0,"Satet International School, Tema Manhean",tabular,ridge_ar_lag_fourier,h24,2026-01-04T23:00:00,2026-01-18T23:00:00,2026-02-15T23:00:00,,,42.0
2026-02-06 08:00:00,43.2,40.37400042051988,1.0,"Satet International School, Tema Manhean",tabular,ridge_ar_lag_fourier,h24,2026-01-04T23:00:00,2026-01-18T23:00:00,2026-02-15T23:00:00,,,42.0
2026-02-06 09:00:00,29.5,38.03543032824962,1.0,"Satet International School, Tema Manhean",tabular,ridge_ar_lag_fourier,h24,2026-01-04T23:00:00,2026-01-18T23:00:00,2026-02-15T23:00:00,,,42.0
2026-02-06 10:00:00,21.3,35.950106710209994,1.0,"Satet International School, Tema Manhean",tabular,ridge_ar_lag_fourier,h24,2026-01-04T23:00:00,2026-01-18T23:00:00,2026-02-15T23:00:00,,,42.0
2026-02-06 11:00:00,21.4,32.21641579609366,1.0,"Satet International School, Tema Manhean",tabular,ridge_ar_lag_fourier,h24,2026-01-04T23:00:00,2026-01-18T23:00:00,2026-02-15T23:00:00,,,42.0
2026-02-06 12:00:00,23.9,32.0512150126678,1.0,"Satet International School, Tema Manhean",tabular,ridge_ar_lag_fourier,h24,2026-01-04T23:00:00,2026-01-18T23:00:00,2026-02-15T23:00:00,,,42.0
2026-02-06 13:00:00,24.1,29.01200641020285,1.0,"Satet International School, Tema Manhean",tabular,ridge_ar_lag_fourier,h24,2026-01-04T23:00:00,2026-01-18T23:00:00,2026-02-15T23:00:00,,,42.0
2026-02-06 14:00:00,24.9,28.018749141727255,1.0,"Satet International School, Tema Manhean",tabular,ridge_ar_lag_fourier,h24,2026-01-04T23:00:00,2026-01-18T23:00:00,2026-02-15T23:00:00,,,42.0
2026-02-06 15:00:00,31.0,27.979774718265816,1.0,"Satet International School, Tema Manhean",tabular,ridge_ar_lag_fourier,h24,2026-01-04T23:00:00,2026-01-18T23:00:00,2026-02-15T23:00:00,,,42.0
2026-02-06 16:00:00,34.8,30.831309991499303,1.0,"Satet International School, Tema Manhean",tabular,ridge_ar_lag_fourier,h24,2026-01-04T23:00:00,2026-01-18T23:00:00,2026-02-15T23:00:00,,,42.0
2026-02-06 17:00:00,37.1,33.503378486126294,1.0,"Satet International School, Tema Manhean",tabular,ridge_ar_lag_fourier,h24,2026-01-04T23:00:00,2026-01-18T23:00:00,2026-02-15T23:00:00,,,42.0
2026-02-06 18:00:00,43.9,34.640132313476066,1.0,"Satet International School, Tema Manhean",tabular,ridge_ar_lag_fourier,h24,2026-01-04T23:00:00,2026-01-18T23:00:00,2026-02-15T23:00:00,,,42.0
2026-02-06 19:00:00,40.0,35.815012634226804,1.0,"Satet International School, Tema Manhean",tabular,ridge_ar_lag_fourier,h24,2026-01-04T23:00:00,2026-01-18T23:00:00,2026-02-15T23:00:00,,,42.0
2026-02-06 20:00:00,28.6,36.62810316103529,1.0,"Satet International School, Tema Manhean",tabular,ridge_ar_lag_fourier,h24,2026-01-04T23:00:00,2026-01-18T23:00:00,2026-02-15T23:00:00,,,42.0
2026-02-06 21:00:00,45.4,33.15072699163091,1.0,"Satet International School, Tema Manhean",tabular,ridge_ar_lag_fourier,h24,2026-01-04T23:00:00,2026-01-18T23:00:00,2026-02-15T23:00:00,,,42.0
2026-02-06 22:00:00,33.0,36.698240314635505,1.0,"Satet International School, Tema Manhean",tabular,ridge_ar_lag_fourier,h24,2026-01-04T23:00:00,2026-01-18T23:00:00,2026-02-15T23:00:00,,,42.0
2026-02-06 23:00:00,35.4,39.90349643329786,1.0,"Satet International School, Tema Manhean",tabular,ridge_ar_lag_fourier,h24,2026-01-04T23:00:00,2026-01-18T23:00:00,2026-02-15T23:00:00,,,42.0
2026-02-07 00:00:00,30.0,40.20828640766469,1.0,"Satet International School, Tema Manhean",tabular,ridge_ar_lag_fourier,h24,2026-01-04T23:00:00,2026-01-18T23:00:00,2026-02-15T23:00:00,,,42.0
2026-02-07 01:00:00,26.4,40.72061334942934,1.0,"Satet International School, Tema Manhean",tabular,ridge_ar_lag_fourier,h24,2026-01-04T23:00:00,2026-01-18T23:00:00,2026-02-15T23:00:00,,,42.0
2026-02-07 02:00:00,23.6,39.214921862963585,1.0,"Satet International School, Tema Manhean",tabular,ridge_ar_lag_fourier,h24,2026-01-04T23:00:00,2026-01-18T23:00:00,2026-02-15T23:00:00,,,42.0
2026-02-07 03:00:00,30.2,39.953000308484626,1.0,"Satet International School, Tema Manhean",tabular,ridge_ar_lag_fourier,h24,2026-01-04T23:00:00,2026-01-18T23:00:00,2026-02-15T23:00:00,,,42.0
2026-02-07 04:00:00,36.9,46.97239243760583,1.0,"Satet International School, Tema Manhean",tabular,ridge_ar_lag_fourier,h24,2026-01-04T23:00:00,2026-01-18T23:00:00,2026-02-15T23:00:00,,,42.0
2026-02-07 05:00:00,54.3,58.3171297306377,1.0,"Satet International School, Tema Manhean",tabular,ridge_ar_lag_fourier,h24,2026-01-04T23:00:00,2026-01-18T23:00:00,2026-02-15T23:00:00,,,42.0
2026-02-07 06:00:00,69.6,57.652919470992884,1.0,"Satet International School, Tema Manhean",tabular,ridge_ar_lag_fourier,h24,2026-01-04T23:00:00,2026-01-18T23:00:00,2026-02-15T23:00:00,,,42.0
2026-02-07 07:00:00,68.2,55.76102087879305,1.0,"Satet International School, Tema Manhean",tabular,ridge_ar_lag_fourier,h24,2026-01-04T23:00:00,2026-01-18T23:00:00,2026-02-15T23:00:00,,,42.0
2026-02-07 08:00:00,50.3,44.299991823178416,1.0,"Satet International School, Tema Manhean",tabular,ridge_ar_lag_fourier,h24,2026-01-04T23:00:00,2026-01-18T23:00:00,2026-02-15T23:00:00,,,42.0
2026-02-07 09:00:00,36.2,39.66607691112698,1.0,"Satet International School, Tema Manhean",tabular,ridge_ar_lag_fourier,h24,2026-01-04T23:00:00,2026-01-18T23:00:00,2026-02-15T23:00:00,,,42.0
2026-02-07 10:00:00,25.2,35.88580466526686,1.0,"Satet International School, Tema Manhean",tabular,ridge_ar_lag_fourier,h24,2026-01-04T23:00:00,2026-01-18T23:00:00,2026-02-15T23:00:00,,,42.0
2026-02-07 11:00:00,28.1,32.209254939077844,1.0,"Satet International School, Tema Manhean",tabular,ridge_ar_lag_fourier,h24,2026-01-04T23:00:00,2026-01-18T23:00:00,2026-02-15T23:00:00,,,42.0
2026-02-07 12:00:00,32.4,30.58695237363722,1.0,"Satet International School, Tema Manhean",tabular,ridge_ar_lag_fourier,h24,2026-01-04T23:00:00,2026-01-18T23:00:00,2026-02-15T23:00:00,,,42.0
2026-02-07 13:00:00,27.3,29.160450577917274,1.0,"Satet International School, Tema Manhean",tabular,ridge_ar_lag_fourier,h24,2026-01-04T23:00:00,2026-01-18T23:00:00,2026-02-15T23:00:00,,,42.0
2026-02-07 14:00:00,27.0,28.833868396915427,1.0,"Satet International School, Tema Manhean",tabular,ridge_ar_lag_fourier,h24,2026-01-04T23:00:00,2026-01-18T23:00:00,2026-02-15T23:00:00,,,42.0
2026-02-07 15:00:00,25.4,31.01426552221719,1.0,"Satet International School, Tema Manhean",tabular,ridge_ar_lag_fourier,h24,2026-01-04T23:00:00,2026-01-18T23:00:00,2026-02-15T23:00:00,,,42.0
2026-02-07 16:00:00,23.3,32.66042892039174,1.0,"Satet International School, Tema Manhean",tabular,ridge_ar_lag_fourier,h24,2026-01-04T23:00:00,2026-01-18T23:00:00,2026-02-15T23:00:00,,,42.0
2026-02-07 17:00:00,26.6,35.93596406435684,1.0,"Satet International School, Tema Manhean",tabular,ridge_ar_lag_fourier,h24,2026-01-04T23:00:00,2026-01-18T23:00:00,2026-02-15T23:00:00,,,42.0
2026-02-07 18:00:00,31.6,37.80693975792036,1.0,"Satet International School, Tema Manhean",tabular,ridge_ar_lag_fourier,h24,2026-01-04T23:00:00,2026-01-18T23:00:00,2026-02-15T23:00:00,,,42.0
2026-02-07 19:00:00,28.3,37.209566920312284,1.0,"Satet International School, Tema Manhean",tabular,ridge_ar_lag_fourier,h24,2026-01-04T23:00:00,2026-01-18T23:00:00,2026-02-15T23:00:00,,,42.0
2026-02-07 20:00:00,27.6,37.620901796678574,1.0,"Satet International School, Tema Manhean",tabular,ridge_ar_lag_fourier,h24,2026-01-04T23:00:00,2026-01-18T23:00:00,2026-02-15T23:00:00,,,42.0
2026-02-07 21:00:00,68.7,34.1292295558885,1.0,"Satet International School, Tema Manhean",tabular,ridge_ar_lag_fourier,h24,2026-01-04T23:00:00,2026-01-18T23:00:00,2026-02-15T23:00:00,,,42.0
2026-02-07 22:00:00,46.7,39.75209753733863,1.0,"Satet International School, Tema Manhean",tabular,ridge_ar_lag_fourier,h24,2026-01-04T23:00:00,2026-01-18T23:00:00,2026-02-15T23:00:00,,,42.0
2026-02-07 23:00:00,62.2,41.70087922695359,1.0,"Satet International School, Tema Manhean",tabular,ridge_ar_lag_fourier,h24,2026-01-04T23:00:00,2026-01-18T23:00:00,2026-02-15T23:00:00,,,42.0
2026-02-08 00:00:00,51.4,42.491623127749534,1.0,"Satet International School, Tema Manhean",tabular,ridge_ar_lag_fourier,h24,2026-01-04T23:00:00,2026-01-18T23:00:00,2026-02-15T23:00:00,,,42.0
2026-02-08 01:00:00,46.9,40.493501575848576,1.0,"Satet International School, Tema Manhean",tabular,ridge_ar_lag_fourier,h24,2026-01-04T23:00:00,2026-01-18T23:00:00,2026-02-15T23:00:00,,,42.0
2026-02-08 02:00:00,37.1,42.06399896850523,1.0,"Satet International School, Tema Manhean",tabular,ridge_ar_lag_fourier,h24,2026-01-04T23:00:00,2026-01-18T23:00:00,2026-02-15T23:00:00,,,42.0
2026-02-08 03:00:00,48.1,46.58620123863251,1.0,"Satet International School, Tema Manhean",tabular,ridge_ar_lag_fourier,h24,2026-01-04T23:00:00,2026-01-18T23:00:00,2026-02-15T23:00:00,,,42.0
2026-02-08 04:00:00,42.6,46.61091668584362,1.0,"Satet International School, Tema Manhean",tabular,ridge_ar_lag_fourier,h24,2026-01-04T23:00:00,2026-01-18T23:00:00,2026-02-15T23:00:00,,,42.0
2026-02-08 05:00:00,45.7,54.88141155516152,1.0,"Satet International School, Tema Manhean",tabular,ridge_ar_lag_fourier,h24,2026-01-04T23:00:00,2026-01-18T23:00:00,2026-02-15T23:00:00,,,42.0
2026-02-08 06:00:00,53.5,59.96618484032068,1.0,"Satet International School, Tema Manhean",tabular,ridge_ar_lag_fourier,h24,2026-01-04T23:00:00,2026-01-18T23:00:00,2026-02-15T23:00:00,,,42.0
2026-02-08 07:00:00,58.1,55.97575956832301,1.0,"Satet International School, Tema Manhean",tabular,ridge_ar_lag_fourier,h24,2026-01-04T23:00:00,2026-01-18T23:00:00,2026-02-15T23:00:00,,,42.0
2026-02-08 08:00:00,47.0,47.8053425708643,1.0,"Satet International School, Tema Manhean",tabular,ridge_ar_lag_fourier,h24,2026-01-04T23:00:00,2026-01-18T23:00:00,2026-02-15T23:00:00,,,42.0
2026-02-08 09:00:00,43.3,41.507768950697574,1.0,"Satet International School, Tema Manhean",tabular,ridge_ar_lag_fourier,h24,2026-01-04T23:00:00,2026-01-18T23:00:00,2026-02-15T23:00:00,,,42.0
2026-02-08 10:00:00,41.6,38.80597365129198,1.0,"Satet International School, Tema Manhean",tabular,ridge_ar_lag_fourier,h24,2026-01-04T23:00:00,2026-01-18T23:00:00,2026-02-15T23:00:00,,,42.0
2026-02-08 11:00:00,31.9,36.38326394152261,1.0,"Satet International School, Tema Manhean",tabular,ridge_ar_lag_fourier,h24,2026-01-04T23:00:00,2026-01-18T23:00:00,2026-02-15T23:00:00,,,42.0
2026-02-08 12:00:00,23.6,33.178804593478176,1.0,"Satet International School, Tema Manhean",tabular,ridge_ar_lag_fourier,h24,2026-01-04T23:00:00,2026-01-18T23:00:00,2026-02-15T23:00:00,,,42.0
2026-02-08 13:00:00,21.3,30.987169898179914,1.0,"Satet International School, Tema Manhean",tabular,ridge_ar_lag_fourier,h24,2026-01-04T23:00:00,2026-01-18T23:00:00,2026-02-15T23:00:00,,,42.0
2026-02-08 14:00:00,26.8,29.59488639189793,1.0,"Satet International School, Tema Manhean",tabular,ridge_ar_lag_fourier,h24,2026-01-04T23:00:00,2026-01-18T23:00:00,2026-02-15T23:00:00,,,42.0
2026-02-08 15:00:00,24.4,31.169604860198476,1.0,"Satet International School, Tema Manhean",tabular,ridge_ar_lag_fourier,h24,2026-01-04T23:00:00,2026-01-18T23:00:00,2026-02-15T23:00:00,,,42.0
2026-02-08 16:00:00,23.1,32.2225931191029,1.0,"Satet International School, Tema Manhean",tabular,ridge_ar_lag_fourier,h24,2026-01-04T23:00:00,2026-01-18T23:00:00,2026-02-15T23:00:00,,,42.0
2026-02-08 17:00:00,23.1,35.10615694853668,1.0,"Satet International School, Tema Manhean",tabular,ridge_ar_lag_fourier,h24,2026-01-04T23:00:00,2026-01-18T23:00:00,2026-02-15T23:00:00,,,42.0
2026-02-08 18:00:00,27.8,38.528240340412424,1.0,"Satet International School, Tema Manhean",tabular,ridge_ar_lag_fourier,h24,2026-01-04T23:00:00,2026-01-18T23:00:00,2026-02-15T23:00:00,,,42.0
2026-02-08 19:00:00,27.8,37.755638445852505,1.0,"Satet International School, Tema Manhean",tabular,ridge_ar_lag_fourier,h24,2026-01-04T23:00:00,2026-01-18T23:00:00,2026-02-15T23:00:00,,,42.0
2026-02-08 20:00:00,29.9,38.78844763289393,1.0,"Satet International School, Tema Manhean",tabular,ridge_ar_lag_fourier,h24,2026-01-04T23:00:00,2026-01-18T23:00:00,2026-02-15T23:00:00,,,42.0
2026-02-08 21:00:00,27.2,36.27081124374669,1.0,"Satet International School, Tema Manhean",tabular,ridge_ar_lag_fourier,h24,2026-01-04T23:00:00,2026-01-18T23:00:00,2026-02-15T23:00:00,,,42.0
2026-02-08 22:00:00,40.1,43.249463965419096,1.0,"Satet International School, Tema Manhean",tabular,ridge_ar_lag_fourier,h24,2026-01-04T23:00:00,2026-01-18T23:00:00,2026-02-15T23:00:00,,,42.0
2026-02-08 23:00:00,29.0,45.256207003125226,1.0,"Satet International School, Tema Manhean",tabular,ridge_ar_lag_fourier,h24,2026-01-04T23:00:00,2026-01-18T23:00:00,2026-02-15T23:00:00,,,42.0
2026-02-09 00:00:00,25.4,45.533078900010146,1.0,"Satet International School, Tema Manhean",tabular,ridge_ar_lag_fourier,h24,2026-01-04T23:00:00,2026-01-18T23:00:00,2026-02-15T23:00:00,,,42.0
2026-02-09 01:00:00,21.4,38.914382499393795,1.0,"Satet International School, Tema Manhean",tabular,ridge_ar_lag_fourier,h24,2026-01-04T23:00:00,2026-01-18T23:00:00,2026-02-15T23:00:00,,,42.0
2026-02-09 02:00:00,22.6,39.7295824380478,1.0,"Satet International School, Tema Manhean",tabular,ridge_ar_lag_fourier,h24,2026-01-04T23:00:00,2026-01-18T23:00:00,2026-02-15T23:00:00,,,42.0
2026-02-09 03:00:00,24.8,39.15394575343637,1.0,"Satet International School, Tema Manhean",tabular,ridge_ar_lag_fourier,h24,2026-01-04T23:00:00,2026-01-18T23:00:00,2026-02-15T23:00:00,,,42.0
2026-02-09 04:00:00,27.3,45.94654210086771,1.0,"Satet International School, Tema Manhean",tabular,ridge_ar_lag_fourier,h24,2026-01-04T23:00:00,2026-01-18T23:00:00,2026-02-15T23:00:00,,,42.0
2026-02-09 05:00:00,41.3,62.156427627748,1.0,"Satet International School, Tema Manhean",tabular,ridge_ar_lag_fourier,h24,2026-01-04T23:00:00,2026-01-18T23:00:00,2026-02-15T23:00:00,,,42.0
2026-02-09 06:00:00,45.7,66.34831734450457,1.0,"Satet International School, Tema Manhean",tabular,ridge_ar_lag_fourier,h24,2026-01-04T23:00:00,2026-01-18T23:00:00,2026-02-15T23:00:00,,,42.0
2026-02-09 07:00:00,39.7,57.11243175432932,1.0,"Satet International School, Tema Manhean",tabular,ridge_ar_lag_fourier,h24,2026-01-04T23:00:00,2026-01-18T23:00:00,2026-02-15T23:00:00,,,42.0
2026-02-09 08:00:00,38.2,46.2991641114445,1.0,"Satet International School, Tema Manhean",tabular,ridge_ar_lag_fourier,h24,2026-01-04T23:00:00,2026-01-18T23:00:00,2026-02-15T23:00:00,,,42.0
2026-02-09 09:00:00,34.4,39.970566754320586,1.0,"Satet International School, Tema Manhean",tabular,ridge_ar_lag_fourier,h24,2026-01-04T23:00:00,2026-01-18T23:00:00,2026-02-15T23:00:00,,,42.0
2026-02-09 10:00:00,33.7,37.343749486256414,1.0,"Satet International School, Tema Manhean",tabular,ridge_ar_lag_fourier,h24,2026-01-04T23:00:00,2026-01-18T23:00:00,2026-02-15T23:00:00,,,42.0
2026-02-09 11:00:00,23.7,36.92035874438048,1.0,"Satet International School, Tema Manhean",tabular,ridge_ar_lag_fourier,h24,2026-01-04T23:00:00,2026-01-18T23:00:00,2026-02-15T23:00:00,,,42.0
2026-02-09 12:00:00,22.6,33.80964666263057,1.0,"Satet International School, Tema Manhean",tabular,ridge_ar_lag_fourier,h24,2026-01-04T23:00:00,2026-01-18T23:00:00,2026-02-15T23:00:00,,,42.0
2026-02-09 13:00:00,23.8,29.222156565949213,1.0,"Satet International School, Tema Manhean",tabular,ridge_ar_lag_fourier,h24,2026-01-04T23:00:00,2026-01-18T23:00:00,2026-02-15T23:00:00,,,42.0
2026-02-09 14:00:00,22.5,28.391751258909345,1.0,"Satet International School, Tema Manhean",tabular,ridge_ar_lag_fourier,h24,2026-01-04T23:00:00,2026-01-18T23:00:00,2026-02-15T23:00:00,,,42.0
2026-02-09 15:00:00,23.1,29.079922075536032,1.0,"Satet International School, Tema Manhean",tabular,ridge_ar_lag_fourier,h24,2026-01-04T23:00:00,2026-01-18T23:00:00,2026-02-15T23:00:00,,,42.0
2026-02-09 16:00:00,25.2,29.657409458306564,1.0,"Satet International School, Tema Manhean",tabular,ridge_ar_lag_fourier,h24,2026-01-04T23:00:00,2026-01-18T23:00:00,2026-02-15T23:00:00,,,42.0
2026-02-09 17:00:00,34.1,32.29034553626387,1.0,"Satet International School, Tema Manhean",tabular,ridge_ar_lag_fourier,h24,2026-01-04T23:00:00,2026-01-18T23:00:00,2026-02-15T23:00:00,,,42.0
2026-02-09 18:00:00,30.6,35.35441821819911,1.0,"Satet International School, Tema Manhean",tabular,ridge_ar_lag_fourier,h24,2026-01-04T23:00:00,2026-01-18T23:00:00,2026-02-15T23:00:00,,,42.0
2026-02-09 19:00:00,31.0,35.709816009006786,1.0,"Satet International School, Tema Manhean",tabular,ridge_ar_lag_fourier,h24,2026-01-04T23:00:00,2026-01-18T23:00:00,2026-02-15T23:00:00,,,42.0
2026-02-09 20:00:00,32.8,37.84772551849269,1.0,"Satet International School, Tema Manhean",tabular,ridge_ar_lag_fourier,h24,2026-01-04T23:00:00,2026-01-18T23:00:00,2026-02-15T23:00:00,,,42.0
2026-02-09 21:00:00,33.9,38.75573022170387,1.0,"Satet International School, Tema Manhean",tabular,ridge_ar_lag_fourier,h24,2026-01-04T23:00:00,2026-01-18T23:00:00,2026-02-15T23:00:00,,,42.0
2026-02-09 22:00:00,45.3,40.864447204367444,1.0,"Satet International School, Tema Manhean",tabular,ridge_ar_lag_fourier,h24,2026-01-04T23:00:00,2026-01-18T23:00:00,2026-02-15T23:00:00,,,42.0
2026-02-09 23:00:00,41.4,47.040879379020495,1.0,"Satet International School, Tema Manhean",tabular,ridge_ar_lag_fourier,h24,2026-01-04T23:00:00,2026-01-18T23:00:00,2026-02-15T23:00:00,,,42.0
2026-02-10 00:00:00,36.6,45.089352791279836,1.0,"Satet International School, Tema Manhean",tabular,ridge_ar_lag_fourier,h24,2026-01-04T23:00:00,2026-01-18T23:00:00,2026-02-15T23:00:00,,,42.0
2026-02-10 01:00:00,35.0,41.98266221024983,1.0,"Satet International School, Tema Manhean",tabular,ridge_ar_lag_fourier,h24,2026-01-04T23:00:00,2026-01-18T23:00:00,2026-02-15T23:00:00,,,42.0
2026-02-10 02:00:00,42.0,42.907391314071006,1.0,"Satet International School, Tema Manhean",tabular,ridge_ar_lag_fourier,h24,2026-01-04T23:00:00,2026-01-18T23:00:00,2026-02-15T23:00:00,,,42.0
2026-02-10 03:00:00,58.4,46.30911762334343,1.0,"Satet International School, Tema Manhean",tabular,ridge_ar_lag_fourier,h24,2026-01-04T23:00:00,2026-01-18T23:00:00,2026-02-15T23:00:00,,,42.0
2026-02-10 04:00:00,61.3,59.45789214633932,1.0,"Satet International School, Tema Manhean",tabular,ridge_ar_lag_fourier,h24,2026-01-04T23:00:00,2026-01-18T23:00:00,2026-02-15T23:00:00,,,42.0
2026-02-10 05:00:00,53.5,64.20348732900314,1.0,"Satet International School, Tema Manhean",tabular,ridge_ar_lag_fourier,h24,2026-01-04T23:00:00,2026-01-18T23:00:00,2026-02-15T23:00:00,,,42.0
2026-02-10 06:00:00,95.5,64.83457785799506,1.0,"Satet International School, Tema Manhean",tabular,ridge_ar_lag_fourier,h24,2026-01-04T23:00:00,2026-01-18T23:00:00,2026-02-15T23:00:00,,,42.0
2026-02-10 07:00:00,56.5,56.324224926774505,1.0,"Satet International School, Tema Manhean",tabular,ridge_ar_lag_fourier,h24,2026-01-04T23:00:00,2026-01-18T23:00:00,2026-02-15T23:00:00,,,42.0
2026-02-10 08:00:00,37.6,44.81321615251329,1.0,"Satet International School, Tema Manhean",tabular,ridge_ar_lag_fourier,h24,2026-01-04T23:00:00,2026-01-18T23:00:00,2026-02-15T23:00:00,,,42.0
2026-02-10 09:00:00,27.4,39.30153591286405,1.0,"Satet International School, Tema Manhean",tabular,ridge_ar_lag_fourier,h24,2026-01-04T23:00:00,2026-01-18T23:00:00,2026-02-15T23:00:00,,,42.0
2026-02-10 10:00:00,25.2,38.768067161640374,1.0,"Satet International School, Tema Manhean",tabular,ridge_ar_lag_fourier,h24,2026-01-04T23:00:00,2026-01-18T23:00:00,2026-02-15T23:00:00,,,42.0
2026-02-10 11:00:00,20.3,36.90764438142322,1.0,"Satet International School, Tema Manhean",tabular,ridge_ar_lag_fourier,h24,2026-01-04T23:00:00,2026-01-18T23:00:00,2026-02-15T23:00:00,,,42.0
2026-02-10 12:00:00,17.9,31.629150040739326,1.0,"Satet International School, Tema Manhean",tabular,ridge_ar_lag_fourier,h24,2026-01-04T23:00:00,2026-01-18T23:00:00,2026-02-15T23:00:00,,,42.0
2026-02-10 13:00:00,19.9,30.081764435917485,1.0,"Satet International School, Tema Manhean",tabular,ridge_ar_lag_fourier,h24,2026-01-04T23:00:00,2026-01-18T23:00:00,2026-02-15T23:00:00,,,42.0
2026-02-10 14:00:00,20.9,29.52444937730516,1.0,"Satet International School, Tema Manhean",tabular,ridge_ar_lag_fourier,h24,2026-01-04T23:00:00,2026-01-18T23:00:00,2026-02-15T23:00:00,,,42.0
2026-02-10 15:00:00,19.7,29.42248752701633,1.0,"Satet International School, Tema Manhean",tabular,ridge_ar_lag_fourier,h24,2026-01-04T23:00:00,2026-01-18T23:00:00,2026-02-15T23:00:00,,,42.0
2026-02-10 16:00:00,20.1,30.27907660438197,1.0,"Satet International School, Tema Manhean",tabular,ridge_ar_lag_fourier,h24,2026-01-04T23:00:00,2026-01-18T23:00:00,2026-02-15T23:00:00,,,42.0
2026-02-10 17:00:00,23.0,32.964513965610564,1.0,"Satet International School, Tema Manhean",tabular,ridge_ar_lag_fourier,h24,2026-01-04T23:00:00,2026-01-18T23:00:00,2026-02-15T23:00:00,,,42.0
2026-02-10 18:00:00,34.6,38.24054944793711,1.0,"Satet International School, Tema Manhean",tabular,ridge_ar_lag_fourier,h24,2026-01-04T23:00:00,2026-01-18T23:00:00,2026-02-15T23:00:00,,,42.0
2026-02-10 19:00:00,6.1,37.986255562392174,1.0,"Satet International School, Tema Manhean",tabular,ridge_ar_lag_fourier,h24,2026-01-04T23:00:00,2026-01-18T23:00:00,2026-02-15T23:00:00,,,42.0
2026-02-10 20:00:00,13.2,38.33980107013812,1.0,"Satet International School, Tema Manhean",tabular,ridge_ar_lag_fourier,h24,2026-01-04T23:00:00,2026-01-18T23:00:00,2026-02-15T23:00:00,,,42.0
2026-02-10 21:00:00,22.2,40.76337296744727,1.0,"Satet International School, Tema Manhean",tabular,ridge_ar_lag_fourier,h24,2026-01-04T23:00:00,2026-01-18T23:00:00,2026-02-15T23:00:00,,,42.0
2026-02-10 22:00:00,42.7,41.71975572356412,1.0,"Satet International School, Tema Manhean",tabular,ridge_ar_lag_fourier,h24,2026-01-04T23:00:00,2026-01-18T23:00:00,2026-02-15T23:00:00,,,42.0
2026-02-10 23:00:00,47.8,47.74217935662196,1.0,"Satet International School, Tema Manhean",tabular,ridge_ar_lag_fourier,h24,2026-01-04T23:00:00,2026-01-18T23:00:00,2026-02-15T23:00:00,,,42.0
2026-02-11 00:00:00,38.8,45.07385981440338,1.0,"Satet International School, Tema Manhean",tabular,ridge_ar_lag_fourier,h24,2026-01-04T23:00:00,2026-01-18T23:00:00,2026-02-15T23:00:00,,,42.0
2026-02-11 01:00:00,15.0,40.95682227910647,1.0,"Satet International School, Tema Manhean",tabular,ridge_ar_lag_fourier,h24,2026-01-04T23:00:00,2026-01-18T23:00:00,2026-02-15T23:00:00,,,42.0
2026-02-11 02:00:00,24.4,45.008477897316396,1.0,"Satet International School, Tema Manhean",tabular,ridge_ar_lag_fourier,h24,2026-01-04T23:00:00,2026-01-18T23:00:00,2026-02-15T23:00:00,,,42.0
2026-02-11 03:00:00,40.6,44.929997162472475,1.0,"Satet International School, Tema Manhean",tabular,ridge_ar_lag_fourier,h24,2026-01-04T23:00:00,2026-01-18T23:00:00,2026-02-15T23:00:00,,,42.0
2026-02-11 04:00:00,45.7,53.51174007852688,1.0,"Satet International School, Tema Manhean",tabular,ridge_ar_lag_fourier,h24,2026-01-04T23:00:00,2026-01-18T23:00:00,2026-02-15T23:00:00,,,42.0
2026-02-11 05:00:00,63.6,72.73462782816738,1.0,"Satet International School, Tema Manhean",tabular,ridge_ar_lag_fourier,h24,2026-01-04T23:00:00,2026-01-18T23:00:00,2026-02-15T23:00:00,,,42.0
2026-02-11 06:00:00,62.5,62.646032581543835,1.0,"Satet International School, Tema Manhean",tabular,ridge_ar_lag_fourier,h24,2026-01-04T23:00:00,2026-01-18T23:00:00,2026-02-15T23:00:00,,,42.0
2026-02-11 07:00:00,53.0,60.27765674647148,1.0,"Satet International School, Tema Manhean",tabular,ridge_ar_lag_fourier,h24,2026-01-04T23:00:00,2026-01-18T23:00:00,2026-02-15T23:00:00,,,42.0
2026-02-11 08:00:00,59.6,47.74419259896837,1.0,"Satet International School, Tema Manhean",tabular,ridge_ar_lag_fourier,h24,2026-01-04T23:00:00,2026-01-18T23:00:00,2026-02-15T23:00:00,,,42.0
2026-02-11 09:00:00,42.7,39.364346465280434,1.0,"Satet International School, Tema Manhean",tabular,ridge_ar_lag_fourier,h24,2026-01-04T23:00:00,2026-01-18T23:00:00,2026-02-15T23:00:00,,,42.0
2026-02-11 10:00:00,27.2,36.723371835626104,1.0,"Satet International School, Tema Manhean",tabular,ridge_ar_lag_fourier,h24,2026-01-04T23:00:00,2026-01-18T23:00:00,2026-02-15T23:00:00,,,42.0
2026-02-11 11:00:00,32.7,34.25417024984197,1.0,"Satet International School, Tema Manhean",tabular,ridge_ar_lag_fourier,h24,2026-01-04T23:00:00,2026-01-18T23:00:00,2026-02-15T23:00:00,,,42.0
2026-02-11 12:00:00,38.2,31.204787369294277,1.0,"Satet International School, Tema Manhean",tabular,ridge_ar_lag_fourier,h24,2026-01-04T23:00:00,2026-01-18T23:00:00,2026-02-15T23:00:00,,,42.0
2026-02-11 13:00:00,32.1,28.50390189159434,1.0,"Satet International School, Tema Manhean",tabular,ridge_ar_lag_fourier,h24,2026-01-04T23:00:00,2026-01-18T23:00:00,2026-02-15T23:00:00,,,42.0
2026-02-11 14:00:00,20.9,28.052913312786362,1.0,"Satet International School, Tema Manhean",tabular,ridge_ar_lag_fourier,h24,2026-01-04T23:00:00,2026-01-18T23:00:00,2026-02-15T23:00:00,,,42.0
2026-02-11 15:00:00,21.5,28.90229110232972,1.0,"Satet International School, Tema Manhean",tabular,ridge_ar_lag_fourier,h24,2026-01-04T23:00:00,2026-01-18T23:00:00,2026-02-15T23:00:00,,,42.0
2026-02-11 16:00:00,18.3,29.66511877845251,1.0,"Satet International School, Tema Manhean",tabular,ridge_ar_lag_fourier,h24,2026-01-04T23:00:00,2026-01-18T23:00:00,2026-02-15T23:00:00,,,42.0
2026-02-11 17:00:00,25.7,31.673480545032874,1.0,"Satet International School, Tema Manhean",tabular,ridge_ar_lag_fourier,h24,2026-01-04T23:00:00,2026-01-18T23:00:00,2026-02-15T23:00:00,,,42.0
2026-02-11 18:00:00,33.9,36.140365415138255,1.0,"Satet International School, Tema Manhean",tabular,ridge_ar_lag_fourier,h24,2026-01-04T23:00:00,2026-01-18T23:00:00,2026-02-15T23:00:00,,,42.0
2026-02-11 19:00:00,46.3,35.56334574290022,1.0,"Satet International School, Tema Manhean",tabular,ridge_ar_lag_fourier,h24,2026-01-04T23:00:00,2026-01-18T23:00:00,2026-02-15T23:00:00,,,42.0
2026-02-11 20:00:00,45.6,30.887250989962503,1.0,"Satet International School, Tema Manhean",tabular,ridge_ar_lag_fourier,h24,2026-01-04T23:00:00,2026-01-18T23:00:00,2026-02-15T23:00:00,,,42.0
2026-02-11 21:00:00,40.4,38.8073065928234,1.0,"Satet International School, Tema Manhean",tabular,ridge_ar_lag_fourier,h24,2026-01-04T23:00:00,2026-01-18T23:00:00,2026-02-15T23:00:00,,,42.0
2026-02-11 22:00:00,41.7,37.40533617476294,1.0,"Satet International School, Tema Manhean",tabular,ridge_ar_lag_fourier,h24,2026-01-04T23:00:00,2026-01-18T23:00:00,2026-02-15T23:00:00,,,42.0
2026-02-11 23:00:00,64.7,41.27575542278814,1.0,"Satet International School, Tema Manhean",tabular,ridge_ar_lag_fourier,h24,2026-01-04T23:00:00,2026-01-18T23:00:00,2026-02-15T23:00:00,,,42.0
2026-02-12 00:00:00,60.4,41.76021819896641,1.0,"Satet International School, Tema Manhean",tabular,ridge_ar_lag_fourier,h24,2026-01-04T23:00:00,2026-01-18T23:00:00,2026-02-15T23:00:00,,,42.0
2026-02-12 01:00:00,95.0,37.99787592754245,1.0,"Satet International School, Tema Manhean",tabular,ridge_ar_lag_fourier,h24,2026-01-04T23:00:00,2026-01-18T23:00:00,2026-02-15T23:00:00,,,42.0
2026-02-12 02:00:00,107.9,39.51505544099156,1.0,"Satet International School, Tema Manhean",tabular,ridge_ar_lag_fourier,h24,2026-01-04T23:00:00,2026-01-18T23:00:00,2026-02-15T23:00:00,,,42.0
2026-02-12 03:00:00,109.5,42.364223525275435,1.0,"Satet International School, Tema Manhean",tabular,ridge_ar_lag_fourier,h24,2026-01-04T23:00:00,2026-01-18T23:00:00,2026-02-15T23:00:00,,,42.0
2026-02-12 04:00:00,110.4,45.92363033803164,1.0,"Satet International School, Tema Manhean",tabular,ridge_ar_lag_fourier,h24,2026-01-04T23:00:00,2026-01-18T23:00:00,2026-02-15T23:00:00,,,42.0
2026-02-12 05:00:00,146.6,60.76306737841867,1.0,"Satet International School, Tema Manhean",tabular,ridge_ar_lag_fourier,h24,2026-01-04T23:00:00,2026-01-18T23:00:00,2026-02-15T23:00:00,,,42.0
2026-02-12 06:00:00,194.0,62.09138763406125,1.0,"Satet International School, Tema Manhean",tabular,ridge_ar_lag_fourier,h24,2026-01-04T23:00:00,2026-01-18T23:00:00,2026-02-15T23:00:00,,,42.0
2026-02-12 07:00:00,82.2,55.11000454151897,1.0,"Satet International School, Tema Manhean",tabular,ridge_ar_lag_fourier,h24,2026-01-04T23:00:00,2026-01-18T23:00:00,2026-02-15T23:00:00,,,42.0
2026-02-12 08:00:00,52.7,45.31689897585075,1.0,"Satet International School, Tema Manhean",tabular,ridge_ar_lag_fourier,h24,2026-01-04T23:00:00,2026-01-18T23:00:00,2026-02-15T23:00:00,,,42.0
2026-02-12 09:00:00,19.6,41.72975886167315,1.0,"Satet International School, Tema Manhean",tabular,ridge_ar_lag_fourier,h24,2026-01-04T23:00:00,2026-01-18T23:00:00,2026-02-15T23:00:00,,,42.0
2026-02-12 10:00:00,5.0,35.73568887193055,1.0,"Satet International School, Tema Manhean",tabular,ridge_ar_lag_fourier,h24,2026-01-04T23:00:00,2026-01-18T23:00:00,2026-02-15T23:00:00,,,42.0
2026-02-12 11:00:00,4.2,31.642804273240053,1.0,"Satet International School, Tema Manhean",tabular,ridge_ar_lag_fourier,h24,2026-01-04T23:00:00,2026-01-18T23:00:00,2026-02-15T23:00:00,,,42.0
2026-02-12 12:00:00,4.1,29.343167743524713,1.0,"Satet International School, Tema Manhean",tabular,ridge_ar_lag_fourier,h24,2026-01-04T23:00:00,2026-01-18T23:00:00,2026-02-15T23:00:00,,,42.0
2026-02-12 13:00:00,5.4,28.162359259664814,1.0,"Satet International School, Tema Manhean",tabular,ridge_ar_lag_fourier,h24,2026-01-04T23:00:00,2026-01-18T23:00:00,2026-02-15T23:00:00,,,42.0
2026-02-12 14:00:00,6.5,28.002394407634565,1.0,"Satet International School, Tema Manhean",tabular,ridge_ar_lag_fourier,h24,2026-01-04T23:00:00,2026-01-18T23:00:00,2026-02-15T23:00:00,,,42.0
2026-02-12 15:00:00,10.4,26.481245574163758,1.0,"Satet International School, Tema Manhean",tabular,ridge_ar_lag_fourier,h24,2026-01-04T23:00:00,2026-01-18T23:00:00,2026-02-15T23:00:00,,,42.0
2026-02-12 16:00:00,15.0,28.44964767239267,1.0,"Satet International School, Tema Manhean",tabular,ridge_ar_lag_fourier,h24,2026-01-04T23:00:00,2026-01-18T23:00:00,2026-02-15T23:00:00,,,42.0
2026-02-12 17:00:00,22.8,30.269540528409138,1.0,"Satet International School, Tema Manhean",tabular,ridge_ar_lag_fourier,h24,2026-01-04T23:00:00,2026-01-18T23:00:00,2026-02-15T23:00:00,,,42.0
2026-02-12 18:00:00,46.5,34.67693010624905,1.0,"Satet International School, Tema Manhean",tabular,ridge_ar_lag_fourier,h24,2026-01-04T23:00:00,2026-01-18T23:00:00,2026-02-15T23:00:00,,,42.0
2026-02-12 19:00:00,29.7,31.430124458954474,1.0,"Satet International School, Tema Manhean",tabular,ridge_ar_lag_fourier,h24,2026-01-04T23:00:00,2026-01-18T23:00:00,2026-02-15T23:00:00,,,42.0
2026-02-12 20:00:00,20.5,31.464629397181266,1.0,"Satet International School, Tema Manhean",tabular,ridge_ar_lag_fourier,h24,2026-01-04T23:00:00,2026-01-18T23:00:00,2026-02-15T23:00:00,,,42.0
2026-02-12 21:00:00,19.8,38.00746712406135,1.0,"Satet International School, Tema Manhean",tabular,ridge_ar_lag_fourier,h24,2026-01-04T23:00:00,2026-01-18T23:00:00,2026-02-15T23:00:00,,,42.0
2026-02-12 22:00:00,26.6,38.308900921264346,1.0,"Satet International School, Tema Manhean",tabular,ridge_ar_lag_fourier,h24,2026-01-04T23:00:00,2026-01-18T23:00:00,2026-02-15T23:00:00,,,42.0
2026-02-12 23:00:00,27.9,38.05912785127782,1.0,"Satet International School, Tema Manhean",tabular,ridge_ar_lag_fourier,h24,2026-01-04T23:00:00,2026-01-18T23:00:00,2026-02-15T23:00:00,,,42.0
2026-02-13 00:00:00,18.4,40.79354141387732,1.0,"Satet International School, Tema Manhean",tabular,ridge_ar_lag_fourier,h24,2026-01-04T23:00:00,2026-01-18T23:00:00,2026-02-15T23:00:00,,,42.0
2026-02-13 01:00:00,24.9,37.36762971009662,1.0,"Satet International School, Tema Manhean",tabular,ridge_ar_lag_fourier,h24,2026-01-04T23:00:00,2026-01-18T23:00:00,2026-02-15T23:00:00,,,42.0
2026-02-13 02:00:00,27.4,44.54102333329091,1.0,"Satet International School, Tema Manhean",tabular,ridge_ar_lag_fourier,h24,2026-01-04T23:00:00,2026-01-18T23:00:00,2026-02-15T23:00:00,,,42.0
2026-02-13 03:00:00,38.6,51.46976902698286,1.0,"Satet International School, Tema Manhean",tabular,ridge_ar_lag_fourier,h24,2026-01-04T23:00:00,2026-01-18T23:00:00,2026-02-15T23:00:00,,,42.0
2026-02-13 04:00:00,77.9,53.04858595882528,1.0,"Satet International School, Tema Manhean",tabular,ridge_ar_lag_fourier,h24,2026-01-04T23:00:00,2026-01-18T23:00:00,2026-02-15T23:00:00,,,42.0
2026-02-13 05:00:00,164.0,60.45729180872584,1.0,"Satet International School, Tema Manhean",tabular,ridge_ar_lag_fourier,h24,2026-01-04T23:00:00,2026-01-18T23:00:00,2026-02-15T23:00:00,,,42.0
2026-02-13 06:00:00,76.4,66.53056995971325,1.0,"Satet International School, Tema Manhean",tabular,ridge_ar_lag_fourier,h24,2026-01-04T23:00:00,2026-01-18T23:00:00,2026-02-15T23:00:00,,,42.0
2026-02-13 07:00:00,42.0,69.11358269446686,1.0,"Satet International School, Tema Manhean",tabular,ridge_ar_lag_fourier,h24,2026-01-04T23:00:00,2026-01-18T23:00:00,2026-02-15T23:00:00,,,42.0
2026-02-13 08:00:00,26.0,47.175122216205764,1.0,"Satet International School, Tema Manhean",tabular,ridge_ar_lag_fourier,h24,2026-01-04T23:00:00,2026-01-18T23:00:00,2026-02-15T23:00:00,,,42.0
2026-02-13 09:00:00,25.4,37.21319750688765,1.0,"Satet International School, Tema Manhean",tabular,ridge_ar_lag_fourier,h24,2026-01-04T23:00:00,2026-01-18T23:00:00,2026-02-15T23:00:00,,,42.0
2026-02-13 10:00:00,10.8,28.717096395422047,1.0,"Satet International School, Tema Manhean",tabular,ridge_ar_lag_fourier,h24,2026-01-04T23:00:00,2026-01-18T23:00:00,2026-02-15T23:00:00,,,42.0
2026-02-13 11:00:00,4.4,25.585784816103335,1.0,"Satet International School, Tema Manhean",tabular,ridge_ar_lag_fourier,h24,2026-01-04T23:00:00,2026-01-18T23:00:00,2026-02-15T23:00:00,,,42.0
2026-02-13 12:00:00,4.5,22.568181552580594,1.0,"Satet International School, Tema Manhean",tabular,ridge_ar_lag_fourier,h24,2026-01-04T23:00:00,2026-01-18T23:00:00,2026-02-15T23:00:00,,,42.0
2026-02-13 13:00:00,7.2,20.01021420571066,1.0,"Satet International School, Tema Manhean",tabular,ridge_ar_lag_fourier,h24,2026-01-04T23:00:00,2026-01-18T23:00:00,2026-02-15T23:00:00,,,42.0
2026-02-13 14:00:00,8.5,19.65074777780083,1.0,"Satet International School, Tema Manhean",tabular,ridge_ar_lag_fourier,h24,2026-01-04T23:00:00,2026-01-18T23:00:00,2026-02-15T23:00:00,,,42.0
2026-02-13 15:00:00,9.2,20.395065626952494,1.0,"Satet International School, Tema Manhean",tabular,ridge_ar_lag_fourier,h24,2026-01-04T23:00:00,2026-01-18T23:00:00,2026-02-15T23:00:00,,,42.0
2026-02-13 16:00:00,8.7,22.34840616403551,1.0,"Satet International School, Tema Manhean",tabular,ridge_ar_lag_fourier,h24,2026-01-04T23:00:00,2026-01-18T23:00:00,2026-02-15T23:00:00,,,42.0
2026-02-13 17:00:00,20.9,26.34819986232295,1.0,"Satet International School, Tema Manhean",tabular,ridge_ar_lag_fourier,h24,2026-01-04T23:00:00,2026-01-18T23:00:00,2026-02-15T23:00:00,,,42.0
2026-02-13 18:00:00,20.4,30.124863143085037,1.0,"Satet International School, Tema Manhean",tabular,ridge_ar_lag_fourier,h24,2026-01-04T23:00:00,2026-01-18T23:00:00,2026-02-15T23:00:00,,,42.0
2026-02-13 19:00:00,14.5,30.19100307297073,1.0,"Satet International School, Tema Manhean",tabular,ridge_ar_lag_fourier,h24,2026-01-04T23:00:00,2026-01-18T23:00:00,2026-02-15T23:00:00,,,42.0
2026-02-13 20:00:00,8.9,27.08930403813884,1.0,"Satet International School, Tema Manhean",tabular,ridge_ar_lag_fourier,h24,2026-01-04T23:00:00,2026-01-18T23:00:00,2026-02-15T23:00:00,,,42.0
2026-02-13 21:00:00,9.2,31.62236447563052,1.0,"Satet International School, Tema Manhean",tabular,ridge_ar_lag_fourier,h24,2026-01-04T23:00:00,2026-01-18T23:00:00,2026-02-15T23:00:00,,,42.0
2026-02-13 22:00:00,7.7,31.578593865944438,1.0,"Satet International School, Tema Manhean",tabular,ridge_ar_lag_fourier,h24,2026-01-04T23:00:00,2026-01-18T23:00:00,2026-02-15T23:00:00,,,42.0
2026-02-13 23:00:00,12.6,34.39943622288782,1.0,"Satet International School, Tema Manhean",tabular,ridge_ar_lag_fourier,h24,2026-01-04T23:00:00,2026-01-18T23:00:00,2026-02-15T23:00:00,,,42.0
2026-02-14 00:00:00,14.6,36.99513841693927,1.0,"Satet International School, Tema Manhean",tabular,ridge_ar_lag_fourier,h24,2026-01-04T23:00:00,2026-01-18T23:00:00,2026-02-15T23:00:00,,,42.0
2026-02-14 01:00:00,9.3,37.13420939463939,1.0,"Satet International School, Tema Manhean",tabular,ridge_ar_lag_fourier,h24,2026-01-04T23:00:00,2026-01-18T23:00:00,2026-02-15T23:00:00,,,42.0
2026-02-14 02:00:00,11.7,41.08186448782172,1.0,"Satet International School, Tema Manhean",tabular,ridge_ar_lag_fourier,h24,2026-01-04T23:00:00,2026-01-18T23:00:00,2026-02-15T23:00:00,,,42.0
2026-02-14 03:00:00,20.4,43.56699473136449,1.0,"Satet International School, Tema Manhean",tabular,ridge_ar_lag_fourier,h24,2026-01-04T23:00:00,2026-01-18T23:00:00,2026-02-15T23:00:00,,,42.0
2026-02-14 04:00:00,24.5,49.645721930351016,1.0,"Satet International School, Tema Manhean",tabular,ridge_ar_lag_fourier,h24,2026-01-04T23:00:00,2026-01-18T23:00:00,2026-02-15T23:00:00,,,42.0
2026-02-14 05:00:00,49.8,65.78466917449082,1.0,"Satet International School, Tema Manhean",tabular,ridge_ar_lag_fourier,h24,2026-01-04T23:00:00,2026-01-18T23:00:00,2026-02-15T23:00:00,,,42.0
2026-02-14 06:00:00,50.6,83.64972493720032,1.0,"Satet International School, Tema Manhean",tabular,ridge_ar_lag_fourier,h24,2026-01-04T23:00:00,2026-01-18T23:00:00,2026-02-15T23:00:00,,,42.0
2026-02-14 07:00:00,45.400000000000006,59.63510019891329,1.0,"Satet International School, Tema Manhean",tabular,ridge_ar_lag_fourier,h24,2026-01-04T23:00:00,2026-01-18T23:00:00,2026-02-15T23:00:00,,,42.0
2026-02-14 08:00:00,40.2,41.304245286861665,1.0,"Satet International School, Tema Manhean",tabular,ridge_ar_lag_fourier,h24,2026-01-04T23:00:00,2026-01-18T23:00:00,2026-02-15T23:00:00,,,42.0
2026-02-14 09:00:00,36.3,30.646121381689532,1.0,"Satet International School, Tema Manhean",tabular,ridge_ar_lag_fourier,h24,2026-01-04T23:00:00,2026-01-18T23:00:00,2026-02-15T23:00:00,,,42.0
2026-02-14 10:00:00,20.1,26.830156526783824,1.0,"Satet International School, Tema Manhean",tabular,ridge_ar_lag_fourier,h24,2026-01-04T23:00:00,2026-01-18T23:00:00,2026-02-15T23:00:00,,,42.0
2026-02-14 11:00:00,21.2,20.085301826500732,1.0,"Satet International School, Tema Manhean",tabular,ridge_ar_lag_fourier,h24,2026-01-04T23:00:00,2026-01-18T23:00:00,2026-02-15T23:00:00,,,42.0
2026-02-14 12:00:00,23.5,17.046703165939434,1.0,"Satet International School, Tema Manhean",tabular,ridge_ar_lag_fourier,h24,2026-01-04T23:00:00,2026-01-18T23:00:00,2026-02-15T23:00:00,,,42.0
2026-02-14 13:00:00,20.5,15.301925715537527,1.0,"Satet International School, Tema Manhean",tabular,ridge_ar_lag_fourier,h24,2026-01-04T23:00:00,2026-01-18T23:00:00,2026-02-15T23:00:00,,,42.0
2026-02-14 14:00:00,20.4,16.296191372168526,1.0,"Satet International School, Tema Manhean",tabular,ridge_ar_lag_fourier,h24,2026-01-04T23:00:00,2026-01-18T23:00:00,2026-02-15T23:00:00,,,42.0
2026-02-14 15:00:00,22.1,18.222796318800405,1.0,"Satet International School, Tema Manhean",tabular,ridge_ar_lag_fourier,h24,2026-01-04T23:00:00,2026-01-18T23:00:00,2026-02-15T23:00:00,,,42.0
2026-02-14 16:00:00,42.7,23.57321801422842,1.0,"Satet International School, Tema Manhean",tabular,ridge_ar_lag_fourier,h24,2026-01-04T23:00:00,2026-01-18T23:00:00,2026-02-15T23:00:00,,,42.0
2026-02-14 17:00:00,49.0,30.606997662444527,1.0,"Satet International School, Tema Manhean",tabular,ridge_ar_lag_fourier,h24,2026-01-04T23:00:00,2026-01-18T23:00:00,2026-02-15T23:00:00,,,42.0
2026-02-14 18:00:00,67.3,36.05101140717398,1.0,"Satet International School, Tema Manhean",tabular,ridge_ar_lag_fourier,h24,2026-01-04T23:00:00,2026-01-18T23:00:00,2026-02-15T23:00:00,,,42.0
2026-02-14 19:00:00,71.8,30.759333761137906,1.0,"Satet International School, Tema Manhean",tabular,ridge_ar_lag_fourier,h24,2026-01-04T23:00:00,2026-01-18T23:00:00,2026-02-15T23:00:00,,,42.0
2026-02-14 20:00:00,101.2,27.442817766616763,1.0,"Satet International School, Tema Manhean",tabular,ridge_ar_lag_fourier,h24,2026-01-04T23:00:00,2026-01-18T23:00:00,2026-02-15T23:00:00,,,42.0
2026-02-14 21:00:00,73.9,33.132842249031164,1.0,"Satet International School, Tema Manhean",tabular,ridge_ar_lag_fourier,h24,2026-01-04T23:00:00,2026-01-18T23:00:00,2026-02-15T23:00:00,,,42.0
2026-02-14 22:00:00,55.1,34.24838680035638,1.0,"Satet International School, Tema Manhean",tabular,ridge_ar_lag_fourier,h24,2026-01-04T23:00:00,2026-01-18T23:00:00,2026-02-15T23:00:00,,,42.0
2026-02-14 23:00:00,107.3,34.58886502076039,1.0,"Satet International School, Tema Manhean",tabular,ridge_ar_lag_fourier,h24,2026-01-04T23:00:00,2026-01-18T23:00:00,2026-02-15T23:00:00,,,42.0
2026-02-15 00:00:00,76.3,35.77457008479208,1.0,"Satet International School, Tema Manhean",tabular,ridge_ar_lag_fourier,h24,2026-01-04T23:00:00,2026-01-18T23:00:00,2026-02-15T23:00:00,,,42.0
2026-02-15 01:00:00,45.9,37.61628677738596,1.0,"Satet International School, Tema Manhean",tabular,ridge_ar_lag_fourier,h24,2026-01-04T23:00:00,2026-01-18T23:00:00,2026-02-15T23:00:00,,,42.0
2026-02-15 02:00:00,44.7,38.21515679040004,1.0,"Satet International School, Tema Manhean",tabular,ridge_ar_lag_fourier,h24,2026-01-04T23:00:00,2026-01-18T23:00:00,2026-02-15T23:00:00,,,42.0
2026-02-15 03:00:00,42.5,45.6581879685704,1.0,"Satet International School, Tema Manhean",tabular,ridge_ar_lag_fourier,h24,2026-01-04T23:00:00,2026-01-18T23:00:00,2026-02-15T23:00:00,,,42.0
2026-02-15 04:00:00,68.2,59.0128455900327,1.0,"Satet International School, Tema Manhean",tabular,ridge_ar_lag_fourier,h24,2026-01-04T23:00:00,2026-01-18T23:00:00,2026-02-15T23:00:00,,,42.0
2026-02-15 05:00:00,146.4,70.5556472976016,1.0,"Satet International School, Tema Manhean",tabular,ridge_ar_lag_fourier,h24,2026-01-04T23:00:00,2026-01-18T23:00:00,2026-02-15T23:00:00,,,42.0
2026-02-15 06:00:00,167.7,69.90702050604565,1.0,"Satet International School, Tema Manhean",tabular,ridge_ar_lag_fourier,h24,2026-01-04T23:00:00,2026-01-18T23:00:00,2026-02-15T23:00:00,,,42.0
2026-02-15 07:00:00,48.4,57.26826494044647,1.0,"Satet International School, Tema Manhean",tabular,ridge_ar_lag_fourier,h24,2026-01-04T23:00:00,2026-01-18T23:00:00,2026-02-15T23:00:00,,,42.0
2026-02-15 08:00:00,31.8,46.69231136694398,1.0,"Satet International School, Tema Manhean",tabular,ridge_ar_lag_fourier,h24,2026-01-04T23:00:00,2026-01-18T23:00:00,2026-02-15T23:00:00,,,42.0
2026-02-15 09:00:00,26.7,39.54068195351229,1.0,"Satet International School, Tema Manhean",tabular,ridge_ar_lag_fourier,h24,2026-01-04T23:00:00,2026-01-18T23:00:00,2026-02-15T23:00:00,,,42.0
2026-02-15 10:00:00,34.3,33.94146918104963,1.0,"Satet International School, Tema Manhean",tabular,ridge_ar_lag_fourier,h24,2026-01-04T23:00:00,2026-01-18T23:00:00,2026-02-15T23:00:00,,,42.0
2026-02-15 11:00:00,23.8,27.446243815302676,1.0,"Satet International School, Tema Manhean",tabular,ridge_ar_lag_fourier,h24,2026-01-04T23:00:00,2026-01-18T23:00:00,2026-02-15T23:00:00,,,42.0
2026-02-15 12:00:00,18.1,23.897477558696444,1.0,"Satet International School, Tema Manhean",tabular,ridge_ar_lag_fourier,h24,2026-01-04T23:00:00,2026-01-18T23:00:00,2026-02-15T23:00:00,,,42.0
2026-02-15 13:00:00,12.2,22.573981923203554,1.0,"Satet International School, Tema Manhean",tabular,ridge_ar_lag_fourier,h24,2026-01-04T23:00:00,2026-01-18T23:00:00,2026-02-15T23:00:00,,,42.0
2026-02-15 14:00:00,14.9,22.784068381424284,1.0,"Satet International School, Tema Manhean",tabular,ridge_ar_lag_fourier,h24,2026-01-04T23:00:00,2026-01-18T23:00:00,2026-02-15T23:00:00,,,42.0
2026-02-15 15:00:00,8.5,24.79420642447756,1.0,"Satet International School, Tema Manhean",tabular,ridge_ar_lag_fourier,h24,2026-01-04T23:00:00,2026-01-18T23:00:00,2026-02-15T23:00:00,,,42.0
2026-02-15 16:00:00,9.0,27.507697737283127,1.0,"Satet International School, Tema Manhean",tabular,ridge_ar_lag_fourier,h24,2026-01-04T23:00:00,2026-01-18T23:00:00,2026-02-15T23:00:00,,,42.0
2026-02-15 17:00:00,16.1,35.036850636237105,1.0,"Satet International School, Tema Manhean",tabular,ridge_ar_lag_fourier,h24,2026-01-04T23:00:00,2026-01-18T23:00:00,2026-02-15T23:00:00,,,42.0
2026-02-15 18:00:00,20.1,39.12679355866925,1.0,"Satet International School, Tema Manhean",tabular,ridge_ar_lag_fourier,h24,2026-01-04T23:00:00,2026-01-18T23:00:00,2026-02-15T23:00:00,,,42.0
2026-02-15 19:00:00,24.9,35.53967456970944,1.0,"Satet International School, Tema Manhean",tabular,ridge_ar_lag_fourier,h24,2026-01-04T23:00:00,2026-01-18T23:00:00,2026-02-15T23:00:00,,,42.0
2026-02-15 20:00:00,22.8,35.97667825739719,1.0,"Satet International School, Tema Manhean",tabular,ridge_ar_lag_fourier,h24,2026-01-04T23:00:00,2026-01-18T23:00:00,2026-02-15T23:00:00,,,42.0
2026-02-15 21:00:00,27.8,41.53033249909858,1.0,"Satet International School, Tema Manhean",tabular,ridge_ar_lag_fourier,h24,2026-01-04T23:00:00,2026-01-18T23:00:00,2026-02-15T23:00:00,,,42.0
2026-02-15 22:00:00,18.9,41.46729836198407,1.0,"Satet International School, Tema Manhean",tabular,ridge_ar_lag_fourier,h24,2026-01-04T23:00:00,2026-01-18T23:00:00,2026-02-15T23:00:00,,,42.0
2026-02-15 23:00:00,28.3,38.12060354599772,1.0,"Satet International School, Tema Manhean",tabular,ridge_ar_lag_fourier,h24,2026-01-04T23:00:00,2026-01-18T23:00:00,2026-02-15T23:00:00,,,42.0
2026-01-18 23:00:00,47.9,24.031572145703468,1.0,Tema Community 25 Estate,tabular,ridge_ar_lag_fourier,h24,2026-01-04T23:00:00,2026-01-18T23:00:00,2026-02-15T23:00:00,,,42.0
2026-01-19 00:00:00,45.2,29.474251989301685,1.0,Tema Community 25 Estate,tabular,ridge_ar_lag_fourier,h24,2026-01-04T23:00:00,2026-01-18T23:00:00,2026-02-15T23:00:00,,,42.0
2026-01-19 01:00:00,42.7,28.670841190686623,1.0,Tema Community 25 Estate,tabular,ridge_ar_lag_fourier,h24,2026-01-04T23:00:00,2026-01-18T23:00:00,2026-02-15T23:00:00,,,42.0
2026-01-19 02:00:00,29.8,26.96542443063033,1.0,Tema Community 25 Estate,tabular,ridge_ar_lag_fourier,h24,2026-01-04T23:00:00,2026-01-18T23:00:00,2026-02-15T23:00:00,,,42.0
2026-01-19 03:00:00,26.0,25.726015146470413,1.0,Tema Community 25 Estate,tabular,ridge_ar_lag_fourier,h24,2026-01-04T23:00:00,2026-01-18T23:00:00,2026-02-15T23:00:00,,,42.0
2026-01-19 04:00:00,26.6,25.997477616971608,1.0,Tema Community 25 Estate,tabular,ridge_ar_lag_fourier,h24,2026-01-04T23:00:00,2026-01-18T23:00:00,2026-02-15T23:00:00,,,42.0
2026-01-19 05:00:00,31.5,27.715025369429405,1.0,Tema Community 25 Estate,tabular,ridge_ar_lag_fourier,h24,2026-01-04T23:00:00,2026-01-18T23:00:00,2026-02-15T23:00:00,,,42.0
2026-01-19 06:00:00,34.45,30.226817864762843,1.0,Tema Community 25 Estate,tabular,ridge_ar_lag_fourier,h24,2026-01-04T23:00:00,2026-01-18T23:00:00,2026-02-15T23:00:00,,,42.0
2026-01-19 07:00:00,37.4,29.330916737277796,1.0,Tema Community 25 Estate,tabular,ridge_ar_lag_fourier,h24,2026-01-04T23:00:00,2026-01-18T23:00:00,2026-02-15T23:00:00,,,42.0
2026-01-19 08:00:00,34.6,24.98064121292819,1.0,Tema Community 25 Estate,tabular,ridge_ar_lag_fourier,h24,2026-01-04T23:00:00,2026-01-18T23:00:00,2026-02-15T23:00:00,,,42.0
2026-01-19 09:00:00,31.4,21.473521487919633,1.0,Tema Community 25 Estate,tabular,ridge_ar_lag_fourier,h24,2026-01-04T23:00:00,2026-01-18T23:00:00,2026-02-15T23:00:00,,,42.0
2026-01-19 10:00:00,31.9,22.909583817233,1.0,Tema Community 25 Estate,tabular,ridge_ar_lag_fourier,h24,2026-01-04T23:00:00,2026-01-18T23:00:00,2026-02-15T23:00:00,,,42.0
2026-01-19 11:00:00,35.1,23.838274980939218,1.0,Tema Community 25 Estate,tabular,ridge_ar_lag_fourier,h24,2026-01-04T23:00:00,2026-01-18T23:00:00,2026-02-15T23:00:00,,,42.0
2026-01-19 12:00:00,32.5,24.45708294559356,1.0,Tema Community 25 Estate,tabular,ridge_ar_lag_fourier,h24,2026-01-04T23:00:00,2026-01-18T23:00:00,2026-02-15T23:00:00,,,42.0
2026-01-19 13:00:00,30.3,23.095654383939202,1.0,Tema Community 25 Estate,tabular,ridge_ar_lag_fourier,h24,2026-01-04T23:00:00,2026-01-18T23:00:00,2026-02-15T23:00:00,,,42.0
2026-01-19 14:00:00,28.1,20.912195403557284,1.0,Tema Community 25 Estate,tabular,ridge_ar_lag_fourier,h24,2026-01-04T23:00:00,2026-01-18T23:00:00,2026-02-15T23:00:00,,,42.0
2026-01-19 15:00:00,27.6,19.753005764447245,1.0,Tema Community 25 Estate,tabular,ridge_ar_lag_fourier,h24,2026-01-04T23:00:00,2026-01-18T23:00:00,2026-02-15T23:00:00,,,42.0
2026-01-19 16:00:00,30.5,18.90857079166566,1.0,Tema Community 25 Estate,tabular,ridge_ar_lag_fourier,h24,2026-01-04T23:00:00,2026-01-18T23:00:00,2026-02-15T23:00:00,,,42.0
2026-01-19 17:00:00,31.4,18.686220976769413,1.0,Tema Community 25 Estate,tabular,ridge_ar_lag_fourier,h24,2026-01-04T23:00:00,2026-01-18T23:00:00,2026-02-15T23:00:00,,,42.0
2026-01-19 18:00:00,34.2,21.57757295788715,1.0,Tema Community 25 Estate,tabular,ridge_ar_lag_fourier,h24,2026-01-04T23:00:00,2026-01-18T23:00:00,2026-02-15T23:00:00,,,42.0
2026-01-19 19:00:00,30.9,22.21550834374299,1.0,Tema Community 25 Estate,tabular,ridge_ar_lag_fourier,h24,2026-01-04T23:00:00,2026-01-18T23:00:00,2026-02-15T23:00:00,,,42.0
2026-01-19 20:00:00,39.0,21.237125651399403,1.0,Tema Community 25 Estate,tabular,ridge_ar_lag_fourier,h24,2026-01-04T23:00:00,2026-01-18T23:00:00,2026-02-15T23:00:00,,,42.0
2026-01-19 21:00:00,27.9,21.284016749165858,1.0,Tema Community 25 Estate,tabular,ridge_ar_lag_fourier,h24,2026-01-04T23:00:00,2026-01-18T23:00:00,2026-02-15T23:00:00,,,42.0
2026-01-19 22:00:00,24.8,22.09506612869754,1.0,Tema Community 25 Estate,tabular,ridge_ar_lag_fourier,h24,2026-01-04T23:00:00,2026-01-18T23:00:00,2026-02-15T23:00:00,,,42.0
2026-01-19 23:00:00,20.2,24.580082327229675,1.0,Tema Community 25 Estate,tabular,ridge_ar_lag_fourier,h24,2026-01-04T23:00:00,2026-01-18T23:00:00,2026-02-15T23:00:00,,,42.0
2026-01-20 00:00:00,19.4,29.339952072400425,1.0,Tema Community 25 Estate,tabular,ridge_ar_lag_fourier,h24,2026-01-04T23:00:00,2026-01-18T23:00:00,2026-02-15T23:00:00,,,42.0
2026-01-20 01:00:00,19.0,29.207441235356097,1.0,Tema Community 25 Estate,tabular,ridge_ar_lag_fourier,h24,2026-01-04T23:00:00,2026-01-18T23:00:00,2026-02-15T23:00:00,,,42.0
2026-01-20 02:00:00,18.8,27.761357697437838,1.0,Tema Community 25 Estate,tabular,ridge_ar_lag_fourier,h24,2026-01-04T23:00:00,2026-01-18T23:00:00,2026-02-15T23:00:00,,,42.0
2026-01-20 03:00:00,19.4,24.05234605444871,1.0,Tema Community 25 Estate,tabular,ridge_ar_lag_fourier,h24,2026-01-04T23:00:00,2026-01-18T23:00:00,2026-02-15T23:00:00,,,42.0
2026-01-20 04:00:00,18.1,23.771488112037453,1.0,Tema Community 25 Estate,tabular,ridge_ar_lag_fourier,h24,2026-01-04T23:00:00,2026-01-18T23:00:00,2026-02-15T23:00:00,,,42.0
2026-01-20 05:00:00,20.0,27.837746309947597,1.0,Tema Community 25 Estate,tabular,ridge_ar_lag_fourier,h24,2026-01-04T23:00:00,2026-01-18T23:00:00,2026-02-15T23:00:00,,,42.0
2026-01-20 06:00:00,24.0,30.638502475443815,1.0,Tema Community 25 Estate,tabular,ridge_ar_lag_fourier,h24,2026-01-04T23:00:00,2026-01-18T23:00:00,2026-02-15T23:00:00,,,42.0
2026-01-20 07:00:00,24.8,29.86273143065495,1.0,Tema Community 25 Estate,tabular,ridge_ar_lag_fourier,h24,2026-01-04T23:00:00,2026-01-18T23:00:00,2026-02-15T23:00:00,,,42.0
2026-01-20 08:00:00,21.9,23.24063922494548,1.0,Tema Community 25 Estate,tabular,ridge_ar_lag_fourier,h24,2026-01-04T23:00:00,2026-01-18T23:00:00,2026-02-15T23:00:00,,,42.0
2026-01-20 09:00:00,19.6,23.044983344775215,1.0,Tema Community 25 Estate,tabular,ridge_ar_lag_fourier,h24,2026-01-04T23:00:00,2026-01-18T23:00:00,2026-02-15T23:00:00,,,42.0
2026-01-20 10:00:00,21.0,24.264428612720177,1.0,Tema Community 25 Estate,tabular,ridge_ar_lag_fourier,h24,2026-01-04T23:00:00,2026-01-18T23:00:00,2026-02-15T23:00:00,,,42.0
2026-01-20 11:00:00,21.3,25.638572806226975,1.0,Tema Community 25 Estate,tabular,ridge_ar_lag_fourier,h24,2026-01-04T23:00:00,2026-01-18T23:00:00,2026-02-15T23:00:00,,,42.0
2026-01-20 12:00:00,25.0,24.48100407367859,1.0,Tema Community 25 Estate,tabular,ridge_ar_lag_fourier,h24,2026-01-04T23:00:00,2026-01-18T23:00:00,2026-02-15T23:00:00,,,42.0
2026-01-20 13:00:00,28.8,22.096194320581514,1.0,Tema Community 25 Estate,tabular,ridge_ar_lag_fourier,h24,2026-01-04T23:00:00,2026-01-18T23:00:00,2026-02-15T23:00:00,,,42.0
2026-01-20 14:00:00,26.4,20.196947732981716,1.0,Tema Community 25 Estate,tabular,ridge_ar_lag_fourier,h24,2026-01-04T23:00:00,2026-01-18T23:00:00,2026-02-15T23:00:00,,,42.0
2026-01-20 15:00:00,26.3,20.203816104463417,1.0,Tema Community 25 Estate,tabular,ridge_ar_lag_fourier,h24,2026-01-04T23:00:00,2026-01-18T23:00:00,2026-02-15T23:00:00,,,42.0
2026-01-20 16:00:00,30.4,20.464506891328764,1.0,Tema Community 25 Estate,tabular,ridge_ar_lag_fourier,h24,2026-01-04T23:00:00,2026-01-18T23:00:00,2026-02-15T23:00:00,,,42.0
2026-01-20 17:00:00,26.9,20.3515460254851,1.0,Tema Community 25 Estate,tabular,ridge_ar_lag_fourier,h24,2026-01-04T23:00:00,2026-01-18T23:00:00,2026-02-15T23:00:00,,,42.0
2026-01-20 18:00:00,32.7,22.707976476001694,1.0,Tema Community 25 Estate,tabular,ridge_ar_lag_fourier,h24,2026-01-04T23:00:00,2026-01-18T23:00:00,2026-02-15T23:00:00,,,42.0
2026-01-20 19:00:00,40.5,23.610984763867076,1.0,Tema Community 25 Estate,tabular,ridge_ar_lag_fourier,h24,2026-01-04T23:00:00,2026-01-18T23:00:00,2026-02-15T23:00:00,,,42.0
2026-01-20 20:00:00,40.4,22.212739735146204,1.0,Tema Community 25 Estate,tabular,ridge_ar_lag_fourier,h24,2026-01-04T23:00:00,2026-01-18T23:00:00,2026-02-15T23:00:00,,,42.0
2026-01-20 21:00:00,30.2,24.764973508179754,1.0,Tema Community 25 Estate,tabular,ridge_ar_lag_fourier,h24,2026-01-04T23:00:00,2026-01-18T23:00:00,2026-02-15T23:00:00,,,42.0
2026-01-20 22:00:00,17.9,25.56117184462863,1.0,Tema Community 25 Estate,tabular,ridge_ar_lag_fourier,h24,2026-01-04T23:00:00,2026-01-18T23:00:00,2026-02-15T23:00:00,,,42.0
2026-01-20 23:00:00,8.2,25.965406864965868,1.0,Tema Community 25 Estate,tabular,ridge_ar_lag_fourier,h24,2026-01-04T23:00:00,2026-01-18T23:00:00,2026-02-15T23:00:00,,,42.0
2026-01-21 00:00:00,10.5,28.281007205934493,1.0,Tema Community 25 Estate,tabular,ridge_ar_lag_fourier,h24,2026-01-04T23:00:00,2026-01-18T23:00:00,2026-02-15T23:00:00,,,42.0
2026-01-21 01:00:00,15.0,26.473862645833833,1.0,Tema Community 25 Estate,tabular,ridge_ar_lag_fourier,h24,2026-01-04T23:00:00,2026-01-18T23:00:00,2026-02-15T23:00:00,,,42.0
2026-01-21 02:00:00,17.2,23.419510408027445,1.0,Tema Community 25 Estate,tabular,ridge_ar_lag_fourier,h24,2026-01-04T23:00:00,2026-01-18T23:00:00,2026-02-15T23:00:00,,,42.0
2026-01-21 03:00:00,12.2,21.494525801222117,1.0,Tema Community 25 Estate,tabular,ridge_ar_lag_fourier,h24,2026-01-04T23:00:00,2026-01-18T23:00:00,2026-02-15T23:00:00,,,42.0
2026-01-21 04:00:00,13.7,22.59525757450942,1.0,Tema Community 25 Estate,tabular,ridge_ar_lag_fourier,h24,2026-01-04T23:00:00,2026-01-18T23:00:00,2026-02-15T23:00:00,,,42.0
2026-01-21 05:00:00,18.2,25.04882952687984,1.0,Tema Community 25 Estate,tabular,ridge_ar_lag_fourier,h24,2026-01-04T23:00:00,2026-01-18T23:00:00,2026-02-15T23:00:00,,,42.0
2026-01-21 06:00:00,29.5,29.253530660422747,1.0,Tema Community 25 Estate,tabular,ridge_ar_lag_fourier,h24,2026-01-04T23:00:00,2026-01-18T23:00:00,2026-02-15T23:00:00,,,42.0
2026-01-21 07:00:00,33.7,28.613728416404143,1.0,Tema Community 25 Estate,tabular,ridge_ar_lag_fourier,h24,2026-01-04T23:00:00,2026-01-18T23:00:00,2026-02-15T23:00:00,,,42.0
2026-01-21 08:00:00,20.5,22.927188772991006,1.0,Tema Community 25 Estate,tabular,ridge_ar_lag_fourier,h24,2026-01-04T23:00:00,2026-01-18T23:00:00,2026-02-15T23:00:00,,,42.0
2026-01-21 09:00:00,14.9,21.16885988533785,1.0,Tema Community 25 Estate,tabular,ridge_ar_lag_fourier,h24,2026-01-04T23:00:00,2026-01-18T23:00:00,2026-02-15T23:00:00,,,42.0
2026-01-21 10:00:00,14.3,23.14350138580495,1.0,Tema Community 25 Estate,tabular,ridge_ar_lag_fourier,h24,2026-01-04T23:00:00,2026-01-18T23:00:00,2026-02-15T23:00:00,,,42.0
2026-01-21 11:00:00,19.2,24.334526791925907,1.0,Tema Community 25 Estate,tabular,ridge_ar_lag_fourier,h24,2026-01-04T23:00:00,2026-01-18T23:00:00,2026-02-15T23:00:00,,,42.0
2026-01-21 12:00:00,28.6,23.052375118151176,1.0,Tema Community 25 Estate,tabular,ridge_ar_lag_fourier,h24,2026-01-04T23:00:00,2026-01-18T23:00:00,2026-02-15T23:00:00,,,42.0
2026-01-21 13:00:00,32.6,22.127260646603887,1.0,Tema Community 25 Estate,tabular,ridge_ar_lag_fourier,h24,2026-01-04T23:00:00,2026-01-18T23:00:00,2026-02-15T23:00:00,,,42.0
2026-01-21 14:00:00,33.6,20.896921386457812,1.0,Tema Community 25 Estate,tabular,ridge_ar_lag_fourier,h24,2026-01-04T23:00:00,2026-01-18T23:00:00,2026-02-15T23:00:00,,,42.0
2026-01-21 15:00:00,23.2,20.183595693619477,1.0,Tema Community 25 Estate,tabular,ridge_ar_lag_fourier,h24,2026-01-04T23:00:00,2026-01-18T23:00:00,2026-02-15T23:00:00,,,42.0
2026-01-21 16:00:00,21.7,20.275304265215993,1.0,Tema Community 25 Estate,tabular,ridge_ar_lag_fourier,h24,2026-01-04T23:00:00,2026-01-18T23:00:00,2026-02-15T23:00:00,,,42.0
2026-01-21 17:00:00,22.7,22.04237032192213,1.0,Tema Community 25 Estate,tabular,ridge_ar_lag_fourier,h24,2026-01-04T23:00:00,2026-01-18T23:00:00,2026-02-15T23:00:00,,,42.0
2026-01-21 18:00:00,26.3,23.336121762353713,1.0,Tema Community 25 Estate,tabular,ridge_ar_lag_fourier,h24,2026-01-04T23:00:00,2026-01-18T23:00:00,2026-02-15T23:00:00,,,42.0
2026-01-21 19:00:00,29.2,24.132388145415515,1.0,Tema Community 25 Estate,tabular,ridge_ar_lag_fourier,h24,2026-01-04T23:00:00,2026-01-18T23:00:00,2026-02-15T23:00:00,,,42.0
2026-01-21 20:00:00,25.2,24.287725023571625,1.0,Tema Community 25 Estate,tabular,ridge_ar_lag_fourier,h24,2026-01-04T23:00:00,2026-01-18T23:00:00,2026-02-15T23:00:00,,,42.0
2026-01-21 21:00:00,22.6,24.502095305450258,1.0,Tema Community 25 Estate,tabular,ridge_ar_lag_fourier,h24,2026-01-04T23:00:00,2026-01-18T23:00:00,2026-02-15T23:00:00,,,42.0
2026-01-21 22:00:00,23.8,22.377697213446716,1.0,Tema Community 25 Estate,tabular,ridge_ar_lag_fourier,h24,2026-01-04T23:00:00,2026-01-18T23:00:00,2026-02-15T23:00:00,,,42.0
2026-01-21 23:00:00,27.0,20.894783323603065,1.0,Tema Community 25 Estate,tabular,ridge_ar_lag_fourier,h24,2026-01-04T23:00:00,2026-01-18T23:00:00,2026-02-15T23:00:00,,,42.0
2026-01-22 00:00:00,24.0,23.285183240273525,1.0,Tema Community 25 Estate,tabular,ridge_ar_lag_fourier,h24,2026-01-04T23:00:00,2026-01-18T23:00:00,2026-02-15T23:00:00,,,42.0
2026-01-22 01:00:00,20.0,22.676364597563232,1.0,Tema Community 25 Estate,tabular,ridge_ar_lag_fourier,h24,2026-01-04T23:00:00,2026-01-18T23:00:00,2026-02-15T23:00:00,,,42.0
2026-01-22 02:00:00,23.3,21.590840330650572,1.0,Tema Community 25 Estate,tabular,ridge_ar_lag_fourier,h24,2026-01-04T23:00:00,2026-01-18T23:00:00,2026-02-15T23:00:00,,,42.0
2026-01-22 03:00:00,17.1,19.727426321359314,1.0,Tema Community 25 Estate,tabular,ridge_ar_lag_fourier,h24,2026-01-04T23:00:00,2026-01-18T23:00:00,2026-02-15T23:00:00,,,42.0
2026-01-22 04:00:00,18.0,20.743159332850286,1.0,Tema Community 25 Estate,tabular,ridge_ar_lag_fourier,h24,2026-01-04T23:00:00,2026-01-18T23:00:00,2026-02-15T23:00:00,,,42.0
2026-01-22 05:00:00,25.2,23.73739666738273,1.0,Tema Community 25 Estate,tabular,ridge_ar_lag_fourier,h24,2026-01-04T23:00:00,2026-01-18T23:00:00,2026-02-15T23:00:00,,,42.0
2026-01-22 06:00:00,31.1,27.947845642288442,1.0,Tema Community 25 Estate,tabular,ridge_ar_lag_fourier,h24,2026-01-04T23:00:00,2026-01-18T23:00:00,2026-02-15T23:00:00,,,42.0
2026-01-22 07:00:00,26.6,29.77243219860113,1.0,Tema Community 25 Estate,tabular,ridge_ar_lag_fourier,h24,2026-01-04T23:00:00,2026-01-18T23:00:00,2026-02-15T23:00:00,,,42.0
2026-01-22 08:00:00,20.3,25.363482676059565,1.0,Tema Community 25 Estate,tabular,ridge_ar_lag_fourier,h24,2026-01-04T23:00:00,2026-01-18T23:00:00,2026-02-15T23:00:00,,,42.0
2026-01-22 09:00:00,19.2,22.924670132526106,1.0,Tema Community 25 Estate,tabular,ridge_ar_lag_fourier,h24,2026-01-04T23:00:00,2026-01-18T23:00:00,2026-02-15T23:00:00,,,42.0
2026-01-22 10:00:00,25.4,22.02670274740505,1.0,Tema Community 25 Estate,tabular,ridge_ar_lag_fourier,h24,2026-01-04T23:00:00,2026-01-18T23:00:00,2026-02-15T23:00:00,,,42.0
2026-01-22 11:00:00,31.1,22.88336796380605,1.0,Tema Community 25 Estate,tabular,ridge_ar_lag_fourier,h24,2026-01-04T23:00:00,2026-01-18T23:00:00,2026-02-15T23:00:00,,,42.0
2026-01-22 12:00:00,38.6,23.360717240756067,1.0,Tema Community 25 Estate,tabular,ridge_ar_lag_fourier,h24,2026-01-04T23:00:00,2026-01-18T23:00:00,2026-02-15T23:00:00,,,42.0
2026-01-22 13:00:00,45.7,23.38292835994531,1.0,Tema Community 25 Estate,tabular,ridge_ar_lag_fourier,h24,2026-01-04T23:00:00,2026-01-18T23:00:00,2026-02-15T23:00:00,,,42.0
2026-01-22 14:00:00,41.8,22.682442041742917,1.0,Tema Community 25 Estate,tabular,ridge_ar_lag_fourier,h24,2026-01-04T23:00:00,2026-01-18T23:00:00,2026-02-15T23:00:00,,,42.0
2026-01-22 15:00:00,35.7,22.408316126625497,1.0,Tema Community 25 Estate,tabular,ridge_ar_lag_fourier,h24,2026-01-04T23:00:00,2026-01-18T23:00:00,2026-02-15T23:00:00,,,42.0
2026-01-22 16:00:00,29.8,21.647724373702115,1.0,Tema Community 25 Estate,tabular,ridge_ar_lag_fourier,h24,2026-01-04T23:00:00,2026-01-18T23:00:00,2026-02-15T23:00:00,,,42.0
2026-01-22 17:00:00,41.0,22.210810123078563,1.0,Tema Community 25 Estate,tabular,ridge_ar_lag_fourier,h24,2026-01-04T23:00:00,2026-01-18T23:00:00,2026-02-15T23:00:00,,,42.0
2026-01-22 18:00:00,47.5,24.643010380739895,1.0,Tema Community 25 Estate,tabular,ridge_ar_lag_fourier,h24,2026-01-04T23:00:00,2026-01-18T23:00:00,2026-02-15T23:00:00,,,42.0
2026-01-22 19:00:00,27.6,25.767438545403824,1.0,Tema Community 25 Estate,tabular,ridge_ar_lag_fourier,h24,2026-01-04T23:00:00,2026-01-18T23:00:00,2026-02-15T23:00:00,,,42.0
2026-01-22 20:00:00,17.6,24.914266859840538,1.0,Tema Community 25 Estate,tabular,ridge_ar_lag_fourier,h24,2026-01-04T23:00:00,2026-01-18T23:00:00,2026-02-15T23:00:00,,,42.0
2026-01-22 21:00:00,19.7,21.852543476480175,1.0,Tema Community 25 Estate,tabular,ridge_ar_lag_fourier,h24,2026-01-04T23:00:00,2026-01-18T23:00:00,2026-02-15T23:00:00,,,42.0
2026-01-22 22:00:00,21.8,19.954086013343517,1.0,Tema Community 25 Estate,tabular,ridge_ar_lag_fourier,h24,2026-01-04T23:00:00,2026-01-18T23:00:00,2026-02-15T23:00:00,,,42.0
2026-01-22 23:00:00,26.6,19.969241447259144,1.0,Tema Community 25 Estate,tabular,ridge_ar_lag_fourier,h24,2026-01-04T23:00:00,2026-01-18T23:00:00,2026-02-15T23:00:00,,,42.0
2026-01-23 00:00:00,28.2,25.066701561020576,1.0,Tema Community 25 Estate,tabular,ridge_ar_lag_fourier,h24,2026-01-04T23:00:00,2026-01-18T23:00:00,2026-02-15T23:00:00,,,42.0
2026-01-23 01:00:00,26.5,25.178211976703942,1.0,Tema Community 25 Estate,tabular,ridge_ar_lag_fourier,h24,2026-01-04T23:00:00,2026-01-18T23:00:00,2026-02-15T23:00:00,,,42.0
2026-01-23 02:00:00,22.9,22.63386964874838,1.0,Tema Community 25 Estate,tabular,ridge_ar_lag_fourier,h24,2026-01-04T23:00:00,2026-01-18T23:00:00,2026-02-15T23:00:00,,,42.0
2026-01-23 03:00:00,30.6,20.826905642999762,1.0,Tema Community 25 Estate,tabular,ridge_ar_lag_fourier,h24,2026-01-04T23:00:00,2026-01-18T23:00:00,2026-02-15T23:00:00,,,42.0
2026-01-23 04:00:00,37.0,20.71112962949043,1.0,Tema Community 25 Estate,tabular,ridge_ar_lag_fourier,h24,2026-01-04T23:00:00,2026-01-18T23:00:00,2026-02-15T23:00:00,,,42.0
2026-01-23 05:00:00,39.6,24.707075490195866,1.0,Tema Community 25 Estate,tabular,ridge_ar_lag_fourier,h24,2026-01-04T23:00:00,2026-01-18T23:00:00,2026-02-15T23:00:00,,,42.0
2026-01-23 06:00:00,54.0,29.309897227075567,1.0,Tema Community 25 Estate,tabular,ridge_ar_lag_fourier,h24,2026-01-04T23:00:00,2026-01-18T23:00:00,2026-02-15T23:00:00,,,42.0
2026-01-23 07:00:00,45.7,30.898691623763355,1.0,Tema Community 25 Estate,tabular,ridge_ar_lag_fourier,h24,2026-01-04T23:00:00,2026-01-18T23:00:00,2026-02-15T23:00:00,,,42.0
2026-01-23 08:00:00,24.4,24.358451419361625,1.0,Tema Community 25 Estate,tabular,ridge_ar_lag_fourier,h24,2026-01-04T23:00:00,2026-01-18T23:00:00,2026-02-15T23:00:00,,,42.0
2026-01-23 09:00:00,23.2,21.591987067905418,1.0,Tema Community 25 Estate,tabular,ridge_ar_lag_fourier,h24,2026-01-04T23:00:00,2026-01-18T23:00:00,2026-02-15T23:00:00,,,42.0
2026-01-23 10:00:00,26.5,22.520227742403208,1.0,Tema Community 25 Estate,tabular,ridge_ar_lag_fourier,h24,2026-01-04T23:00:00,2026-01-18T23:00:00,2026-02-15T23:00:00,,,42.0
2026-01-23 11:00:00,31.9,25.393528152130386,1.0,Tema Community 25 Estate,tabular,ridge_ar_lag_fourier,h24,2026-01-04T23:00:00,2026-01-18T23:00:00,2026-02-15T23:00:00,,,42.0
2026-01-23 12:00:00,33.6,26.031254117344233,1.0,Tema Community 25 Estate,tabular,ridge_ar_lag_fourier,h24,2026-01-04T23:00:00,2026-01-18T23:00:00,2026-02-15T23:00:00,,,42.0
2026-01-23 13:00:00,26.2,25.341636445122205,1.0,Tema Community 25 Estate,tabular,ridge_ar_lag_fourier,h24,2026-01-04T23:00:00,2026-01-18T23:00:00,2026-02-15T23:00:00,,,42.0
2026-01-23 14:00:00,27.7,24.469899776845985,1.0,Tema Community 25 Estate,tabular,ridge_ar_lag_fourier,h24,2026-01-04T23:00:00,2026-01-18T23:00:00,2026-02-15T23:00:00,,,42.0
2026-01-23 15:00:00,28.0,22.49948058712053,1.0,Tema Community 25 Estate,tabular,ridge_ar_lag_fourier,h24,2026-01-04T23:00:00,2026-01-18T23:00:00,2026-02-15T23:00:00,,,42.0
2026-01-23 16:00:00,29.6,22.244550777864916,1.0,Tema Community 25 Estate,tabular,ridge_ar_lag_fourier,h24,2026-01-04T23:00:00,2026-01-18T23:00:00,2026-02-15T23:00:00,,,42.0
2026-01-23 17:00:00,35.4,22.85283228017423,1.0,Tema Community 25 Estate,tabular,ridge_ar_lag_fourier,h24,2026-01-04T23:00:00,2026-01-18T23:00:00,2026-02-15T23:00:00,,,42.0
2026-01-23 18:00:00,30.6,26.86092268935124,1.0,Tema Community 25 Estate,tabular,ridge_ar_lag_fourier,h24,2026-01-04T23:00:00,2026-01-18T23:00:00,2026-02-15T23:00:00,,,42.0
2026-01-23 19:00:00,22.3,27.405702305986555,1.0,Tema Community 25 Estate,tabular,ridge_ar_lag_fourier,h24,2026-01-04T23:00:00,2026-01-18T23:00:00,2026-02-15T23:00:00,,,42.0
2026-01-23 20:00:00,17.2,23.56071504359522,1.0,Tema Community 25 Estate,tabular,ridge_ar_lag_fourier,h24,2026-01-04T23:00:00,2026-01-18T23:00:00,2026-02-15T23:00:00,,,42.0
2026-01-23 21:00:00,17.9,19.160208924313977,1.0,Tema Community 25 Estate,tabular,ridge_ar_lag_fourier,h24,2026-01-04T23:00:00,2026-01-18T23:00:00,2026-02-15T23:00:00,,,42.0
2026-01-23 22:00:00,31.3,19.677519855861362,1.0,Tema Community 25 Estate,tabular,ridge_ar_lag_fourier,h24,2026-01-04T23:00:00,2026-01-18T23:00:00,2026-02-15T23:00:00,,,42.0
2026-01-23 23:00:00,32.4,19.95725087680632,1.0,Tema Community 25 Estate,tabular,ridge_ar_lag_fourier,h24,2026-01-04T23:00:00,2026-01-18T23:00:00,2026-02-15T23:00:00,,,42.0
2026-01-24 00:00:00,37.4,24.385654385693055,1.0,Tema Community 25 Estate,tabular,ridge_ar_lag_fourier,h24,2026-01-04T23:00:00,2026-01-18T23:00:00,2026-02-15T23:00:00,,,42.0
2026-01-24 01:00:00,33.2,24.981155088622394,1.0,Tema Community 25 Estate,tabular,ridge_ar_lag_fourier,h24,2026-01-04T23:00:00,2026-01-18T23:00:00,2026-02-15T23:00:00,,,42.0
2026-01-24 02:00:00,30.3,23.505244475908043,1.0,Tema Community 25 Estate,tabular,ridge_ar_lag_fourier,h24,2026-01-04T23:00:00,2026-01-18T23:00:00,2026-02-15T23:00:00,,,42.0
2026-01-24 03:00:00,30.5,20.085347023971096,1.0,Tema Community 25 Estate,tabular,ridge_ar_lag_fourier,h24,2026-01-04T23:00:00,2026-01-18T23:00:00,2026-02-15T23:00:00,,,42.0
2026-01-24 04:00:00,32.2,21.70093366103013,1.0,Tema Community 25 Estate,tabular,ridge_ar_lag_fourier,h24,2026-01-04T23:00:00,2026-01-18T23:00:00,2026-02-15T23:00:00,,,42.0
2026-01-24 05:00:00,32.3,25.746784364105174,1.0,Tema Community 25 Estate,tabular,ridge_ar_lag_fourier,h24,2026-01-04T23:00:00,2026-01-18T23:00:00,2026-02-15T23:00:00,,,42.0
2026-01-24 06:00:00,41.6,28.797111056022835,1.0,Tema Community 25 Estate,tabular,ridge_ar_lag_fourier,h24,2026-01-04T23:00:00,2026-01-18T23:00:00,2026-02-15T23:00:00,,,42.0
2026-01-24 07:00:00,44.1,30.990916274390152,1.0,Tema Community 25 Estate,tabular,ridge_ar_lag_fourier,h24,2026-01-04T23:00:00,2026-01-18T23:00:00,2026-02-15T23:00:00,,,42.0
2026-01-24 08:00:00,26.1,24.564356922957007,1.0,Tema Community 25 Estate,tabular,ridge_ar_lag_fourier,h24,2026-01-04T23:00:00,2026-01-18T23:00:00,2026-02-15T23:00:00,,,42.0
2026-01-24 09:00:00,22.8,20.923997241607545,1.0,Tema Community 25 Estate,tabular,ridge_ar_lag_fourier,h24,2026-01-04T23:00:00,2026-01-18T23:00:00,2026-02-15T23:00:00,,,42.0
2026-01-24 10:00:00,25.1,21.936565049459322,1.0,Tema Community 25 Estate,tabular,ridge_ar_lag_fourier,h24,2026-01-04T23:00:00,2026-01-18T23:00:00,2026-02-15T23:00:00,,,42.0
2026-01-24 11:00:00,29.3,24.2500879578704,1.0,Tema Community 25 Estate,tabular,ridge_ar_lag_fourier,h24,2026-01-04T23:00:00,2026-01-18T23:00:00,2026-02-15T23:00:00,,,42.0
2026-01-24 12:00:00,32.5,25.622668780500298,1.0,Tema Community 25 Estate,tabular,ridge_ar_lag_fourier,h24,2026-01-04T23:00:00,2026-01-18T23:00:00,2026-02-15T23:00:00,,,42.0
2026-01-24 13:00:00,29.3,25.09178978099274,1.0,Tema Community 25 Estate,tabular,ridge_ar_lag_fourier,h24,2026-01-04T23:00:00,2026-01-18T23:00:00,2026-02-15T23:00:00,,,42.0
2026-01-24 14:00:00,30.0,22.68961937964841,1.0,Tema Community 25 Estate,tabular,ridge_ar_lag_fourier,h24,2026-01-04T23:00:00,2026-01-18T23:00:00,2026-02-15T23:00:00,,,42.0
2026-01-24 15:00:00,30.2,21.20325897971729,1.0,Tema Community 25 Estate,tabular,ridge_ar_lag_fourier,h24,2026-01-04T23:00:00,2026-01-18T23:00:00,2026-02-15T23:00:00,,,42.0
2026-01-24 16:00:00,22.6,22.61994969448433,1.0,Tema Community 25 Estate,tabular,ridge_ar_lag_fourier,h24,2026-01-04T23:00:00,2026-01-18T23:00:00,2026-02-15T23:00:00,,,42.0
2026-01-24 17:00:00,26.1,24.086076014678362,1.0,Tema Community 25 Estate,tabular,ridge_ar_lag_fourier,h24,2026-01-04T23:00:00,2026-01-18T23:00:00,2026-02-15T23:00:00,,,42.0
2026-01-24 18:00:00,33.5,26.174681989257323,1.0,Tema Community 25 Estate,tabular,ridge_ar_lag_fourier,h24,2026-01-04T23:00:00,2026-01-18T23:00:00,2026-02-15T23:00:00,,,42.0
2026-01-24 19:00:00,30.4,23.260042766944242,1.0,Tema Community 25 Estate,tabular,ridge_ar_lag_fourier,h24,2026-01-04T23:00:00,2026-01-18T23:00:00,2026-02-15T23:00:00,,,42.0
2026-01-24 20:00:00,21.5,20.623477470363728,1.0,Tema Community 25 Estate,tabular,ridge_ar_lag_fourier,h24,2026-01-04T23:00:00,2026-01-18T23:00:00,2026-02-15T23:00:00,,,42.0
2026-01-24 21:00:00,35.7,17.974873755426973,1.0,Tema Community 25 Estate,tabular,ridge_ar_lag_fourier,h24,2026-01-04T23:00:00,2026-01-18T23:00:00,2026-02-15T23:00:00,,,42.0
2026-01-24 22:00:00,22.8,18.439720344000552,1.0,Tema Community 25 Estate,tabular,ridge_ar_lag_fourier,h24,2026-01-04T23:00:00,2026-01-18T23:00:00,2026-02-15T23:00:00,,,42.0
2026-01-24 23:00:00,25.9,19.521331019010624,1.0,Tema Community 25 Estate,tabular,ridge_ar_lag_fourier,h24,2026-01-04T23:00:00,2026-01-18T23:00:00,2026-02-15T23:00:00,,,42.0
2026-01-25 00:00:00,32.0,23.71718070753557,1.0,Tema Community 25 Estate,tabular,ridge_ar_lag_fourier,h24,2026-01-04T23:00:00,2026-01-18T23:00:00,2026-02-15T23:00:00,,,42.0
2026-01-25 01:00:00,21.3,24.006230009371016,1.0,Tema Community 25 Estate,tabular,ridge_ar_lag_fourier,h24,2026-01-04T23:00:00,2026-01-18T23:00:00,2026-02-15T23:00:00,,,42.0
2026-01-25 02:00:00,24.3,22.691575427050886,1.0,Tema Community 25 Estate,tabular,ridge_ar_lag_fourier,h24,2026-01-04T23:00:00,2026-01-18T23:00:00,2026-02-15T23:00:00,,,42.0
2026-01-25 03:00:00,22.9,21.525584069583164,1.0,Tema Community 25 Estate,tabular,ridge_ar_lag_fourier,h24,2026-01-04T23:00:00,2026-01-18T23:00:00,2026-02-15T23:00:00,,,42.0
2026-01-25 04:00:00,36.2,22.884930484532145,1.0,Tema Community 25 Estate,tabular,ridge_ar_lag_fourier,h24,2026-01-04T23:00:00,2026-01-18T23:00:00,2026-02-15T23:00:00,,,42.0
2026-01-25 05:00:00,25.8,25.838807248086088,1.0,Tema Community 25 Estate,tabular,ridge_ar_lag_fourier,h24,2026-01-04T23:00:00,2026-01-18T23:00:00,2026-02-15T23:00:00,,,42.0
2026-01-25 06:00:00,36.2,29.117827046416124,1.0,Tema Community 25 Estate,tabular,ridge_ar_lag_fourier,h24,2026-01-04T23:00:00,2026-01-18T23:00:00,2026-02-15T23:00:00,,,42.0
2026-01-25 07:00:00,56.3,28.949404875679285,1.0,Tema Community 25 Estate,tabular,ridge_ar_lag_fourier,h24,2026-01-04T23:00:00,2026-01-18T23:00:00,2026-02-15T23:00:00,,,42.0
2026-01-25 08:00:00,50.5,23.030431991531486,1.0,Tema Community 25 Estate,tabular,ridge_ar_lag_fourier,h24,2026-01-04T23:00:00,2026-01-18T23:00:00,2026-02-15T23:00:00,,,42.0
2026-01-25 09:00:00,28.1,26.878736463715963,1.0,Tema Community 25 Estate,tabular,ridge_ar_lag_fourier,h24,2026-01-04T23:00:00,2026-01-18T23:00:00,2026-02-15T23:00:00,,,42.0
2026-01-25 10:00:00,35.0,23.137695247514177,1.0,Tema Community 25 Estate,tabular,ridge_ar_lag_fourier,h24,2026-01-04T23:00:00,2026-01-18T23:00:00,2026-02-15T23:00:00,,,42.0
2026-01-25 11:00:00,41.5,23.440853765445347,1.0,Tema Community 25 Estate,tabular,ridge_ar_lag_fourier,h24,2026-01-04T23:00:00,2026-01-18T23:00:00,2026-02-15T23:00:00,,,42.0
2026-01-25 12:00:00,43.5,23.569326409140952,1.0,Tema Community 25 Estate,tabular,ridge_ar_lag_fourier,h24,2026-01-04T23:00:00,2026-01-18T23:00:00,2026-02-15T23:00:00,,,42.0
2026-01-25 13:00:00,43.2,22.957434693307615,1.0,Tema Community 25 Estate,tabular,ridge_ar_lag_fourier,h24,2026-01-04T23:00:00,2026-01-18T23:00:00,2026-02-15T23:00:00,,,42.0
2026-01-25 14:00:00,44.5,21.365933361119446,1.0,Tema Community 25 Estate,tabular,ridge_ar_lag_fourier,h24,2026-01-04T23:00:00,2026-01-18T23:00:00,2026-02-15T23:00:00,,,42.0
2026-01-25 15:00:00,42.0,20.569627176187513,1.0,Tema Community 25 Estate,tabular,ridge_ar_lag_fourier,h24,2026-01-04T23:00:00,2026-01-18T23:00:00,2026-02-15T23:00:00,,,42.0
2026-01-25 16:00:00,30.6,21.96601577410148,1.0,Tema Community 25 Estate,tabular,ridge_ar_lag_fourier,h24,2026-01-04T23:00:00,2026-01-18T23:00:00,2026-02-15T23:00:00,,,42.0
2026-01-25 17:00:00,26.9,23.13636310928389,1.0,Tema Community 25 Estate,tabular,ridge_ar_lag_fourier,h24,2026-01-04T23:00:00,2026-01-18T23:00:00,2026-02-15T23:00:00,,,42.0
2026-01-25 18:00:00,27.5,24.777816940127636,1.0,Tema Community 25 Estate,tabular,ridge_ar_lag_fourier,h24,2026-01-04T23:00:00,2026-01-18T23:00:00,2026-02-15T23:00:00,,,42.0
2026-01-25 19:00:00,38.7,24.96841486943753,1.0,Tema Community 25 Estate,tabular,ridge_ar_lag_fourier,h24,2026-01-04T23:00:00,2026-01-18T23:00:00,2026-02-15T23:00:00,,,42.0
2026-01-25 20:00:00,38.4,23.660669398051088,1.0,Tema Community 25 Estate,tabular,ridge_ar_lag_fourier,h24,2026-01-04T23:00:00,2026-01-18T23:00:00,2026-02-15T23:00:00,,,42.0
2026-01-25 21:00:00,41.7,20.68626524160369,1.0,Tema Community 25 Estate,tabular,ridge_ar_lag_fourier,h24,2026-01-04T23:00:00,2026-01-18T23:00:00,2026-02-15T23:00:00,,,42.0
2026-01-25 22:00:00,36.9,23.17994141483349,1.0,Tema Community 25 Estate,tabular,ridge_ar_lag_fourier,h24,2026-01-04T23:00:00,2026-01-18T23:00:00,2026-02-15T23:00:00,,,42.0
2026-01-25 23:00:00,40.3,22.16790872786698,1.0,Tema Community 25 Estate,tabular,ridge_ar_lag_fourier,h24,2026-01-04T23:00:00,2026-01-18T23:00:00,2026-02-15T23:00:00,,,42.0
2026-01-26 00:00:00,42.0,25.682645091653587,1.0,Tema Community 25 Estate,tabular,ridge_ar_lag_fourier,h24,2026-01-04T23:00:00,2026-01-18T23:00:00,2026-02-15T23:00:00,,,42.0
2026-01-26 01:00:00,36.2,23.71222180821434,1.0,Tema Community 25 Estate,tabular,ridge_ar_lag_fourier,h24,2026-01-04T23:00:00,2026-01-18T23:00:00,2026-02-15T23:00:00,,,42.0
2026-01-26 02:00:00,40.1,21.364779501507464,1.0,Tema Community 25 Estate,tabular,ridge_ar_lag_fourier,h24,2026-01-04T23:00:00,2026-01-18T23:00:00,2026-02-15T23:00:00,,,42.0
2026-01-26 03:00:00,30.7,21.259437169441355,1.0,Tema Community 25 Estate,tabular,ridge_ar_lag_fourier,h24,2026-01-04T23:00:00,2026-01-18T23:00:00,2026-02-15T23:00:00,,,42.0
2026-01-26 04:00:00,27.3,21.47487152585011,1.0,Tema Community 25 Estate,tabular,ridge_ar_lag_fourier,h24,2026-01-04T23:00:00,2026-01-18T23:00:00,2026-02-15T23:00:00,,,42.0
2026-01-26 05:00:00,32.1,25.942338482276767,1.0,Tema Community 25 Estate,tabular,ridge_ar_lag_fourier,h24,2026-01-04T23:00:00,2026-01-18T23:00:00,2026-02-15T23:00:00,,,42.0
2026-01-26 06:00:00,42.7,28.880409317287437,1.0,Tema Community 25 Estate,tabular,ridge_ar_lag_fourier,h24,2026-01-04T23:00:00,2026-01-18T23:00:00,2026-02-15T23:00:00,,,42.0
2026-01-26 07:00:00,45.1,29.12689862117628,1.0,Tema Community 25 Estate,tabular,ridge_ar_lag_fourier,h24,2026-01-04T23:00:00,2026-01-18T23:00:00,2026-02-15T23:00:00,,,42.0
2026-01-26 08:00:00,32.7,25.031547179444768,1.0,Tema Community 25 Estate,tabular,ridge_ar_lag_fourier,h24,2026-01-04T23:00:00,2026-01-18T23:00:00,2026-02-15T23:00:00,,,42.0
2026-01-26 09:00:00,27.5,22.529729161677693,1.0,Tema Community 25 Estate,tabular,ridge_ar_lag_fourier,h24,2026-01-04T23:00:00,2026-01-18T23:00:00,2026-02-15T23:00:00,,,42.0
2026-01-26 10:00:00,33.0,20.96294093412325,1.0,Tema Community 25 Estate,tabular,ridge_ar_lag_fourier,h24,2026-01-04T23:00:00,2026-01-18T23:00:00,2026-02-15T23:00:00,,,42.0
2026-01-26 11:00:00,40.4,23.88769583129776,1.0,Tema Community 25 Estate,tabular,ridge_ar_lag_fourier,h24,2026-01-04T23:00:00,2026-01-18T23:00:00,2026-02-15T23:00:00,,,42.0
2026-01-26 12:00:00,48.6,25.681803090724923,1.0,Tema Community 25 Estate,tabular,ridge_ar_lag_fourier,h24,2026-01-04T23:00:00,2026-01-18T23:00:00,2026-02-15T23:00:00,,,42.0
2026-01-26 13:00:00,43.5,25.310386550763482,1.0,Tema Community 25 Estate,tabular,ridge_ar_lag_fourier,h24,2026-01-04T23:00:00,2026-01-18T23:00:00,2026-02-15T23:00:00,,,42.0
2026-01-26 14:00:00,39.3,24.13522186043226,1.0,Tema Community 25 Estate,tabular,ridge_ar_lag_fourier,h24,2026-01-04T23:00:00,2026-01-18T23:00:00,2026-02-15T23:00:00,,,42.0
2026-01-26 15:00:00,35.6,22.750726750254188,1.0,Tema Community 25 Estate,tabular,ridge_ar_lag_fourier,h24,2026-01-04T23:00:00,2026-01-18T23:00:00,2026-02-15T23:00:00,,,42.0
2026-01-26 16:00:00,33.0,21.665465313460185,1.0,Tema Community 25 Estate,tabular,ridge_ar_lag_fourier,h24,2026-01-04T23:00:00,2026-01-18T23:00:00,2026-02-15T23:00:00,,,42.0
2026-01-26 17:00:00,33.5,21.789208186164508,1.0,Tema Community 25 Estate,tabular,ridge_ar_lag_fourier,h24,2026-01-04T23:00:00,2026-01-18T23:00:00,2026-02-15T23:00:00,,,42.0
2026-01-26 18:00:00,32.4,22.957162865889593,1.0,Tema Community 25 Estate,tabular,ridge_ar_lag_fourier,h24,2026-01-04T23:00:00,2026-01-18T23:00:00,2026-02-15T23:00:00,,,42.0
2026-01-26 19:00:00,33.2,21.728405638089367,1.0,Tema Community 25 Estate,tabular,ridge_ar_lag_fourier,h24,2026-01-04T23:00:00,2026-01-18T23:00:00,2026-02-15T23:00:00,,,42.0
2026-01-26 20:00:00,34.2,22.281114413927337,1.0,Tema Community 25 Estate,tabular,ridge_ar_lag_fourier,h24,2026-01-04T23:00:00,2026-01-18T23:00:00,2026-02-15T23:00:00,,,42.0
2026-01-26 21:00:00,29.0,20.054008421458388,1.0,Tema Community 25 Estate,tabular,ridge_ar_lag_fourier,h24,2026-01-04T23:00:00,2026-01-18T23:00:00,2026-02-15T23:00:00,,,42.0
2026-01-26 22:00:00,32.3,21.1528060727007,1.0,Tema Community 25 Estate,tabular,ridge_ar_lag_fourier,h24,2026-01-04T23:00:00,2026-01-18T23:00:00,2026-02-15T23:00:00,,,42.0
2026-01-26 23:00:00,32.4,22.16077860129108,1.0,Tema Community 25 Estate,tabular,ridge_ar_lag_fourier,h24,2026-01-04T23:00:00,2026-01-18T23:00:00,2026-02-15T23:00:00,,,42.0
2026-01-27 00:00:00,29.1,26.276690337957636,1.0,Tema Community 25 Estate,tabular,ridge_ar_lag_fourier,h24,2026-01-04T23:00:00,2026-01-18T23:00:00,2026-02-15T23:00:00,,,42.0
2026-01-27 01:00:00,32.2,24.81302209689955,1.0,Tema Community 25 Estate,tabular,ridge_ar_lag_fourier,h24,2026-01-04T23:00:00,2026-01-18T23:00:00,2026-02-15T23:00:00,,,42.0
2026-01-27 02:00:00,29.3,22.706656949804653,1.0,Tema Community 25 Estate,tabular,ridge_ar_lag_fourier,h24,2026-01-04T23:00:00,2026-01-18T23:00:00,2026-02-15T23:00:00,,,42.0
2026-01-27 03:00:00,26.4,23.722744071628718,1.0,Tema Community 25 Estate,tabular,ridge_ar_lag_fourier,h24,2026-01-04T23:00:00,2026-01-18T23:00:00,2026-02-15T23:00:00,,,42.0
2026-01-27 04:00:00,44.9,22.731871320276788,1.0,Tema Community 25 Estate,tabular,ridge_ar_lag_fourier,h24,2026-01-04T23:00:00,2026-01-18T23:00:00,2026-02-15T23:00:00,,,42.0
2026-01-27 05:00:00,36.4,23.00741385272245,1.0,Tema Community 25 Estate,tabular,ridge_ar_lag_fourier,h24,2026-01-04T23:00:00,2026-01-18T23:00:00,2026-02-15T23:00:00,,,42.0
2026-01-27 06:00:00,44.6,28.757101803983574,1.0,Tema Community 25 Estate,tabular,ridge_ar_lag_fourier,h24,2026-01-04T23:00:00,2026-01-18T23:00:00,2026-02-15T23:00:00,,,42.0
2026-01-27 07:00:00,43.3,31.163406584452495,1.0,Tema Community 25 Estate,tabular,ridge_ar_lag_fourier,h24,2026-01-04T23:00:00,2026-01-18T23:00:00,2026-02-15T23:00:00,,,42.0
2026-01-27 08:00:00,35.5,24.49253318119293,1.0,Tema Community 25 Estate,tabular,ridge_ar_lag_fourier,h24,2026-01-04T23:00:00,2026-01-18T23:00:00,2026-02-15T23:00:00,,,42.0
2026-01-27 09:00:00,34.2,19.933634218445757,1.0,Tema Community 25 Estate,tabular,ridge_ar_lag_fourier,h24,2026-01-04T23:00:00,2026-01-18T23:00:00,2026-02-15T23:00:00,,,42.0
2026-01-27 10:00:00,35.6,21.464306165654175,1.0,Tema Community 25 Estate,tabular,ridge_ar_lag_fourier,h24,2026-01-04T23:00:00,2026-01-18T23:00:00,2026-02-15T23:00:00,,,42.0
2026-01-27 11:00:00,38.0,24.737651880415218,1.0,Tema Community 25 Estate,tabular,ridge_ar_lag_fourier,h24,2026-01-04T23:00:00,2026-01-18T23:00:00,2026-02-15T23:00:00,,,42.0
2026-01-27 12:00:00,52.9,26.64804901806358,1.0,Tema Community 25 Estate,tabular,ridge_ar_lag_fourier,h24,2026-01-04T23:00:00,2026-01-18T23:00:00,2026-02-15T23:00:00,,,42.0
2026-01-27 13:00:00,51.2,27.046891331229006,1.0,Tema Community 25 Estate,tabular,ridge_ar_lag_fourier,h24,2026-01-04T23:00:00,2026-01-18T23:00:00,2026-02-15T23:00:00,,,42.0
2026-01-27 14:00:00,42.7,25.649639622670403,1.0,Tema Community 25 Estate,tabular,ridge_ar_lag_fourier,h24,2026-01-04T23:00:00,2026-01-18T23:00:00,2026-02-15T23:00:00,,,42.0
2026-01-27 15:00:00,41.7,22.466746365795103,1.0,Tema Community 25 Estate,tabular,ridge_ar_lag_fourier,h24,2026-01-04T23:00:00,2026-01-18T23:00:00,2026-02-15T23:00:00,,,42.0
2026-01-27 16:00:00,35.5,20.614025957583873,1.0,Tema Community 25 Estate,tabular,ridge_ar_lag_fourier,h24,2026-01-04T23:00:00,2026-01-18T23:00:00,2026-02-15T23:00:00,,,42.0
2026-01-27 17:00:00,31.6,21.316236970790307,1.0,Tema Community 25 Estate,tabular,ridge_ar_lag_fourier,h24,2026-01-04T23:00:00,2026-01-18T23:00:00,2026-02-15T23:00:00,,,42.0
2026-01-27 18:00:00,38.1,23.650824385395463,1.0,Tema Community 25 Estate,tabular,ridge_ar_lag_fourier,h24,2026-01-04T23:00:00,2026-01-18T23:00:00,2026-02-15T23:00:00,,,42.0
2026-01-27 19:00:00,51.1,22.060789659756473,1.0,Tema Community 25 Estate,tabular,ridge_ar_lag_fourier,h24,2026-01-04T23:00:00,2026-01-18T23:00:00,2026-02-15T23:00:00,,,42.0
2026-01-27 20:00:00,40.4,20.930835200335785,1.0,Tema Community 25 Estate,tabular,ridge_ar_lag_fourier,h24,2026-01-04T23:00:00,2026-01-18T23:00:00,2026-02-15T23:00:00,,,42.0
2026-01-27 21:00:00,37.2,18.89999875774102,1.0,Tema Community 25 Estate,tabular,ridge_ar_lag_fourier,h24,2026-01-04T23:00:00,2026-01-18T23:00:00,2026-02-15T23:00:00,,,42.0
2026-01-27 22:00:00,35.1,18.059845342366195,1.0,Tema Community 25 Estate,tabular,ridge_ar_lag_fourier,h24,2026-01-04T23:00:00,2026-01-18T23:00:00,2026-02-15T23:00:00,,,42.0
2026-01-27 23:00:00,37.7,19.563809259399687,1.0,Tema Community 25 Estate,tabular,ridge_ar_lag_fourier,h24,2026-01-04T23:00:00,2026-01-18T23:00:00,2026-02-15T23:00:00,,,42.0
2026-01-28 00:00:00,32.9,24.916384001670203,1.0,Tema Community 25 Estate,tabular,ridge_ar_lag_fourier,h24,2026-01-04T23:00:00,2026-01-18T23:00:00,2026-02-15T23:00:00,,,42.0
2026-01-28 01:00:00,32.2,22.75363893620865,1.0,Tema Community 25 Estate,tabular,ridge_ar_lag_fourier,h24,2026-01-04T23:00:00,2026-01-18T23:00:00,2026-02-15T23:00:00,,,42.0
2026-01-28 02:00:00,32.2,21.981347173695948,1.0,Tema Community 25 Estate,tabular,ridge_ar_lag_fourier,h24,2026-01-04T23:00:00,2026-01-18T23:00:00,2026-02-15T23:00:00,,,42.0
2026-01-28 03:00:00,30.3,21.076084844700382,1.0,Tema Community 25 Estate,tabular,ridge_ar_lag_fourier,h24,2026-01-04T23:00:00,2026-01-18T23:00:00,2026-02-15T23:00:00,,,42.0
2026-01-28 04:00:00,32.0,21.776872116538414,1.0,Tema Community 25 Estate,tabular,ridge_ar_lag_fourier,h24,2026-01-04T23:00:00,2026-01-18T23:00:00,2026-02-15T23:00:00,,,42.0
2026-01-28 05:00:00,39.6,26.536468196218266,1.0,Tema Community 25 Estate,tabular,ridge_ar_lag_fourier,h24,2026-01-04T23:00:00,2026-01-18T23:00:00,2026-02-15T23:00:00,,,42.0
2026-01-28 06:00:00,45.2,33.74926421324576,1.0,Tema Community 25 Estate,tabular,ridge_ar_lag_fourier,h24,2026-01-04T23:00:00,2026-01-18T23:00:00,2026-02-15T23:00:00,,,42.0
2026-01-28 07:00:00,47.8,34.67662084640315,1.0,Tema Community 25 Estate,tabular,ridge_ar_lag_fourier,h24,2026-01-04T23:00:00,2026-01-18T23:00:00,2026-02-15T23:00:00,,,42.0
2026-01-28 08:00:00,44.9,23.89489277095475,1.0,Tema Community 25 Estate,tabular,ridge_ar_lag_fourier,h24,2026-01-04T23:00:00,2026-01-18T23:00:00,2026-02-15T23:00:00,,,42.0
2026-01-28 09:00:00,41.1,18.98685548897115,1.0,Tema Community 25 Estate,tabular,ridge_ar_lag_fourier,h24,2026-01-04T23:00:00,2026-01-18T23:00:00,2026-02-15T23:00:00,,,42.0
2026-01-28 10:00:00,39.9,22.214010703926025,1.0,Tema Community 25 Estate,tabular,ridge_ar_lag_fourier,h24,2026-01-04T23:00:00,2026-01-18T23:00:00,2026-02-15T23:00:00,,,42.0
2026-01-28 11:00:00,44.3,24.548517110803278,1.0,Tema Community 25 Estate,tabular,ridge_ar_lag_fourier,h24,2026-01-04T23:00:00,2026-01-18T23:00:00,2026-02-15T23:00:00,,,42.0
2026-01-28 12:00:00,58.3,26.79855274643274,1.0,Tema Community 25 Estate,tabular,ridge_ar_lag_fourier,h24,2026-01-04T23:00:00,2026-01-18T23:00:00,2026-02-15T23:00:00,,,42.0
2026-01-28 13:00:00,59.0,28.040002915054217,1.0,Tema Community 25 Estate,tabular,ridge_ar_lag_fourier,h24,2026-01-04T23:00:00,2026-01-18T23:00:00,2026-02-15T23:00:00,,,42.0
2026-01-28 14:00:00,54.8,26.76056643096037,1.0,Tema Community 25 Estate,tabular,ridge_ar_lag_fourier,h24,2026-01-04T23:00:00,2026-01-18T23:00:00,2026-02-15T23:00:00,,,42.0
2026-01-28 15:00:00,46.7,23.277296176553456,1.0,Tema Community 25 Estate,tabular,ridge_ar_lag_fourier,h24,2026-01-04T23:00:00,2026-01-18T23:00:00,2026-02-15T23:00:00,,,42.0
2026-01-28 16:00:00,39.3,21.15006493571778,1.0,Tema Community 25 Estate,tabular,ridge_ar_lag_fourier,h24,2026-01-04T23:00:00,2026-01-18T23:00:00,2026-02-15T23:00:00,,,42.0
2026-01-28 17:00:00,40.8,21.53590783581452,1.0,Tema Community 25 Estate,tabular,ridge_ar_lag_fourier,h24,2026-01-04T23:00:00,2026-01-18T23:00:00,2026-02-15T23:00:00,,,42.0
2026-01-28 18:00:00,39.1,22.421629962616613,1.0,Tema Community 25 Estate,tabular,ridge_ar_lag_fourier,h24,2026-01-04T23:00:00,2026-01-18T23:00:00,2026-02-15T23:00:00,,,42.0
2026-01-28 19:00:00,42.9,22.913784990113754,1.0,Tema Community 25 Estate,tabular,ridge_ar_lag_fourier,h24,2026-01-04T23:00:00,2026-01-18T23:00:00,2026-02-15T23:00:00,,,42.0
2026-01-28 20:00:00,37.3,21.050137238532717,1.0,Tema Community 25 Estate,tabular,ridge_ar_lag_fourier,h24,2026-01-04T23:00:00,2026-01-18T23:00:00,2026-02-15T23:00:00,,,42.0
2026-01-28 21:00:00,46.4,20.12037024032402,1.0,Tema Community 25 Estate,tabular,ridge_ar_lag_fourier,h24,2026-01-04T23:00:00,2026-01-18T23:00:00,2026-02-15T23:00:00,,,42.0
2026-01-28 22:00:00,46.6,19.84773202748761,1.0,Tema Community 25 Estate,tabular,ridge_ar_lag_fourier,h24,2026-01-04T23:00:00,2026-01-18T23:00:00,2026-02-15T23:00:00,,,42.0
2026-01-28 23:00:00,43.3,20.57423267263674,1.0,Tema Community 25 Estate,tabular,ridge_ar_lag_fourier,h24,2026-01-04T23:00:00,2026-01-18T23:00:00,2026-02-15T23:00:00,,,42.0
2026-01-29 00:00:00,38.4,25.940945427455674,1.0,Tema Community 25 Estate,tabular,ridge_ar_lag_fourier,h24,2026-01-04T23:00:00,2026-01-18T23:00:00,2026-02-15T23:00:00,,,42.0
2026-01-29 01:00:00,40.6,23.448222125935064,1.0,Tema Community 25 Estate,tabular,ridge_ar_lag_fourier,h24,2026-01-04T23:00:00,2026-01-18T23:00:00,2026-02-15T23:00:00,,,42.0
2026-01-29 02:00:00,36.5,22.112637607576666,1.0,Tema Community 25 Estate,tabular,ridge_ar_lag_fourier,h24,2026-01-04T23:00:00,2026-01-18T23:00:00,2026-02-15T23:00:00,,,42.0
2026-01-29 03:00:00,30.4,21.744939082442976,1.0,Tema Community 25 Estate,tabular,ridge_ar_lag_fourier,h24,2026-01-04T23:00:00,2026-01-18T23:00:00,2026-02-15T23:00:00,,,42.0
2026-01-29 04:00:00,34.9,23.504122671297516,1.0,Tema Community 25 Estate,tabular,ridge_ar_lag_fourier,h24,2026-01-04T23:00:00,2026-01-18T23:00:00,2026-02-15T23:00:00,,,42.0
2026-01-29 05:00:00,45.6,24.941897506062688,1.0,Tema Community 25 Estate,tabular,ridge_ar_lag_fourier,h24,2026-01-04T23:00:00,2026-01-18T23:00:00,2026-02-15T23:00:00,,,42.0
2026-01-29 06:00:00,57.5,32.29854381337827,1.0,Tema Community 25 Estate,tabular,ridge_ar_lag_fourier,h24,2026-01-04T23:00:00,2026-01-18T23:00:00,2026-02-15T23:00:00,,,42.0
2026-01-29 07:00:00,54.1,30.849760089568697,1.0,Tema Community 25 Estate,tabular,ridge_ar_lag_fourier,h24,2026-01-04T23:00:00,2026-01-18T23:00:00,2026-02-15T23:00:00,,,42.0
2026-01-29 08:00:00,44.1,24.667301654926405,1.0,Tema Community 25 Estate,tabular,ridge_ar_lag_fourier,h24,2026-01-04T23:00:00,2026-01-18T23:00:00,2026-02-15T23:00:00,,,42.0
2026-01-29 09:00:00,38.9,21.693829889030997,1.0,Tema Community 25 Estate,tabular,ridge_ar_lag_fourier,h24,2026-01-04T23:00:00,2026-01-18T23:00:00,2026-02-15T23:00:00,,,42.0
2026-01-29 10:00:00,37.0,22.67697056930865,1.0,Tema Community 25 Estate,tabular,ridge_ar_lag_fourier,h24,2026-01-04T23:00:00,2026-01-18T23:00:00,2026-02-15T23:00:00,,,42.0
2026-01-29 11:00:00,36.1,25.688285703383695,1.0,Tema Community 25 Estate,tabular,ridge_ar_lag_fourier,h24,2026-01-04T23:00:00,2026-01-18T23:00:00,2026-02-15T23:00:00,,,42.0
2026-01-29 12:00:00,37.8,28.744397633665372,1.0,Tema Community 25 Estate,tabular,ridge_ar_lag_fourier,h24,2026-01-04T23:00:00,2026-01-18T23:00:00,2026-02-15T23:00:00,,,42.0
2026-01-29 13:00:00,48.9,29.566770455249724,1.0,Tema Community 25 Estate,tabular,ridge_ar_lag_fourier,h24,2026-01-04T23:00:00,2026-01-18T23:00:00,2026-02-15T23:00:00,,,42.0
2026-01-29 14:00:00,41.1,28.223918354648816,1.0,Tema Community 25 Estate,tabular,ridge_ar_lag_fourier,h24,2026-01-04T23:00:00,2026-01-18T23:00:00,2026-02-15T23:00:00,,,42.0
2026-01-29 15:00:00,34.6,25.333482493980732,1.0,Tema Community 25 Estate,tabular,ridge_ar_lag_fourier,h24,2026-01-04T23:00:00,2026-01-18T23:00:00,2026-02-15T23:00:00,,,42.0
2026-01-29 16:00:00,34.7,21.798706838224632,1.0,Tema Community 25 Estate,tabular,ridge_ar_lag_fourier,h24,2026-01-04T23:00:00,2026-01-18T23:00:00,2026-02-15T23:00:00,,,42.0
2026-01-29 17:00:00,38.8,22.438817697869847,1.0,Tema Community 25 Estate,tabular,ridge_ar_lag_fourier,h24,2026-01-04T23:00:00,2026-01-18T23:00:00,2026-02-15T23:00:00,,,42.0
2026-01-29 18:00:00,39.9,24.598975196116072,1.0,Tema Community 25 Estate,tabular,ridge_ar_lag_fourier,h24,2026-01-04T23:00:00,2026-01-18T23:00:00,2026-02-15T23:00:00,,,42.0
2026-01-29 19:00:00,38.1,23.097430238245813,1.0,Tema Community 25 Estate,tabular,ridge_ar_lag_fourier,h24,2026-01-04T23:00:00,2026-01-18T23:00:00,2026-02-15T23:00:00,,,42.0
2026-01-29 20:00:00,33.6,19.27029713813205,1.0,Tema Community 25 Estate,tabular,ridge_ar_lag_fourier,h24,2026-01-04T23:00:00,2026-01-18T23:00:00,2026-02-15T23:00:00,,,42.0
2026-01-29 21:00:00,31.0,19.051131230463575,1.0,Tema Community 25 Estate,tabular,ridge_ar_lag_fourier,h24,2026-01-04T23:00:00,2026-01-18T23:00:00,2026-02-15T23:00:00,,,42.0
2026-01-29 22:00:00,29.9,20.80070838473727,1.0,Tema Community 25 Estate,tabular,ridge_ar_lag_fourier,h24,2026-01-04T23:00:00,2026-01-18T23:00:00,2026-02-15T23:00:00,,,42.0
2026-01-29 23:00:00,29.9,23.136032594930604,1.0,Tema Community 25 Estate,tabular,ridge_ar_lag_fourier,h24,2026-01-04T23:00:00,2026-01-18T23:00:00,2026-02-15T23:00:00,,,42.0
2026-01-30 00:00:00,29.9,29.873327531468806,1.0,Tema Community 25 Estate,tabular,ridge_ar_lag_fourier,h24,2026-01-04T23:00:00,2026-01-18T23:00:00,2026-02-15T23:00:00,,,42.0
2026-01-30 01:00:00,28.4,27.093783856886127,1.0,Tema Community 25 Estate,tabular,ridge_ar_lag_fourier,h24,2026-01-04T23:00:00,2026-01-18T23:00:00,2026-02-15T23:00:00,,,42.0
2026-01-30 02:00:00,27.5,26.167223925652152,1.0,Tema Community 25 Estate,tabular,ridge_ar_lag_fourier,h24,2026-01-04T23:00:00,2026-01-18T23:00:00,2026-02-15T23:00:00,,,42.0
2026-01-30 03:00:00,28.8,24.837208289266158,1.0,Tema Community 25 Estate,tabular,ridge_ar_lag_fourier,h24,2026-01-04T23:00:00,2026-01-18T23:00:00,2026-02-15T23:00:00,,,42.0
2026-01-30 04:00:00,30.8,24.6367300858769,1.0,Tema Community 25 Estate,tabular,ridge_ar_lag_fourier,h24,2026-01-04T23:00:00,2026-01-18T23:00:00,2026-02-15T23:00:00,,,42.0
2026-01-30 05:00:00,36.6,24.768576648526842,1.0,Tema Community 25 Estate,tabular,ridge_ar_lag_fourier,h24,2026-01-04T23:00:00,2026-01-18T23:00:00,2026-02-15T23:00:00,,,42.0
2026-01-30 06:00:00,43.7,30.802867389092725,1.0,Tema Community 25 Estate,tabular,ridge_ar_lag_fourier,h24,2026-01-04T23:00:00,2026-01-18T23:00:00,2026-02-15T23:00:00,,,42.0
2026-01-30 07:00:00,40.1,32.623961549172456,1.0,Tema Community 25 Estate,tabular,ridge_ar_lag_fourier,h24,2026-01-04T23:00:00,2026-01-18T23:00:00,2026-02-15T23:00:00,,,42.0
2026-01-30 08:00:00,31.8,26.410384564504287,1.0,Tema Community 25 Estate,tabular,ridge_ar_lag_fourier,h24,2026-01-04T23:00:00,2026-01-18T23:00:00,2026-02-15T23:00:00,,,42.0
2026-01-30 09:00:00,27.9,21.896383083499114,1.0,Tema Community 25 Estate,tabular,ridge_ar_lag_fourier,h24,2026-01-04T23:00:00,2026-01-18T23:00:00,2026-02-15T23:00:00,,,42.0
2026-01-30 10:00:00,29.3,23.6161234378928,1.0,Tema Community 25 Estate,tabular,ridge_ar_lag_fourier,h24,2026-01-04T23:00:00,2026-01-18T23:00:00,2026-02-15T23:00:00,,,42.0
2026-01-30 11:00:00,30.4,27.273621643007722,1.0,Tema Community 25 Estate,tabular,ridge_ar_lag_fourier,h24,2026-01-04T23:00:00,2026-01-18T23:00:00,2026-02-15T23:00:00,,,42.0
2026-01-30 12:00:00,34.3,29.77821514783725,1.0,Tema Community 25 Estate,tabular,ridge_ar_lag_fourier,h24,2026-01-04T23:00:00,2026-01-18T23:00:00,2026-02-15T23:00:00,,,42.0
2026-01-30 13:00:00,36.7,28.017173031956418,1.0,Tema Community 25 Estate,tabular,ridge_ar_lag_fourier,h24,2026-01-04T23:00:00,2026-01-18T23:00:00,2026-02-15T23:00:00,,,42.0
2026-01-30 14:00:00,35.4,27.431910442467412,1.0,Tema Community 25 Estate,tabular,ridge_ar_lag_fourier,h24,2026-01-04T23:00:00,2026-01-18T23:00:00,2026-02-15T23:00:00,,,42.0
2026-01-30 15:00:00,32.6,24.100264031141183,1.0,Tema Community 25 Estate,tabular,ridge_ar_lag_fourier,h24,2026-01-04T23:00:00,2026-01-18T23:00:00,2026-02-15T23:00:00,,,42.0
2026-01-30 16:00:00,31.8,20.738021769933315,1.0,Tema Community 25 Estate,tabular,ridge_ar_lag_fourier,h24,2026-01-04T23:00:00,2026-01-18T23:00:00,2026-02-15T23:00:00,,,42.0
2026-01-30 17:00:00,40.0,22.313101575023065,1.0,Tema Community 25 Estate,tabular,ridge_ar_lag_fourier,h24,2026-01-04T23:00:00,2026-01-18T23:00:00,2026-02-15T23:00:00,,,42.0
2026-01-30 18:00:00,37.7,24.677225304788607,1.0,Tema Community 25 Estate,tabular,ridge_ar_lag_fourier,h24,2026-01-04T23:00:00,2026-01-18T23:00:00,2026-02-15T23:00:00,,,42.0
2026-01-30 19:00:00,33.0,23.119457130655967,1.0,Tema Community 25 Estate,tabular,ridge_ar_lag_fourier,h24,2026-01-04T23:00:00,2026-01-18T23:00:00,2026-02-15T23:00:00,,,42.0
2026-01-30 20:00:00,32.7,20.57995546033735,1.0,Tema Community 25 Estate,tabular,ridge_ar_lag_fourier,h24,2026-01-04T23:00:00,2026-01-18T23:00:00,2026-02-15T23:00:00,,,42.0
2026-01-30 21:00:00,34.8,22.193304578068176,1.0,Tema Community 25 Estate,tabular,ridge_ar_lag_fourier,h24,2026-01-04T23:00:00,2026-01-18T23:00:00,2026-02-15T23:00:00,,,42.0
2026-01-30 22:00:00,29.7,21.995307718650825,1.0,Tema Community 25 Estate,tabular,ridge_ar_lag_fourier,h24,2026-01-04T23:00:00,2026-01-18T23:00:00,2026-02-15T23:00:00,,,42.0
2026-01-30 23:00:00,30.7,22.97696164437884,1.0,Tema Community 25 Estate,tabular,ridge_ar_lag_fourier,h24,2026-01-04T23:00:00,2026-01-18T23:00:00,2026-02-15T23:00:00,,,42.0
2026-01-31 00:00:00,26.8,26.715607905888895,1.0,Tema Community 25 Estate,tabular,ridge_ar_lag_fourier,h24,2026-01-04T23:00:00,2026-01-18T23:00:00,2026-02-15T23:00:00,,,42.0
2026-01-31 01:00:00,41.5,24.49047196881024,1.0,Tema Community 25 Estate,tabular,ridge_ar_lag_fourier,h24,2026-01-04T23:00:00,2026-01-18T23:00:00,2026-02-15T23:00:00,,,42.0
2026-01-31 02:00:00,35.8,22.630945025323072,1.0,Tema Community 25 Estate,tabular,ridge_ar_lag_fourier,h24,2026-01-04T23:00:00,2026-01-18T23:00:00,2026-02-15T23:00:00,,,42.0
2026-01-31 03:00:00,33.3,20.783361516475228,1.0,Tema Community 25 Estate,tabular,ridge_ar_lag_fourier,h24,2026-01-04T23:00:00,2026-01-18T23:00:00,2026-02-15T23:00:00,,,42.0
2026-01-31 04:00:00,33.6,24.941309351794658,1.0,Tema Community 25 Estate,tabular,ridge_ar_lag_fourier,h24,2026-01-04T23:00:00,2026-01-18T23:00:00,2026-02-15T23:00:00,,,42.0
2026-01-31 05:00:00,39.6,26.896549182227265,1.0,Tema Community 25 Estate,tabular,ridge_ar_lag_fourier,h24,2026-01-04T23:00:00,2026-01-18T23:00:00,2026-02-15T23:00:00,,,42.0
2026-01-31 06:00:00,46.8,32.71570896479429,1.0,Tema Community 25 Estate,tabular,ridge_ar_lag_fourier,h24,2026-01-04T23:00:00,2026-01-18T23:00:00,2026-02-15T23:00:00,,,42.0
2026-01-31 07:00:00,46.0,34.14224285325723,1.0,Tema Community 25 Estate,tabular,ridge_ar_lag_fourier,h24,2026-01-04T23:00:00,2026-01-18T23:00:00,2026-02-15T23:00:00,,,42.0
2026-01-31 08:00:00,39.7,26.456373375029692,1.0,Tema Community 25 Estate,tabular,ridge_ar_lag_fourier,h24,2026-01-04T23:00:00,2026-01-18T23:00:00,2026-02-15T23:00:00,,,42.0
2026-01-31 09:00:00,39.0,22.878818697253333,1.0,Tema Community 25 Estate,tabular,ridge_ar_lag_fourier,h24,2026-01-04T23:00:00,2026-01-18T23:00:00,2026-02-15T23:00:00,,,42.0
2026-01-31 10:00:00,39.8,24.045835185238,1.0,Tema Community 25 Estate,tabular,ridge_ar_lag_fourier,h24,2026-01-04T23:00:00,2026-01-18T23:00:00,2026-02-15T23:00:00,,,42.0
2026-01-31 11:00:00,40.9,26.869317315964793,1.0,Tema Community 25 Estate,tabular,ridge_ar_lag_fourier,h24,2026-01-04T23:00:00,2026-01-18T23:00:00,2026-02-15T23:00:00,,,42.0
2026-01-31 12:00:00,33.3,29.729844806330924,1.0,Tema Community 25 Estate,tabular,ridge_ar_lag_fourier,h24,2026-01-04T23:00:00,2026-01-18T23:00:00,2026-02-15T23:00:00,,,42.0
2026-01-31 13:00:00,29.9,28.384463769070024,1.0,Tema Community 25 Estate,tabular,ridge_ar_lag_fourier,h24,2026-01-04T23:00:00,2026-01-18T23:00:00,2026-02-15T23:00:00,,,42.0
2026-01-31 14:00:00,29.3,26.321699204186352,1.0,Tema Community 25 Estate,tabular,ridge_ar_lag_fourier,h24,2026-01-04T23:00:00,2026-01-18T23:00:00,2026-02-15T23:00:00,,,42.0
2026-01-31 15:00:00,29.8,24.2645153194519,1.0,Tema Community 25 Estate,tabular,ridge_ar_lag_fourier,h24,2026-01-04T23:00:00,2026-01-18T23:00:00,2026-02-15T23:00:00,,,42.0
2026-01-31 16:00:00,32.6,21.979965140168662,1.0,Tema Community 25 Estate,tabular,ridge_ar_lag_fourier,h24,2026-01-04T23:00:00,2026-01-18T23:00:00,2026-02-15T23:00:00,,,42.0
2026-01-31 17:00:00,35.0,23.344265218623185,1.0,Tema Community 25 Estate,tabular,ridge_ar_lag_fourier,h24,2026-01-04T23:00:00,2026-01-18T23:00:00,2026-02-15T23:00:00,,,42.0
2026-01-31 18:00:00,33.1,26.234430202459045,1.0,Tema Community 25 Estate,tabular,ridge_ar_lag_fourier,h24,2026-01-04T23:00:00,2026-01-18T23:00:00,2026-02-15T23:00:00,,,42.0
2026-01-31 19:00:00,30.6,25.850341897182492,1.0,Tema Community 25 Estate,tabular,ridge_ar_lag_fourier,h24,2026-01-04T23:00:00,2026-01-18T23:00:00,2026-02-15T23:00:00,,,42.0
2026-01-31 20:00:00,30.6,21.959202551929724,1.0,Tema Community 25 Estate,tabular,ridge_ar_lag_fourier,h24,2026-01-04T23:00:00,2026-01-18T23:00:00,2026-02-15T23:00:00,,,42.0
2026-01-31 21:00:00,28.2,23.370283521944668,1.0,Tema Community 25 Estate,tabular,ridge_ar_lag_fourier,h24,2026-01-04T23:00:00,2026-01-18T23:00:00,2026-02-15T23:00:00,,,42.0
2026-01-31 22:00:00,28.1,21.98189280851677,1.0,Tema Community 25 Estate,tabular,ridge_ar_lag_fourier,h24,2026-01-04T23:00:00,2026-01-18T23:00:00,2026-02-15T23:00:00,,,42.0
2026-01-31 23:00:00,26.3,21.80963333630725,1.0,Tema Community 25 Estate,tabular,ridge_ar_lag_fourier,h24,2026-01-04T23:00:00,2026-01-18T23:00:00,2026-02-15T23:00:00,,,42.0
2026-02-01 00:00:00,28.0,25.35178349727538,1.0,Tema Community 25 Estate,tabular,ridge_ar_lag_fourier,h24,2026-01-04T23:00:00,2026-01-18T23:00:00,2026-02-15T23:00:00,,,42.0
2026-02-01 01:00:00,24.8,24.078722452126627,1.0,Tema Community 25 Estate,tabular,ridge_ar_lag_fourier,h24,2026-01-04T23:00:00,2026-01-18T23:00:00,2026-02-15T23:00:00,,,42.0
2026-02-01 02:00:00,24.9,25.373237797815516,1.0,Tema Community 25 Estate,tabular,ridge_ar_lag_fourier,h24,2026-01-04T23:00:00,2026-01-18T23:00:00,2026-02-15T23:00:00,,,42.0
2026-02-01 03:00:00,26.6,22.8637375263538,1.0,Tema Community 25 Estate,tabular,ridge_ar_lag_fourier,h24,2026-01-04T23:00:00,2026-01-18T23:00:00,2026-02-15T23:00:00,,,42.0
2026-02-01 04:00:00,24.7,26.72815391449228,1.0,Tema Community 25 Estate,tabular,ridge_ar_lag_fourier,h24,2026-01-04T23:00:00,2026-01-18T23:00:00,2026-02-15T23:00:00,,,42.0
2026-02-01 05:00:00,25.2,29.20917716537052,1.0,Tema Community 25 Estate,tabular,ridge_ar_lag_fourier,h24,2026-01-04T23:00:00,2026-01-18T23:00:00,2026-02-15T23:00:00,,,42.0
2026-02-01 06:00:00,43.2,35.63057263163912,1.0,Tema Community 25 Estate,tabular,ridge_ar_lag_fourier,h24,2026-01-04T23:00:00,2026-01-18T23:00:00,2026-02-15T23:00:00,,,42.0
2026-02-01 07:00:00,39.4,36.69616082834529,1.0,Tema Community 25 Estate,tabular,ridge_ar_lag_fourier,h24,2026-01-04T23:00:00,2026-01-18T23:00:00,2026-02-15T23:00:00,,,42.0
2026-02-01 08:00:00,35.4,29.740284051955683,1.0,Tema Community 25 Estate,tabular,ridge_ar_lag_fourier,h24,2026-01-04T23:00:00,2026-01-18T23:00:00,2026-02-15T23:00:00,,,42.0
2026-02-01 09:00:00,33.9,25.04684966599622,1.0,Tema Community 25 Estate,tabular,ridge_ar_lag_fourier,h24,2026-01-04T23:00:00,2026-01-18T23:00:00,2026-02-15T23:00:00,,,42.0
2026-02-01 10:00:00,39.0,25.59314838835658,1.0,Tema Community 25 Estate,tabular,ridge_ar_lag_fourier,h24,2026-01-04T23:00:00,2026-01-18T23:00:00,2026-02-15T23:00:00,,,42.0
2026-02-01 11:00:00,39.6,27.36688735549817,1.0,Tema Community 25 Estate,tabular,ridge_ar_lag_fourier,h24,2026-01-04T23:00:00,2026-01-18T23:00:00,2026-02-15T23:00:00,,,42.0
2026-02-01 12:00:00,28.7,30.987227292384198,1.0,Tema Community 25 Estate,tabular,ridge_ar_lag_fourier,h24,2026-01-04T23:00:00,2026-01-18T23:00:00,2026-02-15T23:00:00,,,42.0
2026-02-01 13:00:00,24.4,29.63684867373568,1.0,Tema Community 25 Estate,tabular,ridge_ar_lag_fourier,h24,2026-01-04T23:00:00,2026-01-18T23:00:00,2026-02-15T23:00:00,,,42.0
2026-02-01 14:00:00,22.4,26.544479096611326,1.0,Tema Community 25 Estate,tabular,ridge_ar_lag_fourier,h24,2026-01-04T23:00:00,2026-01-18T23:00:00,2026-02-15T23:00:00,,,42.0
2026-02-01 15:00:00,25.9,24.22052386869591,1.0,Tema Community 25 Estate,tabular,ridge_ar_lag_fourier,h24,2026-01-04T23:00:00,2026-01-18T23:00:00,2026-02-15T23:00:00,,,42.0
2026-02-01 16:00:00,17.5,22.662145422525768,1.0,Tema Community 25 Estate,tabular,ridge_ar_lag_fourier,h24,2026-01-04T23:00:00,2026-01-18T23:00:00,2026-02-15T23:00:00,,,42.0
2026-02-01 17:00:00,22.9,23.56847367054797,1.0,Tema Community 25 Estate,tabular,ridge_ar_lag_fourier,h24,2026-01-04T23:00:00,2026-01-18T23:00:00,2026-02-15T23:00:00,,,42.0
2026-02-01 18:00:00,26.6,24.438263159733044,1.0,Tema Community 25 Estate,tabular,ridge_ar_lag_fourier,h24,2026-01-04T23:00:00,2026-01-18T23:00:00,2026-02-15T23:00:00,,,42.0
2026-02-01 19:00:00,27.1,26.852166573049765,1.0,Tema Community 25 Estate,tabular,ridge_ar_lag_fourier,h24,2026-01-04T23:00:00,2026-01-18T23:00:00,2026-02-15T23:00:00,,,42.0
2026-02-01 20:00:00,24.5,23.17573389013839,1.0,Tema Community 25 Estate,tabular,ridge_ar_lag_fourier,h24,2026-01-04T23:00:00,2026-01-18T23:00:00,2026-02-15T23:00:00,,,42.0
2026-02-01 21:00:00,32.1,23.678112696762852,1.0,Tema Community 25 Estate,tabular,ridge_ar_lag_fourier,h24,2026-01-04T23:00:00,2026-01-18T23:00:00,2026-02-15T23:00:00,,,42.0
2026-02-01 22:00:00,25.7,21.899506652482764,1.0,Tema Community 25 Estate,tabular,ridge_ar_lag_fourier,h24,2026-01-04T23:00:00,2026-01-18T23:00:00,2026-02-15T23:00:00,,,42.0
2026-02-01 23:00:00,24.3,21.810072840034103,1.0,Tema Community 25 Estate,tabular,ridge_ar_lag_fourier,h24,2026-01-04T23:00:00,2026-01-18T23:00:00,2026-02-15T23:00:00,,,42.0
2026-02-02 00:00:00,27.9,27.626311858674576,1.0,Tema Community 25 Estate,tabular,ridge_ar_lag_fourier,h24,2026-01-04T23:00:00,2026-01-18T23:00:00,2026-02-15T23:00:00,,,42.0
2026-02-02 01:00:00,24.9,27.852598774213174,1.0,Tema Community 25 Estate,tabular,ridge_ar_lag_fourier,h24,2026-01-04T23:00:00,2026-01-18T23:00:00,2026-02-15T23:00:00,,,42.0
2026-02-02 02:00:00,21.6,27.094151018915788,1.0,Tema Community 25 Estate,tabular,ridge_ar_lag_fourier,h24,2026-01-04T23:00:00,2026-01-18T23:00:00,2026-02-15T23:00:00,,,42.0
2026-02-02 03:00:00,24.4,23.68597282639019,1.0,Tema Community 25 Estate,tabular,ridge_ar_lag_fourier,h24,2026-01-04T23:00:00,2026-01-18T23:00:00,2026-02-15T23:00:00,,,42.0
2026-02-02 04:00:00,22.0,27.426059021192177,1.0,Tema Community 25 Estate,tabular,ridge_ar_lag_fourier,h24,2026-01-04T23:00:00,2026-01-18T23:00:00,2026-02-15T23:00:00,,,42.0
2026-02-02 05:00:00,38.5,28.788492961581134,1.0,Tema Community 25 Estate,tabular,ridge_ar_lag_fourier,h24,2026-01-04T23:00:00,2026-01-18T23:00:00,2026-02-15T23:00:00,,,42.0
2026-02-02 06:00:00,42.3,33.204523985626935,1.0,Tema Community 25 Estate,tabular,ridge_ar_lag_fourier,h24,2026-01-04T23:00:00,2026-01-18T23:00:00,2026-02-15T23:00:00,,,42.0
2026-02-02 07:00:00,51.0,35.91750622039424,1.0,Tema Community 25 Estate,tabular,ridge_ar_lag_fourier,h24,2026-01-04T23:00:00,2026-01-18T23:00:00,2026-02-15T23:00:00,,,42.0
2026-02-02 08:00:00,30.2,30.024651299067713,1.0,Tema Community 25 Estate,tabular,ridge_ar_lag_fourier,h24,2026-01-04T23:00:00,2026-01-18T23:00:00,2026-02-15T23:00:00,,,42.0
2026-02-02 09:00:00,31.1,26.297163219479582,1.0,Tema Community 25 Estate,tabular,ridge_ar_lag_fourier,h24,2026-01-04T23:00:00,2026-01-18T23:00:00,2026-02-15T23:00:00,,,42.0
2026-02-02 10:00:00,32.8,27.46372427442023,1.0,Tema Community 25 Estate,tabular,ridge_ar_lag_fourier,h24,2026-01-04T23:00:00,2026-01-18T23:00:00,2026-02-15T23:00:00,,,42.0
2026-02-02 11:00:00,26.8,29.082888159259596,1.0,Tema Community 25 Estate,tabular,ridge_ar_lag_fourier,h24,2026-01-04T23:00:00,2026-01-18T23:00:00,2026-02-15T23:00:00,,,42.0
2026-02-02 12:00:00,24.1,31.04842230506715,1.0,Tema Community 25 Estate,tabular,ridge_ar_lag_fourier,h24,2026-01-04T23:00:00,2026-01-18T23:00:00,2026-02-15T23:00:00,,,42.0
2026-02-02 13:00:00,24.6,29.242553858478672,1.0,Tema Community 25 Estate,tabular,ridge_ar_lag_fourier,h24,2026-01-04T23:00:00,2026-01-18T23:00:00,2026-02-15T23:00:00,,,42.0
2026-02-02 14:00:00,24.5,26.360121966361778,1.0,Tema Community 25 Estate,tabular,ridge_ar_lag_fourier,h24,2026-01-04T23:00:00,2026-01-18T23:00:00,2026-02-15T23:00:00,,,42.0
2026-02-02 15:00:00,28.6,24.508965134497227,1.0,Tema Community 25 Estate,tabular,ridge_ar_lag_fourier,h24,2026-01-04T23:00:00,2026-01-18T23:00:00,2026-02-15T23:00:00,,,42.0
2026-02-02 16:00:00,28.0,23.147483976299394,1.0,Tema Community 25 Estate,tabular,ridge_ar_lag_fourier,h24,2026-01-04T23:00:00,2026-01-18T23:00:00,2026-02-15T23:00:00,,,42.0
2026-02-02 17:00:00,30.7,22.7944246966832,1.0,Tema Community 25 Estate,tabular,ridge_ar_lag_fourier,h24,2026-01-04T23:00:00,2026-01-18T23:00:00,2026-02-15T23:00:00,,,42.0
2026-02-02 18:00:00,28.4,23.835339805343207,1.0,Tema Community 25 Estate,tabular,ridge_ar_lag_fourier,h24,2026-01-04T23:00:00,2026-01-18T23:00:00,2026-02-15T23:00:00,,,42.0
2026-02-02 19:00:00,30.2,25.389420653702512,1.0,Tema Community 25 Estate,tabular,ridge_ar_lag_fourier,h24,2026-01-04T23:00:00,2026-01-18T23:00:00,2026-02-15T23:00:00,,,42.0
2026-02-02 20:00:00,31.1,23.827314683683504,1.0,Tema Community 25 Estate,tabular,ridge_ar_lag_fourier,h24,2026-01-04T23:00:00,2026-01-18T23:00:00,2026-02-15T23:00:00,,,42.0
2026-02-02 21:00:00,31.4,23.61603437615848,1.0,Tema Community 25 Estate,tabular,ridge_ar_lag_fourier,h24,2026-01-04T23:00:00,2026-01-18T23:00:00,2026-02-15T23:00:00,,,42.0
2026-02-02 22:00:00,28.5,24.851018340423586,1.0,Tema Community 25 Estate,tabular,ridge_ar_lag_fourier,h24,2026-01-04T23:00:00,2026-01-18T23:00:00,2026-02-15T23:00:00,,,42.0
2026-02-02 23:00:00,38.5,24.34010347489185,1.0,Tema Community 25 Estate,tabular,ridge_ar_lag_fourier,h24,2026-01-04T23:00:00,2026-01-18T23:00:00,2026-02-15T23:00:00,,,42.0
2026-02-03 00:00:00,36.4,27.147264394970357,1.0,Tema Community 25 Estate,tabular,ridge_ar_lag_fourier,h24,2026-01-04T23:00:00,2026-01-18T23:00:00,2026-02-15T23:00:00,,,42.0
2026-02-03 01:00:00,31.9,27.5918084556123,1.0,Tema Community 25 Estate,tabular,ridge_ar_lag_fourier,h24,2026-01-04T23:00:00,2026-01-18T23:00:00,2026-02-15T23:00:00,,,42.0
2026-02-03 02:00:00,26.3,26.591969719059335,1.0,Tema Community 25 Estate,tabular,ridge_ar_lag_fourier,h24,2026-01-04T23:00:00,2026-01-18T23:00:00,2026-02-15T23:00:00,,,42.0
2026-02-03 03:00:00,23.9,23.040970661074443,1.0,Tema Community 25 Estate,tabular,ridge_ar_lag_fourier,h24,2026-01-04T23:00:00,2026-01-18T23:00:00,2026-02-15T23:00:00,,,42.0
2026-02-03 04:00:00,29.7,25.327090795842764,1.0,Tema Community 25 Estate,tabular,ridge_ar_lag_fourier,h24,2026-01-04T23:00:00,2026-01-18T23:00:00,2026-02-15T23:00:00,,,42.0
2026-02-03 05:00:00,28.2,28.74038145366133,1.0,Tema Community 25 Estate,tabular,ridge_ar_lag_fourier,h24,2026-01-04T23:00:00,2026-01-18T23:00:00,2026-02-15T23:00:00,,,42.0
2026-02-03 06:00:00,30.9,35.79607723958176,1.0,Tema Community 25 Estate,tabular,ridge_ar_lag_fourier,h24,2026-01-04T23:00:00,2026-01-18T23:00:00,2026-02-15T23:00:00,,,42.0
2026-02-03 07:00:00,35.0,35.13571387050905,1.0,Tema Community 25 Estate,tabular,ridge_ar_lag_fourier,h24,2026-01-04T23:00:00,2026-01-18T23:00:00,2026-02-15T23:00:00,,,42.0
2026-02-03 08:00:00,25.5,31.891479847300772,1.0,Tema Community 25 Estate,tabular,ridge_ar_lag_fourier,h24,2026-01-04T23:00:00,2026-01-18T23:00:00,2026-02-15T23:00:00,,,42.0
2026-02-03 09:00:00,29.7,28.322359298240507,1.0,Tema Community 25 Estate,tabular,ridge_ar_lag_fourier,h24,2026-01-04T23:00:00,2026-01-18T23:00:00,2026-02-15T23:00:00,,,42.0
2026-02-03 10:00:00,29.6,29.73853621660024,1.0,Tema Community 25 Estate,tabular,ridge_ar_lag_fourier,h24,2026-01-04T23:00:00,2026-01-18T23:00:00,2026-02-15T23:00:00,,,42.0
2026-02-03 11:00:00,36.2,30.405252247775802,1.0,Tema Community 25 Estate,tabular,ridge_ar_lag_fourier,h24,2026-01-04T23:00:00,2026-01-18T23:00:00,2026-02-15T23:00:00,,,42.0
2026-02-03 12:00:00,25.9,30.497564862376365,1.0,Tema Community 25 Estate,tabular,ridge_ar_lag_fourier,h24,2026-01-04T23:00:00,2026-01-18T23:00:00,2026-02-15T23:00:00,,,42.0
2026-02-03 13:00:00,22.6,29.08408750483452,1.0,Tema Community 25 Estate,tabular,ridge_ar_lag_fourier,h24,2026-01-04T23:00:00,2026-01-18T23:00:00,2026-02-15T23:00:00,,,42.0
2026-02-03 14:00:00,23.7,26.759958742859368,1.0,Tema Community 25 Estate,tabular,ridge_ar_lag_fourier,h24,2026-01-04T23:00:00,2026-01-18T23:00:00,2026-02-15T23:00:00,,,42.0
2026-02-03 15:00:00,22.5,24.78663542903705,1.0,Tema Community 25 Estate,tabular,ridge_ar_lag_fourier,h24,2026-01-04T23:00:00,2026-01-18T23:00:00,2026-02-15T23:00:00,,,42.0
2026-02-03 16:00:00,31.0,23.502746404400135,1.0,Tema Community 25 Estate,tabular,ridge_ar_lag_fourier,h24,2026-01-04T23:00:00,2026-01-18T23:00:00,2026-02-15T23:00:00,,,42.0
2026-02-03 17:00:00,31.8,24.70861111936476,1.0,Tema Community 25 Estate,tabular,ridge_ar_lag_fourier,h24,2026-01-04T23:00:00,2026-01-18T23:00:00,2026-02-15T23:00:00,,,42.0
2026-02-03 18:00:00,25.8,25.928190577199974,1.0,Tema Community 25 Estate,tabular,ridge_ar_lag_fourier,h24,2026-01-04T23:00:00,2026-01-18T23:00:00,2026-02-15T23:00:00,,,42.0
2026-02-03 19:00:00,43.5,26.176013431024042,1.0,Tema Community 25 Estate,tabular,ridge_ar_lag_fourier,h24,2026-01-04T23:00:00,2026-01-18T23:00:00,2026-02-15T23:00:00,,,42.0
2026-02-03 20:00:00,60.6,25.16588519168516,1.0,Tema Community 25 Estate,tabular,ridge_ar_lag_fourier,h24,2026-01-04T23:00:00,2026-01-18T23:00:00,2026-02-15T23:00:00,,,42.0
2026-02-03 21:00:00,53.8,24.771742811637463,1.0,Tema Community 25 Estate,tabular,ridge_ar_lag_fourier,h24,2026-01-04T23:00:00,2026-01-18T23:00:00,2026-02-15T23:00:00,,,42.0
2026-02-03 22:00:00,41.5,23.93006489358418,1.0,Tema Community 25 Estate,tabular,ridge_ar_lag_fourier,h24,2026-01-04T23:00:00,2026-01-18T23:00:00,2026-02-15T23:00:00,,,42.0
2026-02-03 23:00:00,35.6,23.429370076354815,1.0,Tema Community 25 Estate,tabular,ridge_ar_lag_fourier,h24,2026-01-04T23:00:00,2026-01-18T23:00:00,2026-02-15T23:00:00,,,42.0
2026-02-04 00:00:00,22.9,26.35904650773033,1.0,Tema Community 25 Estate,tabular,ridge_ar_lag_fourier,h24,2026-01-04T23:00:00,2026-01-18T23:00:00,2026-02-15T23:00:00,,,42.0
2026-02-04 01:00:00,21.3,26.429975903358283,1.0,Tema Community 25 Estate,tabular,ridge_ar_lag_fourier,h24,2026-01-04T23:00:00,2026-01-18T23:00:00,2026-02-15T23:00:00,,,42.0
2026-02-04 02:00:00,24.7,24.573601978820008,1.0,Tema Community 25 Estate,tabular,ridge_ar_lag_fourier,h24,2026-01-04T23:00:00,2026-01-18T23:00:00,2026-02-15T23:00:00,,,42.0
2026-02-04 03:00:00,30.5,23.16232809973784,1.0,Tema Community 25 Estate,tabular,ridge_ar_lag_fourier,h24,2026-01-04T23:00:00,2026-01-18T23:00:00,2026-02-15T23:00:00,,,42.0
2026-02-04 04:00:00,37.3,24.80394860271027,1.0,Tema Community 25 Estate,tabular,ridge_ar_lag_fourier,h24,2026-01-04T23:00:00,2026-01-18T23:00:00,2026-02-15T23:00:00,,,42.0
2026-02-04 05:00:00,43.2,28.913181954551995,1.0,Tema Community 25 Estate,tabular,ridge_ar_lag_fourier,h24,2026-01-04T23:00:00,2026-01-18T23:00:00,2026-02-15T23:00:00,,,42.0
2026-02-04 06:00:00,69.9,34.18385710153946,1.0,Tema Community 25 Estate,tabular,ridge_ar_lag_fourier,h24,2026-01-04T23:00:00,2026-01-18T23:00:00,2026-02-15T23:00:00,,,42.0
2026-02-04 07:00:00,105.9,33.01059788412679,1.0,Tema Community 25 Estate,tabular,ridge_ar_lag_fourier,h24,2026-01-04T23:00:00,2026-01-18T23:00:00,2026-02-15T23:00:00,,,42.0
2026-02-04 08:00:00,79.3,29.24937216471087,1.0,Tema Community 25 Estate,tabular,ridge_ar_lag_fourier,h24,2026-01-04T23:00:00,2026-01-18T23:00:00,2026-02-15T23:00:00,,,42.0
2026-02-04 09:00:00,62.2,27.00441412259256,1.0,Tema Community 25 Estate,tabular,ridge_ar_lag_fourier,h24,2026-01-04T23:00:00,2026-01-18T23:00:00,2026-02-15T23:00:00,,,42.0
2026-02-04 10:00:00,60.9,27.647618860899733,1.0,Tema Community 25 Estate,tabular,ridge_ar_lag_fourier,h24,2026-01-04T23:00:00,2026-01-18T23:00:00,2026-02-15T23:00:00,,,42.0
2026-02-04 11:00:00,41.1,27.567287585088287,1.0,Tema Community 25 Estate,tabular,ridge_ar_lag_fourier,h24,2026-01-04T23:00:00,2026-01-18T23:00:00,2026-02-15T23:00:00,,,42.0
2026-02-04 12:00:00,50.8,29.14277699905371,1.0,Tema Community 25 Estate,tabular,ridge_ar_lag_fourier,h24,2026-01-04T23:00:00,2026-01-18T23:00:00,2026-02-15T23:00:00,,,42.0
2026-02-04 13:00:00,35.6,27.74421481417822,1.0,Tema Community 25 Estate,tabular,ridge_ar_lag_fourier,h24,2026-01-04T23:00:00,2026-01-18T23:00:00,2026-02-15T23:00:00,,,42.0
2026-02-04 14:00:00,32.3,25.082891646677098,1.0,Tema Community 25 Estate,tabular,ridge_ar_lag_fourier,h24,2026-01-04T23:00:00,2026-01-18T23:00:00,2026-02-15T23:00:00,,,42.0
2026-02-04 15:00:00,23.9,23.527879191979842,1.0,Tema Community 25 Estate,tabular,ridge_ar_lag_fourier,h24,2026-01-04T23:00:00,2026-01-18T23:00:00,2026-02-15T23:00:00,,,42.0
2026-02-04 16:00:00,24.0,22.644068119384308,1.0,Tema Community 25 Estate,tabular,ridge_ar_lag_fourier,h24,2026-01-04T23:00:00,2026-01-18T23:00:00,2026-02-15T23:00:00,,,42.0
2026-02-04 17:00:00,22.5,25.155363361445133,1.0,Tema Community 25 Estate,tabular,ridge_ar_lag_fourier,h24,2026-01-04T23:00:00,2026-01-18T23:00:00,2026-02-15T23:00:00,,,42.0
2026-02-04 18:00:00,28.2,26.403223373756134,1.0,Tema Community 25 Estate,tabular,ridge_ar_lag_fourier,h24,2026-01-04T23:00:00,2026-01-18T23:00:00,2026-02-15T23:00:00,,,42.0
2026-02-04 19:00:00,25.9,26.355456001995755,1.0,Tema Community 25 Estate,tabular,ridge_ar_lag_fourier,h24,2026-01-04T23:00:00,2026-01-18T23:00:00,2026-02-15T23:00:00,,,42.0
2026-02-04 20:00:00,21.0,26.790159238425804,1.0,Tema Community 25 Estate,tabular,ridge_ar_lag_fourier,h24,2026-01-04T23:00:00,2026-01-18T23:00:00,2026-02-15T23:00:00,,,42.0
2026-02-04 21:00:00,18.1,29.091815626218825,1.0,Tema Community 25 Estate,tabular,ridge_ar_lag_fourier,h24,2026-01-04T23:00:00,2026-01-18T23:00:00,2026-02-15T23:00:00,,,42.0
2026-02-04 22:00:00,24.1,26.906755848480184,1.0,Tema Community 25 Estate,tabular,ridge_ar_lag_fourier,h24,2026-01-04T23:00:00,2026-01-18T23:00:00,2026-02-15T23:00:00,,,42.0
2026-02-04 23:00:00,31.4,24.493084601172306,1.0,Tema Community 25 Estate,tabular,ridge_ar_lag_fourier,h24,2026-01-04T23:00:00,2026-01-18T23:00:00,2026-02-15T23:00:00,,,42.0
2026-02-05 00:00:00,28.3,26.131911387199068,1.0,Tema Community 25 Estate,tabular,ridge_ar_lag_fourier,h24,2026-01-04T23:00:00,2026-01-18T23:00:00,2026-02-15T23:00:00,,,42.0
2026-02-05 01:00:00,30.5,24.288210896643033,1.0,Tema Community 25 Estate,tabular,ridge_ar_lag_fourier,h24,2026-01-04T23:00:00,2026-01-18T23:00:00,2026-02-15T23:00:00,,,42.0
2026-02-05 02:00:00,30.8,22.365732532038567,1.0,Tema Community 25 Estate,tabular,ridge_ar_lag_fourier,h24,2026-01-04T23:00:00,2026-01-18T23:00:00,2026-02-15T23:00:00,,,42.0
2026-02-05 03:00:00,28.1,22.359217713340048,1.0,Tema Community 25 Estate,tabular,ridge_ar_lag_fourier,h24,2026-01-04T23:00:00,2026-01-18T23:00:00,2026-02-15T23:00:00,,,42.0
2026-02-05 04:00:00,25.5,24.360762649965725,1.0,Tema Community 25 Estate,tabular,ridge_ar_lag_fourier,h24,2026-01-04T23:00:00,2026-01-18T23:00:00,2026-02-15T23:00:00,,,42.0
2026-02-05 05:00:00,23.8,28.56335436241656,1.0,Tema Community 25 Estate,tabular,ridge_ar_lag_fourier,h24,2026-01-04T23:00:00,2026-01-18T23:00:00,2026-02-15T23:00:00,,,42.0
2026-02-05 06:00:00,33.0,33.91953045826878,1.0,Tema Community 25 Estate,tabular,ridge_ar_lag_fourier,h24,2026-01-04T23:00:00,2026-01-18T23:00:00,2026-02-15T23:00:00,,,42.0
2026-02-05 07:00:00,20.9,36.639444379171735,1.0,Tema Community 25 Estate,tabular,ridge_ar_lag_fourier,h24,2026-01-04T23:00:00,2026-01-18T23:00:00,2026-02-15T23:00:00,,,42.0
2026-02-05 08:00:00,15.0,36.59331790844801,1.0,Tema Community 25 Estate,tabular,ridge_ar_lag_fourier,h24,2026-01-04T23:00:00,2026-01-18T23:00:00,2026-02-15T23:00:00,,,42.0
2026-02-05 09:00:00,10.8,31.760928729932907,1.0,Tema Community 25 Estate,tabular,ridge_ar_lag_fourier,h24,2026-01-04T23:00:00,2026-01-18T23:00:00,2026-02-15T23:00:00,,,42.0
2026-02-05 10:00:00,8.8,29.795232319491863,1.0,Tema Community 25 Estate,tabular,ridge_ar_lag_fourier,h24,2026-01-04T23:00:00,2026-01-18T23:00:00,2026-02-15T23:00:00,,,42.0
2026-02-05 11:00:00,11.1,29.246421987418863,1.0,Tema Community 25 Estate,tabular,ridge_ar_lag_fourier,h24,2026-01-04T23:00:00,2026-01-18T23:00:00,2026-02-15T23:00:00,,,42.0
2026-02-05 12:00:00,14.7,25.67019159300447,1.0,Tema Community 25 Estate,tabular,ridge_ar_lag_fourier,h24,2026-01-04T23:00:00,2026-01-18T23:00:00,2026-02-15T23:00:00,,,42.0
2026-02-05 13:00:00,14.4,26.22789726794656,1.0,Tema Community 25 Estate,tabular,ridge_ar_lag_fourier,h24,2026-01-04T23:00:00,2026-01-18T23:00:00,2026-02-15T23:00:00,,,42.0
2026-02-05 14:00:00,13.5,22.779476345276095,1.0,Tema Community 25 Estate,tabular,ridge_ar_lag_fourier,h24,2026-01-04T23:00:00,2026-01-18T23:00:00,2026-02-15T23:00:00,,,42.0
2026-02-05 15:00:00,13.4,21.314969465704372,1.0,Tema Community 25 Estate,tabular,ridge_ar_lag_fourier,h24,2026-01-04T23:00:00,2026-01-18T23:00:00,2026-02-15T23:00:00,,,42.0
2026-02-05 16:00:00,14.0,20.106677480364297,1.0,Tema Community 25 Estate,tabular,ridge_ar_lag_fourier,h24,2026-01-04T23:00:00,2026-01-18T23:00:00,2026-02-15T23:00:00,,,42.0
2026-02-05 17:00:00,23.3,21.492858538037893,1.0,Tema Community 25 Estate,tabular,ridge_ar_lag_fourier,h24,2026-01-04T23:00:00,2026-01-18T23:00:00,2026-02-15T23:00:00,,,42.0
2026-02-05 18:00:00,17.8,22.04046930531935,1.0,Tema Community 25 Estate,tabular,ridge_ar_lag_fourier,h24,2026-01-04T23:00:00,2026-01-18T23:00:00,2026-02-15T23:00:00,,,42.0
2026-02-05 19:00:00,18.0,25.01664168231844,1.0,Tema Community 25 Estate,tabular,ridge_ar_lag_fourier,h24,2026-01-04T23:00:00,2026-01-18T23:00:00,2026-02-15T23:00:00,,,42.0
2026-02-05 20:00:00,18.6,24.13708387269149,1.0,Tema Community 25 Estate,tabular,ridge_ar_lag_fourier,h24,2026-01-04T23:00:00,2026-01-18T23:00:00,2026-02-15T23:00:00,,,42.0
2026-02-05 21:00:00,14.3,23.380518727328937,1.0,Tema Community 25 Estate,tabular,ridge_ar_lag_fourier,h24,2026-01-04T23:00:00,2026-01-18T23:00:00,2026-02-15T23:00:00,,,42.0
2026-02-05 22:00:00,15.3,21.09421522870669,1.0,Tema Community 25 Estate,tabular,ridge_ar_lag_fourier,h24,2026-01-04T23:00:00,2026-01-18T23:00:00,2026-02-15T23:00:00,,,42.0
2026-02-05 23:00:00,14.1,20.28821181434069,1.0,Tema Community 25 Estate,tabular,ridge_ar_lag_fourier,h24,2026-01-04T23:00:00,2026-01-18T23:00:00,2026-02-15T23:00:00,,,42.0
2026-02-06 00:00:00,13.0,23.50928616576956,1.0,Tema Community 25 Estate,tabular,ridge_ar_lag_fourier,h24,2026-01-04T23:00:00,2026-01-18T23:00:00,2026-02-15T23:00:00,,,42.0
2026-02-06 01:00:00,13.5,22.1199314764585,1.0,Tema Community 25 Estate,tabular,ridge_ar_lag_fourier,h24,2026-01-04T23:00:00,2026-01-18T23:00:00,2026-02-15T23:00:00,,,42.0
2026-02-06 02:00:00,13.5,21.056003561693153,1.0,Tema Community 25 Estate,tabular,ridge_ar_lag_fourier,h24,2026-01-04T23:00:00,2026-01-18T23:00:00,2026-02-15T23:00:00,,,42.0
2026-02-06 03:00:00,14.8,21.818744232657295,1.0,Tema Community 25 Estate,tabular,ridge_ar_lag_fourier,h24,2026-01-04T23:00:00,2026-01-18T23:00:00,2026-02-15T23:00:00,,,42.0
2026-02-06 04:00:00,19.6,21.5255030722563,1.0,Tema Community 25 Estate,tabular,ridge_ar_lag_fourier,h24,2026-01-04T23:00:00,2026-01-18T23:00:00,2026-02-15T23:00:00,,,42.0
2026-02-06 05:00:00,30.8,25.776720522106608,1.0,Tema Community 25 Estate,tabular,ridge_ar_lag_fourier,h24,2026-01-04T23:00:00,2026-01-18T23:00:00,2026-02-15T23:00:00,,,42.0
2026-02-06 06:00:00,47.7,34.026806322407204,1.0,Tema Community 25 Estate,tabular,ridge_ar_lag_fourier,h24,2026-01-04T23:00:00,2026-01-18T23:00:00,2026-02-15T23:00:00,,,42.0
2026-02-06 07:00:00,36.3,36.52933278069288,1.0,Tema Community 25 Estate,tabular,ridge_ar_lag_fourier,h24,2026-01-04T23:00:00,2026-01-18T23:00:00,2026-02-15T23:00:00,,,42.0
2026-02-06 08:00:00,23.5,29.656966567681494,1.0,Tema Community 25 Estate,tabular,ridge_ar_lag_fourier,h24,2026-01-04T23:00:00,2026-01-18T23:00:00,2026-02-15T23:00:00,,,42.0
2026-02-06 09:00:00,19.5,26.82691141463,1.0,Tema Community 25 Estate,tabular,ridge_ar_lag_fourier,h24,2026-01-04T23:00:00,2026-01-18T23:00:00,2026-02-15T23:00:00,,,42.0
2026-02-06 10:00:00,19.7,26.10310279672548,1.0,Tema Community 25 Estate,tabular,ridge_ar_lag_fourier,h24,2026-01-04T23:00:00,2026-01-18T23:00:00,2026-02-15T23:00:00,,,42.0
2026-02-06 11:00:00,20.0,25.18472679260456,1.0,Tema Community 25 Estate,tabular,ridge_ar_lag_fourier,h24,2026-01-04T23:00:00,2026-01-18T23:00:00,2026-02-15T23:00:00,,,42.0
2026-02-06 12:00:00,19.5,22.786897838883352,1.0,Tema Community 25 Estate,tabular,ridge_ar_lag_fourier,h24,2026-01-04T23:00:00,2026-01-18T23:00:00,2026-02-15T23:00:00,,,42.0
2026-02-06 13:00:00,23.3,21.867080471659985,1.0,Tema Community 25 Estate,tabular,ridge_ar_lag_fourier,h24,2026-01-04T23:00:00,2026-01-18T23:00:00,2026-02-15T23:00:00,,,42.0
2026-02-06 14:00:00,29.4,19.101083592364695,1.0,Tema Community 25 Estate,tabular,ridge_ar_lag_fourier,h24,2026-01-04T23:00:00,2026-01-18T23:00:00,2026-02-15T23:00:00,,,42.0
2026-02-06 15:00:00,18.1,17.343033535795975,1.0,Tema Community 25 Estate,tabular,ridge_ar_lag_fourier,h24,2026-01-04T23:00:00,2026-01-18T23:00:00,2026-02-15T23:00:00,,,42.0
2026-02-06 16:00:00,14.3,16.9868899710101,1.0,Tema Community 25 Estate,tabular,ridge_ar_lag_fourier,h24,2026-01-04T23:00:00,2026-01-18T23:00:00,2026-02-15T23:00:00,,,42.0
2026-02-06 17:00:00,25.0,20.26048768738321,1.0,Tema Community 25 Estate,tabular,ridge_ar_lag_fourier,h24,2026-01-04T23:00:00,2026-01-18T23:00:00,2026-02-15T23:00:00,,,42.0
2026-02-06 18:00:00,17.3,23.012785121533764,1.0,Tema Community 25 Estate,tabular,ridge_ar_lag_fourier,h24,2026-01-04T23:00:00,2026-01-18T23:00:00,2026-02-15T23:00:00,,,42.0
2026-02-06 19:00:00,16.3,22.85071189263796,1.0,Tema Community 25 Estate,tabular,ridge_ar_lag_fourier,h24,2026-01-04T23:00:00,2026-01-18T23:00:00,2026-02-15T23:00:00,,,42.0
2026-02-06 20:00:00,16.0,21.825498448525003,1.0,Tema Community 25 Estate,tabular,ridge_ar_lag_fourier,h24,2026-01-04T23:00:00,2026-01-18T23:00:00,2026-02-15T23:00:00,,,42.0
2026-02-06 21:00:00,13.5,21.474235566684975,1.0,Tema Community 25 Estate,tabular,ridge_ar_lag_fourier,h24,2026-01-04T23:00:00,2026-01-18T23:00:00,2026-02-15T23:00:00,,,42.0
2026-02-06 22:00:00,15.3,19.92310991704843,1.0,Tema Community 25 Estate,tabular,ridge_ar_lag_fourier,h24,2026-01-04T23:00:00,2026-01-18T23:00:00,2026-02-15T23:00:00,,,42.0
2026-02-06 23:00:00,17.6,20.518297318633014,1.0,Tema Community 25 Estate,tabular,ridge_ar_lag_fourier,h24,2026-01-04T23:00:00,2026-01-18T23:00:00,2026-02-15T23:00:00,,,42.0
2026-02-07 00:00:00,19.6,23.81264261062163,1.0,Tema Community 25 Estate,tabular,ridge_ar_lag_fourier,h24,2026-01-04T23:00:00,2026-01-18T23:00:00,2026-02-15T23:00:00,,,42.0
2026-02-07 01:00:00,18.3,23.364422529053993,1.0,Tema Community 25 Estate,tabular,ridge_ar_lag_fourier,h24,2026-01-04T23:00:00,2026-01-18T23:00:00,2026-02-15T23:00:00,,,42.0
2026-02-07 02:00:00,21.9,22.231173265383518,1.0,Tema Community 25 Estate,tabular,ridge_ar_lag_fourier,h24,2026-01-04T23:00:00,2026-01-18T23:00:00,2026-02-15T23:00:00,,,42.0
2026-02-07 03:00:00,25.3,23.348609945532406,1.0,Tema Community 25 Estate,tabular,ridge_ar_lag_fourier,h24,2026-01-04T23:00:00,2026-01-18T23:00:00,2026-02-15T23:00:00,,,42.0
2026-02-07 04:00:00,35.5,24.507091675741,1.0,Tema Community 25 Estate,tabular,ridge_ar_lag_fourier,h24,2026-01-04T23:00:00,2026-01-18T23:00:00,2026-02-15T23:00:00,,,42.0
2026-02-07 05:00:00,34.6,29.57590023734472,1.0,Tema Community 25 Estate,tabular,ridge_ar_lag_fourier,h24,2026-01-04T23:00:00,2026-01-18T23:00:00,2026-02-15T23:00:00,,,42.0
2026-02-07 06:00:00,37.9,36.570537009693254,1.0,Tema Community 25 Estate,tabular,ridge_ar_lag_fourier,h24,2026-01-04T23:00:00,2026-01-18T23:00:00,2026-02-15T23:00:00,,,42.0
2026-02-07 07:00:00,38.6,38.460836515944955,1.0,Tema Community 25 Estate,tabular,ridge_ar_lag_fourier,h24,2026-01-04T23:00:00,2026-01-18T23:00:00,2026-02-15T23:00:00,,,42.0
2026-02-07 08:00:00,23.7,29.889811079003394,1.0,Tema Community 25 Estate,tabular,ridge_ar_lag_fourier,h24,2026-01-04T23:00:00,2026-01-18T23:00:00,2026-02-15T23:00:00,,,42.0
2026-02-07 09:00:00,24.1,26.41347746302807,1.0,Tema Community 25 Estate,tabular,ridge_ar_lag_fourier,h24,2026-01-04T23:00:00,2026-01-18T23:00:00,2026-02-15T23:00:00,,,42.0
2026-02-07 10:00:00,24.5,26.126922580786665,1.0,Tema Community 25 Estate,tabular,ridge_ar_lag_fourier,h24,2026-01-04T23:00:00,2026-01-18T23:00:00,2026-02-15T23:00:00,,,42.0
2026-02-07 11:00:00,25.8,26.08459844749686,1.0,Tema Community 25 Estate,tabular,ridge_ar_lag_fourier,h24,2026-01-04T23:00:00,2026-01-18T23:00:00,2026-02-15T23:00:00,,,42.0
2026-02-07 12:00:00,18.6,23.844176311632953,1.0,Tema Community 25 Estate,tabular,ridge_ar_lag_fourier,h24,2026-01-04T23:00:00,2026-01-18T23:00:00,2026-02-15T23:00:00,,,42.0
2026-02-07 13:00:00,16.2,21.686988051526175,1.0,Tema Community 25 Estate,tabular,ridge_ar_lag_fourier,h24,2026-01-04T23:00:00,2026-01-18T23:00:00,2026-02-15T23:00:00,,,42.0
2026-02-07 14:00:00,14.1,21.3413555987169,1.0,Tema Community 25 Estate,tabular,ridge_ar_lag_fourier,h24,2026-01-04T23:00:00,2026-01-18T23:00:00,2026-02-15T23:00:00,,,42.0
2026-02-07 15:00:00,12.6,22.157498151212163,1.0,Tema Community 25 Estate,tabular,ridge_ar_lag_fourier,h24,2026-01-04T23:00:00,2026-01-18T23:00:00,2026-02-15T23:00:00,,,42.0
2026-02-07 16:00:00,12.3,21.97999786345943,1.0,Tema Community 25 Estate,tabular,ridge_ar_lag_fourier,h24,2026-01-04T23:00:00,2026-01-18T23:00:00,2026-02-15T23:00:00,,,42.0
2026-02-07 17:00:00,14.4,23.529818551873422,1.0,Tema Community 25 Estate,tabular,ridge_ar_lag_fourier,h24,2026-01-04T23:00:00,2026-01-18T23:00:00,2026-02-15T23:00:00,,,42.0
2026-02-07 18:00:00,22.6,24.067234146697437,1.0,Tema Community 25 Estate,tabular,ridge_ar_lag_fourier,h24,2026-01-04T23:00:00,2026-01-18T23:00:00,2026-02-15T23:00:00,,,42.0
2026-02-07 19:00:00,21.5,22.869187194459315,1.0,Tema Community 25 Estate,tabular,ridge_ar_lag_fourier,h24,2026-01-04T23:00:00,2026-01-18T23:00:00,2026-02-15T23:00:00,,,42.0
2026-02-07 20:00:00,21.3,22.24107430419976,1.0,Tema Community 25 Estate,tabular,ridge_ar_lag_fourier,h24,2026-01-04T23:00:00,2026-01-18T23:00:00,2026-02-15T23:00:00,,,42.0
2026-02-07 21:00:00,24.0,22.14036888446581,1.0,Tema Community 25 Estate,tabular,ridge_ar_lag_fourier,h24,2026-01-04T23:00:00,2026-01-18T23:00:00,2026-02-15T23:00:00,,,42.0
2026-02-07 22:00:00,30.0,20.833038015684703,1.0,Tema Community 25 Estate,tabular,ridge_ar_lag_fourier,h24,2026-01-04T23:00:00,2026-01-18T23:00:00,2026-02-15T23:00:00,,,42.0
2026-02-07 23:00:00,23.6,22.251260350986847,1.0,Tema Community 25 Estate,tabular,ridge_ar_lag_fourier,h24,2026-01-04T23:00:00,2026-01-18T23:00:00,2026-02-15T23:00:00,,,42.0
2026-02-08 00:00:00,21.0,25.483815228709805,1.0,Tema Community 25 Estate,tabular,ridge_ar_lag_fourier,h24,2026-01-04T23:00:00,2026-01-18T23:00:00,2026-02-15T23:00:00,,,42.0
2026-02-08 01:00:00,25.8,25.460272869944717,1.0,Tema Community 25 Estate,tabular,ridge_ar_lag_fourier,h24,2026-01-04T23:00:00,2026-01-18T23:00:00,2026-02-15T23:00:00,,,42.0
2026-02-08 02:00:00,21.8,24.563254045439464,1.0,Tema Community 25 Estate,tabular,ridge_ar_lag_fourier,h24,2026-01-04T23:00:00,2026-01-18T23:00:00,2026-02-15T23:00:00,,,42.0
2026-02-08 03:00:00,21.2,24.48835756243529,1.0,Tema Community 25 Estate,tabular,ridge_ar_lag_fourier,h24,2026-01-04T23:00:00,2026-01-18T23:00:00,2026-02-15T23:00:00,,,42.0
2026-02-08 04:00:00,24.4,26.186203072490546,1.0,Tema Community 25 Estate,tabular,ridge_ar_lag_fourier,h24,2026-01-04T23:00:00,2026-01-18T23:00:00,2026-02-15T23:00:00,,,42.0
2026-02-08 05:00:00,42.8,31.70046905360533,1.0,Tema Community 25 Estate,tabular,ridge_ar_lag_fourier,h24,2026-01-04T23:00:00,2026-01-18T23:00:00,2026-02-15T23:00:00,,,42.0
2026-02-08 06:00:00,44.0,37.33625228736132,1.0,Tema Community 25 Estate,tabular,ridge_ar_lag_fourier,h24,2026-01-04T23:00:00,2026-01-18T23:00:00,2026-02-15T23:00:00,,,42.0
2026-02-08 07:00:00,43.3,38.273078550609,1.0,Tema Community 25 Estate,tabular,ridge_ar_lag_fourier,h24,2026-01-04T23:00:00,2026-01-18T23:00:00,2026-02-15T23:00:00,,,42.0
2026-02-08 08:00:00,30.7,30.257099286142576,1.0,Tema Community 25 Estate,tabular,ridge_ar_lag_fourier,h24,2026-01-04T23:00:00,2026-01-18T23:00:00,2026-02-15T23:00:00,,,42.0
2026-02-08 09:00:00,24.8,26.348401150049618,1.0,Tema Community 25 Estate,tabular,ridge_ar_lag_fourier,h24,2026-01-04T23:00:00,2026-01-18T23:00:00,2026-02-15T23:00:00,,,42.0
2026-02-08 10:00:00,22.9,27.12697070622177,1.0,Tema Community 25 Estate,tabular,ridge_ar_lag_fourier,h24,2026-01-04T23:00:00,2026-01-18T23:00:00,2026-02-15T23:00:00,,,42.0
2026-02-08 11:00:00,20.4,26.039061851012953,1.0,Tema Community 25 Estate,tabular,ridge_ar_lag_fourier,h24,2026-01-04T23:00:00,2026-01-18T23:00:00,2026-02-15T23:00:00,,,42.0
2026-02-08 12:00:00,20.2,24.136274862876597,1.0,Tema Community 25 Estate,tabular,ridge_ar_lag_fourier,h24,2026-01-04T23:00:00,2026-01-18T23:00:00,2026-02-15T23:00:00,,,42.0
2026-02-08 13:00:00,17.8,21.648609831794687,1.0,Tema Community 25 Estate,tabular,ridge_ar_lag_fourier,h24,2026-01-04T23:00:00,2026-01-18T23:00:00,2026-02-15T23:00:00,,,42.0
2026-02-08 14:00:00,16.1,20.19559294789405,1.0,Tema Community 25 Estate,tabular,ridge_ar_lag_fourier,h24,2026-01-04T23:00:00,2026-01-18T23:00:00,2026-02-15T23:00:00,,,42.0
2026-02-08 15:00:00,13.7,19.18979261939261,1.0,Tema Community 25 Estate,tabular,ridge_ar_lag_fourier,h24,2026-01-04T23:00:00,2026-01-18T23:00:00,2026-02-15T23:00:00,,,42.0
2026-02-08 16:00:00,13.0,19.16723173121931,1.0,Tema Community 25 Estate,tabular,ridge_ar_lag_fourier,h24,2026-01-04T23:00:00,2026-01-18T23:00:00,2026-02-15T23:00:00,,,42.0
2026-02-08 17:00:00,14.6,21.61530714301995,1.0,Tema Community 25 Estate,tabular,ridge_ar_lag_fourier,h24,2026-01-04T23:00:00,2026-01-18T23:00:00,2026-02-15T23:00:00,,,42.0
2026-02-08 18:00:00,14.8,22.808623980605688,1.0,Tema Community 25 Estate,tabular,ridge_ar_lag_fourier,h24,2026-01-04T23:00:00,2026-01-18T23:00:00,2026-02-15T23:00:00,,,42.0
2026-02-08 19:00:00,16.9,24.408151525591652,1.0,Tema Community 25 Estate,tabular,ridge_ar_lag_fourier,h24,2026-01-04T23:00:00,2026-01-18T23:00:00,2026-02-15T23:00:00,,,42.0
2026-02-08 20:00:00,17.6,24.15124394073687,1.0,Tema Community 25 Estate,tabular,ridge_ar_lag_fourier,h24,2026-01-04T23:00:00,2026-01-18T23:00:00,2026-02-15T23:00:00,,,42.0
2026-02-08 21:00:00,19.4,24.32102179356541,1.0,Tema Community 25 Estate,tabular,ridge_ar_lag_fourier,h24,2026-01-04T23:00:00,2026-01-18T23:00:00,2026-02-15T23:00:00,,,42.0
2026-02-08 22:00:00,15.3,23.12953016449742,1.0,Tema Community 25 Estate,tabular,ridge_ar_lag_fourier,h24,2026-01-04T23:00:00,2026-01-18T23:00:00,2026-02-15T23:00:00,,,42.0
2026-02-08 23:00:00,13.1,24.83059098775994,1.0,Tema Community 25 Estate,tabular,ridge_ar_lag_fourier,h24,2026-01-04T23:00:00,2026-01-18T23:00:00,2026-02-15T23:00:00,,,42.0
2026-02-09 00:00:00,14.0,27.437042585242736,1.0,Tema Community 25 Estate,tabular,ridge_ar_lag_fourier,h24,2026-01-04T23:00:00,2026-01-18T23:00:00,2026-02-15T23:00:00,,,42.0
2026-02-09 01:00:00,16.7,23.546521788081154,1.0,Tema Community 25 Estate,tabular,ridge_ar_lag_fourier,h24,2026-01-04T23:00:00,2026-01-18T23:00:00,2026-02-15T23:00:00,,,42.0
2026-02-09 02:00:00,14.1,23.735572093815367,1.0,Tema Community 25 Estate,tabular,ridge_ar_lag_fourier,h24,2026-01-04T23:00:00,2026-01-18T23:00:00,2026-02-15T23:00:00,,,42.0
2026-02-09 03:00:00,15.3,25.36059994184146,1.0,Tema Community 25 Estate,tabular,ridge_ar_lag_fourier,h24,2026-01-04T23:00:00,2026-01-18T23:00:00,2026-02-15T23:00:00,,,42.0
2026-02-09 04:00:00,15.6,26.699450210421716,1.0,Tema Community 25 Estate,tabular,ridge_ar_lag_fourier,h24,2026-01-04T23:00:00,2026-01-18T23:00:00,2026-02-15T23:00:00,,,42.0
2026-02-09 05:00:00,22.7,29.646627996988045,1.0,Tema Community 25 Estate,tabular,ridge_ar_lag_fourier,h24,2026-01-04T23:00:00,2026-01-18T23:00:00,2026-02-15T23:00:00,,,42.0
2026-02-09 06:00:00,25.4,38.17326467422822,1.0,Tema Community 25 Estate,tabular,ridge_ar_lag_fourier,h24,2026-01-04T23:00:00,2026-01-18T23:00:00,2026-02-15T23:00:00,,,42.0
2026-02-09 07:00:00,25.9,40.22080745049797,1.0,Tema Community 25 Estate,tabular,ridge_ar_lag_fourier,h24,2026-01-04T23:00:00,2026-01-18T23:00:00,2026-02-15T23:00:00,,,42.0
2026-02-09 08:00:00,19.8,31.7253534348136,1.0,Tema Community 25 Estate,tabular,ridge_ar_lag_fourier,h24,2026-01-04T23:00:00,2026-01-18T23:00:00,2026-02-15T23:00:00,,,42.0
2026-02-09 09:00:00,19.9,27.159777404549132,1.0,Tema Community 25 Estate,tabular,ridge_ar_lag_fourier,h24,2026-01-04T23:00:00,2026-01-18T23:00:00,2026-02-15T23:00:00,,,42.0
2026-02-09 10:00:00,20.3,27.12033897812769,1.0,Tema Community 25 Estate,tabular,ridge_ar_lag_fourier,h24,2026-01-04T23:00:00,2026-01-18T23:00:00,2026-02-15T23:00:00,,,42.0
2026-02-09 11:00:00,23.8,24.91704476698152,1.0,Tema Community 25 Estate,tabular,ridge_ar_lag_fourier,h24,2026-01-04T23:00:00,2026-01-18T23:00:00,2026-02-15T23:00:00,,,42.0
2026-02-09 12:00:00,18.1,23.595384270146234,1.0,Tema Community 25 Estate,tabular,ridge_ar_lag_fourier,h24,2026-01-04T23:00:00,2026-01-18T23:00:00,2026-02-15T23:00:00,,,42.0
2026-02-09 13:00:00,15.1,22.18809491962465,1.0,Tema Community 25 Estate,tabular,ridge_ar_lag_fourier,h24,2026-01-04T23:00:00,2026-01-18T23:00:00,2026-02-15T23:00:00,,,42.0
2026-02-09 14:00:00,14.4,20.600887275195188,1.0,Tema Community 25 Estate,tabular,ridge_ar_lag_fourier,h24,2026-01-04T23:00:00,2026-01-18T23:00:00,2026-02-15T23:00:00,,,42.0
2026-02-09 15:00:00,14.5,18.70756565581579,1.0,Tema Community 25 Estate,tabular,ridge_ar_lag_fourier,h24,2026-01-04T23:00:00,2026-01-18T23:00:00,2026-02-15T23:00:00,,,42.0
2026-02-09 16:00:00,14.7,17.890559732506983,1.0,Tema Community 25 Estate,tabular,ridge_ar_lag_fourier,h24,2026-01-04T23:00:00,2026-01-18T23:00:00,2026-02-15T23:00:00,,,42.0
2026-02-09 17:00:00,17.7,19.612403834096984,1.0,Tema Community 25 Estate,tabular,ridge_ar_lag_fourier,h24,2026-01-04T23:00:00,2026-01-18T23:00:00,2026-02-15T23:00:00,,,42.0
2026-02-09 18:00:00,23.5,19.686701297285417,1.0,Tema Community 25 Estate,tabular,ridge_ar_lag_fourier,h24,2026-01-04T23:00:00,2026-01-18T23:00:00,2026-02-15T23:00:00,,,42.0
2026-02-09 19:00:00,15.9,21.79370756049385,1.0,Tema Community 25 Estate,tabular,ridge_ar_lag_fourier,h24,2026-01-04T23:00:00,2026-01-18T23:00:00,2026-02-15T23:00:00,,,42.0
2026-02-09 20:00:00,16.3,22.682219838512573,1.0,Tema Community 25 Estate,tabular,ridge_ar_lag_fourier,h24,2026-01-04T23:00:00,2026-01-18T23:00:00,2026-02-15T23:00:00,,,42.0
2026-02-09 21:00:00,17.3,22.614942938102413,1.0,Tema Community 25 Estate,tabular,ridge_ar_lag_fourier,h24,2026-01-04T23:00:00,2026-01-18T23:00:00,2026-02-15T23:00:00,,,42.0
2026-02-09 22:00:00,13.7,22.355510469702306,1.0,Tema Community 25 Estate,tabular,ridge_ar_lag_fourier,h24,2026-01-04T23:00:00,2026-01-18T23:00:00,2026-02-15T23:00:00,,,42.0
2026-02-09 23:00:00,19.4,22.213414976363033,1.0,Tema Community 25 Estate,tabular,ridge_ar_lag_fourier,h24,2026-01-04T23:00:00,2026-01-18T23:00:00,2026-02-15T23:00:00,,,42.0
2026-02-10 00:00:00,14.9,25.047965863250543,1.0,Tema Community 25 Estate,tabular,ridge_ar_lag_fourier,h24,2026-01-04T23:00:00,2026-01-18T23:00:00,2026-02-15T23:00:00,,,42.0
2026-02-10 01:00:00,13.6,24.368576617421088,1.0,Tema Community 25 Estate,tabular,ridge_ar_lag_fourier,h24,2026-01-04T23:00:00,2026-01-18T23:00:00,2026-02-15T23:00:00,,,42.0
2026-02-10 02:00:00,14.8,24.559178161504178,1.0,Tema Community 25 Estate,tabular,ridge_ar_lag_fourier,h24,2026-01-04T23:00:00,2026-01-18T23:00:00,2026-02-15T23:00:00,,,42.0
2026-02-10 03:00:00,9.7,24.19368744581334,1.0,Tema Community 25 Estate,tabular,ridge_ar_lag_fourier,h24,2026-01-04T23:00:00,2026-01-18T23:00:00,2026-02-15T23:00:00,,,42.0
2026-02-10 04:00:00,11.9,26.655533626068312,1.0,Tema Community 25 Estate,tabular,ridge_ar_lag_fourier,h24,2026-01-04T23:00:00,2026-01-18T23:00:00,2026-02-15T23:00:00,,,42.0
2026-02-10 05:00:00,23.8,30.211124890527547,1.0,Tema Community 25 Estate,tabular,ridge_ar_lag_fourier,h24,2026-01-04T23:00:00,2026-01-18T23:00:00,2026-02-15T23:00:00,,,42.0
2026-02-10 06:00:00,32.7,36.2896644900329,1.0,Tema Community 25 Estate,tabular,ridge_ar_lag_fourier,h24,2026-01-04T23:00:00,2026-01-18T23:00:00,2026-02-15T23:00:00,,,42.0
2026-02-10 07:00:00,30.7,37.482203530891915,1.0,Tema Community 25 Estate,tabular,ridge_ar_lag_fourier,h24,2026-01-04T23:00:00,2026-01-18T23:00:00,2026-02-15T23:00:00,,,42.0
2026-02-10 08:00:00,20.8,29.118703105651665,1.0,Tema Community 25 Estate,tabular,ridge_ar_lag_fourier,h24,2026-01-04T23:00:00,2026-01-18T23:00:00,2026-02-15T23:00:00,,,42.0
2026-02-10 09:00:00,15.8,25.87296998334393,1.0,Tema Community 25 Estate,tabular,ridge_ar_lag_fourier,h24,2026-01-04T23:00:00,2026-01-18T23:00:00,2026-02-15T23:00:00,,,42.0
2026-02-10 10:00:00,22.1,25.86669120305009,1.0,Tema Community 25 Estate,tabular,ridge_ar_lag_fourier,h24,2026-01-04T23:00:00,2026-01-18T23:00:00,2026-02-15T23:00:00,,,42.0
2026-02-10 11:00:00,18.0,25.318832635435513,1.0,Tema Community 25 Estate,tabular,ridge_ar_lag_fourier,h24,2026-01-04T23:00:00,2026-01-18T23:00:00,2026-02-15T23:00:00,,,42.0
2026-02-10 12:00:00,16.5,24.488921118251884,1.0,Tema Community 25 Estate,tabular,ridge_ar_lag_fourier,h24,2026-01-04T23:00:00,2026-01-18T23:00:00,2026-02-15T23:00:00,,,42.0
2026-02-10 13:00:00,16.7,21.05755977980317,1.0,Tema Community 25 Estate,tabular,ridge_ar_lag_fourier,h24,2026-01-04T23:00:00,2026-01-18T23:00:00,2026-02-15T23:00:00,,,42.0
2026-02-10 14:00:00,16.4,19.913321950951097,1.0,Tema Community 25 Estate,tabular,ridge_ar_lag_fourier,h24,2026-01-04T23:00:00,2026-01-18T23:00:00,2026-02-15T23:00:00,,,42.0
2026-02-10 15:00:00,15.0,18.250827241234347,1.0,Tema Community 25 Estate,tabular,ridge_ar_lag_fourier,h24,2026-01-04T23:00:00,2026-01-18T23:00:00,2026-02-15T23:00:00,,,42.0
2026-02-10 16:00:00,14.3,19.049822808736707,1.0,Tema Community 25 Estate,tabular,ridge_ar_lag_fourier,h24,2026-01-04T23:00:00,2026-01-18T23:00:00,2026-02-15T23:00:00,,,42.0
2026-02-10 17:00:00,70.7,20.700543743840903,1.0,Tema Community 25 Estate,tabular,ridge_ar_lag_fourier,h24,2026-01-04T23:00:00,2026-01-18T23:00:00,2026-02-15T23:00:00,,,42.0
2026-02-10 18:00:00,7.3,21.84424729723491,1.0,Tema Community 25 Estate,tabular,ridge_ar_lag_fourier,h24,2026-01-04T23:00:00,2026-01-18T23:00:00,2026-02-15T23:00:00,,,42.0
2026-02-10 19:00:00,2.4,23.139865853450523,1.0,Tema Community 25 Estate,tabular,ridge_ar_lag_fourier,h24,2026-01-04T23:00:00,2026-01-18T23:00:00,2026-02-15T23:00:00,,,42.0
2026-02-10 20:00:00,11.3,23.719630837065456,1.0,Tema Community 25 Estate,tabular,ridge_ar_lag_fourier,h24,2026-01-04T23:00:00,2026-01-18T23:00:00,2026-02-15T23:00:00,,,42.0
2026-02-10 21:00:00,8.7,21.826083327563467,1.0,Tema Community 25 Estate,tabular,ridge_ar_lag_fourier,h24,2026-01-04T23:00:00,2026-01-18T23:00:00,2026-02-15T23:00:00,,,42.0
2026-02-10 22:00:00,4.6,22.104391909459963,1.0,Tema Community 25 Estate,tabular,ridge_ar_lag_fourier,h24,2026-01-04T23:00:00,2026-01-18T23:00:00,2026-02-15T23:00:00,,,42.0
2026-02-10 23:00:00,4.2,21.74293517629415,1.0,Tema Community 25 Estate,tabular,ridge_ar_lag_fourier,h24,2026-01-04T23:00:00,2026-01-18T23:00:00,2026-02-15T23:00:00,,,42.0
2026-02-11 00:00:00,8.5,24.547034510898012,1.0,Tema Community 25 Estate,tabular,ridge_ar_lag_fourier,h24,2026-01-04T23:00:00,2026-01-18T23:00:00,2026-02-15T23:00:00,,,42.0
2026-02-11 01:00:00,8.0,24.17726847907452,1.0,Tema Community 25 Estate,tabular,ridge_ar_lag_fourier,h24,2026-01-04T23:00:00,2026-01-18T23:00:00,2026-02-15T23:00:00,,,42.0
2026-02-11 02:00:00,11.5,23.95556868646579,1.0,Tema Community 25 Estate,tabular,ridge_ar_lag_fourier,h24,2026-01-04T23:00:00,2026-01-18T23:00:00,2026-02-15T23:00:00,,,42.0
2026-02-11 03:00:00,19.2,24.606805932725653,1.0,Tema Community 25 Estate,tabular,ridge_ar_lag_fourier,h24,2026-01-04T23:00:00,2026-01-18T23:00:00,2026-02-15T23:00:00,,,42.0
2026-02-11 04:00:00,24.3,27.64975719311995,1.0,Tema Community 25 Estate,tabular,ridge_ar_lag_fourier,h24,2026-01-04T23:00:00,2026-01-18T23:00:00,2026-02-15T23:00:00,,,42.0
2026-02-11 05:00:00,38.1,30.276821739951565,1.0,Tema Community 25 Estate,tabular,ridge_ar_lag_fourier,h24,2026-01-04T23:00:00,2026-01-18T23:00:00,2026-02-15T23:00:00,,,42.0
2026-02-11 06:00:00,22.1,37.70077697123475,1.0,Tema Community 25 Estate,tabular,ridge_ar_lag_fourier,h24,2026-01-04T23:00:00,2026-01-18T23:00:00,2026-02-15T23:00:00,,,42.0
2026-02-11 07:00:00,15.0,39.750844374117904,1.0,Tema Community 25 Estate,tabular,ridge_ar_lag_fourier,h24,2026-01-04T23:00:00,2026-01-18T23:00:00,2026-02-15T23:00:00,,,42.0
2026-02-11 08:00:00,23.9,30.805877744539274,1.0,Tema Community 25 Estate,tabular,ridge_ar_lag_fourier,h24,2026-01-04T23:00:00,2026-01-18T23:00:00,2026-02-15T23:00:00,,,42.0
2026-02-11 09:00:00,42.6,26.68409202377641,1.0,Tema Community 25 Estate,tabular,ridge_ar_lag_fourier,h24,2026-01-04T23:00:00,2026-01-18T23:00:00,2026-02-15T23:00:00,,,42.0
2026-02-11 10:00:00,19.7,26.825018691247188,1.0,Tema Community 25 Estate,tabular,ridge_ar_lag_fourier,h24,2026-01-04T23:00:00,2026-01-18T23:00:00,2026-02-15T23:00:00,,,42.0
2026-02-11 11:00:00,23.6,25.42241953296362,1.0,Tema Community 25 Estate,tabular,ridge_ar_lag_fourier,h24,2026-01-04T23:00:00,2026-01-18T23:00:00,2026-02-15T23:00:00,,,42.0
2026-02-11 12:00:00,25.2,24.29808395536411,1.0,Tema Community 25 Estate,tabular,ridge_ar_lag_fourier,h24,2026-01-04T23:00:00,2026-01-18T23:00:00,2026-02-15T23:00:00,,,42.0
2026-02-11 13:00:00,21.0,21.641085842228204,1.0,Tema Community 25 Estate,tabular,ridge_ar_lag_fourier,h24,2026-01-04T23:00:00,2026-01-18T23:00:00,2026-02-15T23:00:00,,,42.0
2026-02-11 14:00:00,24.2,21.051117328247237,1.0,Tema Community 25 Estate,tabular,ridge_ar_lag_fourier,h24,2026-01-04T23:00:00,2026-01-18T23:00:00,2026-02-15T23:00:00,,,42.0
2026-02-11 15:00:00,23.9,18.70126844806145,1.0,Tema Community 25 Estate,tabular,ridge_ar_lag_fourier,h24,2026-01-04T23:00:00,2026-01-18T23:00:00,2026-02-15T23:00:00,,,42.0
2026-02-11 16:00:00,20.2,18.037560313681507,1.0,Tema Community 25 Estate,tabular,ridge_ar_lag_fourier,h24,2026-01-04T23:00:00,2026-01-18T23:00:00,2026-02-15T23:00:00,,,42.0
2026-02-11 17:00:00,17.6,20.351137309103663,1.0,Tema Community 25 Estate,tabular,ridge_ar_lag_fourier,h24,2026-01-04T23:00:00,2026-01-18T23:00:00,2026-02-15T23:00:00,,,42.0
2026-02-11 18:00:00,17.8,27.301800497558347,1.0,Tema Community 25 Estate,tabular,ridge_ar_lag_fourier,h24,2026-01-04T23:00:00,2026-01-18T23:00:00,2026-02-15T23:00:00,,,42.0
2026-02-11 19:00:00,37.7,21.123304037024127,1.0,Tema Community 25 Estate,tabular,ridge_ar_lag_fourier,h24,2026-01-04T23:00:00,2026-01-18T23:00:00,2026-02-15T23:00:00,,,42.0
2026-02-11 20:00:00,41.9,19.780825418966003,1.0,Tema Community 25 Estate,tabular,ridge_ar_lag_fourier,h24,2026-01-04T23:00:00,2026-01-18T23:00:00,2026-02-15T23:00:00,,,42.0
2026-02-11 21:00:00,28.4,19.850073482295585,1.0,Tema Community 25 Estate,tabular,ridge_ar_lag_fourier,h24,2026-01-04T23:00:00,2026-01-18T23:00:00,2026-02-15T23:00:00,,,42.0
2026-02-11 22:00:00,41.7,20.561639112450038,1.0,Tema Community 25 Estate,tabular,ridge_ar_lag_fourier,h24,2026-01-04T23:00:00,2026-01-18T23:00:00,2026-02-15T23:00:00,,,42.0
2026-02-11 23:00:00,83.5,18.99854103345656,1.0,Tema Community 25 Estate,tabular,ridge_ar_lag_fourier,h24,2026-01-04T23:00:00,2026-01-18T23:00:00,2026-02-15T23:00:00,,,42.0
2026-02-12 00:00:00,54.3,20.982058368075457,1.0,Tema Community 25 Estate,tabular,ridge_ar_lag_fourier,h24,2026-01-04T23:00:00,2026-01-18T23:00:00,2026-02-15T23:00:00,,,42.0
2026-02-12 01:00:00,50.1,21.850352690396193,1.0,Tema Community 25 Estate,tabular,ridge_ar_lag_fourier,h24,2026-01-04T23:00:00,2026-01-18T23:00:00,2026-02-15T23:00:00,,,42.0
2026-02-12 02:00:00,49.6,20.991666580257373,1.0,Tema Community 25 Estate,tabular,ridge_ar_lag_fourier,h24,2026-01-04T23:00:00,2026-01-18T23:00:00,2026-02-15T23:00:00,,,42.0
2026-02-12 03:00:00,51.1,21.461624330786293,1.0,Tema Community 25 Estate,tabular,ridge_ar_lag_fourier,h24,2026-01-04T23:00:00,2026-01-18T23:00:00,2026-02-15T23:00:00,,,42.0
2026-02-12 04:00:00,46.0,25.51882379822933,1.0,Tema Community 25 Estate,tabular,ridge_ar_lag_fourier,h24,2026-01-04T23:00:00,2026-01-18T23:00:00,2026-02-15T23:00:00,,,42.0
2026-02-12 05:00:00,46.2,30.62821001956943,1.0,Tema Community 25 Estate,tabular,ridge_ar_lag_fourier,h24,2026-01-04T23:00:00,2026-01-18T23:00:00,2026-02-15T23:00:00,,,42.0
2026-02-12 06:00:00,54.1,36.642140718614684,1.0,Tema Community 25 Estate,tabular,ridge_ar_lag_fourier,h24,2026-01-04T23:00:00,2026-01-18T23:00:00,2026-02-15T23:00:00,,,42.0
2026-02-12 07:00:00,50.8,33.744888083643005,1.0,Tema Community 25 Estate,tabular,ridge_ar_lag_fourier,h24,2026-01-04T23:00:00,2026-01-18T23:00:00,2026-02-15T23:00:00,,,42.0
2026-02-12 08:00:00,22.7,26.526784541962606,1.0,Tema Community 25 Estate,tabular,ridge_ar_lag_fourier,h24,2026-01-04T23:00:00,2026-01-18T23:00:00,2026-02-15T23:00:00,,,42.0
2026-02-12 09:00:00,15.4,23.94130795024768,1.0,Tema Community 25 Estate,tabular,ridge_ar_lag_fourier,h24,2026-01-04T23:00:00,2026-01-18T23:00:00,2026-02-15T23:00:00,,,42.0
2026-02-12 10:00:00,11.2,26.652954727507144,1.0,Tema Community 25 Estate,tabular,ridge_ar_lag_fourier,h24,2026-01-04T23:00:00,2026-01-18T23:00:00,2026-02-15T23:00:00,,,42.0
2026-02-12 11:00:00,5.3,22.970323693322257,1.0,Tema Community 25 Estate,tabular,ridge_ar_lag_fourier,h24,2026-01-04T23:00:00,2026-01-18T23:00:00,2026-02-15T23:00:00,,,42.0
2026-02-12 12:00:00,6.3,22.804200272938264,1.0,Tema Community 25 Estate,tabular,ridge_ar_lag_fourier,h24,2026-01-04T23:00:00,2026-01-18T23:00:00,2026-02-15T23:00:00,,,42.0
2026-02-12 13:00:00,8.5,22.64861102227341,1.0,Tema Community 25 Estate,tabular,ridge_ar_lag_fourier,h24,2026-01-04T23:00:00,2026-01-18T23:00:00,2026-02-15T23:00:00,,,42.0
2026-02-12 14:00:00,9.3,20.611718344419753,1.0,Tema Community 25 Estate,tabular,ridge_ar_lag_fourier,h24,2026-01-04T23:00:00,2026-01-18T23:00:00,2026-02-15T23:00:00,,,42.0
2026-02-12 15:00:00,8.6,18.030328635114547,1.0,Tema Community 25 Estate,tabular,ridge_ar_lag_fourier,h24,2026-01-04T23:00:00,2026-01-18T23:00:00,2026-02-15T23:00:00,,,42.0
2026-02-12 16:00:00,7.9,21.20454219644664,1.0,Tema Community 25 Estate,tabular,ridge_ar_lag_fourier,h24,2026-01-04T23:00:00,2026-01-18T23:00:00,2026-02-15T23:00:00,,,42.0
2026-02-12 17:00:00,9.6,23.420942429282892,1.0,Tema Community 25 Estate,tabular,ridge_ar_lag_fourier,h24,2026-01-04T23:00:00,2026-01-18T23:00:00,2026-02-15T23:00:00,,,42.0
2026-02-12 18:00:00,12.1,19.33314159599072,1.0,Tema Community 25 Estate,tabular,ridge_ar_lag_fourier,h24,2026-01-04T23:00:00,2026-01-18T23:00:00,2026-02-15T23:00:00,,,42.0
2026-02-12 19:00:00,19.6,18.000014199074702,1.0,Tema Community 25 Estate,tabular,ridge_ar_lag_fourier,h24,2026-01-04T23:00:00,2026-01-18T23:00:00,2026-02-15T23:00:00,,,42.0
2026-02-12 20:00:00,15.9,20.241830186722407,1.0,Tema Community 25 Estate,tabular,ridge_ar_lag_fourier,h24,2026-01-04T23:00:00,2026-01-18T23:00:00,2026-02-15T23:00:00,,,42.0
2026-02-12 21:00:00,8.6,20.761127318408,1.0,Tema Community 25 Estate,tabular,ridge_ar_lag_fourier,h24,2026-01-04T23:00:00,2026-01-18T23:00:00,2026-02-15T23:00:00,,,42.0
2026-02-12 22:00:00,12.4,17.839768291496796,1.0,Tema Community 25 Estate,tabular,ridge_ar_lag_fourier,h24,2026-01-04T23:00:00,2026-01-18T23:00:00,2026-02-15T23:00:00,,,42.0
2026-02-12 23:00:00,17.4,18.539533178730963,1.0,Tema Community 25 Estate,tabular,ridge_ar_lag_fourier,h24,2026-01-04T23:00:00,2026-01-18T23:00:00,2026-02-15T23:00:00,,,42.0
2026-02-13 00:00:00,14.2,26.88617646043435,1.0,Tema Community 25 Estate,tabular,ridge_ar_lag_fourier,h24,2026-01-04T23:00:00,2026-01-18T23:00:00,2026-02-15T23:00:00,,,42.0
2026-02-13 01:00:00,10.5,23.416131847851368,1.0,Tema Community 25 Estate,tabular,ridge_ar_lag_fourier,h24,2026-01-04T23:00:00,2026-01-18T23:00:00,2026-02-15T23:00:00,,,42.0
2026-02-13 02:00:00,16.7,22.357812534323354,1.0,Tema Community 25 Estate,tabular,ridge_ar_lag_fourier,h24,2026-01-04T23:00:00,2026-01-18T23:00:00,2026-02-15T23:00:00,,,42.0
2026-02-13 03:00:00,17.5,23.259799072720206,1.0,Tema Community 25 Estate,tabular,ridge_ar_lag_fourier,h24,2026-01-04T23:00:00,2026-01-18T23:00:00,2026-02-15T23:00:00,,,42.0
2026-02-13 04:00:00,29.8,26.682102336061824,1.0,Tema Community 25 Estate,tabular,ridge_ar_lag_fourier,h24,2026-01-04T23:00:00,2026-01-18T23:00:00,2026-02-15T23:00:00,,,42.0
2026-02-13 05:00:00,23.2,31.241473460266107,1.0,Tema Community 25 Estate,tabular,ridge_ar_lag_fourier,h24,2026-01-04T23:00:00,2026-01-18T23:00:00,2026-02-15T23:00:00,,,42.0
2026-02-13 06:00:00,29.1,32.95193162307883,1.0,Tema Community 25 Estate,tabular,ridge_ar_lag_fourier,h24,2026-01-04T23:00:00,2026-01-18T23:00:00,2026-02-15T23:00:00,,,42.0
2026-02-13 07:00:00,22.9,30.113697340556044,1.0,Tema Community 25 Estate,tabular,ridge_ar_lag_fourier,h24,2026-01-04T23:00:00,2026-01-18T23:00:00,2026-02-15T23:00:00,,,42.0
2026-02-13 08:00:00,10.4,26.35972049308971,1.0,Tema Community 25 Estate,tabular,ridge_ar_lag_fourier,h24,2026-01-04T23:00:00,2026-01-18T23:00:00,2026-02-15T23:00:00,,,42.0
2026-02-13 09:00:00,10.2,20.88858652705413,1.0,Tema Community 25 Estate,tabular,ridge_ar_lag_fourier,h24,2026-01-04T23:00:00,2026-01-18T23:00:00,2026-02-15T23:00:00,,,42.0
2026-02-13 10:00:00,13.2,19.581597025264042,1.0,Tema Community 25 Estate,tabular,ridge_ar_lag_fourier,h24,2026-01-04T23:00:00,2026-01-18T23:00:00,2026-02-15T23:00:00,,,42.0
2026-02-13 11:00:00,11.4,17.7991368380586,1.0,Tema Community 25 Estate,tabular,ridge_ar_lag_fourier,h24,2026-01-04T23:00:00,2026-01-18T23:00:00,2026-02-15T23:00:00,,,42.0
2026-02-13 12:00:00,8.8,15.239881204126846,1.0,Tema Community 25 Estate,tabular,ridge_ar_lag_fourier,h24,2026-01-04T23:00:00,2026-01-18T23:00:00,2026-02-15T23:00:00,,,42.0
2026-02-13 13:00:00,5.8,15.831288035012546,1.0,Tema Community 25 Estate,tabular,ridge_ar_lag_fourier,h24,2026-01-04T23:00:00,2026-01-18T23:00:00,2026-02-15T23:00:00,,,42.0
2026-02-13 14:00:00,5.1,15.895454963261209,1.0,Tema Community 25 Estate,tabular,ridge_ar_lag_fourier,h24,2026-01-04T23:00:00,2026-01-18T23:00:00,2026-02-15T23:00:00,,,42.0
2026-02-13 15:00:00,6.6,14.097815087177603,1.0,Tema Community 25 Estate,tabular,ridge_ar_lag_fourier,h24,2026-01-04T23:00:00,2026-01-18T23:00:00,2026-02-15T23:00:00,,,42.0
2026-02-13 16:00:00,6.4,14.43687552529427,1.0,Tema Community 25 Estate,tabular,ridge_ar_lag_fourier,h24,2026-01-04T23:00:00,2026-01-18T23:00:00,2026-02-15T23:00:00,,,42.0
2026-02-13 17:00:00,8.3,16.799117126346683,1.0,Tema Community 25 Estate,tabular,ridge_ar_lag_fourier,h24,2026-01-04T23:00:00,2026-01-18T23:00:00,2026-02-15T23:00:00,,,42.0
2026-02-13 18:00:00,10.5,14.856828031978212,1.0,Tema Community 25 Estate,tabular,ridge_ar_lag_fourier,h24,2026-01-04T23:00:00,2026-01-18T23:00:00,2026-02-15T23:00:00,,,42.0
2026-02-13 19:00:00,11.2,16.51748005708216,1.0,Tema Community 25 Estate,tabular,ridge_ar_lag_fourier,h24,2026-01-04T23:00:00,2026-01-18T23:00:00,2026-02-15T23:00:00,,,42.0
2026-02-13 20:00:00,12.0,16.470738230256515,1.0,Tema Community 25 Estate,tabular,ridge_ar_lag_fourier,h24,2026-01-04T23:00:00,2026-01-18T23:00:00,2026-02-15T23:00:00,,,42.0
2026-02-13 21:00:00,8.7,15.61611826624239,1.0,Tema Community 25 Estate,tabular,ridge_ar_lag_fourier,h24,2026-01-04T23:00:00,2026-01-18T23:00:00,2026-02-15T23:00:00,,,42.0
2026-02-13 22:00:00,6.4,17.610907160394397,1.0,Tema Community 25 Estate,tabular,ridge_ar_lag_fourier,h24,2026-01-04T23:00:00,2026-01-18T23:00:00,2026-02-15T23:00:00,,,42.0
2026-02-13 23:00:00,6.5,19.763431784713642,1.0,Tema Community 25 Estate,tabular,ridge_ar_lag_fourier,h24,2026-01-04T23:00:00,2026-01-18T23:00:00,2026-02-15T23:00:00,,,42.0
2026-02-14 00:00:00,6.9,22.683366191733054,1.0,Tema Community 25 Estate,tabular,ridge_ar_lag_fourier,h24,2026-01-04T23:00:00,2026-01-18T23:00:00,2026-02-15T23:00:00,,,42.0
2026-02-14 01:00:00,13.6,22.300659424691993,1.0,Tema Community 25 Estate,tabular,ridge_ar_lag_fourier,h24,2026-01-04T23:00:00,2026-01-18T23:00:00,2026-02-15T23:00:00,,,42.0
2026-02-14 02:00:00,7.8,22.310237529021034,1.0,Tema Community 25 Estate,tabular,ridge_ar_lag_fourier,h24,2026-01-04T23:00:00,2026-01-18T23:00:00,2026-02-15T23:00:00,,,42.0
2026-02-14 03:00:00,4.4,22.771964589088746,1.0,Tema Community 25 Estate,tabular,ridge_ar_lag_fourier,h24,2026-01-04T23:00:00,2026-01-18T23:00:00,2026-02-15T23:00:00,,,42.0
2026-02-14 04:00:00,7.4,24.548973618849725,1.0,Tema Community 25 Estate,tabular,ridge_ar_lag_fourier,h24,2026-01-04T23:00:00,2026-01-18T23:00:00,2026-02-15T23:00:00,,,42.0
2026-02-14 05:00:00,12.7,30.60955398997472,1.0,Tema Community 25 Estate,tabular,ridge_ar_lag_fourier,h24,2026-01-04T23:00:00,2026-01-18T23:00:00,2026-02-15T23:00:00,,,42.0
2026-02-14 06:00:00,17.7,31.85573807320347,1.0,Tema Community 25 Estate,tabular,ridge_ar_lag_fourier,h24,2026-01-04T23:00:00,2026-01-18T23:00:00,2026-02-15T23:00:00,,,42.0
2026-02-14 07:00:00,20.0,30.78367782379562,1.0,Tema Community 25 Estate,tabular,ridge_ar_lag_fourier,h24,2026-01-04T23:00:00,2026-01-18T23:00:00,2026-02-15T23:00:00,,,42.0
2026-02-14 08:00:00,15.1,22.29051701090662,1.0,Tema Community 25 Estate,tabular,ridge_ar_lag_fourier,h24,2026-01-04T23:00:00,2026-01-18T23:00:00,2026-02-15T23:00:00,,,42.0
2026-02-14 09:00:00,13.9,18.539643043698696,1.0,Tema Community 25 Estate,tabular,ridge_ar_lag_fourier,h24,2026-01-04T23:00:00,2026-01-18T23:00:00,2026-02-15T23:00:00,,,42.0
2026-02-14 10:00:00,10.2,17.57314105073611,1.0,Tema Community 25 Estate,tabular,ridge_ar_lag_fourier,h24,2026-01-04T23:00:00,2026-01-18T23:00:00,2026-02-15T23:00:00,,,42.0
2026-02-14 11:00:00,12.8,18.964762330332796,1.0,Tema Community 25 Estate,tabular,ridge_ar_lag_fourier,h24,2026-01-04T23:00:00,2026-01-18T23:00:00,2026-02-15T23:00:00,,,42.0
2026-02-14 12:00:00,20.7,16.74848685298369,1.0,Tema Community 25 Estate,tabular,ridge_ar_lag_fourier,h24,2026-01-04T23:00:00,2026-01-18T23:00:00,2026-02-15T23:00:00,,,42.0
2026-02-14 13:00:00,17.3,15.160088444628924,1.0,Tema Community 25 Estate,tabular,ridge_ar_lag_fourier,h24,2026-01-04T23:00:00,2026-01-18T23:00:00,2026-02-15T23:00:00,,,42.0
2026-02-14 14:00:00,10.9,14.536972816244914,1.0,Tema Community 25 Estate,tabular,ridge_ar_lag_fourier,h24,2026-01-04T23:00:00,2026-01-18T23:00:00,2026-02-15T23:00:00,,,42.0
2026-02-14 15:00:00,12.4,13.535991213033416,1.0,Tema Community 25 Estate,tabular,ridge_ar_lag_fourier,h24,2026-01-04T23:00:00,2026-01-18T23:00:00,2026-02-15T23:00:00,,,42.0
2026-02-14 16:00:00,22.3,14.046052936021605,1.0,Tema Community 25 Estate,tabular,ridge_ar_lag_fourier,h24,2026-01-04T23:00:00,2026-01-18T23:00:00,2026-02-15T23:00:00,,,42.0
2026-02-14 17:00:00,29.8,19.169302873738765,1.0,Tema Community 25 Estate,tabular,ridge_ar_lag_fourier,h24,2026-01-04T23:00:00,2026-01-18T23:00:00,2026-02-15T23:00:00,,,42.0
2026-02-14 18:00:00,34.8,17.94293318467855,1.0,Tema Community 25 Estate,tabular,ridge_ar_lag_fourier,h24,2026-01-04T23:00:00,2026-01-18T23:00:00,2026-02-15T23:00:00,,,42.0
2026-02-14 19:00:00,63.6,19.08938433202675,1.0,Tema Community 25 Estate,tabular,ridge_ar_lag_fourier,h24,2026-01-04T23:00:00,2026-01-18T23:00:00,2026-02-15T23:00:00,,,42.0
2026-02-14 20:00:00,79.6,17.98733156535109,1.0,Tema Community 25 Estate,tabular,ridge_ar_lag_fourier,h24,2026-01-04T23:00:00,2026-01-18T23:00:00,2026-02-15T23:00:00,,,42.0
2026-02-14 21:00:00,92.1,17.441914208154806,1.0,Tema Community 25 Estate,tabular,ridge_ar_lag_fourier,h24,2026-01-04T23:00:00,2026-01-18T23:00:00,2026-02-15T23:00:00,,,42.0
2026-02-14 22:00:00,64.4,19.032999448888017,1.0,Tema Community 25 Estate,tabular,ridge_ar_lag_fourier,h24,2026-01-04T23:00:00,2026-01-18T23:00:00,2026-02-15T23:00:00,,,42.0
2026-02-14 23:00:00,49.1,19.915660668249778,1.0,Tema Community 25 Estate,tabular,ridge_ar_lag_fourier,h24,2026-01-04T23:00:00,2026-01-18T23:00:00,2026-02-15T23:00:00,,,42.0
2026-02-15 00:00:00,35.1,21.704367466233734,1.0,Tema Community 25 Estate,tabular,ridge_ar_lag_fourier,h24,2026-01-04T23:00:00,2026-01-18T23:00:00,2026-02-15T23:00:00,,,42.0
2026-02-15 01:00:00,31.7,22.348773849532133,1.0,Tema Community 25 Estate,tabular,ridge_ar_lag_fourier,h24,2026-01-04T23:00:00,2026-01-18T23:00:00,2026-02-15T23:00:00,,,42.0
2026-02-15 02:00:00,30.7,23.3988533450993,1.0,Tema Community 25 Estate,tabular,ridge_ar_lag_fourier,h24,2026-01-04T23:00:00,2026-01-18T23:00:00,2026-02-15T23:00:00,,,42.0
2026-02-15 03:00:00,51.9,23.823570601512497,1.0,Tema Community 25 Estate,tabular,ridge_ar_lag_fourier,h24,2026-01-04T23:00:00,2026-01-18T23:00:00,2026-02-15T23:00:00,,,42.0
2026-02-15 04:00:00,39.5,25.214462530022963,1.0,Tema Community 25 Estate,tabular,ridge_ar_lag_fourier,h24,2026-01-04T23:00:00,2026-01-18T23:00:00,2026-02-15T23:00:00,,,42.0
2026-02-15 05:00:00,45.6,30.51382137279245,1.0,Tema Community 25 Estate,tabular,ridge_ar_lag_fourier,h24,2026-01-04T23:00:00,2026-01-18T23:00:00,2026-02-15T23:00:00,,,42.0
2026-02-15 06:00:00,63.8,32.67398905973078,1.0,Tema Community 25 Estate,tabular,ridge_ar_lag_fourier,h24,2026-01-04T23:00:00,2026-01-18T23:00:00,2026-02-15T23:00:00,,,42.0
2026-02-15 07:00:00,40.5,30.081686821309738,1.0,Tema Community 25 Estate,tabular,ridge_ar_lag_fourier,h24,2026-01-04T23:00:00,2026-01-18T23:00:00,2026-02-15T23:00:00,,,42.0
2026-02-15 08:00:00,20.7,24.46190678606557,1.0,Tema Community 25 Estate,tabular,ridge_ar_lag_fourier,h24,2026-01-04T23:00:00,2026-01-18T23:00:00,2026-02-15T23:00:00,,,42.0
2026-02-15 09:00:00,17.3,23.30974914057406,1.0,Tema Community 25 Estate,tabular,ridge_ar_lag_fourier,h24,2026-01-04T23:00:00,2026-01-18T23:00:00,2026-02-15T23:00:00,,,42.0
2026-02-15 10:00:00,14.7,21.697275119689422,1.0,Tema Community 25 Estate,tabular,ridge_ar_lag_fourier,h24,2026-01-04T23:00:00,2026-01-18T23:00:00,2026-02-15T23:00:00,,,42.0
2026-02-15 11:00:00,13.1,20.629865814324916,1.0,Tema Community 25 Estate,tabular,ridge_ar_lag_fourier,h24,2026-01-04T23:00:00,2026-01-18T23:00:00,2026-02-15T23:00:00,,,42.0
2026-02-15 12:00:00,12.2,19.28435871378199,1.0,Tema Community 25 Estate,tabular,ridge_ar_lag_fourier,h24,2026-01-04T23:00:00,2026-01-18T23:00:00,2026-02-15T23:00:00,,,42.0
2026-02-15 13:00:00,14.0,18.542092656760538,1.0,Tema Community 25 Estate,tabular,ridge_ar_lag_fourier,h24,2026-01-04T23:00:00,2026-01-18T23:00:00,2026-02-15T23:00:00,,,42.0
2026-02-15 14:00:00,10.5,17.731408369840064,1.0,Tema Community 25 Estate,tabular,ridge_ar_lag_fourier,h24,2026-01-04T23:00:00,2026-01-18T23:00:00,2026-02-15T23:00:00,,,42.0
2026-02-15 15:00:00,8.6,16.295410904060837,1.0,Tema Community 25 Estate,tabular,ridge_ar_lag_fourier,h24,2026-01-04T23:00:00,2026-01-18T23:00:00,2026-02-15T23:00:00,,,42.0
2026-02-15 16:00:00,7.6,16.871457927682158,1.0,Tema Community 25 Estate,tabular,ridge_ar_lag_fourier,h24,2026-01-04T23:00:00,2026-01-18T23:00:00,2026-02-15T23:00:00,,,42.0
2026-02-15 17:00:00,8.0,23.499717827409533,1.0,Tema Community 25 Estate,tabular,ridge_ar_lag_fourier,h24,2026-01-04T23:00:00,2026-01-18T23:00:00,2026-02-15T23:00:00,,,42.0
2026-02-15 18:00:00,7.2,20.548488708522715,1.0,Tema Community 25 Estate,tabular,ridge_ar_lag_fourier,h24,2026-01-04T23:00:00,2026-01-18T23:00:00,2026-02-15T23:00:00,,,42.0
2026-02-15 19:00:00,9.0,21.776335618908575,1.0,Tema Community 25 Estate,tabular,ridge_ar_lag_fourier,h24,2026-01-04T23:00:00,2026-01-18T23:00:00,2026-02-15T23:00:00,,,42.0
2026-02-15 20:00:00,8.9,25.549221585029684,1.0,Tema Community 25 Estate,tabular,ridge_ar_lag_fourier,h24,2026-01-04T23:00:00,2026-01-18T23:00:00,2026-02-15T23:00:00,,,42.0
2026-02-15 21:00:00,12.1,26.008027657563254,1.0,Tema Community 25 Estate,tabular,ridge_ar_lag_fourier,h24,2026-01-04T23:00:00,2026-01-18T23:00:00,2026-02-15T23:00:00,,,42.0
2026-02-15 22:00:00,15.0,27.30814974628143,1.0,Tema Community 25 Estate,tabular,ridge_ar_lag_fourier,h24,2026-01-04T23:00:00,2026-01-18T23:00:00,2026-02-15T23:00:00,,,42.0
2026-02-15 23:00:00,14.2,26.295750793874834,1.0,Tema Community 25 Estate,tabular,ridge_ar_lag_fourier,h24,2026-01-04T23:00:00,2026-01-18T23:00:00,2026-02-15T23:00:00,,,42.0
2026-01-18 23:00:00,44.8,25.482577885412844,1.0,Tema Community 3 SSNIT Flat,tabular,ridge_ar_lag_fourier,h24,2026-01-04T23:00:00,2026-01-18T23:00:00,2026-02-15T23:00:00,,,42.0
2026-01-19 00:00:00,53.9,28.887264362131027,1.0,Tema Community 3 SSNIT Flat,tabular,ridge_ar_lag_fourier,h24,2026-01-04T23:00:00,2026-01-18T23:00:00,2026-02-15T23:00:00,,,42.0
2026-01-19 01:00:00,81.0,28.290289669581146,1.0,Tema Community 3 SSNIT Flat,tabular,ridge_ar_lag_fourier,h24,2026-01-04T23:00:00,2026-01-18T23:00:00,2026-02-15T23:00:00,,,42.0
2026-01-19 02:00:00,78.4,30.589980380247496,1.0,Tema Community 3 SSNIT Flat,tabular,ridge_ar_lag_fourier,h24,2026-01-04T23:00:00,2026-01-18T23:00:00,2026-02-15T23:00:00,,,42.0
2026-01-19 03:00:00,44.2,38.532602448818594,1.0,Tema Community 3 SSNIT Flat,tabular,ridge_ar_lag_fourier,h24,2026-01-04T23:00:00,2026-01-18T23:00:00,2026-02-15T23:00:00,,,42.0
2026-01-19 04:00:00,44.5,46.419638616677844,1.0,Tema Community 3 SSNIT Flat,tabular,ridge_ar_lag_fourier,h24,2026-01-04T23:00:00,2026-01-18T23:00:00,2026-02-15T23:00:00,,,42.0
2026-01-19 05:00:00,45.4,43.77655205888207,1.0,Tema Community 3 SSNIT Flat,tabular,ridge_ar_lag_fourier,h24,2026-01-04T23:00:00,2026-01-18T23:00:00,2026-02-15T23:00:00,,,42.0
2026-01-19 06:00:00,57.0,45.03848065412217,1.0,Tema Community 3 SSNIT Flat,tabular,ridge_ar_lag_fourier,h24,2026-01-04T23:00:00,2026-01-18T23:00:00,2026-02-15T23:00:00,,,42.0
2026-01-19 07:00:00,51.5,43.808030580741416,1.0,Tema Community 3 SSNIT Flat,tabular,ridge_ar_lag_fourier,h24,2026-01-04T23:00:00,2026-01-18T23:00:00,2026-02-15T23:00:00,,,42.0
2026-01-19 08:00:00,50.8,43.159411439428226,1.0,Tema Community 3 SSNIT Flat,tabular,ridge_ar_lag_fourier,h24,2026-01-04T23:00:00,2026-01-18T23:00:00,2026-02-15T23:00:00,,,42.0
2026-01-19 09:00:00,50.6,38.29544721467844,1.0,Tema Community 3 SSNIT Flat,tabular,ridge_ar_lag_fourier,h24,2026-01-04T23:00:00,2026-01-18T23:00:00,2026-02-15T23:00:00,,,42.0
2026-01-19 10:00:00,37.5,33.57009560590058,1.0,Tema Community 3 SSNIT Flat,tabular,ridge_ar_lag_fourier,h24,2026-01-04T23:00:00,2026-01-18T23:00:00,2026-02-15T23:00:00,,,42.0
2026-01-19 11:00:00,35.7,30.099169262565354,1.0,Tema Community 3 SSNIT Flat,tabular,ridge_ar_lag_fourier,h24,2026-01-04T23:00:00,2026-01-18T23:00:00,2026-02-15T23:00:00,,,42.0
2026-01-19 12:00:00,37.7,24.86129671321351,1.0,Tema Community 3 SSNIT Flat,tabular,ridge_ar_lag_fourier,h24,2026-01-04T23:00:00,2026-01-18T23:00:00,2026-02-15T23:00:00,,,42.0
2026-01-19 13:00:00,34.1,21.435801458686022,1.0,Tema Community 3 SSNIT Flat,tabular,ridge_ar_lag_fourier,h24,2026-01-04T23:00:00,2026-01-18T23:00:00,2026-02-15T23:00:00,,,42.0
2026-01-19 14:00:00,34.5,20.274096398800157,1.0,Tema Community 3 SSNIT Flat,tabular,ridge_ar_lag_fourier,h24,2026-01-04T23:00:00,2026-01-18T23:00:00,2026-02-15T23:00:00,,,42.0
2026-01-19 15:00:00,37.1,20.448447926602572,1.0,Tema Community 3 SSNIT Flat,tabular,ridge_ar_lag_fourier,h24,2026-01-04T23:00:00,2026-01-18T23:00:00,2026-02-15T23:00:00,,,42.0
2026-01-19 16:00:00,34.6,22.076123513457986,1.0,Tema Community 3 SSNIT Flat,tabular,ridge_ar_lag_fourier,h24,2026-01-04T23:00:00,2026-01-18T23:00:00,2026-02-15T23:00:00,,,42.0
2026-01-19 17:00:00,34.3,22.120289723751874,1.0,Tema Community 3 SSNIT Flat,tabular,ridge_ar_lag_fourier,h24,2026-01-04T23:00:00,2026-01-18T23:00:00,2026-02-15T23:00:00,,,42.0
2026-01-19 18:00:00,35.1,22.386890266151337,1.0,Tema Community 3 SSNIT Flat,tabular,ridge_ar_lag_fourier,h24,2026-01-04T23:00:00,2026-01-18T23:00:00,2026-02-15T23:00:00,,,42.0
2026-01-19 19:00:00,35.3,23.268003107908424,1.0,Tema Community 3 SSNIT Flat,tabular,ridge_ar_lag_fourier,h24,2026-01-04T23:00:00,2026-01-18T23:00:00,2026-02-15T23:00:00,,,42.0
2026-01-19 20:00:00,32.9,23.175857548419128,1.0,Tema Community 3 SSNIT Flat,tabular,ridge_ar_lag_fourier,h24,2026-01-04T23:00:00,2026-01-18T23:00:00,2026-02-15T23:00:00,,,42.0
2026-01-19 21:00:00,33.8,23.572974802894212,1.0,Tema Community 3 SSNIT Flat,tabular,ridge_ar_lag_fourier,h24,2026-01-04T23:00:00,2026-01-18T23:00:00,2026-02-15T23:00:00,,,42.0
2026-01-19 22:00:00,34.1,23.669554554853416,1.0,Tema Community 3 SSNIT Flat,tabular,ridge_ar_lag_fourier,h24,2026-01-04T23:00:00,2026-01-18T23:00:00,2026-02-15T23:00:00,,,42.0
2026-01-19 23:00:00,32.5,26.107913037044128,1.0,Tema Community 3 SSNIT Flat,tabular,ridge_ar_lag_fourier,h24,2026-01-04T23:00:00,2026-01-18T23:00:00,2026-02-15T23:00:00,,,42.0
2026-01-20 00:00:00,36.9,32.07774096421788,1.0,Tema Community 3 SSNIT Flat,tabular,ridge_ar_lag_fourier,h24,2026-01-04T23:00:00,2026-01-18T23:00:00,2026-02-15T23:00:00,,,42.0
2026-01-20 01:00:00,34.9,34.94954795539155,1.0,Tema Community 3 SSNIT Flat,tabular,ridge_ar_lag_fourier,h24,2026-01-04T23:00:00,2026-01-18T23:00:00,2026-02-15T23:00:00,,,42.0
2026-01-20 02:00:00,39.1,40.29899100566278,1.0,Tema Community 3 SSNIT Flat,tabular,ridge_ar_lag_fourier,h24,2026-01-04T23:00:00,2026-01-18T23:00:00,2026-02-15T23:00:00,,,42.0
2026-01-20 03:00:00,41.6,45.46242766680197,1.0,Tema Community 3 SSNIT Flat,tabular,ridge_ar_lag_fourier,h24,2026-01-04T23:00:00,2026-01-18T23:00:00,2026-02-15T23:00:00,,,42.0
2026-01-20 04:00:00,38.3,44.45002324247355,1.0,Tema Community 3 SSNIT Flat,tabular,ridge_ar_lag_fourier,h24,2026-01-04T23:00:00,2026-01-18T23:00:00,2026-02-15T23:00:00,,,42.0
2026-01-20 05:00:00,40.8,45.8449899991537,1.0,Tema Community 3 SSNIT Flat,tabular,ridge_ar_lag_fourier,h24,2026-01-04T23:00:00,2026-01-18T23:00:00,2026-02-15T23:00:00,,,42.0
2026-01-20 06:00:00,42.9,44.07298725901107,1.0,Tema Community 3 SSNIT Flat,tabular,ridge_ar_lag_fourier,h24,2026-01-04T23:00:00,2026-01-18T23:00:00,2026-02-15T23:00:00,,,42.0
2026-01-20 07:00:00,44.1,44.95294025947675,1.0,Tema Community 3 SSNIT Flat,tabular,ridge_ar_lag_fourier,h24,2026-01-04T23:00:00,2026-01-18T23:00:00,2026-02-15T23:00:00,,,42.0
2026-01-20 08:00:00,42.4,38.68596549540749,1.0,Tema Community 3 SSNIT Flat,tabular,ridge_ar_lag_fourier,h24,2026-01-04T23:00:00,2026-01-18T23:00:00,2026-02-15T23:00:00,,,42.0
2026-01-20 09:00:00,40.3,36.84994838340638,1.0,Tema Community 3 SSNIT Flat,tabular,ridge_ar_lag_fourier,h24,2026-01-04T23:00:00,2026-01-18T23:00:00,2026-02-15T23:00:00,,,42.0
2026-01-20 10:00:00,33.6,35.01595448294094,1.0,Tema Community 3 SSNIT Flat,tabular,ridge_ar_lag_fourier,h24,2026-01-04T23:00:00,2026-01-18T23:00:00,2026-02-15T23:00:00,,,42.0
2026-01-20 11:00:00,29.7,30.30793284401065,1.0,Tema Community 3 SSNIT Flat,tabular,ridge_ar_lag_fourier,h24,2026-01-04T23:00:00,2026-01-18T23:00:00,2026-02-15T23:00:00,,,42.0
2026-01-20 12:00:00,29.4,25.833185936014043,1.0,Tema Community 3 SSNIT Flat,tabular,ridge_ar_lag_fourier,h24,2026-01-04T23:00:00,2026-01-18T23:00:00,2026-02-15T23:00:00,,,42.0
2026-01-20 13:00:00,25.8,23.719620007923908,1.0,Tema Community 3 SSNIT Flat,tabular,ridge_ar_lag_fourier,h24,2026-01-04T23:00:00,2026-01-18T23:00:00,2026-02-15T23:00:00,,,42.0
2026-01-20 14:00:00,26.3,21.52869148079976,1.0,Tema Community 3 SSNIT Flat,tabular,ridge_ar_lag_fourier,h24,2026-01-04T23:00:00,2026-01-18T23:00:00,2026-02-15T23:00:00,,,42.0
2026-01-20 15:00:00,46.2,21.75935380858541,1.0,Tema Community 3 SSNIT Flat,tabular,ridge_ar_lag_fourier,h24,2026-01-04T23:00:00,2026-01-18T23:00:00,2026-02-15T23:00:00,,,42.0
2026-01-20 16:00:00,28.5,23.9128973168797,1.0,Tema Community 3 SSNIT Flat,tabular,ridge_ar_lag_fourier,h24,2026-01-04T23:00:00,2026-01-18T23:00:00,2026-02-15T23:00:00,,,42.0
2026-01-20 17:00:00,28.1,23.071221602314328,1.0,Tema Community 3 SSNIT Flat,tabular,ridge_ar_lag_fourier,h24,2026-01-04T23:00:00,2026-01-18T23:00:00,2026-02-15T23:00:00,,,42.0
2026-01-20 18:00:00,45.2,23.781930683895606,1.0,Tema Community 3 SSNIT Flat,tabular,ridge_ar_lag_fourier,h24,2026-01-04T23:00:00,2026-01-18T23:00:00,2026-02-15T23:00:00,,,42.0
2026-01-20 19:00:00,42.5,24.491267245599758,1.0,Tema Community 3 SSNIT Flat,tabular,ridge_ar_lag_fourier,h24,2026-01-04T23:00:00,2026-01-18T23:00:00,2026-02-15T23:00:00,,,42.0
2026-01-20 20:00:00,34.8,24.64264308902874,1.0,Tema Community 3 SSNIT Flat,tabular,ridge_ar_lag_fourier,h24,2026-01-04T23:00:00,2026-01-18T23:00:00,2026-02-15T23:00:00,,,42.0
2026-01-20 21:00:00,29.6,25.262874227009718,1.0,Tema Community 3 SSNIT Flat,tabular,ridge_ar_lag_fourier,h24,2026-01-04T23:00:00,2026-01-18T23:00:00,2026-02-15T23:00:00,,,42.0
2026-01-20 22:00:00,6.9,25.124648438362772,1.0,Tema Community 3 SSNIT Flat,tabular,ridge_ar_lag_fourier,h24,2026-01-04T23:00:00,2026-01-18T23:00:00,2026-02-15T23:00:00,,,42.0
2026-01-20 23:00:00,3.7,28.447292572255254,1.0,Tema Community 3 SSNIT Flat,tabular,ridge_ar_lag_fourier,h24,2026-01-04T23:00:00,2026-01-18T23:00:00,2026-02-15T23:00:00,,,42.0
2026-01-21 00:00:00,7.9,37.250514650939714,1.0,Tema Community 3 SSNIT Flat,tabular,ridge_ar_lag_fourier,h24,2026-01-04T23:00:00,2026-01-18T23:00:00,2026-02-15T23:00:00,,,42.0
2026-01-21 01:00:00,16.5,42.4871927411714,1.0,Tema Community 3 SSNIT Flat,tabular,ridge_ar_lag_fourier,h24,2026-01-04T23:00:00,2026-01-18T23:00:00,2026-02-15T23:00:00,,,42.0
2026-01-21 02:00:00,26.1,38.15250888194569,1.0,Tema Community 3 SSNIT Flat,tabular,ridge_ar_lag_fourier,h24,2026-01-04T23:00:00,2026-01-18T23:00:00,2026-02-15T23:00:00,,,42.0
2026-01-21 03:00:00,39.9,39.04577915383483,1.0,Tema Community 3 SSNIT Flat,tabular,ridge_ar_lag_fourier,h24,2026-01-04T23:00:00,2026-01-18T23:00:00,2026-02-15T23:00:00,,,42.0
2026-01-21 04:00:00,61.3,44.23230306223054,1.0,Tema Community 3 SSNIT Flat,tabular,ridge_ar_lag_fourier,h24,2026-01-04T23:00:00,2026-01-18T23:00:00,2026-02-15T23:00:00,,,42.0
2026-01-21 05:00:00,40.6,43.60086541607346,1.0,Tema Community 3 SSNIT Flat,tabular,ridge_ar_lag_fourier,h24,2026-01-04T23:00:00,2026-01-18T23:00:00,2026-02-15T23:00:00,,,42.0
2026-01-21 06:00:00,87.8,43.17243831169259,1.0,Tema Community 3 SSNIT Flat,tabular,ridge_ar_lag_fourier,h24,2026-01-04T23:00:00,2026-01-18T23:00:00,2026-02-15T23:00:00,,,42.0
2026-01-21 07:00:00,67.9,44.16932138238312,1.0,Tema Community 3 SSNIT Flat,tabular,ridge_ar_lag_fourier,h24,2026-01-04T23:00:00,2026-01-18T23:00:00,2026-02-15T23:00:00,,,42.0
2026-01-21 08:00:00,35.9,37.68997291256275,1.0,Tema Community 3 SSNIT Flat,tabular,ridge_ar_lag_fourier,h24,2026-01-04T23:00:00,2026-01-18T23:00:00,2026-02-15T23:00:00,,,42.0
2026-01-21 09:00:00,32.8,36.62205911063405,1.0,Tema Community 3 SSNIT Flat,tabular,ridge_ar_lag_fourier,h24,2026-01-04T23:00:00,2026-01-18T23:00:00,2026-02-15T23:00:00,,,42.0
2026-01-21 10:00:00,34.1,33.38398547618757,1.0,Tema Community 3 SSNIT Flat,tabular,ridge_ar_lag_fourier,h24,2026-01-04T23:00:00,2026-01-18T23:00:00,2026-02-15T23:00:00,,,42.0
2026-01-21 11:00:00,34.7,30.165597022664066,1.0,Tema Community 3 SSNIT Flat,tabular,ridge_ar_lag_fourier,h24,2026-01-04T23:00:00,2026-01-18T23:00:00,2026-02-15T23:00:00,,,42.0
2026-01-21 12:00:00,31.9,27.53598646573866,1.0,Tema Community 3 SSNIT Flat,tabular,ridge_ar_lag_fourier,h24,2026-01-04T23:00:00,2026-01-18T23:00:00,2026-02-15T23:00:00,,,42.0
2026-01-21 13:00:00,25.8,24.4327564048235,1.0,Tema Community 3 SSNIT Flat,tabular,ridge_ar_lag_fourier,h24,2026-01-04T23:00:00,2026-01-18T23:00:00,2026-02-15T23:00:00,,,42.0
2026-01-21 14:00:00,30.7,22.802018017649775,1.0,Tema Community 3 SSNIT Flat,tabular,ridge_ar_lag_fourier,h24,2026-01-04T23:00:00,2026-01-18T23:00:00,2026-02-15T23:00:00,,,42.0
2026-01-21 15:00:00,24.9,22.70390789966011,1.0,Tema Community 3 SSNIT Flat,tabular,ridge_ar_lag_fourier,h24,2026-01-04T23:00:00,2026-01-18T23:00:00,2026-02-15T23:00:00,,,42.0
2026-01-21 16:00:00,27.6,24.64406607457007,1.0,Tema Community 3 SSNIT Flat,tabular,ridge_ar_lag_fourier,h24,2026-01-04T23:00:00,2026-01-18T23:00:00,2026-02-15T23:00:00,,,42.0
2026-01-21 17:00:00,28.6,23.789532952036982,1.0,Tema Community 3 SSNIT Flat,tabular,ridge_ar_lag_fourier,h24,2026-01-04T23:00:00,2026-01-18T23:00:00,2026-02-15T23:00:00,,,42.0
2026-01-21 18:00:00,31.9,24.639234764003447,1.0,Tema Community 3 SSNIT Flat,tabular,ridge_ar_lag_fourier,h24,2026-01-04T23:00:00,2026-01-18T23:00:00,2026-02-15T23:00:00,,,42.0
2026-01-21 19:00:00,29.6,26.090432156917302,1.0,Tema Community 3 SSNIT Flat,tabular,ridge_ar_lag_fourier,h24,2026-01-04T23:00:00,2026-01-18T23:00:00,2026-02-15T23:00:00,,,42.0
2026-01-21 20:00:00,28.9,25.351436345896833,1.0,Tema Community 3 SSNIT Flat,tabular,ridge_ar_lag_fourier,h24,2026-01-04T23:00:00,2026-01-18T23:00:00,2026-02-15T23:00:00,,,42.0
2026-01-21 21:00:00,30.0,24.787182587401407,1.0,Tema Community 3 SSNIT Flat,tabular,ridge_ar_lag_fourier,h24,2026-01-04T23:00:00,2026-01-18T23:00:00,2026-02-15T23:00:00,,,42.0
2026-01-21 22:00:00,30.2,24.768870798176795,1.0,Tema Community 3 SSNIT Flat,tabular,ridge_ar_lag_fourier,h24,2026-01-04T23:00:00,2026-01-18T23:00:00,2026-02-15T23:00:00,,,42.0
2026-01-21 23:00:00,32.7,22.44588270542507,1.0,Tema Community 3 SSNIT Flat,tabular,ridge_ar_lag_fourier,h24,2026-01-04T23:00:00,2026-01-18T23:00:00,2026-02-15T23:00:00,,,42.0
2026-01-22 00:00:00,31.7,28.13654851748447,1.0,Tema Community 3 SSNIT Flat,tabular,ridge_ar_lag_fourier,h24,2026-01-04T23:00:00,2026-01-18T23:00:00,2026-02-15T23:00:00,,,42.0
2026-01-22 01:00:00,32.5,31.844707683497717,1.0,Tema Community 3 SSNIT Flat,tabular,ridge_ar_lag_fourier,h24,2026-01-04T23:00:00,2026-01-18T23:00:00,2026-02-15T23:00:00,,,42.0
2026-01-22 02:00:00,34.4,34.72916716444058,1.0,Tema Community 3 SSNIT Flat,tabular,ridge_ar_lag_fourier,h24,2026-01-04T23:00:00,2026-01-18T23:00:00,2026-02-15T23:00:00,,,42.0
2026-01-22 03:00:00,36.0,38.68551682054034,1.0,Tema Community 3 SSNIT Flat,tabular,ridge_ar_lag_fourier,h24,2026-01-04T23:00:00,2026-01-18T23:00:00,2026-02-15T23:00:00,,,42.0
2026-01-22 04:00:00,32.5,47.21460356679035,1.0,Tema Community 3 SSNIT Flat,tabular,ridge_ar_lag_fourier,h24,2026-01-04T23:00:00,2026-01-18T23:00:00,2026-02-15T23:00:00,,,42.0
2026-01-22 05:00:00,40.9,44.24911564312872,1.0,Tema Community 3 SSNIT Flat,tabular,ridge_ar_lag_fourier,h24,2026-01-04T23:00:00,2026-01-18T23:00:00,2026-02-15T23:00:00,,,42.0
2026-01-22 06:00:00,44.0,44.95458412881075,1.0,Tema Community 3 SSNIT Flat,tabular,ridge_ar_lag_fourier,h24,2026-01-04T23:00:00,2026-01-18T23:00:00,2026-02-15T23:00:00,,,42.0
2026-01-22 07:00:00,38.6,51.14876170403157,1.0,Tema Community 3 SSNIT Flat,tabular,ridge_ar_lag_fourier,h24,2026-01-04T23:00:00,2026-01-18T23:00:00,2026-02-15T23:00:00,,,42.0
2026-01-22 08:00:00,37.3,42.88879716089598,1.0,Tema Community 3 SSNIT Flat,tabular,ridge_ar_lag_fourier,h24,2026-01-04T23:00:00,2026-01-18T23:00:00,2026-02-15T23:00:00,,,42.0
2026-01-22 09:00:00,37.7,37.05770290255586,1.0,Tema Community 3 SSNIT Flat,tabular,ridge_ar_lag_fourier,h24,2026-01-04T23:00:00,2026-01-18T23:00:00,2026-02-15T23:00:00,,,42.0
2026-01-22 10:00:00,38.1,31.843422576591394,1.0,Tema Community 3 SSNIT Flat,tabular,ridge_ar_lag_fourier,h24,2026-01-04T23:00:00,2026-01-18T23:00:00,2026-02-15T23:00:00,,,42.0
2026-01-22 11:00:00,38.6,29.200878656255604,1.0,Tema Community 3 SSNIT Flat,tabular,ridge_ar_lag_fourier,h24,2026-01-04T23:00:00,2026-01-18T23:00:00,2026-02-15T23:00:00,,,42.0
2026-01-22 12:00:00,38.3,26.450877511237522,1.0,Tema Community 3 SSNIT Flat,tabular,ridge_ar_lag_fourier,h24,2026-01-04T23:00:00,2026-01-18T23:00:00,2026-02-15T23:00:00,,,42.0
2026-01-22 13:00:00,34.1,23.577720119947607,1.0,Tema Community 3 SSNIT Flat,tabular,ridge_ar_lag_fourier,h24,2026-01-04T23:00:00,2026-01-18T23:00:00,2026-02-15T23:00:00,,,42.0
2026-01-22 14:00:00,30.5,23.44759754217753,1.0,Tema Community 3 SSNIT Flat,tabular,ridge_ar_lag_fourier,h24,2026-01-04T23:00:00,2026-01-18T23:00:00,2026-02-15T23:00:00,,,42.0
2026-01-22 15:00:00,27.5,25.45658903129976,1.0,Tema Community 3 SSNIT Flat,tabular,ridge_ar_lag_fourier,h24,2026-01-04T23:00:00,2026-01-18T23:00:00,2026-02-15T23:00:00,,,42.0
2026-01-22 16:00:00,30.5,23.43904914853218,1.0,Tema Community 3 SSNIT Flat,tabular,ridge_ar_lag_fourier,h24,2026-01-04T23:00:00,2026-01-18T23:00:00,2026-02-15T23:00:00,,,42.0
2026-01-22 17:00:00,27.0,25.573130992371315,1.0,Tema Community 3 SSNIT Flat,tabular,ridge_ar_lag_fourier,h24,2026-01-04T23:00:00,2026-01-18T23:00:00,2026-02-15T23:00:00,,,42.0
2026-01-22 18:00:00,26.9,27.351437042608715,1.0,Tema Community 3 SSNIT Flat,tabular,ridge_ar_lag_fourier,h24,2026-01-04T23:00:00,2026-01-18T23:00:00,2026-02-15T23:00:00,,,42.0
2026-01-22 19:00:00,25.2,27.52448932526964,1.0,Tema Community 3 SSNIT Flat,tabular,ridge_ar_lag_fourier,h24,2026-01-04T23:00:00,2026-01-18T23:00:00,2026-02-15T23:00:00,,,42.0
2026-01-22 20:00:00,25.3,25.36523313389107,1.0,Tema Community 3 SSNIT Flat,tabular,ridge_ar_lag_fourier,h24,2026-01-04T23:00:00,2026-01-18T23:00:00,2026-02-15T23:00:00,,,42.0
2026-01-22 21:00:00,25.1,24.986588890652214,1.0,Tema Community 3 SSNIT Flat,tabular,ridge_ar_lag_fourier,h24,2026-01-04T23:00:00,2026-01-18T23:00:00,2026-02-15T23:00:00,,,42.0
2026-01-22 22:00:00,24.3,23.798409022717564,1.0,Tema Community 3 SSNIT Flat,tabular,ridge_ar_lag_fourier,h24,2026-01-04T23:00:00,2026-01-18T23:00:00,2026-02-15T23:00:00,,,42.0
2026-01-22 23:00:00,25.8,22.600984165682913,1.0,Tema Community 3 SSNIT Flat,tabular,ridge_ar_lag_fourier,h24,2026-01-04T23:00:00,2026-01-18T23:00:00,2026-02-15T23:00:00,,,42.0
2026-01-23 00:00:00,30.8,30.0524473745093,1.0,Tema Community 3 SSNIT Flat,tabular,ridge_ar_lag_fourier,h24,2026-01-04T23:00:00,2026-01-18T23:00:00,2026-02-15T23:00:00,,,42.0
2026-01-23 01:00:00,33.8,32.016576158892605,1.0,Tema Community 3 SSNIT Flat,tabular,ridge_ar_lag_fourier,h24,2026-01-04T23:00:00,2026-01-18T23:00:00,2026-02-15T23:00:00,,,42.0
2026-01-23 02:00:00,88.5,35.73489080132322,1.0,Tema Community 3 SSNIT Flat,tabular,ridge_ar_lag_fourier,h24,2026-01-04T23:00:00,2026-01-18T23:00:00,2026-02-15T23:00:00,,,42.0
2026-01-23 03:00:00,47.3,37.84968090385583,1.0,Tema Community 3 SSNIT Flat,tabular,ridge_ar_lag_fourier,h24,2026-01-04T23:00:00,2026-01-18T23:00:00,2026-02-15T23:00:00,,,42.0
2026-01-23 04:00:00,91.2,38.791485513546576,1.0,Tema Community 3 SSNIT Flat,tabular,ridge_ar_lag_fourier,h24,2026-01-04T23:00:00,2026-01-18T23:00:00,2026-02-15T23:00:00,,,42.0
2026-01-23 05:00:00,123.0,40.95194549327414,1.0,Tema Community 3 SSNIT Flat,tabular,ridge_ar_lag_fourier,h24,2026-01-04T23:00:00,2026-01-18T23:00:00,2026-02-15T23:00:00,,,42.0
2026-01-23 06:00:00,107.1,48.71458673492896,1.0,Tema Community 3 SSNIT Flat,tabular,ridge_ar_lag_fourier,h24,2026-01-04T23:00:00,2026-01-18T23:00:00,2026-02-15T23:00:00,,,42.0
2026-01-23 07:00:00,101.6,48.63517146787578,1.0,Tema Community 3 SSNIT Flat,tabular,ridge_ar_lag_fourier,h24,2026-01-04T23:00:00,2026-01-18T23:00:00,2026-02-15T23:00:00,,,42.0
2026-01-23 08:00:00,40.6,40.25479615851566,1.0,Tema Community 3 SSNIT Flat,tabular,ridge_ar_lag_fourier,h24,2026-01-04T23:00:00,2026-01-18T23:00:00,2026-02-15T23:00:00,,,42.0
2026-01-23 09:00:00,38.1,40.48610481353529,1.0,Tema Community 3 SSNIT Flat,tabular,ridge_ar_lag_fourier,h24,2026-01-04T23:00:00,2026-01-18T23:00:00,2026-02-15T23:00:00,,,42.0
2026-01-23 10:00:00,39.2,34.89017069189137,1.0,Tema Community 3 SSNIT Flat,tabular,ridge_ar_lag_fourier,h24,2026-01-04T23:00:00,2026-01-18T23:00:00,2026-02-15T23:00:00,,,42.0
2026-01-23 11:00:00,31.5,30.30244269521711,1.0,Tema Community 3 SSNIT Flat,tabular,ridge_ar_lag_fourier,h24,2026-01-04T23:00:00,2026-01-18T23:00:00,2026-02-15T23:00:00,,,42.0
2026-01-23 12:00:00,28.2,37.58529361564212,1.0,Tema Community 3 SSNIT Flat,tabular,ridge_ar_lag_fourier,h24,2026-01-04T23:00:00,2026-01-18T23:00:00,2026-02-15T23:00:00,,,42.0
2026-01-23 13:00:00,20.5,31.299127549795422,1.0,Tema Community 3 SSNIT Flat,tabular,ridge_ar_lag_fourier,h24,2026-01-04T23:00:00,2026-01-18T23:00:00,2026-02-15T23:00:00,,,42.0
2026-01-23 14:00:00,19.5,25.584009822991156,1.0,Tema Community 3 SSNIT Flat,tabular,ridge_ar_lag_fourier,h24,2026-01-04T23:00:00,2026-01-18T23:00:00,2026-02-15T23:00:00,,,42.0
2026-01-23 15:00:00,17.8,26.173144617414504,1.0,Tema Community 3 SSNIT Flat,tabular,ridge_ar_lag_fourier,h24,2026-01-04T23:00:00,2026-01-18T23:00:00,2026-02-15T23:00:00,,,42.0
2026-01-23 16:00:00,19.3,24.696540555548964,1.0,Tema Community 3 SSNIT Flat,tabular,ridge_ar_lag_fourier,h24,2026-01-04T23:00:00,2026-01-18T23:00:00,2026-02-15T23:00:00,,,42.0
2026-01-23 17:00:00,21.6,26.89628454062686,1.0,Tema Community 3 SSNIT Flat,tabular,ridge_ar_lag_fourier,h24,2026-01-04T23:00:00,2026-01-18T23:00:00,2026-02-15T23:00:00,,,42.0
2026-01-23 18:00:00,22.4,27.83713279432788,1.0,Tema Community 3 SSNIT Flat,tabular,ridge_ar_lag_fourier,h24,2026-01-04T23:00:00,2026-01-18T23:00:00,2026-02-15T23:00:00,,,42.0
2026-01-23 19:00:00,20.3,27.292686371156314,1.0,Tema Community 3 SSNIT Flat,tabular,ridge_ar_lag_fourier,h24,2026-01-04T23:00:00,2026-01-18T23:00:00,2026-02-15T23:00:00,,,42.0
2026-01-23 20:00:00,17.6,25.150230277574455,1.0,Tema Community 3 SSNIT Flat,tabular,ridge_ar_lag_fourier,h24,2026-01-04T23:00:00,2026-01-18T23:00:00,2026-02-15T23:00:00,,,42.0
2026-01-23 21:00:00,18.1,24.65324059781158,1.0,Tema Community 3 SSNIT Flat,tabular,ridge_ar_lag_fourier,h24,2026-01-04T23:00:00,2026-01-18T23:00:00,2026-02-15T23:00:00,,,42.0
2026-01-23 22:00:00,31.0,24.034396630100314,1.0,Tema Community 3 SSNIT Flat,tabular,ridge_ar_lag_fourier,h24,2026-01-04T23:00:00,2026-01-18T23:00:00,2026-02-15T23:00:00,,,42.0
2026-01-23 23:00:00,45.5,25.025770187441818,1.0,Tema Community 3 SSNIT Flat,tabular,ridge_ar_lag_fourier,h24,2026-01-04T23:00:00,2026-01-18T23:00:00,2026-02-15T23:00:00,,,42.0
2026-01-24 00:00:00,49.9,30.093081161128637,1.0,Tema Community 3 SSNIT Flat,tabular,ridge_ar_lag_fourier,h24,2026-01-04T23:00:00,2026-01-18T23:00:00,2026-02-15T23:00:00,,,42.0
2026-01-24 01:00:00,55.5,33.775691819697535,1.0,Tema Community 3 SSNIT Flat,tabular,ridge_ar_lag_fourier,h24,2026-01-04T23:00:00,2026-01-18T23:00:00,2026-02-15T23:00:00,,,42.0
2026-01-24 02:00:00,43.3,37.253935082111184,1.0,Tema Community 3 SSNIT Flat,tabular,ridge_ar_lag_fourier,h24,2026-01-04T23:00:00,2026-01-18T23:00:00,2026-02-15T23:00:00,,,42.0
2026-01-24 03:00:00,55.5,45.33854831215501,1.0,Tema Community 3 SSNIT Flat,tabular,ridge_ar_lag_fourier,h24,2026-01-04T23:00:00,2026-01-18T23:00:00,2026-02-15T23:00:00,,,42.0
2026-01-24 04:00:00,121.5,41.46370055340363,1.0,Tema Community 3 SSNIT Flat,tabular,ridge_ar_lag_fourier,h24,2026-01-04T23:00:00,2026-01-18T23:00:00,2026-02-15T23:00:00,,,42.0
2026-01-24 05:00:00,40.5,46.60699906494865,1.0,Tema Community 3 SSNIT Flat,tabular,ridge_ar_lag_fourier,h24,2026-01-04T23:00:00,2026-01-18T23:00:00,2026-02-15T23:00:00,,,42.0
2026-01-24 06:00:00,53.3,55.02889377739406,1.0,Tema Community 3 SSNIT Flat,tabular,ridge_ar_lag_fourier,h24,2026-01-04T23:00:00,2026-01-18T23:00:00,2026-02-15T23:00:00,,,42.0
2026-01-24 07:00:00,51.4,54.091016009004534,1.0,Tema Community 3 SSNIT Flat,tabular,ridge_ar_lag_fourier,h24,2026-01-04T23:00:00,2026-01-18T23:00:00,2026-02-15T23:00:00,,,42.0
2026-01-24 08:00:00,47.1,45.1937945873804,1.0,Tema Community 3 SSNIT Flat,tabular,ridge_ar_lag_fourier,h24,2026-01-04T23:00:00,2026-01-18T23:00:00,2026-02-15T23:00:00,,,42.0
2026-01-24 09:00:00,44.6,37.011570788121006,1.0,Tema Community 3 SSNIT Flat,tabular,ridge_ar_lag_fourier,h24,2026-01-04T23:00:00,2026-01-18T23:00:00,2026-02-15T23:00:00,,,42.0
2026-01-24 10:00:00,73.0,32.07657925507975,1.0,Tema Community 3 SSNIT Flat,tabular,ridge_ar_lag_fourier,h24,2026-01-04T23:00:00,2026-01-18T23:00:00,2026-02-15T23:00:00,,,42.0
2026-01-24 11:00:00,39.4,28.859910354761563,1.0,Tema Community 3 SSNIT Flat,tabular,ridge_ar_lag_fourier,h24,2026-01-04T23:00:00,2026-01-18T23:00:00,2026-02-15T23:00:00,,,42.0
2026-01-24 12:00:00,31.0,25.86501645436925,1.0,Tema Community 3 SSNIT Flat,tabular,ridge_ar_lag_fourier,h24,2026-01-04T23:00:00,2026-01-18T23:00:00,2026-02-15T23:00:00,,,42.0
2026-01-24 13:00:00,28.5,22.938977641471965,1.0,Tema Community 3 SSNIT Flat,tabular,ridge_ar_lag_fourier,h24,2026-01-04T23:00:00,2026-01-18T23:00:00,2026-02-15T23:00:00,,,42.0
2026-01-24 14:00:00,23.9,22.045163890949556,1.0,Tema Community 3 SSNIT Flat,tabular,ridge_ar_lag_fourier,h24,2026-01-04T23:00:00,2026-01-18T23:00:00,2026-02-15T23:00:00,,,42.0
2026-01-24 15:00:00,24.4,22.671676951380963,1.0,Tema Community 3 SSNIT Flat,tabular,ridge_ar_lag_fourier,h24,2026-01-04T23:00:00,2026-01-18T23:00:00,2026-02-15T23:00:00,,,42.0
2026-01-24 16:00:00,24.8,21.862214716034714,1.0,Tema Community 3 SSNIT Flat,tabular,ridge_ar_lag_fourier,h24,2026-01-04T23:00:00,2026-01-18T23:00:00,2026-02-15T23:00:00,,,42.0
2026-01-24 17:00:00,26.6,22.84131678196461,1.0,Tema Community 3 SSNIT Flat,tabular,ridge_ar_lag_fourier,h24,2026-01-04T23:00:00,2026-01-18T23:00:00,2026-02-15T23:00:00,,,42.0
2026-01-24 18:00:00,27.2,24.070701102118303,1.0,Tema Community 3 SSNIT Flat,tabular,ridge_ar_lag_fourier,h24,2026-01-04T23:00:00,2026-01-18T23:00:00,2026-02-15T23:00:00,,,42.0
2026-01-24 19:00:00,25.1,23.090286979356463,1.0,Tema Community 3 SSNIT Flat,tabular,ridge_ar_lag_fourier,h24,2026-01-04T23:00:00,2026-01-18T23:00:00,2026-02-15T23:00:00,,,42.0
2026-01-24 20:00:00,24.9,21.07204190797545,1.0,Tema Community 3 SSNIT Flat,tabular,ridge_ar_lag_fourier,h24,2026-01-04T23:00:00,2026-01-18T23:00:00,2026-02-15T23:00:00,,,42.0
2026-01-24 21:00:00,25.0,19.932802644297396,1.0,Tema Community 3 SSNIT Flat,tabular,ridge_ar_lag_fourier,h24,2026-01-04T23:00:00,2026-01-18T23:00:00,2026-02-15T23:00:00,,,42.0
2026-01-24 22:00:00,25.2,20.861451202803615,1.0,Tema Community 3 SSNIT Flat,tabular,ridge_ar_lag_fourier,h24,2026-01-04T23:00:00,2026-01-18T23:00:00,2026-02-15T23:00:00,,,42.0
2026-01-24 23:00:00,25.7,21.178474926092804,1.0,Tema Community 3 SSNIT Flat,tabular,ridge_ar_lag_fourier,h24,2026-01-04T23:00:00,2026-01-18T23:00:00,2026-02-15T23:00:00,,,42.0
2026-01-25 00:00:00,27.3,28.52879909494876,1.0,Tema Community 3 SSNIT Flat,tabular,ridge_ar_lag_fourier,h24,2026-01-04T23:00:00,2026-01-18T23:00:00,2026-02-15T23:00:00,,,42.0
2026-01-25 01:00:00,32.3,36.30021785843175,1.0,Tema Community 3 SSNIT Flat,tabular,ridge_ar_lag_fourier,h24,2026-01-04T23:00:00,2026-01-18T23:00:00,2026-02-15T23:00:00,,,42.0
2026-01-25 02:00:00,42.7,39.859181599071235,1.0,Tema Community 3 SSNIT Flat,tabular,ridge_ar_lag_fourier,h24,2026-01-04T23:00:00,2026-01-18T23:00:00,2026-02-15T23:00:00,,,42.0
2026-01-25 03:00:00,41.8,39.40224302775002,1.0,Tema Community 3 SSNIT Flat,tabular,ridge_ar_lag_fourier,h24,2026-01-04T23:00:00,2026-01-18T23:00:00,2026-02-15T23:00:00,,,42.0
2026-01-25 04:00:00,39.8,46.206384541558,1.0,Tema Community 3 SSNIT Flat,tabular,ridge_ar_lag_fourier,h24,2026-01-04T23:00:00,2026-01-18T23:00:00,2026-02-15T23:00:00,,,42.0
2026-01-25 05:00:00,49.4,54.89590202526149,1.0,Tema Community 3 SSNIT Flat,tabular,ridge_ar_lag_fourier,h24,2026-01-04T23:00:00,2026-01-18T23:00:00,2026-02-15T23:00:00,,,42.0
2026-01-25 06:00:00,62.7,51.4532445083092,1.0,Tema Community 3 SSNIT Flat,tabular,ridge_ar_lag_fourier,h24,2026-01-04T23:00:00,2026-01-18T23:00:00,2026-02-15T23:00:00,,,42.0
2026-01-25 07:00:00,56.0,51.55289369145029,1.0,Tema Community 3 SSNIT Flat,tabular,ridge_ar_lag_fourier,h24,2026-01-04T23:00:00,2026-01-18T23:00:00,2026-02-15T23:00:00,,,42.0
2026-01-25 08:00:00,48.3,38.56059696100755,1.0,Tema Community 3 SSNIT Flat,tabular,ridge_ar_lag_fourier,h24,2026-01-04T23:00:00,2026-01-18T23:00:00,2026-02-15T23:00:00,,,42.0
2026-01-25 09:00:00,52.8,33.972567607019165,1.0,Tema Community 3 SSNIT Flat,tabular,ridge_ar_lag_fourier,h24,2026-01-04T23:00:00,2026-01-18T23:00:00,2026-02-15T23:00:00,,,42.0
2026-01-25 10:00:00,57.7,30.031484108657047,1.0,Tema Community 3 SSNIT Flat,tabular,ridge_ar_lag_fourier,h24,2026-01-04T23:00:00,2026-01-18T23:00:00,2026-02-15T23:00:00,,,42.0
2026-01-25 11:00:00,50.6,30.158240617114508,1.0,Tema Community 3 SSNIT Flat,tabular,ridge_ar_lag_fourier,h24,2026-01-04T23:00:00,2026-01-18T23:00:00,2026-02-15T23:00:00,,,42.0
2026-01-25 12:00:00,40.8,22.700959380875375,1.0,Tema Community 3 SSNIT Flat,tabular,ridge_ar_lag_fourier,h24,2026-01-04T23:00:00,2026-01-18T23:00:00,2026-02-15T23:00:00,,,42.0
2026-01-25 13:00:00,38.1,17.81549746554448,1.0,Tema Community 3 SSNIT Flat,tabular,ridge_ar_lag_fourier,h24,2026-01-04T23:00:00,2026-01-18T23:00:00,2026-02-15T23:00:00,,,42.0
2026-01-25 14:00:00,34.8,17.410803497218488,1.0,Tema Community 3 SSNIT Flat,tabular,ridge_ar_lag_fourier,h24,2026-01-04T23:00:00,2026-01-18T23:00:00,2026-02-15T23:00:00,,,42.0
2026-01-25 15:00:00,32.6,19.765657760109544,1.0,Tema Community 3 SSNIT Flat,tabular,ridge_ar_lag_fourier,h24,2026-01-04T23:00:00,2026-01-18T23:00:00,2026-02-15T23:00:00,,,42.0
2026-01-25 16:00:00,30.8,19.313397449489635,1.0,Tema Community 3 SSNIT Flat,tabular,ridge_ar_lag_fourier,h24,2026-01-04T23:00:00,2026-01-18T23:00:00,2026-02-15T23:00:00,,,42.0
2026-01-25 17:00:00,32.6,20.94959051341654,1.0,Tema Community 3 SSNIT Flat,tabular,ridge_ar_lag_fourier,h24,2026-01-04T23:00:00,2026-01-18T23:00:00,2026-02-15T23:00:00,,,42.0
2026-01-25 18:00:00,34.7,22.54553818241876,1.0,Tema Community 3 SSNIT Flat,tabular,ridge_ar_lag_fourier,h24,2026-01-04T23:00:00,2026-01-18T23:00:00,2026-02-15T23:00:00,,,42.0
2026-01-25 19:00:00,33.6,25.09076958040373,1.0,Tema Community 3 SSNIT Flat,tabular,ridge_ar_lag_fourier,h24,2026-01-04T23:00:00,2026-01-18T23:00:00,2026-02-15T23:00:00,,,42.0
2026-01-25 20:00:00,34.6,20.92494351010175,1.0,Tema Community 3 SSNIT Flat,tabular,ridge_ar_lag_fourier,h24,2026-01-04T23:00:00,2026-01-18T23:00:00,2026-02-15T23:00:00,,,42.0
2026-01-25 21:00:00,34.4,22.255760734787668,1.0,Tema Community 3 SSNIT Flat,tabular,ridge_ar_lag_fourier,h24,2026-01-04T23:00:00,2026-01-18T23:00:00,2026-02-15T23:00:00,,,42.0
2026-01-25 22:00:00,39.7,23.403800658465553,1.0,Tema Community 3 SSNIT Flat,tabular,ridge_ar_lag_fourier,h24,2026-01-04T23:00:00,2026-01-18T23:00:00,2026-02-15T23:00:00,,,42.0
2026-01-25 23:00:00,52.6,23.429276546558373,1.0,Tema Community 3 SSNIT Flat,tabular,ridge_ar_lag_fourier,h24,2026-01-04T23:00:00,2026-01-18T23:00:00,2026-02-15T23:00:00,,,42.0
2026-01-26 00:00:00,55.6,30.049739293084315,1.0,Tema Community 3 SSNIT Flat,tabular,ridge_ar_lag_fourier,h24,2026-01-04T23:00:00,2026-01-18T23:00:00,2026-02-15T23:00:00,,,42.0
2026-01-26 01:00:00,53.1,33.495067245928354,1.0,Tema Community 3 SSNIT Flat,tabular,ridge_ar_lag_fourier,h24,2026-01-04T23:00:00,2026-01-18T23:00:00,2026-02-15T23:00:00,,,42.0
2026-01-26 02:00:00,44.5,36.78791168255093,1.0,Tema Community 3 SSNIT Flat,tabular,ridge_ar_lag_fourier,h24,2026-01-04T23:00:00,2026-01-18T23:00:00,2026-02-15T23:00:00,,,42.0
2026-01-26 03:00:00,56.8,42.14528247664238,1.0,Tema Community 3 SSNIT Flat,tabular,ridge_ar_lag_fourier,h24,2026-01-04T23:00:00,2026-01-18T23:00:00,2026-02-15T23:00:00,,,42.0
2026-01-26 04:00:00,46.8,46.34213656608135,1.0,Tema Community 3 SSNIT Flat,tabular,ridge_ar_lag_fourier,h24,2026-01-04T23:00:00,2026-01-18T23:00:00,2026-02-15T23:00:00,,,42.0
2026-01-26 05:00:00,45.7,42.92163425703121,1.0,Tema Community 3 SSNIT Flat,tabular,ridge_ar_lag_fourier,h24,2026-01-04T23:00:00,2026-01-18T23:00:00,2026-02-15T23:00:00,,,42.0
2026-01-26 06:00:00,52.3,50.19263842442588,1.0,Tema Community 3 SSNIT Flat,tabular,ridge_ar_lag_fourier,h24,2026-01-04T23:00:00,2026-01-18T23:00:00,2026-02-15T23:00:00,,,42.0
2026-01-26 07:00:00,48.9,47.61996829366414,1.0,Tema Community 3 SSNIT Flat,tabular,ridge_ar_lag_fourier,h24,2026-01-04T23:00:00,2026-01-18T23:00:00,2026-02-15T23:00:00,,,42.0
2026-01-26 08:00:00,46.0,38.71404982266279,1.0,Tema Community 3 SSNIT Flat,tabular,ridge_ar_lag_fourier,h24,2026-01-04T23:00:00,2026-01-18T23:00:00,2026-02-15T23:00:00,,,42.0
2026-01-26 09:00:00,42.8,35.8967523592698,1.0,Tema Community 3 SSNIT Flat,tabular,ridge_ar_lag_fourier,h24,2026-01-04T23:00:00,2026-01-18T23:00:00,2026-02-15T23:00:00,,,42.0
2026-01-26 10:00:00,44.1,32.999140031385785,1.0,Tema Community 3 SSNIT Flat,tabular,ridge_ar_lag_fourier,h24,2026-01-04T23:00:00,2026-01-18T23:00:00,2026-02-15T23:00:00,,,42.0
2026-01-26 11:00:00,44.7,30.19667351590732,1.0,Tema Community 3 SSNIT Flat,tabular,ridge_ar_lag_fourier,h24,2026-01-04T23:00:00,2026-01-18T23:00:00,2026-02-15T23:00:00,,,42.0
2026-01-26 12:00:00,40.9,26.44820796385748,1.0,Tema Community 3 SSNIT Flat,tabular,ridge_ar_lag_fourier,h24,2026-01-04T23:00:00,2026-01-18T23:00:00,2026-02-15T23:00:00,,,42.0
2026-01-26 13:00:00,36.0,22.40430185232764,1.0,Tema Community 3 SSNIT Flat,tabular,ridge_ar_lag_fourier,h24,2026-01-04T23:00:00,2026-01-18T23:00:00,2026-02-15T23:00:00,,,42.0
2026-01-26 14:00:00,33.2,22.696655204228897,1.0,Tema Community 3 SSNIT Flat,tabular,ridge_ar_lag_fourier,h24,2026-01-04T23:00:00,2026-01-18T23:00:00,2026-02-15T23:00:00,,,42.0
2026-01-26 15:00:00,32.1,22.601564384379877,1.0,Tema Community 3 SSNIT Flat,tabular,ridge_ar_lag_fourier,h24,2026-01-04T23:00:00,2026-01-18T23:00:00,2026-02-15T23:00:00,,,42.0
2026-01-26 16:00:00,31.9,21.69809613556921,1.0,Tema Community 3 SSNIT Flat,tabular,ridge_ar_lag_fourier,h24,2026-01-04T23:00:00,2026-01-18T23:00:00,2026-02-15T23:00:00,,,42.0
2026-01-26 17:00:00,35.0,20.87270945232551,1.0,Tema Community 3 SSNIT Flat,tabular,ridge_ar_lag_fourier,h24,2026-01-04T23:00:00,2026-01-18T23:00:00,2026-02-15T23:00:00,,,42.0
2026-01-26 18:00:00,36.5,21.328166848397323,1.0,Tema Community 3 SSNIT Flat,tabular,ridge_ar_lag_fourier,h24,2026-01-04T23:00:00,2026-01-18T23:00:00,2026-02-15T23:00:00,,,42.0
2026-01-26 19:00:00,33.3,20.79977555030772,1.0,Tema Community 3 SSNIT Flat,tabular,ridge_ar_lag_fourier,h24,2026-01-04T23:00:00,2026-01-18T23:00:00,2026-02-15T23:00:00,,,42.0
2026-01-26 20:00:00,33.5,20.092601122802343,1.0,Tema Community 3 SSNIT Flat,tabular,ridge_ar_lag_fourier,h24,2026-01-04T23:00:00,2026-01-18T23:00:00,2026-02-15T23:00:00,,,42.0
2026-01-26 21:00:00,33.0,21.45788014795486,1.0,Tema Community 3 SSNIT Flat,tabular,ridge_ar_lag_fourier,h24,2026-01-04T23:00:00,2026-01-18T23:00:00,2026-02-15T23:00:00,,,42.0
2026-01-26 22:00:00,37.4,19.97892605591351,1.0,Tema Community 3 SSNIT Flat,tabular,ridge_ar_lag_fourier,h24,2026-01-04T23:00:00,2026-01-18T23:00:00,2026-02-15T23:00:00,,,42.0
2026-01-26 23:00:00,60.0,21.813149970035887,1.0,Tema Community 3 SSNIT Flat,tabular,ridge_ar_lag_fourier,h24,2026-01-04T23:00:00,2026-01-18T23:00:00,2026-02-15T23:00:00,,,42.0
2026-01-27 00:00:00,58.4,30.23018950654246,1.0,Tema Community 3 SSNIT Flat,tabular,ridge_ar_lag_fourier,h24,2026-01-04T23:00:00,2026-01-18T23:00:00,2026-02-15T23:00:00,,,42.0
2026-01-27 01:00:00,84.1,34.25129820460194,1.0,Tema Community 3 SSNIT Flat,tabular,ridge_ar_lag_fourier,h24,2026-01-04T23:00:00,2026-01-18T23:00:00,2026-02-15T23:00:00,,,42.0
2026-01-27 02:00:00,142.9,40.03515727746688,1.0,Tema Community 3 SSNIT Flat,tabular,ridge_ar_lag_fourier,h24,2026-01-04T23:00:00,2026-01-18T23:00:00,2026-02-15T23:00:00,,,42.0
2026-01-27 03:00:00,194.6,38.86198327387626,1.0,Tema Community 3 SSNIT Flat,tabular,ridge_ar_lag_fourier,h24,2026-01-04T23:00:00,2026-01-18T23:00:00,2026-02-15T23:00:00,,,42.0
2026-01-27 04:00:00,89.5,45.57049643241086,1.0,Tema Community 3 SSNIT Flat,tabular,ridge_ar_lag_fourier,h24,2026-01-04T23:00:00,2026-01-18T23:00:00,2026-02-15T23:00:00,,,42.0
2026-01-27 05:00:00,82.1,42.90734605839448,1.0,Tema Community 3 SSNIT Flat,tabular,ridge_ar_lag_fourier,h24,2026-01-04T23:00:00,2026-01-18T23:00:00,2026-02-15T23:00:00,,,42.0
2026-01-27 06:00:00,67.5,47.85001415506511,1.0,Tema Community 3 SSNIT Flat,tabular,ridge_ar_lag_fourier,h24,2026-01-04T23:00:00,2026-01-18T23:00:00,2026-02-15T23:00:00,,,42.0
2026-01-27 07:00:00,77.0,45.191235915866066,1.0,Tema Community 3 SSNIT Flat,tabular,ridge_ar_lag_fourier,h24,2026-01-04T23:00:00,2026-01-18T23:00:00,2026-02-15T23:00:00,,,42.0
2026-01-27 08:00:00,49.8,37.37468674104046,1.0,Tema Community 3 SSNIT Flat,tabular,ridge_ar_lag_fourier,h24,2026-01-04T23:00:00,2026-01-18T23:00:00,2026-02-15T23:00:00,,,42.0
2026-01-27 09:00:00,45.9,36.40816374843866,1.0,Tema Community 3 SSNIT Flat,tabular,ridge_ar_lag_fourier,h24,2026-01-04T23:00:00,2026-01-18T23:00:00,2026-02-15T23:00:00,,,42.0
2026-01-27 10:00:00,49.6,35.03121604512037,1.0,Tema Community 3 SSNIT Flat,tabular,ridge_ar_lag_fourier,h24,2026-01-04T23:00:00,2026-01-18T23:00:00,2026-02-15T23:00:00,,,42.0
2026-01-27 11:00:00,48.8,30.403837869299593,1.0,Tema Community 3 SSNIT Flat,tabular,ridge_ar_lag_fourier,h24,2026-01-04T23:00:00,2026-01-18T23:00:00,2026-02-15T23:00:00,,,42.0
2026-01-27 12:00:00,53.1,27.66669469534732,1.0,Tema Community 3 SSNIT Flat,tabular,ridge_ar_lag_fourier,h24,2026-01-04T23:00:00,2026-01-18T23:00:00,2026-02-15T23:00:00,,,42.0
2026-01-27 13:00:00,40.2,23.949419178986908,1.0,Tema Community 3 SSNIT Flat,tabular,ridge_ar_lag_fourier,h24,2026-01-04T23:00:00,2026-01-18T23:00:00,2026-02-15T23:00:00,,,42.0
2026-01-27 14:00:00,36.6,22.399196883273707,1.0,Tema Community 3 SSNIT Flat,tabular,ridge_ar_lag_fourier,h24,2026-01-04T23:00:00,2026-01-18T23:00:00,2026-02-15T23:00:00,,,42.0
2026-01-27 15:00:00,35.9,22.384661472858063,1.0,Tema Community 3 SSNIT Flat,tabular,ridge_ar_lag_fourier,h24,2026-01-04T23:00:00,2026-01-18T23:00:00,2026-02-15T23:00:00,,,42.0
2026-01-27 16:00:00,37.6,20.635229529793445,1.0,Tema Community 3 SSNIT Flat,tabular,ridge_ar_lag_fourier,h24,2026-01-04T23:00:00,2026-01-18T23:00:00,2026-02-15T23:00:00,,,42.0
2026-01-27 17:00:00,36.8,20.772086962884313,1.0,Tema Community 3 SSNIT Flat,tabular,ridge_ar_lag_fourier,h24,2026-01-04T23:00:00,2026-01-18T23:00:00,2026-02-15T23:00:00,,,42.0
2026-01-27 18:00:00,35.5,23.462491658281802,1.0,Tema Community 3 SSNIT Flat,tabular,ridge_ar_lag_fourier,h24,2026-01-04T23:00:00,2026-01-18T23:00:00,2026-02-15T23:00:00,,,42.0
2026-01-27 19:00:00,37.1,22.34715101251615,1.0,Tema Community 3 SSNIT Flat,tabular,ridge_ar_lag_fourier,h24,2026-01-04T23:00:00,2026-01-18T23:00:00,2026-02-15T23:00:00,,,42.0
2026-01-27 20:00:00,51.5,20.616014045711964,1.0,Tema Community 3 SSNIT Flat,tabular,ridge_ar_lag_fourier,h24,2026-01-04T23:00:00,2026-01-18T23:00:00,2026-02-15T23:00:00,,,42.0
2026-01-27 21:00:00,37.7,20.805033942885554,1.0,Tema Community 3 SSNIT Flat,tabular,ridge_ar_lag_fourier,h24,2026-01-04T23:00:00,2026-01-18T23:00:00,2026-02-15T23:00:00,,,42.0
2026-01-27 22:00:00,40.5,20.93046894607193,1.0,Tema Community 3 SSNIT Flat,tabular,ridge_ar_lag_fourier,h24,2026-01-04T23:00:00,2026-01-18T23:00:00,2026-02-15T23:00:00,,,42.0
2026-01-27 23:00:00,51.8,24.816746932043777,1.0,Tema Community 3 SSNIT Flat,tabular,ridge_ar_lag_fourier,h24,2026-01-04T23:00:00,2026-01-18T23:00:00,2026-02-15T23:00:00,,,42.0
2026-01-28 00:00:00,54.1,31.916526611877515,1.0,Tema Community 3 SSNIT Flat,tabular,ridge_ar_lag_fourier,h24,2026-01-04T23:00:00,2026-01-18T23:00:00,2026-02-15T23:00:00,,,42.0
2026-01-28 01:00:00,51.6,31.932811629235474,1.0,Tema Community 3 SSNIT Flat,tabular,ridge_ar_lag_fourier,h24,2026-01-04T23:00:00,2026-01-18T23:00:00,2026-02-15T23:00:00,,,42.0
2026-01-28 02:00:00,56.5,40.50260463549623,1.0,Tema Community 3 SSNIT Flat,tabular,ridge_ar_lag_fourier,h24,2026-01-04T23:00:00,2026-01-18T23:00:00,2026-02-15T23:00:00,,,42.0
2026-01-28 03:00:00,56.1,49.18108730831151,1.0,Tema Community 3 SSNIT Flat,tabular,ridge_ar_lag_fourier,h24,2026-01-04T23:00:00,2026-01-18T23:00:00,2026-02-15T23:00:00,,,42.0
2026-01-28 04:00:00,49.7,63.90177714939985,1.0,Tema Community 3 SSNIT Flat,tabular,ridge_ar_lag_fourier,h24,2026-01-04T23:00:00,2026-01-18T23:00:00,2026-02-15T23:00:00,,,42.0
2026-01-28 05:00:00,47.9,48.30443056595088,1.0,Tema Community 3 SSNIT Flat,tabular,ridge_ar_lag_fourier,h24,2026-01-04T23:00:00,2026-01-18T23:00:00,2026-02-15T23:00:00,,,42.0
2026-01-28 06:00:00,65.2,50.550146983481824,1.0,Tema Community 3 SSNIT Flat,tabular,ridge_ar_lag_fourier,h24,2026-01-04T23:00:00,2026-01-18T23:00:00,2026-02-15T23:00:00,,,42.0
2026-01-28 07:00:00,74.0,46.83448743025705,1.0,Tema Community 3 SSNIT Flat,tabular,ridge_ar_lag_fourier,h24,2026-01-04T23:00:00,2026-01-18T23:00:00,2026-02-15T23:00:00,,,42.0
2026-01-28 08:00:00,64.6,36.533964942756604,1.0,Tema Community 3 SSNIT Flat,tabular,ridge_ar_lag_fourier,h24,2026-01-04T23:00:00,2026-01-18T23:00:00,2026-02-15T23:00:00,,,42.0
2026-01-28 09:00:00,47.3,30.85295251091497,1.0,Tema Community 3 SSNIT Flat,tabular,ridge_ar_lag_fourier,h24,2026-01-04T23:00:00,2026-01-18T23:00:00,2026-02-15T23:00:00,,,42.0
2026-01-28 10:00:00,49.5,31.739317837413573,1.0,Tema Community 3 SSNIT Flat,tabular,ridge_ar_lag_fourier,h24,2026-01-04T23:00:00,2026-01-18T23:00:00,2026-02-15T23:00:00,,,42.0
2026-01-28 11:00:00,57.6,28.43957722307144,1.0,Tema Community 3 SSNIT Flat,tabular,ridge_ar_lag_fourier,h24,2026-01-04T23:00:00,2026-01-18T23:00:00,2026-02-15T23:00:00,,,42.0
2026-01-28 12:00:00,54.3,24.879241340628393,1.0,Tema Community 3 SSNIT Flat,tabular,ridge_ar_lag_fourier,h24,2026-01-04T23:00:00,2026-01-18T23:00:00,2026-02-15T23:00:00,,,42.0
2026-01-28 13:00:00,54.0,22.368629140461668,1.0,Tema Community 3 SSNIT Flat,tabular,ridge_ar_lag_fourier,h24,2026-01-04T23:00:00,2026-01-18T23:00:00,2026-02-15T23:00:00,,,42.0
2026-01-28 14:00:00,43.5,21.525188756922116,1.0,Tema Community 3 SSNIT Flat,tabular,ridge_ar_lag_fourier,h24,2026-01-04T23:00:00,2026-01-18T23:00:00,2026-02-15T23:00:00,,,42.0
2026-01-28 15:00:00,41.0,19.984771429221333,1.0,Tema Community 3 SSNIT Flat,tabular,ridge_ar_lag_fourier,h24,2026-01-04T23:00:00,2026-01-18T23:00:00,2026-02-15T23:00:00,,,42.0
2026-01-28 16:00:00,40.6,17.733354693616082,1.0,Tema Community 3 SSNIT Flat,tabular,ridge_ar_lag_fourier,h24,2026-01-04T23:00:00,2026-01-18T23:00:00,2026-02-15T23:00:00,,,42.0
2026-01-28 17:00:00,42.2,18.073896210459388,1.0,Tema Community 3 SSNIT Flat,tabular,ridge_ar_lag_fourier,h24,2026-01-04T23:00:00,2026-01-18T23:00:00,2026-02-15T23:00:00,,,42.0
2026-01-28 18:00:00,42.8,23.957624593017027,1.0,Tema Community 3 SSNIT Flat,tabular,ridge_ar_lag_fourier,h24,2026-01-04T23:00:00,2026-01-18T23:00:00,2026-02-15T23:00:00,,,42.0
2026-01-28 19:00:00,41.9,17.344419633488087,1.0,Tema Community 3 SSNIT Flat,tabular,ridge_ar_lag_fourier,h24,2026-01-04T23:00:00,2026-01-18T23:00:00,2026-02-15T23:00:00,,,42.0
2026-01-28 20:00:00,69.8,16.978443573096403,1.0,Tema Community 3 SSNIT Flat,tabular,ridge_ar_lag_fourier,h24,2026-01-04T23:00:00,2026-01-18T23:00:00,2026-02-15T23:00:00,,,42.0
2026-01-28 21:00:00,39.8,18.30620973190254,1.0,Tema Community 3 SSNIT Flat,tabular,ridge_ar_lag_fourier,h24,2026-01-04T23:00:00,2026-01-18T23:00:00,2026-02-15T23:00:00,,,42.0
2026-01-28 22:00:00,46.8,20.102597987209833,1.0,Tema Community 3 SSNIT Flat,tabular,ridge_ar_lag_fourier,h24,2026-01-04T23:00:00,2026-01-18T23:00:00,2026-02-15T23:00:00,,,42.0
2026-01-28 23:00:00,60.9,23.8571264056383,1.0,Tema Community 3 SSNIT Flat,tabular,ridge_ar_lag_fourier,h24,2026-01-04T23:00:00,2026-01-18T23:00:00,2026-02-15T23:00:00,,,42.0
2026-01-29 00:00:00,73.5,29.582023050077645,1.0,Tema Community 3 SSNIT Flat,tabular,ridge_ar_lag_fourier,h24,2026-01-04T23:00:00,2026-01-18T23:00:00,2026-02-15T23:00:00,,,42.0
2026-01-29 01:00:00,60.2,38.19583513065907,1.0,Tema Community 3 SSNIT Flat,tabular,ridge_ar_lag_fourier,h24,2026-01-04T23:00:00,2026-01-18T23:00:00,2026-02-15T23:00:00,,,42.0
2026-01-29 02:00:00,52.6,49.726349906613414,1.0,Tema Community 3 SSNIT Flat,tabular,ridge_ar_lag_fourier,h24,2026-01-04T23:00:00,2026-01-18T23:00:00,2026-02-15T23:00:00,,,42.0
2026-01-29 03:00:00,49.3,50.05496201373931,1.0,Tema Community 3 SSNIT Flat,tabular,ridge_ar_lag_fourier,h24,2026-01-04T23:00:00,2026-01-18T23:00:00,2026-02-15T23:00:00,,,42.0
2026-01-29 04:00:00,62.4,54.19018137030827,1.0,Tema Community 3 SSNIT Flat,tabular,ridge_ar_lag_fourier,h24,2026-01-04T23:00:00,2026-01-18T23:00:00,2026-02-15T23:00:00,,,42.0
2026-01-29 05:00:00,74.6,44.7502976950104,1.0,Tema Community 3 SSNIT Flat,tabular,ridge_ar_lag_fourier,h24,2026-01-04T23:00:00,2026-01-18T23:00:00,2026-02-15T23:00:00,,,42.0
2026-01-29 06:00:00,76.4,49.106816275544276,1.0,Tema Community 3 SSNIT Flat,tabular,ridge_ar_lag_fourier,h24,2026-01-04T23:00:00,2026-01-18T23:00:00,2026-02-15T23:00:00,,,42.0
2026-01-29 07:00:00,66.4,47.12631979867669,1.0,Tema Community 3 SSNIT Flat,tabular,ridge_ar_lag_fourier,h24,2026-01-04T23:00:00,2026-01-18T23:00:00,2026-02-15T23:00:00,,,42.0
2026-01-29 08:00:00,61.4,35.56597338540672,1.0,Tema Community 3 SSNIT Flat,tabular,ridge_ar_lag_fourier,h24,2026-01-04T23:00:00,2026-01-18T23:00:00,2026-02-15T23:00:00,,,42.0
2026-01-29 09:00:00,54.7,30.179049286273646,1.0,Tema Community 3 SSNIT Flat,tabular,ridge_ar_lag_fourier,h24,2026-01-04T23:00:00,2026-01-18T23:00:00,2026-02-15T23:00:00,,,42.0
2026-01-29 10:00:00,54.4,29.277437865000046,1.0,Tema Community 3 SSNIT Flat,tabular,ridge_ar_lag_fourier,h24,2026-01-04T23:00:00,2026-01-18T23:00:00,2026-02-15T23:00:00,,,42.0
2026-01-29 11:00:00,54.3,26.123813330674636,1.0,Tema Community 3 SSNIT Flat,tabular,ridge_ar_lag_fourier,h24,2026-01-04T23:00:00,2026-01-18T23:00:00,2026-02-15T23:00:00,,,42.0
2026-01-29 12:00:00,48.4,24.40149961249848,1.0,Tema Community 3 SSNIT Flat,tabular,ridge_ar_lag_fourier,h24,2026-01-04T23:00:00,2026-01-18T23:00:00,2026-02-15T23:00:00,,,42.0
2026-01-29 13:00:00,40.4,22.04215856408828,1.0,Tema Community 3 SSNIT Flat,tabular,ridge_ar_lag_fourier,h24,2026-01-04T23:00:00,2026-01-18T23:00:00,2026-02-15T23:00:00,,,42.0
2026-01-29 14:00:00,40.1,21.40229053052462,1.0,Tema Community 3 SSNIT Flat,tabular,ridge_ar_lag_fourier,h24,2026-01-04T23:00:00,2026-01-18T23:00:00,2026-02-15T23:00:00,,,42.0
2026-01-29 15:00:00,51.5,22.605408001007017,1.0,Tema Community 3 SSNIT Flat,tabular,ridge_ar_lag_fourier,h24,2026-01-04T23:00:00,2026-01-18T23:00:00,2026-02-15T23:00:00,,,42.0
2026-01-29 16:00:00,42.4,19.878193966669613,1.0,Tema Community 3 SSNIT Flat,tabular,ridge_ar_lag_fourier,h24,2026-01-04T23:00:00,2026-01-18T23:00:00,2026-02-15T23:00:00,,,42.0
2026-01-29 17:00:00,53.7,18.44124705419142,1.0,Tema Community 3 SSNIT Flat,tabular,ridge_ar_lag_fourier,h24,2026-01-04T23:00:00,2026-01-18T23:00:00,2026-02-15T23:00:00,,,42.0
2026-01-29 18:00:00,39.2,19.540294335556222,1.0,Tema Community 3 SSNIT Flat,tabular,ridge_ar_lag_fourier,h24,2026-01-04T23:00:00,2026-01-18T23:00:00,2026-02-15T23:00:00,,,42.0
2026-01-29 19:00:00,39.0,20.133459222007364,1.0,Tema Community 3 SSNIT Flat,tabular,ridge_ar_lag_fourier,h24,2026-01-04T23:00:00,2026-01-18T23:00:00,2026-02-15T23:00:00,,,42.0
2026-01-29 20:00:00,38.6,19.48822570770704,1.0,Tema Community 3 SSNIT Flat,tabular,ridge_ar_lag_fourier,h24,2026-01-04T23:00:00,2026-01-18T23:00:00,2026-02-15T23:00:00,,,42.0
2026-01-29 21:00:00,38.1,20.251366891077918,1.0,Tema Community 3 SSNIT Flat,tabular,ridge_ar_lag_fourier,h24,2026-01-04T23:00:00,2026-01-18T23:00:00,2026-02-15T23:00:00,,,42.0
2026-01-29 22:00:00,37.7,21.372174233245026,1.0,Tema Community 3 SSNIT Flat,tabular,ridge_ar_lag_fourier,h24,2026-01-04T23:00:00,2026-01-18T23:00:00,2026-02-15T23:00:00,,,42.0
2026-01-29 23:00:00,40.7,27.86285468147477,1.0,Tema Community 3 SSNIT Flat,tabular,ridge_ar_lag_fourier,h24,2026-01-04T23:00:00,2026-01-18T23:00:00,2026-02-15T23:00:00,,,42.0
2026-01-30 00:00:00,41.1,40.87543394342484,1.0,Tema Community 3 SSNIT Flat,tabular,ridge_ar_lag_fourier,h24,2026-01-04T23:00:00,2026-01-18T23:00:00,2026-02-15T23:00:00,,,42.0
2026-01-30 01:00:00,41.3,45.60011399576934,1.0,Tema Community 3 SSNIT Flat,tabular,ridge_ar_lag_fourier,h24,2026-01-04T23:00:00,2026-01-18T23:00:00,2026-02-15T23:00:00,,,42.0
2026-01-30 02:00:00,42.6,56.147844960239254,1.0,Tema Community 3 SSNIT Flat,tabular,ridge_ar_lag_fourier,h24,2026-01-04T23:00:00,2026-01-18T23:00:00,2026-02-15T23:00:00,,,42.0
2026-01-30 03:00:00,43.5,53.50090621915959,1.0,Tema Community 3 SSNIT Flat,tabular,ridge_ar_lag_fourier,h24,2026-01-04T23:00:00,2026-01-18T23:00:00,2026-02-15T23:00:00,,,42.0
2026-01-30 04:00:00,49.0,49.59658763368943,1.0,Tema Community 3 SSNIT Flat,tabular,ridge_ar_lag_fourier,h24,2026-01-04T23:00:00,2026-01-18T23:00:00,2026-02-15T23:00:00,,,42.0
2026-01-30 05:00:00,57.2,48.16347237217073,1.0,Tema Community 3 SSNIT Flat,tabular,ridge_ar_lag_fourier,h24,2026-01-04T23:00:00,2026-01-18T23:00:00,2026-02-15T23:00:00,,,42.0
2026-01-30 06:00:00,61.6,50.55784164796688,1.0,Tema Community 3 SSNIT Flat,tabular,ridge_ar_lag_fourier,h24,2026-01-04T23:00:00,2026-01-18T23:00:00,2026-02-15T23:00:00,,,42.0
2026-01-30 07:00:00,62.4,48.76254799327458,1.0,Tema Community 3 SSNIT Flat,tabular,ridge_ar_lag_fourier,h24,2026-01-04T23:00:00,2026-01-18T23:00:00,2026-02-15T23:00:00,,,42.0
2026-01-30 08:00:00,56.1,38.2244248667242,1.0,Tema Community 3 SSNIT Flat,tabular,ridge_ar_lag_fourier,h24,2026-01-04T23:00:00,2026-01-18T23:00:00,2026-02-15T23:00:00,,,42.0
2026-01-30 09:00:00,48.8,34.655923823623475,1.0,Tema Community 3 SSNIT Flat,tabular,ridge_ar_lag_fourier,h24,2026-01-04T23:00:00,2026-01-18T23:00:00,2026-02-15T23:00:00,,,42.0
2026-01-30 10:00:00,47.2,35.883506578613364,1.0,Tema Community 3 SSNIT Flat,tabular,ridge_ar_lag_fourier,h24,2026-01-04T23:00:00,2026-01-18T23:00:00,2026-02-15T23:00:00,,,42.0
2026-01-30 11:00:00,44.2,33.41281531472789,1.0,Tema Community 3 SSNIT Flat,tabular,ridge_ar_lag_fourier,h24,2026-01-04T23:00:00,2026-01-18T23:00:00,2026-02-15T23:00:00,,,42.0
2026-01-30 12:00:00,43.7,30.5309860170091,1.0,Tema Community 3 SSNIT Flat,tabular,ridge_ar_lag_fourier,h24,2026-01-04T23:00:00,2026-01-18T23:00:00,2026-02-15T23:00:00,,,42.0
2026-01-30 13:00:00,40.8,25.230754248679197,1.0,Tema Community 3 SSNIT Flat,tabular,ridge_ar_lag_fourier,h24,2026-01-04T23:00:00,2026-01-18T23:00:00,2026-02-15T23:00:00,,,42.0
2026-01-30 14:00:00,37.1,21.3807683819292,1.0,Tema Community 3 SSNIT Flat,tabular,ridge_ar_lag_fourier,h24,2026-01-04T23:00:00,2026-01-18T23:00:00,2026-02-15T23:00:00,,,42.0
2026-01-30 15:00:00,36.9,20.346894188979025,1.0,Tema Community 3 SSNIT Flat,tabular,ridge_ar_lag_fourier,h24,2026-01-04T23:00:00,2026-01-18T23:00:00,2026-02-15T23:00:00,,,42.0
2026-01-30 16:00:00,36.2,22.412102219518353,1.0,Tema Community 3 SSNIT Flat,tabular,ridge_ar_lag_fourier,h24,2026-01-04T23:00:00,2026-01-18T23:00:00,2026-02-15T23:00:00,,,42.0
2026-01-30 17:00:00,37.2,21.298720975778377,1.0,Tema Community 3 SSNIT Flat,tabular,ridge_ar_lag_fourier,h24,2026-01-04T23:00:00,2026-01-18T23:00:00,2026-02-15T23:00:00,,,42.0
2026-01-30 18:00:00,41.1,24.71961888594251,1.0,Tema Community 3 SSNIT Flat,tabular,ridge_ar_lag_fourier,h24,2026-01-04T23:00:00,2026-01-18T23:00:00,2026-02-15T23:00:00,,,42.0
2026-01-30 19:00:00,39.6,24.305604213953366,1.0,Tema Community 3 SSNIT Flat,tabular,ridge_ar_lag_fourier,h24,2026-01-04T23:00:00,2026-01-18T23:00:00,2026-02-15T23:00:00,,,42.0
2026-01-30 20:00:00,38.9,23.724986822106633,1.0,Tema Community 3 SSNIT Flat,tabular,ridge_ar_lag_fourier,h24,2026-01-04T23:00:00,2026-01-18T23:00:00,2026-02-15T23:00:00,,,42.0
2026-01-30 21:00:00,37.8,21.11261400232723,1.0,Tema Community 3 SSNIT Flat,tabular,ridge_ar_lag_fourier,h24,2026-01-04T23:00:00,2026-01-18T23:00:00,2026-02-15T23:00:00,,,42.0
2026-01-30 22:00:00,38.5,23.431697910350742,1.0,Tema Community 3 SSNIT Flat,tabular,ridge_ar_lag_fourier,h24,2026-01-04T23:00:00,2026-01-18T23:00:00,2026-02-15T23:00:00,,,42.0
2026-01-30 23:00:00,40.4,31.121462930903498,1.0,Tema Community 3 SSNIT Flat,tabular,ridge_ar_lag_fourier,h24,2026-01-04T23:00:00,2026-01-18T23:00:00,2026-02-15T23:00:00,,,42.0
2026-01-31 00:00:00,41.4,39.83478470731495,1.0,Tema Community 3 SSNIT Flat,tabular,ridge_ar_lag_fourier,h24,2026-01-04T23:00:00,2026-01-18T23:00:00,2026-02-15T23:00:00,,,42.0
2026-01-31 01:00:00,39.4,38.63926572582503,1.0,Tema Community 3 SSNIT Flat,tabular,ridge_ar_lag_fourier,h24,2026-01-04T23:00:00,2026-01-18T23:00:00,2026-02-15T23:00:00,,,42.0
2026-01-31 02:00:00,39.0,43.24987128405728,1.0,Tema Community 3 SSNIT Flat,tabular,ridge_ar_lag_fourier,h24,2026-01-04T23:00:00,2026-01-18T23:00:00,2026-02-15T23:00:00,,,42.0
2026-01-31 03:00:00,43.4,46.382828975900686,1.0,Tema Community 3 SSNIT Flat,tabular,ridge_ar_lag_fourier,h24,2026-01-04T23:00:00,2026-01-18T23:00:00,2026-02-15T23:00:00,,,42.0
2026-01-31 04:00:00,47.5,49.372073661458884,1.0,Tema Community 3 SSNIT Flat,tabular,ridge_ar_lag_fourier,h24,2026-01-04T23:00:00,2026-01-18T23:00:00,2026-02-15T23:00:00,,,42.0
2026-01-31 05:00:00,44.0,46.01309088449598,1.0,Tema Community 3 SSNIT Flat,tabular,ridge_ar_lag_fourier,h24,2026-01-04T23:00:00,2026-01-18T23:00:00,2026-02-15T23:00:00,,,42.0
2026-01-31 06:00:00,51.8,48.72185788650563,1.0,Tema Community 3 SSNIT Flat,tabular,ridge_ar_lag_fourier,h24,2026-01-04T23:00:00,2026-01-18T23:00:00,2026-02-15T23:00:00,,,42.0
2026-01-31 07:00:00,58.9,46.96351220870511,1.0,Tema Community 3 SSNIT Flat,tabular,ridge_ar_lag_fourier,h24,2026-01-04T23:00:00,2026-01-18T23:00:00,2026-02-15T23:00:00,,,42.0
2026-01-31 08:00:00,49.9,39.04260242388432,1.0,Tema Community 3 SSNIT Flat,tabular,ridge_ar_lag_fourier,h24,2026-01-04T23:00:00,2026-01-18T23:00:00,2026-02-15T23:00:00,,,42.0
2026-01-31 09:00:00,45.7,36.97228241847658,1.0,Tema Community 3 SSNIT Flat,tabular,ridge_ar_lag_fourier,h24,2026-01-04T23:00:00,2026-01-18T23:00:00,2026-02-15T23:00:00,,,42.0
2026-01-31 10:00:00,43.7,38.32415890592294,1.0,Tema Community 3 SSNIT Flat,tabular,ridge_ar_lag_fourier,h24,2026-01-04T23:00:00,2026-01-18T23:00:00,2026-02-15T23:00:00,,,42.0
2026-01-31 11:00:00,41.3,33.493541321667266,1.0,Tema Community 3 SSNIT Flat,tabular,ridge_ar_lag_fourier,h24,2026-01-04T23:00:00,2026-01-18T23:00:00,2026-02-15T23:00:00,,,42.0
2026-01-31 12:00:00,37.0,29.684306035568284,1.0,Tema Community 3 SSNIT Flat,tabular,ridge_ar_lag_fourier,h24,2026-01-04T23:00:00,2026-01-18T23:00:00,2026-02-15T23:00:00,,,42.0
2026-01-31 13:00:00,37.2,25.549562862493502,1.0,Tema Community 3 SSNIT Flat,tabular,ridge_ar_lag_fourier,h24,2026-01-04T23:00:00,2026-01-18T23:00:00,2026-02-15T23:00:00,,,42.0
2026-01-31 14:00:00,35.8,22.613941306765913,1.0,Tema Community 3 SSNIT Flat,tabular,ridge_ar_lag_fourier,h24,2026-01-04T23:00:00,2026-01-18T23:00:00,2026-02-15T23:00:00,,,42.0
2026-01-31 15:00:00,34.8,22.197258583734822,1.0,Tema Community 3 SSNIT Flat,tabular,ridge_ar_lag_fourier,h24,2026-01-04T23:00:00,2026-01-18T23:00:00,2026-02-15T23:00:00,,,42.0
2026-01-31 16:00:00,33.0,23.412213291423754,1.0,Tema Community 3 SSNIT Flat,tabular,ridge_ar_lag_fourier,h24,2026-01-04T23:00:00,2026-01-18T23:00:00,2026-02-15T23:00:00,,,42.0
2026-01-31 17:00:00,33.2,24.114895558298063,1.0,Tema Community 3 SSNIT Flat,tabular,ridge_ar_lag_fourier,h24,2026-01-04T23:00:00,2026-01-18T23:00:00,2026-02-15T23:00:00,,,42.0
2026-01-31 18:00:00,32.7,23.731072286688097,1.0,Tema Community 3 SSNIT Flat,tabular,ridge_ar_lag_fourier,h24,2026-01-04T23:00:00,2026-01-18T23:00:00,2026-02-15T23:00:00,,,42.0
2026-01-31 19:00:00,34.2,22.79472325195732,1.0,Tema Community 3 SSNIT Flat,tabular,ridge_ar_lag_fourier,h24,2026-01-04T23:00:00,2026-01-18T23:00:00,2026-02-15T23:00:00,,,42.0
2026-01-31 20:00:00,35.0,24.014437382168143,1.0,Tema Community 3 SSNIT Flat,tabular,ridge_ar_lag_fourier,h24,2026-01-04T23:00:00,2026-01-18T23:00:00,2026-02-15T23:00:00,,,42.0
2026-01-31 21:00:00,34.1,21.689950426658697,1.0,Tema Community 3 SSNIT Flat,tabular,ridge_ar_lag_fourier,h24,2026-01-04T23:00:00,2026-01-18T23:00:00,2026-02-15T23:00:00,,,42.0
2026-01-31 22:00:00,32.8,24.84763501418044,1.0,Tema Community 3 SSNIT Flat,tabular,ridge_ar_lag_fourier,h24,2026-01-04T23:00:00,2026-01-18T23:00:00,2026-02-15T23:00:00,,,42.0
2026-01-31 23:00:00,33.7,29.314407158702778,1.0,Tema Community 3 SSNIT Flat,tabular,ridge_ar_lag_fourier,h24,2026-01-04T23:00:00,2026-01-18T23:00:00,2026-02-15T23:00:00,,,42.0
2026-02-01 00:00:00,35.3,33.78005753705064,1.0,Tema Community 3 SSNIT Flat,tabular,ridge_ar_lag_fourier,h24,2026-01-04T23:00:00,2026-01-18T23:00:00,2026-02-15T23:00:00,,,42.0
2026-02-01 01:00:00,36.4,36.24994773425209,1.0,Tema Community 3 SSNIT Flat,tabular,ridge_ar_lag_fourier,h24,2026-01-04T23:00:00,2026-01-18T23:00:00,2026-02-15T23:00:00,,,42.0
2026-02-01 02:00:00,34.0,43.291548866225554,1.0,Tema Community 3 SSNIT Flat,tabular,ridge_ar_lag_fourier,h24,2026-01-04T23:00:00,2026-01-18T23:00:00,2026-02-15T23:00:00,,,42.0
2026-02-01 03:00:00,31.4,50.08288539711632,1.0,Tema Community 3 SSNIT Flat,tabular,ridge_ar_lag_fourier,h24,2026-01-04T23:00:00,2026-01-18T23:00:00,2026-02-15T23:00:00,,,42.0
2026-02-01 04:00:00,31.2,47.25134340668605,1.0,Tema Community 3 SSNIT Flat,tabular,ridge_ar_lag_fourier,h24,2026-01-04T23:00:00,2026-01-18T23:00:00,2026-02-15T23:00:00,,,42.0
2026-02-01 05:00:00,31.0,45.066760572449226,1.0,Tema Community 3 SSNIT Flat,tabular,ridge_ar_lag_fourier,h24,2026-01-04T23:00:00,2026-01-18T23:00:00,2026-02-15T23:00:00,,,42.0
2026-02-01 06:00:00,58.1,46.90370023914373,1.0,Tema Community 3 SSNIT Flat,tabular,ridge_ar_lag_fourier,h24,2026-01-04T23:00:00,2026-01-18T23:00:00,2026-02-15T23:00:00,,,42.0
2026-02-01 07:00:00,76.1,48.32712307767406,1.0,Tema Community 3 SSNIT Flat,tabular,ridge_ar_lag_fourier,h24,2026-01-04T23:00:00,2026-01-18T23:00:00,2026-02-15T23:00:00,,,42.0
2026-02-01 08:00:00,47.9,42.23697072732584,1.0,Tema Community 3 SSNIT Flat,tabular,ridge_ar_lag_fourier,h24,2026-01-04T23:00:00,2026-01-18T23:00:00,2026-02-15T23:00:00,,,42.0
2026-02-01 09:00:00,46.1,37.39038850221893,1.0,Tema Community 3 SSNIT Flat,tabular,ridge_ar_lag_fourier,h24,2026-01-04T23:00:00,2026-01-18T23:00:00,2026-02-15T23:00:00,,,42.0
2026-02-01 10:00:00,37.4,37.92499888586866,1.0,Tema Community 3 SSNIT Flat,tabular,ridge_ar_lag_fourier,h24,2026-01-04T23:00:00,2026-01-18T23:00:00,2026-02-15T23:00:00,,,42.0
2026-02-01 11:00:00,34.6,33.866079827716874,1.0,Tema Community 3 SSNIT Flat,tabular,ridge_ar_lag_fourier,h24,2026-01-04T23:00:00,2026-01-18T23:00:00,2026-02-15T23:00:00,,,42.0
2026-02-01 12:00:00,31.4,30.29432039341622,1.0,Tema Community 3 SSNIT Flat,tabular,ridge_ar_lag_fourier,h24,2026-01-04T23:00:00,2026-01-18T23:00:00,2026-02-15T23:00:00,,,42.0
2026-02-01 13:00:00,29.9,26.52229645026447,1.0,Tema Community 3 SSNIT Flat,tabular,ridge_ar_lag_fourier,h24,2026-01-04T23:00:00,2026-01-18T23:00:00,2026-02-15T23:00:00,,,42.0
2026-02-01 14:00:00,29.6,24.28139103054937,1.0,Tema Community 3 SSNIT Flat,tabular,ridge_ar_lag_fourier,h24,2026-01-04T23:00:00,2026-01-18T23:00:00,2026-02-15T23:00:00,,,42.0
2026-02-01 15:00:00,32.2,26.439370609131757,1.0,Tema Community 3 SSNIT Flat,tabular,ridge_ar_lag_fourier,h24,2026-01-04T23:00:00,2026-01-18T23:00:00,2026-02-15T23:00:00,,,42.0
2026-02-01 16:00:00,33.4,24.996521481855275,1.0,Tema Community 3 SSNIT Flat,tabular,ridge_ar_lag_fourier,h24,2026-01-04T23:00:00,2026-01-18T23:00:00,2026-02-15T23:00:00,,,42.0
2026-02-01 17:00:00,33.6,24.59259808866895,1.0,Tema Community 3 SSNIT Flat,tabular,ridge_ar_lag_fourier,h24,2026-01-04T23:00:00,2026-01-18T23:00:00,2026-02-15T23:00:00,,,42.0
2026-02-01 18:00:00,33.9,25.208981672516416,1.0,Tema Community 3 SSNIT Flat,tabular,ridge_ar_lag_fourier,h24,2026-01-04T23:00:00,2026-01-18T23:00:00,2026-02-15T23:00:00,,,42.0
2026-02-01 19:00:00,33.6,24.319429848395703,1.0,Tema Community 3 SSNIT Flat,tabular,ridge_ar_lag_fourier,h24,2026-01-04T23:00:00,2026-01-18T23:00:00,2026-02-15T23:00:00,,,42.0
2026-02-01 20:00:00,33.4,27.11252719480029,1.0,Tema Community 3 SSNIT Flat,tabular,ridge_ar_lag_fourier,h24,2026-01-04T23:00:00,2026-01-18T23:00:00,2026-02-15T23:00:00,,,42.0
2026-02-01 21:00:00,34.3,24.018925470765343,1.0,Tema Community 3 SSNIT Flat,tabular,ridge_ar_lag_fourier,h24,2026-01-04T23:00:00,2026-01-18T23:00:00,2026-02-15T23:00:00,,,42.0
2026-02-01 22:00:00,30.9,25.766846325133823,1.0,Tema Community 3 SSNIT Flat,tabular,ridge_ar_lag_fourier,h24,2026-01-04T23:00:00,2026-01-18T23:00:00,2026-02-15T23:00:00,,,42.0
2026-02-01 23:00:00,34.5,29.93827348515113,1.0,Tema Community 3 SSNIT Flat,tabular,ridge_ar_lag_fourier,h24,2026-01-04T23:00:00,2026-01-18T23:00:00,2026-02-15T23:00:00,,,42.0
2026-02-02 00:00:00,41.4,35.41548870999542,1.0,Tema Community 3 SSNIT Flat,tabular,ridge_ar_lag_fourier,h24,2026-01-04T23:00:00,2026-01-18T23:00:00,2026-02-15T23:00:00,,,42.0
2026-02-02 01:00:00,36.0,36.15714163115688,1.0,Tema Community 3 SSNIT Flat,tabular,ridge_ar_lag_fourier,h24,2026-01-04T23:00:00,2026-01-18T23:00:00,2026-02-15T23:00:00,,,42.0
2026-02-02 02:00:00,34.9,40.554974809482914,1.0,Tema Community 3 SSNIT Flat,tabular,ridge_ar_lag_fourier,h24,2026-01-04T23:00:00,2026-01-18T23:00:00,2026-02-15T23:00:00,,,42.0
2026-02-02 03:00:00,31.2,45.95107337750734,1.0,Tema Community 3 SSNIT Flat,tabular,ridge_ar_lag_fourier,h24,2026-01-04T23:00:00,2026-01-18T23:00:00,2026-02-15T23:00:00,,,42.0
2026-02-02 04:00:00,41.0,40.34036827543673,1.0,Tema Community 3 SSNIT Flat,tabular,ridge_ar_lag_fourier,h24,2026-01-04T23:00:00,2026-01-18T23:00:00,2026-02-15T23:00:00,,,42.0
2026-02-02 05:00:00,34.9,42.07285405839065,1.0,Tema Community 3 SSNIT Flat,tabular,ridge_ar_lag_fourier,h24,2026-01-04T23:00:00,2026-01-18T23:00:00,2026-02-15T23:00:00,,,42.0
2026-02-02 06:00:00,49.7,44.59177630533293,1.0,Tema Community 3 SSNIT Flat,tabular,ridge_ar_lag_fourier,h24,2026-01-04T23:00:00,2026-01-18T23:00:00,2026-02-15T23:00:00,,,42.0
2026-02-02 07:00:00,62.9,50.31012871549011,1.0,Tema Community 3 SSNIT Flat,tabular,ridge_ar_lag_fourier,h24,2026-01-04T23:00:00,2026-01-18T23:00:00,2026-02-15T23:00:00,,,42.0
2026-02-02 08:00:00,51.4,45.71497368926291,1.0,Tema Community 3 SSNIT Flat,tabular,ridge_ar_lag_fourier,h24,2026-01-04T23:00:00,2026-01-18T23:00:00,2026-02-15T23:00:00,,,42.0
2026-02-02 09:00:00,40.0,36.87791320041405,1.0,Tema Community 3 SSNIT Flat,tabular,ridge_ar_lag_fourier,h24,2026-01-04T23:00:00,2026-01-18T23:00:00,2026-02-15T23:00:00,,,42.0
2026-02-02 10:00:00,40.5,35.86067208089423,1.0,Tema Community 3 SSNIT Flat,tabular,ridge_ar_lag_fourier,h24,2026-01-04T23:00:00,2026-01-18T23:00:00,2026-02-15T23:00:00,,,42.0
2026-02-02 11:00:00,29.2,34.18361125734382,1.0,Tema Community 3 SSNIT Flat,tabular,ridge_ar_lag_fourier,h24,2026-01-04T23:00:00,2026-01-18T23:00:00,2026-02-15T23:00:00,,,42.0
2026-02-02 12:00:00,27.9,31.430504643220587,1.0,Tema Community 3 SSNIT Flat,tabular,ridge_ar_lag_fourier,h24,2026-01-04T23:00:00,2026-01-18T23:00:00,2026-02-15T23:00:00,,,42.0
2026-02-02 13:00:00,25.7,27.76370818180355,1.0,Tema Community 3 SSNIT Flat,tabular,ridge_ar_lag_fourier,h24,2026-01-04T23:00:00,2026-01-18T23:00:00,2026-02-15T23:00:00,,,42.0
2026-02-02 14:00:00,27.2,25.347364229319524,1.0,Tema Community 3 SSNIT Flat,tabular,ridge_ar_lag_fourier,h24,2026-01-04T23:00:00,2026-01-18T23:00:00,2026-02-15T23:00:00,,,42.0
2026-02-02 15:00:00,30.9,25.239523882341665,1.0,Tema Community 3 SSNIT Flat,tabular,ridge_ar_lag_fourier,h24,2026-01-04T23:00:00,2026-01-18T23:00:00,2026-02-15T23:00:00,,,42.0
2026-02-02 16:00:00,82.6,27.46272009899862,1.0,Tema Community 3 SSNIT Flat,tabular,ridge_ar_lag_fourier,h24,2026-01-04T23:00:00,2026-01-18T23:00:00,2026-02-15T23:00:00,,,42.0
2026-02-02 17:00:00,71.2,27.171885973626544,1.0,Tema Community 3 SSNIT Flat,tabular,ridge_ar_lag_fourier,h24,2026-01-04T23:00:00,2026-01-18T23:00:00,2026-02-15T23:00:00,,,42.0
2026-02-02 18:00:00,42.7,26.746803087026393,1.0,Tema Community 3 SSNIT Flat,tabular,ridge_ar_lag_fourier,h24,2026-01-04T23:00:00,2026-01-18T23:00:00,2026-02-15T23:00:00,,,42.0
2026-02-02 19:00:00,45.2,26.918147188654935,1.0,Tema Community 3 SSNIT Flat,tabular,ridge_ar_lag_fourier,h24,2026-01-04T23:00:00,2026-01-18T23:00:00,2026-02-15T23:00:00,,,42.0
2026-02-02 20:00:00,53.0,29.636643108227528,1.0,Tema Community 3 SSNIT Flat,tabular,ridge_ar_lag_fourier,h24,2026-01-04T23:00:00,2026-01-18T23:00:00,2026-02-15T23:00:00,,,42.0
2026-02-02 21:00:00,40.7,25.72751032673586,1.0,Tema Community 3 SSNIT Flat,tabular,ridge_ar_lag_fourier,h24,2026-01-04T23:00:00,2026-01-18T23:00:00,2026-02-15T23:00:00,,,42.0
2026-02-02 22:00:00,40.6,27.41072160358849,1.0,Tema Community 3 SSNIT Flat,tabular,ridge_ar_lag_fourier,h24,2026-01-04T23:00:00,2026-01-18T23:00:00,2026-02-15T23:00:00,,,42.0
2026-02-02 23:00:00,47.5,33.2083157630493,1.0,Tema Community 3 SSNIT Flat,tabular,ridge_ar_lag_fourier,h24,2026-01-04T23:00:00,2026-01-18T23:00:00,2026-02-15T23:00:00,,,42.0
2026-02-03 00:00:00,62.5,40.530182169174736,1.0,Tema Community 3 SSNIT Flat,tabular,ridge_ar_lag_fourier,h24,2026-01-04T23:00:00,2026-01-18T23:00:00,2026-02-15T23:00:00,,,42.0
2026-02-03 01:00:00,57.0,43.12445350635717,1.0,Tema Community 3 SSNIT Flat,tabular,ridge_ar_lag_fourier,h24,2026-01-04T23:00:00,2026-01-18T23:00:00,2026-02-15T23:00:00,,,42.0
2026-02-03 02:00:00,51.9,47.102263402952495,1.0,Tema Community 3 SSNIT Flat,tabular,ridge_ar_lag_fourier,h24,2026-01-04T23:00:00,2026-01-18T23:00:00,2026-02-15T23:00:00,,,42.0
2026-02-03 03:00:00,54.5,50.537626796075244,1.0,Tema Community 3 SSNIT Flat,tabular,ridge_ar_lag_fourier,h24,2026-01-04T23:00:00,2026-01-18T23:00:00,2026-02-15T23:00:00,,,42.0
2026-02-03 04:00:00,44.8,40.996882803541425,1.0,Tema Community 3 SSNIT Flat,tabular,ridge_ar_lag_fourier,h24,2026-01-04T23:00:00,2026-01-18T23:00:00,2026-02-15T23:00:00,,,42.0
2026-02-03 05:00:00,61.1,47.47043827582353,1.0,Tema Community 3 SSNIT Flat,tabular,ridge_ar_lag_fourier,h24,2026-01-04T23:00:00,2026-01-18T23:00:00,2026-02-15T23:00:00,,,42.0
2026-02-03 06:00:00,56.0,48.278257881211815,1.0,Tema Community 3 SSNIT Flat,tabular,ridge_ar_lag_fourier,h24,2026-01-04T23:00:00,2026-01-18T23:00:00,2026-02-15T23:00:00,,,42.0
2026-02-03 07:00:00,66.6,50.16725776405106,1.0,Tema Community 3 SSNIT Flat,tabular,ridge_ar_lag_fourier,h24,2026-01-04T23:00:00,2026-01-18T23:00:00,2026-02-15T23:00:00,,,42.0
2026-02-03 08:00:00,41.9,44.5467865350988,1.0,Tema Community 3 SSNIT Flat,tabular,ridge_ar_lag_fourier,h24,2026-01-04T23:00:00,2026-01-18T23:00:00,2026-02-15T23:00:00,,,42.0
2026-02-03 09:00:00,44.2,39.16010249489392,1.0,Tema Community 3 SSNIT Flat,tabular,ridge_ar_lag_fourier,h24,2026-01-04T23:00:00,2026-01-18T23:00:00,2026-02-15T23:00:00,,,42.0
2026-02-03 10:00:00,58.0,36.89721105850377,1.0,Tema Community 3 SSNIT Flat,tabular,ridge_ar_lag_fourier,h24,2026-01-04T23:00:00,2026-01-18T23:00:00,2026-02-15T23:00:00,,,42.0
2026-02-03 11:00:00,56.5,35.882479849945994,1.0,Tema Community 3 SSNIT Flat,tabular,ridge_ar_lag_fourier,h24,2026-01-04T23:00:00,2026-01-18T23:00:00,2026-02-15T23:00:00,,,42.0
2026-02-03 12:00:00,46.7,32.787328664391595,1.0,Tema Community 3 SSNIT Flat,tabular,ridge_ar_lag_fourier,h24,2026-01-04T23:00:00,2026-01-18T23:00:00,2026-02-15T23:00:00,,,42.0
2026-02-03 13:00:00,26.5,28.07649465277676,1.0,Tema Community 3 SSNIT Flat,tabular,ridge_ar_lag_fourier,h24,2026-01-04T23:00:00,2026-01-18T23:00:00,2026-02-15T23:00:00,,,42.0
2026-02-03 14:00:00,34.7,25.45731188289693,1.0,Tema Community 3 SSNIT Flat,tabular,ridge_ar_lag_fourier,h24,2026-01-04T23:00:00,2026-01-18T23:00:00,2026-02-15T23:00:00,,,42.0
2026-02-03 15:00:00,29.0,26.259141366099758,1.0,Tema Community 3 SSNIT Flat,tabular,ridge_ar_lag_fourier,h24,2026-01-04T23:00:00,2026-01-18T23:00:00,2026-02-15T23:00:00,,,42.0
2026-02-03 16:00:00,36.1,25.800821520233562,1.0,Tema Community 3 SSNIT Flat,tabular,ridge_ar_lag_fourier,h24,2026-01-04T23:00:00,2026-01-18T23:00:00,2026-02-15T23:00:00,,,42.0
2026-02-03 17:00:00,26.1,34.03546207155519,1.0,Tema Community 3 SSNIT Flat,tabular,ridge_ar_lag_fourier,h24,2026-01-04T23:00:00,2026-01-18T23:00:00,2026-02-15T23:00:00,,,42.0
2026-02-03 18:00:00,39.8,33.37804500512601,1.0,Tema Community 3 SSNIT Flat,tabular,ridge_ar_lag_fourier,h24,2026-01-04T23:00:00,2026-01-18T23:00:00,2026-02-15T23:00:00,,,42.0
2026-02-03 19:00:00,59.4,30.105236053632446,1.0,Tema Community 3 SSNIT Flat,tabular,ridge_ar_lag_fourier,h24,2026-01-04T23:00:00,2026-01-18T23:00:00,2026-02-15T23:00:00,,,42.0
2026-02-03 20:00:00,76.5,32.18314477805569,1.0,Tema Community 3 SSNIT Flat,tabular,ridge_ar_lag_fourier,h24,2026-01-04T23:00:00,2026-01-18T23:00:00,2026-02-15T23:00:00,,,42.0
2026-02-03 21:00:00,77.8,29.68950746736109,1.0,Tema Community 3 SSNIT Flat,tabular,ridge_ar_lag_fourier,h24,2026-01-04T23:00:00,2026-01-18T23:00:00,2026-02-15T23:00:00,,,42.0
2026-02-03 22:00:00,56.3,28.66220729994457,1.0,Tema Community 3 SSNIT Flat,tabular,ridge_ar_lag_fourier,h24,2026-01-04T23:00:00,2026-01-18T23:00:00,2026-02-15T23:00:00,,,42.0
2026-02-03 23:00:00,66.2,32.02300480446196,1.0,Tema Community 3 SSNIT Flat,tabular,ridge_ar_lag_fourier,h24,2026-01-04T23:00:00,2026-01-18T23:00:00,2026-02-15T23:00:00,,,42.0
2026-02-04 00:00:00,55.9,39.216115402697454,1.0,Tema Community 3 SSNIT Flat,tabular,ridge_ar_lag_fourier,h24,2026-01-04T23:00:00,2026-01-18T23:00:00,2026-02-15T23:00:00,,,42.0
2026-02-04 01:00:00,56.0,40.018033883538905,1.0,Tema Community 3 SSNIT Flat,tabular,ridge_ar_lag_fourier,h24,2026-01-04T23:00:00,2026-01-18T23:00:00,2026-02-15T23:00:00,,,42.0
2026-02-04 02:00:00,43.0,41.82160483750019,1.0,Tema Community 3 SSNIT Flat,tabular,ridge_ar_lag_fourier,h24,2026-01-04T23:00:00,2026-01-18T23:00:00,2026-02-15T23:00:00,,,42.0
2026-02-04 03:00:00,49.6,45.54355631194592,1.0,Tema Community 3 SSNIT Flat,tabular,ridge_ar_lag_fourier,h24,2026-01-04T23:00:00,2026-01-18T23:00:00,2026-02-15T23:00:00,,,42.0
2026-02-04 04:00:00,59.0,41.29587894460067,1.0,Tema Community 3 SSNIT Flat,tabular,ridge_ar_lag_fourier,h24,2026-01-04T23:00:00,2026-01-18T23:00:00,2026-02-15T23:00:00,,,42.0
2026-02-04 05:00:00,97.2,41.47569387041004,1.0,Tema Community 3 SSNIT Flat,tabular,ridge_ar_lag_fourier,h24,2026-01-04T23:00:00,2026-01-18T23:00:00,2026-02-15T23:00:00,,,42.0
2026-02-04 06:00:00,80.1,47.893604326296874,1.0,Tema Community 3 SSNIT Flat,tabular,ridge_ar_lag_fourier,h24,2026-01-04T23:00:00,2026-01-18T23:00:00,2026-02-15T23:00:00,,,42.0
2026-02-04 07:00:00,91.6,49.79724958271025,1.0,Tema Community 3 SSNIT Flat,tabular,ridge_ar_lag_fourier,h24,2026-01-04T23:00:00,2026-01-18T23:00:00,2026-02-15T23:00:00,,,42.0
2026-02-04 08:00:00,46.5,43.66488254600574,1.0,Tema Community 3 SSNIT Flat,tabular,ridge_ar_lag_fourier,h24,2026-01-04T23:00:00,2026-01-18T23:00:00,2026-02-15T23:00:00,,,42.0
2026-02-04 09:00:00,47.7,35.29875802860912,1.0,Tema Community 3 SSNIT Flat,tabular,ridge_ar_lag_fourier,h24,2026-01-04T23:00:00,2026-01-18T23:00:00,2026-02-15T23:00:00,,,42.0
2026-02-04 10:00:00,47.3,34.11511247940842,1.0,Tema Community 3 SSNIT Flat,tabular,ridge_ar_lag_fourier,h24,2026-01-04T23:00:00,2026-01-18T23:00:00,2026-02-15T23:00:00,,,42.0
2026-02-04 11:00:00,40.1,34.41312843615488,1.0,Tema Community 3 SSNIT Flat,tabular,ridge_ar_lag_fourier,h24,2026-01-04T23:00:00,2026-01-18T23:00:00,2026-02-15T23:00:00,,,42.0
2026-02-04 12:00:00,35.8,32.88071447527029,1.0,Tema Community 3 SSNIT Flat,tabular,ridge_ar_lag_fourier,h24,2026-01-04T23:00:00,2026-01-18T23:00:00,2026-02-15T23:00:00,,,42.0
2026-02-04 13:00:00,35.0,28.431939907380215,1.0,Tema Community 3 SSNIT Flat,tabular,ridge_ar_lag_fourier,h24,2026-01-04T23:00:00,2026-01-18T23:00:00,2026-02-15T23:00:00,,,42.0
2026-02-04 14:00:00,32.5,23.28871172559719,1.0,Tema Community 3 SSNIT Flat,tabular,ridge_ar_lag_fourier,h24,2026-01-04T23:00:00,2026-01-18T23:00:00,2026-02-15T23:00:00,,,42.0
2026-02-04 15:00:00,30.3,28.360181394646908,1.0,Tema Community 3 SSNIT Flat,tabular,ridge_ar_lag_fourier,h24,2026-01-04T23:00:00,2026-01-18T23:00:00,2026-02-15T23:00:00,,,42.0
2026-02-04 16:00:00,24.5,29.426998702594496,1.0,Tema Community 3 SSNIT Flat,tabular,ridge_ar_lag_fourier,h24,2026-01-04T23:00:00,2026-01-18T23:00:00,2026-02-15T23:00:00,,,42.0
2026-02-04 17:00:00,21.8,30.04428255809224,1.0,Tema Community 3 SSNIT Flat,tabular,ridge_ar_lag_fourier,h24,2026-01-04T23:00:00,2026-01-18T23:00:00,2026-02-15T23:00:00,,,42.0
2026-02-04 18:00:00,18.9,27.090421653773554,1.0,Tema Community 3 SSNIT Flat,tabular,ridge_ar_lag_fourier,h24,2026-01-04T23:00:00,2026-01-18T23:00:00,2026-02-15T23:00:00,,,42.0
2026-02-04 19:00:00,12.5,29.08657433204774,1.0,Tema Community 3 SSNIT Flat,tabular,ridge_ar_lag_fourier,h24,2026-01-04T23:00:00,2026-01-18T23:00:00,2026-02-15T23:00:00,,,42.0
2026-02-04 20:00:00,13.5,35.021021448600145,1.0,Tema Community 3 SSNIT Flat,tabular,ridge_ar_lag_fourier,h24,2026-01-04T23:00:00,2026-01-18T23:00:00,2026-02-15T23:00:00,,,42.0
2026-02-04 21:00:00,20.6,32.00000462821825,1.0,Tema Community 3 SSNIT Flat,tabular,ridge_ar_lag_fourier,h24,2026-01-04T23:00:00,2026-01-18T23:00:00,2026-02-15T23:00:00,,,42.0
2026-02-04 22:00:00,25.4,31.163374402497766,1.0,Tema Community 3 SSNIT Flat,tabular,ridge_ar_lag_fourier,h24,2026-01-04T23:00:00,2026-01-18T23:00:00,2026-02-15T23:00:00,,,42.0
2026-02-04 23:00:00,39.4,31.424819487960242,1.0,Tema Community 3 SSNIT Flat,tabular,ridge_ar_lag_fourier,h24,2026-01-04T23:00:00,2026-01-18T23:00:00,2026-02-15T23:00:00,,,42.0
2026-02-05 00:00:00,41.5,38.07858723840624,1.0,Tema Community 3 SSNIT Flat,tabular,ridge_ar_lag_fourier,h24,2026-01-04T23:00:00,2026-01-18T23:00:00,2026-02-15T23:00:00,,,42.0
2026-02-05 01:00:00,46.8,34.401817808625665,1.0,Tema Community 3 SSNIT Flat,tabular,ridge_ar_lag_fourier,h24,2026-01-04T23:00:00,2026-01-18T23:00:00,2026-02-15T23:00:00,,,42.0
2026-02-05 02:00:00,43.1,33.914083367858424,1.0,Tema Community 3 SSNIT Flat,tabular,ridge_ar_lag_fourier,h24,2026-01-04T23:00:00,2026-01-18T23:00:00,2026-02-15T23:00:00,,,42.0
2026-02-05 03:00:00,41.4,34.39893161316399,1.0,Tema Community 3 SSNIT Flat,tabular,ridge_ar_lag_fourier,h24,2026-01-04T23:00:00,2026-01-18T23:00:00,2026-02-15T23:00:00,,,42.0
2026-02-05 04:00:00,36.6,37.90773908589756,1.0,Tema Community 3 SSNIT Flat,tabular,ridge_ar_lag_fourier,h24,2026-01-04T23:00:00,2026-01-18T23:00:00,2026-02-15T23:00:00,,,42.0
2026-02-05 05:00:00,50.0,40.376728229526606,1.0,Tema Community 3 SSNIT Flat,tabular,ridge_ar_lag_fourier,h24,2026-01-04T23:00:00,2026-01-18T23:00:00,2026-02-15T23:00:00,,,42.0
2026-02-05 06:00:00,43.4,53.12655518772462,1.0,Tema Community 3 SSNIT Flat,tabular,ridge_ar_lag_fourier,h24,2026-01-04T23:00:00,2026-01-18T23:00:00,2026-02-15T23:00:00,,,42.0
2026-02-05 07:00:00,43.5,51.384474430589634,1.0,Tema Community 3 SSNIT Flat,tabular,ridge_ar_lag_fourier,h24,2026-01-04T23:00:00,2026-01-18T23:00:00,2026-02-15T23:00:00,,,42.0
2026-02-05 08:00:00,33.2,43.785691867108525,1.0,Tema Community 3 SSNIT Flat,tabular,ridge_ar_lag_fourier,h24,2026-01-04T23:00:00,2026-01-18T23:00:00,2026-02-15T23:00:00,,,42.0
2026-02-05 09:00:00,26.7,34.94524319153368,1.0,Tema Community 3 SSNIT Flat,tabular,ridge_ar_lag_fourier,h24,2026-01-04T23:00:00,2026-01-18T23:00:00,2026-02-15T23:00:00,,,42.0
2026-02-05 10:00:00,24.3,33.96807380101457,1.0,Tema Community 3 SSNIT Flat,tabular,ridge_ar_lag_fourier,h24,2026-01-04T23:00:00,2026-01-18T23:00:00,2026-02-15T23:00:00,,,42.0
2026-02-05 11:00:00,18.6,31.30662146487967,1.0,Tema Community 3 SSNIT Flat,tabular,ridge_ar_lag_fourier,h24,2026-01-04T23:00:00,2026-01-18T23:00:00,2026-02-15T23:00:00,,,42.0
2026-02-05 12:00:00,15.8,26.844300775493586,1.0,Tema Community 3 SSNIT Flat,tabular,ridge_ar_lag_fourier,h24,2026-01-04T23:00:00,2026-01-18T23:00:00,2026-02-15T23:00:00,,,42.0
2026-02-05 13:00:00,14.5,22.83453364016287,1.0,Tema Community 3 SSNIT Flat,tabular,ridge_ar_lag_fourier,h24,2026-01-04T23:00:00,2026-01-18T23:00:00,2026-02-15T23:00:00,,,42.0
2026-02-05 14:00:00,16.0,22.28396585148363,1.0,Tema Community 3 SSNIT Flat,tabular,ridge_ar_lag_fourier,h24,2026-01-04T23:00:00,2026-01-18T23:00:00,2026-02-15T23:00:00,,,42.0
2026-02-05 15:00:00,16.7,24.69280020975087,1.0,Tema Community 3 SSNIT Flat,tabular,ridge_ar_lag_fourier,h24,2026-01-04T23:00:00,2026-01-18T23:00:00,2026-02-15T23:00:00,,,42.0
2026-02-05 16:00:00,23.9,26.092017646418963,1.0,Tema Community 3 SSNIT Flat,tabular,ridge_ar_lag_fourier,h24,2026-01-04T23:00:00,2026-01-18T23:00:00,2026-02-15T23:00:00,,,42.0
2026-02-05 17:00:00,32.3,25.73260272526057,1.0,Tema Community 3 SSNIT Flat,tabular,ridge_ar_lag_fourier,h24,2026-01-04T23:00:00,2026-01-18T23:00:00,2026-02-15T23:00:00,,,42.0
2026-02-05 18:00:00,23.2,24.4097188808077,1.0,Tema Community 3 SSNIT Flat,tabular,ridge_ar_lag_fourier,h24,2026-01-04T23:00:00,2026-01-18T23:00:00,2026-02-15T23:00:00,,,42.0
2026-02-05 19:00:00,21.8,26.70585454700744,1.0,Tema Community 3 SSNIT Flat,tabular,ridge_ar_lag_fourier,h24,2026-01-04T23:00:00,2026-01-18T23:00:00,2026-02-15T23:00:00,,,42.0
2026-02-05 20:00:00,21.6,29.494071513670043,1.0,Tema Community 3 SSNIT Flat,tabular,ridge_ar_lag_fourier,h24,2026-01-04T23:00:00,2026-01-18T23:00:00,2026-02-15T23:00:00,,,42.0
2026-02-05 21:00:00,21.4,26.168669879902207,1.0,Tema Community 3 SSNIT Flat,tabular,ridge_ar_lag_fourier,h24,2026-01-04T23:00:00,2026-01-18T23:00:00,2026-02-15T23:00:00,,,42.0
2026-02-05 22:00:00,20.9,28.122932346893315,1.0,Tema Community 3 SSNIT Flat,tabular,ridge_ar_lag_fourier,h24,2026-01-04T23:00:00,2026-01-18T23:00:00,2026-02-15T23:00:00,,,42.0
2026-02-05 23:00:00,20.4,30.728674574176665,1.0,Tema Community 3 SSNIT Flat,tabular,ridge_ar_lag_fourier,h24,2026-01-04T23:00:00,2026-01-18T23:00:00,2026-02-15T23:00:00,,,42.0
2026-02-06 00:00:00,20.7,39.49179718686568,1.0,Tema Community 3 SSNIT Flat,tabular,ridge_ar_lag_fourier,h24,2026-01-04T23:00:00,2026-01-18T23:00:00,2026-02-15T23:00:00,,,42.0
2026-02-06 01:00:00,24.0875,36.12100039336067,1.0,Tema Community 3 SSNIT Flat,tabular,ridge_ar_lag_fourier,h24,2026-01-04T23:00:00,2026-01-18T23:00:00,2026-02-15T23:00:00,,,42.0
2026-02-06 02:00:00,27.475,34.59133366033399,1.0,Tema Community 3 SSNIT Flat,tabular,ridge_ar_lag_fourier,h24,2026-01-04T23:00:00,2026-01-18T23:00:00,2026-02-15T23:00:00,,,42.0
2026-02-06 03:00:00,30.862499999999997,36.46490851199417,1.0,Tema Community 3 SSNIT Flat,tabular,ridge_ar_lag_fourier,h24,2026-01-04T23:00:00,2026-01-18T23:00:00,2026-02-15T23:00:00,,,42.0
2026-02-06 05:00:00,37.6375,40.977663956288765,1.0,Tema Community 3 SSNIT Flat,tabular,ridge_ar_lag_fourier,h24,2026-01-04T23:00:00,2026-01-18T23:00:00,2026-02-15T23:00:00,,,42.0
2026-02-06 06:00:00,41.025,48.53323640360799,1.0,Tema Community 3 SSNIT Flat,tabular,ridge_ar_lag_fourier,h24,2026-01-04T23:00:00,2026-01-18T23:00:00,2026-02-15T23:00:00,,,42.0
2026-02-06 07:00:00,44.4125,47.25080699362637,1.0,Tema Community 3 SSNIT Flat,tabular,ridge_ar_lag_fourier,h24,2026-01-04T23:00:00,2026-01-18T23:00:00,2026-02-15T23:00:00,,,42.0
2026-02-06 08:00:00,47.8,39.361217031674585,1.0,Tema Community 3 SSNIT Flat,tabular,ridge_ar_lag_fourier,h24,2026-01-04T23:00:00,2026-01-18T23:00:00,2026-02-15T23:00:00,,,42.0
2026-02-06 09:00:00,33.7,36.32096328654919,1.0,Tema Community 3 SSNIT Flat,tabular,ridge_ar_lag_fourier,h24,2026-01-04T23:00:00,2026-01-18T23:00:00,2026-02-15T23:00:00,,,42.0
2026-02-06 10:00:00,21.3,34.55284695058758,1.0,Tema Community 3 SSNIT Flat,tabular,ridge_ar_lag_fourier,h24,2026-01-04T23:00:00,2026-01-18T23:00:00,2026-02-15T23:00:00,,,42.0
2026-02-06 11:00:00,20.7,30.374244177828288,1.0,Tema Community 3 SSNIT Flat,tabular,ridge_ar_lag_fourier,h24,2026-01-04T23:00:00,2026-01-18T23:00:00,2026-02-15T23:00:00,,,42.0
2026-02-06 12:00:00,19.6,44.30443457567323,1.0,Tema Community 3 SSNIT Flat,tabular,ridge_ar_lag_fourier,h24,2026-01-04T23:00:00,2026-01-18T23:00:00,2026-02-15T23:00:00,,,42.0
2026-02-06 13:00:00,20.5,35.02101960074353,1.0,Tema Community 3 SSNIT Flat,tabular,ridge_ar_lag_fourier,h24,2026-01-04T23:00:00,2026-01-18T23:00:00,2026-02-15T23:00:00,,,42.0
2026-02-06 14:00:00,21.2,24.893626223627283,1.0,Tema Community 3 SSNIT Flat,tabular,ridge_ar_lag_fourier,h24,2026-01-04T23:00:00,2026-01-18T23:00:00,2026-02-15T23:00:00,,,42.0
2026-02-06 15:00:00,19.1,23.495661342090667,1.0,Tema Community 3 SSNIT Flat,tabular,ridge_ar_lag_fourier,h24,2026-01-04T23:00:00,2026-01-18T23:00:00,2026-02-15T23:00:00,,,42.0
2026-02-06 16:00:00,20.7,26.444296735343897,1.0,Tema Community 3 SSNIT Flat,tabular,ridge_ar_lag_fourier,h24,2026-01-04T23:00:00,2026-01-18T23:00:00,2026-02-15T23:00:00,,,42.0
2026-02-06 17:00:00,22.1,28.261500348259684,1.0,Tema Community 3 SSNIT Flat,tabular,ridge_ar_lag_fourier,h24,2026-01-04T23:00:00,2026-01-18T23:00:00,2026-02-15T23:00:00,,,42.0
2026-02-06 18:00:00,22.9,27.48845620534488,1.0,Tema Community 3 SSNIT Flat,tabular,ridge_ar_lag_fourier,h24,2026-01-04T23:00:00,2026-01-18T23:00:00,2026-02-15T23:00:00,,,42.0
2026-02-06 19:00:00,24.2,27.492877717118336,1.0,Tema Community 3 SSNIT Flat,tabular,ridge_ar_lag_fourier,h24,2026-01-04T23:00:00,2026-01-18T23:00:00,2026-02-15T23:00:00,,,42.0
2026-02-06 20:00:00,24.2,28.53915671125936,1.0,Tema Community 3 SSNIT Flat,tabular,ridge_ar_lag_fourier,h24,2026-01-04T23:00:00,2026-01-18T23:00:00,2026-02-15T23:00:00,,,42.0
2026-02-06 21:00:00,25.4,27.681647078552277,1.0,Tema Community 3 SSNIT Flat,tabular,ridge_ar_lag_fourier,h24,2026-01-04T23:00:00,2026-01-18T23:00:00,2026-02-15T23:00:00,,,42.0
2026-02-06 22:00:00,25.3,28.704986805782497,1.0,Tema Community 3 SSNIT Flat,tabular,ridge_ar_lag_fourier,h24,2026-01-04T23:00:00,2026-01-18T23:00:00,2026-02-15T23:00:00,,,42.0
2026-02-06 23:00:00,23.7,32.167880870182714,1.0,Tema Community 3 SSNIT Flat,tabular,ridge_ar_lag_fourier,h24,2026-01-04T23:00:00,2026-01-18T23:00:00,2026-02-15T23:00:00,,,42.0
2026-02-07 00:00:00,22.6,36.508420506226045,1.0,Tema Community 3 SSNIT Flat,tabular,ridge_ar_lag_fourier,h24,2026-01-04T23:00:00,2026-01-18T23:00:00,2026-02-15T23:00:00,,,42.0
2026-02-07 01:00:00,18.8,36.059838730984545,1.0,Tema Community 3 SSNIT Flat,tabular,ridge_ar_lag_fourier,h24,2026-01-04T23:00:00,2026-01-18T23:00:00,2026-02-15T23:00:00,,,42.0
2026-02-07 02:00:00,22.4,38.004147918209966,1.0,Tema Community 3 SSNIT Flat,tabular,ridge_ar_lag_fourier,h24,2026-01-04T23:00:00,2026-01-18T23:00:00,2026-02-15T23:00:00,,,42.0
2026-02-07 03:00:00,32.5,37.55586834904952,1.0,Tema Community 3 SSNIT Flat,tabular,ridge_ar_lag_fourier,h24,2026-01-04T23:00:00,2026-01-18T23:00:00,2026-02-15T23:00:00,,,42.0
2026-02-07 04:00:00,37.3,43.104146235663585,1.0,Tema Community 3 SSNIT Flat,tabular,ridge_ar_lag_fourier,h24,2026-01-04T23:00:00,2026-01-18T23:00:00,2026-02-15T23:00:00,,,42.0
2026-02-07 05:00:00,39.7,46.71869854533841,1.0,Tema Community 3 SSNIT Flat,tabular,ridge_ar_lag_fourier,h24,2026-01-04T23:00:00,2026-01-18T23:00:00,2026-02-15T23:00:00,,,42.0
2026-02-07 06:00:00,62.6,51.32407815618262,1.0,Tema Community 3 SSNIT Flat,tabular,ridge_ar_lag_fourier,h24,2026-01-04T23:00:00,2026-01-18T23:00:00,2026-02-15T23:00:00,,,42.0
2026-02-07 07:00:00,55.3,52.00944196544889,1.0,Tema Community 3 SSNIT Flat,tabular,ridge_ar_lag_fourier,h24,2026-01-04T23:00:00,2026-01-18T23:00:00,2026-02-15T23:00:00,,,42.0
2026-02-07 08:00:00,41.3,39.89625080778749,1.0,Tema Community 3 SSNIT Flat,tabular,ridge_ar_lag_fourier,h24,2026-01-04T23:00:00,2026-01-18T23:00:00,2026-02-15T23:00:00,,,42.0
2026-02-07 09:00:00,23.7,38.05303593617535,1.0,Tema Community 3 SSNIT Flat,tabular,ridge_ar_lag_fourier,h24,2026-01-04T23:00:00,2026-01-18T23:00:00,2026-02-15T23:00:00,,,42.0
2026-02-07 10:00:00,23.2,34.919648654441026,1.0,Tema Community 3 SSNIT Flat,tabular,ridge_ar_lag_fourier,h24,2026-01-04T23:00:00,2026-01-18T23:00:00,2026-02-15T23:00:00,,,42.0
2026-02-07 11:00:00,19.6,29.90389523645451,1.0,Tema Community 3 SSNIT Flat,tabular,ridge_ar_lag_fourier,h24,2026-01-04T23:00:00,2026-01-18T23:00:00,2026-02-15T23:00:00,,,42.0
2026-02-07 12:00:00,19.0,26.793111249093435,1.0,Tema Community 3 SSNIT Flat,tabular,ridge_ar_lag_fourier,h24,2026-01-04T23:00:00,2026-01-18T23:00:00,2026-02-15T23:00:00,,,42.0
2026-02-07 13:00:00,17.4,24.423702960416062,1.0,Tema Community 3 SSNIT Flat,tabular,ridge_ar_lag_fourier,h24,2026-01-04T23:00:00,2026-01-18T23:00:00,2026-02-15T23:00:00,,,42.0
2026-02-07 14:00:00,16.7,25.129600216855472,1.0,Tema Community 3 SSNIT Flat,tabular,ridge_ar_lag_fourier,h24,2026-01-04T23:00:00,2026-01-18T23:00:00,2026-02-15T23:00:00,,,42.0
2026-02-07 15:00:00,18.4,24.170085799479676,1.0,Tema Community 3 SSNIT Flat,tabular,ridge_ar_lag_fourier,h24,2026-01-04T23:00:00,2026-01-18T23:00:00,2026-02-15T23:00:00,,,42.0
2026-02-07 16:00:00,79.5,28.66464399692703,1.0,Tema Community 3 SSNIT Flat,tabular,ridge_ar_lag_fourier,h24,2026-01-04T23:00:00,2026-01-18T23:00:00,2026-02-15T23:00:00,,,42.0
2026-02-07 17:00:00,31.8,27.77190108249307,1.0,Tema Community 3 SSNIT Flat,tabular,ridge_ar_lag_fourier,h24,2026-01-04T23:00:00,2026-01-18T23:00:00,2026-02-15T23:00:00,,,42.0
2026-02-07 18:00:00,32.5,26.57251581503424,1.0,Tema Community 3 SSNIT Flat,tabular,ridge_ar_lag_fourier,h24,2026-01-04T23:00:00,2026-01-18T23:00:00,2026-02-15T23:00:00,,,42.0
2026-02-07 19:00:00,24.7,27.06356311311687,1.0,Tema Community 3 SSNIT Flat,tabular,ridge_ar_lag_fourier,h24,2026-01-04T23:00:00,2026-01-18T23:00:00,2026-02-15T23:00:00,,,42.0
2026-02-07 20:00:00,23.8,29.126052675151353,1.0,Tema Community 3 SSNIT Flat,tabular,ridge_ar_lag_fourier,h24,2026-01-04T23:00:00,2026-01-18T23:00:00,2026-02-15T23:00:00,,,42.0
2026-02-07 21:00:00,25.5,28.311321570007557,1.0,Tema Community 3 SSNIT Flat,tabular,ridge_ar_lag_fourier,h24,2026-01-04T23:00:00,2026-01-18T23:00:00,2026-02-15T23:00:00,,,42.0
2026-02-07 22:00:00,36.7,27.818707676302402,1.0,Tema Community 3 SSNIT Flat,tabular,ridge_ar_lag_fourier,h24,2026-01-04T23:00:00,2026-01-18T23:00:00,2026-02-15T23:00:00,,,42.0
2026-02-07 23:00:00,31.7,32.34736444670724,1.0,Tema Community 3 SSNIT Flat,tabular,ridge_ar_lag_fourier,h24,2026-01-04T23:00:00,2026-01-18T23:00:00,2026-02-15T23:00:00,,,42.0
2026-02-08 00:00:00,33.1,36.546791519497276,1.0,Tema Community 3 SSNIT Flat,tabular,ridge_ar_lag_fourier,h24,2026-01-04T23:00:00,2026-01-18T23:00:00,2026-02-15T23:00:00,,,42.0
2026-02-08 01:00:00,35.7,36.671354504789704,1.0,Tema Community 3 SSNIT Flat,tabular,ridge_ar_lag_fourier,h24,2026-01-04T23:00:00,2026-01-18T23:00:00,2026-02-15T23:00:00,,,42.0
2026-02-08 02:00:00,34.0,34.52950885985037,1.0,Tema Community 3 SSNIT Flat,tabular,ridge_ar_lag_fourier,h24,2026-01-04T23:00:00,2026-01-18T23:00:00,2026-02-15T23:00:00,,,42.0
2026-02-08 03:00:00,35.0,35.16893452867369,1.0,Tema Community 3 SSNIT Flat,tabular,ridge_ar_lag_fourier,h24,2026-01-04T23:00:00,2026-01-18T23:00:00,2026-02-15T23:00:00,,,42.0
2026-02-08 04:00:00,37.8,40.56458546983147,1.0,Tema Community 3 SSNIT Flat,tabular,ridge_ar_lag_fourier,h24,2026-01-04T23:00:00,2026-01-18T23:00:00,2026-02-15T23:00:00,,,42.0
2026-02-08 05:00:00,48.8,42.495736410240184,1.0,Tema Community 3 SSNIT Flat,tabular,ridge_ar_lag_fourier,h24,2026-01-04T23:00:00,2026-01-18T23:00:00,2026-02-15T23:00:00,,,42.0
2026-02-08 06:00:00,113.1,46.14520359144922,1.0,Tema Community 3 SSNIT Flat,tabular,ridge_ar_lag_fourier,h24,2026-01-04T23:00:00,2026-01-18T23:00:00,2026-02-15T23:00:00,,,42.0
2026-02-08 07:00:00,111.6,53.62007882418289,1.0,Tema Community 3 SSNIT Flat,tabular,ridge_ar_lag_fourier,h24,2026-01-04T23:00:00,2026-01-18T23:00:00,2026-02-15T23:00:00,,,42.0
2026-02-08 08:00:00,48.6,41.85298374394901,1.0,Tema Community 3 SSNIT Flat,tabular,ridge_ar_lag_fourier,h24,2026-01-04T23:00:00,2026-01-18T23:00:00,2026-02-15T23:00:00,,,42.0
2026-02-08 09:00:00,32.0,36.982774294207076,1.0,Tema Community 3 SSNIT Flat,tabular,ridge_ar_lag_fourier,h24,2026-01-04T23:00:00,2026-01-18T23:00:00,2026-02-15T23:00:00,,,42.0
2026-02-08 10:00:00,173.0,34.68224904669399,1.0,Tema Community 3 SSNIT Flat,tabular,ridge_ar_lag_fourier,h24,2026-01-04T23:00:00,2026-01-18T23:00:00,2026-02-15T23:00:00,,,42.0
2026-02-08 11:00:00,237.5,29.964065242484907,1.0,Tema Community 3 SSNIT Flat,tabular,ridge_ar_lag_fourier,h24,2026-01-04T23:00:00,2026-01-18T23:00:00,2026-02-15T23:00:00,,,42.0
2026-02-08 12:00:00,65.3,26.096551542911094,1.0,Tema Community 3 SSNIT Flat,tabular,ridge_ar_lag_fourier,h24,2026-01-04T23:00:00,2026-01-18T23:00:00,2026-02-15T23:00:00,,,42.0
2026-02-08 13:00:00,23.3,23.057897984083112,1.0,Tema Community 3 SSNIT Flat,tabular,ridge_ar_lag_fourier,h24,2026-01-04T23:00:00,2026-01-18T23:00:00,2026-02-15T23:00:00,,,42.0
2026-02-08 14:00:00,17.9,22.576914521663273,1.0,Tema Community 3 SSNIT Flat,tabular,ridge_ar_lag_fourier,h24,2026-01-04T23:00:00,2026-01-18T23:00:00,2026-02-15T23:00:00,,,42.0
2026-02-08 15:00:00,17.0,22.25554813087487,1.0,Tema Community 3 SSNIT Flat,tabular,ridge_ar_lag_fourier,h24,2026-01-04T23:00:00,2026-01-18T23:00:00,2026-02-15T23:00:00,,,42.0
2026-02-08 16:00:00,16.9,27.018333134042734,1.0,Tema Community 3 SSNIT Flat,tabular,ridge_ar_lag_fourier,h24,2026-01-04T23:00:00,2026-01-18T23:00:00,2026-02-15T23:00:00,,,42.0
2026-02-08 17:00:00,24.0,33.75907392417796,1.0,Tema Community 3 SSNIT Flat,tabular,ridge_ar_lag_fourier,h24,2026-01-04T23:00:00,2026-01-18T23:00:00,2026-02-15T23:00:00,,,42.0
2026-02-08 18:00:00,26.6,27.67863980287125,1.0,Tema Community 3 SSNIT Flat,tabular,ridge_ar_lag_fourier,h24,2026-01-04T23:00:00,2026-01-18T23:00:00,2026-02-15T23:00:00,,,42.0
2026-02-08 19:00:00,21.2,29.06994966612905,1.0,Tema Community 3 SSNIT Flat,tabular,ridge_ar_lag_fourier,h24,2026-01-04T23:00:00,2026-01-18T23:00:00,2026-02-15T23:00:00,,,42.0
2026-02-08 20:00:00,21.1,29.50346526134266,1.0,Tema Community 3 SSNIT Flat,tabular,ridge_ar_lag_fourier,h24,2026-01-04T23:00:00,2026-01-18T23:00:00,2026-02-15T23:00:00,,,42.0
2026-02-08 21:00:00,20.1,28.930779480246848,1.0,Tema Community 3 SSNIT Flat,tabular,ridge_ar_lag_fourier,h24,2026-01-04T23:00:00,2026-01-18T23:00:00,2026-02-15T23:00:00,,,42.0
2026-02-08 22:00:00,20.3,27.29776192590987,1.0,Tema Community 3 SSNIT Flat,tabular,ridge_ar_lag_fourier,h24,2026-01-04T23:00:00,2026-01-18T23:00:00,2026-02-15T23:00:00,,,42.0
2026-02-08 23:00:00,23.3,30.482596113019333,1.0,Tema Community 3 SSNIT Flat,tabular,ridge_ar_lag_fourier,h24,2026-01-04T23:00:00,2026-01-18T23:00:00,2026-02-15T23:00:00,,,42.0
2026-02-09 00:00:00,18.5,33.60738419986488,1.0,Tema Community 3 SSNIT Flat,tabular,ridge_ar_lag_fourier,h24,2026-01-04T23:00:00,2026-01-18T23:00:00,2026-02-15T23:00:00,,,42.0
2026-02-09 01:00:00,17.4,33.08601077237128,1.0,Tema Community 3 SSNIT Flat,tabular,ridge_ar_lag_fourier,h24,2026-01-04T23:00:00,2026-01-18T23:00:00,2026-02-15T23:00:00,,,42.0
2026-02-09 02:00:00,17.9,32.79291081170913,1.0,Tema Community 3 SSNIT Flat,tabular,ridge_ar_lag_fourier,h24,2026-01-04T23:00:00,2026-01-18T23:00:00,2026-02-15T23:00:00,,,42.0
2026-02-09 03:00:00,20.8,34.462627290382194,1.0,Tema Community 3 SSNIT Flat,tabular,ridge_ar_lag_fourier,h24,2026-01-04T23:00:00,2026-01-18T23:00:00,2026-02-15T23:00:00,,,42.0
2026-02-09 04:00:00,22.6,36.42303146059224,1.0,Tema Community 3 SSNIT Flat,tabular,ridge_ar_lag_fourier,h24,2026-01-04T23:00:00,2026-01-18T23:00:00,2026-02-15T23:00:00,,,42.0
2026-02-09 05:00:00,36.9,43.62799873841661,1.0,Tema Community 3 SSNIT Flat,tabular,ridge_ar_lag_fourier,h24,2026-01-04T23:00:00,2026-01-18T23:00:00,2026-02-15T23:00:00,,,42.0
2026-02-09 06:00:00,41.3,48.23318870750387,1.0,Tema Community 3 SSNIT Flat,tabular,ridge_ar_lag_fourier,h24,2026-01-04T23:00:00,2026-01-18T23:00:00,2026-02-15T23:00:00,,,42.0
2026-02-09 07:00:00,39.7,59.89155367622011,1.0,Tema Community 3 SSNIT Flat,tabular,ridge_ar_lag_fourier,h24,2026-01-04T23:00:00,2026-01-18T23:00:00,2026-02-15T23:00:00,,,42.0
2026-02-09 08:00:00,46.3,47.09017025620924,1.0,Tema Community 3 SSNIT Flat,tabular,ridge_ar_lag_fourier,h24,2026-01-04T23:00:00,2026-01-18T23:00:00,2026-02-15T23:00:00,,,42.0
2026-02-09 09:00:00,34.7,35.9690582209373,1.0,Tema Community 3 SSNIT Flat,tabular,ridge_ar_lag_fourier,h24,2026-01-04T23:00:00,2026-01-18T23:00:00,2026-02-15T23:00:00,,,42.0
2026-02-09 10:00:00,28.0,32.276866094812476,1.0,Tema Community 3 SSNIT Flat,tabular,ridge_ar_lag_fourier,h24,2026-01-04T23:00:00,2026-01-18T23:00:00,2026-02-15T23:00:00,,,42.0
2026-02-09 11:00:00,21.6,45.31173561531049,1.0,Tema Community 3 SSNIT Flat,tabular,ridge_ar_lag_fourier,h24,2026-01-04T23:00:00,2026-01-18T23:00:00,2026-02-15T23:00:00,,,42.0
2026-02-09 12:00:00,18.5,51.23196621758319,1.0,Tema Community 3 SSNIT Flat,tabular,ridge_ar_lag_fourier,h24,2026-01-04T23:00:00,2026-01-18T23:00:00,2026-02-15T23:00:00,,,42.0
2026-02-09 13:00:00,17.7,25.712207997657455,1.0,Tema Community 3 SSNIT Flat,tabular,ridge_ar_lag_fourier,h24,2026-01-04T23:00:00,2026-01-18T23:00:00,2026-02-15T23:00:00,,,42.0
2026-02-09 14:00:00,17.3,18.141940005835224,1.0,Tema Community 3 SSNIT Flat,tabular,ridge_ar_lag_fourier,h24,2026-01-04T23:00:00,2026-01-18T23:00:00,2026-02-15T23:00:00,,,42.0
2026-02-09 15:00:00,16.1,21.105925791254318,1.0,Tema Community 3 SSNIT Flat,tabular,ridge_ar_lag_fourier,h24,2026-01-04T23:00:00,2026-01-18T23:00:00,2026-02-15T23:00:00,,,42.0
2026-02-09 16:00:00,15.5,27.52506390927458,1.0,Tema Community 3 SSNIT Flat,tabular,ridge_ar_lag_fourier,h24,2026-01-04T23:00:00,2026-01-18T23:00:00,2026-02-15T23:00:00,,,42.0
2026-02-09 17:00:00,18.8,23.40670835087165,1.0,Tema Community 3 SSNIT Flat,tabular,ridge_ar_lag_fourier,h24,2026-01-04T23:00:00,2026-01-18T23:00:00,2026-02-15T23:00:00,,,42.0
2026-02-09 18:00:00,29.7,22.532961744568276,1.0,Tema Community 3 SSNIT Flat,tabular,ridge_ar_lag_fourier,h24,2026-01-04T23:00:00,2026-01-18T23:00:00,2026-02-15T23:00:00,,,42.0
2026-02-09 19:00:00,21.9,23.17676143050135,1.0,Tema Community 3 SSNIT Flat,tabular,ridge_ar_lag_fourier,h24,2026-01-04T23:00:00,2026-01-18T23:00:00,2026-02-15T23:00:00,,,42.0
2026-02-09 20:00:00,20.5,23.27324809832939,1.0,Tema Community 3 SSNIT Flat,tabular,ridge_ar_lag_fourier,h24,2026-01-04T23:00:00,2026-01-18T23:00:00,2026-02-15T23:00:00,,,42.0
2026-02-09 21:00:00,21.8,24.234656376284452,1.0,Tema Community 3 SSNIT Flat,tabular,ridge_ar_lag_fourier,h24,2026-01-04T23:00:00,2026-01-18T23:00:00,2026-02-15T23:00:00,,,42.0
2026-02-09 22:00:00,23.9,25.456197186409828,1.0,Tema Community 3 SSNIT Flat,tabular,ridge_ar_lag_fourier,h24,2026-01-04T23:00:00,2026-01-18T23:00:00,2026-02-15T23:00:00,,,42.0
2026-02-09 23:00:00,23.3,27.182990180824685,1.0,Tema Community 3 SSNIT Flat,tabular,ridge_ar_lag_fourier,h24,2026-01-04T23:00:00,2026-01-18T23:00:00,2026-02-15T23:00:00,,,42.0
2026-02-10 00:00:00,29.8,29.84062553432024,1.0,Tema Community 3 SSNIT Flat,tabular,ridge_ar_lag_fourier,h24,2026-01-04T23:00:00,2026-01-18T23:00:00,2026-02-15T23:00:00,,,42.0
2026-02-10 01:00:00,29.3,29.642938231666115,1.0,Tema Community 3 SSNIT Flat,tabular,ridge_ar_lag_fourier,h24,2026-01-04T23:00:00,2026-01-18T23:00:00,2026-02-15T23:00:00,,,42.0
2026-02-10 02:00:00,33.7,29.829743659005594,1.0,Tema Community 3 SSNIT Flat,tabular,ridge_ar_lag_fourier,h24,2026-01-04T23:00:00,2026-01-18T23:00:00,2026-02-15T23:00:00,,,42.0
2026-02-10 03:00:00,30.9,29.780078193563803,1.0,Tema Community 3 SSNIT Flat,tabular,ridge_ar_lag_fourier,h24,2026-01-04T23:00:00,2026-01-18T23:00:00,2026-02-15T23:00:00,,,42.0
2026-02-10 04:00:00,20.4,31.54637959598346,1.0,Tema Community 3 SSNIT Flat,tabular,ridge_ar_lag_fourier,h24,2026-01-04T23:00:00,2026-01-18T23:00:00,2026-02-15T23:00:00,,,42.0
2026-02-10 05:00:00,32.0,42.04269321775941,1.0,Tema Community 3 SSNIT Flat,tabular,ridge_ar_lag_fourier,h24,2026-01-04T23:00:00,2026-01-18T23:00:00,2026-02-15T23:00:00,,,42.0
2026-02-10 06:00:00,53.5,49.778124634654915,1.0,Tema Community 3 SSNIT Flat,tabular,ridge_ar_lag_fourier,h24,2026-01-04T23:00:00,2026-01-18T23:00:00,2026-02-15T23:00:00,,,42.0
2026-02-10 07:00:00,52.1,50.851280808579205,1.0,Tema Community 3 SSNIT Flat,tabular,ridge_ar_lag_fourier,h24,2026-01-04T23:00:00,2026-01-18T23:00:00,2026-02-15T23:00:00,,,42.0
2026-02-10 08:00:00,36.4,33.668048198971924,1.0,Tema Community 3 SSNIT Flat,tabular,ridge_ar_lag_fourier,h24,2026-01-04T23:00:00,2026-01-18T23:00:00,2026-02-15T23:00:00,,,42.0
2026-02-10 09:00:00,30.3,37.64324692382684,1.0,Tema Community 3 SSNIT Flat,tabular,ridge_ar_lag_fourier,h24,2026-01-04T23:00:00,2026-01-18T23:00:00,2026-02-15T23:00:00,,,42.0
2026-02-10 10:00:00,29.5,51.542181469472624,1.0,Tema Community 3 SSNIT Flat,tabular,ridge_ar_lag_fourier,h24,2026-01-04T23:00:00,2026-01-18T23:00:00,2026-02-15T23:00:00,,,42.0
2026-02-10 11:00:00,25.3,45.285997451350454,1.0,Tema Community 3 SSNIT Flat,tabular,ridge_ar_lag_fourier,h24,2026-01-04T23:00:00,2026-01-18T23:00:00,2026-02-15T23:00:00,,,42.0
2026-02-10 12:00:00,21.2,27.553827184896257,1.0,Tema Community 3 SSNIT Flat,tabular,ridge_ar_lag_fourier,h24,2026-01-04T23:00:00,2026-01-18T23:00:00,2026-02-15T23:00:00,,,42.0
2026-02-10 13:00:00,25.2,17.595008538646105,1.0,Tema Community 3 SSNIT Flat,tabular,ridge_ar_lag_fourier,h24,2026-01-04T23:00:00,2026-01-18T23:00:00,2026-02-15T23:00:00,,,42.0
2026-02-10 14:00:00,15.7,19.415181501747615,1.0,Tema Community 3 SSNIT Flat,tabular,ridge_ar_lag_fourier,h24,2026-01-04T23:00:00,2026-01-18T23:00:00,2026-02-15T23:00:00,,,42.0
2026-02-10 15:00:00,9.0,20.934341445461076,1.0,Tema Community 3 SSNIT Flat,tabular,ridge_ar_lag_fourier,h24,2026-01-04T23:00:00,2026-01-18T23:00:00,2026-02-15T23:00:00,,,42.0
2026-02-10 16:00:00,11.3,24.429993274119195,1.0,Tema Community 3 SSNIT Flat,tabular,ridge_ar_lag_fourier,h24,2026-01-04T23:00:00,2026-01-18T23:00:00,2026-02-15T23:00:00,,,42.0
2026-02-10 17:00:00,9.8,20.1789905667082,1.0,Tema Community 3 SSNIT Flat,tabular,ridge_ar_lag_fourier,h24,2026-01-04T23:00:00,2026-01-18T23:00:00,2026-02-15T23:00:00,,,42.0
2026-02-10 18:00:00,19.3,18.52296841390258,1.0,Tema Community 3 SSNIT Flat,tabular,ridge_ar_lag_fourier,h24,2026-01-04T23:00:00,2026-01-18T23:00:00,2026-02-15T23:00:00,,,42.0
2026-02-10 19:00:00,10.0,20.231320201196453,1.0,Tema Community 3 SSNIT Flat,tabular,ridge_ar_lag_fourier,h24,2026-01-04T23:00:00,2026-01-18T23:00:00,2026-02-15T23:00:00,,,42.0
2026-02-10 20:00:00,3.9,22.246199693573224,1.0,Tema Community 3 SSNIT Flat,tabular,ridge_ar_lag_fourier,h24,2026-01-04T23:00:00,2026-01-18T23:00:00,2026-02-15T23:00:00,,,42.0
2026-02-10 21:00:00,8.3,24.26180795324334,1.0,Tema Community 3 SSNIT Flat,tabular,ridge_ar_lag_fourier,h24,2026-01-04T23:00:00,2026-01-18T23:00:00,2026-02-15T23:00:00,,,42.0
2026-02-10 22:00:00,16.8,26.524922817166974,1.0,Tema Community 3 SSNIT Flat,tabular,ridge_ar_lag_fourier,h24,2026-01-04T23:00:00,2026-01-18T23:00:00,2026-02-15T23:00:00,,,42.0
2026-02-10 23:00:00,13.0,34.30486375121181,1.0,Tema Community 3 SSNIT Flat,tabular,ridge_ar_lag_fourier,h24,2026-01-04T23:00:00,2026-01-18T23:00:00,2026-02-15T23:00:00,,,42.0
2026-02-11 00:00:00,15.7,33.59833979744728,1.0,Tema Community 3 SSNIT Flat,tabular,ridge_ar_lag_fourier,h24,2026-01-04T23:00:00,2026-01-18T23:00:00,2026-02-15T23:00:00,,,42.0
2026-02-11 01:00:00,13.5,31.270708474556702,1.0,Tema Community 3 SSNIT Flat,tabular,ridge_ar_lag_fourier,h24,2026-01-04T23:00:00,2026-01-18T23:00:00,2026-02-15T23:00:00,,,42.0
2026-02-11 02:00:00,18.8,33.560029534622366,1.0,Tema Community 3 SSNIT Flat,tabular,ridge_ar_lag_fourier,h24,2026-01-04T23:00:00,2026-01-18T23:00:00,2026-02-15T23:00:00,,,42.0
2026-02-11 03:00:00,21.6,44.98055860996329,1.0,Tema Community 3 SSNIT Flat,tabular,ridge_ar_lag_fourier,h24,2026-01-04T23:00:00,2026-01-18T23:00:00,2026-02-15T23:00:00,,,42.0
2026-02-11 04:00:00,31.1,40.1621567470835,1.0,Tema Community 3 SSNIT Flat,tabular,ridge_ar_lag_fourier,h24,2026-01-04T23:00:00,2026-01-18T23:00:00,2026-02-15T23:00:00,,,42.0
2026-02-11 05:00:00,29.5,46.76293446756457,1.0,Tema Community 3 SSNIT Flat,tabular,ridge_ar_lag_fourier,h24,2026-01-04T23:00:00,2026-01-18T23:00:00,2026-02-15T23:00:00,,,42.0
2026-02-11 06:00:00,57.9,48.677998061339956,1.0,Tema Community 3 SSNIT Flat,tabular,ridge_ar_lag_fourier,h24,2026-01-04T23:00:00,2026-01-18T23:00:00,2026-02-15T23:00:00,,,42.0
2026-02-11 07:00:00,45.1,52.84061358883319,1.0,Tema Community 3 SSNIT Flat,tabular,ridge_ar_lag_fourier,h24,2026-01-04T23:00:00,2026-01-18T23:00:00,2026-02-15T23:00:00,,,42.0
2026-02-11 08:00:00,38.3,41.861904912414886,1.0,Tema Community 3 SSNIT Flat,tabular,ridge_ar_lag_fourier,h24,2026-01-04T23:00:00,2026-01-18T23:00:00,2026-02-15T23:00:00,,,42.0
2026-02-11 09:00:00,49.2,39.89290569970523,1.0,Tema Community 3 SSNIT Flat,tabular,ridge_ar_lag_fourier,h24,2026-01-04T23:00:00,2026-01-18T23:00:00,2026-02-15T23:00:00,,,42.0
2026-02-11 10:00:00,39.1,46.18287512064701,1.0,Tema Community 3 SSNIT Flat,tabular,ridge_ar_lag_fourier,h24,2026-01-04T23:00:00,2026-01-18T23:00:00,2026-02-15T23:00:00,,,42.0
2026-02-11 11:00:00,30.1,42.22069290799847,1.0,Tema Community 3 SSNIT Flat,tabular,ridge_ar_lag_fourier,h24,2026-01-04T23:00:00,2026-01-18T23:00:00,2026-02-15T23:00:00,,,42.0
2026-02-11 12:00:00,29.6,28.22154821324478,1.0,Tema Community 3 SSNIT Flat,tabular,ridge_ar_lag_fourier,h24,2026-01-04T23:00:00,2026-01-18T23:00:00,2026-02-15T23:00:00,,,42.0
2026-02-11 13:00:00,27.2,22.52797555794746,1.0,Tema Community 3 SSNIT Flat,tabular,ridge_ar_lag_fourier,h24,2026-01-04T23:00:00,2026-01-18T23:00:00,2026-02-15T23:00:00,,,42.0
2026-02-11 14:00:00,10.3,22.232365707758913,1.0,Tema Community 3 SSNIT Flat,tabular,ridge_ar_lag_fourier,h24,2026-01-04T23:00:00,2026-01-18T23:00:00,2026-02-15T23:00:00,,,42.0
2026-02-11 15:00:00,10.4,19.937279664802798,1.0,Tema Community 3 SSNIT Flat,tabular,ridge_ar_lag_fourier,h24,2026-01-04T23:00:00,2026-01-18T23:00:00,2026-02-15T23:00:00,,,42.0
2026-02-11 16:00:00,14.2,23.62783886403553,1.0,Tema Community 3 SSNIT Flat,tabular,ridge_ar_lag_fourier,h24,2026-01-04T23:00:00,2026-01-18T23:00:00,2026-02-15T23:00:00,,,42.0
2026-02-11 17:00:00,12.3,22.40666877606198,1.0,Tema Community 3 SSNIT Flat,tabular,ridge_ar_lag_fourier,h24,2026-01-04T23:00:00,2026-01-18T23:00:00,2026-02-15T23:00:00,,,42.0
2026-02-11 18:00:00,17.6,23.48482043820558,1.0,Tema Community 3 SSNIT Flat,tabular,ridge_ar_lag_fourier,h24,2026-01-04T23:00:00,2026-01-18T23:00:00,2026-02-15T23:00:00,,,42.0
2026-02-11 19:00:00,19.7,23.60219760861367,1.0,Tema Community 3 SSNIT Flat,tabular,ridge_ar_lag_fourier,h24,2026-01-04T23:00:00,2026-01-18T23:00:00,2026-02-15T23:00:00,,,42.0
2026-02-11 20:00:00,20.0,24.32213064268565,1.0,Tema Community 3 SSNIT Flat,tabular,ridge_ar_lag_fourier,h24,2026-01-04T23:00:00,2026-01-18T23:00:00,2026-02-15T23:00:00,,,42.0
2026-02-11 21:00:00,30.9,23.666205340677106,1.0,Tema Community 3 SSNIT Flat,tabular,ridge_ar_lag_fourier,h24,2026-01-04T23:00:00,2026-01-18T23:00:00,2026-02-15T23:00:00,,,42.0
2026-02-11 22:00:00,53.7,24.441860896496014,1.0,Tema Community 3 SSNIT Flat,tabular,ridge_ar_lag_fourier,h24,2026-01-04T23:00:00,2026-01-18T23:00:00,2026-02-15T23:00:00,,,42.0
2026-02-11 23:00:00,33.3,27.009681699638453,1.0,Tema Community 3 SSNIT Flat,tabular,ridge_ar_lag_fourier,h24,2026-01-04T23:00:00,2026-01-18T23:00:00,2026-02-15T23:00:00,,,42.0
2026-02-12 00:00:00,44.4,29.741249018684073,1.0,Tema Community 3 SSNIT Flat,tabular,ridge_ar_lag_fourier,h24,2026-01-04T23:00:00,2026-01-18T23:00:00,2026-02-15T23:00:00,,,42.0
2026-02-12 01:00:00,61.3,31.33246956972146,1.0,Tema Community 3 SSNIT Flat,tabular,ridge_ar_lag_fourier,h24,2026-01-04T23:00:00,2026-01-18T23:00:00,2026-02-15T23:00:00,,,42.0
2026-02-12 02:00:00,57.1,30.877990448824384,1.0,Tema Community 3 SSNIT Flat,tabular,ridge_ar_lag_fourier,h24,2026-01-04T23:00:00,2026-01-18T23:00:00,2026-02-15T23:00:00,,,42.0
2026-02-12 03:00:00,63.9,33.01318088428202,1.0,Tema Community 3 SSNIT Flat,tabular,ridge_ar_lag_fourier,h24,2026-01-04T23:00:00,2026-01-18T23:00:00,2026-02-15T23:00:00,,,42.0
2026-02-12 04:00:00,65.2,38.505585864229175,1.0,Tema Community 3 SSNIT Flat,tabular,ridge_ar_lag_fourier,h24,2026-01-04T23:00:00,2026-01-18T23:00:00,2026-02-15T23:00:00,,,42.0
2026-02-12 05:00:00,91.6,44.49800269779671,1.0,Tema Community 3 SSNIT Flat,tabular,ridge_ar_lag_fourier,h24,2026-01-04T23:00:00,2026-01-18T23:00:00,2026-02-15T23:00:00,,,42.0
2026-02-12 06:00:00,80.0,51.25770999075121,1.0,Tema Community 3 SSNIT Flat,tabular,ridge_ar_lag_fourier,h24,2026-01-04T23:00:00,2026-01-18T23:00:00,2026-02-15T23:00:00,,,42.0
2026-02-12 07:00:00,90.3,53.747792621252415,1.0,Tema Community 3 SSNIT Flat,tabular,ridge_ar_lag_fourier,h24,2026-01-04T23:00:00,2026-01-18T23:00:00,2026-02-15T23:00:00,,,42.0
2026-02-12 08:00:00,54.6,40.43898638733238,1.0,Tema Community 3 SSNIT Flat,tabular,ridge_ar_lag_fourier,h24,2026-01-04T23:00:00,2026-01-18T23:00:00,2026-02-15T23:00:00,,,42.0
2026-02-12 09:00:00,15.0,33.32998347908886,1.0,Tema Community 3 SSNIT Flat,tabular,ridge_ar_lag_fourier,h24,2026-01-04T23:00:00,2026-01-18T23:00:00,2026-02-15T23:00:00,,,42.0
2026-02-12 10:00:00,2.6,41.86631643467021,1.0,Tema Community 3 SSNIT Flat,tabular,ridge_ar_lag_fourier,h24,2026-01-04T23:00:00,2026-01-18T23:00:00,2026-02-15T23:00:00,,,42.0
2026-02-12 11:00:00,8.5,42.827248002114885,1.0,Tema Community 3 SSNIT Flat,tabular,ridge_ar_lag_fourier,h24,2026-01-04T23:00:00,2026-01-18T23:00:00,2026-02-15T23:00:00,,,42.0
2026-02-12 12:00:00,4.8,28.089785782695962,1.0,Tema Community 3 SSNIT Flat,tabular,ridge_ar_lag_fourier,h24,2026-01-04T23:00:00,2026-01-18T23:00:00,2026-02-15T23:00:00,,,42.0
2026-02-12 13:00:00,3.4,23.694356997466823,1.0,Tema Community 3 SSNIT Flat,tabular,ridge_ar_lag_fourier,h24,2026-01-04T23:00:00,2026-01-18T23:00:00,2026-02-15T23:00:00,,,42.0
2026-02-12 14:00:00,2.4,21.185025103901392,1.0,Tema Community 3 SSNIT Flat,tabular,ridge_ar_lag_fourier,h24,2026-01-04T23:00:00,2026-01-18T23:00:00,2026-02-15T23:00:00,,,42.0
2026-02-12 15:00:00,2.9,17.954790907015024,1.0,Tema Community 3 SSNIT Flat,tabular,ridge_ar_lag_fourier,h24,2026-01-04T23:00:00,2026-01-18T23:00:00,2026-02-15T23:00:00,,,42.0
2026-02-12 16:00:00,2.9,22.74810927392534,1.0,Tema Community 3 SSNIT Flat,tabular,ridge_ar_lag_fourier,h24,2026-01-04T23:00:00,2026-01-18T23:00:00,2026-02-15T23:00:00,,,42.0
2026-02-12 17:00:00,13.1,22.310761061515027,1.0,Tema Community 3 SSNIT Flat,tabular,ridge_ar_lag_fourier,h24,2026-01-04T23:00:00,2026-01-18T23:00:00,2026-02-15T23:00:00,,,42.0
2026-02-12 18:00:00,9.6,22.657371795104336,1.0,Tema Community 3 SSNIT Flat,tabular,ridge_ar_lag_fourier,h24,2026-01-04T23:00:00,2026-01-18T23:00:00,2026-02-15T23:00:00,,,42.0
2026-02-12 19:00:00,5.6,20.141727422366955,1.0,Tema Community 3 SSNIT Flat,tabular,ridge_ar_lag_fourier,h24,2026-01-04T23:00:00,2026-01-18T23:00:00,2026-02-15T23:00:00,,,42.0
2026-02-12 20:00:00,5.2,20.70115202355795,1.0,Tema Community 3 SSNIT Flat,tabular,ridge_ar_lag_fourier,h24,2026-01-04T23:00:00,2026-01-18T23:00:00,2026-02-15T23:00:00,,,42.0
2026-02-12 21:00:00,4.7,20.88896565432927,1.0,Tema Community 3 SSNIT Flat,tabular,ridge_ar_lag_fourier,h24,2026-01-04T23:00:00,2026-01-18T23:00:00,2026-02-15T23:00:00,,,42.0
2026-02-12 22:00:00,3.8,23.874374078013407,1.0,Tema Community 3 SSNIT Flat,tabular,ridge_ar_lag_fourier,h24,2026-01-04T23:00:00,2026-01-18T23:00:00,2026-02-15T23:00:00,,,42.0
2026-02-12 23:00:00,14.7,27.850420274254432,1.0,Tema Community 3 SSNIT Flat,tabular,ridge_ar_lag_fourier,h24,2026-01-04T23:00:00,2026-01-18T23:00:00,2026-02-15T23:00:00,,,42.0
2026-02-13 00:00:00,29.8,29.987423498779343,1.0,Tema Community 3 SSNIT Flat,tabular,ridge_ar_lag_fourier,h24,2026-01-04T23:00:00,2026-01-18T23:00:00,2026-02-15T23:00:00,,,42.0
2026-02-13 01:00:00,26.7,30.207362030493975,1.0,Tema Community 3 SSNIT Flat,tabular,ridge_ar_lag_fourier,h24,2026-01-04T23:00:00,2026-01-18T23:00:00,2026-02-15T23:00:00,,,42.0
2026-02-13 02:00:00,22.6,33.43877270757171,1.0,Tema Community 3 SSNIT Flat,tabular,ridge_ar_lag_fourier,h24,2026-01-04T23:00:00,2026-01-18T23:00:00,2026-02-15T23:00:00,,,42.0
2026-02-13 03:00:00,12.6,34.00667904211899,1.0,Tema Community 3 SSNIT Flat,tabular,ridge_ar_lag_fourier,h24,2026-01-04T23:00:00,2026-01-18T23:00:00,2026-02-15T23:00:00,,,42.0
2026-02-13 04:00:00,45.9,34.77042687667449,1.0,Tema Community 3 SSNIT Flat,tabular,ridge_ar_lag_fourier,h24,2026-01-04T23:00:00,2026-01-18T23:00:00,2026-02-15T23:00:00,,,42.0
2026-02-13 05:00:00,53.3,43.96638352525758,1.0,Tema Community 3 SSNIT Flat,tabular,ridge_ar_lag_fourier,h24,2026-01-04T23:00:00,2026-01-18T23:00:00,2026-02-15T23:00:00,,,42.0
2026-02-13 06:00:00,50.8,55.949667145505714,1.0,Tema Community 3 SSNIT Flat,tabular,ridge_ar_lag_fourier,h24,2026-01-04T23:00:00,2026-01-18T23:00:00,2026-02-15T23:00:00,,,42.0
2026-02-13 07:00:00,40.8,51.464607283941646,1.0,Tema Community 3 SSNIT Flat,tabular,ridge_ar_lag_fourier,h24,2026-01-04T23:00:00,2026-01-18T23:00:00,2026-02-15T23:00:00,,,42.0
2026-02-13 08:00:00,29.4,44.89416575600744,1.0,Tema Community 3 SSNIT Flat,tabular,ridge_ar_lag_fourier,h24,2026-01-04T23:00:00,2026-01-18T23:00:00,2026-02-15T23:00:00,,,42.0
2026-02-13 09:00:00,16.5,35.54137629428621,1.0,Tema Community 3 SSNIT Flat,tabular,ridge_ar_lag_fourier,h24,2026-01-04T23:00:00,2026-01-18T23:00:00,2026-02-15T23:00:00,,,42.0
2026-02-13 10:00:00,11.0,38.50688295879047,1.0,Tema Community 3 SSNIT Flat,tabular,ridge_ar_lag_fourier,h24,2026-01-04T23:00:00,2026-01-18T23:00:00,2026-02-15T23:00:00,,,42.0
2026-02-13 11:00:00,3.2,38.123570794629764,1.0,Tema Community 3 SSNIT Flat,tabular,ridge_ar_lag_fourier,h24,2026-01-04T23:00:00,2026-01-18T23:00:00,2026-02-15T23:00:00,,,42.0
2026-02-13 12:00:00,1.8,22.95329765993755,1.0,Tema Community 3 SSNIT Flat,tabular,ridge_ar_lag_fourier,h24,2026-01-04T23:00:00,2026-01-18T23:00:00,2026-02-15T23:00:00,,,42.0
2026-02-13 13:00:00,2.2,17.083519180714895,1.0,Tema Community 3 SSNIT Flat,tabular,ridge_ar_lag_fourier,h24,2026-01-04T23:00:00,2026-01-18T23:00:00,2026-02-15T23:00:00,,,42.0
2026-02-13 14:00:00,4.4,13.589504441375514,1.0,Tema Community 3 SSNIT Flat,tabular,ridge_ar_lag_fourier,h24,2026-01-04T23:00:00,2026-01-18T23:00:00,2026-02-15T23:00:00,,,42.0
2026-02-13 15:00:00,2.9,13.661690650636091,1.0,Tema Community 3 SSNIT Flat,tabular,ridge_ar_lag_fourier,h24,2026-01-04T23:00:00,2026-01-18T23:00:00,2026-02-15T23:00:00,,,42.0
2026-02-13 16:00:00,10.6,18.82825041888198,1.0,Tema Community 3 SSNIT Flat,tabular,ridge_ar_lag_fourier,h24,2026-01-04T23:00:00,2026-01-18T23:00:00,2026-02-15T23:00:00,,,42.0
2026-02-13 17:00:00,2.5,18.128944357348068,1.0,Tema Community 3 SSNIT Flat,tabular,ridge_ar_lag_fourier,h24,2026-01-04T23:00:00,2026-01-18T23:00:00,2026-02-15T23:00:00,,,42.0
2026-02-13 18:00:00,3.7,19.917191257395316,1.0,Tema Community 3 SSNIT Flat,tabular,ridge_ar_lag_fourier,h24,2026-01-04T23:00:00,2026-01-18T23:00:00,2026-02-15T23:00:00,,,42.0
2026-02-13 19:00:00,5.0,17.20198632856448,1.0,Tema Community 3 SSNIT Flat,tabular,ridge_ar_lag_fourier,h24,2026-01-04T23:00:00,2026-01-18T23:00:00,2026-02-15T23:00:00,,,42.0
2026-02-13 20:00:00,6.0,16.564531482557296,1.0,Tema Community 3 SSNIT Flat,tabular,ridge_ar_lag_fourier,h24,2026-01-04T23:00:00,2026-01-18T23:00:00,2026-02-15T23:00:00,,,42.0
2026-02-13 21:00:00,4.9,19.473679038227285,1.0,Tema Community 3 SSNIT Flat,tabular,ridge_ar_lag_fourier,h24,2026-01-04T23:00:00,2026-01-18T23:00:00,2026-02-15T23:00:00,,,42.0
2026-02-13 22:00:00,4.6,20.82878843890374,1.0,Tema Community 3 SSNIT Flat,tabular,ridge_ar_lag_fourier,h24,2026-01-04T23:00:00,2026-01-18T23:00:00,2026-02-15T23:00:00,,,42.0
2026-02-13 23:00:00,4.5,20.312143436240504,1.0,Tema Community 3 SSNIT Flat,tabular,ridge_ar_lag_fourier,h24,2026-01-04T23:00:00,2026-01-18T23:00:00,2026-02-15T23:00:00,,,42.0
2026-02-14 00:00:00,5.9,27.33018641230897,1.0,Tema Community 3 SSNIT Flat,tabular,ridge_ar_lag_fourier,h24,2026-01-04T23:00:00,2026-01-18T23:00:00,2026-02-15T23:00:00,,,42.0
2026-02-14 01:00:00,5.6,30.728499371644443,1.0,Tema Community 3 SSNIT Flat,tabular,ridge_ar_lag_fourier,h24,2026-01-04T23:00:00,2026-01-18T23:00:00,2026-02-15T23:00:00,,,42.0
2026-02-14 02:00:00,11.1,32.26120816974834,1.0,Tema Community 3 SSNIT Flat,tabular,ridge_ar_lag_fourier,h24,2026-01-04T23:00:00,2026-01-18T23:00:00,2026-02-15T23:00:00,,,42.0
2026-02-14 03:00:00,13.2,32.937209436099124,1.0,Tema Community 3 SSNIT Flat,tabular,ridge_ar_lag_fourier,h24,2026-01-04T23:00:00,2026-01-18T23:00:00,2026-02-15T23:00:00,,,42.0
2026-02-14 04:00:00,22.1,34.04043143916403,1.0,Tema Community 3 SSNIT Flat,tabular,ridge_ar_lag_fourier,h24,2026-01-04T23:00:00,2026-01-18T23:00:00,2026-02-15T23:00:00,,,42.0
2026-02-14 05:00:00,29.7,44.97022189735646,1.0,Tema Community 3 SSNIT Flat,tabular,ridge_ar_lag_fourier,h24,2026-01-04T23:00:00,2026-01-18T23:00:00,2026-02-15T23:00:00,,,42.0
2026-02-14 06:00:00,32.3,55.48943896818709,1.0,Tema Community 3 SSNIT Flat,tabular,ridge_ar_lag_fourier,h24,2026-01-04T23:00:00,2026-01-18T23:00:00,2026-02-15T23:00:00,,,42.0
2026-02-14 07:00:00,35.15,52.096628503278836,1.0,Tema Community 3 SSNIT Flat,tabular,ridge_ar_lag_fourier,h24,2026-01-04T23:00:00,2026-01-18T23:00:00,2026-02-15T23:00:00,,,42.0
2026-02-14 08:00:00,38.0,39.86469322974915,1.0,Tema Community 3 SSNIT Flat,tabular,ridge_ar_lag_fourier,h24,2026-01-04T23:00:00,2026-01-18T23:00:00,2026-02-15T23:00:00,,,42.0
2026-02-14 09:00:00,34.3,32.234568875330766,1.0,Tema Community 3 SSNIT Flat,tabular,ridge_ar_lag_fourier,h24,2026-01-04T23:00:00,2026-01-18T23:00:00,2026-02-15T23:00:00,,,42.0
2026-02-14 10:00:00,27.8,35.6046994980082,1.0,Tema Community 3 SSNIT Flat,tabular,ridge_ar_lag_fourier,h24,2026-01-04T23:00:00,2026-01-18T23:00:00,2026-02-15T23:00:00,,,42.0
2026-02-14 11:00:00,20.5,36.40955018956679,1.0,Tema Community 3 SSNIT Flat,tabular,ridge_ar_lag_fourier,h24,2026-01-04T23:00:00,2026-01-18T23:00:00,2026-02-15T23:00:00,,,42.0
2026-02-14 12:00:00,20.0,21.1262952956478,1.0,Tema Community 3 SSNIT Flat,tabular,ridge_ar_lag_fourier,h24,2026-01-04T23:00:00,2026-01-18T23:00:00,2026-02-15T23:00:00,,,42.0
2026-02-14 13:00:00,19.8,14.987273175745052,1.0,Tema Community 3 SSNIT Flat,tabular,ridge_ar_lag_fourier,h24,2026-01-04T23:00:00,2026-01-18T23:00:00,2026-02-15T23:00:00,,,42.0
2026-02-14 14:00:00,21.5,12.06783341664136,1.0,Tema Community 3 SSNIT Flat,tabular,ridge_ar_lag_fourier,h24,2026-01-04T23:00:00,2026-01-18T23:00:00,2026-02-15T23:00:00,,,42.0
2026-02-14 15:00:00,23.4,12.926439075896779,1.0,Tema Community 3 SSNIT Flat,tabular,ridge_ar_lag_fourier,h24,2026-01-04T23:00:00,2026-01-18T23:00:00,2026-02-15T23:00:00,,,42.0
2026-02-14 16:00:00,30.9,20.05984540685632,1.0,Tema Community 3 SSNIT Flat,tabular,ridge_ar_lag_fourier,h24,2026-01-04T23:00:00,2026-01-18T23:00:00,2026-02-15T23:00:00,,,42.0
2026-02-14 17:00:00,36.7,19.666770053962452,1.0,Tema Community 3 SSNIT Flat,tabular,ridge_ar_lag_fourier,h24,2026-01-04T23:00:00,2026-01-18T23:00:00,2026-02-15T23:00:00,,,42.0
2026-02-14 18:00:00,47.8,21.44809008190579,1.0,Tema Community 3 SSNIT Flat,tabular,ridge_ar_lag_fourier,h24,2026-01-04T23:00:00,2026-01-18T23:00:00,2026-02-15T23:00:00,,,42.0
2026-02-14 19:00:00,51.3,19.12042573009603,1.0,Tema Community 3 SSNIT Flat,tabular,ridge_ar_lag_fourier,h24,2026-01-04T23:00:00,2026-01-18T23:00:00,2026-02-15T23:00:00,,,42.0
2026-02-14 20:00:00,56.3,18.484965141499792,1.0,Tema Community 3 SSNIT Flat,tabular,ridge_ar_lag_fourier,h24,2026-01-04T23:00:00,2026-01-18T23:00:00,2026-02-15T23:00:00,,,42.0
2026-02-14 21:00:00,60.5,19.139812213489808,1.0,Tema Community 3 SSNIT Flat,tabular,ridge_ar_lag_fourier,h24,2026-01-04T23:00:00,2026-01-18T23:00:00,2026-02-15T23:00:00,,,42.0
2026-02-14 22:00:00,56.6,22.249869307530833,1.0,Tema Community 3 SSNIT Flat,tabular,ridge_ar_lag_fourier,h24,2026-01-04T23:00:00,2026-01-18T23:00:00,2026-02-15T23:00:00,,,42.0
2026-02-14 23:00:00,53.7,21.57140641161506,1.0,Tema Community 3 SSNIT Flat,tabular,ridge_ar_lag_fourier,h24,2026-01-04T23:00:00,2026-01-18T23:00:00,2026-02-15T23:00:00,,,42.0
2026-02-15 00:00:00,33.9,28.690975030645447,1.0,Tema Community 3 SSNIT Flat,tabular,ridge_ar_lag_fourier,h24,2026-01-04T23:00:00,2026-01-18T23:00:00,2026-02-15T23:00:00,,,42.0
2026-02-15 01:00:00,32.5,29.522742289469164,1.0,Tema Community 3 SSNIT Flat,tabular,ridge_ar_lag_fourier,h24,2026-01-04T23:00:00,2026-01-18T23:00:00,2026-02-15T23:00:00,,,42.0
2026-02-15 02:00:00,32.2,29.572413518686098,1.0,Tema Community 3 SSNIT Flat,tabular,ridge_ar_lag_fourier,h24,2026-01-04T23:00:00,2026-01-18T23:00:00,2026-02-15T23:00:00,,,42.0
2026-02-15 03:00:00,32.0,35.056850409014956,1.0,Tema Community 3 SSNIT Flat,tabular,ridge_ar_lag_fourier,h24,2026-01-04T23:00:00,2026-01-18T23:00:00,2026-02-15T23:00:00,,,42.0
2026-02-15 04:00:00,40.6,41.38409721970356,1.0,Tema Community 3 SSNIT Flat,tabular,ridge_ar_lag_fourier,h24,2026-01-04T23:00:00,2026-01-18T23:00:00,2026-02-15T23:00:00,,,42.0
2026-02-15 05:00:00,41.0,45.44937824949905,1.0,Tema Community 3 SSNIT Flat,tabular,ridge_ar_lag_fourier,h24,2026-01-04T23:00:00,2026-01-18T23:00:00,2026-02-15T23:00:00,,,42.0
2026-02-15 06:00:00,50.2,56.269819937093175,1.0,Tema Community 3 SSNIT Flat,tabular,ridge_ar_lag_fourier,h24,2026-01-04T23:00:00,2026-01-18T23:00:00,2026-02-15T23:00:00,,,42.0
2026-02-15 07:00:00,43.8,55.19147196340387,1.0,Tema Community 3 SSNIT Flat,tabular,ridge_ar_lag_fourier,h24,2026-01-04T23:00:00,2026-01-18T23:00:00,2026-02-15T23:00:00,,,42.0
2026-02-15 08:00:00,224.1,40.05559103073807,1.0,Tema Community 3 SSNIT Flat,tabular,ridge_ar_lag_fourier,h24,2026-01-04T23:00:00,2026-01-18T23:00:00,2026-02-15T23:00:00,,,42.0
2026-02-15 09:00:00,70.1,33.16687208876824,1.0,Tema Community 3 SSNIT Flat,tabular,ridge_ar_lag_fourier,h24,2026-01-04T23:00:00,2026-01-18T23:00:00,2026-02-15T23:00:00,,,42.0
2026-02-15 10:00:00,37.3,42.09509055807928,1.0,Tema Community 3 SSNIT Flat,tabular,ridge_ar_lag_fourier,h24,2026-01-04T23:00:00,2026-01-18T23:00:00,2026-02-15T23:00:00,,,42.0
2026-02-15 11:00:00,22.2,43.486937279243094,1.0,Tema Community 3 SSNIT Flat,tabular,ridge_ar_lag_fourier,h24,2026-01-04T23:00:00,2026-01-18T23:00:00,2026-02-15T23:00:00,,,42.0
2026-02-15 12:00:00,9.6,25.002784290984554,1.0,Tema Community 3 SSNIT Flat,tabular,ridge_ar_lag_fourier,h24,2026-01-04T23:00:00,2026-01-18T23:00:00,2026-02-15T23:00:00,,,42.0
2026-02-15 13:00:00,6.0,20.328277719364106,1.0,Tema Community 3 SSNIT Flat,tabular,ridge_ar_lag_fourier,h24,2026-01-04T23:00:00,2026-01-18T23:00:00,2026-02-15T23:00:00,,,42.0
2026-02-15 14:00:00,3.2,17.333787240945703,1.0,Tema Community 3 SSNIT Flat,tabular,ridge_ar_lag_fourier,h24,2026-01-04T23:00:00,2026-01-18T23:00:00,2026-02-15T23:00:00,,,42.0
2026-02-15 15:00:00,2.5,17.340554575355508,1.0,Tema Community 3 SSNIT Flat,tabular,ridge_ar_lag_fourier,h24,2026-01-04T23:00:00,2026-01-18T23:00:00,2026-02-15T23:00:00,,,42.0
2026-02-15 16:00:00,2.8,22.45766204130438,1.0,Tema Community 3 SSNIT Flat,tabular,ridge_ar_lag_fourier,h24,2026-01-04T23:00:00,2026-01-18T23:00:00,2026-02-15T23:00:00,,,42.0
2026-02-15 17:00:00,3.4,22.16315284640819,1.0,Tema Community 3 SSNIT Flat,tabular,ridge_ar_lag_fourier,h24,2026-01-04T23:00:00,2026-01-18T23:00:00,2026-02-15T23:00:00,,,42.0
2026-02-15 18:00:00,3.6,24.62506021459985,1.0,Tema Community 3 SSNIT Flat,tabular,ridge_ar_lag_fourier,h24,2026-01-04T23:00:00,2026-01-18T23:00:00,2026-02-15T23:00:00,,,42.0
2026-02-15 19:00:00,3.6,23.684051665249935,1.0,Tema Community 3 SSNIT Flat,tabular,ridge_ar_lag_fourier,h24,2026-01-04T23:00:00,2026-01-18T23:00:00,2026-02-15T23:00:00,,,42.0
2026-02-15 20:00:00,3.7,23.43356744550361,1.0,Tema Community 3 SSNIT Flat,tabular,ridge_ar_lag_fourier,h24,2026-01-04T23:00:00,2026-01-18T23:00:00,2026-02-15T23:00:00,,,42.0
2026-02-15 21:00:00,2.4,24.995601015160947,1.0,Tema Community 3 SSNIT Flat,tabular,ridge_ar_lag_fourier,h24,2026-01-04T23:00:00,2026-01-18T23:00:00,2026-02-15T23:00:00,,,42.0
2026-02-15 22:00:00,1.3,28.302399355353955,1.0,Tema Community 3 SSNIT Flat,tabular,ridge_ar_lag_fourier,h24,2026-01-04T23:00:00,2026-01-18T23:00:00,2026-02-15T23:00:00,,,42.0
2026-02-15 23:00:00,1.1,25.714927020924392,1.0,Tema Community 3 SSNIT Flat,tabular,ridge_ar_lag_fourier,h24,2026-01-04T23:00:00,2026-01-18T23:00:00,2026-02-15T23:00:00,,,42.0
2026-01-18 23:00:00,50.8,36.46285698788769,1.0,"Tema Community 7, Royal School",tabular,ridge_ar_lag_fourier,h24,2026-01-04T23:00:00,2026-01-18T23:00:00,2026-02-15T23:00:00,,,42.0
2026-01-19 00:00:00,85.6,37.75789634214278,1.0,"Tema Community 7, Royal School",tabular,ridge_ar_lag_fourier,h24,2026-01-04T23:00:00,2026-01-18T23:00:00,2026-02-15T23:00:00,,,42.0
2026-01-19 01:00:00,67.5,37.49427428305832,1.0,"Tema Community 7, Royal School",tabular,ridge_ar_lag_fourier,h24,2026-01-04T23:00:00,2026-01-18T23:00:00,2026-02-15T23:00:00,,,42.0
2026-01-19 02:00:00,49.1,36.65336809806481,1.0,"Tema Community 7, Royal School",tabular,ridge_ar_lag_fourier,h24,2026-01-04T23:00:00,2026-01-18T23:00:00,2026-02-15T23:00:00,,,42.0
2026-01-19 03:00:00,58.0,39.86779421829856,1.0,"Tema Community 7, Royal School",tabular,ridge_ar_lag_fourier,h24,2026-01-04T23:00:00,2026-01-18T23:00:00,2026-02-15T23:00:00,,,42.0
2026-01-19 04:00:00,51.8,43.196095530707375,1.0,"Tema Community 7, Royal School",tabular,ridge_ar_lag_fourier,h24,2026-01-04T23:00:00,2026-01-18T23:00:00,2026-02-15T23:00:00,,,42.0
2026-01-19 05:00:00,56.75,48.344524155757945,1.0,"Tema Community 7, Royal School",tabular,ridge_ar_lag_fourier,h24,2026-01-04T23:00:00,2026-01-18T23:00:00,2026-02-15T23:00:00,,,42.0
2026-01-19 06:00:00,61.7,51.45698958335408,1.0,"Tema Community 7, Royal School",tabular,ridge_ar_lag_fourier,h24,2026-01-04T23:00:00,2026-01-18T23:00:00,2026-02-15T23:00:00,,,42.0
2026-01-19 07:00:00,69.6,44.231102359815125,1.0,"Tema Community 7, Royal School",tabular,ridge_ar_lag_fourier,h24,2026-01-04T23:00:00,2026-01-18T23:00:00,2026-02-15T23:00:00,,,42.0
2026-01-19 08:00:00,52.7,38.01320391833863,1.0,"Tema Community 7, Royal School",tabular,ridge_ar_lag_fourier,h24,2026-01-04T23:00:00,2026-01-18T23:00:00,2026-02-15T23:00:00,,,42.0
2026-01-19 09:00:00,45.9,36.32955418357666,1.0,"Tema Community 7, Royal School",tabular,ridge_ar_lag_fourier,h24,2026-01-04T23:00:00,2026-01-18T23:00:00,2026-02-15T23:00:00,,,42.0
2026-01-19 10:00:00,42.7,35.351296775586235,1.0,"Tema Community 7, Royal School",tabular,ridge_ar_lag_fourier,h24,2026-01-04T23:00:00,2026-01-18T23:00:00,2026-02-15T23:00:00,,,42.0
2026-01-19 11:00:00,36.2,33.57986427702497,1.0,"Tema Community 7, Royal School",tabular,ridge_ar_lag_fourier,h24,2026-01-04T23:00:00,2026-01-18T23:00:00,2026-02-15T23:00:00,,,42.0
2026-01-19 12:00:00,34.0,28.886506754578143,1.0,"Tema Community 7, Royal School",tabular,ridge_ar_lag_fourier,h24,2026-01-04T23:00:00,2026-01-18T23:00:00,2026-02-15T23:00:00,,,42.0
2026-01-19 13:00:00,34.1,26.325806523575093,1.0,"Tema Community 7, Royal School",tabular,ridge_ar_lag_fourier,h24,2026-01-04T23:00:00,2026-01-18T23:00:00,2026-02-15T23:00:00,,,42.0
2026-01-19 14:00:00,36.9,26.32238892213653,1.0,"Tema Community 7, Royal School",tabular,ridge_ar_lag_fourier,h24,2026-01-04T23:00:00,2026-01-18T23:00:00,2026-02-15T23:00:00,,,42.0
2026-01-19 15:00:00,39.4,27.474745551879504,1.0,"Tema Community 7, Royal School",tabular,ridge_ar_lag_fourier,h24,2026-01-04T23:00:00,2026-01-18T23:00:00,2026-02-15T23:00:00,,,42.0
2026-01-19 16:00:00,38.0,26.373450286098876,1.0,"Tema Community 7, Royal School",tabular,ridge_ar_lag_fourier,h24,2026-01-04T23:00:00,2026-01-18T23:00:00,2026-02-15T23:00:00,,,42.0
2026-01-19 17:00:00,41.8,27.73464817775289,1.0,"Tema Community 7, Royal School",tabular,ridge_ar_lag_fourier,h24,2026-01-04T23:00:00,2026-01-18T23:00:00,2026-02-15T23:00:00,,,42.0
2026-01-19 18:00:00,38.8,29.34799776580812,1.0,"Tema Community 7, Royal School",tabular,ridge_ar_lag_fourier,h24,2026-01-04T23:00:00,2026-01-18T23:00:00,2026-02-15T23:00:00,,,42.0
2026-01-19 19:00:00,39.5,30.9120433223295,1.0,"Tema Community 7, Royal School",tabular,ridge_ar_lag_fourier,h24,2026-01-04T23:00:00,2026-01-18T23:00:00,2026-02-15T23:00:00,,,42.0
2026-01-19 20:00:00,36.1,31.414416620553013,1.0,"Tema Community 7, Royal School",tabular,ridge_ar_lag_fourier,h24,2026-01-04T23:00:00,2026-01-18T23:00:00,2026-02-15T23:00:00,,,42.0
2026-01-19 21:00:00,33.2,31.334414970185243,1.0,"Tema Community 7, Royal School",tabular,ridge_ar_lag_fourier,h24,2026-01-04T23:00:00,2026-01-18T23:00:00,2026-02-15T23:00:00,,,42.0
2026-01-19 22:00:00,34.1,35.03827201693031,1.0,"Tema Community 7, Royal School",tabular,ridge_ar_lag_fourier,h24,2026-01-04T23:00:00,2026-01-18T23:00:00,2026-02-15T23:00:00,,,42.0
2026-01-19 23:00:00,33.8,36.433616273292614,1.0,"Tema Community 7, Royal School",tabular,ridge_ar_lag_fourier,h24,2026-01-04T23:00:00,2026-01-18T23:00:00,2026-02-15T23:00:00,,,42.0
2026-01-20 00:00:00,37.2,38.60699917033914,1.0,"Tema Community 7, Royal School",tabular,ridge_ar_lag_fourier,h24,2026-01-04T23:00:00,2026-01-18T23:00:00,2026-02-15T23:00:00,,,42.0
2026-01-20 01:00:00,34.7,42.78280778335747,1.0,"Tema Community 7, Royal School",tabular,ridge_ar_lag_fourier,h24,2026-01-04T23:00:00,2026-01-18T23:00:00,2026-02-15T23:00:00,,,42.0
2026-01-20 02:00:00,32.0,41.962391756330035,1.0,"Tema Community 7, Royal School",tabular,ridge_ar_lag_fourier,h24,2026-01-04T23:00:00,2026-01-18T23:00:00,2026-02-15T23:00:00,,,42.0
2026-01-20 03:00:00,37.3,41.01561866235441,1.0,"Tema Community 7, Royal School",tabular,ridge_ar_lag_fourier,h24,2026-01-04T23:00:00,2026-01-18T23:00:00,2026-02-15T23:00:00,,,42.0
2026-01-20 04:00:00,38.3,43.53326933474686,1.0,"Tema Community 7, Royal School",tabular,ridge_ar_lag_fourier,h24,2026-01-04T23:00:00,2026-01-18T23:00:00,2026-02-15T23:00:00,,,42.0
2026-01-20 05:00:00,39.1,45.69448241978369,1.0,"Tema Community 7, Royal School",tabular,ridge_ar_lag_fourier,h24,2026-01-04T23:00:00,2026-01-18T23:00:00,2026-02-15T23:00:00,,,42.0
2026-01-20 06:00:00,48.9,50.60936225962542,1.0,"Tema Community 7, Royal School",tabular,ridge_ar_lag_fourier,h24,2026-01-04T23:00:00,2026-01-18T23:00:00,2026-02-15T23:00:00,,,42.0
2026-01-20 07:00:00,44.1,46.31056255921339,1.0,"Tema Community 7, Royal School",tabular,ridge_ar_lag_fourier,h24,2026-01-04T23:00:00,2026-01-18T23:00:00,2026-02-15T23:00:00,,,42.0
2026-01-20 08:00:00,39.0,40.323534259645044,1.0,"Tema Community 7, Royal School",tabular,ridge_ar_lag_fourier,h24,2026-01-04T23:00:00,2026-01-18T23:00:00,2026-02-15T23:00:00,,,42.0
2026-01-20 09:00:00,40.6,36.87494598313769,1.0,"Tema Community 7, Royal School",tabular,ridge_ar_lag_fourier,h24,2026-01-04T23:00:00,2026-01-18T23:00:00,2026-02-15T23:00:00,,,42.0
2026-01-20 10:00:00,37.6,34.12397588617428,1.0,"Tema Community 7, Royal School",tabular,ridge_ar_lag_fourier,h24,2026-01-04T23:00:00,2026-01-18T23:00:00,2026-02-15T23:00:00,,,42.0
2026-01-20 11:00:00,35.9,31.35043480021971,1.0,"Tema Community 7, Royal School",tabular,ridge_ar_lag_fourier,h24,2026-01-04T23:00:00,2026-01-18T23:00:00,2026-02-15T23:00:00,,,42.0
2026-01-20 12:00:00,37.9,27.777369900853664,1.0,"Tema Community 7, Royal School",tabular,ridge_ar_lag_fourier,h24,2026-01-04T23:00:00,2026-01-18T23:00:00,2026-02-15T23:00:00,,,42.0
2026-01-20 13:00:00,34.8,24.879708732922555,1.0,"Tema Community 7, Royal School",tabular,ridge_ar_lag_fourier,h24,2026-01-04T23:00:00,2026-01-18T23:00:00,2026-02-15T23:00:00,,,42.0
2026-01-20 14:00:00,36.1,25.36982701924422,1.0,"Tema Community 7, Royal School",tabular,ridge_ar_lag_fourier,h24,2026-01-04T23:00:00,2026-01-18T23:00:00,2026-02-15T23:00:00,,,42.0
2026-01-20 15:00:00,34.6,28.255639515785195,1.0,"Tema Community 7, Royal School",tabular,ridge_ar_lag_fourier,h24,2026-01-04T23:00:00,2026-01-18T23:00:00,2026-02-15T23:00:00,,,42.0
2026-01-20 16:00:00,35.1,27.647437705076232,1.0,"Tema Community 7, Royal School",tabular,ridge_ar_lag_fourier,h24,2026-01-04T23:00:00,2026-01-18T23:00:00,2026-02-15T23:00:00,,,42.0
2026-01-20 17:00:00,41.1,28.079133566432766,1.0,"Tema Community 7, Royal School",tabular,ridge_ar_lag_fourier,h24,2026-01-04T23:00:00,2026-01-18T23:00:00,2026-02-15T23:00:00,,,42.0
2026-01-20 18:00:00,45.3,30.49966185391632,1.0,"Tema Community 7, Royal School",tabular,ridge_ar_lag_fourier,h24,2026-01-04T23:00:00,2026-01-18T23:00:00,2026-02-15T23:00:00,,,42.0
2026-01-20 19:00:00,56.2,34.031785564239776,1.0,"Tema Community 7, Royal School",tabular,ridge_ar_lag_fourier,h24,2026-01-04T23:00:00,2026-01-18T23:00:00,2026-02-15T23:00:00,,,42.0
2026-01-20 20:00:00,46.8,36.73172354440733,1.0,"Tema Community 7, Royal School",tabular,ridge_ar_lag_fourier,h24,2026-01-04T23:00:00,2026-01-18T23:00:00,2026-02-15T23:00:00,,,42.0
2026-01-20 21:00:00,42.3,32.160148652071136,1.0,"Tema Community 7, Royal School",tabular,ridge_ar_lag_fourier,h24,2026-01-04T23:00:00,2026-01-18T23:00:00,2026-02-15T23:00:00,,,42.0
2026-01-20 22:00:00,21.5,34.56847203319895,1.0,"Tema Community 7, Royal School",tabular,ridge_ar_lag_fourier,h24,2026-01-04T23:00:00,2026-01-18T23:00:00,2026-02-15T23:00:00,,,42.0
2026-01-20 23:00:00,12.0,37.901643725528615,1.0,"Tema Community 7, Royal School",tabular,ridge_ar_lag_fourier,h24,2026-01-04T23:00:00,2026-01-18T23:00:00,2026-02-15T23:00:00,,,42.0
2026-01-21 00:00:00,14.8,40.73255367870414,1.0,"Tema Community 7, Royal School",tabular,ridge_ar_lag_fourier,h24,2026-01-04T23:00:00,2026-01-18T23:00:00,2026-02-15T23:00:00,,,42.0
2026-01-21 01:00:00,23.7,39.40880593445968,1.0,"Tema Community 7, Royal School",tabular,ridge_ar_lag_fourier,h24,2026-01-04T23:00:00,2026-01-18T23:00:00,2026-02-15T23:00:00,,,42.0
2026-01-21 02:00:00,18.1,36.83967167072238,1.0,"Tema Community 7, Royal School",tabular,ridge_ar_lag_fourier,h24,2026-01-04T23:00:00,2026-01-18T23:00:00,2026-02-15T23:00:00,,,42.0
2026-01-21 03:00:00,23.1,38.50481858799829,1.0,"Tema Community 7, Royal School",tabular,ridge_ar_lag_fourier,h24,2026-01-04T23:00:00,2026-01-18T23:00:00,2026-02-15T23:00:00,,,42.0
2026-01-21 04:00:00,163.8,40.53824807507394,1.0,"Tema Community 7, Royal School",tabular,ridge_ar_lag_fourier,h24,2026-01-04T23:00:00,2026-01-18T23:00:00,2026-02-15T23:00:00,,,42.0
2026-01-21 05:00:00,190.1,43.92661658574434,1.0,"Tema Community 7, Royal School",tabular,ridge_ar_lag_fourier,h24,2026-01-04T23:00:00,2026-01-18T23:00:00,2026-02-15T23:00:00,,,42.0
2026-01-21 06:00:00,89.7,49.021368964515105,1.0,"Tema Community 7, Royal School",tabular,ridge_ar_lag_fourier,h24,2026-01-04T23:00:00,2026-01-18T23:00:00,2026-02-15T23:00:00,,,42.0
2026-01-21 07:00:00,61.8,43.845405140642875,1.0,"Tema Community 7, Royal School",tabular,ridge_ar_lag_fourier,h24,2026-01-04T23:00:00,2026-01-18T23:00:00,2026-02-15T23:00:00,,,42.0
2026-01-21 08:00:00,46.2,37.2175594985944,1.0,"Tema Community 7, Royal School",tabular,ridge_ar_lag_fourier,h24,2026-01-04T23:00:00,2026-01-18T23:00:00,2026-02-15T23:00:00,,,42.0
2026-01-21 09:00:00,31.8,34.66488292413574,1.0,"Tema Community 7, Royal School",tabular,ridge_ar_lag_fourier,h24,2026-01-04T23:00:00,2026-01-18T23:00:00,2026-02-15T23:00:00,,,42.0
2026-01-21 10:00:00,30.3,33.498548526347406,1.0,"Tema Community 7, Royal School",tabular,ridge_ar_lag_fourier,h24,2026-01-04T23:00:00,2026-01-18T23:00:00,2026-02-15T23:00:00,,,42.0
2026-01-21 11:00:00,34.2,31.447862975816435,1.0,"Tema Community 7, Royal School",tabular,ridge_ar_lag_fourier,h24,2026-01-04T23:00:00,2026-01-18T23:00:00,2026-02-15T23:00:00,,,42.0
2026-01-21 12:00:00,42.8,28.292575854042322,1.0,"Tema Community 7, Royal School",tabular,ridge_ar_lag_fourier,h24,2026-01-04T23:00:00,2026-01-18T23:00:00,2026-02-15T23:00:00,,,42.0
2026-01-21 13:00:00,31.2,26.944681430702143,1.0,"Tema Community 7, Royal School",tabular,ridge_ar_lag_fourier,h24,2026-01-04T23:00:00,2026-01-18T23:00:00,2026-02-15T23:00:00,,,42.0
2026-01-21 14:00:00,31.7,27.35284651757508,1.0,"Tema Community 7, Royal School",tabular,ridge_ar_lag_fourier,h24,2026-01-04T23:00:00,2026-01-18T23:00:00,2026-02-15T23:00:00,,,42.0
2026-01-21 15:00:00,30.3,29.244881277349158,1.0,"Tema Community 7, Royal School",tabular,ridge_ar_lag_fourier,h24,2026-01-04T23:00:00,2026-01-18T23:00:00,2026-02-15T23:00:00,,,42.0
2026-01-21 16:00:00,29.8,27.729806279546832,1.0,"Tema Community 7, Royal School",tabular,ridge_ar_lag_fourier,h24,2026-01-04T23:00:00,2026-01-18T23:00:00,2026-02-15T23:00:00,,,42.0
2026-01-21 17:00:00,32.6,29.308041808820654,1.0,"Tema Community 7, Royal School",tabular,ridge_ar_lag_fourier,h24,2026-01-04T23:00:00,2026-01-18T23:00:00,2026-02-15T23:00:00,,,42.0
2026-01-21 18:00:00,35.0,31.422739977206987,1.0,"Tema Community 7, Royal School",tabular,ridge_ar_lag_fourier,h24,2026-01-04T23:00:00,2026-01-18T23:00:00,2026-02-15T23:00:00,,,42.0
2026-01-21 19:00:00,34.4,32.012257227666396,1.0,"Tema Community 7, Royal School",tabular,ridge_ar_lag_fourier,h24,2026-01-04T23:00:00,2026-01-18T23:00:00,2026-02-15T23:00:00,,,42.0
2026-01-21 20:00:00,34.5,33.89709401305785,1.0,"Tema Community 7, Royal School",tabular,ridge_ar_lag_fourier,h24,2026-01-04T23:00:00,2026-01-18T23:00:00,2026-02-15T23:00:00,,,42.0
2026-01-21 21:00:00,35.8,32.71903838287231,1.0,"Tema Community 7, Royal School",tabular,ridge_ar_lag_fourier,h24,2026-01-04T23:00:00,2026-01-18T23:00:00,2026-02-15T23:00:00,,,42.0
2026-01-21 22:00:00,33.7,33.504301074477986,1.0,"Tema Community 7, Royal School",tabular,ridge_ar_lag_fourier,h24,2026-01-04T23:00:00,2026-01-18T23:00:00,2026-02-15T23:00:00,,,42.0
2026-01-21 23:00:00,33.3,31.882399236530613,1.0,"Tema Community 7, Royal School",tabular,ridge_ar_lag_fourier,h24,2026-01-04T23:00:00,2026-01-18T23:00:00,2026-02-15T23:00:00,,,42.0
2026-01-22 00:00:00,32.6,36.37234214753434,1.0,"Tema Community 7, Royal School",tabular,ridge_ar_lag_fourier,h24,2026-01-04T23:00:00,2026-01-18T23:00:00,2026-02-15T23:00:00,,,42.0
2026-01-22 01:00:00,31.1,32.98838541869857,1.0,"Tema Community 7, Royal School",tabular,ridge_ar_lag_fourier,h24,2026-01-04T23:00:00,2026-01-18T23:00:00,2026-02-15T23:00:00,,,42.0
2026-01-22 02:00:00,31.5,34.18500986377054,1.0,"Tema Community 7, Royal School",tabular,ridge_ar_lag_fourier,h24,2026-01-04T23:00:00,2026-01-18T23:00:00,2026-02-15T23:00:00,,,42.0
2026-01-22 03:00:00,30.7,34.513085700235465,1.0,"Tema Community 7, Royal School",tabular,ridge_ar_lag_fourier,h24,2026-01-04T23:00:00,2026-01-18T23:00:00,2026-02-15T23:00:00,,,42.0
2026-01-22 04:00:00,34.2,37.16604946656192,1.0,"Tema Community 7, Royal School",tabular,ridge_ar_lag_fourier,h24,2026-01-04T23:00:00,2026-01-18T23:00:00,2026-02-15T23:00:00,,,42.0
2026-01-22 05:00:00,41.8,57.2647467835709,1.0,"Tema Community 7, Royal School",tabular,ridge_ar_lag_fourier,h24,2026-01-04T23:00:00,2026-01-18T23:00:00,2026-02-15T23:00:00,,,42.0
2026-01-22 06:00:00,44.9,67.32790043766401,1.0,"Tema Community 7, Royal School",tabular,ridge_ar_lag_fourier,h24,2026-01-04T23:00:00,2026-01-18T23:00:00,2026-02-15T23:00:00,,,42.0
2026-01-22 07:00:00,47.1,50.60169707031085,1.0,"Tema Community 7, Royal School",tabular,ridge_ar_lag_fourier,h24,2026-01-04T23:00:00,2026-01-18T23:00:00,2026-02-15T23:00:00,,,42.0
2026-01-22 08:00:00,38.4,39.98722100965672,1.0,"Tema Community 7, Royal School",tabular,ridge_ar_lag_fourier,h24,2026-01-04T23:00:00,2026-01-18T23:00:00,2026-02-15T23:00:00,,,42.0
2026-01-22 09:00:00,35.8,36.68768837794457,1.0,"Tema Community 7, Royal School",tabular,ridge_ar_lag_fourier,h24,2026-01-04T23:00:00,2026-01-18T23:00:00,2026-02-15T23:00:00,,,42.0
2026-01-22 10:00:00,39.0,32.54493019569114,1.0,"Tema Community 7, Royal School",tabular,ridge_ar_lag_fourier,h24,2026-01-04T23:00:00,2026-01-18T23:00:00,2026-02-15T23:00:00,,,42.0
2026-01-22 11:00:00,44.5,28.676653705062286,1.0,"Tema Community 7, Royal School",tabular,ridge_ar_lag_fourier,h24,2026-01-04T23:00:00,2026-01-18T23:00:00,2026-02-15T23:00:00,,,42.0
2026-01-22 12:00:00,44.2,27.008493632592323,1.0,"Tema Community 7, Royal School",tabular,ridge_ar_lag_fourier,h24,2026-01-04T23:00:00,2026-01-18T23:00:00,2026-02-15T23:00:00,,,42.0
2026-01-22 13:00:00,40.9,26.87641179469723,1.0,"Tema Community 7, Royal School",tabular,ridge_ar_lag_fourier,h24,2026-01-04T23:00:00,2026-01-18T23:00:00,2026-02-15T23:00:00,,,42.0
2026-01-22 14:00:00,35.9,25.087183321695647,1.0,"Tema Community 7, Royal School",tabular,ridge_ar_lag_fourier,h24,2026-01-04T23:00:00,2026-01-18T23:00:00,2026-02-15T23:00:00,,,42.0
2026-01-22 15:00:00,31.8,28.452309668834822,1.0,"Tema Community 7, Royal School",tabular,ridge_ar_lag_fourier,h24,2026-01-04T23:00:00,2026-01-18T23:00:00,2026-02-15T23:00:00,,,42.0
2026-01-22 16:00:00,27.5,30.00096520352803,1.0,"Tema Community 7, Royal School",tabular,ridge_ar_lag_fourier,h24,2026-01-04T23:00:00,2026-01-18T23:00:00,2026-02-15T23:00:00,,,42.0
2026-01-22 17:00:00,29.5,30.948098943784473,1.0,"Tema Community 7, Royal School",tabular,ridge_ar_lag_fourier,h24,2026-01-04T23:00:00,2026-01-18T23:00:00,2026-02-15T23:00:00,,,42.0
2026-01-22 18:00:00,33.7,31.15512028163545,1.0,"Tema Community 7, Royal School",tabular,ridge_ar_lag_fourier,h24,2026-01-04T23:00:00,2026-01-18T23:00:00,2026-02-15T23:00:00,,,42.0
2026-01-22 19:00:00,29.8,32.1010800586059,1.0,"Tema Community 7, Royal School",tabular,ridge_ar_lag_fourier,h24,2026-01-04T23:00:00,2026-01-18T23:00:00,2026-02-15T23:00:00,,,42.0
2026-01-22 20:00:00,32.7,30.449404586633182,1.0,"Tema Community 7, Royal School",tabular,ridge_ar_lag_fourier,h24,2026-01-04T23:00:00,2026-01-18T23:00:00,2026-02-15T23:00:00,,,42.0
2026-01-22 21:00:00,31.7,27.98900594631654,1.0,"Tema Community 7, Royal School",tabular,ridge_ar_lag_fourier,h24,2026-01-04T23:00:00,2026-01-18T23:00:00,2026-02-15T23:00:00,,,42.0
2026-01-22 22:00:00,30.3,26.406407169256017,1.0,"Tema Community 7, Royal School",tabular,ridge_ar_lag_fourier,h24,2026-01-04T23:00:00,2026-01-18T23:00:00,2026-02-15T23:00:00,,,42.0
2026-01-22 23:00:00,30.2,25.843758588632728,1.0,"Tema Community 7, Royal School",tabular,ridge_ar_lag_fourier,h24,2026-01-04T23:00:00,2026-01-18T23:00:00,2026-02-15T23:00:00,,,42.0
2026-01-23 00:00:00,28.5,34.109926970764775,1.0,"Tema Community 7, Royal School",tabular,ridge_ar_lag_fourier,h24,2026-01-04T23:00:00,2026-01-18T23:00:00,2026-02-15T23:00:00,,,42.0
2026-01-23 01:00:00,29.9,33.28621775687319,1.0,"Tema Community 7, Royal School",tabular,ridge_ar_lag_fourier,h24,2026-01-04T23:00:00,2026-01-18T23:00:00,2026-02-15T23:00:00,,,42.0
2026-01-23 02:00:00,39.9,29.102904861422584,1.0,"Tema Community 7, Royal School",tabular,ridge_ar_lag_fourier,h24,2026-01-04T23:00:00,2026-01-18T23:00:00,2026-02-15T23:00:00,,,42.0
2026-01-23 03:00:00,45.6,39.30691749940465,1.0,"Tema Community 7, Royal School",tabular,ridge_ar_lag_fourier,h24,2026-01-04T23:00:00,2026-01-18T23:00:00,2026-02-15T23:00:00,,,42.0
2026-01-23 04:00:00,72.4,51.65049422772708,1.0,"Tema Community 7, Royal School",tabular,ridge_ar_lag_fourier,h24,2026-01-04T23:00:00,2026-01-18T23:00:00,2026-02-15T23:00:00,,,42.0
2026-01-23 05:00:00,66.4,57.325465341506316,1.0,"Tema Community 7, Royal School",tabular,ridge_ar_lag_fourier,h24,2026-01-04T23:00:00,2026-01-18T23:00:00,2026-02-15T23:00:00,,,42.0
2026-01-23 06:00:00,93.3,52.764824520267055,1.0,"Tema Community 7, Royal School",tabular,ridge_ar_lag_fourier,h24,2026-01-04T23:00:00,2026-01-18T23:00:00,2026-02-15T23:00:00,,,42.0
2026-01-23 07:00:00,101.2,45.187918909365465,1.0,"Tema Community 7, Royal School",tabular,ridge_ar_lag_fourier,h24,2026-01-04T23:00:00,2026-01-18T23:00:00,2026-02-15T23:00:00,,,42.0
2026-01-23 08:00:00,50.6,40.43849029107616,1.0,"Tema Community 7, Royal School",tabular,ridge_ar_lag_fourier,h24,2026-01-04T23:00:00,2026-01-18T23:00:00,2026-02-15T23:00:00,,,42.0
2026-01-23 09:00:00,40.2,37.38039925187945,1.0,"Tema Community 7, Royal School",tabular,ridge_ar_lag_fourier,h24,2026-01-04T23:00:00,2026-01-18T23:00:00,2026-02-15T23:00:00,,,42.0
2026-01-23 10:00:00,42.0,34.40642492594595,1.0,"Tema Community 7, Royal School",tabular,ridge_ar_lag_fourier,h24,2026-01-04T23:00:00,2026-01-18T23:00:00,2026-02-15T23:00:00,,,42.0
2026-01-23 11:00:00,37.4,29.97679719234951,1.0,"Tema Community 7, Royal School",tabular,ridge_ar_lag_fourier,h24,2026-01-04T23:00:00,2026-01-18T23:00:00,2026-02-15T23:00:00,,,42.0
2026-01-23 12:00:00,29.6,26.275836530934214,1.0,"Tema Community 7, Royal School",tabular,ridge_ar_lag_fourier,h24,2026-01-04T23:00:00,2026-01-18T23:00:00,2026-02-15T23:00:00,,,42.0
2026-01-23 13:00:00,27.7,23.23898527255004,1.0,"Tema Community 7, Royal School",tabular,ridge_ar_lag_fourier,h24,2026-01-04T23:00:00,2026-01-18T23:00:00,2026-02-15T23:00:00,,,42.0
2026-01-23 14:00:00,27.0,24.03911172683063,1.0,"Tema Community 7, Royal School",tabular,ridge_ar_lag_fourier,h24,2026-01-04T23:00:00,2026-01-18T23:00:00,2026-02-15T23:00:00,,,42.0
2026-01-23 15:00:00,25.1,27.106162579931816,1.0,"Tema Community 7, Royal School",tabular,ridge_ar_lag_fourier,h24,2026-01-04T23:00:00,2026-01-18T23:00:00,2026-02-15T23:00:00,,,42.0
2026-01-23 16:00:00,24.0,29.24713871168056,1.0,"Tema Community 7, Royal School",tabular,ridge_ar_lag_fourier,h24,2026-01-04T23:00:00,2026-01-18T23:00:00,2026-02-15T23:00:00,,,42.0
2026-01-23 17:00:00,23.8,32.01313200973738,1.0,"Tema Community 7, Royal School",tabular,ridge_ar_lag_fourier,h24,2026-01-04T23:00:00,2026-01-18T23:00:00,2026-02-15T23:00:00,,,42.0
2026-01-23 18:00:00,28.7,32.40121124422477,1.0,"Tema Community 7, Royal School",tabular,ridge_ar_lag_fourier,h24,2026-01-04T23:00:00,2026-01-18T23:00:00,2026-02-15T23:00:00,,,42.0
2026-01-23 19:00:00,38.5,31.62628631455464,1.0,"Tema Community 7, Royal School",tabular,ridge_ar_lag_fourier,h24,2026-01-04T23:00:00,2026-01-18T23:00:00,2026-02-15T23:00:00,,,42.0
2026-01-23 20:00:00,34.1,29.807481110490755,1.0,"Tema Community 7, Royal School",tabular,ridge_ar_lag_fourier,h24,2026-01-04T23:00:00,2026-01-18T23:00:00,2026-02-15T23:00:00,,,42.0
2026-01-23 21:00:00,47.7,31.33110642664735,1.0,"Tema Community 7, Royal School",tabular,ridge_ar_lag_fourier,h24,2026-01-04T23:00:00,2026-01-18T23:00:00,2026-02-15T23:00:00,,,42.0
2026-01-23 22:00:00,56.6,29.512384028606256,1.0,"Tema Community 7, Royal School",tabular,ridge_ar_lag_fourier,h24,2026-01-04T23:00:00,2026-01-18T23:00:00,2026-02-15T23:00:00,,,42.0
2026-01-23 23:00:00,43.6,27.033391572869732,1.0,"Tema Community 7, Royal School",tabular,ridge_ar_lag_fourier,h24,2026-01-04T23:00:00,2026-01-18T23:00:00,2026-02-15T23:00:00,,,42.0
2026-01-24 00:00:00,45.0,34.03394726563257,1.0,"Tema Community 7, Royal School",tabular,ridge_ar_lag_fourier,h24,2026-01-04T23:00:00,2026-01-18T23:00:00,2026-02-15T23:00:00,,,42.0
2026-01-24 01:00:00,46.6,34.17135283642989,1.0,"Tema Community 7, Royal School",tabular,ridge_ar_lag_fourier,h24,2026-01-04T23:00:00,2026-01-18T23:00:00,2026-02-15T23:00:00,,,42.0
2026-01-24 02:00:00,46.1,33.897981297630764,1.0,"Tema Community 7, Royal School",tabular,ridge_ar_lag_fourier,h24,2026-01-04T23:00:00,2026-01-18T23:00:00,2026-02-15T23:00:00,,,42.0
2026-01-24 03:00:00,44.9,41.586364513767805,1.0,"Tema Community 7, Royal School",tabular,ridge_ar_lag_fourier,h24,2026-01-04T23:00:00,2026-01-18T23:00:00,2026-02-15T23:00:00,,,42.0
2026-01-24 04:00:00,44.7,50.50886256661023,1.0,"Tema Community 7, Royal School",tabular,ridge_ar_lag_fourier,h24,2026-01-04T23:00:00,2026-01-18T23:00:00,2026-02-15T23:00:00,,,42.0
2026-01-24 05:00:00,42.3,55.27169601899526,1.0,"Tema Community 7, Royal School",tabular,ridge_ar_lag_fourier,h24,2026-01-04T23:00:00,2026-01-18T23:00:00,2026-02-15T23:00:00,,,42.0
2026-01-24 06:00:00,57.3,53.14248897455005,1.0,"Tema Community 7, Royal School",tabular,ridge_ar_lag_fourier,h24,2026-01-04T23:00:00,2026-01-18T23:00:00,2026-02-15T23:00:00,,,42.0
2026-01-24 07:00:00,44.7,50.886664759939904,1.0,"Tema Community 7, Royal School",tabular,ridge_ar_lag_fourier,h24,2026-01-04T23:00:00,2026-01-18T23:00:00,2026-02-15T23:00:00,,,42.0
2026-01-24 08:00:00,43.2,45.620168118698444,1.0,"Tema Community 7, Royal School",tabular,ridge_ar_lag_fourier,h24,2026-01-04T23:00:00,2026-01-18T23:00:00,2026-02-15T23:00:00,,,42.0
2026-01-24 09:00:00,38.9,38.1357304341385,1.0,"Tema Community 7, Royal School",tabular,ridge_ar_lag_fourier,h24,2026-01-04T23:00:00,2026-01-18T23:00:00,2026-02-15T23:00:00,,,42.0
2026-01-24 10:00:00,38.4,35.43127177255279,1.0,"Tema Community 7, Royal School",tabular,ridge_ar_lag_fourier,h24,2026-01-04T23:00:00,2026-01-18T23:00:00,2026-02-15T23:00:00,,,42.0
2026-01-24 11:00:00,41.9,34.106055842785054,1.0,"Tema Community 7, Royal School",tabular,ridge_ar_lag_fourier,h24,2026-01-04T23:00:00,2026-01-18T23:00:00,2026-02-15T23:00:00,,,42.0
2026-01-24 12:00:00,33.4,31.486079535493037,1.0,"Tema Community 7, Royal School",tabular,ridge_ar_lag_fourier,h24,2026-01-04T23:00:00,2026-01-18T23:00:00,2026-02-15T23:00:00,,,42.0
2026-01-24 13:00:00,32.9,27.373752272888268,1.0,"Tema Community 7, Royal School",tabular,ridge_ar_lag_fourier,h24,2026-01-04T23:00:00,2026-01-18T23:00:00,2026-02-15T23:00:00,,,42.0
2026-01-24 14:00:00,31.3,27.409644572847867,1.0,"Tema Community 7, Royal School",tabular,ridge_ar_lag_fourier,h24,2026-01-04T23:00:00,2026-01-18T23:00:00,2026-02-15T23:00:00,,,42.0
2026-01-24 15:00:00,30.2,28.5002164034447,1.0,"Tema Community 7, Royal School",tabular,ridge_ar_lag_fourier,h24,2026-01-04T23:00:00,2026-01-18T23:00:00,2026-02-15T23:00:00,,,42.0
2026-01-24 16:00:00,30.6,27.65390246274452,1.0,"Tema Community 7, Royal School",tabular,ridge_ar_lag_fourier,h24,2026-01-04T23:00:00,2026-01-18T23:00:00,2026-02-15T23:00:00,,,42.0
2026-01-24 17:00:00,29.0,28.596904633288435,1.0,"Tema Community 7, Royal School",tabular,ridge_ar_lag_fourier,h24,2026-01-04T23:00:00,2026-01-18T23:00:00,2026-02-15T23:00:00,,,42.0
2026-01-24 18:00:00,36.7,31.096380904348806,1.0,"Tema Community 7, Royal School",tabular,ridge_ar_lag_fourier,h24,2026-01-04T23:00:00,2026-01-18T23:00:00,2026-02-15T23:00:00,,,42.0
2026-01-24 19:00:00,36.6,32.57169905670259,1.0,"Tema Community 7, Royal School",tabular,ridge_ar_lag_fourier,h24,2026-01-04T23:00:00,2026-01-18T23:00:00,2026-02-15T23:00:00,,,42.0
2026-01-24 20:00:00,32.9,31.01700168456233,1.0,"Tema Community 7, Royal School",tabular,ridge_ar_lag_fourier,h24,2026-01-04T23:00:00,2026-01-18T23:00:00,2026-02-15T23:00:00,,,42.0
2026-01-24 21:00:00,39.4,30.063777172348622,1.0,"Tema Community 7, Royal School",tabular,ridge_ar_lag_fourier,h24,2026-01-04T23:00:00,2026-01-18T23:00:00,2026-02-15T23:00:00,,,42.0
2026-01-24 22:00:00,33.1,31.329026562099784,1.0,"Tema Community 7, Royal School",tabular,ridge_ar_lag_fourier,h24,2026-01-04T23:00:00,2026-01-18T23:00:00,2026-02-15T23:00:00,,,42.0
2026-01-24 23:00:00,34.7,30.25181302593213,1.0,"Tema Community 7, Royal School",tabular,ridge_ar_lag_fourier,h24,2026-01-04T23:00:00,2026-01-18T23:00:00,2026-02-15T23:00:00,,,42.0
2026-01-25 00:00:00,37.3,35.25246869770771,1.0,"Tema Community 7, Royal School",tabular,ridge_ar_lag_fourier,h24,2026-01-04T23:00:00,2026-01-18T23:00:00,2026-02-15T23:00:00,,,42.0
2026-01-25 01:00:00,34.5,34.21567635574424,1.0,"Tema Community 7, Royal School",tabular,ridge_ar_lag_fourier,h24,2026-01-04T23:00:00,2026-01-18T23:00:00,2026-02-15T23:00:00,,,42.0
2026-01-25 02:00:00,36.8,36.071265405991724,1.0,"Tema Community 7, Royal School",tabular,ridge_ar_lag_fourier,h24,2026-01-04T23:00:00,2026-01-18T23:00:00,2026-02-15T23:00:00,,,42.0
2026-01-25 03:00:00,43.3,39.81236791107852,1.0,"Tema Community 7, Royal School",tabular,ridge_ar_lag_fourier,h24,2026-01-04T23:00:00,2026-01-18T23:00:00,2026-02-15T23:00:00,,,42.0
2026-01-25 04:00:00,38.0,49.542844992817066,1.0,"Tema Community 7, Royal School",tabular,ridge_ar_lag_fourier,h24,2026-01-04T23:00:00,2026-01-18T23:00:00,2026-02-15T23:00:00,,,42.0
2026-01-25 05:00:00,35.7,52.855810561385496,1.0,"Tema Community 7, Royal School",tabular,ridge_ar_lag_fourier,h24,2026-01-04T23:00:00,2026-01-18T23:00:00,2026-02-15T23:00:00,,,42.0
2026-01-25 06:00:00,60.8,52.4093612466379,1.0,"Tema Community 7, Royal School",tabular,ridge_ar_lag_fourier,h24,2026-01-04T23:00:00,2026-01-18T23:00:00,2026-02-15T23:00:00,,,42.0
2026-01-25 07:00:00,71.8,49.51753918357953,1.0,"Tema Community 7, Royal School",tabular,ridge_ar_lag_fourier,h24,2026-01-04T23:00:00,2026-01-18T23:00:00,2026-02-15T23:00:00,,,42.0
2026-01-25 08:00:00,41.6,39.630098818606896,1.0,"Tema Community 7, Royal School",tabular,ridge_ar_lag_fourier,h24,2026-01-04T23:00:00,2026-01-18T23:00:00,2026-02-15T23:00:00,,,42.0
2026-01-25 09:00:00,43.5,36.48493393181821,1.0,"Tema Community 7, Royal School",tabular,ridge_ar_lag_fourier,h24,2026-01-04T23:00:00,2026-01-18T23:00:00,2026-02-15T23:00:00,,,42.0
2026-01-25 10:00:00,50.2,35.31406800614104,1.0,"Tema Community 7, Royal School",tabular,ridge_ar_lag_fourier,h24,2026-01-04T23:00:00,2026-01-18T23:00:00,2026-02-15T23:00:00,,,42.0
2026-01-25 11:00:00,51.8,32.18993556175684,1.0,"Tema Community 7, Royal School",tabular,ridge_ar_lag_fourier,h24,2026-01-04T23:00:00,2026-01-18T23:00:00,2026-02-15T23:00:00,,,42.0
2026-01-25 12:00:00,50.8,29.651382176716478,1.0,"Tema Community 7, Royal School",tabular,ridge_ar_lag_fourier,h24,2026-01-04T23:00:00,2026-01-18T23:00:00,2026-02-15T23:00:00,,,42.0
2026-01-25 13:00:00,44.6,25.19159620285253,1.0,"Tema Community 7, Royal School",tabular,ridge_ar_lag_fourier,h24,2026-01-04T23:00:00,2026-01-18T23:00:00,2026-02-15T23:00:00,,,42.0
2026-01-25 14:00:00,42.6,24.240794820105084,1.0,"Tema Community 7, Royal School",tabular,ridge_ar_lag_fourier,h24,2026-01-04T23:00:00,2026-01-18T23:00:00,2026-02-15T23:00:00,,,42.0
2026-01-25 15:00:00,40.5,25.018397835486976,1.0,"Tema Community 7, Royal School",tabular,ridge_ar_lag_fourier,h24,2026-01-04T23:00:00,2026-01-18T23:00:00,2026-02-15T23:00:00,,,42.0
2026-01-25 16:00:00,32.7,25.325970994462978,1.0,"Tema Community 7, Royal School",tabular,ridge_ar_lag_fourier,h24,2026-01-04T23:00:00,2026-01-18T23:00:00,2026-02-15T23:00:00,,,42.0
2026-01-25 17:00:00,34.5,27.8473625578062,1.0,"Tema Community 7, Royal School",tabular,ridge_ar_lag_fourier,h24,2026-01-04T23:00:00,2026-01-18T23:00:00,2026-02-15T23:00:00,,,42.0
2026-01-25 18:00:00,37.7,30.829458868638056,1.0,"Tema Community 7, Royal School",tabular,ridge_ar_lag_fourier,h24,2026-01-04T23:00:00,2026-01-18T23:00:00,2026-02-15T23:00:00,,,42.0
2026-01-25 19:00:00,38.3,34.82368767105167,1.0,"Tema Community 7, Royal School",tabular,ridge_ar_lag_fourier,h24,2026-01-04T23:00:00,2026-01-18T23:00:00,2026-02-15T23:00:00,,,42.0
2026-01-25 20:00:00,43.6,32.82867400641893,1.0,"Tema Community 7, Royal School",tabular,ridge_ar_lag_fourier,h24,2026-01-04T23:00:00,2026-01-18T23:00:00,2026-02-15T23:00:00,,,42.0
2026-01-25 21:00:00,46.9,32.97079960270091,1.0,"Tema Community 7, Royal School",tabular,ridge_ar_lag_fourier,h24,2026-01-04T23:00:00,2026-01-18T23:00:00,2026-02-15T23:00:00,,,42.0
2026-01-25 22:00:00,44.4,32.043260886752535,1.0,"Tema Community 7, Royal School",tabular,ridge_ar_lag_fourier,h24,2026-01-04T23:00:00,2026-01-18T23:00:00,2026-02-15T23:00:00,,,42.0
2026-01-25 23:00:00,46.6,30.00894966459704,1.0,"Tema Community 7, Royal School",tabular,ridge_ar_lag_fourier,h24,2026-01-04T23:00:00,2026-01-18T23:00:00,2026-02-15T23:00:00,,,42.0
2026-01-26 00:00:00,68.4,36.27615386405544,1.0,"Tema Community 7, Royal School",tabular,ridge_ar_lag_fourier,h24,2026-01-04T23:00:00,2026-01-18T23:00:00,2026-02-15T23:00:00,,,42.0
2026-01-26 01:00:00,49.6,35.74537790595235,1.0,"Tema Community 7, Royal School",tabular,ridge_ar_lag_fourier,h24,2026-01-04T23:00:00,2026-01-18T23:00:00,2026-02-15T23:00:00,,,42.0
2026-01-26 02:00:00,56.9,34.10318007951853,1.0,"Tema Community 7, Royal School",tabular,ridge_ar_lag_fourier,h24,2026-01-04T23:00:00,2026-01-18T23:00:00,2026-02-15T23:00:00,,,42.0
2026-01-26 03:00:00,51.5,35.54634769851998,1.0,"Tema Community 7, Royal School",tabular,ridge_ar_lag_fourier,h24,2026-01-04T23:00:00,2026-01-18T23:00:00,2026-02-15T23:00:00,,,42.0
2026-01-26 04:00:00,46.2,49.370502637084314,1.0,"Tema Community 7, Royal School",tabular,ridge_ar_lag_fourier,h24,2026-01-04T23:00:00,2026-01-18T23:00:00,2026-02-15T23:00:00,,,42.0
2026-01-26 05:00:00,59.3,53.31610734340967,1.0,"Tema Community 7, Royal School",tabular,ridge_ar_lag_fourier,h24,2026-01-04T23:00:00,2026-01-18T23:00:00,2026-02-15T23:00:00,,,42.0
2026-01-26 06:00:00,105.1,49.35337570420889,1.0,"Tema Community 7, Royal School",tabular,ridge_ar_lag_fourier,h24,2026-01-04T23:00:00,2026-01-18T23:00:00,2026-02-15T23:00:00,,,42.0
2026-01-26 07:00:00,53.7,48.00551771397719,1.0,"Tema Community 7, Royal School",tabular,ridge_ar_lag_fourier,h24,2026-01-04T23:00:00,2026-01-18T23:00:00,2026-02-15T23:00:00,,,42.0
2026-01-26 08:00:00,47.8,41.34925396719474,1.0,"Tema Community 7, Royal School",tabular,ridge_ar_lag_fourier,h24,2026-01-04T23:00:00,2026-01-18T23:00:00,2026-02-15T23:00:00,,,42.0
2026-01-26 09:00:00,43.5,34.815331502118916,1.0,"Tema Community 7, Royal School",tabular,ridge_ar_lag_fourier,h24,2026-01-04T23:00:00,2026-01-18T23:00:00,2026-02-15T23:00:00,,,42.0
2026-01-26 10:00:00,45.3,34.47381363288651,1.0,"Tema Community 7, Royal School",tabular,ridge_ar_lag_fourier,h24,2026-01-04T23:00:00,2026-01-18T23:00:00,2026-02-15T23:00:00,,,42.0
2026-01-26 11:00:00,49.7,33.57402282940627,1.0,"Tema Community 7, Royal School",tabular,ridge_ar_lag_fourier,h24,2026-01-04T23:00:00,2026-01-18T23:00:00,2026-02-15T23:00:00,,,42.0
2026-01-26 12:00:00,45.6,32.71129073666675,1.0,"Tema Community 7, Royal School",tabular,ridge_ar_lag_fourier,h24,2026-01-04T23:00:00,2026-01-18T23:00:00,2026-02-15T23:00:00,,,42.0
2026-01-26 13:00:00,42.1,29.525948095247525,1.0,"Tema Community 7, Royal School",tabular,ridge_ar_lag_fourier,h24,2026-01-04T23:00:00,2026-01-18T23:00:00,2026-02-15T23:00:00,,,42.0
2026-01-26 14:00:00,38.8,28.56809904704834,1.0,"Tema Community 7, Royal School",tabular,ridge_ar_lag_fourier,h24,2026-01-04T23:00:00,2026-01-18T23:00:00,2026-02-15T23:00:00,,,42.0
2026-01-26 15:00:00,38.7,28.245520399051365,1.0,"Tema Community 7, Royal School",tabular,ridge_ar_lag_fourier,h24,2026-01-04T23:00:00,2026-01-18T23:00:00,2026-02-15T23:00:00,,,42.0
2026-01-26 16:00:00,35.2,27.109877219436505,1.0,"Tema Community 7, Royal School",tabular,ridge_ar_lag_fourier,h24,2026-01-04T23:00:00,2026-01-18T23:00:00,2026-02-15T23:00:00,,,42.0
2026-01-26 17:00:00,38.6,26.997232706185358,1.0,"Tema Community 7, Royal School",tabular,ridge_ar_lag_fourier,h24,2026-01-04T23:00:00,2026-01-18T23:00:00,2026-02-15T23:00:00,,,42.0
2026-01-26 18:00:00,38.5,30.074218768626125,1.0,"Tema Community 7, Royal School",tabular,ridge_ar_lag_fourier,h24,2026-01-04T23:00:00,2026-01-18T23:00:00,2026-02-15T23:00:00,,,42.0
2026-01-26 19:00:00,38.1,31.175606506028693,1.0,"Tema Community 7, Royal School",tabular,ridge_ar_lag_fourier,h24,2026-01-04T23:00:00,2026-01-18T23:00:00,2026-02-15T23:00:00,,,42.0
2026-01-26 20:00:00,39.0,30.107179471770216,1.0,"Tema Community 7, Royal School",tabular,ridge_ar_lag_fourier,h24,2026-01-04T23:00:00,2026-01-18T23:00:00,2026-02-15T23:00:00,,,42.0
2026-01-26 21:00:00,40.0,32.083707725089575,1.0,"Tema Community 7, Royal School",tabular,ridge_ar_lag_fourier,h24,2026-01-04T23:00:00,2026-01-18T23:00:00,2026-02-15T23:00:00,,,42.0
2026-01-26 22:00:00,41.9,30.269471556722262,1.0,"Tema Community 7, Royal School",tabular,ridge_ar_lag_fourier,h24,2026-01-04T23:00:00,2026-01-18T23:00:00,2026-02-15T23:00:00,,,42.0
2026-01-26 23:00:00,46.1,28.804705140775802,1.0,"Tema Community 7, Royal School",tabular,ridge_ar_lag_fourier,h24,2026-01-04T23:00:00,2026-01-18T23:00:00,2026-02-15T23:00:00,,,42.0
2026-01-27 00:00:00,68.4,35.70831410938582,1.0,"Tema Community 7, Royal School",tabular,ridge_ar_lag_fourier,h24,2026-01-04T23:00:00,2026-01-18T23:00:00,2026-02-15T23:00:00,,,42.0
2026-01-27 01:00:00,47.6,36.96543712722095,1.0,"Tema Community 7, Royal School",tabular,ridge_ar_lag_fourier,h24,2026-01-04T23:00:00,2026-01-18T23:00:00,2026-02-15T23:00:00,,,42.0
2026-01-27 02:00:00,47.8,35.09374208871784,1.0,"Tema Community 7, Royal School",tabular,ridge_ar_lag_fourier,h24,2026-01-04T23:00:00,2026-01-18T23:00:00,2026-02-15T23:00:00,,,42.0
2026-01-27 03:00:00,44.2,38.50508948929207,1.0,"Tema Community 7, Royal School",tabular,ridge_ar_lag_fourier,h24,2026-01-04T23:00:00,2026-01-18T23:00:00,2026-02-15T23:00:00,,,42.0
2026-01-27 04:00:00,54.9,48.546108083991165,1.0,"Tema Community 7, Royal School",tabular,ridge_ar_lag_fourier,h24,2026-01-04T23:00:00,2026-01-18T23:00:00,2026-02-15T23:00:00,,,42.0
2026-01-27 05:00:00,64.4,51.2757014131334,1.0,"Tema Community 7, Royal School",tabular,ridge_ar_lag_fourier,h24,2026-01-04T23:00:00,2026-01-18T23:00:00,2026-02-15T23:00:00,,,42.0
2026-01-27 06:00:00,96.3,52.33579005745832,1.0,"Tema Community 7, Royal School",tabular,ridge_ar_lag_fourier,h24,2026-01-04T23:00:00,2026-01-18T23:00:00,2026-02-15T23:00:00,,,42.0
2026-01-27 07:00:00,93.7,54.962364812191126,1.0,"Tema Community 7, Royal School",tabular,ridge_ar_lag_fourier,h24,2026-01-04T23:00:00,2026-01-18T23:00:00,2026-02-15T23:00:00,,,42.0
2026-01-27 08:00:00,49.9,39.134634583538116,1.0,"Tema Community 7, Royal School",tabular,ridge_ar_lag_fourier,h24,2026-01-04T23:00:00,2026-01-18T23:00:00,2026-02-15T23:00:00,,,42.0
2026-01-27 09:00:00,48.7,35.097690434857576,1.0,"Tema Community 7, Royal School",tabular,ridge_ar_lag_fourier,h24,2026-01-04T23:00:00,2026-01-18T23:00:00,2026-02-15T23:00:00,,,42.0
2026-01-27 10:00:00,46.9,34.912983949027705,1.0,"Tema Community 7, Royal School",tabular,ridge_ar_lag_fourier,h24,2026-01-04T23:00:00,2026-01-18T23:00:00,2026-02-15T23:00:00,,,42.0
2026-01-27 11:00:00,49.6,34.477733655924105,1.0,"Tema Community 7, Royal School",tabular,ridge_ar_lag_fourier,h24,2026-01-04T23:00:00,2026-01-18T23:00:00,2026-02-15T23:00:00,,,42.0
2026-01-27 12:00:00,49.3,32.74526125813977,1.0,"Tema Community 7, Royal School",tabular,ridge_ar_lag_fourier,h24,2026-01-04T23:00:00,2026-01-18T23:00:00,2026-02-15T23:00:00,,,42.0
2026-01-27 13:00:00,44.6,29.152957547482682,1.0,"Tema Community 7, Royal School",tabular,ridge_ar_lag_fourier,h24,2026-01-04T23:00:00,2026-01-18T23:00:00,2026-02-15T23:00:00,,,42.0
2026-01-27 14:00:00,43.2,27.848563863826968,1.0,"Tema Community 7, Royal School",tabular,ridge_ar_lag_fourier,h24,2026-01-04T23:00:00,2026-01-18T23:00:00,2026-02-15T23:00:00,,,42.0
2026-01-27 15:00:00,41.4,26.301295248010728,1.0,"Tema Community 7, Royal School",tabular,ridge_ar_lag_fourier,h24,2026-01-04T23:00:00,2026-01-18T23:00:00,2026-02-15T23:00:00,,,42.0
2026-01-27 16:00:00,39.8,24.58967725116721,1.0,"Tema Community 7, Royal School",tabular,ridge_ar_lag_fourier,h24,2026-01-04T23:00:00,2026-01-18T23:00:00,2026-02-15T23:00:00,,,42.0
2026-01-27 17:00:00,38.6,26.60923473629859,1.0,"Tema Community 7, Royal School",tabular,ridge_ar_lag_fourier,h24,2026-01-04T23:00:00,2026-01-18T23:00:00,2026-02-15T23:00:00,,,42.0
2026-01-27 18:00:00,39.3,29.141826536894033,1.0,"Tema Community 7, Royal School",tabular,ridge_ar_lag_fourier,h24,2026-01-04T23:00:00,2026-01-18T23:00:00,2026-02-15T23:00:00,,,42.0
2026-01-27 19:00:00,39.9,30.00459939577265,1.0,"Tema Community 7, Royal School",tabular,ridge_ar_lag_fourier,h24,2026-01-04T23:00:00,2026-01-18T23:00:00,2026-02-15T23:00:00,,,42.0
2026-01-27 20:00:00,42.4,28.87799530983267,1.0,"Tema Community 7, Royal School",tabular,ridge_ar_lag_fourier,h24,2026-01-04T23:00:00,2026-01-18T23:00:00,2026-02-15T23:00:00,,,42.0
2026-01-27 21:00:00,43.9,30.621888944844237,1.0,"Tema Community 7, Royal School",tabular,ridge_ar_lag_fourier,h24,2026-01-04T23:00:00,2026-01-18T23:00:00,2026-02-15T23:00:00,,,42.0
2026-01-27 22:00:00,42.5,28.62462813024091,1.0,"Tema Community 7, Royal School",tabular,ridge_ar_lag_fourier,h24,2026-01-04T23:00:00,2026-01-18T23:00:00,2026-02-15T23:00:00,,,42.0
2026-01-27 23:00:00,48.3,30.191125817968935,1.0,"Tema Community 7, Royal School",tabular,ridge_ar_lag_fourier,h24,2026-01-04T23:00:00,2026-01-18T23:00:00,2026-02-15T23:00:00,,,42.0
2026-01-28 00:00:00,51.0,35.01521546579151,1.0,"Tema Community 7, Royal School",tabular,ridge_ar_lag_fourier,h24,2026-01-04T23:00:00,2026-01-18T23:00:00,2026-02-15T23:00:00,,,42.0
2026-01-28 01:00:00,55.5,36.86246286675426,1.0,"Tema Community 7, Royal School",tabular,ridge_ar_lag_fourier,h24,2026-01-04T23:00:00,2026-01-18T23:00:00,2026-02-15T23:00:00,,,42.0
2026-01-28 02:00:00,51.4,34.55944235234339,1.0,"Tema Community 7, Royal School",tabular,ridge_ar_lag_fourier,h24,2026-01-04T23:00:00,2026-01-18T23:00:00,2026-02-15T23:00:00,,,42.0
2026-01-28 03:00:00,54.0,35.71850611288837,1.0,"Tema Community 7, Royal School",tabular,ridge_ar_lag_fourier,h24,2026-01-04T23:00:00,2026-01-18T23:00:00,2026-02-15T23:00:00,,,42.0
2026-01-28 04:00:00,56.1,51.65544397364211,1.0,"Tema Community 7, Royal School",tabular,ridge_ar_lag_fourier,h24,2026-01-04T23:00:00,2026-01-18T23:00:00,2026-02-15T23:00:00,,,42.0
2026-01-28 05:00:00,96.1,59.55838137801422,1.0,"Tema Community 7, Royal School",tabular,ridge_ar_lag_fourier,h24,2026-01-04T23:00:00,2026-01-18T23:00:00,2026-02-15T23:00:00,,,42.0
2026-01-28 06:00:00,85.0,59.440909581724185,1.0,"Tema Community 7, Royal School",tabular,ridge_ar_lag_fourier,h24,2026-01-04T23:00:00,2026-01-18T23:00:00,2026-02-15T23:00:00,,,42.0
2026-01-28 07:00:00,76.0,54.85477153654412,1.0,"Tema Community 7, Royal School",tabular,ridge_ar_lag_fourier,h24,2026-01-04T23:00:00,2026-01-18T23:00:00,2026-02-15T23:00:00,,,42.0
2026-01-28 08:00:00,52.5,41.23454538427555,1.0,"Tema Community 7, Royal School",tabular,ridge_ar_lag_fourier,h24,2026-01-04T23:00:00,2026-01-18T23:00:00,2026-02-15T23:00:00,,,42.0
2026-01-28 09:00:00,49.3,32.830560851523096,1.0,"Tema Community 7, Royal School",tabular,ridge_ar_lag_fourier,h24,2026-01-04T23:00:00,2026-01-18T23:00:00,2026-02-15T23:00:00,,,42.0
2026-01-28 10:00:00,47.8,33.25217329833661,1.0,"Tema Community 7, Royal School",tabular,ridge_ar_lag_fourier,h24,2026-01-04T23:00:00,2026-01-18T23:00:00,2026-02-15T23:00:00,,,42.0
2026-01-28 11:00:00,51.4,32.990147968633224,1.0,"Tema Community 7, Royal School",tabular,ridge_ar_lag_fourier,h24,2026-01-04T23:00:00,2026-01-18T23:00:00,2026-02-15T23:00:00,,,42.0
2026-01-28 12:00:00,55.6,31.497189861563587,1.0,"Tema Community 7, Royal School",tabular,ridge_ar_lag_fourier,h24,2026-01-04T23:00:00,2026-01-18T23:00:00,2026-02-15T23:00:00,,,42.0
2026-01-28 13:00:00,49.9,27.585538453100998,1.0,"Tema Community 7, Royal School",tabular,ridge_ar_lag_fourier,h24,2026-01-04T23:00:00,2026-01-18T23:00:00,2026-02-15T23:00:00,,,42.0
2026-01-28 14:00:00,46.4,25.437766549589625,1.0,"Tema Community 7, Royal School",tabular,ridge_ar_lag_fourier,h24,2026-01-04T23:00:00,2026-01-18T23:00:00,2026-02-15T23:00:00,,,42.0
2026-01-28 15:00:00,44.3,24.72185182798771,1.0,"Tema Community 7, Royal School",tabular,ridge_ar_lag_fourier,h24,2026-01-04T23:00:00,2026-01-18T23:00:00,2026-02-15T23:00:00,,,42.0
2026-01-28 16:00:00,41.9,23.31349260832033,1.0,"Tema Community 7, Royal School",tabular,ridge_ar_lag_fourier,h24,2026-01-04T23:00:00,2026-01-18T23:00:00,2026-02-15T23:00:00,,,42.0
2026-01-28 17:00:00,43.2,25.01817794898335,1.0,"Tema Community 7, Royal School",tabular,ridge_ar_lag_fourier,h24,2026-01-04T23:00:00,2026-01-18T23:00:00,2026-02-15T23:00:00,,,42.0
2026-01-28 18:00:00,45.7,28.511622269743693,1.0,"Tema Community 7, Royal School",tabular,ridge_ar_lag_fourier,h24,2026-01-04T23:00:00,2026-01-18T23:00:00,2026-02-15T23:00:00,,,42.0
2026-01-28 19:00:00,46.9,29.415295778186827,1.0,"Tema Community 7, Royal School",tabular,ridge_ar_lag_fourier,h24,2026-01-04T23:00:00,2026-01-18T23:00:00,2026-02-15T23:00:00,,,42.0
2026-01-28 20:00:00,46.2,28.18035262702441,1.0,"Tema Community 7, Royal School",tabular,ridge_ar_lag_fourier,h24,2026-01-04T23:00:00,2026-01-18T23:00:00,2026-02-15T23:00:00,,,42.0
2026-01-28 21:00:00,46.0,29.638653439576863,1.0,"Tema Community 7, Royal School",tabular,ridge_ar_lag_fourier,h24,2026-01-04T23:00:00,2026-01-18T23:00:00,2026-02-15T23:00:00,,,42.0
2026-01-28 22:00:00,45.7,30.897310625865764,1.0,"Tema Community 7, Royal School",tabular,ridge_ar_lag_fourier,h24,2026-01-04T23:00:00,2026-01-18T23:00:00,2026-02-15T23:00:00,,,42.0
2026-01-28 23:00:00,49.8,30.98892548856056,1.0,"Tema Community 7, Royal School",tabular,ridge_ar_lag_fourier,h24,2026-01-04T23:00:00,2026-01-18T23:00:00,2026-02-15T23:00:00,,,42.0
2026-01-29 00:00:00,57.6,35.188209736265186,1.0,"Tema Community 7, Royal School",tabular,ridge_ar_lag_fourier,h24,2026-01-04T23:00:00,2026-01-18T23:00:00,2026-02-15T23:00:00,,,42.0
2026-01-29 01:00:00,55.7,34.49612556871217,1.0,"Tema Community 7, Royal School",tabular,ridge_ar_lag_fourier,h24,2026-01-04T23:00:00,2026-01-18T23:00:00,2026-02-15T23:00:00,,,42.0
2026-01-29 02:00:00,65.4,36.29536598755191,1.0,"Tema Community 7, Royal School",tabular,ridge_ar_lag_fourier,h24,2026-01-04T23:00:00,2026-01-18T23:00:00,2026-02-15T23:00:00,,,42.0
2026-01-29 03:00:00,60.7,38.004771227535294,1.0,"Tema Community 7, Royal School",tabular,ridge_ar_lag_fourier,h24,2026-01-04T23:00:00,2026-01-18T23:00:00,2026-02-15T23:00:00,,,42.0
2026-01-29 04:00:00,59.5,48.94035310546474,1.0,"Tema Community 7, Royal School",tabular,ridge_ar_lag_fourier,h24,2026-01-04T23:00:00,2026-01-18T23:00:00,2026-02-15T23:00:00,,,42.0
2026-01-29 05:00:00,71.8,58.44350145909715,1.0,"Tema Community 7, Royal School",tabular,ridge_ar_lag_fourier,h24,2026-01-04T23:00:00,2026-01-18T23:00:00,2026-02-15T23:00:00,,,42.0
2026-01-29 06:00:00,88.6,64.60094450073628,1.0,"Tema Community 7, Royal School",tabular,ridge_ar_lag_fourier,h24,2026-01-04T23:00:00,2026-01-18T23:00:00,2026-02-15T23:00:00,,,42.0
2026-01-29 07:00:00,69.2,55.50670545959366,1.0,"Tema Community 7, Royal School",tabular,ridge_ar_lag_fourier,h24,2026-01-04T23:00:00,2026-01-18T23:00:00,2026-02-15T23:00:00,,,42.0
2026-01-29 08:00:00,56.7,40.28796581736468,1.0,"Tema Community 7, Royal School",tabular,ridge_ar_lag_fourier,h24,2026-01-04T23:00:00,2026-01-18T23:00:00,2026-02-15T23:00:00,,,42.0
2026-01-29 09:00:00,55.0,33.36671323597517,1.0,"Tema Community 7, Royal School",tabular,ridge_ar_lag_fourier,h24,2026-01-04T23:00:00,2026-01-18T23:00:00,2026-02-15T23:00:00,,,42.0
2026-01-29 10:00:00,50.6,33.95224953585595,1.0,"Tema Community 7, Royal School",tabular,ridge_ar_lag_fourier,h24,2026-01-04T23:00:00,2026-01-18T23:00:00,2026-02-15T23:00:00,,,42.0
2026-01-29 11:00:00,51.8,34.082789320259586,1.0,"Tema Community 7, Royal School",tabular,ridge_ar_lag_fourier,h24,2026-01-04T23:00:00,2026-01-18T23:00:00,2026-02-15T23:00:00,,,42.0
2026-01-29 12:00:00,52.8,32.134816284346975,1.0,"Tema Community 7, Royal School",tabular,ridge_ar_lag_fourier,h24,2026-01-04T23:00:00,2026-01-18T23:00:00,2026-02-15T23:00:00,,,42.0
2026-01-29 13:00:00,48.4,28.858887476201616,1.0,"Tema Community 7, Royal School",tabular,ridge_ar_lag_fourier,h24,2026-01-04T23:00:00,2026-01-18T23:00:00,2026-02-15T23:00:00,,,42.0
2026-01-29 14:00:00,42.7,26.8372166375185,1.0,"Tema Community 7, Royal School",tabular,ridge_ar_lag_fourier,h24,2026-01-04T23:00:00,2026-01-18T23:00:00,2026-02-15T23:00:00,,,42.0
2026-01-29 15:00:00,43.7,25.221744057549497,1.0,"Tema Community 7, Royal School",tabular,ridge_ar_lag_fourier,h24,2026-01-04T23:00:00,2026-01-18T23:00:00,2026-02-15T23:00:00,,,42.0
2026-01-29 16:00:00,41.7,24.52761819310115,1.0,"Tema Community 7, Royal School",tabular,ridge_ar_lag_fourier,h24,2026-01-04T23:00:00,2026-01-18T23:00:00,2026-02-15T23:00:00,,,42.0
2026-01-29 17:00:00,42.7,26.0551027001925,1.0,"Tema Community 7, Royal School",tabular,ridge_ar_lag_fourier,h24,2026-01-04T23:00:00,2026-01-18T23:00:00,2026-02-15T23:00:00,,,42.0
2026-01-29 18:00:00,43.0,27.283046738209073,1.0,"Tema Community 7, Royal School",tabular,ridge_ar_lag_fourier,h24,2026-01-04T23:00:00,2026-01-18T23:00:00,2026-02-15T23:00:00,,,42.0
2026-01-29 19:00:00,42.6,27.60857713487658,1.0,"Tema Community 7, Royal School",tabular,ridge_ar_lag_fourier,h24,2026-01-04T23:00:00,2026-01-18T23:00:00,2026-02-15T23:00:00,,,42.0
2026-01-29 20:00:00,45.1,27.619426935089148,1.0,"Tema Community 7, Royal School",tabular,ridge_ar_lag_fourier,h24,2026-01-04T23:00:00,2026-01-18T23:00:00,2026-02-15T23:00:00,,,42.0
2026-01-29 21:00:00,46.5,28.758387526450843,1.0,"Tema Community 7, Royal School",tabular,ridge_ar_lag_fourier,h24,2026-01-04T23:00:00,2026-01-18T23:00:00,2026-02-15T23:00:00,,,42.0
2026-01-29 22:00:00,45.1,29.449032680320645,1.0,"Tema Community 7, Royal School",tabular,ridge_ar_lag_fourier,h24,2026-01-04T23:00:00,2026-01-18T23:00:00,2026-02-15T23:00:00,,,42.0
2026-01-29 23:00:00,40.9,31.718412473762054,1.0,"Tema Community 7, Royal School",tabular,ridge_ar_lag_fourier,h24,2026-01-04T23:00:00,2026-01-18T23:00:00,2026-02-15T23:00:00,,,42.0
2026-01-30 00:00:00,49.9,43.834036183747244,1.0,"Tema Community 7, Royal School",tabular,ridge_ar_lag_fourier,h24,2026-01-04T23:00:00,2026-01-18T23:00:00,2026-02-15T23:00:00,,,42.0
2026-01-30 01:00:00,41.7,39.95883494147563,1.0,"Tema Community 7, Royal School",tabular,ridge_ar_lag_fourier,h24,2026-01-04T23:00:00,2026-01-18T23:00:00,2026-02-15T23:00:00,,,42.0
2026-01-30 02:00:00,41.4,42.781894954937684,1.0,"Tema Community 7, Royal School",tabular,ridge_ar_lag_fourier,h24,2026-01-04T23:00:00,2026-01-18T23:00:00,2026-02-15T23:00:00,,,42.0
2026-01-30 03:00:00,44.1,44.89353529914362,1.0,"Tema Community 7, Royal School",tabular,ridge_ar_lag_fourier,h24,2026-01-04T23:00:00,2026-01-18T23:00:00,2026-02-15T23:00:00,,,42.0
2026-01-30 04:00:00,46.2,45.69549953508424,1.0,"Tema Community 7, Royal School",tabular,ridge_ar_lag_fourier,h24,2026-01-04T23:00:00,2026-01-18T23:00:00,2026-02-15T23:00:00,,,42.0
2026-01-30 05:00:00,62.4,47.823621671598964,1.0,"Tema Community 7, Royal School",tabular,ridge_ar_lag_fourier,h24,2026-01-04T23:00:00,2026-01-18T23:00:00,2026-02-15T23:00:00,,,42.0
2026-01-30 06:00:00,68.2,58.81456465362008,1.0,"Tema Community 7, Royal School",tabular,ridge_ar_lag_fourier,h24,2026-01-04T23:00:00,2026-01-18T23:00:00,2026-02-15T23:00:00,,,42.0
2026-01-30 07:00:00,79.5,54.460316311526526,1.0,"Tema Community 7, Royal School",tabular,ridge_ar_lag_fourier,h24,2026-01-04T23:00:00,2026-01-18T23:00:00,2026-02-15T23:00:00,,,42.0
2026-01-30 08:00:00,48.1,39.032871845841875,1.0,"Tema Community 7, Royal School",tabular,ridge_ar_lag_fourier,h24,2026-01-04T23:00:00,2026-01-18T23:00:00,2026-02-15T23:00:00,,,42.0
2026-01-30 09:00:00,45.0,34.91907771819227,1.0,"Tema Community 7, Royal School",tabular,ridge_ar_lag_fourier,h24,2026-01-04T23:00:00,2026-01-18T23:00:00,2026-02-15T23:00:00,,,42.0
2026-01-30 10:00:00,45.0,36.027276317532255,1.0,"Tema Community 7, Royal School",tabular,ridge_ar_lag_fourier,h24,2026-01-04T23:00:00,2026-01-18T23:00:00,2026-02-15T23:00:00,,,42.0
2026-01-30 11:00:00,45.6,35.32399637681657,1.0,"Tema Community 7, Royal School",tabular,ridge_ar_lag_fourier,h24,2026-01-04T23:00:00,2026-01-18T23:00:00,2026-02-15T23:00:00,,,42.0
2026-01-30 12:00:00,43.9,31.876090948668285,1.0,"Tema Community 7, Royal School",tabular,ridge_ar_lag_fourier,h24,2026-01-04T23:00:00,2026-01-18T23:00:00,2026-02-15T23:00:00,,,42.0
2026-01-30 13:00:00,41.9,29.523996962920087,1.0,"Tema Community 7, Royal School",tabular,ridge_ar_lag_fourier,h24,2026-01-04T23:00:00,2026-01-18T23:00:00,2026-02-15T23:00:00,,,42.0
2026-01-30 14:00:00,40.8,27.25927924237243,1.0,"Tema Community 7, Royal School",tabular,ridge_ar_lag_fourier,h24,2026-01-04T23:00:00,2026-01-18T23:00:00,2026-02-15T23:00:00,,,42.0
2026-01-30 15:00:00,40.4,26.18480539373583,1.0,"Tema Community 7, Royal School",tabular,ridge_ar_lag_fourier,h24,2026-01-04T23:00:00,2026-01-18T23:00:00,2026-02-15T23:00:00,,,42.0
2026-01-30 16:00:00,40.2,24.95943554180897,1.0,"Tema Community 7, Royal School",tabular,ridge_ar_lag_fourier,h24,2026-01-04T23:00:00,2026-01-18T23:00:00,2026-02-15T23:00:00,,,42.0
2026-01-30 17:00:00,48.4,26.304179675455416,1.0,"Tema Community 7, Royal School",tabular,ridge_ar_lag_fourier,h24,2026-01-04T23:00:00,2026-01-18T23:00:00,2026-02-15T23:00:00,,,42.0
2026-01-30 18:00:00,48.4,28.381030355432475,1.0,"Tema Community 7, Royal School",tabular,ridge_ar_lag_fourier,h24,2026-01-04T23:00:00,2026-01-18T23:00:00,2026-02-15T23:00:00,,,42.0
2026-01-30 19:00:00,43.6,28.531685240422632,1.0,"Tema Community 7, Royal School",tabular,ridge_ar_lag_fourier,h24,2026-01-04T23:00:00,2026-01-18T23:00:00,2026-02-15T23:00:00,,,42.0
2026-01-30 20:00:00,43.0,28.764390234599645,1.0,"Tema Community 7, Royal School",tabular,ridge_ar_lag_fourier,h24,2026-01-04T23:00:00,2026-01-18T23:00:00,2026-02-15T23:00:00,,,42.0
2026-01-30 21:00:00,42.4,30.46210349842128,1.0,"Tema Community 7, Royal School",tabular,ridge_ar_lag_fourier,h24,2026-01-04T23:00:00,2026-01-18T23:00:00,2026-02-15T23:00:00,,,42.0
2026-01-30 22:00:00,43.3,31.22939909246143,1.0,"Tema Community 7, Royal School",tabular,ridge_ar_lag_fourier,h24,2026-01-04T23:00:00,2026-01-18T23:00:00,2026-02-15T23:00:00,,,42.0
2026-01-30 23:00:00,41.7,32.40881184965002,1.0,"Tema Community 7, Royal School",tabular,ridge_ar_lag_fourier,h24,2026-01-04T23:00:00,2026-01-18T23:00:00,2026-02-15T23:00:00,,,42.0
2026-01-31 00:00:00,42.2,40.161975716486566,1.0,"Tema Community 7, Royal School",tabular,ridge_ar_lag_fourier,h24,2026-01-04T23:00:00,2026-01-18T23:00:00,2026-02-15T23:00:00,,,42.0
2026-01-31 01:00:00,40.8,38.80319177228345,1.0,"Tema Community 7, Royal School",tabular,ridge_ar_lag_fourier,h24,2026-01-04T23:00:00,2026-01-18T23:00:00,2026-02-15T23:00:00,,,42.0
2026-01-31 02:00:00,40.9,38.5761134915743,1.0,"Tema Community 7, Royal School",tabular,ridge_ar_lag_fourier,h24,2026-01-04T23:00:00,2026-01-18T23:00:00,2026-02-15T23:00:00,,,42.0
2026-01-31 03:00:00,46.2,38.91334417392055,1.0,"Tema Community 7, Royal School",tabular,ridge_ar_lag_fourier,h24,2026-01-04T23:00:00,2026-01-18T23:00:00,2026-02-15T23:00:00,,,42.0
2026-01-31 04:00:00,47.9,42.28848948051919,1.0,"Tema Community 7, Royal School",tabular,ridge_ar_lag_fourier,h24,2026-01-04T23:00:00,2026-01-18T23:00:00,2026-02-15T23:00:00,,,42.0
2026-01-31 05:00:00,49.1,47.52066952792144,1.0,"Tema Community 7, Royal School",tabular,ridge_ar_lag_fourier,h24,2026-01-04T23:00:00,2026-01-18T23:00:00,2026-02-15T23:00:00,,,42.0
2026-01-31 06:00:00,120.7,60.69655027725098,1.0,"Tema Community 7, Royal School",tabular,ridge_ar_lag_fourier,h24,2026-01-04T23:00:00,2026-01-18T23:00:00,2026-02-15T23:00:00,,,42.0
2026-01-31 07:00:00,74.0,52.822176088150854,1.0,"Tema Community 7, Royal School",tabular,ridge_ar_lag_fourier,h24,2026-01-04T23:00:00,2026-01-18T23:00:00,2026-02-15T23:00:00,,,42.0
2026-01-31 08:00:00,51.7,42.15265633965276,1.0,"Tema Community 7, Royal School",tabular,ridge_ar_lag_fourier,h24,2026-01-04T23:00:00,2026-01-18T23:00:00,2026-02-15T23:00:00,,,42.0
2026-01-31 09:00:00,47.0,36.34572097933879,1.0,"Tema Community 7, Royal School",tabular,ridge_ar_lag_fourier,h24,2026-01-04T23:00:00,2026-01-18T23:00:00,2026-02-15T23:00:00,,,42.0
2026-01-31 10:00:00,49.3,36.07831004705791,1.0,"Tema Community 7, Royal School",tabular,ridge_ar_lag_fourier,h24,2026-01-04T23:00:00,2026-01-18T23:00:00,2026-02-15T23:00:00,,,42.0
2026-01-31 11:00:00,42.4,35.3952458325757,1.0,"Tema Community 7, Royal School",tabular,ridge_ar_lag_fourier,h24,2026-01-04T23:00:00,2026-01-18T23:00:00,2026-02-15T23:00:00,,,42.0
2026-01-31 12:00:00,37.9,32.99817389508834,1.0,"Tema Community 7, Royal School",tabular,ridge_ar_lag_fourier,h24,2026-01-04T23:00:00,2026-01-18T23:00:00,2026-02-15T23:00:00,,,42.0
2026-01-31 13:00:00,36.2,29.603306027651417,1.0,"Tema Community 7, Royal School",tabular,ridge_ar_lag_fourier,h24,2026-01-04T23:00:00,2026-01-18T23:00:00,2026-02-15T23:00:00,,,42.0
2026-01-31 14:00:00,38.3,27.84841047778149,1.0,"Tema Community 7, Royal School",tabular,ridge_ar_lag_fourier,h24,2026-01-04T23:00:00,2026-01-18T23:00:00,2026-02-15T23:00:00,,,42.0
2026-01-31 15:00:00,37.9,27.643511816075616,1.0,"Tema Community 7, Royal School",tabular,ridge_ar_lag_fourier,h24,2026-01-04T23:00:00,2026-01-18T23:00:00,2026-02-15T23:00:00,,,42.0
2026-01-31 16:00:00,35.9,26.77816290687366,1.0,"Tema Community 7, Royal School",tabular,ridge_ar_lag_fourier,h24,2026-01-04T23:00:00,2026-01-18T23:00:00,2026-02-15T23:00:00,,,42.0
2026-01-31 17:00:00,36.8,27.88004183825135,1.0,"Tema Community 7, Royal School",tabular,ridge_ar_lag_fourier,h24,2026-01-04T23:00:00,2026-01-18T23:00:00,2026-02-15T23:00:00,,,42.0
2026-01-31 18:00:00,37.5,30.722415033767756,1.0,"Tema Community 7, Royal School",tabular,ridge_ar_lag_fourier,h24,2026-01-04T23:00:00,2026-01-18T23:00:00,2026-02-15T23:00:00,,,42.0
2026-01-31 19:00:00,38.3,30.588519235914667,1.0,"Tema Community 7, Royal School",tabular,ridge_ar_lag_fourier,h24,2026-01-04T23:00:00,2026-01-18T23:00:00,2026-02-15T23:00:00,,,42.0
2026-01-31 20:00:00,37.7,29.63186995836063,1.0,"Tema Community 7, Royal School",tabular,ridge_ar_lag_fourier,h24,2026-01-04T23:00:00,2026-01-18T23:00:00,2026-02-15T23:00:00,,,42.0
2026-01-31 21:00:00,48.1,30.746903307867356,1.0,"Tema Community 7, Royal School",tabular,ridge_ar_lag_fourier,h24,2026-01-04T23:00:00,2026-01-18T23:00:00,2026-02-15T23:00:00,,,42.0
2026-01-31 22:00:00,42.2,31.112963566165632,1.0,"Tema Community 7, Royal School",tabular,ridge_ar_lag_fourier,h24,2026-01-04T23:00:00,2026-01-18T23:00:00,2026-02-15T23:00:00,,,42.0
2026-01-31 23:00:00,44.8,31.520541831866744,1.0,"Tema Community 7, Royal School",tabular,ridge_ar_lag_fourier,h24,2026-01-04T23:00:00,2026-01-18T23:00:00,2026-02-15T23:00:00,,,42.0
2026-02-01 00:00:00,44.9,38.73961218999205,1.0,"Tema Community 7, Royal School",tabular,ridge_ar_lag_fourier,h24,2026-01-04T23:00:00,2026-01-18T23:00:00,2026-02-15T23:00:00,,,42.0
2026-02-01 01:00:00,39.0,37.13346818045339,1.0,"Tema Community 7, Royal School",tabular,ridge_ar_lag_fourier,h24,2026-01-04T23:00:00,2026-01-18T23:00:00,2026-02-15T23:00:00,,,42.0
2026-02-01 02:00:00,34.8,38.262141436952625,1.0,"Tema Community 7, Royal School",tabular,ridge_ar_lag_fourier,h24,2026-01-04T23:00:00,2026-01-18T23:00:00,2026-02-15T23:00:00,,,42.0
2026-02-01 03:00:00,34.6,37.95402195183097,1.0,"Tema Community 7, Royal School",tabular,ridge_ar_lag_fourier,h24,2026-01-04T23:00:00,2026-01-18T23:00:00,2026-02-15T23:00:00,,,42.0
2026-02-01 04:00:00,34.4,41.62997579764138,1.0,"Tema Community 7, Royal School",tabular,ridge_ar_lag_fourier,h24,2026-01-04T23:00:00,2026-01-18T23:00:00,2026-02-15T23:00:00,,,42.0
2026-02-01 05:00:00,42.3,48.693981132490194,1.0,"Tema Community 7, Royal School",tabular,ridge_ar_lag_fourier,h24,2026-01-04T23:00:00,2026-01-18T23:00:00,2026-02-15T23:00:00,,,42.0
2026-02-01 06:00:00,60.4,60.72444230669386,1.0,"Tema Community 7, Royal School",tabular,ridge_ar_lag_fourier,h24,2026-01-04T23:00:00,2026-01-18T23:00:00,2026-02-15T23:00:00,,,42.0
2026-02-01 07:00:00,61.9,61.697408292009186,1.0,"Tema Community 7, Royal School",tabular,ridge_ar_lag_fourier,h24,2026-01-04T23:00:00,2026-01-18T23:00:00,2026-02-15T23:00:00,,,42.0
2026-02-01 08:00:00,56.2,43.54196094914198,1.0,"Tema Community 7, Royal School",tabular,ridge_ar_lag_fourier,h24,2026-01-04T23:00:00,2026-01-18T23:00:00,2026-02-15T23:00:00,,,42.0
2026-02-01 09:00:00,46.3,37.26874285089604,1.0,"Tema Community 7, Royal School",tabular,ridge_ar_lag_fourier,h24,2026-01-04T23:00:00,2026-01-18T23:00:00,2026-02-15T23:00:00,,,42.0
2026-02-01 10:00:00,44.1,35.8473061602624,1.0,"Tema Community 7, Royal School",tabular,ridge_ar_lag_fourier,h24,2026-01-04T23:00:00,2026-01-18T23:00:00,2026-02-15T23:00:00,,,42.0
2026-02-01 11:00:00,36.4,36.854134052136686,1.0,"Tema Community 7, Royal School",tabular,ridge_ar_lag_fourier,h24,2026-01-04T23:00:00,2026-01-18T23:00:00,2026-02-15T23:00:00,,,42.0
2026-02-01 12:00:00,34.4,33.20926828243817,1.0,"Tema Community 7, Royal School",tabular,ridge_ar_lag_fourier,h24,2026-01-04T23:00:00,2026-01-18T23:00:00,2026-02-15T23:00:00,,,42.0
2026-02-01 13:00:00,33.9,29.538230125888226,1.0,"Tema Community 7, Royal School",tabular,ridge_ar_lag_fourier,h24,2026-01-04T23:00:00,2026-01-18T23:00:00,2026-02-15T23:00:00,,,42.0
2026-02-01 14:00:00,31.8,27.709941092823794,1.0,"Tema Community 7, Royal School",tabular,ridge_ar_lag_fourier,h24,2026-01-04T23:00:00,2026-01-18T23:00:00,2026-02-15T23:00:00,,,42.0
2026-02-01 15:00:00,38.7,27.83134479929795,1.0,"Tema Community 7, Royal School",tabular,ridge_ar_lag_fourier,h24,2026-01-04T23:00:00,2026-01-18T23:00:00,2026-02-15T23:00:00,,,42.0
2026-02-01 16:00:00,36.3,26.39032183529539,1.0,"Tema Community 7, Royal School",tabular,ridge_ar_lag_fourier,h24,2026-01-04T23:00:00,2026-01-18T23:00:00,2026-02-15T23:00:00,,,42.0
2026-02-01 17:00:00,41.3,28.677177616197962,1.0,"Tema Community 7, Royal School",tabular,ridge_ar_lag_fourier,h24,2026-01-04T23:00:00,2026-01-18T23:00:00,2026-02-15T23:00:00,,,42.0
2026-02-01 18:00:00,46.2,31.73067114131882,1.0,"Tema Community 7, Royal School",tabular,ridge_ar_lag_fourier,h24,2026-01-04T23:00:00,2026-01-18T23:00:00,2026-02-15T23:00:00,,,42.0
2026-02-01 19:00:00,51.9,31.20915112512477,1.0,"Tema Community 7, Royal School",tabular,ridge_ar_lag_fourier,h24,2026-01-04T23:00:00,2026-01-18T23:00:00,2026-02-15T23:00:00,,,42.0
2026-02-01 20:00:00,41.8,35.08963102969274,1.0,"Tema Community 7, Royal School",tabular,ridge_ar_lag_fourier,h24,2026-01-04T23:00:00,2026-01-18T23:00:00,2026-02-15T23:00:00,,,42.0
2026-02-01 21:00:00,39.8,34.59800840974554,1.0,"Tema Community 7, Royal School",tabular,ridge_ar_lag_fourier,h24,2026-01-04T23:00:00,2026-01-18T23:00:00,2026-02-15T23:00:00,,,42.0
2026-02-01 22:00:00,43.1,32.724714878936744,1.0,"Tema Community 7, Royal School",tabular,ridge_ar_lag_fourier,h24,2026-01-04T23:00:00,2026-01-18T23:00:00,2026-02-15T23:00:00,,,42.0
2026-02-01 23:00:00,43.7,33.031656638910896,1.0,"Tema Community 7, Royal School",tabular,ridge_ar_lag_fourier,h24,2026-01-04T23:00:00,2026-01-18T23:00:00,2026-02-15T23:00:00,,,42.0
2026-02-02 00:00:00,48.3,41.51001356629221,1.0,"Tema Community 7, Royal School",tabular,ridge_ar_lag_fourier,h24,2026-01-04T23:00:00,2026-01-18T23:00:00,2026-02-15T23:00:00,,,42.0
2026-02-02 01:00:00,34.9,37.527954858554786,1.0,"Tema Community 7, Royal School",tabular,ridge_ar_lag_fourier,h24,2026-01-04T23:00:00,2026-01-18T23:00:00,2026-02-15T23:00:00,,,42.0
2026-02-02 02:00:00,38.2,39.24722379107804,1.0,"Tema Community 7, Royal School",tabular,ridge_ar_lag_fourier,h24,2026-01-04T23:00:00,2026-01-18T23:00:00,2026-02-15T23:00:00,,,42.0
2026-02-02 03:00:00,66.6,39.00678366849857,1.0,"Tema Community 7, Royal School",tabular,ridge_ar_lag_fourier,h24,2026-01-04T23:00:00,2026-01-18T23:00:00,2026-02-15T23:00:00,,,42.0
2026-02-02 04:00:00,47.0,40.56053593607281,1.0,"Tema Community 7, Royal School",tabular,ridge_ar_lag_fourier,h24,2026-01-04T23:00:00,2026-01-18T23:00:00,2026-02-15T23:00:00,,,42.0
2026-02-02 05:00:00,52.8,51.72051848481357,1.0,"Tema Community 7, Royal School",tabular,ridge_ar_lag_fourier,h24,2026-01-04T23:00:00,2026-01-18T23:00:00,2026-02-15T23:00:00,,,42.0
2026-02-02 06:00:00,73.8,64.13554991995515,1.0,"Tema Community 7, Royal School",tabular,ridge_ar_lag_fourier,h24,2026-01-04T23:00:00,2026-01-18T23:00:00,2026-02-15T23:00:00,,,42.0
2026-02-02 07:00:00,55.6,55.343510015391516,1.0,"Tema Community 7, Royal School",tabular,ridge_ar_lag_fourier,h24,2026-01-04T23:00:00,2026-01-18T23:00:00,2026-02-15T23:00:00,,,42.0
2026-02-02 08:00:00,69.7,42.148715363127536,1.0,"Tema Community 7, Royal School",tabular,ridge_ar_lag_fourier,h24,2026-01-04T23:00:00,2026-01-18T23:00:00,2026-02-15T23:00:00,,,42.0
2026-02-02 09:00:00,46.1,40.52263832188641,1.0,"Tema Community 7, Royal School",tabular,ridge_ar_lag_fourier,h24,2026-01-04T23:00:00,2026-01-18T23:00:00,2026-02-15T23:00:00,,,42.0
2026-02-02 10:00:00,34.9,37.63621570297196,1.0,"Tema Community 7, Royal School",tabular,ridge_ar_lag_fourier,h24,2026-01-04T23:00:00,2026-01-18T23:00:00,2026-02-15T23:00:00,,,42.0
2026-02-02 11:00:00,31.1,36.47396840075271,1.0,"Tema Community 7, Royal School",tabular,ridge_ar_lag_fourier,h24,2026-01-04T23:00:00,2026-01-18T23:00:00,2026-02-15T23:00:00,,,42.0
2026-02-02 12:00:00,29.9,33.30615102386474,1.0,"Tema Community 7, Royal School",tabular,ridge_ar_lag_fourier,h24,2026-01-04T23:00:00,2026-01-18T23:00:00,2026-02-15T23:00:00,,,42.0
2026-02-02 13:00:00,28.9,29.75342543563424,1.0,"Tema Community 7, Royal School",tabular,ridge_ar_lag_fourier,h24,2026-01-04T23:00:00,2026-01-18T23:00:00,2026-02-15T23:00:00,,,42.0
2026-02-02 14:00:00,30.4,28.055226238994862,1.0,"Tema Community 7, Royal School",tabular,ridge_ar_lag_fourier,h24,2026-01-04T23:00:00,2026-01-18T23:00:00,2026-02-15T23:00:00,,,42.0
2026-02-02 15:00:00,37.1,28.218305568336767,1.0,"Tema Community 7, Royal School",tabular,ridge_ar_lag_fourier,h24,2026-01-04T23:00:00,2026-01-18T23:00:00,2026-02-15T23:00:00,,,42.0
2026-02-02 16:00:00,37.4,28.19641931450387,1.0,"Tema Community 7, Royal School",tabular,ridge_ar_lag_fourier,h24,2026-01-04T23:00:00,2026-01-18T23:00:00,2026-02-15T23:00:00,,,42.0
2026-02-02 17:00:00,36.7,29.415817023811357,1.0,"Tema Community 7, Royal School",tabular,ridge_ar_lag_fourier,h24,2026-01-04T23:00:00,2026-01-18T23:00:00,2026-02-15T23:00:00,,,42.0
2026-02-02 18:00:00,44.1,32.14440598286935,1.0,"Tema Community 7, Royal School",tabular,ridge_ar_lag_fourier,h24,2026-01-04T23:00:00,2026-01-18T23:00:00,2026-02-15T23:00:00,,,42.0
2026-02-02 19:00:00,60.5,33.28454950158937,1.0,"Tema Community 7, Royal School",tabular,ridge_ar_lag_fourier,h24,2026-01-04T23:00:00,2026-01-18T23:00:00,2026-02-15T23:00:00,,,42.0
2026-02-02 20:00:00,38.9,33.69979492013194,1.0,"Tema Community 7, Royal School",tabular,ridge_ar_lag_fourier,h24,2026-01-04T23:00:00,2026-01-18T23:00:00,2026-02-15T23:00:00,,,42.0
2026-02-02 21:00:00,42.6,33.835620201738905,1.0,"Tema Community 7, Royal School",tabular,ridge_ar_lag_fourier,h24,2026-01-04T23:00:00,2026-01-18T23:00:00,2026-02-15T23:00:00,,,42.0
2026-02-02 22:00:00,50.5,33.54098583723305,1.0,"Tema Community 7, Royal School",tabular,ridge_ar_lag_fourier,h24,2026-01-04T23:00:00,2026-01-18T23:00:00,2026-02-15T23:00:00,,,42.0
2026-02-02 23:00:00,59.7,35.28871085453526,1.0,"Tema Community 7, Royal School",tabular,ridge_ar_lag_fourier,h24,2026-01-04T23:00:00,2026-01-18T23:00:00,2026-02-15T23:00:00,,,42.0
2026-02-03 00:00:00,56.7,44.556401459795154,1.0,"Tema Community 7, Royal School",tabular,ridge_ar_lag_fourier,h24,2026-01-04T23:00:00,2026-01-18T23:00:00,2026-02-15T23:00:00,,,42.0
2026-02-03 01:00:00,76.9,39.95027875706003,1.0,"Tema Community 7, Royal School",tabular,ridge_ar_lag_fourier,h24,2026-01-04T23:00:00,2026-01-18T23:00:00,2026-02-15T23:00:00,,,42.0
2026-02-03 02:00:00,49.9,40.09552096556297,1.0,"Tema Community 7, Royal School",tabular,ridge_ar_lag_fourier,h24,2026-01-04T23:00:00,2026-01-18T23:00:00,2026-02-15T23:00:00,,,42.0
2026-02-03 03:00:00,43.2,39.57479387536815,1.0,"Tema Community 7, Royal School",tabular,ridge_ar_lag_fourier,h24,2026-01-04T23:00:00,2026-01-18T23:00:00,2026-02-15T23:00:00,,,42.0
2026-02-03 04:00:00,42.8,44.4136681349748,1.0,"Tema Community 7, Royal School",tabular,ridge_ar_lag_fourier,h24,2026-01-04T23:00:00,2026-01-18T23:00:00,2026-02-15T23:00:00,,,42.0
2026-02-03 05:00:00,49.9,51.74106130382212,1.0,"Tema Community 7, Royal School",tabular,ridge_ar_lag_fourier,h24,2026-01-04T23:00:00,2026-01-18T23:00:00,2026-02-15T23:00:00,,,42.0
2026-02-03 06:00:00,51.8,63.263448587215365,1.0,"Tema Community 7, Royal School",tabular,ridge_ar_lag_fourier,h24,2026-01-04T23:00:00,2026-01-18T23:00:00,2026-02-15T23:00:00,,,42.0
2026-02-03 07:00:00,61.3,59.08639003058086,1.0,"Tema Community 7, Royal School",tabular,ridge_ar_lag_fourier,h24,2026-01-04T23:00:00,2026-01-18T23:00:00,2026-02-15T23:00:00,,,42.0
2026-02-03 08:00:00,37.8,43.652172182862756,1.0,"Tema Community 7, Royal School",tabular,ridge_ar_lag_fourier,h24,2026-01-04T23:00:00,2026-01-18T23:00:00,2026-02-15T23:00:00,,,42.0
2026-02-03 09:00:00,43.1,42.81510862536918,1.0,"Tema Community 7, Royal School",tabular,ridge_ar_lag_fourier,h24,2026-01-04T23:00:00,2026-01-18T23:00:00,2026-02-15T23:00:00,,,42.0
2026-02-03 10:00:00,41.6,38.654773982379666,1.0,"Tema Community 7, Royal School",tabular,ridge_ar_lag_fourier,h24,2026-01-04T23:00:00,2026-01-18T23:00:00,2026-02-15T23:00:00,,,42.0
2026-02-03 11:00:00,47.4,36.12564627700721,1.0,"Tema Community 7, Royal School",tabular,ridge_ar_lag_fourier,h24,2026-01-04T23:00:00,2026-01-18T23:00:00,2026-02-15T23:00:00,,,42.0
2026-02-03 12:00:00,36.7,33.8194833618316,1.0,"Tema Community 7, Royal School",tabular,ridge_ar_lag_fourier,h24,2026-01-04T23:00:00,2026-01-18T23:00:00,2026-02-15T23:00:00,,,42.0
2026-02-03 13:00:00,36.9,30.834169680864488,1.0,"Tema Community 7, Royal School",tabular,ridge_ar_lag_fourier,h24,2026-01-04T23:00:00,2026-01-18T23:00:00,2026-02-15T23:00:00,,,42.0
2026-02-03 14:00:00,36.2,29.676769536717188,1.0,"Tema Community 7, Royal School",tabular,ridge_ar_lag_fourier,h24,2026-01-04T23:00:00,2026-01-18T23:00:00,2026-02-15T23:00:00,,,42.0
2026-02-03 15:00:00,39.4,30.537344287188397,1.0,"Tema Community 7, Royal School",tabular,ridge_ar_lag_fourier,h24,2026-01-04T23:00:00,2026-01-18T23:00:00,2026-02-15T23:00:00,,,42.0
2026-02-03 16:00:00,35.7,29.314921190314074,1.0,"Tema Community 7, Royal School",tabular,ridge_ar_lag_fourier,h24,2026-01-04T23:00:00,2026-01-18T23:00:00,2026-02-15T23:00:00,,,42.0
2026-02-03 17:00:00,30.9,31.78337332662522,1.0,"Tema Community 7, Royal School",tabular,ridge_ar_lag_fourier,h24,2026-01-04T23:00:00,2026-01-18T23:00:00,2026-02-15T23:00:00,,,42.0
2026-02-03 18:00:00,41.1,34.03101181341492,1.0,"Tema Community 7, Royal School",tabular,ridge_ar_lag_fourier,h24,2026-01-04T23:00:00,2026-01-18T23:00:00,2026-02-15T23:00:00,,,42.0
2026-02-03 19:00:00,51.3,34.4771058617099,1.0,"Tema Community 7, Royal School",tabular,ridge_ar_lag_fourier,h24,2026-01-04T23:00:00,2026-01-18T23:00:00,2026-02-15T23:00:00,,,42.0
2026-02-03 20:00:00,71.8,36.37799951855439,1.0,"Tema Community 7, Royal School",tabular,ridge_ar_lag_fourier,h24,2026-01-04T23:00:00,2026-01-18T23:00:00,2026-02-15T23:00:00,,,42.0
2026-02-03 21:00:00,70.6,33.47324465615025,1.0,"Tema Community 7, Royal School",tabular,ridge_ar_lag_fourier,h24,2026-01-04T23:00:00,2026-01-18T23:00:00,2026-02-15T23:00:00,,,42.0
2026-02-03 22:00:00,51.9,32.954154856467255,1.0,"Tema Community 7, Royal School",tabular,ridge_ar_lag_fourier,h24,2026-01-04T23:00:00,2026-01-18T23:00:00,2026-02-15T23:00:00,,,42.0
2026-02-03 23:00:00,44.1,35.573945413999894,1.0,"Tema Community 7, Royal School",tabular,ridge_ar_lag_fourier,h24,2026-01-04T23:00:00,2026-01-18T23:00:00,2026-02-15T23:00:00,,,42.0
2026-02-04 00:00:00,54.3,41.55390470920362,1.0,"Tema Community 7, Royal School",tabular,ridge_ar_lag_fourier,h24,2026-01-04T23:00:00,2026-01-18T23:00:00,2026-02-15T23:00:00,,,42.0
2026-02-04 01:00:00,41.9,37.79086982789656,1.0,"Tema Community 7, Royal School",tabular,ridge_ar_lag_fourier,h24,2026-01-04T23:00:00,2026-01-18T23:00:00,2026-02-15T23:00:00,,,42.0
2026-02-04 02:00:00,37.3,42.10520397440447,1.0,"Tema Community 7, Royal School",tabular,ridge_ar_lag_fourier,h24,2026-01-04T23:00:00,2026-01-18T23:00:00,2026-02-15T23:00:00,,,42.0
2026-02-04 03:00:00,44.3,40.6037760818557,1.0,"Tema Community 7, Royal School",tabular,ridge_ar_lag_fourier,h24,2026-01-04T23:00:00,2026-01-18T23:00:00,2026-02-15T23:00:00,,,42.0
2026-02-04 04:00:00,55.4,40.54994356930085,1.0,"Tema Community 7, Royal School",tabular,ridge_ar_lag_fourier,h24,2026-01-04T23:00:00,2026-01-18T23:00:00,2026-02-15T23:00:00,,,42.0
2026-02-04 05:00:00,86.9,48.89932656883625,1.0,"Tema Community 7, Royal School",tabular,ridge_ar_lag_fourier,h24,2026-01-04T23:00:00,2026-01-18T23:00:00,2026-02-15T23:00:00,,,42.0
2026-02-04 06:00:00,93.6,60.12647237043352,1.0,"Tema Community 7, Royal School",tabular,ridge_ar_lag_fourier,h24,2026-01-04T23:00:00,2026-01-18T23:00:00,2026-02-15T23:00:00,,,42.0
2026-02-04 07:00:00,86.1,54.84368824894083,1.0,"Tema Community 7, Royal School",tabular,ridge_ar_lag_fourier,h24,2026-01-04T23:00:00,2026-01-18T23:00:00,2026-02-15T23:00:00,,,42.0
2026-02-04 08:00:00,62.2,43.90139304918621,1.0,"Tema Community 7, Royal School",tabular,ridge_ar_lag_fourier,h24,2026-01-04T23:00:00,2026-01-18T23:00:00,2026-02-15T23:00:00,,,42.0
2026-02-04 09:00:00,68.6,37.29852773578642,1.0,"Tema Community 7, Royal School",tabular,ridge_ar_lag_fourier,h24,2026-01-04T23:00:00,2026-01-18T23:00:00,2026-02-15T23:00:00,,,42.0
2026-02-04 10:00:00,53.2,35.97701738827173,1.0,"Tema Community 7, Royal School",tabular,ridge_ar_lag_fourier,h24,2026-01-04T23:00:00,2026-01-18T23:00:00,2026-02-15T23:00:00,,,42.0
2026-02-04 11:00:00,54.6,34.31477054525746,1.0,"Tema Community 7, Royal School",tabular,ridge_ar_lag_fourier,h24,2026-01-04T23:00:00,2026-01-18T23:00:00,2026-02-15T23:00:00,,,42.0
2026-02-04 12:00:00,38.3,34.50893181534856,1.0,"Tema Community 7, Royal School",tabular,ridge_ar_lag_fourier,h24,2026-01-04T23:00:00,2026-01-18T23:00:00,2026-02-15T23:00:00,,,42.0
2026-02-04 13:00:00,35.4,30.21753746529059,1.0,"Tema Community 7, Royal School",tabular,ridge_ar_lag_fourier,h24,2026-01-04T23:00:00,2026-01-18T23:00:00,2026-02-15T23:00:00,,,42.0
2026-02-04 14:00:00,32.6,28.816257938440337,1.0,"Tema Community 7, Royal School",tabular,ridge_ar_lag_fourier,h24,2026-01-04T23:00:00,2026-01-18T23:00:00,2026-02-15T23:00:00,,,42.0
2026-02-04 15:00:00,31.2,29.87985161463768,1.0,"Tema Community 7, Royal School",tabular,ridge_ar_lag_fourier,h24,2026-01-04T23:00:00,2026-01-18T23:00:00,2026-02-15T23:00:00,,,42.0
2026-02-04 16:00:00,24.0,29.99515697736918,1.0,"Tema Community 7, Royal School",tabular,ridge_ar_lag_fourier,h24,2026-01-04T23:00:00,2026-01-18T23:00:00,2026-02-15T23:00:00,,,42.0
2026-02-04 17:00:00,27.6,31.27770488164445,1.0,"Tema Community 7, Royal School",tabular,ridge_ar_lag_fourier,h24,2026-01-04T23:00:00,2026-01-18T23:00:00,2026-02-15T23:00:00,,,42.0
2026-02-04 18:00:00,26.2,34.277743259136784,1.0,"Tema Community 7, Royal School",tabular,ridge_ar_lag_fourier,h24,2026-01-04T23:00:00,2026-01-18T23:00:00,2026-02-15T23:00:00,,,42.0
2026-02-04 19:00:00,26.1,35.77138134836618,1.0,"Tema Community 7, Royal School",tabular,ridge_ar_lag_fourier,h24,2026-01-04T23:00:00,2026-01-18T23:00:00,2026-02-15T23:00:00,,,42.0
2026-02-04 20:00:00,17.6,35.10141367340529,1.0,"Tema Community 7, Royal School",tabular,ridge_ar_lag_fourier,h24,2026-01-04T23:00:00,2026-01-18T23:00:00,2026-02-15T23:00:00,,,42.0
2026-02-04 21:00:00,26.8,38.22736214126017,1.0,"Tema Community 7, Royal School",tabular,ridge_ar_lag_fourier,h24,2026-01-04T23:00:00,2026-01-18T23:00:00,2026-02-15T23:00:00,,,42.0
2026-02-04 22:00:00,31.4,37.243153624709976,1.0,"Tema Community 7, Royal School",tabular,ridge_ar_lag_fourier,h24,2026-01-04T23:00:00,2026-01-18T23:00:00,2026-02-15T23:00:00,,,42.0
2026-02-04 23:00:00,41.8,35.483594469761385,1.0,"Tema Community 7, Royal School",tabular,ridge_ar_lag_fourier,h24,2026-01-04T23:00:00,2026-01-18T23:00:00,2026-02-15T23:00:00,,,42.0
2026-02-05 00:00:00,42.2,39.78220629814979,1.0,"Tema Community 7, Royal School",tabular,ridge_ar_lag_fourier,h24,2026-01-04T23:00:00,2026-01-18T23:00:00,2026-02-15T23:00:00,,,42.0
2026-02-05 01:00:00,52.7,39.77052266656911,1.0,"Tema Community 7, Royal School",tabular,ridge_ar_lag_fourier,h24,2026-01-04T23:00:00,2026-01-18T23:00:00,2026-02-15T23:00:00,,,42.0
2026-02-05 02:00:00,46.2,37.26989595732055,1.0,"Tema Community 7, Royal School",tabular,ridge_ar_lag_fourier,h24,2026-01-04T23:00:00,2026-01-18T23:00:00,2026-02-15T23:00:00,,,42.0
2026-02-05 03:00:00,41.3,37.332046043122205,1.0,"Tema Community 7, Royal School",tabular,ridge_ar_lag_fourier,h24,2026-01-04T23:00:00,2026-01-18T23:00:00,2026-02-15T23:00:00,,,42.0
2026-02-05 04:00:00,36.6,44.93362311343327,1.0,"Tema Community 7, Royal School",tabular,ridge_ar_lag_fourier,h24,2026-01-04T23:00:00,2026-01-18T23:00:00,2026-02-15T23:00:00,,,42.0
2026-02-05 05:00:00,54.7,54.663324030097655,1.0,"Tema Community 7, Royal School",tabular,ridge_ar_lag_fourier,h24,2026-01-04T23:00:00,2026-01-18T23:00:00,2026-02-15T23:00:00,,,42.0
2026-02-05 06:00:00,62.3,64.65059959693775,1.0,"Tema Community 7, Royal School",tabular,ridge_ar_lag_fourier,h24,2026-01-04T23:00:00,2026-01-18T23:00:00,2026-02-15T23:00:00,,,42.0
2026-02-05 07:00:00,44.9,57.462111193234975,1.0,"Tema Community 7, Royal School",tabular,ridge_ar_lag_fourier,h24,2026-01-04T23:00:00,2026-01-18T23:00:00,2026-02-15T23:00:00,,,42.0
2026-02-05 08:00:00,33.6,46.03123472132833,1.0,"Tema Community 7, Royal School",tabular,ridge_ar_lag_fourier,h24,2026-01-04T23:00:00,2026-01-18T23:00:00,2026-02-15T23:00:00,,,42.0
2026-02-05 09:00:00,27.2,38.58440598475488,1.0,"Tema Community 7, Royal School",tabular,ridge_ar_lag_fourier,h24,2026-01-04T23:00:00,2026-01-18T23:00:00,2026-02-15T23:00:00,,,42.0
2026-02-05 10:00:00,22.3,38.1806774611284,1.0,"Tema Community 7, Royal School",tabular,ridge_ar_lag_fourier,h24,2026-01-04T23:00:00,2026-01-18T23:00:00,2026-02-15T23:00:00,,,42.0
2026-02-05 11:00:00,19.5,35.354467861547356,1.0,"Tema Community 7, Royal School",tabular,ridge_ar_lag_fourier,h24,2026-01-04T23:00:00,2026-01-18T23:00:00,2026-02-15T23:00:00,,,42.0
2026-02-05 12:00:00,20.5,33.78867931445614,1.0,"Tema Community 7, Royal School",tabular,ridge_ar_lag_fourier,h24,2026-01-04T23:00:00,2026-01-18T23:00:00,2026-02-15T23:00:00,,,42.0
2026-02-05 13:00:00,19.7,28.56976392964143,1.0,"Tema Community 7, Royal School",tabular,ridge_ar_lag_fourier,h24,2026-01-04T23:00:00,2026-01-18T23:00:00,2026-02-15T23:00:00,,,42.0
2026-02-05 14:00:00,23.2,27.348570196900397,1.0,"Tema Community 7, Royal School",tabular,ridge_ar_lag_fourier,h24,2026-01-04T23:00:00,2026-01-18T23:00:00,2026-02-15T23:00:00,,,42.0
2026-02-05 15:00:00,36.7,28.304040222760797,1.0,"Tema Community 7, Royal School",tabular,ridge_ar_lag_fourier,h24,2026-01-04T23:00:00,2026-01-18T23:00:00,2026-02-15T23:00:00,,,42.0
2026-02-05 16:00:00,30.8,27.234044697310264,1.0,"Tema Community 7, Royal School",tabular,ridge_ar_lag_fourier,h24,2026-01-04T23:00:00,2026-01-18T23:00:00,2026-02-15T23:00:00,,,42.0
2026-02-05 17:00:00,27.9,28.929530276919284,1.0,"Tema Community 7, Royal School",tabular,ridge_ar_lag_fourier,h24,2026-01-04T23:00:00,2026-01-18T23:00:00,2026-02-15T23:00:00,,,42.0
2026-02-05 18:00:00,28.1,31.885324935652232,1.0,"Tema Community 7, Royal School",tabular,ridge_ar_lag_fourier,h24,2026-01-04T23:00:00,2026-01-18T23:00:00,2026-02-15T23:00:00,,,42.0
2026-02-05 19:00:00,31.2,33.24259169222695,1.0,"Tema Community 7, Royal School",tabular,ridge_ar_lag_fourier,h24,2026-01-04T23:00:00,2026-01-18T23:00:00,2026-02-15T23:00:00,,,42.0
2026-02-05 20:00:00,44.4,33.003838332221505,1.0,"Tema Community 7, Royal School",tabular,ridge_ar_lag_fourier,h24,2026-01-04T23:00:00,2026-01-18T23:00:00,2026-02-15T23:00:00,,,42.0
2026-02-05 21:00:00,27.9,32.434547412236526,1.0,"Tema Community 7, Royal School",tabular,ridge_ar_lag_fourier,h24,2026-01-04T23:00:00,2026-01-18T23:00:00,2026-02-15T23:00:00,,,42.0
2026-02-05 22:00:00,25.6,32.315920666404885,1.0,"Tema Community 7, Royal School",tabular,ridge_ar_lag_fourier,h24,2026-01-04T23:00:00,2026-01-18T23:00:00,2026-02-15T23:00:00,,,42.0
2026-02-05 23:00:00,26.7,33.29579339217656,1.0,"Tema Community 7, Royal School",tabular,ridge_ar_lag_fourier,h24,2026-01-04T23:00:00,2026-01-18T23:00:00,2026-02-15T23:00:00,,,42.0
2026-02-06 00:00:00,25.2,41.383073457642766,1.0,"Tema Community 7, Royal School",tabular,ridge_ar_lag_fourier,h24,2026-01-04T23:00:00,2026-01-18T23:00:00,2026-02-15T23:00:00,,,42.0
2026-02-06 01:00:00,22.5,37.89814372585113,1.0,"Tema Community 7, Royal School",tabular,ridge_ar_lag_fourier,h24,2026-01-04T23:00:00,2026-01-18T23:00:00,2026-02-15T23:00:00,,,42.0
2026-02-06 02:00:00,21.8,37.5141432564407,1.0,"Tema Community 7, Royal School",tabular,ridge_ar_lag_fourier,h24,2026-01-04T23:00:00,2026-01-18T23:00:00,2026-02-15T23:00:00,,,42.0
2026-02-06 03:00:00,29.9,39.25302863006346,1.0,"Tema Community 7, Royal School",tabular,ridge_ar_lag_fourier,h24,2026-01-04T23:00:00,2026-01-18T23:00:00,2026-02-15T23:00:00,,,42.0
2026-02-06 04:00:00,31.3,39.52232615987619,1.0,"Tema Community 7, Royal School",tabular,ridge_ar_lag_fourier,h24,2026-01-04T23:00:00,2026-01-18T23:00:00,2026-02-15T23:00:00,,,42.0
2026-02-06 05:00:00,34.2,45.7596195724916,1.0,"Tema Community 7, Royal School",tabular,ridge_ar_lag_fourier,h24,2026-01-04T23:00:00,2026-01-18T23:00:00,2026-02-15T23:00:00,,,42.0
2026-02-06 06:00:00,67.8,58.89540449257565,1.0,"Tema Community 7, Royal School",tabular,ridge_ar_lag_fourier,h24,2026-01-04T23:00:00,2026-01-18T23:00:00,2026-02-15T23:00:00,,,42.0
2026-02-06 07:00:00,74.9,53.4057909876867,1.0,"Tema Community 7, Royal School",tabular,ridge_ar_lag_fourier,h24,2026-01-04T23:00:00,2026-01-18T23:00:00,2026-02-15T23:00:00,,,42.0
2026-02-06 08:00:00,43.4,43.919231635907416,1.0,"Tema Community 7, Royal School",tabular,ridge_ar_lag_fourier,h24,2026-01-04T23:00:00,2026-01-18T23:00:00,2026-02-15T23:00:00,,,42.0
2026-02-06 09:00:00,36.3,39.34804651675059,1.0,"Tema Community 7, Royal School",tabular,ridge_ar_lag_fourier,h24,2026-01-04T23:00:00,2026-01-18T23:00:00,2026-02-15T23:00:00,,,42.0
2026-02-06 10:00:00,29.8,37.13511485183941,1.0,"Tema Community 7, Royal School",tabular,ridge_ar_lag_fourier,h24,2026-01-04T23:00:00,2026-01-18T23:00:00,2026-02-15T23:00:00,,,42.0
2026-02-06 11:00:00,22.9,33.35897737782793,1.0,"Tema Community 7, Royal School",tabular,ridge_ar_lag_fourier,h24,2026-01-04T23:00:00,2026-01-18T23:00:00,2026-02-15T23:00:00,,,42.0
2026-02-06 12:00:00,22.3,29.183702119952578,1.0,"Tema Community 7, Royal School",tabular,ridge_ar_lag_fourier,h24,2026-01-04T23:00:00,2026-01-18T23:00:00,2026-02-15T23:00:00,,,42.0
2026-02-06 13:00:00,19.5,27.361228687096247,1.0,"Tema Community 7, Royal School",tabular,ridge_ar_lag_fourier,h24,2026-01-04T23:00:00,2026-01-18T23:00:00,2026-02-15T23:00:00,,,42.0
2026-02-06 14:00:00,21.5,25.48984200357848,1.0,"Tema Community 7, Royal School",tabular,ridge_ar_lag_fourier,h24,2026-01-04T23:00:00,2026-01-18T23:00:00,2026-02-15T23:00:00,,,42.0
2026-02-06 15:00:00,22.8,25.943775706575035,1.0,"Tema Community 7, Royal School",tabular,ridge_ar_lag_fourier,h24,2026-01-04T23:00:00,2026-01-18T23:00:00,2026-02-15T23:00:00,,,42.0
2026-02-06 16:00:00,22.9,26.804636656400877,1.0,"Tema Community 7, Royal School",tabular,ridge_ar_lag_fourier,h24,2026-01-04T23:00:00,2026-01-18T23:00:00,2026-02-15T23:00:00,,,42.0
2026-02-06 17:00:00,31.5,29.535227382518602,1.0,"Tema Community 7, Royal School",tabular,ridge_ar_lag_fourier,h24,2026-01-04T23:00:00,2026-01-18T23:00:00,2026-02-15T23:00:00,,,42.0
2026-02-06 18:00:00,37.6,31.741131454622487,1.0,"Tema Community 7, Royal School",tabular,ridge_ar_lag_fourier,h24,2026-01-04T23:00:00,2026-01-18T23:00:00,2026-02-15T23:00:00,,,42.0
2026-02-06 19:00:00,31.7,33.13947316319681,1.0,"Tema Community 7, Royal School",tabular,ridge_ar_lag_fourier,h24,2026-01-04T23:00:00,2026-01-18T23:00:00,2026-02-15T23:00:00,,,42.0
2026-02-06 20:00:00,46.3,32.05757000558846,1.0,"Tema Community 7, Royal School",tabular,ridge_ar_lag_fourier,h24,2026-01-04T23:00:00,2026-01-18T23:00:00,2026-02-15T23:00:00,,,42.0
2026-02-06 21:00:00,30.5,34.83853842336766,1.0,"Tema Community 7, Royal School",tabular,ridge_ar_lag_fourier,h24,2026-01-04T23:00:00,2026-01-18T23:00:00,2026-02-15T23:00:00,,,42.0
2026-02-06 22:00:00,39.0,33.37535179486156,1.0,"Tema Community 7, Royal School",tabular,ridge_ar_lag_fourier,h24,2026-01-04T23:00:00,2026-01-18T23:00:00,2026-02-15T23:00:00,,,42.0
2026-02-06 23:00:00,28.1,33.88575754316689,1.0,"Tema Community 7, Royal School",tabular,ridge_ar_lag_fourier,h24,2026-01-04T23:00:00,2026-01-18T23:00:00,2026-02-15T23:00:00,,,42.0
2026-02-07 00:00:00,29.7,38.67405807625617,1.0,"Tema Community 7, Royal School",tabular,ridge_ar_lag_fourier,h24,2026-01-04T23:00:00,2026-01-18T23:00:00,2026-02-15T23:00:00,,,42.0
2026-02-07 01:00:00,29.6,37.509678257880964,1.0,"Tema Community 7, Royal School",tabular,ridge_ar_lag_fourier,h24,2026-01-04T23:00:00,2026-01-18T23:00:00,2026-02-15T23:00:00,,,42.0
2026-02-07 02:00:00,29.8,36.32845915955671,1.0,"Tema Community 7, Royal School",tabular,ridge_ar_lag_fourier,h24,2026-01-04T23:00:00,2026-01-18T23:00:00,2026-02-15T23:00:00,,,42.0
2026-02-07 03:00:00,37.7,39.31948889213352,1.0,"Tema Community 7, Royal School",tabular,ridge_ar_lag_fourier,h24,2026-01-04T23:00:00,2026-01-18T23:00:00,2026-02-15T23:00:00,,,42.0
2026-02-07 04:00:00,32.6,42.11783734085308,1.0,"Tema Community 7, Royal School",tabular,ridge_ar_lag_fourier,h24,2026-01-04T23:00:00,2026-01-18T23:00:00,2026-02-15T23:00:00,,,42.0
2026-02-07 05:00:00,41.9,49.024352476314476,1.0,"Tema Community 7, Royal School",tabular,ridge_ar_lag_fourier,h24,2026-01-04T23:00:00,2026-01-18T23:00:00,2026-02-15T23:00:00,,,42.0
2026-02-07 06:00:00,53.0,61.767097484608215,1.0,"Tema Community 7, Royal School",tabular,ridge_ar_lag_fourier,h24,2026-01-04T23:00:00,2026-01-18T23:00:00,2026-02-15T23:00:00,,,42.0
2026-02-07 07:00:00,52.0,57.602368923282,1.0,"Tema Community 7, Royal School",tabular,ridge_ar_lag_fourier,h24,2026-01-04T23:00:00,2026-01-18T23:00:00,2026-02-15T23:00:00,,,42.0
2026-02-07 08:00:00,41.5,48.12894226255577,1.0,"Tema Community 7, Royal School",tabular,ridge_ar_lag_fourier,h24,2026-01-04T23:00:00,2026-01-18T23:00:00,2026-02-15T23:00:00,,,42.0
2026-02-07 09:00:00,35.1,39.61508961240325,1.0,"Tema Community 7, Royal School",tabular,ridge_ar_lag_fourier,h24,2026-01-04T23:00:00,2026-01-18T23:00:00,2026-02-15T23:00:00,,,42.0
2026-02-07 10:00:00,26.9,36.38883951720594,1.0,"Tema Community 7, Royal School",tabular,ridge_ar_lag_fourier,h24,2026-01-04T23:00:00,2026-01-18T23:00:00,2026-02-15T23:00:00,,,42.0
2026-02-07 11:00:00,23.4,33.62652970357632,1.0,"Tema Community 7, Royal School",tabular,ridge_ar_lag_fourier,h24,2026-01-04T23:00:00,2026-01-18T23:00:00,2026-02-15T23:00:00,,,42.0
2026-02-07 12:00:00,20.9,28.672735687957996,1.0,"Tema Community 7, Royal School",tabular,ridge_ar_lag_fourier,h24,2026-01-04T23:00:00,2026-01-18T23:00:00,2026-02-15T23:00:00,,,42.0
2026-02-07 13:00:00,20.0,26.620589803764602,1.0,"Tema Community 7, Royal School",tabular,ridge_ar_lag_fourier,h24,2026-01-04T23:00:00,2026-01-18T23:00:00,2026-02-15T23:00:00,,,42.0
2026-02-07 14:00:00,20.1,27.553000370286437,1.0,"Tema Community 7, Royal School",tabular,ridge_ar_lag_fourier,h24,2026-01-04T23:00:00,2026-01-18T23:00:00,2026-02-15T23:00:00,,,42.0
2026-02-07 15:00:00,21.1,29.58151531139407,1.0,"Tema Community 7, Royal School",tabular,ridge_ar_lag_fourier,h24,2026-01-04T23:00:00,2026-01-18T23:00:00,2026-02-15T23:00:00,,,42.0
2026-02-07 16:00:00,21.7,28.103720812830105,1.0,"Tema Community 7, Royal School",tabular,ridge_ar_lag_fourier,h24,2026-01-04T23:00:00,2026-01-18T23:00:00,2026-02-15T23:00:00,,,42.0
2026-02-07 17:00:00,26.2,29.04685256057133,1.0,"Tema Community 7, Royal School",tabular,ridge_ar_lag_fourier,h24,2026-01-04T23:00:00,2026-01-18T23:00:00,2026-02-15T23:00:00,,,42.0
2026-02-07 18:00:00,28.9,33.950742451292456,1.0,"Tema Community 7, Royal School",tabular,ridge_ar_lag_fourier,h24,2026-01-04T23:00:00,2026-01-18T23:00:00,2026-02-15T23:00:00,,,42.0
2026-02-07 19:00:00,29.0,38.74265782635445,1.0,"Tema Community 7, Royal School",tabular,ridge_ar_lag_fourier,h24,2026-01-04T23:00:00,2026-01-18T23:00:00,2026-02-15T23:00:00,,,42.0
2026-02-07 20:00:00,30.4,35.631316453958675,1.0,"Tema Community 7, Royal School",tabular,ridge_ar_lag_fourier,h24,2026-01-04T23:00:00,2026-01-18T23:00:00,2026-02-15T23:00:00,,,42.0
2026-02-07 21:00:00,34.6,37.40512898765988,1.0,"Tema Community 7, Royal School",tabular,ridge_ar_lag_fourier,h24,2026-01-04T23:00:00,2026-01-18T23:00:00,2026-02-15T23:00:00,,,42.0
2026-02-07 22:00:00,40.5,36.24754952064956,1.0,"Tema Community 7, Royal School",tabular,ridge_ar_lag_fourier,h24,2026-01-04T23:00:00,2026-01-18T23:00:00,2026-02-15T23:00:00,,,42.0
2026-02-07 23:00:00,34.0,36.358203417346104,1.0,"Tema Community 7, Royal School",tabular,ridge_ar_lag_fourier,h24,2026-01-04T23:00:00,2026-01-18T23:00:00,2026-02-15T23:00:00,,,42.0
2026-02-08 00:00:00,37.7,39.689023527020666,1.0,"Tema Community 7, Royal School",tabular,ridge_ar_lag_fourier,h24,2026-01-04T23:00:00,2026-01-18T23:00:00,2026-02-15T23:00:00,,,42.0
2026-02-08 01:00:00,44.8,38.248350836470564,1.0,"Tema Community 7, Royal School",tabular,ridge_ar_lag_fourier,h24,2026-01-04T23:00:00,2026-01-18T23:00:00,2026-02-15T23:00:00,,,42.0
2026-02-08 02:00:00,39.3,36.180332777078256,1.0,"Tema Community 7, Royal School",tabular,ridge_ar_lag_fourier,h24,2026-01-04T23:00:00,2026-01-18T23:00:00,2026-02-15T23:00:00,,,42.0
2026-02-08 03:00:00,37.5,38.389328952529176,1.0,"Tema Community 7, Royal School",tabular,ridge_ar_lag_fourier,h24,2026-01-04T23:00:00,2026-01-18T23:00:00,2026-02-15T23:00:00,,,42.0
2026-02-08 04:00:00,47.0,38.59509692508566,1.0,"Tema Community 7, Royal School",tabular,ridge_ar_lag_fourier,h24,2026-01-04T23:00:00,2026-01-18T23:00:00,2026-02-15T23:00:00,,,42.0
2026-02-08 05:00:00,36.6,44.69800544936418,1.0,"Tema Community 7, Royal School",tabular,ridge_ar_lag_fourier,h24,2026-01-04T23:00:00,2026-01-18T23:00:00,2026-02-15T23:00:00,,,42.0
2026-02-08 06:00:00,86.1,57.82143875625097,1.0,"Tema Community 7, Royal School",tabular,ridge_ar_lag_fourier,h24,2026-01-04T23:00:00,2026-01-18T23:00:00,2026-02-15T23:00:00,,,42.0
2026-02-08 07:00:00,87.6,53.46376011867195,1.0,"Tema Community 7, Royal School",tabular,ridge_ar_lag_fourier,h24,2026-01-04T23:00:00,2026-01-18T23:00:00,2026-02-15T23:00:00,,,42.0
2026-02-08 08:00:00,49.8,45.46563016548921,1.0,"Tema Community 7, Royal School",tabular,ridge_ar_lag_fourier,h24,2026-01-04T23:00:00,2026-01-18T23:00:00,2026-02-15T23:00:00,,,42.0
2026-02-08 09:00:00,44.9,39.35354864636754,1.0,"Tema Community 7, Royal School",tabular,ridge_ar_lag_fourier,h24,2026-01-04T23:00:00,2026-01-18T23:00:00,2026-02-15T23:00:00,,,42.0
2026-02-08 10:00:00,41.4,35.06387919739902,1.0,"Tema Community 7, Royal School",tabular,ridge_ar_lag_fourier,h24,2026-01-04T23:00:00,2026-01-18T23:00:00,2026-02-15T23:00:00,,,42.0
2026-02-08 11:00:00,30.3,32.8465740858548,1.0,"Tema Community 7, Royal School",tabular,ridge_ar_lag_fourier,h24,2026-01-04T23:00:00,2026-01-18T23:00:00,2026-02-15T23:00:00,,,42.0
2026-02-08 12:00:00,23.8,28.44153666952049,1.0,"Tema Community 7, Royal School",tabular,ridge_ar_lag_fourier,h24,2026-01-04T23:00:00,2026-01-18T23:00:00,2026-02-15T23:00:00,,,42.0
2026-02-08 13:00:00,20.0,26.67879542489883,1.0,"Tema Community 7, Royal School",tabular,ridge_ar_lag_fourier,h24,2026-01-04T23:00:00,2026-01-18T23:00:00,2026-02-15T23:00:00,,,42.0
2026-02-08 14:00:00,19.2,25.52750385271148,1.0,"Tema Community 7, Royal School",tabular,ridge_ar_lag_fourier,h24,2026-01-04T23:00:00,2026-01-18T23:00:00,2026-02-15T23:00:00,,,42.0
2026-02-08 15:00:00,23.3,27.089196929174697,1.0,"Tema Community 7, Royal School",tabular,ridge_ar_lag_fourier,h24,2026-01-04T23:00:00,2026-01-18T23:00:00,2026-02-15T23:00:00,,,42.0
2026-02-08 16:00:00,22.8,27.004843260443668,1.0,"Tema Community 7, Royal School",tabular,ridge_ar_lag_fourier,h24,2026-01-04T23:00:00,2026-01-18T23:00:00,2026-02-15T23:00:00,,,42.0
2026-02-08 17:00:00,25.4,29.537943938834417,1.0,"Tema Community 7, Royal School",tabular,ridge_ar_lag_fourier,h24,2026-01-04T23:00:00,2026-01-18T23:00:00,2026-02-15T23:00:00,,,42.0
2026-02-08 18:00:00,33.4,33.818220393796004,1.0,"Tema Community 7, Royal School",tabular,ridge_ar_lag_fourier,h24,2026-01-04T23:00:00,2026-01-18T23:00:00,2026-02-15T23:00:00,,,42.0
2026-02-08 19:00:00,25.6,38.64179178113771,1.0,"Tema Community 7, Royal School",tabular,ridge_ar_lag_fourier,h24,2026-01-04T23:00:00,2026-01-18T23:00:00,2026-02-15T23:00:00,,,42.0
2026-02-08 20:00:00,27.9,35.51559145483522,1.0,"Tema Community 7, Royal School",tabular,ridge_ar_lag_fourier,h24,2026-01-04T23:00:00,2026-01-18T23:00:00,2026-02-15T23:00:00,,,42.0
2026-02-08 21:00:00,27.2,35.6674904514197,1.0,"Tema Community 7, Royal School",tabular,ridge_ar_lag_fourier,h24,2026-01-04T23:00:00,2026-01-18T23:00:00,2026-02-15T23:00:00,,,42.0
2026-02-08 22:00:00,23.8,35.03431357308529,1.0,"Tema Community 7, Royal School",tabular,ridge_ar_lag_fourier,h24,2026-01-04T23:00:00,2026-01-18T23:00:00,2026-02-15T23:00:00,,,42.0
2026-02-08 23:00:00,25.2,36.46682818684637,1.0,"Tema Community 7, Royal School",tabular,ridge_ar_lag_fourier,h24,2026-01-04T23:00:00,2026-01-18T23:00:00,2026-02-15T23:00:00,,,42.0
2026-02-09 00:00:00,27.9,39.088967376975674,1.0,"Tema Community 7, Royal School",tabular,ridge_ar_lag_fourier,h24,2026-01-04T23:00:00,2026-01-18T23:00:00,2026-02-15T23:00:00,,,42.0
2026-02-09 01:00:00,57.1,38.853821880502615,1.0,"Tema Community 7, Royal School",tabular,ridge_ar_lag_fourier,h24,2026-01-04T23:00:00,2026-01-18T23:00:00,2026-02-15T23:00:00,,,42.0
2026-02-09 02:00:00,20.1,37.714338763808655,1.0,"Tema Community 7, Royal School",tabular,ridge_ar_lag_fourier,h24,2026-01-04T23:00:00,2026-01-18T23:00:00,2026-02-15T23:00:00,,,42.0
2026-02-09 03:00:00,20.2,38.96947970047184,1.0,"Tema Community 7, Royal School",tabular,ridge_ar_lag_fourier,h24,2026-01-04T23:00:00,2026-01-18T23:00:00,2026-02-15T23:00:00,,,42.0
2026-02-09 04:00:00,24.8,37.84285166387457,1.0,"Tema Community 7, Royal School",tabular,ridge_ar_lag_fourier,h24,2026-01-04T23:00:00,2026-01-18T23:00:00,2026-02-15T23:00:00,,,42.0
2026-02-09 05:00:00,29.7,47.62293549440042,1.0,"Tema Community 7, Royal School",tabular,ridge_ar_lag_fourier,h24,2026-01-04T23:00:00,2026-01-18T23:00:00,2026-02-15T23:00:00,,,42.0
2026-02-09 06:00:00,43.6,54.49638879039408,1.0,"Tema Community 7, Royal School",tabular,ridge_ar_lag_fourier,h24,2026-01-04T23:00:00,2026-01-18T23:00:00,2026-02-15T23:00:00,,,42.0
2026-02-09 07:00:00,44.1,56.47701652370776,1.0,"Tema Community 7, Royal School",tabular,ridge_ar_lag_fourier,h24,2026-01-04T23:00:00,2026-01-18T23:00:00,2026-02-15T23:00:00,,,42.0
2026-02-09 08:00:00,43.2,49.101821940587726,1.0,"Tema Community 7, Royal School",tabular,ridge_ar_lag_fourier,h24,2026-01-04T23:00:00,2026-01-18T23:00:00,2026-02-15T23:00:00,,,42.0
2026-02-09 09:00:00,34.5,40.37692502197093,1.0,"Tema Community 7, Royal School",tabular,ridge_ar_lag_fourier,h24,2026-01-04T23:00:00,2026-01-18T23:00:00,2026-02-15T23:00:00,,,42.0
2026-02-09 10:00:00,34.0,35.310047643978876,1.0,"Tema Community 7, Royal School",tabular,ridge_ar_lag_fourier,h24,2026-01-04T23:00:00,2026-01-18T23:00:00,2026-02-15T23:00:00,,,42.0
2026-02-09 11:00:00,23.9,33.46641989911117,1.0,"Tema Community 7, Royal School",tabular,ridge_ar_lag_fourier,h24,2026-01-04T23:00:00,2026-01-18T23:00:00,2026-02-15T23:00:00,,,42.0
2026-02-09 12:00:00,20.1,28.545953763933884,1.0,"Tema Community 7, Royal School",tabular,ridge_ar_lag_fourier,h24,2026-01-04T23:00:00,2026-01-18T23:00:00,2026-02-15T23:00:00,,,42.0
2026-02-09 13:00:00,18.5,26.167592659247333,1.0,"Tema Community 7, Royal School",tabular,ridge_ar_lag_fourier,h24,2026-01-04T23:00:00,2026-01-18T23:00:00,2026-02-15T23:00:00,,,42.0
2026-02-09 14:00:00,19.5,24.535893379099434,1.0,"Tema Community 7, Royal School",tabular,ridge_ar_lag_fourier,h24,2026-01-04T23:00:00,2026-01-18T23:00:00,2026-02-15T23:00:00,,,42.0
2026-02-09 15:00:00,22.8,26.4523548211788,1.0,"Tema Community 7, Royal School",tabular,ridge_ar_lag_fourier,h24,2026-01-04T23:00:00,2026-01-18T23:00:00,2026-02-15T23:00:00,,,42.0
2026-02-09 16:00:00,19.6,25.42454224152569,1.0,"Tema Community 7, Royal School",tabular,ridge_ar_lag_fourier,h24,2026-01-04T23:00:00,2026-01-18T23:00:00,2026-02-15T23:00:00,,,42.0
2026-02-09 17:00:00,24.8,26.76584906195344,1.0,"Tema Community 7, Royal School",tabular,ridge_ar_lag_fourier,h24,2026-01-04T23:00:00,2026-01-18T23:00:00,2026-02-15T23:00:00,,,42.0
2026-02-09 18:00:00,26.4,30.751800045467835,1.0,"Tema Community 7, Royal School",tabular,ridge_ar_lag_fourier,h24,2026-01-04T23:00:00,2026-01-18T23:00:00,2026-02-15T23:00:00,,,42.0
2026-02-09 19:00:00,27.0,34.85296203997399,1.0,"Tema Community 7, Royal School",tabular,ridge_ar_lag_fourier,h24,2026-01-04T23:00:00,2026-01-18T23:00:00,2026-02-15T23:00:00,,,42.0
2026-02-09 20:00:00,25.4,32.872316257929015,1.0,"Tema Community 7, Royal School",tabular,ridge_ar_lag_fourier,h24,2026-01-04T23:00:00,2026-01-18T23:00:00,2026-02-15T23:00:00,,,42.0
2026-02-09 21:00:00,26.3,33.64639438419248,1.0,"Tema Community 7, Royal School",tabular,ridge_ar_lag_fourier,h24,2026-01-04T23:00:00,2026-01-18T23:00:00,2026-02-15T23:00:00,,,42.0
2026-02-09 22:00:00,25.5,32.693990427754436,1.0,"Tema Community 7, Royal School",tabular,ridge_ar_lag_fourier,h24,2026-01-04T23:00:00,2026-01-18T23:00:00,2026-02-15T23:00:00,,,42.0
2026-02-09 23:00:00,27.6,32.057952351458766,1.0,"Tema Community 7, Royal School",tabular,ridge_ar_lag_fourier,h24,2026-01-04T23:00:00,2026-01-18T23:00:00,2026-02-15T23:00:00,,,42.0
2026-02-10 00:00:00,28.4,39.43753142421559,1.0,"Tema Community 7, Royal School",tabular,ridge_ar_lag_fourier,h24,2026-01-04T23:00:00,2026-01-18T23:00:00,2026-02-15T23:00:00,,,42.0
2026-02-10 01:00:00,34.9,39.30849480149344,1.0,"Tema Community 7, Royal School",tabular,ridge_ar_lag_fourier,h24,2026-01-04T23:00:00,2026-01-18T23:00:00,2026-02-15T23:00:00,,,42.0
2026-02-10 02:00:00,29.3,40.56524384835883,1.0,"Tema Community 7, Royal School",tabular,ridge_ar_lag_fourier,h24,2026-01-04T23:00:00,2026-01-18T23:00:00,2026-02-15T23:00:00,,,42.0
2026-02-10 03:00:00,19.6,38.342397566868755,1.0,"Tema Community 7, Royal School",tabular,ridge_ar_lag_fourier,h24,2026-01-04T23:00:00,2026-01-18T23:00:00,2026-02-15T23:00:00,,,42.0
2026-02-10 04:00:00,27.0,36.83375845541087,1.0,"Tema Community 7, Royal School",tabular,ridge_ar_lag_fourier,h24,2026-01-04T23:00:00,2026-01-18T23:00:00,2026-02-15T23:00:00,,,42.0
2026-02-10 05:00:00,40.7,46.907114222333334,1.0,"Tema Community 7, Royal School",tabular,ridge_ar_lag_fourier,h24,2026-01-04T23:00:00,2026-01-18T23:00:00,2026-02-15T23:00:00,,,42.0
2026-02-10 06:00:00,47.2,59.44405118863804,1.0,"Tema Community 7, Royal School",tabular,ridge_ar_lag_fourier,h24,2026-01-04T23:00:00,2026-01-18T23:00:00,2026-02-15T23:00:00,,,42.0
2026-02-10 07:00:00,45.4,54.09571735006297,1.0,"Tema Community 7, Royal School",tabular,ridge_ar_lag_fourier,h24,2026-01-04T23:00:00,2026-01-18T23:00:00,2026-02-15T23:00:00,,,42.0
2026-02-10 08:00:00,36.8,43.085334064181865,1.0,"Tema Community 7, Royal School",tabular,ridge_ar_lag_fourier,h24,2026-01-04T23:00:00,2026-01-18T23:00:00,2026-02-15T23:00:00,,,42.0
2026-02-10 09:00:00,30.8,39.23202581576719,1.0,"Tema Community 7, Royal School",tabular,ridge_ar_lag_fourier,h24,2026-01-04T23:00:00,2026-01-18T23:00:00,2026-02-15T23:00:00,,,42.0
2026-02-10 10:00:00,28.5,35.040322122312105,1.0,"Tema Community 7, Royal School",tabular,ridge_ar_lag_fourier,h24,2026-01-04T23:00:00,2026-01-18T23:00:00,2026-02-15T23:00:00,,,42.0
2026-02-10 11:00:00,35.2,33.33021768318528,1.0,"Tema Community 7, Royal School",tabular,ridge_ar_lag_fourier,h24,2026-01-04T23:00:00,2026-01-18T23:00:00,2026-02-15T23:00:00,,,42.0
2026-02-10 12:00:00,24.2,27.478746512314288,1.0,"Tema Community 7, Royal School",tabular,ridge_ar_lag_fourier,h24,2026-01-04T23:00:00,2026-01-18T23:00:00,2026-02-15T23:00:00,,,42.0
2026-02-10 13:00:00,16.6,24.778251692967068,1.0,"Tema Community 7, Royal School",tabular,ridge_ar_lag_fourier,h24,2026-01-04T23:00:00,2026-01-18T23:00:00,2026-02-15T23:00:00,,,42.0
2026-02-10 14:00:00,19.7,23.661459591883524,1.0,"Tema Community 7, Royal School",tabular,ridge_ar_lag_fourier,h24,2026-01-04T23:00:00,2026-01-18T23:00:00,2026-02-15T23:00:00,,,42.0
2026-02-10 15:00:00,29.0,25.066359929896347,1.0,"Tema Community 7, Royal School",tabular,ridge_ar_lag_fourier,h24,2026-01-04T23:00:00,2026-01-18T23:00:00,2026-02-15T23:00:00,,,42.0
2026-02-10 16:00:00,13.6,25.10904308907392,1.0,"Tema Community 7, Royal School",tabular,ridge_ar_lag_fourier,h24,2026-01-04T23:00:00,2026-01-18T23:00:00,2026-02-15T23:00:00,,,42.0
2026-02-10 17:00:00,16.2,26.21369337547588,1.0,"Tema Community 7, Royal School",tabular,ridge_ar_lag_fourier,h24,2026-01-04T23:00:00,2026-01-18T23:00:00,2026-02-15T23:00:00,,,42.0
2026-02-10 18:00:00,23.3,30.139694647346076,1.0,"Tema Community 7, Royal School",tabular,ridge_ar_lag_fourier,h24,2026-01-04T23:00:00,2026-01-18T23:00:00,2026-02-15T23:00:00,,,42.0
2026-02-10 19:00:00,23.9,32.57767606090623,1.0,"Tema Community 7, Royal School",tabular,ridge_ar_lag_fourier,h24,2026-01-04T23:00:00,2026-01-18T23:00:00,2026-02-15T23:00:00,,,42.0
2026-02-10 20:00:00,28.2,34.39405869451802,1.0,"Tema Community 7, Royal School",tabular,ridge_ar_lag_fourier,h24,2026-01-04T23:00:00,2026-01-18T23:00:00,2026-02-15T23:00:00,,,42.0
2026-02-10 21:00:00,36.3,33.85324143043988,1.0,"Tema Community 7, Royal School",tabular,ridge_ar_lag_fourier,h24,2026-01-04T23:00:00,2026-01-18T23:00:00,2026-02-15T23:00:00,,,42.0
2026-02-10 22:00:00,17.8,32.71336605419401,1.0,"Tema Community 7, Royal School",tabular,ridge_ar_lag_fourier,h24,2026-01-04T23:00:00,2026-01-18T23:00:00,2026-02-15T23:00:00,,,42.0
2026-02-10 23:00:00,11.3,35.14953355171746,1.0,"Tema Community 7, Royal School",tabular,ridge_ar_lag_fourier,h24,2026-01-04T23:00:00,2026-01-18T23:00:00,2026-02-15T23:00:00,,,42.0
2026-02-11 00:00:00,20.4,42.00816680400064,1.0,"Tema Community 7, Royal School",tabular,ridge_ar_lag_fourier,h24,2026-01-04T23:00:00,2026-01-18T23:00:00,2026-02-15T23:00:00,,,42.0
2026-02-11 01:00:00,19.8,40.42209159838933,1.0,"Tema Community 7, Royal School",tabular,ridge_ar_lag_fourier,h24,2026-01-04T23:00:00,2026-01-18T23:00:00,2026-02-15T23:00:00,,,42.0
2026-02-11 02:00:00,20.0,36.50025483837029,1.0,"Tema Community 7, Royal School",tabular,ridge_ar_lag_fourier,h24,2026-01-04T23:00:00,2026-01-18T23:00:00,2026-02-15T23:00:00,,,42.0
2026-02-11 03:00:00,29.8,37.90663881838263,1.0,"Tema Community 7, Royal School",tabular,ridge_ar_lag_fourier,h24,2026-01-04T23:00:00,2026-01-18T23:00:00,2026-02-15T23:00:00,,,42.0
2026-02-11 04:00:00,39.3,39.729358444076055,1.0,"Tema Community 7, Royal School",tabular,ridge_ar_lag_fourier,h24,2026-01-04T23:00:00,2026-01-18T23:00:00,2026-02-15T23:00:00,,,42.0
2026-02-11 05:00:00,50.7,47.43157852703317,1.0,"Tema Community 7, Royal School",tabular,ridge_ar_lag_fourier,h24,2026-01-04T23:00:00,2026-01-18T23:00:00,2026-02-15T23:00:00,,,42.0
2026-02-11 06:00:00,55.9,59.98079855876762,1.0,"Tema Community 7, Royal School",tabular,ridge_ar_lag_fourier,h24,2026-01-04T23:00:00,2026-01-18T23:00:00,2026-02-15T23:00:00,,,42.0
2026-02-11 07:00:00,36.3,57.10086036915003,1.0,"Tema Community 7, Royal School",tabular,ridge_ar_lag_fourier,h24,2026-01-04T23:00:00,2026-01-18T23:00:00,2026-02-15T23:00:00,,,42.0
2026-02-11 08:00:00,40.7,43.16942767407782,1.0,"Tema Community 7, Royal School",tabular,ridge_ar_lag_fourier,h24,2026-01-04T23:00:00,2026-01-18T23:00:00,2026-02-15T23:00:00,,,42.0
2026-02-11 09:00:00,36.9,39.662767640867216,1.0,"Tema Community 7, Royal School",tabular,ridge_ar_lag_fourier,h24,2026-01-04T23:00:00,2026-01-18T23:00:00,2026-02-15T23:00:00,,,42.0
2026-02-11 10:00:00,24.2,34.653586352566734,1.0,"Tema Community 7, Royal School",tabular,ridge_ar_lag_fourier,h24,2026-01-04T23:00:00,2026-01-18T23:00:00,2026-02-15T23:00:00,,,42.0
2026-02-11 11:00:00,17.8,32.35866296058891,1.0,"Tema Community 7, Royal School",tabular,ridge_ar_lag_fourier,h24,2026-01-04T23:00:00,2026-01-18T23:00:00,2026-02-15T23:00:00,,,42.0
2026-02-11 12:00:00,17.7,29.025450788531877,1.0,"Tema Community 7, Royal School",tabular,ridge_ar_lag_fourier,h24,2026-01-04T23:00:00,2026-01-18T23:00:00,2026-02-15T23:00:00,,,42.0
2026-02-11 13:00:00,12.8,26.353721646707974,1.0,"Tema Community 7, Royal School",tabular,ridge_ar_lag_fourier,h24,2026-01-04T23:00:00,2026-01-18T23:00:00,2026-02-15T23:00:00,,,42.0
2026-02-11 14:00:00,14.8,24.788327068665964,1.0,"Tema Community 7, Royal School",tabular,ridge_ar_lag_fourier,h24,2026-01-04T23:00:00,2026-01-18T23:00:00,2026-02-15T23:00:00,,,42.0
2026-02-11 15:00:00,18.1,25.464646203274047,1.0,"Tema Community 7, Royal School",tabular,ridge_ar_lag_fourier,h24,2026-01-04T23:00:00,2026-01-18T23:00:00,2026-02-15T23:00:00,,,42.0
2026-02-11 16:00:00,21.7,26.068782281765294,1.0,"Tema Community 7, Royal School",tabular,ridge_ar_lag_fourier,h24,2026-01-04T23:00:00,2026-01-18T23:00:00,2026-02-15T23:00:00,,,42.0
2026-02-11 17:00:00,19.1,26.116028740999365,1.0,"Tema Community 7, Royal School",tabular,ridge_ar_lag_fourier,h24,2026-01-04T23:00:00,2026-01-18T23:00:00,2026-02-15T23:00:00,,,42.0
2026-02-11 18:00:00,23.6,28.760450780872826,1.0,"Tema Community 7, Royal School",tabular,ridge_ar_lag_fourier,h24,2026-01-04T23:00:00,2026-01-18T23:00:00,2026-02-15T23:00:00,,,42.0
2026-02-11 19:00:00,30.7,30.326163086504817,1.0,"Tema Community 7, Royal School",tabular,ridge_ar_lag_fourier,h24,2026-01-04T23:00:00,2026-01-18T23:00:00,2026-02-15T23:00:00,,,42.0
2026-02-11 20:00:00,31.8,33.453734425622706,1.0,"Tema Community 7, Royal School",tabular,ridge_ar_lag_fourier,h24,2026-01-04T23:00:00,2026-01-18T23:00:00,2026-02-15T23:00:00,,,42.0
2026-02-11 21:00:00,53.0,31.987744016996906,1.0,"Tema Community 7, Royal School",tabular,ridge_ar_lag_fourier,h24,2026-01-04T23:00:00,2026-01-18T23:00:00,2026-02-15T23:00:00,,,42.0
2026-02-11 22:00:00,54.6,35.18307069872286,1.0,"Tema Community 7, Royal School",tabular,ridge_ar_lag_fourier,h24,2026-01-04T23:00:00,2026-01-18T23:00:00,2026-02-15T23:00:00,,,42.0
2026-02-11 23:00:00,51.0,31.47676857590702,1.0,"Tema Community 7, Royal School",tabular,ridge_ar_lag_fourier,h24,2026-01-04T23:00:00,2026-01-18T23:00:00,2026-02-15T23:00:00,,,42.0
2026-02-12 00:00:00,55.4,35.03573782997741,1.0,"Tema Community 7, Royal School",tabular,ridge_ar_lag_fourier,h24,2026-01-04T23:00:00,2026-01-18T23:00:00,2026-02-15T23:00:00,,,42.0
2026-02-12 01:00:00,84.2,36.99875812417517,1.0,"Tema Community 7, Royal School",tabular,ridge_ar_lag_fourier,h24,2026-01-04T23:00:00,2026-01-18T23:00:00,2026-02-15T23:00:00,,,42.0
2026-02-12 02:00:00,87.4,32.700184138029186,1.0,"Tema Community 7, Royal School",tabular,ridge_ar_lag_fourier,h24,2026-01-04T23:00:00,2026-01-18T23:00:00,2026-02-15T23:00:00,,,42.0
2026-02-12 03:00:00,79.8,33.75672358479693,1.0,"Tema Community 7, Royal School",tabular,ridge_ar_lag_fourier,h24,2026-01-04T23:00:00,2026-01-18T23:00:00,2026-02-15T23:00:00,,,42.0
2026-02-12 04:00:00,82.3,36.6402653855544,1.0,"Tema Community 7, Royal School",tabular,ridge_ar_lag_fourier,h24,2026-01-04T23:00:00,2026-01-18T23:00:00,2026-02-15T23:00:00,,,42.0
2026-02-12 05:00:00,141.7,46.56752033289396,1.0,"Tema Community 7, Royal School",tabular,ridge_ar_lag_fourier,h24,2026-01-04T23:00:00,2026-01-18T23:00:00,2026-02-15T23:00:00,,,42.0
2026-02-12 06:00:00,93.2,56.461162828870386,1.0,"Tema Community 7, Royal School",tabular,ridge_ar_lag_fourier,h24,2026-01-04T23:00:00,2026-01-18T23:00:00,2026-02-15T23:00:00,,,42.0
2026-02-12 07:00:00,73.3,53.795744060502344,1.0,"Tema Community 7, Royal School",tabular,ridge_ar_lag_fourier,h24,2026-01-04T23:00:00,2026-01-18T23:00:00,2026-02-15T23:00:00,,,42.0
2026-02-12 08:00:00,47.7,41.1192956617455,1.0,"Tema Community 7, Royal School",tabular,ridge_ar_lag_fourier,h24,2026-01-04T23:00:00,2026-01-18T23:00:00,2026-02-15T23:00:00,,,42.0
2026-02-12 09:00:00,25.4,38.61526583131119,1.0,"Tema Community 7, Royal School",tabular,ridge_ar_lag_fourier,h24,2026-01-04T23:00:00,2026-01-18T23:00:00,2026-02-15T23:00:00,,,42.0
2026-02-12 10:00:00,6.6,34.393628087617216,1.0,"Tema Community 7, Royal School",tabular,ridge_ar_lag_fourier,h24,2026-01-04T23:00:00,2026-01-18T23:00:00,2026-02-15T23:00:00,,,42.0
2026-02-12 11:00:00,1.9,30.565519598845366,1.0,"Tema Community 7, Royal School",tabular,ridge_ar_lag_fourier,h24,2026-01-04T23:00:00,2026-01-18T23:00:00,2026-02-15T23:00:00,,,42.0
2026-02-12 12:00:00,2.4,26.199646117745424,1.0,"Tema Community 7, Royal School",tabular,ridge_ar_lag_fourier,h24,2026-01-04T23:00:00,2026-01-18T23:00:00,2026-02-15T23:00:00,,,42.0
2026-02-12 13:00:00,2.2,23.383512296056956,1.0,"Tema Community 7, Royal School",tabular,ridge_ar_lag_fourier,h24,2026-01-04T23:00:00,2026-01-18T23:00:00,2026-02-15T23:00:00,,,42.0
2026-02-12 14:00:00,2.8,23.935412330821364,1.0,"Tema Community 7, Royal School",tabular,ridge_ar_lag_fourier,h24,2026-01-04T23:00:00,2026-01-18T23:00:00,2026-02-15T23:00:00,,,42.0
2026-02-12 15:00:00,5.7,25.629979811666757,1.0,"Tema Community 7, Royal School",tabular,ridge_ar_lag_fourier,h24,2026-01-04T23:00:00,2026-01-18T23:00:00,2026-02-15T23:00:00,,,42.0
2026-02-12 16:00:00,4.8,23.914616676695015,1.0,"Tema Community 7, Royal School",tabular,ridge_ar_lag_fourier,h24,2026-01-04T23:00:00,2026-01-18T23:00:00,2026-02-15T23:00:00,,,42.0
2026-02-12 17:00:00,6.1,26.86417702944973,1.0,"Tema Community 7, Royal School",tabular,ridge_ar_lag_fourier,h24,2026-01-04T23:00:00,2026-01-18T23:00:00,2026-02-15T23:00:00,,,42.0
2026-02-12 18:00:00,8.2,28.17059692197107,1.0,"Tema Community 7, Royal School",tabular,ridge_ar_lag_fourier,h24,2026-01-04T23:00:00,2026-01-18T23:00:00,2026-02-15T23:00:00,,,42.0
2026-02-12 19:00:00,8.7,28.2543279824312,1.0,"Tema Community 7, Royal School",tabular,ridge_ar_lag_fourier,h24,2026-01-04T23:00:00,2026-01-18T23:00:00,2026-02-15T23:00:00,,,42.0
2026-02-12 20:00:00,26.9,31.613378874944267,1.0,"Tema Community 7, Royal School",tabular,ridge_ar_lag_fourier,h24,2026-01-04T23:00:00,2026-01-18T23:00:00,2026-02-15T23:00:00,,,42.0
2026-02-12 21:00:00,14.0,29.44270583763587,1.0,"Tema Community 7, Royal School",tabular,ridge_ar_lag_fourier,h24,2026-01-04T23:00:00,2026-01-18T23:00:00,2026-02-15T23:00:00,,,42.0
2026-02-12 22:00:00,15.5,30.791228747948036,1.0,"Tema Community 7, Royal School",tabular,ridge_ar_lag_fourier,h24,2026-01-04T23:00:00,2026-01-18T23:00:00,2026-02-15T23:00:00,,,42.0
2026-02-12 23:00:00,20.2,30.6815858490561,1.0,"Tema Community 7, Royal School",tabular,ridge_ar_lag_fourier,h24,2026-01-04T23:00:00,2026-01-18T23:00:00,2026-02-15T23:00:00,,,42.0
2026-02-13 00:00:00,15.9,35.37733945191169,1.0,"Tema Community 7, Royal School",tabular,ridge_ar_lag_fourier,h24,2026-01-04T23:00:00,2026-01-18T23:00:00,2026-02-15T23:00:00,,,42.0
2026-02-13 01:00:00,27.5,37.99189793256878,1.0,"Tema Community 7, Royal School",tabular,ridge_ar_lag_fourier,h24,2026-01-04T23:00:00,2026-01-18T23:00:00,2026-02-15T23:00:00,,,42.0
2026-02-13 02:00:00,14.9,38.102175147516405,1.0,"Tema Community 7, Royal School",tabular,ridge_ar_lag_fourier,h24,2026-01-04T23:00:00,2026-01-18T23:00:00,2026-02-15T23:00:00,,,42.0
2026-02-13 03:00:00,70.8,39.89735224876071,1.0,"Tema Community 7, Royal School",tabular,ridge_ar_lag_fourier,h24,2026-01-04T23:00:00,2026-01-18T23:00:00,2026-02-15T23:00:00,,,42.0
2026-02-13 04:00:00,45.5,41.582262771911346,1.0,"Tema Community 7, Royal School",tabular,ridge_ar_lag_fourier,h24,2026-01-04T23:00:00,2026-01-18T23:00:00,2026-02-15T23:00:00,,,42.0
2026-02-13 05:00:00,43.3,45.85748842436061,1.0,"Tema Community 7, Royal School",tabular,ridge_ar_lag_fourier,h24,2026-01-04T23:00:00,2026-01-18T23:00:00,2026-02-15T23:00:00,,,42.0
2026-02-13 06:00:00,49.8,62.72555349827404,1.0,"Tema Community 7, Royal School",tabular,ridge_ar_lag_fourier,h24,2026-01-04T23:00:00,2026-01-18T23:00:00,2026-02-15T23:00:00,,,42.0
2026-02-13 07:00:00,40.5,54.811008880027856,1.0,"Tema Community 7, Royal School",tabular,ridge_ar_lag_fourier,h24,2026-01-04T23:00:00,2026-01-18T23:00:00,2026-02-15T23:00:00,,,42.0
2026-02-13 08:00:00,30.2,42.54033553241753,1.0,"Tema Community 7, Royal School",tabular,ridge_ar_lag_fourier,h24,2026-01-04T23:00:00,2026-01-18T23:00:00,2026-02-15T23:00:00,,,42.0
2026-02-13 09:00:00,26.7,35.19905707857704,1.0,"Tema Community 7, Royal School",tabular,ridge_ar_lag_fourier,h24,2026-01-04T23:00:00,2026-01-18T23:00:00,2026-02-15T23:00:00,,,42.0
2026-02-13 10:00:00,22.5,28.98299465311398,1.0,"Tema Community 7, Royal School",tabular,ridge_ar_lag_fourier,h24,2026-01-04T23:00:00,2026-01-18T23:00:00,2026-02-15T23:00:00,,,42.0
2026-02-13 11:00:00,31.6,21.58305080742956,1.0,"Tema Community 7, Royal School",tabular,ridge_ar_lag_fourier,h24,2026-01-04T23:00:00,2026-01-18T23:00:00,2026-02-15T23:00:00,,,42.0
2026-02-13 12:00:00,49.8,18.324840000658433,1.0,"Tema Community 7, Royal School",tabular,ridge_ar_lag_fourier,h24,2026-01-04T23:00:00,2026-01-18T23:00:00,2026-02-15T23:00:00,,,42.0
2026-02-13 13:00:00,19.9,16.413767547352936,1.0,"Tema Community 7, Royal School",tabular,ridge_ar_lag_fourier,h24,2026-01-04T23:00:00,2026-01-18T23:00:00,2026-02-15T23:00:00,,,42.0
2026-02-13 14:00:00,27.4,16.432939165927962,1.0,"Tema Community 7, Royal School",tabular,ridge_ar_lag_fourier,h24,2026-01-04T23:00:00,2026-01-18T23:00:00,2026-02-15T23:00:00,,,42.0
2026-02-13 15:00:00,16.0,18.19668465911671,1.0,"Tema Community 7, Royal School",tabular,ridge_ar_lag_fourier,h24,2026-01-04T23:00:00,2026-01-18T23:00:00,2026-02-15T23:00:00,,,42.0
2026-02-13 16:00:00,7.0,18.4319689737618,1.0,"Tema Community 7, Royal School",tabular,ridge_ar_lag_fourier,h24,2026-01-04T23:00:00,2026-01-18T23:00:00,2026-02-15T23:00:00,,,42.0
2026-02-13 17:00:00,8.1,21.674315725283257,1.0,"Tema Community 7, Royal School",tabular,ridge_ar_lag_fourier,h24,2026-01-04T23:00:00,2026-01-18T23:00:00,2026-02-15T23:00:00,,,42.0
2026-02-13 18:00:00,10.3,24.174324325464145,1.0,"Tema Community 7, Royal School",tabular,ridge_ar_lag_fourier,h24,2026-01-04T23:00:00,2026-01-18T23:00:00,2026-02-15T23:00:00,,,42.0
2026-02-13 19:00:00,16.6,23.140056683689963,1.0,"Tema Community 7, Royal School",tabular,ridge_ar_lag_fourier,h24,2026-01-04T23:00:00,2026-01-18T23:00:00,2026-02-15T23:00:00,,,42.0
2026-02-13 20:00:00,10.8,27.832785548988817,1.0,"Tema Community 7, Royal School",tabular,ridge_ar_lag_fourier,h24,2026-01-04T23:00:00,2026-01-18T23:00:00,2026-02-15T23:00:00,,,42.0
2026-02-13 21:00:00,8.1,28.851158670040842,1.0,"Tema Community 7, Royal School",tabular,ridge_ar_lag_fourier,h24,2026-01-04T23:00:00,2026-01-18T23:00:00,2026-02-15T23:00:00,,,42.0
2026-02-13 22:00:00,18.0,26.90057339251214,1.0,"Tema Community 7, Royal School",tabular,ridge_ar_lag_fourier,h24,2026-01-04T23:00:00,2026-01-18T23:00:00,2026-02-15T23:00:00,,,42.0
2026-02-13 23:00:00,22.3,25.51322559383464,1.0,"Tema Community 7, Royal School",tabular,ridge_ar_lag_fourier,h24,2026-01-04T23:00:00,2026-01-18T23:00:00,2026-02-15T23:00:00,,,42.0
2026-02-14 00:00:00,14.3,32.76496010145345,1.0,"Tema Community 7, Royal School",tabular,ridge_ar_lag_fourier,h24,2026-01-04T23:00:00,2026-01-18T23:00:00,2026-02-15T23:00:00,,,42.0
2026-02-14 01:00:00,15.4,39.18158299776642,1.0,"Tema Community 7, Royal School",tabular,ridge_ar_lag_fourier,h24,2026-01-04T23:00:00,2026-01-18T23:00:00,2026-02-15T23:00:00,,,42.0
2026-02-14 02:00:00,25.5,36.285834014847985,1.0,"Tema Community 7, Royal School",tabular,ridge_ar_lag_fourier,h24,2026-01-04T23:00:00,2026-01-18T23:00:00,2026-02-15T23:00:00,,,42.0
2026-02-14 03:00:00,24.8,35.41235341257267,1.0,"Tema Community 7, Royal School",tabular,ridge_ar_lag_fourier,h24,2026-01-04T23:00:00,2026-01-18T23:00:00,2026-02-15T23:00:00,,,42.0
2026-02-14 04:00:00,33.8,47.89214628729165,1.0,"Tema Community 7, Royal School",tabular,ridge_ar_lag_fourier,h24,2026-01-04T23:00:00,2026-01-18T23:00:00,2026-02-15T23:00:00,,,42.0
2026-02-14 05:00:00,30.2,50.598786956217815,1.0,"Tema Community 7, Royal School",tabular,ridge_ar_lag_fourier,h24,2026-01-04T23:00:00,2026-01-18T23:00:00,2026-02-15T23:00:00,,,42.0
2026-02-14 06:00:00,35.0,56.14694422732754,1.0,"Tema Community 7, Royal School",tabular,ridge_ar_lag_fourier,h24,2026-01-04T23:00:00,2026-01-18T23:00:00,2026-02-15T23:00:00,,,42.0
2026-02-14 07:00:00,237.0,51.57645469913798,1.0,"Tema Community 7, Royal School",tabular,ridge_ar_lag_fourier,h24,2026-01-04T23:00:00,2026-01-18T23:00:00,2026-02-15T23:00:00,,,42.0
2026-02-14 08:00:00,133.0,39.429495047984375,1.0,"Tema Community 7, Royal School",tabular,ridge_ar_lag_fourier,h24,2026-01-04T23:00:00,2026-01-18T23:00:00,2026-02-15T23:00:00,,,42.0
2026-02-14 09:00:00,29.0,31.893680722107003,1.0,"Tema Community 7, Royal School",tabular,ridge_ar_lag_fourier,h24,2026-01-04T23:00:00,2026-01-18T23:00:00,2026-02-15T23:00:00,,,42.0
2026-02-14 10:00:00,26.3,26.22416349520956,1.0,"Tema Community 7, Royal School",tabular,ridge_ar_lag_fourier,h24,2026-01-04T23:00:00,2026-01-18T23:00:00,2026-02-15T23:00:00,,,42.0
2026-02-14 11:00:00,30.5,21.706352234893508,1.0,"Tema Community 7, Royal School",tabular,ridge_ar_lag_fourier,h24,2026-01-04T23:00:00,2026-01-18T23:00:00,2026-02-15T23:00:00,,,42.0
2026-02-14 12:00:00,33.5,19.19754041567695,1.0,"Tema Community 7, Royal School",tabular,ridge_ar_lag_fourier,h24,2026-01-04T23:00:00,2026-01-18T23:00:00,2026-02-15T23:00:00,,,42.0
2026-02-14 13:00:00,28.6,19.280763686098208,1.0,"Tema Community 7, Royal School",tabular,ridge_ar_lag_fourier,h24,2026-01-04T23:00:00,2026-01-18T23:00:00,2026-02-15T23:00:00,,,42.0
2026-02-14 14:00:00,28.9,17.12289219110655,1.0,"Tema Community 7, Royal School",tabular,ridge_ar_lag_fourier,h24,2026-01-04T23:00:00,2026-01-18T23:00:00,2026-02-15T23:00:00,,,42.0
2026-02-14 15:00:00,32.0,20.719301303254205,1.0,"Tema Community 7, Royal School",tabular,ridge_ar_lag_fourier,h24,2026-01-04T23:00:00,2026-01-18T23:00:00,2026-02-15T23:00:00,,,42.0
2026-02-14 16:00:00,45.7,18.728713683699855,1.0,"Tema Community 7, Royal School",tabular,ridge_ar_lag_fourier,h24,2026-01-04T23:00:00,2026-01-18T23:00:00,2026-02-15T23:00:00,,,42.0
2026-02-14 17:00:00,41.8,21.10652790435112,1.0,"Tema Community 7, Royal School",tabular,ridge_ar_lag_fourier,h24,2026-01-04T23:00:00,2026-01-18T23:00:00,2026-02-15T23:00:00,,,42.0
2026-02-14 18:00:00,55.6,25.00804346309085,1.0,"Tema Community 7, Royal School",tabular,ridge_ar_lag_fourier,h24,2026-01-04T23:00:00,2026-01-18T23:00:00,2026-02-15T23:00:00,,,42.0
2026-02-14 19:00:00,65.4,24.707261899191163,1.0,"Tema Community 7, Royal School",tabular,ridge_ar_lag_fourier,h24,2026-01-04T23:00:00,2026-01-18T23:00:00,2026-02-15T23:00:00,,,42.0
2026-02-14 20:00:00,70.3,27.025564924489146,1.0,"Tema Community 7, Royal School",tabular,ridge_ar_lag_fourier,h24,2026-01-04T23:00:00,2026-01-18T23:00:00,2026-02-15T23:00:00,,,42.0
2026-02-14 21:00:00,71.0,26.81920460933609,1.0,"Tema Community 7, Royal School",tabular,ridge_ar_lag_fourier,h24,2026-01-04T23:00:00,2026-01-18T23:00:00,2026-02-15T23:00:00,,,42.0
2026-02-14 22:00:00,53.8,26.126132538323148,1.0,"Tema Community 7, Royal School",tabular,ridge_ar_lag_fourier,h24,2026-01-04T23:00:00,2026-01-18T23:00:00,2026-02-15T23:00:00,,,42.0
2026-02-14 23:00:00,47.7,26.973535289758928,1.0,"Tema Community 7, Royal School",tabular,ridge_ar_lag_fourier,h24,2026-01-04T23:00:00,2026-01-18T23:00:00,2026-02-15T23:00:00,,,42.0
2026-02-15 00:00:00,40.2,33.72922437224691,1.0,"Tema Community 7, Royal School",tabular,ridge_ar_lag_fourier,h24,2026-01-04T23:00:00,2026-01-18T23:00:00,2026-02-15T23:00:00,,,42.0
2026-02-15 01:00:00,41.0,37.107416352812706,1.0,"Tema Community 7, Royal School",tabular,ridge_ar_lag_fourier,h24,2026-01-04T23:00:00,2026-01-18T23:00:00,2026-02-15T23:00:00,,,42.0
2026-02-15 02:00:00,44.5,36.38241735671282,1.0,"Tema Community 7, Royal School",tabular,ridge_ar_lag_fourier,h24,2026-01-04T23:00:00,2026-01-18T23:00:00,2026-02-15T23:00:00,,,42.0
2026-02-15 03:00:00,40.6,40.687204811524055,1.0,"Tema Community 7, Royal School",tabular,ridge_ar_lag_fourier,h24,2026-01-04T23:00:00,2026-01-18T23:00:00,2026-02-15T23:00:00,,,42.0
2026-02-15 04:00:00,43.0,43.185896462128724,1.0,"Tema Community 7, Royal School",tabular,ridge_ar_lag_fourier,h24,2026-01-04T23:00:00,2026-01-18T23:00:00,2026-02-15T23:00:00,,,42.0
2026-02-15 05:00:00,52.4,48.80466531065066,1.0,"Tema Community 7, Royal School",tabular,ridge_ar_lag_fourier,h24,2026-01-04T23:00:00,2026-01-18T23:00:00,2026-02-15T23:00:00,,,42.0
2026-02-15 06:00:00,75.4,56.29460460510373,1.0,"Tema Community 7, Royal School",tabular,ridge_ar_lag_fourier,h24,2026-01-04T23:00:00,2026-01-18T23:00:00,2026-02-15T23:00:00,,,42.0
2026-02-15 07:00:00,39.6,49.927184573770006,1.0,"Tema Community 7, Royal School",tabular,ridge_ar_lag_fourier,h24,2026-01-04T23:00:00,2026-01-18T23:00:00,2026-02-15T23:00:00,,,42.0
2026-02-15 08:00:00,28.9,64.83724072774122,1.0,"Tema Community 7, Royal School",tabular,ridge_ar_lag_fourier,h24,2026-01-04T23:00:00,2026-01-18T23:00:00,2026-02-15T23:00:00,,,42.0
2026-02-15 09:00:00,21.7,47.62475021416148,1.0,"Tema Community 7, Royal School",tabular,ridge_ar_lag_fourier,h24,2026-01-04T23:00:00,2026-01-18T23:00:00,2026-02-15T23:00:00,,,42.0
2026-02-15 10:00:00,29.3,30.876183451351796,1.0,"Tema Community 7, Royal School",tabular,ridge_ar_lag_fourier,h24,2026-01-04T23:00:00,2026-01-18T23:00:00,2026-02-15T23:00:00,,,42.0
2026-02-15 11:00:00,16.8,27.663128663061702,1.0,"Tema Community 7, Royal School",tabular,ridge_ar_lag_fourier,h24,2026-01-04T23:00:00,2026-01-18T23:00:00,2026-02-15T23:00:00,,,42.0
2026-02-15 12:00:00,9.0,25.150168599505523,1.0,"Tema Community 7, Royal School",tabular,ridge_ar_lag_fourier,h24,2026-01-04T23:00:00,2026-01-18T23:00:00,2026-02-15T23:00:00,,,42.0
2026-02-15 13:00:00,5.8,21.550548222701867,1.0,"Tema Community 7, Royal School",tabular,ridge_ar_lag_fourier,h24,2026-01-04T23:00:00,2026-01-18T23:00:00,2026-02-15T23:00:00,,,42.0
2026-02-15 14:00:00,4.2,20.308835268692782,1.0,"Tema Community 7, Royal School",tabular,ridge_ar_lag_fourier,h24,2026-01-04T23:00:00,2026-01-18T23:00:00,2026-02-15T23:00:00,,,42.0
2026-02-15 15:00:00,7.6,22.25874664972464,1.0,"Tema Community 7, Royal School",tabular,ridge_ar_lag_fourier,h24,2026-01-04T23:00:00,2026-01-18T23:00:00,2026-02-15T23:00:00,,,42.0
2026-02-15 16:00:00,7.0,20.92031819257118,1.0,"Tema Community 7, Royal School",tabular,ridge_ar_lag_fourier,h24,2026-01-04T23:00:00,2026-01-18T23:00:00,2026-02-15T23:00:00,,,42.0
2026-02-15 17:00:00,7.1,21.83151791856114,1.0,"Tema Community 7, Royal School",tabular,ridge_ar_lag_fourier,h24,2026-01-04T23:00:00,2026-01-18T23:00:00,2026-02-15T23:00:00,,,42.0
2026-02-15 18:00:00,9.7,26.537929606599228,1.0,"Tema Community 7, Royal School",tabular,ridge_ar_lag_fourier,h24,2026-01-04T23:00:00,2026-01-18T23:00:00,2026-02-15T23:00:00,,,42.0
2026-02-15 19:00:00,12.2,29.994899441778088,1.0,"Tema Community 7, Royal School",tabular,ridge_ar_lag_fourier,h24,2026-01-04T23:00:00,2026-01-18T23:00:00,2026-02-15T23:00:00,,,42.0
2026-02-15 20:00:00,18.2,28.90527881242523,1.0,"Tema Community 7, Royal School",tabular,ridge_ar_lag_fourier,h24,2026-01-04T23:00:00,2026-01-18T23:00:00,2026-02-15T23:00:00,,,42.0
2026-02-15 21:00:00,23.0,28.87017598502198,1.0,"Tema Community 7, Royal School",tabular,ridge_ar_lag_fourier,h24,2026-01-04T23:00:00,2026-01-18T23:00:00,2026-02-15T23:00:00,,,42.0
2026-02-15 22:00:00,10.8,31.131742692993285,1.0,"Tema Community 7, Royal School",tabular,ridge_ar_lag_fourier,h24,2026-01-04T23:00:00,2026-01-18T23:00:00,2026-02-15T23:00:00,,,42.0
2026-02-15 23:00:00,38.1,26.828682743416632,1.0,"Tema Community 7, Royal School",tabular,ridge_ar_lag_fourier,h24,2026-01-04T23:00:00,2026-01-18T23:00:00,2026-02-15T23:00:00,,,42.0
2026-01-18 23:00:00,40.2,24.977825616675336,1.0,Tema Port,tabular,ridge_ar_lag_fourier,h24,2026-01-04T23:00:00,2026-01-18T23:00:00,2026-02-15T23:00:00,,,42.0
2026-01-19 00:00:00,46.8,30.12749325434796,1.0,Tema Port,tabular,ridge_ar_lag_fourier,h24,2026-01-04T23:00:00,2026-01-18T23:00:00,2026-02-15T23:00:00,,,42.0
2026-01-19 01:00:00,51.2,30.28995055390216,1.0,Tema Port,tabular,ridge_ar_lag_fourier,h24,2026-01-04T23:00:00,2026-01-18T23:00:00,2026-02-15T23:00:00,,,42.0
2026-01-19 02:00:00,54.0,28.836042646006895,1.0,Tema Port,tabular,ridge_ar_lag_fourier,h24,2026-01-04T23:00:00,2026-01-18T23:00:00,2026-02-15T23:00:00,,,42.0
2026-01-19 03:00:00,45.1,34.57478570384383,1.0,Tema Port,tabular,ridge_ar_lag_fourier,h24,2026-01-04T23:00:00,2026-01-18T23:00:00,2026-02-15T23:00:00,,,42.0
2026-01-19 04:00:00,43.0,40.690937246502266,1.0,Tema Port,tabular,ridge_ar_lag_fourier,h24,2026-01-04T23:00:00,2026-01-18T23:00:00,2026-02-15T23:00:00,,,42.0
2026-01-19 05:00:00,50.4,42.450516514304724,1.0,Tema Port,tabular,ridge_ar_lag_fourier,h24,2026-01-04T23:00:00,2026-01-18T23:00:00,2026-02-15T23:00:00,,,42.0
2026-01-19 06:00:00,56.5,43.02435551944087,1.0,Tema Port,tabular,ridge_ar_lag_fourier,h24,2026-01-04T23:00:00,2026-01-18T23:00:00,2026-02-15T23:00:00,,,42.0
2026-01-19 07:00:00,72.6,41.289335167735594,1.0,Tema Port,tabular,ridge_ar_lag_fourier,h24,2026-01-04T23:00:00,2026-01-18T23:00:00,2026-02-15T23:00:00,,,42.0
2026-01-19 08:00:00,107.2,35.70747908926804,1.0,Tema Port,tabular,ridge_ar_lag_fourier,h24,2026-01-04T23:00:00,2026-01-18T23:00:00,2026-02-15T23:00:00,,,42.0
2026-01-19 09:00:00,71.0,32.83697202820056,1.0,Tema Port,tabular,ridge_ar_lag_fourier,h24,2026-01-04T23:00:00,2026-01-18T23:00:00,2026-02-15T23:00:00,,,42.0
2026-01-19 10:00:00,38.0,31.68625818432638,1.0,Tema Port,tabular,ridge_ar_lag_fourier,h24,2026-01-04T23:00:00,2026-01-18T23:00:00,2026-02-15T23:00:00,,,42.0
2026-01-19 11:00:00,37.3,26.921345797743964,1.0,Tema Port,tabular,ridge_ar_lag_fourier,h24,2026-01-04T23:00:00,2026-01-18T23:00:00,2026-02-15T23:00:00,,,42.0
2026-01-19 12:00:00,35.6,23.775655038879965,1.0,Tema Port,tabular,ridge_ar_lag_fourier,h24,2026-01-04T23:00:00,2026-01-18T23:00:00,2026-02-15T23:00:00,,,42.0
2026-01-19 13:00:00,33.9,27.03002624682126,1.0,Tema Port,tabular,ridge_ar_lag_fourier,h24,2026-01-04T23:00:00,2026-01-18T23:00:00,2026-02-15T23:00:00,,,42.0
2026-01-19 14:00:00,34.0,24.295218224990197,1.0,Tema Port,tabular,ridge_ar_lag_fourier,h24,2026-01-04T23:00:00,2026-01-18T23:00:00,2026-02-15T23:00:00,,,42.0
2026-01-19 15:00:00,38.3,24.128520653199693,1.0,Tema Port,tabular,ridge_ar_lag_fourier,h24,2026-01-04T23:00:00,2026-01-18T23:00:00,2026-02-15T23:00:00,,,42.0
2026-01-19 16:00:00,36.9,22.39627051485942,1.0,Tema Port,tabular,ridge_ar_lag_fourier,h24,2026-01-04T23:00:00,2026-01-18T23:00:00,2026-02-15T23:00:00,,,42.0
2026-01-19 17:00:00,41.0,23.07523697011288,1.0,Tema Port,tabular,ridge_ar_lag_fourier,h24,2026-01-04T23:00:00,2026-01-18T23:00:00,2026-02-15T23:00:00,,,42.0
2026-01-19 18:00:00,58.3,27.091715246622577,1.0,Tema Port,tabular,ridge_ar_lag_fourier,h24,2026-01-04T23:00:00,2026-01-18T23:00:00,2026-02-15T23:00:00,,,42.0
2026-01-19 19:00:00,35.2,30.66080226523915,1.0,Tema Port,tabular,ridge_ar_lag_fourier,h24,2026-01-04T23:00:00,2026-01-18T23:00:00,2026-02-15T23:00:00,,,42.0
2026-01-19 20:00:00,34.2,26.122427091715135,1.0,Tema Port,tabular,ridge_ar_lag_fourier,h24,2026-01-04T23:00:00,2026-01-18T23:00:00,2026-02-15T23:00:00,,,42.0
2026-01-19 21:00:00,36.8,25.268412229778068,1.0,Tema Port,tabular,ridge_ar_lag_fourier,h24,2026-01-04T23:00:00,2026-01-18T23:00:00,2026-02-15T23:00:00,,,42.0
2026-01-19 22:00:00,32.4,24.98744194508395,1.0,Tema Port,tabular,ridge_ar_lag_fourier,h24,2026-01-04T23:00:00,2026-01-18T23:00:00,2026-02-15T23:00:00,,,42.0
2026-01-19 23:00:00,31.4,25.971192308298438,1.0,Tema Port,tabular,ridge_ar_lag_fourier,h24,2026-01-04T23:00:00,2026-01-18T23:00:00,2026-02-15T23:00:00,,,42.0
2026-01-20 00:00:00,32.6,31.67211051096934,1.0,Tema Port,tabular,ridge_ar_lag_fourier,h24,2026-01-04T23:00:00,2026-01-18T23:00:00,2026-02-15T23:00:00,,,42.0
2026-01-20 01:00:00,29.9,34.32599681480045,1.0,Tema Port,tabular,ridge_ar_lag_fourier,h24,2026-01-04T23:00:00,2026-01-18T23:00:00,2026-02-15T23:00:00,,,42.0
2026-01-20 02:00:00,33.3,36.606211697682035,1.0,Tema Port,tabular,ridge_ar_lag_fourier,h24,2026-01-04T23:00:00,2026-01-18T23:00:00,2026-02-15T23:00:00,,,42.0
2026-01-20 03:00:00,38.6,38.201302796079474,1.0,Tema Port,tabular,ridge_ar_lag_fourier,h24,2026-01-04T23:00:00,2026-01-18T23:00:00,2026-02-15T23:00:00,,,42.0
2026-01-20 04:00:00,38.7,38.442416624922366,1.0,Tema Port,tabular,ridge_ar_lag_fourier,h24,2026-01-04T23:00:00,2026-01-18T23:00:00,2026-02-15T23:00:00,,,42.0
2026-01-20 05:00:00,36.8,40.50466216279729,1.0,Tema Port,tabular,ridge_ar_lag_fourier,h24,2026-01-04T23:00:00,2026-01-18T23:00:00,2026-02-15T23:00:00,,,42.0
2026-01-20 06:00:00,44.7,43.10452897163765,1.0,Tema Port,tabular,ridge_ar_lag_fourier,h24,2026-01-04T23:00:00,2026-01-18T23:00:00,2026-02-15T23:00:00,,,42.0
2026-01-20 07:00:00,50.7,43.556959189811366,1.0,Tema Port,tabular,ridge_ar_lag_fourier,h24,2026-01-04T23:00:00,2026-01-18T23:00:00,2026-02-15T23:00:00,,,42.0
2026-01-20 08:00:00,40.2,39.586282767821295,1.0,Tema Port,tabular,ridge_ar_lag_fourier,h24,2026-01-04T23:00:00,2026-01-18T23:00:00,2026-02-15T23:00:00,,,42.0
2026-01-20 09:00:00,36.9,41.91232921987044,1.0,Tema Port,tabular,ridge_ar_lag_fourier,h24,2026-01-04T23:00:00,2026-01-18T23:00:00,2026-02-15T23:00:00,,,42.0
2026-01-20 10:00:00,35.5,35.56977064469369,1.0,Tema Port,tabular,ridge_ar_lag_fourier,h24,2026-01-04T23:00:00,2026-01-18T23:00:00,2026-02-15T23:00:00,,,42.0
2026-01-20 11:00:00,34.6,28.276136955297716,1.0,Tema Port,tabular,ridge_ar_lag_fourier,h24,2026-01-04T23:00:00,2026-01-18T23:00:00,2026-02-15T23:00:00,,,42.0
2026-01-20 12:00:00,31.3,24.507675390587,1.0,Tema Port,tabular,ridge_ar_lag_fourier,h24,2026-01-04T23:00:00,2026-01-18T23:00:00,2026-02-15T23:00:00,,,42.0
2026-01-20 13:00:00,25.0,22.77939637644118,1.0,Tema Port,tabular,ridge_ar_lag_fourier,h24,2026-01-04T23:00:00,2026-01-18T23:00:00,2026-02-15T23:00:00,,,42.0
2026-01-20 14:00:00,26.2,21.986402110430205,1.0,Tema Port,tabular,ridge_ar_lag_fourier,h24,2026-01-04T23:00:00,2026-01-18T23:00:00,2026-02-15T23:00:00,,,42.0
2026-01-20 15:00:00,33.8,22.701058898946485,1.0,Tema Port,tabular,ridge_ar_lag_fourier,h24,2026-01-04T23:00:00,2026-01-18T23:00:00,2026-02-15T23:00:00,,,42.0
2026-01-20 16:00:00,25.5,23.543245328318022,1.0,Tema Port,tabular,ridge_ar_lag_fourier,h24,2026-01-04T23:00:00,2026-01-18T23:00:00,2026-02-15T23:00:00,,,42.0
2026-01-20 17:00:00,30.8,24.637297369520947,1.0,Tema Port,tabular,ridge_ar_lag_fourier,h24,2026-01-04T23:00:00,2026-01-18T23:00:00,2026-02-15T23:00:00,,,42.0
2026-01-20 18:00:00,27.8,27.283734790465,1.0,Tema Port,tabular,ridge_ar_lag_fourier,h24,2026-01-04T23:00:00,2026-01-18T23:00:00,2026-02-15T23:00:00,,,42.0
2026-01-20 19:00:00,35.0,32.688151241707125,1.0,Tema Port,tabular,ridge_ar_lag_fourier,h24,2026-01-04T23:00:00,2026-01-18T23:00:00,2026-02-15T23:00:00,,,42.0
2026-01-20 20:00:00,33.8,27.793286540483543,1.0,Tema Port,tabular,ridge_ar_lag_fourier,h24,2026-01-04T23:00:00,2026-01-18T23:00:00,2026-02-15T23:00:00,,,42.0
2026-01-20 21:00:00,34.8,25.848328033987702,1.0,Tema Port,tabular,ridge_ar_lag_fourier,h24,2026-01-04T23:00:00,2026-01-18T23:00:00,2026-02-15T23:00:00,,,42.0
2026-01-20 22:00:00,14.9,25.384715520884352,1.0,Tema Port,tabular,ridge_ar_lag_fourier,h24,2026-01-04T23:00:00,2026-01-18T23:00:00,2026-02-15T23:00:00,,,42.0
2026-01-20 23:00:00,9.0,25.77946873903808,1.0,Tema Port,tabular,ridge_ar_lag_fourier,h24,2026-01-04T23:00:00,2026-01-18T23:00:00,2026-02-15T23:00:00,,,42.0
2026-01-21 00:00:00,9.1,32.80144478741182,1.0,Tema Port,tabular,ridge_ar_lag_fourier,h24,2026-01-04T23:00:00,2026-01-18T23:00:00,2026-02-15T23:00:00,,,42.0
2026-01-21 01:00:00,21.2,35.462236395407814,1.0,Tema Port,tabular,ridge_ar_lag_fourier,h24,2026-01-04T23:00:00,2026-01-18T23:00:00,2026-02-15T23:00:00,,,42.0
2026-01-21 02:00:00,22.4,34.66278959209067,1.0,Tema Port,tabular,ridge_ar_lag_fourier,h24,2026-01-04T23:00:00,2026-01-18T23:00:00,2026-02-15T23:00:00,,,42.0
2026-01-21 03:00:00,27.5,34.59701028818758,1.0,Tema Port,tabular,ridge_ar_lag_fourier,h24,2026-01-04T23:00:00,2026-01-18T23:00:00,2026-02-15T23:00:00,,,42.0
2026-01-21 04:00:00,38.6,38.7669913386805,1.0,Tema Port,tabular,ridge_ar_lag_fourier,h24,2026-01-04T23:00:00,2026-01-18T23:00:00,2026-02-15T23:00:00,,,42.0
2026-01-21 05:00:00,48.3,39.95855565313575,1.0,Tema Port,tabular,ridge_ar_lag_fourier,h24,2026-01-04T23:00:00,2026-01-18T23:00:00,2026-02-15T23:00:00,,,42.0
2026-01-21 06:00:00,57.1,42.697390534625896,1.0,Tema Port,tabular,ridge_ar_lag_fourier,h24,2026-01-04T23:00:00,2026-01-18T23:00:00,2026-02-15T23:00:00,,,42.0
2026-01-21 07:00:00,51.0,44.49089120457003,1.0,Tema Port,tabular,ridge_ar_lag_fourier,h24,2026-01-04T23:00:00,2026-01-18T23:00:00,2026-02-15T23:00:00,,,42.0
2026-01-21 08:00:00,39.6,40.931992604215,1.0,Tema Port,tabular,ridge_ar_lag_fourier,h24,2026-01-04T23:00:00,2026-01-18T23:00:00,2026-02-15T23:00:00,,,42.0
2026-01-21 09:00:00,29.6,35.18660962968006,1.0,Tema Port,tabular,ridge_ar_lag_fourier,h24,2026-01-04T23:00:00,2026-01-18T23:00:00,2026-02-15T23:00:00,,,42.0
2026-01-21 10:00:00,36.1,31.317084818256333,1.0,Tema Port,tabular,ridge_ar_lag_fourier,h24,2026-01-04T23:00:00,2026-01-18T23:00:00,2026-02-15T23:00:00,,,42.0
2026-01-21 11:00:00,42.5,29.731945161968206,1.0,Tema Port,tabular,ridge_ar_lag_fourier,h24,2026-01-04T23:00:00,2026-01-18T23:00:00,2026-02-15T23:00:00,,,42.0
2026-01-21 12:00:00,34.2,25.894293068529237,1.0,Tema Port,tabular,ridge_ar_lag_fourier,h24,2026-01-04T23:00:00,2026-01-18T23:00:00,2026-02-15T23:00:00,,,42.0
2026-01-21 13:00:00,25.2,23.754441328148484,1.0,Tema Port,tabular,ridge_ar_lag_fourier,h24,2026-01-04T23:00:00,2026-01-18T23:00:00,2026-02-15T23:00:00,,,42.0
2026-01-21 14:00:00,28.9,21.720806406442055,1.0,Tema Port,tabular,ridge_ar_lag_fourier,h24,2026-01-04T23:00:00,2026-01-18T23:00:00,2026-02-15T23:00:00,,,42.0
2026-01-21 15:00:00,26.5,21.228728360337737,1.0,Tema Port,tabular,ridge_ar_lag_fourier,h24,2026-01-04T23:00:00,2026-01-18T23:00:00,2026-02-15T23:00:00,,,42.0
2026-01-21 16:00:00,32.1,22.12158204810374,1.0,Tema Port,tabular,ridge_ar_lag_fourier,h24,2026-01-04T23:00:00,2026-01-18T23:00:00,2026-02-15T23:00:00,,,42.0
2026-01-21 17:00:00,32.6,25.017981583865716,1.0,Tema Port,tabular,ridge_ar_lag_fourier,h24,2026-01-04T23:00:00,2026-01-18T23:00:00,2026-02-15T23:00:00,,,42.0
2026-01-21 18:00:00,29.5,26.83753657637459,1.0,Tema Port,tabular,ridge_ar_lag_fourier,h24,2026-01-04T23:00:00,2026-01-18T23:00:00,2026-02-15T23:00:00,,,42.0
2026-01-21 19:00:00,27.5,28.840723701687544,1.0,Tema Port,tabular,ridge_ar_lag_fourier,h24,2026-01-04T23:00:00,2026-01-18T23:00:00,2026-02-15T23:00:00,,,42.0
2026-01-21 20:00:00,37.5,26.68029449201143,1.0,Tema Port,tabular,ridge_ar_lag_fourier,h24,2026-01-04T23:00:00,2026-01-18T23:00:00,2026-02-15T23:00:00,,,42.0
2026-01-21 21:00:00,42.1,26.34130398933429,1.0,Tema Port,tabular,ridge_ar_lag_fourier,h24,2026-01-04T23:00:00,2026-01-18T23:00:00,2026-02-15T23:00:00,,,42.0
2026-01-21 22:00:00,33.1,26.77015405724417,1.0,Tema Port,tabular,ridge_ar_lag_fourier,h24,2026-01-04T23:00:00,2026-01-18T23:00:00,2026-02-15T23:00:00,,,42.0
2026-01-21 23:00:00,32.2,22.3983914600788,1.0,Tema Port,tabular,ridge_ar_lag_fourier,h24,2026-01-04T23:00:00,2026-01-18T23:00:00,2026-02-15T23:00:00,,,42.0
2026-01-22 00:00:00,37.7,27.24265214366006,1.0,Tema Port,tabular,ridge_ar_lag_fourier,h24,2026-01-04T23:00:00,2026-01-18T23:00:00,2026-02-15T23:00:00,,,42.0
2026-01-22 01:00:00,30.4,29.480832896482944,1.0,Tema Port,tabular,ridge_ar_lag_fourier,h24,2026-01-04T23:00:00,2026-01-18T23:00:00,2026-02-15T23:00:00,,,42.0
2026-01-22 02:00:00,31.0,31.769695444615557,1.0,Tema Port,tabular,ridge_ar_lag_fourier,h24,2026-01-04T23:00:00,2026-01-18T23:00:00,2026-02-15T23:00:00,,,42.0
2026-01-22 03:00:00,36.8,33.243087639488934,1.0,Tema Port,tabular,ridge_ar_lag_fourier,h24,2026-01-04T23:00:00,2026-01-18T23:00:00,2026-02-15T23:00:00,,,42.0
2026-01-22 04:00:00,29.2,36.08060887475152,1.0,Tema Port,tabular,ridge_ar_lag_fourier,h24,2026-01-04T23:00:00,2026-01-18T23:00:00,2026-02-15T23:00:00,,,42.0
2026-01-22 05:00:00,39.7,39.02520372813695,1.0,Tema Port,tabular,ridge_ar_lag_fourier,h24,2026-01-04T23:00:00,2026-01-18T23:00:00,2026-02-15T23:00:00,,,42.0
2026-01-22 06:00:00,56.1,42.407231341138136,1.0,Tema Port,tabular,ridge_ar_lag_fourier,h24,2026-01-04T23:00:00,2026-01-18T23:00:00,2026-02-15T23:00:00,,,42.0
2026-01-22 07:00:00,85.0,45.926168359081004,1.0,Tema Port,tabular,ridge_ar_lag_fourier,h24,2026-01-04T23:00:00,2026-01-18T23:00:00,2026-02-15T23:00:00,,,42.0
2026-01-22 08:00:00,44.9,41.175120021666544,1.0,Tema Port,tabular,ridge_ar_lag_fourier,h24,2026-01-04T23:00:00,2026-01-18T23:00:00,2026-02-15T23:00:00,,,42.0
2026-01-22 09:00:00,38.9,34.627440235943965,1.0,Tema Port,tabular,ridge_ar_lag_fourier,h24,2026-01-04T23:00:00,2026-01-18T23:00:00,2026-02-15T23:00:00,,,42.0
2026-01-22 10:00:00,48.5,30.822642997829735,1.0,Tema Port,tabular,ridge_ar_lag_fourier,h24,2026-01-04T23:00:00,2026-01-18T23:00:00,2026-02-15T23:00:00,,,42.0
2026-01-22 11:00:00,38.3,30.182283368983292,1.0,Tema Port,tabular,ridge_ar_lag_fourier,h24,2026-01-04T23:00:00,2026-01-18T23:00:00,2026-02-15T23:00:00,,,42.0
2026-01-22 12:00:00,37.8,27.01971259979269,1.0,Tema Port,tabular,ridge_ar_lag_fourier,h24,2026-01-04T23:00:00,2026-01-18T23:00:00,2026-02-15T23:00:00,,,42.0
2026-01-22 13:00:00,35.4,24.52356880220838,1.0,Tema Port,tabular,ridge_ar_lag_fourier,h24,2026-01-04T23:00:00,2026-01-18T23:00:00,2026-02-15T23:00:00,,,42.0
2026-01-22 14:00:00,41.8,23.538819331022363,1.0,Tema Port,tabular,ridge_ar_lag_fourier,h24,2026-01-04T23:00:00,2026-01-18T23:00:00,2026-02-15T23:00:00,,,42.0
2026-01-22 15:00:00,27.4,24.36904497270088,1.0,Tema Port,tabular,ridge_ar_lag_fourier,h24,2026-01-04T23:00:00,2026-01-18T23:00:00,2026-02-15T23:00:00,,,42.0
2026-01-22 16:00:00,29.2,25.032275926369476,1.0,Tema Port,tabular,ridge_ar_lag_fourier,h24,2026-01-04T23:00:00,2026-01-18T23:00:00,2026-02-15T23:00:00,,,42.0
2026-01-22 17:00:00,31.2,28.072865068314893,1.0,Tema Port,tabular,ridge_ar_lag_fourier,h24,2026-01-04T23:00:00,2026-01-18T23:00:00,2026-02-15T23:00:00,,,42.0
2026-01-22 18:00:00,27.8,28.414563550340276,1.0,Tema Port,tabular,ridge_ar_lag_fourier,h24,2026-01-04T23:00:00,2026-01-18T23:00:00,2026-02-15T23:00:00,,,42.0
2026-01-22 19:00:00,27.9,31.019646253612294,1.0,Tema Port,tabular,ridge_ar_lag_fourier,h24,2026-01-04T23:00:00,2026-01-18T23:00:00,2026-02-15T23:00:00,,,42.0
2026-01-22 20:00:00,27.5,27.072024037917167,1.0,Tema Port,tabular,ridge_ar_lag_fourier,h24,2026-01-04T23:00:00,2026-01-18T23:00:00,2026-02-15T23:00:00,,,42.0
2026-01-22 21:00:00,27.1,26.824596399006083,1.0,Tema Port,tabular,ridge_ar_lag_fourier,h24,2026-01-04T23:00:00,2026-01-18T23:00:00,2026-02-15T23:00:00,,,42.0
2026-01-22 22:00:00,31.5,25.506807019312284,1.0,Tema Port,tabular,ridge_ar_lag_fourier,h24,2026-01-04T23:00:00,2026-01-18T23:00:00,2026-02-15T23:00:00,,,42.0
2026-01-22 23:00:00,24.0,22.9990581091908,1.0,Tema Port,tabular,ridge_ar_lag_fourier,h24,2026-01-04T23:00:00,2026-01-18T23:00:00,2026-02-15T23:00:00,,,42.0
2026-01-23 00:00:00,27.6,28.97186525056855,1.0,Tema Port,tabular,ridge_ar_lag_fourier,h24,2026-01-04T23:00:00,2026-01-18T23:00:00,2026-02-15T23:00:00,,,42.0
2026-01-23 01:00:00,36.6,30.360911336700802,1.0,Tema Port,tabular,ridge_ar_lag_fourier,h24,2026-01-04T23:00:00,2026-01-18T23:00:00,2026-02-15T23:00:00,,,42.0
2026-01-23 02:00:00,31.0,31.91045876351611,1.0,Tema Port,tabular,ridge_ar_lag_fourier,h24,2026-01-04T23:00:00,2026-01-18T23:00:00,2026-02-15T23:00:00,,,42.0
2026-01-23 03:00:00,42.6,33.79517764618633,1.0,Tema Port,tabular,ridge_ar_lag_fourier,h24,2026-01-04T23:00:00,2026-01-18T23:00:00,2026-02-15T23:00:00,,,42.0
2026-01-23 04:00:00,52.3,37.995390036180126,1.0,Tema Port,tabular,ridge_ar_lag_fourier,h24,2026-01-04T23:00:00,2026-01-18T23:00:00,2026-02-15T23:00:00,,,42.0
2026-01-23 05:00:00,67.7,37.878699421712994,1.0,Tema Port,tabular,ridge_ar_lag_fourier,h24,2026-01-04T23:00:00,2026-01-18T23:00:00,2026-02-15T23:00:00,,,42.0
2026-01-23 06:00:00,101.5,41.42233446409807,1.0,Tema Port,tabular,ridge_ar_lag_fourier,h24,2026-01-04T23:00:00,2026-01-18T23:00:00,2026-02-15T23:00:00,,,42.0
2026-01-23 07:00:00,80.1,44.39051867693399,1.0,Tema Port,tabular,ridge_ar_lag_fourier,h24,2026-01-04T23:00:00,2026-01-18T23:00:00,2026-02-15T23:00:00,,,42.0
2026-01-23 08:00:00,57.5,44.52045516528989,1.0,Tema Port,tabular,ridge_ar_lag_fourier,h24,2026-01-04T23:00:00,2026-01-18T23:00:00,2026-02-15T23:00:00,,,42.0
2026-01-23 09:00:00,38.6,36.31448765754302,1.0,Tema Port,tabular,ridge_ar_lag_fourier,h24,2026-01-04T23:00:00,2026-01-18T23:00:00,2026-02-15T23:00:00,,,42.0
2026-01-23 10:00:00,38.4,32.765256407376086,1.0,Tema Port,tabular,ridge_ar_lag_fourier,h24,2026-01-04T23:00:00,2026-01-18T23:00:00,2026-02-15T23:00:00,,,42.0
2026-01-23 11:00:00,30.7,31.266341633919822,1.0,Tema Port,tabular,ridge_ar_lag_fourier,h24,2026-01-04T23:00:00,2026-01-18T23:00:00,2026-02-15T23:00:00,,,42.0
2026-01-23 12:00:00,29.7,26.47875995790375,1.0,Tema Port,tabular,ridge_ar_lag_fourier,h24,2026-01-04T23:00:00,2026-01-18T23:00:00,2026-02-15T23:00:00,,,42.0
2026-01-23 13:00:00,25.4,23.138897219267484,1.0,Tema Port,tabular,ridge_ar_lag_fourier,h24,2026-01-04T23:00:00,2026-01-18T23:00:00,2026-02-15T23:00:00,,,42.0
2026-01-23 14:00:00,20.3,22.829229289668366,1.0,Tema Port,tabular,ridge_ar_lag_fourier,h24,2026-01-04T23:00:00,2026-01-18T23:00:00,2026-02-15T23:00:00,,,42.0
2026-01-23 15:00:00,22.4,24.656156008137327,1.0,Tema Port,tabular,ridge_ar_lag_fourier,h24,2026-01-04T23:00:00,2026-01-18T23:00:00,2026-02-15T23:00:00,,,42.0
2026-01-23 16:00:00,18.2,23.25296638992783,1.0,Tema Port,tabular,ridge_ar_lag_fourier,h24,2026-01-04T23:00:00,2026-01-18T23:00:00,2026-02-15T23:00:00,,,42.0
2026-01-23 17:00:00,23.3,25.2972511368878,1.0,Tema Port,tabular,ridge_ar_lag_fourier,h24,2026-01-04T23:00:00,2026-01-18T23:00:00,2026-02-15T23:00:00,,,42.0
2026-01-23 18:00:00,25.9,26.768755951468762,1.0,Tema Port,tabular,ridge_ar_lag_fourier,h24,2026-01-04T23:00:00,2026-01-18T23:00:00,2026-02-15T23:00:00,,,42.0
2026-01-23 19:00:00,35.4,28.399951648279583,1.0,Tema Port,tabular,ridge_ar_lag_fourier,h24,2026-01-04T23:00:00,2026-01-18T23:00:00,2026-02-15T23:00:00,,,42.0
2026-01-23 20:00:00,27.4,25.85449732897453,1.0,Tema Port,tabular,ridge_ar_lag_fourier,h24,2026-01-04T23:00:00,2026-01-18T23:00:00,2026-02-15T23:00:00,,,42.0
2026-01-23 21:00:00,21.9,25.16101141072891,1.0,Tema Port,tabular,ridge_ar_lag_fourier,h24,2026-01-04T23:00:00,2026-01-18T23:00:00,2026-02-15T23:00:00,,,42.0
2026-01-23 22:00:00,31.6,23.30860229214423,1.0,Tema Port,tabular,ridge_ar_lag_fourier,h24,2026-01-04T23:00:00,2026-01-18T23:00:00,2026-02-15T23:00:00,,,42.0
2026-01-23 23:00:00,33.6,22.600530261242213,1.0,Tema Port,tabular,ridge_ar_lag_fourier,h24,2026-01-04T23:00:00,2026-01-18T23:00:00,2026-02-15T23:00:00,,,42.0
2026-01-24 00:00:00,39.4,26.752378107411154,1.0,Tema Port,tabular,ridge_ar_lag_fourier,h24,2026-01-04T23:00:00,2026-01-18T23:00:00,2026-02-15T23:00:00,,,42.0
2026-01-24 01:00:00,45.2,28.34650421104555,1.0,Tema Port,tabular,ridge_ar_lag_fourier,h24,2026-01-04T23:00:00,2026-01-18T23:00:00,2026-02-15T23:00:00,,,42.0
2026-01-24 02:00:00,42.0,31.3728505730597,1.0,Tema Port,tabular,ridge_ar_lag_fourier,h24,2026-01-04T23:00:00,2026-01-18T23:00:00,2026-02-15T23:00:00,,,42.0
2026-01-24 03:00:00,51.1,33.69844755792934,1.0,Tema Port,tabular,ridge_ar_lag_fourier,h24,2026-01-04T23:00:00,2026-01-18T23:00:00,2026-02-15T23:00:00,,,42.0
2026-01-24 04:00:00,63.7,36.01327952058986,1.0,Tema Port,tabular,ridge_ar_lag_fourier,h24,2026-01-04T23:00:00,2026-01-18T23:00:00,2026-02-15T23:00:00,,,42.0
2026-01-24 05:00:00,60.2,38.37094332709887,1.0,Tema Port,tabular,ridge_ar_lag_fourier,h24,2026-01-04T23:00:00,2026-01-18T23:00:00,2026-02-15T23:00:00,,,42.0
2026-01-24 06:00:00,48.9,45.54593897693027,1.0,Tema Port,tabular,ridge_ar_lag_fourier,h24,2026-01-04T23:00:00,2026-01-18T23:00:00,2026-02-15T23:00:00,,,42.0
2026-01-24 07:00:00,60.9,50.29562596289899,1.0,Tema Port,tabular,ridge_ar_lag_fourier,h24,2026-01-04T23:00:00,2026-01-18T23:00:00,2026-02-15T23:00:00,,,42.0
2026-01-24 08:00:00,45.9,44.11308962059192,1.0,Tema Port,tabular,ridge_ar_lag_fourier,h24,2026-01-04T23:00:00,2026-01-18T23:00:00,2026-02-15T23:00:00,,,42.0
2026-01-24 09:00:00,39.0,37.987082125013785,1.0,Tema Port,tabular,ridge_ar_lag_fourier,h24,2026-01-04T23:00:00,2026-01-18T23:00:00,2026-02-15T23:00:00,,,42.0
2026-01-24 10:00:00,39.2,32.69221565006241,1.0,Tema Port,tabular,ridge_ar_lag_fourier,h24,2026-01-04T23:00:00,2026-01-18T23:00:00,2026-02-15T23:00:00,,,42.0
2026-01-24 11:00:00,35.9,30.208849797960504,1.0,Tema Port,tabular,ridge_ar_lag_fourier,h24,2026-01-04T23:00:00,2026-01-18T23:00:00,2026-02-15T23:00:00,,,42.0
2026-01-24 12:00:00,26.0,25.98257229823302,1.0,Tema Port,tabular,ridge_ar_lag_fourier,h24,2026-01-04T23:00:00,2026-01-18T23:00:00,2026-02-15T23:00:00,,,42.0
2026-01-24 13:00:00,27.8,24.07465221325363,1.0,Tema Port,tabular,ridge_ar_lag_fourier,h24,2026-01-04T23:00:00,2026-01-18T23:00:00,2026-02-15T23:00:00,,,42.0
2026-01-24 14:00:00,24.3,22.44660173004494,1.0,Tema Port,tabular,ridge_ar_lag_fourier,h24,2026-01-04T23:00:00,2026-01-18T23:00:00,2026-02-15T23:00:00,,,42.0
2026-01-24 15:00:00,24.0,21.56422930520284,1.0,Tema Port,tabular,ridge_ar_lag_fourier,h24,2026-01-04T23:00:00,2026-01-18T23:00:00,2026-02-15T23:00:00,,,42.0
2026-01-24 16:00:00,24.9,21.759037133769446,1.0,Tema Port,tabular,ridge_ar_lag_fourier,h24,2026-01-04T23:00:00,2026-01-18T23:00:00,2026-02-15T23:00:00,,,42.0
2026-01-24 17:00:00,25.5,23.217476692949298,1.0,Tema Port,tabular,ridge_ar_lag_fourier,h24,2026-01-04T23:00:00,2026-01-18T23:00:00,2026-02-15T23:00:00,,,42.0
2026-01-24 18:00:00,29.4,26.343056553882775,1.0,Tema Port,tabular,ridge_ar_lag_fourier,h24,2026-01-04T23:00:00,2026-01-18T23:00:00,2026-02-15T23:00:00,,,42.0
2026-01-24 19:00:00,28.1,28.132092799462384,1.0,Tema Port,tabular,ridge_ar_lag_fourier,h24,2026-01-04T23:00:00,2026-01-18T23:00:00,2026-02-15T23:00:00,,,42.0
2026-01-24 20:00:00,30.0,26.038037425407452,1.0,Tema Port,tabular,ridge_ar_lag_fourier,h24,2026-01-04T23:00:00,2026-01-18T23:00:00,2026-02-15T23:00:00,,,42.0
2026-01-24 21:00:00,27.5,24.541529048678296,1.0,Tema Port,tabular,ridge_ar_lag_fourier,h24,2026-01-04T23:00:00,2026-01-18T23:00:00,2026-02-15T23:00:00,,,42.0
2026-01-24 22:00:00,30.8,22.856582486865147,1.0,Tema Port,tabular,ridge_ar_lag_fourier,h24,2026-01-04T23:00:00,2026-01-18T23:00:00,2026-02-15T23:00:00,,,42.0
2026-01-24 23:00:00,34.3,22.993968934634378,1.0,Tema Port,tabular,ridge_ar_lag_fourier,h24,2026-01-04T23:00:00,2026-01-18T23:00:00,2026-02-15T23:00:00,,,42.0
2026-01-25 00:00:00,31.1,28.006396996871498,1.0,Tema Port,tabular,ridge_ar_lag_fourier,h24,2026-01-04T23:00:00,2026-01-18T23:00:00,2026-02-15T23:00:00,,,42.0
2026-01-25 01:00:00,30.0,29.40391278809645,1.0,Tema Port,tabular,ridge_ar_lag_fourier,h24,2026-01-04T23:00:00,2026-01-18T23:00:00,2026-02-15T23:00:00,,,42.0
2026-01-25 02:00:00,33.8,34.22638715045919,1.0,Tema Port,tabular,ridge_ar_lag_fourier,h24,2026-01-04T23:00:00,2026-01-18T23:00:00,2026-02-15T23:00:00,,,42.0
2026-01-25 03:00:00,33.3,36.3075068098369,1.0,Tema Port,tabular,ridge_ar_lag_fourier,h24,2026-01-04T23:00:00,2026-01-18T23:00:00,2026-02-15T23:00:00,,,42.0
2026-01-25 04:00:00,41.8,38.496820303532395,1.0,Tema Port,tabular,ridge_ar_lag_fourier,h24,2026-01-04T23:00:00,2026-01-18T23:00:00,2026-02-15T23:00:00,,,42.0
2026-01-25 05:00:00,41.6,45.185887117533454,1.0,Tema Port,tabular,ridge_ar_lag_fourier,h24,2026-01-04T23:00:00,2026-01-18T23:00:00,2026-02-15T23:00:00,,,42.0
2026-01-25 06:00:00,42.3,49.40375332198327,1.0,Tema Port,tabular,ridge_ar_lag_fourier,h24,2026-01-04T23:00:00,2026-01-18T23:00:00,2026-02-15T23:00:00,,,42.0
2026-01-25 07:00:00,61.7,48.08369885397266,1.0,Tema Port,tabular,ridge_ar_lag_fourier,h24,2026-01-04T23:00:00,2026-01-18T23:00:00,2026-02-15T23:00:00,,,42.0
2026-01-25 08:00:00,43.5,42.945613236012555,1.0,Tema Port,tabular,ridge_ar_lag_fourier,h24,2026-01-04T23:00:00,2026-01-18T23:00:00,2026-02-15T23:00:00,,,42.0
2026-01-25 09:00:00,39.1,35.44426485547611,1.0,Tema Port,tabular,ridge_ar_lag_fourier,h24,2026-01-04T23:00:00,2026-01-18T23:00:00,2026-02-15T23:00:00,,,42.0
2026-01-25 10:00:00,44.1,31.028800155278347,1.0,Tema Port,tabular,ridge_ar_lag_fourier,h24,2026-01-04T23:00:00,2026-01-18T23:00:00,2026-02-15T23:00:00,,,42.0
2026-01-25 11:00:00,49.4,28.803774595966388,1.0,Tema Port,tabular,ridge_ar_lag_fourier,h24,2026-01-04T23:00:00,2026-01-18T23:00:00,2026-02-15T23:00:00,,,42.0
2026-01-25 12:00:00,38.4,24.919689567936942,1.0,Tema Port,tabular,ridge_ar_lag_fourier,h24,2026-01-04T23:00:00,2026-01-18T23:00:00,2026-02-15T23:00:00,,,42.0
2026-01-25 13:00:00,36.0,20.32764270759382,1.0,Tema Port,tabular,ridge_ar_lag_fourier,h24,2026-01-04T23:00:00,2026-01-18T23:00:00,2026-02-15T23:00:00,,,42.0
2026-01-25 14:00:00,33.2,19.94490366952556,1.0,Tema Port,tabular,ridge_ar_lag_fourier,h24,2026-01-04T23:00:00,2026-01-18T23:00:00,2026-02-15T23:00:00,,,42.0
2026-01-25 15:00:00,32.9,19.21172870887298,1.0,Tema Port,tabular,ridge_ar_lag_fourier,h24,2026-01-04T23:00:00,2026-01-18T23:00:00,2026-02-15T23:00:00,,,42.0
2026-01-25 16:00:00,28.7,20.91251158966315,1.0,Tema Port,tabular,ridge_ar_lag_fourier,h24,2026-01-04T23:00:00,2026-01-18T23:00:00,2026-02-15T23:00:00,,,42.0
2026-01-25 17:00:00,30.9,21.973838357070118,1.0,Tema Port,tabular,ridge_ar_lag_fourier,h24,2026-01-04T23:00:00,2026-01-18T23:00:00,2026-02-15T23:00:00,,,42.0
2026-01-25 18:00:00,34.8,25.060633243711933,1.0,Tema Port,tabular,ridge_ar_lag_fourier,h24,2026-01-04T23:00:00,2026-01-18T23:00:00,2026-02-15T23:00:00,,,42.0
2026-01-25 19:00:00,31.1,28.05983671198517,1.0,Tema Port,tabular,ridge_ar_lag_fourier,h24,2026-01-04T23:00:00,2026-01-18T23:00:00,2026-02-15T23:00:00,,,42.0
2026-01-25 20:00:00,31.4,26.07002007994502,1.0,Tema Port,tabular,ridge_ar_lag_fourier,h24,2026-01-04T23:00:00,2026-01-18T23:00:00,2026-02-15T23:00:00,,,42.0
2026-01-25 21:00:00,32.9,25.447816918853174,1.0,Tema Port,tabular,ridge_ar_lag_fourier,h24,2026-01-04T23:00:00,2026-01-18T23:00:00,2026-02-15T23:00:00,,,42.0
2026-01-25 22:00:00,33.1,24.61597140926071,1.0,Tema Port,tabular,ridge_ar_lag_fourier,h24,2026-01-04T23:00:00,2026-01-18T23:00:00,2026-02-15T23:00:00,,,42.0
2026-01-25 23:00:00,44.9,24.630277651295206,1.0,Tema Port,tabular,ridge_ar_lag_fourier,h24,2026-01-04T23:00:00,2026-01-18T23:00:00,2026-02-15T23:00:00,,,42.0
2026-01-26 00:00:00,51.9,29.156775908418055,1.0,Tema Port,tabular,ridge_ar_lag_fourier,h24,2026-01-04T23:00:00,2026-01-18T23:00:00,2026-02-15T23:00:00,,,42.0
2026-01-26 01:00:00,43.1,29.667397088534113,1.0,Tema Port,tabular,ridge_ar_lag_fourier,h24,2026-01-04T23:00:00,2026-01-18T23:00:00,2026-02-15T23:00:00,,,42.0
2026-01-26 02:00:00,40.7,30.469980038693294,1.0,Tema Port,tabular,ridge_ar_lag_fourier,h24,2026-01-04T23:00:00,2026-01-18T23:00:00,2026-02-15T23:00:00,,,42.0
2026-01-26 03:00:00,52.1,35.58968940995862,1.0,Tema Port,tabular,ridge_ar_lag_fourier,h24,2026-01-04T23:00:00,2026-01-18T23:00:00,2026-02-15T23:00:00,,,42.0
2026-01-26 04:00:00,48.6,37.61423338794432,1.0,Tema Port,tabular,ridge_ar_lag_fourier,h24,2026-01-04T23:00:00,2026-01-18T23:00:00,2026-02-15T23:00:00,,,42.0
2026-01-26 05:00:00,49.0,42.10008538641496,1.0,Tema Port,tabular,ridge_ar_lag_fourier,h24,2026-01-04T23:00:00,2026-01-18T23:00:00,2026-02-15T23:00:00,,,42.0
2026-01-26 06:00:00,52.0,46.95694856693167,1.0,Tema Port,tabular,ridge_ar_lag_fourier,h24,2026-01-04T23:00:00,2026-01-18T23:00:00,2026-02-15T23:00:00,,,42.0
2026-01-26 07:00:00,48.5,48.82884955431832,1.0,Tema Port,tabular,ridge_ar_lag_fourier,h24,2026-01-04T23:00:00,2026-01-18T23:00:00,2026-02-15T23:00:00,,,42.0
2026-01-26 08:00:00,45.5,44.31322047708316,1.0,Tema Port,tabular,ridge_ar_lag_fourier,h24,2026-01-04T23:00:00,2026-01-18T23:00:00,2026-02-15T23:00:00,,,42.0
2026-01-26 09:00:00,40.2,34.760266800300116,1.0,Tema Port,tabular,ridge_ar_lag_fourier,h24,2026-01-04T23:00:00,2026-01-18T23:00:00,2026-02-15T23:00:00,,,42.0
2026-01-26 10:00:00,43.6,30.43684988162206,1.0,Tema Port,tabular,ridge_ar_lag_fourier,h24,2026-01-04T23:00:00,2026-01-18T23:00:00,2026-02-15T23:00:00,,,42.0
2026-01-26 11:00:00,45.0,29.46390739652106,1.0,Tema Port,tabular,ridge_ar_lag_fourier,h24,2026-01-04T23:00:00,2026-01-18T23:00:00,2026-02-15T23:00:00,,,42.0
2026-01-26 12:00:00,39.9,27.25801179001335,1.0,Tema Port,tabular,ridge_ar_lag_fourier,h24,2026-01-04T23:00:00,2026-01-18T23:00:00,2026-02-15T23:00:00,,,42.0
2026-01-26 13:00:00,36.3,26.879557611235093,1.0,Tema Port,tabular,ridge_ar_lag_fourier,h24,2026-01-04T23:00:00,2026-01-18T23:00:00,2026-02-15T23:00:00,,,42.0
2026-01-26 14:00:00,33.2,25.125228696295025,1.0,Tema Port,tabular,ridge_ar_lag_fourier,h24,2026-01-04T23:00:00,2026-01-18T23:00:00,2026-02-15T23:00:00,,,42.0
2026-01-26 15:00:00,31.5,24.69881612608328,1.0,Tema Port,tabular,ridge_ar_lag_fourier,h24,2026-01-04T23:00:00,2026-01-18T23:00:00,2026-02-15T23:00:00,,,42.0
2026-01-26 16:00:00,32.8,23.632717944862726,1.0,Tema Port,tabular,ridge_ar_lag_fourier,h24,2026-01-04T23:00:00,2026-01-18T23:00:00,2026-02-15T23:00:00,,,42.0
2026-01-26 17:00:00,35.1,24.25552346457181,1.0,Tema Port,tabular,ridge_ar_lag_fourier,h24,2026-01-04T23:00:00,2026-01-18T23:00:00,2026-02-15T23:00:00,,,42.0
2026-01-26 18:00:00,36.7,25.21333054003449,1.0,Tema Port,tabular,ridge_ar_lag_fourier,h24,2026-01-04T23:00:00,2026-01-18T23:00:00,2026-02-15T23:00:00,,,42.0
2026-01-26 19:00:00,36.4,24.37443851054496,1.0,Tema Port,tabular,ridge_ar_lag_fourier,h24,2026-01-04T23:00:00,2026-01-18T23:00:00,2026-02-15T23:00:00,,,42.0
2026-01-26 20:00:00,33.5,23.10303490190163,1.0,Tema Port,tabular,ridge_ar_lag_fourier,h24,2026-01-04T23:00:00,2026-01-18T23:00:00,2026-02-15T23:00:00,,,42.0
2026-01-26 21:00:00,34.0,23.436048636919548,1.0,Tema Port,tabular,ridge_ar_lag_fourier,h24,2026-01-04T23:00:00,2026-01-18T23:00:00,2026-02-15T23:00:00,,,42.0
2026-01-26 22:00:00,35.9,22.756995913549805,1.0,Tema Port,tabular,ridge_ar_lag_fourier,h24,2026-01-04T23:00:00,2026-01-18T23:00:00,2026-02-15T23:00:00,,,42.0
2026-01-26 23:00:00,42.1,21.93935745056882,1.0,Tema Port,tabular,ridge_ar_lag_fourier,h24,2026-01-04T23:00:00,2026-01-18T23:00:00,2026-02-15T23:00:00,,,42.0
2026-01-27 00:00:00,60.6,29.73506796776611,1.0,Tema Port,tabular,ridge_ar_lag_fourier,h24,2026-01-04T23:00:00,2026-01-18T23:00:00,2026-02-15T23:00:00,,,42.0
2026-01-27 01:00:00,46.5,31.311121986805514,1.0,Tema Port,tabular,ridge_ar_lag_fourier,h24,2026-01-04T23:00:00,2026-01-18T23:00:00,2026-02-15T23:00:00,,,42.0
2026-01-27 02:00:00,55.1,30.792908634305647,1.0,Tema Port,tabular,ridge_ar_lag_fourier,h24,2026-01-04T23:00:00,2026-01-18T23:00:00,2026-02-15T23:00:00,,,42.0
2026-01-27 03:00:00,57.5,35.128741644941314,1.0,Tema Port,tabular,ridge_ar_lag_fourier,h24,2026-01-04T23:00:00,2026-01-18T23:00:00,2026-02-15T23:00:00,,,42.0
2026-01-27 04:00:00,55.9,38.09111413957297,1.0,Tema Port,tabular,ridge_ar_lag_fourier,h24,2026-01-04T23:00:00,2026-01-18T23:00:00,2026-02-15T23:00:00,,,42.0
2026-01-27 05:00:00,53.4,39.7760108101681,1.0,Tema Port,tabular,ridge_ar_lag_fourier,h24,2026-01-04T23:00:00,2026-01-18T23:00:00,2026-02-15T23:00:00,,,42.0
2026-01-27 06:00:00,48.3,46.69136404346041,1.0,Tema Port,tabular,ridge_ar_lag_fourier,h24,2026-01-04T23:00:00,2026-01-18T23:00:00,2026-02-15T23:00:00,,,42.0
2026-01-27 07:00:00,64.9,50.69920297645062,1.0,Tema Port,tabular,ridge_ar_lag_fourier,h24,2026-01-04T23:00:00,2026-01-18T23:00:00,2026-02-15T23:00:00,,,42.0
2026-01-27 08:00:00,44.6,41.48144342704378,1.0,Tema Port,tabular,ridge_ar_lag_fourier,h24,2026-01-04T23:00:00,2026-01-18T23:00:00,2026-02-15T23:00:00,,,42.0
2026-01-27 09:00:00,45.5,35.170979914014936,1.0,Tema Port,tabular,ridge_ar_lag_fourier,h24,2026-01-04T23:00:00,2026-01-18T23:00:00,2026-02-15T23:00:00,,,42.0
2026-01-27 10:00:00,49.1,34.099449206617685,1.0,Tema Port,tabular,ridge_ar_lag_fourier,h24,2026-01-04T23:00:00,2026-01-18T23:00:00,2026-02-15T23:00:00,,,42.0
2026-01-27 11:00:00,50.4,31.84745920490851,1.0,Tema Port,tabular,ridge_ar_lag_fourier,h24,2026-01-04T23:00:00,2026-01-18T23:00:00,2026-02-15T23:00:00,,,42.0
2026-01-27 12:00:00,47.0,28.550516597032313,1.0,Tema Port,tabular,ridge_ar_lag_fourier,h24,2026-01-04T23:00:00,2026-01-18T23:00:00,2026-02-15T23:00:00,,,42.0
2026-01-27 13:00:00,38.9,24.41116368675145,1.0,Tema Port,tabular,ridge_ar_lag_fourier,h24,2026-01-04T23:00:00,2026-01-18T23:00:00,2026-02-15T23:00:00,,,42.0
2026-01-27 14:00:00,37.0,24.270258030576493,1.0,Tema Port,tabular,ridge_ar_lag_fourier,h24,2026-01-04T23:00:00,2026-01-18T23:00:00,2026-02-15T23:00:00,,,42.0
2026-01-27 15:00:00,36.8,22.680493808036353,1.0,Tema Port,tabular,ridge_ar_lag_fourier,h24,2026-01-04T23:00:00,2026-01-18T23:00:00,2026-02-15T23:00:00,,,42.0
2026-01-27 16:00:00,41.3,21.611801495932788,1.0,Tema Port,tabular,ridge_ar_lag_fourier,h24,2026-01-04T23:00:00,2026-01-18T23:00:00,2026-02-15T23:00:00,,,42.0
2026-01-27 17:00:00,38.4,24.064911706304763,1.0,Tema Port,tabular,ridge_ar_lag_fourier,h24,2026-01-04T23:00:00,2026-01-18T23:00:00,2026-02-15T23:00:00,,,42.0
2026-01-27 18:00:00,38.2,24.940980530783822,1.0,Tema Port,tabular,ridge_ar_lag_fourier,h24,2026-01-04T23:00:00,2026-01-18T23:00:00,2026-02-15T23:00:00,,,42.0
2026-01-27 19:00:00,43.6,25.148616436760207,1.0,Tema Port,tabular,ridge_ar_lag_fourier,h24,2026-01-04T23:00:00,2026-01-18T23:00:00,2026-02-15T23:00:00,,,42.0
2026-01-27 20:00:00,36.5,24.503526682612417,1.0,Tema Port,tabular,ridge_ar_lag_fourier,h24,2026-01-04T23:00:00,2026-01-18T23:00:00,2026-02-15T23:00:00,,,42.0
2026-01-27 21:00:00,36.7,23.834948635391996,1.0,Tema Port,tabular,ridge_ar_lag_fourier,h24,2026-01-04T23:00:00,2026-01-18T23:00:00,2026-02-15T23:00:00,,,42.0
2026-01-27 22:00:00,38.6,23.471521104432192,1.0,Tema Port,tabular,ridge_ar_lag_fourier,h24,2026-01-04T23:00:00,2026-01-18T23:00:00,2026-02-15T23:00:00,,,42.0
2026-01-27 23:00:00,44.0,23.9363695577344,1.0,Tema Port,tabular,ridge_ar_lag_fourier,h24,2026-01-04T23:00:00,2026-01-18T23:00:00,2026-02-15T23:00:00,,,42.0
2026-01-28 00:00:00,42.3,29.77024752477871,1.0,Tema Port,tabular,ridge_ar_lag_fourier,h24,2026-01-04T23:00:00,2026-01-18T23:00:00,2026-02-15T23:00:00,,,42.0
2026-01-28 01:00:00,43.2,31.537885214162074,1.0,Tema Port,tabular,ridge_ar_lag_fourier,h24,2026-01-04T23:00:00,2026-01-18T23:00:00,2026-02-15T23:00:00,,,42.0
2026-01-28 02:00:00,45.1,29.926049262708432,1.0,Tema Port,tabular,ridge_ar_lag_fourier,h24,2026-01-04T23:00:00,2026-01-18T23:00:00,2026-02-15T23:00:00,,,42.0
2026-01-28 03:00:00,46.2,35.783473296208385,1.0,Tema Port,tabular,ridge_ar_lag_fourier,h24,2026-01-04T23:00:00,2026-01-18T23:00:00,2026-02-15T23:00:00,,,42.0
2026-01-28 04:00:00,53.6,39.48593653002873,1.0,Tema Port,tabular,ridge_ar_lag_fourier,h24,2026-01-04T23:00:00,2026-01-18T23:00:00,2026-02-15T23:00:00,,,42.0
2026-01-28 05:00:00,50.2,41.5843142095241,1.0,Tema Port,tabular,ridge_ar_lag_fourier,h24,2026-01-04T23:00:00,2026-01-18T23:00:00,2026-02-15T23:00:00,,,42.0
2026-01-28 06:00:00,76.9,46.834143481673664,1.0,Tema Port,tabular,ridge_ar_lag_fourier,h24,2026-01-04T23:00:00,2026-01-18T23:00:00,2026-02-15T23:00:00,,,42.0
2026-01-28 07:00:00,55.7,45.057517266703584,1.0,Tema Port,tabular,ridge_ar_lag_fourier,h24,2026-01-04T23:00:00,2026-01-18T23:00:00,2026-02-15T23:00:00,,,42.0
2026-01-28 08:00:00,56.9,37.57941211786792,1.0,Tema Port,tabular,ridge_ar_lag_fourier,h24,2026-01-04T23:00:00,2026-01-18T23:00:00,2026-02-15T23:00:00,,,42.0
2026-01-28 09:00:00,51.7,31.937916532052295,1.0,Tema Port,tabular,ridge_ar_lag_fourier,h24,2026-01-04T23:00:00,2026-01-18T23:00:00,2026-02-15T23:00:00,,,42.0
2026-01-28 10:00:00,49.5,32.46927919024712,1.0,Tema Port,tabular,ridge_ar_lag_fourier,h24,2026-01-04T23:00:00,2026-01-18T23:00:00,2026-02-15T23:00:00,,,42.0
2026-01-28 11:00:00,59.8,31.027439322581323,1.0,Tema Port,tabular,ridge_ar_lag_fourier,h24,2026-01-04T23:00:00,2026-01-18T23:00:00,2026-02-15T23:00:00,,,42.0
2026-01-28 12:00:00,56.0,27.775409455038204,1.0,Tema Port,tabular,ridge_ar_lag_fourier,h24,2026-01-04T23:00:00,2026-01-18T23:00:00,2026-02-15T23:00:00,,,42.0
2026-01-28 13:00:00,51.3,24.295338628341316,1.0,Tema Port,tabular,ridge_ar_lag_fourier,h24,2026-01-04T23:00:00,2026-01-18T23:00:00,2026-02-15T23:00:00,,,42.0
2026-01-28 14:00:00,47.3,22.62538296586376,1.0,Tema Port,tabular,ridge_ar_lag_fourier,h24,2026-01-04T23:00:00,2026-01-18T23:00:00,2026-02-15T23:00:00,,,42.0
2026-01-28 15:00:00,40.9,21.62146252609272,1.0,Tema Port,tabular,ridge_ar_lag_fourier,h24,2026-01-04T23:00:00,2026-01-18T23:00:00,2026-02-15T23:00:00,,,42.0
2026-01-28 16:00:00,40.2,21.06284835749746,1.0,Tema Port,tabular,ridge_ar_lag_fourier,h24,2026-01-04T23:00:00,2026-01-18T23:00:00,2026-02-15T23:00:00,,,42.0
2026-01-28 17:00:00,42.9,23.376784813001677,1.0,Tema Port,tabular,ridge_ar_lag_fourier,h24,2026-01-04T23:00:00,2026-01-18T23:00:00,2026-02-15T23:00:00,,,42.0
2026-01-28 18:00:00,44.9,22.872112935369515,1.0,Tema Port,tabular,ridge_ar_lag_fourier,h24,2026-01-04T23:00:00,2026-01-18T23:00:00,2026-02-15T23:00:00,,,42.0
2026-01-28 19:00:00,43.8,22.50044561495688,1.0,Tema Port,tabular,ridge_ar_lag_fourier,h24,2026-01-04T23:00:00,2026-01-18T23:00:00,2026-02-15T23:00:00,,,42.0
2026-01-28 20:00:00,42.2,23.546444209924672,1.0,Tema Port,tabular,ridge_ar_lag_fourier,h24,2026-01-04T23:00:00,2026-01-18T23:00:00,2026-02-15T23:00:00,,,42.0
2026-01-28 21:00:00,42.8,22.481037741577943,1.0,Tema Port,tabular,ridge_ar_lag_fourier,h24,2026-01-04T23:00:00,2026-01-18T23:00:00,2026-02-15T23:00:00,,,42.0
2026-01-28 22:00:00,44.7,23.735876555792224,1.0,Tema Port,tabular,ridge_ar_lag_fourier,h24,2026-01-04T23:00:00,2026-01-18T23:00:00,2026-02-15T23:00:00,,,42.0
2026-01-28 23:00:00,51.0,24.211141860827368,1.0,Tema Port,tabular,ridge_ar_lag_fourier,h24,2026-01-04T23:00:00,2026-01-18T23:00:00,2026-02-15T23:00:00,,,42.0
2026-01-29 00:00:00,59.0,31.366922509203235,1.0,Tema Port,tabular,ridge_ar_lag_fourier,h24,2026-01-04T23:00:00,2026-01-18T23:00:00,2026-02-15T23:00:00,,,42.0
2026-01-29 01:00:00,48.8,32.01943315115666,1.0,Tema Port,tabular,ridge_ar_lag_fourier,h24,2026-01-04T23:00:00,2026-01-18T23:00:00,2026-02-15T23:00:00,,,42.0
2026-01-29 02:00:00,48.6,34.2807508960004,1.0,Tema Port,tabular,ridge_ar_lag_fourier,h24,2026-01-04T23:00:00,2026-01-18T23:00:00,2026-02-15T23:00:00,,,42.0
2026-01-29 03:00:00,49.7,37.31270087975838,1.0,Tema Port,tabular,ridge_ar_lag_fourier,h24,2026-01-04T23:00:00,2026-01-18T23:00:00,2026-02-15T23:00:00,,,42.0
2026-01-29 04:00:00,53.0,38.39993084552744,1.0,Tema Port,tabular,ridge_ar_lag_fourier,h24,2026-01-04T23:00:00,2026-01-18T23:00:00,2026-02-15T23:00:00,,,42.0
2026-01-29 05:00:00,53.6,41.40327034540569,1.0,Tema Port,tabular,ridge_ar_lag_fourier,h24,2026-01-04T23:00:00,2026-01-18T23:00:00,2026-02-15T23:00:00,,,42.0
2026-01-29 06:00:00,67.7,45.640621384769,1.0,Tema Port,tabular,ridge_ar_lag_fourier,h24,2026-01-04T23:00:00,2026-01-18T23:00:00,2026-02-15T23:00:00,,,42.0
2026-01-29 07:00:00,53.1,51.40209618936705,1.0,Tema Port,tabular,ridge_ar_lag_fourier,h24,2026-01-04T23:00:00,2026-01-18T23:00:00,2026-02-15T23:00:00,,,42.0
2026-01-29 08:00:00,65.1,36.57029831655493,1.0,Tema Port,tabular,ridge_ar_lag_fourier,h24,2026-01-04T23:00:00,2026-01-18T23:00:00,2026-02-15T23:00:00,,,42.0
2026-01-29 09:00:00,57.4,31.320909293677772,1.0,Tema Port,tabular,ridge_ar_lag_fourier,h24,2026-01-04T23:00:00,2026-01-18T23:00:00,2026-02-15T23:00:00,,,42.0
2026-01-29 10:00:00,58.9,33.27522031667057,1.0,Tema Port,tabular,ridge_ar_lag_fourier,h24,2026-01-04T23:00:00,2026-01-18T23:00:00,2026-02-15T23:00:00,,,42.0
2026-01-29 11:00:00,55.3,31.05274840104868,1.0,Tema Port,tabular,ridge_ar_lag_fourier,h24,2026-01-04T23:00:00,2026-01-18T23:00:00,2026-02-15T23:00:00,,,42.0
2026-01-29 12:00:00,50.9,28.548388364613757,1.0,Tema Port,tabular,ridge_ar_lag_fourier,h24,2026-01-04T23:00:00,2026-01-18T23:00:00,2026-02-15T23:00:00,,,42.0
2026-01-29 13:00:00,41.4,25.915157960450003,1.0,Tema Port,tabular,ridge_ar_lag_fourier,h24,2026-01-04T23:00:00,2026-01-18T23:00:00,2026-02-15T23:00:00,,,42.0
2026-01-29 14:00:00,41.4,24.543495213649813,1.0,Tema Port,tabular,ridge_ar_lag_fourier,h24,2026-01-04T23:00:00,2026-01-18T23:00:00,2026-02-15T23:00:00,,,42.0
2026-01-29 15:00:00,41.2,22.735009346556016,1.0,Tema Port,tabular,ridge_ar_lag_fourier,h24,2026-01-04T23:00:00,2026-01-18T23:00:00,2026-02-15T23:00:00,,,42.0
2026-01-29 16:00:00,42.3,21.93373674501293,1.0,Tema Port,tabular,ridge_ar_lag_fourier,h24,2026-01-04T23:00:00,2026-01-18T23:00:00,2026-02-15T23:00:00,,,42.0
2026-01-29 17:00:00,42.4,23.477498306713585,1.0,Tema Port,tabular,ridge_ar_lag_fourier,h24,2026-01-04T23:00:00,2026-01-18T23:00:00,2026-02-15T23:00:00,,,42.0
2026-01-29 18:00:00,43.7,23.62198068062929,1.0,Tema Port,tabular,ridge_ar_lag_fourier,h24,2026-01-04T23:00:00,2026-01-18T23:00:00,2026-02-15T23:00:00,,,42.0
2026-01-29 19:00:00,38.7,23.22082690569187,1.0,Tema Port,tabular,ridge_ar_lag_fourier,h24,2026-01-04T23:00:00,2026-01-18T23:00:00,2026-02-15T23:00:00,,,42.0
2026-01-29 20:00:00,39.3,22.550559567599684,1.0,Tema Port,tabular,ridge_ar_lag_fourier,h24,2026-01-04T23:00:00,2026-01-18T23:00:00,2026-02-15T23:00:00,,,42.0
2026-01-29 21:00:00,38.6,22.197689912241074,1.0,Tema Port,tabular,ridge_ar_lag_fourier,h24,2026-01-04T23:00:00,2026-01-18T23:00:00,2026-02-15T23:00:00,,,42.0
2026-01-29 22:00:00,40.3,24.016938822620226,1.0,Tema Port,tabular,ridge_ar_lag_fourier,h24,2026-01-04T23:00:00,2026-01-18T23:00:00,2026-02-15T23:00:00,,,42.0
2026-01-29 23:00:00,38.6,27.43400224228868,1.0,Tema Port,tabular,ridge_ar_lag_fourier,h24,2026-01-04T23:00:00,2026-01-18T23:00:00,2026-02-15T23:00:00,,,42.0
2026-01-30 00:00:00,41.1,35.18855776944293,1.0,Tema Port,tabular,ridge_ar_lag_fourier,h24,2026-01-04T23:00:00,2026-01-18T23:00:00,2026-02-15T23:00:00,,,42.0
2026-01-30 01:00:00,40.3,36.54585459111725,1.0,Tema Port,tabular,ridge_ar_lag_fourier,h24,2026-01-04T23:00:00,2026-01-18T23:00:00,2026-02-15T23:00:00,,,42.0
2026-01-30 02:00:00,43.3,36.04566032934443,1.0,Tema Port,tabular,ridge_ar_lag_fourier,h24,2026-01-04T23:00:00,2026-01-18T23:00:00,2026-02-15T23:00:00,,,42.0
2026-01-30 03:00:00,56.5,39.527195914384755,1.0,Tema Port,tabular,ridge_ar_lag_fourier,h24,2026-01-04T23:00:00,2026-01-18T23:00:00,2026-02-15T23:00:00,,,42.0
2026-01-30 04:00:00,47.8,39.27882679374068,1.0,Tema Port,tabular,ridge_ar_lag_fourier,h24,2026-01-04T23:00:00,2026-01-18T23:00:00,2026-02-15T23:00:00,,,42.0
2026-01-30 05:00:00,51.1,42.46133881250677,1.0,Tema Port,tabular,ridge_ar_lag_fourier,h24,2026-01-04T23:00:00,2026-01-18T23:00:00,2026-02-15T23:00:00,,,42.0
2026-01-30 06:00:00,59.4,45.72762279408519,1.0,Tema Port,tabular,ridge_ar_lag_fourier,h24,2026-01-04T23:00:00,2026-01-18T23:00:00,2026-02-15T23:00:00,,,42.0
2026-01-30 07:00:00,49.0,48.208783065262296,1.0,Tema Port,tabular,ridge_ar_lag_fourier,h24,2026-01-04T23:00:00,2026-01-18T23:00:00,2026-02-15T23:00:00,,,42.0
2026-01-30 08:00:00,44.3,36.38731018515899,1.0,Tema Port,tabular,ridge_ar_lag_fourier,h24,2026-01-04T23:00:00,2026-01-18T23:00:00,2026-02-15T23:00:00,,,42.0
2026-01-30 09:00:00,43.5,34.41721834617532,1.0,Tema Port,tabular,ridge_ar_lag_fourier,h24,2026-01-04T23:00:00,2026-01-18T23:00:00,2026-02-15T23:00:00,,,42.0
2026-01-30 10:00:00,44.1,35.48789713561297,1.0,Tema Port,tabular,ridge_ar_lag_fourier,h24,2026-01-04T23:00:00,2026-01-18T23:00:00,2026-02-15T23:00:00,,,42.0
2026-01-30 11:00:00,45.2,34.35223250373721,1.0,Tema Port,tabular,ridge_ar_lag_fourier,h24,2026-01-04T23:00:00,2026-01-18T23:00:00,2026-02-15T23:00:00,,,42.0
2026-01-30 12:00:00,48.2,29.274946185678104,1.0,Tema Port,tabular,ridge_ar_lag_fourier,h24,2026-01-04T23:00:00,2026-01-18T23:00:00,2026-02-15T23:00:00,,,42.0
2026-01-30 13:00:00,40.0,25.95611175519166,1.0,Tema Port,tabular,ridge_ar_lag_fourier,h24,2026-01-04T23:00:00,2026-01-18T23:00:00,2026-02-15T23:00:00,,,42.0
2026-01-30 14:00:00,39.1,22.99747863563089,1.0,Tema Port,tabular,ridge_ar_lag_fourier,h24,2026-01-04T23:00:00,2026-01-18T23:00:00,2026-02-15T23:00:00,,,42.0
2026-01-30 15:00:00,36.8,22.26287371820931,1.0,Tema Port,tabular,ridge_ar_lag_fourier,h24,2026-01-04T23:00:00,2026-01-18T23:00:00,2026-02-15T23:00:00,,,42.0
2026-01-30 16:00:00,38.2,21.759078840287486,1.0,Tema Port,tabular,ridge_ar_lag_fourier,h24,2026-01-04T23:00:00,2026-01-18T23:00:00,2026-02-15T23:00:00,,,42.0
2026-01-30 17:00:00,71.2,22.831112235826755,1.0,Tema Port,tabular,ridge_ar_lag_fourier,h24,2026-01-04T23:00:00,2026-01-18T23:00:00,2026-02-15T23:00:00,,,42.0
2026-01-30 18:00:00,59.0,24.32324415767897,1.0,Tema Port,tabular,ridge_ar_lag_fourier,h24,2026-01-04T23:00:00,2026-01-18T23:00:00,2026-02-15T23:00:00,,,42.0
2026-01-30 19:00:00,38.6,24.929806746620006,1.0,Tema Port,tabular,ridge_ar_lag_fourier,h24,2026-01-04T23:00:00,2026-01-18T23:00:00,2026-02-15T23:00:00,,,42.0
2026-01-30 20:00:00,73.5,22.832989052464086,1.0,Tema Port,tabular,ridge_ar_lag_fourier,h24,2026-01-04T23:00:00,2026-01-18T23:00:00,2026-02-15T23:00:00,,,42.0
2026-01-30 21:00:00,40.9,22.57409800042935,1.0,Tema Port,tabular,ridge_ar_lag_fourier,h24,2026-01-04T23:00:00,2026-01-18T23:00:00,2026-02-15T23:00:00,,,42.0
2026-01-30 22:00:00,38.9,23.893603797647273,1.0,Tema Port,tabular,ridge_ar_lag_fourier,h24,2026-01-04T23:00:00,2026-01-18T23:00:00,2026-02-15T23:00:00,,,42.0
2026-01-30 23:00:00,40.5,27.597574846972613,1.0,Tema Port,tabular,ridge_ar_lag_fourier,h24,2026-01-04T23:00:00,2026-01-18T23:00:00,2026-02-15T23:00:00,,,42.0
2026-01-31 00:00:00,42.3,33.79773192887191,1.0,Tema Port,tabular,ridge_ar_lag_fourier,h24,2026-01-04T23:00:00,2026-01-18T23:00:00,2026-02-15T23:00:00,,,42.0
2026-01-31 01:00:00,39.9,32.834296355253095,1.0,Tema Port,tabular,ridge_ar_lag_fourier,h24,2026-01-04T23:00:00,2026-01-18T23:00:00,2026-02-15T23:00:00,,,42.0
2026-01-31 02:00:00,41.4,32.97459487465185,1.0,Tema Port,tabular,ridge_ar_lag_fourier,h24,2026-01-04T23:00:00,2026-01-18T23:00:00,2026-02-15T23:00:00,,,42.0
2026-01-31 03:00:00,44.8,35.9508831102215,1.0,Tema Port,tabular,ridge_ar_lag_fourier,h24,2026-01-04T23:00:00,2026-01-18T23:00:00,2026-02-15T23:00:00,,,42.0
2026-01-31 04:00:00,45.5,41.14279621657623,1.0,Tema Port,tabular,ridge_ar_lag_fourier,h24,2026-01-04T23:00:00,2026-01-18T23:00:00,2026-02-15T23:00:00,,,42.0
2026-01-31 05:00:00,42.6,41.38965128499376,1.0,Tema Port,tabular,ridge_ar_lag_fourier,h24,2026-01-04T23:00:00,2026-01-18T23:00:00,2026-02-15T23:00:00,,,42.0
2026-01-31 06:00:00,50.2,43.641656380968044,1.0,Tema Port,tabular,ridge_ar_lag_fourier,h24,2026-01-04T23:00:00,2026-01-18T23:00:00,2026-02-15T23:00:00,,,42.0
2026-01-31 07:00:00,50.7,45.30630209220807,1.0,Tema Port,tabular,ridge_ar_lag_fourier,h24,2026-01-04T23:00:00,2026-01-18T23:00:00,2026-02-15T23:00:00,,,42.0
2026-01-31 08:00:00,48.7,39.41186057284048,1.0,Tema Port,tabular,ridge_ar_lag_fourier,h24,2026-01-04T23:00:00,2026-01-18T23:00:00,2026-02-15T23:00:00,,,42.0
2026-01-31 09:00:00,64.0,34.59799667422286,1.0,Tema Port,tabular,ridge_ar_lag_fourier,h24,2026-01-04T23:00:00,2026-01-18T23:00:00,2026-02-15T23:00:00,,,42.0
2026-01-31 10:00:00,47.6,33.96094909729702,1.0,Tema Port,tabular,ridge_ar_lag_fourier,h24,2026-01-04T23:00:00,2026-01-18T23:00:00,2026-02-15T23:00:00,,,42.0
2026-01-31 11:00:00,36.5,33.027573128019036,1.0,Tema Port,tabular,ridge_ar_lag_fourier,h24,2026-01-04T23:00:00,2026-01-18T23:00:00,2026-02-15T23:00:00,,,42.0
2026-01-31 12:00:00,32.6,29.16985468585485,1.0,Tema Port,tabular,ridge_ar_lag_fourier,h24,2026-01-04T23:00:00,2026-01-18T23:00:00,2026-02-15T23:00:00,,,42.0
2026-01-31 13:00:00,32.5,27.04441671757935,1.0,Tema Port,tabular,ridge_ar_lag_fourier,h24,2026-01-04T23:00:00,2026-01-18T23:00:00,2026-02-15T23:00:00,,,42.0
2026-01-31 14:00:00,32.4,24.11541166095415,1.0,Tema Port,tabular,ridge_ar_lag_fourier,h24,2026-01-04T23:00:00,2026-01-18T23:00:00,2026-02-15T23:00:00,,,42.0
2026-01-31 15:00:00,33.8,23.951130896759672,1.0,Tema Port,tabular,ridge_ar_lag_fourier,h24,2026-01-04T23:00:00,2026-01-18T23:00:00,2026-02-15T23:00:00,,,42.0
2026-01-31 16:00:00,32.0,23.534788503224885,1.0,Tema Port,tabular,ridge_ar_lag_fourier,h24,2026-01-04T23:00:00,2026-01-18T23:00:00,2026-02-15T23:00:00,,,42.0
2026-01-31 17:00:00,36.2,25.215263737528584,1.0,Tema Port,tabular,ridge_ar_lag_fourier,h24,2026-01-04T23:00:00,2026-01-18T23:00:00,2026-02-15T23:00:00,,,42.0
2026-01-31 18:00:00,33.5,29.24488265327879,1.0,Tema Port,tabular,ridge_ar_lag_fourier,h24,2026-01-04T23:00:00,2026-01-18T23:00:00,2026-02-15T23:00:00,,,42.0
2026-01-31 19:00:00,37.8,26.57882947387204,1.0,Tema Port,tabular,ridge_ar_lag_fourier,h24,2026-01-04T23:00:00,2026-01-18T23:00:00,2026-02-15T23:00:00,,,42.0
2026-01-31 20:00:00,40.2,23.556927009066833,1.0,Tema Port,tabular,ridge_ar_lag_fourier,h24,2026-01-04T23:00:00,2026-01-18T23:00:00,2026-02-15T23:00:00,,,42.0
2026-01-31 21:00:00,33.5,27.45196105038697,1.0,Tema Port,tabular,ridge_ar_lag_fourier,h24,2026-01-04T23:00:00,2026-01-18T23:00:00,2026-02-15T23:00:00,,,42.0
2026-01-31 22:00:00,32.0,25.063511161964946,1.0,Tema Port,tabular,ridge_ar_lag_fourier,h24,2026-01-04T23:00:00,2026-01-18T23:00:00,2026-02-15T23:00:00,,,42.0
2026-01-31 23:00:00,44.7,27.056281631088748,1.0,Tema Port,tabular,ridge_ar_lag_fourier,h24,2026-01-04T23:00:00,2026-01-18T23:00:00,2026-02-15T23:00:00,,,42.0
2026-02-01 00:00:00,37.4,32.27326900023102,1.0,Tema Port,tabular,ridge_ar_lag_fourier,h24,2026-01-04T23:00:00,2026-01-18T23:00:00,2026-02-15T23:00:00,,,42.0
2026-02-01 01:00:00,34.8,31.479095350152512,1.0,Tema Port,tabular,ridge_ar_lag_fourier,h24,2026-01-04T23:00:00,2026-01-18T23:00:00,2026-02-15T23:00:00,,,42.0
2026-02-01 02:00:00,31.5,35.05085794452117,1.0,Tema Port,tabular,ridge_ar_lag_fourier,h24,2026-01-04T23:00:00,2026-01-18T23:00:00,2026-02-15T23:00:00,,,42.0
2026-02-01 03:00:00,29.9,36.69055580144598,1.0,Tema Port,tabular,ridge_ar_lag_fourier,h24,2026-01-04T23:00:00,2026-01-18T23:00:00,2026-02-15T23:00:00,,,42.0
2026-02-01 04:00:00,32.1,39.31323038777193,1.0,Tema Port,tabular,ridge_ar_lag_fourier,h24,2026-01-04T23:00:00,2026-01-18T23:00:00,2026-02-15T23:00:00,,,42.0
2026-02-01 05:00:00,80.6,39.75026559459122,1.0,Tema Port,tabular,ridge_ar_lag_fourier,h24,2026-01-04T23:00:00,2026-01-18T23:00:00,2026-02-15T23:00:00,,,42.0
2026-02-01 06:00:00,43.0,40.90045902037981,1.0,Tema Port,tabular,ridge_ar_lag_fourier,h24,2026-01-04T23:00:00,2026-01-18T23:00:00,2026-02-15T23:00:00,,,42.0
2026-02-01 07:00:00,54.9,42.8084782449439,1.0,Tema Port,tabular,ridge_ar_lag_fourier,h24,2026-01-04T23:00:00,2026-01-18T23:00:00,2026-02-15T23:00:00,,,42.0
2026-02-01 08:00:00,64.6,39.03068373901216,1.0,Tema Port,tabular,ridge_ar_lag_fourier,h24,2026-01-04T23:00:00,2026-01-18T23:00:00,2026-02-15T23:00:00,,,42.0
2026-02-01 09:00:00,51.1,33.2240306330078,1.0,Tema Port,tabular,ridge_ar_lag_fourier,h24,2026-01-04T23:00:00,2026-01-18T23:00:00,2026-02-15T23:00:00,,,42.0
2026-02-01 10:00:00,35.4,35.99620564486831,1.0,Tema Port,tabular,ridge_ar_lag_fourier,h24,2026-01-04T23:00:00,2026-01-18T23:00:00,2026-02-15T23:00:00,,,42.0
2026-02-01 11:00:00,31.9,34.27336369496889,1.0,Tema Port,tabular,ridge_ar_lag_fourier,h24,2026-01-04T23:00:00,2026-01-18T23:00:00,2026-02-15T23:00:00,,,42.0
2026-02-01 12:00:00,28.7,27.890707954859117,1.0,Tema Port,tabular,ridge_ar_lag_fourier,h24,2026-01-04T23:00:00,2026-01-18T23:00:00,2026-02-15T23:00:00,,,42.0
2026-02-01 13:00:00,27.2,25.298073034672818,1.0,Tema Port,tabular,ridge_ar_lag_fourier,h24,2026-01-04T23:00:00,2026-01-18T23:00:00,2026-02-15T23:00:00,,,42.0
2026-02-01 14:00:00,27.4,24.186737649963927,1.0,Tema Port,tabular,ridge_ar_lag_fourier,h24,2026-01-04T23:00:00,2026-01-18T23:00:00,2026-02-15T23:00:00,,,42.0
2026-02-01 15:00:00,29.3,22.55363773095865,1.0,Tema Port,tabular,ridge_ar_lag_fourier,h24,2026-01-04T23:00:00,2026-01-18T23:00:00,2026-02-15T23:00:00,,,42.0
2026-02-01 16:00:00,29.5,25.653615771578533,1.0,Tema Port,tabular,ridge_ar_lag_fourier,h24,2026-01-04T23:00:00,2026-01-18T23:00:00,2026-02-15T23:00:00,,,42.0
2026-02-01 17:00:00,29.9,27.063329786980123,1.0,Tema Port,tabular,ridge_ar_lag_fourier,h24,2026-01-04T23:00:00,2026-01-18T23:00:00,2026-02-15T23:00:00,,,42.0
2026-02-01 18:00:00,34.7,27.038851108779618,1.0,Tema Port,tabular,ridge_ar_lag_fourier,h24,2026-01-04T23:00:00,2026-01-18T23:00:00,2026-02-15T23:00:00,,,42.0
2026-02-01 19:00:00,28.7,28.77560526079708,1.0,Tema Port,tabular,ridge_ar_lag_fourier,h24,2026-01-04T23:00:00,2026-01-18T23:00:00,2026-02-15T23:00:00,,,42.0
2026-02-01 20:00:00,28.4,27.478595236282118,1.0,Tema Port,tabular,ridge_ar_lag_fourier,h24,2026-01-04T23:00:00,2026-01-18T23:00:00,2026-02-15T23:00:00,,,42.0
2026-02-01 21:00:00,29.7,26.42686208265479,1.0,Tema Port,tabular,ridge_ar_lag_fourier,h24,2026-01-04T23:00:00,2026-01-18T23:00:00,2026-02-15T23:00:00,,,42.0
2026-02-01 22:00:00,25.6,24.99643796204715,1.0,Tema Port,tabular,ridge_ar_lag_fourier,h24,2026-01-04T23:00:00,2026-01-18T23:00:00,2026-02-15T23:00:00,,,42.0
2026-02-01 23:00:00,26.5,27.140763678876425,1.0,Tema Port,tabular,ridge_ar_lag_fourier,h24,2026-01-04T23:00:00,2026-01-18T23:00:00,2026-02-15T23:00:00,,,42.0
2026-02-02 00:00:00,33.7,34.669982034131785,1.0,Tema Port,tabular,ridge_ar_lag_fourier,h24,2026-01-04T23:00:00,2026-01-18T23:00:00,2026-02-15T23:00:00,,,42.0
2026-02-02 01:00:00,31.4,30.416575862450824,1.0,Tema Port,tabular,ridge_ar_lag_fourier,h24,2026-01-04T23:00:00,2026-01-18T23:00:00,2026-02-15T23:00:00,,,42.0
2026-02-02 02:00:00,30.3,32.099527718714384,1.0,Tema Port,tabular,ridge_ar_lag_fourier,h24,2026-01-04T23:00:00,2026-01-18T23:00:00,2026-02-15T23:00:00,,,42.0
2026-02-02 03:00:00,36.8,34.530701508612594,1.0,Tema Port,tabular,ridge_ar_lag_fourier,h24,2026-01-04T23:00:00,2026-01-18T23:00:00,2026-02-15T23:00:00,,,42.0
2026-02-02 04:00:00,43.1,36.682213100078584,1.0,Tema Port,tabular,ridge_ar_lag_fourier,h24,2026-01-04T23:00:00,2026-01-18T23:00:00,2026-02-15T23:00:00,,,42.0
2026-02-02 05:00:00,39.9,40.59531900101368,1.0,Tema Port,tabular,ridge_ar_lag_fourier,h24,2026-01-04T23:00:00,2026-01-18T23:00:00,2026-02-15T23:00:00,,,42.0
2026-02-02 06:00:00,45.6,48.27070931878848,1.0,Tema Port,tabular,ridge_ar_lag_fourier,h24,2026-01-04T23:00:00,2026-01-18T23:00:00,2026-02-15T23:00:00,,,42.0
2026-02-02 07:00:00,57.7,41.263821270684495,1.0,Tema Port,tabular,ridge_ar_lag_fourier,h24,2026-01-04T23:00:00,2026-01-18T23:00:00,2026-02-15T23:00:00,,,42.0
2026-02-02 08:00:00,72.9,39.413731723056756,1.0,Tema Port,tabular,ridge_ar_lag_fourier,h24,2026-01-04T23:00:00,2026-01-18T23:00:00,2026-02-15T23:00:00,,,42.0
2026-02-02 09:00:00,62.0,38.0195082142248,1.0,Tema Port,tabular,ridge_ar_lag_fourier,h24,2026-01-04T23:00:00,2026-01-18T23:00:00,2026-02-15T23:00:00,,,42.0
2026-02-02 10:00:00,51.5,35.44487947881087,1.0,Tema Port,tabular,ridge_ar_lag_fourier,h24,2026-01-04T23:00:00,2026-01-18T23:00:00,2026-02-15T23:00:00,,,42.0
2026-02-02 11:00:00,33.1,32.71441225386879,1.0,Tema Port,tabular,ridge_ar_lag_fourier,h24,2026-01-04T23:00:00,2026-01-18T23:00:00,2026-02-15T23:00:00,,,42.0
2026-02-02 12:00:00,30.1,28.76129293539026,1.0,Tema Port,tabular,ridge_ar_lag_fourier,h24,2026-01-04T23:00:00,2026-01-18T23:00:00,2026-02-15T23:00:00,,,42.0
2026-02-02 13:00:00,29.1,26.48298603541764,1.0,Tema Port,tabular,ridge_ar_lag_fourier,h24,2026-01-04T23:00:00,2026-01-18T23:00:00,2026-02-15T23:00:00,,,42.0
2026-02-02 14:00:00,31.4,24.55127393194226,1.0,Tema Port,tabular,ridge_ar_lag_fourier,h24,2026-01-04T23:00:00,2026-01-18T23:00:00,2026-02-15T23:00:00,,,42.0
2026-02-02 15:00:00,31.6,23.20232254989901,1.0,Tema Port,tabular,ridge_ar_lag_fourier,h24,2026-01-04T23:00:00,2026-01-18T23:00:00,2026-02-15T23:00:00,,,42.0
2026-02-02 16:00:00,34.5,25.924600979561227,1.0,Tema Port,tabular,ridge_ar_lag_fourier,h24,2026-01-04T23:00:00,2026-01-18T23:00:00,2026-02-15T23:00:00,,,42.0
2026-02-02 17:00:00,34.2,27.510344331606078,1.0,Tema Port,tabular,ridge_ar_lag_fourier,h24,2026-01-04T23:00:00,2026-01-18T23:00:00,2026-02-15T23:00:00,,,42.0
2026-02-02 18:00:00,36.7,27.044096139101324,1.0,Tema Port,tabular,ridge_ar_lag_fourier,h24,2026-01-04T23:00:00,2026-01-18T23:00:00,2026-02-15T23:00:00,,,42.0
2026-02-02 19:00:00,32.1,28.57220423450677,1.0,Tema Port,tabular,ridge_ar_lag_fourier,h24,2026-01-04T23:00:00,2026-01-18T23:00:00,2026-02-15T23:00:00,,,42.0
2026-02-02 20:00:00,38.5,28.32549725834744,1.0,Tema Port,tabular,ridge_ar_lag_fourier,h24,2026-01-04T23:00:00,2026-01-18T23:00:00,2026-02-15T23:00:00,,,42.0
2026-02-02 21:00:00,40.0,25.099194326224666,1.0,Tema Port,tabular,ridge_ar_lag_fourier,h24,2026-01-04T23:00:00,2026-01-18T23:00:00,2026-02-15T23:00:00,,,42.0
2026-02-02 22:00:00,42.4,26.900157008470302,1.0,Tema Port,tabular,ridge_ar_lag_fourier,h24,2026-01-04T23:00:00,2026-01-18T23:00:00,2026-02-15T23:00:00,,,42.0
2026-02-02 23:00:00,45.5,29.848084263180688,1.0,Tema Port,tabular,ridge_ar_lag_fourier,h24,2026-01-04T23:00:00,2026-01-18T23:00:00,2026-02-15T23:00:00,,,42.0
2026-02-03 00:00:00,67.3,37.12078862379605,1.0,Tema Port,tabular,ridge_ar_lag_fourier,h24,2026-01-04T23:00:00,2026-01-18T23:00:00,2026-02-15T23:00:00,,,42.0
2026-02-03 01:00:00,52.5,35.36491429059518,1.0,Tema Port,tabular,ridge_ar_lag_fourier,h24,2026-01-04T23:00:00,2026-01-18T23:00:00,2026-02-15T23:00:00,,,42.0
2026-02-03 02:00:00,48.2,35.59552339091012,1.0,Tema Port,tabular,ridge_ar_lag_fourier,h24,2026-01-04T23:00:00,2026-01-18T23:00:00,2026-02-15T23:00:00,,,42.0
2026-02-03 03:00:00,52.3,36.8737613848657,1.0,Tema Port,tabular,ridge_ar_lag_fourier,h24,2026-01-04T23:00:00,2026-01-18T23:00:00,2026-02-15T23:00:00,,,42.0
2026-02-03 04:00:00,44.1,39.759624234586596,1.0,Tema Port,tabular,ridge_ar_lag_fourier,h24,2026-01-04T23:00:00,2026-01-18T23:00:00,2026-02-15T23:00:00,,,42.0
2026-02-03 05:00:00,62.3,42.96292793058106,1.0,Tema Port,tabular,ridge_ar_lag_fourier,h24,2026-01-04T23:00:00,2026-01-18T23:00:00,2026-02-15T23:00:00,,,42.0
2026-02-03 06:00:00,62.1,45.35924838301211,1.0,Tema Port,tabular,ridge_ar_lag_fourier,h24,2026-01-04T23:00:00,2026-01-18T23:00:00,2026-02-15T23:00:00,,,42.0
2026-02-03 07:00:00,55.4,45.15601178933151,1.0,Tema Port,tabular,ridge_ar_lag_fourier,h24,2026-01-04T23:00:00,2026-01-18T23:00:00,2026-02-15T23:00:00,,,42.0
2026-02-03 08:00:00,38.1,47.44556705293731,1.0,Tema Port,tabular,ridge_ar_lag_fourier,h24,2026-01-04T23:00:00,2026-01-18T23:00:00,2026-02-15T23:00:00,,,42.0
2026-02-03 09:00:00,33.5,44.95148680632829,1.0,Tema Port,tabular,ridge_ar_lag_fourier,h24,2026-01-04T23:00:00,2026-01-18T23:00:00,2026-02-15T23:00:00,,,42.0
2026-02-03 10:00:00,38.4,39.07297904623049,1.0,Tema Port,tabular,ridge_ar_lag_fourier,h24,2026-01-04T23:00:00,2026-01-18T23:00:00,2026-02-15T23:00:00,,,42.0
2026-02-03 11:00:00,48.3,36.62563020986022,1.0,Tema Port,tabular,ridge_ar_lag_fourier,h24,2026-01-04T23:00:00,2026-01-18T23:00:00,2026-02-15T23:00:00,,,42.0
2026-02-03 12:00:00,41.1,31.98997308095402,1.0,Tema Port,tabular,ridge_ar_lag_fourier,h24,2026-01-04T23:00:00,2026-01-18T23:00:00,2026-02-15T23:00:00,,,42.0
2026-02-03 13:00:00,30.7,27.234190477418355,1.0,Tema Port,tabular,ridge_ar_lag_fourier,h24,2026-01-04T23:00:00,2026-01-18T23:00:00,2026-02-15T23:00:00,,,42.0
2026-02-03 14:00:00,41.5,25.889664182839798,1.0,Tema Port,tabular,ridge_ar_lag_fourier,h24,2026-01-04T23:00:00,2026-01-18T23:00:00,2026-02-15T23:00:00,,,42.0
2026-02-03 15:00:00,34.8,25.79748211074635,1.0,Tema Port,tabular,ridge_ar_lag_fourier,h24,2026-01-04T23:00:00,2026-01-18T23:00:00,2026-02-15T23:00:00,,,42.0
2026-02-03 16:00:00,35.4,26.44100379260258,1.0,Tema Port,tabular,ridge_ar_lag_fourier,h24,2026-01-04T23:00:00,2026-01-18T23:00:00,2026-02-15T23:00:00,,,42.0
2026-02-03 17:00:00,34.4,30.21805497357562,1.0,Tema Port,tabular,ridge_ar_lag_fourier,h24,2026-01-04T23:00:00,2026-01-18T23:00:00,2026-02-15T23:00:00,,,42.0
2026-02-03 18:00:00,42.5,30.950975402198125,1.0,Tema Port,tabular,ridge_ar_lag_fourier,h24,2026-01-04T23:00:00,2026-01-18T23:00:00,2026-02-15T23:00:00,,,42.0
2026-02-03 19:00:00,64.0,29.335584321038084,1.0,Tema Port,tabular,ridge_ar_lag_fourier,h24,2026-01-04T23:00:00,2026-01-18T23:00:00,2026-02-15T23:00:00,,,42.0
2026-02-03 20:00:00,67.9,30.440030994833766,1.0,Tema Port,tabular,ridge_ar_lag_fourier,h24,2026-01-04T23:00:00,2026-01-18T23:00:00,2026-02-15T23:00:00,,,42.0
2026-02-03 21:00:00,82.5,28.841109126329037,1.0,Tema Port,tabular,ridge_ar_lag_fourier,h24,2026-01-04T23:00:00,2026-01-18T23:00:00,2026-02-15T23:00:00,,,42.0
2026-02-03 22:00:00,59.6,28.611583098852662,1.0,Tema Port,tabular,ridge_ar_lag_fourier,h24,2026-01-04T23:00:00,2026-01-18T23:00:00,2026-02-15T23:00:00,,,42.0
2026-02-03 23:00:00,50.0,29.9043042342875,1.0,Tema Port,tabular,ridge_ar_lag_fourier,h24,2026-01-04T23:00:00,2026-01-18T23:00:00,2026-02-15T23:00:00,,,42.0
2026-02-04 00:00:00,73.3,36.13382123546245,1.0,Tema Port,tabular,ridge_ar_lag_fourier,h24,2026-01-04T23:00:00,2026-01-18T23:00:00,2026-02-15T23:00:00,,,42.0
2026-02-04 01:00:00,50.8,36.98112788226511,1.0,Tema Port,tabular,ridge_ar_lag_fourier,h24,2026-01-04T23:00:00,2026-01-18T23:00:00,2026-02-15T23:00:00,,,42.0
2026-02-04 02:00:00,47.1,34.878546458316286,1.0,Tema Port,tabular,ridge_ar_lag_fourier,h24,2026-01-04T23:00:00,2026-01-18T23:00:00,2026-02-15T23:00:00,,,42.0
2026-02-04 03:00:00,94.2,37.62457860556089,1.0,Tema Port,tabular,ridge_ar_lag_fourier,h24,2026-01-04T23:00:00,2026-01-18T23:00:00,2026-02-15T23:00:00,,,42.0
2026-02-04 04:00:00,87.4,40.09272165131168,1.0,Tema Port,tabular,ridge_ar_lag_fourier,h24,2026-01-04T23:00:00,2026-01-18T23:00:00,2026-02-15T23:00:00,,,42.0
2026-02-04 05:00:00,79.8,41.26894230777085,1.0,Tema Port,tabular,ridge_ar_lag_fourier,h24,2026-01-04T23:00:00,2026-01-18T23:00:00,2026-02-15T23:00:00,,,42.0
2026-02-04 06:00:00,68.7,48.027161526607316,1.0,Tema Port,tabular,ridge_ar_lag_fourier,h24,2026-01-04T23:00:00,2026-01-18T23:00:00,2026-02-15T23:00:00,,,42.0
2026-02-04 07:00:00,63.9,46.76493535319574,1.0,Tema Port,tabular,ridge_ar_lag_fourier,h24,2026-01-04T23:00:00,2026-01-18T23:00:00,2026-02-15T23:00:00,,,42.0
2026-02-04 08:00:00,49.7,44.51960642443465,1.0,Tema Port,tabular,ridge_ar_lag_fourier,h24,2026-01-04T23:00:00,2026-01-18T23:00:00,2026-02-15T23:00:00,,,42.0
2026-02-04 09:00:00,50.0,39.60456001754615,1.0,Tema Port,tabular,ridge_ar_lag_fourier,h24,2026-01-04T23:00:00,2026-01-18T23:00:00,2026-02-15T23:00:00,,,42.0
2026-02-04 10:00:00,44.0,36.14084873275504,1.0,Tema Port,tabular,ridge_ar_lag_fourier,h24,2026-01-04T23:00:00,2026-01-18T23:00:00,2026-02-15T23:00:00,,,42.0
2026-02-04 11:00:00,41.4,33.7515715498906,1.0,Tema Port,tabular,ridge_ar_lag_fourier,h24,2026-01-04T23:00:00,2026-01-18T23:00:00,2026-02-15T23:00:00,,,42.0
2026-02-04 12:00:00,38.4,32.69009961117493,1.0,Tema Port,tabular,ridge_ar_lag_fourier,h24,2026-01-04T23:00:00,2026-01-18T23:00:00,2026-02-15T23:00:00,,,42.0
2026-02-04 13:00:00,39.3,28.300812339270085,1.0,Tema Port,tabular,ridge_ar_lag_fourier,h24,2026-01-04T23:00:00,2026-01-18T23:00:00,2026-02-15T23:00:00,,,42.0
2026-02-04 14:00:00,34.3,26.088252560652375,1.0,Tema Port,tabular,ridge_ar_lag_fourier,h24,2026-01-04T23:00:00,2026-01-18T23:00:00,2026-02-15T23:00:00,,,42.0
2026-02-04 15:00:00,31.0,26.22176830403979,1.0,Tema Port,tabular,ridge_ar_lag_fourier,h24,2026-01-04T23:00:00,2026-01-18T23:00:00,2026-02-15T23:00:00,,,42.0
2026-02-04 16:00:00,29.6,25.286871035277265,1.0,Tema Port,tabular,ridge_ar_lag_fourier,h24,2026-01-04T23:00:00,2026-01-18T23:00:00,2026-02-15T23:00:00,,,42.0
2026-02-04 17:00:00,57.1,29.508071334383946,1.0,Tema Port,tabular,ridge_ar_lag_fourier,h24,2026-01-04T23:00:00,2026-01-18T23:00:00,2026-02-15T23:00:00,,,42.0
2026-02-04 18:00:00,46.8,28.59406100012138,1.0,Tema Port,tabular,ridge_ar_lag_fourier,h24,2026-01-04T23:00:00,2026-01-18T23:00:00,2026-02-15T23:00:00,,,42.0
2026-02-04 19:00:00,23.0,28.129596696108614,1.0,Tema Port,tabular,ridge_ar_lag_fourier,h24,2026-01-04T23:00:00,2026-01-18T23:00:00,2026-02-15T23:00:00,,,42.0
2026-02-04 20:00:00,17.1,34.18459597414645,1.0,Tema Port,tabular,ridge_ar_lag_fourier,h24,2026-01-04T23:00:00,2026-01-18T23:00:00,2026-02-15T23:00:00,,,42.0
2026-02-04 21:00:00,28.2,31.746021383805445,1.0,Tema Port,tabular,ridge_ar_lag_fourier,h24,2026-01-04T23:00:00,2026-01-18T23:00:00,2026-02-15T23:00:00,,,42.0
2026-02-04 22:00:00,48.2,32.410334169969204,1.0,Tema Port,tabular,ridge_ar_lag_fourier,h24,2026-01-04T23:00:00,2026-01-18T23:00:00,2026-02-15T23:00:00,,,42.0
2026-02-04 23:00:00,45.5,32.35013842540285,1.0,Tema Port,tabular,ridge_ar_lag_fourier,h24,2026-01-04T23:00:00,2026-01-18T23:00:00,2026-02-15T23:00:00,,,42.0
2026-02-05 00:00:00,40.8,36.306703168681125,1.0,Tema Port,tabular,ridge_ar_lag_fourier,h24,2026-01-04T23:00:00,2026-01-18T23:00:00,2026-02-15T23:00:00,,,42.0
2026-02-05 01:00:00,53.0,37.24433193162843,1.0,Tema Port,tabular,ridge_ar_lag_fourier,h24,2026-01-04T23:00:00,2026-01-18T23:00:00,2026-02-15T23:00:00,,,42.0
2026-02-05 02:00:00,44.1,34.563825709517275,1.0,Tema Port,tabular,ridge_ar_lag_fourier,h24,2026-01-04T23:00:00,2026-01-18T23:00:00,2026-02-15T23:00:00,,,42.0
2026-02-05 03:00:00,44.7,34.94781605688122,1.0,Tema Port,tabular,ridge_ar_lag_fourier,h24,2026-01-04T23:00:00,2026-01-18T23:00:00,2026-02-15T23:00:00,,,42.0
2026-02-05 04:00:00,36.8,40.52232234706371,1.0,Tema Port,tabular,ridge_ar_lag_fourier,h24,2026-01-04T23:00:00,2026-01-18T23:00:00,2026-02-15T23:00:00,,,42.0
2026-02-05 05:00:00,39.4,44.80193314921476,1.0,Tema Port,tabular,ridge_ar_lag_fourier,h24,2026-01-04T23:00:00,2026-01-18T23:00:00,2026-02-15T23:00:00,,,42.0
2026-02-05 06:00:00,40.3,46.0604428125304,1.0,Tema Port,tabular,ridge_ar_lag_fourier,h24,2026-01-04T23:00:00,2026-01-18T23:00:00,2026-02-15T23:00:00,,,42.0
2026-02-05 07:00:00,34.5,41.40017337107812,1.0,Tema Port,tabular,ridge_ar_lag_fourier,h24,2026-01-04T23:00:00,2026-01-18T23:00:00,2026-02-15T23:00:00,,,42.0
2026-02-05 08:00:00,30.5,40.16023685101109,1.0,Tema Port,tabular,ridge_ar_lag_fourier,h24,2026-01-04T23:00:00,2026-01-18T23:00:00,2026-02-15T23:00:00,,,42.0
2026-02-05 09:00:00,31.0,35.430692988411934,1.0,Tema Port,tabular,ridge_ar_lag_fourier,h24,2026-01-04T23:00:00,2026-01-18T23:00:00,2026-02-15T23:00:00,,,42.0
2026-02-05 10:00:00,23.0,32.89573218711042,1.0,Tema Port,tabular,ridge_ar_lag_fourier,h24,2026-01-04T23:00:00,2026-01-18T23:00:00,2026-02-15T23:00:00,,,42.0
2026-02-05 11:00:00,42.6,30.535301804139223,1.0,Tema Port,tabular,ridge_ar_lag_fourier,h24,2026-01-04T23:00:00,2026-01-18T23:00:00,2026-02-15T23:00:00,,,42.0
2026-02-05 12:00:00,28.2,27.63018433284026,1.0,Tema Port,tabular,ridge_ar_lag_fourier,h24,2026-01-04T23:00:00,2026-01-18T23:00:00,2026-02-15T23:00:00,,,42.0
2026-02-05 13:00:00,24.6,23.39605235797434,1.0,Tema Port,tabular,ridge_ar_lag_fourier,h24,2026-01-04T23:00:00,2026-01-18T23:00:00,2026-02-15T23:00:00,,,42.0
2026-02-05 14:00:00,20.5,23.652168555509814,1.0,Tema Port,tabular,ridge_ar_lag_fourier,h24,2026-01-04T23:00:00,2026-01-18T23:00:00,2026-02-15T23:00:00,,,42.0
2026-02-05 15:00:00,19.1,23.999560207980853,1.0,Tema Port,tabular,ridge_ar_lag_fourier,h24,2026-01-04T23:00:00,2026-01-18T23:00:00,2026-02-15T23:00:00,,,42.0
2026-02-05 16:00:00,21.9,23.085303290248643,1.0,Tema Port,tabular,ridge_ar_lag_fourier,h24,2026-01-04T23:00:00,2026-01-18T23:00:00,2026-02-15T23:00:00,,,42.0
2026-02-05 17:00:00,22.7,26.283452539827834,1.0,Tema Port,tabular,ridge_ar_lag_fourier,h24,2026-01-04T23:00:00,2026-01-18T23:00:00,2026-02-15T23:00:00,,,42.0
2026-02-05 18:00:00,31.5,30.578241841841134,1.0,Tema Port,tabular,ridge_ar_lag_fourier,h24,2026-01-04T23:00:00,2026-01-18T23:00:00,2026-02-15T23:00:00,,,42.0
2026-02-05 19:00:00,40.6,27.86086157131013,1.0,Tema Port,tabular,ridge_ar_lag_fourier,h24,2026-01-04T23:00:00,2026-01-18T23:00:00,2026-02-15T23:00:00,,,42.0
2026-02-05 20:00:00,29.0,30.12941234270626,1.0,Tema Port,tabular,ridge_ar_lag_fourier,h24,2026-01-04T23:00:00,2026-01-18T23:00:00,2026-02-15T23:00:00,,,42.0
2026-02-05 21:00:00,31.6,26.008073629363917,1.0,Tema Port,tabular,ridge_ar_lag_fourier,h24,2026-01-04T23:00:00,2026-01-18T23:00:00,2026-02-15T23:00:00,,,42.0
2026-02-05 22:00:00,34.2,25.347851922625452,1.0,Tema Port,tabular,ridge_ar_lag_fourier,h24,2026-01-04T23:00:00,2026-01-18T23:00:00,2026-02-15T23:00:00,,,42.0
2026-02-05 23:00:00,31.3,31.048438950492397,1.0,Tema Port,tabular,ridge_ar_lag_fourier,h24,2026-01-04T23:00:00,2026-01-18T23:00:00,2026-02-15T23:00:00,,,42.0
2026-02-06 00:00:00,28.7,36.354783684352384,1.0,Tema Port,tabular,ridge_ar_lag_fourier,h24,2026-01-04T23:00:00,2026-01-18T23:00:00,2026-02-15T23:00:00,,,42.0
2026-02-06 01:00:00,25.6,31.32793910454904,1.0,Tema Port,tabular,ridge_ar_lag_fourier,h24,2026-01-04T23:00:00,2026-01-18T23:00:00,2026-02-15T23:00:00,,,42.0
2026-02-06 02:00:00,23.7,34.080404191438355,1.0,Tema Port,tabular,ridge_ar_lag_fourier,h24,2026-01-04T23:00:00,2026-01-18T23:00:00,2026-02-15T23:00:00,,,42.0
2026-02-06 03:00:00,27.2,37.75497232172764,1.0,Tema Port,tabular,ridge_ar_lag_fourier,h24,2026-01-04T23:00:00,2026-01-18T23:00:00,2026-02-15T23:00:00,,,42.0
2026-02-06 04:00:00,32.1,37.431241154753124,1.0,Tema Port,tabular,ridge_ar_lag_fourier,h24,2026-01-04T23:00:00,2026-01-18T23:00:00,2026-02-15T23:00:00,,,42.0
2026-02-06 05:00:00,28.0,40.158641277684694,1.0,Tema Port,tabular,ridge_ar_lag_fourier,h24,2026-01-04T23:00:00,2026-01-18T23:00:00,2026-02-15T23:00:00,,,42.0
2026-02-06 06:00:00,37.3,38.94178289342123,1.0,Tema Port,tabular,ridge_ar_lag_fourier,h24,2026-01-04T23:00:00,2026-01-18T23:00:00,2026-02-15T23:00:00,,,42.0
2026-02-06 07:00:00,47.8,39.12677868555816,1.0,Tema Port,tabular,ridge_ar_lag_fourier,h24,2026-01-04T23:00:00,2026-01-18T23:00:00,2026-02-15T23:00:00,,,42.0
2026-02-06 08:00:00,42.0,37.00682695755654,1.0,Tema Port,tabular,ridge_ar_lag_fourier,h24,2026-01-04T23:00:00,2026-01-18T23:00:00,2026-02-15T23:00:00,,,42.0
2026-02-06 09:00:00,20.7,34.23897666622312,1.0,Tema Port,tabular,ridge_ar_lag_fourier,h24,2026-01-04T23:00:00,2026-01-18T23:00:00,2026-02-15T23:00:00,,,42.0
2026-02-06 10:00:00,20.7,31.282952099644454,1.0,Tema Port,tabular,ridge_ar_lag_fourier,h24,2026-01-04T23:00:00,2026-01-18T23:00:00,2026-02-15T23:00:00,,,42.0
2026-02-06 11:00:00,22.8,26.131635140055586,1.0,Tema Port,tabular,ridge_ar_lag_fourier,h24,2026-01-04T23:00:00,2026-01-18T23:00:00,2026-02-15T23:00:00,,,42.0
2026-02-06 12:00:00,21.8,26.74170212513431,1.0,Tema Port,tabular,ridge_ar_lag_fourier,h24,2026-01-04T23:00:00,2026-01-18T23:00:00,2026-02-15T23:00:00,,,42.0
2026-02-06 13:00:00,22.1,23.713227306325663,1.0,Tema Port,tabular,ridge_ar_lag_fourier,h24,2026-01-04T23:00:00,2026-01-18T23:00:00,2026-02-15T23:00:00,,,42.0
2026-02-06 14:00:00,23.5,22.941019170952416,1.0,Tema Port,tabular,ridge_ar_lag_fourier,h24,2026-01-04T23:00:00,2026-01-18T23:00:00,2026-02-15T23:00:00,,,42.0
2026-02-06 15:00:00,25.2,21.066885516118408,1.0,Tema Port,tabular,ridge_ar_lag_fourier,h24,2026-01-04T23:00:00,2026-01-18T23:00:00,2026-02-15T23:00:00,,,42.0
2026-02-06 16:00:00,24.5,23.438987197721783,1.0,Tema Port,tabular,ridge_ar_lag_fourier,h24,2026-01-04T23:00:00,2026-01-18T23:00:00,2026-02-15T23:00:00,,,42.0
2026-02-06 17:00:00,23.1,29.22962014850379,1.0,Tema Port,tabular,ridge_ar_lag_fourier,h24,2026-01-04T23:00:00,2026-01-18T23:00:00,2026-02-15T23:00:00,,,42.0
2026-02-06 18:00:00,28.1,28.084840804723967,1.0,Tema Port,tabular,ridge_ar_lag_fourier,h24,2026-01-04T23:00:00,2026-01-18T23:00:00,2026-02-15T23:00:00,,,42.0
2026-02-06 19:00:00,24.6,25.11609630444294,1.0,Tema Port,tabular,ridge_ar_lag_fourier,h24,2026-01-04T23:00:00,2026-01-18T23:00:00,2026-02-15T23:00:00,,,42.0
2026-02-06 20:00:00,29.0,30.879021122384323,1.0,Tema Port,tabular,ridge_ar_lag_fourier,h24,2026-01-04T23:00:00,2026-01-18T23:00:00,2026-02-15T23:00:00,,,42.0
2026-02-06 21:00:00,27.9,28.406138044814192,1.0,Tema Port,tabular,ridge_ar_lag_fourier,h24,2026-01-04T23:00:00,2026-01-18T23:00:00,2026-02-15T23:00:00,,,42.0
2026-02-06 22:00:00,44.9,28.05194776312004,1.0,Tema Port,tabular,ridge_ar_lag_fourier,h24,2026-01-04T23:00:00,2026-01-18T23:00:00,2026-02-15T23:00:00,,,42.0
2026-02-06 23:00:00,31.4,28.94205211284107,1.0,Tema Port,tabular,ridge_ar_lag_fourier,h24,2026-01-04T23:00:00,2026-01-18T23:00:00,2026-02-15T23:00:00,,,42.0
2026-02-07 00:00:00,29.8,34.90237560754546,1.0,Tema Port,tabular,ridge_ar_lag_fourier,h24,2026-01-04T23:00:00,2026-01-18T23:00:00,2026-02-15T23:00:00,,,42.0
2026-02-07 01:00:00,29.6,32.619695767981526,1.0,Tema Port,tabular,ridge_ar_lag_fourier,h24,2026-01-04T23:00:00,2026-01-18T23:00:00,2026-02-15T23:00:00,,,42.0
2026-02-07 02:00:00,22.6,33.46972008358845,1.0,Tema Port,tabular,ridge_ar_lag_fourier,h24,2026-01-04T23:00:00,2026-01-18T23:00:00,2026-02-15T23:00:00,,,42.0
2026-02-07 03:00:00,29.4,37.20770737739281,1.0,Tema Port,tabular,ridge_ar_lag_fourier,h24,2026-01-04T23:00:00,2026-01-18T23:00:00,2026-02-15T23:00:00,,,42.0
2026-02-07 04:00:00,36.7,36.93033311398433,1.0,Tema Port,tabular,ridge_ar_lag_fourier,h24,2026-01-04T23:00:00,2026-01-18T23:00:00,2026-02-15T23:00:00,,,42.0
2026-02-07 05:00:00,36.1,42.32104568592307,1.0,Tema Port,tabular,ridge_ar_lag_fourier,h24,2026-01-04T23:00:00,2026-01-18T23:00:00,2026-02-15T23:00:00,,,42.0
2026-02-07 06:00:00,45.3,41.187854984031446,1.0,Tema Port,tabular,ridge_ar_lag_fourier,h24,2026-01-04T23:00:00,2026-01-18T23:00:00,2026-02-15T23:00:00,,,42.0
2026-02-07 07:00:00,46.4,40.367487115887926,1.0,Tema Port,tabular,ridge_ar_lag_fourier,h24,2026-01-04T23:00:00,2026-01-18T23:00:00,2026-02-15T23:00:00,,,42.0
2026-02-07 08:00:00,37.4,39.07308120561547,1.0,Tema Port,tabular,ridge_ar_lag_fourier,h24,2026-01-04T23:00:00,2026-01-18T23:00:00,2026-02-15T23:00:00,,,42.0
2026-02-07 09:00:00,17.1,36.2777060600168,1.0,Tema Port,tabular,ridge_ar_lag_fourier,h24,2026-01-04T23:00:00,2026-01-18T23:00:00,2026-02-15T23:00:00,,,42.0
2026-02-07 10:00:00,19.3,32.764673991415975,1.0,Tema Port,tabular,ridge_ar_lag_fourier,h24,2026-01-04T23:00:00,2026-01-18T23:00:00,2026-02-15T23:00:00,,,42.0
2026-02-07 11:00:00,17.7,30.01357199577187,1.0,Tema Port,tabular,ridge_ar_lag_fourier,h24,2026-01-04T23:00:00,2026-01-18T23:00:00,2026-02-15T23:00:00,,,42.0
2026-02-07 12:00:00,18.6,27.538991784173188,1.0,Tema Port,tabular,ridge_ar_lag_fourier,h24,2026-01-04T23:00:00,2026-01-18T23:00:00,2026-02-15T23:00:00,,,42.0
2026-02-07 13:00:00,18.2,25.151305097440662,1.0,Tema Port,tabular,ridge_ar_lag_fourier,h24,2026-01-04T23:00:00,2026-01-18T23:00:00,2026-02-15T23:00:00,,,42.0
2026-02-07 14:00:00,28.4,24.86143073063125,1.0,Tema Port,tabular,ridge_ar_lag_fourier,h24,2026-01-04T23:00:00,2026-01-18T23:00:00,2026-02-15T23:00:00,,,42.0
2026-02-07 15:00:00,20.1,25.130692517844675,1.0,Tema Port,tabular,ridge_ar_lag_fourier,h24,2026-01-04T23:00:00,2026-01-18T23:00:00,2026-02-15T23:00:00,,,42.0
2026-02-07 16:00:00,23.3,25.43230905761669,1.0,Tema Port,tabular,ridge_ar_lag_fourier,h24,2026-01-04T23:00:00,2026-01-18T23:00:00,2026-02-15T23:00:00,,,42.0
2026-02-07 17:00:00,25.4,28.847375455237245,1.0,Tema Port,tabular,ridge_ar_lag_fourier,h24,2026-01-04T23:00:00,2026-01-18T23:00:00,2026-02-15T23:00:00,,,42.0
2026-02-07 18:00:00,24.3,29.817414067691576,1.0,Tema Port,tabular,ridge_ar_lag_fourier,h24,2026-01-04T23:00:00,2026-01-18T23:00:00,2026-02-15T23:00:00,,,42.0
2026-02-07 19:00:00,20.8,29.17916850558769,1.0,Tema Port,tabular,ridge_ar_lag_fourier,h24,2026-01-04T23:00:00,2026-01-18T23:00:00,2026-02-15T23:00:00,,,42.0
2026-02-07 20:00:00,22.0,30.244721733683377,1.0,Tema Port,tabular,ridge_ar_lag_fourier,h24,2026-01-04T23:00:00,2026-01-18T23:00:00,2026-02-15T23:00:00,,,42.0
2026-02-07 21:00:00,22.1,30.774684541362035,1.0,Tema Port,tabular,ridge_ar_lag_fourier,h24,2026-01-04T23:00:00,2026-01-18T23:00:00,2026-02-15T23:00:00,,,42.0
2026-02-07 22:00:00,35.0,30.77044636538828,1.0,Tema Port,tabular,ridge_ar_lag_fourier,h24,2026-01-04T23:00:00,2026-01-18T23:00:00,2026-02-15T23:00:00,,,42.0
2026-02-07 23:00:00,30.7,34.16531843481443,1.0,Tema Port,tabular,ridge_ar_lag_fourier,h24,2026-01-04T23:00:00,2026-01-18T23:00:00,2026-02-15T23:00:00,,,42.0
2026-02-08 00:00:00,36.1,39.163328259489255,1.0,Tema Port,tabular,ridge_ar_lag_fourier,h24,2026-01-04T23:00:00,2026-01-18T23:00:00,2026-02-15T23:00:00,,,42.0
2026-02-08 01:00:00,35.0,35.486314592854185,1.0,Tema Port,tabular,ridge_ar_lag_fourier,h24,2026-01-04T23:00:00,2026-01-18T23:00:00,2026-02-15T23:00:00,,,42.0
2026-02-08 02:00:00,31.2,33.99300392364044,1.0,Tema Port,tabular,ridge_ar_lag_fourier,h24,2026-01-04T23:00:00,2026-01-18T23:00:00,2026-02-15T23:00:00,,,42.0
2026-02-08 03:00:00,30.3,37.83341258449492,1.0,Tema Port,tabular,ridge_ar_lag_fourier,h24,2026-01-04T23:00:00,2026-01-18T23:00:00,2026-02-15T23:00:00,,,42.0
2026-02-08 04:00:00,31.7,38.018357523377716,1.0,Tema Port,tabular,ridge_ar_lag_fourier,h24,2026-01-04T23:00:00,2026-01-18T23:00:00,2026-02-15T23:00:00,,,42.0
2026-02-08 05:00:00,38.7,43.425979207558576,1.0,Tema Port,tabular,ridge_ar_lag_fourier,h24,2026-01-04T23:00:00,2026-01-18T23:00:00,2026-02-15T23:00:00,,,42.0
2026-02-08 06:00:00,56.3,40.863449590681014,1.0,Tema Port,tabular,ridge_ar_lag_fourier,h24,2026-01-04T23:00:00,2026-01-18T23:00:00,2026-02-15T23:00:00,,,42.0
2026-02-08 07:00:00,53.7,44.544255620074935,1.0,Tema Port,tabular,ridge_ar_lag_fourier,h24,2026-01-04T23:00:00,2026-01-18T23:00:00,2026-02-15T23:00:00,,,42.0
2026-02-08 08:00:00,49.7,41.50614370909689,1.0,Tema Port,tabular,ridge_ar_lag_fourier,h24,2026-01-04T23:00:00,2026-01-18T23:00:00,2026-02-15T23:00:00,,,42.0
2026-02-08 09:00:00,38.0,36.65253425474435,1.0,Tema Port,tabular,ridge_ar_lag_fourier,h24,2026-01-04T23:00:00,2026-01-18T23:00:00,2026-02-15T23:00:00,,,42.0
2026-02-08 10:00:00,46.4,30.992024924474478,1.0,Tema Port,tabular,ridge_ar_lag_fourier,h24,2026-01-04T23:00:00,2026-01-18T23:00:00,2026-02-15T23:00:00,,,42.0
2026-02-08 11:00:00,30.7,30.251832501817574,1.0,Tema Port,tabular,ridge_ar_lag_fourier,h24,2026-01-04T23:00:00,2026-01-18T23:00:00,2026-02-15T23:00:00,,,42.0
2026-02-08 12:00:00,17.9,26.344465627763682,1.0,Tema Port,tabular,ridge_ar_lag_fourier,h24,2026-01-04T23:00:00,2026-01-18T23:00:00,2026-02-15T23:00:00,,,42.0
2026-02-08 13:00:00,14.2,23.603429170998417,1.0,Tema Port,tabular,ridge_ar_lag_fourier,h24,2026-01-04T23:00:00,2026-01-18T23:00:00,2026-02-15T23:00:00,,,42.0
2026-02-08 14:00:00,13.3,23.461647148937466,1.0,Tema Port,tabular,ridge_ar_lag_fourier,h24,2026-01-04T23:00:00,2026-01-18T23:00:00,2026-02-15T23:00:00,,,42.0
2026-02-08 15:00:00,13.6,24.24886455131665,1.0,Tema Port,tabular,ridge_ar_lag_fourier,h24,2026-01-04T23:00:00,2026-01-18T23:00:00,2026-02-15T23:00:00,,,42.0
2026-02-08 16:00:00,12.7,24.74026909838449,1.0,Tema Port,tabular,ridge_ar_lag_fourier,h24,2026-01-04T23:00:00,2026-01-18T23:00:00,2026-02-15T23:00:00,,,42.0
2026-02-08 17:00:00,21.4,26.81815308022007,1.0,Tema Port,tabular,ridge_ar_lag_fourier,h24,2026-01-04T23:00:00,2026-01-18T23:00:00,2026-02-15T23:00:00,,,42.0
2026-02-08 18:00:00,24.8,29.912398154382043,1.0,Tema Port,tabular,ridge_ar_lag_fourier,h24,2026-01-04T23:00:00,2026-01-18T23:00:00,2026-02-15T23:00:00,,,42.0
2026-02-08 19:00:00,28.5,29.23550394302675,1.0,Tema Port,tabular,ridge_ar_lag_fourier,h24,2026-01-04T23:00:00,2026-01-18T23:00:00,2026-02-15T23:00:00,,,42.0
2026-02-08 20:00:00,20.0,29.19591620767369,1.0,Tema Port,tabular,ridge_ar_lag_fourier,h24,2026-01-04T23:00:00,2026-01-18T23:00:00,2026-02-15T23:00:00,,,42.0
2026-02-08 21:00:00,21.2,31.10403921180521,1.0,Tema Port,tabular,ridge_ar_lag_fourier,h24,2026-01-04T23:00:00,2026-01-18T23:00:00,2026-02-15T23:00:00,,,42.0
2026-02-08 22:00:00,22.6,31.16428688986899,1.0,Tema Port,tabular,ridge_ar_lag_fourier,h24,2026-01-04T23:00:00,2026-01-18T23:00:00,2026-02-15T23:00:00,,,42.0
2026-02-08 23:00:00,19.8,32.05355594303634,1.0,Tema Port,tabular,ridge_ar_lag_fourier,h24,2026-01-04T23:00:00,2026-01-18T23:00:00,2026-02-15T23:00:00,,,42.0
2026-02-09 00:00:00,16.8,37.22457609400691,1.0,Tema Port,tabular,ridge_ar_lag_fourier,h24,2026-01-04T23:00:00,2026-01-18T23:00:00,2026-02-15T23:00:00,,,42.0
2026-02-09 01:00:00,14.5,34.2562046929688,1.0,Tema Port,tabular,ridge_ar_lag_fourier,h24,2026-01-04T23:00:00,2026-01-18T23:00:00,2026-02-15T23:00:00,,,42.0
2026-02-09 02:00:00,16.0,32.53347978063802,1.0,Tema Port,tabular,ridge_ar_lag_fourier,h24,2026-01-04T23:00:00,2026-01-18T23:00:00,2026-02-15T23:00:00,,,42.0
2026-02-09 03:00:00,27.4,39.29509739165561,1.0,Tema Port,tabular,ridge_ar_lag_fourier,h24,2026-01-04T23:00:00,2026-01-18T23:00:00,2026-02-15T23:00:00,,,42.0
2026-02-09 04:00:00,23.0,38.20870962736905,1.0,Tema Port,tabular,ridge_ar_lag_fourier,h24,2026-01-04T23:00:00,2026-01-18T23:00:00,2026-02-15T23:00:00,,,42.0
2026-02-09 05:00:00,32.0,42.89137340015538,1.0,Tema Port,tabular,ridge_ar_lag_fourier,h24,2026-01-04T23:00:00,2026-01-18T23:00:00,2026-02-15T23:00:00,,,42.0
2026-02-09 06:00:00,39.9,42.50523078650563,1.0,Tema Port,tabular,ridge_ar_lag_fourier,h24,2026-01-04T23:00:00,2026-01-18T23:00:00,2026-02-15T23:00:00,,,42.0
2026-02-09 07:00:00,35.0,46.53339524400033,1.0,Tema Port,tabular,ridge_ar_lag_fourier,h24,2026-01-04T23:00:00,2026-01-18T23:00:00,2026-02-15T23:00:00,,,42.0
2026-02-09 08:00:00,34.6,41.317519192396134,1.0,Tema Port,tabular,ridge_ar_lag_fourier,h24,2026-01-04T23:00:00,2026-01-18T23:00:00,2026-02-15T23:00:00,,,42.0
2026-02-09 09:00:00,38.2,35.80052030565628,1.0,Tema Port,tabular,ridge_ar_lag_fourier,h24,2026-01-04T23:00:00,2026-01-18T23:00:00,2026-02-15T23:00:00,,,42.0
2026-02-09 10:00:00,30.7,32.23120840509254,1.0,Tema Port,tabular,ridge_ar_lag_fourier,h24,2026-01-04T23:00:00,2026-01-18T23:00:00,2026-02-15T23:00:00,,,42.0
2026-02-09 11:00:00,19.9,33.13984364048167,1.0,Tema Port,tabular,ridge_ar_lag_fourier,h24,2026-01-04T23:00:00,2026-01-18T23:00:00,2026-02-15T23:00:00,,,42.0
2026-02-09 12:00:00,19.3,27.597880917834207,1.0,Tema Port,tabular,ridge_ar_lag_fourier,h24,2026-01-04T23:00:00,2026-01-18T23:00:00,2026-02-15T23:00:00,,,42.0
2026-02-09 13:00:00,24.2,31.248068674925825,1.0,Tema Port,tabular,ridge_ar_lag_fourier,h24,2026-01-04T23:00:00,2026-01-18T23:00:00,2026-02-15T23:00:00,,,42.0
2026-02-09 14:00:00,33.3,26.763958099640355,1.0,Tema Port,tabular,ridge_ar_lag_fourier,h24,2026-01-04T23:00:00,2026-01-18T23:00:00,2026-02-15T23:00:00,,,42.0
2026-02-09 15:00:00,17.8,25.672222390999977,1.0,Tema Port,tabular,ridge_ar_lag_fourier,h24,2026-01-04T23:00:00,2026-01-18T23:00:00,2026-02-15T23:00:00,,,42.0
2026-02-09 16:00:00,19.4,23.878528319542617,1.0,Tema Port,tabular,ridge_ar_lag_fourier,h24,2026-01-04T23:00:00,2026-01-18T23:00:00,2026-02-15T23:00:00,,,42.0
2026-02-09 17:00:00,22.8,26.022805690324063,1.0,Tema Port,tabular,ridge_ar_lag_fourier,h24,2026-01-04T23:00:00,2026-01-18T23:00:00,2026-02-15T23:00:00,,,42.0
2026-02-09 18:00:00,42.1,28.23231059195418,1.0,Tema Port,tabular,ridge_ar_lag_fourier,h24,2026-01-04T23:00:00,2026-01-18T23:00:00,2026-02-15T23:00:00,,,42.0
2026-02-09 19:00:00,41.1,27.54596158746832,1.0,Tema Port,tabular,ridge_ar_lag_fourier,h24,2026-01-04T23:00:00,2026-01-18T23:00:00,2026-02-15T23:00:00,,,42.0
2026-02-09 20:00:00,38.2,27.584734977164317,1.0,Tema Port,tabular,ridge_ar_lag_fourier,h24,2026-01-04T23:00:00,2026-01-18T23:00:00,2026-02-15T23:00:00,,,42.0
2026-02-09 21:00:00,31.2,29.88468709169078,1.0,Tema Port,tabular,ridge_ar_lag_fourier,h24,2026-01-04T23:00:00,2026-01-18T23:00:00,2026-02-15T23:00:00,,,42.0
2026-02-09 22:00:00,42.5,30.26394458093518,1.0,Tema Port,tabular,ridge_ar_lag_fourier,h24,2026-01-04T23:00:00,2026-01-18T23:00:00,2026-02-15T23:00:00,,,42.0
2026-02-09 23:00:00,30.1,29.781980178587737,1.0,Tema Port,tabular,ridge_ar_lag_fourier,h24,2026-01-04T23:00:00,2026-01-18T23:00:00,2026-02-15T23:00:00,,,42.0
2026-02-10 00:00:00,28.2,38.0929438480386,1.0,Tema Port,tabular,ridge_ar_lag_fourier,h24,2026-01-04T23:00:00,2026-01-18T23:00:00,2026-02-15T23:00:00,,,42.0
2026-02-10 01:00:00,29.8,35.14254563850466,1.0,Tema Port,tabular,ridge_ar_lag_fourier,h24,2026-01-04T23:00:00,2026-01-18T23:00:00,2026-02-15T23:00:00,,,42.0
2026-02-10 02:00:00,31.9,32.298179911817414,1.0,Tema Port,tabular,ridge_ar_lag_fourier,h24,2026-01-04T23:00:00,2026-01-18T23:00:00,2026-02-15T23:00:00,,,42.0
2026-02-10 03:00:00,21.9,37.72741904960833,1.0,Tema Port,tabular,ridge_ar_lag_fourier,h24,2026-01-04T23:00:00,2026-01-18T23:00:00,2026-02-15T23:00:00,,,42.0
2026-02-10 04:00:00,39.2,38.7895734169525,1.0,Tema Port,tabular,ridge_ar_lag_fourier,h24,2026-01-04T23:00:00,2026-01-18T23:00:00,2026-02-15T23:00:00,,,42.0
2026-02-10 05:00:00,32.4,41.314203279385936,1.0,Tema Port,tabular,ridge_ar_lag_fourier,h24,2026-01-04T23:00:00,2026-01-18T23:00:00,2026-02-15T23:00:00,,,42.0
2026-02-10 06:00:00,45.7,45.253277557602715,1.0,Tema Port,tabular,ridge_ar_lag_fourier,h24,2026-01-04T23:00:00,2026-01-18T23:00:00,2026-02-15T23:00:00,,,42.0
2026-02-10 07:00:00,45.5,46.03647340139532,1.0,Tema Port,tabular,ridge_ar_lag_fourier,h24,2026-01-04T23:00:00,2026-01-18T23:00:00,2026-02-15T23:00:00,,,42.0
2026-02-10 08:00:00,39.6,39.09828028892403,1.0,Tema Port,tabular,ridge_ar_lag_fourier,h24,2026-01-04T23:00:00,2026-01-18T23:00:00,2026-02-15T23:00:00,,,42.0
2026-02-10 09:00:00,27.4,34.72304209388086,1.0,Tema Port,tabular,ridge_ar_lag_fourier,h24,2026-01-04T23:00:00,2026-01-18T23:00:00,2026-02-15T23:00:00,,,42.0
2026-02-10 10:00:00,25.6,34.46246250682674,1.0,Tema Port,tabular,ridge_ar_lag_fourier,h24,2026-01-04T23:00:00,2026-01-18T23:00:00,2026-02-15T23:00:00,,,42.0
2026-02-10 11:00:00,15.5,32.191299168862045,1.0,Tema Port,tabular,ridge_ar_lag_fourier,h24,2026-01-04T23:00:00,2026-01-18T23:00:00,2026-02-15T23:00:00,,,42.0
2026-02-10 12:00:00,17.3,26.268121771515965,1.0,Tema Port,tabular,ridge_ar_lag_fourier,h24,2026-01-04T23:00:00,2026-01-18T23:00:00,2026-02-15T23:00:00,,,42.0
2026-02-10 13:00:00,13.8,23.939695890260463,1.0,Tema Port,tabular,ridge_ar_lag_fourier,h24,2026-01-04T23:00:00,2026-01-18T23:00:00,2026-02-15T23:00:00,,,42.0
2026-02-10 14:00:00,15.6,25.0365208734754,1.0,Tema Port,tabular,ridge_ar_lag_fourier,h24,2026-01-04T23:00:00,2026-01-18T23:00:00,2026-02-15T23:00:00,,,42.0
2026-02-10 15:00:00,14.9,23.86392197471322,1.0,Tema Port,tabular,ridge_ar_lag_fourier,h24,2026-01-04T23:00:00,2026-01-18T23:00:00,2026-02-15T23:00:00,,,42.0
2026-02-10 16:00:00,14.0,22.474444491703288,1.0,Tema Port,tabular,ridge_ar_lag_fourier,h24,2026-01-04T23:00:00,2026-01-18T23:00:00,2026-02-15T23:00:00,,,42.0
2026-02-10 17:00:00,16.8,25.866353668906097,1.0,Tema Port,tabular,ridge_ar_lag_fourier,h24,2026-01-04T23:00:00,2026-01-18T23:00:00,2026-02-15T23:00:00,,,42.0
2026-02-10 18:00:00,36.7,29.428068701416983,1.0,Tema Port,tabular,ridge_ar_lag_fourier,h24,2026-01-04T23:00:00,2026-01-18T23:00:00,2026-02-15T23:00:00,,,42.0
2026-02-10 19:00:00,19.8,32.583607766939174,1.0,Tema Port,tabular,ridge_ar_lag_fourier,h24,2026-01-04T23:00:00,2026-01-18T23:00:00,2026-02-15T23:00:00,,,42.0
2026-02-10 20:00:00,16.6,31.085644840027012,1.0,Tema Port,tabular,ridge_ar_lag_fourier,h24,2026-01-04T23:00:00,2026-01-18T23:00:00,2026-02-15T23:00:00,,,42.0
2026-02-10 21:00:00,17.4,33.32204420806919,1.0,Tema Port,tabular,ridge_ar_lag_fourier,h24,2026-01-04T23:00:00,2026-01-18T23:00:00,2026-02-15T23:00:00,,,42.0
2026-02-10 22:00:00,18.4,33.70264720531578,1.0,Tema Port,tabular,ridge_ar_lag_fourier,h24,2026-01-04T23:00:00,2026-01-18T23:00:00,2026-02-15T23:00:00,,,42.0
2026-02-10 23:00:00,18.5,33.10896381595325,1.0,Tema Port,tabular,ridge_ar_lag_fourier,h24,2026-01-04T23:00:00,2026-01-18T23:00:00,2026-02-15T23:00:00,,,42.0
2026-02-11 00:00:00,15.5,37.80792160246318,1.0,Tema Port,tabular,ridge_ar_lag_fourier,h24,2026-01-04T23:00:00,2026-01-18T23:00:00,2026-02-15T23:00:00,,,42.0
2026-02-11 01:00:00,30.2,33.22543859352064,1.0,Tema Port,tabular,ridge_ar_lag_fourier,h24,2026-01-04T23:00:00,2026-01-18T23:00:00,2026-02-15T23:00:00,,,42.0
2026-02-11 02:00:00,25.7,32.056743161473,1.0,Tema Port,tabular,ridge_ar_lag_fourier,h24,2026-01-04T23:00:00,2026-01-18T23:00:00,2026-02-15T23:00:00,,,42.0
2026-02-11 03:00:00,39.3,39.31909283678545,1.0,Tema Port,tabular,ridge_ar_lag_fourier,h24,2026-01-04T23:00:00,2026-01-18T23:00:00,2026-02-15T23:00:00,,,42.0
2026-02-11 04:00:00,50.0,38.61706633667852,1.0,Tema Port,tabular,ridge_ar_lag_fourier,h24,2026-01-04T23:00:00,2026-01-18T23:00:00,2026-02-15T23:00:00,,,42.0
2026-02-11 05:00:00,61.1,43.93291762239227,1.0,Tema Port,tabular,ridge_ar_lag_fourier,h24,2026-01-04T23:00:00,2026-01-18T23:00:00,2026-02-15T23:00:00,,,42.0
2026-02-11 06:00:00,71.5,45.046634364434155,1.0,Tema Port,tabular,ridge_ar_lag_fourier,h24,2026-01-04T23:00:00,2026-01-18T23:00:00,2026-02-15T23:00:00,,,42.0
2026-02-11 07:00:00,47.6,45.833042735224595,1.0,Tema Port,tabular,ridge_ar_lag_fourier,h24,2026-01-04T23:00:00,2026-01-18T23:00:00,2026-02-15T23:00:00,,,42.0
2026-02-11 08:00:00,51.6,39.52026338399799,1.0,Tema Port,tabular,ridge_ar_lag_fourier,h24,2026-01-04T23:00:00,2026-01-18T23:00:00,2026-02-15T23:00:00,,,42.0
2026-02-11 09:00:00,62.6,35.55079560970298,1.0,Tema Port,tabular,ridge_ar_lag_fourier,h24,2026-01-04T23:00:00,2026-01-18T23:00:00,2026-02-15T23:00:00,,,42.0
2026-02-11 10:00:00,30.2,31.146488661586268,1.0,Tema Port,tabular,ridge_ar_lag_fourier,h24,2026-01-04T23:00:00,2026-01-18T23:00:00,2026-02-15T23:00:00,,,42.0
2026-02-11 11:00:00,38.2,29.551856394096568,1.0,Tema Port,tabular,ridge_ar_lag_fourier,h24,2026-01-04T23:00:00,2026-01-18T23:00:00,2026-02-15T23:00:00,,,42.0
2026-02-11 12:00:00,41.7,24.3407366407031,1.0,Tema Port,tabular,ridge_ar_lag_fourier,h24,2026-01-04T23:00:00,2026-01-18T23:00:00,2026-02-15T23:00:00,,,42.0
2026-02-11 13:00:00,28.8,23.483130949928935,1.0,Tema Port,tabular,ridge_ar_lag_fourier,h24,2026-01-04T23:00:00,2026-01-18T23:00:00,2026-02-15T23:00:00,,,42.0
2026-02-11 14:00:00,19.1,22.9489684665694,1.0,Tema Port,tabular,ridge_ar_lag_fourier,h24,2026-01-04T23:00:00,2026-01-18T23:00:00,2026-02-15T23:00:00,,,42.0
2026-02-11 15:00:00,12.6,21.088945316993097,1.0,Tema Port,tabular,ridge_ar_lag_fourier,h24,2026-01-04T23:00:00,2026-01-18T23:00:00,2026-02-15T23:00:00,,,42.0
2026-02-11 16:00:00,14.8,21.43978416293794,1.0,Tema Port,tabular,ridge_ar_lag_fourier,h24,2026-01-04T23:00:00,2026-01-18T23:00:00,2026-02-15T23:00:00,,,42.0
2026-02-11 17:00:00,34.6,25.89181539874055,1.0,Tema Port,tabular,ridge_ar_lag_fourier,h24,2026-01-04T23:00:00,2026-01-18T23:00:00,2026-02-15T23:00:00,,,42.0
2026-02-11 18:00:00,28.8,28.698912311633528,1.0,Tema Port,tabular,ridge_ar_lag_fourier,h24,2026-01-04T23:00:00,2026-01-18T23:00:00,2026-02-15T23:00:00,,,42.0
2026-02-11 19:00:00,29.4,30.96925934933249,1.0,Tema Port,tabular,ridge_ar_lag_fourier,h24,2026-01-04T23:00:00,2026-01-18T23:00:00,2026-02-15T23:00:00,,,42.0
2026-02-11 20:00:00,27.0,26.69107008599674,1.0,Tema Port,tabular,ridge_ar_lag_fourier,h24,2026-01-04T23:00:00,2026-01-18T23:00:00,2026-02-15T23:00:00,,,42.0
2026-02-11 21:00:00,32.6,28.32548444300535,1.0,Tema Port,tabular,ridge_ar_lag_fourier,h24,2026-01-04T23:00:00,2026-01-18T23:00:00,2026-02-15T23:00:00,,,42.0
2026-02-11 22:00:00,48.2,31.378381464568477,1.0,Tema Port,tabular,ridge_ar_lag_fourier,h24,2026-01-04T23:00:00,2026-01-18T23:00:00,2026-02-15T23:00:00,,,42.0
2026-02-11 23:00:00,42.8,27.578927411617038,1.0,Tema Port,tabular,ridge_ar_lag_fourier,h24,2026-01-04T23:00:00,2026-01-18T23:00:00,2026-02-15T23:00:00,,,42.0
2026-02-12 00:00:00,53.7,31.60395253960425,1.0,Tema Port,tabular,ridge_ar_lag_fourier,h24,2026-01-04T23:00:00,2026-01-18T23:00:00,2026-02-15T23:00:00,,,42.0
2026-02-12 01:00:00,53.7,31.69529625347314,1.0,Tema Port,tabular,ridge_ar_lag_fourier,h24,2026-01-04T23:00:00,2026-01-18T23:00:00,2026-02-15T23:00:00,,,42.0
2026-02-12 02:00:00,64.9,30.816159443525564,1.0,Tema Port,tabular,ridge_ar_lag_fourier,h24,2026-01-04T23:00:00,2026-01-18T23:00:00,2026-02-15T23:00:00,,,42.0
2026-02-12 03:00:00,66.7,34.288158256949835,1.0,Tema Port,tabular,ridge_ar_lag_fourier,h24,2026-01-04T23:00:00,2026-01-18T23:00:00,2026-02-15T23:00:00,,,42.0
2026-02-12 04:00:00,104.7,37.1890872893096,1.0,Tema Port,tabular,ridge_ar_lag_fourier,h24,2026-01-04T23:00:00,2026-01-18T23:00:00,2026-02-15T23:00:00,,,42.0
2026-02-12 05:00:00,92.2,40.04470044105477,1.0,Tema Port,tabular,ridge_ar_lag_fourier,h24,2026-01-04T23:00:00,2026-01-18T23:00:00,2026-02-15T23:00:00,,,42.0
2026-02-12 06:00:00,84.8,46.02921189690686,1.0,Tema Port,tabular,ridge_ar_lag_fourier,h24,2026-01-04T23:00:00,2026-01-18T23:00:00,2026-02-15T23:00:00,,,42.0
2026-02-12 07:00:00,76.4,45.15290216410297,1.0,Tema Port,tabular,ridge_ar_lag_fourier,h24,2026-01-04T23:00:00,2026-01-18T23:00:00,2026-02-15T23:00:00,,,42.0
2026-02-12 08:00:00,56.5,38.23097248820026,1.0,Tema Port,tabular,ridge_ar_lag_fourier,h24,2026-01-04T23:00:00,2026-01-18T23:00:00,2026-02-15T23:00:00,,,42.0
2026-02-12 09:00:00,23.7,32.92930044807053,1.0,Tema Port,tabular,ridge_ar_lag_fourier,h24,2026-01-04T23:00:00,2026-01-18T23:00:00,2026-02-15T23:00:00,,,42.0
2026-02-12 10:00:00,4.4,31.967858356171774,1.0,Tema Port,tabular,ridge_ar_lag_fourier,h24,2026-01-04T23:00:00,2026-01-18T23:00:00,2026-02-15T23:00:00,,,42.0
2026-02-12 11:00:00,2.3,28.168184834533626,1.0,Tema Port,tabular,ridge_ar_lag_fourier,h24,2026-01-04T23:00:00,2026-01-18T23:00:00,2026-02-15T23:00:00,,,42.0
2026-02-12 12:00:00,3.3,24.849397558559428,1.0,Tema Port,tabular,ridge_ar_lag_fourier,h24,2026-01-04T23:00:00,2026-01-18T23:00:00,2026-02-15T23:00:00,,,42.0
2026-02-12 13:00:00,2.9,23.944391469497777,1.0,Tema Port,tabular,ridge_ar_lag_fourier,h24,2026-01-04T23:00:00,2026-01-18T23:00:00,2026-02-15T23:00:00,,,42.0
2026-02-12 14:00:00,3.5,22.370387928801552,1.0,Tema Port,tabular,ridge_ar_lag_fourier,h24,2026-01-04T23:00:00,2026-01-18T23:00:00,2026-02-15T23:00:00,,,42.0
2026-02-12 15:00:00,3.6,18.259094439780263,1.0,Tema Port,tabular,ridge_ar_lag_fourier,h24,2026-01-04T23:00:00,2026-01-18T23:00:00,2026-02-15T23:00:00,,,42.0
2026-02-12 16:00:00,4.6,18.657681838891584,1.0,Tema Port,tabular,ridge_ar_lag_fourier,h24,2026-01-04T23:00:00,2026-01-18T23:00:00,2026-02-15T23:00:00,,,42.0
2026-02-12 17:00:00,8.2,24.15025618796742,1.0,Tema Port,tabular,ridge_ar_lag_fourier,h24,2026-01-04T23:00:00,2026-01-18T23:00:00,2026-02-15T23:00:00,,,42.0
2026-02-12 18:00:00,21.9,29.41709703808356,1.0,Tema Port,tabular,ridge_ar_lag_fourier,h24,2026-01-04T23:00:00,2026-01-18T23:00:00,2026-02-15T23:00:00,,,42.0
2026-02-12 19:00:00,8.9,26.191150053209217,1.0,Tema Port,tabular,ridge_ar_lag_fourier,h24,2026-01-04T23:00:00,2026-01-18T23:00:00,2026-02-15T23:00:00,,,42.0
2026-02-12 20:00:00,9.4,23.406587399248835,1.0,Tema Port,tabular,ridge_ar_lag_fourier,h24,2026-01-04T23:00:00,2026-01-18T23:00:00,2026-02-15T23:00:00,,,42.0
2026-02-12 21:00:00,7.7,24.230677337889166,1.0,Tema Port,tabular,ridge_ar_lag_fourier,h24,2026-01-04T23:00:00,2026-01-18T23:00:00,2026-02-15T23:00:00,,,42.0
2026-02-12 22:00:00,18.2,28.03353918947102,1.0,Tema Port,tabular,ridge_ar_lag_fourier,h24,2026-01-04T23:00:00,2026-01-18T23:00:00,2026-02-15T23:00:00,,,42.0
2026-02-12 23:00:00,26.7,26.79448556461742,1.0,Tema Port,tabular,ridge_ar_lag_fourier,h24,2026-01-04T23:00:00,2026-01-18T23:00:00,2026-02-15T23:00:00,,,42.0
2026-02-13 00:00:00,32.3,30.91074316479874,1.0,Tema Port,tabular,ridge_ar_lag_fourier,h24,2026-01-04T23:00:00,2026-01-18T23:00:00,2026-02-15T23:00:00,,,42.0
2026-02-13 01:00:00,32.7,31.16555191467672,1.0,Tema Port,tabular,ridge_ar_lag_fourier,h24,2026-01-04T23:00:00,2026-01-18T23:00:00,2026-02-15T23:00:00,,,42.0
2026-02-13 02:00:00,30.8,30.311293644079417,1.0,Tema Port,tabular,ridge_ar_lag_fourier,h24,2026-01-04T23:00:00,2026-01-18T23:00:00,2026-02-15T23:00:00,,,42.0
2026-02-13 03:00:00,28.1,34.397695520366995,1.0,Tema Port,tabular,ridge_ar_lag_fourier,h24,2026-01-04T23:00:00,2026-01-18T23:00:00,2026-02-15T23:00:00,,,42.0
2026-02-13 04:00:00,34.1,37.15099987439368,1.0,Tema Port,tabular,ridge_ar_lag_fourier,h24,2026-01-04T23:00:00,2026-01-18T23:00:00,2026-02-15T23:00:00,,,42.0
2026-02-13 05:00:00,50.8,45.98459009733773,1.0,Tema Port,tabular,ridge_ar_lag_fourier,h24,2026-01-04T23:00:00,2026-01-18T23:00:00,2026-02-15T23:00:00,,,42.0
2026-02-13 06:00:00,46.7,48.33038897487258,1.0,Tema Port,tabular,ridge_ar_lag_fourier,h24,2026-01-04T23:00:00,2026-01-18T23:00:00,2026-02-15T23:00:00,,,42.0
2026-02-13 07:00:00,36.9,45.15179201615342,1.0,Tema Port,tabular,ridge_ar_lag_fourier,h24,2026-01-04T23:00:00,2026-01-18T23:00:00,2026-02-15T23:00:00,,,42.0
2026-02-13 08:00:00,28.6,41.54746358323665,1.0,Tema Port,tabular,ridge_ar_lag_fourier,h24,2026-01-04T23:00:00,2026-01-18T23:00:00,2026-02-15T23:00:00,,,42.0
2026-02-13 09:00:00,29.5,33.06010092611885,1.0,Tema Port,tabular,ridge_ar_lag_fourier,h24,2026-01-04T23:00:00,2026-01-18T23:00:00,2026-02-15T23:00:00,,,42.0
2026-02-13 10:00:00,35.3,27.037936849682666,1.0,Tema Port,tabular,ridge_ar_lag_fourier,h24,2026-01-04T23:00:00,2026-01-18T23:00:00,2026-02-15T23:00:00,,,42.0
2026-02-13 11:00:00,23.2,22.32043667943305,1.0,Tema Port,tabular,ridge_ar_lag_fourier,h24,2026-01-04T23:00:00,2026-01-18T23:00:00,2026-02-15T23:00:00,,,42.0
2026-02-13 12:00:00,4.9,17.23887060802925,1.0,Tema Port,tabular,ridge_ar_lag_fourier,h24,2026-01-04T23:00:00,2026-01-18T23:00:00,2026-02-15T23:00:00,,,42.0
2026-02-13 13:00:00,5.7,15.002708323459107,1.0,Tema Port,tabular,ridge_ar_lag_fourier,h24,2026-01-04T23:00:00,2026-01-18T23:00:00,2026-02-15T23:00:00,,,42.0
2026-02-13 14:00:00,10.1,14.094035980378166,1.0,Tema Port,tabular,ridge_ar_lag_fourier,h24,2026-01-04T23:00:00,2026-01-18T23:00:00,2026-02-15T23:00:00,,,42.0
2026-02-13 15:00:00,12.3,12.963916318926858,1.0,Tema Port,tabular,ridge_ar_lag_fourier,h24,2026-01-04T23:00:00,2026-01-18T23:00:00,2026-02-15T23:00:00,,,42.0
2026-02-13 16:00:00,7.7,15.81141013947685,1.0,Tema Port,tabular,ridge_ar_lag_fourier,h24,2026-01-04T23:00:00,2026-01-18T23:00:00,2026-02-15T23:00:00,,,42.0
2026-02-13 17:00:00,30.1,18.481204737927705,1.0,Tema Port,tabular,ridge_ar_lag_fourier,h24,2026-01-04T23:00:00,2026-01-18T23:00:00,2026-02-15T23:00:00,,,42.0
2026-02-13 18:00:00,32.9,22.029345925409054,1.0,Tema Port,tabular,ridge_ar_lag_fourier,h24,2026-01-04T23:00:00,2026-01-18T23:00:00,2026-02-15T23:00:00,,,42.0
2026-02-13 19:00:00,28.0,22.708762904183416,1.0,Tema Port,tabular,ridge_ar_lag_fourier,h24,2026-01-04T23:00:00,2026-01-18T23:00:00,2026-02-15T23:00:00,,,42.0
2026-02-13 20:00:00,10.7,18.88414822582846,1.0,Tema Port,tabular,ridge_ar_lag_fourier,h24,2026-01-04T23:00:00,2026-01-18T23:00:00,2026-02-15T23:00:00,,,42.0
2026-02-13 21:00:00,10.8,20.517569537929006,1.0,Tema Port,tabular,ridge_ar_lag_fourier,h24,2026-01-04T23:00:00,2026-01-18T23:00:00,2026-02-15T23:00:00,,,42.0
2026-02-13 22:00:00,12.1,23.867802237604746,1.0,Tema Port,tabular,ridge_ar_lag_fourier,h24,2026-01-04T23:00:00,2026-01-18T23:00:00,2026-02-15T23:00:00,,,42.0
2026-02-13 23:00:00,16.3,22.46423011812579,1.0,Tema Port,tabular,ridge_ar_lag_fourier,h24,2026-01-04T23:00:00,2026-01-18T23:00:00,2026-02-15T23:00:00,,,42.0
2026-02-14 00:00:00,9.4,28.8598711082576,1.0,Tema Port,tabular,ridge_ar_lag_fourier,h24,2026-01-04T23:00:00,2026-01-18T23:00:00,2026-02-15T23:00:00,,,42.0
2026-02-14 01:00:00,11.4,30.821404326612715,1.0,Tema Port,tabular,ridge_ar_lag_fourier,h24,2026-01-04T23:00:00,2026-01-18T23:00:00,2026-02-15T23:00:00,,,42.0
2026-02-14 02:00:00,18.0,31.918992229614876,1.0,Tema Port,tabular,ridge_ar_lag_fourier,h24,2026-01-04T23:00:00,2026-01-18T23:00:00,2026-02-15T23:00:00,,,42.0
2026-02-14 03:00:00,17.1,35.96566854916989,1.0,Tema Port,tabular,ridge_ar_lag_fourier,h24,2026-01-04T23:00:00,2026-01-18T23:00:00,2026-02-15T23:00:00,,,42.0
2026-02-14 04:00:00,22.1,41.63797247766749,1.0,Tema Port,tabular,ridge_ar_lag_fourier,h24,2026-01-04T23:00:00,2026-01-18T23:00:00,2026-02-15T23:00:00,,,42.0
2026-02-14 05:00:00,28.2,43.183948285658865,1.0,Tema Port,tabular,ridge_ar_lag_fourier,h24,2026-01-04T23:00:00,2026-01-18T23:00:00,2026-02-15T23:00:00,,,42.0
2026-02-14 06:00:00,32.7,48.414830819231796,1.0,Tema Port,tabular,ridge_ar_lag_fourier,h24,2026-01-04T23:00:00,2026-01-18T23:00:00,2026-02-15T23:00:00,,,42.0
2026-02-14 07:00:00,33.3,44.63681283659748,1.0,Tema Port,tabular,ridge_ar_lag_fourier,h24,2026-01-04T23:00:00,2026-01-18T23:00:00,2026-02-15T23:00:00,,,42.0
2026-02-14 08:00:00,31.5,38.176914056511364,1.0,Tema Port,tabular,ridge_ar_lag_fourier,h24,2026-01-04T23:00:00,2026-01-18T23:00:00,2026-02-15T23:00:00,,,42.0
2026-02-14 09:00:00,32.3,28.47590048795071,1.0,Tema Port,tabular,ridge_ar_lag_fourier,h24,2026-01-04T23:00:00,2026-01-18T23:00:00,2026-02-15T23:00:00,,,42.0
2026-02-14 10:00:00,27.3,25.20278734945113,1.0,Tema Port,tabular,ridge_ar_lag_fourier,h24,2026-01-04T23:00:00,2026-01-18T23:00:00,2026-02-15T23:00:00,,,42.0
2026-02-14 11:00:00,26.7,21.625008544813156,1.0,Tema Port,tabular,ridge_ar_lag_fourier,h24,2026-01-04T23:00:00,2026-01-18T23:00:00,2026-02-15T23:00:00,,,42.0
2026-02-14 12:00:00,24.8,18.024822316780558,1.0,Tema Port,tabular,ridge_ar_lag_fourier,h24,2026-01-04T23:00:00,2026-01-18T23:00:00,2026-02-15T23:00:00,,,42.0
2026-02-14 13:00:00,23.8,13.454706409873028,1.0,Tema Port,tabular,ridge_ar_lag_fourier,h24,2026-01-04T23:00:00,2026-01-18T23:00:00,2026-02-15T23:00:00,,,42.0
2026-02-14 14:00:00,21.2,14.632021712326914,1.0,Tema Port,tabular,ridge_ar_lag_fourier,h24,2026-01-04T23:00:00,2026-01-18T23:00:00,2026-02-15T23:00:00,,,42.0
2026-02-14 15:00:00,46.5,13.966804162082093,1.0,Tema Port,tabular,ridge_ar_lag_fourier,h24,2026-01-04T23:00:00,2026-01-18T23:00:00,2026-02-15T23:00:00,,,42.0
2026-02-14 16:00:00,41.6,16.5246310317088,1.0,Tema Port,tabular,ridge_ar_lag_fourier,h24,2026-01-04T23:00:00,2026-01-18T23:00:00,2026-02-15T23:00:00,,,42.0
2026-02-14 17:00:00,55.3,22.356086335562548,1.0,Tema Port,tabular,ridge_ar_lag_fourier,h24,2026-01-04T23:00:00,2026-01-18T23:00:00,2026-02-15T23:00:00,,,42.0
2026-02-14 18:00:00,68.7,27.558913766589477,1.0,Tema Port,tabular,ridge_ar_lag_fourier,h24,2026-01-04T23:00:00,2026-01-18T23:00:00,2026-02-15T23:00:00,,,42.0
2026-02-14 19:00:00,64.6,25.046682275275327,1.0,Tema Port,tabular,ridge_ar_lag_fourier,h24,2026-01-04T23:00:00,2026-01-18T23:00:00,2026-02-15T23:00:00,,,42.0
2026-02-14 20:00:00,60.0,24.713867440349738,1.0,Tema Port,tabular,ridge_ar_lag_fourier,h24,2026-01-04T23:00:00,2026-01-18T23:00:00,2026-02-15T23:00:00,,,42.0
2026-02-14 21:00:00,61.2,21.5891465277202,1.0,Tema Port,tabular,ridge_ar_lag_fourier,h24,2026-01-04T23:00:00,2026-01-18T23:00:00,2026-02-15T23:00:00,,,42.0
2026-02-14 22:00:00,53.2,25.839572867439145,1.0,Tema Port,tabular,ridge_ar_lag_fourier,h24,2026-01-04T23:00:00,2026-01-18T23:00:00,2026-02-15T23:00:00,,,42.0
2026-02-14 23:00:00,45.5,23.773538423702185,1.0,Tema Port,tabular,ridge_ar_lag_fourier,h24,2026-01-04T23:00:00,2026-01-18T23:00:00,2026-02-15T23:00:00,,,42.0
2026-02-15 00:00:00,38.8,29.56605850562152,1.0,Tema Port,tabular,ridge_ar_lag_fourier,h24,2026-01-04T23:00:00,2026-01-18T23:00:00,2026-02-15T23:00:00,,,42.0
2026-02-15 01:00:00,39.7,30.72444729037243,1.0,Tema Port,tabular,ridge_ar_lag_fourier,h24,2026-01-04T23:00:00,2026-01-18T23:00:00,2026-02-15T23:00:00,,,42.0
2026-02-15 02:00:00,42.2,30.974204647737956,1.0,Tema Port,tabular,ridge_ar_lag_fourier,h24,2026-01-04T23:00:00,2026-01-18T23:00:00,2026-02-15T23:00:00,,,42.0
2026-02-15 03:00:00,34.8,34.232863989184224,1.0,Tema Port,tabular,ridge_ar_lag_fourier,h24,2026-01-04T23:00:00,2026-01-18T23:00:00,2026-02-15T23:00:00,,,42.0
2026-02-15 04:00:00,36.1,41.45411622030608,1.0,Tema Port,tabular,ridge_ar_lag_fourier,h24,2026-01-04T23:00:00,2026-01-18T23:00:00,2026-02-15T23:00:00,,,42.0
2026-02-15 05:00:00,42.2,43.17206423493327,1.0,Tema Port,tabular,ridge_ar_lag_fourier,h24,2026-01-04T23:00:00,2026-01-18T23:00:00,2026-02-15T23:00:00,,,42.0
2026-02-15 06:00:00,45.1,47.65211199198576,1.0,Tema Port,tabular,ridge_ar_lag_fourier,h24,2026-01-04T23:00:00,2026-01-18T23:00:00,2026-02-15T23:00:00,,,42.0
2026-02-15 07:00:00,42.0,42.96348008120785,1.0,Tema Port,tabular,ridge_ar_lag_fourier,h24,2026-01-04T23:00:00,2026-01-18T23:00:00,2026-02-15T23:00:00,,,42.0
2026-02-15 08:00:00,31.7,37.827531697560474,1.0,Tema Port,tabular,ridge_ar_lag_fourier,h24,2026-01-04T23:00:00,2026-01-18T23:00:00,2026-02-15T23:00:00,,,42.0
2026-02-15 09:00:00,20.6,34.47681648827183,1.0,Tema Port,tabular,ridge_ar_lag_fourier,h24,2026-01-04T23:00:00,2026-01-18T23:00:00,2026-02-15T23:00:00,,,42.0
2026-02-15 10:00:00,30.5,30.694281025323292,1.0,Tema Port,tabular,ridge_ar_lag_fourier,h24,2026-01-04T23:00:00,2026-01-18T23:00:00,2026-02-15T23:00:00,,,42.0
2026-02-15 11:00:00,12.6,24.285272177383327,1.0,Tema Port,tabular,ridge_ar_lag_fourier,h24,2026-01-04T23:00:00,2026-01-18T23:00:00,2026-02-15T23:00:00,,,42.0
2026-02-15 12:00:00,8.2,20.346851215307066,1.0,Tema Port,tabular,ridge_ar_lag_fourier,h24,2026-01-04T23:00:00,2026-01-18T23:00:00,2026-02-15T23:00:00,,,42.0
2026-02-15 13:00:00,5.8,18.78067615302716,1.0,Tema Port,tabular,ridge_ar_lag_fourier,h24,2026-01-04T23:00:00,2026-01-18T23:00:00,2026-02-15T23:00:00,,,42.0
2026-02-15 14:00:00,4.2,19.907727943497385,1.0,Tema Port,tabular,ridge_ar_lag_fourier,h24,2026-01-04T23:00:00,2026-01-18T23:00:00,2026-02-15T23:00:00,,,42.0
2026-02-15 15:00:00,4.3,17.174055920518263,1.0,Tema Port,tabular,ridge_ar_lag_fourier,h24,2026-01-04T23:00:00,2026-01-18T23:00:00,2026-02-15T23:00:00,,,42.0
2026-02-15 16:00:00,3.7,21.41114583934965,1.0,Tema Port,tabular,ridge_ar_lag_fourier,h24,2026-01-04T23:00:00,2026-01-18T23:00:00,2026-02-15T23:00:00,,,42.0
2026-02-15 17:00:00,3.4,26.261084824179107,1.0,Tema Port,tabular,ridge_ar_lag_fourier,h24,2026-01-04T23:00:00,2026-01-18T23:00:00,2026-02-15T23:00:00,,,42.0
2026-02-15 18:00:00,5.7,31.09139808732418,1.0,Tema Port,tabular,ridge_ar_lag_fourier,h24,2026-01-04T23:00:00,2026-01-18T23:00:00,2026-02-15T23:00:00,,,42.0
2026-02-15 19:00:00,6.1,32.736986361915704,1.0,Tema Port,tabular,ridge_ar_lag_fourier,h24,2026-01-04T23:00:00,2026-01-18T23:00:00,2026-02-15T23:00:00,,,42.0
2026-02-15 20:00:00,5.2,27.877825350654753,1.0,Tema Port,tabular,ridge_ar_lag_fourier,h24,2026-01-04T23:00:00,2026-01-18T23:00:00,2026-02-15T23:00:00,,,42.0
2026-02-15 21:00:00,4.8,26.316878145037375,1.0,Tema Port,tabular,ridge_ar_lag_fourier,h24,2026-01-04T23:00:00,2026-01-18T23:00:00,2026-02-15T23:00:00,,,42.0
2026-02-15 22:00:00,8.8,30.897474996430834,1.0,Tema Port,tabular,ridge_ar_lag_fourier,h24,2026-01-04T23:00:00,2026-01-18T23:00:00,2026-02-15T23:00:00,,,42.0
2026-02-15 23:00:00,8.2,27.947964461804442,1.0,Tema Port,tabular,ridge_ar_lag_fourier,h24,2026-01-04T23:00:00,2026-01-18T23:00:00,2026-02-15T23:00:00,,,42.0
