target_time,y_true,y_pred,harmattan,location,pipeline,model,horizon,split_val_start,split_test_start,split_tmax,keras_backend,seq_len,seed
2026-01-18 23:00:00,65.0,-57.24575783045972,1.0,"Divine healer's Church, Bethlehem",tabular,ridge_ar_lag_fourier,h168,2026-01-04T23:00:00,2026-01-18T23:00:00,2026-02-15T23:00:00,,,42.0
2026-01-19 00:00:00,67.6,-47.46927677780286,1.0,"Divine healer's Church, Bethlehem",tabular,ridge_ar_lag_fourier,h168,2026-01-04T23:00:00,2026-01-18T23:00:00,2026-02-15T23:00:00,,,42.0
2026-01-19 01:00:00,52.7,-49.89019153530242,1.0,"Divine healer's Church, Bethlehem",tabular,ridge_ar_lag_fourier,h168,2026-01-04T23:00:00,2026-01-18T23:00:00,2026-02-15T23:00:00,,,42.0
2026-01-19 02:00:00,43.0,-53.248129990512155,1.0,"Divine healer's Church, Bethlehem",tabular,ridge_ar_lag_fourier,h168,2026-01-04T23:00:00,2026-01-18T23:00:00,2026-02-15T23:00:00,,,42.0
2026-01-19 03:00:00,40.4,-53.1056291550387,1.0,"Divine healer's Church, Bethlehem",tabular,ridge_ar_lag_fourier,h168,2026-01-04T23:00:00,2026-01-18T23:00:00,2026-02-15T23:00:00,,,42.0
2026-01-19 04:00:00,42.4,-52.802886835151355,1.0,"Divine healer's Church, Bethlehem",tabular,ridge_ar_lag_fourier,h168,2026-01-04T23:00:00,2026-01-18T23:00:00,2026-02-15T23:00:00,,,42.0
2026-01-19 05:00:00,53.8,-53.3099546755965,1.0,"Divine healer's Church, Bethlehem",tabular,ridge_ar_lag_fourier,h168,2026-01-04T23:00:00,2026-01-18T23:00:00,2026-02-15T23:00:00,,,42.0
2026-01-19 06:00:00,53.5,-51.58954367799444,1.0,"Divine healer's Church, Bethlehem",tabular,ridge_ar_lag_fourier,h168,2026-01-04T23:00:00,2026-01-18T23:00:00,2026-02-15T23:00:00,,,42.0
2026-01-19 07:00:00,53.7,-51.90050972395123,1.0,"Divine healer's Church, Bethlehem",tabular,ridge_ar_lag_fourier,h168,2026-01-04T23:00:00,2026-01-18T23:00:00,2026-02-15T23:00:00,,,42.0
2026-01-19 08:00:00,92.0,-57.02841089553435,1.0,"Divine healer's Church, Bethlehem",tabular,ridge_ar_lag_fourier,h168,2026-01-04T23:00:00,2026-01-18T23:00:00,2026-02-15T23:00:00,,,42.0
2026-01-19 09:00:00,46.0,-59.87950098787087,1.0,"Divine healer's Church, Bethlehem",tabular,ridge_ar_lag_fourier,h168,2026-01-04T23:00:00,2026-01-18T23:00:00,2026-02-15T23:00:00,,,42.0
2026-01-19 10:00:00,47.7,-58.945025184416764,1.0,"Divine healer's Church, Bethlehem",tabular,ridge_ar_lag_fourier,h168,2026-01-04T23:00:00,2026-01-18T23:00:00,2026-02-15T23:00:00,,,42.0
2026-01-19 11:00:00,44.4,-61.33739406238797,1.0,"Divine healer's Church, Bethlehem",tabular,ridge_ar_lag_fourier,h168,2026-01-04T23:00:00,2026-01-18T23:00:00,2026-02-15T23:00:00,,,42.0
2026-01-19 12:00:00,37.8,-62.00558147398874,1.0,"Divine healer's Church, Bethlehem",tabular,ridge_ar_lag_fourier,h168,2026-01-04T23:00:00,2026-01-18T23:00:00,2026-02-15T23:00:00,,,42.0
2026-01-19 13:00:00,38.0,-61.543779205523606,1.0,"Divine healer's Church, Bethlehem",tabular,ridge_ar_lag_fourier,h168,2026-01-04T23:00:00,2026-01-18T23:00:00,2026-02-15T23:00:00,,,42.0
2026-01-19 14:00:00,50.8,-58.76504845287661,1.0,"Divine healer's Church, Bethlehem",tabular,ridge_ar_lag_fourier,h168,2026-01-04T23:00:00,2026-01-18T23:00:00,2026-02-15T23:00:00,,,42.0
2026-01-19 15:00:00,39.8,-53.37429319237597,1.0,"Divine healer's Church, Bethlehem",tabular,ridge_ar_lag_fourier,h168,2026-01-04T23:00:00,2026-01-18T23:00:00,2026-02-15T23:00:00,,,42.0
2026-01-19 16:00:00,43.2,-49.61165639521724,1.0,"Divine healer's Church, Bethlehem",tabular,ridge_ar_lag_fourier,h168,2026-01-04T23:00:00,2026-01-18T23:00:00,2026-02-15T23:00:00,,,42.0
2026-01-19 17:00:00,49.5,-45.326552677091925,1.0,"Divine healer's Church, Bethlehem",tabular,ridge_ar_lag_fourier,h168,2026-01-04T23:00:00,2026-01-18T23:00:00,2026-02-15T23:00:00,,,42.0
2026-01-19 18:00:00,50.9,-41.02473542936515,1.0,"Divine healer's Church, Bethlehem",tabular,ridge_ar_lag_fourier,h168,2026-01-04T23:00:00,2026-01-18T23:00:00,2026-02-15T23:00:00,,,42.0
2026-01-19 19:00:00,46.9,-46.95675218814144,1.0,"Divine healer's Church, Bethlehem",tabular,ridge_ar_lag_fourier,h168,2026-01-04T23:00:00,2026-01-18T23:00:00,2026-02-15T23:00:00,,,42.0
2026-01-19 20:00:00,46.4,-53.57536423653383,1.0,"Divine healer's Church, Bethlehem",tabular,ridge_ar_lag_fourier,h168,2026-01-04T23:00:00,2026-01-18T23:00:00,2026-02-15T23:00:00,,,42.0
2026-01-19 21:00:00,39.1,-55.97630171492298,1.0,"Divine healer's Church, Bethlehem",tabular,ridge_ar_lag_fourier,h168,2026-01-04T23:00:00,2026-01-18T23:00:00,2026-02-15T23:00:00,,,42.0
2026-01-19 22:00:00,38.9,-49.08137259616535,1.0,"Divine healer's Church, Bethlehem",tabular,ridge_ar_lag_fourier,h168,2026-01-04T23:00:00,2026-01-18T23:00:00,2026-02-15T23:00:00,,,42.0
2026-01-19 23:00:00,34.9,-51.41876953332451,1.0,"Divine healer's Church, Bethlehem",tabular,ridge_ar_lag_fourier,h168,2026-01-04T23:00:00,2026-01-18T23:00:00,2026-02-15T23:00:00,,,42.0
2026-01-20 00:00:00,33.3,-50.69778377114801,1.0,"Divine healer's Church, Bethlehem",tabular,ridge_ar_lag_fourier,h168,2026-01-04T23:00:00,2026-01-18T23:00:00,2026-02-15T23:00:00,,,42.0
2026-01-20 01:00:00,33.3,-55.37395899478108,1.0,"Divine healer's Church, Bethlehem",tabular,ridge_ar_lag_fourier,h168,2026-01-04T23:00:00,2026-01-18T23:00:00,2026-02-15T23:00:00,,,42.0
2026-01-20 02:00:00,34.9,-51.03410296729683,1.0,"Divine healer's Church, Bethlehem",tabular,ridge_ar_lag_fourier,h168,2026-01-04T23:00:00,2026-01-18T23:00:00,2026-02-15T23:00:00,,,42.0
2026-01-20 03:00:00,48.6,-45.95243213812546,1.0,"Divine healer's Church, Bethlehem",tabular,ridge_ar_lag_fourier,h168,2026-01-04T23:00:00,2026-01-18T23:00:00,2026-02-15T23:00:00,,,42.0
2026-01-20 04:00:00,33.7,-48.82318192835652,1.0,"Divine healer's Church, Bethlehem",tabular,ridge_ar_lag_fourier,h168,2026-01-04T23:00:00,2026-01-18T23:00:00,2026-02-15T23:00:00,,,42.0
2026-01-20 05:00:00,39.5,-47.56668422563345,1.0,"Divine healer's Church, Bethlehem",tabular,ridge_ar_lag_fourier,h168,2026-01-04T23:00:00,2026-01-18T23:00:00,2026-02-15T23:00:00,,,42.0
2026-01-20 06:00:00,46.9,-44.49192930348535,1.0,"Divine healer's Church, Bethlehem",tabular,ridge_ar_lag_fourier,h168,2026-01-04T23:00:00,2026-01-18T23:00:00,2026-02-15T23:00:00,,,42.0
2026-01-20 07:00:00,42.6,-49.70743220396368,1.0,"Divine healer's Church, Bethlehem",tabular,ridge_ar_lag_fourier,h168,2026-01-04T23:00:00,2026-01-18T23:00:00,2026-02-15T23:00:00,,,42.0
2026-01-20 08:00:00,37.7,-56.21137814090771,1.0,"Divine healer's Church, Bethlehem",tabular,ridge_ar_lag_fourier,h168,2026-01-04T23:00:00,2026-01-18T23:00:00,2026-02-15T23:00:00,,,42.0
2026-01-20 09:00:00,38.9,-51.26799863590615,1.0,"Divine healer's Church, Bethlehem",tabular,ridge_ar_lag_fourier,h168,2026-01-04T23:00:00,2026-01-18T23:00:00,2026-02-15T23:00:00,,,42.0
2026-01-20 10:00:00,34.1,-55.84998182801428,1.0,"Divine healer's Church, Bethlehem",tabular,ridge_ar_lag_fourier,h168,2026-01-04T23:00:00,2026-01-18T23:00:00,2026-02-15T23:00:00,,,42.0
2026-01-20 11:00:00,33.4,-58.77926569457378,1.0,"Divine healer's Church, Bethlehem",tabular,ridge_ar_lag_fourier,h168,2026-01-04T23:00:00,2026-01-18T23:00:00,2026-02-15T23:00:00,,,42.0
2026-01-20 12:00:00,36.7,-59.8336365842309,1.0,"Divine healer's Church, Bethlehem",tabular,ridge_ar_lag_fourier,h168,2026-01-04T23:00:00,2026-01-18T23:00:00,2026-02-15T23:00:00,,,42.0
2026-01-20 13:00:00,36.8,-62.84034184956856,1.0,"Divine healer's Church, Bethlehem",tabular,ridge_ar_lag_fourier,h168,2026-01-04T23:00:00,2026-01-18T23:00:00,2026-02-15T23:00:00,,,42.0
2026-01-20 14:00:00,34.3,-62.02581192597742,1.0,"Divine healer's Church, Bethlehem",tabular,ridge_ar_lag_fourier,h168,2026-01-04T23:00:00,2026-01-18T23:00:00,2026-02-15T23:00:00,,,42.0
2026-01-20 15:00:00,40.9,-55.57286436195322,1.0,"Divine healer's Church, Bethlehem",tabular,ridge_ar_lag_fourier,h168,2026-01-04T23:00:00,2026-01-18T23:00:00,2026-02-15T23:00:00,,,42.0
2026-01-20 16:00:00,42.6,-54.225736957148015,1.0,"Divine healer's Church, Bethlehem",tabular,ridge_ar_lag_fourier,h168,2026-01-04T23:00:00,2026-01-18T23:00:00,2026-02-15T23:00:00,,,42.0
2026-01-20 17:00:00,39.6,-50.364207969722514,1.0,"Divine healer's Church, Bethlehem",tabular,ridge_ar_lag_fourier,h168,2026-01-04T23:00:00,2026-01-18T23:00:00,2026-02-15T23:00:00,,,42.0
2026-01-20 18:00:00,44.5,-45.830817540080375,1.0,"Divine healer's Church, Bethlehem",tabular,ridge_ar_lag_fourier,h168,2026-01-04T23:00:00,2026-01-18T23:00:00,2026-02-15T23:00:00,,,42.0
2026-01-20 19:00:00,92.6,-47.94765169037241,1.0,"Divine healer's Church, Bethlehem",tabular,ridge_ar_lag_fourier,h168,2026-01-04T23:00:00,2026-01-18T23:00:00,2026-02-15T23:00:00,,,42.0
2026-01-20 20:00:00,64.0,-50.16955814622523,1.0,"Divine healer's Church, Bethlehem",tabular,ridge_ar_lag_fourier,h168,2026-01-04T23:00:00,2026-01-18T23:00:00,2026-02-15T23:00:00,,,42.0
2026-01-20 21:00:00,48.2,-51.54085260722019,1.0,"Divine healer's Church, Bethlehem",tabular,ridge_ar_lag_fourier,h168,2026-01-04T23:00:00,2026-01-18T23:00:00,2026-02-15T23:00:00,,,42.0
2026-01-20 22:00:00,31.7,-52.00476921387286,1.0,"Divine healer's Church, Bethlehem",tabular,ridge_ar_lag_fourier,h168,2026-01-04T23:00:00,2026-01-18T23:00:00,2026-02-15T23:00:00,,,42.0
2026-01-20 23:00:00,35.1,-42.262208724409334,1.0,"Divine healer's Church, Bethlehem",tabular,ridge_ar_lag_fourier,h168,2026-01-04T23:00:00,2026-01-18T23:00:00,2026-02-15T23:00:00,,,42.0
2026-01-21 00:00:00,18.1,-45.13215875213092,1.0,"Divine healer's Church, Bethlehem",tabular,ridge_ar_lag_fourier,h168,2026-01-04T23:00:00,2026-01-18T23:00:00,2026-02-15T23:00:00,,,42.0
2026-01-21 01:00:00,35.0,-47.10554257207289,1.0,"Divine healer's Church, Bethlehem",tabular,ridge_ar_lag_fourier,h168,2026-01-04T23:00:00,2026-01-18T23:00:00,2026-02-15T23:00:00,,,42.0
2026-01-21 02:00:00,28.8,-50.7762276468754,1.0,"Divine healer's Church, Bethlehem",tabular,ridge_ar_lag_fourier,h168,2026-01-04T23:00:00,2026-01-18T23:00:00,2026-02-15T23:00:00,,,42.0
2026-01-21 03:00:00,16.5,-53.00084322565584,1.0,"Divine healer's Church, Bethlehem",tabular,ridge_ar_lag_fourier,h168,2026-01-04T23:00:00,2026-01-18T23:00:00,2026-02-15T23:00:00,,,42.0
2026-01-21 04:00:00,22.8,-53.31380362997301,1.0,"Divine healer's Church, Bethlehem",tabular,ridge_ar_lag_fourier,h168,2026-01-04T23:00:00,2026-01-18T23:00:00,2026-02-15T23:00:00,,,42.0
2026-01-21 05:00:00,31.9,-50.432693187701176,1.0,"Divine healer's Church, Bethlehem",tabular,ridge_ar_lag_fourier,h168,2026-01-04T23:00:00,2026-01-18T23:00:00,2026-02-15T23:00:00,,,42.0
2026-01-21 06:00:00,45.0,-47.945797133912805,1.0,"Divine healer's Church, Bethlehem",tabular,ridge_ar_lag_fourier,h168,2026-01-04T23:00:00,2026-01-18T23:00:00,2026-02-15T23:00:00,,,42.0
2026-01-21 07:00:00,46.2,-52.99687641781648,1.0,"Divine healer's Church, Bethlehem",tabular,ridge_ar_lag_fourier,h168,2026-01-04T23:00:00,2026-01-18T23:00:00,2026-02-15T23:00:00,,,42.0
2026-01-21 08:00:00,34.2,-56.238643343583234,1.0,"Divine healer's Church, Bethlehem",tabular,ridge_ar_lag_fourier,h168,2026-01-04T23:00:00,2026-01-18T23:00:00,2026-02-15T23:00:00,,,42.0
2026-01-21 09:00:00,26.3,-50.776502954698344,1.0,"Divine healer's Church, Bethlehem",tabular,ridge_ar_lag_fourier,h168,2026-01-04T23:00:00,2026-01-18T23:00:00,2026-02-15T23:00:00,,,42.0
2026-01-21 10:00:00,26.3,-57.40643616384173,1.0,"Divine healer's Church, Bethlehem",tabular,ridge_ar_lag_fourier,h168,2026-01-04T23:00:00,2026-01-18T23:00:00,2026-02-15T23:00:00,,,42.0
2026-01-21 11:00:00,31.2,-59.48970064378946,1.0,"Divine healer's Church, Bethlehem",tabular,ridge_ar_lag_fourier,h168,2026-01-04T23:00:00,2026-01-18T23:00:00,2026-02-15T23:00:00,,,42.0
2026-01-21 12:00:00,39.2,-52.678671241250726,1.0,"Divine healer's Church, Bethlehem",tabular,ridge_ar_lag_fourier,h168,2026-01-04T23:00:00,2026-01-18T23:00:00,2026-02-15T23:00:00,,,42.0
2026-01-21 13:00:00,37.5,-61.101332577330695,1.0,"Divine healer's Church, Bethlehem",tabular,ridge_ar_lag_fourier,h168,2026-01-04T23:00:00,2026-01-18T23:00:00,2026-02-15T23:00:00,,,42.0
2026-01-21 14:00:00,34.6,-63.22914954178191,1.0,"Divine healer's Church, Bethlehem",tabular,ridge_ar_lag_fourier,h168,2026-01-04T23:00:00,2026-01-18T23:00:00,2026-02-15T23:00:00,,,42.0
2026-01-21 15:00:00,33.0,-55.205422696463145,1.0,"Divine healer's Church, Bethlehem",tabular,ridge_ar_lag_fourier,h168,2026-01-04T23:00:00,2026-01-18T23:00:00,2026-02-15T23:00:00,,,42.0
2026-01-21 16:00:00,35.3,-52.69234997915004,1.0,"Divine healer's Church, Bethlehem",tabular,ridge_ar_lag_fourier,h168,2026-01-04T23:00:00,2026-01-18T23:00:00,2026-02-15T23:00:00,,,42.0
2026-01-21 17:00:00,46.2,-47.87609842755958,1.0,"Divine healer's Church, Bethlehem",tabular,ridge_ar_lag_fourier,h168,2026-01-04T23:00:00,2026-01-18T23:00:00,2026-02-15T23:00:00,,,42.0
2026-01-21 18:00:00,56.9,-43.91078206720391,1.0,"Divine healer's Church, Bethlehem",tabular,ridge_ar_lag_fourier,h168,2026-01-04T23:00:00,2026-01-18T23:00:00,2026-02-15T23:00:00,,,42.0
2026-01-21 19:00:00,54.1,-48.60825288321462,1.0,"Divine healer's Church, Bethlehem",tabular,ridge_ar_lag_fourier,h168,2026-01-04T23:00:00,2026-01-18T23:00:00,2026-02-15T23:00:00,,,42.0
2026-01-21 20:00:00,53.0,-53.00456855558343,1.0,"Divine healer's Church, Bethlehem",tabular,ridge_ar_lag_fourier,h168,2026-01-04T23:00:00,2026-01-18T23:00:00,2026-02-15T23:00:00,,,42.0
2026-01-21 21:00:00,42.2,-36.17992034343966,1.0,"Divine healer's Church, Bethlehem",tabular,ridge_ar_lag_fourier,h168,2026-01-04T23:00:00,2026-01-18T23:00:00,2026-02-15T23:00:00,,,42.0
2026-01-21 22:00:00,50.2,-43.5265907354042,1.0,"Divine healer's Church, Bethlehem",tabular,ridge_ar_lag_fourier,h168,2026-01-04T23:00:00,2026-01-18T23:00:00,2026-02-15T23:00:00,,,42.0
2026-01-21 23:00:00,46.7,-46.715539814931546,1.0,"Divine healer's Church, Bethlehem",tabular,ridge_ar_lag_fourier,h168,2026-01-04T23:00:00,2026-01-18T23:00:00,2026-02-15T23:00:00,,,42.0
2026-01-22 00:00:00,40.3,-42.69905375170765,1.0,"Divine healer's Church, Bethlehem",tabular,ridge_ar_lag_fourier,h168,2026-01-04T23:00:00,2026-01-18T23:00:00,2026-02-15T23:00:00,,,42.0
2026-01-22 01:00:00,39.0,-44.14329184756561,1.0,"Divine healer's Church, Bethlehem",tabular,ridge_ar_lag_fourier,h168,2026-01-04T23:00:00,2026-01-18T23:00:00,2026-02-15T23:00:00,,,42.0
2026-01-22 02:00:00,36.8,-47.410952295978106,1.0,"Divine healer's Church, Bethlehem",tabular,ridge_ar_lag_fourier,h168,2026-01-04T23:00:00,2026-01-18T23:00:00,2026-02-15T23:00:00,,,42.0
2026-01-22 03:00:00,34.8,-49.148415977048856,1.0,"Divine healer's Church, Bethlehem",tabular,ridge_ar_lag_fourier,h168,2026-01-04T23:00:00,2026-01-18T23:00:00,2026-02-15T23:00:00,,,42.0
2026-01-22 04:00:00,36.4,-52.623894515854616,1.0,"Divine healer's Church, Bethlehem",tabular,ridge_ar_lag_fourier,h168,2026-01-04T23:00:00,2026-01-18T23:00:00,2026-02-15T23:00:00,,,42.0
2026-01-22 05:00:00,46.2,-51.6340445417197,1.0,"Divine healer's Church, Bethlehem",tabular,ridge_ar_lag_fourier,h168,2026-01-04T23:00:00,2026-01-18T23:00:00,2026-02-15T23:00:00,,,42.0
2026-01-22 06:00:00,44.1,-48.258416430439695,1.0,"Divine healer's Church, Bethlehem",tabular,ridge_ar_lag_fourier,h168,2026-01-04T23:00:00,2026-01-18T23:00:00,2026-02-15T23:00:00,,,42.0
2026-01-22 07:00:00,40.7,-52.90906800508421,1.0,"Divine healer's Church, Bethlehem",tabular,ridge_ar_lag_fourier,h168,2026-01-04T23:00:00,2026-01-18T23:00:00,2026-02-15T23:00:00,,,42.0
2026-01-22 08:00:00,31.2,-58.073753878622554,1.0,"Divine healer's Church, Bethlehem",tabular,ridge_ar_lag_fourier,h168,2026-01-04T23:00:00,2026-01-18T23:00:00,2026-02-15T23:00:00,,,42.0
2026-01-22 09:00:00,31.8,-59.00486629110718,1.0,"Divine healer's Church, Bethlehem",tabular,ridge_ar_lag_fourier,h168,2026-01-04T23:00:00,2026-01-18T23:00:00,2026-02-15T23:00:00,,,42.0
2026-01-22 10:00:00,36.1,-58.42787193402506,1.0,"Divine healer's Church, Bethlehem",tabular,ridge_ar_lag_fourier,h168,2026-01-04T23:00:00,2026-01-18T23:00:00,2026-02-15T23:00:00,,,42.0
2026-01-22 11:00:00,40.7,-56.520256987596866,1.0,"Divine healer's Church, Bethlehem",tabular,ridge_ar_lag_fourier,h168,2026-01-04T23:00:00,2026-01-18T23:00:00,2026-02-15T23:00:00,,,42.0
2026-01-22 12:00:00,46.0,-57.40454181602392,1.0,"Divine healer's Church, Bethlehem",tabular,ridge_ar_lag_fourier,h168,2026-01-04T23:00:00,2026-01-18T23:00:00,2026-02-15T23:00:00,,,42.0
2026-01-22 13:00:00,46.1,-59.29865138386063,1.0,"Divine healer's Church, Bethlehem",tabular,ridge_ar_lag_fourier,h168,2026-01-04T23:00:00,2026-01-18T23:00:00,2026-02-15T23:00:00,,,42.0
2026-01-22 14:00:00,45.0,-60.42282291926422,1.0,"Divine healer's Church, Bethlehem",tabular,ridge_ar_lag_fourier,h168,2026-01-04T23:00:00,2026-01-18T23:00:00,2026-02-15T23:00:00,,,42.0
2026-01-22 15:00:00,38.9,-50.76862132155948,1.0,"Divine healer's Church, Bethlehem",tabular,ridge_ar_lag_fourier,h168,2026-01-04T23:00:00,2026-01-18T23:00:00,2026-02-15T23:00:00,,,42.0
2026-01-22 16:00:00,34.1,-50.693227460137166,1.0,"Divine healer's Church, Bethlehem",tabular,ridge_ar_lag_fourier,h168,2026-01-04T23:00:00,2026-01-18T23:00:00,2026-02-15T23:00:00,,,42.0
2026-01-22 17:00:00,31.5,-48.006120455723874,1.0,"Divine healer's Church, Bethlehem",tabular,ridge_ar_lag_fourier,h168,2026-01-04T23:00:00,2026-01-18T23:00:00,2026-02-15T23:00:00,,,42.0
2026-01-22 18:00:00,48.7,-40.81413923756632,1.0,"Divine healer's Church, Bethlehem",tabular,ridge_ar_lag_fourier,h168,2026-01-04T23:00:00,2026-01-18T23:00:00,2026-02-15T23:00:00,,,42.0
2026-01-22 19:00:00,37.1,-43.46823058229516,1.0,"Divine healer's Church, Bethlehem",tabular,ridge_ar_lag_fourier,h168,2026-01-04T23:00:00,2026-01-18T23:00:00,2026-02-15T23:00:00,,,42.0
2026-01-22 20:00:00,47.8,-49.14369131187232,1.0,"Divine healer's Church, Bethlehem",tabular,ridge_ar_lag_fourier,h168,2026-01-04T23:00:00,2026-01-18T23:00:00,2026-02-15T23:00:00,,,42.0
2026-01-22 21:00:00,64.0,-48.93410340354215,1.0,"Divine healer's Church, Bethlehem",tabular,ridge_ar_lag_fourier,h168,2026-01-04T23:00:00,2026-01-18T23:00:00,2026-02-15T23:00:00,,,42.0
2026-01-22 22:00:00,55.1,-50.940227116755636,1.0,"Divine healer's Church, Bethlehem",tabular,ridge_ar_lag_fourier,h168,2026-01-04T23:00:00,2026-01-18T23:00:00,2026-02-15T23:00:00,,,42.0
2026-01-22 23:00:00,56.3,-49.64190248848226,1.0,"Divine healer's Church, Bethlehem",tabular,ridge_ar_lag_fourier,h168,2026-01-04T23:00:00,2026-01-18T23:00:00,2026-02-15T23:00:00,,,42.0
2026-01-23 00:00:00,47.7,-44.801969936755754,1.0,"Divine healer's Church, Bethlehem",tabular,ridge_ar_lag_fourier,h168,2026-01-04T23:00:00,2026-01-18T23:00:00,2026-02-15T23:00:00,,,42.0
2026-01-23 01:00:00,40.4,-48.01116827960297,1.0,"Divine healer's Church, Bethlehem",tabular,ridge_ar_lag_fourier,h168,2026-01-04T23:00:00,2026-01-18T23:00:00,2026-02-15T23:00:00,,,42.0
2026-01-23 02:00:00,43.1,-53.08167647896721,1.0,"Divine healer's Church, Bethlehem",tabular,ridge_ar_lag_fourier,h168,2026-01-04T23:00:00,2026-01-18T23:00:00,2026-02-15T23:00:00,,,42.0
2026-01-23 03:00:00,50.0,-52.290164385870824,1.0,"Divine healer's Church, Bethlehem",tabular,ridge_ar_lag_fourier,h168,2026-01-04T23:00:00,2026-01-18T23:00:00,2026-02-15T23:00:00,,,42.0
2026-01-23 04:00:00,59.9,-50.90028636747272,1.0,"Divine healer's Church, Bethlehem",tabular,ridge_ar_lag_fourier,h168,2026-01-04T23:00:00,2026-01-18T23:00:00,2026-02-15T23:00:00,,,42.0
2026-01-23 05:00:00,51.5,-47.60966859837802,1.0,"Divine healer's Church, Bethlehem",tabular,ridge_ar_lag_fourier,h168,2026-01-04T23:00:00,2026-01-18T23:00:00,2026-02-15T23:00:00,,,42.0
2026-01-23 06:00:00,88.4,-44.37782871490185,1.0,"Divine healer's Church, Bethlehem",tabular,ridge_ar_lag_fourier,h168,2026-01-04T23:00:00,2026-01-18T23:00:00,2026-02-15T23:00:00,,,42.0
2026-01-23 07:00:00,95.5,-48.146327496810216,1.0,"Divine healer's Church, Bethlehem",tabular,ridge_ar_lag_fourier,h168,2026-01-04T23:00:00,2026-01-18T23:00:00,2026-02-15T23:00:00,,,42.0
2026-01-23 08:00:00,49.8,-45.54087646072635,1.0,"Divine healer's Church, Bethlehem",tabular,ridge_ar_lag_fourier,h168,2026-01-04T23:00:00,2026-01-18T23:00:00,2026-02-15T23:00:00,,,42.0
2026-01-23 09:00:00,41.9,-52.7635581264114,1.0,"Divine healer's Church, Bethlehem",tabular,ridge_ar_lag_fourier,h168,2026-01-04T23:00:00,2026-01-18T23:00:00,2026-02-15T23:00:00,,,42.0
2026-01-23 10:00:00,42.9,-55.75062722920667,1.0,"Divine healer's Church, Bethlehem",tabular,ridge_ar_lag_fourier,h168,2026-01-04T23:00:00,2026-01-18T23:00:00,2026-02-15T23:00:00,,,42.0
2026-01-23 11:00:00,44.9,-56.43936304824777,1.0,"Divine healer's Church, Bethlehem",tabular,ridge_ar_lag_fourier,h168,2026-01-04T23:00:00,2026-01-18T23:00:00,2026-02-15T23:00:00,,,42.0
2026-01-23 12:00:00,107.5,-57.003003300519595,1.0,"Divine healer's Church, Bethlehem",tabular,ridge_ar_lag_fourier,h168,2026-01-04T23:00:00,2026-01-18T23:00:00,2026-02-15T23:00:00,,,42.0
2026-01-23 13:00:00,60.9,-62.3446632426529,1.0,"Divine healer's Church, Bethlehem",tabular,ridge_ar_lag_fourier,h168,2026-01-04T23:00:00,2026-01-18T23:00:00,2026-02-15T23:00:00,,,42.0
2026-01-23 14:00:00,38.8,-59.32851706796001,1.0,"Divine healer's Church, Bethlehem",tabular,ridge_ar_lag_fourier,h168,2026-01-04T23:00:00,2026-01-18T23:00:00,2026-02-15T23:00:00,,,42.0
2026-01-23 15:00:00,35.2,-56.05414069336271,1.0,"Divine healer's Church, Bethlehem",tabular,ridge_ar_lag_fourier,h168,2026-01-04T23:00:00,2026-01-18T23:00:00,2026-02-15T23:00:00,,,42.0
2026-01-23 16:00:00,34.1,-53.410985193444304,1.0,"Divine healer's Church, Bethlehem",tabular,ridge_ar_lag_fourier,h168,2026-01-04T23:00:00,2026-01-18T23:00:00,2026-02-15T23:00:00,,,42.0
2026-01-23 17:00:00,33.8,-49.55054190779043,1.0,"Divine healer's Church, Bethlehem",tabular,ridge_ar_lag_fourier,h168,2026-01-04T23:00:00,2026-01-18T23:00:00,2026-02-15T23:00:00,,,42.0
2026-01-23 18:00:00,34.8,-47.85140560353048,1.0,"Divine healer's Church, Bethlehem",tabular,ridge_ar_lag_fourier,h168,2026-01-04T23:00:00,2026-01-18T23:00:00,2026-02-15T23:00:00,,,42.0
2026-01-23 19:00:00,37.6,-49.54093383902969,1.0,"Divine healer's Church, Bethlehem",tabular,ridge_ar_lag_fourier,h168,2026-01-04T23:00:00,2026-01-18T23:00:00,2026-02-15T23:00:00,,,42.0
2026-01-23 20:00:00,40.6,-51.169101908046,1.0,"Divine healer's Church, Bethlehem",tabular,ridge_ar_lag_fourier,h168,2026-01-04T23:00:00,2026-01-18T23:00:00,2026-02-15T23:00:00,,,42.0
2026-01-23 21:00:00,51.9,-52.52080372375151,1.0,"Divine healer's Church, Bethlehem",tabular,ridge_ar_lag_fourier,h168,2026-01-04T23:00:00,2026-01-18T23:00:00,2026-02-15T23:00:00,,,42.0
2026-01-23 22:00:00,44.3,-51.32247163818221,1.0,"Divine healer's Church, Bethlehem",tabular,ridge_ar_lag_fourier,h168,2026-01-04T23:00:00,2026-01-18T23:00:00,2026-02-15T23:00:00,,,42.0
2026-01-23 23:00:00,54.8,-53.520811241249135,1.0,"Divine healer's Church, Bethlehem",tabular,ridge_ar_lag_fourier,h168,2026-01-04T23:00:00,2026-01-18T23:00:00,2026-02-15T23:00:00,,,42.0
2026-01-24 00:00:00,53.9,-49.54473511592069,1.0,"Divine healer's Church, Bethlehem",tabular,ridge_ar_lag_fourier,h168,2026-01-04T23:00:00,2026-01-18T23:00:00,2026-02-15T23:00:00,,,42.0
2026-01-24 01:00:00,48.7,-51.08544146200778,1.0,"Divine healer's Church, Bethlehem",tabular,ridge_ar_lag_fourier,h168,2026-01-04T23:00:00,2026-01-18T23:00:00,2026-02-15T23:00:00,,,42.0
2026-01-24 02:00:00,49.0,-53.32411107488316,1.0,"Divine healer's Church, Bethlehem",tabular,ridge_ar_lag_fourier,h168,2026-01-04T23:00:00,2026-01-18T23:00:00,2026-02-15T23:00:00,,,42.0
2026-01-24 03:00:00,42.0,-52.161353776700636,1.0,"Divine healer's Church, Bethlehem",tabular,ridge_ar_lag_fourier,h168,2026-01-04T23:00:00,2026-01-18T23:00:00,2026-02-15T23:00:00,,,42.0
2026-01-24 04:00:00,45.8,-50.62766797813558,1.0,"Divine healer's Church, Bethlehem",tabular,ridge_ar_lag_fourier,h168,2026-01-04T23:00:00,2026-01-18T23:00:00,2026-02-15T23:00:00,,,42.0
2026-01-24 05:00:00,62.4,-45.556363694490926,1.0,"Divine healer's Church, Bethlehem",tabular,ridge_ar_lag_fourier,h168,2026-01-04T23:00:00,2026-01-18T23:00:00,2026-02-15T23:00:00,,,42.0
2026-01-24 06:00:00,92.2,-42.859345264494436,1.0,"Divine healer's Church, Bethlehem",tabular,ridge_ar_lag_fourier,h168,2026-01-04T23:00:00,2026-01-18T23:00:00,2026-02-15T23:00:00,,,42.0
2026-01-24 07:00:00,42.9,-47.45393528572501,1.0,"Divine healer's Church, Bethlehem",tabular,ridge_ar_lag_fourier,h168,2026-01-04T23:00:00,2026-01-18T23:00:00,2026-02-15T23:00:00,,,42.0
2026-01-24 08:00:00,39.1,-56.326488148906506,1.0,"Divine healer's Church, Bethlehem",tabular,ridge_ar_lag_fourier,h168,2026-01-04T23:00:00,2026-01-18T23:00:00,2026-02-15T23:00:00,,,42.0
2026-01-24 09:00:00,34.0,-58.78798766113431,1.0,"Divine healer's Church, Bethlehem",tabular,ridge_ar_lag_fourier,h168,2026-01-04T23:00:00,2026-01-18T23:00:00,2026-02-15T23:00:00,,,42.0
2026-01-24 10:00:00,38.6,-57.83118879183044,1.0,"Divine healer's Church, Bethlehem",tabular,ridge_ar_lag_fourier,h168,2026-01-04T23:00:00,2026-01-18T23:00:00,2026-02-15T23:00:00,,,42.0
2026-01-24 11:00:00,40.5,-57.61467446560005,1.0,"Divine healer's Church, Bethlehem",tabular,ridge_ar_lag_fourier,h168,2026-01-04T23:00:00,2026-01-18T23:00:00,2026-02-15T23:00:00,,,42.0
2026-01-24 12:00:00,41.2,-54.56912847634405,1.0,"Divine healer's Church, Bethlehem",tabular,ridge_ar_lag_fourier,h168,2026-01-04T23:00:00,2026-01-18T23:00:00,2026-02-15T23:00:00,,,42.0
2026-01-24 13:00:00,35.1,-58.365114258885555,1.0,"Divine healer's Church, Bethlehem",tabular,ridge_ar_lag_fourier,h168,2026-01-04T23:00:00,2026-01-18T23:00:00,2026-02-15T23:00:00,,,42.0
2026-01-24 14:00:00,34.3,-63.001790948733614,1.0,"Divine healer's Church, Bethlehem",tabular,ridge_ar_lag_fourier,h168,2026-01-04T23:00:00,2026-01-18T23:00:00,2026-02-15T23:00:00,,,42.0
2026-01-24 15:00:00,33.2,-56.52941922954706,1.0,"Divine healer's Church, Bethlehem",tabular,ridge_ar_lag_fourier,h168,2026-01-04T23:00:00,2026-01-18T23:00:00,2026-02-15T23:00:00,,,42.0
2026-01-24 16:00:00,34.7,-53.44132841422788,1.0,"Divine healer's Church, Bethlehem",tabular,ridge_ar_lag_fourier,h168,2026-01-04T23:00:00,2026-01-18T23:00:00,2026-02-15T23:00:00,,,42.0
2026-01-24 17:00:00,42.0,-48.746568751988974,1.0,"Divine healer's Church, Bethlehem",tabular,ridge_ar_lag_fourier,h168,2026-01-04T23:00:00,2026-01-18T23:00:00,2026-02-15T23:00:00,,,42.0
2026-01-24 18:00:00,46.2,-41.65253464450882,1.0,"Divine healer's Church, Bethlehem",tabular,ridge_ar_lag_fourier,h168,2026-01-04T23:00:00,2026-01-18T23:00:00,2026-02-15T23:00:00,,,42.0
2026-01-24 19:00:00,52.6,-44.03671437128371,1.0,"Divine healer's Church, Bethlehem",tabular,ridge_ar_lag_fourier,h168,2026-01-04T23:00:00,2026-01-18T23:00:00,2026-02-15T23:00:00,,,42.0
2026-01-24 20:00:00,41.8,-51.971472557448024,1.0,"Divine healer's Church, Bethlehem",tabular,ridge_ar_lag_fourier,h168,2026-01-04T23:00:00,2026-01-18T23:00:00,2026-02-15T23:00:00,,,42.0
2026-01-24 21:00:00,37.6,-45.168126116947036,1.0,"Divine healer's Church, Bethlehem",tabular,ridge_ar_lag_fourier,h168,2026-01-04T23:00:00,2026-01-18T23:00:00,2026-02-15T23:00:00,,,42.0
2026-01-24 22:00:00,47.4,-50.99960225452581,1.0,"Divine healer's Church, Bethlehem",tabular,ridge_ar_lag_fourier,h168,2026-01-04T23:00:00,2026-01-18T23:00:00,2026-02-15T23:00:00,,,42.0
2026-01-24 23:00:00,73.9,-40.34121556275865,1.0,"Divine healer's Church, Bethlehem",tabular,ridge_ar_lag_fourier,h168,2026-01-04T23:00:00,2026-01-18T23:00:00,2026-02-15T23:00:00,,,42.0
2026-01-25 00:00:00,45.8,-45.70580910502686,1.0,"Divine healer's Church, Bethlehem",tabular,ridge_ar_lag_fourier,h168,2026-01-04T23:00:00,2026-01-18T23:00:00,2026-02-15T23:00:00,,,42.0
2026-01-25 01:00:00,38.0,-46.07207262220956,1.0,"Divine healer's Church, Bethlehem",tabular,ridge_ar_lag_fourier,h168,2026-01-04T23:00:00,2026-01-18T23:00:00,2026-02-15T23:00:00,,,42.0
2026-01-25 02:00:00,35.7,-49.85852005288231,1.0,"Divine healer's Church, Bethlehem",tabular,ridge_ar_lag_fourier,h168,2026-01-04T23:00:00,2026-01-18T23:00:00,2026-02-15T23:00:00,,,42.0
2026-01-25 03:00:00,35.6,-53.97318240210436,1.0,"Divine healer's Church, Bethlehem",tabular,ridge_ar_lag_fourier,h168,2026-01-04T23:00:00,2026-01-18T23:00:00,2026-02-15T23:00:00,,,42.0
2026-01-25 04:00:00,34.4,-52.09941880855196,1.0,"Divine healer's Church, Bethlehem",tabular,ridge_ar_lag_fourier,h168,2026-01-04T23:00:00,2026-01-18T23:00:00,2026-02-15T23:00:00,,,42.0
2026-01-25 05:00:00,43.5,-48.979957619281066,1.0,"Divine healer's Church, Bethlehem",tabular,ridge_ar_lag_fourier,h168,2026-01-04T23:00:00,2026-01-18T23:00:00,2026-02-15T23:00:00,,,42.0
2026-01-25 06:00:00,80.6,-43.10019484700527,1.0,"Divine healer's Church, Bethlehem",tabular,ridge_ar_lag_fourier,h168,2026-01-04T23:00:00,2026-01-18T23:00:00,2026-02-15T23:00:00,,,42.0
2026-01-25 07:00:00,63.2,-48.73245449218126,1.0,"Divine healer's Church, Bethlehem",tabular,ridge_ar_lag_fourier,h168,2026-01-04T23:00:00,2026-01-18T23:00:00,2026-02-15T23:00:00,,,42.0
2026-01-25 08:00:00,37.2,-54.95421427832605,1.0,"Divine healer's Church, Bethlehem",tabular,ridge_ar_lag_fourier,h168,2026-01-04T23:00:00,2026-01-18T23:00:00,2026-02-15T23:00:00,,,42.0
2026-01-25 09:00:00,43.1,-56.963445619585,1.0,"Divine healer's Church, Bethlehem",tabular,ridge_ar_lag_fourier,h168,2026-01-04T23:00:00,2026-01-18T23:00:00,2026-02-15T23:00:00,,,42.0
2026-01-25 10:00:00,46.8,-56.39277415746474,1.0,"Divine healer's Church, Bethlehem",tabular,ridge_ar_lag_fourier,h168,2026-01-04T23:00:00,2026-01-18T23:00:00,2026-02-15T23:00:00,,,42.0
2026-01-25 11:00:00,49.7,-56.44384965952172,1.0,"Divine healer's Church, Bethlehem",tabular,ridge_ar_lag_fourier,h168,2026-01-04T23:00:00,2026-01-18T23:00:00,2026-02-15T23:00:00,,,42.0
2026-01-25 12:00:00,49.8,-56.13531508490459,1.0,"Divine healer's Church, Bethlehem",tabular,ridge_ar_lag_fourier,h168,2026-01-04T23:00:00,2026-01-18T23:00:00,2026-02-15T23:00:00,,,42.0
2026-01-25 13:00:00,52.9,-58.20540448553834,1.0,"Divine healer's Church, Bethlehem",tabular,ridge_ar_lag_fourier,h168,2026-01-04T23:00:00,2026-01-18T23:00:00,2026-02-15T23:00:00,,,42.0
2026-01-25 14:00:00,45.4,-61.954754584229164,1.0,"Divine healer's Church, Bethlehem",tabular,ridge_ar_lag_fourier,h168,2026-01-04T23:00:00,2026-01-18T23:00:00,2026-02-15T23:00:00,,,42.0
2026-01-25 15:00:00,42.2,-52.36543231649273,1.0,"Divine healer's Church, Bethlehem",tabular,ridge_ar_lag_fourier,h168,2026-01-04T23:00:00,2026-01-18T23:00:00,2026-02-15T23:00:00,,,42.0
2026-01-25 16:00:00,37.8,-50.444760328354135,1.0,"Divine healer's Church, Bethlehem",tabular,ridge_ar_lag_fourier,h168,2026-01-04T23:00:00,2026-01-18T23:00:00,2026-02-15T23:00:00,,,42.0
2026-01-25 17:00:00,44.0,-24.872835990245836,1.0,"Divine healer's Church, Bethlehem",tabular,ridge_ar_lag_fourier,h168,2026-01-04T23:00:00,2026-01-18T23:00:00,2026-02-15T23:00:00,,,42.0
2026-01-25 18:00:00,61.8,-29.04778219135442,1.0,"Divine healer's Church, Bethlehem",tabular,ridge_ar_lag_fourier,h168,2026-01-04T23:00:00,2026-01-18T23:00:00,2026-02-15T23:00:00,,,42.0
2026-01-25 19:00:00,61.7,-38.21619310675332,1.0,"Divine healer's Church, Bethlehem",tabular,ridge_ar_lag_fourier,h168,2026-01-04T23:00:00,2026-01-18T23:00:00,2026-02-15T23:00:00,,,42.0
2026-01-25 20:00:00,61.2,-43.21140541508149,1.0,"Divine healer's Church, Bethlehem",tabular,ridge_ar_lag_fourier,h168,2026-01-04T23:00:00,2026-01-18T23:00:00,2026-02-15T23:00:00,,,42.0
2026-01-25 21:00:00,47.2,-44.88958593694596,1.0,"Divine healer's Church, Bethlehem",tabular,ridge_ar_lag_fourier,h168,2026-01-04T23:00:00,2026-01-18T23:00:00,2026-02-15T23:00:00,,,42.0
2026-01-25 22:00:00,48.9,-49.16569344954904,1.0,"Divine healer's Church, Bethlehem",tabular,ridge_ar_lag_fourier,h168,2026-01-04T23:00:00,2026-01-18T23:00:00,2026-02-15T23:00:00,,,42.0
2026-01-25 23:00:00,54.8,-49.82736455866231,1.0,"Divine healer's Church, Bethlehem",tabular,ridge_ar_lag_fourier,h168,2026-01-04T23:00:00,2026-01-18T23:00:00,2026-02-15T23:00:00,,,42.0
2026-01-26 00:00:00,54.5,-41.78505447295366,1.0,"Divine healer's Church, Bethlehem",tabular,ridge_ar_lag_fourier,h168,2026-01-04T23:00:00,2026-01-18T23:00:00,2026-02-15T23:00:00,,,42.0
2026-01-26 01:00:00,50.0,-42.79978018747801,1.0,"Divine healer's Church, Bethlehem",tabular,ridge_ar_lag_fourier,h168,2026-01-04T23:00:00,2026-01-18T23:00:00,2026-02-15T23:00:00,,,42.0
2026-01-26 02:00:00,52.3,-46.12145946079876,1.0,"Divine healer's Church, Bethlehem",tabular,ridge_ar_lag_fourier,h168,2026-01-04T23:00:00,2026-01-18T23:00:00,2026-02-15T23:00:00,,,42.0
2026-01-26 03:00:00,52.2,-47.891040545343,1.0,"Divine healer's Church, Bethlehem",tabular,ridge_ar_lag_fourier,h168,2026-01-04T23:00:00,2026-01-18T23:00:00,2026-02-15T23:00:00,,,42.0
2026-01-26 04:00:00,39.7,-47.319298916322765,1.0,"Divine healer's Church, Bethlehem",tabular,ridge_ar_lag_fourier,h168,2026-01-04T23:00:00,2026-01-18T23:00:00,2026-02-15T23:00:00,,,42.0
2026-01-26 05:00:00,44.8,-42.06871894408144,1.0,"Divine healer's Church, Bethlehem",tabular,ridge_ar_lag_fourier,h168,2026-01-04T23:00:00,2026-01-18T23:00:00,2026-02-15T23:00:00,,,42.0
2026-01-26 06:00:00,55.4,-39.33494349285969,1.0,"Divine healer's Church, Bethlehem",tabular,ridge_ar_lag_fourier,h168,2026-01-04T23:00:00,2026-01-18T23:00:00,2026-02-15T23:00:00,,,42.0
2026-01-26 07:00:00,58.2,-42.53204686582467,1.0,"Divine healer's Church, Bethlehem",tabular,ridge_ar_lag_fourier,h168,2026-01-04T23:00:00,2026-01-18T23:00:00,2026-02-15T23:00:00,,,42.0
2026-01-26 08:00:00,43.4,-47.95993854062469,1.0,"Divine healer's Church, Bethlehem",tabular,ridge_ar_lag_fourier,h168,2026-01-04T23:00:00,2026-01-18T23:00:00,2026-02-15T23:00:00,,,42.0
2026-01-26 09:00:00,39.2,-47.9281610584959,1.0,"Divine healer's Church, Bethlehem",tabular,ridge_ar_lag_fourier,h168,2026-01-04T23:00:00,2026-01-18T23:00:00,2026-02-15T23:00:00,,,42.0
2026-01-26 10:00:00,42.1,-47.81814472425111,1.0,"Divine healer's Church, Bethlehem",tabular,ridge_ar_lag_fourier,h168,2026-01-04T23:00:00,2026-01-18T23:00:00,2026-02-15T23:00:00,,,42.0
2026-01-26 11:00:00,48.4,-47.51638004219819,1.0,"Divine healer's Church, Bethlehem",tabular,ridge_ar_lag_fourier,h168,2026-01-04T23:00:00,2026-01-18T23:00:00,2026-02-15T23:00:00,,,42.0
2026-01-26 12:00:00,50.1,-51.94426310406408,1.0,"Divine healer's Church, Bethlehem",tabular,ridge_ar_lag_fourier,h168,2026-01-04T23:00:00,2026-01-18T23:00:00,2026-02-15T23:00:00,,,42.0
2026-01-26 13:00:00,45.4,-52.872140038787066,1.0,"Divine healer's Church, Bethlehem",tabular,ridge_ar_lag_fourier,h168,2026-01-04T23:00:00,2026-01-18T23:00:00,2026-02-15T23:00:00,,,42.0
2026-01-26 14:00:00,44.6,-58.00958434006881,1.0,"Divine healer's Church, Bethlehem",tabular,ridge_ar_lag_fourier,h168,2026-01-04T23:00:00,2026-01-18T23:00:00,2026-02-15T23:00:00,,,42.0
2026-01-26 15:00:00,43.0,-54.77867816646628,1.0,"Divine healer's Church, Bethlehem",tabular,ridge_ar_lag_fourier,h168,2026-01-04T23:00:00,2026-01-18T23:00:00,2026-02-15T23:00:00,,,42.0
2026-01-26 16:00:00,41.1,-50.783836326991576,1.0,"Divine healer's Church, Bethlehem",tabular,ridge_ar_lag_fourier,h168,2026-01-04T23:00:00,2026-01-18T23:00:00,2026-02-15T23:00:00,,,42.0
2026-01-26 17:00:00,42.6,-48.29956676520146,1.0,"Divine healer's Church, Bethlehem",tabular,ridge_ar_lag_fourier,h168,2026-01-04T23:00:00,2026-01-18T23:00:00,2026-02-15T23:00:00,,,42.0
2026-01-26 18:00:00,63.8,-44.75546814145686,1.0,"Divine healer's Church, Bethlehem",tabular,ridge_ar_lag_fourier,h168,2026-01-04T23:00:00,2026-01-18T23:00:00,2026-02-15T23:00:00,,,42.0
2026-01-26 19:00:00,63.9,-39.597533916143234,1.0,"Divine healer's Church, Bethlehem",tabular,ridge_ar_lag_fourier,h168,2026-01-04T23:00:00,2026-01-18T23:00:00,2026-02-15T23:00:00,,,42.0
2026-01-26 20:00:00,57.2,-39.88613897536638,1.0,"Divine healer's Church, Bethlehem",tabular,ridge_ar_lag_fourier,h168,2026-01-04T23:00:00,2026-01-18T23:00:00,2026-02-15T23:00:00,,,42.0
2026-01-26 21:00:00,69.6,-43.24932032307727,1.0,"Divine healer's Church, Bethlehem",tabular,ridge_ar_lag_fourier,h168,2026-01-04T23:00:00,2026-01-18T23:00:00,2026-02-15T23:00:00,,,42.0
2026-01-26 22:00:00,49.5,-42.49531304360437,1.0,"Divine healer's Church, Bethlehem",tabular,ridge_ar_lag_fourier,h168,2026-01-04T23:00:00,2026-01-18T23:00:00,2026-02-15T23:00:00,,,42.0
2026-01-26 23:00:00,48.3,-44.80993291030401,1.0,"Divine healer's Church, Bethlehem",tabular,ridge_ar_lag_fourier,h168,2026-01-04T23:00:00,2026-01-18T23:00:00,2026-02-15T23:00:00,,,42.0
2026-01-27 00:00:00,44.7,-41.18743966180109,1.0,"Divine healer's Church, Bethlehem",tabular,ridge_ar_lag_fourier,h168,2026-01-04T23:00:00,2026-01-18T23:00:00,2026-02-15T23:00:00,,,42.0
2026-01-27 01:00:00,46.5,-46.37124767323186,1.0,"Divine healer's Church, Bethlehem",tabular,ridge_ar_lag_fourier,h168,2026-01-04T23:00:00,2026-01-18T23:00:00,2026-02-15T23:00:00,,,42.0
2026-01-27 02:00:00,41.0,-49.12749346875333,1.0,"Divine healer's Church, Bethlehem",tabular,ridge_ar_lag_fourier,h168,2026-01-04T23:00:00,2026-01-18T23:00:00,2026-02-15T23:00:00,,,42.0
2026-01-27 03:00:00,39.6,-50.02120315325543,1.0,"Divine healer's Church, Bethlehem",tabular,ridge_ar_lag_fourier,h168,2026-01-04T23:00:00,2026-01-18T23:00:00,2026-02-15T23:00:00,,,42.0
2026-01-27 04:00:00,46.0,-47.084686604249484,1.0,"Divine healer's Church, Bethlehem",tabular,ridge_ar_lag_fourier,h168,2026-01-04T23:00:00,2026-01-18T23:00:00,2026-02-15T23:00:00,,,42.0
2026-01-27 05:00:00,52.1,-41.07450216217774,1.0,"Divine healer's Church, Bethlehem",tabular,ridge_ar_lag_fourier,h168,2026-01-04T23:00:00,2026-01-18T23:00:00,2026-02-15T23:00:00,,,42.0
2026-01-27 06:00:00,54.4,-38.37512461680895,1.0,"Divine healer's Church, Bethlehem",tabular,ridge_ar_lag_fourier,h168,2026-01-04T23:00:00,2026-01-18T23:00:00,2026-02-15T23:00:00,,,42.0
2026-01-27 07:00:00,65.1,-40.40047494505012,1.0,"Divine healer's Church, Bethlehem",tabular,ridge_ar_lag_fourier,h168,2026-01-04T23:00:00,2026-01-18T23:00:00,2026-02-15T23:00:00,,,42.0
2026-01-27 08:00:00,44.0,-46.72346809054646,1.0,"Divine healer's Church, Bethlehem",tabular,ridge_ar_lag_fourier,h168,2026-01-04T23:00:00,2026-01-18T23:00:00,2026-02-15T23:00:00,,,42.0
2026-01-27 09:00:00,41.4,-49.43552785098247,1.0,"Divine healer's Church, Bethlehem",tabular,ridge_ar_lag_fourier,h168,2026-01-04T23:00:00,2026-01-18T23:00:00,2026-02-15T23:00:00,,,42.0
2026-01-27 10:00:00,44.5,-48.36784922605112,1.0,"Divine healer's Church, Bethlehem",tabular,ridge_ar_lag_fourier,h168,2026-01-04T23:00:00,2026-01-18T23:00:00,2026-02-15T23:00:00,,,42.0
2026-01-27 11:00:00,46.0,-49.32632212668668,1.0,"Divine healer's Church, Bethlehem",tabular,ridge_ar_lag_fourier,h168,2026-01-04T23:00:00,2026-01-18T23:00:00,2026-02-15T23:00:00,,,42.0
2026-01-27 12:00:00,57.8,-53.147294877453035,1.0,"Divine healer's Church, Bethlehem",tabular,ridge_ar_lag_fourier,h168,2026-01-04T23:00:00,2026-01-18T23:00:00,2026-02-15T23:00:00,,,42.0
2026-01-27 13:00:00,49.0,-52.5104219844239,1.0,"Divine healer's Church, Bethlehem",tabular,ridge_ar_lag_fourier,h168,2026-01-04T23:00:00,2026-01-18T23:00:00,2026-02-15T23:00:00,,,42.0
2026-01-27 14:00:00,46.1,-57.13844620890248,1.0,"Divine healer's Church, Bethlehem",tabular,ridge_ar_lag_fourier,h168,2026-01-04T23:00:00,2026-01-18T23:00:00,2026-02-15T23:00:00,,,42.0
2026-01-27 15:00:00,45.6,-54.8712539389407,1.0,"Divine healer's Church, Bethlehem",tabular,ridge_ar_lag_fourier,h168,2026-01-04T23:00:00,2026-01-18T23:00:00,2026-02-15T23:00:00,,,42.0
2026-01-27 16:00:00,42.4,-50.38600506166944,1.0,"Divine healer's Church, Bethlehem",tabular,ridge_ar_lag_fourier,h168,2026-01-04T23:00:00,2026-01-18T23:00:00,2026-02-15T23:00:00,,,42.0
2026-01-27 17:00:00,41.6,-48.19122294294331,1.0,"Divine healer's Church, Bethlehem",tabular,ridge_ar_lag_fourier,h168,2026-01-04T23:00:00,2026-01-18T23:00:00,2026-02-15T23:00:00,,,42.0
2026-01-27 18:00:00,52.3,-41.546868642952376,1.0,"Divine healer's Church, Bethlehem",tabular,ridge_ar_lag_fourier,h168,2026-01-04T23:00:00,2026-01-18T23:00:00,2026-02-15T23:00:00,,,42.0
2026-01-27 19:00:00,116.5,-39.70578924382178,1.0,"Divine healer's Church, Bethlehem",tabular,ridge_ar_lag_fourier,h168,2026-01-04T23:00:00,2026-01-18T23:00:00,2026-02-15T23:00:00,,,42.0
2026-01-27 20:00:00,93.4,-35.68058023993912,1.0,"Divine healer's Church, Bethlehem",tabular,ridge_ar_lag_fourier,h168,2026-01-04T23:00:00,2026-01-18T23:00:00,2026-02-15T23:00:00,,,42.0
2026-01-27 21:00:00,70.0,-47.072551020669394,1.0,"Divine healer's Church, Bethlehem",tabular,ridge_ar_lag_fourier,h168,2026-01-04T23:00:00,2026-01-18T23:00:00,2026-02-15T23:00:00,,,42.0
2026-01-27 22:00:00,47.6,-48.09373878614075,1.0,"Divine healer's Church, Bethlehem",tabular,ridge_ar_lag_fourier,h168,2026-01-04T23:00:00,2026-01-18T23:00:00,2026-02-15T23:00:00,,,42.0
2026-01-27 23:00:00,47.8,-50.0279738891071,1.0,"Divine healer's Church, Bethlehem",tabular,ridge_ar_lag_fourier,h168,2026-01-04T23:00:00,2026-01-18T23:00:00,2026-02-15T23:00:00,,,42.0
2026-01-28 00:00:00,50.0,-44.08955943217022,1.0,"Divine healer's Church, Bethlehem",tabular,ridge_ar_lag_fourier,h168,2026-01-04T23:00:00,2026-01-18T23:00:00,2026-02-15T23:00:00,,,42.0
2026-01-28 01:00:00,46.3,-47.91869355084938,1.0,"Divine healer's Church, Bethlehem",tabular,ridge_ar_lag_fourier,h168,2026-01-04T23:00:00,2026-01-18T23:00:00,2026-02-15T23:00:00,,,42.0
2026-01-28 02:00:00,45.2,-50.31423364044595,1.0,"Divine healer's Church, Bethlehem",tabular,ridge_ar_lag_fourier,h168,2026-01-04T23:00:00,2026-01-18T23:00:00,2026-02-15T23:00:00,,,42.0
2026-01-28 03:00:00,46.5,-51.63570954855359,1.0,"Divine healer's Church, Bethlehem",tabular,ridge_ar_lag_fourier,h168,2026-01-04T23:00:00,2026-01-18T23:00:00,2026-02-15T23:00:00,,,42.0
2026-01-28 04:00:00,47.2,-52.807579868902934,1.0,"Divine healer's Church, Bethlehem",tabular,ridge_ar_lag_fourier,h168,2026-01-04T23:00:00,2026-01-18T23:00:00,2026-02-15T23:00:00,,,42.0
2026-01-28 05:00:00,59.2,-46.191842500379664,1.0,"Divine healer's Church, Bethlehem",tabular,ridge_ar_lag_fourier,h168,2026-01-04T23:00:00,2026-01-18T23:00:00,2026-02-15T23:00:00,,,42.0
2026-01-28 06:00:00,90.5,-42.48609471089888,1.0,"Divine healer's Church, Bethlehem",tabular,ridge_ar_lag_fourier,h168,2026-01-04T23:00:00,2026-01-18T23:00:00,2026-02-15T23:00:00,,,42.0
2026-01-28 07:00:00,67.1,-44.83912813139801,1.0,"Divine healer's Church, Bethlehem",tabular,ridge_ar_lag_fourier,h168,2026-01-04T23:00:00,2026-01-18T23:00:00,2026-02-15T23:00:00,,,42.0
2026-01-28 08:00:00,51.9,-46.09708741875639,1.0,"Divine healer's Church, Bethlehem",tabular,ridge_ar_lag_fourier,h168,2026-01-04T23:00:00,2026-01-18T23:00:00,2026-02-15T23:00:00,,,42.0
2026-01-28 09:00:00,46.0,-51.080524685283535,1.0,"Divine healer's Church, Bethlehem",tabular,ridge_ar_lag_fourier,h168,2026-01-04T23:00:00,2026-01-18T23:00:00,2026-02-15T23:00:00,,,42.0
2026-01-28 10:00:00,45.7,-52.96239458135733,1.0,"Divine healer's Church, Bethlehem",tabular,ridge_ar_lag_fourier,h168,2026-01-04T23:00:00,2026-01-18T23:00:00,2026-02-15T23:00:00,,,42.0
2026-01-28 11:00:00,49.3,-51.786885225566934,1.0,"Divine healer's Church, Bethlehem",tabular,ridge_ar_lag_fourier,h168,2026-01-04T23:00:00,2026-01-18T23:00:00,2026-02-15T23:00:00,,,42.0
2026-01-28 12:00:00,52.6,-54.4490138256194,1.0,"Divine healer's Church, Bethlehem",tabular,ridge_ar_lag_fourier,h168,2026-01-04T23:00:00,2026-01-18T23:00:00,2026-02-15T23:00:00,,,42.0
2026-01-28 13:00:00,53.2,-52.5978290642573,1.0,"Divine healer's Church, Bethlehem",tabular,ridge_ar_lag_fourier,h168,2026-01-04T23:00:00,2026-01-18T23:00:00,2026-02-15T23:00:00,,,42.0
2026-01-28 14:00:00,48.9,-55.551695775290426,1.0,"Divine healer's Church, Bethlehem",tabular,ridge_ar_lag_fourier,h168,2026-01-04T23:00:00,2026-01-18T23:00:00,2026-02-15T23:00:00,,,42.0
2026-01-28 15:00:00,46.0,-54.54289586599441,1.0,"Divine healer's Church, Bethlehem",tabular,ridge_ar_lag_fourier,h168,2026-01-04T23:00:00,2026-01-18T23:00:00,2026-02-15T23:00:00,,,42.0
2026-01-28 16:00:00,79.6,-52.094816709314216,1.0,"Divine healer's Church, Bethlehem",tabular,ridge_ar_lag_fourier,h168,2026-01-04T23:00:00,2026-01-18T23:00:00,2026-02-15T23:00:00,,,42.0
2026-01-28 17:00:00,56.0,-48.6448954358772,1.0,"Divine healer's Church, Bethlehem",tabular,ridge_ar_lag_fourier,h168,2026-01-04T23:00:00,2026-01-18T23:00:00,2026-02-15T23:00:00,,,42.0
2026-01-28 18:00:00,48.7,-39.454271382594456,1.0,"Divine healer's Church, Bethlehem",tabular,ridge_ar_lag_fourier,h168,2026-01-04T23:00:00,2026-01-18T23:00:00,2026-02-15T23:00:00,,,42.0
2026-01-28 19:00:00,95.2,-37.66529737841542,1.0,"Divine healer's Church, Bethlehem",tabular,ridge_ar_lag_fourier,h168,2026-01-04T23:00:00,2026-01-18T23:00:00,2026-02-15T23:00:00,,,42.0
2026-01-28 20:00:00,67.8,-37.5655389257081,1.0,"Divine healer's Church, Bethlehem",tabular,ridge_ar_lag_fourier,h168,2026-01-04T23:00:00,2026-01-18T23:00:00,2026-02-15T23:00:00,,,42.0
2026-01-28 21:00:00,64.2,-49.54901856599881,1.0,"Divine healer's Church, Bethlehem",tabular,ridge_ar_lag_fourier,h168,2026-01-04T23:00:00,2026-01-18T23:00:00,2026-02-15T23:00:00,,,42.0
2026-01-28 22:00:00,52.5,-49.342461936573955,1.0,"Divine healer's Church, Bethlehem",tabular,ridge_ar_lag_fourier,h168,2026-01-04T23:00:00,2026-01-18T23:00:00,2026-02-15T23:00:00,,,42.0
2026-01-28 23:00:00,52.6,-51.24329535089743,1.0,"Divine healer's Church, Bethlehem",tabular,ridge_ar_lag_fourier,h168,2026-01-04T23:00:00,2026-01-18T23:00:00,2026-02-15T23:00:00,,,42.0
2026-01-29 00:00:00,54.0,-49.98734226790947,1.0,"Divine healer's Church, Bethlehem",tabular,ridge_ar_lag_fourier,h168,2026-01-04T23:00:00,2026-01-18T23:00:00,2026-02-15T23:00:00,,,42.0
2026-01-29 01:00:00,57.4,-52.60392582455705,1.0,"Divine healer's Church, Bethlehem",tabular,ridge_ar_lag_fourier,h168,2026-01-04T23:00:00,2026-01-18T23:00:00,2026-02-15T23:00:00,,,42.0
2026-01-29 02:00:00,48.3,-53.83237981993696,1.0,"Divine healer's Church, Bethlehem",tabular,ridge_ar_lag_fourier,h168,2026-01-04T23:00:00,2026-01-18T23:00:00,2026-02-15T23:00:00,,,42.0
2026-01-29 03:00:00,51.5,-54.89697020899297,1.0,"Divine healer's Church, Bethlehem",tabular,ridge_ar_lag_fourier,h168,2026-01-04T23:00:00,2026-01-18T23:00:00,2026-02-15T23:00:00,,,42.0
2026-01-29 04:00:00,52.3,-55.01792505251164,1.0,"Divine healer's Church, Bethlehem",tabular,ridge_ar_lag_fourier,h168,2026-01-04T23:00:00,2026-01-18T23:00:00,2026-02-15T23:00:00,,,42.0
2026-01-29 05:00:00,66.6,-48.82122340393383,1.0,"Divine healer's Church, Bethlehem",tabular,ridge_ar_lag_fourier,h168,2026-01-04T23:00:00,2026-01-18T23:00:00,2026-02-15T23:00:00,,,42.0
2026-01-29 06:00:00,73.1,-43.73406628411931,1.0,"Divine healer's Church, Bethlehem",tabular,ridge_ar_lag_fourier,h168,2026-01-04T23:00:00,2026-01-18T23:00:00,2026-02-15T23:00:00,,,42.0
2026-01-29 07:00:00,73.8,-46.535744972340154,1.0,"Divine healer's Church, Bethlehem",tabular,ridge_ar_lag_fourier,h168,2026-01-04T23:00:00,2026-01-18T23:00:00,2026-02-15T23:00:00,,,42.0
2026-01-29 08:00:00,55.1,-49.534984964688746,1.0,"Divine healer's Church, Bethlehem",tabular,ridge_ar_lag_fourier,h168,2026-01-04T23:00:00,2026-01-18T23:00:00,2026-02-15T23:00:00,,,42.0
2026-01-29 09:00:00,50.1,-50.86617065812001,1.0,"Divine healer's Church, Bethlehem",tabular,ridge_ar_lag_fourier,h168,2026-01-04T23:00:00,2026-01-18T23:00:00,2026-02-15T23:00:00,,,42.0
2026-01-29 10:00:00,47.8,-48.0494547406778,1.0,"Divine healer's Church, Bethlehem",tabular,ridge_ar_lag_fourier,h168,2026-01-04T23:00:00,2026-01-18T23:00:00,2026-02-15T23:00:00,,,42.0
2026-01-29 11:00:00,47.2,-50.68782981548088,1.0,"Divine healer's Church, Bethlehem",tabular,ridge_ar_lag_fourier,h168,2026-01-04T23:00:00,2026-01-18T23:00:00,2026-02-15T23:00:00,,,42.0
2026-01-29 12:00:00,47.1,-54.81731382086133,1.0,"Divine healer's Church, Bethlehem",tabular,ridge_ar_lag_fourier,h168,2026-01-04T23:00:00,2026-01-18T23:00:00,2026-02-15T23:00:00,,,42.0
2026-01-29 13:00:00,52.4,-52.33047599210764,1.0,"Divine healer's Church, Bethlehem",tabular,ridge_ar_lag_fourier,h168,2026-01-04T23:00:00,2026-01-18T23:00:00,2026-02-15T23:00:00,,,42.0
2026-01-29 14:00:00,44.8,-57.42157105775139,1.0,"Divine healer's Church, Bethlehem",tabular,ridge_ar_lag_fourier,h168,2026-01-04T23:00:00,2026-01-18T23:00:00,2026-02-15T23:00:00,,,42.0
2026-01-29 15:00:00,44.0,-55.87289406266153,1.0,"Divine healer's Church, Bethlehem",tabular,ridge_ar_lag_fourier,h168,2026-01-04T23:00:00,2026-01-18T23:00:00,2026-02-15T23:00:00,,,42.0
2026-01-29 16:00:00,43.6,-55.785692708979866,1.0,"Divine healer's Church, Bethlehem",tabular,ridge_ar_lag_fourier,h168,2026-01-04T23:00:00,2026-01-18T23:00:00,2026-02-15T23:00:00,,,42.0
2026-01-29 17:00:00,60.5,-51.87877454238972,1.0,"Divine healer's Church, Bethlehem",tabular,ridge_ar_lag_fourier,h168,2026-01-04T23:00:00,2026-01-18T23:00:00,2026-02-15T23:00:00,,,42.0
2026-01-29 18:00:00,61.3,-45.881809829609125,1.0,"Divine healer's Church, Bethlehem",tabular,ridge_ar_lag_fourier,h168,2026-01-04T23:00:00,2026-01-18T23:00:00,2026-02-15T23:00:00,,,42.0
2026-01-29 19:00:00,65.9,-39.659091663109336,1.0,"Divine healer's Church, Bethlehem",tabular,ridge_ar_lag_fourier,h168,2026-01-04T23:00:00,2026-01-18T23:00:00,2026-02-15T23:00:00,,,42.0
2026-01-29 20:00:00,81.0,-45.59220087765141,1.0,"Divine healer's Church, Bethlehem",tabular,ridge_ar_lag_fourier,h168,2026-01-04T23:00:00,2026-01-18T23:00:00,2026-02-15T23:00:00,,,42.0
2026-01-29 21:00:00,60.3,-52.79373275575227,1.0,"Divine healer's Church, Bethlehem",tabular,ridge_ar_lag_fourier,h168,2026-01-04T23:00:00,2026-01-18T23:00:00,2026-02-15T23:00:00,,,42.0
2026-01-29 22:00:00,51.5,-51.66379184125212,1.0,"Divine healer's Church, Bethlehem",tabular,ridge_ar_lag_fourier,h168,2026-01-04T23:00:00,2026-01-18T23:00:00,2026-02-15T23:00:00,,,42.0
2026-01-29 23:00:00,48.1,-53.26710497778856,1.0,"Divine healer's Church, Bethlehem",tabular,ridge_ar_lag_fourier,h168,2026-01-04T23:00:00,2026-01-18T23:00:00,2026-02-15T23:00:00,,,42.0
2026-01-30 00:00:00,44.0,-51.519849821844346,1.0,"Divine healer's Church, Bethlehem",tabular,ridge_ar_lag_fourier,h168,2026-01-04T23:00:00,2026-01-18T23:00:00,2026-02-15T23:00:00,,,42.0
2026-01-30 01:00:00,41.8,-53.00849163851652,1.0,"Divine healer's Church, Bethlehem",tabular,ridge_ar_lag_fourier,h168,2026-01-04T23:00:00,2026-01-18T23:00:00,2026-02-15T23:00:00,,,42.0
2026-01-30 02:00:00,41.9,-55.5104635086563,1.0,"Divine healer's Church, Bethlehem",tabular,ridge_ar_lag_fourier,h168,2026-01-04T23:00:00,2026-01-18T23:00:00,2026-02-15T23:00:00,,,42.0
2026-01-30 03:00:00,45.9,-56.318872666739594,1.0,"Divine healer's Church, Bethlehem",tabular,ridge_ar_lag_fourier,h168,2026-01-04T23:00:00,2026-01-18T23:00:00,2026-02-15T23:00:00,,,42.0
2026-01-30 04:00:00,47.4,-54.63438489942804,1.0,"Divine healer's Church, Bethlehem",tabular,ridge_ar_lag_fourier,h168,2026-01-04T23:00:00,2026-01-18T23:00:00,2026-02-15T23:00:00,,,42.0
2026-01-30 05:00:00,53.4,-47.089584750715304,1.0,"Divine healer's Church, Bethlehem",tabular,ridge_ar_lag_fourier,h168,2026-01-04T23:00:00,2026-01-18T23:00:00,2026-02-15T23:00:00,,,42.0
2026-01-30 06:00:00,51.2,-43.81428647674045,1.0,"Divine healer's Church, Bethlehem",tabular,ridge_ar_lag_fourier,h168,2026-01-04T23:00:00,2026-01-18T23:00:00,2026-02-15T23:00:00,,,42.0
2026-01-30 07:00:00,47.8,-45.81090410275283,1.0,"Divine healer's Church, Bethlehem",tabular,ridge_ar_lag_fourier,h168,2026-01-04T23:00:00,2026-01-18T23:00:00,2026-02-15T23:00:00,,,42.0
2026-01-30 08:00:00,43.5,-48.78519992870385,1.0,"Divine healer's Church, Bethlehem",tabular,ridge_ar_lag_fourier,h168,2026-01-04T23:00:00,2026-01-18T23:00:00,2026-02-15T23:00:00,,,42.0
2026-01-30 09:00:00,39.9,-56.22996035000479,1.0,"Divine healer's Church, Bethlehem",tabular,ridge_ar_lag_fourier,h168,2026-01-04T23:00:00,2026-01-18T23:00:00,2026-02-15T23:00:00,,,42.0
2026-01-30 10:00:00,39.4,-54.719951172472946,1.0,"Divine healer's Church, Bethlehem",tabular,ridge_ar_lag_fourier,h168,2026-01-04T23:00:00,2026-01-18T23:00:00,2026-02-15T23:00:00,,,42.0
2026-01-30 11:00:00,42.6,-53.54725709661341,1.0,"Divine healer's Church, Bethlehem",tabular,ridge_ar_lag_fourier,h168,2026-01-04T23:00:00,2026-01-18T23:00:00,2026-02-15T23:00:00,,,42.0
2026-01-30 12:00:00,42.6,-57.85490356683502,1.0,"Divine healer's Church, Bethlehem",tabular,ridge_ar_lag_fourier,h168,2026-01-04T23:00:00,2026-01-18T23:00:00,2026-02-15T23:00:00,,,42.0
2026-01-30 13:00:00,46.2,-48.78920728158137,1.0,"Divine healer's Church, Bethlehem",tabular,ridge_ar_lag_fourier,h168,2026-01-04T23:00:00,2026-01-18T23:00:00,2026-02-15T23:00:00,,,42.0
2026-01-30 14:00:00,44.6,-58.37561554091346,1.0,"Divine healer's Church, Bethlehem",tabular,ridge_ar_lag_fourier,h168,2026-01-04T23:00:00,2026-01-18T23:00:00,2026-02-15T23:00:00,,,42.0
2026-01-30 15:00:00,54.6,-57.73979751265773,1.0,"Divine healer's Church, Bethlehem",tabular,ridge_ar_lag_fourier,h168,2026-01-04T23:00:00,2026-01-18T23:00:00,2026-02-15T23:00:00,,,42.0
2026-01-30 16:00:00,67.9,-59.38488608496945,1.0,"Divine healer's Church, Bethlehem",tabular,ridge_ar_lag_fourier,h168,2026-01-04T23:00:00,2026-01-18T23:00:00,2026-02-15T23:00:00,,,42.0
2026-01-30 17:00:00,58.9,-54.565090116722274,1.0,"Divine healer's Church, Bethlehem",tabular,ridge_ar_lag_fourier,h168,2026-01-04T23:00:00,2026-01-18T23:00:00,2026-02-15T23:00:00,,,42.0
2026-01-30 18:00:00,78.1,-53.91199436027455,1.0,"Divine healer's Church, Bethlehem",tabular,ridge_ar_lag_fourier,h168,2026-01-04T23:00:00,2026-01-18T23:00:00,2026-02-15T23:00:00,,,42.0
2026-01-30 19:00:00,61.0,-48.22471986033658,1.0,"Divine healer's Church, Bethlehem",tabular,ridge_ar_lag_fourier,h168,2026-01-04T23:00:00,2026-01-18T23:00:00,2026-02-15T23:00:00,,,42.0
2026-01-30 20:00:00,51.5,-48.18278029755837,1.0,"Divine healer's Church, Bethlehem",tabular,ridge_ar_lag_fourier,h168,2026-01-04T23:00:00,2026-01-18T23:00:00,2026-02-15T23:00:00,,,42.0
2026-01-30 21:00:00,49.9,-54.72742467941244,1.0,"Divine healer's Church, Bethlehem",tabular,ridge_ar_lag_fourier,h168,2026-01-04T23:00:00,2026-01-18T23:00:00,2026-02-15T23:00:00,,,42.0
2026-01-30 22:00:00,44.8,-49.5919937673178,1.0,"Divine healer's Church, Bethlehem",tabular,ridge_ar_lag_fourier,h168,2026-01-04T23:00:00,2026-01-18T23:00:00,2026-02-15T23:00:00,,,42.0
2026-01-30 23:00:00,45.0,-55.68267571313058,1.0,"Divine healer's Church, Bethlehem",tabular,ridge_ar_lag_fourier,h168,2026-01-04T23:00:00,2026-01-18T23:00:00,2026-02-15T23:00:00,,,42.0
2026-01-31 00:00:00,42.7,-54.41543434950819,1.0,"Divine healer's Church, Bethlehem",tabular,ridge_ar_lag_fourier,h168,2026-01-04T23:00:00,2026-01-18T23:00:00,2026-02-15T23:00:00,,,42.0
2026-01-31 01:00:00,82.8,-55.863823555800124,1.0,"Divine healer's Church, Bethlehem",tabular,ridge_ar_lag_fourier,h168,2026-01-04T23:00:00,2026-01-18T23:00:00,2026-02-15T23:00:00,,,42.0
2026-01-31 02:00:00,52.3,-58.97823159771028,1.0,"Divine healer's Church, Bethlehem",tabular,ridge_ar_lag_fourier,h168,2026-01-04T23:00:00,2026-01-18T23:00:00,2026-02-15T23:00:00,,,42.0
2026-01-31 03:00:00,46.6,-57.46763698465368,1.0,"Divine healer's Church, Bethlehem",tabular,ridge_ar_lag_fourier,h168,2026-01-04T23:00:00,2026-01-18T23:00:00,2026-02-15T23:00:00,,,42.0
2026-01-31 04:00:00,45.9,-57.0307345476802,1.0,"Divine healer's Church, Bethlehem",tabular,ridge_ar_lag_fourier,h168,2026-01-04T23:00:00,2026-01-18T23:00:00,2026-02-15T23:00:00,,,42.0
2026-01-31 05:00:00,59.3,-51.871959625795284,1.0,"Divine healer's Church, Bethlehem",tabular,ridge_ar_lag_fourier,h168,2026-01-04T23:00:00,2026-01-18T23:00:00,2026-02-15T23:00:00,,,42.0
2026-01-31 06:00:00,65.3,-47.14097111826237,1.0,"Divine healer's Church, Bethlehem",tabular,ridge_ar_lag_fourier,h168,2026-01-04T23:00:00,2026-01-18T23:00:00,2026-02-15T23:00:00,,,42.0
2026-01-31 07:00:00,68.2,-47.68538890999703,1.0,"Divine healer's Church, Bethlehem",tabular,ridge_ar_lag_fourier,h168,2026-01-04T23:00:00,2026-01-18T23:00:00,2026-02-15T23:00:00,,,42.0
2026-01-31 08:00:00,50.8,-54.58974473154473,1.0,"Divine healer's Church, Bethlehem",tabular,ridge_ar_lag_fourier,h168,2026-01-04T23:00:00,2026-01-18T23:00:00,2026-02-15T23:00:00,,,42.0
2026-01-31 09:00:00,51.0,-57.965486019203325,1.0,"Divine healer's Church, Bethlehem",tabular,ridge_ar_lag_fourier,h168,2026-01-04T23:00:00,2026-01-18T23:00:00,2026-02-15T23:00:00,,,42.0
2026-01-31 10:00:00,50.9,-60.438818773373754,1.0,"Divine healer's Church, Bethlehem",tabular,ridge_ar_lag_fourier,h168,2026-01-04T23:00:00,2026-01-18T23:00:00,2026-02-15T23:00:00,,,42.0
2026-01-31 11:00:00,50.5,-54.895004501413496,1.0,"Divine healer's Church, Bethlehem",tabular,ridge_ar_lag_fourier,h168,2026-01-04T23:00:00,2026-01-18T23:00:00,2026-02-15T23:00:00,,,42.0
2026-01-31 12:00:00,43.0,-56.937623783902126,1.0,"Divine healer's Church, Bethlehem",tabular,ridge_ar_lag_fourier,h168,2026-01-04T23:00:00,2026-01-18T23:00:00,2026-02-15T23:00:00,,,42.0
2026-01-31 13:00:00,41.6,-61.235746402636806,1.0,"Divine healer's Church, Bethlehem",tabular,ridge_ar_lag_fourier,h168,2026-01-04T23:00:00,2026-01-18T23:00:00,2026-02-15T23:00:00,,,42.0
2026-01-31 14:00:00,41.2,-63.527995021820175,1.0,"Divine healer's Church, Bethlehem",tabular,ridge_ar_lag_fourier,h168,2026-01-04T23:00:00,2026-01-18T23:00:00,2026-02-15T23:00:00,,,42.0
2026-01-31 15:00:00,37.5,-62.48136397884966,1.0,"Divine healer's Church, Bethlehem",tabular,ridge_ar_lag_fourier,h168,2026-01-04T23:00:00,2026-01-18T23:00:00,2026-02-15T23:00:00,,,42.0
2026-01-31 16:00:00,37.6,-60.47075156028241,1.0,"Divine healer's Church, Bethlehem",tabular,ridge_ar_lag_fourier,h168,2026-01-04T23:00:00,2026-01-18T23:00:00,2026-02-15T23:00:00,,,42.0
2026-01-31 17:00:00,45.9,-59.84835537590047,1.0,"Divine healer's Church, Bethlehem",tabular,ridge_ar_lag_fourier,h168,2026-01-04T23:00:00,2026-01-18T23:00:00,2026-02-15T23:00:00,,,42.0
2026-01-31 18:00:00,62.5,-53.71279072944098,1.0,"Divine healer's Church, Bethlehem",tabular,ridge_ar_lag_fourier,h168,2026-01-04T23:00:00,2026-01-18T23:00:00,2026-02-15T23:00:00,,,42.0
2026-01-31 19:00:00,61.9,-52.46684806731271,1.0,"Divine healer's Church, Bethlehem",tabular,ridge_ar_lag_fourier,h168,2026-01-04T23:00:00,2026-01-18T23:00:00,2026-02-15T23:00:00,,,42.0
2026-01-31 20:00:00,61.3,-47.81003734274816,1.0,"Divine healer's Church, Bethlehem",tabular,ridge_ar_lag_fourier,h168,2026-01-04T23:00:00,2026-01-18T23:00:00,2026-02-15T23:00:00,,,42.0
2026-01-31 21:00:00,56.8,-57.21078515212582,1.0,"Divine healer's Church, Bethlehem",tabular,ridge_ar_lag_fourier,h168,2026-01-04T23:00:00,2026-01-18T23:00:00,2026-02-15T23:00:00,,,42.0
2026-01-31 22:00:00,46.5,-56.01014024818453,1.0,"Divine healer's Church, Bethlehem",tabular,ridge_ar_lag_fourier,h168,2026-01-04T23:00:00,2026-01-18T23:00:00,2026-02-15T23:00:00,,,42.0
2026-01-31 23:00:00,52.0,-53.66346326214165,1.0,"Divine healer's Church, Bethlehem",tabular,ridge_ar_lag_fourier,h168,2026-01-04T23:00:00,2026-01-18T23:00:00,2026-02-15T23:00:00,,,42.0
2026-02-01 00:00:00,50.9,-50.88491773491748,1.0,"Divine healer's Church, Bethlehem",tabular,ridge_ar_lag_fourier,h168,2026-01-04T23:00:00,2026-01-18T23:00:00,2026-02-15T23:00:00,,,42.0
2026-02-01 01:00:00,39.1,-56.497773574898844,1.0,"Divine healer's Church, Bethlehem",tabular,ridge_ar_lag_fourier,h168,2026-01-04T23:00:00,2026-01-18T23:00:00,2026-02-15T23:00:00,,,42.0
2026-02-01 02:00:00,42.0,-61.23536124700337,1.0,"Divine healer's Church, Bethlehem",tabular,ridge_ar_lag_fourier,h168,2026-01-04T23:00:00,2026-01-18T23:00:00,2026-02-15T23:00:00,,,42.0
2026-02-01 03:00:00,42.4,-60.84168000378948,1.0,"Divine healer's Church, Bethlehem",tabular,ridge_ar_lag_fourier,h168,2026-01-04T23:00:00,2026-01-18T23:00:00,2026-02-15T23:00:00,,,42.0
2026-02-01 04:00:00,41.2,-59.55321290771407,1.0,"Divine healer's Church, Bethlehem",tabular,ridge_ar_lag_fourier,h168,2026-01-04T23:00:00,2026-01-18T23:00:00,2026-02-15T23:00:00,,,42.0
2026-02-01 05:00:00,45.1,-52.19108940400787,1.0,"Divine healer's Church, Bethlehem",tabular,ridge_ar_lag_fourier,h168,2026-01-04T23:00:00,2026-01-18T23:00:00,2026-02-15T23:00:00,,,42.0
2026-02-01 06:00:00,59.6,-47.26078021348738,1.0,"Divine healer's Church, Bethlehem",tabular,ridge_ar_lag_fourier,h168,2026-01-04T23:00:00,2026-01-18T23:00:00,2026-02-15T23:00:00,,,42.0
2026-02-01 07:00:00,64.0,-47.864736055306125,1.0,"Divine healer's Church, Bethlehem",tabular,ridge_ar_lag_fourier,h168,2026-01-04T23:00:00,2026-01-18T23:00:00,2026-02-15T23:00:00,,,42.0
2026-02-01 08:00:00,56.9,-53.349464187296434,1.0,"Divine healer's Church, Bethlehem",tabular,ridge_ar_lag_fourier,h168,2026-01-04T23:00:00,2026-01-18T23:00:00,2026-02-15T23:00:00,,,42.0
2026-02-01 09:00:00,47.9,-60.37304523885189,1.0,"Divine healer's Church, Bethlehem",tabular,ridge_ar_lag_fourier,h168,2026-01-04T23:00:00,2026-01-18T23:00:00,2026-02-15T23:00:00,,,42.0
2026-02-01 10:00:00,58.7,-61.14681721608149,1.0,"Divine healer's Church, Bethlehem",tabular,ridge_ar_lag_fourier,h168,2026-01-04T23:00:00,2026-01-18T23:00:00,2026-02-15T23:00:00,,,42.0
2026-02-01 11:00:00,51.5,-56.53000208310091,1.0,"Divine healer's Church, Bethlehem",tabular,ridge_ar_lag_fourier,h168,2026-01-04T23:00:00,2026-01-18T23:00:00,2026-02-15T23:00:00,,,42.0
2026-02-01 12:00:00,36.6,-55.163422380821004,1.0,"Divine healer's Church, Bethlehem",tabular,ridge_ar_lag_fourier,h168,2026-01-04T23:00:00,2026-01-18T23:00:00,2026-02-15T23:00:00,,,42.0
2026-02-01 13:00:00,35.4,-61.276057178209726,1.0,"Divine healer's Church, Bethlehem",tabular,ridge_ar_lag_fourier,h168,2026-01-04T23:00:00,2026-01-18T23:00:00,2026-02-15T23:00:00,,,42.0
2026-02-01 14:00:00,33.5,-62.958350671097634,1.0,"Divine healer's Church, Bethlehem",tabular,ridge_ar_lag_fourier,h168,2026-01-04T23:00:00,2026-01-18T23:00:00,2026-02-15T23:00:00,,,42.0
2026-02-01 15:00:00,35.3,-55.61192612383593,1.0,"Divine healer's Church, Bethlehem",tabular,ridge_ar_lag_fourier,h168,2026-01-04T23:00:00,2026-01-18T23:00:00,2026-02-15T23:00:00,,,42.0
2026-02-01 16:00:00,36.1,-53.86307909844331,1.0,"Divine healer's Church, Bethlehem",tabular,ridge_ar_lag_fourier,h168,2026-01-04T23:00:00,2026-01-18T23:00:00,2026-02-15T23:00:00,,,42.0
2026-02-01 17:00:00,57.3,-50.17071290837801,1.0,"Divine healer's Church, Bethlehem",tabular,ridge_ar_lag_fourier,h168,2026-01-04T23:00:00,2026-01-18T23:00:00,2026-02-15T23:00:00,,,42.0
2026-02-01 18:00:00,46.5,-47.08163284174509,1.0,"Divine healer's Church, Bethlehem",tabular,ridge_ar_lag_fourier,h168,2026-01-04T23:00:00,2026-01-18T23:00:00,2026-02-15T23:00:00,,,42.0
2026-02-01 19:00:00,61.0,-47.15637661174536,1.0,"Divine healer's Church, Bethlehem",tabular,ridge_ar_lag_fourier,h168,2026-01-04T23:00:00,2026-01-18T23:00:00,2026-02-15T23:00:00,,,42.0
2026-02-01 20:00:00,53.6,-50.33293836608878,1.0,"Divine healer's Church, Bethlehem",tabular,ridge_ar_lag_fourier,h168,2026-01-04T23:00:00,2026-01-18T23:00:00,2026-02-15T23:00:00,,,42.0
2026-02-01 21:00:00,56.2,-52.12529724120246,1.0,"Divine healer's Church, Bethlehem",tabular,ridge_ar_lag_fourier,h168,2026-01-04T23:00:00,2026-01-18T23:00:00,2026-02-15T23:00:00,,,42.0
2026-02-01 22:00:00,72.4,-51.027041582838635,1.0,"Divine healer's Church, Bethlehem",tabular,ridge_ar_lag_fourier,h168,2026-01-04T23:00:00,2026-01-18T23:00:00,2026-02-15T23:00:00,,,42.0
2026-02-01 23:00:00,62.5,-50.38196567595395,1.0,"Divine healer's Church, Bethlehem",tabular,ridge_ar_lag_fourier,h168,2026-01-04T23:00:00,2026-01-18T23:00:00,2026-02-15T23:00:00,,,42.0
2026-02-02 00:00:00,44.0,-43.436760832164666,1.0,"Divine healer's Church, Bethlehem",tabular,ridge_ar_lag_fourier,h168,2026-01-04T23:00:00,2026-01-18T23:00:00,2026-02-15T23:00:00,,,42.0
2026-02-02 01:00:00,44.7,-47.54394076009768,1.0,"Divine healer's Church, Bethlehem",tabular,ridge_ar_lag_fourier,h168,2026-01-04T23:00:00,2026-01-18T23:00:00,2026-02-15T23:00:00,,,42.0
2026-02-02 02:00:00,49.3,-53.336846335967124,1.0,"Divine healer's Church, Bethlehem",tabular,ridge_ar_lag_fourier,h168,2026-01-04T23:00:00,2026-01-18T23:00:00,2026-02-15T23:00:00,,,42.0
2026-02-02 03:00:00,44.1,-51.82228141215637,1.0,"Divine healer's Church, Bethlehem",tabular,ridge_ar_lag_fourier,h168,2026-01-04T23:00:00,2026-01-18T23:00:00,2026-02-15T23:00:00,,,42.0
2026-02-02 04:00:00,41.6,-50.29849154095123,1.0,"Divine healer's Church, Bethlehem",tabular,ridge_ar_lag_fourier,h168,2026-01-04T23:00:00,2026-01-18T23:00:00,2026-02-15T23:00:00,,,42.0
2026-02-02 05:00:00,86.6,-46.541808179376204,1.0,"Divine healer's Church, Bethlehem",tabular,ridge_ar_lag_fourier,h168,2026-01-04T23:00:00,2026-01-18T23:00:00,2026-02-15T23:00:00,,,42.0
2026-02-02 06:00:00,70.5,-38.40554436685757,1.0,"Divine healer's Church, Bethlehem",tabular,ridge_ar_lag_fourier,h168,2026-01-04T23:00:00,2026-01-18T23:00:00,2026-02-15T23:00:00,,,42.0
2026-02-02 07:00:00,51.4,-44.057364748208514,1.0,"Divine healer's Church, Bethlehem",tabular,ridge_ar_lag_fourier,h168,2026-01-04T23:00:00,2026-01-18T23:00:00,2026-02-15T23:00:00,,,42.0
2026-02-02 08:00:00,44.1,-48.454198674133835,1.0,"Divine healer's Church, Bethlehem",tabular,ridge_ar_lag_fourier,h168,2026-01-04T23:00:00,2026-01-18T23:00:00,2026-02-15T23:00:00,,,42.0
2026-02-02 09:00:00,46.7,-57.48985556427476,1.0,"Divine healer's Church, Bethlehem",tabular,ridge_ar_lag_fourier,h168,2026-01-04T23:00:00,2026-01-18T23:00:00,2026-02-15T23:00:00,,,42.0
2026-02-02 10:00:00,47.1,-54.52358622013821,1.0,"Divine healer's Church, Bethlehem",tabular,ridge_ar_lag_fourier,h168,2026-01-04T23:00:00,2026-01-18T23:00:00,2026-02-15T23:00:00,,,42.0
2026-02-02 11:00:00,37.9,-53.863586436678304,1.0,"Divine healer's Church, Bethlehem",tabular,ridge_ar_lag_fourier,h168,2026-01-04T23:00:00,2026-01-18T23:00:00,2026-02-15T23:00:00,,,42.0
2026-02-02 12:00:00,33.2,-51.214265943861704,1.0,"Divine healer's Church, Bethlehem",tabular,ridge_ar_lag_fourier,h168,2026-01-04T23:00:00,2026-01-18T23:00:00,2026-02-15T23:00:00,,,42.0
2026-02-02 13:00:00,32.2,-56.380148515168074,1.0,"Divine healer's Church, Bethlehem",tabular,ridge_ar_lag_fourier,h168,2026-01-04T23:00:00,2026-01-18T23:00:00,2026-02-15T23:00:00,,,42.0
2026-02-02 14:00:00,33.4,-58.63777846275906,1.0,"Divine healer's Church, Bethlehem",tabular,ridge_ar_lag_fourier,h168,2026-01-04T23:00:00,2026-01-18T23:00:00,2026-02-15T23:00:00,,,42.0
2026-02-02 15:00:00,50.3,-60.855063111449056,1.0,"Divine healer's Church, Bethlehem",tabular,ridge_ar_lag_fourier,h168,2026-01-04T23:00:00,2026-01-18T23:00:00,2026-02-15T23:00:00,,,42.0
2026-02-02 16:00:00,56.0,-60.453815887639195,1.0,"Divine healer's Church, Bethlehem",tabular,ridge_ar_lag_fourier,h168,2026-01-04T23:00:00,2026-01-18T23:00:00,2026-02-15T23:00:00,,,42.0
2026-02-02 17:00:00,67.7,-55.657562949441754,1.0,"Divine healer's Church, Bethlehem",tabular,ridge_ar_lag_fourier,h168,2026-01-04T23:00:00,2026-01-18T23:00:00,2026-02-15T23:00:00,,,42.0
2026-02-02 18:00:00,57.3,-50.38430305507508,1.0,"Divine healer's Church, Bethlehem",tabular,ridge_ar_lag_fourier,h168,2026-01-04T23:00:00,2026-01-18T23:00:00,2026-02-15T23:00:00,,,42.0
2026-02-02 19:00:00,56.0,-47.097287512902014,1.0,"Divine healer's Church, Bethlehem",tabular,ridge_ar_lag_fourier,h168,2026-01-04T23:00:00,2026-01-18T23:00:00,2026-02-15T23:00:00,,,42.0
2026-02-02 20:00:00,47.3,-52.23139229343951,1.0,"Divine healer's Church, Bethlehem",tabular,ridge_ar_lag_fourier,h168,2026-01-04T23:00:00,2026-01-18T23:00:00,2026-02-15T23:00:00,,,42.0
2026-02-02 21:00:00,45.3,-50.861292827578566,1.0,"Divine healer's Church, Bethlehem",tabular,ridge_ar_lag_fourier,h168,2026-01-04T23:00:00,2026-01-18T23:00:00,2026-02-15T23:00:00,,,42.0
2026-02-02 22:00:00,45.4,-49.165199615240084,1.0,"Divine healer's Church, Bethlehem",tabular,ridge_ar_lag_fourier,h168,2026-01-04T23:00:00,2026-01-18T23:00:00,2026-02-15T23:00:00,,,42.0
2026-02-02 23:00:00,50.3,-49.76547278094711,1.0,"Divine healer's Church, Bethlehem",tabular,ridge_ar_lag_fourier,h168,2026-01-04T23:00:00,2026-01-18T23:00:00,2026-02-15T23:00:00,,,42.0
2026-02-03 00:00:00,51.6,-51.24487389697731,1.0,"Divine healer's Church, Bethlehem",tabular,ridge_ar_lag_fourier,h168,2026-01-04T23:00:00,2026-01-18T23:00:00,2026-02-15T23:00:00,,,42.0
2026-02-03 01:00:00,46.5,-53.79908481689198,1.0,"Divine healer's Church, Bethlehem",tabular,ridge_ar_lag_fourier,h168,2026-01-04T23:00:00,2026-01-18T23:00:00,2026-02-15T23:00:00,,,42.0
2026-02-03 02:00:00,42.5,-52.794505427807735,1.0,"Divine healer's Church, Bethlehem",tabular,ridge_ar_lag_fourier,h168,2026-01-04T23:00:00,2026-01-18T23:00:00,2026-02-15T23:00:00,,,42.0
2026-02-03 03:00:00,40.6,-54.65098668151968,1.0,"Divine healer's Church, Bethlehem",tabular,ridge_ar_lag_fourier,h168,2026-01-04T23:00:00,2026-01-18T23:00:00,2026-02-15T23:00:00,,,42.0
2026-02-03 04:00:00,44.3,-54.232711479172195,1.0,"Divine healer's Church, Bethlehem",tabular,ridge_ar_lag_fourier,h168,2026-01-04T23:00:00,2026-01-18T23:00:00,2026-02-15T23:00:00,,,42.0
2026-02-03 05:00:00,48.8,-47.27721661085474,1.0,"Divine healer's Church, Bethlehem",tabular,ridge_ar_lag_fourier,h168,2026-01-04T23:00:00,2026-01-18T23:00:00,2026-02-15T23:00:00,,,42.0
2026-02-03 06:00:00,46.9,-36.389498417264875,1.0,"Divine healer's Church, Bethlehem",tabular,ridge_ar_lag_fourier,h168,2026-01-04T23:00:00,2026-01-18T23:00:00,2026-02-15T23:00:00,,,42.0
2026-02-03 07:00:00,51.6,-40.38488958497818,1.0,"Divine healer's Church, Bethlehem",tabular,ridge_ar_lag_fourier,h168,2026-01-04T23:00:00,2026-01-18T23:00:00,2026-02-15T23:00:00,,,42.0
2026-02-03 08:00:00,102.3,-53.62842344427635,1.0,"Divine healer's Church, Bethlehem",tabular,ridge_ar_lag_fourier,h168,2026-01-04T23:00:00,2026-01-18T23:00:00,2026-02-15T23:00:00,,,42.0
2026-02-03 09:00:00,48.3,-50.91454050091818,1.0,"Divine healer's Church, Bethlehem",tabular,ridge_ar_lag_fourier,h168,2026-01-04T23:00:00,2026-01-18T23:00:00,2026-02-15T23:00:00,,,42.0
2026-02-03 10:00:00,45.4,-56.46736242038823,1.0,"Divine healer's Church, Bethlehem",tabular,ridge_ar_lag_fourier,h168,2026-01-04T23:00:00,2026-01-18T23:00:00,2026-02-15T23:00:00,,,42.0
2026-02-03 11:00:00,53.2,-57.29495361325293,1.0,"Divine healer's Church, Bethlehem",tabular,ridge_ar_lag_fourier,h168,2026-01-04T23:00:00,2026-01-18T23:00:00,2026-02-15T23:00:00,,,42.0
2026-02-03 12:00:00,43.9,-52.40486301188197,1.0,"Divine healer's Church, Bethlehem",tabular,ridge_ar_lag_fourier,h168,2026-01-04T23:00:00,2026-01-18T23:00:00,2026-02-15T23:00:00,,,42.0
2026-02-03 13:00:00,49.8,-56.318715688361266,1.0,"Divine healer's Church, Bethlehem",tabular,ridge_ar_lag_fourier,h168,2026-01-04T23:00:00,2026-01-18T23:00:00,2026-02-15T23:00:00,,,42.0
2026-02-03 14:00:00,38.6,-60.408178340977486,1.0,"Divine healer's Church, Bethlehem",tabular,ridge_ar_lag_fourier,h168,2026-01-04T23:00:00,2026-01-18T23:00:00,2026-02-15T23:00:00,,,42.0
2026-02-03 15:00:00,39.5,-61.87071798508771,1.0,"Divine healer's Church, Bethlehem",tabular,ridge_ar_lag_fourier,h168,2026-01-04T23:00:00,2026-01-18T23:00:00,2026-02-15T23:00:00,,,42.0
2026-02-03 16:00:00,44.0,-62.03594746502762,1.0,"Divine healer's Church, Bethlehem",tabular,ridge_ar_lag_fourier,h168,2026-01-04T23:00:00,2026-01-18T23:00:00,2026-02-15T23:00:00,,,42.0
2026-02-03 17:00:00,37.8,-58.587093256535624,1.0,"Divine healer's Church, Bethlehem",tabular,ridge_ar_lag_fourier,h168,2026-01-04T23:00:00,2026-01-18T23:00:00,2026-02-15T23:00:00,,,42.0
2026-02-03 18:00:00,48.7,-51.529682772184955,1.0,"Divine healer's Church, Bethlehem",tabular,ridge_ar_lag_fourier,h168,2026-01-04T23:00:00,2026-01-18T23:00:00,2026-02-15T23:00:00,,,42.0
2026-02-03 19:00:00,85.5,-43.959301029092444,1.0,"Divine healer's Church, Bethlehem",tabular,ridge_ar_lag_fourier,h168,2026-01-04T23:00:00,2026-01-18T23:00:00,2026-02-15T23:00:00,,,42.0
2026-02-03 20:00:00,81.4,-41.56407204582345,1.0,"Divine healer's Church, Bethlehem",tabular,ridge_ar_lag_fourier,h168,2026-01-04T23:00:00,2026-01-18T23:00:00,2026-02-15T23:00:00,,,42.0
2026-02-03 21:00:00,69.4,-48.59797908055066,1.0,"Divine healer's Church, Bethlehem",tabular,ridge_ar_lag_fourier,h168,2026-01-04T23:00:00,2026-01-18T23:00:00,2026-02-15T23:00:00,,,42.0
2026-02-03 22:00:00,49.3,-52.41913203999549,1.0,"Divine healer's Church, Bethlehem",tabular,ridge_ar_lag_fourier,h168,2026-01-04T23:00:00,2026-01-18T23:00:00,2026-02-15T23:00:00,,,42.0
2026-02-03 23:00:00,41.9,-42.51910001779423,1.0,"Divine healer's Church, Bethlehem",tabular,ridge_ar_lag_fourier,h168,2026-01-04T23:00:00,2026-01-18T23:00:00,2026-02-15T23:00:00,,,42.0
2026-02-04 00:00:00,45.7,-45.25427158275738,1.0,"Divine healer's Church, Bethlehem",tabular,ridge_ar_lag_fourier,h168,2026-01-04T23:00:00,2026-01-18T23:00:00,2026-02-15T23:00:00,,,42.0
2026-02-04 01:00:00,32.7,-54.319036197769364,1.0,"Divine healer's Church, Bethlehem",tabular,ridge_ar_lag_fourier,h168,2026-01-04T23:00:00,2026-01-18T23:00:00,2026-02-15T23:00:00,,,42.0
2026-02-04 02:00:00,33.7,-57.59814462718927,1.0,"Divine healer's Church, Bethlehem",tabular,ridge_ar_lag_fourier,h168,2026-01-04T23:00:00,2026-01-18T23:00:00,2026-02-15T23:00:00,,,42.0
2026-02-04 03:00:00,40.0,-60.84832031317117,1.0,"Divine healer's Church, Bethlehem",tabular,ridge_ar_lag_fourier,h168,2026-01-04T23:00:00,2026-01-18T23:00:00,2026-02-15T23:00:00,,,42.0
2026-02-04 04:00:00,69.5,-59.53885239320857,1.0,"Divine healer's Church, Bethlehem",tabular,ridge_ar_lag_fourier,h168,2026-01-04T23:00:00,2026-01-18T23:00:00,2026-02-15T23:00:00,,,42.0
2026-02-04 05:00:00,127.8,-51.97652716239675,1.0,"Divine healer's Church, Bethlehem",tabular,ridge_ar_lag_fourier,h168,2026-01-04T23:00:00,2026-01-18T23:00:00,2026-02-15T23:00:00,,,42.0
2026-02-04 06:00:00,142.9,-39.20807814111468,1.0,"Divine healer's Church, Bethlehem",tabular,ridge_ar_lag_fourier,h168,2026-01-04T23:00:00,2026-01-18T23:00:00,2026-02-15T23:00:00,,,42.0
2026-02-04 07:00:00,101.3,-44.90539646382993,1.0,"Divine healer's Church, Bethlehem",tabular,ridge_ar_lag_fourier,h168,2026-01-04T23:00:00,2026-01-18T23:00:00,2026-02-15T23:00:00,,,42.0
2026-02-04 08:00:00,100.3,-55.34352307398335,1.0,"Divine healer's Church, Bethlehem",tabular,ridge_ar_lag_fourier,h168,2026-01-04T23:00:00,2026-01-18T23:00:00,2026-02-15T23:00:00,,,42.0
2026-02-04 09:00:00,65.1,-60.062304279650135,1.0,"Divine healer's Church, Bethlehem",tabular,ridge_ar_lag_fourier,h168,2026-01-04T23:00:00,2026-01-18T23:00:00,2026-02-15T23:00:00,,,42.0
2026-02-04 10:00:00,76.5,-62.586787095753934,1.0,"Divine healer's Church, Bethlehem",tabular,ridge_ar_lag_fourier,h168,2026-01-04T23:00:00,2026-01-18T23:00:00,2026-02-15T23:00:00,,,42.0
2026-02-04 11:00:00,76.3,-59.64051906150293,1.0,"Divine healer's Church, Bethlehem",tabular,ridge_ar_lag_fourier,h168,2026-01-04T23:00:00,2026-01-18T23:00:00,2026-02-15T23:00:00,,,42.0
2026-02-04 12:00:00,47.7,-46.60902483420624,1.0,"Divine healer's Church, Bethlehem",tabular,ridge_ar_lag_fourier,h168,2026-01-04T23:00:00,2026-01-18T23:00:00,2026-02-15T23:00:00,,,42.0
2026-02-04 13:00:00,38.5,-58.73572316020832,1.0,"Divine healer's Church, Bethlehem",tabular,ridge_ar_lag_fourier,h168,2026-01-04T23:00:00,2026-01-18T23:00:00,2026-02-15T23:00:00,,,42.0
2026-02-04 14:00:00,36.0,-63.24447731915157,1.0,"Divine healer's Church, Bethlehem",tabular,ridge_ar_lag_fourier,h168,2026-01-04T23:00:00,2026-01-18T23:00:00,2026-02-15T23:00:00,,,42.0
2026-02-04 15:00:00,31.8,-64.73136022640514,1.0,"Divine healer's Church, Bethlehem",tabular,ridge_ar_lag_fourier,h168,2026-01-04T23:00:00,2026-01-18T23:00:00,2026-02-15T23:00:00,,,42.0
2026-02-04 16:00:00,31.1,-61.767465331033776,1.0,"Divine healer's Church, Bethlehem",tabular,ridge_ar_lag_fourier,h168,2026-01-04T23:00:00,2026-01-18T23:00:00,2026-02-15T23:00:00,,,42.0
2026-02-04 17:00:00,26.2,-52.57199703991638,1.0,"Divine healer's Church, Bethlehem",tabular,ridge_ar_lag_fourier,h168,2026-01-04T23:00:00,2026-01-18T23:00:00,2026-02-15T23:00:00,,,42.0
2026-02-04 18:00:00,31.7,-42.685814907970794,1.0,"Divine healer's Church, Bethlehem",tabular,ridge_ar_lag_fourier,h168,2026-01-04T23:00:00,2026-01-18T23:00:00,2026-02-15T23:00:00,,,42.0
2026-02-04 19:00:00,62.9,-47.06982173528522,1.0,"Divine healer's Church, Bethlehem",tabular,ridge_ar_lag_fourier,h168,2026-01-04T23:00:00,2026-01-18T23:00:00,2026-02-15T23:00:00,,,42.0
2026-02-04 20:00:00,26.0,-44.46603554578253,1.0,"Divine healer's Church, Bethlehem",tabular,ridge_ar_lag_fourier,h168,2026-01-04T23:00:00,2026-01-18T23:00:00,2026-02-15T23:00:00,,,42.0
2026-02-04 21:00:00,52.7,-48.78360154137047,1.0,"Divine healer's Church, Bethlehem",tabular,ridge_ar_lag_fourier,h168,2026-01-04T23:00:00,2026-01-18T23:00:00,2026-02-15T23:00:00,,,42.0
2026-02-04 22:00:00,51.5,-54.12726300913393,1.0,"Divine healer's Church, Bethlehem",tabular,ridge_ar_lag_fourier,h168,2026-01-04T23:00:00,2026-01-18T23:00:00,2026-02-15T23:00:00,,,42.0
2026-02-04 23:00:00,49.0,-51.90981707370065,1.0,"Divine healer's Church, Bethlehem",tabular,ridge_ar_lag_fourier,h168,2026-01-04T23:00:00,2026-01-18T23:00:00,2026-02-15T23:00:00,,,42.0
2026-02-05 00:00:00,42.6,-49.78327197564525,1.0,"Divine healer's Church, Bethlehem",tabular,ridge_ar_lag_fourier,h168,2026-01-04T23:00:00,2026-01-18T23:00:00,2026-02-15T23:00:00,,,42.0
2026-02-05 01:00:00,45.2,-53.06408963111325,1.0,"Divine healer's Church, Bethlehem",tabular,ridge_ar_lag_fourier,h168,2026-01-04T23:00:00,2026-01-18T23:00:00,2026-02-15T23:00:00,,,42.0
2026-02-05 02:00:00,56.6,-56.442330315736456,1.0,"Divine healer's Church, Bethlehem",tabular,ridge_ar_lag_fourier,h168,2026-01-04T23:00:00,2026-01-18T23:00:00,2026-02-15T23:00:00,,,42.0
2026-02-05 03:00:00,45.1,-56.11406226028238,1.0,"Divine healer's Church, Bethlehem",tabular,ridge_ar_lag_fourier,h168,2026-01-04T23:00:00,2026-01-18T23:00:00,2026-02-15T23:00:00,,,42.0
2026-02-05 04:00:00,40.7,-56.857764623578106,1.0,"Divine healer's Church, Bethlehem",tabular,ridge_ar_lag_fourier,h168,2026-01-04T23:00:00,2026-01-18T23:00:00,2026-02-15T23:00:00,,,42.0
2026-02-05 05:00:00,39.8,-53.117292928186615,1.0,"Divine healer's Church, Bethlehem",tabular,ridge_ar_lag_fourier,h168,2026-01-04T23:00:00,2026-01-18T23:00:00,2026-02-15T23:00:00,,,42.0
2026-02-05 06:00:00,42.9,-41.14361696281752,1.0,"Divine healer's Church, Bethlehem",tabular,ridge_ar_lag_fourier,h168,2026-01-04T23:00:00,2026-01-18T23:00:00,2026-02-15T23:00:00,,,42.0
2026-02-05 07:00:00,37.1,-43.19744378535033,1.0,"Divine healer's Church, Bethlehem",tabular,ridge_ar_lag_fourier,h168,2026-01-04T23:00:00,2026-01-18T23:00:00,2026-02-15T23:00:00,,,42.0
2026-02-05 08:00:00,27.3,-57.3149650907461,1.0,"Divine healer's Church, Bethlehem",tabular,ridge_ar_lag_fourier,h168,2026-01-04T23:00:00,2026-01-18T23:00:00,2026-02-15T23:00:00,,,42.0
2026-02-05 09:00:00,17.9,-64.0386050531377,1.0,"Divine healer's Church, Bethlehem",tabular,ridge_ar_lag_fourier,h168,2026-01-04T23:00:00,2026-01-18T23:00:00,2026-02-15T23:00:00,,,42.0
2026-02-05 10:00:00,16.8,-62.736690558531066,1.0,"Divine healer's Church, Bethlehem",tabular,ridge_ar_lag_fourier,h168,2026-01-04T23:00:00,2026-01-18T23:00:00,2026-02-15T23:00:00,,,42.0
2026-02-05 11:00:00,21.1,-60.32444763781024,1.0,"Divine healer's Church, Bethlehem",tabular,ridge_ar_lag_fourier,h168,2026-01-04T23:00:00,2026-01-18T23:00:00,2026-02-15T23:00:00,,,42.0
2026-02-05 12:00:00,28.6,-54.875732011402846,1.0,"Divine healer's Church, Bethlehem",tabular,ridge_ar_lag_fourier,h168,2026-01-04T23:00:00,2026-01-18T23:00:00,2026-02-15T23:00:00,,,42.0
2026-02-05 13:00:00,28.8,-59.84016677180733,1.0,"Divine healer's Church, Bethlehem",tabular,ridge_ar_lag_fourier,h168,2026-01-04T23:00:00,2026-01-18T23:00:00,2026-02-15T23:00:00,,,42.0
2026-02-05 14:00:00,24.5,-61.20176213866975,1.0,"Divine healer's Church, Bethlehem",tabular,ridge_ar_lag_fourier,h168,2026-01-04T23:00:00,2026-01-18T23:00:00,2026-02-15T23:00:00,,,42.0
2026-02-05 15:00:00,29.0,-60.84009959988333,1.0,"Divine healer's Church, Bethlehem",tabular,ridge_ar_lag_fourier,h168,2026-01-04T23:00:00,2026-01-18T23:00:00,2026-02-15T23:00:00,,,42.0
2026-02-05 16:00:00,38.0,-62.096566659157986,1.0,"Divine healer's Church, Bethlehem",tabular,ridge_ar_lag_fourier,h168,2026-01-04T23:00:00,2026-01-18T23:00:00,2026-02-15T23:00:00,,,42.0
2026-02-05 17:00:00,38.1,-61.271298127632235,1.0,"Divine healer's Church, Bethlehem",tabular,ridge_ar_lag_fourier,h168,2026-01-04T23:00:00,2026-01-18T23:00:00,2026-02-15T23:00:00,,,42.0
2026-02-05 18:00:00,40.7,-43.527204747325285,1.0,"Divine healer's Church, Bethlehem",tabular,ridge_ar_lag_fourier,h168,2026-01-04T23:00:00,2026-01-18T23:00:00,2026-02-15T23:00:00,,,42.0
2026-02-05 19:00:00,40.7,-44.346996565018884,1.0,"Divine healer's Church, Bethlehem",tabular,ridge_ar_lag_fourier,h168,2026-01-04T23:00:00,2026-01-18T23:00:00,2026-02-15T23:00:00,,,42.0
2026-02-05 20:00:00,35.2,-50.49908460741078,1.0,"Divine healer's Church, Bethlehem",tabular,ridge_ar_lag_fourier,h168,2026-01-04T23:00:00,2026-01-18T23:00:00,2026-02-15T23:00:00,,,42.0
2026-02-05 21:00:00,33.2,-50.5350196002054,1.0,"Divine healer's Church, Bethlehem",tabular,ridge_ar_lag_fourier,h168,2026-01-04T23:00:00,2026-01-18T23:00:00,2026-02-15T23:00:00,,,42.0
2026-02-05 22:00:00,37.1,-57.058824470319024,1.0,"Divine healer's Church, Bethlehem",tabular,ridge_ar_lag_fourier,h168,2026-01-04T23:00:00,2026-01-18T23:00:00,2026-02-15T23:00:00,,,42.0
2026-02-05 23:00:00,30.7,-54.67281795630049,1.0,"Divine healer's Church, Bethlehem",tabular,ridge_ar_lag_fourier,h168,2026-01-04T23:00:00,2026-01-18T23:00:00,2026-02-15T23:00:00,,,42.0
2026-02-06 00:00:00,27.7,-54.05267812088998,1.0,"Divine healer's Church, Bethlehem",tabular,ridge_ar_lag_fourier,h168,2026-01-04T23:00:00,2026-01-18T23:00:00,2026-02-15T23:00:00,,,42.0
2026-02-06 01:00:00,28.3,-57.14026625659859,1.0,"Divine healer's Church, Bethlehem",tabular,ridge_ar_lag_fourier,h168,2026-01-04T23:00:00,2026-01-18T23:00:00,2026-02-15T23:00:00,,,42.0
2026-02-06 02:00:00,31.6,-59.747984205734696,1.0,"Divine healer's Church, Bethlehem",tabular,ridge_ar_lag_fourier,h168,2026-01-04T23:00:00,2026-01-18T23:00:00,2026-02-15T23:00:00,,,42.0
2026-02-06 03:00:00,35.2,-58.71863858938791,1.0,"Divine healer's Church, Bethlehem",tabular,ridge_ar_lag_fourier,h168,2026-01-04T23:00:00,2026-01-18T23:00:00,2026-02-15T23:00:00,,,42.0
2026-02-06 04:00:00,44.2,-55.96062019627267,1.0,"Divine healer's Church, Bethlehem",tabular,ridge_ar_lag_fourier,h168,2026-01-04T23:00:00,2026-01-18T23:00:00,2026-02-15T23:00:00,,,42.0
2026-02-06 05:00:00,65.2,-50.73498881199225,1.0,"Divine healer's Church, Bethlehem",tabular,ridge_ar_lag_fourier,h168,2026-01-04T23:00:00,2026-01-18T23:00:00,2026-02-15T23:00:00,,,42.0
2026-02-06 06:00:00,98.6,-34.85349844649993,1.0,"Divine healer's Church, Bethlehem",tabular,ridge_ar_lag_fourier,h168,2026-01-04T23:00:00,2026-01-18T23:00:00,2026-02-15T23:00:00,,,42.0
2026-02-06 07:00:00,52.2,-43.20523895122861,1.0,"Divine healer's Church, Bethlehem",tabular,ridge_ar_lag_fourier,h168,2026-01-04T23:00:00,2026-01-18T23:00:00,2026-02-15T23:00:00,,,42.0
2026-02-06 08:00:00,39.3,-57.64869455482767,1.0,"Divine healer's Church, Bethlehem",tabular,ridge_ar_lag_fourier,h168,2026-01-04T23:00:00,2026-01-18T23:00:00,2026-02-15T23:00:00,,,42.0
2026-02-06 09:00:00,33.9,-61.61246758168093,1.0,"Divine healer's Church, Bethlehem",tabular,ridge_ar_lag_fourier,h168,2026-01-04T23:00:00,2026-01-18T23:00:00,2026-02-15T23:00:00,,,42.0
2026-02-06 10:00:00,41.2,-61.70659012983191,1.0,"Divine healer's Church, Bethlehem",tabular,ridge_ar_lag_fourier,h168,2026-01-04T23:00:00,2026-01-18T23:00:00,2026-02-15T23:00:00,,,42.0
2026-02-06 11:00:00,33.0,-59.49746355247815,1.0,"Divine healer's Church, Bethlehem",tabular,ridge_ar_lag_fourier,h168,2026-01-04T23:00:00,2026-01-18T23:00:00,2026-02-15T23:00:00,,,42.0
2026-02-06 12:00:00,31.2,-52.119315133449575,1.0,"Divine healer's Church, Bethlehem",tabular,ridge_ar_lag_fourier,h168,2026-01-04T23:00:00,2026-01-18T23:00:00,2026-02-15T23:00:00,,,42.0
2026-02-06 13:00:00,32.2,-55.16742168215346,1.0,"Divine healer's Church, Bethlehem",tabular,ridge_ar_lag_fourier,h168,2026-01-04T23:00:00,2026-01-18T23:00:00,2026-02-15T23:00:00,,,42.0
2026-02-06 14:00:00,27.2,-62.93679382646545,1.0,"Divine healer's Church, Bethlehem",tabular,ridge_ar_lag_fourier,h168,2026-01-04T23:00:00,2026-01-18T23:00:00,2026-02-15T23:00:00,,,42.0
2026-02-06 15:00:00,26.2,-62.34058283444483,1.0,"Divine healer's Church, Bethlehem",tabular,ridge_ar_lag_fourier,h168,2026-01-04T23:00:00,2026-01-18T23:00:00,2026-02-15T23:00:00,,,42.0
2026-02-06 16:00:00,26.2,-60.000488943099526,1.0,"Divine healer's Church, Bethlehem",tabular,ridge_ar_lag_fourier,h168,2026-01-04T23:00:00,2026-01-18T23:00:00,2026-02-15T23:00:00,,,42.0
2026-02-06 17:00:00,29.4,-57.38245463560375,1.0,"Divine healer's Church, Bethlehem",tabular,ridge_ar_lag_fourier,h168,2026-01-04T23:00:00,2026-01-18T23:00:00,2026-02-15T23:00:00,,,42.0
2026-02-06 18:00:00,34.0,-53.19054608576329,1.0,"Divine healer's Church, Bethlehem",tabular,ridge_ar_lag_fourier,h168,2026-01-04T23:00:00,2026-01-18T23:00:00,2026-02-15T23:00:00,,,42.0
2026-02-06 19:00:00,38.5,-43.080203226248244,1.0,"Divine healer's Church, Bethlehem",tabular,ridge_ar_lag_fourier,h168,2026-01-04T23:00:00,2026-01-18T23:00:00,2026-02-15T23:00:00,,,42.0
2026-02-06 20:00:00,34.5,-50.00730943254277,1.0,"Divine healer's Church, Bethlehem",tabular,ridge_ar_lag_fourier,h168,2026-01-04T23:00:00,2026-01-18T23:00:00,2026-02-15T23:00:00,,,42.0
2026-02-06 21:00:00,51.0,-52.811422035178154,1.0,"Divine healer's Church, Bethlehem",tabular,ridge_ar_lag_fourier,h168,2026-01-04T23:00:00,2026-01-18T23:00:00,2026-02-15T23:00:00,,,42.0
2026-02-06 22:00:00,33.3,-55.62355048625474,1.0,"Divine healer's Church, Bethlehem",tabular,ridge_ar_lag_fourier,h168,2026-01-04T23:00:00,2026-01-18T23:00:00,2026-02-15T23:00:00,,,42.0
2026-02-06 23:00:00,35.8,-57.58941122977575,1.0,"Divine healer's Church, Bethlehem",tabular,ridge_ar_lag_fourier,h168,2026-01-04T23:00:00,2026-01-18T23:00:00,2026-02-15T23:00:00,,,42.0
2026-02-07 00:00:00,36.3,-57.381903018158056,1.0,"Divine healer's Church, Bethlehem",tabular,ridge_ar_lag_fourier,h168,2026-01-04T23:00:00,2026-01-18T23:00:00,2026-02-15T23:00:00,,,42.0
2026-02-07 01:00:00,41.7,-59.17991088315432,1.0,"Divine healer's Church, Bethlehem",tabular,ridge_ar_lag_fourier,h168,2026-01-04T23:00:00,2026-01-18T23:00:00,2026-02-15T23:00:00,,,42.0
2026-02-07 02:00:00,40.6,-57.600959791694734,1.0,"Divine healer's Church, Bethlehem",tabular,ridge_ar_lag_fourier,h168,2026-01-04T23:00:00,2026-01-18T23:00:00,2026-02-15T23:00:00,,,42.0
2026-02-07 03:00:00,39.1,-60.36494942753481,1.0,"Divine healer's Church, Bethlehem",tabular,ridge_ar_lag_fourier,h168,2026-01-04T23:00:00,2026-01-18T23:00:00,2026-02-15T23:00:00,,,42.0
2026-02-07 04:00:00,45.0,-58.31997404900508,1.0,"Divine healer's Church, Bethlehem",tabular,ridge_ar_lag_fourier,h168,2026-01-04T23:00:00,2026-01-18T23:00:00,2026-02-15T23:00:00,,,42.0
2026-02-07 05:00:00,53.4,-51.095886380189924,1.0,"Divine healer's Church, Bethlehem",tabular,ridge_ar_lag_fourier,h168,2026-01-04T23:00:00,2026-01-18T23:00:00,2026-02-15T23:00:00,,,42.0
2026-02-07 06:00:00,63.8,-38.72464582219769,1.0,"Divine healer's Church, Bethlehem",tabular,ridge_ar_lag_fourier,h168,2026-01-04T23:00:00,2026-01-18T23:00:00,2026-02-15T23:00:00,,,42.0
2026-02-07 07:00:00,59.9,-47.46554383505763,1.0,"Divine healer's Church, Bethlehem",tabular,ridge_ar_lag_fourier,h168,2026-01-04T23:00:00,2026-01-18T23:00:00,2026-02-15T23:00:00,,,42.0
2026-02-07 08:00:00,38.6,-57.494609958837856,1.0,"Divine healer's Church, Bethlehem",tabular,ridge_ar_lag_fourier,h168,2026-01-04T23:00:00,2026-01-18T23:00:00,2026-02-15T23:00:00,,,42.0
2026-02-07 09:00:00,43.7,-62.358397559395655,1.0,"Divine healer's Church, Bethlehem",tabular,ridge_ar_lag_fourier,h168,2026-01-04T23:00:00,2026-01-18T23:00:00,2026-02-15T23:00:00,,,42.0
2026-02-07 10:00:00,46.7,-63.4844799270428,1.0,"Divine healer's Church, Bethlehem",tabular,ridge_ar_lag_fourier,h168,2026-01-04T23:00:00,2026-01-18T23:00:00,2026-02-15T23:00:00,,,42.0
2026-02-07 11:00:00,60.3,-62.65980903144225,1.0,"Divine healer's Church, Bethlehem",tabular,ridge_ar_lag_fourier,h168,2026-01-04T23:00:00,2026-01-18T23:00:00,2026-02-15T23:00:00,,,42.0
2026-02-07 12:00:00,31.3,-60.113751533305035,1.0,"Divine healer's Church, Bethlehem",tabular,ridge_ar_lag_fourier,h168,2026-01-04T23:00:00,2026-01-18T23:00:00,2026-02-15T23:00:00,,,42.0
2026-02-07 13:00:00,23.3,-62.09400424114304,1.0,"Divine healer's Church, Bethlehem",tabular,ridge_ar_lag_fourier,h168,2026-01-04T23:00:00,2026-01-18T23:00:00,2026-02-15T23:00:00,,,42.0
2026-02-07 14:00:00,28.3,-65.3945842601578,1.0,"Divine healer's Church, Bethlehem",tabular,ridge_ar_lag_fourier,h168,2026-01-04T23:00:00,2026-01-18T23:00:00,2026-02-15T23:00:00,,,42.0
2026-02-07 15:00:00,48.1,-63.17625300471772,1.0,"Divine healer's Church, Bethlehem",tabular,ridge_ar_lag_fourier,h168,2026-01-04T23:00:00,2026-01-18T23:00:00,2026-02-15T23:00:00,,,42.0
2026-02-07 16:00:00,28.8,-59.38749032054223,1.0,"Divine healer's Church, Bethlehem",tabular,ridge_ar_lag_fourier,h168,2026-01-04T23:00:00,2026-01-18T23:00:00,2026-02-15T23:00:00,,,42.0
2026-02-07 17:00:00,44.3,-59.25748458467379,1.0,"Divine healer's Church, Bethlehem",tabular,ridge_ar_lag_fourier,h168,2026-01-04T23:00:00,2026-01-18T23:00:00,2026-02-15T23:00:00,,,42.0
2026-02-07 18:00:00,72.7,-54.72087486114779,1.0,"Divine healer's Church, Bethlehem",tabular,ridge_ar_lag_fourier,h168,2026-01-04T23:00:00,2026-01-18T23:00:00,2026-02-15T23:00:00,,,42.0
2026-02-07 19:00:00,46.1,-42.836684920301494,1.0,"Divine healer's Church, Bethlehem",tabular,ridge_ar_lag_fourier,h168,2026-01-04T23:00:00,2026-01-18T23:00:00,2026-02-15T23:00:00,,,42.0
2026-02-07 20:00:00,36.5,-44.5919784913423,1.0,"Divine healer's Church, Bethlehem",tabular,ridge_ar_lag_fourier,h168,2026-01-04T23:00:00,2026-01-18T23:00:00,2026-02-15T23:00:00,,,42.0
2026-02-07 21:00:00,41.8,-56.25094340729011,1.0,"Divine healer's Church, Bethlehem",tabular,ridge_ar_lag_fourier,h168,2026-01-04T23:00:00,2026-01-18T23:00:00,2026-02-15T23:00:00,,,42.0
2026-02-07 22:00:00,44.5,-57.665562777148324,1.0,"Divine healer's Church, Bethlehem",tabular,ridge_ar_lag_fourier,h168,2026-01-04T23:00:00,2026-01-18T23:00:00,2026-02-15T23:00:00,,,42.0
2026-02-07 23:00:00,38.4,-45.452860988267346,1.0,"Divine healer's Church, Bethlehem",tabular,ridge_ar_lag_fourier,h168,2026-01-04T23:00:00,2026-01-18T23:00:00,2026-02-15T23:00:00,,,42.0
2026-02-08 00:00:00,37.6,-46.87143732772921,1.0,"Divine healer's Church, Bethlehem",tabular,ridge_ar_lag_fourier,h168,2026-01-04T23:00:00,2026-01-18T23:00:00,2026-02-15T23:00:00,,,42.0
2026-02-08 01:00:00,39.8,-46.62910703586458,1.0,"Divine healer's Church, Bethlehem",tabular,ridge_ar_lag_fourier,h168,2026-01-04T23:00:00,2026-01-18T23:00:00,2026-02-15T23:00:00,,,42.0
2026-02-08 02:00:00,31.4,-49.84657903602621,1.0,"Divine healer's Church, Bethlehem",tabular,ridge_ar_lag_fourier,h168,2026-01-04T23:00:00,2026-01-18T23:00:00,2026-02-15T23:00:00,,,42.0
2026-02-08 03:00:00,39.7,-52.649441741793325,1.0,"Divine healer's Church, Bethlehem",tabular,ridge_ar_lag_fourier,h168,2026-01-04T23:00:00,2026-01-18T23:00:00,2026-02-15T23:00:00,,,42.0
2026-02-08 04:00:00,46.8,-52.54750627593555,1.0,"Divine healer's Church, Bethlehem",tabular,ridge_ar_lag_fourier,h168,2026-01-04T23:00:00,2026-01-18T23:00:00,2026-02-15T23:00:00,,,42.0
2026-02-08 05:00:00,67.9,-47.176501179872574,1.0,"Divine healer's Church, Bethlehem",tabular,ridge_ar_lag_fourier,h168,2026-01-04T23:00:00,2026-01-18T23:00:00,2026-02-15T23:00:00,,,42.0
2026-02-08 06:00:00,77.5,-37.801324965027305,1.0,"Divine healer's Church, Bethlehem",tabular,ridge_ar_lag_fourier,h168,2026-01-04T23:00:00,2026-01-18T23:00:00,2026-02-15T23:00:00,,,42.0
2026-02-08 07:00:00,58.6,-41.717328004995636,1.0,"Divine healer's Church, Bethlehem",tabular,ridge_ar_lag_fourier,h168,2026-01-04T23:00:00,2026-01-18T23:00:00,2026-02-15T23:00:00,,,42.0
2026-02-08 08:00:00,49.4,-52.11253385645588,1.0,"Divine healer's Church, Bethlehem",tabular,ridge_ar_lag_fourier,h168,2026-01-04T23:00:00,2026-01-18T23:00:00,2026-02-15T23:00:00,,,42.0
2026-02-08 09:00:00,44.0,-51.54608215622626,1.0,"Divine healer's Church, Bethlehem",tabular,ridge_ar_lag_fourier,h168,2026-01-04T23:00:00,2026-01-18T23:00:00,2026-02-15T23:00:00,,,42.0
2026-02-08 10:00:00,37.2,-53.13122261178039,1.0,"Divine healer's Church, Bethlehem",tabular,ridge_ar_lag_fourier,h168,2026-01-04T23:00:00,2026-01-18T23:00:00,2026-02-15T23:00:00,,,42.0
2026-02-08 11:00:00,38.4,-49.54966183428145,1.0,"Divine healer's Church, Bethlehem",tabular,ridge_ar_lag_fourier,h168,2026-01-04T23:00:00,2026-01-18T23:00:00,2026-02-15T23:00:00,,,42.0
2026-02-08 12:00:00,30.8,-53.67301319642047,1.0,"Divine healer's Church, Bethlehem",tabular,ridge_ar_lag_fourier,h168,2026-01-04T23:00:00,2026-01-18T23:00:00,2026-02-15T23:00:00,,,42.0
2026-02-08 13:00:00,31.9,-55.304940165881334,1.0,"Divine healer's Church, Bethlehem",tabular,ridge_ar_lag_fourier,h168,2026-01-04T23:00:00,2026-01-18T23:00:00,2026-02-15T23:00:00,,,42.0
2026-02-08 14:00:00,34.3,-59.447012170332684,1.0,"Divine healer's Church, Bethlehem",tabular,ridge_ar_lag_fourier,h168,2026-01-04T23:00:00,2026-01-18T23:00:00,2026-02-15T23:00:00,,,42.0
2026-02-08 15:00:00,33.6,-60.38930959644067,1.0,"Divine healer's Church, Bethlehem",tabular,ridge_ar_lag_fourier,h168,2026-01-04T23:00:00,2026-01-18T23:00:00,2026-02-15T23:00:00,,,42.0
2026-02-08 16:00:00,42.4,-56.92981921643418,1.0,"Divine healer's Church, Bethlehem",tabular,ridge_ar_lag_fourier,h168,2026-01-04T23:00:00,2026-01-18T23:00:00,2026-02-15T23:00:00,,,42.0
2026-02-08 17:00:00,63.8,-33.76564135372607,1.0,"Divine healer's Church, Bethlehem",tabular,ridge_ar_lag_fourier,h168,2026-01-04T23:00:00,2026-01-18T23:00:00,2026-02-15T23:00:00,,,42.0
2026-02-08 18:00:00,47.3,-35.956710883341,1.0,"Divine healer's Church, Bethlehem",tabular,ridge_ar_lag_fourier,h168,2026-01-04T23:00:00,2026-01-18T23:00:00,2026-02-15T23:00:00,,,42.0
2026-02-08 19:00:00,51.0,-38.310811542148684,1.0,"Divine healer's Church, Bethlehem",tabular,ridge_ar_lag_fourier,h168,2026-01-04T23:00:00,2026-01-18T23:00:00,2026-02-15T23:00:00,,,42.0
2026-02-08 20:00:00,39.1,-42.185988789079175,1.0,"Divine healer's Church, Bethlehem",tabular,ridge_ar_lag_fourier,h168,2026-01-04T23:00:00,2026-01-18T23:00:00,2026-02-15T23:00:00,,,42.0
2026-02-08 21:00:00,40.5,-47.22954680713899,1.0,"Divine healer's Church, Bethlehem",tabular,ridge_ar_lag_fourier,h168,2026-01-04T23:00:00,2026-01-18T23:00:00,2026-02-15T23:00:00,,,42.0
2026-02-08 22:00:00,53.5,-50.58410397458174,1.0,"Divine healer's Church, Bethlehem",tabular,ridge_ar_lag_fourier,h168,2026-01-04T23:00:00,2026-01-18T23:00:00,2026-02-15T23:00:00,,,42.0
2026-02-08 23:00:00,56.3,-50.324017661977706,1.0,"Divine healer's Church, Bethlehem",tabular,ridge_ar_lag_fourier,h168,2026-01-04T23:00:00,2026-01-18T23:00:00,2026-02-15T23:00:00,,,42.0
2026-02-09 00:00:00,41.2,-43.71508110654659,1.0,"Divine healer's Church, Bethlehem",tabular,ridge_ar_lag_fourier,h168,2026-01-04T23:00:00,2026-01-18T23:00:00,2026-02-15T23:00:00,,,42.0
2026-02-09 01:00:00,36.3,-44.729413210175906,1.0,"Divine healer's Church, Bethlehem",tabular,ridge_ar_lag_fourier,h168,2026-01-04T23:00:00,2026-01-18T23:00:00,2026-02-15T23:00:00,,,42.0
2026-02-09 02:00:00,35.1,-49.63974576027445,1.0,"Divine healer's Church, Bethlehem",tabular,ridge_ar_lag_fourier,h168,2026-01-04T23:00:00,2026-01-18T23:00:00,2026-02-15T23:00:00,,,42.0
2026-02-09 03:00:00,34.7,-50.644115644047915,1.0,"Divine healer's Church, Bethlehem",tabular,ridge_ar_lag_fourier,h168,2026-01-04T23:00:00,2026-01-18T23:00:00,2026-02-15T23:00:00,,,42.0
2026-02-09 04:00:00,33.5,-51.43652715392763,1.0,"Divine healer's Church, Bethlehem",tabular,ridge_ar_lag_fourier,h168,2026-01-04T23:00:00,2026-01-18T23:00:00,2026-02-15T23:00:00,,,42.0
2026-02-09 05:00:00,46.4,-43.7997675861686,1.0,"Divine healer's Church, Bethlehem",tabular,ridge_ar_lag_fourier,h168,2026-01-04T23:00:00,2026-01-18T23:00:00,2026-02-15T23:00:00,,,42.0
2026-02-09 06:00:00,50.3,-36.05389891767601,1.0,"Divine healer's Church, Bethlehem",tabular,ridge_ar_lag_fourier,h168,2026-01-04T23:00:00,2026-01-18T23:00:00,2026-02-15T23:00:00,,,42.0
2026-02-09 07:00:00,42.0,-37.79838033530615,1.0,"Divine healer's Church, Bethlehem",tabular,ridge_ar_lag_fourier,h168,2026-01-04T23:00:00,2026-01-18T23:00:00,2026-02-15T23:00:00,,,42.0
2026-02-09 08:00:00,35.3,-43.90133601467288,1.0,"Divine healer's Church, Bethlehem",tabular,ridge_ar_lag_fourier,h168,2026-01-04T23:00:00,2026-01-18T23:00:00,2026-02-15T23:00:00,,,42.0
2026-02-09 09:00:00,33.4,-51.65993580115024,1.0,"Divine healer's Church, Bethlehem",tabular,ridge_ar_lag_fourier,h168,2026-01-04T23:00:00,2026-01-18T23:00:00,2026-02-15T23:00:00,,,42.0
2026-02-09 10:00:00,31.5,-49.7972447974538,1.0,"Divine healer's Church, Bethlehem",tabular,ridge_ar_lag_fourier,h168,2026-01-04T23:00:00,2026-01-18T23:00:00,2026-02-15T23:00:00,,,42.0
2026-02-09 11:00:00,35.3,-50.22678175785701,1.0,"Divine healer's Church, Bethlehem",tabular,ridge_ar_lag_fourier,h168,2026-01-04T23:00:00,2026-01-18T23:00:00,2026-02-15T23:00:00,,,42.0
2026-02-09 12:00:00,28.7,-53.416067818985226,1.0,"Divine healer's Church, Bethlehem",tabular,ridge_ar_lag_fourier,h168,2026-01-04T23:00:00,2026-01-18T23:00:00,2026-02-15T23:00:00,,,42.0
2026-02-09 13:00:00,25.3,-57.04642721457559,1.0,"Divine healer's Church, Bethlehem",tabular,ridge_ar_lag_fourier,h168,2026-01-04T23:00:00,2026-01-18T23:00:00,2026-02-15T23:00:00,,,42.0
2026-02-09 14:00:00,24.6,-57.032382252727075,1.0,"Divine healer's Church, Bethlehem",tabular,ridge_ar_lag_fourier,h168,2026-01-04T23:00:00,2026-01-18T23:00:00,2026-02-15T23:00:00,,,42.0
2026-02-09 15:00:00,23.9,-57.54250833560745,1.0,"Divine healer's Church, Bethlehem",tabular,ridge_ar_lag_fourier,h168,2026-01-04T23:00:00,2026-01-18T23:00:00,2026-02-15T23:00:00,,,42.0
2026-02-09 16:00:00,28.6,-52.86082324618077,1.0,"Divine healer's Church, Bethlehem",tabular,ridge_ar_lag_fourier,h168,2026-01-04T23:00:00,2026-01-18T23:00:00,2026-02-15T23:00:00,,,42.0
2026-02-09 17:00:00,37.8,-49.09405588461536,1.0,"Divine healer's Church, Bethlehem",tabular,ridge_ar_lag_fourier,h168,2026-01-04T23:00:00,2026-01-18T23:00:00,2026-02-15T23:00:00,,,42.0
2026-02-09 18:00:00,44.7,-41.52640374457705,1.0,"Divine healer's Church, Bethlehem",tabular,ridge_ar_lag_fourier,h168,2026-01-04T23:00:00,2026-01-18T23:00:00,2026-02-15T23:00:00,,,42.0
2026-02-09 19:00:00,53.9,-35.09985115501185,1.0,"Divine healer's Church, Bethlehem",tabular,ridge_ar_lag_fourier,h168,2026-01-04T23:00:00,2026-01-18T23:00:00,2026-02-15T23:00:00,,,42.0
2026-02-09 20:00:00,37.9,-39.997488464529795,1.0,"Divine healer's Church, Bethlehem",tabular,ridge_ar_lag_fourier,h168,2026-01-04T23:00:00,2026-01-18T23:00:00,2026-02-15T23:00:00,,,42.0
2026-02-09 21:00:00,30.6,-43.04118317385675,1.0,"Divine healer's Church, Bethlehem",tabular,ridge_ar_lag_fourier,h168,2026-01-04T23:00:00,2026-01-18T23:00:00,2026-02-15T23:00:00,,,42.0
2026-02-09 22:00:00,34.5,-46.85003436020402,1.0,"Divine healer's Church, Bethlehem",tabular,ridge_ar_lag_fourier,h168,2026-01-04T23:00:00,2026-01-18T23:00:00,2026-02-15T23:00:00,,,42.0
2026-02-09 23:00:00,33.9,-52.71227037401229,1.0,"Divine healer's Church, Bethlehem",tabular,ridge_ar_lag_fourier,h168,2026-01-04T23:00:00,2026-01-18T23:00:00,2026-02-15T23:00:00,,,42.0
2026-02-10 00:00:00,36.7,-52.16334154447975,1.0,"Divine healer's Church, Bethlehem",tabular,ridge_ar_lag_fourier,h168,2026-01-04T23:00:00,2026-01-18T23:00:00,2026-02-15T23:00:00,,,42.0
2026-02-10 01:00:00,28.1,-51.58423125706199,1.0,"Divine healer's Church, Bethlehem",tabular,ridge_ar_lag_fourier,h168,2026-01-04T23:00:00,2026-01-18T23:00:00,2026-02-15T23:00:00,,,42.0
2026-02-10 02:00:00,31.3,-54.17437664634386,1.0,"Divine healer's Church, Bethlehem",tabular,ridge_ar_lag_fourier,h168,2026-01-04T23:00:00,2026-01-18T23:00:00,2026-02-15T23:00:00,,,42.0
2026-02-10 03:00:00,16.0,-52.335627064578446,1.0,"Divine healer's Church, Bethlehem",tabular,ridge_ar_lag_fourier,h168,2026-01-04T23:00:00,2026-01-18T23:00:00,2026-02-15T23:00:00,,,42.0
2026-02-10 04:00:00,40.3,-51.60133648573303,1.0,"Divine healer's Church, Bethlehem",tabular,ridge_ar_lag_fourier,h168,2026-01-04T23:00:00,2026-01-18T23:00:00,2026-02-15T23:00:00,,,42.0
2026-02-10 05:00:00,106.4,-44.743641553489226,1.0,"Divine healer's Church, Bethlehem",tabular,ridge_ar_lag_fourier,h168,2026-01-04T23:00:00,2026-01-18T23:00:00,2026-02-15T23:00:00,,,42.0
2026-02-10 06:00:00,47.0,-39.80905954344212,1.0,"Divine healer's Church, Bethlehem",tabular,ridge_ar_lag_fourier,h168,2026-01-04T23:00:00,2026-01-18T23:00:00,2026-02-15T23:00:00,,,42.0
2026-02-10 07:00:00,44.0,-41.81091582582121,1.0,"Divine healer's Church, Bethlehem",tabular,ridge_ar_lag_fourier,h168,2026-01-04T23:00:00,2026-01-18T23:00:00,2026-02-15T23:00:00,,,42.0
2026-02-10 08:00:00,34.5,-51.36610040548587,1.0,"Divine healer's Church, Bethlehem",tabular,ridge_ar_lag_fourier,h168,2026-01-04T23:00:00,2026-01-18T23:00:00,2026-02-15T23:00:00,,,42.0
2026-02-10 09:00:00,41.2,-49.23068800588459,1.0,"Divine healer's Church, Bethlehem",tabular,ridge_ar_lag_fourier,h168,2026-01-04T23:00:00,2026-01-18T23:00:00,2026-02-15T23:00:00,,,42.0
2026-02-10 10:00:00,47.9,-52.83087484248216,1.0,"Divine healer's Church, Bethlehem",tabular,ridge_ar_lag_fourier,h168,2026-01-04T23:00:00,2026-01-18T23:00:00,2026-02-15T23:00:00,,,42.0
2026-02-10 11:00:00,46.9,-55.3358887998815,1.0,"Divine healer's Church, Bethlehem",tabular,ridge_ar_lag_fourier,h168,2026-01-04T23:00:00,2026-01-18T23:00:00,2026-02-15T23:00:00,,,42.0
2026-02-10 12:00:00,34.3,-56.68894784364966,1.0,"Divine healer's Church, Bethlehem",tabular,ridge_ar_lag_fourier,h168,2026-01-04T23:00:00,2026-01-18T23:00:00,2026-02-15T23:00:00,,,42.0
2026-02-10 13:00:00,35.6,-57.4216724617022,1.0,"Divine healer's Church, Bethlehem",tabular,ridge_ar_lag_fourier,h168,2026-01-04T23:00:00,2026-01-18T23:00:00,2026-02-15T23:00:00,,,42.0
2026-02-10 14:00:00,31.4,-57.40907339199977,1.0,"Divine healer's Church, Bethlehem",tabular,ridge_ar_lag_fourier,h168,2026-01-04T23:00:00,2026-01-18T23:00:00,2026-02-15T23:00:00,,,42.0
2026-02-10 15:00:00,40.3,-56.810633801493196,1.0,"Divine healer's Church, Bethlehem",tabular,ridge_ar_lag_fourier,h168,2026-01-04T23:00:00,2026-01-18T23:00:00,2026-02-15T23:00:00,,,42.0
2026-02-10 16:00:00,33.0,-50.48764933061153,1.0,"Divine healer's Church, Bethlehem",tabular,ridge_ar_lag_fourier,h168,2026-01-04T23:00:00,2026-01-18T23:00:00,2026-02-15T23:00:00,,,42.0
2026-02-10 17:00:00,47.1,-48.192644100276425,1.0,"Divine healer's Church, Bethlehem",tabular,ridge_ar_lag_fourier,h168,2026-01-04T23:00:00,2026-01-18T23:00:00,2026-02-15T23:00:00,,,42.0
2026-02-10 18:00:00,18.5,-45.065915743073646,1.0,"Divine healer's Church, Bethlehem",tabular,ridge_ar_lag_fourier,h168,2026-01-04T23:00:00,2026-01-18T23:00:00,2026-02-15T23:00:00,,,42.0
2026-02-10 19:00:00,21.0,-33.575514228783575,1.0,"Divine healer's Church, Bethlehem",tabular,ridge_ar_lag_fourier,h168,2026-01-04T23:00:00,2026-01-18T23:00:00,2026-02-15T23:00:00,,,42.0
2026-02-10 20:00:00,27.2,-38.947158527381504,1.0,"Divine healer's Church, Bethlehem",tabular,ridge_ar_lag_fourier,h168,2026-01-04T23:00:00,2026-01-18T23:00:00,2026-02-15T23:00:00,,,42.0
2026-02-10 21:00:00,15.6,-45.00566250313993,1.0,"Divine healer's Church, Bethlehem",tabular,ridge_ar_lag_fourier,h168,2026-01-04T23:00:00,2026-01-18T23:00:00,2026-02-15T23:00:00,,,42.0
2026-02-10 22:00:00,9.7,-51.75655032861603,1.0,"Divine healer's Church, Bethlehem",tabular,ridge_ar_lag_fourier,h168,2026-01-04T23:00:00,2026-01-18T23:00:00,2026-02-15T23:00:00,,,42.0
2026-02-10 23:00:00,9.3,-54.03447966415018,1.0,"Divine healer's Church, Bethlehem",tabular,ridge_ar_lag_fourier,h168,2026-01-04T23:00:00,2026-01-18T23:00:00,2026-02-15T23:00:00,,,42.0
2026-02-11 00:00:00,17.6,-54.442838132227564,1.0,"Divine healer's Church, Bethlehem",tabular,ridge_ar_lag_fourier,h168,2026-01-04T23:00:00,2026-01-18T23:00:00,2026-02-15T23:00:00,,,42.0
2026-02-11 01:00:00,18.7,-50.56681341088316,1.0,"Divine healer's Church, Bethlehem",tabular,ridge_ar_lag_fourier,h168,2026-01-04T23:00:00,2026-01-18T23:00:00,2026-02-15T23:00:00,,,42.0
2026-02-11 02:00:00,17.7,-55.52931314449668,1.0,"Divine healer's Church, Bethlehem",tabular,ridge_ar_lag_fourier,h168,2026-01-04T23:00:00,2026-01-18T23:00:00,2026-02-15T23:00:00,,,42.0
2026-02-11 03:00:00,33.8,-57.654398927927986,1.0,"Divine healer's Church, Bethlehem",tabular,ridge_ar_lag_fourier,h168,2026-01-04T23:00:00,2026-01-18T23:00:00,2026-02-15T23:00:00,,,42.0
2026-02-11 04:00:00,56.4,-57.73701099774942,1.0,"Divine healer's Church, Bethlehem",tabular,ridge_ar_lag_fourier,h168,2026-01-04T23:00:00,2026-01-18T23:00:00,2026-02-15T23:00:00,,,42.0
2026-02-11 05:00:00,61.7,-45.98273641609076,1.0,"Divine healer's Church, Bethlehem",tabular,ridge_ar_lag_fourier,h168,2026-01-04T23:00:00,2026-01-18T23:00:00,2026-02-15T23:00:00,,,42.0
2026-02-11 06:00:00,47.3,-37.40057890776697,1.0,"Divine healer's Church, Bethlehem",tabular,ridge_ar_lag_fourier,h168,2026-01-04T23:00:00,2026-01-18T23:00:00,2026-02-15T23:00:00,,,42.0
2026-02-11 07:00:00,29.9,-37.756078679918744,1.0,"Divine healer's Church, Bethlehem",tabular,ridge_ar_lag_fourier,h168,2026-01-04T23:00:00,2026-01-18T23:00:00,2026-02-15T23:00:00,,,42.0
2026-02-11 08:00:00,38.8,-47.767933550301805,1.0,"Divine healer's Church, Bethlehem",tabular,ridge_ar_lag_fourier,h168,2026-01-04T23:00:00,2026-01-18T23:00:00,2026-02-15T23:00:00,,,42.0
2026-02-11 09:00:00,41.5,-52.488306376929884,1.0,"Divine healer's Church, Bethlehem",tabular,ridge_ar_lag_fourier,h168,2026-01-04T23:00:00,2026-01-18T23:00:00,2026-02-15T23:00:00,,,42.0
2026-02-11 10:00:00,25.5,-55.53125548462074,1.0,"Divine healer's Church, Bethlehem",tabular,ridge_ar_lag_fourier,h168,2026-01-04T23:00:00,2026-01-18T23:00:00,2026-02-15T23:00:00,,,42.0
2026-02-11 11:00:00,25.5,-56.32445327449875,1.0,"Divine healer's Church, Bethlehem",tabular,ridge_ar_lag_fourier,h168,2026-01-04T23:00:00,2026-01-18T23:00:00,2026-02-15T23:00:00,,,42.0
2026-02-11 12:00:00,25.1,-57.735591405906476,1.0,"Divine healer's Church, Bethlehem",tabular,ridge_ar_lag_fourier,h168,2026-01-04T23:00:00,2026-01-18T23:00:00,2026-02-15T23:00:00,,,42.0
2026-02-11 13:00:00,23.7,-62.442402222904875,1.0,"Divine healer's Church, Bethlehem",tabular,ridge_ar_lag_fourier,h168,2026-01-04T23:00:00,2026-01-18T23:00:00,2026-02-15T23:00:00,,,42.0
2026-02-11 14:00:00,19.7,-67.14893384222188,1.0,"Divine healer's Church, Bethlehem",tabular,ridge_ar_lag_fourier,h168,2026-01-04T23:00:00,2026-01-18T23:00:00,2026-02-15T23:00:00,,,42.0
2026-02-11 15:00:00,22.6,-67.00875058381541,1.0,"Divine healer's Church, Bethlehem",tabular,ridge_ar_lag_fourier,h168,2026-01-04T23:00:00,2026-01-18T23:00:00,2026-02-15T23:00:00,,,42.0
2026-02-11 16:00:00,35.1,-60.215878403277074,1.0,"Divine healer's Church, Bethlehem",tabular,ridge_ar_lag_fourier,h168,2026-01-04T23:00:00,2026-01-18T23:00:00,2026-02-15T23:00:00,,,42.0
2026-02-11 17:00:00,34.1,-56.83746915450401,1.0,"Divine healer's Church, Bethlehem",tabular,ridge_ar_lag_fourier,h168,2026-01-04T23:00:00,2026-01-18T23:00:00,2026-02-15T23:00:00,,,42.0
2026-02-11 18:00:00,27.6,-53.57316700692519,1.0,"Divine healer's Church, Bethlehem",tabular,ridge_ar_lag_fourier,h168,2026-01-04T23:00:00,2026-01-18T23:00:00,2026-02-15T23:00:00,,,42.0
2026-02-11 19:00:00,37.1,-46.77483141144158,1.0,"Divine healer's Church, Bethlehem",tabular,ridge_ar_lag_fourier,h168,2026-01-04T23:00:00,2026-01-18T23:00:00,2026-02-15T23:00:00,,,42.0
2026-02-11 20:00:00,46.0,-46.311057868618335,1.0,"Divine healer's Church, Bethlehem",tabular,ridge_ar_lag_fourier,h168,2026-01-04T23:00:00,2026-01-18T23:00:00,2026-02-15T23:00:00,,,42.0
2026-02-11 21:00:00,53.3,-54.730769715354285,1.0,"Divine healer's Church, Bethlehem",tabular,ridge_ar_lag_fourier,h168,2026-01-04T23:00:00,2026-01-18T23:00:00,2026-02-15T23:00:00,,,42.0
2026-02-11 22:00:00,50.6,-56.769508786354336,1.0,"Divine healer's Church, Bethlehem",tabular,ridge_ar_lag_fourier,h168,2026-01-04T23:00:00,2026-01-18T23:00:00,2026-02-15T23:00:00,,,42.0
2026-02-11 23:00:00,87.2,-58.3231074653404,1.0,"Divine healer's Church, Bethlehem",tabular,ridge_ar_lag_fourier,h168,2026-01-04T23:00:00,2026-01-18T23:00:00,2026-02-15T23:00:00,,,42.0
2026-02-12 00:00:00,79.3,-58.511514925239666,1.0,"Divine healer's Church, Bethlehem",tabular,ridge_ar_lag_fourier,h168,2026-01-04T23:00:00,2026-01-18T23:00:00,2026-02-15T23:00:00,,,42.0
2026-02-12 01:00:00,83.0,-59.459472692539606,1.0,"Divine healer's Church, Bethlehem",tabular,ridge_ar_lag_fourier,h168,2026-01-04T23:00:00,2026-01-18T23:00:00,2026-02-15T23:00:00,,,42.0
2026-02-12 02:00:00,78.9,-61.611030215526426,1.0,"Divine healer's Church, Bethlehem",tabular,ridge_ar_lag_fourier,h168,2026-01-04T23:00:00,2026-01-18T23:00:00,2026-02-15T23:00:00,,,42.0
2026-02-12 03:00:00,65.7,-57.81260851563289,1.0,"Divine healer's Church, Bethlehem",tabular,ridge_ar_lag_fourier,h168,2026-01-04T23:00:00,2026-01-18T23:00:00,2026-02-15T23:00:00,,,42.0
2026-02-12 04:00:00,69.8,-53.80523450322188,1.0,"Divine healer's Church, Bethlehem",tabular,ridge_ar_lag_fourier,h168,2026-01-04T23:00:00,2026-01-18T23:00:00,2026-02-15T23:00:00,,,42.0
2026-02-12 05:00:00,69.6,-42.77269754550106,1.0,"Divine healer's Church, Bethlehem",tabular,ridge_ar_lag_fourier,h168,2026-01-04T23:00:00,2026-01-18T23:00:00,2026-02-15T23:00:00,,,42.0
2026-02-12 06:00:00,89.0,-41.83630728454675,1.0,"Divine healer's Church, Bethlehem",tabular,ridge_ar_lag_fourier,h168,2026-01-04T23:00:00,2026-01-18T23:00:00,2026-02-15T23:00:00,,,42.0
2026-02-12 07:00:00,63.3,-40.89752109494124,1.0,"Divine healer's Church, Bethlehem",tabular,ridge_ar_lag_fourier,h168,2026-01-04T23:00:00,2026-01-18T23:00:00,2026-02-15T23:00:00,,,42.0
2026-02-12 08:00:00,42.7,-47.46273436935746,1.0,"Divine healer's Church, Bethlehem",tabular,ridge_ar_lag_fourier,h168,2026-01-04T23:00:00,2026-01-18T23:00:00,2026-02-15T23:00:00,,,42.0
2026-02-12 09:00:00,33.5,-57.146232982752025,1.0,"Divine healer's Church, Bethlehem",tabular,ridge_ar_lag_fourier,h168,2026-01-04T23:00:00,2026-01-18T23:00:00,2026-02-15T23:00:00,,,42.0
2026-02-12 10:00:00,27.2,-58.26524173369303,1.0,"Divine healer's Church, Bethlehem",tabular,ridge_ar_lag_fourier,h168,2026-01-04T23:00:00,2026-01-18T23:00:00,2026-02-15T23:00:00,,,42.0
2026-02-12 11:00:00,12.1,-60.78678399728881,1.0,"Divine healer's Church, Bethlehem",tabular,ridge_ar_lag_fourier,h168,2026-01-04T23:00:00,2026-01-18T23:00:00,2026-02-15T23:00:00,,,42.0
2026-02-12 12:00:00,4.5,-64.33321647140428,1.0,"Divine healer's Church, Bethlehem",tabular,ridge_ar_lag_fourier,h168,2026-01-04T23:00:00,2026-01-18T23:00:00,2026-02-15T23:00:00,,,42.0
2026-02-12 13:00:00,4.1,-64.55125873374912,1.0,"Divine healer's Church, Bethlehem",tabular,ridge_ar_lag_fourier,h168,2026-01-04T23:00:00,2026-01-18T23:00:00,2026-02-15T23:00:00,,,42.0
2026-02-12 14:00:00,5.3,-66.1420108662076,1.0,"Divine healer's Church, Bethlehem",tabular,ridge_ar_lag_fourier,h168,2026-01-04T23:00:00,2026-01-18T23:00:00,2026-02-15T23:00:00,,,42.0
2026-02-12 15:00:00,7.5,-64.65036816955414,1.0,"Divine healer's Church, Bethlehem",tabular,ridge_ar_lag_fourier,h168,2026-01-04T23:00:00,2026-01-18T23:00:00,2026-02-15T23:00:00,,,42.0
2026-02-12 16:00:00,7.8,-60.29655692620972,1.0,"Divine healer's Church, Bethlehem",tabular,ridge_ar_lag_fourier,h168,2026-01-04T23:00:00,2026-01-18T23:00:00,2026-02-15T23:00:00,,,42.0
2026-02-12 17:00:00,8.3,-55.74247099219522,1.0,"Divine healer's Church, Bethlehem",tabular,ridge_ar_lag_fourier,h168,2026-01-04T23:00:00,2026-01-18T23:00:00,2026-02-15T23:00:00,,,42.0
2026-02-12 18:00:00,19.2,-50.82308902202058,1.0,"Divine healer's Church, Bethlehem",tabular,ridge_ar_lag_fourier,h168,2026-01-04T23:00:00,2026-01-18T23:00:00,2026-02-15T23:00:00,,,42.0
2026-02-12 19:00:00,32.4,-49.906077558913324,1.0,"Divine healer's Church, Bethlehem",tabular,ridge_ar_lag_fourier,h168,2026-01-04T23:00:00,2026-01-18T23:00:00,2026-02-15T23:00:00,,,42.0
2026-02-12 20:00:00,43.6,-50.53286755812749,1.0,"Divine healer's Church, Bethlehem",tabular,ridge_ar_lag_fourier,h168,2026-01-04T23:00:00,2026-01-18T23:00:00,2026-02-15T23:00:00,,,42.0
2026-02-12 21:00:00,28.1,-52.614597251890984,1.0,"Divine healer's Church, Bethlehem",tabular,ridge_ar_lag_fourier,h168,2026-01-04T23:00:00,2026-01-18T23:00:00,2026-02-15T23:00:00,,,42.0
2026-02-12 22:00:00,53.1,-55.04987486369072,1.0,"Divine healer's Church, Bethlehem",tabular,ridge_ar_lag_fourier,h168,2026-01-04T23:00:00,2026-01-18T23:00:00,2026-02-15T23:00:00,,,42.0
2026-02-12 23:00:00,44.9,-54.56484583730891,1.0,"Divine healer's Church, Bethlehem",tabular,ridge_ar_lag_fourier,h168,2026-01-04T23:00:00,2026-01-18T23:00:00,2026-02-15T23:00:00,,,42.0
2026-02-13 00:00:00,28.8,-55.26984085677293,1.0,"Divine healer's Church, Bethlehem",tabular,ridge_ar_lag_fourier,h168,2026-01-04T23:00:00,2026-01-18T23:00:00,2026-02-15T23:00:00,,,42.0
2026-02-13 01:00:00,30.5,-54.87669661634487,1.0,"Divine healer's Church, Bethlehem",tabular,ridge_ar_lag_fourier,h168,2026-01-04T23:00:00,2026-01-18T23:00:00,2026-02-15T23:00:00,,,42.0
2026-02-13 02:00:00,31.9,-57.36105711744372,1.0,"Divine healer's Church, Bethlehem",tabular,ridge_ar_lag_fourier,h168,2026-01-04T23:00:00,2026-01-18T23:00:00,2026-02-15T23:00:00,,,42.0
2026-02-13 03:00:00,43.7,-55.98261126510036,1.0,"Divine healer's Church, Bethlehem",tabular,ridge_ar_lag_fourier,h168,2026-01-04T23:00:00,2026-01-18T23:00:00,2026-02-15T23:00:00,,,42.0
2026-02-13 04:00:00,43.9,-52.80177544306552,1.0,"Divine healer's Church, Bethlehem",tabular,ridge_ar_lag_fourier,h168,2026-01-04T23:00:00,2026-01-18T23:00:00,2026-02-15T23:00:00,,,42.0
2026-02-13 05:00:00,40.2,-42.7654558426853,1.0,"Divine healer's Church, Bethlehem",tabular,ridge_ar_lag_fourier,h168,2026-01-04T23:00:00,2026-01-18T23:00:00,2026-02-15T23:00:00,,,42.0
2026-02-13 06:00:00,60.1,-37.378444907118435,1.0,"Divine healer's Church, Bethlehem",tabular,ridge_ar_lag_fourier,h168,2026-01-04T23:00:00,2026-01-18T23:00:00,2026-02-15T23:00:00,,,42.0
2026-02-13 07:00:00,39.8,-38.75777350865822,1.0,"Divine healer's Church, Bethlehem",tabular,ridge_ar_lag_fourier,h168,2026-01-04T23:00:00,2026-01-18T23:00:00,2026-02-15T23:00:00,,,42.0
2026-02-13 08:00:00,21.9,-48.755162333435294,1.0,"Divine healer's Church, Bethlehem",tabular,ridge_ar_lag_fourier,h168,2026-01-04T23:00:00,2026-01-18T23:00:00,2026-02-15T23:00:00,,,42.0
2026-02-13 09:00:00,21.5,-58.41667906044108,1.0,"Divine healer's Church, Bethlehem",tabular,ridge_ar_lag_fourier,h168,2026-01-04T23:00:00,2026-01-18T23:00:00,2026-02-15T23:00:00,,,42.0
2026-02-13 10:00:00,28.7,-57.45532932096536,1.0,"Divine healer's Church, Bethlehem",tabular,ridge_ar_lag_fourier,h168,2026-01-04T23:00:00,2026-01-18T23:00:00,2026-02-15T23:00:00,,,42.0
2026-02-13 11:00:00,31.5,-57.551041375313375,1.0,"Divine healer's Church, Bethlehem",tabular,ridge_ar_lag_fourier,h168,2026-01-04T23:00:00,2026-01-18T23:00:00,2026-02-15T23:00:00,,,42.0
2026-02-13 12:00:00,16.8,-56.85181967985969,1.0,"Divine healer's Church, Bethlehem",tabular,ridge_ar_lag_fourier,h168,2026-01-04T23:00:00,2026-01-18T23:00:00,2026-02-15T23:00:00,,,42.0
2026-02-13 13:00:00,17.9,-61.98112087584002,1.0,"Divine healer's Church, Bethlehem",tabular,ridge_ar_lag_fourier,h168,2026-01-04T23:00:00,2026-01-18T23:00:00,2026-02-15T23:00:00,,,42.0
2026-02-13 14:00:00,13.7,-65.01050500999013,1.0,"Divine healer's Church, Bethlehem",tabular,ridge_ar_lag_fourier,h168,2026-01-04T23:00:00,2026-01-18T23:00:00,2026-02-15T23:00:00,,,42.0
2026-02-13 15:00:00,19.5,-63.51121214248364,1.0,"Divine healer's Church, Bethlehem",tabular,ridge_ar_lag_fourier,h168,2026-01-04T23:00:00,2026-01-18T23:00:00,2026-02-15T23:00:00,,,42.0
2026-02-13 16:00:00,23.7,-60.94220823306928,1.0,"Divine healer's Church, Bethlehem",tabular,ridge_ar_lag_fourier,h168,2026-01-04T23:00:00,2026-01-18T23:00:00,2026-02-15T23:00:00,,,42.0
2026-02-13 17:00:00,26.1,-59.78632441935284,1.0,"Divine healer's Church, Bethlehem",tabular,ridge_ar_lag_fourier,h168,2026-01-04T23:00:00,2026-01-18T23:00:00,2026-02-15T23:00:00,,,42.0
2026-02-13 18:00:00,31.0,-55.01547379505905,1.0,"Divine healer's Church, Bethlehem",tabular,ridge_ar_lag_fourier,h168,2026-01-04T23:00:00,2026-01-18T23:00:00,2026-02-15T23:00:00,,,42.0
2026-02-13 19:00:00,35.5,-52.66691716937902,1.0,"Divine healer's Church, Bethlehem",tabular,ridge_ar_lag_fourier,h168,2026-01-04T23:00:00,2026-01-18T23:00:00,2026-02-15T23:00:00,,,42.0
2026-02-13 20:00:00,26.7,-57.66967841821982,1.0,"Divine healer's Church, Bethlehem",tabular,ridge_ar_lag_fourier,h168,2026-01-04T23:00:00,2026-01-18T23:00:00,2026-02-15T23:00:00,,,42.0
2026-02-13 21:00:00,24.7,-56.44335026877128,1.0,"Divine healer's Church, Bethlehem",tabular,ridge_ar_lag_fourier,h168,2026-01-04T23:00:00,2026-01-18T23:00:00,2026-02-15T23:00:00,,,42.0
2026-02-13 22:00:00,23.2,-57.84547591066706,1.0,"Divine healer's Church, Bethlehem",tabular,ridge_ar_lag_fourier,h168,2026-01-04T23:00:00,2026-01-18T23:00:00,2026-02-15T23:00:00,,,42.0
2026-02-13 23:00:00,21.9,-59.70443936125706,1.0,"Divine healer's Church, Bethlehem",tabular,ridge_ar_lag_fourier,h168,2026-01-04T23:00:00,2026-01-18T23:00:00,2026-02-15T23:00:00,,,42.0
2026-02-14 00:00:00,18.2,-57.91105167803474,1.0,"Divine healer's Church, Bethlehem",tabular,ridge_ar_lag_fourier,h168,2026-01-04T23:00:00,2026-01-18T23:00:00,2026-02-15T23:00:00,,,42.0
2026-02-14 01:00:00,26.3,-56.857744407525885,1.0,"Divine healer's Church, Bethlehem",tabular,ridge_ar_lag_fourier,h168,2026-01-04T23:00:00,2026-01-18T23:00:00,2026-02-15T23:00:00,,,42.0
2026-02-14 02:00:00,14.6,-58.01882311490748,1.0,"Divine healer's Church, Bethlehem",tabular,ridge_ar_lag_fourier,h168,2026-01-04T23:00:00,2026-01-18T23:00:00,2026-02-15T23:00:00,,,42.0
2026-02-14 03:00:00,14.3,-58.28527602197781,1.0,"Divine healer's Church, Bethlehem",tabular,ridge_ar_lag_fourier,h168,2026-01-04T23:00:00,2026-01-18T23:00:00,2026-02-15T23:00:00,,,42.0
2026-02-14 04:00:00,29.7,-55.215061485978126,1.0,"Divine healer's Church, Bethlehem",tabular,ridge_ar_lag_fourier,h168,2026-01-04T23:00:00,2026-01-18T23:00:00,2026-02-15T23:00:00,,,42.0
2026-02-14 05:00:00,32.2,-43.16190748844181,1.0,"Divine healer's Church, Bethlehem",tabular,ridge_ar_lag_fourier,h168,2026-01-04T23:00:00,2026-01-18T23:00:00,2026-02-15T23:00:00,,,42.0
2026-02-14 06:00:00,38.2,-37.737402479846324,1.0,"Divine healer's Church, Bethlehem",tabular,ridge_ar_lag_fourier,h168,2026-01-04T23:00:00,2026-01-18T23:00:00,2026-02-15T23:00:00,,,42.0
2026-02-14 07:00:00,37.5,-46.60822017339984,1.0,"Divine healer's Church, Bethlehem",tabular,ridge_ar_lag_fourier,h168,2026-01-04T23:00:00,2026-01-18T23:00:00,2026-02-15T23:00:00,,,42.0
2026-02-14 08:00:00,29.5,-50.048178953198274,1.0,"Divine healer's Church, Bethlehem",tabular,ridge_ar_lag_fourier,h168,2026-01-04T23:00:00,2026-01-18T23:00:00,2026-02-15T23:00:00,,,42.0
2026-02-14 09:00:00,27.0,-61.45089622489641,1.0,"Divine healer's Church, Bethlehem",tabular,ridge_ar_lag_fourier,h168,2026-01-04T23:00:00,2026-01-18T23:00:00,2026-02-15T23:00:00,,,42.0
2026-02-14 10:00:00,21.7,-59.77573023058059,1.0,"Divine healer's Church, Bethlehem",tabular,ridge_ar_lag_fourier,h168,2026-01-04T23:00:00,2026-01-18T23:00:00,2026-02-15T23:00:00,,,42.0
2026-02-14 11:00:00,21.4,-60.499728237182325,1.0,"Divine healer's Church, Bethlehem",tabular,ridge_ar_lag_fourier,h168,2026-01-04T23:00:00,2026-01-18T23:00:00,2026-02-15T23:00:00,,,42.0
2026-02-14 12:00:00,32.0,-64.35674812714002,1.0,"Divine healer's Church, Bethlehem",tabular,ridge_ar_lag_fourier,h168,2026-01-04T23:00:00,2026-01-18T23:00:00,2026-02-15T23:00:00,,,42.0
2026-02-14 13:00:00,34.3,-68.85012188049072,1.0,"Divine healer's Church, Bethlehem",tabular,ridge_ar_lag_fourier,h168,2026-01-04T23:00:00,2026-01-18T23:00:00,2026-02-15T23:00:00,,,42.0
2026-02-14 14:00:00,36.3,-70.74208978220491,1.0,"Divine healer's Church, Bethlehem",tabular,ridge_ar_lag_fourier,h168,2026-01-04T23:00:00,2026-01-18T23:00:00,2026-02-15T23:00:00,,,42.0
2026-02-14 15:00:00,30.0,-69.97199671625951,1.0,"Divine healer's Church, Bethlehem",tabular,ridge_ar_lag_fourier,h168,2026-01-04T23:00:00,2026-01-18T23:00:00,2026-02-15T23:00:00,,,42.0
2026-02-14 16:00:00,37.0,-65.68102328957946,1.0,"Divine healer's Church, Bethlehem",tabular,ridge_ar_lag_fourier,h168,2026-01-04T23:00:00,2026-01-18T23:00:00,2026-02-15T23:00:00,,,42.0
2026-02-14 17:00:00,39.1,-63.020468523489114,1.0,"Divine healer's Church, Bethlehem",tabular,ridge_ar_lag_fourier,h168,2026-01-04T23:00:00,2026-01-18T23:00:00,2026-02-15T23:00:00,,,42.0
2026-02-14 18:00:00,48.4,-59.46085079045285,1.0,"Divine healer's Church, Bethlehem",tabular,ridge_ar_lag_fourier,h168,2026-01-04T23:00:00,2026-01-18T23:00:00,2026-02-15T23:00:00,,,42.0
2026-02-14 19:00:00,74.6,-52.8761001647252,1.0,"Divine healer's Church, Bethlehem",tabular,ridge_ar_lag_fourier,h168,2026-01-04T23:00:00,2026-01-18T23:00:00,2026-02-15T23:00:00,,,42.0
2026-02-14 20:00:00,119.0,-60.48401220621423,1.0,"Divine healer's Church, Bethlehem",tabular,ridge_ar_lag_fourier,h168,2026-01-04T23:00:00,2026-01-18T23:00:00,2026-02-15T23:00:00,,,42.0
2026-02-14 21:00:00,105.0,-60.36770468597402,1.0,"Divine healer's Church, Bethlehem",tabular,ridge_ar_lag_fourier,h168,2026-01-04T23:00:00,2026-01-18T23:00:00,2026-02-15T23:00:00,,,42.0
2026-02-14 22:00:00,81.1,-60.92424812476804,1.0,"Divine healer's Church, Bethlehem",tabular,ridge_ar_lag_fourier,h168,2026-01-04T23:00:00,2026-01-18T23:00:00,2026-02-15T23:00:00,,,42.0
2026-02-14 23:00:00,48.3,-59.219234764106105,1.0,"Divine healer's Church, Bethlehem",tabular,ridge_ar_lag_fourier,h168,2026-01-04T23:00:00,2026-01-18T23:00:00,2026-02-15T23:00:00,,,42.0
2026-02-15 00:00:00,44.0,-61.229020775866346,1.0,"Divine healer's Church, Bethlehem",tabular,ridge_ar_lag_fourier,h168,2026-01-04T23:00:00,2026-01-18T23:00:00,2026-02-15T23:00:00,,,42.0
2026-02-15 01:00:00,43.7,-64.13708489400273,1.0,"Divine healer's Church, Bethlehem",tabular,ridge_ar_lag_fourier,h168,2026-01-04T23:00:00,2026-01-18T23:00:00,2026-02-15T23:00:00,,,42.0
2026-02-15 02:00:00,61.3,-63.496997912967316,1.0,"Divine healer's Church, Bethlehem",tabular,ridge_ar_lag_fourier,h168,2026-01-04T23:00:00,2026-01-18T23:00:00,2026-02-15T23:00:00,,,42.0
2026-02-15 03:00:00,50.2,-63.73338574706844,1.0,"Divine healer's Church, Bethlehem",tabular,ridge_ar_lag_fourier,h168,2026-01-04T23:00:00,2026-01-18T23:00:00,2026-02-15T23:00:00,,,42.0
2026-02-15 04:00:00,53.1,-60.64268064662711,1.0,"Divine healer's Church, Bethlehem",tabular,ridge_ar_lag_fourier,h168,2026-01-04T23:00:00,2026-01-18T23:00:00,2026-02-15T23:00:00,,,42.0
2026-02-15 05:00:00,59.9,-47.711407740856316,1.0,"Divine healer's Church, Bethlehem",tabular,ridge_ar_lag_fourier,h168,2026-01-04T23:00:00,2026-01-18T23:00:00,2026-02-15T23:00:00,,,42.0
2026-02-15 06:00:00,93.8,-38.23955116116025,1.0,"Divine healer's Church, Bethlehem",tabular,ridge_ar_lag_fourier,h168,2026-01-04T23:00:00,2026-01-18T23:00:00,2026-02-15T23:00:00,,,42.0
2026-02-15 07:00:00,56.7,-48.270312162889155,1.0,"Divine healer's Church, Bethlehem",tabular,ridge_ar_lag_fourier,h168,2026-01-04T23:00:00,2026-01-18T23:00:00,2026-02-15T23:00:00,,,42.0
2026-02-15 08:00:00,37.5,-53.63931795668125,1.0,"Divine healer's Church, Bethlehem",tabular,ridge_ar_lag_fourier,h168,2026-01-04T23:00:00,2026-01-18T23:00:00,2026-02-15T23:00:00,,,42.0
2026-02-15 09:00:00,208.1,-61.75039355985146,1.0,"Divine healer's Church, Bethlehem",tabular,ridge_ar_lag_fourier,h168,2026-01-04T23:00:00,2026-01-18T23:00:00,2026-02-15T23:00:00,,,42.0
2026-02-15 10:00:00,90.9,-60.06248060445721,1.0,"Divine healer's Church, Bethlehem",tabular,ridge_ar_lag_fourier,h168,2026-01-04T23:00:00,2026-01-18T23:00:00,2026-02-15T23:00:00,,,42.0
2026-02-15 11:00:00,63.4,-62.84012879417847,1.0,"Divine healer's Church, Bethlehem",tabular,ridge_ar_lag_fourier,h168,2026-01-04T23:00:00,2026-01-18T23:00:00,2026-02-15T23:00:00,,,42.0
2026-02-15 12:00:00,33.7,-68.40495509640047,1.0,"Divine healer's Church, Bethlehem",tabular,ridge_ar_lag_fourier,h168,2026-01-04T23:00:00,2026-01-18T23:00:00,2026-02-15T23:00:00,,,42.0
2026-02-15 13:00:00,10.4,-71.05197912646132,1.0,"Divine healer's Church, Bethlehem",tabular,ridge_ar_lag_fourier,h168,2026-01-04T23:00:00,2026-01-18T23:00:00,2026-02-15T23:00:00,,,42.0
2026-02-15 14:00:00,12.0,-73.2644191542107,1.0,"Divine healer's Church, Bethlehem",tabular,ridge_ar_lag_fourier,h168,2026-01-04T23:00:00,2026-01-18T23:00:00,2026-02-15T23:00:00,,,42.0
2026-02-15 15:00:00,6.4,-60.4759014834936,1.0,"Divine healer's Church, Bethlehem",tabular,ridge_ar_lag_fourier,h168,2026-01-04T23:00:00,2026-01-18T23:00:00,2026-02-15T23:00:00,,,42.0
2026-02-15 16:00:00,15.3,-58.88991203193797,1.0,"Divine healer's Church, Bethlehem",tabular,ridge_ar_lag_fourier,h168,2026-01-04T23:00:00,2026-01-18T23:00:00,2026-02-15T23:00:00,,,42.0
2026-02-15 17:00:00,42.6,-53.46030887743039,1.0,"Divine healer's Church, Bethlehem",tabular,ridge_ar_lag_fourier,h168,2026-01-04T23:00:00,2026-01-18T23:00:00,2026-02-15T23:00:00,,,42.0
2026-02-15 18:00:00,31.6,-49.935161089939044,1.0,"Divine healer's Church, Bethlehem",tabular,ridge_ar_lag_fourier,h168,2026-01-04T23:00:00,2026-01-18T23:00:00,2026-02-15T23:00:00,,,42.0
2026-02-15 19:00:00,35.1,-48.75816430137124,1.0,"Divine healer's Church, Bethlehem",tabular,ridge_ar_lag_fourier,h168,2026-01-04T23:00:00,2026-01-18T23:00:00,2026-02-15T23:00:00,,,42.0
2026-02-15 20:00:00,58.3,-59.11442391369799,1.0,"Divine healer's Church, Bethlehem",tabular,ridge_ar_lag_fourier,h168,2026-01-04T23:00:00,2026-01-18T23:00:00,2026-02-15T23:00:00,,,42.0
2026-02-15 21:00:00,121.3,-58.672866076187645,1.0,"Divine healer's Church, Bethlehem",tabular,ridge_ar_lag_fourier,h168,2026-01-04T23:00:00,2026-01-18T23:00:00,2026-02-15T23:00:00,,,42.0
2026-02-15 22:00:00,81.9,-58.09818229577239,1.0,"Divine healer's Church, Bethlehem",tabular,ridge_ar_lag_fourier,h168,2026-01-04T23:00:00,2026-01-18T23:00:00,2026-02-15T23:00:00,,,42.0
2026-02-15 23:00:00,67.9,-58.86854355311078,1.0,"Divine healer's Church, Bethlehem",tabular,ridge_ar_lag_fourier,h168,2026-01-04T23:00:00,2026-01-18T23:00:00,2026-02-15T23:00:00,,,42.0
2026-01-18 23:00:00,42.0,-60.086577222645786,1.0,"Satet International School, Tema Manhean",tabular,ridge_ar_lag_fourier,h168,2026-01-04T23:00:00,2026-01-18T23:00:00,2026-02-15T23:00:00,,,42.0
2026-01-19 00:00:00,41.4,-55.13399157497335,1.0,"Satet International School, Tema Manhean",tabular,ridge_ar_lag_fourier,h168,2026-01-04T23:00:00,2026-01-18T23:00:00,2026-02-15T23:00:00,,,42.0
2026-01-19 01:00:00,54.9,-55.324341201525655,1.0,"Satet International School, Tema Manhean",tabular,ridge_ar_lag_fourier,h168,2026-01-04T23:00:00,2026-01-18T23:00:00,2026-02-15T23:00:00,,,42.0
2026-01-19 02:00:00,61.0,-46.767607951254405,1.0,"Satet International School, Tema Manhean",tabular,ridge_ar_lag_fourier,h168,2026-01-04T23:00:00,2026-01-18T23:00:00,2026-02-15T23:00:00,,,42.0
2026-01-19 03:00:00,61.8,-45.06623834545459,1.0,"Satet International School, Tema Manhean",tabular,ridge_ar_lag_fourier,h168,2026-01-04T23:00:00,2026-01-18T23:00:00,2026-02-15T23:00:00,,,42.0
2026-01-19 04:00:00,131.8,-35.124657687663415,1.0,"Satet International School, Tema Manhean",tabular,ridge_ar_lag_fourier,h168,2026-01-04T23:00:00,2026-01-18T23:00:00,2026-02-15T23:00:00,,,42.0
2026-01-19 05:00:00,118.10000000000001,-24.72404012374656,1.0,"Satet International School, Tema Manhean",tabular,ridge_ar_lag_fourier,h168,2026-01-04T23:00:00,2026-01-18T23:00:00,2026-02-15T23:00:00,,,42.0
2026-01-19 06:00:00,104.4,-31.478764637163746,1.0,"Satet International School, Tema Manhean",tabular,ridge_ar_lag_fourier,h168,2026-01-04T23:00:00,2026-01-18T23:00:00,2026-02-15T23:00:00,,,42.0
2026-01-19 07:00:00,57.1,-38.922616416033364,1.0,"Satet International School, Tema Manhean",tabular,ridge_ar_lag_fourier,h168,2026-01-04T23:00:00,2026-01-18T23:00:00,2026-02-15T23:00:00,,,42.0
2026-01-19 08:00:00,45.3,-48.705198476460026,1.0,"Satet International School, Tema Manhean",tabular,ridge_ar_lag_fourier,h168,2026-01-04T23:00:00,2026-01-18T23:00:00,2026-02-15T23:00:00,,,42.0
2026-01-19 09:00:00,49.0,-53.660891858039435,1.0,"Satet International School, Tema Manhean",tabular,ridge_ar_lag_fourier,h168,2026-01-04T23:00:00,2026-01-18T23:00:00,2026-02-15T23:00:00,,,42.0
2026-01-19 10:00:00,42.6,-53.3675218075024,1.0,"Satet International School, Tema Manhean",tabular,ridge_ar_lag_fourier,h168,2026-01-04T23:00:00,2026-01-18T23:00:00,2026-02-15T23:00:00,,,42.0
2026-01-19 11:00:00,35.7,-55.28275953715041,1.0,"Satet International School, Tema Manhean",tabular,ridge_ar_lag_fourier,h168,2026-01-04T23:00:00,2026-01-18T23:00:00,2026-02-15T23:00:00,,,42.0
2026-01-19 12:00:00,37.4,-59.73188463703579,1.0,"Satet International School, Tema Manhean",tabular,ridge_ar_lag_fourier,h168,2026-01-04T23:00:00,2026-01-18T23:00:00,2026-02-15T23:00:00,,,42.0
2026-01-19 13:00:00,36.8,-62.551764737941,1.0,"Satet International School, Tema Manhean",tabular,ridge_ar_lag_fourier,h168,2026-01-04T23:00:00,2026-01-18T23:00:00,2026-02-15T23:00:00,,,42.0
2026-01-19 14:00:00,36.8,-63.12477376601508,1.0,"Satet International School, Tema Manhean",tabular,ridge_ar_lag_fourier,h168,2026-01-04T23:00:00,2026-01-18T23:00:00,2026-02-15T23:00:00,,,42.0
2026-01-19 15:00:00,39.6,-65.15257109268893,1.0,"Satet International School, Tema Manhean",tabular,ridge_ar_lag_fourier,h168,2026-01-04T23:00:00,2026-01-18T23:00:00,2026-02-15T23:00:00,,,42.0
2026-01-19 16:00:00,40.6,-61.094462486967046,1.0,"Satet International School, Tema Manhean",tabular,ridge_ar_lag_fourier,h168,2026-01-04T23:00:00,2026-01-18T23:00:00,2026-02-15T23:00:00,,,42.0
2026-01-19 17:00:00,41.6,-57.93665226611914,1.0,"Satet International School, Tema Manhean",tabular,ridge_ar_lag_fourier,h168,2026-01-04T23:00:00,2026-01-18T23:00:00,2026-02-15T23:00:00,,,42.0
2026-01-19 18:00:00,42.0,-56.441407466229535,1.0,"Satet International School, Tema Manhean",tabular,ridge_ar_lag_fourier,h168,2026-01-04T23:00:00,2026-01-18T23:00:00,2026-02-15T23:00:00,,,42.0
2026-01-19 19:00:00,38.6,-57.04785817310356,1.0,"Satet International School, Tema Manhean",tabular,ridge_ar_lag_fourier,h168,2026-01-04T23:00:00,2026-01-18T23:00:00,2026-02-15T23:00:00,,,42.0
2026-01-19 20:00:00,40.1,-58.906715039025016,1.0,"Satet International School, Tema Manhean",tabular,ridge_ar_lag_fourier,h168,2026-01-04T23:00:00,2026-01-18T23:00:00,2026-02-15T23:00:00,,,42.0
2026-01-19 21:00:00,35.1,-59.01320062886742,1.0,"Satet International School, Tema Manhean",tabular,ridge_ar_lag_fourier,h168,2026-01-04T23:00:00,2026-01-18T23:00:00,2026-02-15T23:00:00,,,42.0
2026-01-19 22:00:00,38.2,-58.1714299596736,1.0,"Satet International School, Tema Manhean",tabular,ridge_ar_lag_fourier,h168,2026-01-04T23:00:00,2026-01-18T23:00:00,2026-02-15T23:00:00,,,42.0
2026-01-19 23:00:00,39.6,-56.87323918382569,1.0,"Satet International School, Tema Manhean",tabular,ridge_ar_lag_fourier,h168,2026-01-04T23:00:00,2026-01-18T23:00:00,2026-02-15T23:00:00,,,42.0
2026-01-20 00:00:00,31.8,-54.8863336748486,1.0,"Satet International School, Tema Manhean",tabular,ridge_ar_lag_fourier,h168,2026-01-04T23:00:00,2026-01-18T23:00:00,2026-02-15T23:00:00,,,42.0
2026-01-20 01:00:00,30.3,-53.15495559624681,1.0,"Satet International School, Tema Manhean",tabular,ridge_ar_lag_fourier,h168,2026-01-04T23:00:00,2026-01-18T23:00:00,2026-02-15T23:00:00,,,42.0
2026-01-20 02:00:00,30.6,-50.98572156321646,1.0,"Satet International School, Tema Manhean",tabular,ridge_ar_lag_fourier,h168,2026-01-04T23:00:00,2026-01-18T23:00:00,2026-02-15T23:00:00,,,42.0
2026-01-20 03:00:00,32.5,-45.88230784374224,1.0,"Satet International School, Tema Manhean",tabular,ridge_ar_lag_fourier,h168,2026-01-04T23:00:00,2026-01-18T23:00:00,2026-02-15T23:00:00,,,42.0
2026-01-20 04:00:00,43.3,-39.26328471132034,1.0,"Satet International School, Tema Manhean",tabular,ridge_ar_lag_fourier,h168,2026-01-04T23:00:00,2026-01-18T23:00:00,2026-02-15T23:00:00,,,42.0
2026-01-20 05:00:00,45.1,-29.763303924426264,1.0,"Satet International School, Tema Manhean",tabular,ridge_ar_lag_fourier,h168,2026-01-04T23:00:00,2026-01-18T23:00:00,2026-02-15T23:00:00,,,42.0
2026-01-20 06:00:00,46.6,-28.909520220006495,1.0,"Satet International School, Tema Manhean",tabular,ridge_ar_lag_fourier,h168,2026-01-04T23:00:00,2026-01-18T23:00:00,2026-02-15T23:00:00,,,42.0
2026-01-20 07:00:00,52.2,-45.781929889465005,1.0,"Satet International School, Tema Manhean",tabular,ridge_ar_lag_fourier,h168,2026-01-04T23:00:00,2026-01-18T23:00:00,2026-02-15T23:00:00,,,42.0
2026-01-20 08:00:00,38.6,-50.72652715379806,1.0,"Satet International School, Tema Manhean",tabular,ridge_ar_lag_fourier,h168,2026-01-04T23:00:00,2026-01-18T23:00:00,2026-02-15T23:00:00,,,42.0
2026-01-20 09:00:00,38.4,-55.00387346929435,1.0,"Satet International School, Tema Manhean",tabular,ridge_ar_lag_fourier,h168,2026-01-04T23:00:00,2026-01-18T23:00:00,2026-02-15T23:00:00,,,42.0
2026-01-20 10:00:00,38.4,-55.23116678500428,1.0,"Satet International School, Tema Manhean",tabular,ridge_ar_lag_fourier,h168,2026-01-04T23:00:00,2026-01-18T23:00:00,2026-02-15T23:00:00,,,42.0
2026-01-20 11:00:00,37.2,-58.15562899593108,1.0,"Satet International School, Tema Manhean",tabular,ridge_ar_lag_fourier,h168,2026-01-04T23:00:00,2026-01-18T23:00:00,2026-02-15T23:00:00,,,42.0
2026-01-20 12:00:00,34.0,-59.9819779993601,1.0,"Satet International School, Tema Manhean",tabular,ridge_ar_lag_fourier,h168,2026-01-04T23:00:00,2026-01-18T23:00:00,2026-02-15T23:00:00,,,42.0
2026-01-20 13:00:00,30.8,-63.84365935279027,1.0,"Satet International School, Tema Manhean",tabular,ridge_ar_lag_fourier,h168,2026-01-04T23:00:00,2026-01-18T23:00:00,2026-02-15T23:00:00,,,42.0
2026-01-20 14:00:00,30.3,-65.60091989112726,1.0,"Satet International School, Tema Manhean",tabular,ridge_ar_lag_fourier,h168,2026-01-04T23:00:00,2026-01-18T23:00:00,2026-02-15T23:00:00,,,42.0
2026-01-20 15:00:00,31.3,-63.403674703216495,1.0,"Satet International School, Tema Manhean",tabular,ridge_ar_lag_fourier,h168,2026-01-04T23:00:00,2026-01-18T23:00:00,2026-02-15T23:00:00,,,42.0
2026-01-20 16:00:00,35.7,-61.92515081007484,1.0,"Satet International School, Tema Manhean",tabular,ridge_ar_lag_fourier,h168,2026-01-04T23:00:00,2026-01-18T23:00:00,2026-02-15T23:00:00,,,42.0
2026-01-20 17:00:00,43.5,-59.94372305388046,1.0,"Satet International School, Tema Manhean",tabular,ridge_ar_lag_fourier,h168,2026-01-04T23:00:00,2026-01-18T23:00:00,2026-02-15T23:00:00,,,42.0
2026-01-20 18:00:00,38.9,-60.398645933003564,1.0,"Satet International School, Tema Manhean",tabular,ridge_ar_lag_fourier,h168,2026-01-04T23:00:00,2026-01-18T23:00:00,2026-02-15T23:00:00,,,42.0
2026-01-20 19:00:00,39.0,-60.092658921827336,1.0,"Satet International School, Tema Manhean",tabular,ridge_ar_lag_fourier,h168,2026-01-04T23:00:00,2026-01-18T23:00:00,2026-02-15T23:00:00,,,42.0
2026-01-20 20:00:00,43.5,-61.39474160912202,1.0,"Satet International School, Tema Manhean",tabular,ridge_ar_lag_fourier,h168,2026-01-04T23:00:00,2026-01-18T23:00:00,2026-02-15T23:00:00,,,42.0
2026-01-20 21:00:00,37.3,-61.14895861037145,1.0,"Satet International School, Tema Manhean",tabular,ridge_ar_lag_fourier,h168,2026-01-04T23:00:00,2026-01-18T23:00:00,2026-02-15T23:00:00,,,42.0
2026-01-20 22:00:00,13.2,-56.06494585175922,1.0,"Satet International School, Tema Manhean",tabular,ridge_ar_lag_fourier,h168,2026-01-04T23:00:00,2026-01-18T23:00:00,2026-02-15T23:00:00,,,42.0
2026-01-20 23:00:00,5.4,-55.50401325061449,1.0,"Satet International School, Tema Manhean",tabular,ridge_ar_lag_fourier,h168,2026-01-04T23:00:00,2026-01-18T23:00:00,2026-02-15T23:00:00,,,42.0
2026-01-21 00:00:00,9.1,-52.078334736093865,1.0,"Satet International School, Tema Manhean",tabular,ridge_ar_lag_fourier,h168,2026-01-04T23:00:00,2026-01-18T23:00:00,2026-02-15T23:00:00,,,42.0
2026-01-21 01:00:00,19.3,-52.25159558744912,1.0,"Satet International School, Tema Manhean",tabular,ridge_ar_lag_fourier,h168,2026-01-04T23:00:00,2026-01-18T23:00:00,2026-02-15T23:00:00,,,42.0
2026-01-21 02:00:00,19.6,-46.341291775190925,1.0,"Satet International School, Tema Manhean",tabular,ridge_ar_lag_fourier,h168,2026-01-04T23:00:00,2026-01-18T23:00:00,2026-02-15T23:00:00,,,42.0
2026-01-21 03:00:00,48.6,-37.68336694576031,1.0,"Satet International School, Tema Manhean",tabular,ridge_ar_lag_fourier,h168,2026-01-04T23:00:00,2026-01-18T23:00:00,2026-02-15T23:00:00,,,42.0
2026-01-21 04:00:00,80.0,-13.3619285677734,1.0,"Satet International School, Tema Manhean",tabular,ridge_ar_lag_fourier,h168,2026-01-04T23:00:00,2026-01-18T23:00:00,2026-02-15T23:00:00,,,42.0
2026-01-21 05:00:00,60.5,-21.04059425591701,1.0,"Satet International School, Tema Manhean",tabular,ridge_ar_lag_fourier,h168,2026-01-04T23:00:00,2026-01-18T23:00:00,2026-02-15T23:00:00,,,42.0
2026-01-21 06:00:00,101.1,-23.58593446452822,1.0,"Satet International School, Tema Manhean",tabular,ridge_ar_lag_fourier,h168,2026-01-04T23:00:00,2026-01-18T23:00:00,2026-02-15T23:00:00,,,42.0
2026-01-21 07:00:00,71.1,-43.4228989238856,1.0,"Satet International School, Tema Manhean",tabular,ridge_ar_lag_fourier,h168,2026-01-04T23:00:00,2026-01-18T23:00:00,2026-02-15T23:00:00,,,42.0
2026-01-21 08:00:00,51.8,-51.57230085807478,1.0,"Satet International School, Tema Manhean",tabular,ridge_ar_lag_fourier,h168,2026-01-04T23:00:00,2026-01-18T23:00:00,2026-02-15T23:00:00,,,42.0
2026-01-21 09:00:00,35.3,-54.79847553223195,1.0,"Satet International School, Tema Manhean",tabular,ridge_ar_lag_fourier,h168,2026-01-04T23:00:00,2026-01-18T23:00:00,2026-02-15T23:00:00,,,42.0
2026-01-21 10:00:00,36.6,-53.27413076829373,1.0,"Satet International School, Tema Manhean",tabular,ridge_ar_lag_fourier,h168,2026-01-04T23:00:00,2026-01-18T23:00:00,2026-02-15T23:00:00,,,42.0
2026-01-21 11:00:00,36.0,-56.33683584053034,1.0,"Satet International School, Tema Manhean",tabular,ridge_ar_lag_fourier,h168,2026-01-04T23:00:00,2026-01-18T23:00:00,2026-02-15T23:00:00,,,42.0
2026-01-21 12:00:00,36.1,-59.4113028661732,1.0,"Satet International School, Tema Manhean",tabular,ridge_ar_lag_fourier,h168,2026-01-04T23:00:00,2026-01-18T23:00:00,2026-02-15T23:00:00,,,42.0
2026-01-21 13:00:00,30.8,-59.86306707880206,1.0,"Satet International School, Tema Manhean",tabular,ridge_ar_lag_fourier,h168,2026-01-04T23:00:00,2026-01-18T23:00:00,2026-02-15T23:00:00,,,42.0
2026-01-21 14:00:00,31.0,-62.54334588876344,1.0,"Satet International School, Tema Manhean",tabular,ridge_ar_lag_fourier,h168,2026-01-04T23:00:00,2026-01-18T23:00:00,2026-02-15T23:00:00,,,42.0
2026-01-21 15:00:00,30.3,-61.17040103493146,1.0,"Satet International School, Tema Manhean",tabular,ridge_ar_lag_fourier,h168,2026-01-04T23:00:00,2026-01-18T23:00:00,2026-02-15T23:00:00,,,42.0
2026-01-21 16:00:00,32.6,-58.54636906421055,1.0,"Satet International School, Tema Manhean",tabular,ridge_ar_lag_fourier,h168,2026-01-04T23:00:00,2026-01-18T23:00:00,2026-02-15T23:00:00,,,42.0
2026-01-21 17:00:00,36.0,-58.2927731537481,1.0,"Satet International School, Tema Manhean",tabular,ridge_ar_lag_fourier,h168,2026-01-04T23:00:00,2026-01-18T23:00:00,2026-02-15T23:00:00,,,42.0
2026-01-21 18:00:00,46.2,-60.03095149011169,1.0,"Satet International School, Tema Manhean",tabular,ridge_ar_lag_fourier,h168,2026-01-04T23:00:00,2026-01-18T23:00:00,2026-02-15T23:00:00,,,42.0
2026-01-21 19:00:00,37.1,-59.040270575525454,1.0,"Satet International School, Tema Manhean",tabular,ridge_ar_lag_fourier,h168,2026-01-04T23:00:00,2026-01-18T23:00:00,2026-02-15T23:00:00,,,42.0
2026-01-21 20:00:00,33.2,-59.699970633917374,1.0,"Satet International School, Tema Manhean",tabular,ridge_ar_lag_fourier,h168,2026-01-04T23:00:00,2026-01-18T23:00:00,2026-02-15T23:00:00,,,42.0
2026-01-21 21:00:00,31.4,-59.43802410865867,1.0,"Satet International School, Tema Manhean",tabular,ridge_ar_lag_fourier,h168,2026-01-04T23:00:00,2026-01-18T23:00:00,2026-02-15T23:00:00,,,42.0
2026-01-21 22:00:00,50.3,-57.614754445797445,1.0,"Satet International School, Tema Manhean",tabular,ridge_ar_lag_fourier,h168,2026-01-04T23:00:00,2026-01-18T23:00:00,2026-02-15T23:00:00,,,42.0
2026-01-21 23:00:00,42.9,-55.642277905784795,1.0,"Satet International School, Tema Manhean",tabular,ridge_ar_lag_fourier,h168,2026-01-04T23:00:00,2026-01-18T23:00:00,2026-02-15T23:00:00,,,42.0
2026-01-22 00:00:00,31.8,-48.02707280076547,1.0,"Satet International School, Tema Manhean",tabular,ridge_ar_lag_fourier,h168,2026-01-04T23:00:00,2026-01-18T23:00:00,2026-02-15T23:00:00,,,42.0
2026-01-22 01:00:00,30.7,-48.162380870583064,1.0,"Satet International School, Tema Manhean",tabular,ridge_ar_lag_fourier,h168,2026-01-04T23:00:00,2026-01-18T23:00:00,2026-02-15T23:00:00,,,42.0
2026-01-22 02:00:00,30.7,-42.369151457667144,1.0,"Satet International School, Tema Manhean",tabular,ridge_ar_lag_fourier,h168,2026-01-04T23:00:00,2026-01-18T23:00:00,2026-02-15T23:00:00,,,42.0
2026-01-22 03:00:00,33.3,-30.475839494386673,1.0,"Satet International School, Tema Manhean",tabular,ridge_ar_lag_fourier,h168,2026-01-04T23:00:00,2026-01-18T23:00:00,2026-02-15T23:00:00,,,42.0
2026-01-22 04:00:00,37.3,-11.965881397689753,1.0,"Satet International School, Tema Manhean",tabular,ridge_ar_lag_fourier,h168,2026-01-04T23:00:00,2026-01-18T23:00:00,2026-02-15T23:00:00,,,42.0
2026-01-22 05:00:00,69.6,-21.100493634039974,1.0,"Satet International School, Tema Manhean",tabular,ridge_ar_lag_fourier,h168,2026-01-04T23:00:00,2026-01-18T23:00:00,2026-02-15T23:00:00,,,42.0
2026-01-22 06:00:00,68.6,-34.808612065010266,1.0,"Satet International School, Tema Manhean",tabular,ridge_ar_lag_fourier,h168,2026-01-04T23:00:00,2026-01-18T23:00:00,2026-02-15T23:00:00,,,42.0
2026-01-22 07:00:00,54.0,-40.56492347841794,1.0,"Satet International School, Tema Manhean",tabular,ridge_ar_lag_fourier,h168,2026-01-04T23:00:00,2026-01-18T23:00:00,2026-02-15T23:00:00,,,42.0
2026-01-22 08:00:00,44.4,-45.42006309653824,1.0,"Satet International School, Tema Manhean",tabular,ridge_ar_lag_fourier,h168,2026-01-04T23:00:00,2026-01-18T23:00:00,2026-02-15T23:00:00,,,42.0
2026-01-22 09:00:00,36.5,-50.50136697939655,1.0,"Satet International School, Tema Manhean",tabular,ridge_ar_lag_fourier,h168,2026-01-04T23:00:00,2026-01-18T23:00:00,2026-02-15T23:00:00,,,42.0
2026-01-22 10:00:00,39.1,-45.057603671573645,1.0,"Satet International School, Tema Manhean",tabular,ridge_ar_lag_fourier,h168,2026-01-04T23:00:00,2026-01-18T23:00:00,2026-02-15T23:00:00,,,42.0
2026-01-22 11:00:00,41.6,-50.22109891498857,1.0,"Satet International School, Tema Manhean",tabular,ridge_ar_lag_fourier,h168,2026-01-04T23:00:00,2026-01-18T23:00:00,2026-02-15T23:00:00,,,42.0
2026-01-22 12:00:00,41.8,-55.150297561623546,1.0,"Satet International School, Tema Manhean",tabular,ridge_ar_lag_fourier,h168,2026-01-04T23:00:00,2026-01-18T23:00:00,2026-02-15T23:00:00,,,42.0
2026-01-22 13:00:00,39.8,-59.44246282299399,1.0,"Satet International School, Tema Manhean",tabular,ridge_ar_lag_fourier,h168,2026-01-04T23:00:00,2026-01-18T23:00:00,2026-02-15T23:00:00,,,42.0
2026-01-22 14:00:00,35.8,-61.279675146803356,1.0,"Satet International School, Tema Manhean",tabular,ridge_ar_lag_fourier,h168,2026-01-04T23:00:00,2026-01-18T23:00:00,2026-02-15T23:00:00,,,42.0
2026-01-22 15:00:00,32.1,-59.910079280080424,1.0,"Satet International School, Tema Manhean",tabular,ridge_ar_lag_fourier,h168,2026-01-04T23:00:00,2026-01-18T23:00:00,2026-02-15T23:00:00,,,42.0
2026-01-22 16:00:00,37.3,-58.443257587431134,1.0,"Satet International School, Tema Manhean",tabular,ridge_ar_lag_fourier,h168,2026-01-04T23:00:00,2026-01-18T23:00:00,2026-02-15T23:00:00,,,42.0
2026-01-22 17:00:00,44.9,-55.67084463210443,1.0,"Satet International School, Tema Manhean",tabular,ridge_ar_lag_fourier,h168,2026-01-04T23:00:00,2026-01-18T23:00:00,2026-02-15T23:00:00,,,42.0
2026-01-22 18:00:00,38.8,-55.17271430709579,1.0,"Satet International School, Tema Manhean",tabular,ridge_ar_lag_fourier,h168,2026-01-04T23:00:00,2026-01-18T23:00:00,2026-02-15T23:00:00,,,42.0
2026-01-22 19:00:00,47.9,-56.27646707420472,1.0,"Satet International School, Tema Manhean",tabular,ridge_ar_lag_fourier,h168,2026-01-04T23:00:00,2026-01-18T23:00:00,2026-02-15T23:00:00,,,42.0
2026-01-22 20:00:00,43.4,-56.7902619356243,1.0,"Satet International School, Tema Manhean",tabular,ridge_ar_lag_fourier,h168,2026-01-04T23:00:00,2026-01-18T23:00:00,2026-02-15T23:00:00,,,42.0
2026-01-22 21:00:00,36.9,-58.24709576349751,1.0,"Satet International School, Tema Manhean",tabular,ridge_ar_lag_fourier,h168,2026-01-04T23:00:00,2026-01-18T23:00:00,2026-02-15T23:00:00,,,42.0
2026-01-22 22:00:00,33.7,-57.064282019138574,1.0,"Satet International School, Tema Manhean",tabular,ridge_ar_lag_fourier,h168,2026-01-04T23:00:00,2026-01-18T23:00:00,2026-02-15T23:00:00,,,42.0
2026-01-22 23:00:00,35.0,-54.28498391862149,1.0,"Satet International School, Tema Manhean",tabular,ridge_ar_lag_fourier,h168,2026-01-04T23:00:00,2026-01-18T23:00:00,2026-02-15T23:00:00,,,42.0
2026-01-23 00:00:00,36.6,-50.233790720816785,1.0,"Satet International School, Tema Manhean",tabular,ridge_ar_lag_fourier,h168,2026-01-04T23:00:00,2026-01-18T23:00:00,2026-02-15T23:00:00,,,42.0
2026-01-23 01:00:00,36.3,-50.28711778779024,1.0,"Satet International School, Tema Manhean",tabular,ridge_ar_lag_fourier,h168,2026-01-04T23:00:00,2026-01-18T23:00:00,2026-02-15T23:00:00,,,42.0
2026-01-23 02:00:00,43.5,-46.01596602262785,1.0,"Satet International School, Tema Manhean",tabular,ridge_ar_lag_fourier,h168,2026-01-04T23:00:00,2026-01-18T23:00:00,2026-02-15T23:00:00,,,42.0
2026-01-23 03:00:00,49.2,-46.469330981887,1.0,"Satet International School, Tema Manhean",tabular,ridge_ar_lag_fourier,h168,2026-01-04T23:00:00,2026-01-18T23:00:00,2026-02-15T23:00:00,,,42.0
2026-01-23 04:00:00,80.4,-29.03250332401036,1.0,"Satet International School, Tema Manhean",tabular,ridge_ar_lag_fourier,h168,2026-01-04T23:00:00,2026-01-18T23:00:00,2026-02-15T23:00:00,,,42.0
2026-01-23 05:00:00,96.8,-22.357652766435205,1.0,"Satet International School, Tema Manhean",tabular,ridge_ar_lag_fourier,h168,2026-01-04T23:00:00,2026-01-18T23:00:00,2026-02-15T23:00:00,,,42.0
2026-01-23 06:00:00,72.8,-26.58743371494857,1.0,"Satet International School, Tema Manhean",tabular,ridge_ar_lag_fourier,h168,2026-01-04T23:00:00,2026-01-18T23:00:00,2026-02-15T23:00:00,,,42.0
2026-01-23 07:00:00,94.5,-36.070016833076025,1.0,"Satet International School, Tema Manhean",tabular,ridge_ar_lag_fourier,h168,2026-01-04T23:00:00,2026-01-18T23:00:00,2026-02-15T23:00:00,,,42.0
2026-01-23 08:00:00,43.9,-44.63346832366577,1.0,"Satet International School, Tema Manhean",tabular,ridge_ar_lag_fourier,h168,2026-01-04T23:00:00,2026-01-18T23:00:00,2026-02-15T23:00:00,,,42.0
2026-01-23 09:00:00,40.7,-50.03237218017959,1.0,"Satet International School, Tema Manhean",tabular,ridge_ar_lag_fourier,h168,2026-01-04T23:00:00,2026-01-18T23:00:00,2026-02-15T23:00:00,,,42.0
2026-01-23 10:00:00,44.0,-53.367803458152736,1.0,"Satet International School, Tema Manhean",tabular,ridge_ar_lag_fourier,h168,2026-01-04T23:00:00,2026-01-18T23:00:00,2026-02-15T23:00:00,,,42.0
2026-01-23 11:00:00,32.4,-53.27800945950209,1.0,"Satet International School, Tema Manhean",tabular,ridge_ar_lag_fourier,h168,2026-01-04T23:00:00,2026-01-18T23:00:00,2026-02-15T23:00:00,,,42.0
2026-01-23 12:00:00,28.7,-56.46809542965022,1.0,"Satet International School, Tema Manhean",tabular,ridge_ar_lag_fourier,h168,2026-01-04T23:00:00,2026-01-18T23:00:00,2026-02-15T23:00:00,,,42.0
2026-01-23 13:00:00,28.2,-60.23726263813049,1.0,"Satet International School, Tema Manhean",tabular,ridge_ar_lag_fourier,h168,2026-01-04T23:00:00,2026-01-18T23:00:00,2026-02-15T23:00:00,,,42.0
2026-01-23 14:00:00,25.6,-61.87859031106137,1.0,"Satet International School, Tema Manhean",tabular,ridge_ar_lag_fourier,h168,2026-01-04T23:00:00,2026-01-18T23:00:00,2026-02-15T23:00:00,,,42.0
2026-01-23 15:00:00,28.9,-61.00391371493062,1.0,"Satet International School, Tema Manhean",tabular,ridge_ar_lag_fourier,h168,2026-01-04T23:00:00,2026-01-18T23:00:00,2026-02-15T23:00:00,,,42.0
2026-01-23 16:00:00,29.7,-59.61655586173282,1.0,"Satet International School, Tema Manhean",tabular,ridge_ar_lag_fourier,h168,2026-01-04T23:00:00,2026-01-18T23:00:00,2026-02-15T23:00:00,,,42.0
2026-01-23 17:00:00,36.3,-58.69685992138824,1.0,"Satet International School, Tema Manhean",tabular,ridge_ar_lag_fourier,h168,2026-01-04T23:00:00,2026-01-18T23:00:00,2026-02-15T23:00:00,,,42.0
2026-01-23 18:00:00,30.1,-55.444624651357856,1.0,"Satet International School, Tema Manhean",tabular,ridge_ar_lag_fourier,h168,2026-01-04T23:00:00,2026-01-18T23:00:00,2026-02-15T23:00:00,,,42.0
2026-01-23 19:00:00,34.2,-57.19352578236712,1.0,"Satet International School, Tema Manhean",tabular,ridge_ar_lag_fourier,h168,2026-01-04T23:00:00,2026-01-18T23:00:00,2026-02-15T23:00:00,,,42.0
2026-01-23 20:00:00,36.2,-58.70604225721826,1.0,"Satet International School, Tema Manhean",tabular,ridge_ar_lag_fourier,h168,2026-01-04T23:00:00,2026-01-18T23:00:00,2026-02-15T23:00:00,,,42.0
2026-01-23 21:00:00,35.2,-59.9811456449131,1.0,"Satet International School, Tema Manhean",tabular,ridge_ar_lag_fourier,h168,2026-01-04T23:00:00,2026-01-18T23:00:00,2026-02-15T23:00:00,,,42.0
2026-01-23 22:00:00,35.7,-57.28066542063408,1.0,"Satet International School, Tema Manhean",tabular,ridge_ar_lag_fourier,h168,2026-01-04T23:00:00,2026-01-18T23:00:00,2026-02-15T23:00:00,,,42.0
2026-01-23 23:00:00,39.0,-56.15933631346513,1.0,"Satet International School, Tema Manhean",tabular,ridge_ar_lag_fourier,h168,2026-01-04T23:00:00,2026-01-18T23:00:00,2026-02-15T23:00:00,,,42.0
2026-01-24 00:00:00,36.9,-54.983018775662885,1.0,"Satet International School, Tema Manhean",tabular,ridge_ar_lag_fourier,h168,2026-01-04T23:00:00,2026-01-18T23:00:00,2026-02-15T23:00:00,,,42.0
2026-01-24 01:00:00,75.7,-54.033659338365865,1.0,"Satet International School, Tema Manhean",tabular,ridge_ar_lag_fourier,h168,2026-01-04T23:00:00,2026-01-18T23:00:00,2026-02-15T23:00:00,,,42.0
2026-01-24 02:00:00,124.7,-51.88338699340943,1.0,"Satet International School, Tema Manhean",tabular,ridge_ar_lag_fourier,h168,2026-01-04T23:00:00,2026-01-18T23:00:00,2026-02-15T23:00:00,,,42.0
2026-01-24 03:00:00,216.5,-46.431990814825355,1.0,"Satet International School, Tema Manhean",tabular,ridge_ar_lag_fourier,h168,2026-01-04T23:00:00,2026-01-18T23:00:00,2026-02-15T23:00:00,,,42.0
2026-01-24 04:00:00,124.0,-31.834520659101205,1.0,"Satet International School, Tema Manhean",tabular,ridge_ar_lag_fourier,h168,2026-01-04T23:00:00,2026-01-18T23:00:00,2026-02-15T23:00:00,,,42.0
2026-01-24 05:00:00,54.5,-22.722951349525115,1.0,"Satet International School, Tema Manhean",tabular,ridge_ar_lag_fourier,h168,2026-01-04T23:00:00,2026-01-18T23:00:00,2026-02-15T23:00:00,,,42.0
2026-01-24 06:00:00,103.2,-23.016508707058502,1.0,"Satet International School, Tema Manhean",tabular,ridge_ar_lag_fourier,h168,2026-01-04T23:00:00,2026-01-18T23:00:00,2026-02-15T23:00:00,,,42.0
2026-01-24 07:00:00,58.6,-37.61596618598473,1.0,"Satet International School, Tema Manhean",tabular,ridge_ar_lag_fourier,h168,2026-01-04T23:00:00,2026-01-18T23:00:00,2026-02-15T23:00:00,,,42.0
2026-01-24 08:00:00,51.0,-43.4069653376374,1.0,"Satet International School, Tema Manhean",tabular,ridge_ar_lag_fourier,h168,2026-01-04T23:00:00,2026-01-18T23:00:00,2026-02-15T23:00:00,,,42.0
2026-01-24 09:00:00,43.9,-49.351771560955,1.0,"Satet International School, Tema Manhean",tabular,ridge_ar_lag_fourier,h168,2026-01-04T23:00:00,2026-01-18T23:00:00,2026-02-15T23:00:00,,,42.0
2026-01-24 10:00:00,60.3,-51.075338479037356,1.0,"Satet International School, Tema Manhean",tabular,ridge_ar_lag_fourier,h168,2026-01-04T23:00:00,2026-01-18T23:00:00,2026-02-15T23:00:00,,,42.0
2026-01-24 11:00:00,73.3,-51.36109203776594,1.0,"Satet International School, Tema Manhean",tabular,ridge_ar_lag_fourier,h168,2026-01-04T23:00:00,2026-01-18T23:00:00,2026-02-15T23:00:00,,,42.0
2026-01-24 12:00:00,32.9,-55.71242996273534,1.0,"Satet International School, Tema Manhean",tabular,ridge_ar_lag_fourier,h168,2026-01-04T23:00:00,2026-01-18T23:00:00,2026-02-15T23:00:00,,,42.0
2026-01-24 13:00:00,30.7,-61.356832363799214,1.0,"Satet International School, Tema Manhean",tabular,ridge_ar_lag_fourier,h168,2026-01-04T23:00:00,2026-01-18T23:00:00,2026-02-15T23:00:00,,,42.0
2026-01-24 14:00:00,28.1,-62.76683324907306,1.0,"Satet International School, Tema Manhean",tabular,ridge_ar_lag_fourier,h168,2026-01-04T23:00:00,2026-01-18T23:00:00,2026-02-15T23:00:00,,,42.0
2026-01-24 15:00:00,36.6,-62.8423343224445,1.0,"Satet International School, Tema Manhean",tabular,ridge_ar_lag_fourier,h168,2026-01-04T23:00:00,2026-01-18T23:00:00,2026-02-15T23:00:00,,,42.0
2026-01-24 16:00:00,30.6,-60.0264256807594,1.0,"Satet International School, Tema Manhean",tabular,ridge_ar_lag_fourier,h168,2026-01-04T23:00:00,2026-01-18T23:00:00,2026-02-15T23:00:00,,,42.0
2026-01-24 17:00:00,32.8,-55.11834351744109,1.0,"Satet International School, Tema Manhean",tabular,ridge_ar_lag_fourier,h168,2026-01-04T23:00:00,2026-01-18T23:00:00,2026-02-15T23:00:00,,,42.0
2026-01-24 18:00:00,38.1,-54.88234957321296,1.0,"Satet International School, Tema Manhean",tabular,ridge_ar_lag_fourier,h168,2026-01-04T23:00:00,2026-01-18T23:00:00,2026-02-15T23:00:00,,,42.0
2026-01-24 19:00:00,36.8,-56.40419090917132,1.0,"Satet International School, Tema Manhean",tabular,ridge_ar_lag_fourier,h168,2026-01-04T23:00:00,2026-01-18T23:00:00,2026-02-15T23:00:00,,,42.0
2026-01-24 20:00:00,34.0,-58.02344387061977,1.0,"Satet International School, Tema Manhean",tabular,ridge_ar_lag_fourier,h168,2026-01-04T23:00:00,2026-01-18T23:00:00,2026-02-15T23:00:00,,,42.0
2026-01-24 21:00:00,30.0,-57.04246169026962,1.0,"Satet International School, Tema Manhean",tabular,ridge_ar_lag_fourier,h168,2026-01-04T23:00:00,2026-01-18T23:00:00,2026-02-15T23:00:00,,,42.0
2026-01-24 22:00:00,33.5,-55.05028751546669,1.0,"Satet International School, Tema Manhean",tabular,ridge_ar_lag_fourier,h168,2026-01-04T23:00:00,2026-01-18T23:00:00,2026-02-15T23:00:00,,,42.0
2026-01-24 23:00:00,33.2,-54.57379508053903,1.0,"Satet International School, Tema Manhean",tabular,ridge_ar_lag_fourier,h168,2026-01-04T23:00:00,2026-01-18T23:00:00,2026-02-15T23:00:00,,,42.0
2026-01-25 00:00:00,31.4,-53.61884989180983,1.0,"Satet International School, Tema Manhean",tabular,ridge_ar_lag_fourier,h168,2026-01-04T23:00:00,2026-01-18T23:00:00,2026-02-15T23:00:00,,,42.0
2026-01-25 01:00:00,32.3,-53.06051337949158,1.0,"Satet International School, Tema Manhean",tabular,ridge_ar_lag_fourier,h168,2026-01-04T23:00:00,2026-01-18T23:00:00,2026-02-15T23:00:00,,,42.0
2026-01-25 02:00:00,36.1,-54.261674715662195,1.0,"Satet International School, Tema Manhean",tabular,ridge_ar_lag_fourier,h168,2026-01-04T23:00:00,2026-01-18T23:00:00,2026-02-15T23:00:00,,,42.0
2026-01-25 03:00:00,40.8,-46.34313871930988,1.0,"Satet International School, Tema Manhean",tabular,ridge_ar_lag_fourier,h168,2026-01-04T23:00:00,2026-01-18T23:00:00,2026-02-15T23:00:00,,,42.0
2026-01-25 04:00:00,70.1,-30.679113955349354,1.0,"Satet International School, Tema Manhean",tabular,ridge_ar_lag_fourier,h168,2026-01-04T23:00:00,2026-01-18T23:00:00,2026-02-15T23:00:00,,,42.0
2026-01-25 05:00:00,71.9,-14.472816352052217,1.0,"Satet International School, Tema Manhean",tabular,ridge_ar_lag_fourier,h168,2026-01-04T23:00:00,2026-01-18T23:00:00,2026-02-15T23:00:00,,,42.0
2026-01-25 06:00:00,73.0,-16.051303043250076,1.0,"Satet International School, Tema Manhean",tabular,ridge_ar_lag_fourier,h168,2026-01-04T23:00:00,2026-01-18T23:00:00,2026-02-15T23:00:00,,,42.0
2026-01-25 07:00:00,58.0,-35.103058398317444,1.0,"Satet International School, Tema Manhean",tabular,ridge_ar_lag_fourier,h168,2026-01-04T23:00:00,2026-01-18T23:00:00,2026-02-15T23:00:00,,,42.0
2026-01-25 08:00:00,45.6,-46.274793671244595,1.0,"Satet International School, Tema Manhean",tabular,ridge_ar_lag_fourier,h168,2026-01-04T23:00:00,2026-01-18T23:00:00,2026-02-15T23:00:00,,,42.0
2026-01-25 09:00:00,45.9,-50.387394909658454,1.0,"Satet International School, Tema Manhean",tabular,ridge_ar_lag_fourier,h168,2026-01-04T23:00:00,2026-01-18T23:00:00,2026-02-15T23:00:00,,,42.0
2026-01-25 10:00:00,48.3,-53.15179643306378,1.0,"Satet International School, Tema Manhean",tabular,ridge_ar_lag_fourier,h168,2026-01-04T23:00:00,2026-01-18T23:00:00,2026-02-15T23:00:00,,,42.0
2026-01-25 11:00:00,52.3,-55.71369884485384,1.0,"Satet International School, Tema Manhean",tabular,ridge_ar_lag_fourier,h168,2026-01-04T23:00:00,2026-01-18T23:00:00,2026-02-15T23:00:00,,,42.0
2026-01-25 12:00:00,44.1,-60.35198458948737,1.0,"Satet International School, Tema Manhean",tabular,ridge_ar_lag_fourier,h168,2026-01-04T23:00:00,2026-01-18T23:00:00,2026-02-15T23:00:00,,,42.0
2026-01-25 13:00:00,41.6,-63.79026015173234,1.0,"Satet International School, Tema Manhean",tabular,ridge_ar_lag_fourier,h168,2026-01-04T23:00:00,2026-01-18T23:00:00,2026-02-15T23:00:00,,,42.0
2026-01-25 14:00:00,40.2,-63.079330635884105,1.0,"Satet International School, Tema Manhean",tabular,ridge_ar_lag_fourier,h168,2026-01-04T23:00:00,2026-01-18T23:00:00,2026-02-15T23:00:00,,,42.0
2026-01-25 15:00:00,36.4,-52.4462668302003,1.0,"Satet International School, Tema Manhean",tabular,ridge_ar_lag_fourier,h168,2026-01-04T23:00:00,2026-01-18T23:00:00,2026-02-15T23:00:00,,,42.0
2026-01-25 16:00:00,32.9,-61.36589109174449,1.0,"Satet International School, Tema Manhean",tabular,ridge_ar_lag_fourier,h168,2026-01-04T23:00:00,2026-01-18T23:00:00,2026-02-15T23:00:00,,,42.0
2026-01-25 17:00:00,35.0,-60.12181478540636,1.0,"Satet International School, Tema Manhean",tabular,ridge_ar_lag_fourier,h168,2026-01-04T23:00:00,2026-01-18T23:00:00,2026-02-15T23:00:00,,,42.0
2026-01-25 18:00:00,40.9,-57.37331026647402,1.0,"Satet International School, Tema Manhean",tabular,ridge_ar_lag_fourier,h168,2026-01-04T23:00:00,2026-01-18T23:00:00,2026-02-15T23:00:00,,,42.0
2026-01-25 19:00:00,40.8,-57.6010886475311,1.0,"Satet International School, Tema Manhean",tabular,ridge_ar_lag_fourier,h168,2026-01-04T23:00:00,2026-01-18T23:00:00,2026-02-15T23:00:00,,,42.0
2026-01-25 20:00:00,37.5,-59.13459413645033,1.0,"Satet International School, Tema Manhean",tabular,ridge_ar_lag_fourier,h168,2026-01-04T23:00:00,2026-01-18T23:00:00,2026-02-15T23:00:00,,,42.0
2026-01-25 21:00:00,51.0,-58.18650162179762,1.0,"Satet International School, Tema Manhean",tabular,ridge_ar_lag_fourier,h168,2026-01-04T23:00:00,2026-01-18T23:00:00,2026-02-15T23:00:00,,,42.0
2026-01-25 22:00:00,70.5,-59.869970217967975,1.0,"Satet International School, Tema Manhean",tabular,ridge_ar_lag_fourier,h168,2026-01-04T23:00:00,2026-01-18T23:00:00,2026-02-15T23:00:00,,,42.0
2026-01-25 23:00:00,71.3,-58.008051136408824,1.0,"Satet International School, Tema Manhean",tabular,ridge_ar_lag_fourier,h168,2026-01-04T23:00:00,2026-01-18T23:00:00,2026-02-15T23:00:00,,,42.0
2026-01-26 00:00:00,47.8,-50.30595508612551,1.0,"Satet International School, Tema Manhean",tabular,ridge_ar_lag_fourier,h168,2026-01-04T23:00:00,2026-01-18T23:00:00,2026-02-15T23:00:00,,,42.0
2026-01-26 01:00:00,48.6,-43.790622705584724,1.0,"Satet International School, Tema Manhean",tabular,ridge_ar_lag_fourier,h168,2026-01-04T23:00:00,2026-01-18T23:00:00,2026-02-15T23:00:00,,,42.0
2026-01-26 02:00:00,68.7,-36.63332072304789,1.0,"Satet International School, Tema Manhean",tabular,ridge_ar_lag_fourier,h168,2026-01-04T23:00:00,2026-01-18T23:00:00,2026-02-15T23:00:00,,,42.0
2026-01-26 03:00:00,140.8,-27.26889255219557,1.0,"Satet International School, Tema Manhean",tabular,ridge_ar_lag_fourier,h168,2026-01-04T23:00:00,2026-01-18T23:00:00,2026-02-15T23:00:00,,,42.0
2026-01-26 04:00:00,210.0,-14.589767266451869,1.0,"Satet International School, Tema Manhean",tabular,ridge_ar_lag_fourier,h168,2026-01-04T23:00:00,2026-01-18T23:00:00,2026-02-15T23:00:00,,,42.0
2026-01-26 05:00:00,100.9,-8.069062863994166,1.0,"Satet International School, Tema Manhean",tabular,ridge_ar_lag_fourier,h168,2026-01-04T23:00:00,2026-01-18T23:00:00,2026-02-15T23:00:00,,,42.0
2026-01-26 06:00:00,132.9,-9.515270262718058,1.0,"Satet International School, Tema Manhean",tabular,ridge_ar_lag_fourier,h168,2026-01-04T23:00:00,2026-01-18T23:00:00,2026-02-15T23:00:00,,,42.0
2026-01-26 07:00:00,62.5,-28.3700426544554,1.0,"Satet International School, Tema Manhean",tabular,ridge_ar_lag_fourier,h168,2026-01-04T23:00:00,2026-01-18T23:00:00,2026-02-15T23:00:00,,,42.0
2026-01-26 08:00:00,52.0,-44.69215562781815,1.0,"Satet International School, Tema Manhean",tabular,ridge_ar_lag_fourier,h168,2026-01-04T23:00:00,2026-01-18T23:00:00,2026-02-15T23:00:00,,,42.0
2026-01-26 09:00:00,44.1,-51.12337873831581,1.0,"Satet International School, Tema Manhean",tabular,ridge_ar_lag_fourier,h168,2026-01-04T23:00:00,2026-01-18T23:00:00,2026-02-15T23:00:00,,,42.0
2026-01-26 10:00:00,44.4,-50.088831083446195,1.0,"Satet International School, Tema Manhean",tabular,ridge_ar_lag_fourier,h168,2026-01-04T23:00:00,2026-01-18T23:00:00,2026-02-15T23:00:00,,,42.0
2026-01-26 11:00:00,47.7,-54.524577024013325,1.0,"Satet International School, Tema Manhean",tabular,ridge_ar_lag_fourier,h168,2026-01-04T23:00:00,2026-01-18T23:00:00,2026-02-15T23:00:00,,,42.0
2026-01-26 12:00:00,40.1,-59.88233217590651,1.0,"Satet International School, Tema Manhean",tabular,ridge_ar_lag_fourier,h168,2026-01-04T23:00:00,2026-01-18T23:00:00,2026-02-15T23:00:00,,,42.0
2026-01-26 13:00:00,37.3,-62.23275578294826,1.0,"Satet International School, Tema Manhean",tabular,ridge_ar_lag_fourier,h168,2026-01-04T23:00:00,2026-01-18T23:00:00,2026-02-15T23:00:00,,,42.0
2026-01-26 14:00:00,36.2,-60.92057819512577,1.0,"Satet International School, Tema Manhean",tabular,ridge_ar_lag_fourier,h168,2026-01-04T23:00:00,2026-01-18T23:00:00,2026-02-15T23:00:00,,,42.0
2026-01-26 15:00:00,34.8,-59.031398384410565,1.0,"Satet International School, Tema Manhean",tabular,ridge_ar_lag_fourier,h168,2026-01-04T23:00:00,2026-01-18T23:00:00,2026-02-15T23:00:00,,,42.0
2026-01-26 16:00:00,37.1,-56.17809987612216,1.0,"Satet International School, Tema Manhean",tabular,ridge_ar_lag_fourier,h168,2026-01-04T23:00:00,2026-01-18T23:00:00,2026-02-15T23:00:00,,,42.0
2026-01-26 17:00:00,40.4,-54.62643967270324,1.0,"Satet International School, Tema Manhean",tabular,ridge_ar_lag_fourier,h168,2026-01-04T23:00:00,2026-01-18T23:00:00,2026-02-15T23:00:00,,,42.0
2026-01-26 18:00:00,55.8,-52.352284761482835,1.0,"Satet International School, Tema Manhean",tabular,ridge_ar_lag_fourier,h168,2026-01-04T23:00:00,2026-01-18T23:00:00,2026-02-15T23:00:00,,,42.0
2026-01-26 19:00:00,55.6,-53.23510904453367,1.0,"Satet International School, Tema Manhean",tabular,ridge_ar_lag_fourier,h168,2026-01-04T23:00:00,2026-01-18T23:00:00,2026-02-15T23:00:00,,,42.0
2026-01-26 20:00:00,41.3,-54.65405343257116,1.0,"Satet International School, Tema Manhean",tabular,ridge_ar_lag_fourier,h168,2026-01-04T23:00:00,2026-01-18T23:00:00,2026-02-15T23:00:00,,,42.0
2026-01-26 21:00:00,45.8,-52.0545370421255,1.0,"Satet International School, Tema Manhean",tabular,ridge_ar_lag_fourier,h168,2026-01-04T23:00:00,2026-01-18T23:00:00,2026-02-15T23:00:00,,,42.0
2026-01-26 22:00:00,59.3,-50.72065659595356,1.0,"Satet International School, Tema Manhean",tabular,ridge_ar_lag_fourier,h168,2026-01-04T23:00:00,2026-01-18T23:00:00,2026-02-15T23:00:00,,,42.0
2026-01-26 23:00:00,43.5,-52.91518142748424,1.0,"Satet International School, Tema Manhean",tabular,ridge_ar_lag_fourier,h168,2026-01-04T23:00:00,2026-01-18T23:00:00,2026-02-15T23:00:00,,,42.0
2026-01-27 00:00:00,45.0,-47.920345813908,1.0,"Satet International School, Tema Manhean",tabular,ridge_ar_lag_fourier,h168,2026-01-04T23:00:00,2026-01-18T23:00:00,2026-02-15T23:00:00,,,42.0
2026-01-27 01:00:00,52.9,-45.90644819528457,1.0,"Satet International School, Tema Manhean",tabular,ridge_ar_lag_fourier,h168,2026-01-04T23:00:00,2026-01-18T23:00:00,2026-02-15T23:00:00,,,42.0
2026-01-27 02:00:00,87.2,-41.348805172901564,1.0,"Satet International School, Tema Manhean",tabular,ridge_ar_lag_fourier,h168,2026-01-04T23:00:00,2026-01-18T23:00:00,2026-02-15T23:00:00,,,42.0
2026-01-27 03:00:00,67.8,-30.267263870627932,1.0,"Satet International School, Tema Manhean",tabular,ridge_ar_lag_fourier,h168,2026-01-04T23:00:00,2026-01-18T23:00:00,2026-02-15T23:00:00,,,42.0
2026-01-27 04:00:00,71.2,-24.02537546764034,1.0,"Satet International School, Tema Manhean",tabular,ridge_ar_lag_fourier,h168,2026-01-04T23:00:00,2026-01-18T23:00:00,2026-02-15T23:00:00,,,42.0
2026-01-27 05:00:00,124.6,-15.285583892776767,1.0,"Satet International School, Tema Manhean",tabular,ridge_ar_lag_fourier,h168,2026-01-04T23:00:00,2026-01-18T23:00:00,2026-02-15T23:00:00,,,42.0
2026-01-27 06:00:00,112.6,-18.27888122550465,1.0,"Satet International School, Tema Manhean",tabular,ridge_ar_lag_fourier,h168,2026-01-04T23:00:00,2026-01-18T23:00:00,2026-02-15T23:00:00,,,42.0
2026-01-27 07:00:00,76.6,-32.40034694958362,1.0,"Satet International School, Tema Manhean",tabular,ridge_ar_lag_fourier,h168,2026-01-04T23:00:00,2026-01-18T23:00:00,2026-02-15T23:00:00,,,42.0
2026-01-27 08:00:00,57.2,-45.46224326568242,1.0,"Satet International School, Tema Manhean",tabular,ridge_ar_lag_fourier,h168,2026-01-04T23:00:00,2026-01-18T23:00:00,2026-02-15T23:00:00,,,42.0
2026-01-27 09:00:00,46.4,-49.99746503696288,1.0,"Satet International School, Tema Manhean",tabular,ridge_ar_lag_fourier,h168,2026-01-04T23:00:00,2026-01-18T23:00:00,2026-02-15T23:00:00,,,42.0
2026-01-27 10:00:00,47.8,-51.35122910873467,1.0,"Satet International School, Tema Manhean",tabular,ridge_ar_lag_fourier,h168,2026-01-04T23:00:00,2026-01-18T23:00:00,2026-02-15T23:00:00,,,42.0
2026-01-27 11:00:00,51.4,-55.2544697317294,1.0,"Satet International School, Tema Manhean",tabular,ridge_ar_lag_fourier,h168,2026-01-04T23:00:00,2026-01-18T23:00:00,2026-02-15T23:00:00,,,42.0
2026-01-27 12:00:00,50.1,-57.50076511532056,1.0,"Satet International School, Tema Manhean",tabular,ridge_ar_lag_fourier,h168,2026-01-04T23:00:00,2026-01-18T23:00:00,2026-02-15T23:00:00,,,42.0
2026-01-27 13:00:00,43.5,-59.78361706423395,1.0,"Satet International School, Tema Manhean",tabular,ridge_ar_lag_fourier,h168,2026-01-04T23:00:00,2026-01-18T23:00:00,2026-02-15T23:00:00,,,42.0
2026-01-27 14:00:00,44.3,-59.48246433741389,1.0,"Satet International School, Tema Manhean",tabular,ridge_ar_lag_fourier,h168,2026-01-04T23:00:00,2026-01-18T23:00:00,2026-02-15T23:00:00,,,42.0
2026-01-27 15:00:00,42.3,-57.40808469061744,1.0,"Satet International School, Tema Manhean",tabular,ridge_ar_lag_fourier,h168,2026-01-04T23:00:00,2026-01-18T23:00:00,2026-02-15T23:00:00,,,42.0
2026-01-27 16:00:00,39.1,-54.54343151414474,1.0,"Satet International School, Tema Manhean",tabular,ridge_ar_lag_fourier,h168,2026-01-04T23:00:00,2026-01-18T23:00:00,2026-02-15T23:00:00,,,42.0
2026-01-27 17:00:00,40.6,-52.75327437258606,1.0,"Satet International School, Tema Manhean",tabular,ridge_ar_lag_fourier,h168,2026-01-04T23:00:00,2026-01-18T23:00:00,2026-02-15T23:00:00,,,42.0
2026-01-27 18:00:00,43.2,-52.47041652968784,1.0,"Satet International School, Tema Manhean",tabular,ridge_ar_lag_fourier,h168,2026-01-04T23:00:00,2026-01-18T23:00:00,2026-02-15T23:00:00,,,42.0
2026-01-27 19:00:00,45.3,-56.33672661658913,1.0,"Satet International School, Tema Manhean",tabular,ridge_ar_lag_fourier,h168,2026-01-04T23:00:00,2026-01-18T23:00:00,2026-02-15T23:00:00,,,42.0
2026-01-27 20:00:00,42.7,-56.73079888100028,1.0,"Satet International School, Tema Manhean",tabular,ridge_ar_lag_fourier,h168,2026-01-04T23:00:00,2026-01-18T23:00:00,2026-02-15T23:00:00,,,42.0
2026-01-27 21:00:00,73.7,-52.05548317402953,1.0,"Satet International School, Tema Manhean",tabular,ridge_ar_lag_fourier,h168,2026-01-04T23:00:00,2026-01-18T23:00:00,2026-02-15T23:00:00,,,42.0
2026-01-27 22:00:00,51.0,-53.323891926196026,1.0,"Satet International School, Tema Manhean",tabular,ridge_ar_lag_fourier,h168,2026-01-04T23:00:00,2026-01-18T23:00:00,2026-02-15T23:00:00,,,42.0
2026-01-27 23:00:00,56.3,-57.2589235445719,1.0,"Satet International School, Tema Manhean",tabular,ridge_ar_lag_fourier,h168,2026-01-04T23:00:00,2026-01-18T23:00:00,2026-02-15T23:00:00,,,42.0
2026-01-28 00:00:00,46.4,-54.825591264342904,1.0,"Satet International School, Tema Manhean",tabular,ridge_ar_lag_fourier,h168,2026-01-04T23:00:00,2026-01-18T23:00:00,2026-02-15T23:00:00,,,42.0
2026-01-28 01:00:00,44.2,-53.88059280797543,1.0,"Satet International School, Tema Manhean",tabular,ridge_ar_lag_fourier,h168,2026-01-04T23:00:00,2026-01-18T23:00:00,2026-02-15T23:00:00,,,42.0
2026-01-28 02:00:00,48.8,-47.46621803582093,1.0,"Satet International School, Tema Manhean",tabular,ridge_ar_lag_fourier,h168,2026-01-04T23:00:00,2026-01-18T23:00:00,2026-02-15T23:00:00,,,42.0
2026-01-28 03:00:00,48.0,-37.455383711453266,1.0,"Satet International School, Tema Manhean",tabular,ridge_ar_lag_fourier,h168,2026-01-04T23:00:00,2026-01-18T23:00:00,2026-02-15T23:00:00,,,42.0
2026-01-28 04:00:00,50.4,-26.771865596219907,1.0,"Satet International School, Tema Manhean",tabular,ridge_ar_lag_fourier,h168,2026-01-04T23:00:00,2026-01-18T23:00:00,2026-02-15T23:00:00,,,42.0
2026-01-28 05:00:00,67.5,-18.14180125320652,1.0,"Satet International School, Tema Manhean",tabular,ridge_ar_lag_fourier,h168,2026-01-04T23:00:00,2026-01-18T23:00:00,2026-02-15T23:00:00,,,42.0
2026-01-28 06:00:00,79.3,-8.94048342904902,1.0,"Satet International School, Tema Manhean",tabular,ridge_ar_lag_fourier,h168,2026-01-04T23:00:00,2026-01-18T23:00:00,2026-02-15T23:00:00,,,42.0
2026-01-28 07:00:00,60.2,-34.396459738355304,1.0,"Satet International School, Tema Manhean",tabular,ridge_ar_lag_fourier,h168,2026-01-04T23:00:00,2026-01-18T23:00:00,2026-02-15T23:00:00,,,42.0
2026-01-28 08:00:00,60.3,-44.329270641096,1.0,"Satet International School, Tema Manhean",tabular,ridge_ar_lag_fourier,h168,2026-01-04T23:00:00,2026-01-18T23:00:00,2026-02-15T23:00:00,,,42.0
2026-01-28 09:00:00,58.7,-47.80037278176826,1.0,"Satet International School, Tema Manhean",tabular,ridge_ar_lag_fourier,h168,2026-01-04T23:00:00,2026-01-18T23:00:00,2026-02-15T23:00:00,,,42.0
2026-01-28 10:00:00,50.7,-53.24816490029846,1.0,"Satet International School, Tema Manhean",tabular,ridge_ar_lag_fourier,h168,2026-01-04T23:00:00,2026-01-18T23:00:00,2026-02-15T23:00:00,,,42.0
2026-01-28 11:00:00,60.2,-55.79710358601737,1.0,"Satet International School, Tema Manhean",tabular,ridge_ar_lag_fourier,h168,2026-01-04T23:00:00,2026-01-18T23:00:00,2026-02-15T23:00:00,,,42.0
2026-01-28 12:00:00,59.0,-59.10115334022578,1.0,"Satet International School, Tema Manhean",tabular,ridge_ar_lag_fourier,h168,2026-01-04T23:00:00,2026-01-18T23:00:00,2026-02-15T23:00:00,,,42.0
2026-01-28 13:00:00,52.7,-60.04400592641623,1.0,"Satet International School, Tema Manhean",tabular,ridge_ar_lag_fourier,h168,2026-01-04T23:00:00,2026-01-18T23:00:00,2026-02-15T23:00:00,,,42.0
2026-01-28 14:00:00,49.7,-61.623536972372165,1.0,"Satet International School, Tema Manhean",tabular,ridge_ar_lag_fourier,h168,2026-01-04T23:00:00,2026-01-18T23:00:00,2026-02-15T23:00:00,,,42.0
2026-01-28 15:00:00,43.6,-60.30884015008712,1.0,"Satet International School, Tema Manhean",tabular,ridge_ar_lag_fourier,h168,2026-01-04T23:00:00,2026-01-18T23:00:00,2026-02-15T23:00:00,,,42.0
2026-01-28 16:00:00,44.4,-57.88533313472129,1.0,"Satet International School, Tema Manhean",tabular,ridge_ar_lag_fourier,h168,2026-01-04T23:00:00,2026-01-18T23:00:00,2026-02-15T23:00:00,,,42.0
2026-01-28 17:00:00,46.1,-56.41477820334978,1.0,"Satet International School, Tema Manhean",tabular,ridge_ar_lag_fourier,h168,2026-01-04T23:00:00,2026-01-18T23:00:00,2026-02-15T23:00:00,,,42.0
2026-01-28 18:00:00,60.8,-53.0174844240851,1.0,"Satet International School, Tema Manhean",tabular,ridge_ar_lag_fourier,h168,2026-01-04T23:00:00,2026-01-18T23:00:00,2026-02-15T23:00:00,,,42.0
2026-01-28 19:00:00,49.8,-55.15655518438362,1.0,"Satet International School, Tema Manhean",tabular,ridge_ar_lag_fourier,h168,2026-01-04T23:00:00,2026-01-18T23:00:00,2026-02-15T23:00:00,,,42.0
2026-01-28 20:00:00,47.1,-58.073038656066046,1.0,"Satet International School, Tema Manhean",tabular,ridge_ar_lag_fourier,h168,2026-01-04T23:00:00,2026-01-18T23:00:00,2026-02-15T23:00:00,,,42.0
2026-01-28 21:00:00,73.8,-58.35078454289862,1.0,"Satet International School, Tema Manhean",tabular,ridge_ar_lag_fourier,h168,2026-01-04T23:00:00,2026-01-18T23:00:00,2026-02-15T23:00:00,,,42.0
2026-01-28 22:00:00,73.2,-60.2675314372848,1.0,"Satet International School, Tema Manhean",tabular,ridge_ar_lag_fourier,h168,2026-01-04T23:00:00,2026-01-18T23:00:00,2026-02-15T23:00:00,,,42.0
2026-01-28 23:00:00,51.3,-61.84494011517934,1.0,"Satet International School, Tema Manhean",tabular,ridge_ar_lag_fourier,h168,2026-01-04T23:00:00,2026-01-18T23:00:00,2026-02-15T23:00:00,,,42.0
2026-01-29 00:00:00,50.3,-57.9766480063937,1.0,"Satet International School, Tema Manhean",tabular,ridge_ar_lag_fourier,h168,2026-01-04T23:00:00,2026-01-18T23:00:00,2026-02-15T23:00:00,,,42.0
2026-01-29 01:00:00,59.0,-58.350001722411164,1.0,"Satet International School, Tema Manhean",tabular,ridge_ar_lag_fourier,h168,2026-01-04T23:00:00,2026-01-18T23:00:00,2026-02-15T23:00:00,,,42.0
2026-01-29 02:00:00,64.8,-53.76934081242143,1.0,"Satet International School, Tema Manhean",tabular,ridge_ar_lag_fourier,h168,2026-01-04T23:00:00,2026-01-18T23:00:00,2026-02-15T23:00:00,,,42.0
2026-01-29 03:00:00,57.4,-45.66460074970229,1.0,"Satet International School, Tema Manhean",tabular,ridge_ar_lag_fourier,h168,2026-01-04T23:00:00,2026-01-18T23:00:00,2026-02-15T23:00:00,,,42.0
2026-01-29 04:00:00,65.3,-36.40427718978788,1.0,"Satet International School, Tema Manhean",tabular,ridge_ar_lag_fourier,h168,2026-01-04T23:00:00,2026-01-18T23:00:00,2026-02-15T23:00:00,,,42.0
2026-01-29 05:00:00,64.4,-34.95399569576108,1.0,"Satet International School, Tema Manhean",tabular,ridge_ar_lag_fourier,h168,2026-01-04T23:00:00,2026-01-18T23:00:00,2026-02-15T23:00:00,,,42.0
2026-01-29 06:00:00,65.8,-25.485307021578503,1.0,"Satet International School, Tema Manhean",tabular,ridge_ar_lag_fourier,h168,2026-01-04T23:00:00,2026-01-18T23:00:00,2026-02-15T23:00:00,,,42.0
2026-01-29 07:00:00,72.4,-37.062604439328325,1.0,"Satet International School, Tema Manhean",tabular,ridge_ar_lag_fourier,h168,2026-01-04T23:00:00,2026-01-18T23:00:00,2026-02-15T23:00:00,,,42.0
2026-01-29 08:00:00,57.1,-48.261280244915326,1.0,"Satet International School, Tema Manhean",tabular,ridge_ar_lag_fourier,h168,2026-01-04T23:00:00,2026-01-18T23:00:00,2026-02-15T23:00:00,,,42.0
2026-01-29 09:00:00,55.6,-53.581820311731434,1.0,"Satet International School, Tema Manhean",tabular,ridge_ar_lag_fourier,h168,2026-01-04T23:00:00,2026-01-18T23:00:00,2026-02-15T23:00:00,,,42.0
2026-01-29 10:00:00,61.3,-56.61736762260264,1.0,"Satet International School, Tema Manhean",tabular,ridge_ar_lag_fourier,h168,2026-01-04T23:00:00,2026-01-18T23:00:00,2026-02-15T23:00:00,,,42.0
2026-01-29 11:00:00,58.0,-59.657235400561746,1.0,"Satet International School, Tema Manhean",tabular,ridge_ar_lag_fourier,h168,2026-01-04T23:00:00,2026-01-18T23:00:00,2026-02-15T23:00:00,,,42.0
2026-01-29 12:00:00,61.2,-60.58535070223289,1.0,"Satet International School, Tema Manhean",tabular,ridge_ar_lag_fourier,h168,2026-01-04T23:00:00,2026-01-18T23:00:00,2026-02-15T23:00:00,,,42.0
2026-01-29 13:00:00,46.1,-63.15866303345362,1.0,"Satet International School, Tema Manhean",tabular,ridge_ar_lag_fourier,h168,2026-01-04T23:00:00,2026-01-18T23:00:00,2026-02-15T23:00:00,,,42.0
2026-01-29 14:00:00,46.0,-62.33191095312995,1.0,"Satet International School, Tema Manhean",tabular,ridge_ar_lag_fourier,h168,2026-01-04T23:00:00,2026-01-18T23:00:00,2026-02-15T23:00:00,,,42.0
2026-01-29 15:00:00,45.9,-60.111714234529444,1.0,"Satet International School, Tema Manhean",tabular,ridge_ar_lag_fourier,h168,2026-01-04T23:00:00,2026-01-18T23:00:00,2026-02-15T23:00:00,,,42.0
2026-01-29 16:00:00,44.8,-58.87631104409516,1.0,"Satet International School, Tema Manhean",tabular,ridge_ar_lag_fourier,h168,2026-01-04T23:00:00,2026-01-18T23:00:00,2026-02-15T23:00:00,,,42.0
2026-01-29 17:00:00,44.5,-56.46410790267325,1.0,"Satet International School, Tema Manhean",tabular,ridge_ar_lag_fourier,h168,2026-01-04T23:00:00,2026-01-18T23:00:00,2026-02-15T23:00:00,,,42.0
2026-01-29 18:00:00,46.8,-55.3014663599526,1.0,"Satet International School, Tema Manhean",tabular,ridge_ar_lag_fourier,h168,2026-01-04T23:00:00,2026-01-18T23:00:00,2026-02-15T23:00:00,,,42.0
2026-01-29 19:00:00,45.0,-59.13903307667948,1.0,"Satet International School, Tema Manhean",tabular,ridge_ar_lag_fourier,h168,2026-01-04T23:00:00,2026-01-18T23:00:00,2026-02-15T23:00:00,,,42.0
2026-01-29 20:00:00,43.3,-59.652724378966624,1.0,"Satet International School, Tema Manhean",tabular,ridge_ar_lag_fourier,h168,2026-01-04T23:00:00,2026-01-18T23:00:00,2026-02-15T23:00:00,,,42.0
2026-01-29 21:00:00,43.0,-57.407725144129245,1.0,"Satet International School, Tema Manhean",tabular,ridge_ar_lag_fourier,h168,2026-01-04T23:00:00,2026-01-18T23:00:00,2026-02-15T23:00:00,,,42.0
2026-01-29 22:00:00,42.7,-60.277183449654316,1.0,"Satet International School, Tema Manhean",tabular,ridge_ar_lag_fourier,h168,2026-01-04T23:00:00,2026-01-18T23:00:00,2026-02-15T23:00:00,,,42.0
2026-01-29 23:00:00,43.7,-62.10771630007149,1.0,"Satet International School, Tema Manhean",tabular,ridge_ar_lag_fourier,h168,2026-01-04T23:00:00,2026-01-18T23:00:00,2026-02-15T23:00:00,,,42.0
2026-01-30 00:00:00,41.7,-59.516886066822806,1.0,"Satet International School, Tema Manhean",tabular,ridge_ar_lag_fourier,h168,2026-01-04T23:00:00,2026-01-18T23:00:00,2026-02-15T23:00:00,,,42.0
2026-01-30 01:00:00,41.9,-58.7420861142961,1.0,"Satet International School, Tema Manhean",tabular,ridge_ar_lag_fourier,h168,2026-01-04T23:00:00,2026-01-18T23:00:00,2026-02-15T23:00:00,,,42.0
2026-01-30 02:00:00,41.8,-55.015884915297804,1.0,"Satet International School, Tema Manhean",tabular,ridge_ar_lag_fourier,h168,2026-01-04T23:00:00,2026-01-18T23:00:00,2026-02-15T23:00:00,,,42.0
2026-01-30 03:00:00,44.0,-48.738350472126484,1.0,"Satet International School, Tema Manhean",tabular,ridge_ar_lag_fourier,h168,2026-01-04T23:00:00,2026-01-18T23:00:00,2026-02-15T23:00:00,,,42.0
2026-01-30 04:00:00,50.3,-34.483647354689495,1.0,"Satet International School, Tema Manhean",tabular,ridge_ar_lag_fourier,h168,2026-01-04T23:00:00,2026-01-18T23:00:00,2026-02-15T23:00:00,,,42.0
2026-01-30 05:00:00,56.5,-32.32991649999735,1.0,"Satet International School, Tema Manhean",tabular,ridge_ar_lag_fourier,h168,2026-01-04T23:00:00,2026-01-18T23:00:00,2026-02-15T23:00:00,,,42.0
2026-01-30 06:00:00,79.8,-23.516383163993194,1.0,"Satet International School, Tema Manhean",tabular,ridge_ar_lag_fourier,h168,2026-01-04T23:00:00,2026-01-18T23:00:00,2026-02-15T23:00:00,,,42.0
2026-01-30 07:00:00,79.7,-39.77171633983748,1.0,"Satet International School, Tema Manhean",tabular,ridge_ar_lag_fourier,h168,2026-01-04T23:00:00,2026-01-18T23:00:00,2026-02-15T23:00:00,,,42.0
2026-01-30 08:00:00,52.1,-48.14073554090879,1.0,"Satet International School, Tema Manhean",tabular,ridge_ar_lag_fourier,h168,2026-01-04T23:00:00,2026-01-18T23:00:00,2026-02-15T23:00:00,,,42.0
2026-01-30 09:00:00,46.6,-55.46414258869085,1.0,"Satet International School, Tema Manhean",tabular,ridge_ar_lag_fourier,h168,2026-01-04T23:00:00,2026-01-18T23:00:00,2026-02-15T23:00:00,,,42.0
2026-01-30 10:00:00,44.4,-54.43961716712789,1.0,"Satet International School, Tema Manhean",tabular,ridge_ar_lag_fourier,h168,2026-01-04T23:00:00,2026-01-18T23:00:00,2026-02-15T23:00:00,,,42.0
2026-01-30 11:00:00,45.1,-59.13650583146614,1.0,"Satet International School, Tema Manhean",tabular,ridge_ar_lag_fourier,h168,2026-01-04T23:00:00,2026-01-18T23:00:00,2026-02-15T23:00:00,,,42.0
2026-01-30 12:00:00,47.0,-62.86539930655856,1.0,"Satet International School, Tema Manhean",tabular,ridge_ar_lag_fourier,h168,2026-01-04T23:00:00,2026-01-18T23:00:00,2026-02-15T23:00:00,,,42.0
2026-01-30 13:00:00,44.2,-63.47717558966424,1.0,"Satet International School, Tema Manhean",tabular,ridge_ar_lag_fourier,h168,2026-01-04T23:00:00,2026-01-18T23:00:00,2026-02-15T23:00:00,,,42.0
2026-01-30 14:00:00,40.3,-65.78624570243807,1.0,"Satet International School, Tema Manhean",tabular,ridge_ar_lag_fourier,h168,2026-01-04T23:00:00,2026-01-18T23:00:00,2026-02-15T23:00:00,,,42.0
2026-01-30 15:00:00,39.8,-64.95963089358699,1.0,"Satet International School, Tema Manhean",tabular,ridge_ar_lag_fourier,h168,2026-01-04T23:00:00,2026-01-18T23:00:00,2026-02-15T23:00:00,,,42.0
2026-01-30 16:00:00,40.1,-62.48268548029023,1.0,"Satet International School, Tema Manhean",tabular,ridge_ar_lag_fourier,h168,2026-01-04T23:00:00,2026-01-18T23:00:00,2026-02-15T23:00:00,,,42.0
2026-01-30 17:00:00,42.8,-58.212399710531685,1.0,"Satet International School, Tema Manhean",tabular,ridge_ar_lag_fourier,h168,2026-01-04T23:00:00,2026-01-18T23:00:00,2026-02-15T23:00:00,,,42.0
2026-01-30 18:00:00,47.3,-56.99192020858855,1.0,"Satet International School, Tema Manhean",tabular,ridge_ar_lag_fourier,h168,2026-01-04T23:00:00,2026-01-18T23:00:00,2026-02-15T23:00:00,,,42.0
2026-01-30 19:00:00,46.6,-59.726494131561736,1.0,"Satet International School, Tema Manhean",tabular,ridge_ar_lag_fourier,h168,2026-01-04T23:00:00,2026-01-18T23:00:00,2026-02-15T23:00:00,,,42.0
2026-01-30 20:00:00,43.8,-60.699734941916375,1.0,"Satet International School, Tema Manhean",tabular,ridge_ar_lag_fourier,h168,2026-01-04T23:00:00,2026-01-18T23:00:00,2026-02-15T23:00:00,,,42.0
2026-01-30 21:00:00,41.6,-59.30113219916768,1.0,"Satet International School, Tema Manhean",tabular,ridge_ar_lag_fourier,h168,2026-01-04T23:00:00,2026-01-18T23:00:00,2026-02-15T23:00:00,,,42.0
2026-01-30 22:00:00,45.6,-60.95280378650759,1.0,"Satet International School, Tema Manhean",tabular,ridge_ar_lag_fourier,h168,2026-01-04T23:00:00,2026-01-18T23:00:00,2026-02-15T23:00:00,,,42.0
2026-01-30 23:00:00,43.7,-64.43286436958657,1.0,"Satet International School, Tema Manhean",tabular,ridge_ar_lag_fourier,h168,2026-01-04T23:00:00,2026-01-18T23:00:00,2026-02-15T23:00:00,,,42.0
2026-01-31 00:00:00,45.2,-61.64626091285682,1.0,"Satet International School, Tema Manhean",tabular,ridge_ar_lag_fourier,h168,2026-01-04T23:00:00,2026-01-18T23:00:00,2026-02-15T23:00:00,,,42.0
2026-01-31 01:00:00,47.3,-60.483251970193024,1.0,"Satet International School, Tema Manhean",tabular,ridge_ar_lag_fourier,h168,2026-01-04T23:00:00,2026-01-18T23:00:00,2026-02-15T23:00:00,,,42.0
2026-01-31 02:00:00,46.7,-52.93743326200483,1.0,"Satet International School, Tema Manhean",tabular,ridge_ar_lag_fourier,h168,2026-01-04T23:00:00,2026-01-18T23:00:00,2026-02-15T23:00:00,,,42.0
2026-01-31 03:00:00,43.1,-44.146446783511934,1.0,"Satet International School, Tema Manhean",tabular,ridge_ar_lag_fourier,h168,2026-01-04T23:00:00,2026-01-18T23:00:00,2026-02-15T23:00:00,,,42.0
2026-01-31 04:00:00,45.3,-21.571407894476298,1.0,"Satet International School, Tema Manhean",tabular,ridge_ar_lag_fourier,h168,2026-01-04T23:00:00,2026-01-18T23:00:00,2026-02-15T23:00:00,,,42.0
2026-01-31 05:00:00,64.3,-24.05400246148194,1.0,"Satet International School, Tema Manhean",tabular,ridge_ar_lag_fourier,h168,2026-01-04T23:00:00,2026-01-18T23:00:00,2026-02-15T23:00:00,,,42.0
2026-01-31 06:00:00,57.5,-29.980085273738307,1.0,"Satet International School, Tema Manhean",tabular,ridge_ar_lag_fourier,h168,2026-01-04T23:00:00,2026-01-18T23:00:00,2026-02-15T23:00:00,,,42.0
2026-01-31 07:00:00,78.4,-36.08756536117076,1.0,"Satet International School, Tema Manhean",tabular,ridge_ar_lag_fourier,h168,2026-01-04T23:00:00,2026-01-18T23:00:00,2026-02-15T23:00:00,,,42.0
2026-01-31 08:00:00,51.2,-51.12555250954716,1.0,"Satet International School, Tema Manhean",tabular,ridge_ar_lag_fourier,h168,2026-01-04T23:00:00,2026-01-18T23:00:00,2026-02-15T23:00:00,,,42.0
2026-01-31 09:00:00,47.1,-57.82353301232443,1.0,"Satet International School, Tema Manhean",tabular,ridge_ar_lag_fourier,h168,2026-01-04T23:00:00,2026-01-18T23:00:00,2026-02-15T23:00:00,,,42.0
2026-01-31 10:00:00,46.6,-61.92409043797606,1.0,"Satet International School, Tema Manhean",tabular,ridge_ar_lag_fourier,h168,2026-01-04T23:00:00,2026-01-18T23:00:00,2026-02-15T23:00:00,,,42.0
2026-01-31 11:00:00,40.6,-63.644430525228216,1.0,"Satet International School, Tema Manhean",tabular,ridge_ar_lag_fourier,h168,2026-01-04T23:00:00,2026-01-18T23:00:00,2026-02-15T23:00:00,,,42.0
2026-01-31 12:00:00,38.3,-64.4040368864296,1.0,"Satet International School, Tema Manhean",tabular,ridge_ar_lag_fourier,h168,2026-01-04T23:00:00,2026-01-18T23:00:00,2026-02-15T23:00:00,,,42.0
2026-01-31 13:00:00,39.3,-68.85341369313457,1.0,"Satet International School, Tema Manhean",tabular,ridge_ar_lag_fourier,h168,2026-01-04T23:00:00,2026-01-18T23:00:00,2026-02-15T23:00:00,,,42.0
2026-01-31 14:00:00,37.5,-71.63379041655877,1.0,"Satet International School, Tema Manhean",tabular,ridge_ar_lag_fourier,h168,2026-01-04T23:00:00,2026-01-18T23:00:00,2026-02-15T23:00:00,,,42.0
2026-01-31 15:00:00,39.9,-67.85144797548227,1.0,"Satet International School, Tema Manhean",tabular,ridge_ar_lag_fourier,h168,2026-01-04T23:00:00,2026-01-18T23:00:00,2026-02-15T23:00:00,,,42.0
2026-01-31 16:00:00,41.2,-64.51082142087986,1.0,"Satet International School, Tema Manhean",tabular,ridge_ar_lag_fourier,h168,2026-01-04T23:00:00,2026-01-18T23:00:00,2026-02-15T23:00:00,,,42.0
2026-01-31 17:00:00,39.5,-64.27647858363524,1.0,"Satet International School, Tema Manhean",tabular,ridge_ar_lag_fourier,h168,2026-01-04T23:00:00,2026-01-18T23:00:00,2026-02-15T23:00:00,,,42.0
2026-01-31 18:00:00,44.5,-61.132795646872296,1.0,"Satet International School, Tema Manhean",tabular,ridge_ar_lag_fourier,h168,2026-01-04T23:00:00,2026-01-18T23:00:00,2026-02-15T23:00:00,,,42.0
2026-01-31 19:00:00,40.6,-61.927025587145394,1.0,"Satet International School, Tema Manhean",tabular,ridge_ar_lag_fourier,h168,2026-01-04T23:00:00,2026-01-18T23:00:00,2026-02-15T23:00:00,,,42.0
2026-01-31 20:00:00,37.7,-63.419363758359026,1.0,"Satet International School, Tema Manhean",tabular,ridge_ar_lag_fourier,h168,2026-01-04T23:00:00,2026-01-18T23:00:00,2026-02-15T23:00:00,,,42.0
2026-01-31 21:00:00,39.3,-66.2344329233617,1.0,"Satet International School, Tema Manhean",tabular,ridge_ar_lag_fourier,h168,2026-01-04T23:00:00,2026-01-18T23:00:00,2026-02-15T23:00:00,,,42.0
2026-01-31 22:00:00,47.1,-63.01059228334644,1.0,"Satet International School, Tema Manhean",tabular,ridge_ar_lag_fourier,h168,2026-01-04T23:00:00,2026-01-18T23:00:00,2026-02-15T23:00:00,,,42.0
2026-01-31 23:00:00,43.0,-64.12936494203258,1.0,"Satet International School, Tema Manhean",tabular,ridge_ar_lag_fourier,h168,2026-01-04T23:00:00,2026-01-18T23:00:00,2026-02-15T23:00:00,,,42.0
2026-02-01 00:00:00,53.2,-59.215821043631465,1.0,"Satet International School, Tema Manhean",tabular,ridge_ar_lag_fourier,h168,2026-01-04T23:00:00,2026-01-18T23:00:00,2026-02-15T23:00:00,,,42.0
2026-02-01 01:00:00,46.9,-54.78250393958018,1.0,"Satet International School, Tema Manhean",tabular,ridge_ar_lag_fourier,h168,2026-01-04T23:00:00,2026-01-18T23:00:00,2026-02-15T23:00:00,,,42.0
2026-02-01 02:00:00,35.8,-44.08375238444624,1.0,"Satet International School, Tema Manhean",tabular,ridge_ar_lag_fourier,h168,2026-01-04T23:00:00,2026-01-18T23:00:00,2026-02-15T23:00:00,,,42.0
2026-02-01 03:00:00,33.9,-34.734010712140986,1.0,"Satet International School, Tema Manhean",tabular,ridge_ar_lag_fourier,h168,2026-01-04T23:00:00,2026-01-18T23:00:00,2026-02-15T23:00:00,,,42.0
2026-02-01 04:00:00,37.8,-25.573002462003547,1.0,"Satet International School, Tema Manhean",tabular,ridge_ar_lag_fourier,h168,2026-01-04T23:00:00,2026-01-18T23:00:00,2026-02-15T23:00:00,,,42.0
2026-02-01 05:00:00,40.1,-23.399697291949646,1.0,"Satet International School, Tema Manhean",tabular,ridge_ar_lag_fourier,h168,2026-01-04T23:00:00,2026-01-18T23:00:00,2026-02-15T23:00:00,,,42.0
2026-02-01 06:00:00,53.0,-18.77999995192894,1.0,"Satet International School, Tema Manhean",tabular,ridge_ar_lag_fourier,h168,2026-01-04T23:00:00,2026-01-18T23:00:00,2026-02-15T23:00:00,,,42.0
2026-02-01 07:00:00,58.5,-38.430576099089976,1.0,"Satet International School, Tema Manhean",tabular,ridge_ar_lag_fourier,h168,2026-01-04T23:00:00,2026-01-18T23:00:00,2026-02-15T23:00:00,,,42.0
2026-02-01 08:00:00,47.5,-53.92876587197236,1.0,"Satet International School, Tema Manhean",tabular,ridge_ar_lag_fourier,h168,2026-01-04T23:00:00,2026-01-18T23:00:00,2026-02-15T23:00:00,,,42.0
2026-02-01 09:00:00,47.3,-61.598188720265,1.0,"Satet International School, Tema Manhean",tabular,ridge_ar_lag_fourier,h168,2026-01-04T23:00:00,2026-01-18T23:00:00,2026-02-15T23:00:00,,,42.0
2026-02-01 10:00:00,43.1,-61.48251411422788,1.0,"Satet International School, Tema Manhean",tabular,ridge_ar_lag_fourier,h168,2026-01-04T23:00:00,2026-01-18T23:00:00,2026-02-15T23:00:00,,,42.0
2026-02-01 11:00:00,36.7,-60.96500835844439,1.0,"Satet International School, Tema Manhean",tabular,ridge_ar_lag_fourier,h168,2026-01-04T23:00:00,2026-01-18T23:00:00,2026-02-15T23:00:00,,,42.0
2026-02-01 12:00:00,36.6,-62.67290391920196,1.0,"Satet International School, Tema Manhean",tabular,ridge_ar_lag_fourier,h168,2026-01-04T23:00:00,2026-01-18T23:00:00,2026-02-15T23:00:00,,,42.0
2026-02-01 13:00:00,32.9,-65.20464292888485,1.0,"Satet International School, Tema Manhean",tabular,ridge_ar_lag_fourier,h168,2026-01-04T23:00:00,2026-01-18T23:00:00,2026-02-15T23:00:00,,,42.0
2026-02-01 14:00:00,35.0,-62.76995887618749,1.0,"Satet International School, Tema Manhean",tabular,ridge_ar_lag_fourier,h168,2026-01-04T23:00:00,2026-01-18T23:00:00,2026-02-15T23:00:00,,,42.0
2026-02-01 15:00:00,35.5,-63.115986252092284,1.0,"Satet International School, Tema Manhean",tabular,ridge_ar_lag_fourier,h168,2026-01-04T23:00:00,2026-01-18T23:00:00,2026-02-15T23:00:00,,,42.0
2026-02-01 16:00:00,35.8,-66.4677933723226,1.0,"Satet International School, Tema Manhean",tabular,ridge_ar_lag_fourier,h168,2026-01-04T23:00:00,2026-01-18T23:00:00,2026-02-15T23:00:00,,,42.0
2026-02-01 17:00:00,35.0,-66.36730400928099,1.0,"Satet International School, Tema Manhean",tabular,ridge_ar_lag_fourier,h168,2026-01-04T23:00:00,2026-01-18T23:00:00,2026-02-15T23:00:00,,,42.0
2026-02-01 18:00:00,39.9,-63.563688670181094,1.0,"Satet International School, Tema Manhean",tabular,ridge_ar_lag_fourier,h168,2026-01-04T23:00:00,2026-01-18T23:00:00,2026-02-15T23:00:00,,,42.0
2026-02-01 19:00:00,37.1,-62.49794089590296,1.0,"Satet International School, Tema Manhean",tabular,ridge_ar_lag_fourier,h168,2026-01-04T23:00:00,2026-01-18T23:00:00,2026-02-15T23:00:00,,,42.0
2026-02-01 20:00:00,51.3,-62.66761627253672,1.0,"Satet International School, Tema Manhean",tabular,ridge_ar_lag_fourier,h168,2026-01-04T23:00:00,2026-01-18T23:00:00,2026-02-15T23:00:00,,,42.0
2026-02-01 21:00:00,37.8,-64.48527144514887,1.0,"Satet International School, Tema Manhean",tabular,ridge_ar_lag_fourier,h168,2026-01-04T23:00:00,2026-01-18T23:00:00,2026-02-15T23:00:00,,,42.0
2026-02-01 22:00:00,37.1,-60.03745907056225,1.0,"Satet International School, Tema Manhean",tabular,ridge_ar_lag_fourier,h168,2026-01-04T23:00:00,2026-01-18T23:00:00,2026-02-15T23:00:00,,,42.0
2026-02-01 23:00:00,35.3,-60.80264916375985,1.0,"Satet International School, Tema Manhean",tabular,ridge_ar_lag_fourier,h168,2026-01-04T23:00:00,2026-01-18T23:00:00,2026-02-15T23:00:00,,,42.0
2026-02-02 00:00:00,38.5,-56.32969224443511,1.0,"Satet International School, Tema Manhean",tabular,ridge_ar_lag_fourier,h168,2026-01-04T23:00:00,2026-01-18T23:00:00,2026-02-15T23:00:00,,,42.0
2026-02-02 01:00:00,37.1,-51.01924037704882,1.0,"Satet International School, Tema Manhean",tabular,ridge_ar_lag_fourier,h168,2026-01-04T23:00:00,2026-01-18T23:00:00,2026-02-15T23:00:00,,,42.0
2026-02-02 02:00:00,34.5,-43.721249971787316,1.0,"Satet International School, Tema Manhean",tabular,ridge_ar_lag_fourier,h168,2026-01-04T23:00:00,2026-01-18T23:00:00,2026-02-15T23:00:00,,,42.0
2026-02-02 03:00:00,44.6,-31.075547903609934,1.0,"Satet International School, Tema Manhean",tabular,ridge_ar_lag_fourier,h168,2026-01-04T23:00:00,2026-01-18T23:00:00,2026-02-15T23:00:00,,,42.0
2026-02-02 04:00:00,40.6,-6.753109408470415,1.0,"Satet International School, Tema Manhean",tabular,ridge_ar_lag_fourier,h168,2026-01-04T23:00:00,2026-01-18T23:00:00,2026-02-15T23:00:00,,,42.0
2026-02-02 05:00:00,57.6,-8.056658812983681,1.0,"Satet International School, Tema Manhean",tabular,ridge_ar_lag_fourier,h168,2026-01-04T23:00:00,2026-01-18T23:00:00,2026-02-15T23:00:00,,,42.0
2026-02-02 06:00:00,59.9,-19.51394667886886,1.0,"Satet International School, Tema Manhean",tabular,ridge_ar_lag_fourier,h168,2026-01-04T23:00:00,2026-01-18T23:00:00,2026-02-15T23:00:00,,,42.0
2026-02-02 07:00:00,88.6,-32.4249181856393,1.0,"Satet International School, Tema Manhean",tabular,ridge_ar_lag_fourier,h168,2026-01-04T23:00:00,2026-01-18T23:00:00,2026-02-15T23:00:00,,,42.0
2026-02-02 08:00:00,49.3,-51.27849911569568,1.0,"Satet International School, Tema Manhean",tabular,ridge_ar_lag_fourier,h168,2026-01-04T23:00:00,2026-01-18T23:00:00,2026-02-15T23:00:00,,,42.0
2026-02-02 09:00:00,44.5,-56.40112807710224,1.0,"Satet International School, Tema Manhean",tabular,ridge_ar_lag_fourier,h168,2026-01-04T23:00:00,2026-01-18T23:00:00,2026-02-15T23:00:00,,,42.0
2026-02-02 10:00:00,33.0,-54.19492286133425,1.0,"Satet International School, Tema Manhean",tabular,ridge_ar_lag_fourier,h168,2026-01-04T23:00:00,2026-01-18T23:00:00,2026-02-15T23:00:00,,,42.0
2026-02-02 11:00:00,30.4,-58.374963652278865,1.0,"Satet International School, Tema Manhean",tabular,ridge_ar_lag_fourier,h168,2026-01-04T23:00:00,2026-01-18T23:00:00,2026-02-15T23:00:00,,,42.0
2026-02-02 12:00:00,32.4,-65.51474013947887,1.0,"Satet International School, Tema Manhean",tabular,ridge_ar_lag_fourier,h168,2026-01-04T23:00:00,2026-01-18T23:00:00,2026-02-15T23:00:00,,,42.0
2026-02-02 13:00:00,29.7,-66.69860800892184,1.0,"Satet International School, Tema Manhean",tabular,ridge_ar_lag_fourier,h168,2026-01-04T23:00:00,2026-01-18T23:00:00,2026-02-15T23:00:00,,,42.0
2026-02-02 14:00:00,33.2,-67.86904353292003,1.0,"Satet International School, Tema Manhean",tabular,ridge_ar_lag_fourier,h168,2026-01-04T23:00:00,2026-01-18T23:00:00,2026-02-15T23:00:00,,,42.0
2026-02-02 15:00:00,34.9,-66.84289409795464,1.0,"Satet International School, Tema Manhean",tabular,ridge_ar_lag_fourier,h168,2026-01-04T23:00:00,2026-01-18T23:00:00,2026-02-15T23:00:00,,,42.0
2026-02-02 16:00:00,39.2,-63.658877058717934,1.0,"Satet International School, Tema Manhean",tabular,ridge_ar_lag_fourier,h168,2026-01-04T23:00:00,2026-01-18T23:00:00,2026-02-15T23:00:00,,,42.0
2026-02-02 17:00:00,41.7,-63.23395053716486,1.0,"Satet International School, Tema Manhean",tabular,ridge_ar_lag_fourier,h168,2026-01-04T23:00:00,2026-01-18T23:00:00,2026-02-15T23:00:00,,,42.0
2026-02-02 18:00:00,39.9,-62.122637220673084,1.0,"Satet International School, Tema Manhean",tabular,ridge_ar_lag_fourier,h168,2026-01-04T23:00:00,2026-01-18T23:00:00,2026-02-15T23:00:00,,,42.0
2026-02-02 19:00:00,40.2,-60.33975272133095,1.0,"Satet International School, Tema Manhean",tabular,ridge_ar_lag_fourier,h168,2026-01-04T23:00:00,2026-01-18T23:00:00,2026-02-15T23:00:00,,,42.0
2026-02-02 20:00:00,44.2,-60.27222098143773,1.0,"Satet International School, Tema Manhean",tabular,ridge_ar_lag_fourier,h168,2026-01-04T23:00:00,2026-01-18T23:00:00,2026-02-15T23:00:00,,,42.0
2026-02-02 21:00:00,38.7,-63.02090678927914,1.0,"Satet International School, Tema Manhean",tabular,ridge_ar_lag_fourier,h168,2026-01-04T23:00:00,2026-01-18T23:00:00,2026-02-15T23:00:00,,,42.0
2026-02-02 22:00:00,57.3,-62.9305140165351,1.0,"Satet International School, Tema Manhean",tabular,ridge_ar_lag_fourier,h168,2026-01-04T23:00:00,2026-01-18T23:00:00,2026-02-15T23:00:00,,,42.0
2026-02-02 23:00:00,93.3,-61.979310703858744,1.0,"Satet International School, Tema Manhean",tabular,ridge_ar_lag_fourier,h168,2026-01-04T23:00:00,2026-01-18T23:00:00,2026-02-15T23:00:00,,,42.0
2026-02-03 00:00:00,72.1,-62.36512023621195,1.0,"Satet International School, Tema Manhean",tabular,ridge_ar_lag_fourier,h168,2026-01-04T23:00:00,2026-01-18T23:00:00,2026-02-15T23:00:00,,,42.0
2026-02-03 01:00:00,49.3,-55.42340686289569,1.0,"Satet International School, Tema Manhean",tabular,ridge_ar_lag_fourier,h168,2026-01-04T23:00:00,2026-01-18T23:00:00,2026-02-15T23:00:00,,,42.0
2026-02-03 02:00:00,43.0,-47.00669564454223,1.0,"Satet International School, Tema Manhean",tabular,ridge_ar_lag_fourier,h168,2026-01-04T23:00:00,2026-01-18T23:00:00,2026-02-15T23:00:00,,,42.0
2026-02-03 03:00:00,45.6,-26.391909627930612,1.0,"Satet International School, Tema Manhean",tabular,ridge_ar_lag_fourier,h168,2026-01-04T23:00:00,2026-01-18T23:00:00,2026-02-15T23:00:00,,,42.0
2026-02-03 04:00:00,44.1,-18.402404201568526,1.0,"Satet International School, Tema Manhean",tabular,ridge_ar_lag_fourier,h168,2026-01-04T23:00:00,2026-01-18T23:00:00,2026-02-15T23:00:00,,,42.0
2026-02-03 05:00:00,103.7,-20.027446576276365,1.0,"Satet International School, Tema Manhean",tabular,ridge_ar_lag_fourier,h168,2026-01-04T23:00:00,2026-01-18T23:00:00,2026-02-15T23:00:00,,,42.0
2026-02-03 06:00:00,113.0,-26.291867284683857,1.0,"Satet International School, Tema Manhean",tabular,ridge_ar_lag_fourier,h168,2026-01-04T23:00:00,2026-01-18T23:00:00,2026-02-15T23:00:00,,,42.0
2026-02-03 07:00:00,56.6,-38.25490405049965,1.0,"Satet International School, Tema Manhean",tabular,ridge_ar_lag_fourier,h168,2026-01-04T23:00:00,2026-01-18T23:00:00,2026-02-15T23:00:00,,,42.0
2026-02-03 08:00:00,40.9,-53.476783463252985,1.0,"Satet International School, Tema Manhean",tabular,ridge_ar_lag_fourier,h168,2026-01-04T23:00:00,2026-01-18T23:00:00,2026-02-15T23:00:00,,,42.0
2026-02-03 09:00:00,41.3,-62.43971738673845,1.0,"Satet International School, Tema Manhean",tabular,ridge_ar_lag_fourier,h168,2026-01-04T23:00:00,2026-01-18T23:00:00,2026-02-15T23:00:00,,,42.0
2026-02-03 10:00:00,37.4,-60.961950961278205,1.0,"Satet International School, Tema Manhean",tabular,ridge_ar_lag_fourier,h168,2026-01-04T23:00:00,2026-01-18T23:00:00,2026-02-15T23:00:00,,,42.0
2026-02-03 11:00:00,43.6,-63.24356296345327,1.0,"Satet International School, Tema Manhean",tabular,ridge_ar_lag_fourier,h168,2026-01-04T23:00:00,2026-01-18T23:00:00,2026-02-15T23:00:00,,,42.0
2026-02-03 12:00:00,38.3,-66.68661787672879,1.0,"Satet International School, Tema Manhean",tabular,ridge_ar_lag_fourier,h168,2026-01-04T23:00:00,2026-01-18T23:00:00,2026-02-15T23:00:00,,,42.0
2026-02-03 13:00:00,38.3,-71.40668837153513,1.0,"Satet International School, Tema Manhean",tabular,ridge_ar_lag_fourier,h168,2026-01-04T23:00:00,2026-01-18T23:00:00,2026-02-15T23:00:00,,,42.0
2026-02-03 14:00:00,28.8,-69.22408968359301,1.0,"Satet International School, Tema Manhean",tabular,ridge_ar_lag_fourier,h168,2026-01-04T23:00:00,2026-01-18T23:00:00,2026-02-15T23:00:00,,,42.0
2026-02-03 15:00:00,36.7,-65.15611988266775,1.0,"Satet International School, Tema Manhean",tabular,ridge_ar_lag_fourier,h168,2026-01-04T23:00:00,2026-01-18T23:00:00,2026-02-15T23:00:00,,,42.0
2026-02-03 16:00:00,38.1,-64.9070275429251,1.0,"Satet International School, Tema Manhean",tabular,ridge_ar_lag_fourier,h168,2026-01-04T23:00:00,2026-01-18T23:00:00,2026-02-15T23:00:00,,,42.0
2026-02-03 17:00:00,40.9,-63.82954013786589,1.0,"Satet International School, Tema Manhean",tabular,ridge_ar_lag_fourier,h168,2026-01-04T23:00:00,2026-01-18T23:00:00,2026-02-15T23:00:00,,,42.0
2026-02-03 18:00:00,47.9,-62.79397046904205,1.0,"Satet International School, Tema Manhean",tabular,ridge_ar_lag_fourier,h168,2026-01-04T23:00:00,2026-01-18T23:00:00,2026-02-15T23:00:00,,,42.0
2026-02-03 19:00:00,60.6,-64.37819474602668,1.0,"Satet International School, Tema Manhean",tabular,ridge_ar_lag_fourier,h168,2026-01-04T23:00:00,2026-01-18T23:00:00,2026-02-15T23:00:00,,,42.0
2026-02-03 20:00:00,75.7,-65.71022160670617,1.0,"Satet International School, Tema Manhean",tabular,ridge_ar_lag_fourier,h168,2026-01-04T23:00:00,2026-01-18T23:00:00,2026-02-15T23:00:00,,,42.0
2026-02-03 21:00:00,69.1,-63.15488443721833,1.0,"Satet International School, Tema Manhean",tabular,ridge_ar_lag_fourier,h168,2026-01-04T23:00:00,2026-01-18T23:00:00,2026-02-15T23:00:00,,,42.0
2026-02-03 22:00:00,64.7,-57.150521785918016,1.0,"Satet International School, Tema Manhean",tabular,ridge_ar_lag_fourier,h168,2026-01-04T23:00:00,2026-01-18T23:00:00,2026-02-15T23:00:00,,,42.0
2026-02-03 23:00:00,96.0,-59.49630625860691,1.0,"Satet International School, Tema Manhean",tabular,ridge_ar_lag_fourier,h168,2026-01-04T23:00:00,2026-01-18T23:00:00,2026-02-15T23:00:00,,,42.0
2026-02-04 00:00:00,59.2,-58.54804263815794,1.0,"Satet International School, Tema Manhean",tabular,ridge_ar_lag_fourier,h168,2026-01-04T23:00:00,2026-01-18T23:00:00,2026-02-15T23:00:00,,,42.0
2026-02-04 01:00:00,46.5,-59.397793852144844,1.0,"Satet International School, Tema Manhean",tabular,ridge_ar_lag_fourier,h168,2026-01-04T23:00:00,2026-01-18T23:00:00,2026-02-15T23:00:00,,,42.0
2026-02-04 02:00:00,62.9,-47.15258695890634,1.0,"Satet International School, Tema Manhean",tabular,ridge_ar_lag_fourier,h168,2026-01-04T23:00:00,2026-01-18T23:00:00,2026-02-15T23:00:00,,,42.0
2026-02-04 03:00:00,55.9,-20.72624223631909,1.0,"Satet International School, Tema Manhean",tabular,ridge_ar_lag_fourier,h168,2026-01-04T23:00:00,2026-01-18T23:00:00,2026-02-15T23:00:00,,,42.0
2026-02-04 04:00:00,70.1,-7.785280855787281,1.0,"Satet International School, Tema Manhean",tabular,ridge_ar_lag_fourier,h168,2026-01-04T23:00:00,2026-01-18T23:00:00,2026-02-15T23:00:00,,,42.0
2026-02-04 05:00:00,87.7,-20.26884743808014,1.0,"Satet International School, Tema Manhean",tabular,ridge_ar_lag_fourier,h168,2026-01-04T23:00:00,2026-01-18T23:00:00,2026-02-15T23:00:00,,,42.0
2026-02-04 06:00:00,95.6,-10.06710860611415,1.0,"Satet International School, Tema Manhean",tabular,ridge_ar_lag_fourier,h168,2026-01-04T23:00:00,2026-01-18T23:00:00,2026-02-15T23:00:00,,,42.0
2026-02-04 07:00:00,62.5,-36.429917691646054,1.0,"Satet International School, Tema Manhean",tabular,ridge_ar_lag_fourier,h168,2026-01-04T23:00:00,2026-01-18T23:00:00,2026-02-15T23:00:00,,,42.0
2026-02-04 08:00:00,56.9,-53.10798363692696,1.0,"Satet International School, Tema Manhean",tabular,ridge_ar_lag_fourier,h168,2026-01-04T23:00:00,2026-01-18T23:00:00,2026-02-15T23:00:00,,,42.0
2026-02-04 09:00:00,41.6,-58.19510328289499,1.0,"Satet International School, Tema Manhean",tabular,ridge_ar_lag_fourier,h168,2026-01-04T23:00:00,2026-01-18T23:00:00,2026-02-15T23:00:00,,,42.0
2026-02-04 10:00:00,55.3,-58.90072206796991,1.0,"Satet International School, Tema Manhean",tabular,ridge_ar_lag_fourier,h168,2026-01-04T23:00:00,2026-01-18T23:00:00,2026-02-15T23:00:00,,,42.0
2026-02-04 11:00:00,39.2,-59.30886046213489,1.0,"Satet International School, Tema Manhean",tabular,ridge_ar_lag_fourier,h168,2026-01-04T23:00:00,2026-01-18T23:00:00,2026-02-15T23:00:00,,,42.0
2026-02-04 12:00:00,35.4,-64.08436982571911,1.0,"Satet International School, Tema Manhean",tabular,ridge_ar_lag_fourier,h168,2026-01-04T23:00:00,2026-01-18T23:00:00,2026-02-15T23:00:00,,,42.0
2026-02-04 13:00:00,36.6,-64.67117311824042,1.0,"Satet International School, Tema Manhean",tabular,ridge_ar_lag_fourier,h168,2026-01-04T23:00:00,2026-01-18T23:00:00,2026-02-15T23:00:00,,,42.0
2026-02-04 14:00:00,38.8,-65.95911519754613,1.0,"Satet International School, Tema Manhean",tabular,ridge_ar_lag_fourier,h168,2026-01-04T23:00:00,2026-01-18T23:00:00,2026-02-15T23:00:00,,,42.0
2026-02-04 15:00:00,32.8,-66.94373203838484,1.0,"Satet International School, Tema Manhean",tabular,ridge_ar_lag_fourier,h168,2026-01-04T23:00:00,2026-01-18T23:00:00,2026-02-15T23:00:00,,,42.0
2026-02-04 16:00:00,34.1,-65.96306826604845,1.0,"Satet International School, Tema Manhean",tabular,ridge_ar_lag_fourier,h168,2026-01-04T23:00:00,2026-01-18T23:00:00,2026-02-15T23:00:00,,,42.0
2026-02-04 17:00:00,34.4,-63.57894998910514,1.0,"Satet International School, Tema Manhean",tabular,ridge_ar_lag_fourier,h168,2026-01-04T23:00:00,2026-01-18T23:00:00,2026-02-15T23:00:00,,,42.0
2026-02-04 18:00:00,42.4,-60.93104961261436,1.0,"Satet International School, Tema Manhean",tabular,ridge_ar_lag_fourier,h168,2026-01-04T23:00:00,2026-01-18T23:00:00,2026-02-15T23:00:00,,,42.0
2026-02-04 19:00:00,32.7,-62.48099432400551,1.0,"Satet International School, Tema Manhean",tabular,ridge_ar_lag_fourier,h168,2026-01-04T23:00:00,2026-01-18T23:00:00,2026-02-15T23:00:00,,,42.0
2026-02-04 20:00:00,27.1,-64.6808875622792,1.0,"Satet International School, Tema Manhean",tabular,ridge_ar_lag_fourier,h168,2026-01-04T23:00:00,2026-01-18T23:00:00,2026-02-15T23:00:00,,,42.0
2026-02-04 21:00:00,30.0,-63.759332433203525,1.0,"Satet International School, Tema Manhean",tabular,ridge_ar_lag_fourier,h168,2026-01-04T23:00:00,2026-01-18T23:00:00,2026-02-15T23:00:00,,,42.0
2026-02-04 22:00:00,37.1,-56.97137268070472,1.0,"Satet International School, Tema Manhean",tabular,ridge_ar_lag_fourier,h168,2026-01-04T23:00:00,2026-01-18T23:00:00,2026-02-15T23:00:00,,,42.0
2026-02-04 23:00:00,35.1,-57.815439214650596,1.0,"Satet International School, Tema Manhean",tabular,ridge_ar_lag_fourier,h168,2026-01-04T23:00:00,2026-01-18T23:00:00,2026-02-15T23:00:00,,,42.0
2026-02-05 00:00:00,46.6,-55.103162301855946,1.0,"Satet International School, Tema Manhean",tabular,ridge_ar_lag_fourier,h168,2026-01-04T23:00:00,2026-01-18T23:00:00,2026-02-15T23:00:00,,,42.0
2026-02-05 01:00:00,43.0,-54.405209244562855,1.0,"Satet International School, Tema Manhean",tabular,ridge_ar_lag_fourier,h168,2026-01-04T23:00:00,2026-01-18T23:00:00,2026-02-15T23:00:00,,,42.0
2026-02-05 02:00:00,58.3,-42.63751437731894,1.0,"Satet International School, Tema Manhean",tabular,ridge_ar_lag_fourier,h168,2026-01-04T23:00:00,2026-01-18T23:00:00,2026-02-15T23:00:00,,,42.0
2026-02-05 03:00:00,42.9,-22.24317708433507,1.0,"Satet International School, Tema Manhean",tabular,ridge_ar_lag_fourier,h168,2026-01-04T23:00:00,2026-01-18T23:00:00,2026-02-15T23:00:00,,,42.0
2026-02-05 04:00:00,42.9,-21.17200510187359,1.0,"Satet International School, Tema Manhean",tabular,ridge_ar_lag_fourier,h168,2026-01-04T23:00:00,2026-01-18T23:00:00,2026-02-15T23:00:00,,,42.0
2026-02-05 05:00:00,107.6,-26.425498064819966,1.0,"Satet International School, Tema Manhean",tabular,ridge_ar_lag_fourier,h168,2026-01-04T23:00:00,2026-01-18T23:00:00,2026-02-15T23:00:00,,,42.0
2026-02-05 06:00:00,50.5,-28.995448591395462,1.0,"Satet International School, Tema Manhean",tabular,ridge_ar_lag_fourier,h168,2026-01-04T23:00:00,2026-01-18T23:00:00,2026-02-15T23:00:00,,,42.0
2026-02-05 07:00:00,46.2,-42.39007715070042,1.0,"Satet International School, Tema Manhean",tabular,ridge_ar_lag_fourier,h168,2026-01-04T23:00:00,2026-01-18T23:00:00,2026-02-15T23:00:00,,,42.0
2026-02-05 08:00:00,34.5,-52.48846524871361,1.0,"Satet International School, Tema Manhean",tabular,ridge_ar_lag_fourier,h168,2026-01-04T23:00:00,2026-01-18T23:00:00,2026-02-15T23:00:00,,,42.0
2026-02-05 09:00:00,26.6,-56.65069149083348,1.0,"Satet International School, Tema Manhean",tabular,ridge_ar_lag_fourier,h168,2026-01-04T23:00:00,2026-01-18T23:00:00,2026-02-15T23:00:00,,,42.0
2026-02-05 10:00:00,22.1,-52.36674898641297,1.0,"Satet International School, Tema Manhean",tabular,ridge_ar_lag_fourier,h168,2026-01-04T23:00:00,2026-01-18T23:00:00,2026-02-15T23:00:00,,,42.0
2026-02-05 11:00:00,30.2,-54.9859926139323,1.0,"Satet International School, Tema Manhean",tabular,ridge_ar_lag_fourier,h168,2026-01-04T23:00:00,2026-01-18T23:00:00,2026-02-15T23:00:00,,,42.0
2026-02-05 12:00:00,25.8,-62.02469189878843,1.0,"Satet International School, Tema Manhean",tabular,ridge_ar_lag_fourier,h168,2026-01-04T23:00:00,2026-01-18T23:00:00,2026-02-15T23:00:00,,,42.0
2026-02-05 13:00:00,21.3,-64.6228109476365,1.0,"Satet International School, Tema Manhean",tabular,ridge_ar_lag_fourier,h168,2026-01-04T23:00:00,2026-01-18T23:00:00,2026-02-15T23:00:00,,,42.0
2026-02-05 14:00:00,21.0,-67.63030234880912,1.0,"Satet International School, Tema Manhean",tabular,ridge_ar_lag_fourier,h168,2026-01-04T23:00:00,2026-01-18T23:00:00,2026-02-15T23:00:00,,,42.0
2026-02-05 15:00:00,24.6,-68.39935958423986,1.0,"Satet International School, Tema Manhean",tabular,ridge_ar_lag_fourier,h168,2026-01-04T23:00:00,2026-01-18T23:00:00,2026-02-15T23:00:00,,,42.0
2026-02-05 16:00:00,26.9,-67.73367460188663,1.0,"Satet International School, Tema Manhean",tabular,ridge_ar_lag_fourier,h168,2026-01-04T23:00:00,2026-01-18T23:00:00,2026-02-15T23:00:00,,,42.0
2026-02-05 17:00:00,27.9,-63.12283650037335,1.0,"Satet International School, Tema Manhean",tabular,ridge_ar_lag_fourier,h168,2026-01-04T23:00:00,2026-01-18T23:00:00,2026-02-15T23:00:00,,,42.0
2026-02-05 18:00:00,38.6,-62.47357967857289,1.0,"Satet International School, Tema Manhean",tabular,ridge_ar_lag_fourier,h168,2026-01-04T23:00:00,2026-01-18T23:00:00,2026-02-15T23:00:00,,,42.0
2026-02-05 19:00:00,32.0,-62.28828502895297,1.0,"Satet International School, Tema Manhean",tabular,ridge_ar_lag_fourier,h168,2026-01-04T23:00:00,2026-01-18T23:00:00,2026-02-15T23:00:00,,,42.0
2026-02-05 20:00:00,27.9,-62.430265161572194,1.0,"Satet International School, Tema Manhean",tabular,ridge_ar_lag_fourier,h168,2026-01-04T23:00:00,2026-01-18T23:00:00,2026-02-15T23:00:00,,,42.0
2026-02-05 21:00:00,26.2,-60.22028953357088,1.0,"Satet International School, Tema Manhean",tabular,ridge_ar_lag_fourier,h168,2026-01-04T23:00:00,2026-01-18T23:00:00,2026-02-15T23:00:00,,,42.0
2026-02-05 22:00:00,32.6,-59.44499731832403,1.0,"Satet International School, Tema Manhean",tabular,ridge_ar_lag_fourier,h168,2026-01-04T23:00:00,2026-01-18T23:00:00,2026-02-15T23:00:00,,,42.0
2026-02-05 23:00:00,29.5,-59.37863014709953,1.0,"Satet International School, Tema Manhean",tabular,ridge_ar_lag_fourier,h168,2026-01-04T23:00:00,2026-01-18T23:00:00,2026-02-15T23:00:00,,,42.0
2026-02-06 00:00:00,32.2,-57.208592654563546,1.0,"Satet International School, Tema Manhean",tabular,ridge_ar_lag_fourier,h168,2026-01-04T23:00:00,2026-01-18T23:00:00,2026-02-15T23:00:00,,,42.0
2026-02-06 01:00:00,24.5,-54.292589398027886,1.0,"Satet International School, Tema Manhean",tabular,ridge_ar_lag_fourier,h168,2026-01-04T23:00:00,2026-01-18T23:00:00,2026-02-15T23:00:00,,,42.0
2026-02-06 02:00:00,26.4,-44.812193352424146,1.0,"Satet International School, Tema Manhean",tabular,ridge_ar_lag_fourier,h168,2026-01-04T23:00:00,2026-01-18T23:00:00,2026-02-15T23:00:00,,,42.0
2026-02-06 03:00:00,26.9,-34.78054942730414,1.0,"Satet International School, Tema Manhean",tabular,ridge_ar_lag_fourier,h168,2026-01-04T23:00:00,2026-01-18T23:00:00,2026-02-15T23:00:00,,,42.0
2026-02-06 04:00:00,32.5,-28.545493556833005,1.0,"Satet International School, Tema Manhean",tabular,ridge_ar_lag_fourier,h168,2026-01-04T23:00:00,2026-01-18T23:00:00,2026-02-15T23:00:00,,,42.0
2026-02-06 05:00:00,43.6,-29.6937001660211,1.0,"Satet International School, Tema Manhean",tabular,ridge_ar_lag_fourier,h168,2026-01-04T23:00:00,2026-01-18T23:00:00,2026-02-15T23:00:00,,,42.0
2026-02-06 06:00:00,47.7,-21.880323702701798,1.0,"Satet International School, Tema Manhean",tabular,ridge_ar_lag_fourier,h168,2026-01-04T23:00:00,2026-01-18T23:00:00,2026-02-15T23:00:00,,,42.0
2026-02-06 07:00:00,65.9,-40.87379165011245,1.0,"Satet International School, Tema Manhean",tabular,ridge_ar_lag_fourier,h168,2026-01-04T23:00:00,2026-01-18T23:00:00,2026-02-15T23:00:00,,,42.0
2026-02-06 08:00:00,43.2,-50.636967016479645,1.0,"Satet International School, Tema Manhean",tabular,ridge_ar_lag_fourier,h168,2026-01-04T23:00:00,2026-01-18T23:00:00,2026-02-15T23:00:00,,,42.0
2026-02-06 09:00:00,29.5,-56.20866483875004,1.0,"Satet International School, Tema Manhean",tabular,ridge_ar_lag_fourier,h168,2026-01-04T23:00:00,2026-01-18T23:00:00,2026-02-15T23:00:00,,,42.0
2026-02-06 10:00:00,21.3,-56.67666591482836,1.0,"Satet International School, Tema Manhean",tabular,ridge_ar_lag_fourier,h168,2026-01-04T23:00:00,2026-01-18T23:00:00,2026-02-15T23:00:00,,,42.0
2026-02-06 11:00:00,21.4,-57.77105265087674,1.0,"Satet International School, Tema Manhean",tabular,ridge_ar_lag_fourier,h168,2026-01-04T23:00:00,2026-01-18T23:00:00,2026-02-15T23:00:00,,,42.0
2026-02-06 12:00:00,23.9,-63.29921252793831,1.0,"Satet International School, Tema Manhean",tabular,ridge_ar_lag_fourier,h168,2026-01-04T23:00:00,2026-01-18T23:00:00,2026-02-15T23:00:00,,,42.0
2026-02-06 13:00:00,24.1,-65.29016947808677,1.0,"Satet International School, Tema Manhean",tabular,ridge_ar_lag_fourier,h168,2026-01-04T23:00:00,2026-01-18T23:00:00,2026-02-15T23:00:00,,,42.0
2026-02-06 14:00:00,24.9,-67.43502808424788,1.0,"Satet International School, Tema Manhean",tabular,ridge_ar_lag_fourier,h168,2026-01-04T23:00:00,2026-01-18T23:00:00,2026-02-15T23:00:00,,,42.0
2026-02-06 15:00:00,31.0,-67.81716976287841,1.0,"Satet International School, Tema Manhean",tabular,ridge_ar_lag_fourier,h168,2026-01-04T23:00:00,2026-01-18T23:00:00,2026-02-15T23:00:00,,,42.0
2026-02-06 16:00:00,34.8,-66.6450115702612,1.0,"Satet International School, Tema Manhean",tabular,ridge_ar_lag_fourier,h168,2026-01-04T23:00:00,2026-01-18T23:00:00,2026-02-15T23:00:00,,,42.0
2026-02-06 17:00:00,37.1,-63.96487410443832,1.0,"Satet International School, Tema Manhean",tabular,ridge_ar_lag_fourier,h168,2026-01-04T23:00:00,2026-01-18T23:00:00,2026-02-15T23:00:00,,,42.0
2026-02-06 18:00:00,43.9,-61.16331503681171,1.0,"Satet International School, Tema Manhean",tabular,ridge_ar_lag_fourier,h168,2026-01-04T23:00:00,2026-01-18T23:00:00,2026-02-15T23:00:00,,,42.0
2026-02-06 19:00:00,40.0,-63.89092549268548,1.0,"Satet International School, Tema Manhean",tabular,ridge_ar_lag_fourier,h168,2026-01-04T23:00:00,2026-01-18T23:00:00,2026-02-15T23:00:00,,,42.0
2026-02-06 20:00:00,28.6,-65.86060269272738,1.0,"Satet International School, Tema Manhean",tabular,ridge_ar_lag_fourier,h168,2026-01-04T23:00:00,2026-01-18T23:00:00,2026-02-15T23:00:00,,,42.0
2026-02-06 21:00:00,45.4,-58.8662733777783,1.0,"Satet International School, Tema Manhean",tabular,ridge_ar_lag_fourier,h168,2026-01-04T23:00:00,2026-01-18T23:00:00,2026-02-15T23:00:00,,,42.0
2026-02-06 22:00:00,33.0,-59.02092391309313,1.0,"Satet International School, Tema Manhean",tabular,ridge_ar_lag_fourier,h168,2026-01-04T23:00:00,2026-01-18T23:00:00,2026-02-15T23:00:00,,,42.0
2026-02-06 23:00:00,35.4,-62.64527565876148,1.0,"Satet International School, Tema Manhean",tabular,ridge_ar_lag_fourier,h168,2026-01-04T23:00:00,2026-01-18T23:00:00,2026-02-15T23:00:00,,,42.0
2026-02-07 00:00:00,30.0,-61.960476457502466,1.0,"Satet International School, Tema Manhean",tabular,ridge_ar_lag_fourier,h168,2026-01-04T23:00:00,2026-01-18T23:00:00,2026-02-15T23:00:00,,,42.0
2026-02-07 01:00:00,26.4,-56.77398214190302,1.0,"Satet International School, Tema Manhean",tabular,ridge_ar_lag_fourier,h168,2026-01-04T23:00:00,2026-01-18T23:00:00,2026-02-15T23:00:00,,,42.0
2026-02-07 02:00:00,23.6,-46.11131617637413,1.0,"Satet International School, Tema Manhean",tabular,ridge_ar_lag_fourier,h168,2026-01-04T23:00:00,2026-01-18T23:00:00,2026-02-15T23:00:00,,,42.0
2026-02-07 03:00:00,30.2,-32.49987028174053,1.0,"Satet International School, Tema Manhean",tabular,ridge_ar_lag_fourier,h168,2026-01-04T23:00:00,2026-01-18T23:00:00,2026-02-15T23:00:00,,,42.0
2026-02-07 04:00:00,36.9,-31.534087910775636,1.0,"Satet International School, Tema Manhean",tabular,ridge_ar_lag_fourier,h168,2026-01-04T23:00:00,2026-01-18T23:00:00,2026-02-15T23:00:00,,,42.0
2026-02-07 05:00:00,54.3,-34.39931035043955,1.0,"Satet International School, Tema Manhean",tabular,ridge_ar_lag_fourier,h168,2026-01-04T23:00:00,2026-01-18T23:00:00,2026-02-15T23:00:00,,,42.0
2026-02-07 06:00:00,69.6,-26.099035193701265,1.0,"Satet International School, Tema Manhean",tabular,ridge_ar_lag_fourier,h168,2026-01-04T23:00:00,2026-01-18T23:00:00,2026-02-15T23:00:00,,,42.0
2026-02-07 07:00:00,68.2,-40.04442234802107,1.0,"Satet International School, Tema Manhean",tabular,ridge_ar_lag_fourier,h168,2026-01-04T23:00:00,2026-01-18T23:00:00,2026-02-15T23:00:00,,,42.0
2026-02-07 08:00:00,50.3,-50.072923568572506,1.0,"Satet International School, Tema Manhean",tabular,ridge_ar_lag_fourier,h168,2026-01-04T23:00:00,2026-01-18T23:00:00,2026-02-15T23:00:00,,,42.0
2026-02-07 09:00:00,36.2,-57.923403881787436,1.0,"Satet International School, Tema Manhean",tabular,ridge_ar_lag_fourier,h168,2026-01-04T23:00:00,2026-01-18T23:00:00,2026-02-15T23:00:00,,,42.0
2026-02-07 10:00:00,25.2,-57.013951462077586,1.0,"Satet International School, Tema Manhean",tabular,ridge_ar_lag_fourier,h168,2026-01-04T23:00:00,2026-01-18T23:00:00,2026-02-15T23:00:00,,,42.0
2026-02-07 11:00:00,28.1,-54.12327191494188,1.0,"Satet International School, Tema Manhean",tabular,ridge_ar_lag_fourier,h168,2026-01-04T23:00:00,2026-01-18T23:00:00,2026-02-15T23:00:00,,,42.0
2026-02-07 12:00:00,32.4,-62.51495556348634,1.0,"Satet International School, Tema Manhean",tabular,ridge_ar_lag_fourier,h168,2026-01-04T23:00:00,2026-01-18T23:00:00,2026-02-15T23:00:00,,,42.0
2026-02-07 13:00:00,27.3,-67.47324505322865,1.0,"Satet International School, Tema Manhean",tabular,ridge_ar_lag_fourier,h168,2026-01-04T23:00:00,2026-01-18T23:00:00,2026-02-15T23:00:00,,,42.0
2026-02-07 14:00:00,27.0,-68.79335668691564,1.0,"Satet International School, Tema Manhean",tabular,ridge_ar_lag_fourier,h168,2026-01-04T23:00:00,2026-01-18T23:00:00,2026-02-15T23:00:00,,,42.0
2026-02-07 15:00:00,25.4,-68.14618972399064,1.0,"Satet International School, Tema Manhean",tabular,ridge_ar_lag_fourier,h168,2026-01-04T23:00:00,2026-01-18T23:00:00,2026-02-15T23:00:00,,,42.0
2026-02-07 16:00:00,23.3,-67.98375923481888,1.0,"Satet International School, Tema Manhean",tabular,ridge_ar_lag_fourier,h168,2026-01-04T23:00:00,2026-01-18T23:00:00,2026-02-15T23:00:00,,,42.0
2026-02-07 17:00:00,26.6,-65.96383033331428,1.0,"Satet International School, Tema Manhean",tabular,ridge_ar_lag_fourier,h168,2026-01-04T23:00:00,2026-01-18T23:00:00,2026-02-15T23:00:00,,,42.0
2026-02-07 18:00:00,31.6,-61.24487087749293,1.0,"Satet International School, Tema Manhean",tabular,ridge_ar_lag_fourier,h168,2026-01-04T23:00:00,2026-01-18T23:00:00,2026-02-15T23:00:00,,,42.0
2026-02-07 19:00:00,28.3,-63.3037803019332,1.0,"Satet International School, Tema Manhean",tabular,ridge_ar_lag_fourier,h168,2026-01-04T23:00:00,2026-01-18T23:00:00,2026-02-15T23:00:00,,,42.0
2026-02-07 20:00:00,27.6,-66.92937436203815,1.0,"Satet International School, Tema Manhean",tabular,ridge_ar_lag_fourier,h168,2026-01-04T23:00:00,2026-01-18T23:00:00,2026-02-15T23:00:00,,,42.0
2026-02-07 21:00:00,68.7,-63.09924719352732,1.0,"Satet International School, Tema Manhean",tabular,ridge_ar_lag_fourier,h168,2026-01-04T23:00:00,2026-01-18T23:00:00,2026-02-15T23:00:00,,,42.0
2026-02-07 22:00:00,46.7,-60.24377722002889,1.0,"Satet International School, Tema Manhean",tabular,ridge_ar_lag_fourier,h168,2026-01-04T23:00:00,2026-01-18T23:00:00,2026-02-15T23:00:00,,,42.0
2026-02-07 23:00:00,62.2,-62.585731766867255,1.0,"Satet International School, Tema Manhean",tabular,ridge_ar_lag_fourier,h168,2026-01-04T23:00:00,2026-01-18T23:00:00,2026-02-15T23:00:00,,,42.0
2026-02-08 00:00:00,51.4,-53.979878337603566,1.0,"Satet International School, Tema Manhean",tabular,ridge_ar_lag_fourier,h168,2026-01-04T23:00:00,2026-01-18T23:00:00,2026-02-15T23:00:00,,,42.0
2026-02-08 01:00:00,46.9,-52.28306351475456,1.0,"Satet International School, Tema Manhean",tabular,ridge_ar_lag_fourier,h168,2026-01-04T23:00:00,2026-01-18T23:00:00,2026-02-15T23:00:00,,,42.0
2026-02-08 02:00:00,37.1,-45.504696913858155,1.0,"Satet International School, Tema Manhean",tabular,ridge_ar_lag_fourier,h168,2026-01-04T23:00:00,2026-01-18T23:00:00,2026-02-15T23:00:00,,,42.0
2026-02-08 03:00:00,48.1,-41.89922110219109,1.0,"Satet International School, Tema Manhean",tabular,ridge_ar_lag_fourier,h168,2026-01-04T23:00:00,2026-01-18T23:00:00,2026-02-15T23:00:00,,,42.0
2026-02-08 04:00:00,42.6,-27.189569328388583,1.0,"Satet International School, Tema Manhean",tabular,ridge_ar_lag_fourier,h168,2026-01-04T23:00:00,2026-01-18T23:00:00,2026-02-15T23:00:00,,,42.0
2026-02-08 05:00:00,45.7,-30.226350349096602,1.0,"Satet International School, Tema Manhean",tabular,ridge_ar_lag_fourier,h168,2026-01-04T23:00:00,2026-01-18T23:00:00,2026-02-15T23:00:00,,,42.0
2026-02-08 06:00:00,53.5,-21.691464524186234,1.0,"Satet International School, Tema Manhean",tabular,ridge_ar_lag_fourier,h168,2026-01-04T23:00:00,2026-01-18T23:00:00,2026-02-15T23:00:00,,,42.0
2026-02-08 07:00:00,58.1,-36.65727022642331,1.0,"Satet International School, Tema Manhean",tabular,ridge_ar_lag_fourier,h168,2026-01-04T23:00:00,2026-01-18T23:00:00,2026-02-15T23:00:00,,,42.0
2026-02-08 08:00:00,47.0,-47.19179976487692,1.0,"Satet International School, Tema Manhean",tabular,ridge_ar_lag_fourier,h168,2026-01-04T23:00:00,2026-01-18T23:00:00,2026-02-15T23:00:00,,,42.0
2026-02-08 09:00:00,43.3,-52.57872798523229,1.0,"Satet International School, Tema Manhean",tabular,ridge_ar_lag_fourier,h168,2026-01-04T23:00:00,2026-01-18T23:00:00,2026-02-15T23:00:00,,,42.0
2026-02-08 10:00:00,41.6,-53.2141523700344,1.0,"Satet International School, Tema Manhean",tabular,ridge_ar_lag_fourier,h168,2026-01-04T23:00:00,2026-01-18T23:00:00,2026-02-15T23:00:00,,,42.0
2026-02-08 11:00:00,31.9,-53.81277000760214,1.0,"Satet International School, Tema Manhean",tabular,ridge_ar_lag_fourier,h168,2026-01-04T23:00:00,2026-01-18T23:00:00,2026-02-15T23:00:00,,,42.0
2026-02-08 12:00:00,23.6,-56.465338686677484,1.0,"Satet International School, Tema Manhean",tabular,ridge_ar_lag_fourier,h168,2026-01-04T23:00:00,2026-01-18T23:00:00,2026-02-15T23:00:00,,,42.0
2026-02-08 13:00:00,21.3,-59.287598855213986,1.0,"Satet International School, Tema Manhean",tabular,ridge_ar_lag_fourier,h168,2026-01-04T23:00:00,2026-01-18T23:00:00,2026-02-15T23:00:00,,,42.0
2026-02-08 14:00:00,26.8,-61.63305342312603,1.0,"Satet International School, Tema Manhean",tabular,ridge_ar_lag_fourier,h168,2026-01-04T23:00:00,2026-01-18T23:00:00,2026-02-15T23:00:00,,,42.0
2026-02-08 15:00:00,24.4,-61.43993658288122,1.0,"Satet International School, Tema Manhean",tabular,ridge_ar_lag_fourier,h168,2026-01-04T23:00:00,2026-01-18T23:00:00,2026-02-15T23:00:00,,,42.0
2026-02-08 16:00:00,23.1,-61.43641387477378,1.0,"Satet International School, Tema Manhean",tabular,ridge_ar_lag_fourier,h168,2026-01-04T23:00:00,2026-01-18T23:00:00,2026-02-15T23:00:00,,,42.0
2026-02-08 17:00:00,23.1,-60.177370731991886,1.0,"Satet International School, Tema Manhean",tabular,ridge_ar_lag_fourier,h168,2026-01-04T23:00:00,2026-01-18T23:00:00,2026-02-15T23:00:00,,,42.0
2026-02-08 18:00:00,27.8,-55.62673666090407,1.0,"Satet International School, Tema Manhean",tabular,ridge_ar_lag_fourier,h168,2026-01-04T23:00:00,2026-01-18T23:00:00,2026-02-15T23:00:00,,,42.0
2026-02-08 19:00:00,27.8,-55.97873433133442,1.0,"Satet International School, Tema Manhean",tabular,ridge_ar_lag_fourier,h168,2026-01-04T23:00:00,2026-01-18T23:00:00,2026-02-15T23:00:00,,,42.0
2026-02-08 20:00:00,29.9,-58.275084847915224,1.0,"Satet International School, Tema Manhean",tabular,ridge_ar_lag_fourier,h168,2026-01-04T23:00:00,2026-01-18T23:00:00,2026-02-15T23:00:00,,,42.0
2026-02-08 21:00:00,27.2,-52.96002643204005,1.0,"Satet International School, Tema Manhean",tabular,ridge_ar_lag_fourier,h168,2026-01-04T23:00:00,2026-01-18T23:00:00,2026-02-15T23:00:00,,,42.0
2026-02-08 22:00:00,40.1,-51.77959983818906,1.0,"Satet International School, Tema Manhean",tabular,ridge_ar_lag_fourier,h168,2026-01-04T23:00:00,2026-01-18T23:00:00,2026-02-15T23:00:00,,,42.0
2026-02-08 23:00:00,29.0,-53.025493195363794,1.0,"Satet International School, Tema Manhean",tabular,ridge_ar_lag_fourier,h168,2026-01-04T23:00:00,2026-01-18T23:00:00,2026-02-15T23:00:00,,,42.0
2026-02-09 00:00:00,25.4,-47.78669724054893,1.0,"Satet International School, Tema Manhean",tabular,ridge_ar_lag_fourier,h168,2026-01-04T23:00:00,2026-01-18T23:00:00,2026-02-15T23:00:00,,,42.0
2026-02-09 01:00:00,21.4,-45.57294701353281,1.0,"Satet International School, Tema Manhean",tabular,ridge_ar_lag_fourier,h168,2026-01-04T23:00:00,2026-01-18T23:00:00,2026-02-15T23:00:00,,,42.0
2026-02-09 02:00:00,22.6,-35.69587580257091,1.0,"Satet International School, Tema Manhean",tabular,ridge_ar_lag_fourier,h168,2026-01-04T23:00:00,2026-01-18T23:00:00,2026-02-15T23:00:00,,,42.0
2026-02-09 03:00:00,24.8,-31.650712658234088,1.0,"Satet International School, Tema Manhean",tabular,ridge_ar_lag_fourier,h168,2026-01-04T23:00:00,2026-01-18T23:00:00,2026-02-15T23:00:00,,,42.0
2026-02-09 04:00:00,27.3,-17.714820812744488,1.0,"Satet International School, Tema Manhean",tabular,ridge_ar_lag_fourier,h168,2026-01-04T23:00:00,2026-01-18T23:00:00,2026-02-15T23:00:00,,,42.0
2026-02-09 05:00:00,41.3,-23.904034887804418,1.0,"Satet International School, Tema Manhean",tabular,ridge_ar_lag_fourier,h168,2026-01-04T23:00:00,2026-01-18T23:00:00,2026-02-15T23:00:00,,,42.0
2026-02-09 06:00:00,45.7,-15.922996684893487,1.0,"Satet International School, Tema Manhean",tabular,ridge_ar_lag_fourier,h168,2026-01-04T23:00:00,2026-01-18T23:00:00,2026-02-15T23:00:00,,,42.0
2026-02-09 07:00:00,39.7,-32.543960844259075,1.0,"Satet International School, Tema Manhean",tabular,ridge_ar_lag_fourier,h168,2026-01-04T23:00:00,2026-01-18T23:00:00,2026-02-15T23:00:00,,,42.0
2026-02-09 08:00:00,38.2,-40.54022418798246,1.0,"Satet International School, Tema Manhean",tabular,ridge_ar_lag_fourier,h168,2026-01-04T23:00:00,2026-01-18T23:00:00,2026-02-15T23:00:00,,,42.0
2026-02-09 09:00:00,34.4,-46.87648159015265,1.0,"Satet International School, Tema Manhean",tabular,ridge_ar_lag_fourier,h168,2026-01-04T23:00:00,2026-01-18T23:00:00,2026-02-15T23:00:00,,,42.0
2026-02-09 10:00:00,33.7,-48.9425724955743,1.0,"Satet International School, Tema Manhean",tabular,ridge_ar_lag_fourier,h168,2026-01-04T23:00:00,2026-01-18T23:00:00,2026-02-15T23:00:00,,,42.0
2026-02-09 11:00:00,23.7,-51.571499911298105,1.0,"Satet International School, Tema Manhean",tabular,ridge_ar_lag_fourier,h168,2026-01-04T23:00:00,2026-01-18T23:00:00,2026-02-15T23:00:00,,,42.0
2026-02-09 12:00:00,22.6,-52.843883296859715,1.0,"Satet International School, Tema Manhean",tabular,ridge_ar_lag_fourier,h168,2026-01-04T23:00:00,2026-01-18T23:00:00,2026-02-15T23:00:00,,,42.0
2026-02-09 13:00:00,23.8,-56.95993591246712,1.0,"Satet International School, Tema Manhean",tabular,ridge_ar_lag_fourier,h168,2026-01-04T23:00:00,2026-01-18T23:00:00,2026-02-15T23:00:00,,,42.0
2026-02-09 14:00:00,22.5,-58.97282768299999,1.0,"Satet International School, Tema Manhean",tabular,ridge_ar_lag_fourier,h168,2026-01-04T23:00:00,2026-01-18T23:00:00,2026-02-15T23:00:00,,,42.0
2026-02-09 15:00:00,23.1,-58.43054743042859,1.0,"Satet International School, Tema Manhean",tabular,ridge_ar_lag_fourier,h168,2026-01-04T23:00:00,2026-01-18T23:00:00,2026-02-15T23:00:00,,,42.0
2026-02-09 16:00:00,25.2,-58.46989520641945,1.0,"Satet International School, Tema Manhean",tabular,ridge_ar_lag_fourier,h168,2026-01-04T23:00:00,2026-01-18T23:00:00,2026-02-15T23:00:00,,,42.0
2026-02-09 17:00:00,34.1,-55.088536818762705,1.0,"Satet International School, Tema Manhean",tabular,ridge_ar_lag_fourier,h168,2026-01-04T23:00:00,2026-01-18T23:00:00,2026-02-15T23:00:00,,,42.0
2026-02-09 18:00:00,30.6,-50.25182456647252,1.0,"Satet International School, Tema Manhean",tabular,ridge_ar_lag_fourier,h168,2026-01-04T23:00:00,2026-01-18T23:00:00,2026-02-15T23:00:00,,,42.0
2026-02-09 19:00:00,31.0,-49.63555013227776,1.0,"Satet International School, Tema Manhean",tabular,ridge_ar_lag_fourier,h168,2026-01-04T23:00:00,2026-01-18T23:00:00,2026-02-15T23:00:00,,,42.0
2026-02-09 20:00:00,32.8,-53.91008466890793,1.0,"Satet International School, Tema Manhean",tabular,ridge_ar_lag_fourier,h168,2026-01-04T23:00:00,2026-01-18T23:00:00,2026-02-15T23:00:00,,,42.0
2026-02-09 21:00:00,33.9,-51.23322517673145,1.0,"Satet International School, Tema Manhean",tabular,ridge_ar_lag_fourier,h168,2026-01-04T23:00:00,2026-01-18T23:00:00,2026-02-15T23:00:00,,,42.0
2026-02-09 22:00:00,45.3,-51.781208133391715,1.0,"Satet International School, Tema Manhean",tabular,ridge_ar_lag_fourier,h168,2026-01-04T23:00:00,2026-01-18T23:00:00,2026-02-15T23:00:00,,,42.0
2026-02-09 23:00:00,41.4,-53.16360378657404,1.0,"Satet International School, Tema Manhean",tabular,ridge_ar_lag_fourier,h168,2026-01-04T23:00:00,2026-01-18T23:00:00,2026-02-15T23:00:00,,,42.0
2026-02-10 00:00:00,36.6,-47.41964036016206,1.0,"Satet International School, Tema Manhean",tabular,ridge_ar_lag_fourier,h168,2026-01-04T23:00:00,2026-01-18T23:00:00,2026-02-15T23:00:00,,,42.0
2026-02-10 01:00:00,35.0,-49.51324330046012,1.0,"Satet International School, Tema Manhean",tabular,ridge_ar_lag_fourier,h168,2026-01-04T23:00:00,2026-01-18T23:00:00,2026-02-15T23:00:00,,,42.0
2026-02-10 02:00:00,42.0,-48.16550614148596,1.0,"Satet International School, Tema Manhean",tabular,ridge_ar_lag_fourier,h168,2026-01-04T23:00:00,2026-01-18T23:00:00,2026-02-15T23:00:00,,,42.0
2026-02-10 03:00:00,58.4,-51.19550307960726,1.0,"Satet International School, Tema Manhean",tabular,ridge_ar_lag_fourier,h168,2026-01-04T23:00:00,2026-01-18T23:00:00,2026-02-15T23:00:00,,,42.0
2026-02-10 04:00:00,61.3,-45.922428813901064,1.0,"Satet International School, Tema Manhean",tabular,ridge_ar_lag_fourier,h168,2026-01-04T23:00:00,2026-01-18T23:00:00,2026-02-15T23:00:00,,,42.0
2026-02-10 05:00:00,53.5,-33.37780553012783,1.0,"Satet International School, Tema Manhean",tabular,ridge_ar_lag_fourier,h168,2026-01-04T23:00:00,2026-01-18T23:00:00,2026-02-15T23:00:00,,,42.0
2026-02-10 06:00:00,95.5,-25.990652268679586,1.0,"Satet International School, Tema Manhean",tabular,ridge_ar_lag_fourier,h168,2026-01-04T23:00:00,2026-01-18T23:00:00,2026-02-15T23:00:00,,,42.0
2026-02-10 07:00:00,56.5,-28.423210398671795,1.0,"Satet International School, Tema Manhean",tabular,ridge_ar_lag_fourier,h168,2026-01-04T23:00:00,2026-01-18T23:00:00,2026-02-15T23:00:00,,,42.0
2026-02-10 08:00:00,37.6,-46.44332362511636,1.0,"Satet International School, Tema Manhean",tabular,ridge_ar_lag_fourier,h168,2026-01-04T23:00:00,2026-01-18T23:00:00,2026-02-15T23:00:00,,,42.0
2026-02-10 09:00:00,27.4,-52.663566824237535,1.0,"Satet International School, Tema Manhean",tabular,ridge_ar_lag_fourier,h168,2026-01-04T23:00:00,2026-01-18T23:00:00,2026-02-15T23:00:00,,,42.0
2026-02-10 10:00:00,25.2,-55.219527332906125,1.0,"Satet International School, Tema Manhean",tabular,ridge_ar_lag_fourier,h168,2026-01-04T23:00:00,2026-01-18T23:00:00,2026-02-15T23:00:00,,,42.0
2026-02-10 11:00:00,20.3,-54.93840337734619,1.0,"Satet International School, Tema Manhean",tabular,ridge_ar_lag_fourier,h168,2026-01-04T23:00:00,2026-01-18T23:00:00,2026-02-15T23:00:00,,,42.0
2026-02-10 12:00:00,17.9,-56.91980555822548,1.0,"Satet International School, Tema Manhean",tabular,ridge_ar_lag_fourier,h168,2026-01-04T23:00:00,2026-01-18T23:00:00,2026-02-15T23:00:00,,,42.0
2026-02-10 13:00:00,19.9,-61.786995011899336,1.0,"Satet International School, Tema Manhean",tabular,ridge_ar_lag_fourier,h168,2026-01-04T23:00:00,2026-01-18T23:00:00,2026-02-15T23:00:00,,,42.0
2026-02-10 14:00:00,20.9,-62.768446199903096,1.0,"Satet International School, Tema Manhean",tabular,ridge_ar_lag_fourier,h168,2026-01-04T23:00:00,2026-01-18T23:00:00,2026-02-15T23:00:00,,,42.0
2026-02-10 15:00:00,19.7,-61.55445697840828,1.0,"Satet International School, Tema Manhean",tabular,ridge_ar_lag_fourier,h168,2026-01-04T23:00:00,2026-01-18T23:00:00,2026-02-15T23:00:00,,,42.0
2026-02-10 16:00:00,20.1,-60.820724066065566,1.0,"Satet International School, Tema Manhean",tabular,ridge_ar_lag_fourier,h168,2026-01-04T23:00:00,2026-01-18T23:00:00,2026-02-15T23:00:00,,,42.0
2026-02-10 17:00:00,23.0,-57.813443751938266,1.0,"Satet International School, Tema Manhean",tabular,ridge_ar_lag_fourier,h168,2026-01-04T23:00:00,2026-01-18T23:00:00,2026-02-15T23:00:00,,,42.0
2026-02-10 18:00:00,34.6,-54.72041603407888,1.0,"Satet International School, Tema Manhean",tabular,ridge_ar_lag_fourier,h168,2026-01-04T23:00:00,2026-01-18T23:00:00,2026-02-15T23:00:00,,,42.0
2026-02-10 19:00:00,6.1,-56.89045646765827,1.0,"Satet International School, Tema Manhean",tabular,ridge_ar_lag_fourier,h168,2026-01-04T23:00:00,2026-01-18T23:00:00,2026-02-15T23:00:00,,,42.0
2026-02-10 20:00:00,13.2,-55.67645430414436,1.0,"Satet International School, Tema Manhean",tabular,ridge_ar_lag_fourier,h168,2026-01-04T23:00:00,2026-01-18T23:00:00,2026-02-15T23:00:00,,,42.0
2026-02-10 21:00:00,22.2,-50.33884768655932,1.0,"Satet International School, Tema Manhean",tabular,ridge_ar_lag_fourier,h168,2026-01-04T23:00:00,2026-01-18T23:00:00,2026-02-15T23:00:00,,,42.0
2026-02-10 22:00:00,42.7,-52.139969324861,1.0,"Satet International School, Tema Manhean",tabular,ridge_ar_lag_fourier,h168,2026-01-04T23:00:00,2026-01-18T23:00:00,2026-02-15T23:00:00,,,42.0
2026-02-10 23:00:00,47.8,-55.059656129759944,1.0,"Satet International School, Tema Manhean",tabular,ridge_ar_lag_fourier,h168,2026-01-04T23:00:00,2026-01-18T23:00:00,2026-02-15T23:00:00,,,42.0
2026-02-11 00:00:00,38.8,-50.078429738167586,1.0,"Satet International School, Tema Manhean",tabular,ridge_ar_lag_fourier,h168,2026-01-04T23:00:00,2026-01-18T23:00:00,2026-02-15T23:00:00,,,42.0
2026-02-11 01:00:00,15.0,-54.761590071927074,1.0,"Satet International School, Tema Manhean",tabular,ridge_ar_lag_fourier,h168,2026-01-04T23:00:00,2026-01-18T23:00:00,2026-02-15T23:00:00,,,42.0
2026-02-11 02:00:00,24.4,-56.494221456532046,1.0,"Satet International School, Tema Manhean",tabular,ridge_ar_lag_fourier,h168,2026-01-04T23:00:00,2026-01-18T23:00:00,2026-02-15T23:00:00,,,42.0
2026-02-11 03:00:00,40.6,-52.463917666553755,1.0,"Satet International School, Tema Manhean",tabular,ridge_ar_lag_fourier,h168,2026-01-04T23:00:00,2026-01-18T23:00:00,2026-02-15T23:00:00,,,42.0
2026-02-11 04:00:00,45.7,-47.687449467291245,1.0,"Satet International School, Tema Manhean",tabular,ridge_ar_lag_fourier,h168,2026-01-04T23:00:00,2026-01-18T23:00:00,2026-02-15T23:00:00,,,42.0
2026-02-11 05:00:00,63.6,-42.009044469885794,1.0,"Satet International School, Tema Manhean",tabular,ridge_ar_lag_fourier,h168,2026-01-04T23:00:00,2026-01-18T23:00:00,2026-02-15T23:00:00,,,42.0
2026-02-11 06:00:00,62.5,-34.71328463095395,1.0,"Satet International School, Tema Manhean",tabular,ridge_ar_lag_fourier,h168,2026-01-04T23:00:00,2026-01-18T23:00:00,2026-02-15T23:00:00,,,42.0
2026-02-11 07:00:00,53.0,-37.20365552796454,1.0,"Satet International School, Tema Manhean",tabular,ridge_ar_lag_fourier,h168,2026-01-04T23:00:00,2026-01-18T23:00:00,2026-02-15T23:00:00,,,42.0
2026-02-11 08:00:00,59.6,-52.758773065048985,1.0,"Satet International School, Tema Manhean",tabular,ridge_ar_lag_fourier,h168,2026-01-04T23:00:00,2026-01-18T23:00:00,2026-02-15T23:00:00,,,42.0
2026-02-11 09:00:00,42.7,-57.416546613044176,1.0,"Satet International School, Tema Manhean",tabular,ridge_ar_lag_fourier,h168,2026-01-04T23:00:00,2026-01-18T23:00:00,2026-02-15T23:00:00,,,42.0
2026-02-11 10:00:00,27.2,-59.66974766301033,1.0,"Satet International School, Tema Manhean",tabular,ridge_ar_lag_fourier,h168,2026-01-04T23:00:00,2026-01-18T23:00:00,2026-02-15T23:00:00,,,42.0
2026-02-11 11:00:00,32.7,-58.1489207779662,1.0,"Satet International School, Tema Manhean",tabular,ridge_ar_lag_fourier,h168,2026-01-04T23:00:00,2026-01-18T23:00:00,2026-02-15T23:00:00,,,42.0
2026-02-11 12:00:00,38.2,-62.56041227284473,1.0,"Satet International School, Tema Manhean",tabular,ridge_ar_lag_fourier,h168,2026-01-04T23:00:00,2026-01-18T23:00:00,2026-02-15T23:00:00,,,42.0
2026-02-11 13:00:00,32.1,-67.82394450085819,1.0,"Satet International School, Tema Manhean",tabular,ridge_ar_lag_fourier,h168,2026-01-04T23:00:00,2026-01-18T23:00:00,2026-02-15T23:00:00,,,42.0
2026-02-11 14:00:00,20.9,-67.25362452832655,1.0,"Satet International School, Tema Manhean",tabular,ridge_ar_lag_fourier,h168,2026-01-04T23:00:00,2026-01-18T23:00:00,2026-02-15T23:00:00,,,42.0
2026-02-11 15:00:00,21.5,-66.56344679054635,1.0,"Satet International School, Tema Manhean",tabular,ridge_ar_lag_fourier,h168,2026-01-04T23:00:00,2026-01-18T23:00:00,2026-02-15T23:00:00,,,42.0
2026-02-11 16:00:00,18.3,-64.44385891213199,1.0,"Satet International School, Tema Manhean",tabular,ridge_ar_lag_fourier,h168,2026-01-04T23:00:00,2026-01-18T23:00:00,2026-02-15T23:00:00,,,42.0
2026-02-11 17:00:00,25.7,-61.08391814955597,1.0,"Satet International School, Tema Manhean",tabular,ridge_ar_lag_fourier,h168,2026-01-04T23:00:00,2026-01-18T23:00:00,2026-02-15T23:00:00,,,42.0
2026-02-11 18:00:00,33.9,-57.44127555747774,1.0,"Satet International School, Tema Manhean",tabular,ridge_ar_lag_fourier,h168,2026-01-04T23:00:00,2026-01-18T23:00:00,2026-02-15T23:00:00,,,42.0
2026-02-11 19:00:00,46.3,-60.541122985109155,1.0,"Satet International School, Tema Manhean",tabular,ridge_ar_lag_fourier,h168,2026-01-04T23:00:00,2026-01-18T23:00:00,2026-02-15T23:00:00,,,42.0
2026-02-11 20:00:00,45.6,-59.80835412686018,1.0,"Satet International School, Tema Manhean",tabular,ridge_ar_lag_fourier,h168,2026-01-04T23:00:00,2026-01-18T23:00:00,2026-02-15T23:00:00,,,42.0
2026-02-11 21:00:00,40.4,-58.83058687877542,1.0,"Satet International School, Tema Manhean",tabular,ridge_ar_lag_fourier,h168,2026-01-04T23:00:00,2026-01-18T23:00:00,2026-02-15T23:00:00,,,42.0
2026-02-11 22:00:00,41.7,-53.28919213462322,1.0,"Satet International School, Tema Manhean",tabular,ridge_ar_lag_fourier,h168,2026-01-04T23:00:00,2026-01-18T23:00:00,2026-02-15T23:00:00,,,42.0
2026-02-11 23:00:00,64.7,-53.79298550148913,1.0,"Satet International School, Tema Manhean",tabular,ridge_ar_lag_fourier,h168,2026-01-04T23:00:00,2026-01-18T23:00:00,2026-02-15T23:00:00,,,42.0
2026-02-12 00:00:00,60.4,-54.15140143448134,1.0,"Satet International School, Tema Manhean",tabular,ridge_ar_lag_fourier,h168,2026-01-04T23:00:00,2026-01-18T23:00:00,2026-02-15T23:00:00,,,42.0
2026-02-12 01:00:00,95.0,-55.734681510477714,1.0,"Satet International School, Tema Manhean",tabular,ridge_ar_lag_fourier,h168,2026-01-04T23:00:00,2026-01-18T23:00:00,2026-02-15T23:00:00,,,42.0
2026-02-12 02:00:00,107.9,-57.64606022270628,1.0,"Satet International School, Tema Manhean",tabular,ridge_ar_lag_fourier,h168,2026-01-04T23:00:00,2026-01-18T23:00:00,2026-02-15T23:00:00,,,42.0
2026-02-12 03:00:00,109.5,-55.42883801292889,1.0,"Satet International School, Tema Manhean",tabular,ridge_ar_lag_fourier,h168,2026-01-04T23:00:00,2026-01-18T23:00:00,2026-02-15T23:00:00,,,42.0
2026-02-12 04:00:00,110.4,-52.55624772898342,1.0,"Satet International School, Tema Manhean",tabular,ridge_ar_lag_fourier,h168,2026-01-04T23:00:00,2026-01-18T23:00:00,2026-02-15T23:00:00,,,42.0
2026-02-12 05:00:00,146.6,-40.95513411058258,1.0,"Satet International School, Tema Manhean",tabular,ridge_ar_lag_fourier,h168,2026-01-04T23:00:00,2026-01-18T23:00:00,2026-02-15T23:00:00,,,42.0
2026-02-12 06:00:00,194.0,-33.961714501967904,1.0,"Satet International School, Tema Manhean",tabular,ridge_ar_lag_fourier,h168,2026-01-04T23:00:00,2026-01-18T23:00:00,2026-02-15T23:00:00,,,42.0
2026-02-12 07:00:00,82.2,-40.36897782121868,1.0,"Satet International School, Tema Manhean",tabular,ridge_ar_lag_fourier,h168,2026-01-04T23:00:00,2026-01-18T23:00:00,2026-02-15T23:00:00,,,42.0
2026-02-12 08:00:00,52.7,-54.03952134314085,1.0,"Satet International School, Tema Manhean",tabular,ridge_ar_lag_fourier,h168,2026-01-04T23:00:00,2026-01-18T23:00:00,2026-02-15T23:00:00,,,42.0
2026-02-12 09:00:00,19.6,-59.65649872402676,1.0,"Satet International School, Tema Manhean",tabular,ridge_ar_lag_fourier,h168,2026-01-04T23:00:00,2026-01-18T23:00:00,2026-02-15T23:00:00,,,42.0
2026-02-12 10:00:00,5.0,-60.06806025842654,1.0,"Satet International School, Tema Manhean",tabular,ridge_ar_lag_fourier,h168,2026-01-04T23:00:00,2026-01-18T23:00:00,2026-02-15T23:00:00,,,42.0
2026-02-12 11:00:00,4.2,-62.421831231322074,1.0,"Satet International School, Tema Manhean",tabular,ridge_ar_lag_fourier,h168,2026-01-04T23:00:00,2026-01-18T23:00:00,2026-02-15T23:00:00,,,42.0
2026-02-12 12:00:00,4.1,-63.436445330126915,1.0,"Satet International School, Tema Manhean",tabular,ridge_ar_lag_fourier,h168,2026-01-04T23:00:00,2026-01-18T23:00:00,2026-02-15T23:00:00,,,42.0
2026-02-12 13:00:00,5.4,-67.52994999064552,1.0,"Satet International School, Tema Manhean",tabular,ridge_ar_lag_fourier,h168,2026-01-04T23:00:00,2026-01-18T23:00:00,2026-02-15T23:00:00,,,42.0
2026-02-12 14:00:00,6.5,-66.75602064769093,1.0,"Satet International School, Tema Manhean",tabular,ridge_ar_lag_fourier,h168,2026-01-04T23:00:00,2026-01-18T23:00:00,2026-02-15T23:00:00,,,42.0
2026-02-12 15:00:00,10.4,-65.55080131574039,1.0,"Satet International School, Tema Manhean",tabular,ridge_ar_lag_fourier,h168,2026-01-04T23:00:00,2026-01-18T23:00:00,2026-02-15T23:00:00,,,42.0
2026-02-12 16:00:00,15.0,-63.92681319147053,1.0,"Satet International School, Tema Manhean",tabular,ridge_ar_lag_fourier,h168,2026-01-04T23:00:00,2026-01-18T23:00:00,2026-02-15T23:00:00,,,42.0
2026-02-12 17:00:00,22.8,-60.62273403284199,1.0,"Satet International School, Tema Manhean",tabular,ridge_ar_lag_fourier,h168,2026-01-04T23:00:00,2026-01-18T23:00:00,2026-02-15T23:00:00,,,42.0
2026-02-12 18:00:00,46.5,-60.30695954154575,1.0,"Satet International School, Tema Manhean",tabular,ridge_ar_lag_fourier,h168,2026-01-04T23:00:00,2026-01-18T23:00:00,2026-02-15T23:00:00,,,42.0
2026-02-12 19:00:00,29.7,-60.169419126399305,1.0,"Satet International School, Tema Manhean",tabular,ridge_ar_lag_fourier,h168,2026-01-04T23:00:00,2026-01-18T23:00:00,2026-02-15T23:00:00,,,42.0
2026-02-12 20:00:00,20.5,-59.90010053827697,1.0,"Satet International School, Tema Manhean",tabular,ridge_ar_lag_fourier,h168,2026-01-04T23:00:00,2026-01-18T23:00:00,2026-02-15T23:00:00,,,42.0
2026-02-12 21:00:00,19.8,-62.155105203103346,1.0,"Satet International School, Tema Manhean",tabular,ridge_ar_lag_fourier,h168,2026-01-04T23:00:00,2026-01-18T23:00:00,2026-02-15T23:00:00,,,42.0
2026-02-12 22:00:00,26.6,-60.03094520663896,1.0,"Satet International School, Tema Manhean",tabular,ridge_ar_lag_fourier,h168,2026-01-04T23:00:00,2026-01-18T23:00:00,2026-02-15T23:00:00,,,42.0
2026-02-12 23:00:00,27.9,-54.829457138156855,1.0,"Satet International School, Tema Manhean",tabular,ridge_ar_lag_fourier,h168,2026-01-04T23:00:00,2026-01-18T23:00:00,2026-02-15T23:00:00,,,42.0
2026-02-13 00:00:00,18.4,-54.82384599108137,1.0,"Satet International School, Tema Manhean",tabular,ridge_ar_lag_fourier,h168,2026-01-04T23:00:00,2026-01-18T23:00:00,2026-02-15T23:00:00,,,42.0
2026-02-13 01:00:00,24.9,-56.74896694469837,1.0,"Satet International School, Tema Manhean",tabular,ridge_ar_lag_fourier,h168,2026-01-04T23:00:00,2026-01-18T23:00:00,2026-02-15T23:00:00,,,42.0
2026-02-13 02:00:00,27.4,-55.49336879247788,1.0,"Satet International School, Tema Manhean",tabular,ridge_ar_lag_fourier,h168,2026-01-04T23:00:00,2026-01-18T23:00:00,2026-02-15T23:00:00,,,42.0
2026-02-13 03:00:00,38.6,-55.019749789410554,1.0,"Satet International School, Tema Manhean",tabular,ridge_ar_lag_fourier,h168,2026-01-04T23:00:00,2026-01-18T23:00:00,2026-02-15T23:00:00,,,42.0
2026-02-13 04:00:00,77.9,-48.33456962848297,1.0,"Satet International School, Tema Manhean",tabular,ridge_ar_lag_fourier,h168,2026-01-04T23:00:00,2026-01-18T23:00:00,2026-02-15T23:00:00,,,42.0
2026-02-13 05:00:00,164.0,-36.87810766221469,1.0,"Satet International School, Tema Manhean",tabular,ridge_ar_lag_fourier,h168,2026-01-04T23:00:00,2026-01-18T23:00:00,2026-02-15T23:00:00,,,42.0
2026-02-13 06:00:00,76.4,-36.115765068700554,1.0,"Satet International School, Tema Manhean",tabular,ridge_ar_lag_fourier,h168,2026-01-04T23:00:00,2026-01-18T23:00:00,2026-02-15T23:00:00,,,42.0
2026-02-13 07:00:00,42.0,-38.74900844698156,1.0,"Satet International School, Tema Manhean",tabular,ridge_ar_lag_fourier,h168,2026-01-04T23:00:00,2026-01-18T23:00:00,2026-02-15T23:00:00,,,42.0
2026-02-13 08:00:00,26.0,-54.92536465974618,1.0,"Satet International School, Tema Manhean",tabular,ridge_ar_lag_fourier,h168,2026-01-04T23:00:00,2026-01-18T23:00:00,2026-02-15T23:00:00,,,42.0
2026-02-13 09:00:00,25.4,-59.32875968768866,1.0,"Satet International School, Tema Manhean",tabular,ridge_ar_lag_fourier,h168,2026-01-04T23:00:00,2026-01-18T23:00:00,2026-02-15T23:00:00,,,42.0
2026-02-13 10:00:00,10.8,-61.10924095246692,1.0,"Satet International School, Tema Manhean",tabular,ridge_ar_lag_fourier,h168,2026-01-04T23:00:00,2026-01-18T23:00:00,2026-02-15T23:00:00,,,42.0
2026-02-13 11:00:00,4.4,-65.35414164686182,1.0,"Satet International School, Tema Manhean",tabular,ridge_ar_lag_fourier,h168,2026-01-04T23:00:00,2026-01-18T23:00:00,2026-02-15T23:00:00,,,42.0
2026-02-13 12:00:00,4.5,-67.0912415504864,1.0,"Satet International School, Tema Manhean",tabular,ridge_ar_lag_fourier,h168,2026-01-04T23:00:00,2026-01-18T23:00:00,2026-02-15T23:00:00,,,42.0
2026-02-13 13:00:00,7.2,-66.30800521098206,1.0,"Satet International School, Tema Manhean",tabular,ridge_ar_lag_fourier,h168,2026-01-04T23:00:00,2026-01-18T23:00:00,2026-02-15T23:00:00,,,42.0
2026-02-13 14:00:00,8.5,-68.2580860897392,1.0,"Satet International School, Tema Manhean",tabular,ridge_ar_lag_fourier,h168,2026-01-04T23:00:00,2026-01-18T23:00:00,2026-02-15T23:00:00,,,42.0
2026-02-13 15:00:00,9.2,-67.22944547698701,1.0,"Satet International School, Tema Manhean",tabular,ridge_ar_lag_fourier,h168,2026-01-04T23:00:00,2026-01-18T23:00:00,2026-02-15T23:00:00,,,42.0
2026-02-13 16:00:00,8.7,-64.60814878811233,1.0,"Satet International School, Tema Manhean",tabular,ridge_ar_lag_fourier,h168,2026-01-04T23:00:00,2026-01-18T23:00:00,2026-02-15T23:00:00,,,42.0
2026-02-13 17:00:00,20.9,-61.381981378275526,1.0,"Satet International School, Tema Manhean",tabular,ridge_ar_lag_fourier,h168,2026-01-04T23:00:00,2026-01-18T23:00:00,2026-02-15T23:00:00,,,42.0
2026-02-13 18:00:00,20.4,-61.72540832566561,1.0,"Satet International School, Tema Manhean",tabular,ridge_ar_lag_fourier,h168,2026-01-04T23:00:00,2026-01-18T23:00:00,2026-02-15T23:00:00,,,42.0
2026-02-13 19:00:00,14.5,-61.72259323819175,1.0,"Satet International School, Tema Manhean",tabular,ridge_ar_lag_fourier,h168,2026-01-04T23:00:00,2026-01-18T23:00:00,2026-02-15T23:00:00,,,42.0
2026-02-13 20:00:00,8.9,-61.12513141551885,1.0,"Satet International School, Tema Manhean",tabular,ridge_ar_lag_fourier,h168,2026-01-04T23:00:00,2026-01-18T23:00:00,2026-02-15T23:00:00,,,42.0
2026-02-13 21:00:00,9.2,-64.09145260599861,1.0,"Satet International School, Tema Manhean",tabular,ridge_ar_lag_fourier,h168,2026-01-04T23:00:00,2026-01-18T23:00:00,2026-02-15T23:00:00,,,42.0
2026-02-13 22:00:00,7.7,-59.57424675159427,1.0,"Satet International School, Tema Manhean",tabular,ridge_ar_lag_fourier,h168,2026-01-04T23:00:00,2026-01-18T23:00:00,2026-02-15T23:00:00,,,42.0
2026-02-13 23:00:00,12.6,-56.284192511584735,1.0,"Satet International School, Tema Manhean",tabular,ridge_ar_lag_fourier,h168,2026-01-04T23:00:00,2026-01-18T23:00:00,2026-02-15T23:00:00,,,42.0
2026-02-14 00:00:00,14.6,-55.11747263409535,1.0,"Satet International School, Tema Manhean",tabular,ridge_ar_lag_fourier,h168,2026-01-04T23:00:00,2026-01-18T23:00:00,2026-02-15T23:00:00,,,42.0
2026-02-14 01:00:00,9.3,-56.40608487570083,1.0,"Satet International School, Tema Manhean",tabular,ridge_ar_lag_fourier,h168,2026-01-04T23:00:00,2026-01-18T23:00:00,2026-02-15T23:00:00,,,42.0
2026-02-14 02:00:00,11.7,-51.94573510796529,1.0,"Satet International School, Tema Manhean",tabular,ridge_ar_lag_fourier,h168,2026-01-04T23:00:00,2026-01-18T23:00:00,2026-02-15T23:00:00,,,42.0
2026-02-14 03:00:00,20.4,-45.429763376559535,1.0,"Satet International School, Tema Manhean",tabular,ridge_ar_lag_fourier,h168,2026-01-04T23:00:00,2026-01-18T23:00:00,2026-02-15T23:00:00,,,42.0
2026-02-14 04:00:00,24.5,-49.08487102606399,1.0,"Satet International School, Tema Manhean",tabular,ridge_ar_lag_fourier,h168,2026-01-04T23:00:00,2026-01-18T23:00:00,2026-02-15T23:00:00,,,42.0
2026-02-14 05:00:00,49.8,-41.727612502466954,1.0,"Satet International School, Tema Manhean",tabular,ridge_ar_lag_fourier,h168,2026-01-04T23:00:00,2026-01-18T23:00:00,2026-02-15T23:00:00,,,42.0
2026-02-14 06:00:00,50.6,-37.20192634132218,1.0,"Satet International School, Tema Manhean",tabular,ridge_ar_lag_fourier,h168,2026-01-04T23:00:00,2026-01-18T23:00:00,2026-02-15T23:00:00,,,42.0
2026-02-14 07:00:00,45.400000000000006,-43.61622115650482,1.0,"Satet International School, Tema Manhean",tabular,ridge_ar_lag_fourier,h168,2026-01-04T23:00:00,2026-01-18T23:00:00,2026-02-15T23:00:00,,,42.0
2026-02-14 08:00:00,40.2,-52.25245875402051,1.0,"Satet International School, Tema Manhean",tabular,ridge_ar_lag_fourier,h168,2026-01-04T23:00:00,2026-01-18T23:00:00,2026-02-15T23:00:00,,,42.0
2026-02-14 09:00:00,36.3,-58.22277608281655,1.0,"Satet International School, Tema Manhean",tabular,ridge_ar_lag_fourier,h168,2026-01-04T23:00:00,2026-01-18T23:00:00,2026-02-15T23:00:00,,,42.0
2026-02-14 10:00:00,20.1,-60.201119839240164,1.0,"Satet International School, Tema Manhean",tabular,ridge_ar_lag_fourier,h168,2026-01-04T23:00:00,2026-01-18T23:00:00,2026-02-15T23:00:00,,,42.0
2026-02-14 11:00:00,21.2,-61.82656189607954,1.0,"Satet International School, Tema Manhean",tabular,ridge_ar_lag_fourier,h168,2026-01-04T23:00:00,2026-01-18T23:00:00,2026-02-15T23:00:00,,,42.0
2026-02-14 12:00:00,23.5,-66.9713448911903,1.0,"Satet International School, Tema Manhean",tabular,ridge_ar_lag_fourier,h168,2026-01-04T23:00:00,2026-01-18T23:00:00,2026-02-15T23:00:00,,,42.0
2026-02-14 13:00:00,20.5,-68.44403144046878,1.0,"Satet International School, Tema Manhean",tabular,ridge_ar_lag_fourier,h168,2026-01-04T23:00:00,2026-01-18T23:00:00,2026-02-15T23:00:00,,,42.0
2026-02-14 14:00:00,20.4,-70.53463856339687,1.0,"Satet International School, Tema Manhean",tabular,ridge_ar_lag_fourier,h168,2026-01-04T23:00:00,2026-01-18T23:00:00,2026-02-15T23:00:00,,,42.0
2026-02-14 15:00:00,22.1,-67.96996192301943,1.0,"Satet International School, Tema Manhean",tabular,ridge_ar_lag_fourier,h168,2026-01-04T23:00:00,2026-01-18T23:00:00,2026-02-15T23:00:00,,,42.0
2026-02-14 16:00:00,42.7,-67.01649126709194,1.0,"Satet International School, Tema Manhean",tabular,ridge_ar_lag_fourier,h168,2026-01-04T23:00:00,2026-01-18T23:00:00,2026-02-15T23:00:00,,,42.0
2026-02-14 17:00:00,49.0,-64.88641707008624,1.0,"Satet International School, Tema Manhean",tabular,ridge_ar_lag_fourier,h168,2026-01-04T23:00:00,2026-01-18T23:00:00,2026-02-15T23:00:00,,,42.0
2026-02-14 18:00:00,67.3,-60.481836870341965,1.0,"Satet International School, Tema Manhean",tabular,ridge_ar_lag_fourier,h168,2026-01-04T23:00:00,2026-01-18T23:00:00,2026-02-15T23:00:00,,,42.0
2026-02-14 19:00:00,71.8,-61.92280591179494,1.0,"Satet International School, Tema Manhean",tabular,ridge_ar_lag_fourier,h168,2026-01-04T23:00:00,2026-01-18T23:00:00,2026-02-15T23:00:00,,,42.0
2026-02-14 20:00:00,101.2,-62.43362134523338,1.0,"Satet International School, Tema Manhean",tabular,ridge_ar_lag_fourier,h168,2026-01-04T23:00:00,2026-01-18T23:00:00,2026-02-15T23:00:00,,,42.0
2026-02-14 21:00:00,73.9,-65.18687857581871,1.0,"Satet International School, Tema Manhean",tabular,ridge_ar_lag_fourier,h168,2026-01-04T23:00:00,2026-01-18T23:00:00,2026-02-15T23:00:00,,,42.0
2026-02-14 22:00:00,55.1,-58.86933150221003,1.0,"Satet International School, Tema Manhean",tabular,ridge_ar_lag_fourier,h168,2026-01-04T23:00:00,2026-01-18T23:00:00,2026-02-15T23:00:00,,,42.0
2026-02-14 23:00:00,107.3,-56.409799809688394,1.0,"Satet International School, Tema Manhean",tabular,ridge_ar_lag_fourier,h168,2026-01-04T23:00:00,2026-01-18T23:00:00,2026-02-15T23:00:00,,,42.0
2026-02-15 00:00:00,76.3,-55.674874309217884,1.0,"Satet International School, Tema Manhean",tabular,ridge_ar_lag_fourier,h168,2026-01-04T23:00:00,2026-01-18T23:00:00,2026-02-15T23:00:00,,,42.0
2026-02-15 01:00:00,45.9,-62.39878547050651,1.0,"Satet International School, Tema Manhean",tabular,ridge_ar_lag_fourier,h168,2026-01-04T23:00:00,2026-01-18T23:00:00,2026-02-15T23:00:00,,,42.0
2026-02-15 02:00:00,44.7,-61.3062597944772,1.0,"Satet International School, Tema Manhean",tabular,ridge_ar_lag_fourier,h168,2026-01-04T23:00:00,2026-01-18T23:00:00,2026-02-15T23:00:00,,,42.0
2026-02-15 03:00:00,42.5,-61.16180583922443,1.0,"Satet International School, Tema Manhean",tabular,ridge_ar_lag_fourier,h168,2026-01-04T23:00:00,2026-01-18T23:00:00,2026-02-15T23:00:00,,,42.0
2026-02-15 04:00:00,68.2,-53.457040136297536,1.0,"Satet International School, Tema Manhean",tabular,ridge_ar_lag_fourier,h168,2026-01-04T23:00:00,2026-01-18T23:00:00,2026-02-15T23:00:00,,,42.0
2026-02-15 05:00:00,146.4,-38.25540275236641,1.0,"Satet International School, Tema Manhean",tabular,ridge_ar_lag_fourier,h168,2026-01-04T23:00:00,2026-01-18T23:00:00,2026-02-15T23:00:00,,,42.0
2026-02-15 06:00:00,167.7,-33.58435005113489,1.0,"Satet International School, Tema Manhean",tabular,ridge_ar_lag_fourier,h168,2026-01-04T23:00:00,2026-01-18T23:00:00,2026-02-15T23:00:00,,,42.0
2026-02-15 07:00:00,48.4,-42.9976427845055,1.0,"Satet International School, Tema Manhean",tabular,ridge_ar_lag_fourier,h168,2026-01-04T23:00:00,2026-01-18T23:00:00,2026-02-15T23:00:00,,,42.0
2026-02-15 08:00:00,31.8,-55.69794475111138,1.0,"Satet International School, Tema Manhean",tabular,ridge_ar_lag_fourier,h168,2026-01-04T23:00:00,2026-01-18T23:00:00,2026-02-15T23:00:00,,,42.0
2026-02-15 09:00:00,26.7,-61.2585183808756,1.0,"Satet International School, Tema Manhean",tabular,ridge_ar_lag_fourier,h168,2026-01-04T23:00:00,2026-01-18T23:00:00,2026-02-15T23:00:00,,,42.0
2026-02-15 10:00:00,34.3,-64.95944877766445,1.0,"Satet International School, Tema Manhean",tabular,ridge_ar_lag_fourier,h168,2026-01-04T23:00:00,2026-01-18T23:00:00,2026-02-15T23:00:00,,,42.0
2026-02-15 11:00:00,23.8,-65.6613033611753,1.0,"Satet International School, Tema Manhean",tabular,ridge_ar_lag_fourier,h168,2026-01-04T23:00:00,2026-01-18T23:00:00,2026-02-15T23:00:00,,,42.0
2026-02-15 12:00:00,18.1,-68.45604814939215,1.0,"Satet International School, Tema Manhean",tabular,ridge_ar_lag_fourier,h168,2026-01-04T23:00:00,2026-01-18T23:00:00,2026-02-15T23:00:00,,,42.0
2026-02-15 13:00:00,12.2,-71.2135296615623,1.0,"Satet International School, Tema Manhean",tabular,ridge_ar_lag_fourier,h168,2026-01-04T23:00:00,2026-01-18T23:00:00,2026-02-15T23:00:00,,,42.0
2026-02-15 14:00:00,14.9,-72.26271073893257,1.0,"Satet International School, Tema Manhean",tabular,ridge_ar_lag_fourier,h168,2026-01-04T23:00:00,2026-01-18T23:00:00,2026-02-15T23:00:00,,,42.0
2026-02-15 15:00:00,8.5,-71.2207407740536,1.0,"Satet International School, Tema Manhean",tabular,ridge_ar_lag_fourier,h168,2026-01-04T23:00:00,2026-01-18T23:00:00,2026-02-15T23:00:00,,,42.0
2026-02-15 16:00:00,9.0,-70.46295521494247,1.0,"Satet International School, Tema Manhean",tabular,ridge_ar_lag_fourier,h168,2026-01-04T23:00:00,2026-01-18T23:00:00,2026-02-15T23:00:00,,,42.0
2026-02-15 17:00:00,16.1,-69.18691256130515,1.0,"Satet International School, Tema Manhean",tabular,ridge_ar_lag_fourier,h168,2026-01-04T23:00:00,2026-01-18T23:00:00,2026-02-15T23:00:00,,,42.0
2026-02-15 18:00:00,20.1,-65.04358934019317,1.0,"Satet International School, Tema Manhean",tabular,ridge_ar_lag_fourier,h168,2026-01-04T23:00:00,2026-01-18T23:00:00,2026-02-15T23:00:00,,,42.0
2026-02-15 19:00:00,24.9,-65.47446147818975,1.0,"Satet International School, Tema Manhean",tabular,ridge_ar_lag_fourier,h168,2026-01-04T23:00:00,2026-01-18T23:00:00,2026-02-15T23:00:00,,,42.0
2026-02-15 20:00:00,22.8,-64.36332451885677,1.0,"Satet International School, Tema Manhean",tabular,ridge_ar_lag_fourier,h168,2026-01-04T23:00:00,2026-01-18T23:00:00,2026-02-15T23:00:00,,,42.0
2026-02-15 21:00:00,27.8,-63.57552326869593,1.0,"Satet International School, Tema Manhean",tabular,ridge_ar_lag_fourier,h168,2026-01-04T23:00:00,2026-01-18T23:00:00,2026-02-15T23:00:00,,,42.0
2026-02-15 22:00:00,18.9,-59.839051037154206,1.0,"Satet International School, Tema Manhean",tabular,ridge_ar_lag_fourier,h168,2026-01-04T23:00:00,2026-01-18T23:00:00,2026-02-15T23:00:00,,,42.0
2026-02-15 23:00:00,28.3,-54.471651860556506,1.0,"Satet International School, Tema Manhean",tabular,ridge_ar_lag_fourier,h168,2026-01-04T23:00:00,2026-01-18T23:00:00,2026-02-15T23:00:00,,,42.0
2026-01-18 23:00:00,47.9,-66.95755377371829,1.0,Tema Community 25 Estate,tabular,ridge_ar_lag_fourier,h168,2026-01-04T23:00:00,2026-01-18T23:00:00,2026-02-15T23:00:00,,,42.0
2026-01-19 00:00:00,45.2,-60.19440786853487,1.0,Tema Community 25 Estate,tabular,ridge_ar_lag_fourier,h168,2026-01-04T23:00:00,2026-01-18T23:00:00,2026-02-15T23:00:00,,,42.0
2026-01-19 01:00:00,42.7,-61.68521363941221,1.0,Tema Community 25 Estate,tabular,ridge_ar_lag_fourier,h168,2026-01-04T23:00:00,2026-01-18T23:00:00,2026-02-15T23:00:00,,,42.0
2026-01-19 02:00:00,29.8,-63.31927729655071,1.0,Tema Community 25 Estate,tabular,ridge_ar_lag_fourier,h168,2026-01-04T23:00:00,2026-01-18T23:00:00,2026-02-15T23:00:00,,,42.0
2026-01-19 03:00:00,26.0,-66.78310251532393,1.0,Tema Community 25 Estate,tabular,ridge_ar_lag_fourier,h168,2026-01-04T23:00:00,2026-01-18T23:00:00,2026-02-15T23:00:00,,,42.0
2026-01-19 04:00:00,26.6,-67.74968869860977,1.0,Tema Community 25 Estate,tabular,ridge_ar_lag_fourier,h168,2026-01-04T23:00:00,2026-01-18T23:00:00,2026-02-15T23:00:00,,,42.0
2026-01-19 05:00:00,31.5,-66.0988878333962,1.0,Tema Community 25 Estate,tabular,ridge_ar_lag_fourier,h168,2026-01-04T23:00:00,2026-01-18T23:00:00,2026-02-15T23:00:00,,,42.0
2026-01-19 06:00:00,34.45,-63.86474814132008,1.0,Tema Community 25 Estate,tabular,ridge_ar_lag_fourier,h168,2026-01-04T23:00:00,2026-01-18T23:00:00,2026-02-15T23:00:00,,,42.0
2026-01-19 07:00:00,37.4,-65.15991366935584,1.0,Tema Community 25 Estate,tabular,ridge_ar_lag_fourier,h168,2026-01-04T23:00:00,2026-01-18T23:00:00,2026-02-15T23:00:00,,,42.0
2026-01-19 08:00:00,34.6,-67.69100495462573,1.0,Tema Community 25 Estate,tabular,ridge_ar_lag_fourier,h168,2026-01-04T23:00:00,2026-01-18T23:00:00,2026-02-15T23:00:00,,,42.0
2026-01-19 09:00:00,31.4,-69.33046697804609,1.0,Tema Community 25 Estate,tabular,ridge_ar_lag_fourier,h168,2026-01-04T23:00:00,2026-01-18T23:00:00,2026-02-15T23:00:00,,,42.0
2026-01-19 10:00:00,31.9,-67.69698760301173,1.0,Tema Community 25 Estate,tabular,ridge_ar_lag_fourier,h168,2026-01-04T23:00:00,2026-01-18T23:00:00,2026-02-15T23:00:00,,,42.0
2026-01-19 11:00:00,35.1,-66.58975162323144,1.0,Tema Community 25 Estate,tabular,ridge_ar_lag_fourier,h168,2026-01-04T23:00:00,2026-01-18T23:00:00,2026-02-15T23:00:00,,,42.0
2026-01-19 12:00:00,32.5,-66.04071868838007,1.0,Tema Community 25 Estate,tabular,ridge_ar_lag_fourier,h168,2026-01-04T23:00:00,2026-01-18T23:00:00,2026-02-15T23:00:00,,,42.0
2026-01-19 13:00:00,30.3,-66.60822387466901,1.0,Tema Community 25 Estate,tabular,ridge_ar_lag_fourier,h168,2026-01-04T23:00:00,2026-01-18T23:00:00,2026-02-15T23:00:00,,,42.0
2026-01-19 14:00:00,28.1,-67.97651341510657,1.0,Tema Community 25 Estate,tabular,ridge_ar_lag_fourier,h168,2026-01-04T23:00:00,2026-01-18T23:00:00,2026-02-15T23:00:00,,,42.0
2026-01-19 15:00:00,27.6,-67.9727162267376,1.0,Tema Community 25 Estate,tabular,ridge_ar_lag_fourier,h168,2026-01-04T23:00:00,2026-01-18T23:00:00,2026-02-15T23:00:00,,,42.0
2026-01-19 16:00:00,30.5,-69.33244291315974,1.0,Tema Community 25 Estate,tabular,ridge_ar_lag_fourier,h168,2026-01-04T23:00:00,2026-01-18T23:00:00,2026-02-15T23:00:00,,,42.0
2026-01-19 17:00:00,31.4,-69.03523829851626,1.0,Tema Community 25 Estate,tabular,ridge_ar_lag_fourier,h168,2026-01-04T23:00:00,2026-01-18T23:00:00,2026-02-15T23:00:00,,,42.0
2026-01-19 18:00:00,34.2,-68.64712388104512,1.0,Tema Community 25 Estate,tabular,ridge_ar_lag_fourier,h168,2026-01-04T23:00:00,2026-01-18T23:00:00,2026-02-15T23:00:00,,,42.0
2026-01-19 19:00:00,30.9,-67.70069610369654,1.0,Tema Community 25 Estate,tabular,ridge_ar_lag_fourier,h168,2026-01-04T23:00:00,2026-01-18T23:00:00,2026-02-15T23:00:00,,,42.0
2026-01-19 20:00:00,39.0,-68.59763560348794,1.0,Tema Community 25 Estate,tabular,ridge_ar_lag_fourier,h168,2026-01-04T23:00:00,2026-01-18T23:00:00,2026-02-15T23:00:00,,,42.0
2026-01-19 21:00:00,27.9,-67.7731247782754,1.0,Tema Community 25 Estate,tabular,ridge_ar_lag_fourier,h168,2026-01-04T23:00:00,2026-01-18T23:00:00,2026-02-15T23:00:00,,,42.0
2026-01-19 22:00:00,24.8,-66.83466265230153,1.0,Tema Community 25 Estate,tabular,ridge_ar_lag_fourier,h168,2026-01-04T23:00:00,2026-01-18T23:00:00,2026-02-15T23:00:00,,,42.0
2026-01-19 23:00:00,20.2,-61.66053283366038,1.0,Tema Community 25 Estate,tabular,ridge_ar_lag_fourier,h168,2026-01-04T23:00:00,2026-01-18T23:00:00,2026-02-15T23:00:00,,,42.0
2026-01-20 00:00:00,19.4,-57.81204476001025,1.0,Tema Community 25 Estate,tabular,ridge_ar_lag_fourier,h168,2026-01-04T23:00:00,2026-01-18T23:00:00,2026-02-15T23:00:00,,,42.0
2026-01-20 01:00:00,19.0,-62.03760814236118,1.0,Tema Community 25 Estate,tabular,ridge_ar_lag_fourier,h168,2026-01-04T23:00:00,2026-01-18T23:00:00,2026-02-15T23:00:00,,,42.0
2026-01-20 02:00:00,18.8,-63.26498874403079,1.0,Tema Community 25 Estate,tabular,ridge_ar_lag_fourier,h168,2026-01-04T23:00:00,2026-01-18T23:00:00,2026-02-15T23:00:00,,,42.0
2026-01-20 03:00:00,19.4,-62.098375961014355,1.0,Tema Community 25 Estate,tabular,ridge_ar_lag_fourier,h168,2026-01-04T23:00:00,2026-01-18T23:00:00,2026-02-15T23:00:00,,,42.0
2026-01-20 04:00:00,18.1,-62.14328946074123,1.0,Tema Community 25 Estate,tabular,ridge_ar_lag_fourier,h168,2026-01-04T23:00:00,2026-01-18T23:00:00,2026-02-15T23:00:00,,,42.0
2026-01-20 05:00:00,20.0,-61.84438887437325,1.0,Tema Community 25 Estate,tabular,ridge_ar_lag_fourier,h168,2026-01-04T23:00:00,2026-01-18T23:00:00,2026-02-15T23:00:00,,,42.0
2026-01-20 06:00:00,24.0,-55.73100577951712,1.0,Tema Community 25 Estate,tabular,ridge_ar_lag_fourier,h168,2026-01-04T23:00:00,2026-01-18T23:00:00,2026-02-15T23:00:00,,,42.0
2026-01-20 07:00:00,24.8,-56.685227995234,1.0,Tema Community 25 Estate,tabular,ridge_ar_lag_fourier,h168,2026-01-04T23:00:00,2026-01-18T23:00:00,2026-02-15T23:00:00,,,42.0
2026-01-20 08:00:00,21.9,-63.51204625787001,1.0,Tema Community 25 Estate,tabular,ridge_ar_lag_fourier,h168,2026-01-04T23:00:00,2026-01-18T23:00:00,2026-02-15T23:00:00,,,42.0
2026-01-20 09:00:00,19.6,-67.8982601823025,1.0,Tema Community 25 Estate,tabular,ridge_ar_lag_fourier,h168,2026-01-04T23:00:00,2026-01-18T23:00:00,2026-02-15T23:00:00,,,42.0
2026-01-20 10:00:00,21.0,-68.08122269169839,1.0,Tema Community 25 Estate,tabular,ridge_ar_lag_fourier,h168,2026-01-04T23:00:00,2026-01-18T23:00:00,2026-02-15T23:00:00,,,42.0
2026-01-20 11:00:00,21.3,-67.65888561653065,1.0,Tema Community 25 Estate,tabular,ridge_ar_lag_fourier,h168,2026-01-04T23:00:00,2026-01-18T23:00:00,2026-02-15T23:00:00,,,42.0
2026-01-20 12:00:00,25.0,-67.40278718330504,1.0,Tema Community 25 Estate,tabular,ridge_ar_lag_fourier,h168,2026-01-04T23:00:00,2026-01-18T23:00:00,2026-02-15T23:00:00,,,42.0
2026-01-20 13:00:00,28.8,-67.02015059326486,1.0,Tema Community 25 Estate,tabular,ridge_ar_lag_fourier,h168,2026-01-04T23:00:00,2026-01-18T23:00:00,2026-02-15T23:00:00,,,42.0
2026-01-20 14:00:00,26.4,-69.2428217193765,1.0,Tema Community 25 Estate,tabular,ridge_ar_lag_fourier,h168,2026-01-04T23:00:00,2026-01-18T23:00:00,2026-02-15T23:00:00,,,42.0
2026-01-20 15:00:00,26.3,-69.5020591121572,1.0,Tema Community 25 Estate,tabular,ridge_ar_lag_fourier,h168,2026-01-04T23:00:00,2026-01-18T23:00:00,2026-02-15T23:00:00,,,42.0
2026-01-20 16:00:00,30.4,-70.63701524632387,1.0,Tema Community 25 Estate,tabular,ridge_ar_lag_fourier,h168,2026-01-04T23:00:00,2026-01-18T23:00:00,2026-02-15T23:00:00,,,42.0
2026-01-20 17:00:00,26.9,-70.69906517406316,1.0,Tema Community 25 Estate,tabular,ridge_ar_lag_fourier,h168,2026-01-04T23:00:00,2026-01-18T23:00:00,2026-02-15T23:00:00,,,42.0
2026-01-20 18:00:00,32.7,-68.44573401353763,1.0,Tema Community 25 Estate,tabular,ridge_ar_lag_fourier,h168,2026-01-04T23:00:00,2026-01-18T23:00:00,2026-02-15T23:00:00,,,42.0
2026-01-20 19:00:00,40.5,-68.02846357971968,1.0,Tema Community 25 Estate,tabular,ridge_ar_lag_fourier,h168,2026-01-04T23:00:00,2026-01-18T23:00:00,2026-02-15T23:00:00,,,42.0
2026-01-20 20:00:00,40.4,-68.19925464943329,1.0,Tema Community 25 Estate,tabular,ridge_ar_lag_fourier,h168,2026-01-04T23:00:00,2026-01-18T23:00:00,2026-02-15T23:00:00,,,42.0
2026-01-20 21:00:00,30.2,-68.59360583147888,1.0,Tema Community 25 Estate,tabular,ridge_ar_lag_fourier,h168,2026-01-04T23:00:00,2026-01-18T23:00:00,2026-02-15T23:00:00,,,42.0
2026-01-20 22:00:00,17.9,-66.38090116398288,1.0,Tema Community 25 Estate,tabular,ridge_ar_lag_fourier,h168,2026-01-04T23:00:00,2026-01-18T23:00:00,2026-02-15T23:00:00,,,42.0
2026-01-20 23:00:00,8.2,-64.36247065813977,1.0,Tema Community 25 Estate,tabular,ridge_ar_lag_fourier,h168,2026-01-04T23:00:00,2026-01-18T23:00:00,2026-02-15T23:00:00,,,42.0
2026-01-21 00:00:00,10.5,-60.470419123801676,1.0,Tema Community 25 Estate,tabular,ridge_ar_lag_fourier,h168,2026-01-04T23:00:00,2026-01-18T23:00:00,2026-02-15T23:00:00,,,42.0
2026-01-21 01:00:00,15.0,-62.01500845385404,1.0,Tema Community 25 Estate,tabular,ridge_ar_lag_fourier,h168,2026-01-04T23:00:00,2026-01-18T23:00:00,2026-02-15T23:00:00,,,42.0
2026-01-21 02:00:00,17.2,-62.59991280402669,1.0,Tema Community 25 Estate,tabular,ridge_ar_lag_fourier,h168,2026-01-04T23:00:00,2026-01-18T23:00:00,2026-02-15T23:00:00,,,42.0
2026-01-21 03:00:00,12.2,-63.99302707257225,1.0,Tema Community 25 Estate,tabular,ridge_ar_lag_fourier,h168,2026-01-04T23:00:00,2026-01-18T23:00:00,2026-02-15T23:00:00,,,42.0
2026-01-21 04:00:00,13.7,-63.93667781615545,1.0,Tema Community 25 Estate,tabular,ridge_ar_lag_fourier,h168,2026-01-04T23:00:00,2026-01-18T23:00:00,2026-02-15T23:00:00,,,42.0
2026-01-21 05:00:00,18.2,-63.463481726317625,1.0,Tema Community 25 Estate,tabular,ridge_ar_lag_fourier,h168,2026-01-04T23:00:00,2026-01-18T23:00:00,2026-02-15T23:00:00,,,42.0
2026-01-21 06:00:00,29.5,-59.2245261625237,1.0,Tema Community 25 Estate,tabular,ridge_ar_lag_fourier,h168,2026-01-04T23:00:00,2026-01-18T23:00:00,2026-02-15T23:00:00,,,42.0
2026-01-21 07:00:00,33.7,-60.307815567015126,1.0,Tema Community 25 Estate,tabular,ridge_ar_lag_fourier,h168,2026-01-04T23:00:00,2026-01-18T23:00:00,2026-02-15T23:00:00,,,42.0
2026-01-21 08:00:00,20.5,-67.35080996018344,1.0,Tema Community 25 Estate,tabular,ridge_ar_lag_fourier,h168,2026-01-04T23:00:00,2026-01-18T23:00:00,2026-02-15T23:00:00,,,42.0
2026-01-21 09:00:00,14.9,-68.33179638424922,1.0,Tema Community 25 Estate,tabular,ridge_ar_lag_fourier,h168,2026-01-04T23:00:00,2026-01-18T23:00:00,2026-02-15T23:00:00,,,42.0
2026-01-21 10:00:00,14.3,-69.11990089441413,1.0,Tema Community 25 Estate,tabular,ridge_ar_lag_fourier,h168,2026-01-04T23:00:00,2026-01-18T23:00:00,2026-02-15T23:00:00,,,42.0
2026-01-21 11:00:00,19.2,-67.08018445144289,1.0,Tema Community 25 Estate,tabular,ridge_ar_lag_fourier,h168,2026-01-04T23:00:00,2026-01-18T23:00:00,2026-02-15T23:00:00,,,42.0
2026-01-21 12:00:00,28.6,-67.41402918023097,1.0,Tema Community 25 Estate,tabular,ridge_ar_lag_fourier,h168,2026-01-04T23:00:00,2026-01-18T23:00:00,2026-02-15T23:00:00,,,42.0
2026-01-21 13:00:00,32.6,-67.39603143432387,1.0,Tema Community 25 Estate,tabular,ridge_ar_lag_fourier,h168,2026-01-04T23:00:00,2026-01-18T23:00:00,2026-02-15T23:00:00,,,42.0
2026-01-21 14:00:00,33.6,-68.19280311962704,1.0,Tema Community 25 Estate,tabular,ridge_ar_lag_fourier,h168,2026-01-04T23:00:00,2026-01-18T23:00:00,2026-02-15T23:00:00,,,42.0
2026-01-21 15:00:00,23.2,-68.5330273340575,1.0,Tema Community 25 Estate,tabular,ridge_ar_lag_fourier,h168,2026-01-04T23:00:00,2026-01-18T23:00:00,2026-02-15T23:00:00,,,42.0
2026-01-21 16:00:00,21.7,-69.7314684460793,1.0,Tema Community 25 Estate,tabular,ridge_ar_lag_fourier,h168,2026-01-04T23:00:00,2026-01-18T23:00:00,2026-02-15T23:00:00,,,42.0
2026-01-21 17:00:00,22.7,-69.18313975866063,1.0,Tema Community 25 Estate,tabular,ridge_ar_lag_fourier,h168,2026-01-04T23:00:00,2026-01-18T23:00:00,2026-02-15T23:00:00,,,42.0
2026-01-21 18:00:00,26.3,-67.55988211913245,1.0,Tema Community 25 Estate,tabular,ridge_ar_lag_fourier,h168,2026-01-04T23:00:00,2026-01-18T23:00:00,2026-02-15T23:00:00,,,42.0
2026-01-21 19:00:00,29.2,-66.95856249890791,1.0,Tema Community 25 Estate,tabular,ridge_ar_lag_fourier,h168,2026-01-04T23:00:00,2026-01-18T23:00:00,2026-02-15T23:00:00,,,42.0
2026-01-21 20:00:00,25.2,-66.60620938341447,1.0,Tema Community 25 Estate,tabular,ridge_ar_lag_fourier,h168,2026-01-04T23:00:00,2026-01-18T23:00:00,2026-02-15T23:00:00,,,42.0
2026-01-21 21:00:00,22.6,-67.27215480928756,1.0,Tema Community 25 Estate,tabular,ridge_ar_lag_fourier,h168,2026-01-04T23:00:00,2026-01-18T23:00:00,2026-02-15T23:00:00,,,42.0
2026-01-21 22:00:00,23.8,-63.95230812136431,1.0,Tema Community 25 Estate,tabular,ridge_ar_lag_fourier,h168,2026-01-04T23:00:00,2026-01-18T23:00:00,2026-02-15T23:00:00,,,42.0
2026-01-21 23:00:00,27.0,-62.0647965403072,1.0,Tema Community 25 Estate,tabular,ridge_ar_lag_fourier,h168,2026-01-04T23:00:00,2026-01-18T23:00:00,2026-02-15T23:00:00,,,42.0
2026-01-22 00:00:00,24.0,-55.48761514175085,1.0,Tema Community 25 Estate,tabular,ridge_ar_lag_fourier,h168,2026-01-04T23:00:00,2026-01-18T23:00:00,2026-02-15T23:00:00,,,42.0
2026-01-22 01:00:00,20.0,-56.422400448386114,1.0,Tema Community 25 Estate,tabular,ridge_ar_lag_fourier,h168,2026-01-04T23:00:00,2026-01-18T23:00:00,2026-02-15T23:00:00,,,42.0
2026-01-22 02:00:00,23.3,-58.14971981328256,1.0,Tema Community 25 Estate,tabular,ridge_ar_lag_fourier,h168,2026-01-04T23:00:00,2026-01-18T23:00:00,2026-02-15T23:00:00,,,42.0
2026-01-22 03:00:00,17.1,-59.02158099128508,1.0,Tema Community 25 Estate,tabular,ridge_ar_lag_fourier,h168,2026-01-04T23:00:00,2026-01-18T23:00:00,2026-02-15T23:00:00,,,42.0
2026-01-22 04:00:00,18.0,-62.72778042655379,1.0,Tema Community 25 Estate,tabular,ridge_ar_lag_fourier,h168,2026-01-04T23:00:00,2026-01-18T23:00:00,2026-02-15T23:00:00,,,42.0
2026-01-22 05:00:00,25.2,-63.33131233624391,1.0,Tema Community 25 Estate,tabular,ridge_ar_lag_fourier,h168,2026-01-04T23:00:00,2026-01-18T23:00:00,2026-02-15T23:00:00,,,42.0
2026-01-22 06:00:00,31.1,-60.04681037215032,1.0,Tema Community 25 Estate,tabular,ridge_ar_lag_fourier,h168,2026-01-04T23:00:00,2026-01-18T23:00:00,2026-02-15T23:00:00,,,42.0
2026-01-22 07:00:00,26.6,-60.96625599258476,1.0,Tema Community 25 Estate,tabular,ridge_ar_lag_fourier,h168,2026-01-04T23:00:00,2026-01-18T23:00:00,2026-02-15T23:00:00,,,42.0
2026-01-22 08:00:00,20.3,-67.33934626058357,1.0,Tema Community 25 Estate,tabular,ridge_ar_lag_fourier,h168,2026-01-04T23:00:00,2026-01-18T23:00:00,2026-02-15T23:00:00,,,42.0
2026-01-22 09:00:00,19.2,-68.62873875877983,1.0,Tema Community 25 Estate,tabular,ridge_ar_lag_fourier,h168,2026-01-04T23:00:00,2026-01-18T23:00:00,2026-02-15T23:00:00,,,42.0
2026-01-22 10:00:00,25.4,-67.1210912540411,1.0,Tema Community 25 Estate,tabular,ridge_ar_lag_fourier,h168,2026-01-04T23:00:00,2026-01-18T23:00:00,2026-02-15T23:00:00,,,42.0
2026-01-22 11:00:00,31.1,-65.9406263038522,1.0,Tema Community 25 Estate,tabular,ridge_ar_lag_fourier,h168,2026-01-04T23:00:00,2026-01-18T23:00:00,2026-02-15T23:00:00,,,42.0
2026-01-22 12:00:00,38.6,-64.20602437651425,1.0,Tema Community 25 Estate,tabular,ridge_ar_lag_fourier,h168,2026-01-04T23:00:00,2026-01-18T23:00:00,2026-02-15T23:00:00,,,42.0
2026-01-22 13:00:00,45.7,-64.28343819076814,1.0,Tema Community 25 Estate,tabular,ridge_ar_lag_fourier,h168,2026-01-04T23:00:00,2026-01-18T23:00:00,2026-02-15T23:00:00,,,42.0
2026-01-22 14:00:00,41.8,-65.76617690314504,1.0,Tema Community 25 Estate,tabular,ridge_ar_lag_fourier,h168,2026-01-04T23:00:00,2026-01-18T23:00:00,2026-02-15T23:00:00,,,42.0
2026-01-22 15:00:00,35.7,-66.58389564211328,1.0,Tema Community 25 Estate,tabular,ridge_ar_lag_fourier,h168,2026-01-04T23:00:00,2026-01-18T23:00:00,2026-02-15T23:00:00,,,42.0
2026-01-22 16:00:00,29.8,-68.05080535368533,1.0,Tema Community 25 Estate,tabular,ridge_ar_lag_fourier,h168,2026-01-04T23:00:00,2026-01-18T23:00:00,2026-02-15T23:00:00,,,42.0
2026-01-22 17:00:00,41.0,-68.37096823582756,1.0,Tema Community 25 Estate,tabular,ridge_ar_lag_fourier,h168,2026-01-04T23:00:00,2026-01-18T23:00:00,2026-02-15T23:00:00,,,42.0
2026-01-22 18:00:00,47.5,-65.34966876185236,1.0,Tema Community 25 Estate,tabular,ridge_ar_lag_fourier,h168,2026-01-04T23:00:00,2026-01-18T23:00:00,2026-02-15T23:00:00,,,42.0
2026-01-22 19:00:00,27.6,-66.41487553926534,1.0,Tema Community 25 Estate,tabular,ridge_ar_lag_fourier,h168,2026-01-04T23:00:00,2026-01-18T23:00:00,2026-02-15T23:00:00,,,42.0
2026-01-22 20:00:00,17.6,-66.21965461978434,1.0,Tema Community 25 Estate,tabular,ridge_ar_lag_fourier,h168,2026-01-04T23:00:00,2026-01-18T23:00:00,2026-02-15T23:00:00,,,42.0
2026-01-22 21:00:00,19.7,-65.44298729047948,1.0,Tema Community 25 Estate,tabular,ridge_ar_lag_fourier,h168,2026-01-04T23:00:00,2026-01-18T23:00:00,2026-02-15T23:00:00,,,42.0
2026-01-22 22:00:00,21.8,-63.868495871004725,1.0,Tema Community 25 Estate,tabular,ridge_ar_lag_fourier,h168,2026-01-04T23:00:00,2026-01-18T23:00:00,2026-02-15T23:00:00,,,42.0
2026-01-22 23:00:00,26.6,-61.27088659509941,1.0,Tema Community 25 Estate,tabular,ridge_ar_lag_fourier,h168,2026-01-04T23:00:00,2026-01-18T23:00:00,2026-02-15T23:00:00,,,42.0
2026-01-23 00:00:00,28.2,-57.70981531539091,1.0,Tema Community 25 Estate,tabular,ridge_ar_lag_fourier,h168,2026-01-04T23:00:00,2026-01-18T23:00:00,2026-02-15T23:00:00,,,42.0
2026-01-23 01:00:00,26.5,-61.050292775807534,1.0,Tema Community 25 Estate,tabular,ridge_ar_lag_fourier,h168,2026-01-04T23:00:00,2026-01-18T23:00:00,2026-02-15T23:00:00,,,42.0
2026-01-23 02:00:00,22.9,-62.689636962179705,1.0,Tema Community 25 Estate,tabular,ridge_ar_lag_fourier,h168,2026-01-04T23:00:00,2026-01-18T23:00:00,2026-02-15T23:00:00,,,42.0
2026-01-23 03:00:00,30.6,-62.51090480678637,1.0,Tema Community 25 Estate,tabular,ridge_ar_lag_fourier,h168,2026-01-04T23:00:00,2026-01-18T23:00:00,2026-02-15T23:00:00,,,42.0
2026-01-23 04:00:00,37.0,-63.64458767967186,1.0,Tema Community 25 Estate,tabular,ridge_ar_lag_fourier,h168,2026-01-04T23:00:00,2026-01-18T23:00:00,2026-02-15T23:00:00,,,42.0
2026-01-23 05:00:00,39.6,-61.376383816034135,1.0,Tema Community 25 Estate,tabular,ridge_ar_lag_fourier,h168,2026-01-04T23:00:00,2026-01-18T23:00:00,2026-02-15T23:00:00,,,42.0
2026-01-23 06:00:00,54.0,-57.830228340118325,1.0,Tema Community 25 Estate,tabular,ridge_ar_lag_fourier,h168,2026-01-04T23:00:00,2026-01-18T23:00:00,2026-02-15T23:00:00,,,42.0
2026-01-23 07:00:00,45.7,-59.748961240478906,1.0,Tema Community 25 Estate,tabular,ridge_ar_lag_fourier,h168,2026-01-04T23:00:00,2026-01-18T23:00:00,2026-02-15T23:00:00,,,42.0
2026-01-23 08:00:00,24.4,-65.1682700204781,1.0,Tema Community 25 Estate,tabular,ridge_ar_lag_fourier,h168,2026-01-04T23:00:00,2026-01-18T23:00:00,2026-02-15T23:00:00,,,42.0
2026-01-23 09:00:00,23.2,-68.59196251750409,1.0,Tema Community 25 Estate,tabular,ridge_ar_lag_fourier,h168,2026-01-04T23:00:00,2026-01-18T23:00:00,2026-02-15T23:00:00,,,42.0
2026-01-23 10:00:00,26.5,-67.35114412013131,1.0,Tema Community 25 Estate,tabular,ridge_ar_lag_fourier,h168,2026-01-04T23:00:00,2026-01-18T23:00:00,2026-02-15T23:00:00,,,42.0
2026-01-23 11:00:00,31.9,-66.70508149368848,1.0,Tema Community 25 Estate,tabular,ridge_ar_lag_fourier,h168,2026-01-04T23:00:00,2026-01-18T23:00:00,2026-02-15T23:00:00,,,42.0
2026-01-23 12:00:00,33.6,-66.60152081302155,1.0,Tema Community 25 Estate,tabular,ridge_ar_lag_fourier,h168,2026-01-04T23:00:00,2026-01-18T23:00:00,2026-02-15T23:00:00,,,42.0
2026-01-23 13:00:00,26.2,-67.55852375801946,1.0,Tema Community 25 Estate,tabular,ridge_ar_lag_fourier,h168,2026-01-04T23:00:00,2026-01-18T23:00:00,2026-02-15T23:00:00,,,42.0
2026-01-23 14:00:00,27.7,-68.7404629467574,1.0,Tema Community 25 Estate,tabular,ridge_ar_lag_fourier,h168,2026-01-04T23:00:00,2026-01-18T23:00:00,2026-02-15T23:00:00,,,42.0
2026-01-23 15:00:00,28.0,-70.33447011290653,1.0,Tema Community 25 Estate,tabular,ridge_ar_lag_fourier,h168,2026-01-04T23:00:00,2026-01-18T23:00:00,2026-02-15T23:00:00,,,42.0
2026-01-23 16:00:00,29.6,-71.30895670709388,1.0,Tema Community 25 Estate,tabular,ridge_ar_lag_fourier,h168,2026-01-04T23:00:00,2026-01-18T23:00:00,2026-02-15T23:00:00,,,42.0
2026-01-23 17:00:00,35.4,-70.91498323786854,1.0,Tema Community 25 Estate,tabular,ridge_ar_lag_fourier,h168,2026-01-04T23:00:00,2026-01-18T23:00:00,2026-02-15T23:00:00,,,42.0
2026-01-23 18:00:00,30.6,-68.48390612707506,1.0,Tema Community 25 Estate,tabular,ridge_ar_lag_fourier,h168,2026-01-04T23:00:00,2026-01-18T23:00:00,2026-02-15T23:00:00,,,42.0
2026-01-23 19:00:00,22.3,-68.27124029683823,1.0,Tema Community 25 Estate,tabular,ridge_ar_lag_fourier,h168,2026-01-04T23:00:00,2026-01-18T23:00:00,2026-02-15T23:00:00,,,42.0
2026-01-23 20:00:00,17.2,-68.84932425798736,1.0,Tema Community 25 Estate,tabular,ridge_ar_lag_fourier,h168,2026-01-04T23:00:00,2026-01-18T23:00:00,2026-02-15T23:00:00,,,42.0
2026-01-23 21:00:00,17.9,-67.90215665897234,1.0,Tema Community 25 Estate,tabular,ridge_ar_lag_fourier,h168,2026-01-04T23:00:00,2026-01-18T23:00:00,2026-02-15T23:00:00,,,42.0
2026-01-23 22:00:00,31.3,-68.01760014441024,1.0,Tema Community 25 Estate,tabular,ridge_ar_lag_fourier,h168,2026-01-04T23:00:00,2026-01-18T23:00:00,2026-02-15T23:00:00,,,42.0
2026-01-23 23:00:00,32.4,-65.93209826357607,1.0,Tema Community 25 Estate,tabular,ridge_ar_lag_fourier,h168,2026-01-04T23:00:00,2026-01-18T23:00:00,2026-02-15T23:00:00,,,42.0
2026-01-24 00:00:00,37.4,-62.40083643862627,1.0,Tema Community 25 Estate,tabular,ridge_ar_lag_fourier,h168,2026-01-04T23:00:00,2026-01-18T23:00:00,2026-02-15T23:00:00,,,42.0
2026-01-24 01:00:00,33.2,-63.546570563861096,1.0,Tema Community 25 Estate,tabular,ridge_ar_lag_fourier,h168,2026-01-04T23:00:00,2026-01-18T23:00:00,2026-02-15T23:00:00,,,42.0
2026-01-24 02:00:00,30.3,-64.73373333432446,1.0,Tema Community 25 Estate,tabular,ridge_ar_lag_fourier,h168,2026-01-04T23:00:00,2026-01-18T23:00:00,2026-02-15T23:00:00,,,42.0
2026-01-24 03:00:00,30.5,-65.57527546052599,1.0,Tema Community 25 Estate,tabular,ridge_ar_lag_fourier,h168,2026-01-04T23:00:00,2026-01-18T23:00:00,2026-02-15T23:00:00,,,42.0
2026-01-24 04:00:00,32.2,-65.27443919144129,1.0,Tema Community 25 Estate,tabular,ridge_ar_lag_fourier,h168,2026-01-04T23:00:00,2026-01-18T23:00:00,2026-02-15T23:00:00,,,42.0
2026-01-24 05:00:00,32.3,-61.709737573564894,1.0,Tema Community 25 Estate,tabular,ridge_ar_lag_fourier,h168,2026-01-04T23:00:00,2026-01-18T23:00:00,2026-02-15T23:00:00,,,42.0
2026-01-24 06:00:00,41.6,-56.50062160899313,1.0,Tema Community 25 Estate,tabular,ridge_ar_lag_fourier,h168,2026-01-04T23:00:00,2026-01-18T23:00:00,2026-02-15T23:00:00,,,42.0
2026-01-24 07:00:00,44.1,-58.23179771849193,1.0,Tema Community 25 Estate,tabular,ridge_ar_lag_fourier,h168,2026-01-04T23:00:00,2026-01-18T23:00:00,2026-02-15T23:00:00,,,42.0
2026-01-24 08:00:00,26.1,-67.16860447291762,1.0,Tema Community 25 Estate,tabular,ridge_ar_lag_fourier,h168,2026-01-04T23:00:00,2026-01-18T23:00:00,2026-02-15T23:00:00,,,42.0
2026-01-24 09:00:00,22.8,-70.04635690719242,1.0,Tema Community 25 Estate,tabular,ridge_ar_lag_fourier,h168,2026-01-04T23:00:00,2026-01-18T23:00:00,2026-02-15T23:00:00,,,42.0
2026-01-24 10:00:00,25.1,-68.4855130623673,1.0,Tema Community 25 Estate,tabular,ridge_ar_lag_fourier,h168,2026-01-04T23:00:00,2026-01-18T23:00:00,2026-02-15T23:00:00,,,42.0
2026-01-24 11:00:00,29.3,-67.38806921050518,1.0,Tema Community 25 Estate,tabular,ridge_ar_lag_fourier,h168,2026-01-04T23:00:00,2026-01-18T23:00:00,2026-02-15T23:00:00,,,42.0
2026-01-24 12:00:00,32.5,-67.29813191458904,1.0,Tema Community 25 Estate,tabular,ridge_ar_lag_fourier,h168,2026-01-04T23:00:00,2026-01-18T23:00:00,2026-02-15T23:00:00,,,42.0
2026-01-24 13:00:00,29.3,-67.35566304475152,1.0,Tema Community 25 Estate,tabular,ridge_ar_lag_fourier,h168,2026-01-04T23:00:00,2026-01-18T23:00:00,2026-02-15T23:00:00,,,42.0
2026-01-24 14:00:00,30.0,-69.62596124779981,1.0,Tema Community 25 Estate,tabular,ridge_ar_lag_fourier,h168,2026-01-04T23:00:00,2026-01-18T23:00:00,2026-02-15T23:00:00,,,42.0
2026-01-24 15:00:00,30.2,-70.16739040212151,1.0,Tema Community 25 Estate,tabular,ridge_ar_lag_fourier,h168,2026-01-04T23:00:00,2026-01-18T23:00:00,2026-02-15T23:00:00,,,42.0
2026-01-24 16:00:00,22.6,-72.24500075113464,1.0,Tema Community 25 Estate,tabular,ridge_ar_lag_fourier,h168,2026-01-04T23:00:00,2026-01-18T23:00:00,2026-02-15T23:00:00,,,42.0
2026-01-24 17:00:00,26.1,-72.05420336970379,1.0,Tema Community 25 Estate,tabular,ridge_ar_lag_fourier,h168,2026-01-04T23:00:00,2026-01-18T23:00:00,2026-02-15T23:00:00,,,42.0
2026-01-24 18:00:00,33.5,-68.98578102057128,1.0,Tema Community 25 Estate,tabular,ridge_ar_lag_fourier,h168,2026-01-04T23:00:00,2026-01-18T23:00:00,2026-02-15T23:00:00,,,42.0
2026-01-24 19:00:00,30.4,-67.05076906606698,1.0,Tema Community 25 Estate,tabular,ridge_ar_lag_fourier,h168,2026-01-04T23:00:00,2026-01-18T23:00:00,2026-02-15T23:00:00,,,42.0
2026-01-24 20:00:00,21.5,-69.30301356655943,1.0,Tema Community 25 Estate,tabular,ridge_ar_lag_fourier,h168,2026-01-04T23:00:00,2026-01-18T23:00:00,2026-02-15T23:00:00,,,42.0
2026-01-24 21:00:00,35.7,-69.33180126610516,1.0,Tema Community 25 Estate,tabular,ridge_ar_lag_fourier,h168,2026-01-04T23:00:00,2026-01-18T23:00:00,2026-02-15T23:00:00,,,42.0
2026-01-24 22:00:00,22.8,-67.6914801918055,1.0,Tema Community 25 Estate,tabular,ridge_ar_lag_fourier,h168,2026-01-04T23:00:00,2026-01-18T23:00:00,2026-02-15T23:00:00,,,42.0
2026-01-24 23:00:00,25.9,-66.35367893357572,1.0,Tema Community 25 Estate,tabular,ridge_ar_lag_fourier,h168,2026-01-04T23:00:00,2026-01-18T23:00:00,2026-02-15T23:00:00,,,42.0
2026-01-25 00:00:00,32.0,-60.22605279888988,1.0,Tema Community 25 Estate,tabular,ridge_ar_lag_fourier,h168,2026-01-04T23:00:00,2026-01-18T23:00:00,2026-02-15T23:00:00,,,42.0
2026-01-25 01:00:00,21.3,-61.681380889614076,1.0,Tema Community 25 Estate,tabular,ridge_ar_lag_fourier,h168,2026-01-04T23:00:00,2026-01-18T23:00:00,2026-02-15T23:00:00,,,42.0
2026-01-25 02:00:00,24.3,-63.43408849843546,1.0,Tema Community 25 Estate,tabular,ridge_ar_lag_fourier,h168,2026-01-04T23:00:00,2026-01-18T23:00:00,2026-02-15T23:00:00,,,42.0
2026-01-25 03:00:00,22.9,-65.38889114834153,1.0,Tema Community 25 Estate,tabular,ridge_ar_lag_fourier,h168,2026-01-04T23:00:00,2026-01-18T23:00:00,2026-02-15T23:00:00,,,42.0
2026-01-25 04:00:00,36.2,-65.14059598101719,1.0,Tema Community 25 Estate,tabular,ridge_ar_lag_fourier,h168,2026-01-04T23:00:00,2026-01-18T23:00:00,2026-02-15T23:00:00,,,42.0
2026-01-25 05:00:00,25.8,-64.05792472215118,1.0,Tema Community 25 Estate,tabular,ridge_ar_lag_fourier,h168,2026-01-04T23:00:00,2026-01-18T23:00:00,2026-02-15T23:00:00,,,42.0
2026-01-25 06:00:00,36.2,-60.68833794206181,1.0,Tema Community 25 Estate,tabular,ridge_ar_lag_fourier,h168,2026-01-04T23:00:00,2026-01-18T23:00:00,2026-02-15T23:00:00,,,42.0
2026-01-25 07:00:00,56.3,-61.639591759851356,1.0,Tema Community 25 Estate,tabular,ridge_ar_lag_fourier,h168,2026-01-04T23:00:00,2026-01-18T23:00:00,2026-02-15T23:00:00,,,42.0
2026-01-25 08:00:00,50.5,-67.63126493448048,1.0,Tema Community 25 Estate,tabular,ridge_ar_lag_fourier,h168,2026-01-04T23:00:00,2026-01-18T23:00:00,2026-02-15T23:00:00,,,42.0
2026-01-25 09:00:00,28.1,-70.90715409969923,1.0,Tema Community 25 Estate,tabular,ridge_ar_lag_fourier,h168,2026-01-04T23:00:00,2026-01-18T23:00:00,2026-02-15T23:00:00,,,42.0
2026-01-25 10:00:00,35.0,-69.35224586248667,1.0,Tema Community 25 Estate,tabular,ridge_ar_lag_fourier,h168,2026-01-04T23:00:00,2026-01-18T23:00:00,2026-02-15T23:00:00,,,42.0
2026-01-25 11:00:00,41.5,-68.57563287090456,1.0,Tema Community 25 Estate,tabular,ridge_ar_lag_fourier,h168,2026-01-04T23:00:00,2026-01-18T23:00:00,2026-02-15T23:00:00,,,42.0
2026-01-25 12:00:00,43.5,-67.61377684591113,1.0,Tema Community 25 Estate,tabular,ridge_ar_lag_fourier,h168,2026-01-04T23:00:00,2026-01-18T23:00:00,2026-02-15T23:00:00,,,42.0
2026-01-25 13:00:00,43.2,-68.23773209912767,1.0,Tema Community 25 Estate,tabular,ridge_ar_lag_fourier,h168,2026-01-04T23:00:00,2026-01-18T23:00:00,2026-02-15T23:00:00,,,42.0
2026-01-25 14:00:00,44.5,-70.4829307539472,1.0,Tema Community 25 Estate,tabular,ridge_ar_lag_fourier,h168,2026-01-04T23:00:00,2026-01-18T23:00:00,2026-02-15T23:00:00,,,42.0
2026-01-25 15:00:00,42.0,-72.04467973053151,1.0,Tema Community 25 Estate,tabular,ridge_ar_lag_fourier,h168,2026-01-04T23:00:00,2026-01-18T23:00:00,2026-02-15T23:00:00,,,42.0
2026-01-25 16:00:00,30.6,-73.47177068461384,1.0,Tema Community 25 Estate,tabular,ridge_ar_lag_fourier,h168,2026-01-04T23:00:00,2026-01-18T23:00:00,2026-02-15T23:00:00,,,42.0
2026-01-25 17:00:00,26.9,-73.61044862500214,1.0,Tema Community 25 Estate,tabular,ridge_ar_lag_fourier,h168,2026-01-04T23:00:00,2026-01-18T23:00:00,2026-02-15T23:00:00,,,42.0
2026-01-25 18:00:00,27.5,-71.31006595206811,1.0,Tema Community 25 Estate,tabular,ridge_ar_lag_fourier,h168,2026-01-04T23:00:00,2026-01-18T23:00:00,2026-02-15T23:00:00,,,42.0
2026-01-25 19:00:00,38.7,-70.74108096543225,1.0,Tema Community 25 Estate,tabular,ridge_ar_lag_fourier,h168,2026-01-04T23:00:00,2026-01-18T23:00:00,2026-02-15T23:00:00,,,42.0
2026-01-25 20:00:00,38.4,-71.76859475759048,1.0,Tema Community 25 Estate,tabular,ridge_ar_lag_fourier,h168,2026-01-04T23:00:00,2026-01-18T23:00:00,2026-02-15T23:00:00,,,42.0
2026-01-25 21:00:00,41.7,-71.57484165569132,1.0,Tema Community 25 Estate,tabular,ridge_ar_lag_fourier,h168,2026-01-04T23:00:00,2026-01-18T23:00:00,2026-02-15T23:00:00,,,42.0
2026-01-25 22:00:00,36.9,-70.2043342689462,1.0,Tema Community 25 Estate,tabular,ridge_ar_lag_fourier,h168,2026-01-04T23:00:00,2026-01-18T23:00:00,2026-02-15T23:00:00,,,42.0
2026-01-25 23:00:00,40.3,-67.8871715092556,1.0,Tema Community 25 Estate,tabular,ridge_ar_lag_fourier,h168,2026-01-04T23:00:00,2026-01-18T23:00:00,2026-02-15T23:00:00,,,42.0
2026-01-26 00:00:00,42.0,-59.55747824684218,1.0,Tema Community 25 Estate,tabular,ridge_ar_lag_fourier,h168,2026-01-04T23:00:00,2026-01-18T23:00:00,2026-02-15T23:00:00,,,42.0
2026-01-26 01:00:00,36.2,-59.21136913526449,1.0,Tema Community 25 Estate,tabular,ridge_ar_lag_fourier,h168,2026-01-04T23:00:00,2026-01-18T23:00:00,2026-02-15T23:00:00,,,42.0
2026-01-26 02:00:00,40.1,-60.52279605751218,1.0,Tema Community 25 Estate,tabular,ridge_ar_lag_fourier,h168,2026-01-04T23:00:00,2026-01-18T23:00:00,2026-02-15T23:00:00,,,42.0
2026-01-26 03:00:00,30.7,-65.2699511631234,1.0,Tema Community 25 Estate,tabular,ridge_ar_lag_fourier,h168,2026-01-04T23:00:00,2026-01-18T23:00:00,2026-02-15T23:00:00,,,42.0
2026-01-26 04:00:00,27.3,-64.73989393169997,1.0,Tema Community 25 Estate,tabular,ridge_ar_lag_fourier,h168,2026-01-04T23:00:00,2026-01-18T23:00:00,2026-02-15T23:00:00,,,42.0
2026-01-26 05:00:00,32.1,-60.24430671442484,1.0,Tema Community 25 Estate,tabular,ridge_ar_lag_fourier,h168,2026-01-04T23:00:00,2026-01-18T23:00:00,2026-02-15T23:00:00,,,42.0
2026-01-26 06:00:00,42.7,-58.104574947644736,1.0,Tema Community 25 Estate,tabular,ridge_ar_lag_fourier,h168,2026-01-04T23:00:00,2026-01-18T23:00:00,2026-02-15T23:00:00,,,42.0
2026-01-26 07:00:00,45.1,-59.21884817706625,1.0,Tema Community 25 Estate,tabular,ridge_ar_lag_fourier,h168,2026-01-04T23:00:00,2026-01-18T23:00:00,2026-02-15T23:00:00,,,42.0
2026-01-26 08:00:00,32.7,-65.43454086968698,1.0,Tema Community 25 Estate,tabular,ridge_ar_lag_fourier,h168,2026-01-04T23:00:00,2026-01-18T23:00:00,2026-02-15T23:00:00,,,42.0
2026-01-26 09:00:00,27.5,-65.41779020600315,1.0,Tema Community 25 Estate,tabular,ridge_ar_lag_fourier,h168,2026-01-04T23:00:00,2026-01-18T23:00:00,2026-02-15T23:00:00,,,42.0
2026-01-26 10:00:00,33.0,-64.72684192383116,1.0,Tema Community 25 Estate,tabular,ridge_ar_lag_fourier,h168,2026-01-04T23:00:00,2026-01-18T23:00:00,2026-02-15T23:00:00,,,42.0
2026-01-26 11:00:00,40.4,-62.759810806805476,1.0,Tema Community 25 Estate,tabular,ridge_ar_lag_fourier,h168,2026-01-04T23:00:00,2026-01-18T23:00:00,2026-02-15T23:00:00,,,42.0
2026-01-26 12:00:00,48.6,-63.87877850673921,1.0,Tema Community 25 Estate,tabular,ridge_ar_lag_fourier,h168,2026-01-04T23:00:00,2026-01-18T23:00:00,2026-02-15T23:00:00,,,42.0
2026-01-26 13:00:00,43.5,-66.42121426326386,1.0,Tema Community 25 Estate,tabular,ridge_ar_lag_fourier,h168,2026-01-04T23:00:00,2026-01-18T23:00:00,2026-02-15T23:00:00,,,42.0
2026-01-26 14:00:00,39.3,-68.66543097782463,1.0,Tema Community 25 Estate,tabular,ridge_ar_lag_fourier,h168,2026-01-04T23:00:00,2026-01-18T23:00:00,2026-02-15T23:00:00,,,42.0
2026-01-26 15:00:00,35.6,-68.23232948974803,1.0,Tema Community 25 Estate,tabular,ridge_ar_lag_fourier,h168,2026-01-04T23:00:00,2026-01-18T23:00:00,2026-02-15T23:00:00,,,42.0
2026-01-26 16:00:00,33.0,-67.91738959693315,1.0,Tema Community 25 Estate,tabular,ridge_ar_lag_fourier,h168,2026-01-04T23:00:00,2026-01-18T23:00:00,2026-02-15T23:00:00,,,42.0
2026-01-26 17:00:00,33.5,-68.35865211803186,1.0,Tema Community 25 Estate,tabular,ridge_ar_lag_fourier,h168,2026-01-04T23:00:00,2026-01-18T23:00:00,2026-02-15T23:00:00,,,42.0
2026-01-26 18:00:00,32.4,-65.92597444960647,1.0,Tema Community 25 Estate,tabular,ridge_ar_lag_fourier,h168,2026-01-04T23:00:00,2026-01-18T23:00:00,2026-02-15T23:00:00,,,42.0
2026-01-26 19:00:00,33.2,-65.47828432685642,1.0,Tema Community 25 Estate,tabular,ridge_ar_lag_fourier,h168,2026-01-04T23:00:00,2026-01-18T23:00:00,2026-02-15T23:00:00,,,42.0
2026-01-26 20:00:00,34.2,-66.50975517434885,1.0,Tema Community 25 Estate,tabular,ridge_ar_lag_fourier,h168,2026-01-04T23:00:00,2026-01-18T23:00:00,2026-02-15T23:00:00,,,42.0
2026-01-26 21:00:00,29.0,-64.65487398701183,1.0,Tema Community 25 Estate,tabular,ridge_ar_lag_fourier,h168,2026-01-04T23:00:00,2026-01-18T23:00:00,2026-02-15T23:00:00,,,42.0
2026-01-26 22:00:00,32.3,-63.22953052624605,1.0,Tema Community 25 Estate,tabular,ridge_ar_lag_fourier,h168,2026-01-04T23:00:00,2026-01-18T23:00:00,2026-02-15T23:00:00,,,42.0
2026-01-26 23:00:00,32.4,-62.530410939973095,1.0,Tema Community 25 Estate,tabular,ridge_ar_lag_fourier,h168,2026-01-04T23:00:00,2026-01-18T23:00:00,2026-02-15T23:00:00,,,42.0
2026-01-27 00:00:00,29.1,-60.44174734703405,1.0,Tema Community 25 Estate,tabular,ridge_ar_lag_fourier,h168,2026-01-04T23:00:00,2026-01-18T23:00:00,2026-02-15T23:00:00,,,42.0
2026-01-27 01:00:00,32.2,-62.153086645618245,1.0,Tema Community 25 Estate,tabular,ridge_ar_lag_fourier,h168,2026-01-04T23:00:00,2026-01-18T23:00:00,2026-02-15T23:00:00,,,42.0
2026-01-27 02:00:00,29.3,-64.50418754643552,1.0,Tema Community 25 Estate,tabular,ridge_ar_lag_fourier,h168,2026-01-04T23:00:00,2026-01-18T23:00:00,2026-02-15T23:00:00,,,42.0
2026-01-27 03:00:00,26.4,-66.7322640753631,1.0,Tema Community 25 Estate,tabular,ridge_ar_lag_fourier,h168,2026-01-04T23:00:00,2026-01-18T23:00:00,2026-02-15T23:00:00,,,42.0
2026-01-27 04:00:00,44.9,-66.00533742594078,1.0,Tema Community 25 Estate,tabular,ridge_ar_lag_fourier,h168,2026-01-04T23:00:00,2026-01-18T23:00:00,2026-02-15T23:00:00,,,42.0
2026-01-27 05:00:00,36.4,-63.7244362806332,1.0,Tema Community 25 Estate,tabular,ridge_ar_lag_fourier,h168,2026-01-04T23:00:00,2026-01-18T23:00:00,2026-02-15T23:00:00,,,42.0
2026-01-27 06:00:00,44.6,-58.19047304846244,1.0,Tema Community 25 Estate,tabular,ridge_ar_lag_fourier,h168,2026-01-04T23:00:00,2026-01-18T23:00:00,2026-02-15T23:00:00,,,42.0
2026-01-27 07:00:00,43.3,-58.826461121056255,1.0,Tema Community 25 Estate,tabular,ridge_ar_lag_fourier,h168,2026-01-04T23:00:00,2026-01-18T23:00:00,2026-02-15T23:00:00,,,42.0
2026-01-27 08:00:00,35.5,-65.67993016088533,1.0,Tema Community 25 Estate,tabular,ridge_ar_lag_fourier,h168,2026-01-04T23:00:00,2026-01-18T23:00:00,2026-02-15T23:00:00,,,42.0
2026-01-27 09:00:00,34.2,-67.5360290984592,1.0,Tema Community 25 Estate,tabular,ridge_ar_lag_fourier,h168,2026-01-04T23:00:00,2026-01-18T23:00:00,2026-02-15T23:00:00,,,42.0
2026-01-27 10:00:00,35.6,-65.23653291396991,1.0,Tema Community 25 Estate,tabular,ridge_ar_lag_fourier,h168,2026-01-04T23:00:00,2026-01-18T23:00:00,2026-02-15T23:00:00,,,42.0
2026-01-27 11:00:00,38.0,-64.78622546666612,1.0,Tema Community 25 Estate,tabular,ridge_ar_lag_fourier,h168,2026-01-04T23:00:00,2026-01-18T23:00:00,2026-02-15T23:00:00,,,42.0
2026-01-27 12:00:00,52.9,-65.96536967943402,1.0,Tema Community 25 Estate,tabular,ridge_ar_lag_fourier,h168,2026-01-04T23:00:00,2026-01-18T23:00:00,2026-02-15T23:00:00,,,42.0
2026-01-27 13:00:00,51.2,-67.12404308088546,1.0,Tema Community 25 Estate,tabular,ridge_ar_lag_fourier,h168,2026-01-04T23:00:00,2026-01-18T23:00:00,2026-02-15T23:00:00,,,42.0
2026-01-27 14:00:00,42.7,-69.08522373676102,1.0,Tema Community 25 Estate,tabular,ridge_ar_lag_fourier,h168,2026-01-04T23:00:00,2026-01-18T23:00:00,2026-02-15T23:00:00,,,42.0
2026-01-27 15:00:00,41.7,-69.51393651216871,1.0,Tema Community 25 Estate,tabular,ridge_ar_lag_fourier,h168,2026-01-04T23:00:00,2026-01-18T23:00:00,2026-02-15T23:00:00,,,42.0
2026-01-27 16:00:00,35.5,-69.71540395258485,1.0,Tema Community 25 Estate,tabular,ridge_ar_lag_fourier,h168,2026-01-04T23:00:00,2026-01-18T23:00:00,2026-02-15T23:00:00,,,42.0
2026-01-27 17:00:00,31.6,-67.44318831837354,1.0,Tema Community 25 Estate,tabular,ridge_ar_lag_fourier,h168,2026-01-04T23:00:00,2026-01-18T23:00:00,2026-02-15T23:00:00,,,42.0
2026-01-27 18:00:00,38.1,-65.54561677094149,1.0,Tema Community 25 Estate,tabular,ridge_ar_lag_fourier,h168,2026-01-04T23:00:00,2026-01-18T23:00:00,2026-02-15T23:00:00,,,42.0
2026-01-27 19:00:00,51.1,-65.30814689677293,1.0,Tema Community 25 Estate,tabular,ridge_ar_lag_fourier,h168,2026-01-04T23:00:00,2026-01-18T23:00:00,2026-02-15T23:00:00,,,42.0
2026-01-27 20:00:00,40.4,-65.96798569264674,1.0,Tema Community 25 Estate,tabular,ridge_ar_lag_fourier,h168,2026-01-04T23:00:00,2026-01-18T23:00:00,2026-02-15T23:00:00,,,42.0
2026-01-27 21:00:00,37.2,-65.98755481652653,1.0,Tema Community 25 Estate,tabular,ridge_ar_lag_fourier,h168,2026-01-04T23:00:00,2026-01-18T23:00:00,2026-02-15T23:00:00,,,42.0
2026-01-27 22:00:00,35.1,-67.43821709676288,1.0,Tema Community 25 Estate,tabular,ridge_ar_lag_fourier,h168,2026-01-04T23:00:00,2026-01-18T23:00:00,2026-02-15T23:00:00,,,42.0
2026-01-27 23:00:00,37.7,-68.96422671830088,1.0,Tema Community 25 Estate,tabular,ridge_ar_lag_fourier,h168,2026-01-04T23:00:00,2026-01-18T23:00:00,2026-02-15T23:00:00,,,42.0
2026-01-28 00:00:00,32.9,-66.26668571361293,1.0,Tema Community 25 Estate,tabular,ridge_ar_lag_fourier,h168,2026-01-04T23:00:00,2026-01-18T23:00:00,2026-02-15T23:00:00,,,42.0
2026-01-28 01:00:00,32.2,-66.65829742012568,1.0,Tema Community 25 Estate,tabular,ridge_ar_lag_fourier,h168,2026-01-04T23:00:00,2026-01-18T23:00:00,2026-02-15T23:00:00,,,42.0
2026-01-28 02:00:00,32.2,-68.06907619660133,1.0,Tema Community 25 Estate,tabular,ridge_ar_lag_fourier,h168,2026-01-04T23:00:00,2026-01-18T23:00:00,2026-02-15T23:00:00,,,42.0
2026-01-28 03:00:00,30.3,-70.20942163565375,1.0,Tema Community 25 Estate,tabular,ridge_ar_lag_fourier,h168,2026-01-04T23:00:00,2026-01-18T23:00:00,2026-02-15T23:00:00,,,42.0
2026-01-28 04:00:00,32.0,-68.76386264262716,1.0,Tema Community 25 Estate,tabular,ridge_ar_lag_fourier,h168,2026-01-04T23:00:00,2026-01-18T23:00:00,2026-02-15T23:00:00,,,42.0
2026-01-28 05:00:00,39.6,-65.9819812863428,1.0,Tema Community 25 Estate,tabular,ridge_ar_lag_fourier,h168,2026-01-04T23:00:00,2026-01-18T23:00:00,2026-02-15T23:00:00,,,42.0
2026-01-28 06:00:00,45.2,-62.086971676923014,1.0,Tema Community 25 Estate,tabular,ridge_ar_lag_fourier,h168,2026-01-04T23:00:00,2026-01-18T23:00:00,2026-02-15T23:00:00,,,42.0
2026-01-28 07:00:00,47.8,-60.63702525296878,1.0,Tema Community 25 Estate,tabular,ridge_ar_lag_fourier,h168,2026-01-04T23:00:00,2026-01-18T23:00:00,2026-02-15T23:00:00,,,42.0
2026-01-28 08:00:00,44.9,-65.43982815506969,1.0,Tema Community 25 Estate,tabular,ridge_ar_lag_fourier,h168,2026-01-04T23:00:00,2026-01-18T23:00:00,2026-02-15T23:00:00,,,42.0
2026-01-28 09:00:00,41.1,-68.14017429500042,1.0,Tema Community 25 Estate,tabular,ridge_ar_lag_fourier,h168,2026-01-04T23:00:00,2026-01-18T23:00:00,2026-02-15T23:00:00,,,42.0
2026-01-28 10:00:00,39.9,-68.80722755224392,1.0,Tema Community 25 Estate,tabular,ridge_ar_lag_fourier,h168,2026-01-04T23:00:00,2026-01-18T23:00:00,2026-02-15T23:00:00,,,42.0
2026-01-28 11:00:00,44.3,-67.68849582511916,1.0,Tema Community 25 Estate,tabular,ridge_ar_lag_fourier,h168,2026-01-04T23:00:00,2026-01-18T23:00:00,2026-02-15T23:00:00,,,42.0
2026-01-28 12:00:00,58.3,-67.21958854501831,1.0,Tema Community 25 Estate,tabular,ridge_ar_lag_fourier,h168,2026-01-04T23:00:00,2026-01-18T23:00:00,2026-02-15T23:00:00,,,42.0
2026-01-28 13:00:00,59.0,-67.32065778543436,1.0,Tema Community 25 Estate,tabular,ridge_ar_lag_fourier,h168,2026-01-04T23:00:00,2026-01-18T23:00:00,2026-02-15T23:00:00,,,42.0
2026-01-28 14:00:00,54.8,-68.45355003968577,1.0,Tema Community 25 Estate,tabular,ridge_ar_lag_fourier,h168,2026-01-04T23:00:00,2026-01-18T23:00:00,2026-02-15T23:00:00,,,42.0
2026-01-28 15:00:00,46.7,-69.42163727269961,1.0,Tema Community 25 Estate,tabular,ridge_ar_lag_fourier,h168,2026-01-04T23:00:00,2026-01-18T23:00:00,2026-02-15T23:00:00,,,42.0
2026-01-28 16:00:00,39.3,-69.97417181552886,1.0,Tema Community 25 Estate,tabular,ridge_ar_lag_fourier,h168,2026-01-04T23:00:00,2026-01-18T23:00:00,2026-02-15T23:00:00,,,42.0
2026-01-28 17:00:00,40.8,-68.95128032799967,1.0,Tema Community 25 Estate,tabular,ridge_ar_lag_fourier,h168,2026-01-04T23:00:00,2026-01-18T23:00:00,2026-02-15T23:00:00,,,42.0
2026-01-28 18:00:00,39.1,-66.65337573567432,1.0,Tema Community 25 Estate,tabular,ridge_ar_lag_fourier,h168,2026-01-04T23:00:00,2026-01-18T23:00:00,2026-02-15T23:00:00,,,42.0
2026-01-28 19:00:00,42.9,-65.9531531310228,1.0,Tema Community 25 Estate,tabular,ridge_ar_lag_fourier,h168,2026-01-04T23:00:00,2026-01-18T23:00:00,2026-02-15T23:00:00,,,42.0
2026-01-28 20:00:00,37.3,-67.13553843701858,1.0,Tema Community 25 Estate,tabular,ridge_ar_lag_fourier,h168,2026-01-04T23:00:00,2026-01-18T23:00:00,2026-02-15T23:00:00,,,42.0
2026-01-28 21:00:00,46.4,-70.08398377781707,1.0,Tema Community 25 Estate,tabular,ridge_ar_lag_fourier,h168,2026-01-04T23:00:00,2026-01-18T23:00:00,2026-02-15T23:00:00,,,42.0
2026-01-28 22:00:00,46.6,-72.03627892268887,1.0,Tema Community 25 Estate,tabular,ridge_ar_lag_fourier,h168,2026-01-04T23:00:00,2026-01-18T23:00:00,2026-02-15T23:00:00,,,42.0
2026-01-28 23:00:00,43.3,-72.3253495957491,1.0,Tema Community 25 Estate,tabular,ridge_ar_lag_fourier,h168,2026-01-04T23:00:00,2026-01-18T23:00:00,2026-02-15T23:00:00,,,42.0
2026-01-29 00:00:00,38.4,-67.4143271916255,1.0,Tema Community 25 Estate,tabular,ridge_ar_lag_fourier,h168,2026-01-04T23:00:00,2026-01-18T23:00:00,2026-02-15T23:00:00,,,42.0
2026-01-29 01:00:00,40.6,-67.78975154579908,1.0,Tema Community 25 Estate,tabular,ridge_ar_lag_fourier,h168,2026-01-04T23:00:00,2026-01-18T23:00:00,2026-02-15T23:00:00,,,42.0
2026-01-29 02:00:00,36.5,-69.78929415863897,1.0,Tema Community 25 Estate,tabular,ridge_ar_lag_fourier,h168,2026-01-04T23:00:00,2026-01-18T23:00:00,2026-02-15T23:00:00,,,42.0
2026-01-29 03:00:00,30.4,-70.78837521905545,1.0,Tema Community 25 Estate,tabular,ridge_ar_lag_fourier,h168,2026-01-04T23:00:00,2026-01-18T23:00:00,2026-02-15T23:00:00,,,42.0
2026-01-29 04:00:00,34.9,-70.30961176513598,1.0,Tema Community 25 Estate,tabular,ridge_ar_lag_fourier,h168,2026-01-04T23:00:00,2026-01-18T23:00:00,2026-02-15T23:00:00,,,42.0
2026-01-29 05:00:00,45.6,-66.41748589141065,1.0,Tema Community 25 Estate,tabular,ridge_ar_lag_fourier,h168,2026-01-04T23:00:00,2026-01-18T23:00:00,2026-02-15T23:00:00,,,42.0
2026-01-29 06:00:00,57.5,-62.39003949476432,1.0,Tema Community 25 Estate,tabular,ridge_ar_lag_fourier,h168,2026-01-04T23:00:00,2026-01-18T23:00:00,2026-02-15T23:00:00,,,42.0
2026-01-29 07:00:00,54.1,-61.60710185563211,1.0,Tema Community 25 Estate,tabular,ridge_ar_lag_fourier,h168,2026-01-04T23:00:00,2026-01-18T23:00:00,2026-02-15T23:00:00,,,42.0
2026-01-29 08:00:00,44.1,-67.90842056338563,1.0,Tema Community 25 Estate,tabular,ridge_ar_lag_fourier,h168,2026-01-04T23:00:00,2026-01-18T23:00:00,2026-02-15T23:00:00,,,42.0
2026-01-29 09:00:00,38.9,-71.09975836200017,1.0,Tema Community 25 Estate,tabular,ridge_ar_lag_fourier,h168,2026-01-04T23:00:00,2026-01-18T23:00:00,2026-02-15T23:00:00,,,42.0
2026-01-29 10:00:00,37.0,-70.603837730417,1.0,Tema Community 25 Estate,tabular,ridge_ar_lag_fourier,h168,2026-01-04T23:00:00,2026-01-18T23:00:00,2026-02-15T23:00:00,,,42.0
2026-01-29 11:00:00,36.1,-67.67161051755686,1.0,Tema Community 25 Estate,tabular,ridge_ar_lag_fourier,h168,2026-01-04T23:00:00,2026-01-18T23:00:00,2026-02-15T23:00:00,,,42.0
2026-01-29 12:00:00,37.8,-66.86539092634197,1.0,Tema Community 25 Estate,tabular,ridge_ar_lag_fourier,h168,2026-01-04T23:00:00,2026-01-18T23:00:00,2026-02-15T23:00:00,,,42.0
2026-01-29 13:00:00,48.9,-67.88163782683127,1.0,Tema Community 25 Estate,tabular,ridge_ar_lag_fourier,h168,2026-01-04T23:00:00,2026-01-18T23:00:00,2026-02-15T23:00:00,,,42.0
2026-01-29 14:00:00,41.1,-68.90356418545805,1.0,Tema Community 25 Estate,tabular,ridge_ar_lag_fourier,h168,2026-01-04T23:00:00,2026-01-18T23:00:00,2026-02-15T23:00:00,,,42.0
2026-01-29 15:00:00,34.6,-70.4728095338744,1.0,Tema Community 25 Estate,tabular,ridge_ar_lag_fourier,h168,2026-01-04T23:00:00,2026-01-18T23:00:00,2026-02-15T23:00:00,,,42.0
2026-01-29 16:00:00,34.7,-70.92750305250256,1.0,Tema Community 25 Estate,tabular,ridge_ar_lag_fourier,h168,2026-01-04T23:00:00,2026-01-18T23:00:00,2026-02-15T23:00:00,,,42.0
2026-01-29 17:00:00,38.8,-71.26229636662448,1.0,Tema Community 25 Estate,tabular,ridge_ar_lag_fourier,h168,2026-01-04T23:00:00,2026-01-18T23:00:00,2026-02-15T23:00:00,,,42.0
2026-01-29 18:00:00,39.9,-67.97525419204398,1.0,Tema Community 25 Estate,tabular,ridge_ar_lag_fourier,h168,2026-01-04T23:00:00,2026-01-18T23:00:00,2026-02-15T23:00:00,,,42.0
2026-01-29 19:00:00,38.1,-67.65285499041886,1.0,Tema Community 25 Estate,tabular,ridge_ar_lag_fourier,h168,2026-01-04T23:00:00,2026-01-18T23:00:00,2026-02-15T23:00:00,,,42.0
2026-01-29 20:00:00,33.6,-70.23375284909235,1.0,Tema Community 25 Estate,tabular,ridge_ar_lag_fourier,h168,2026-01-04T23:00:00,2026-01-18T23:00:00,2026-02-15T23:00:00,,,42.0
2026-01-29 21:00:00,31.0,-73.8839563487682,1.0,Tema Community 25 Estate,tabular,ridge_ar_lag_fourier,h168,2026-01-04T23:00:00,2026-01-18T23:00:00,2026-02-15T23:00:00,,,42.0
2026-01-29 22:00:00,29.9,-73.84752340055041,1.0,Tema Community 25 Estate,tabular,ridge_ar_lag_fourier,h168,2026-01-04T23:00:00,2026-01-18T23:00:00,2026-02-15T23:00:00,,,42.0
2026-01-29 23:00:00,29.9,-73.28537972394528,1.0,Tema Community 25 Estate,tabular,ridge_ar_lag_fourier,h168,2026-01-04T23:00:00,2026-01-18T23:00:00,2026-02-15T23:00:00,,,42.0
2026-01-30 00:00:00,29.9,-68.96316181461528,1.0,Tema Community 25 Estate,tabular,ridge_ar_lag_fourier,h168,2026-01-04T23:00:00,2026-01-18T23:00:00,2026-02-15T23:00:00,,,42.0
2026-01-30 01:00:00,28.4,-68.43340235498847,1.0,Tema Community 25 Estate,tabular,ridge_ar_lag_fourier,h168,2026-01-04T23:00:00,2026-01-18T23:00:00,2026-02-15T23:00:00,,,42.0
2026-01-30 02:00:00,27.5,-70.14697066168208,1.0,Tema Community 25 Estate,tabular,ridge_ar_lag_fourier,h168,2026-01-04T23:00:00,2026-01-18T23:00:00,2026-02-15T23:00:00,,,42.0
2026-01-30 03:00:00,28.8,-73.56788889630958,1.0,Tema Community 25 Estate,tabular,ridge_ar_lag_fourier,h168,2026-01-04T23:00:00,2026-01-18T23:00:00,2026-02-15T23:00:00,,,42.0
2026-01-30 04:00:00,30.8,-72.14048356214809,1.0,Tema Community 25 Estate,tabular,ridge_ar_lag_fourier,h168,2026-01-04T23:00:00,2026-01-18T23:00:00,2026-02-15T23:00:00,,,42.0
2026-01-30 05:00:00,36.6,-68.5633338660598,1.0,Tema Community 25 Estate,tabular,ridge_ar_lag_fourier,h168,2026-01-04T23:00:00,2026-01-18T23:00:00,2026-02-15T23:00:00,,,42.0
2026-01-30 06:00:00,43.7,-64.8980649826505,1.0,Tema Community 25 Estate,tabular,ridge_ar_lag_fourier,h168,2026-01-04T23:00:00,2026-01-18T23:00:00,2026-02-15T23:00:00,,,42.0
2026-01-30 07:00:00,40.1,-61.961096932993954,1.0,Tema Community 25 Estate,tabular,ridge_ar_lag_fourier,h168,2026-01-04T23:00:00,2026-01-18T23:00:00,2026-02-15T23:00:00,,,42.0
2026-01-30 08:00:00,31.8,-69.26111311302968,1.0,Tema Community 25 Estate,tabular,ridge_ar_lag_fourier,h168,2026-01-04T23:00:00,2026-01-18T23:00:00,2026-02-15T23:00:00,,,42.0
2026-01-30 09:00:00,27.9,-72.66549539872156,1.0,Tema Community 25 Estate,tabular,ridge_ar_lag_fourier,h168,2026-01-04T23:00:00,2026-01-18T23:00:00,2026-02-15T23:00:00,,,42.0
2026-01-30 10:00:00,29.3,-71.5549513429096,1.0,Tema Community 25 Estate,tabular,ridge_ar_lag_fourier,h168,2026-01-04T23:00:00,2026-01-18T23:00:00,2026-02-15T23:00:00,,,42.0
2026-01-30 11:00:00,30.4,-69.70339602896776,1.0,Tema Community 25 Estate,tabular,ridge_ar_lag_fourier,h168,2026-01-04T23:00:00,2026-01-18T23:00:00,2026-02-15T23:00:00,,,42.0
2026-01-30 12:00:00,34.3,-68.87499967118012,1.0,Tema Community 25 Estate,tabular,ridge_ar_lag_fourier,h168,2026-01-04T23:00:00,2026-01-18T23:00:00,2026-02-15T23:00:00,,,42.0
2026-01-30 13:00:00,36.7,-69.44968154888656,1.0,Tema Community 25 Estate,tabular,ridge_ar_lag_fourier,h168,2026-01-04T23:00:00,2026-01-18T23:00:00,2026-02-15T23:00:00,,,42.0
2026-01-30 14:00:00,35.4,-71.53842453088258,1.0,Tema Community 25 Estate,tabular,ridge_ar_lag_fourier,h168,2026-01-04T23:00:00,2026-01-18T23:00:00,2026-02-15T23:00:00,,,42.0
2026-01-30 15:00:00,32.6,-72.70611873640199,1.0,Tema Community 25 Estate,tabular,ridge_ar_lag_fourier,h168,2026-01-04T23:00:00,2026-01-18T23:00:00,2026-02-15T23:00:00,,,42.0
2026-01-30 16:00:00,31.8,-71.45638129828735,1.0,Tema Community 25 Estate,tabular,ridge_ar_lag_fourier,h168,2026-01-04T23:00:00,2026-01-18T23:00:00,2026-02-15T23:00:00,,,42.0
2026-01-30 17:00:00,40.0,-71.501299048329,1.0,Tema Community 25 Estate,tabular,ridge_ar_lag_fourier,h168,2026-01-04T23:00:00,2026-01-18T23:00:00,2026-02-15T23:00:00,,,42.0
2026-01-30 18:00:00,37.7,-69.51286392318038,1.0,Tema Community 25 Estate,tabular,ridge_ar_lag_fourier,h168,2026-01-04T23:00:00,2026-01-18T23:00:00,2026-02-15T23:00:00,,,42.0
2026-01-30 19:00:00,33.0,-71.22853754039811,1.0,Tema Community 25 Estate,tabular,ridge_ar_lag_fourier,h168,2026-01-04T23:00:00,2026-01-18T23:00:00,2026-02-15T23:00:00,,,42.0
2026-01-30 20:00:00,32.7,-73.89973645644021,1.0,Tema Community 25 Estate,tabular,ridge_ar_lag_fourier,h168,2026-01-04T23:00:00,2026-01-18T23:00:00,2026-02-15T23:00:00,,,42.0
2026-01-30 21:00:00,34.8,-76.6746018768187,1.0,Tema Community 25 Estate,tabular,ridge_ar_lag_fourier,h168,2026-01-04T23:00:00,2026-01-18T23:00:00,2026-02-15T23:00:00,,,42.0
2026-01-30 22:00:00,29.7,-75.94810303049326,1.0,Tema Community 25 Estate,tabular,ridge_ar_lag_fourier,h168,2026-01-04T23:00:00,2026-01-18T23:00:00,2026-02-15T23:00:00,,,42.0
2026-01-30 23:00:00,30.7,-74.71147551622765,1.0,Tema Community 25 Estate,tabular,ridge_ar_lag_fourier,h168,2026-01-04T23:00:00,2026-01-18T23:00:00,2026-02-15T23:00:00,,,42.0
2026-01-31 00:00:00,26.8,-70.58738540388323,1.0,Tema Community 25 Estate,tabular,ridge_ar_lag_fourier,h168,2026-01-04T23:00:00,2026-01-18T23:00:00,2026-02-15T23:00:00,,,42.0
2026-01-31 01:00:00,41.5,-70.07220518314871,1.0,Tema Community 25 Estate,tabular,ridge_ar_lag_fourier,h168,2026-01-04T23:00:00,2026-01-18T23:00:00,2026-02-15T23:00:00,,,42.0
2026-01-31 02:00:00,35.8,-71.31315280408971,1.0,Tema Community 25 Estate,tabular,ridge_ar_lag_fourier,h168,2026-01-04T23:00:00,2026-01-18T23:00:00,2026-02-15T23:00:00,,,42.0
2026-01-31 03:00:00,33.3,-73.2150622313616,1.0,Tema Community 25 Estate,tabular,ridge_ar_lag_fourier,h168,2026-01-04T23:00:00,2026-01-18T23:00:00,2026-02-15T23:00:00,,,42.0
2026-01-31 04:00:00,33.6,-71.36658856858863,1.0,Tema Community 25 Estate,tabular,ridge_ar_lag_fourier,h168,2026-01-04T23:00:00,2026-01-18T23:00:00,2026-02-15T23:00:00,,,42.0
2026-01-31 05:00:00,39.6,-68.29132021286321,1.0,Tema Community 25 Estate,tabular,ridge_ar_lag_fourier,h168,2026-01-04T23:00:00,2026-01-18T23:00:00,2026-02-15T23:00:00,,,42.0
2026-01-31 06:00:00,46.8,-64.91106678039873,1.0,Tema Community 25 Estate,tabular,ridge_ar_lag_fourier,h168,2026-01-04T23:00:00,2026-01-18T23:00:00,2026-02-15T23:00:00,,,42.0
2026-01-31 07:00:00,46.0,-65.8904019635816,1.0,Tema Community 25 Estate,tabular,ridge_ar_lag_fourier,h168,2026-01-04T23:00:00,2026-01-18T23:00:00,2026-02-15T23:00:00,,,42.0
2026-01-31 08:00:00,39.7,-71.93943753827453,1.0,Tema Community 25 Estate,tabular,ridge_ar_lag_fourier,h168,2026-01-04T23:00:00,2026-01-18T23:00:00,2026-02-15T23:00:00,,,42.0
2026-01-31 09:00:00,39.0,-66.62534322928182,1.0,Tema Community 25 Estate,tabular,ridge_ar_lag_fourier,h168,2026-01-04T23:00:00,2026-01-18T23:00:00,2026-02-15T23:00:00,,,42.0
2026-01-31 10:00:00,39.8,-71.9334424218608,1.0,Tema Community 25 Estate,tabular,ridge_ar_lag_fourier,h168,2026-01-04T23:00:00,2026-01-18T23:00:00,2026-02-15T23:00:00,,,42.0
2026-01-31 11:00:00,40.9,-72.15406768135138,1.0,Tema Community 25 Estate,tabular,ridge_ar_lag_fourier,h168,2026-01-04T23:00:00,2026-01-18T23:00:00,2026-02-15T23:00:00,,,42.0
2026-01-31 12:00:00,33.3,-70.84170811401701,1.0,Tema Community 25 Estate,tabular,ridge_ar_lag_fourier,h168,2026-01-04T23:00:00,2026-01-18T23:00:00,2026-02-15T23:00:00,,,42.0
2026-01-31 13:00:00,29.9,-71.11095103330301,1.0,Tema Community 25 Estate,tabular,ridge_ar_lag_fourier,h168,2026-01-04T23:00:00,2026-01-18T23:00:00,2026-02-15T23:00:00,,,42.0
2026-01-31 14:00:00,29.3,-72.589512856042,1.0,Tema Community 25 Estate,tabular,ridge_ar_lag_fourier,h168,2026-01-04T23:00:00,2026-01-18T23:00:00,2026-02-15T23:00:00,,,42.0
2026-01-31 15:00:00,29.8,-73.91742111753454,1.0,Tema Community 25 Estate,tabular,ridge_ar_lag_fourier,h168,2026-01-04T23:00:00,2026-01-18T23:00:00,2026-02-15T23:00:00,,,42.0
2026-01-31 16:00:00,32.6,-73.41131971227765,1.0,Tema Community 25 Estate,tabular,ridge_ar_lag_fourier,h168,2026-01-04T23:00:00,2026-01-18T23:00:00,2026-02-15T23:00:00,,,42.0
2026-01-31 17:00:00,35.0,-71.1663535449258,1.0,Tema Community 25 Estate,tabular,ridge_ar_lag_fourier,h168,2026-01-04T23:00:00,2026-01-18T23:00:00,2026-02-15T23:00:00,,,42.0
2026-01-31 18:00:00,33.1,-69.0839253028975,1.0,Tema Community 25 Estate,tabular,ridge_ar_lag_fourier,h168,2026-01-04T23:00:00,2026-01-18T23:00:00,2026-02-15T23:00:00,,,42.0
2026-01-31 19:00:00,30.6,-69.29827005593722,1.0,Tema Community 25 Estate,tabular,ridge_ar_lag_fourier,h168,2026-01-04T23:00:00,2026-01-18T23:00:00,2026-02-15T23:00:00,,,42.0
2026-01-31 20:00:00,30.6,-70.86678334805812,1.0,Tema Community 25 Estate,tabular,ridge_ar_lag_fourier,h168,2026-01-04T23:00:00,2026-01-18T23:00:00,2026-02-15T23:00:00,,,42.0
2026-01-31 21:00:00,28.2,-73.36320688355103,1.0,Tema Community 25 Estate,tabular,ridge_ar_lag_fourier,h168,2026-01-04T23:00:00,2026-01-18T23:00:00,2026-02-15T23:00:00,,,42.0
2026-01-31 22:00:00,28.1,-71.08259238172724,1.0,Tema Community 25 Estate,tabular,ridge_ar_lag_fourier,h168,2026-01-04T23:00:00,2026-01-18T23:00:00,2026-02-15T23:00:00,,,42.0
2026-01-31 23:00:00,26.3,-70.50381830249609,1.0,Tema Community 25 Estate,tabular,ridge_ar_lag_fourier,h168,2026-01-04T23:00:00,2026-01-18T23:00:00,2026-02-15T23:00:00,,,42.0
2026-02-01 00:00:00,28.0,-66.33284028707334,1.0,Tema Community 25 Estate,tabular,ridge_ar_lag_fourier,h168,2026-01-04T23:00:00,2026-01-18T23:00:00,2026-02-15T23:00:00,,,42.0
2026-02-01 01:00:00,24.8,-69.70871994494395,1.0,Tema Community 25 Estate,tabular,ridge_ar_lag_fourier,h168,2026-01-04T23:00:00,2026-01-18T23:00:00,2026-02-15T23:00:00,,,42.0
2026-02-01 02:00:00,24.9,-73.0055253237571,1.0,Tema Community 25 Estate,tabular,ridge_ar_lag_fourier,h168,2026-01-04T23:00:00,2026-01-18T23:00:00,2026-02-15T23:00:00,,,42.0
2026-02-01 03:00:00,26.6,-73.51921625643459,1.0,Tema Community 25 Estate,tabular,ridge_ar_lag_fourier,h168,2026-01-04T23:00:00,2026-01-18T23:00:00,2026-02-15T23:00:00,,,42.0
2026-02-01 04:00:00,24.7,-73.30332722978643,1.0,Tema Community 25 Estate,tabular,ridge_ar_lag_fourier,h168,2026-01-04T23:00:00,2026-01-18T23:00:00,2026-02-15T23:00:00,,,42.0
2026-02-01 05:00:00,25.2,-70.06339926911043,1.0,Tema Community 25 Estate,tabular,ridge_ar_lag_fourier,h168,2026-01-04T23:00:00,2026-01-18T23:00:00,2026-02-15T23:00:00,,,42.0
2026-02-01 06:00:00,43.2,-65.83042474376371,1.0,Tema Community 25 Estate,tabular,ridge_ar_lag_fourier,h168,2026-01-04T23:00:00,2026-01-18T23:00:00,2026-02-15T23:00:00,,,42.0
2026-02-01 07:00:00,39.4,-65.09279598941738,1.0,Tema Community 25 Estate,tabular,ridge_ar_lag_fourier,h168,2026-01-04T23:00:00,2026-01-18T23:00:00,2026-02-15T23:00:00,,,42.0
2026-02-01 08:00:00,35.4,-71.71512089016797,1.0,Tema Community 25 Estate,tabular,ridge_ar_lag_fourier,h168,2026-01-04T23:00:00,2026-01-18T23:00:00,2026-02-15T23:00:00,,,42.0
2026-02-01 09:00:00,33.9,-73.80633934842685,1.0,Tema Community 25 Estate,tabular,ridge_ar_lag_fourier,h168,2026-01-04T23:00:00,2026-01-18T23:00:00,2026-02-15T23:00:00,,,42.0
2026-02-01 10:00:00,39.0,-74.62779538716042,1.0,Tema Community 25 Estate,tabular,ridge_ar_lag_fourier,h168,2026-01-04T23:00:00,2026-01-18T23:00:00,2026-02-15T23:00:00,,,42.0
2026-02-01 11:00:00,39.6,-71.8970941674555,1.0,Tema Community 25 Estate,tabular,ridge_ar_lag_fourier,h168,2026-01-04T23:00:00,2026-01-18T23:00:00,2026-02-15T23:00:00,,,42.0
2026-02-01 12:00:00,28.7,-69.75899879014723,1.0,Tema Community 25 Estate,tabular,ridge_ar_lag_fourier,h168,2026-01-04T23:00:00,2026-01-18T23:00:00,2026-02-15T23:00:00,,,42.0
2026-02-01 13:00:00,24.4,-70.13441832448292,1.0,Tema Community 25 Estate,tabular,ridge_ar_lag_fourier,h168,2026-01-04T23:00:00,2026-01-18T23:00:00,2026-02-15T23:00:00,,,42.0
2026-02-01 14:00:00,22.4,-72.28420408712232,1.0,Tema Community 25 Estate,tabular,ridge_ar_lag_fourier,h168,2026-01-04T23:00:00,2026-01-18T23:00:00,2026-02-15T23:00:00,,,42.0
2026-02-01 15:00:00,25.9,-74.59483553776302,1.0,Tema Community 25 Estate,tabular,ridge_ar_lag_fourier,h168,2026-01-04T23:00:00,2026-01-18T23:00:00,2026-02-15T23:00:00,,,42.0
2026-02-01 16:00:00,17.5,-75.27400785240944,1.0,Tema Community 25 Estate,tabular,ridge_ar_lag_fourier,h168,2026-01-04T23:00:00,2026-01-18T23:00:00,2026-02-15T23:00:00,,,42.0
2026-02-01 17:00:00,22.9,-74.81799367156604,1.0,Tema Community 25 Estate,tabular,ridge_ar_lag_fourier,h168,2026-01-04T23:00:00,2026-01-18T23:00:00,2026-02-15T23:00:00,,,42.0
2026-02-01 18:00:00,26.6,-73.04024647500557,1.0,Tema Community 25 Estate,tabular,ridge_ar_lag_fourier,h168,2026-01-04T23:00:00,2026-01-18T23:00:00,2026-02-15T23:00:00,,,42.0
2026-02-01 19:00:00,27.1,-74.35458248664851,1.0,Tema Community 25 Estate,tabular,ridge_ar_lag_fourier,h168,2026-01-04T23:00:00,2026-01-18T23:00:00,2026-02-15T23:00:00,,,42.0
2026-02-01 20:00:00,24.5,-74.29793246391796,1.0,Tema Community 25 Estate,tabular,ridge_ar_lag_fourier,h168,2026-01-04T23:00:00,2026-01-18T23:00:00,2026-02-15T23:00:00,,,42.0
2026-02-01 21:00:00,32.1,-76.95580764161731,1.0,Tema Community 25 Estate,tabular,ridge_ar_lag_fourier,h168,2026-01-04T23:00:00,2026-01-18T23:00:00,2026-02-15T23:00:00,,,42.0
2026-02-01 22:00:00,25.7,-74.81912004066216,1.0,Tema Community 25 Estate,tabular,ridge_ar_lag_fourier,h168,2026-01-04T23:00:00,2026-01-18T23:00:00,2026-02-15T23:00:00,,,42.0
2026-02-01 23:00:00,24.3,-72.79937222449422,1.0,Tema Community 25 Estate,tabular,ridge_ar_lag_fourier,h168,2026-01-04T23:00:00,2026-01-18T23:00:00,2026-02-15T23:00:00,,,42.0
2026-02-02 00:00:00,27.9,-65.4170430730725,1.0,Tema Community 25 Estate,tabular,ridge_ar_lag_fourier,h168,2026-01-04T23:00:00,2026-01-18T23:00:00,2026-02-15T23:00:00,,,42.0
2026-02-02 01:00:00,24.9,-66.69409217040895,1.0,Tema Community 25 Estate,tabular,ridge_ar_lag_fourier,h168,2026-01-04T23:00:00,2026-01-18T23:00:00,2026-02-15T23:00:00,,,42.0
2026-02-02 02:00:00,21.6,-69.33255575348996,1.0,Tema Community 25 Estate,tabular,ridge_ar_lag_fourier,h168,2026-01-04T23:00:00,2026-01-18T23:00:00,2026-02-15T23:00:00,,,42.0
2026-02-02 03:00:00,24.4,-69.57602750897838,1.0,Tema Community 25 Estate,tabular,ridge_ar_lag_fourier,h168,2026-01-04T23:00:00,2026-01-18T23:00:00,2026-02-15T23:00:00,,,42.0
2026-02-02 04:00:00,22.0,-70.21383707601224,1.0,Tema Community 25 Estate,tabular,ridge_ar_lag_fourier,h168,2026-01-04T23:00:00,2026-01-18T23:00:00,2026-02-15T23:00:00,,,42.0
2026-02-02 05:00:00,38.5,-68.13859269966069,1.0,Tema Community 25 Estate,tabular,ridge_ar_lag_fourier,h168,2026-01-04T23:00:00,2026-01-18T23:00:00,2026-02-15T23:00:00,,,42.0
2026-02-02 06:00:00,42.3,-63.33487952722173,1.0,Tema Community 25 Estate,tabular,ridge_ar_lag_fourier,h168,2026-01-04T23:00:00,2026-01-18T23:00:00,2026-02-15T23:00:00,,,42.0
2026-02-02 07:00:00,51.0,-62.059005229252506,1.0,Tema Community 25 Estate,tabular,ridge_ar_lag_fourier,h168,2026-01-04T23:00:00,2026-01-18T23:00:00,2026-02-15T23:00:00,,,42.0
2026-02-02 08:00:00,30.2,-68.72054363386839,1.0,Tema Community 25 Estate,tabular,ridge_ar_lag_fourier,h168,2026-01-04T23:00:00,2026-01-18T23:00:00,2026-02-15T23:00:00,,,42.0
2026-02-02 09:00:00,31.1,-72.84790213294899,1.0,Tema Community 25 Estate,tabular,ridge_ar_lag_fourier,h168,2026-01-04T23:00:00,2026-01-18T23:00:00,2026-02-15T23:00:00,,,42.0
2026-02-02 10:00:00,32.8,-72.41556244322977,1.0,Tema Community 25 Estate,tabular,ridge_ar_lag_fourier,h168,2026-01-04T23:00:00,2026-01-18T23:00:00,2026-02-15T23:00:00,,,42.0
2026-02-02 11:00:00,26.8,-69.34874625796745,1.0,Tema Community 25 Estate,tabular,ridge_ar_lag_fourier,h168,2026-01-04T23:00:00,2026-01-18T23:00:00,2026-02-15T23:00:00,,,42.0
2026-02-02 12:00:00,24.1,-66.7131592021722,1.0,Tema Community 25 Estate,tabular,ridge_ar_lag_fourier,h168,2026-01-04T23:00:00,2026-01-18T23:00:00,2026-02-15T23:00:00,,,42.0
2026-02-02 13:00:00,24.6,-67.26721056873222,1.0,Tema Community 25 Estate,tabular,ridge_ar_lag_fourier,h168,2026-01-04T23:00:00,2026-01-18T23:00:00,2026-02-15T23:00:00,,,42.0
2026-02-02 14:00:00,24.5,-69.05064828041267,1.0,Tema Community 25 Estate,tabular,ridge_ar_lag_fourier,h168,2026-01-04T23:00:00,2026-01-18T23:00:00,2026-02-15T23:00:00,,,42.0
2026-02-02 15:00:00,28.6,-71.38112527251779,1.0,Tema Community 25 Estate,tabular,ridge_ar_lag_fourier,h168,2026-01-04T23:00:00,2026-01-18T23:00:00,2026-02-15T23:00:00,,,42.0
2026-02-02 16:00:00,28.0,-72.4717720364963,1.0,Tema Community 25 Estate,tabular,ridge_ar_lag_fourier,h168,2026-01-04T23:00:00,2026-01-18T23:00:00,2026-02-15T23:00:00,,,42.0
2026-02-02 17:00:00,30.7,-72.93897616571661,1.0,Tema Community 25 Estate,tabular,ridge_ar_lag_fourier,h168,2026-01-04T23:00:00,2026-01-18T23:00:00,2026-02-15T23:00:00,,,42.0
2026-02-02 18:00:00,28.4,-69.36270930710687,1.0,Tema Community 25 Estate,tabular,ridge_ar_lag_fourier,h168,2026-01-04T23:00:00,2026-01-18T23:00:00,2026-02-15T23:00:00,,,42.0
2026-02-02 19:00:00,30.2,-71.71362466513179,1.0,Tema Community 25 Estate,tabular,ridge_ar_lag_fourier,h168,2026-01-04T23:00:00,2026-01-18T23:00:00,2026-02-15T23:00:00,,,42.0
2026-02-02 20:00:00,31.1,-73.35473771966103,1.0,Tema Community 25 Estate,tabular,ridge_ar_lag_fourier,h168,2026-01-04T23:00:00,2026-01-18T23:00:00,2026-02-15T23:00:00,,,42.0
2026-02-02 21:00:00,31.4,-75.27683747627937,1.0,Tema Community 25 Estate,tabular,ridge_ar_lag_fourier,h168,2026-01-04T23:00:00,2026-01-18T23:00:00,2026-02-15T23:00:00,,,42.0
2026-02-02 22:00:00,28.5,-75.3532195730362,1.0,Tema Community 25 Estate,tabular,ridge_ar_lag_fourier,h168,2026-01-04T23:00:00,2026-01-18T23:00:00,2026-02-15T23:00:00,,,42.0
2026-02-02 23:00:00,38.5,-73.4160035918768,1.0,Tema Community 25 Estate,tabular,ridge_ar_lag_fourier,h168,2026-01-04T23:00:00,2026-01-18T23:00:00,2026-02-15T23:00:00,,,42.0
2026-02-03 00:00:00,36.4,-68.27798584081908,1.0,Tema Community 25 Estate,tabular,ridge_ar_lag_fourier,h168,2026-01-04T23:00:00,2026-01-18T23:00:00,2026-02-15T23:00:00,,,42.0
2026-02-03 01:00:00,31.9,-70.71343689627932,1.0,Tema Community 25 Estate,tabular,ridge_ar_lag_fourier,h168,2026-01-04T23:00:00,2026-01-18T23:00:00,2026-02-15T23:00:00,,,42.0
2026-02-03 02:00:00,26.3,-71.70278641542791,1.0,Tema Community 25 Estate,tabular,ridge_ar_lag_fourier,h168,2026-01-04T23:00:00,2026-01-18T23:00:00,2026-02-15T23:00:00,,,42.0
2026-02-03 03:00:00,23.9,-72.262844448307,1.0,Tema Community 25 Estate,tabular,ridge_ar_lag_fourier,h168,2026-01-04T23:00:00,2026-01-18T23:00:00,2026-02-15T23:00:00,,,42.0
2026-02-03 04:00:00,29.7,-71.04314023388487,1.0,Tema Community 25 Estate,tabular,ridge_ar_lag_fourier,h168,2026-01-04T23:00:00,2026-01-18T23:00:00,2026-02-15T23:00:00,,,42.0
2026-02-03 05:00:00,28.2,-67.84563709671328,1.0,Tema Community 25 Estate,tabular,ridge_ar_lag_fourier,h168,2026-01-04T23:00:00,2026-01-18T23:00:00,2026-02-15T23:00:00,,,42.0
2026-02-03 06:00:00,30.9,-59.95470840580087,1.0,Tema Community 25 Estate,tabular,ridge_ar_lag_fourier,h168,2026-01-04T23:00:00,2026-01-18T23:00:00,2026-02-15T23:00:00,,,42.0
2026-02-03 07:00:00,35.0,-57.87368310735904,1.0,Tema Community 25 Estate,tabular,ridge_ar_lag_fourier,h168,2026-01-04T23:00:00,2026-01-18T23:00:00,2026-02-15T23:00:00,,,42.0
2026-02-03 08:00:00,25.5,-69.31401277662285,1.0,Tema Community 25 Estate,tabular,ridge_ar_lag_fourier,h168,2026-01-04T23:00:00,2026-01-18T23:00:00,2026-02-15T23:00:00,,,42.0
2026-02-03 09:00:00,29.7,-75.38875675658392,1.0,Tema Community 25 Estate,tabular,ridge_ar_lag_fourier,h168,2026-01-04T23:00:00,2026-01-18T23:00:00,2026-02-15T23:00:00,,,42.0
2026-02-03 10:00:00,29.6,-71.91070541483471,1.0,Tema Community 25 Estate,tabular,ridge_ar_lag_fourier,h168,2026-01-04T23:00:00,2026-01-18T23:00:00,2026-02-15T23:00:00,,,42.0
2026-02-03 11:00:00,36.2,-70.63277452064797,1.0,Tema Community 25 Estate,tabular,ridge_ar_lag_fourier,h168,2026-01-04T23:00:00,2026-01-18T23:00:00,2026-02-15T23:00:00,,,42.0
2026-02-03 12:00:00,25.9,-69.03707035035711,1.0,Tema Community 25 Estate,tabular,ridge_ar_lag_fourier,h168,2026-01-04T23:00:00,2026-01-18T23:00:00,2026-02-15T23:00:00,,,42.0
2026-02-03 13:00:00,22.6,-68.20032060261521,1.0,Tema Community 25 Estate,tabular,ridge_ar_lag_fourier,h168,2026-01-04T23:00:00,2026-01-18T23:00:00,2026-02-15T23:00:00,,,42.0
2026-02-03 14:00:00,23.7,-68.85630000692431,1.0,Tema Community 25 Estate,tabular,ridge_ar_lag_fourier,h168,2026-01-04T23:00:00,2026-01-18T23:00:00,2026-02-15T23:00:00,,,42.0
2026-02-03 15:00:00,22.5,-72.25652779887828,1.0,Tema Community 25 Estate,tabular,ridge_ar_lag_fourier,h168,2026-01-04T23:00:00,2026-01-18T23:00:00,2026-02-15T23:00:00,,,42.0
2026-02-03 16:00:00,31.0,-74.71152543022596,1.0,Tema Community 25 Estate,tabular,ridge_ar_lag_fourier,h168,2026-01-04T23:00:00,2026-01-18T23:00:00,2026-02-15T23:00:00,,,42.0
2026-02-03 17:00:00,31.8,-74.49947274010762,1.0,Tema Community 25 Estate,tabular,ridge_ar_lag_fourier,h168,2026-01-04T23:00:00,2026-01-18T23:00:00,2026-02-15T23:00:00,,,42.0
2026-02-03 18:00:00,25.8,-73.13457426641445,1.0,Tema Community 25 Estate,tabular,ridge_ar_lag_fourier,h168,2026-01-04T23:00:00,2026-01-18T23:00:00,2026-02-15T23:00:00,,,42.0
2026-02-03 19:00:00,43.5,-72.16797761925058,1.0,Tema Community 25 Estate,tabular,ridge_ar_lag_fourier,h168,2026-01-04T23:00:00,2026-01-18T23:00:00,2026-02-15T23:00:00,,,42.0
2026-02-03 20:00:00,60.6,-74.16329223115174,1.0,Tema Community 25 Estate,tabular,ridge_ar_lag_fourier,h168,2026-01-04T23:00:00,2026-01-18T23:00:00,2026-02-15T23:00:00,,,42.0
2026-02-03 21:00:00,53.8,-74.94647288375755,1.0,Tema Community 25 Estate,tabular,ridge_ar_lag_fourier,h168,2026-01-04T23:00:00,2026-01-18T23:00:00,2026-02-15T23:00:00,,,42.0
2026-02-03 22:00:00,41.5,-75.51651808820729,1.0,Tema Community 25 Estate,tabular,ridge_ar_lag_fourier,h168,2026-01-04T23:00:00,2026-01-18T23:00:00,2026-02-15T23:00:00,,,42.0
2026-02-03 23:00:00,35.6,-75.30059050608713,1.0,Tema Community 25 Estate,tabular,ridge_ar_lag_fourier,h168,2026-01-04T23:00:00,2026-01-18T23:00:00,2026-02-15T23:00:00,,,42.0
2026-02-04 00:00:00,22.9,-70.43153279615375,1.0,Tema Community 25 Estate,tabular,ridge_ar_lag_fourier,h168,2026-01-04T23:00:00,2026-01-18T23:00:00,2026-02-15T23:00:00,,,42.0
2026-02-04 01:00:00,21.3,-71.77646197808225,1.0,Tema Community 25 Estate,tabular,ridge_ar_lag_fourier,h168,2026-01-04T23:00:00,2026-01-18T23:00:00,2026-02-15T23:00:00,,,42.0
2026-02-04 02:00:00,24.7,-73.3479781591039,1.0,Tema Community 25 Estate,tabular,ridge_ar_lag_fourier,h168,2026-01-04T23:00:00,2026-01-18T23:00:00,2026-02-15T23:00:00,,,42.0
2026-02-04 03:00:00,30.5,-74.85534909975503,1.0,Tema Community 25 Estate,tabular,ridge_ar_lag_fourier,h168,2026-01-04T23:00:00,2026-01-18T23:00:00,2026-02-15T23:00:00,,,42.0
2026-02-04 04:00:00,37.3,-72.98904611500375,1.0,Tema Community 25 Estate,tabular,ridge_ar_lag_fourier,h168,2026-01-04T23:00:00,2026-01-18T23:00:00,2026-02-15T23:00:00,,,42.0
2026-02-04 05:00:00,43.2,-71.21518658895542,1.0,Tema Community 25 Estate,tabular,ridge_ar_lag_fourier,h168,2026-01-04T23:00:00,2026-01-18T23:00:00,2026-02-15T23:00:00,,,42.0
2026-02-04 06:00:00,69.9,-63.519560421447395,1.0,Tema Community 25 Estate,tabular,ridge_ar_lag_fourier,h168,2026-01-04T23:00:00,2026-01-18T23:00:00,2026-02-15T23:00:00,,,42.0
2026-02-04 07:00:00,105.9,-64.78805625770414,1.0,Tema Community 25 Estate,tabular,ridge_ar_lag_fourier,h168,2026-01-04T23:00:00,2026-01-18T23:00:00,2026-02-15T23:00:00,,,42.0
2026-02-04 08:00:00,79.3,-72.29093268364191,1.0,Tema Community 25 Estate,tabular,ridge_ar_lag_fourier,h168,2026-01-04T23:00:00,2026-01-18T23:00:00,2026-02-15T23:00:00,,,42.0
2026-02-04 09:00:00,62.2,-75.95361497928629,1.0,Tema Community 25 Estate,tabular,ridge_ar_lag_fourier,h168,2026-01-04T23:00:00,2026-01-18T23:00:00,2026-02-15T23:00:00,,,42.0
2026-02-04 10:00:00,60.9,-75.00507874133623,1.0,Tema Community 25 Estate,tabular,ridge_ar_lag_fourier,h168,2026-01-04T23:00:00,2026-01-18T23:00:00,2026-02-15T23:00:00,,,42.0
2026-02-04 11:00:00,41.1,-71.94767623260303,1.0,Tema Community 25 Estate,tabular,ridge_ar_lag_fourier,h168,2026-01-04T23:00:00,2026-01-18T23:00:00,2026-02-15T23:00:00,,,42.0
2026-02-04 12:00:00,50.8,-68.1904036325055,1.0,Tema Community 25 Estate,tabular,ridge_ar_lag_fourier,h168,2026-01-04T23:00:00,2026-01-18T23:00:00,2026-02-15T23:00:00,,,42.0
2026-02-04 13:00:00,35.6,-67.51619758771315,1.0,Tema Community 25 Estate,tabular,ridge_ar_lag_fourier,h168,2026-01-04T23:00:00,2026-01-18T23:00:00,2026-02-15T23:00:00,,,42.0
2026-02-04 14:00:00,32.3,-69.09991511519877,1.0,Tema Community 25 Estate,tabular,ridge_ar_lag_fourier,h168,2026-01-04T23:00:00,2026-01-18T23:00:00,2026-02-15T23:00:00,,,42.0
2026-02-04 15:00:00,23.9,-72.6432084727888,1.0,Tema Community 25 Estate,tabular,ridge_ar_lag_fourier,h168,2026-01-04T23:00:00,2026-01-18T23:00:00,2026-02-15T23:00:00,,,42.0
2026-02-04 16:00:00,24.0,-76.0550181357179,1.0,Tema Community 25 Estate,tabular,ridge_ar_lag_fourier,h168,2026-01-04T23:00:00,2026-01-18T23:00:00,2026-02-15T23:00:00,,,42.0
2026-02-04 17:00:00,22.5,-75.46392261348437,1.0,Tema Community 25 Estate,tabular,ridge_ar_lag_fourier,h168,2026-01-04T23:00:00,2026-01-18T23:00:00,2026-02-15T23:00:00,,,42.0
2026-02-04 18:00:00,28.2,-73.44799803396663,1.0,Tema Community 25 Estate,tabular,ridge_ar_lag_fourier,h168,2026-01-04T23:00:00,2026-01-18T23:00:00,2026-02-15T23:00:00,,,42.0
2026-02-04 19:00:00,25.9,-74.52252100543926,1.0,Tema Community 25 Estate,tabular,ridge_ar_lag_fourier,h168,2026-01-04T23:00:00,2026-01-18T23:00:00,2026-02-15T23:00:00,,,42.0
2026-02-04 20:00:00,21.0,-78.01834906766824,1.0,Tema Community 25 Estate,tabular,ridge_ar_lag_fourier,h168,2026-01-04T23:00:00,2026-01-18T23:00:00,2026-02-15T23:00:00,,,42.0
2026-02-04 21:00:00,18.1,-78.14545030811577,1.0,Tema Community 25 Estate,tabular,ridge_ar_lag_fourier,h168,2026-01-04T23:00:00,2026-01-18T23:00:00,2026-02-15T23:00:00,,,42.0
2026-02-04 22:00:00,24.1,-77.3033634086476,1.0,Tema Community 25 Estate,tabular,ridge_ar_lag_fourier,h168,2026-01-04T23:00:00,2026-01-18T23:00:00,2026-02-15T23:00:00,,,42.0
2026-02-04 23:00:00,31.4,-74.6079004916926,1.0,Tema Community 25 Estate,tabular,ridge_ar_lag_fourier,h168,2026-01-04T23:00:00,2026-01-18T23:00:00,2026-02-15T23:00:00,,,42.0
2026-02-05 00:00:00,28.3,-67.27792380646424,1.0,Tema Community 25 Estate,tabular,ridge_ar_lag_fourier,h168,2026-01-04T23:00:00,2026-01-18T23:00:00,2026-02-15T23:00:00,,,42.0
2026-02-05 01:00:00,30.5,-70.42792867088039,1.0,Tema Community 25 Estate,tabular,ridge_ar_lag_fourier,h168,2026-01-04T23:00:00,2026-01-18T23:00:00,2026-02-15T23:00:00,,,42.0
2026-02-05 02:00:00,30.8,-71.9910901245061,1.0,Tema Community 25 Estate,tabular,ridge_ar_lag_fourier,h168,2026-01-04T23:00:00,2026-01-18T23:00:00,2026-02-15T23:00:00,,,42.0
2026-02-05 03:00:00,28.1,-73.262085959179,1.0,Tema Community 25 Estate,tabular,ridge_ar_lag_fourier,h168,2026-01-04T23:00:00,2026-01-18T23:00:00,2026-02-15T23:00:00,,,42.0
2026-02-05 04:00:00,25.5,-72.99275339824713,1.0,Tema Community 25 Estate,tabular,ridge_ar_lag_fourier,h168,2026-01-04T23:00:00,2026-01-18T23:00:00,2026-02-15T23:00:00,,,42.0
2026-02-05 05:00:00,23.8,-72.96902919681013,1.0,Tema Community 25 Estate,tabular,ridge_ar_lag_fourier,h168,2026-01-04T23:00:00,2026-01-18T23:00:00,2026-02-15T23:00:00,,,42.0
2026-02-05 06:00:00,33.0,-66.77840309651624,1.0,Tema Community 25 Estate,tabular,ridge_ar_lag_fourier,h168,2026-01-04T23:00:00,2026-01-18T23:00:00,2026-02-15T23:00:00,,,42.0
2026-02-05 07:00:00,20.9,-65.45050546240465,1.0,Tema Community 25 Estate,tabular,ridge_ar_lag_fourier,h168,2026-01-04T23:00:00,2026-01-18T23:00:00,2026-02-15T23:00:00,,,42.0
2026-02-05 08:00:00,15.0,-72.54748454373838,1.0,Tema Community 25 Estate,tabular,ridge_ar_lag_fourier,h168,2026-01-04T23:00:00,2026-01-18T23:00:00,2026-02-15T23:00:00,,,42.0
2026-02-05 09:00:00,10.8,-76.9473353927121,1.0,Tema Community 25 Estate,tabular,ridge_ar_lag_fourier,h168,2026-01-04T23:00:00,2026-01-18T23:00:00,2026-02-15T23:00:00,,,42.0
2026-02-05 10:00:00,8.8,-74.84125582740158,1.0,Tema Community 25 Estate,tabular,ridge_ar_lag_fourier,h168,2026-01-04T23:00:00,2026-01-18T23:00:00,2026-02-15T23:00:00,,,42.0
2026-02-05 11:00:00,11.1,-71.11943944723753,1.0,Tema Community 25 Estate,tabular,ridge_ar_lag_fourier,h168,2026-01-04T23:00:00,2026-01-18T23:00:00,2026-02-15T23:00:00,,,42.0
2026-02-05 12:00:00,14.7,-68.34139093006826,1.0,Tema Community 25 Estate,tabular,ridge_ar_lag_fourier,h168,2026-01-04T23:00:00,2026-01-18T23:00:00,2026-02-15T23:00:00,,,42.0
2026-02-05 13:00:00,14.4,-69.44648414841954,1.0,Tema Community 25 Estate,tabular,ridge_ar_lag_fourier,h168,2026-01-04T23:00:00,2026-01-18T23:00:00,2026-02-15T23:00:00,,,42.0
2026-02-05 14:00:00,13.5,-70.3117023259117,1.0,Tema Community 25 Estate,tabular,ridge_ar_lag_fourier,h168,2026-01-04T23:00:00,2026-01-18T23:00:00,2026-02-15T23:00:00,,,42.0
2026-02-05 15:00:00,13.4,-73.98782677134388,1.0,Tema Community 25 Estate,tabular,ridge_ar_lag_fourier,h168,2026-01-04T23:00:00,2026-01-18T23:00:00,2026-02-15T23:00:00,,,42.0
2026-02-05 16:00:00,14.0,-77.54904350302827,1.0,Tema Community 25 Estate,tabular,ridge_ar_lag_fourier,h168,2026-01-04T23:00:00,2026-01-18T23:00:00,2026-02-15T23:00:00,,,42.0
2026-02-05 17:00:00,23.3,-76.64819764932436,1.0,Tema Community 25 Estate,tabular,ridge_ar_lag_fourier,h168,2026-01-04T23:00:00,2026-01-18T23:00:00,2026-02-15T23:00:00,,,42.0
2026-02-05 18:00:00,17.8,-73.9306880846904,1.0,Tema Community 25 Estate,tabular,ridge_ar_lag_fourier,h168,2026-01-04T23:00:00,2026-01-18T23:00:00,2026-02-15T23:00:00,,,42.0
2026-02-05 19:00:00,18.0,-75.39381472804403,1.0,Tema Community 25 Estate,tabular,ridge_ar_lag_fourier,h168,2026-01-04T23:00:00,2026-01-18T23:00:00,2026-02-15T23:00:00,,,42.0
2026-02-05 20:00:00,18.6,-77.88190046631762,1.0,Tema Community 25 Estate,tabular,ridge_ar_lag_fourier,h168,2026-01-04T23:00:00,2026-01-18T23:00:00,2026-02-15T23:00:00,,,42.0
2026-02-05 21:00:00,14.3,-76.43210281375617,1.0,Tema Community 25 Estate,tabular,ridge_ar_lag_fourier,h168,2026-01-04T23:00:00,2026-01-18T23:00:00,2026-02-15T23:00:00,,,42.0
2026-02-05 22:00:00,15.3,-75.94951454440437,1.0,Tema Community 25 Estate,tabular,ridge_ar_lag_fourier,h168,2026-01-04T23:00:00,2026-01-18T23:00:00,2026-02-15T23:00:00,,,42.0
2026-02-05 23:00:00,14.1,-73.28561341279853,1.0,Tema Community 25 Estate,tabular,ridge_ar_lag_fourier,h168,2026-01-04T23:00:00,2026-01-18T23:00:00,2026-02-15T23:00:00,,,42.0
2026-02-06 00:00:00,13.0,-70.62593144215074,1.0,Tema Community 25 Estate,tabular,ridge_ar_lag_fourier,h168,2026-01-04T23:00:00,2026-01-18T23:00:00,2026-02-15T23:00:00,,,42.0
2026-02-06 01:00:00,13.5,-73.27213114744013,1.0,Tema Community 25 Estate,tabular,ridge_ar_lag_fourier,h168,2026-01-04T23:00:00,2026-01-18T23:00:00,2026-02-15T23:00:00,,,42.0
2026-02-06 02:00:00,13.5,-75.72368501479288,1.0,Tema Community 25 Estate,tabular,ridge_ar_lag_fourier,h168,2026-01-04T23:00:00,2026-01-18T23:00:00,2026-02-15T23:00:00,,,42.0
2026-02-06 03:00:00,14.8,-77.44019232250484,1.0,Tema Community 25 Estate,tabular,ridge_ar_lag_fourier,h168,2026-01-04T23:00:00,2026-01-18T23:00:00,2026-02-15T23:00:00,,,42.0
2026-02-06 04:00:00,19.6,-73.17594488283625,1.0,Tema Community 25 Estate,tabular,ridge_ar_lag_fourier,h168,2026-01-04T23:00:00,2026-01-18T23:00:00,2026-02-15T23:00:00,,,42.0
2026-02-06 05:00:00,30.8,-70.52180459236763,1.0,Tema Community 25 Estate,tabular,ridge_ar_lag_fourier,h168,2026-01-04T23:00:00,2026-01-18T23:00:00,2026-02-15T23:00:00,,,42.0
2026-02-06 06:00:00,47.7,-64.05493960036499,1.0,Tema Community 25 Estate,tabular,ridge_ar_lag_fourier,h168,2026-01-04T23:00:00,2026-01-18T23:00:00,2026-02-15T23:00:00,,,42.0
2026-02-06 07:00:00,36.3,-62.57140440391818,1.0,Tema Community 25 Estate,tabular,ridge_ar_lag_fourier,h168,2026-01-04T23:00:00,2026-01-18T23:00:00,2026-02-15T23:00:00,,,42.0
2026-02-06 08:00:00,23.5,-71.53731205233659,1.0,Tema Community 25 Estate,tabular,ridge_ar_lag_fourier,h168,2026-01-04T23:00:00,2026-01-18T23:00:00,2026-02-15T23:00:00,,,42.0
2026-02-06 09:00:00,19.5,-75.22343665279968,1.0,Tema Community 25 Estate,tabular,ridge_ar_lag_fourier,h168,2026-01-04T23:00:00,2026-01-18T23:00:00,2026-02-15T23:00:00,,,42.0
2026-02-06 10:00:00,19.7,-74.48816147238828,1.0,Tema Community 25 Estate,tabular,ridge_ar_lag_fourier,h168,2026-01-04T23:00:00,2026-01-18T23:00:00,2026-02-15T23:00:00,,,42.0
2026-02-06 11:00:00,20.0,-71.79843327661222,1.0,Tema Community 25 Estate,tabular,ridge_ar_lag_fourier,h168,2026-01-04T23:00:00,2026-01-18T23:00:00,2026-02-15T23:00:00,,,42.0
2026-02-06 12:00:00,19.5,-69.17257356672056,1.0,Tema Community 25 Estate,tabular,ridge_ar_lag_fourier,h168,2026-01-04T23:00:00,2026-01-18T23:00:00,2026-02-15T23:00:00,,,42.0
2026-02-06 13:00:00,23.3,-71.02302626864652,1.0,Tema Community 25 Estate,tabular,ridge_ar_lag_fourier,h168,2026-01-04T23:00:00,2026-01-18T23:00:00,2026-02-15T23:00:00,,,42.0
2026-02-06 14:00:00,29.4,-72.70783816430965,1.0,Tema Community 25 Estate,tabular,ridge_ar_lag_fourier,h168,2026-01-04T23:00:00,2026-01-18T23:00:00,2026-02-15T23:00:00,,,42.0
2026-02-06 15:00:00,18.1,-74.41810154848565,1.0,Tema Community 25 Estate,tabular,ridge_ar_lag_fourier,h168,2026-01-04T23:00:00,2026-01-18T23:00:00,2026-02-15T23:00:00,,,42.0
2026-02-06 16:00:00,14.3,-76.36620225647245,1.0,Tema Community 25 Estate,tabular,ridge_ar_lag_fourier,h168,2026-01-04T23:00:00,2026-01-18T23:00:00,2026-02-15T23:00:00,,,42.0
2026-02-06 17:00:00,25.0,-74.92076918542091,1.0,Tema Community 25 Estate,tabular,ridge_ar_lag_fourier,h168,2026-01-04T23:00:00,2026-01-18T23:00:00,2026-02-15T23:00:00,,,42.0
2026-02-06 18:00:00,17.3,-72.45362846136543,1.0,Tema Community 25 Estate,tabular,ridge_ar_lag_fourier,h168,2026-01-04T23:00:00,2026-01-18T23:00:00,2026-02-15T23:00:00,,,42.0
2026-02-06 19:00:00,16.3,-73.5692838158031,1.0,Tema Community 25 Estate,tabular,ridge_ar_lag_fourier,h168,2026-01-04T23:00:00,2026-01-18T23:00:00,2026-02-15T23:00:00,,,42.0
2026-02-06 20:00:00,16.0,-78.2672634264175,1.0,Tema Community 25 Estate,tabular,ridge_ar_lag_fourier,h168,2026-01-04T23:00:00,2026-01-18T23:00:00,2026-02-15T23:00:00,,,42.0
2026-02-06 21:00:00,13.5,-76.83623719111554,1.0,Tema Community 25 Estate,tabular,ridge_ar_lag_fourier,h168,2026-01-04T23:00:00,2026-01-18T23:00:00,2026-02-15T23:00:00,,,42.0
2026-02-06 22:00:00,15.3,-77.59146947184892,1.0,Tema Community 25 Estate,tabular,ridge_ar_lag_fourier,h168,2026-01-04T23:00:00,2026-01-18T23:00:00,2026-02-15T23:00:00,,,42.0
2026-02-06 23:00:00,17.6,-77.7278683654808,1.0,Tema Community 25 Estate,tabular,ridge_ar_lag_fourier,h168,2026-01-04T23:00:00,2026-01-18T23:00:00,2026-02-15T23:00:00,,,42.0
2026-02-07 00:00:00,19.6,-73.80810594224288,1.0,Tema Community 25 Estate,tabular,ridge_ar_lag_fourier,h168,2026-01-04T23:00:00,2026-01-18T23:00:00,2026-02-15T23:00:00,,,42.0
2026-02-07 01:00:00,18.3,-74.36475691642359,1.0,Tema Community 25 Estate,tabular,ridge_ar_lag_fourier,h168,2026-01-04T23:00:00,2026-01-18T23:00:00,2026-02-15T23:00:00,,,42.0
2026-02-07 02:00:00,21.9,-74.31784568872177,1.0,Tema Community 25 Estate,tabular,ridge_ar_lag_fourier,h168,2026-01-04T23:00:00,2026-01-18T23:00:00,2026-02-15T23:00:00,,,42.0
2026-02-07 03:00:00,25.3,-77.0118051263983,1.0,Tema Community 25 Estate,tabular,ridge_ar_lag_fourier,h168,2026-01-04T23:00:00,2026-01-18T23:00:00,2026-02-15T23:00:00,,,42.0
2026-02-07 04:00:00,35.5,-73.08801524365673,1.0,Tema Community 25 Estate,tabular,ridge_ar_lag_fourier,h168,2026-01-04T23:00:00,2026-01-18T23:00:00,2026-02-15T23:00:00,,,42.0
2026-02-07 05:00:00,34.6,-70.40663691299304,1.0,Tema Community 25 Estate,tabular,ridge_ar_lag_fourier,h168,2026-01-04T23:00:00,2026-01-18T23:00:00,2026-02-15T23:00:00,,,42.0
2026-02-07 06:00:00,37.9,-63.490744208485026,1.0,Tema Community 25 Estate,tabular,ridge_ar_lag_fourier,h168,2026-01-04T23:00:00,2026-01-18T23:00:00,2026-02-15T23:00:00,,,42.0
2026-02-07 07:00:00,38.6,-62.8177471446605,1.0,Tema Community 25 Estate,tabular,ridge_ar_lag_fourier,h168,2026-01-04T23:00:00,2026-01-18T23:00:00,2026-02-15T23:00:00,,,42.0
2026-02-07 08:00:00,23.7,-70.91561726851857,1.0,Tema Community 25 Estate,tabular,ridge_ar_lag_fourier,h168,2026-01-04T23:00:00,2026-01-18T23:00:00,2026-02-15T23:00:00,,,42.0
2026-02-07 09:00:00,24.1,-75.6785031129369,1.0,Tema Community 25 Estate,tabular,ridge_ar_lag_fourier,h168,2026-01-04T23:00:00,2026-01-18T23:00:00,2026-02-15T23:00:00,,,42.0
2026-02-07 10:00:00,24.5,-75.7237615822869,1.0,Tema Community 25 Estate,tabular,ridge_ar_lag_fourier,h168,2026-01-04T23:00:00,2026-01-18T23:00:00,2026-02-15T23:00:00,,,42.0
2026-02-07 11:00:00,25.8,-73.95220443529378,1.0,Tema Community 25 Estate,tabular,ridge_ar_lag_fourier,h168,2026-01-04T23:00:00,2026-01-18T23:00:00,2026-02-15T23:00:00,,,42.0
2026-02-07 12:00:00,18.6,-70.41495671985491,1.0,Tema Community 25 Estate,tabular,ridge_ar_lag_fourier,h168,2026-01-04T23:00:00,2026-01-18T23:00:00,2026-02-15T23:00:00,,,42.0
2026-02-07 13:00:00,16.2,-71.09779797520942,1.0,Tema Community 25 Estate,tabular,ridge_ar_lag_fourier,h168,2026-01-04T23:00:00,2026-01-18T23:00:00,2026-02-15T23:00:00,,,42.0
2026-02-07 14:00:00,14.1,-73.88729687574781,1.0,Tema Community 25 Estate,tabular,ridge_ar_lag_fourier,h168,2026-01-04T23:00:00,2026-01-18T23:00:00,2026-02-15T23:00:00,,,42.0
2026-02-07 15:00:00,12.6,-76.32512517966417,1.0,Tema Community 25 Estate,tabular,ridge_ar_lag_fourier,h168,2026-01-04T23:00:00,2026-01-18T23:00:00,2026-02-15T23:00:00,,,42.0
2026-02-07 16:00:00,12.3,-78.61173524267507,1.0,Tema Community 25 Estate,tabular,ridge_ar_lag_fourier,h168,2026-01-04T23:00:00,2026-01-18T23:00:00,2026-02-15T23:00:00,,,42.0
2026-02-07 17:00:00,14.4,-77.63331867983243,1.0,Tema Community 25 Estate,tabular,ridge_ar_lag_fourier,h168,2026-01-04T23:00:00,2026-01-18T23:00:00,2026-02-15T23:00:00,,,42.0
2026-02-07 18:00:00,22.6,-76.33468659403947,1.0,Tema Community 25 Estate,tabular,ridge_ar_lag_fourier,h168,2026-01-04T23:00:00,2026-01-18T23:00:00,2026-02-15T23:00:00,,,42.0
2026-02-07 19:00:00,21.5,-74.19617470366248,1.0,Tema Community 25 Estate,tabular,ridge_ar_lag_fourier,h168,2026-01-04T23:00:00,2026-01-18T23:00:00,2026-02-15T23:00:00,,,42.0
2026-02-07 20:00:00,21.3,-78.56284763844549,1.0,Tema Community 25 Estate,tabular,ridge_ar_lag_fourier,h168,2026-01-04T23:00:00,2026-01-18T23:00:00,2026-02-15T23:00:00,,,42.0
2026-02-07 21:00:00,24.0,-77.88595190597573,1.0,Tema Community 25 Estate,tabular,ridge_ar_lag_fourier,h168,2026-01-04T23:00:00,2026-01-18T23:00:00,2026-02-15T23:00:00,,,42.0
2026-02-07 22:00:00,30.0,-79.40148368665108,1.0,Tema Community 25 Estate,tabular,ridge_ar_lag_fourier,h168,2026-01-04T23:00:00,2026-01-18T23:00:00,2026-02-15T23:00:00,,,42.0
2026-02-07 23:00:00,23.6,-78.71927437819052,1.0,Tema Community 25 Estate,tabular,ridge_ar_lag_fourier,h168,2026-01-04T23:00:00,2026-01-18T23:00:00,2026-02-15T23:00:00,,,42.0
2026-02-08 00:00:00,21.0,-65.12986628174127,1.0,Tema Community 25 Estate,tabular,ridge_ar_lag_fourier,h168,2026-01-04T23:00:00,2026-01-18T23:00:00,2026-02-15T23:00:00,,,42.0
2026-02-08 01:00:00,25.8,-65.52889195152144,1.0,Tema Community 25 Estate,tabular,ridge_ar_lag_fourier,h168,2026-01-04T23:00:00,2026-01-18T23:00:00,2026-02-15T23:00:00,,,42.0
2026-02-08 02:00:00,21.8,-66.18776268123102,1.0,Tema Community 25 Estate,tabular,ridge_ar_lag_fourier,h168,2026-01-04T23:00:00,2026-01-18T23:00:00,2026-02-15T23:00:00,,,42.0
2026-02-08 03:00:00,21.2,-69.83583176667314,1.0,Tema Community 25 Estate,tabular,ridge_ar_lag_fourier,h168,2026-01-04T23:00:00,2026-01-18T23:00:00,2026-02-15T23:00:00,,,42.0
2026-02-08 04:00:00,24.4,-66.15977933717373,1.0,Tema Community 25 Estate,tabular,ridge_ar_lag_fourier,h168,2026-01-04T23:00:00,2026-01-18T23:00:00,2026-02-15T23:00:00,,,42.0
2026-02-08 05:00:00,42.8,-65.40535684195434,1.0,Tema Community 25 Estate,tabular,ridge_ar_lag_fourier,h168,2026-01-04T23:00:00,2026-01-18T23:00:00,2026-02-15T23:00:00,,,42.0
2026-02-08 06:00:00,44.0,-60.62228405788194,1.0,Tema Community 25 Estate,tabular,ridge_ar_lag_fourier,h168,2026-01-04T23:00:00,2026-01-18T23:00:00,2026-02-15T23:00:00,,,42.0
2026-02-08 07:00:00,43.3,-57.055760819255184,1.0,Tema Community 25 Estate,tabular,ridge_ar_lag_fourier,h168,2026-01-04T23:00:00,2026-01-18T23:00:00,2026-02-15T23:00:00,,,42.0
2026-02-08 08:00:00,30.7,-63.494353997877326,1.0,Tema Community 25 Estate,tabular,ridge_ar_lag_fourier,h168,2026-01-04T23:00:00,2026-01-18T23:00:00,2026-02-15T23:00:00,,,42.0
2026-02-08 09:00:00,24.8,-68.21811090340321,1.0,Tema Community 25 Estate,tabular,ridge_ar_lag_fourier,h168,2026-01-04T23:00:00,2026-01-18T23:00:00,2026-02-15T23:00:00,,,42.0
2026-02-08 10:00:00,22.9,-67.34197910584997,1.0,Tema Community 25 Estate,tabular,ridge_ar_lag_fourier,h168,2026-01-04T23:00:00,2026-01-18T23:00:00,2026-02-15T23:00:00,,,42.0
2026-02-08 11:00:00,20.4,-65.9564711238944,1.0,Tema Community 25 Estate,tabular,ridge_ar_lag_fourier,h168,2026-01-04T23:00:00,2026-01-18T23:00:00,2026-02-15T23:00:00,,,42.0
2026-02-08 12:00:00,20.2,-63.689674115828765,1.0,Tema Community 25 Estate,tabular,ridge_ar_lag_fourier,h168,2026-01-04T23:00:00,2026-01-18T23:00:00,2026-02-15T23:00:00,,,42.0
2026-02-08 13:00:00,17.8,-65.12405898744844,1.0,Tema Community 25 Estate,tabular,ridge_ar_lag_fourier,h168,2026-01-04T23:00:00,2026-01-18T23:00:00,2026-02-15T23:00:00,,,42.0
2026-02-08 14:00:00,16.1,-68.21949326531217,1.0,Tema Community 25 Estate,tabular,ridge_ar_lag_fourier,h168,2026-01-04T23:00:00,2026-01-18T23:00:00,2026-02-15T23:00:00,,,42.0
2026-02-08 15:00:00,13.7,-70.14490997965756,1.0,Tema Community 25 Estate,tabular,ridge_ar_lag_fourier,h168,2026-01-04T23:00:00,2026-01-18T23:00:00,2026-02-15T23:00:00,,,42.0
2026-02-08 16:00:00,13.0,-71.61782127019303,1.0,Tema Community 25 Estate,tabular,ridge_ar_lag_fourier,h168,2026-01-04T23:00:00,2026-01-18T23:00:00,2026-02-15T23:00:00,,,42.0
2026-02-08 17:00:00,14.6,-71.46120044805413,1.0,Tema Community 25 Estate,tabular,ridge_ar_lag_fourier,h168,2026-01-04T23:00:00,2026-01-18T23:00:00,2026-02-15T23:00:00,,,42.0
2026-02-08 18:00:00,14.8,-70.43850156865602,1.0,Tema Community 25 Estate,tabular,ridge_ar_lag_fourier,h168,2026-01-04T23:00:00,2026-01-18T23:00:00,2026-02-15T23:00:00,,,42.0
2026-02-08 19:00:00,16.9,-69.09314087842296,1.0,Tema Community 25 Estate,tabular,ridge_ar_lag_fourier,h168,2026-01-04T23:00:00,2026-01-18T23:00:00,2026-02-15T23:00:00,,,42.0
2026-02-08 20:00:00,17.6,-70.51274563203019,1.0,Tema Community 25 Estate,tabular,ridge_ar_lag_fourier,h168,2026-01-04T23:00:00,2026-01-18T23:00:00,2026-02-15T23:00:00,,,42.0
2026-02-08 21:00:00,19.4,-70.66995303875484,1.0,Tema Community 25 Estate,tabular,ridge_ar_lag_fourier,h168,2026-01-04T23:00:00,2026-01-18T23:00:00,2026-02-15T23:00:00,,,42.0
2026-02-08 22:00:00,15.3,-69.34896424303497,1.0,Tema Community 25 Estate,tabular,ridge_ar_lag_fourier,h168,2026-01-04T23:00:00,2026-01-18T23:00:00,2026-02-15T23:00:00,,,42.0
2026-02-08 23:00:00,13.1,-69.76512560148849,1.0,Tema Community 25 Estate,tabular,ridge_ar_lag_fourier,h168,2026-01-04T23:00:00,2026-01-18T23:00:00,2026-02-15T23:00:00,,,42.0
2026-02-09 00:00:00,14.0,-62.86565019309401,1.0,Tema Community 25 Estate,tabular,ridge_ar_lag_fourier,h168,2026-01-04T23:00:00,2026-01-18T23:00:00,2026-02-15T23:00:00,,,42.0
2026-02-09 01:00:00,16.7,-62.18651732131595,1.0,Tema Community 25 Estate,tabular,ridge_ar_lag_fourier,h168,2026-01-04T23:00:00,2026-01-18T23:00:00,2026-02-15T23:00:00,,,42.0
2026-02-09 02:00:00,14.1,-64.04059311870314,1.0,Tema Community 25 Estate,tabular,ridge_ar_lag_fourier,h168,2026-01-04T23:00:00,2026-01-18T23:00:00,2026-02-15T23:00:00,,,42.0
2026-02-09 03:00:00,15.3,-67.69221839999128,1.0,Tema Community 25 Estate,tabular,ridge_ar_lag_fourier,h168,2026-01-04T23:00:00,2026-01-18T23:00:00,2026-02-15T23:00:00,,,42.0
2026-02-09 04:00:00,15.6,-65.94346822700345,1.0,Tema Community 25 Estate,tabular,ridge_ar_lag_fourier,h168,2026-01-04T23:00:00,2026-01-18T23:00:00,2026-02-15T23:00:00,,,42.0
2026-02-09 05:00:00,22.7,-62.52763049876522,1.0,Tema Community 25 Estate,tabular,ridge_ar_lag_fourier,h168,2026-01-04T23:00:00,2026-01-18T23:00:00,2026-02-15T23:00:00,,,42.0
2026-02-09 06:00:00,25.4,-56.13878817858249,1.0,Tema Community 25 Estate,tabular,ridge_ar_lag_fourier,h168,2026-01-04T23:00:00,2026-01-18T23:00:00,2026-02-15T23:00:00,,,42.0
2026-02-09 07:00:00,25.9,-56.47355661512806,1.0,Tema Community 25 Estate,tabular,ridge_ar_lag_fourier,h168,2026-01-04T23:00:00,2026-01-18T23:00:00,2026-02-15T23:00:00,,,42.0
2026-02-09 08:00:00,19.8,-60.57813842254372,1.0,Tema Community 25 Estate,tabular,ridge_ar_lag_fourier,h168,2026-01-04T23:00:00,2026-01-18T23:00:00,2026-02-15T23:00:00,,,42.0
2026-02-09 09:00:00,19.9,-64.20893240707889,1.0,Tema Community 25 Estate,tabular,ridge_ar_lag_fourier,h168,2026-01-04T23:00:00,2026-01-18T23:00:00,2026-02-15T23:00:00,,,42.0
2026-02-09 10:00:00,20.3,-62.79550921358722,1.0,Tema Community 25 Estate,tabular,ridge_ar_lag_fourier,h168,2026-01-04T23:00:00,2026-01-18T23:00:00,2026-02-15T23:00:00,,,42.0
2026-02-09 11:00:00,23.8,-61.663430226712805,1.0,Tema Community 25 Estate,tabular,ridge_ar_lag_fourier,h168,2026-01-04T23:00:00,2026-01-18T23:00:00,2026-02-15T23:00:00,,,42.0
2026-02-09 12:00:00,18.1,-61.08895162687233,1.0,Tema Community 25 Estate,tabular,ridge_ar_lag_fourier,h168,2026-01-04T23:00:00,2026-01-18T23:00:00,2026-02-15T23:00:00,,,42.0
2026-02-09 13:00:00,15.1,-63.24418226311401,1.0,Tema Community 25 Estate,tabular,ridge_ar_lag_fourier,h168,2026-01-04T23:00:00,2026-01-18T23:00:00,2026-02-15T23:00:00,,,42.0
2026-02-09 14:00:00,14.4,-66.3569333652869,1.0,Tema Community 25 Estate,tabular,ridge_ar_lag_fourier,h168,2026-01-04T23:00:00,2026-01-18T23:00:00,2026-02-15T23:00:00,,,42.0
2026-02-09 15:00:00,14.5,-68.14649235112792,1.0,Tema Community 25 Estate,tabular,ridge_ar_lag_fourier,h168,2026-01-04T23:00:00,2026-01-18T23:00:00,2026-02-15T23:00:00,,,42.0
2026-02-09 16:00:00,14.7,-69.0927906487606,1.0,Tema Community 25 Estate,tabular,ridge_ar_lag_fourier,h168,2026-01-04T23:00:00,2026-01-18T23:00:00,2026-02-15T23:00:00,,,42.0
2026-02-09 17:00:00,17.7,-67.7385376594405,1.0,Tema Community 25 Estate,tabular,ridge_ar_lag_fourier,h168,2026-01-04T23:00:00,2026-01-18T23:00:00,2026-02-15T23:00:00,,,42.0
2026-02-09 18:00:00,23.5,-66.79050817905768,1.0,Tema Community 25 Estate,tabular,ridge_ar_lag_fourier,h168,2026-01-04T23:00:00,2026-01-18T23:00:00,2026-02-15T23:00:00,,,42.0
2026-02-09 19:00:00,15.9,-66.2743891414266,1.0,Tema Community 25 Estate,tabular,ridge_ar_lag_fourier,h168,2026-01-04T23:00:00,2026-01-18T23:00:00,2026-02-15T23:00:00,,,42.0
2026-02-09 20:00:00,16.3,-67.3718634032547,1.0,Tema Community 25 Estate,tabular,ridge_ar_lag_fourier,h168,2026-01-04T23:00:00,2026-01-18T23:00:00,2026-02-15T23:00:00,,,42.0
2026-02-09 21:00:00,17.3,-68.5917077725354,1.0,Tema Community 25 Estate,tabular,ridge_ar_lag_fourier,h168,2026-01-04T23:00:00,2026-01-18T23:00:00,2026-02-15T23:00:00,,,42.0
2026-02-09 22:00:00,13.7,-69.17011850535282,1.0,Tema Community 25 Estate,tabular,ridge_ar_lag_fourier,h168,2026-01-04T23:00:00,2026-01-18T23:00:00,2026-02-15T23:00:00,,,42.0
2026-02-09 23:00:00,19.4,-69.87822871706724,1.0,Tema Community 25 Estate,tabular,ridge_ar_lag_fourier,h168,2026-01-04T23:00:00,2026-01-18T23:00:00,2026-02-15T23:00:00,,,42.0
2026-02-10 00:00:00,14.9,-68.19865098238037,1.0,Tema Community 25 Estate,tabular,ridge_ar_lag_fourier,h168,2026-01-04T23:00:00,2026-01-18T23:00:00,2026-02-15T23:00:00,,,42.0
2026-02-10 01:00:00,13.6,-68.12224242574207,1.0,Tema Community 25 Estate,tabular,ridge_ar_lag_fourier,h168,2026-01-04T23:00:00,2026-01-18T23:00:00,2026-02-15T23:00:00,,,42.0
2026-02-10 02:00:00,14.8,-69.26409408003185,1.0,Tema Community 25 Estate,tabular,ridge_ar_lag_fourier,h168,2026-01-04T23:00:00,2026-01-18T23:00:00,2026-02-15T23:00:00,,,42.0
2026-02-10 03:00:00,9.7,-70.59328529188271,1.0,Tema Community 25 Estate,tabular,ridge_ar_lag_fourier,h168,2026-01-04T23:00:00,2026-01-18T23:00:00,2026-02-15T23:00:00,,,42.0
2026-02-10 04:00:00,11.9,-68.33084340216385,1.0,Tema Community 25 Estate,tabular,ridge_ar_lag_fourier,h168,2026-01-04T23:00:00,2026-01-18T23:00:00,2026-02-15T23:00:00,,,42.0
2026-02-10 05:00:00,23.8,-65.0145333186998,1.0,Tema Community 25 Estate,tabular,ridge_ar_lag_fourier,h168,2026-01-04T23:00:00,2026-01-18T23:00:00,2026-02-15T23:00:00,,,42.0
2026-02-10 06:00:00,32.7,-59.31709258978863,1.0,Tema Community 25 Estate,tabular,ridge_ar_lag_fourier,h168,2026-01-04T23:00:00,2026-01-18T23:00:00,2026-02-15T23:00:00,,,42.0
2026-02-10 07:00:00,30.7,-60.58884602515063,1.0,Tema Community 25 Estate,tabular,ridge_ar_lag_fourier,h168,2026-01-04T23:00:00,2026-01-18T23:00:00,2026-02-15T23:00:00,,,42.0
2026-02-10 08:00:00,20.8,-64.88871648668295,1.0,Tema Community 25 Estate,tabular,ridge_ar_lag_fourier,h168,2026-01-04T23:00:00,2026-01-18T23:00:00,2026-02-15T23:00:00,,,42.0
2026-02-10 09:00:00,15.8,-67.41222917949518,1.0,Tema Community 25 Estate,tabular,ridge_ar_lag_fourier,h168,2026-01-04T23:00:00,2026-01-18T23:00:00,2026-02-15T23:00:00,,,42.0
2026-02-10 10:00:00,22.1,-67.55081191710899,1.0,Tema Community 25 Estate,tabular,ridge_ar_lag_fourier,h168,2026-01-04T23:00:00,2026-01-18T23:00:00,2026-02-15T23:00:00,,,42.0
2026-02-10 11:00:00,18.0,-67.15711423861141,1.0,Tema Community 25 Estate,tabular,ridge_ar_lag_fourier,h168,2026-01-04T23:00:00,2026-01-18T23:00:00,2026-02-15T23:00:00,,,42.0
2026-02-10 12:00:00,16.5,-65.13172723904366,1.0,Tema Community 25 Estate,tabular,ridge_ar_lag_fourier,h168,2026-01-04T23:00:00,2026-01-18T23:00:00,2026-02-15T23:00:00,,,42.0
2026-02-10 13:00:00,16.7,-66.19882231166635,1.0,Tema Community 25 Estate,tabular,ridge_ar_lag_fourier,h168,2026-01-04T23:00:00,2026-01-18T23:00:00,2026-02-15T23:00:00,,,42.0
2026-02-10 14:00:00,16.4,-68.89835526410643,1.0,Tema Community 25 Estate,tabular,ridge_ar_lag_fourier,h168,2026-01-04T23:00:00,2026-01-18T23:00:00,2026-02-15T23:00:00,,,42.0
2026-02-10 15:00:00,15.0,-69.83242910727456,1.0,Tema Community 25 Estate,tabular,ridge_ar_lag_fourier,h168,2026-01-04T23:00:00,2026-01-18T23:00:00,2026-02-15T23:00:00,,,42.0
2026-02-10 16:00:00,14.3,-70.69221940884289,1.0,Tema Community 25 Estate,tabular,ridge_ar_lag_fourier,h168,2026-01-04T23:00:00,2026-01-18T23:00:00,2026-02-15T23:00:00,,,42.0
2026-02-10 17:00:00,70.7,-68.7960491320137,1.0,Tema Community 25 Estate,tabular,ridge_ar_lag_fourier,h168,2026-01-04T23:00:00,2026-01-18T23:00:00,2026-02-15T23:00:00,,,42.0
2026-02-10 18:00:00,7.3,-67.09265913808437,1.0,Tema Community 25 Estate,tabular,ridge_ar_lag_fourier,h168,2026-01-04T23:00:00,2026-01-18T23:00:00,2026-02-15T23:00:00,,,42.0
2026-02-10 19:00:00,2.4,-67.08931498208355,1.0,Tema Community 25 Estate,tabular,ridge_ar_lag_fourier,h168,2026-01-04T23:00:00,2026-01-18T23:00:00,2026-02-15T23:00:00,,,42.0
2026-02-10 20:00:00,11.3,-68.10166375573812,1.0,Tema Community 25 Estate,tabular,ridge_ar_lag_fourier,h168,2026-01-04T23:00:00,2026-01-18T23:00:00,2026-02-15T23:00:00,,,42.0
2026-02-10 21:00:00,8.7,-66.40893112234203,1.0,Tema Community 25 Estate,tabular,ridge_ar_lag_fourier,h168,2026-01-04T23:00:00,2026-01-18T23:00:00,2026-02-15T23:00:00,,,42.0
2026-02-10 22:00:00,4.6,-69.41912690444201,1.0,Tema Community 25 Estate,tabular,ridge_ar_lag_fourier,h168,2026-01-04T23:00:00,2026-01-18T23:00:00,2026-02-15T23:00:00,,,42.0
2026-02-10 23:00:00,4.2,-71.81204771752495,1.0,Tema Community 25 Estate,tabular,ridge_ar_lag_fourier,h168,2026-01-04T23:00:00,2026-01-18T23:00:00,2026-02-15T23:00:00,,,42.0
2026-02-11 00:00:00,8.5,-69.94316102913277,1.0,Tema Community 25 Estate,tabular,ridge_ar_lag_fourier,h168,2026-01-04T23:00:00,2026-01-18T23:00:00,2026-02-15T23:00:00,,,42.0
2026-02-11 01:00:00,8.0,-70.40183811304124,1.0,Tema Community 25 Estate,tabular,ridge_ar_lag_fourier,h168,2026-01-04T23:00:00,2026-01-18T23:00:00,2026-02-15T23:00:00,,,42.0
2026-02-11 02:00:00,11.5,-71.80405083553437,1.0,Tema Community 25 Estate,tabular,ridge_ar_lag_fourier,h168,2026-01-04T23:00:00,2026-01-18T23:00:00,2026-02-15T23:00:00,,,42.0
2026-02-11 03:00:00,19.2,-73.19023175092667,1.0,Tema Community 25 Estate,tabular,ridge_ar_lag_fourier,h168,2026-01-04T23:00:00,2026-01-18T23:00:00,2026-02-15T23:00:00,,,42.0
2026-02-11 04:00:00,24.3,-72.17601200565416,1.0,Tema Community 25 Estate,tabular,ridge_ar_lag_fourier,h168,2026-01-04T23:00:00,2026-01-18T23:00:00,2026-02-15T23:00:00,,,42.0
2026-02-11 05:00:00,38.1,-67.78165967310494,1.0,Tema Community 25 Estate,tabular,ridge_ar_lag_fourier,h168,2026-01-04T23:00:00,2026-01-18T23:00:00,2026-02-15T23:00:00,,,42.0
2026-02-11 06:00:00,22.1,-62.34405207214692,1.0,Tema Community 25 Estate,tabular,ridge_ar_lag_fourier,h168,2026-01-04T23:00:00,2026-01-18T23:00:00,2026-02-15T23:00:00,,,42.0
2026-02-11 07:00:00,15.0,-60.18052614912361,1.0,Tema Community 25 Estate,tabular,ridge_ar_lag_fourier,h168,2026-01-04T23:00:00,2026-01-18T23:00:00,2026-02-15T23:00:00,,,42.0
2026-02-11 08:00:00,23.9,-61.86792200708932,1.0,Tema Community 25 Estate,tabular,ridge_ar_lag_fourier,h168,2026-01-04T23:00:00,2026-01-18T23:00:00,2026-02-15T23:00:00,,,42.0
2026-02-11 09:00:00,42.6,-65.9929480809979,1.0,Tema Community 25 Estate,tabular,ridge_ar_lag_fourier,h168,2026-01-04T23:00:00,2026-01-18T23:00:00,2026-02-15T23:00:00,,,42.0
2026-02-11 10:00:00,19.7,-67.93316770436756,1.0,Tema Community 25 Estate,tabular,ridge_ar_lag_fourier,h168,2026-01-04T23:00:00,2026-01-18T23:00:00,2026-02-15T23:00:00,,,42.0
2026-02-11 11:00:00,23.6,-68.04338244276813,1.0,Tema Community 25 Estate,tabular,ridge_ar_lag_fourier,h168,2026-01-04T23:00:00,2026-01-18T23:00:00,2026-02-15T23:00:00,,,42.0
2026-02-11 12:00:00,25.2,-69.44878459233627,1.0,Tema Community 25 Estate,tabular,ridge_ar_lag_fourier,h168,2026-01-04T23:00:00,2026-01-18T23:00:00,2026-02-15T23:00:00,,,42.0
2026-02-11 13:00:00,21.0,-69.18699410139504,1.0,Tema Community 25 Estate,tabular,ridge_ar_lag_fourier,h168,2026-01-04T23:00:00,2026-01-18T23:00:00,2026-02-15T23:00:00,,,42.0
2026-02-11 14:00:00,24.2,-73.05188336913379,1.0,Tema Community 25 Estate,tabular,ridge_ar_lag_fourier,h168,2026-01-04T23:00:00,2026-01-18T23:00:00,2026-02-15T23:00:00,,,42.0
2026-02-11 15:00:00,23.9,-75.78618702504666,1.0,Tema Community 25 Estate,tabular,ridge_ar_lag_fourier,h168,2026-01-04T23:00:00,2026-01-18T23:00:00,2026-02-15T23:00:00,,,42.0
2026-02-11 16:00:00,20.2,-77.45192047569668,1.0,Tema Community 25 Estate,tabular,ridge_ar_lag_fourier,h168,2026-01-04T23:00:00,2026-01-18T23:00:00,2026-02-15T23:00:00,,,42.0
2026-02-11 17:00:00,17.6,-75.04504413838383,1.0,Tema Community 25 Estate,tabular,ridge_ar_lag_fourier,h168,2026-01-04T23:00:00,2026-01-18T23:00:00,2026-02-15T23:00:00,,,42.0
2026-02-11 18:00:00,17.8,-74.2983162492599,1.0,Tema Community 25 Estate,tabular,ridge_ar_lag_fourier,h168,2026-01-04T23:00:00,2026-01-18T23:00:00,2026-02-15T23:00:00,,,42.0
2026-02-11 19:00:00,37.7,-71.41567160675203,1.0,Tema Community 25 Estate,tabular,ridge_ar_lag_fourier,h168,2026-01-04T23:00:00,2026-01-18T23:00:00,2026-02-15T23:00:00,,,42.0
2026-02-11 20:00:00,41.9,-72.70792953062372,1.0,Tema Community 25 Estate,tabular,ridge_ar_lag_fourier,h168,2026-01-04T23:00:00,2026-01-18T23:00:00,2026-02-15T23:00:00,,,42.0
2026-02-11 21:00:00,28.4,-73.03531351201197,1.0,Tema Community 25 Estate,tabular,ridge_ar_lag_fourier,h168,2026-01-04T23:00:00,2026-01-18T23:00:00,2026-02-15T23:00:00,,,42.0
2026-02-11 22:00:00,41.7,-74.53444593976386,1.0,Tema Community 25 Estate,tabular,ridge_ar_lag_fourier,h168,2026-01-04T23:00:00,2026-01-18T23:00:00,2026-02-15T23:00:00,,,42.0
2026-02-11 23:00:00,83.5,-75.56194729791575,1.0,Tema Community 25 Estate,tabular,ridge_ar_lag_fourier,h168,2026-01-04T23:00:00,2026-01-18T23:00:00,2026-02-15T23:00:00,,,42.0
2026-02-12 00:00:00,54.3,-73.1456556447397,1.0,Tema Community 25 Estate,tabular,ridge_ar_lag_fourier,h168,2026-01-04T23:00:00,2026-01-18T23:00:00,2026-02-15T23:00:00,,,42.0
2026-02-12 01:00:00,50.1,-74.86892035950125,1.0,Tema Community 25 Estate,tabular,ridge_ar_lag_fourier,h168,2026-01-04T23:00:00,2026-01-18T23:00:00,2026-02-15T23:00:00,,,42.0
2026-02-12 02:00:00,49.6,-76.54346961394978,1.0,Tema Community 25 Estate,tabular,ridge_ar_lag_fourier,h168,2026-01-04T23:00:00,2026-01-18T23:00:00,2026-02-15T23:00:00,,,42.0
2026-02-12 03:00:00,51.1,-76.75778613966166,1.0,Tema Community 25 Estate,tabular,ridge_ar_lag_fourier,h168,2026-01-04T23:00:00,2026-01-18T23:00:00,2026-02-15T23:00:00,,,42.0
2026-02-12 04:00:00,46.0,-73.61976759435959,1.0,Tema Community 25 Estate,tabular,ridge_ar_lag_fourier,h168,2026-01-04T23:00:00,2026-01-18T23:00:00,2026-02-15T23:00:00,,,42.0
2026-02-12 05:00:00,46.2,-68.50682843365449,1.0,Tema Community 25 Estate,tabular,ridge_ar_lag_fourier,h168,2026-01-04T23:00:00,2026-01-18T23:00:00,2026-02-15T23:00:00,,,42.0
2026-02-12 06:00:00,54.1,-61.18206569725511,1.0,Tema Community 25 Estate,tabular,ridge_ar_lag_fourier,h168,2026-01-04T23:00:00,2026-01-18T23:00:00,2026-02-15T23:00:00,,,42.0
2026-02-12 07:00:00,50.8,-58.823678815969885,1.0,Tema Community 25 Estate,tabular,ridge_ar_lag_fourier,h168,2026-01-04T23:00:00,2026-01-18T23:00:00,2026-02-15T23:00:00,,,42.0
2026-02-12 08:00:00,22.7,-65.75559865699041,1.0,Tema Community 25 Estate,tabular,ridge_ar_lag_fourier,h168,2026-01-04T23:00:00,2026-01-18T23:00:00,2026-02-15T23:00:00,,,42.0
2026-02-12 09:00:00,15.4,-69.37203377087228,1.0,Tema Community 25 Estate,tabular,ridge_ar_lag_fourier,h168,2026-01-04T23:00:00,2026-01-18T23:00:00,2026-02-15T23:00:00,,,42.0
2026-02-12 10:00:00,11.2,-71.60420894368708,1.0,Tema Community 25 Estate,tabular,ridge_ar_lag_fourier,h168,2026-01-04T23:00:00,2026-01-18T23:00:00,2026-02-15T23:00:00,,,42.0
2026-02-12 11:00:00,5.3,-72.1575311195026,1.0,Tema Community 25 Estate,tabular,ridge_ar_lag_fourier,h168,2026-01-04T23:00:00,2026-01-18T23:00:00,2026-02-15T23:00:00,,,42.0
2026-02-12 12:00:00,6.3,-74.37486379882463,1.0,Tema Community 25 Estate,tabular,ridge_ar_lag_fourier,h168,2026-01-04T23:00:00,2026-01-18T23:00:00,2026-02-15T23:00:00,,,42.0
2026-02-12 13:00:00,8.5,-74.30284848201006,1.0,Tema Community 25 Estate,tabular,ridge_ar_lag_fourier,h168,2026-01-04T23:00:00,2026-01-18T23:00:00,2026-02-15T23:00:00,,,42.0
2026-02-12 14:00:00,9.3,-76.33538449729359,1.0,Tema Community 25 Estate,tabular,ridge_ar_lag_fourier,h168,2026-01-04T23:00:00,2026-01-18T23:00:00,2026-02-15T23:00:00,,,42.0
2026-02-12 15:00:00,8.6,-76.76393124944255,1.0,Tema Community 25 Estate,tabular,ridge_ar_lag_fourier,h168,2026-01-04T23:00:00,2026-01-18T23:00:00,2026-02-15T23:00:00,,,42.0
2026-02-12 16:00:00,7.9,-76.79063972587527,1.0,Tema Community 25 Estate,tabular,ridge_ar_lag_fourier,h168,2026-01-04T23:00:00,2026-01-18T23:00:00,2026-02-15T23:00:00,,,42.0
2026-02-12 17:00:00,9.6,-73.66660201544067,1.0,Tema Community 25 Estate,tabular,ridge_ar_lag_fourier,h168,2026-01-04T23:00:00,2026-01-18T23:00:00,2026-02-15T23:00:00,,,42.0
2026-02-12 18:00:00,12.1,-70.82049806315435,1.0,Tema Community 25 Estate,tabular,ridge_ar_lag_fourier,h168,2026-01-04T23:00:00,2026-01-18T23:00:00,2026-02-15T23:00:00,,,42.0
2026-02-12 19:00:00,19.6,-72.4865600615971,1.0,Tema Community 25 Estate,tabular,ridge_ar_lag_fourier,h168,2026-01-04T23:00:00,2026-01-18T23:00:00,2026-02-15T23:00:00,,,42.0
2026-02-12 20:00:00,15.9,-74.18351323609114,1.0,Tema Community 25 Estate,tabular,ridge_ar_lag_fourier,h168,2026-01-04T23:00:00,2026-01-18T23:00:00,2026-02-15T23:00:00,,,42.0
2026-02-12 21:00:00,8.6,-75.17081637294491,1.0,Tema Community 25 Estate,tabular,ridge_ar_lag_fourier,h168,2026-01-04T23:00:00,2026-01-18T23:00:00,2026-02-15T23:00:00,,,42.0
2026-02-12 22:00:00,12.4,-76.57949478028083,1.0,Tema Community 25 Estate,tabular,ridge_ar_lag_fourier,h168,2026-01-04T23:00:00,2026-01-18T23:00:00,2026-02-15T23:00:00,,,42.0
2026-02-12 23:00:00,17.4,-75.66629857823212,1.0,Tema Community 25 Estate,tabular,ridge_ar_lag_fourier,h168,2026-01-04T23:00:00,2026-01-18T23:00:00,2026-02-15T23:00:00,,,42.0
2026-02-13 00:00:00,14.2,-72.07863360102735,1.0,Tema Community 25 Estate,tabular,ridge_ar_lag_fourier,h168,2026-01-04T23:00:00,2026-01-18T23:00:00,2026-02-15T23:00:00,,,42.0
2026-02-13 01:00:00,10.5,-72.48316029526278,1.0,Tema Community 25 Estate,tabular,ridge_ar_lag_fourier,h168,2026-01-04T23:00:00,2026-01-18T23:00:00,2026-02-15T23:00:00,,,42.0
2026-02-13 02:00:00,16.7,-73.79108305424208,1.0,Tema Community 25 Estate,tabular,ridge_ar_lag_fourier,h168,2026-01-04T23:00:00,2026-01-18T23:00:00,2026-02-15T23:00:00,,,42.0
2026-02-13 03:00:00,17.5,-72.13130259845413,1.0,Tema Community 25 Estate,tabular,ridge_ar_lag_fourier,h168,2026-01-04T23:00:00,2026-01-18T23:00:00,2026-02-15T23:00:00,,,42.0
2026-02-13 04:00:00,29.8,-71.42532260293167,1.0,Tema Community 25 Estate,tabular,ridge_ar_lag_fourier,h168,2026-01-04T23:00:00,2026-01-18T23:00:00,2026-02-15T23:00:00,,,42.0
2026-02-13 05:00:00,23.2,-67.71259553858756,1.0,Tema Community 25 Estate,tabular,ridge_ar_lag_fourier,h168,2026-01-04T23:00:00,2026-01-18T23:00:00,2026-02-15T23:00:00,,,42.0
2026-02-13 06:00:00,29.1,-60.62397164203401,1.0,Tema Community 25 Estate,tabular,ridge_ar_lag_fourier,h168,2026-01-04T23:00:00,2026-01-18T23:00:00,2026-02-15T23:00:00,,,42.0
2026-02-13 07:00:00,22.9,-58.35634898325897,1.0,Tema Community 25 Estate,tabular,ridge_ar_lag_fourier,h168,2026-01-04T23:00:00,2026-01-18T23:00:00,2026-02-15T23:00:00,,,42.0
2026-02-13 08:00:00,10.4,-68.36140045352211,1.0,Tema Community 25 Estate,tabular,ridge_ar_lag_fourier,h168,2026-01-04T23:00:00,2026-01-18T23:00:00,2026-02-15T23:00:00,,,42.0
2026-02-13 09:00:00,10.2,-71.71651377797012,1.0,Tema Community 25 Estate,tabular,ridge_ar_lag_fourier,h168,2026-01-04T23:00:00,2026-01-18T23:00:00,2026-02-15T23:00:00,,,42.0
2026-02-13 10:00:00,13.2,-71.71730536252733,1.0,Tema Community 25 Estate,tabular,ridge_ar_lag_fourier,h168,2026-01-04T23:00:00,2026-01-18T23:00:00,2026-02-15T23:00:00,,,42.0
2026-02-13 11:00:00,11.4,-71.92095268474075,1.0,Tema Community 25 Estate,tabular,ridge_ar_lag_fourier,h168,2026-01-04T23:00:00,2026-01-18T23:00:00,2026-02-15T23:00:00,,,42.0
2026-02-13 12:00:00,8.8,-73.11258645572231,1.0,Tema Community 25 Estate,tabular,ridge_ar_lag_fourier,h168,2026-01-04T23:00:00,2026-01-18T23:00:00,2026-02-15T23:00:00,,,42.0
2026-02-13 13:00:00,5.8,-75.94789194188165,1.0,Tema Community 25 Estate,tabular,ridge_ar_lag_fourier,h168,2026-01-04T23:00:00,2026-01-18T23:00:00,2026-02-15T23:00:00,,,42.0
2026-02-13 14:00:00,5.1,-76.20125683956076,1.0,Tema Community 25 Estate,tabular,ridge_ar_lag_fourier,h168,2026-01-04T23:00:00,2026-01-18T23:00:00,2026-02-15T23:00:00,,,42.0
2026-02-13 15:00:00,6.6,-76.4497219742529,1.0,Tema Community 25 Estate,tabular,ridge_ar_lag_fourier,h168,2026-01-04T23:00:00,2026-01-18T23:00:00,2026-02-15T23:00:00,,,42.0
2026-02-13 16:00:00,6.4,-76.60346409914294,1.0,Tema Community 25 Estate,tabular,ridge_ar_lag_fourier,h168,2026-01-04T23:00:00,2026-01-18T23:00:00,2026-02-15T23:00:00,,,42.0
2026-02-13 17:00:00,8.3,-74.55946750725681,1.0,Tema Community 25 Estate,tabular,ridge_ar_lag_fourier,h168,2026-01-04T23:00:00,2026-01-18T23:00:00,2026-02-15T23:00:00,,,42.0
2026-02-13 18:00:00,10.5,-74.46014911491572,1.0,Tema Community 25 Estate,tabular,ridge_ar_lag_fourier,h168,2026-01-04T23:00:00,2026-01-18T23:00:00,2026-02-15T23:00:00,,,42.0
2026-02-13 19:00:00,11.2,-75.96586768878294,1.0,Tema Community 25 Estate,tabular,ridge_ar_lag_fourier,h168,2026-01-04T23:00:00,2026-01-18T23:00:00,2026-02-15T23:00:00,,,42.0
2026-02-13 20:00:00,12.0,-76.89127201861919,1.0,Tema Community 25 Estate,tabular,ridge_ar_lag_fourier,h168,2026-01-04T23:00:00,2026-01-18T23:00:00,2026-02-15T23:00:00,,,42.0
2026-02-13 21:00:00,8.7,-77.37100939049209,1.0,Tema Community 25 Estate,tabular,ridge_ar_lag_fourier,h168,2026-01-04T23:00:00,2026-01-18T23:00:00,2026-02-15T23:00:00,,,42.0
2026-02-13 22:00:00,6.4,-77.85084550781183,1.0,Tema Community 25 Estate,tabular,ridge_ar_lag_fourier,h168,2026-01-04T23:00:00,2026-01-18T23:00:00,2026-02-15T23:00:00,,,42.0
2026-02-13 23:00:00,6.5,-75.86339116850671,1.0,Tema Community 25 Estate,tabular,ridge_ar_lag_fourier,h168,2026-01-04T23:00:00,2026-01-18T23:00:00,2026-02-15T23:00:00,,,42.0
2026-02-14 00:00:00,6.9,-73.09351882815174,1.0,Tema Community 25 Estate,tabular,ridge_ar_lag_fourier,h168,2026-01-04T23:00:00,2026-01-18T23:00:00,2026-02-15T23:00:00,,,42.0
2026-02-14 01:00:00,13.6,-72.94998682969329,1.0,Tema Community 25 Estate,tabular,ridge_ar_lag_fourier,h168,2026-01-04T23:00:00,2026-01-18T23:00:00,2026-02-15T23:00:00,,,42.0
2026-02-14 02:00:00,7.8,-74.23316190253566,1.0,Tema Community 25 Estate,tabular,ridge_ar_lag_fourier,h168,2026-01-04T23:00:00,2026-01-18T23:00:00,2026-02-15T23:00:00,,,42.0
2026-02-14 03:00:00,4.4,-74.01318441512176,1.0,Tema Community 25 Estate,tabular,ridge_ar_lag_fourier,h168,2026-01-04T23:00:00,2026-01-18T23:00:00,2026-02-15T23:00:00,,,42.0
2026-02-14 04:00:00,7.4,-72.54644931034268,1.0,Tema Community 25 Estate,tabular,ridge_ar_lag_fourier,h168,2026-01-04T23:00:00,2026-01-18T23:00:00,2026-02-15T23:00:00,,,42.0
2026-02-14 05:00:00,12.7,-68.00897505699407,1.0,Tema Community 25 Estate,tabular,ridge_ar_lag_fourier,h168,2026-01-04T23:00:00,2026-01-18T23:00:00,2026-02-15T23:00:00,,,42.0
2026-02-14 06:00:00,17.7,-61.602058605728104,1.0,Tema Community 25 Estate,tabular,ridge_ar_lag_fourier,h168,2026-01-04T23:00:00,2026-01-18T23:00:00,2026-02-15T23:00:00,,,42.0
2026-02-14 07:00:00,20.0,-60.59443662835521,1.0,Tema Community 25 Estate,tabular,ridge_ar_lag_fourier,h168,2026-01-04T23:00:00,2026-01-18T23:00:00,2026-02-15T23:00:00,,,42.0
2026-02-14 08:00:00,15.1,-69.71403641259509,1.0,Tema Community 25 Estate,tabular,ridge_ar_lag_fourier,h168,2026-01-04T23:00:00,2026-01-18T23:00:00,2026-02-15T23:00:00,,,42.0
2026-02-14 09:00:00,13.9,-74.11374040945509,1.0,Tema Community 25 Estate,tabular,ridge_ar_lag_fourier,h168,2026-01-04T23:00:00,2026-01-18T23:00:00,2026-02-15T23:00:00,,,42.0
2026-02-14 10:00:00,10.2,-74.01311462319676,1.0,Tema Community 25 Estate,tabular,ridge_ar_lag_fourier,h168,2026-01-04T23:00:00,2026-01-18T23:00:00,2026-02-15T23:00:00,,,42.0
2026-02-14 11:00:00,12.8,-74.38759809424779,1.0,Tema Community 25 Estate,tabular,ridge_ar_lag_fourier,h168,2026-01-04T23:00:00,2026-01-18T23:00:00,2026-02-15T23:00:00,,,42.0
2026-02-14 12:00:00,20.7,-75.7281370586067,1.0,Tema Community 25 Estate,tabular,ridge_ar_lag_fourier,h168,2026-01-04T23:00:00,2026-01-18T23:00:00,2026-02-15T23:00:00,,,42.0
2026-02-14 13:00:00,17.3,-78.78418815215734,1.0,Tema Community 25 Estate,tabular,ridge_ar_lag_fourier,h168,2026-01-04T23:00:00,2026-01-18T23:00:00,2026-02-15T23:00:00,,,42.0
2026-02-14 14:00:00,10.9,-79.40225711417874,1.0,Tema Community 25 Estate,tabular,ridge_ar_lag_fourier,h168,2026-01-04T23:00:00,2026-01-18T23:00:00,2026-02-15T23:00:00,,,42.0
2026-02-14 15:00:00,12.4,-80.24582317123733,1.0,Tema Community 25 Estate,tabular,ridge_ar_lag_fourier,h168,2026-01-04T23:00:00,2026-01-18T23:00:00,2026-02-15T23:00:00,,,42.0
2026-02-14 16:00:00,22.3,-80.61275561171799,1.0,Tema Community 25 Estate,tabular,ridge_ar_lag_fourier,h168,2026-01-04T23:00:00,2026-01-18T23:00:00,2026-02-15T23:00:00,,,42.0
2026-02-14 17:00:00,29.8,-77.88509116049077,1.0,Tema Community 25 Estate,tabular,ridge_ar_lag_fourier,h168,2026-01-04T23:00:00,2026-01-18T23:00:00,2026-02-15T23:00:00,,,42.0
2026-02-14 18:00:00,34.8,-76.80126425929971,1.0,Tema Community 25 Estate,tabular,ridge_ar_lag_fourier,h168,2026-01-04T23:00:00,2026-01-18T23:00:00,2026-02-15T23:00:00,,,42.0
2026-02-14 19:00:00,63.6,-76.10445031021712,1.0,Tema Community 25 Estate,tabular,ridge_ar_lag_fourier,h168,2026-01-04T23:00:00,2026-01-18T23:00:00,2026-02-15T23:00:00,,,42.0
2026-02-14 20:00:00,79.6,-76.91181426115865,1.0,Tema Community 25 Estate,tabular,ridge_ar_lag_fourier,h168,2026-01-04T23:00:00,2026-01-18T23:00:00,2026-02-15T23:00:00,,,42.0
2026-02-14 21:00:00,92.1,-76.06828520094915,1.0,Tema Community 25 Estate,tabular,ridge_ar_lag_fourier,h168,2026-01-04T23:00:00,2026-01-18T23:00:00,2026-02-15T23:00:00,,,42.0
2026-02-14 22:00:00,64.4,-77.46987999656496,1.0,Tema Community 25 Estate,tabular,ridge_ar_lag_fourier,h168,2026-01-04T23:00:00,2026-01-18T23:00:00,2026-02-15T23:00:00,,,42.0
2026-02-14 23:00:00,49.1,-75.78643406094088,1.0,Tema Community 25 Estate,tabular,ridge_ar_lag_fourier,h168,2026-01-04T23:00:00,2026-01-18T23:00:00,2026-02-15T23:00:00,,,42.0
2026-02-15 00:00:00,35.1,-72.4929494997006,1.0,Tema Community 25 Estate,tabular,ridge_ar_lag_fourier,h168,2026-01-04T23:00:00,2026-01-18T23:00:00,2026-02-15T23:00:00,,,42.0
2026-02-15 01:00:00,31.7,-76.16286597270748,1.0,Tema Community 25 Estate,tabular,ridge_ar_lag_fourier,h168,2026-01-04T23:00:00,2026-01-18T23:00:00,2026-02-15T23:00:00,,,42.0
2026-02-15 02:00:00,30.7,-76.75396591240131,1.0,Tema Community 25 Estate,tabular,ridge_ar_lag_fourier,h168,2026-01-04T23:00:00,2026-01-18T23:00:00,2026-02-15T23:00:00,,,42.0
2026-02-15 03:00:00,51.9,-75.94764111383965,1.0,Tema Community 25 Estate,tabular,ridge_ar_lag_fourier,h168,2026-01-04T23:00:00,2026-01-18T23:00:00,2026-02-15T23:00:00,,,42.0
2026-02-15 04:00:00,39.5,-74.11541088076739,1.0,Tema Community 25 Estate,tabular,ridge_ar_lag_fourier,h168,2026-01-04T23:00:00,2026-01-18T23:00:00,2026-02-15T23:00:00,,,42.0
2026-02-15 05:00:00,45.6,-72.29181218156359,1.0,Tema Community 25 Estate,tabular,ridge_ar_lag_fourier,h168,2026-01-04T23:00:00,2026-01-18T23:00:00,2026-02-15T23:00:00,,,42.0
2026-02-15 06:00:00,63.8,-63.26822786821849,1.0,Tema Community 25 Estate,tabular,ridge_ar_lag_fourier,h168,2026-01-04T23:00:00,2026-01-18T23:00:00,2026-02-15T23:00:00,,,42.0
2026-02-15 07:00:00,40.5,-61.0007140647468,1.0,Tema Community 25 Estate,tabular,ridge_ar_lag_fourier,h168,2026-01-04T23:00:00,2026-01-18T23:00:00,2026-02-15T23:00:00,,,42.0
2026-02-15 08:00:00,20.7,-69.26187733920581,1.0,Tema Community 25 Estate,tabular,ridge_ar_lag_fourier,h168,2026-01-04T23:00:00,2026-01-18T23:00:00,2026-02-15T23:00:00,,,42.0
2026-02-15 09:00:00,17.3,-75.30577610347619,1.0,Tema Community 25 Estate,tabular,ridge_ar_lag_fourier,h168,2026-01-04T23:00:00,2026-01-18T23:00:00,2026-02-15T23:00:00,,,42.0
2026-02-15 10:00:00,14.7,-74.89676935187242,1.0,Tema Community 25 Estate,tabular,ridge_ar_lag_fourier,h168,2026-01-04T23:00:00,2026-01-18T23:00:00,2026-02-15T23:00:00,,,42.0
2026-02-15 11:00:00,13.1,-76.2137258496296,1.0,Tema Community 25 Estate,tabular,ridge_ar_lag_fourier,h168,2026-01-04T23:00:00,2026-01-18T23:00:00,2026-02-15T23:00:00,,,42.0
2026-02-15 12:00:00,12.2,-77.28529719607077,1.0,Tema Community 25 Estate,tabular,ridge_ar_lag_fourier,h168,2026-01-04T23:00:00,2026-01-18T23:00:00,2026-02-15T23:00:00,,,42.0
2026-02-15 13:00:00,14.0,-78.699528588773,1.0,Tema Community 25 Estate,tabular,ridge_ar_lag_fourier,h168,2026-01-04T23:00:00,2026-01-18T23:00:00,2026-02-15T23:00:00,,,42.0
2026-02-15 14:00:00,10.5,-80.21789087926103,1.0,Tema Community 25 Estate,tabular,ridge_ar_lag_fourier,h168,2026-01-04T23:00:00,2026-01-18T23:00:00,2026-02-15T23:00:00,,,42.0
2026-02-15 15:00:00,8.6,-81.98169544230213,1.0,Tema Community 25 Estate,tabular,ridge_ar_lag_fourier,h168,2026-01-04T23:00:00,2026-01-18T23:00:00,2026-02-15T23:00:00,,,42.0
2026-02-15 16:00:00,7.6,-84.33884994273659,1.0,Tema Community 25 Estate,tabular,ridge_ar_lag_fourier,h168,2026-01-04T23:00:00,2026-01-18T23:00:00,2026-02-15T23:00:00,,,42.0
2026-02-15 17:00:00,8.0,-82.34829529543724,1.0,Tema Community 25 Estate,tabular,ridge_ar_lag_fourier,h168,2026-01-04T23:00:00,2026-01-18T23:00:00,2026-02-15T23:00:00,,,42.0
2026-02-15 18:00:00,7.2,-82.4210386436279,1.0,Tema Community 25 Estate,tabular,ridge_ar_lag_fourier,h168,2026-01-04T23:00:00,2026-01-18T23:00:00,2026-02-15T23:00:00,,,42.0
2026-02-15 19:00:00,9.0,-79.565418605904,1.0,Tema Community 25 Estate,tabular,ridge_ar_lag_fourier,h168,2026-01-04T23:00:00,2026-01-18T23:00:00,2026-02-15T23:00:00,,,42.0
2026-02-15 20:00:00,8.9,-79.28869857196857,1.0,Tema Community 25 Estate,tabular,ridge_ar_lag_fourier,h168,2026-01-04T23:00:00,2026-01-18T23:00:00,2026-02-15T23:00:00,,,42.0
2026-02-15 21:00:00,12.1,-79.16171746143668,1.0,Tema Community 25 Estate,tabular,ridge_ar_lag_fourier,h168,2026-01-04T23:00:00,2026-01-18T23:00:00,2026-02-15T23:00:00,,,42.0
2026-02-15 22:00:00,15.0,-79.35629181644119,1.0,Tema Community 25 Estate,tabular,ridge_ar_lag_fourier,h168,2026-01-04T23:00:00,2026-01-18T23:00:00,2026-02-15T23:00:00,,,42.0
2026-02-15 23:00:00,14.2,-79.02072907635217,1.0,Tema Community 25 Estate,tabular,ridge_ar_lag_fourier,h168,2026-01-04T23:00:00,2026-01-18T23:00:00,2026-02-15T23:00:00,,,42.0
2026-01-18 23:00:00,44.8,-62.195736705979456,1.0,Tema Community 3 SSNIT Flat,tabular,ridge_ar_lag_fourier,h168,2026-01-04T23:00:00,2026-01-18T23:00:00,2026-02-15T23:00:00,,,42.0
2026-01-19 00:00:00,53.9,-52.24822360483513,1.0,Tema Community 3 SSNIT Flat,tabular,ridge_ar_lag_fourier,h168,2026-01-04T23:00:00,2026-01-18T23:00:00,2026-02-15T23:00:00,,,42.0
2026-01-19 01:00:00,81.0,-53.19423589572162,1.0,Tema Community 3 SSNIT Flat,tabular,ridge_ar_lag_fourier,h168,2026-01-04T23:00:00,2026-01-18T23:00:00,2026-02-15T23:00:00,,,42.0
2026-01-19 02:00:00,78.4,-46.603988921494036,1.0,Tema Community 3 SSNIT Flat,tabular,ridge_ar_lag_fourier,h168,2026-01-04T23:00:00,2026-01-18T23:00:00,2026-02-15T23:00:00,,,42.0
2026-01-19 03:00:00,44.2,-49.30497723668728,1.0,Tema Community 3 SSNIT Flat,tabular,ridge_ar_lag_fourier,h168,2026-01-04T23:00:00,2026-01-18T23:00:00,2026-02-15T23:00:00,,,42.0
2026-01-19 04:00:00,44.5,-48.10048831165223,1.0,Tema Community 3 SSNIT Flat,tabular,ridge_ar_lag_fourier,h168,2026-01-04T23:00:00,2026-01-18T23:00:00,2026-02-15T23:00:00,,,42.0
2026-01-19 05:00:00,45.4,-43.99947729328531,1.0,Tema Community 3 SSNIT Flat,tabular,ridge_ar_lag_fourier,h168,2026-01-04T23:00:00,2026-01-18T23:00:00,2026-02-15T23:00:00,,,42.0
2026-01-19 06:00:00,57.0,-44.979693247604686,1.0,Tema Community 3 SSNIT Flat,tabular,ridge_ar_lag_fourier,h168,2026-01-04T23:00:00,2026-01-18T23:00:00,2026-02-15T23:00:00,,,42.0
2026-01-19 07:00:00,51.5,-46.14225133040435,1.0,Tema Community 3 SSNIT Flat,tabular,ridge_ar_lag_fourier,h168,2026-01-04T23:00:00,2026-01-18T23:00:00,2026-02-15T23:00:00,,,42.0
2026-01-19 08:00:00,50.8,-49.07399138783633,1.0,Tema Community 3 SSNIT Flat,tabular,ridge_ar_lag_fourier,h168,2026-01-04T23:00:00,2026-01-18T23:00:00,2026-02-15T23:00:00,,,42.0
2026-01-19 09:00:00,50.6,-48.81690695604881,1.0,Tema Community 3 SSNIT Flat,tabular,ridge_ar_lag_fourier,h168,2026-01-04T23:00:00,2026-01-18T23:00:00,2026-02-15T23:00:00,,,42.0
2026-01-19 10:00:00,37.5,-52.721983480169115,1.0,Tema Community 3 SSNIT Flat,tabular,ridge_ar_lag_fourier,h168,2026-01-04T23:00:00,2026-01-18T23:00:00,2026-02-15T23:00:00,,,42.0
2026-01-19 11:00:00,35.7,-56.55836877033535,1.0,Tema Community 3 SSNIT Flat,tabular,ridge_ar_lag_fourier,h168,2026-01-04T23:00:00,2026-01-18T23:00:00,2026-02-15T23:00:00,,,42.0
2026-01-19 12:00:00,37.7,-44.691069845102604,1.0,Tema Community 3 SSNIT Flat,tabular,ridge_ar_lag_fourier,h168,2026-01-04T23:00:00,2026-01-18T23:00:00,2026-02-15T23:00:00,,,42.0
2026-01-19 13:00:00,34.1,-52.92094239461461,1.0,Tema Community 3 SSNIT Flat,tabular,ridge_ar_lag_fourier,h168,2026-01-04T23:00:00,2026-01-18T23:00:00,2026-02-15T23:00:00,,,42.0
2026-01-19 14:00:00,34.5,-62.4161950586701,1.0,Tema Community 3 SSNIT Flat,tabular,ridge_ar_lag_fourier,h168,2026-01-04T23:00:00,2026-01-18T23:00:00,2026-02-15T23:00:00,,,42.0
2026-01-19 15:00:00,37.1,-66.21091303406901,1.0,Tema Community 3 SSNIT Flat,tabular,ridge_ar_lag_fourier,h168,2026-01-04T23:00:00,2026-01-18T23:00:00,2026-02-15T23:00:00,,,42.0
2026-01-19 16:00:00,34.6,-66.82140308567047,1.0,Tema Community 3 SSNIT Flat,tabular,ridge_ar_lag_fourier,h168,2026-01-04T23:00:00,2026-01-18T23:00:00,2026-02-15T23:00:00,,,42.0
2026-01-19 17:00:00,34.3,-65.42028155849096,1.0,Tema Community 3 SSNIT Flat,tabular,ridge_ar_lag_fourier,h168,2026-01-04T23:00:00,2026-01-18T23:00:00,2026-02-15T23:00:00,,,42.0
2026-01-19 18:00:00,35.1,-64.78153701122544,1.0,Tema Community 3 SSNIT Flat,tabular,ridge_ar_lag_fourier,h168,2026-01-04T23:00:00,2026-01-18T23:00:00,2026-02-15T23:00:00,,,42.0
2026-01-19 19:00:00,35.3,-65.2843639029351,1.0,Tema Community 3 SSNIT Flat,tabular,ridge_ar_lag_fourier,h168,2026-01-04T23:00:00,2026-01-18T23:00:00,2026-02-15T23:00:00,,,42.0
2026-01-19 20:00:00,32.9,-66.1837863251357,1.0,Tema Community 3 SSNIT Flat,tabular,ridge_ar_lag_fourier,h168,2026-01-04T23:00:00,2026-01-18T23:00:00,2026-02-15T23:00:00,,,42.0
2026-01-19 21:00:00,33.8,-63.68548176015095,1.0,Tema Community 3 SSNIT Flat,tabular,ridge_ar_lag_fourier,h168,2026-01-04T23:00:00,2026-01-18T23:00:00,2026-02-15T23:00:00,,,42.0
2026-01-19 22:00:00,34.1,-58.82954907488313,1.0,Tema Community 3 SSNIT Flat,tabular,ridge_ar_lag_fourier,h168,2026-01-04T23:00:00,2026-01-18T23:00:00,2026-02-15T23:00:00,,,42.0
2026-01-19 23:00:00,32.5,-57.325355556820725,1.0,Tema Community 3 SSNIT Flat,tabular,ridge_ar_lag_fourier,h168,2026-01-04T23:00:00,2026-01-18T23:00:00,2026-02-15T23:00:00,,,42.0
2026-01-20 00:00:00,36.9,-53.69577588698121,1.0,Tema Community 3 SSNIT Flat,tabular,ridge_ar_lag_fourier,h168,2026-01-04T23:00:00,2026-01-18T23:00:00,2026-02-15T23:00:00,,,42.0
2026-01-20 01:00:00,34.9,-54.22921625291988,1.0,Tema Community 3 SSNIT Flat,tabular,ridge_ar_lag_fourier,h168,2026-01-04T23:00:00,2026-01-18T23:00:00,2026-02-15T23:00:00,,,42.0
2026-01-20 02:00:00,39.1,-51.00738193444421,1.0,Tema Community 3 SSNIT Flat,tabular,ridge_ar_lag_fourier,h168,2026-01-04T23:00:00,2026-01-18T23:00:00,2026-02-15T23:00:00,,,42.0
2026-01-20 03:00:00,41.6,-49.14735422058483,1.0,Tema Community 3 SSNIT Flat,tabular,ridge_ar_lag_fourier,h168,2026-01-04T23:00:00,2026-01-18T23:00:00,2026-02-15T23:00:00,,,42.0
2026-01-20 04:00:00,38.3,-44.15966049298943,1.0,Tema Community 3 SSNIT Flat,tabular,ridge_ar_lag_fourier,h168,2026-01-04T23:00:00,2026-01-18T23:00:00,2026-02-15T23:00:00,,,42.0
2026-01-20 05:00:00,40.8,-46.80974386605759,1.0,Tema Community 3 SSNIT Flat,tabular,ridge_ar_lag_fourier,h168,2026-01-04T23:00:00,2026-01-18T23:00:00,2026-02-15T23:00:00,,,42.0
2026-01-20 06:00:00,42.9,-41.85755496923352,1.0,Tema Community 3 SSNIT Flat,tabular,ridge_ar_lag_fourier,h168,2026-01-04T23:00:00,2026-01-18T23:00:00,2026-02-15T23:00:00,,,42.0
2026-01-20 07:00:00,44.1,-44.143820609829234,1.0,Tema Community 3 SSNIT Flat,tabular,ridge_ar_lag_fourier,h168,2026-01-04T23:00:00,2026-01-18T23:00:00,2026-02-15T23:00:00,,,42.0
2026-01-20 08:00:00,42.4,-49.56605431077317,1.0,Tema Community 3 SSNIT Flat,tabular,ridge_ar_lag_fourier,h168,2026-01-04T23:00:00,2026-01-18T23:00:00,2026-02-15T23:00:00,,,42.0
2026-01-20 09:00:00,40.3,-50.56759039967831,1.0,Tema Community 3 SSNIT Flat,tabular,ridge_ar_lag_fourier,h168,2026-01-04T23:00:00,2026-01-18T23:00:00,2026-02-15T23:00:00,,,42.0
2026-01-20 10:00:00,33.6,-55.52394091055636,1.0,Tema Community 3 SSNIT Flat,tabular,ridge_ar_lag_fourier,h168,2026-01-04T23:00:00,2026-01-18T23:00:00,2026-02-15T23:00:00,,,42.0
2026-01-20 11:00:00,29.7,-58.48046960630316,1.0,Tema Community 3 SSNIT Flat,tabular,ridge_ar_lag_fourier,h168,2026-01-04T23:00:00,2026-01-18T23:00:00,2026-02-15T23:00:00,,,42.0
2026-01-20 12:00:00,29.4,-49.89072990763762,1.0,Tema Community 3 SSNIT Flat,tabular,ridge_ar_lag_fourier,h168,2026-01-04T23:00:00,2026-01-18T23:00:00,2026-02-15T23:00:00,,,42.0
2026-01-20 13:00:00,25.8,-58.6712134847609,1.0,Tema Community 3 SSNIT Flat,tabular,ridge_ar_lag_fourier,h168,2026-01-04T23:00:00,2026-01-18T23:00:00,2026-02-15T23:00:00,,,42.0
2026-01-20 14:00:00,26.3,-65.63368755142373,1.0,Tema Community 3 SSNIT Flat,tabular,ridge_ar_lag_fourier,h168,2026-01-04T23:00:00,2026-01-18T23:00:00,2026-02-15T23:00:00,,,42.0
2026-01-20 15:00:00,46.2,-68.05864074976871,1.0,Tema Community 3 SSNIT Flat,tabular,ridge_ar_lag_fourier,h168,2026-01-04T23:00:00,2026-01-18T23:00:00,2026-02-15T23:00:00,,,42.0
2026-01-20 16:00:00,28.5,-69.30515038327927,1.0,Tema Community 3 SSNIT Flat,tabular,ridge_ar_lag_fourier,h168,2026-01-04T23:00:00,2026-01-18T23:00:00,2026-02-15T23:00:00,,,42.0
2026-01-20 17:00:00,28.1,-68.47031174405,1.0,Tema Community 3 SSNIT Flat,tabular,ridge_ar_lag_fourier,h168,2026-01-04T23:00:00,2026-01-18T23:00:00,2026-02-15T23:00:00,,,42.0
2026-01-20 18:00:00,45.2,-63.647520092619786,1.0,Tema Community 3 SSNIT Flat,tabular,ridge_ar_lag_fourier,h168,2026-01-04T23:00:00,2026-01-18T23:00:00,2026-02-15T23:00:00,,,42.0
2026-01-20 19:00:00,42.5,-67.67814946373997,1.0,Tema Community 3 SSNIT Flat,tabular,ridge_ar_lag_fourier,h168,2026-01-04T23:00:00,2026-01-18T23:00:00,2026-02-15T23:00:00,,,42.0
2026-01-20 20:00:00,34.8,-66.97785170533882,1.0,Tema Community 3 SSNIT Flat,tabular,ridge_ar_lag_fourier,h168,2026-01-04T23:00:00,2026-01-18T23:00:00,2026-02-15T23:00:00,,,42.0
2026-01-20 21:00:00,29.6,-66.18279368192694,1.0,Tema Community 3 SSNIT Flat,tabular,ridge_ar_lag_fourier,h168,2026-01-04T23:00:00,2026-01-18T23:00:00,2026-02-15T23:00:00,,,42.0
2026-01-20 22:00:00,6.9,-63.6444828893525,1.0,Tema Community 3 SSNIT Flat,tabular,ridge_ar_lag_fourier,h168,2026-01-04T23:00:00,2026-01-18T23:00:00,2026-02-15T23:00:00,,,42.0
2026-01-20 23:00:00,3.7,-59.55925127471498,1.0,Tema Community 3 SSNIT Flat,tabular,ridge_ar_lag_fourier,h168,2026-01-04T23:00:00,2026-01-18T23:00:00,2026-02-15T23:00:00,,,42.0
2026-01-21 00:00:00,7.9,-55.47000652293427,1.0,Tema Community 3 SSNIT Flat,tabular,ridge_ar_lag_fourier,h168,2026-01-04T23:00:00,2026-01-18T23:00:00,2026-02-15T23:00:00,,,42.0
2026-01-21 01:00:00,16.5,-54.53837364374529,1.0,Tema Community 3 SSNIT Flat,tabular,ridge_ar_lag_fourier,h168,2026-01-04T23:00:00,2026-01-18T23:00:00,2026-02-15T23:00:00,,,42.0
2026-01-21 02:00:00,26.1,-51.99931802208245,1.0,Tema Community 3 SSNIT Flat,tabular,ridge_ar_lag_fourier,h168,2026-01-04T23:00:00,2026-01-18T23:00:00,2026-02-15T23:00:00,,,42.0
2026-01-21 03:00:00,39.9,-46.99586984614426,1.0,Tema Community 3 SSNIT Flat,tabular,ridge_ar_lag_fourier,h168,2026-01-04T23:00:00,2026-01-18T23:00:00,2026-02-15T23:00:00,,,42.0
2026-01-21 04:00:00,61.3,-46.66654005200287,1.0,Tema Community 3 SSNIT Flat,tabular,ridge_ar_lag_fourier,h168,2026-01-04T23:00:00,2026-01-18T23:00:00,2026-02-15T23:00:00,,,42.0
2026-01-21 05:00:00,40.6,-40.92790022043664,1.0,Tema Community 3 SSNIT Flat,tabular,ridge_ar_lag_fourier,h168,2026-01-04T23:00:00,2026-01-18T23:00:00,2026-02-15T23:00:00,,,42.0
2026-01-21 06:00:00,87.8,-42.10172724144259,1.0,Tema Community 3 SSNIT Flat,tabular,ridge_ar_lag_fourier,h168,2026-01-04T23:00:00,2026-01-18T23:00:00,2026-02-15T23:00:00,,,42.0
2026-01-21 07:00:00,67.9,-45.90448989928882,1.0,Tema Community 3 SSNIT Flat,tabular,ridge_ar_lag_fourier,h168,2026-01-04T23:00:00,2026-01-18T23:00:00,2026-02-15T23:00:00,,,42.0
2026-01-21 08:00:00,35.9,-50.65746651596062,1.0,Tema Community 3 SSNIT Flat,tabular,ridge_ar_lag_fourier,h168,2026-01-04T23:00:00,2026-01-18T23:00:00,2026-02-15T23:00:00,,,42.0
2026-01-21 09:00:00,32.8,-54.18145447537124,1.0,Tema Community 3 SSNIT Flat,tabular,ridge_ar_lag_fourier,h168,2026-01-04T23:00:00,2026-01-18T23:00:00,2026-02-15T23:00:00,,,42.0
2026-01-21 10:00:00,34.1,-56.328188171726666,1.0,Tema Community 3 SSNIT Flat,tabular,ridge_ar_lag_fourier,h168,2026-01-04T23:00:00,2026-01-18T23:00:00,2026-02-15T23:00:00,,,42.0
2026-01-21 11:00:00,34.7,-59.65753844308101,1.0,Tema Community 3 SSNIT Flat,tabular,ridge_ar_lag_fourier,h168,2026-01-04T23:00:00,2026-01-18T23:00:00,2026-02-15T23:00:00,,,42.0
2026-01-21 12:00:00,31.9,-47.56888922630499,1.0,Tema Community 3 SSNIT Flat,tabular,ridge_ar_lag_fourier,h168,2026-01-04T23:00:00,2026-01-18T23:00:00,2026-02-15T23:00:00,,,42.0
2026-01-21 13:00:00,25.8,-55.82051397282392,1.0,Tema Community 3 SSNIT Flat,tabular,ridge_ar_lag_fourier,h168,2026-01-04T23:00:00,2026-01-18T23:00:00,2026-02-15T23:00:00,,,42.0
2026-01-21 14:00:00,30.7,-64.46765681384021,1.0,Tema Community 3 SSNIT Flat,tabular,ridge_ar_lag_fourier,h168,2026-01-04T23:00:00,2026-01-18T23:00:00,2026-02-15T23:00:00,,,42.0
2026-01-21 15:00:00,24.9,-63.98838639032549,1.0,Tema Community 3 SSNIT Flat,tabular,ridge_ar_lag_fourier,h168,2026-01-04T23:00:00,2026-01-18T23:00:00,2026-02-15T23:00:00,,,42.0
2026-01-21 16:00:00,27.6,-66.47822958896317,1.0,Tema Community 3 SSNIT Flat,tabular,ridge_ar_lag_fourier,h168,2026-01-04T23:00:00,2026-01-18T23:00:00,2026-02-15T23:00:00,,,42.0
2026-01-21 17:00:00,28.6,-67.43791963549381,1.0,Tema Community 3 SSNIT Flat,tabular,ridge_ar_lag_fourier,h168,2026-01-04T23:00:00,2026-01-18T23:00:00,2026-02-15T23:00:00,,,42.0
2026-01-21 18:00:00,31.9,-67.9152189669508,1.0,Tema Community 3 SSNIT Flat,tabular,ridge_ar_lag_fourier,h168,2026-01-04T23:00:00,2026-01-18T23:00:00,2026-02-15T23:00:00,,,42.0
2026-01-21 19:00:00,29.6,-66.63243610403872,1.0,Tema Community 3 SSNIT Flat,tabular,ridge_ar_lag_fourier,h168,2026-01-04T23:00:00,2026-01-18T23:00:00,2026-02-15T23:00:00,,,42.0
2026-01-21 20:00:00,28.9,-66.24399591405202,1.0,Tema Community 3 SSNIT Flat,tabular,ridge_ar_lag_fourier,h168,2026-01-04T23:00:00,2026-01-18T23:00:00,2026-02-15T23:00:00,,,42.0
2026-01-21 21:00:00,30.0,-66.46385405982885,1.0,Tema Community 3 SSNIT Flat,tabular,ridge_ar_lag_fourier,h168,2026-01-04T23:00:00,2026-01-18T23:00:00,2026-02-15T23:00:00,,,42.0
2026-01-21 22:00:00,30.2,-61.82759301731744,1.0,Tema Community 3 SSNIT Flat,tabular,ridge_ar_lag_fourier,h168,2026-01-04T23:00:00,2026-01-18T23:00:00,2026-02-15T23:00:00,,,42.0
2026-01-21 23:00:00,32.7,-57.30807344396507,1.0,Tema Community 3 SSNIT Flat,tabular,ridge_ar_lag_fourier,h168,2026-01-04T23:00:00,2026-01-18T23:00:00,2026-02-15T23:00:00,,,42.0
2026-01-22 00:00:00,31.7,-45.03203786996254,1.0,Tema Community 3 SSNIT Flat,tabular,ridge_ar_lag_fourier,h168,2026-01-04T23:00:00,2026-01-18T23:00:00,2026-02-15T23:00:00,,,42.0
2026-01-22 01:00:00,32.5,-50.761851517907715,1.0,Tema Community 3 SSNIT Flat,tabular,ridge_ar_lag_fourier,h168,2026-01-04T23:00:00,2026-01-18T23:00:00,2026-02-15T23:00:00,,,42.0
2026-01-22 02:00:00,34.4,-44.05717123527036,1.0,Tema Community 3 SSNIT Flat,tabular,ridge_ar_lag_fourier,h168,2026-01-04T23:00:00,2026-01-18T23:00:00,2026-02-15T23:00:00,,,42.0
2026-01-22 03:00:00,36.0,-29.51068846628821,1.0,Tema Community 3 SSNIT Flat,tabular,ridge_ar_lag_fourier,h168,2026-01-04T23:00:00,2026-01-18T23:00:00,2026-02-15T23:00:00,,,42.0
2026-01-22 04:00:00,32.5,-36.318727748488726,1.0,Tema Community 3 SSNIT Flat,tabular,ridge_ar_lag_fourier,h168,2026-01-04T23:00:00,2026-01-18T23:00:00,2026-02-15T23:00:00,,,42.0
2026-01-22 05:00:00,40.9,-38.403650560280866,1.0,Tema Community 3 SSNIT Flat,tabular,ridge_ar_lag_fourier,h168,2026-01-04T23:00:00,2026-01-18T23:00:00,2026-02-15T23:00:00,,,42.0
2026-01-22 06:00:00,44.0,-40.107185789685715,1.0,Tema Community 3 SSNIT Flat,tabular,ridge_ar_lag_fourier,h168,2026-01-04T23:00:00,2026-01-18T23:00:00,2026-02-15T23:00:00,,,42.0
2026-01-22 07:00:00,38.6,-46.66198596067606,1.0,Tema Community 3 SSNIT Flat,tabular,ridge_ar_lag_fourier,h168,2026-01-04T23:00:00,2026-01-18T23:00:00,2026-02-15T23:00:00,,,42.0
2026-01-22 08:00:00,37.3,-49.984297412101654,1.0,Tema Community 3 SSNIT Flat,tabular,ridge_ar_lag_fourier,h168,2026-01-04T23:00:00,2026-01-18T23:00:00,2026-02-15T23:00:00,,,42.0
2026-01-22 09:00:00,37.7,-52.89528309111516,1.0,Tema Community 3 SSNIT Flat,tabular,ridge_ar_lag_fourier,h168,2026-01-04T23:00:00,2026-01-18T23:00:00,2026-02-15T23:00:00,,,42.0
2026-01-22 10:00:00,38.1,-54.09967508607882,1.0,Tema Community 3 SSNIT Flat,tabular,ridge_ar_lag_fourier,h168,2026-01-04T23:00:00,2026-01-18T23:00:00,2026-02-15T23:00:00,,,42.0
2026-01-22 11:00:00,38.6,-58.18847035720391,1.0,Tema Community 3 SSNIT Flat,tabular,ridge_ar_lag_fourier,h168,2026-01-04T23:00:00,2026-01-18T23:00:00,2026-02-15T23:00:00,,,42.0
2026-01-22 12:00:00,38.3,-38.406633731202405,1.0,Tema Community 3 SSNIT Flat,tabular,ridge_ar_lag_fourier,h168,2026-01-04T23:00:00,2026-01-18T23:00:00,2026-02-15T23:00:00,,,42.0
2026-01-22 13:00:00,34.1,-50.19782268165213,1.0,Tema Community 3 SSNIT Flat,tabular,ridge_ar_lag_fourier,h168,2026-01-04T23:00:00,2026-01-18T23:00:00,2026-02-15T23:00:00,,,42.0
2026-01-22 14:00:00,30.5,-60.83029695368428,1.0,Tema Community 3 SSNIT Flat,tabular,ridge_ar_lag_fourier,h168,2026-01-04T23:00:00,2026-01-18T23:00:00,2026-02-15T23:00:00,,,42.0
2026-01-22 15:00:00,27.5,-62.334302067864684,1.0,Tema Community 3 SSNIT Flat,tabular,ridge_ar_lag_fourier,h168,2026-01-04T23:00:00,2026-01-18T23:00:00,2026-02-15T23:00:00,,,42.0
2026-01-22 16:00:00,30.5,-63.395495467556074,1.0,Tema Community 3 SSNIT Flat,tabular,ridge_ar_lag_fourier,h168,2026-01-04T23:00:00,2026-01-18T23:00:00,2026-02-15T23:00:00,,,42.0
2026-01-22 17:00:00,27.0,-64.64344391828256,1.0,Tema Community 3 SSNIT Flat,tabular,ridge_ar_lag_fourier,h168,2026-01-04T23:00:00,2026-01-18T23:00:00,2026-02-15T23:00:00,,,42.0
2026-01-22 18:00:00,26.9,-62.05913507404898,1.0,Tema Community 3 SSNIT Flat,tabular,ridge_ar_lag_fourier,h168,2026-01-04T23:00:00,2026-01-18T23:00:00,2026-02-15T23:00:00,,,42.0
2026-01-22 19:00:00,25.2,-62.78568583901594,1.0,Tema Community 3 SSNIT Flat,tabular,ridge_ar_lag_fourier,h168,2026-01-04T23:00:00,2026-01-18T23:00:00,2026-02-15T23:00:00,,,42.0
2026-01-22 20:00:00,25.3,-64.6759332792213,1.0,Tema Community 3 SSNIT Flat,tabular,ridge_ar_lag_fourier,h168,2026-01-04T23:00:00,2026-01-18T23:00:00,2026-02-15T23:00:00,,,42.0
2026-01-22 21:00:00,25.1,-64.48721907283637,1.0,Tema Community 3 SSNIT Flat,tabular,ridge_ar_lag_fourier,h168,2026-01-04T23:00:00,2026-01-18T23:00:00,2026-02-15T23:00:00,,,42.0
2026-01-22 22:00:00,24.3,-61.52904004768975,1.0,Tema Community 3 SSNIT Flat,tabular,ridge_ar_lag_fourier,h168,2026-01-04T23:00:00,2026-01-18T23:00:00,2026-02-15T23:00:00,,,42.0
2026-01-22 23:00:00,25.8,-55.44383173763434,1.0,Tema Community 3 SSNIT Flat,tabular,ridge_ar_lag_fourier,h168,2026-01-04T23:00:00,2026-01-18T23:00:00,2026-02-15T23:00:00,,,42.0
2026-01-23 00:00:00,30.8,-52.93941478705675,1.0,Tema Community 3 SSNIT Flat,tabular,ridge_ar_lag_fourier,h168,2026-01-04T23:00:00,2026-01-18T23:00:00,2026-02-15T23:00:00,,,42.0
2026-01-23 01:00:00,33.8,-54.76808324366591,1.0,Tema Community 3 SSNIT Flat,tabular,ridge_ar_lag_fourier,h168,2026-01-04T23:00:00,2026-01-18T23:00:00,2026-02-15T23:00:00,,,42.0
2026-01-23 02:00:00,88.5,-46.10465103090009,1.0,Tema Community 3 SSNIT Flat,tabular,ridge_ar_lag_fourier,h168,2026-01-04T23:00:00,2026-01-18T23:00:00,2026-02-15T23:00:00,,,42.0
2026-01-23 03:00:00,47.3,-43.64490851936729,1.0,Tema Community 3 SSNIT Flat,tabular,ridge_ar_lag_fourier,h168,2026-01-04T23:00:00,2026-01-18T23:00:00,2026-02-15T23:00:00,,,42.0
2026-01-23 04:00:00,91.2,-42.083952327624175,1.0,Tema Community 3 SSNIT Flat,tabular,ridge_ar_lag_fourier,h168,2026-01-04T23:00:00,2026-01-18T23:00:00,2026-02-15T23:00:00,,,42.0
2026-01-23 05:00:00,123.0,-41.949351510398344,1.0,Tema Community 3 SSNIT Flat,tabular,ridge_ar_lag_fourier,h168,2026-01-04T23:00:00,2026-01-18T23:00:00,2026-02-15T23:00:00,,,42.0
2026-01-23 06:00:00,107.1,-39.70573795115318,1.0,Tema Community 3 SSNIT Flat,tabular,ridge_ar_lag_fourier,h168,2026-01-04T23:00:00,2026-01-18T23:00:00,2026-02-15T23:00:00,,,42.0
2026-01-23 07:00:00,101.6,-45.04647244431884,1.0,Tema Community 3 SSNIT Flat,tabular,ridge_ar_lag_fourier,h168,2026-01-04T23:00:00,2026-01-18T23:00:00,2026-02-15T23:00:00,,,42.0
2026-01-23 08:00:00,40.6,-50.59387555132112,1.0,Tema Community 3 SSNIT Flat,tabular,ridge_ar_lag_fourier,h168,2026-01-04T23:00:00,2026-01-18T23:00:00,2026-02-15T23:00:00,,,42.0
2026-01-23 09:00:00,38.1,-53.35077081391459,1.0,Tema Community 3 SSNIT Flat,tabular,ridge_ar_lag_fourier,h168,2026-01-04T23:00:00,2026-01-18T23:00:00,2026-02-15T23:00:00,,,42.0
2026-01-23 10:00:00,39.2,-53.55222268646935,1.0,Tema Community 3 SSNIT Flat,tabular,ridge_ar_lag_fourier,h168,2026-01-04T23:00:00,2026-01-18T23:00:00,2026-02-15T23:00:00,,,42.0
2026-01-23 11:00:00,31.5,-57.12372113818353,1.0,Tema Community 3 SSNIT Flat,tabular,ridge_ar_lag_fourier,h168,2026-01-04T23:00:00,2026-01-18T23:00:00,2026-02-15T23:00:00,,,42.0
2026-01-23 12:00:00,28.2,-62.37025909354449,1.0,Tema Community 3 SSNIT Flat,tabular,ridge_ar_lag_fourier,h168,2026-01-04T23:00:00,2026-01-18T23:00:00,2026-02-15T23:00:00,,,42.0
2026-01-23 13:00:00,20.5,-65.71273004481178,1.0,Tema Community 3 SSNIT Flat,tabular,ridge_ar_lag_fourier,h168,2026-01-04T23:00:00,2026-01-18T23:00:00,2026-02-15T23:00:00,,,42.0
2026-01-23 14:00:00,19.5,-67.03509579792332,1.0,Tema Community 3 SSNIT Flat,tabular,ridge_ar_lag_fourier,h168,2026-01-04T23:00:00,2026-01-18T23:00:00,2026-02-15T23:00:00,,,42.0
2026-01-23 15:00:00,17.8,-68.38025934073057,1.0,Tema Community 3 SSNIT Flat,tabular,ridge_ar_lag_fourier,h168,2026-01-04T23:00:00,2026-01-18T23:00:00,2026-02-15T23:00:00,,,42.0
2026-01-23 16:00:00,19.3,-69.53304722168832,1.0,Tema Community 3 SSNIT Flat,tabular,ridge_ar_lag_fourier,h168,2026-01-04T23:00:00,2026-01-18T23:00:00,2026-02-15T23:00:00,,,42.0
2026-01-23 17:00:00,21.6,-68.97913188293764,1.0,Tema Community 3 SSNIT Flat,tabular,ridge_ar_lag_fourier,h168,2026-01-04T23:00:00,2026-01-18T23:00:00,2026-02-15T23:00:00,,,42.0
2026-01-23 18:00:00,22.4,-68.73857679132657,1.0,Tema Community 3 SSNIT Flat,tabular,ridge_ar_lag_fourier,h168,2026-01-04T23:00:00,2026-01-18T23:00:00,2026-02-15T23:00:00,,,42.0
2026-01-23 19:00:00,20.3,-70.10221585760219,1.0,Tema Community 3 SSNIT Flat,tabular,ridge_ar_lag_fourier,h168,2026-01-04T23:00:00,2026-01-18T23:00:00,2026-02-15T23:00:00,,,42.0
2026-01-23 20:00:00,17.6,-70.3637343292457,1.0,Tema Community 3 SSNIT Flat,tabular,ridge_ar_lag_fourier,h168,2026-01-04T23:00:00,2026-01-18T23:00:00,2026-02-15T23:00:00,,,42.0
2026-01-23 21:00:00,18.1,-69.76016282626469,1.0,Tema Community 3 SSNIT Flat,tabular,ridge_ar_lag_fourier,h168,2026-01-04T23:00:00,2026-01-18T23:00:00,2026-02-15T23:00:00,,,42.0
2026-01-23 22:00:00,31.0,-67.86427410012284,1.0,Tema Community 3 SSNIT Flat,tabular,ridge_ar_lag_fourier,h168,2026-01-04T23:00:00,2026-01-18T23:00:00,2026-02-15T23:00:00,,,42.0
2026-01-23 23:00:00,45.5,-64.21169978041713,1.0,Tema Community 3 SSNIT Flat,tabular,ridge_ar_lag_fourier,h168,2026-01-04T23:00:00,2026-01-18T23:00:00,2026-02-15T23:00:00,,,42.0
2026-01-24 00:00:00,49.9,-62.56178914745631,1.0,Tema Community 3 SSNIT Flat,tabular,ridge_ar_lag_fourier,h168,2026-01-04T23:00:00,2026-01-18T23:00:00,2026-02-15T23:00:00,,,42.0
2026-01-24 01:00:00,55.5,-61.52674766124184,1.0,Tema Community 3 SSNIT Flat,tabular,ridge_ar_lag_fourier,h168,2026-01-04T23:00:00,2026-01-18T23:00:00,2026-02-15T23:00:00,,,42.0
2026-01-24 02:00:00,43.3,-57.91508574156511,1.0,Tema Community 3 SSNIT Flat,tabular,ridge_ar_lag_fourier,h168,2026-01-04T23:00:00,2026-01-18T23:00:00,2026-02-15T23:00:00,,,42.0
2026-01-24 03:00:00,55.5,-54.142777980295094,1.0,Tema Community 3 SSNIT Flat,tabular,ridge_ar_lag_fourier,h168,2026-01-04T23:00:00,2026-01-18T23:00:00,2026-02-15T23:00:00,,,42.0
2026-01-24 04:00:00,121.5,-45.004571449755915,1.0,Tema Community 3 SSNIT Flat,tabular,ridge_ar_lag_fourier,h168,2026-01-04T23:00:00,2026-01-18T23:00:00,2026-02-15T23:00:00,,,42.0
2026-01-24 05:00:00,40.5,-39.522200858170336,1.0,Tema Community 3 SSNIT Flat,tabular,ridge_ar_lag_fourier,h168,2026-01-04T23:00:00,2026-01-18T23:00:00,2026-02-15T23:00:00,,,42.0
2026-01-24 06:00:00,53.3,-42.580998326263426,1.0,Tema Community 3 SSNIT Flat,tabular,ridge_ar_lag_fourier,h168,2026-01-04T23:00:00,2026-01-18T23:00:00,2026-02-15T23:00:00,,,42.0
2026-01-24 07:00:00,51.4,-48.34562095366026,1.0,Tema Community 3 SSNIT Flat,tabular,ridge_ar_lag_fourier,h168,2026-01-04T23:00:00,2026-01-18T23:00:00,2026-02-15T23:00:00,,,42.0
2026-01-24 08:00:00,47.1,-49.23607093076727,1.0,Tema Community 3 SSNIT Flat,tabular,ridge_ar_lag_fourier,h168,2026-01-04T23:00:00,2026-01-18T23:00:00,2026-02-15T23:00:00,,,42.0
2026-01-24 09:00:00,44.6,-53.18259531535925,1.0,Tema Community 3 SSNIT Flat,tabular,ridge_ar_lag_fourier,h168,2026-01-04T23:00:00,2026-01-18T23:00:00,2026-02-15T23:00:00,,,42.0
2026-01-24 10:00:00,73.0,-55.29777318089326,1.0,Tema Community 3 SSNIT Flat,tabular,ridge_ar_lag_fourier,h168,2026-01-04T23:00:00,2026-01-18T23:00:00,2026-02-15T23:00:00,,,42.0
2026-01-24 11:00:00,39.4,-59.74121301871665,1.0,Tema Community 3 SSNIT Flat,tabular,ridge_ar_lag_fourier,h168,2026-01-04T23:00:00,2026-01-18T23:00:00,2026-02-15T23:00:00,,,42.0
2026-01-24 12:00:00,31.0,-67.00303527381386,1.0,Tema Community 3 SSNIT Flat,tabular,ridge_ar_lag_fourier,h168,2026-01-04T23:00:00,2026-01-18T23:00:00,2026-02-15T23:00:00,,,42.0
2026-01-24 13:00:00,28.5,-70.38564440165177,1.0,Tema Community 3 SSNIT Flat,tabular,ridge_ar_lag_fourier,h168,2026-01-04T23:00:00,2026-01-18T23:00:00,2026-02-15T23:00:00,,,42.0
2026-01-24 14:00:00,23.9,-72.59360862536622,1.0,Tema Community 3 SSNIT Flat,tabular,ridge_ar_lag_fourier,h168,2026-01-04T23:00:00,2026-01-18T23:00:00,2026-02-15T23:00:00,,,42.0
2026-01-24 15:00:00,24.4,-71.15915268442693,1.0,Tema Community 3 SSNIT Flat,tabular,ridge_ar_lag_fourier,h168,2026-01-04T23:00:00,2026-01-18T23:00:00,2026-02-15T23:00:00,,,42.0
2026-01-24 16:00:00,24.8,-71.32999723056518,1.0,Tema Community 3 SSNIT Flat,tabular,ridge_ar_lag_fourier,h168,2026-01-04T23:00:00,2026-01-18T23:00:00,2026-02-15T23:00:00,,,42.0
2026-01-24 17:00:00,26.6,-70.53198904406183,1.0,Tema Community 3 SSNIT Flat,tabular,ridge_ar_lag_fourier,h168,2026-01-04T23:00:00,2026-01-18T23:00:00,2026-02-15T23:00:00,,,42.0
2026-01-24 18:00:00,27.2,-71.61103045182146,1.0,Tema Community 3 SSNIT Flat,tabular,ridge_ar_lag_fourier,h168,2026-01-04T23:00:00,2026-01-18T23:00:00,2026-02-15T23:00:00,,,42.0
2026-01-24 19:00:00,25.1,-70.27942668433603,1.0,Tema Community 3 SSNIT Flat,tabular,ridge_ar_lag_fourier,h168,2026-01-04T23:00:00,2026-01-18T23:00:00,2026-02-15T23:00:00,,,42.0
2026-01-24 20:00:00,24.9,-69.58155665666705,1.0,Tema Community 3 SSNIT Flat,tabular,ridge_ar_lag_fourier,h168,2026-01-04T23:00:00,2026-01-18T23:00:00,2026-02-15T23:00:00,,,42.0
2026-01-24 21:00:00,25.0,-69.32904789251232,1.0,Tema Community 3 SSNIT Flat,tabular,ridge_ar_lag_fourier,h168,2026-01-04T23:00:00,2026-01-18T23:00:00,2026-02-15T23:00:00,,,42.0
2026-01-24 22:00:00,25.2,-68.43872145789634,1.0,Tema Community 3 SSNIT Flat,tabular,ridge_ar_lag_fourier,h168,2026-01-04T23:00:00,2026-01-18T23:00:00,2026-02-15T23:00:00,,,42.0
2026-01-24 23:00:00,25.7,-66.88087731573627,1.0,Tema Community 3 SSNIT Flat,tabular,ridge_ar_lag_fourier,h168,2026-01-04T23:00:00,2026-01-18T23:00:00,2026-02-15T23:00:00,,,42.0
2026-01-25 00:00:00,27.3,-63.473121292086404,1.0,Tema Community 3 SSNIT Flat,tabular,ridge_ar_lag_fourier,h168,2026-01-04T23:00:00,2026-01-18T23:00:00,2026-02-15T23:00:00,,,42.0
2026-01-25 01:00:00,32.3,-63.54168191063651,1.0,Tema Community 3 SSNIT Flat,tabular,ridge_ar_lag_fourier,h168,2026-01-04T23:00:00,2026-01-18T23:00:00,2026-02-15T23:00:00,,,42.0
2026-01-25 02:00:00,42.7,-61.47906627922812,1.0,Tema Community 3 SSNIT Flat,tabular,ridge_ar_lag_fourier,h168,2026-01-04T23:00:00,2026-01-18T23:00:00,2026-02-15T23:00:00,,,42.0
2026-01-25 03:00:00,41.8,-55.62499746400077,1.0,Tema Community 3 SSNIT Flat,tabular,ridge_ar_lag_fourier,h168,2026-01-04T23:00:00,2026-01-18T23:00:00,2026-02-15T23:00:00,,,42.0
2026-01-25 04:00:00,39.8,-44.18069560406764,1.0,Tema Community 3 SSNIT Flat,tabular,ridge_ar_lag_fourier,h168,2026-01-04T23:00:00,2026-01-18T23:00:00,2026-02-15T23:00:00,,,42.0
2026-01-25 05:00:00,49.4,-45.60664690975145,1.0,Tema Community 3 SSNIT Flat,tabular,ridge_ar_lag_fourier,h168,2026-01-04T23:00:00,2026-01-18T23:00:00,2026-02-15T23:00:00,,,42.0
2026-01-25 06:00:00,62.7,-45.29016144517648,1.0,Tema Community 3 SSNIT Flat,tabular,ridge_ar_lag_fourier,h168,2026-01-04T23:00:00,2026-01-18T23:00:00,2026-02-15T23:00:00,,,42.0
2026-01-25 07:00:00,56.0,-48.20650453911732,1.0,Tema Community 3 SSNIT Flat,tabular,ridge_ar_lag_fourier,h168,2026-01-04T23:00:00,2026-01-18T23:00:00,2026-02-15T23:00:00,,,42.0
2026-01-25 08:00:00,48.3,-50.22995311437579,1.0,Tema Community 3 SSNIT Flat,tabular,ridge_ar_lag_fourier,h168,2026-01-04T23:00:00,2026-01-18T23:00:00,2026-02-15T23:00:00,,,42.0
2026-01-25 09:00:00,52.8,-54.0710765511549,1.0,Tema Community 3 SSNIT Flat,tabular,ridge_ar_lag_fourier,h168,2026-01-04T23:00:00,2026-01-18T23:00:00,2026-02-15T23:00:00,,,42.0
2026-01-25 10:00:00,57.7,-59.95626962349624,1.0,Tema Community 3 SSNIT Flat,tabular,ridge_ar_lag_fourier,h168,2026-01-04T23:00:00,2026-01-18T23:00:00,2026-02-15T23:00:00,,,42.0
2026-01-25 11:00:00,50.6,-63.35160692438468,1.0,Tema Community 3 SSNIT Flat,tabular,ridge_ar_lag_fourier,h168,2026-01-04T23:00:00,2026-01-18T23:00:00,2026-02-15T23:00:00,,,42.0
2026-01-25 12:00:00,40.8,-66.67594024020975,1.0,Tema Community 3 SSNIT Flat,tabular,ridge_ar_lag_fourier,h168,2026-01-04T23:00:00,2026-01-18T23:00:00,2026-02-15T23:00:00,,,42.0
2026-01-25 13:00:00,38.1,-70.23155114982613,1.0,Tema Community 3 SSNIT Flat,tabular,ridge_ar_lag_fourier,h168,2026-01-04T23:00:00,2026-01-18T23:00:00,2026-02-15T23:00:00,,,42.0
2026-01-25 14:00:00,34.8,-71.90998039489627,1.0,Tema Community 3 SSNIT Flat,tabular,ridge_ar_lag_fourier,h168,2026-01-04T23:00:00,2026-01-18T23:00:00,2026-02-15T23:00:00,,,42.0
2026-01-25 15:00:00,32.6,-70.95267212904177,1.0,Tema Community 3 SSNIT Flat,tabular,ridge_ar_lag_fourier,h168,2026-01-04T23:00:00,2026-01-18T23:00:00,2026-02-15T23:00:00,,,42.0
2026-01-25 16:00:00,30.8,-68.66385292801117,1.0,Tema Community 3 SSNIT Flat,tabular,ridge_ar_lag_fourier,h168,2026-01-04T23:00:00,2026-01-18T23:00:00,2026-02-15T23:00:00,,,42.0
2026-01-25 17:00:00,32.6,-70.124376176678,1.0,Tema Community 3 SSNIT Flat,tabular,ridge_ar_lag_fourier,h168,2026-01-04T23:00:00,2026-01-18T23:00:00,2026-02-15T23:00:00,,,42.0
2026-01-25 18:00:00,34.7,-70.08607814822197,1.0,Tema Community 3 SSNIT Flat,tabular,ridge_ar_lag_fourier,h168,2026-01-04T23:00:00,2026-01-18T23:00:00,2026-02-15T23:00:00,,,42.0
2026-01-25 19:00:00,33.6,-68.77102004150534,1.0,Tema Community 3 SSNIT Flat,tabular,ridge_ar_lag_fourier,h168,2026-01-04T23:00:00,2026-01-18T23:00:00,2026-02-15T23:00:00,,,42.0
2026-01-25 20:00:00,34.6,-69.650664303084,1.0,Tema Community 3 SSNIT Flat,tabular,ridge_ar_lag_fourier,h168,2026-01-04T23:00:00,2026-01-18T23:00:00,2026-02-15T23:00:00,,,42.0
2026-01-25 21:00:00,34.4,-69.63053579782367,1.0,Tema Community 3 SSNIT Flat,tabular,ridge_ar_lag_fourier,h168,2026-01-04T23:00:00,2026-01-18T23:00:00,2026-02-15T23:00:00,,,42.0
2026-01-25 22:00:00,39.7,-68.61307106947667,1.0,Tema Community 3 SSNIT Flat,tabular,ridge_ar_lag_fourier,h168,2026-01-04T23:00:00,2026-01-18T23:00:00,2026-02-15T23:00:00,,,42.0
2026-01-25 23:00:00,52.6,-64.76873056369051,1.0,Tema Community 3 SSNIT Flat,tabular,ridge_ar_lag_fourier,h168,2026-01-04T23:00:00,2026-01-18T23:00:00,2026-02-15T23:00:00,,,42.0
2026-01-26 00:00:00,55.6,-54.690162542994315,1.0,Tema Community 3 SSNIT Flat,tabular,ridge_ar_lag_fourier,h168,2026-01-04T23:00:00,2026-01-18T23:00:00,2026-02-15T23:00:00,,,42.0
2026-01-26 01:00:00,53.1,-52.25245959125485,1.0,Tema Community 3 SSNIT Flat,tabular,ridge_ar_lag_fourier,h168,2026-01-04T23:00:00,2026-01-18T23:00:00,2026-02-15T23:00:00,,,42.0
2026-01-26 02:00:00,44.5,-48.708601628103224,1.0,Tema Community 3 SSNIT Flat,tabular,ridge_ar_lag_fourier,h168,2026-01-04T23:00:00,2026-01-18T23:00:00,2026-02-15T23:00:00,,,42.0
2026-01-26 03:00:00,56.8,-44.86943510601414,1.0,Tema Community 3 SSNIT Flat,tabular,ridge_ar_lag_fourier,h168,2026-01-04T23:00:00,2026-01-18T23:00:00,2026-02-15T23:00:00,,,42.0
2026-01-26 04:00:00,46.8,-42.96318789705556,1.0,Tema Community 3 SSNIT Flat,tabular,ridge_ar_lag_fourier,h168,2026-01-04T23:00:00,2026-01-18T23:00:00,2026-02-15T23:00:00,,,42.0
2026-01-26 05:00:00,45.7,-40.32559132146886,1.0,Tema Community 3 SSNIT Flat,tabular,ridge_ar_lag_fourier,h168,2026-01-04T23:00:00,2026-01-18T23:00:00,2026-02-15T23:00:00,,,42.0
2026-01-26 06:00:00,52.3,-44.761930434636,1.0,Tema Community 3 SSNIT Flat,tabular,ridge_ar_lag_fourier,h168,2026-01-04T23:00:00,2026-01-18T23:00:00,2026-02-15T23:00:00,,,42.0
2026-01-26 07:00:00,48.9,-43.07031578826785,1.0,Tema Community 3 SSNIT Flat,tabular,ridge_ar_lag_fourier,h168,2026-01-04T23:00:00,2026-01-18T23:00:00,2026-02-15T23:00:00,,,42.0
2026-01-26 08:00:00,46.0,-49.21010910620578,1.0,Tema Community 3 SSNIT Flat,tabular,ridge_ar_lag_fourier,h168,2026-01-04T23:00:00,2026-01-18T23:00:00,2026-02-15T23:00:00,,,42.0
2026-01-26 09:00:00,42.8,-51.46522189709238,1.0,Tema Community 3 SSNIT Flat,tabular,ridge_ar_lag_fourier,h168,2026-01-04T23:00:00,2026-01-18T23:00:00,2026-02-15T23:00:00,,,42.0
2026-01-26 10:00:00,44.1,-54.355312355743436,1.0,Tema Community 3 SSNIT Flat,tabular,ridge_ar_lag_fourier,h168,2026-01-04T23:00:00,2026-01-18T23:00:00,2026-02-15T23:00:00,,,42.0
2026-01-26 11:00:00,44.7,-59.44283774883054,1.0,Tema Community 3 SSNIT Flat,tabular,ridge_ar_lag_fourier,h168,2026-01-04T23:00:00,2026-01-18T23:00:00,2026-02-15T23:00:00,,,42.0
2026-01-26 12:00:00,40.9,-63.68417668519042,1.0,Tema Community 3 SSNIT Flat,tabular,ridge_ar_lag_fourier,h168,2026-01-04T23:00:00,2026-01-18T23:00:00,2026-02-15T23:00:00,,,42.0
2026-01-26 13:00:00,36.0,-66.54530912732233,1.0,Tema Community 3 SSNIT Flat,tabular,ridge_ar_lag_fourier,h168,2026-01-04T23:00:00,2026-01-18T23:00:00,2026-02-15T23:00:00,,,42.0
2026-01-26 14:00:00,33.2,-68.0007023349404,1.0,Tema Community 3 SSNIT Flat,tabular,ridge_ar_lag_fourier,h168,2026-01-04T23:00:00,2026-01-18T23:00:00,2026-02-15T23:00:00,,,42.0
2026-01-26 15:00:00,32.1,-66.83630989314506,1.0,Tema Community 3 SSNIT Flat,tabular,ridge_ar_lag_fourier,h168,2026-01-04T23:00:00,2026-01-18T23:00:00,2026-02-15T23:00:00,,,42.0
2026-01-26 16:00:00,31.9,-64.51027402440566,1.0,Tema Community 3 SSNIT Flat,tabular,ridge_ar_lag_fourier,h168,2026-01-04T23:00:00,2026-01-18T23:00:00,2026-02-15T23:00:00,,,42.0
2026-01-26 17:00:00,35.0,-65.06349598917772,1.0,Tema Community 3 SSNIT Flat,tabular,ridge_ar_lag_fourier,h168,2026-01-04T23:00:00,2026-01-18T23:00:00,2026-02-15T23:00:00,,,42.0
2026-01-26 18:00:00,36.5,-63.228443371566186,1.0,Tema Community 3 SSNIT Flat,tabular,ridge_ar_lag_fourier,h168,2026-01-04T23:00:00,2026-01-18T23:00:00,2026-02-15T23:00:00,,,42.0
2026-01-26 19:00:00,33.3,-63.83260862735486,1.0,Tema Community 3 SSNIT Flat,tabular,ridge_ar_lag_fourier,h168,2026-01-04T23:00:00,2026-01-18T23:00:00,2026-02-15T23:00:00,,,42.0
2026-01-26 20:00:00,33.5,-65.01604759134572,1.0,Tema Community 3 SSNIT Flat,tabular,ridge_ar_lag_fourier,h168,2026-01-04T23:00:00,2026-01-18T23:00:00,2026-02-15T23:00:00,,,42.0
2026-01-26 21:00:00,33.0,-64.0498334538335,1.0,Tema Community 3 SSNIT Flat,tabular,ridge_ar_lag_fourier,h168,2026-01-04T23:00:00,2026-01-18T23:00:00,2026-02-15T23:00:00,,,42.0
2026-01-26 22:00:00,37.4,-62.93720136578035,1.0,Tema Community 3 SSNIT Flat,tabular,ridge_ar_lag_fourier,h168,2026-01-04T23:00:00,2026-01-18T23:00:00,2026-02-15T23:00:00,,,42.0
2026-01-26 23:00:00,60.0,-57.823643953768695,1.0,Tema Community 3 SSNIT Flat,tabular,ridge_ar_lag_fourier,h168,2026-01-04T23:00:00,2026-01-18T23:00:00,2026-02-15T23:00:00,,,42.0
2026-01-27 00:00:00,58.4,-49.87591878831189,1.0,Tema Community 3 SSNIT Flat,tabular,ridge_ar_lag_fourier,h168,2026-01-04T23:00:00,2026-01-18T23:00:00,2026-02-15T23:00:00,,,42.0
2026-01-27 01:00:00,84.1,-45.039073076871986,1.0,Tema Community 3 SSNIT Flat,tabular,ridge_ar_lag_fourier,h168,2026-01-04T23:00:00,2026-01-18T23:00:00,2026-02-15T23:00:00,,,42.0
2026-01-27 02:00:00,142.9,-49.04471250020613,1.0,Tema Community 3 SSNIT Flat,tabular,ridge_ar_lag_fourier,h168,2026-01-04T23:00:00,2026-01-18T23:00:00,2026-02-15T23:00:00,,,42.0
2026-01-27 03:00:00,194.6,-45.33869207628351,1.0,Tema Community 3 SSNIT Flat,tabular,ridge_ar_lag_fourier,h168,2026-01-04T23:00:00,2026-01-18T23:00:00,2026-02-15T23:00:00,,,42.0
2026-01-27 04:00:00,89.5,-43.49041721321642,1.0,Tema Community 3 SSNIT Flat,tabular,ridge_ar_lag_fourier,h168,2026-01-04T23:00:00,2026-01-18T23:00:00,2026-02-15T23:00:00,,,42.0
2026-01-27 05:00:00,82.1,-45.51323510822945,1.0,Tema Community 3 SSNIT Flat,tabular,ridge_ar_lag_fourier,h168,2026-01-04T23:00:00,2026-01-18T23:00:00,2026-02-15T23:00:00,,,42.0
2026-01-27 06:00:00,67.5,-46.06778641425531,1.0,Tema Community 3 SSNIT Flat,tabular,ridge_ar_lag_fourier,h168,2026-01-04T23:00:00,2026-01-18T23:00:00,2026-02-15T23:00:00,,,42.0
2026-01-27 07:00:00,77.0,-43.621090797652485,1.0,Tema Community 3 SSNIT Flat,tabular,ridge_ar_lag_fourier,h168,2026-01-04T23:00:00,2026-01-18T23:00:00,2026-02-15T23:00:00,,,42.0
2026-01-27 08:00:00,49.8,-50.92411153697822,1.0,Tema Community 3 SSNIT Flat,tabular,ridge_ar_lag_fourier,h168,2026-01-04T23:00:00,2026-01-18T23:00:00,2026-02-15T23:00:00,,,42.0
2026-01-27 09:00:00,45.9,-52.19632241465099,1.0,Tema Community 3 SSNIT Flat,tabular,ridge_ar_lag_fourier,h168,2026-01-04T23:00:00,2026-01-18T23:00:00,2026-02-15T23:00:00,,,42.0
2026-01-27 10:00:00,49.6,-54.26877074975029,1.0,Tema Community 3 SSNIT Flat,tabular,ridge_ar_lag_fourier,h168,2026-01-04T23:00:00,2026-01-18T23:00:00,2026-02-15T23:00:00,,,42.0
2026-01-27 11:00:00,48.8,-57.963579040438276,1.0,Tema Community 3 SSNIT Flat,tabular,ridge_ar_lag_fourier,h168,2026-01-04T23:00:00,2026-01-18T23:00:00,2026-02-15T23:00:00,,,42.0
2026-01-27 12:00:00,53.1,-60.96331182985273,1.0,Tema Community 3 SSNIT Flat,tabular,ridge_ar_lag_fourier,h168,2026-01-04T23:00:00,2026-01-18T23:00:00,2026-02-15T23:00:00,,,42.0
2026-01-27 13:00:00,40.2,-64.08914989980043,1.0,Tema Community 3 SSNIT Flat,tabular,ridge_ar_lag_fourier,h168,2026-01-04T23:00:00,2026-01-18T23:00:00,2026-02-15T23:00:00,,,42.0
2026-01-27 14:00:00,36.6,-66.6591657886013,1.0,Tema Community 3 SSNIT Flat,tabular,ridge_ar_lag_fourier,h168,2026-01-04T23:00:00,2026-01-18T23:00:00,2026-02-15T23:00:00,,,42.0
2026-01-27 15:00:00,35.9,-67.32765992495406,1.0,Tema Community 3 SSNIT Flat,tabular,ridge_ar_lag_fourier,h168,2026-01-04T23:00:00,2026-01-18T23:00:00,2026-02-15T23:00:00,,,42.0
2026-01-27 16:00:00,37.6,-65.71967708558076,1.0,Tema Community 3 SSNIT Flat,tabular,ridge_ar_lag_fourier,h168,2026-01-04T23:00:00,2026-01-18T23:00:00,2026-02-15T23:00:00,,,42.0
2026-01-27 17:00:00,36.8,-65.43161840109852,1.0,Tema Community 3 SSNIT Flat,tabular,ridge_ar_lag_fourier,h168,2026-01-04T23:00:00,2026-01-18T23:00:00,2026-02-15T23:00:00,,,42.0
2026-01-27 18:00:00,35.5,-64.3014752571316,1.0,Tema Community 3 SSNIT Flat,tabular,ridge_ar_lag_fourier,h168,2026-01-04T23:00:00,2026-01-18T23:00:00,2026-02-15T23:00:00,,,42.0
2026-01-27 19:00:00,37.1,-63.486360213405945,1.0,Tema Community 3 SSNIT Flat,tabular,ridge_ar_lag_fourier,h168,2026-01-04T23:00:00,2026-01-18T23:00:00,2026-02-15T23:00:00,,,42.0
2026-01-27 20:00:00,51.5,-63.62452726156802,1.0,Tema Community 3 SSNIT Flat,tabular,ridge_ar_lag_fourier,h168,2026-01-04T23:00:00,2026-01-18T23:00:00,2026-02-15T23:00:00,,,42.0
2026-01-27 21:00:00,37.7,-64.34639292020128,1.0,Tema Community 3 SSNIT Flat,tabular,ridge_ar_lag_fourier,h168,2026-01-04T23:00:00,2026-01-18T23:00:00,2026-02-15T23:00:00,,,42.0
2026-01-27 22:00:00,40.5,-65.14842105139326,1.0,Tema Community 3 SSNIT Flat,tabular,ridge_ar_lag_fourier,h168,2026-01-04T23:00:00,2026-01-18T23:00:00,2026-02-15T23:00:00,,,42.0
2026-01-27 23:00:00,51.8,-67.32419834900823,1.0,Tema Community 3 SSNIT Flat,tabular,ridge_ar_lag_fourier,h168,2026-01-04T23:00:00,2026-01-18T23:00:00,2026-02-15T23:00:00,,,42.0
2026-01-28 00:00:00,54.1,-61.01949300046368,1.0,Tema Community 3 SSNIT Flat,tabular,ridge_ar_lag_fourier,h168,2026-01-04T23:00:00,2026-01-18T23:00:00,2026-02-15T23:00:00,,,42.0
2026-01-28 01:00:00,51.6,-55.64697574986137,1.0,Tema Community 3 SSNIT Flat,tabular,ridge_ar_lag_fourier,h168,2026-01-04T23:00:00,2026-01-18T23:00:00,2026-02-15T23:00:00,,,42.0
2026-01-28 02:00:00,56.5,-53.41384097430266,1.0,Tema Community 3 SSNIT Flat,tabular,ridge_ar_lag_fourier,h168,2026-01-04T23:00:00,2026-01-18T23:00:00,2026-02-15T23:00:00,,,42.0
2026-01-28 03:00:00,56.1,-48.786914884245405,1.0,Tema Community 3 SSNIT Flat,tabular,ridge_ar_lag_fourier,h168,2026-01-04T23:00:00,2026-01-18T23:00:00,2026-02-15T23:00:00,,,42.0
2026-01-28 04:00:00,49.7,-38.4271821668775,1.0,Tema Community 3 SSNIT Flat,tabular,ridge_ar_lag_fourier,h168,2026-01-04T23:00:00,2026-01-18T23:00:00,2026-02-15T23:00:00,,,42.0
2026-01-28 05:00:00,47.9,-45.897416536087704,1.0,Tema Community 3 SSNIT Flat,tabular,ridge_ar_lag_fourier,h168,2026-01-04T23:00:00,2026-01-18T23:00:00,2026-02-15T23:00:00,,,42.0
2026-01-28 06:00:00,65.2,-43.6296258071646,1.0,Tema Community 3 SSNIT Flat,tabular,ridge_ar_lag_fourier,h168,2026-01-04T23:00:00,2026-01-18T23:00:00,2026-02-15T23:00:00,,,42.0
2026-01-28 07:00:00,74.0,-39.24456157174488,1.0,Tema Community 3 SSNIT Flat,tabular,ridge_ar_lag_fourier,h168,2026-01-04T23:00:00,2026-01-18T23:00:00,2026-02-15T23:00:00,,,42.0
2026-01-28 08:00:00,64.6,-48.118776817424376,1.0,Tema Community 3 SSNIT Flat,tabular,ridge_ar_lag_fourier,h168,2026-01-04T23:00:00,2026-01-18T23:00:00,2026-02-15T23:00:00,,,42.0
2026-01-28 09:00:00,47.3,-53.102519250910674,1.0,Tema Community 3 SSNIT Flat,tabular,ridge_ar_lag_fourier,h168,2026-01-04T23:00:00,2026-01-18T23:00:00,2026-02-15T23:00:00,,,42.0
2026-01-28 10:00:00,49.5,-58.15689190314126,1.0,Tema Community 3 SSNIT Flat,tabular,ridge_ar_lag_fourier,h168,2026-01-04T23:00:00,2026-01-18T23:00:00,2026-02-15T23:00:00,,,42.0
2026-01-28 11:00:00,57.6,-61.85393772041415,1.0,Tema Community 3 SSNIT Flat,tabular,ridge_ar_lag_fourier,h168,2026-01-04T23:00:00,2026-01-18T23:00:00,2026-02-15T23:00:00,,,42.0
2026-01-28 12:00:00,54.3,-64.11646069880949,1.0,Tema Community 3 SSNIT Flat,tabular,ridge_ar_lag_fourier,h168,2026-01-04T23:00:00,2026-01-18T23:00:00,2026-02-15T23:00:00,,,42.0
2026-01-28 13:00:00,54.0,-66.80996259582227,1.0,Tema Community 3 SSNIT Flat,tabular,ridge_ar_lag_fourier,h168,2026-01-04T23:00:00,2026-01-18T23:00:00,2026-02-15T23:00:00,,,42.0
2026-01-28 14:00:00,43.5,-68.5773996212065,1.0,Tema Community 3 SSNIT Flat,tabular,ridge_ar_lag_fourier,h168,2026-01-04T23:00:00,2026-01-18T23:00:00,2026-02-15T23:00:00,,,42.0
2026-01-28 15:00:00,41.0,-67.19831340274168,1.0,Tema Community 3 SSNIT Flat,tabular,ridge_ar_lag_fourier,h168,2026-01-04T23:00:00,2026-01-18T23:00:00,2026-02-15T23:00:00,,,42.0
2026-01-28 16:00:00,40.6,-66.77656427119756,1.0,Tema Community 3 SSNIT Flat,tabular,ridge_ar_lag_fourier,h168,2026-01-04T23:00:00,2026-01-18T23:00:00,2026-02-15T23:00:00,,,42.0
2026-01-28 17:00:00,42.2,-65.48161298994533,1.0,Tema Community 3 SSNIT Flat,tabular,ridge_ar_lag_fourier,h168,2026-01-04T23:00:00,2026-01-18T23:00:00,2026-02-15T23:00:00,,,42.0
2026-01-28 18:00:00,42.8,-64.13446541324682,1.0,Tema Community 3 SSNIT Flat,tabular,ridge_ar_lag_fourier,h168,2026-01-04T23:00:00,2026-01-18T23:00:00,2026-02-15T23:00:00,,,42.0
2026-01-28 19:00:00,41.9,-63.515887879710576,1.0,Tema Community 3 SSNIT Flat,tabular,ridge_ar_lag_fourier,h168,2026-01-04T23:00:00,2026-01-18T23:00:00,2026-02-15T23:00:00,,,42.0
2026-01-28 20:00:00,69.8,-65.29069520419621,1.0,Tema Community 3 SSNIT Flat,tabular,ridge_ar_lag_fourier,h168,2026-01-04T23:00:00,2026-01-18T23:00:00,2026-02-15T23:00:00,,,42.0
2026-01-28 21:00:00,39.8,-66.56549078928934,1.0,Tema Community 3 SSNIT Flat,tabular,ridge_ar_lag_fourier,h168,2026-01-04T23:00:00,2026-01-18T23:00:00,2026-02-15T23:00:00,,,42.0
2026-01-28 22:00:00,46.8,-67.1949250159843,1.0,Tema Community 3 SSNIT Flat,tabular,ridge_ar_lag_fourier,h168,2026-01-04T23:00:00,2026-01-18T23:00:00,2026-02-15T23:00:00,,,42.0
2026-01-28 23:00:00,60.9,-68.22454139635252,1.0,Tema Community 3 SSNIT Flat,tabular,ridge_ar_lag_fourier,h168,2026-01-04T23:00:00,2026-01-18T23:00:00,2026-02-15T23:00:00,,,42.0
2026-01-29 00:00:00,73.5,-61.25735454515946,1.0,Tema Community 3 SSNIT Flat,tabular,ridge_ar_lag_fourier,h168,2026-01-04T23:00:00,2026-01-18T23:00:00,2026-02-15T23:00:00,,,42.0
2026-01-29 01:00:00,60.2,-59.17180395876332,1.0,Tema Community 3 SSNIT Flat,tabular,ridge_ar_lag_fourier,h168,2026-01-04T23:00:00,2026-01-18T23:00:00,2026-02-15T23:00:00,,,42.0
2026-01-29 02:00:00,52.6,-54.97306942377163,1.0,Tema Community 3 SSNIT Flat,tabular,ridge_ar_lag_fourier,h168,2026-01-04T23:00:00,2026-01-18T23:00:00,2026-02-15T23:00:00,,,42.0
2026-01-29 03:00:00,49.3,-51.3410936601303,1.0,Tema Community 3 SSNIT Flat,tabular,ridge_ar_lag_fourier,h168,2026-01-04T23:00:00,2026-01-18T23:00:00,2026-02-15T23:00:00,,,42.0
2026-01-29 04:00:00,62.4,-50.79565617288165,1.0,Tema Community 3 SSNIT Flat,tabular,ridge_ar_lag_fourier,h168,2026-01-04T23:00:00,2026-01-18T23:00:00,2026-02-15T23:00:00,,,42.0
2026-01-29 05:00:00,74.6,-48.475158136763866,1.0,Tema Community 3 SSNIT Flat,tabular,ridge_ar_lag_fourier,h168,2026-01-04T23:00:00,2026-01-18T23:00:00,2026-02-15T23:00:00,,,42.0
2026-01-29 06:00:00,76.4,-41.759392128005615,1.0,Tema Community 3 SSNIT Flat,tabular,ridge_ar_lag_fourier,h168,2026-01-04T23:00:00,2026-01-18T23:00:00,2026-02-15T23:00:00,,,42.0
2026-01-29 07:00:00,66.4,-43.96962421942992,1.0,Tema Community 3 SSNIT Flat,tabular,ridge_ar_lag_fourier,h168,2026-01-04T23:00:00,2026-01-18T23:00:00,2026-02-15T23:00:00,,,42.0
2026-01-29 08:00:00,61.4,-51.04632046459491,1.0,Tema Community 3 SSNIT Flat,tabular,ridge_ar_lag_fourier,h168,2026-01-04T23:00:00,2026-01-18T23:00:00,2026-02-15T23:00:00,,,42.0
2026-01-29 09:00:00,54.7,-52.265579800495246,1.0,Tema Community 3 SSNIT Flat,tabular,ridge_ar_lag_fourier,h168,2026-01-04T23:00:00,2026-01-18T23:00:00,2026-02-15T23:00:00,,,42.0
2026-01-29 10:00:00,54.4,-59.324172173257935,1.0,Tema Community 3 SSNIT Flat,tabular,ridge_ar_lag_fourier,h168,2026-01-04T23:00:00,2026-01-18T23:00:00,2026-02-15T23:00:00,,,42.0
2026-01-29 11:00:00,54.3,-63.65854332341412,1.0,Tema Community 3 SSNIT Flat,tabular,ridge_ar_lag_fourier,h168,2026-01-04T23:00:00,2026-01-18T23:00:00,2026-02-15T23:00:00,,,42.0
2026-01-29 12:00:00,48.4,-44.845730549521534,1.0,Tema Community 3 SSNIT Flat,tabular,ridge_ar_lag_fourier,h168,2026-01-04T23:00:00,2026-01-18T23:00:00,2026-02-15T23:00:00,,,42.0
2026-01-29 13:00:00,40.4,-54.5578359451121,1.0,Tema Community 3 SSNIT Flat,tabular,ridge_ar_lag_fourier,h168,2026-01-04T23:00:00,2026-01-18T23:00:00,2026-02-15T23:00:00,,,42.0
2026-01-29 14:00:00,40.1,-64.31954412785113,1.0,Tema Community 3 SSNIT Flat,tabular,ridge_ar_lag_fourier,h168,2026-01-04T23:00:00,2026-01-18T23:00:00,2026-02-15T23:00:00,,,42.0
2026-01-29 15:00:00,51.5,-62.60742461770553,1.0,Tema Community 3 SSNIT Flat,tabular,ridge_ar_lag_fourier,h168,2026-01-04T23:00:00,2026-01-18T23:00:00,2026-02-15T23:00:00,,,42.0
2026-01-29 16:00:00,42.4,-66.63413191797538,1.0,Tema Community 3 SSNIT Flat,tabular,ridge_ar_lag_fourier,h168,2026-01-04T23:00:00,2026-01-18T23:00:00,2026-02-15T23:00:00,,,42.0
2026-01-29 17:00:00,53.7,-65.22671764223752,1.0,Tema Community 3 SSNIT Flat,tabular,ridge_ar_lag_fourier,h168,2026-01-04T23:00:00,2026-01-18T23:00:00,2026-02-15T23:00:00,,,42.0
2026-01-29 18:00:00,39.2,-63.915859759212466,1.0,Tema Community 3 SSNIT Flat,tabular,ridge_ar_lag_fourier,h168,2026-01-04T23:00:00,2026-01-18T23:00:00,2026-02-15T23:00:00,,,42.0
2026-01-29 19:00:00,39.0,-65.34936926443619,1.0,Tema Community 3 SSNIT Flat,tabular,ridge_ar_lag_fourier,h168,2026-01-04T23:00:00,2026-01-18T23:00:00,2026-02-15T23:00:00,,,42.0
2026-01-29 20:00:00,38.6,-67.79913220879008,1.0,Tema Community 3 SSNIT Flat,tabular,ridge_ar_lag_fourier,h168,2026-01-04T23:00:00,2026-01-18T23:00:00,2026-02-15T23:00:00,,,42.0
2026-01-29 21:00:00,38.1,-67.054411127056,1.0,Tema Community 3 SSNIT Flat,tabular,ridge_ar_lag_fourier,h168,2026-01-04T23:00:00,2026-01-18T23:00:00,2026-02-15T23:00:00,,,42.0
2026-01-29 22:00:00,37.7,-67.48059975102746,1.0,Tema Community 3 SSNIT Flat,tabular,ridge_ar_lag_fourier,h168,2026-01-04T23:00:00,2026-01-18T23:00:00,2026-02-15T23:00:00,,,42.0
2026-01-29 23:00:00,40.7,-65.29717680886206,1.0,Tema Community 3 SSNIT Flat,tabular,ridge_ar_lag_fourier,h168,2026-01-04T23:00:00,2026-01-18T23:00:00,2026-02-15T23:00:00,,,42.0
2026-01-30 00:00:00,41.1,-60.51548234356373,1.0,Tema Community 3 SSNIT Flat,tabular,ridge_ar_lag_fourier,h168,2026-01-04T23:00:00,2026-01-18T23:00:00,2026-02-15T23:00:00,,,42.0
2026-01-30 01:00:00,41.3,-56.90251103403358,1.0,Tema Community 3 SSNIT Flat,tabular,ridge_ar_lag_fourier,h168,2026-01-04T23:00:00,2026-01-18T23:00:00,2026-02-15T23:00:00,,,42.0
2026-01-30 02:00:00,42.6,-54.3483306615628,1.0,Tema Community 3 SSNIT Flat,tabular,ridge_ar_lag_fourier,h168,2026-01-04T23:00:00,2026-01-18T23:00:00,2026-02-15T23:00:00,,,42.0
2026-01-30 03:00:00,43.5,-48.71976881888985,1.0,Tema Community 3 SSNIT Flat,tabular,ridge_ar_lag_fourier,h168,2026-01-04T23:00:00,2026-01-18T23:00:00,2026-02-15T23:00:00,,,42.0
2026-01-30 04:00:00,49.0,-51.2298807099654,1.0,Tema Community 3 SSNIT Flat,tabular,ridge_ar_lag_fourier,h168,2026-01-04T23:00:00,2026-01-18T23:00:00,2026-02-15T23:00:00,,,42.0
2026-01-30 05:00:00,57.2,-47.523600359851585,1.0,Tema Community 3 SSNIT Flat,tabular,ridge_ar_lag_fourier,h168,2026-01-04T23:00:00,2026-01-18T23:00:00,2026-02-15T23:00:00,,,42.0
2026-01-30 06:00:00,61.6,-39.05111443305155,1.0,Tema Community 3 SSNIT Flat,tabular,ridge_ar_lag_fourier,h168,2026-01-04T23:00:00,2026-01-18T23:00:00,2026-02-15T23:00:00,,,42.0
2026-01-30 07:00:00,62.4,-40.77934709438077,1.0,Tema Community 3 SSNIT Flat,tabular,ridge_ar_lag_fourier,h168,2026-01-04T23:00:00,2026-01-18T23:00:00,2026-02-15T23:00:00,,,42.0
2026-01-30 08:00:00,56.1,-49.86975205034916,1.0,Tema Community 3 SSNIT Flat,tabular,ridge_ar_lag_fourier,h168,2026-01-04T23:00:00,2026-01-18T23:00:00,2026-02-15T23:00:00,,,42.0
2026-01-30 09:00:00,48.8,-55.004408342954264,1.0,Tema Community 3 SSNIT Flat,tabular,ridge_ar_lag_fourier,h168,2026-01-04T23:00:00,2026-01-18T23:00:00,2026-02-15T23:00:00,,,42.0
2026-01-30 10:00:00,47.2,-60.965299106474575,1.0,Tema Community 3 SSNIT Flat,tabular,ridge_ar_lag_fourier,h168,2026-01-04T23:00:00,2026-01-18T23:00:00,2026-02-15T23:00:00,,,42.0
2026-01-30 11:00:00,44.2,-64.36471967150457,1.0,Tema Community 3 SSNIT Flat,tabular,ridge_ar_lag_fourier,h168,2026-01-04T23:00:00,2026-01-18T23:00:00,2026-02-15T23:00:00,,,42.0
2026-01-30 12:00:00,43.7,-67.24505387709372,1.0,Tema Community 3 SSNIT Flat,tabular,ridge_ar_lag_fourier,h168,2026-01-04T23:00:00,2026-01-18T23:00:00,2026-02-15T23:00:00,,,42.0
2026-01-30 13:00:00,40.8,-72.37044309523567,1.0,Tema Community 3 SSNIT Flat,tabular,ridge_ar_lag_fourier,h168,2026-01-04T23:00:00,2026-01-18T23:00:00,2026-02-15T23:00:00,,,42.0
2026-01-30 14:00:00,37.1,-71.71961197043875,1.0,Tema Community 3 SSNIT Flat,tabular,ridge_ar_lag_fourier,h168,2026-01-04T23:00:00,2026-01-18T23:00:00,2026-02-15T23:00:00,,,42.0
2026-01-30 15:00:00,36.9,-72.27176154474786,1.0,Tema Community 3 SSNIT Flat,tabular,ridge_ar_lag_fourier,h168,2026-01-04T23:00:00,2026-01-18T23:00:00,2026-02-15T23:00:00,,,42.0
2026-01-30 16:00:00,36.2,-73.28072746475299,1.0,Tema Community 3 SSNIT Flat,tabular,ridge_ar_lag_fourier,h168,2026-01-04T23:00:00,2026-01-18T23:00:00,2026-02-15T23:00:00,,,42.0
2026-01-30 17:00:00,37.2,-71.63285479699255,1.0,Tema Community 3 SSNIT Flat,tabular,ridge_ar_lag_fourier,h168,2026-01-04T23:00:00,2026-01-18T23:00:00,2026-02-15T23:00:00,,,42.0
2026-01-30 18:00:00,41.1,-69.32699379131311,1.0,Tema Community 3 SSNIT Flat,tabular,ridge_ar_lag_fourier,h168,2026-01-04T23:00:00,2026-01-18T23:00:00,2026-02-15T23:00:00,,,42.0
2026-01-30 19:00:00,39.6,-70.63946108222423,1.0,Tema Community 3 SSNIT Flat,tabular,ridge_ar_lag_fourier,h168,2026-01-04T23:00:00,2026-01-18T23:00:00,2026-02-15T23:00:00,,,42.0
2026-01-30 20:00:00,38.9,-72.51412789947393,1.0,Tema Community 3 SSNIT Flat,tabular,ridge_ar_lag_fourier,h168,2026-01-04T23:00:00,2026-01-18T23:00:00,2026-02-15T23:00:00,,,42.0
2026-01-30 21:00:00,37.8,-72.76892264404997,1.0,Tema Community 3 SSNIT Flat,tabular,ridge_ar_lag_fourier,h168,2026-01-04T23:00:00,2026-01-18T23:00:00,2026-02-15T23:00:00,,,42.0
2026-01-30 22:00:00,38.5,-72.84967489882658,1.0,Tema Community 3 SSNIT Flat,tabular,ridge_ar_lag_fourier,h168,2026-01-04T23:00:00,2026-01-18T23:00:00,2026-02-15T23:00:00,,,42.0
2026-01-30 23:00:00,40.4,-70.11207950897871,1.0,Tema Community 3 SSNIT Flat,tabular,ridge_ar_lag_fourier,h168,2026-01-04T23:00:00,2026-01-18T23:00:00,2026-02-15T23:00:00,,,42.0
2026-01-31 00:00:00,41.4,-65.235637630928,1.0,Tema Community 3 SSNIT Flat,tabular,ridge_ar_lag_fourier,h168,2026-01-04T23:00:00,2026-01-18T23:00:00,2026-02-15T23:00:00,,,42.0
2026-01-31 01:00:00,39.4,-59.31980654562757,1.0,Tema Community 3 SSNIT Flat,tabular,ridge_ar_lag_fourier,h168,2026-01-04T23:00:00,2026-01-18T23:00:00,2026-02-15T23:00:00,,,42.0
2026-01-31 02:00:00,39.0,-54.13136494978566,1.0,Tema Community 3 SSNIT Flat,tabular,ridge_ar_lag_fourier,h168,2026-01-04T23:00:00,2026-01-18T23:00:00,2026-02-15T23:00:00,,,42.0
2026-01-31 03:00:00,43.4,-52.04026438032369,1.0,Tema Community 3 SSNIT Flat,tabular,ridge_ar_lag_fourier,h168,2026-01-04T23:00:00,2026-01-18T23:00:00,2026-02-15T23:00:00,,,42.0
2026-01-31 04:00:00,47.5,-44.981349280752866,1.0,Tema Community 3 SSNIT Flat,tabular,ridge_ar_lag_fourier,h168,2026-01-04T23:00:00,2026-01-18T23:00:00,2026-02-15T23:00:00,,,42.0
2026-01-31 05:00:00,44.0,-42.092411746102016,1.0,Tema Community 3 SSNIT Flat,tabular,ridge_ar_lag_fourier,h168,2026-01-04T23:00:00,2026-01-18T23:00:00,2026-02-15T23:00:00,,,42.0
2026-01-31 06:00:00,51.8,-42.520012782094284,1.0,Tema Community 3 SSNIT Flat,tabular,ridge_ar_lag_fourier,h168,2026-01-04T23:00:00,2026-01-18T23:00:00,2026-02-15T23:00:00,,,42.0
2026-01-31 07:00:00,58.9,-40.76716720384346,1.0,Tema Community 3 SSNIT Flat,tabular,ridge_ar_lag_fourier,h168,2026-01-04T23:00:00,2026-01-18T23:00:00,2026-02-15T23:00:00,,,42.0
2026-01-31 08:00:00,49.9,-56.72008398195071,1.0,Tema Community 3 SSNIT Flat,tabular,ridge_ar_lag_fourier,h168,2026-01-04T23:00:00,2026-01-18T23:00:00,2026-02-15T23:00:00,,,42.0
2026-01-31 09:00:00,45.7,-62.820839594177826,1.0,Tema Community 3 SSNIT Flat,tabular,ridge_ar_lag_fourier,h168,2026-01-04T23:00:00,2026-01-18T23:00:00,2026-02-15T23:00:00,,,42.0
2026-01-31 10:00:00,43.7,-65.77203037784571,1.0,Tema Community 3 SSNIT Flat,tabular,ridge_ar_lag_fourier,h168,2026-01-04T23:00:00,2026-01-18T23:00:00,2026-02-15T23:00:00,,,42.0
2026-01-31 11:00:00,41.3,-67.27598240757182,1.0,Tema Community 3 SSNIT Flat,tabular,ridge_ar_lag_fourier,h168,2026-01-04T23:00:00,2026-01-18T23:00:00,2026-02-15T23:00:00,,,42.0
2026-01-31 12:00:00,37.0,-73.70703117284044,1.0,Tema Community 3 SSNIT Flat,tabular,ridge_ar_lag_fourier,h168,2026-01-04T23:00:00,2026-01-18T23:00:00,2026-02-15T23:00:00,,,42.0
2026-01-31 13:00:00,37.2,-75.18138216703143,1.0,Tema Community 3 SSNIT Flat,tabular,ridge_ar_lag_fourier,h168,2026-01-04T23:00:00,2026-01-18T23:00:00,2026-02-15T23:00:00,,,42.0
2026-01-31 14:00:00,35.8,-75.40193131579338,1.0,Tema Community 3 SSNIT Flat,tabular,ridge_ar_lag_fourier,h168,2026-01-04T23:00:00,2026-01-18T23:00:00,2026-02-15T23:00:00,,,42.0
2026-01-31 15:00:00,34.8,-74.6677011962634,1.0,Tema Community 3 SSNIT Flat,tabular,ridge_ar_lag_fourier,h168,2026-01-04T23:00:00,2026-01-18T23:00:00,2026-02-15T23:00:00,,,42.0
2026-01-31 16:00:00,33.0,-72.56831471274718,1.0,Tema Community 3 SSNIT Flat,tabular,ridge_ar_lag_fourier,h168,2026-01-04T23:00:00,2026-01-18T23:00:00,2026-02-15T23:00:00,,,42.0
2026-01-31 17:00:00,33.2,-71.71362438893654,1.0,Tema Community 3 SSNIT Flat,tabular,ridge_ar_lag_fourier,h168,2026-01-04T23:00:00,2026-01-18T23:00:00,2026-02-15T23:00:00,,,42.0
2026-01-31 18:00:00,32.7,-72.28486360754384,1.0,Tema Community 3 SSNIT Flat,tabular,ridge_ar_lag_fourier,h168,2026-01-04T23:00:00,2026-01-18T23:00:00,2026-02-15T23:00:00,,,42.0
2026-01-31 19:00:00,34.2,-70.51789869134329,1.0,Tema Community 3 SSNIT Flat,tabular,ridge_ar_lag_fourier,h168,2026-01-04T23:00:00,2026-01-18T23:00:00,2026-02-15T23:00:00,,,42.0
2026-01-31 20:00:00,35.0,-72.04563073942857,1.0,Tema Community 3 SSNIT Flat,tabular,ridge_ar_lag_fourier,h168,2026-01-04T23:00:00,2026-01-18T23:00:00,2026-02-15T23:00:00,,,42.0
2026-01-31 21:00:00,34.1,-71.53223833992118,1.0,Tema Community 3 SSNIT Flat,tabular,ridge_ar_lag_fourier,h168,2026-01-04T23:00:00,2026-01-18T23:00:00,2026-02-15T23:00:00,,,42.0
2026-01-31 22:00:00,32.8,-68.9532802037066,1.0,Tema Community 3 SSNIT Flat,tabular,ridge_ar_lag_fourier,h168,2026-01-04T23:00:00,2026-01-18T23:00:00,2026-02-15T23:00:00,,,42.0
2026-01-31 23:00:00,33.7,-68.70890133200155,1.0,Tema Community 3 SSNIT Flat,tabular,ridge_ar_lag_fourier,h168,2026-01-04T23:00:00,2026-01-18T23:00:00,2026-02-15T23:00:00,,,42.0
2026-02-01 00:00:00,35.3,-64.51530580764464,1.0,Tema Community 3 SSNIT Flat,tabular,ridge_ar_lag_fourier,h168,2026-01-04T23:00:00,2026-01-18T23:00:00,2026-02-15T23:00:00,,,42.0
2026-02-01 01:00:00,36.4,-58.0764661137833,1.0,Tema Community 3 SSNIT Flat,tabular,ridge_ar_lag_fourier,h168,2026-01-04T23:00:00,2026-01-18T23:00:00,2026-02-15T23:00:00,,,42.0
2026-02-01 02:00:00,34.0,-54.34308098750047,1.0,Tema Community 3 SSNIT Flat,tabular,ridge_ar_lag_fourier,h168,2026-01-04T23:00:00,2026-01-18T23:00:00,2026-02-15T23:00:00,,,42.0
2026-02-01 03:00:00,31.4,-54.87919185371611,1.0,Tema Community 3 SSNIT Flat,tabular,ridge_ar_lag_fourier,h168,2026-01-04T23:00:00,2026-01-18T23:00:00,2026-02-15T23:00:00,,,42.0
2026-02-01 04:00:00,31.2,-50.73363482919686,1.0,Tema Community 3 SSNIT Flat,tabular,ridge_ar_lag_fourier,h168,2026-01-04T23:00:00,2026-01-18T23:00:00,2026-02-15T23:00:00,,,42.0
2026-02-01 05:00:00,31.0,-50.710706133130074,1.0,Tema Community 3 SSNIT Flat,tabular,ridge_ar_lag_fourier,h168,2026-01-04T23:00:00,2026-01-18T23:00:00,2026-02-15T23:00:00,,,42.0
2026-02-01 06:00:00,58.1,-43.80939675145693,1.0,Tema Community 3 SSNIT Flat,tabular,ridge_ar_lag_fourier,h168,2026-01-04T23:00:00,2026-01-18T23:00:00,2026-02-15T23:00:00,,,42.0
2026-02-01 07:00:00,76.1,-45.87296029627305,1.0,Tema Community 3 SSNIT Flat,tabular,ridge_ar_lag_fourier,h168,2026-01-04T23:00:00,2026-01-18T23:00:00,2026-02-15T23:00:00,,,42.0
2026-02-01 08:00:00,47.9,-56.20970122631674,1.0,Tema Community 3 SSNIT Flat,tabular,ridge_ar_lag_fourier,h168,2026-01-04T23:00:00,2026-01-18T23:00:00,2026-02-15T23:00:00,,,42.0
2026-02-01 09:00:00,46.1,-59.621275774015416,1.0,Tema Community 3 SSNIT Flat,tabular,ridge_ar_lag_fourier,h168,2026-01-04T23:00:00,2026-01-18T23:00:00,2026-02-15T23:00:00,,,42.0
2026-02-01 10:00:00,37.4,-62.828612548757334,1.0,Tema Community 3 SSNIT Flat,tabular,ridge_ar_lag_fourier,h168,2026-01-04T23:00:00,2026-01-18T23:00:00,2026-02-15T23:00:00,,,42.0
2026-02-01 11:00:00,34.6,-65.27963958062622,1.0,Tema Community 3 SSNIT Flat,tabular,ridge_ar_lag_fourier,h168,2026-01-04T23:00:00,2026-01-18T23:00:00,2026-02-15T23:00:00,,,42.0
2026-02-01 12:00:00,31.4,-66.86813259607906,1.0,Tema Community 3 SSNIT Flat,tabular,ridge_ar_lag_fourier,h168,2026-01-04T23:00:00,2026-01-18T23:00:00,2026-02-15T23:00:00,,,42.0
2026-02-01 13:00:00,29.9,-73.66589087170343,1.0,Tema Community 3 SSNIT Flat,tabular,ridge_ar_lag_fourier,h168,2026-01-04T23:00:00,2026-01-18T23:00:00,2026-02-15T23:00:00,,,42.0
2026-02-01 14:00:00,29.6,-74.10912771029487,1.0,Tema Community 3 SSNIT Flat,tabular,ridge_ar_lag_fourier,h168,2026-01-04T23:00:00,2026-01-18T23:00:00,2026-02-15T23:00:00,,,42.0
2026-02-01 15:00:00,32.2,-72.50594480800696,1.0,Tema Community 3 SSNIT Flat,tabular,ridge_ar_lag_fourier,h168,2026-01-04T23:00:00,2026-01-18T23:00:00,2026-02-15T23:00:00,,,42.0
2026-02-01 16:00:00,33.4,-73.82984021524136,1.0,Tema Community 3 SSNIT Flat,tabular,ridge_ar_lag_fourier,h168,2026-01-04T23:00:00,2026-01-18T23:00:00,2026-02-15T23:00:00,,,42.0
2026-02-01 17:00:00,33.6,-76.21727751680177,1.0,Tema Community 3 SSNIT Flat,tabular,ridge_ar_lag_fourier,h168,2026-01-04T23:00:00,2026-01-18T23:00:00,2026-02-15T23:00:00,,,42.0
2026-02-01 18:00:00,33.9,-74.18111146836318,1.0,Tema Community 3 SSNIT Flat,tabular,ridge_ar_lag_fourier,h168,2026-01-04T23:00:00,2026-01-18T23:00:00,2026-02-15T23:00:00,,,42.0
2026-02-01 19:00:00,33.6,-74.2392403607689,1.0,Tema Community 3 SSNIT Flat,tabular,ridge_ar_lag_fourier,h168,2026-01-04T23:00:00,2026-01-18T23:00:00,2026-02-15T23:00:00,,,42.0
2026-02-01 20:00:00,33.4,-75.68519691335929,1.0,Tema Community 3 SSNIT Flat,tabular,ridge_ar_lag_fourier,h168,2026-01-04T23:00:00,2026-01-18T23:00:00,2026-02-15T23:00:00,,,42.0
2026-02-01 21:00:00,34.3,-74.57807025899349,1.0,Tema Community 3 SSNIT Flat,tabular,ridge_ar_lag_fourier,h168,2026-01-04T23:00:00,2026-01-18T23:00:00,2026-02-15T23:00:00,,,42.0
2026-02-01 22:00:00,30.9,-75.09298084246474,1.0,Tema Community 3 SSNIT Flat,tabular,ridge_ar_lag_fourier,h168,2026-01-04T23:00:00,2026-01-18T23:00:00,2026-02-15T23:00:00,,,42.0
2026-02-01 23:00:00,34.5,-72.54488979938542,1.0,Tema Community 3 SSNIT Flat,tabular,ridge_ar_lag_fourier,h168,2026-01-04T23:00:00,2026-01-18T23:00:00,2026-02-15T23:00:00,,,42.0
2026-02-02 00:00:00,41.4,-60.97919624960585,1.0,Tema Community 3 SSNIT Flat,tabular,ridge_ar_lag_fourier,h168,2026-01-04T23:00:00,2026-01-18T23:00:00,2026-02-15T23:00:00,,,42.0
2026-02-02 01:00:00,36.0,-56.076319972950344,1.0,Tema Community 3 SSNIT Flat,tabular,ridge_ar_lag_fourier,h168,2026-01-04T23:00:00,2026-01-18T23:00:00,2026-02-15T23:00:00,,,42.0
2026-02-02 02:00:00,34.9,-52.086136497020135,1.0,Tema Community 3 SSNIT Flat,tabular,ridge_ar_lag_fourier,h168,2026-01-04T23:00:00,2026-01-18T23:00:00,2026-02-15T23:00:00,,,42.0
2026-02-02 03:00:00,31.2,-53.345919864337176,1.0,Tema Community 3 SSNIT Flat,tabular,ridge_ar_lag_fourier,h168,2026-01-04T23:00:00,2026-01-18T23:00:00,2026-02-15T23:00:00,,,42.0
2026-02-02 04:00:00,41.0,-44.00648620623328,1.0,Tema Community 3 SSNIT Flat,tabular,ridge_ar_lag_fourier,h168,2026-01-04T23:00:00,2026-01-18T23:00:00,2026-02-15T23:00:00,,,42.0
2026-02-02 05:00:00,34.9,-48.87247895305153,1.0,Tema Community 3 SSNIT Flat,tabular,ridge_ar_lag_fourier,h168,2026-01-04T23:00:00,2026-01-18T23:00:00,2026-02-15T23:00:00,,,42.0
2026-02-02 06:00:00,49.7,-44.72168735231317,1.0,Tema Community 3 SSNIT Flat,tabular,ridge_ar_lag_fourier,h168,2026-01-04T23:00:00,2026-01-18T23:00:00,2026-02-15T23:00:00,,,42.0
2026-02-02 07:00:00,62.9,-47.41509205228998,1.0,Tema Community 3 SSNIT Flat,tabular,ridge_ar_lag_fourier,h168,2026-01-04T23:00:00,2026-01-18T23:00:00,2026-02-15T23:00:00,,,42.0
2026-02-02 08:00:00,51.4,-55.4738927394971,1.0,Tema Community 3 SSNIT Flat,tabular,ridge_ar_lag_fourier,h168,2026-01-04T23:00:00,2026-01-18T23:00:00,2026-02-15T23:00:00,,,42.0
2026-02-02 09:00:00,40.0,-57.3101204689402,1.0,Tema Community 3 SSNIT Flat,tabular,ridge_ar_lag_fourier,h168,2026-01-04T23:00:00,2026-01-18T23:00:00,2026-02-15T23:00:00,,,42.0
2026-02-02 10:00:00,40.5,-58.013589937902694,1.0,Tema Community 3 SSNIT Flat,tabular,ridge_ar_lag_fourier,h168,2026-01-04T23:00:00,2026-01-18T23:00:00,2026-02-15T23:00:00,,,42.0
2026-02-02 11:00:00,29.2,-63.41259430878178,1.0,Tema Community 3 SSNIT Flat,tabular,ridge_ar_lag_fourier,h168,2026-01-04T23:00:00,2026-01-18T23:00:00,2026-02-15T23:00:00,,,42.0
2026-02-02 12:00:00,27.9,-66.0667312191665,1.0,Tema Community 3 SSNIT Flat,tabular,ridge_ar_lag_fourier,h168,2026-01-04T23:00:00,2026-01-18T23:00:00,2026-02-15T23:00:00,,,42.0
2026-02-02 13:00:00,25.7,-69.67217364477474,1.0,Tema Community 3 SSNIT Flat,tabular,ridge_ar_lag_fourier,h168,2026-01-04T23:00:00,2026-01-18T23:00:00,2026-02-15T23:00:00,,,42.0
2026-02-02 14:00:00,27.2,-71.64374575119253,1.0,Tema Community 3 SSNIT Flat,tabular,ridge_ar_lag_fourier,h168,2026-01-04T23:00:00,2026-01-18T23:00:00,2026-02-15T23:00:00,,,42.0
2026-02-02 15:00:00,30.9,-71.2620723354157,1.0,Tema Community 3 SSNIT Flat,tabular,ridge_ar_lag_fourier,h168,2026-01-04T23:00:00,2026-01-18T23:00:00,2026-02-15T23:00:00,,,42.0
2026-02-02 16:00:00,82.6,-72.72254162632841,1.0,Tema Community 3 SSNIT Flat,tabular,ridge_ar_lag_fourier,h168,2026-01-04T23:00:00,2026-01-18T23:00:00,2026-02-15T23:00:00,,,42.0
2026-02-02 17:00:00,71.2,-72.16119769356943,1.0,Tema Community 3 SSNIT Flat,tabular,ridge_ar_lag_fourier,h168,2026-01-04T23:00:00,2026-01-18T23:00:00,2026-02-15T23:00:00,,,42.0
2026-02-02 18:00:00,42.7,-69.91626111879658,1.0,Tema Community 3 SSNIT Flat,tabular,ridge_ar_lag_fourier,h168,2026-01-04T23:00:00,2026-01-18T23:00:00,2026-02-15T23:00:00,,,42.0
2026-02-02 19:00:00,45.2,-71.43361308107549,1.0,Tema Community 3 SSNIT Flat,tabular,ridge_ar_lag_fourier,h168,2026-01-04T23:00:00,2026-01-18T23:00:00,2026-02-15T23:00:00,,,42.0
2026-02-02 20:00:00,53.0,-72.86764029294362,1.0,Tema Community 3 SSNIT Flat,tabular,ridge_ar_lag_fourier,h168,2026-01-04T23:00:00,2026-01-18T23:00:00,2026-02-15T23:00:00,,,42.0
2026-02-02 21:00:00,40.7,-71.99059352328894,1.0,Tema Community 3 SSNIT Flat,tabular,ridge_ar_lag_fourier,h168,2026-01-04T23:00:00,2026-01-18T23:00:00,2026-02-15T23:00:00,,,42.0
2026-02-02 22:00:00,40.6,-71.36274977290408,1.0,Tema Community 3 SSNIT Flat,tabular,ridge_ar_lag_fourier,h168,2026-01-04T23:00:00,2026-01-18T23:00:00,2026-02-15T23:00:00,,,42.0
2026-02-02 23:00:00,47.5,-67.7570750598516,1.0,Tema Community 3 SSNIT Flat,tabular,ridge_ar_lag_fourier,h168,2026-01-04T23:00:00,2026-01-18T23:00:00,2026-02-15T23:00:00,,,42.0
2026-02-03 00:00:00,62.5,-61.512659699029896,1.0,Tema Community 3 SSNIT Flat,tabular,ridge_ar_lag_fourier,h168,2026-01-04T23:00:00,2026-01-18T23:00:00,2026-02-15T23:00:00,,,42.0
2026-02-03 01:00:00,57.0,-61.77972828714154,1.0,Tema Community 3 SSNIT Flat,tabular,ridge_ar_lag_fourier,h168,2026-01-04T23:00:00,2026-01-18T23:00:00,2026-02-15T23:00:00,,,42.0
2026-02-03 02:00:00,51.9,-54.78120231922334,1.0,Tema Community 3 SSNIT Flat,tabular,ridge_ar_lag_fourier,h168,2026-01-04T23:00:00,2026-01-18T23:00:00,2026-02-15T23:00:00,,,42.0
2026-02-03 03:00:00,54.5,-46.80312247862243,1.0,Tema Community 3 SSNIT Flat,tabular,ridge_ar_lag_fourier,h168,2026-01-04T23:00:00,2026-01-18T23:00:00,2026-02-15T23:00:00,,,42.0
2026-02-03 04:00:00,44.8,-35.36395127828355,1.0,Tema Community 3 SSNIT Flat,tabular,ridge_ar_lag_fourier,h168,2026-01-04T23:00:00,2026-01-18T23:00:00,2026-02-15T23:00:00,,,42.0
2026-02-03 05:00:00,61.1,-46.36201957305538,1.0,Tema Community 3 SSNIT Flat,tabular,ridge_ar_lag_fourier,h168,2026-01-04T23:00:00,2026-01-18T23:00:00,2026-02-15T23:00:00,,,42.0
2026-02-03 06:00:00,56.0,-45.358602335777405,1.0,Tema Community 3 SSNIT Flat,tabular,ridge_ar_lag_fourier,h168,2026-01-04T23:00:00,2026-01-18T23:00:00,2026-02-15T23:00:00,,,42.0
2026-02-03 07:00:00,66.6,-48.82795109446559,1.0,Tema Community 3 SSNIT Flat,tabular,ridge_ar_lag_fourier,h168,2026-01-04T23:00:00,2026-01-18T23:00:00,2026-02-15T23:00:00,,,42.0
2026-02-03 08:00:00,41.9,-58.4282169076877,1.0,Tema Community 3 SSNIT Flat,tabular,ridge_ar_lag_fourier,h168,2026-01-04T23:00:00,2026-01-18T23:00:00,2026-02-15T23:00:00,,,42.0
2026-02-03 09:00:00,44.2,-63.02651694967555,1.0,Tema Community 3 SSNIT Flat,tabular,ridge_ar_lag_fourier,h168,2026-01-04T23:00:00,2026-01-18T23:00:00,2026-02-15T23:00:00,,,42.0
2026-02-03 10:00:00,58.0,-63.9558326650192,1.0,Tema Community 3 SSNIT Flat,tabular,ridge_ar_lag_fourier,h168,2026-01-04T23:00:00,2026-01-18T23:00:00,2026-02-15T23:00:00,,,42.0
2026-02-03 11:00:00,56.5,-68.04610972625291,1.0,Tema Community 3 SSNIT Flat,tabular,ridge_ar_lag_fourier,h168,2026-01-04T23:00:00,2026-01-18T23:00:00,2026-02-15T23:00:00,,,42.0
2026-02-03 12:00:00,46.7,-71.85886348897654,1.0,Tema Community 3 SSNIT Flat,tabular,ridge_ar_lag_fourier,h168,2026-01-04T23:00:00,2026-01-18T23:00:00,2026-02-15T23:00:00,,,42.0
2026-02-03 13:00:00,26.5,-75.01638371809422,1.0,Tema Community 3 SSNIT Flat,tabular,ridge_ar_lag_fourier,h168,2026-01-04T23:00:00,2026-01-18T23:00:00,2026-02-15T23:00:00,,,42.0
2026-02-03 14:00:00,34.7,-77.21628876518015,1.0,Tema Community 3 SSNIT Flat,tabular,ridge_ar_lag_fourier,h168,2026-01-04T23:00:00,2026-01-18T23:00:00,2026-02-15T23:00:00,,,42.0
2026-02-03 15:00:00,29.0,-75.30727423632474,1.0,Tema Community 3 SSNIT Flat,tabular,ridge_ar_lag_fourier,h168,2026-01-04T23:00:00,2026-01-18T23:00:00,2026-02-15T23:00:00,,,42.0
2026-02-03 16:00:00,36.1,-78.70577420082505,1.0,Tema Community 3 SSNIT Flat,tabular,ridge_ar_lag_fourier,h168,2026-01-04T23:00:00,2026-01-18T23:00:00,2026-02-15T23:00:00,,,42.0
2026-02-03 17:00:00,26.1,-77.74274009975825,1.0,Tema Community 3 SSNIT Flat,tabular,ridge_ar_lag_fourier,h168,2026-01-04T23:00:00,2026-01-18T23:00:00,2026-02-15T23:00:00,,,42.0
2026-02-03 18:00:00,39.8,-69.5743007612431,1.0,Tema Community 3 SSNIT Flat,tabular,ridge_ar_lag_fourier,h168,2026-01-04T23:00:00,2026-01-18T23:00:00,2026-02-15T23:00:00,,,42.0
2026-02-03 19:00:00,59.4,-75.40986387748869,1.0,Tema Community 3 SSNIT Flat,tabular,ridge_ar_lag_fourier,h168,2026-01-04T23:00:00,2026-01-18T23:00:00,2026-02-15T23:00:00,,,42.0
2026-02-03 20:00:00,76.5,-77.37719499881548,1.0,Tema Community 3 SSNIT Flat,tabular,ridge_ar_lag_fourier,h168,2026-01-04T23:00:00,2026-01-18T23:00:00,2026-02-15T23:00:00,,,42.0
2026-02-03 21:00:00,77.8,-78.04107807384925,1.0,Tema Community 3 SSNIT Flat,tabular,ridge_ar_lag_fourier,h168,2026-01-04T23:00:00,2026-01-18T23:00:00,2026-02-15T23:00:00,,,42.0
2026-02-03 22:00:00,56.3,-77.59382150392823,1.0,Tema Community 3 SSNIT Flat,tabular,ridge_ar_lag_fourier,h168,2026-01-04T23:00:00,2026-01-18T23:00:00,2026-02-15T23:00:00,,,42.0
2026-02-03 23:00:00,66.2,-74.21167568198868,1.0,Tema Community 3 SSNIT Flat,tabular,ridge_ar_lag_fourier,h168,2026-01-04T23:00:00,2026-01-18T23:00:00,2026-02-15T23:00:00,,,42.0
2026-02-04 00:00:00,55.9,-64.36358559632873,1.0,Tema Community 3 SSNIT Flat,tabular,ridge_ar_lag_fourier,h168,2026-01-04T23:00:00,2026-01-18T23:00:00,2026-02-15T23:00:00,,,42.0
2026-02-04 01:00:00,56.0,-56.64003426574641,1.0,Tema Community 3 SSNIT Flat,tabular,ridge_ar_lag_fourier,h168,2026-01-04T23:00:00,2026-01-18T23:00:00,2026-02-15T23:00:00,,,42.0
2026-02-04 02:00:00,43.0,-48.55958484041679,1.0,Tema Community 3 SSNIT Flat,tabular,ridge_ar_lag_fourier,h168,2026-01-04T23:00:00,2026-01-18T23:00:00,2026-02-15T23:00:00,,,42.0
2026-02-04 03:00:00,49.6,-46.054568778181704,1.0,Tema Community 3 SSNIT Flat,tabular,ridge_ar_lag_fourier,h168,2026-01-04T23:00:00,2026-01-18T23:00:00,2026-02-15T23:00:00,,,42.0
2026-02-04 04:00:00,59.0,-36.0733130586373,1.0,Tema Community 3 SSNIT Flat,tabular,ridge_ar_lag_fourier,h168,2026-01-04T23:00:00,2026-01-18T23:00:00,2026-02-15T23:00:00,,,42.0
2026-02-04 05:00:00,97.2,-50.152975159693995,1.0,Tema Community 3 SSNIT Flat,tabular,ridge_ar_lag_fourier,h168,2026-01-04T23:00:00,2026-01-18T23:00:00,2026-02-15T23:00:00,,,42.0
2026-02-04 06:00:00,80.1,-47.94602940456521,1.0,Tema Community 3 SSNIT Flat,tabular,ridge_ar_lag_fourier,h168,2026-01-04T23:00:00,2026-01-18T23:00:00,2026-02-15T23:00:00,,,42.0
2026-02-04 07:00:00,91.6,-51.5283149197285,1.0,Tema Community 3 SSNIT Flat,tabular,ridge_ar_lag_fourier,h168,2026-01-04T23:00:00,2026-01-18T23:00:00,2026-02-15T23:00:00,,,42.0
2026-02-04 08:00:00,46.5,-62.79107576081243,1.0,Tema Community 3 SSNIT Flat,tabular,ridge_ar_lag_fourier,h168,2026-01-04T23:00:00,2026-01-18T23:00:00,2026-02-15T23:00:00,,,42.0
2026-02-04 09:00:00,47.7,-67.19438764315822,1.0,Tema Community 3 SSNIT Flat,tabular,ridge_ar_lag_fourier,h168,2026-01-04T23:00:00,2026-01-18T23:00:00,2026-02-15T23:00:00,,,42.0
2026-02-04 10:00:00,47.3,-66.98319148315247,1.0,Tema Community 3 SSNIT Flat,tabular,ridge_ar_lag_fourier,h168,2026-01-04T23:00:00,2026-01-18T23:00:00,2026-02-15T23:00:00,,,42.0
2026-02-04 11:00:00,40.1,-67.61492545748425,1.0,Tema Community 3 SSNIT Flat,tabular,ridge_ar_lag_fourier,h168,2026-01-04T23:00:00,2026-01-18T23:00:00,2026-02-15T23:00:00,,,42.0
2026-02-04 12:00:00,35.8,-70.10259549989941,1.0,Tema Community 3 SSNIT Flat,tabular,ridge_ar_lag_fourier,h168,2026-01-04T23:00:00,2026-01-18T23:00:00,2026-02-15T23:00:00,,,42.0
2026-02-04 13:00:00,35.0,-71.79299946997219,1.0,Tema Community 3 SSNIT Flat,tabular,ridge_ar_lag_fourier,h168,2026-01-04T23:00:00,2026-01-18T23:00:00,2026-02-15T23:00:00,,,42.0
2026-02-04 14:00:00,32.5,-71.92479844612336,1.0,Tema Community 3 SSNIT Flat,tabular,ridge_ar_lag_fourier,h168,2026-01-04T23:00:00,2026-01-18T23:00:00,2026-02-15T23:00:00,,,42.0
2026-02-04 15:00:00,30.3,-72.92917566134197,1.0,Tema Community 3 SSNIT Flat,tabular,ridge_ar_lag_fourier,h168,2026-01-04T23:00:00,2026-01-18T23:00:00,2026-02-15T23:00:00,,,42.0
2026-02-04 16:00:00,24.5,-78.77842987306971,1.0,Tema Community 3 SSNIT Flat,tabular,ridge_ar_lag_fourier,h168,2026-01-04T23:00:00,2026-01-18T23:00:00,2026-02-15T23:00:00,,,42.0
2026-02-04 17:00:00,21.8,-78.97391906898225,1.0,Tema Community 3 SSNIT Flat,tabular,ridge_ar_lag_fourier,h168,2026-01-04T23:00:00,2026-01-18T23:00:00,2026-02-15T23:00:00,,,42.0
2026-02-04 18:00:00,18.9,-76.32234314119015,1.0,Tema Community 3 SSNIT Flat,tabular,ridge_ar_lag_fourier,h168,2026-01-04T23:00:00,2026-01-18T23:00:00,2026-02-15T23:00:00,,,42.0
2026-02-04 19:00:00,12.5,-76.60275609975383,1.0,Tema Community 3 SSNIT Flat,tabular,ridge_ar_lag_fourier,h168,2026-01-04T23:00:00,2026-01-18T23:00:00,2026-02-15T23:00:00,,,42.0
2026-02-04 20:00:00,13.5,-76.37289348558043,1.0,Tema Community 3 SSNIT Flat,tabular,ridge_ar_lag_fourier,h168,2026-01-04T23:00:00,2026-01-18T23:00:00,2026-02-15T23:00:00,,,42.0
2026-02-04 21:00:00,20.6,-74.62848701571284,1.0,Tema Community 3 SSNIT Flat,tabular,ridge_ar_lag_fourier,h168,2026-01-04T23:00:00,2026-01-18T23:00:00,2026-02-15T23:00:00,,,42.0
2026-02-04 22:00:00,25.4,-72.29165365811873,1.0,Tema Community 3 SSNIT Flat,tabular,ridge_ar_lag_fourier,h168,2026-01-04T23:00:00,2026-01-18T23:00:00,2026-02-15T23:00:00,,,42.0
2026-02-04 23:00:00,39.4,-67.62251662997697,1.0,Tema Community 3 SSNIT Flat,tabular,ridge_ar_lag_fourier,h168,2026-01-04T23:00:00,2026-01-18T23:00:00,2026-02-15T23:00:00,,,42.0
2026-02-05 00:00:00,41.5,-56.61756654627125,1.0,Tema Community 3 SSNIT Flat,tabular,ridge_ar_lag_fourier,h168,2026-01-04T23:00:00,2026-01-18T23:00:00,2026-02-15T23:00:00,,,42.0
2026-02-05 01:00:00,46.8,-54.107259075849925,1.0,Tema Community 3 SSNIT Flat,tabular,ridge_ar_lag_fourier,h168,2026-01-04T23:00:00,2026-01-18T23:00:00,2026-02-15T23:00:00,,,42.0
2026-02-05 02:00:00,43.1,-41.1159800184804,1.0,Tema Community 3 SSNIT Flat,tabular,ridge_ar_lag_fourier,h168,2026-01-04T23:00:00,2026-01-18T23:00:00,2026-02-15T23:00:00,,,42.0
2026-02-05 03:00:00,41.4,-40.968836482994405,1.0,Tema Community 3 SSNIT Flat,tabular,ridge_ar_lag_fourier,h168,2026-01-04T23:00:00,2026-01-18T23:00:00,2026-02-15T23:00:00,,,42.0
2026-02-05 04:00:00,36.6,-48.86942803083522,1.0,Tema Community 3 SSNIT Flat,tabular,ridge_ar_lag_fourier,h168,2026-01-04T23:00:00,2026-01-18T23:00:00,2026-02-15T23:00:00,,,42.0
2026-02-05 05:00:00,50.0,-49.027510477333365,1.0,Tema Community 3 SSNIT Flat,tabular,ridge_ar_lag_fourier,h168,2026-01-04T23:00:00,2026-01-18T23:00:00,2026-02-15T23:00:00,,,42.0
2026-02-05 06:00:00,43.4,-48.3137114340535,1.0,Tema Community 3 SSNIT Flat,tabular,ridge_ar_lag_fourier,h168,2026-01-04T23:00:00,2026-01-18T23:00:00,2026-02-15T23:00:00,,,42.0
2026-02-05 07:00:00,43.5,-50.77276819329657,1.0,Tema Community 3 SSNIT Flat,tabular,ridge_ar_lag_fourier,h168,2026-01-04T23:00:00,2026-01-18T23:00:00,2026-02-15T23:00:00,,,42.0
2026-02-05 08:00:00,33.2,-59.54754943196585,1.0,Tema Community 3 SSNIT Flat,tabular,ridge_ar_lag_fourier,h168,2026-01-04T23:00:00,2026-01-18T23:00:00,2026-02-15T23:00:00,,,42.0
2026-02-05 09:00:00,26.7,-63.4429454667646,1.0,Tema Community 3 SSNIT Flat,tabular,ridge_ar_lag_fourier,h168,2026-01-04T23:00:00,2026-01-18T23:00:00,2026-02-15T23:00:00,,,42.0
2026-02-05 10:00:00,24.3,-63.038710797477975,1.0,Tema Community 3 SSNIT Flat,tabular,ridge_ar_lag_fourier,h168,2026-01-04T23:00:00,2026-01-18T23:00:00,2026-02-15T23:00:00,,,42.0
2026-02-05 11:00:00,18.6,-65.46060072957623,1.0,Tema Community 3 SSNIT Flat,tabular,ridge_ar_lag_fourier,h168,2026-01-04T23:00:00,2026-01-18T23:00:00,2026-02-15T23:00:00,,,42.0
2026-02-05 12:00:00,15.8,-67.39024307763046,1.0,Tema Community 3 SSNIT Flat,tabular,ridge_ar_lag_fourier,h168,2026-01-04T23:00:00,2026-01-18T23:00:00,2026-02-15T23:00:00,,,42.0
2026-02-05 13:00:00,14.5,-73.48344372629154,1.0,Tema Community 3 SSNIT Flat,tabular,ridge_ar_lag_fourier,h168,2026-01-04T23:00:00,2026-01-18T23:00:00,2026-02-15T23:00:00,,,42.0
2026-02-05 14:00:00,16.0,-76.79474768448456,1.0,Tema Community 3 SSNIT Flat,tabular,ridge_ar_lag_fourier,h168,2026-01-04T23:00:00,2026-01-18T23:00:00,2026-02-15T23:00:00,,,42.0
2026-02-05 15:00:00,16.7,-77.47792859642911,1.0,Tema Community 3 SSNIT Flat,tabular,ridge_ar_lag_fourier,h168,2026-01-04T23:00:00,2026-01-18T23:00:00,2026-02-15T23:00:00,,,42.0
2026-02-05 16:00:00,23.9,-76.73621202730244,1.0,Tema Community 3 SSNIT Flat,tabular,ridge_ar_lag_fourier,h168,2026-01-04T23:00:00,2026-01-18T23:00:00,2026-02-15T23:00:00,,,42.0
2026-02-05 17:00:00,32.3,-76.34729338342437,1.0,Tema Community 3 SSNIT Flat,tabular,ridge_ar_lag_fourier,h168,2026-01-04T23:00:00,2026-01-18T23:00:00,2026-02-15T23:00:00,,,42.0
2026-02-05 18:00:00,23.2,-73.00020849004243,1.0,Tema Community 3 SSNIT Flat,tabular,ridge_ar_lag_fourier,h168,2026-01-04T23:00:00,2026-01-18T23:00:00,2026-02-15T23:00:00,,,42.0
2026-02-05 19:00:00,21.8,-74.11480827490756,1.0,Tema Community 3 SSNIT Flat,tabular,ridge_ar_lag_fourier,h168,2026-01-04T23:00:00,2026-01-18T23:00:00,2026-02-15T23:00:00,,,42.0
2026-02-05 20:00:00,21.6,-74.53212213362038,1.0,Tema Community 3 SSNIT Flat,tabular,ridge_ar_lag_fourier,h168,2026-01-04T23:00:00,2026-01-18T23:00:00,2026-02-15T23:00:00,,,42.0
2026-02-05 21:00:00,21.4,-75.45423602155508,1.0,Tema Community 3 SSNIT Flat,tabular,ridge_ar_lag_fourier,h168,2026-01-04T23:00:00,2026-01-18T23:00:00,2026-02-15T23:00:00,,,42.0
2026-02-05 22:00:00,20.9,-73.65659772254001,1.0,Tema Community 3 SSNIT Flat,tabular,ridge_ar_lag_fourier,h168,2026-01-04T23:00:00,2026-01-18T23:00:00,2026-02-15T23:00:00,,,42.0
2026-02-05 23:00:00,20.4,-67.1743345902177,1.0,Tema Community 3 SSNIT Flat,tabular,ridge_ar_lag_fourier,h168,2026-01-04T23:00:00,2026-01-18T23:00:00,2026-02-15T23:00:00,,,42.0
2026-02-06 00:00:00,20.7,-57.80945119877491,1.0,Tema Community 3 SSNIT Flat,tabular,ridge_ar_lag_fourier,h168,2026-01-04T23:00:00,2026-01-18T23:00:00,2026-02-15T23:00:00,,,42.0
2026-02-06 01:00:00,24.0875,-58.66380641816737,1.0,Tema Community 3 SSNIT Flat,tabular,ridge_ar_lag_fourier,h168,2026-01-04T23:00:00,2026-01-18T23:00:00,2026-02-15T23:00:00,,,42.0
2026-02-06 02:00:00,27.475,-51.25729147188348,1.0,Tema Community 3 SSNIT Flat,tabular,ridge_ar_lag_fourier,h168,2026-01-04T23:00:00,2026-01-18T23:00:00,2026-02-15T23:00:00,,,42.0
2026-02-06 03:00:00,30.862499999999997,-50.47186127867795,1.0,Tema Community 3 SSNIT Flat,tabular,ridge_ar_lag_fourier,h168,2026-01-04T23:00:00,2026-01-18T23:00:00,2026-02-15T23:00:00,,,42.0
2026-02-06 05:00:00,37.6375,-48.883996127779184,1.0,Tema Community 3 SSNIT Flat,tabular,ridge_ar_lag_fourier,h168,2026-01-04T23:00:00,2026-01-18T23:00:00,2026-02-15T23:00:00,,,42.0
2026-02-06 06:00:00,41.025,-47.0113306558674,1.0,Tema Community 3 SSNIT Flat,tabular,ridge_ar_lag_fourier,h168,2026-01-04T23:00:00,2026-01-18T23:00:00,2026-02-15T23:00:00,,,42.0
2026-02-06 07:00:00,44.4125,-47.471856551163896,1.0,Tema Community 3 SSNIT Flat,tabular,ridge_ar_lag_fourier,h168,2026-01-04T23:00:00,2026-01-18T23:00:00,2026-02-15T23:00:00,,,42.0
2026-02-06 08:00:00,47.8,-58.368489191578206,1.0,Tema Community 3 SSNIT Flat,tabular,ridge_ar_lag_fourier,h168,2026-01-04T23:00:00,2026-01-18T23:00:00,2026-02-15T23:00:00,,,42.0
2026-02-06 09:00:00,33.7,-60.517089346401434,1.0,Tema Community 3 SSNIT Flat,tabular,ridge_ar_lag_fourier,h168,2026-01-04T23:00:00,2026-01-18T23:00:00,2026-02-15T23:00:00,,,42.0
2026-02-06 10:00:00,21.3,-60.57737872980951,1.0,Tema Community 3 SSNIT Flat,tabular,ridge_ar_lag_fourier,h168,2026-01-04T23:00:00,2026-01-18T23:00:00,2026-02-15T23:00:00,,,42.0
2026-02-06 11:00:00,20.7,-65.56229374309578,1.0,Tema Community 3 SSNIT Flat,tabular,ridge_ar_lag_fourier,h168,2026-01-04T23:00:00,2026-01-18T23:00:00,2026-02-15T23:00:00,,,42.0
2026-02-06 12:00:00,19.6,-68.49931073054508,1.0,Tema Community 3 SSNIT Flat,tabular,ridge_ar_lag_fourier,h168,2026-01-04T23:00:00,2026-01-18T23:00:00,2026-02-15T23:00:00,,,42.0
2026-02-06 13:00:00,20.5,-73.84948475325757,1.0,Tema Community 3 SSNIT Flat,tabular,ridge_ar_lag_fourier,h168,2026-01-04T23:00:00,2026-01-18T23:00:00,2026-02-15T23:00:00,,,42.0
2026-02-06 14:00:00,21.2,-76.62292093087261,1.0,Tema Community 3 SSNIT Flat,tabular,ridge_ar_lag_fourier,h168,2026-01-04T23:00:00,2026-01-18T23:00:00,2026-02-15T23:00:00,,,42.0
2026-02-06 15:00:00,19.1,-76.64380767541225,1.0,Tema Community 3 SSNIT Flat,tabular,ridge_ar_lag_fourier,h168,2026-01-04T23:00:00,2026-01-18T23:00:00,2026-02-15T23:00:00,,,42.0
2026-02-06 16:00:00,20.7,-75.2620131425359,1.0,Tema Community 3 SSNIT Flat,tabular,ridge_ar_lag_fourier,h168,2026-01-04T23:00:00,2026-01-18T23:00:00,2026-02-15T23:00:00,,,42.0
2026-02-06 17:00:00,22.1,-74.30045975341204,1.0,Tema Community 3 SSNIT Flat,tabular,ridge_ar_lag_fourier,h168,2026-01-04T23:00:00,2026-01-18T23:00:00,2026-02-15T23:00:00,,,42.0
2026-02-06 18:00:00,22.9,-75.06658569018639,1.0,Tema Community 3 SSNIT Flat,tabular,ridge_ar_lag_fourier,h168,2026-01-04T23:00:00,2026-01-18T23:00:00,2026-02-15T23:00:00,,,42.0
2026-02-06 19:00:00,24.2,-76.54376985079419,1.0,Tema Community 3 SSNIT Flat,tabular,ridge_ar_lag_fourier,h168,2026-01-04T23:00:00,2026-01-18T23:00:00,2026-02-15T23:00:00,,,42.0
2026-02-06 20:00:00,24.2,-75.02377578753418,1.0,Tema Community 3 SSNIT Flat,tabular,ridge_ar_lag_fourier,h168,2026-01-04T23:00:00,2026-01-18T23:00:00,2026-02-15T23:00:00,,,42.0
2026-02-06 21:00:00,25.4,-78.52602294219182,1.0,Tema Community 3 SSNIT Flat,tabular,ridge_ar_lag_fourier,h168,2026-01-04T23:00:00,2026-01-18T23:00:00,2026-02-15T23:00:00,,,42.0
2026-02-06 22:00:00,25.3,-74.5680574910575,1.0,Tema Community 3 SSNIT Flat,tabular,ridge_ar_lag_fourier,h168,2026-01-04T23:00:00,2026-01-18T23:00:00,2026-02-15T23:00:00,,,42.0
2026-02-06 23:00:00,23.7,-69.24675930884392,1.0,Tema Community 3 SSNIT Flat,tabular,ridge_ar_lag_fourier,h168,2026-01-04T23:00:00,2026-01-18T23:00:00,2026-02-15T23:00:00,,,42.0
2026-02-07 00:00:00,22.6,-64.17813413203761,1.0,Tema Community 3 SSNIT Flat,tabular,ridge_ar_lag_fourier,h168,2026-01-04T23:00:00,2026-01-18T23:00:00,2026-02-15T23:00:00,,,42.0
2026-02-07 01:00:00,18.8,-61.30167356777879,1.0,Tema Community 3 SSNIT Flat,tabular,ridge_ar_lag_fourier,h168,2026-01-04T23:00:00,2026-01-18T23:00:00,2026-02-15T23:00:00,,,42.0
2026-02-07 02:00:00,22.4,-54.471860790566055,1.0,Tema Community 3 SSNIT Flat,tabular,ridge_ar_lag_fourier,h168,2026-01-04T23:00:00,2026-01-18T23:00:00,2026-02-15T23:00:00,,,42.0
2026-02-07 03:00:00,32.5,-47.71854275810111,1.0,Tema Community 3 SSNIT Flat,tabular,ridge_ar_lag_fourier,h168,2026-01-04T23:00:00,2026-01-18T23:00:00,2026-02-15T23:00:00,,,42.0
2026-02-07 04:00:00,37.3,-46.92410516235434,1.0,Tema Community 3 SSNIT Flat,tabular,ridge_ar_lag_fourier,h168,2026-01-04T23:00:00,2026-01-18T23:00:00,2026-02-15T23:00:00,,,42.0
2026-02-07 05:00:00,39.7,-53.36648889659814,1.0,Tema Community 3 SSNIT Flat,tabular,ridge_ar_lag_fourier,h168,2026-01-04T23:00:00,2026-01-18T23:00:00,2026-02-15T23:00:00,,,42.0
2026-02-07 06:00:00,62.6,-51.37816628991554,1.0,Tema Community 3 SSNIT Flat,tabular,ridge_ar_lag_fourier,h168,2026-01-04T23:00:00,2026-01-18T23:00:00,2026-02-15T23:00:00,,,42.0
2026-02-07 07:00:00,55.3,-49.14601243438628,1.0,Tema Community 3 SSNIT Flat,tabular,ridge_ar_lag_fourier,h168,2026-01-04T23:00:00,2026-01-18T23:00:00,2026-02-15T23:00:00,,,42.0
2026-02-07 08:00:00,41.3,-57.24861240508403,1.0,Tema Community 3 SSNIT Flat,tabular,ridge_ar_lag_fourier,h168,2026-01-04T23:00:00,2026-01-18T23:00:00,2026-02-15T23:00:00,,,42.0
2026-02-07 09:00:00,23.7,-62.510793999159816,1.0,Tema Community 3 SSNIT Flat,tabular,ridge_ar_lag_fourier,h168,2026-01-04T23:00:00,2026-01-18T23:00:00,2026-02-15T23:00:00,,,42.0
2026-02-07 10:00:00,23.2,-60.94179922498047,1.0,Tema Community 3 SSNIT Flat,tabular,ridge_ar_lag_fourier,h168,2026-01-04T23:00:00,2026-01-18T23:00:00,2026-02-15T23:00:00,,,42.0
2026-02-07 11:00:00,19.6,-66.78709817479911,1.0,Tema Community 3 SSNIT Flat,tabular,ridge_ar_lag_fourier,h168,2026-01-04T23:00:00,2026-01-18T23:00:00,2026-02-15T23:00:00,,,42.0
2026-02-07 12:00:00,19.0,-70.52509630787848,1.0,Tema Community 3 SSNIT Flat,tabular,ridge_ar_lag_fourier,h168,2026-01-04T23:00:00,2026-01-18T23:00:00,2026-02-15T23:00:00,,,42.0
2026-02-07 13:00:00,17.4,-74.25287424273229,1.0,Tema Community 3 SSNIT Flat,tabular,ridge_ar_lag_fourier,h168,2026-01-04T23:00:00,2026-01-18T23:00:00,2026-02-15T23:00:00,,,42.0
2026-02-07 14:00:00,16.7,-76.78845183923482,1.0,Tema Community 3 SSNIT Flat,tabular,ridge_ar_lag_fourier,h168,2026-01-04T23:00:00,2026-01-18T23:00:00,2026-02-15T23:00:00,,,42.0
2026-02-07 15:00:00,18.4,-73.81349521158037,1.0,Tema Community 3 SSNIT Flat,tabular,ridge_ar_lag_fourier,h168,2026-01-04T23:00:00,2026-01-18T23:00:00,2026-02-15T23:00:00,,,42.0
2026-02-07 16:00:00,79.5,-75.11343048845261,1.0,Tema Community 3 SSNIT Flat,tabular,ridge_ar_lag_fourier,h168,2026-01-04T23:00:00,2026-01-18T23:00:00,2026-02-15T23:00:00,,,42.0
2026-02-07 17:00:00,31.8,-75.29295756869239,1.0,Tema Community 3 SSNIT Flat,tabular,ridge_ar_lag_fourier,h168,2026-01-04T23:00:00,2026-01-18T23:00:00,2026-02-15T23:00:00,,,42.0
2026-02-07 18:00:00,32.5,-75.23963576574589,1.0,Tema Community 3 SSNIT Flat,tabular,ridge_ar_lag_fourier,h168,2026-01-04T23:00:00,2026-01-18T23:00:00,2026-02-15T23:00:00,,,42.0
2026-02-07 19:00:00,24.7,-76.2045413206871,1.0,Tema Community 3 SSNIT Flat,tabular,ridge_ar_lag_fourier,h168,2026-01-04T23:00:00,2026-01-18T23:00:00,2026-02-15T23:00:00,,,42.0
2026-02-07 20:00:00,23.8,-73.37795863939245,1.0,Tema Community 3 SSNIT Flat,tabular,ridge_ar_lag_fourier,h168,2026-01-04T23:00:00,2026-01-18T23:00:00,2026-02-15T23:00:00,,,42.0
2026-02-07 21:00:00,25.5,-76.597799496513,1.0,Tema Community 3 SSNIT Flat,tabular,ridge_ar_lag_fourier,h168,2026-01-04T23:00:00,2026-01-18T23:00:00,2026-02-15T23:00:00,,,42.0
2026-02-07 22:00:00,36.7,-74.9030710629766,1.0,Tema Community 3 SSNIT Flat,tabular,ridge_ar_lag_fourier,h168,2026-01-04T23:00:00,2026-01-18T23:00:00,2026-02-15T23:00:00,,,42.0
2026-02-07 23:00:00,31.7,-71.20367227915764,1.0,Tema Community 3 SSNIT Flat,tabular,ridge_ar_lag_fourier,h168,2026-01-04T23:00:00,2026-01-18T23:00:00,2026-02-15T23:00:00,,,42.0
2026-02-08 00:00:00,33.1,-58.57782576818293,1.0,Tema Community 3 SSNIT Flat,tabular,ridge_ar_lag_fourier,h168,2026-01-04T23:00:00,2026-01-18T23:00:00,2026-02-15T23:00:00,,,42.0
2026-02-08 01:00:00,35.7,-57.59569797899226,1.0,Tema Community 3 SSNIT Flat,tabular,ridge_ar_lag_fourier,h168,2026-01-04T23:00:00,2026-01-18T23:00:00,2026-02-15T23:00:00,,,42.0
2026-02-08 02:00:00,34.0,-53.673425668641755,1.0,Tema Community 3 SSNIT Flat,tabular,ridge_ar_lag_fourier,h168,2026-01-04T23:00:00,2026-01-18T23:00:00,2026-02-15T23:00:00,,,42.0
2026-02-08 03:00:00,35.0,-49.67625250520736,1.0,Tema Community 3 SSNIT Flat,tabular,ridge_ar_lag_fourier,h168,2026-01-04T23:00:00,2026-01-18T23:00:00,2026-02-15T23:00:00,,,42.0
2026-02-08 04:00:00,37.8,-53.173456192147384,1.0,Tema Community 3 SSNIT Flat,tabular,ridge_ar_lag_fourier,h168,2026-01-04T23:00:00,2026-01-18T23:00:00,2026-02-15T23:00:00,,,42.0
2026-02-08 05:00:00,48.8,-50.59182883677924,1.0,Tema Community 3 SSNIT Flat,tabular,ridge_ar_lag_fourier,h168,2026-01-04T23:00:00,2026-01-18T23:00:00,2026-02-15T23:00:00,,,42.0
2026-02-08 06:00:00,113.1,-47.32439835906014,1.0,Tema Community 3 SSNIT Flat,tabular,ridge_ar_lag_fourier,h168,2026-01-04T23:00:00,2026-01-18T23:00:00,2026-02-15T23:00:00,,,42.0
2026-02-08 07:00:00,111.6,-41.830929745621376,1.0,Tema Community 3 SSNIT Flat,tabular,ridge_ar_lag_fourier,h168,2026-01-04T23:00:00,2026-01-18T23:00:00,2026-02-15T23:00:00,,,42.0
2026-02-08 08:00:00,48.6,-47.8582452474361,1.0,Tema Community 3 SSNIT Flat,tabular,ridge_ar_lag_fourier,h168,2026-01-04T23:00:00,2026-01-18T23:00:00,2026-02-15T23:00:00,,,42.0
2026-02-08 09:00:00,32.0,-56.67114693798612,1.0,Tema Community 3 SSNIT Flat,tabular,ridge_ar_lag_fourier,h168,2026-01-04T23:00:00,2026-01-18T23:00:00,2026-02-15T23:00:00,,,42.0
2026-02-08 10:00:00,173.0,-58.23503414467538,1.0,Tema Community 3 SSNIT Flat,tabular,ridge_ar_lag_fourier,h168,2026-01-04T23:00:00,2026-01-18T23:00:00,2026-02-15T23:00:00,,,42.0
2026-02-08 11:00:00,237.5,-60.36550478552407,1.0,Tema Community 3 SSNIT Flat,tabular,ridge_ar_lag_fourier,h168,2026-01-04T23:00:00,2026-01-18T23:00:00,2026-02-15T23:00:00,,,42.0
2026-02-08 12:00:00,65.3,-62.95430185663291,1.0,Tema Community 3 SSNIT Flat,tabular,ridge_ar_lag_fourier,h168,2026-01-04T23:00:00,2026-01-18T23:00:00,2026-02-15T23:00:00,,,42.0
2026-02-08 13:00:00,23.3,-66.34562663697112,1.0,Tema Community 3 SSNIT Flat,tabular,ridge_ar_lag_fourier,h168,2026-01-04T23:00:00,2026-01-18T23:00:00,2026-02-15T23:00:00,,,42.0
2026-02-08 14:00:00,17.9,-69.14182178289329,1.0,Tema Community 3 SSNIT Flat,tabular,ridge_ar_lag_fourier,h168,2026-01-04T23:00:00,2026-01-18T23:00:00,2026-02-15T23:00:00,,,42.0
2026-02-08 15:00:00,17.0,-69.10254364023449,1.0,Tema Community 3 SSNIT Flat,tabular,ridge_ar_lag_fourier,h168,2026-01-04T23:00:00,2026-01-18T23:00:00,2026-02-15T23:00:00,,,42.0
2026-02-08 16:00:00,16.9,-66.51144393850443,1.0,Tema Community 3 SSNIT Flat,tabular,ridge_ar_lag_fourier,h168,2026-01-04T23:00:00,2026-01-18T23:00:00,2026-02-15T23:00:00,,,42.0
2026-02-08 17:00:00,24.0,-67.34635728601916,1.0,Tema Community 3 SSNIT Flat,tabular,ridge_ar_lag_fourier,h168,2026-01-04T23:00:00,2026-01-18T23:00:00,2026-02-15T23:00:00,,,42.0
2026-02-08 18:00:00,26.6,-67.89061880393304,1.0,Tema Community 3 SSNIT Flat,tabular,ridge_ar_lag_fourier,h168,2026-01-04T23:00:00,2026-01-18T23:00:00,2026-02-15T23:00:00,,,42.0
2026-02-08 19:00:00,21.2,-67.44982441823687,1.0,Tema Community 3 SSNIT Flat,tabular,ridge_ar_lag_fourier,h168,2026-01-04T23:00:00,2026-01-18T23:00:00,2026-02-15T23:00:00,,,42.0
2026-02-08 20:00:00,21.1,-65.5391650651025,1.0,Tema Community 3 SSNIT Flat,tabular,ridge_ar_lag_fourier,h168,2026-01-04T23:00:00,2026-01-18T23:00:00,2026-02-15T23:00:00,,,42.0
2026-02-08 21:00:00,20.1,-69.28789213453094,1.0,Tema Community 3 SSNIT Flat,tabular,ridge_ar_lag_fourier,h168,2026-01-04T23:00:00,2026-01-18T23:00:00,2026-02-15T23:00:00,,,42.0
2026-02-08 22:00:00,20.3,-66.9335337393753,1.0,Tema Community 3 SSNIT Flat,tabular,ridge_ar_lag_fourier,h168,2026-01-04T23:00:00,2026-01-18T23:00:00,2026-02-15T23:00:00,,,42.0
2026-02-08 23:00:00,23.3,-60.122832009483105,1.0,Tema Community 3 SSNIT Flat,tabular,ridge_ar_lag_fourier,h168,2026-01-04T23:00:00,2026-01-18T23:00:00,2026-02-15T23:00:00,,,42.0
2026-02-09 00:00:00,18.5,-49.06561224439767,1.0,Tema Community 3 SSNIT Flat,tabular,ridge_ar_lag_fourier,h168,2026-01-04T23:00:00,2026-01-18T23:00:00,2026-02-15T23:00:00,,,42.0
2026-02-09 01:00:00,17.4,-45.77671057233296,1.0,Tema Community 3 SSNIT Flat,tabular,ridge_ar_lag_fourier,h168,2026-01-04T23:00:00,2026-01-18T23:00:00,2026-02-15T23:00:00,,,42.0
2026-02-09 02:00:00,17.9,-43.549194851281854,1.0,Tema Community 3 SSNIT Flat,tabular,ridge_ar_lag_fourier,h168,2026-01-04T23:00:00,2026-01-18T23:00:00,2026-02-15T23:00:00,,,42.0
2026-02-09 03:00:00,20.8,-41.87716448048853,1.0,Tema Community 3 SSNIT Flat,tabular,ridge_ar_lag_fourier,h168,2026-01-04T23:00:00,2026-01-18T23:00:00,2026-02-15T23:00:00,,,42.0
2026-02-09 04:00:00,22.6,-49.03329649963638,1.0,Tema Community 3 SSNIT Flat,tabular,ridge_ar_lag_fourier,h168,2026-01-04T23:00:00,2026-01-18T23:00:00,2026-02-15T23:00:00,,,42.0
2026-02-09 05:00:00,36.9,-43.1826310943197,1.0,Tema Community 3 SSNIT Flat,tabular,ridge_ar_lag_fourier,h168,2026-01-04T23:00:00,2026-01-18T23:00:00,2026-02-15T23:00:00,,,42.0
2026-02-09 06:00:00,41.3,-42.801180727931964,1.0,Tema Community 3 SSNIT Flat,tabular,ridge_ar_lag_fourier,h168,2026-01-04T23:00:00,2026-01-18T23:00:00,2026-02-15T23:00:00,,,42.0
2026-02-09 07:00:00,39.7,-41.53063381808211,1.0,Tema Community 3 SSNIT Flat,tabular,ridge_ar_lag_fourier,h168,2026-01-04T23:00:00,2026-01-18T23:00:00,2026-02-15T23:00:00,,,42.0
2026-02-09 08:00:00,46.3,-46.872561413603236,1.0,Tema Community 3 SSNIT Flat,tabular,ridge_ar_lag_fourier,h168,2026-01-04T23:00:00,2026-01-18T23:00:00,2026-02-15T23:00:00,,,42.0
2026-02-09 09:00:00,34.7,-52.14860577506953,1.0,Tema Community 3 SSNIT Flat,tabular,ridge_ar_lag_fourier,h168,2026-01-04T23:00:00,2026-01-18T23:00:00,2026-02-15T23:00:00,,,42.0
2026-02-09 10:00:00,28.0,-55.54473693670376,1.0,Tema Community 3 SSNIT Flat,tabular,ridge_ar_lag_fourier,h168,2026-01-04T23:00:00,2026-01-18T23:00:00,2026-02-15T23:00:00,,,42.0
2026-02-09 11:00:00,21.6,-57.437807736695206,1.0,Tema Community 3 SSNIT Flat,tabular,ridge_ar_lag_fourier,h168,2026-01-04T23:00:00,2026-01-18T23:00:00,2026-02-15T23:00:00,,,42.0
2026-02-09 12:00:00,18.5,-59.981365448814884,1.0,Tema Community 3 SSNIT Flat,tabular,ridge_ar_lag_fourier,h168,2026-01-04T23:00:00,2026-01-18T23:00:00,2026-02-15T23:00:00,,,42.0
2026-02-09 13:00:00,17.7,-64.67648809657337,1.0,Tema Community 3 SSNIT Flat,tabular,ridge_ar_lag_fourier,h168,2026-01-04T23:00:00,2026-01-18T23:00:00,2026-02-15T23:00:00,,,42.0
2026-02-09 14:00:00,17.3,-66.92019920611865,1.0,Tema Community 3 SSNIT Flat,tabular,ridge_ar_lag_fourier,h168,2026-01-04T23:00:00,2026-01-18T23:00:00,2026-02-15T23:00:00,,,42.0
2026-02-09 15:00:00,16.1,-65.74457779583803,1.0,Tema Community 3 SSNIT Flat,tabular,ridge_ar_lag_fourier,h168,2026-01-04T23:00:00,2026-01-18T23:00:00,2026-02-15T23:00:00,,,42.0
2026-02-09 16:00:00,15.5,-66.30049234035447,1.0,Tema Community 3 SSNIT Flat,tabular,ridge_ar_lag_fourier,h168,2026-01-04T23:00:00,2026-01-18T23:00:00,2026-02-15T23:00:00,,,42.0
2026-02-09 17:00:00,18.8,-59.74883198196187,1.0,Tema Community 3 SSNIT Flat,tabular,ridge_ar_lag_fourier,h168,2026-01-04T23:00:00,2026-01-18T23:00:00,2026-02-15T23:00:00,,,42.0
2026-02-09 18:00:00,29.7,-59.76631274416032,1.0,Tema Community 3 SSNIT Flat,tabular,ridge_ar_lag_fourier,h168,2026-01-04T23:00:00,2026-01-18T23:00:00,2026-02-15T23:00:00,,,42.0
2026-02-09 19:00:00,21.9,-62.75426336460929,1.0,Tema Community 3 SSNIT Flat,tabular,ridge_ar_lag_fourier,h168,2026-01-04T23:00:00,2026-01-18T23:00:00,2026-02-15T23:00:00,,,42.0
2026-02-09 20:00:00,20.5,-62.348780832971755,1.0,Tema Community 3 SSNIT Flat,tabular,ridge_ar_lag_fourier,h168,2026-01-04T23:00:00,2026-01-18T23:00:00,2026-02-15T23:00:00,,,42.0
2026-02-09 21:00:00,21.8,-64.58774110743859,1.0,Tema Community 3 SSNIT Flat,tabular,ridge_ar_lag_fourier,h168,2026-01-04T23:00:00,2026-01-18T23:00:00,2026-02-15T23:00:00,,,42.0
2026-02-09 22:00:00,23.9,-64.28952553131596,1.0,Tema Community 3 SSNIT Flat,tabular,ridge_ar_lag_fourier,h168,2026-01-04T23:00:00,2026-01-18T23:00:00,2026-02-15T23:00:00,,,42.0
2026-02-09 23:00:00,23.3,-60.52137122639303,1.0,Tema Community 3 SSNIT Flat,tabular,ridge_ar_lag_fourier,h168,2026-01-04T23:00:00,2026-01-18T23:00:00,2026-02-15T23:00:00,,,42.0
2026-02-10 00:00:00,29.8,-54.610236890027636,1.0,Tema Community 3 SSNIT Flat,tabular,ridge_ar_lag_fourier,h168,2026-01-04T23:00:00,2026-01-18T23:00:00,2026-02-15T23:00:00,,,42.0
2026-02-10 01:00:00,29.3,-52.17861370988993,1.0,Tema Community 3 SSNIT Flat,tabular,ridge_ar_lag_fourier,h168,2026-01-04T23:00:00,2026-01-18T23:00:00,2026-02-15T23:00:00,,,42.0
2026-02-10 02:00:00,33.7,-46.65990620168246,1.0,Tema Community 3 SSNIT Flat,tabular,ridge_ar_lag_fourier,h168,2026-01-04T23:00:00,2026-01-18T23:00:00,2026-02-15T23:00:00,,,42.0
2026-02-10 03:00:00,30.9,-42.506118662114545,1.0,Tema Community 3 SSNIT Flat,tabular,ridge_ar_lag_fourier,h168,2026-01-04T23:00:00,2026-01-18T23:00:00,2026-02-15T23:00:00,,,42.0
2026-02-10 04:00:00,20.4,-51.77174835486424,1.0,Tema Community 3 SSNIT Flat,tabular,ridge_ar_lag_fourier,h168,2026-01-04T23:00:00,2026-01-18T23:00:00,2026-02-15T23:00:00,,,42.0
2026-02-10 05:00:00,32.0,-51.45324943427205,1.0,Tema Community 3 SSNIT Flat,tabular,ridge_ar_lag_fourier,h168,2026-01-04T23:00:00,2026-01-18T23:00:00,2026-02-15T23:00:00,,,42.0
2026-02-10 06:00:00,53.5,-46.303026767149944,1.0,Tema Community 3 SSNIT Flat,tabular,ridge_ar_lag_fourier,h168,2026-01-04T23:00:00,2026-01-18T23:00:00,2026-02-15T23:00:00,,,42.0
2026-02-10 07:00:00,52.1,-43.795610742972784,1.0,Tema Community 3 SSNIT Flat,tabular,ridge_ar_lag_fourier,h168,2026-01-04T23:00:00,2026-01-18T23:00:00,2026-02-15T23:00:00,,,42.0
2026-02-10 08:00:00,36.4,-50.25856653335451,1.0,Tema Community 3 SSNIT Flat,tabular,ridge_ar_lag_fourier,h168,2026-01-04T23:00:00,2026-01-18T23:00:00,2026-02-15T23:00:00,,,42.0
2026-02-10 09:00:00,30.3,-57.82105617178344,1.0,Tema Community 3 SSNIT Flat,tabular,ridge_ar_lag_fourier,h168,2026-01-04T23:00:00,2026-01-18T23:00:00,2026-02-15T23:00:00,,,42.0
2026-02-10 10:00:00,29.5,-60.59319972885591,1.0,Tema Community 3 SSNIT Flat,tabular,ridge_ar_lag_fourier,h168,2026-01-04T23:00:00,2026-01-18T23:00:00,2026-02-15T23:00:00,,,42.0
2026-02-10 11:00:00,25.3,-61.62577196327173,1.0,Tema Community 3 SSNIT Flat,tabular,ridge_ar_lag_fourier,h168,2026-01-04T23:00:00,2026-01-18T23:00:00,2026-02-15T23:00:00,,,42.0
2026-02-10 12:00:00,21.2,-63.388336280207184,1.0,Tema Community 3 SSNIT Flat,tabular,ridge_ar_lag_fourier,h168,2026-01-04T23:00:00,2026-01-18T23:00:00,2026-02-15T23:00:00,,,42.0
2026-02-10 13:00:00,25.2,-67.25241074090577,1.0,Tema Community 3 SSNIT Flat,tabular,ridge_ar_lag_fourier,h168,2026-01-04T23:00:00,2026-01-18T23:00:00,2026-02-15T23:00:00,,,42.0
2026-02-10 14:00:00,15.7,-70.66955559729585,1.0,Tema Community 3 SSNIT Flat,tabular,ridge_ar_lag_fourier,h168,2026-01-04T23:00:00,2026-01-18T23:00:00,2026-02-15T23:00:00,,,42.0
2026-02-10 15:00:00,9.0,-65.45326579738435,1.0,Tema Community 3 SSNIT Flat,tabular,ridge_ar_lag_fourier,h168,2026-01-04T23:00:00,2026-01-18T23:00:00,2026-02-15T23:00:00,,,42.0
2026-02-10 16:00:00,11.3,-65.66761037544552,1.0,Tema Community 3 SSNIT Flat,tabular,ridge_ar_lag_fourier,h168,2026-01-04T23:00:00,2026-01-18T23:00:00,2026-02-15T23:00:00,,,42.0
2026-02-10 17:00:00,9.8,-63.546120012165034,1.0,Tema Community 3 SSNIT Flat,tabular,ridge_ar_lag_fourier,h168,2026-01-04T23:00:00,2026-01-18T23:00:00,2026-02-15T23:00:00,,,42.0
2026-02-10 18:00:00,19.3,-64.56790411752146,1.0,Tema Community 3 SSNIT Flat,tabular,ridge_ar_lag_fourier,h168,2026-01-04T23:00:00,2026-01-18T23:00:00,2026-02-15T23:00:00,,,42.0
2026-02-10 19:00:00,10.0,-65.03543116390983,1.0,Tema Community 3 SSNIT Flat,tabular,ridge_ar_lag_fourier,h168,2026-01-04T23:00:00,2026-01-18T23:00:00,2026-02-15T23:00:00,,,42.0
2026-02-10 20:00:00,3.9,-62.09931586782622,1.0,Tema Community 3 SSNIT Flat,tabular,ridge_ar_lag_fourier,h168,2026-01-04T23:00:00,2026-01-18T23:00:00,2026-02-15T23:00:00,,,42.0
2026-02-10 21:00:00,8.3,-65.16140529596909,1.0,Tema Community 3 SSNIT Flat,tabular,ridge_ar_lag_fourier,h168,2026-01-04T23:00:00,2026-01-18T23:00:00,2026-02-15T23:00:00,,,42.0
2026-02-10 22:00:00,16.8,-66.95251709634582,1.0,Tema Community 3 SSNIT Flat,tabular,ridge_ar_lag_fourier,h168,2026-01-04T23:00:00,2026-01-18T23:00:00,2026-02-15T23:00:00,,,42.0
2026-02-10 23:00:00,13.0,-66.66318159115578,1.0,Tema Community 3 SSNIT Flat,tabular,ridge_ar_lag_fourier,h168,2026-01-04T23:00:00,2026-01-18T23:00:00,2026-02-15T23:00:00,,,42.0
2026-02-11 00:00:00,15.7,-58.52789336391433,1.0,Tema Community 3 SSNIT Flat,tabular,ridge_ar_lag_fourier,h168,2026-01-04T23:00:00,2026-01-18T23:00:00,2026-02-15T23:00:00,,,42.0
2026-02-11 01:00:00,13.5,-60.680413768900834,1.0,Tema Community 3 SSNIT Flat,tabular,ridge_ar_lag_fourier,h168,2026-01-04T23:00:00,2026-01-18T23:00:00,2026-02-15T23:00:00,,,42.0
2026-02-11 02:00:00,18.8,-59.723632032686666,1.0,Tema Community 3 SSNIT Flat,tabular,ridge_ar_lag_fourier,h168,2026-01-04T23:00:00,2026-01-18T23:00:00,2026-02-15T23:00:00,,,42.0
2026-02-11 03:00:00,21.6,-58.46850500967156,1.0,Tema Community 3 SSNIT Flat,tabular,ridge_ar_lag_fourier,h168,2026-01-04T23:00:00,2026-01-18T23:00:00,2026-02-15T23:00:00,,,42.0
2026-02-11 04:00:00,31.1,-54.26124788270583,1.0,Tema Community 3 SSNIT Flat,tabular,ridge_ar_lag_fourier,h168,2026-01-04T23:00:00,2026-01-18T23:00:00,2026-02-15T23:00:00,,,42.0
2026-02-11 05:00:00,29.5,-56.7425243490366,1.0,Tema Community 3 SSNIT Flat,tabular,ridge_ar_lag_fourier,h168,2026-01-04T23:00:00,2026-01-18T23:00:00,2026-02-15T23:00:00,,,42.0
2026-02-11 06:00:00,57.9,-43.82791044593182,1.0,Tema Community 3 SSNIT Flat,tabular,ridge_ar_lag_fourier,h168,2026-01-04T23:00:00,2026-01-18T23:00:00,2026-02-15T23:00:00,,,42.0
2026-02-11 07:00:00,45.1,-44.02159993391464,1.0,Tema Community 3 SSNIT Flat,tabular,ridge_ar_lag_fourier,h168,2026-01-04T23:00:00,2026-01-18T23:00:00,2026-02-15T23:00:00,,,42.0
2026-02-11 08:00:00,38.3,-52.98624427852796,1.0,Tema Community 3 SSNIT Flat,tabular,ridge_ar_lag_fourier,h168,2026-01-04T23:00:00,2026-01-18T23:00:00,2026-02-15T23:00:00,,,42.0
2026-02-11 09:00:00,49.2,-61.285142868127124,1.0,Tema Community 3 SSNIT Flat,tabular,ridge_ar_lag_fourier,h168,2026-01-04T23:00:00,2026-01-18T23:00:00,2026-02-15T23:00:00,,,42.0
2026-02-11 10:00:00,39.1,-62.71104381880669,1.0,Tema Community 3 SSNIT Flat,tabular,ridge_ar_lag_fourier,h168,2026-01-04T23:00:00,2026-01-18T23:00:00,2026-02-15T23:00:00,,,42.0
2026-02-11 11:00:00,30.1,-62.747557174556064,1.0,Tema Community 3 SSNIT Flat,tabular,ridge_ar_lag_fourier,h168,2026-01-04T23:00:00,2026-01-18T23:00:00,2026-02-15T23:00:00,,,42.0
2026-02-11 12:00:00,29.6,-66.91430033739705,1.0,Tema Community 3 SSNIT Flat,tabular,ridge_ar_lag_fourier,h168,2026-01-04T23:00:00,2026-01-18T23:00:00,2026-02-15T23:00:00,,,42.0
2026-02-11 13:00:00,27.2,-71.3500032299165,1.0,Tema Community 3 SSNIT Flat,tabular,ridge_ar_lag_fourier,h168,2026-01-04T23:00:00,2026-01-18T23:00:00,2026-02-15T23:00:00,,,42.0
2026-02-11 14:00:00,10.3,-74.91706038410751,1.0,Tema Community 3 SSNIT Flat,tabular,ridge_ar_lag_fourier,h168,2026-01-04T23:00:00,2026-01-18T23:00:00,2026-02-15T23:00:00,,,42.0
2026-02-11 15:00:00,10.4,-73.20549714876073,1.0,Tema Community 3 SSNIT Flat,tabular,ridge_ar_lag_fourier,h168,2026-01-04T23:00:00,2026-01-18T23:00:00,2026-02-15T23:00:00,,,42.0
2026-02-11 16:00:00,14.2,-69.89772154506133,1.0,Tema Community 3 SSNIT Flat,tabular,ridge_ar_lag_fourier,h168,2026-01-04T23:00:00,2026-01-18T23:00:00,2026-02-15T23:00:00,,,42.0
2026-02-11 17:00:00,12.3,-68.58785999789573,1.0,Tema Community 3 SSNIT Flat,tabular,ridge_ar_lag_fourier,h168,2026-01-04T23:00:00,2026-01-18T23:00:00,2026-02-15T23:00:00,,,42.0
2026-02-11 18:00:00,17.6,-70.09165106596075,1.0,Tema Community 3 SSNIT Flat,tabular,ridge_ar_lag_fourier,h168,2026-01-04T23:00:00,2026-01-18T23:00:00,2026-02-15T23:00:00,,,42.0
2026-02-11 19:00:00,19.7,-67.8692408433788,1.0,Tema Community 3 SSNIT Flat,tabular,ridge_ar_lag_fourier,h168,2026-01-04T23:00:00,2026-01-18T23:00:00,2026-02-15T23:00:00,,,42.0
2026-02-11 20:00:00,20.0,-63.33528359876816,1.0,Tema Community 3 SSNIT Flat,tabular,ridge_ar_lag_fourier,h168,2026-01-04T23:00:00,2026-01-18T23:00:00,2026-02-15T23:00:00,,,42.0
2026-02-11 21:00:00,30.9,-67.02312090355555,1.0,Tema Community 3 SSNIT Flat,tabular,ridge_ar_lag_fourier,h168,2026-01-04T23:00:00,2026-01-18T23:00:00,2026-02-15T23:00:00,,,42.0
2026-02-11 22:00:00,53.7,-65.05636914815146,1.0,Tema Community 3 SSNIT Flat,tabular,ridge_ar_lag_fourier,h168,2026-01-04T23:00:00,2026-01-18T23:00:00,2026-02-15T23:00:00,,,42.0
2026-02-11 23:00:00,33.3,-63.426234566220955,1.0,Tema Community 3 SSNIT Flat,tabular,ridge_ar_lag_fourier,h168,2026-01-04T23:00:00,2026-01-18T23:00:00,2026-02-15T23:00:00,,,42.0
2026-02-12 00:00:00,44.4,-55.56992184137714,1.0,Tema Community 3 SSNIT Flat,tabular,ridge_ar_lag_fourier,h168,2026-01-04T23:00:00,2026-01-18T23:00:00,2026-02-15T23:00:00,,,42.0
2026-02-12 01:00:00,61.3,-60.35306413730997,1.0,Tema Community 3 SSNIT Flat,tabular,ridge_ar_lag_fourier,h168,2026-01-04T23:00:00,2026-01-18T23:00:00,2026-02-15T23:00:00,,,42.0
2026-02-12 02:00:00,57.1,-60.48384584462896,1.0,Tema Community 3 SSNIT Flat,tabular,ridge_ar_lag_fourier,h168,2026-01-04T23:00:00,2026-01-18T23:00:00,2026-02-15T23:00:00,,,42.0
2026-02-12 03:00:00,63.9,-58.48016894334832,1.0,Tema Community 3 SSNIT Flat,tabular,ridge_ar_lag_fourier,h168,2026-01-04T23:00:00,2026-01-18T23:00:00,2026-02-15T23:00:00,,,42.0
2026-02-12 04:00:00,65.2,-55.98662567788796,1.0,Tema Community 3 SSNIT Flat,tabular,ridge_ar_lag_fourier,h168,2026-01-04T23:00:00,2026-01-18T23:00:00,2026-02-15T23:00:00,,,42.0
2026-02-12 05:00:00,91.6,-52.084138044728064,1.0,Tema Community 3 SSNIT Flat,tabular,ridge_ar_lag_fourier,h168,2026-01-04T23:00:00,2026-01-18T23:00:00,2026-02-15T23:00:00,,,42.0
2026-02-12 06:00:00,80.0,-44.43765429375681,1.0,Tema Community 3 SSNIT Flat,tabular,ridge_ar_lag_fourier,h168,2026-01-04T23:00:00,2026-01-18T23:00:00,2026-02-15T23:00:00,,,42.0
2026-02-12 07:00:00,90.3,-45.20992175522686,1.0,Tema Community 3 SSNIT Flat,tabular,ridge_ar_lag_fourier,h168,2026-01-04T23:00:00,2026-01-18T23:00:00,2026-02-15T23:00:00,,,42.0
2026-02-12 08:00:00,54.6,-54.956098382793854,1.0,Tema Community 3 SSNIT Flat,tabular,ridge_ar_lag_fourier,h168,2026-01-04T23:00:00,2026-01-18T23:00:00,2026-02-15T23:00:00,,,42.0
2026-02-12 09:00:00,15.0,-59.86946301707947,1.0,Tema Community 3 SSNIT Flat,tabular,ridge_ar_lag_fourier,h168,2026-01-04T23:00:00,2026-01-18T23:00:00,2026-02-15T23:00:00,,,42.0
2026-02-12 10:00:00,2.6,-62.40773600918766,1.0,Tema Community 3 SSNIT Flat,tabular,ridge_ar_lag_fourier,h168,2026-01-04T23:00:00,2026-01-18T23:00:00,2026-02-15T23:00:00,,,42.0
2026-02-12 11:00:00,8.5,-65.37346931601188,1.0,Tema Community 3 SSNIT Flat,tabular,ridge_ar_lag_fourier,h168,2026-01-04T23:00:00,2026-01-18T23:00:00,2026-02-15T23:00:00,,,42.0
2026-02-12 12:00:00,4.8,-48.21011468950401,1.0,Tema Community 3 SSNIT Flat,tabular,ridge_ar_lag_fourier,h168,2026-01-04T23:00:00,2026-01-18T23:00:00,2026-02-15T23:00:00,,,42.0
2026-02-12 13:00:00,3.4,-58.20275491164145,1.0,Tema Community 3 SSNIT Flat,tabular,ridge_ar_lag_fourier,h168,2026-01-04T23:00:00,2026-01-18T23:00:00,2026-02-15T23:00:00,,,42.0
2026-02-12 14:00:00,2.4,-69.27825179670187,1.0,Tema Community 3 SSNIT Flat,tabular,ridge_ar_lag_fourier,h168,2026-01-04T23:00:00,2026-01-18T23:00:00,2026-02-15T23:00:00,,,42.0
2026-02-12 15:00:00,2.9,-68.7505550998526,1.0,Tema Community 3 SSNIT Flat,tabular,ridge_ar_lag_fourier,h168,2026-01-04T23:00:00,2026-01-18T23:00:00,2026-02-15T23:00:00,,,42.0
2026-02-12 16:00:00,2.9,-66.13007410337867,1.0,Tema Community 3 SSNIT Flat,tabular,ridge_ar_lag_fourier,h168,2026-01-04T23:00:00,2026-01-18T23:00:00,2026-02-15T23:00:00,,,42.0
2026-02-12 17:00:00,13.1,-65.66942160312364,1.0,Tema Community 3 SSNIT Flat,tabular,ridge_ar_lag_fourier,h168,2026-01-04T23:00:00,2026-01-18T23:00:00,2026-02-15T23:00:00,,,42.0
2026-02-12 18:00:00,9.6,-68.2353637690892,1.0,Tema Community 3 SSNIT Flat,tabular,ridge_ar_lag_fourier,h168,2026-01-04T23:00:00,2026-01-18T23:00:00,2026-02-15T23:00:00,,,42.0
2026-02-12 19:00:00,5.6,-68.77982056474151,1.0,Tema Community 3 SSNIT Flat,tabular,ridge_ar_lag_fourier,h168,2026-01-04T23:00:00,2026-01-18T23:00:00,2026-02-15T23:00:00,,,42.0
2026-02-12 20:00:00,5.2,-67.58467715845076,1.0,Tema Community 3 SSNIT Flat,tabular,ridge_ar_lag_fourier,h168,2026-01-04T23:00:00,2026-01-18T23:00:00,2026-02-15T23:00:00,,,42.0
2026-02-12 21:00:00,4.7,-67.95065674696797,1.0,Tema Community 3 SSNIT Flat,tabular,ridge_ar_lag_fourier,h168,2026-01-04T23:00:00,2026-01-18T23:00:00,2026-02-15T23:00:00,,,42.0
2026-02-12 22:00:00,3.8,-66.78452915885548,1.0,Tema Community 3 SSNIT Flat,tabular,ridge_ar_lag_fourier,h168,2026-01-04T23:00:00,2026-01-18T23:00:00,2026-02-15T23:00:00,,,42.0
2026-02-12 23:00:00,14.7,-61.9721285338443,1.0,Tema Community 3 SSNIT Flat,tabular,ridge_ar_lag_fourier,h168,2026-01-04T23:00:00,2026-01-18T23:00:00,2026-02-15T23:00:00,,,42.0
2026-02-13 00:00:00,29.8,-57.26661496372367,1.0,Tema Community 3 SSNIT Flat,tabular,ridge_ar_lag_fourier,h168,2026-01-04T23:00:00,2026-01-18T23:00:00,2026-02-15T23:00:00,,,42.0
2026-02-13 01:00:00,26.7,-58.168048442177394,1.0,Tema Community 3 SSNIT Flat,tabular,ridge_ar_lag_fourier,h168,2026-01-04T23:00:00,2026-01-18T23:00:00,2026-02-15T23:00:00,,,42.0
2026-02-13 02:00:00,22.6,-54.42753834675618,1.0,Tema Community 3 SSNIT Flat,tabular,ridge_ar_lag_fourier,h168,2026-01-04T23:00:00,2026-01-18T23:00:00,2026-02-15T23:00:00,,,42.0
2026-02-13 03:00:00,12.6,-58.57986826839458,1.0,Tema Community 3 SSNIT Flat,tabular,ridge_ar_lag_fourier,h168,2026-01-04T23:00:00,2026-01-18T23:00:00,2026-02-15T23:00:00,,,42.0
2026-02-13 04:00:00,45.9,-52.013452676108145,1.0,Tema Community 3 SSNIT Flat,tabular,ridge_ar_lag_fourier,h168,2026-01-04T23:00:00,2026-01-18T23:00:00,2026-02-15T23:00:00,,,42.0
2026-02-13 05:00:00,53.3,-45.39584098028023,1.0,Tema Community 3 SSNIT Flat,tabular,ridge_ar_lag_fourier,h168,2026-01-04T23:00:00,2026-01-18T23:00:00,2026-02-15T23:00:00,,,42.0
2026-02-13 06:00:00,50.8,-42.4776159287121,1.0,Tema Community 3 SSNIT Flat,tabular,ridge_ar_lag_fourier,h168,2026-01-04T23:00:00,2026-01-18T23:00:00,2026-02-15T23:00:00,,,42.0
2026-02-13 07:00:00,40.8,-41.646743909924126,1.0,Tema Community 3 SSNIT Flat,tabular,ridge_ar_lag_fourier,h168,2026-01-04T23:00:00,2026-01-18T23:00:00,2026-02-15T23:00:00,,,42.0
2026-02-13 08:00:00,29.4,-57.11780194086016,1.0,Tema Community 3 SSNIT Flat,tabular,ridge_ar_lag_fourier,h168,2026-01-04T23:00:00,2026-01-18T23:00:00,2026-02-15T23:00:00,,,42.0
2026-02-13 09:00:00,16.5,-59.04657268832467,1.0,Tema Community 3 SSNIT Flat,tabular,ridge_ar_lag_fourier,h168,2026-01-04T23:00:00,2026-01-18T23:00:00,2026-02-15T23:00:00,,,42.0
2026-02-13 10:00:00,11.0,-61.977341104977015,1.0,Tema Community 3 SSNIT Flat,tabular,ridge_ar_lag_fourier,h168,2026-01-04T23:00:00,2026-01-18T23:00:00,2026-02-15T23:00:00,,,42.0
2026-02-13 11:00:00,3.2,-66.9041960966737,1.0,Tema Community 3 SSNIT Flat,tabular,ridge_ar_lag_fourier,h168,2026-01-04T23:00:00,2026-01-18T23:00:00,2026-02-15T23:00:00,,,42.0
2026-02-13 12:00:00,1.8,-70.51178176200978,1.0,Tema Community 3 SSNIT Flat,tabular,ridge_ar_lag_fourier,h168,2026-01-04T23:00:00,2026-01-18T23:00:00,2026-02-15T23:00:00,,,42.0
2026-02-13 13:00:00,2.2,-73.41879309700131,1.0,Tema Community 3 SSNIT Flat,tabular,ridge_ar_lag_fourier,h168,2026-01-04T23:00:00,2026-01-18T23:00:00,2026-02-15T23:00:00,,,42.0
2026-02-13 14:00:00,4.4,-72.69304236586476,1.0,Tema Community 3 SSNIT Flat,tabular,ridge_ar_lag_fourier,h168,2026-01-04T23:00:00,2026-01-18T23:00:00,2026-02-15T23:00:00,,,42.0
2026-02-13 15:00:00,2.9,-73.76927082916347,1.0,Tema Community 3 SSNIT Flat,tabular,ridge_ar_lag_fourier,h168,2026-01-04T23:00:00,2026-01-18T23:00:00,2026-02-15T23:00:00,,,42.0
2026-02-13 16:00:00,10.6,-70.00991771135784,1.0,Tema Community 3 SSNIT Flat,tabular,ridge_ar_lag_fourier,h168,2026-01-04T23:00:00,2026-01-18T23:00:00,2026-02-15T23:00:00,,,42.0
2026-02-13 17:00:00,2.5,-70.46851714225353,1.0,Tema Community 3 SSNIT Flat,tabular,ridge_ar_lag_fourier,h168,2026-01-04T23:00:00,2026-01-18T23:00:00,2026-02-15T23:00:00,,,42.0
2026-02-13 18:00:00,3.7,-70.72422050128222,1.0,Tema Community 3 SSNIT Flat,tabular,ridge_ar_lag_fourier,h168,2026-01-04T23:00:00,2026-01-18T23:00:00,2026-02-15T23:00:00,,,42.0
2026-02-13 19:00:00,5.0,-71.04957427567193,1.0,Tema Community 3 SSNIT Flat,tabular,ridge_ar_lag_fourier,h168,2026-01-04T23:00:00,2026-01-18T23:00:00,2026-02-15T23:00:00,,,42.0
2026-02-13 20:00:00,6.0,-70.10626376558044,1.0,Tema Community 3 SSNIT Flat,tabular,ridge_ar_lag_fourier,h168,2026-01-04T23:00:00,2026-01-18T23:00:00,2026-02-15T23:00:00,,,42.0
2026-02-13 21:00:00,4.9,-70.89326755847001,1.0,Tema Community 3 SSNIT Flat,tabular,ridge_ar_lag_fourier,h168,2026-01-04T23:00:00,2026-01-18T23:00:00,2026-02-15T23:00:00,,,42.0
2026-02-13 22:00:00,4.6,-70.88248954599588,1.0,Tema Community 3 SSNIT Flat,tabular,ridge_ar_lag_fourier,h168,2026-01-04T23:00:00,2026-01-18T23:00:00,2026-02-15T23:00:00,,,42.0
2026-02-13 23:00:00,4.5,-65.1744866433122,1.0,Tema Community 3 SSNIT Flat,tabular,ridge_ar_lag_fourier,h168,2026-01-04T23:00:00,2026-01-18T23:00:00,2026-02-15T23:00:00,,,42.0
2026-02-14 00:00:00,5.9,-60.20381512992908,1.0,Tema Community 3 SSNIT Flat,tabular,ridge_ar_lag_fourier,h168,2026-01-04T23:00:00,2026-01-18T23:00:00,2026-02-15T23:00:00,,,42.0
2026-02-14 01:00:00,5.6,-60.06289278978005,1.0,Tema Community 3 SSNIT Flat,tabular,ridge_ar_lag_fourier,h168,2026-01-04T23:00:00,2026-01-18T23:00:00,2026-02-15T23:00:00,,,42.0
2026-02-14 02:00:00,11.1,-62.847153421943034,1.0,Tema Community 3 SSNIT Flat,tabular,ridge_ar_lag_fourier,h168,2026-01-04T23:00:00,2026-01-18T23:00:00,2026-02-15T23:00:00,,,42.0
2026-02-14 03:00:00,13.2,-61.563751693388824,1.0,Tema Community 3 SSNIT Flat,tabular,ridge_ar_lag_fourier,h168,2026-01-04T23:00:00,2026-01-18T23:00:00,2026-02-15T23:00:00,,,42.0
2026-02-14 04:00:00,22.1,-53.84658502347858,1.0,Tema Community 3 SSNIT Flat,tabular,ridge_ar_lag_fourier,h168,2026-01-04T23:00:00,2026-01-18T23:00:00,2026-02-15T23:00:00,,,42.0
2026-02-14 05:00:00,29.7,-55.75179909631481,1.0,Tema Community 3 SSNIT Flat,tabular,ridge_ar_lag_fourier,h168,2026-01-04T23:00:00,2026-01-18T23:00:00,2026-02-15T23:00:00,,,42.0
2026-02-14 06:00:00,32.3,-52.42346402860312,1.0,Tema Community 3 SSNIT Flat,tabular,ridge_ar_lag_fourier,h168,2026-01-04T23:00:00,2026-01-18T23:00:00,2026-02-15T23:00:00,,,42.0
2026-02-14 07:00:00,35.15,-46.27010119538912,1.0,Tema Community 3 SSNIT Flat,tabular,ridge_ar_lag_fourier,h168,2026-01-04T23:00:00,2026-01-18T23:00:00,2026-02-15T23:00:00,,,42.0
2026-02-14 08:00:00,38.0,-58.31735197005335,1.0,Tema Community 3 SSNIT Flat,tabular,ridge_ar_lag_fourier,h168,2026-01-04T23:00:00,2026-01-18T23:00:00,2026-02-15T23:00:00,,,42.0
2026-02-14 09:00:00,34.3,-62.40087015756137,1.0,Tema Community 3 SSNIT Flat,tabular,ridge_ar_lag_fourier,h168,2026-01-04T23:00:00,2026-01-18T23:00:00,2026-02-15T23:00:00,,,42.0
2026-02-14 10:00:00,27.8,-62.89315671472336,1.0,Tema Community 3 SSNIT Flat,tabular,ridge_ar_lag_fourier,h168,2026-01-04T23:00:00,2026-01-18T23:00:00,2026-02-15T23:00:00,,,42.0
2026-02-14 11:00:00,20.5,-69.20014375181576,1.0,Tema Community 3 SSNIT Flat,tabular,ridge_ar_lag_fourier,h168,2026-01-04T23:00:00,2026-01-18T23:00:00,2026-02-15T23:00:00,,,42.0
2026-02-14 12:00:00,20.0,-73.63587115930919,1.0,Tema Community 3 SSNIT Flat,tabular,ridge_ar_lag_fourier,h168,2026-01-04T23:00:00,2026-01-18T23:00:00,2026-02-15T23:00:00,,,42.0
2026-02-14 13:00:00,19.8,-76.31521298506912,1.0,Tema Community 3 SSNIT Flat,tabular,ridge_ar_lag_fourier,h168,2026-01-04T23:00:00,2026-01-18T23:00:00,2026-02-15T23:00:00,,,42.0
2026-02-14 14:00:00,21.5,-77.2448521261915,1.0,Tema Community 3 SSNIT Flat,tabular,ridge_ar_lag_fourier,h168,2026-01-04T23:00:00,2026-01-18T23:00:00,2026-02-15T23:00:00,,,42.0
2026-02-14 15:00:00,23.4,-78.23320011529059,1.0,Tema Community 3 SSNIT Flat,tabular,ridge_ar_lag_fourier,h168,2026-01-04T23:00:00,2026-01-18T23:00:00,2026-02-15T23:00:00,,,42.0
2026-02-14 16:00:00,30.9,-73.59404584132328,1.0,Tema Community 3 SSNIT Flat,tabular,ridge_ar_lag_fourier,h168,2026-01-04T23:00:00,2026-01-18T23:00:00,2026-02-15T23:00:00,,,42.0
2026-02-14 17:00:00,36.7,-68.82564925908906,1.0,Tema Community 3 SSNIT Flat,tabular,ridge_ar_lag_fourier,h168,2026-01-04T23:00:00,2026-01-18T23:00:00,2026-02-15T23:00:00,,,42.0
2026-02-14 18:00:00,47.8,-73.35279556731548,1.0,Tema Community 3 SSNIT Flat,tabular,ridge_ar_lag_fourier,h168,2026-01-04T23:00:00,2026-01-18T23:00:00,2026-02-15T23:00:00,,,42.0
2026-02-14 19:00:00,51.3,-71.60600893225252,1.0,Tema Community 3 SSNIT Flat,tabular,ridge_ar_lag_fourier,h168,2026-01-04T23:00:00,2026-01-18T23:00:00,2026-02-15T23:00:00,,,42.0
2026-02-14 20:00:00,56.3,-71.49777634682063,1.0,Tema Community 3 SSNIT Flat,tabular,ridge_ar_lag_fourier,h168,2026-01-04T23:00:00,2026-01-18T23:00:00,2026-02-15T23:00:00,,,42.0
2026-02-14 21:00:00,60.5,-72.15446051404734,1.0,Tema Community 3 SSNIT Flat,tabular,ridge_ar_lag_fourier,h168,2026-01-04T23:00:00,2026-01-18T23:00:00,2026-02-15T23:00:00,,,42.0
2026-02-14 22:00:00,56.6,-72.83570522418229,1.0,Tema Community 3 SSNIT Flat,tabular,ridge_ar_lag_fourier,h168,2026-01-04T23:00:00,2026-01-18T23:00:00,2026-02-15T23:00:00,,,42.0
2026-02-14 23:00:00,53.7,-70.87782482360227,1.0,Tema Community 3 SSNIT Flat,tabular,ridge_ar_lag_fourier,h168,2026-01-04T23:00:00,2026-01-18T23:00:00,2026-02-15T23:00:00,,,42.0
2026-02-15 00:00:00,33.9,-68.25115162684482,1.0,Tema Community 3 SSNIT Flat,tabular,ridge_ar_lag_fourier,h168,2026-01-04T23:00:00,2026-01-18T23:00:00,2026-02-15T23:00:00,,,42.0
2026-02-15 01:00:00,32.5,-68.19475680365149,1.0,Tema Community 3 SSNIT Flat,tabular,ridge_ar_lag_fourier,h168,2026-01-04T23:00:00,2026-01-18T23:00:00,2026-02-15T23:00:00,,,42.0
2026-02-15 02:00:00,32.2,-67.80266852267319,1.0,Tema Community 3 SSNIT Flat,tabular,ridge_ar_lag_fourier,h168,2026-01-04T23:00:00,2026-01-18T23:00:00,2026-02-15T23:00:00,,,42.0
2026-02-15 03:00:00,32.0,-67.26101192091305,1.0,Tema Community 3 SSNIT Flat,tabular,ridge_ar_lag_fourier,h168,2026-01-04T23:00:00,2026-01-18T23:00:00,2026-02-15T23:00:00,,,42.0
2026-02-15 04:00:00,40.6,-64.3629464962685,1.0,Tema Community 3 SSNIT Flat,tabular,ridge_ar_lag_fourier,h168,2026-01-04T23:00:00,2026-01-18T23:00:00,2026-02-15T23:00:00,,,42.0
2026-02-15 05:00:00,41.0,-57.21422448439152,1.0,Tema Community 3 SSNIT Flat,tabular,ridge_ar_lag_fourier,h168,2026-01-04T23:00:00,2026-01-18T23:00:00,2026-02-15T23:00:00,,,42.0
2026-02-15 06:00:00,50.2,-52.503353977504744,1.0,Tema Community 3 SSNIT Flat,tabular,ridge_ar_lag_fourier,h168,2026-01-04T23:00:00,2026-01-18T23:00:00,2026-02-15T23:00:00,,,42.0
2026-02-15 07:00:00,43.8,-43.36640931036865,1.0,Tema Community 3 SSNIT Flat,tabular,ridge_ar_lag_fourier,h168,2026-01-04T23:00:00,2026-01-18T23:00:00,2026-02-15T23:00:00,,,42.0
2026-02-15 08:00:00,224.1,-55.191797501911125,1.0,Tema Community 3 SSNIT Flat,tabular,ridge_ar_lag_fourier,h168,2026-01-04T23:00:00,2026-01-18T23:00:00,2026-02-15T23:00:00,,,42.0
2026-02-15 09:00:00,70.1,-65.39114275127484,1.0,Tema Community 3 SSNIT Flat,tabular,ridge_ar_lag_fourier,h168,2026-01-04T23:00:00,2026-01-18T23:00:00,2026-02-15T23:00:00,,,42.0
2026-02-15 10:00:00,37.3,-70.18465372553793,1.0,Tema Community 3 SSNIT Flat,tabular,ridge_ar_lag_fourier,h168,2026-01-04T23:00:00,2026-01-18T23:00:00,2026-02-15T23:00:00,,,42.0
2026-02-15 11:00:00,22.2,-62.99970502939773,1.0,Tema Community 3 SSNIT Flat,tabular,ridge_ar_lag_fourier,h168,2026-01-04T23:00:00,2026-01-18T23:00:00,2026-02-15T23:00:00,,,42.0
2026-02-15 12:00:00,9.6,-61.02788961612815,1.0,Tema Community 3 SSNIT Flat,tabular,ridge_ar_lag_fourier,h168,2026-01-04T23:00:00,2026-01-18T23:00:00,2026-02-15T23:00:00,,,42.0
2026-02-15 13:00:00,6.0,-77.22386110910793,1.0,Tema Community 3 SSNIT Flat,tabular,ridge_ar_lag_fourier,h168,2026-01-04T23:00:00,2026-01-18T23:00:00,2026-02-15T23:00:00,,,42.0
2026-02-15 14:00:00,3.2,-83.50479155254054,1.0,Tema Community 3 SSNIT Flat,tabular,ridge_ar_lag_fourier,h168,2026-01-04T23:00:00,2026-01-18T23:00:00,2026-02-15T23:00:00,,,42.0
2026-02-15 15:00:00,2.5,-82.64653636443605,1.0,Tema Community 3 SSNIT Flat,tabular,ridge_ar_lag_fourier,h168,2026-01-04T23:00:00,2026-01-18T23:00:00,2026-02-15T23:00:00,,,42.0
2026-02-15 16:00:00,2.8,-74.6163297554407,1.0,Tema Community 3 SSNIT Flat,tabular,ridge_ar_lag_fourier,h168,2026-01-04T23:00:00,2026-01-18T23:00:00,2026-02-15T23:00:00,,,42.0
2026-02-15 17:00:00,3.4,-76.62767691702366,1.0,Tema Community 3 SSNIT Flat,tabular,ridge_ar_lag_fourier,h168,2026-01-04T23:00:00,2026-01-18T23:00:00,2026-02-15T23:00:00,,,42.0
2026-02-15 18:00:00,3.6,-81.01468230104298,1.0,Tema Community 3 SSNIT Flat,tabular,ridge_ar_lag_fourier,h168,2026-01-04T23:00:00,2026-01-18T23:00:00,2026-02-15T23:00:00,,,42.0
2026-02-15 19:00:00,3.6,-83.6762461878552,1.0,Tema Community 3 SSNIT Flat,tabular,ridge_ar_lag_fourier,h168,2026-01-04T23:00:00,2026-01-18T23:00:00,2026-02-15T23:00:00,,,42.0
2026-02-15 20:00:00,3.7,-81.77389094031226,1.0,Tema Community 3 SSNIT Flat,tabular,ridge_ar_lag_fourier,h168,2026-01-04T23:00:00,2026-01-18T23:00:00,2026-02-15T23:00:00,,,42.0
2026-02-15 21:00:00,2.4,-81.7087814122185,1.0,Tema Community 3 SSNIT Flat,tabular,ridge_ar_lag_fourier,h168,2026-01-04T23:00:00,2026-01-18T23:00:00,2026-02-15T23:00:00,,,42.0
2026-02-15 22:00:00,1.3,-80.52780209018668,1.0,Tema Community 3 SSNIT Flat,tabular,ridge_ar_lag_fourier,h168,2026-01-04T23:00:00,2026-01-18T23:00:00,2026-02-15T23:00:00,,,42.0
2026-02-15 23:00:00,1.1,-74.4976640475572,1.0,Tema Community 3 SSNIT Flat,tabular,ridge_ar_lag_fourier,h168,2026-01-04T23:00:00,2026-01-18T23:00:00,2026-02-15T23:00:00,,,42.0
2026-01-18 23:00:00,50.8,-59.58752749185925,1.0,"Tema Community 7, Royal School",tabular,ridge_ar_lag_fourier,h168,2026-01-04T23:00:00,2026-01-18T23:00:00,2026-02-15T23:00:00,,,42.0
2026-01-19 00:00:00,85.6,-51.21144905682078,1.0,"Tema Community 7, Royal School",tabular,ridge_ar_lag_fourier,h168,2026-01-04T23:00:00,2026-01-18T23:00:00,2026-02-15T23:00:00,,,42.0
2026-01-19 01:00:00,67.5,-50.538854236018224,1.0,"Tema Community 7, Royal School",tabular,ridge_ar_lag_fourier,h168,2026-01-04T23:00:00,2026-01-18T23:00:00,2026-02-15T23:00:00,,,42.0
2026-01-19 02:00:00,49.1,-38.97932008272835,1.0,"Tema Community 7, Royal School",tabular,ridge_ar_lag_fourier,h168,2026-01-04T23:00:00,2026-01-18T23:00:00,2026-02-15T23:00:00,,,42.0
2026-01-19 03:00:00,58.0,-34.80599471952809,1.0,"Tema Community 7, Royal School",tabular,ridge_ar_lag_fourier,h168,2026-01-04T23:00:00,2026-01-18T23:00:00,2026-02-15T23:00:00,,,42.0
2026-01-19 04:00:00,51.8,-24.110881782320792,1.0,"Tema Community 7, Royal School",tabular,ridge_ar_lag_fourier,h168,2026-01-04T23:00:00,2026-01-18T23:00:00,2026-02-15T23:00:00,,,42.0
2026-01-19 05:00:00,56.75,-34.3005945036432,1.0,"Tema Community 7, Royal School",tabular,ridge_ar_lag_fourier,h168,2026-01-04T23:00:00,2026-01-18T23:00:00,2026-02-15T23:00:00,,,42.0
2026-01-19 06:00:00,61.7,-23.548179416575675,1.0,"Tema Community 7, Royal School",tabular,ridge_ar_lag_fourier,h168,2026-01-04T23:00:00,2026-01-18T23:00:00,2026-02-15T23:00:00,,,42.0
2026-01-19 07:00:00,69.6,-38.486453996329985,1.0,"Tema Community 7, Royal School",tabular,ridge_ar_lag_fourier,h168,2026-01-04T23:00:00,2026-01-18T23:00:00,2026-02-15T23:00:00,,,42.0
2026-01-19 08:00:00,52.7,-49.662578449504224,1.0,"Tema Community 7, Royal School",tabular,ridge_ar_lag_fourier,h168,2026-01-04T23:00:00,2026-01-18T23:00:00,2026-02-15T23:00:00,,,42.0
2026-01-19 09:00:00,45.9,-52.70311687365077,1.0,"Tema Community 7, Royal School",tabular,ridge_ar_lag_fourier,h168,2026-01-04T23:00:00,2026-01-18T23:00:00,2026-02-15T23:00:00,,,42.0
2026-01-19 10:00:00,42.7,-53.200866906743585,1.0,"Tema Community 7, Royal School",tabular,ridge_ar_lag_fourier,h168,2026-01-04T23:00:00,2026-01-18T23:00:00,2026-02-15T23:00:00,,,42.0
2026-01-19 11:00:00,36.2,-56.15562203226199,1.0,"Tema Community 7, Royal School",tabular,ridge_ar_lag_fourier,h168,2026-01-04T23:00:00,2026-01-18T23:00:00,2026-02-15T23:00:00,,,42.0
2026-01-19 12:00:00,34.0,-57.139142228251416,1.0,"Tema Community 7, Royal School",tabular,ridge_ar_lag_fourier,h168,2026-01-04T23:00:00,2026-01-18T23:00:00,2026-02-15T23:00:00,,,42.0
2026-01-19 13:00:00,34.1,-59.90720730727969,1.0,"Tema Community 7, Royal School",tabular,ridge_ar_lag_fourier,h168,2026-01-04T23:00:00,2026-01-18T23:00:00,2026-02-15T23:00:00,,,42.0
2026-01-19 14:00:00,36.9,-61.69138448188181,1.0,"Tema Community 7, Royal School",tabular,ridge_ar_lag_fourier,h168,2026-01-04T23:00:00,2026-01-18T23:00:00,2026-02-15T23:00:00,,,42.0
2026-01-19 15:00:00,39.4,-60.420682261569965,1.0,"Tema Community 7, Royal School",tabular,ridge_ar_lag_fourier,h168,2026-01-04T23:00:00,2026-01-18T23:00:00,2026-02-15T23:00:00,,,42.0
2026-01-19 16:00:00,38.0,-62.243056177625704,1.0,"Tema Community 7, Royal School",tabular,ridge_ar_lag_fourier,h168,2026-01-04T23:00:00,2026-01-18T23:00:00,2026-02-15T23:00:00,,,42.0
2026-01-19 17:00:00,41.8,-59.168300334463396,1.0,"Tema Community 7, Royal School",tabular,ridge_ar_lag_fourier,h168,2026-01-04T23:00:00,2026-01-18T23:00:00,2026-02-15T23:00:00,,,42.0
2026-01-19 18:00:00,38.8,-55.22908945484217,1.0,"Tema Community 7, Royal School",tabular,ridge_ar_lag_fourier,h168,2026-01-04T23:00:00,2026-01-18T23:00:00,2026-02-15T23:00:00,,,42.0
2026-01-19 19:00:00,39.5,-54.75547701384697,1.0,"Tema Community 7, Royal School",tabular,ridge_ar_lag_fourier,h168,2026-01-04T23:00:00,2026-01-18T23:00:00,2026-02-15T23:00:00,,,42.0
2026-01-19 20:00:00,36.1,-56.85873802513305,1.0,"Tema Community 7, Royal School",tabular,ridge_ar_lag_fourier,h168,2026-01-04T23:00:00,2026-01-18T23:00:00,2026-02-15T23:00:00,,,42.0
2026-01-19 21:00:00,33.2,-56.85195007208006,1.0,"Tema Community 7, Royal School",tabular,ridge_ar_lag_fourier,h168,2026-01-04T23:00:00,2026-01-18T23:00:00,2026-02-15T23:00:00,,,42.0
2026-01-19 22:00:00,34.1,-52.022974235210526,1.0,"Tema Community 7, Royal School",tabular,ridge_ar_lag_fourier,h168,2026-01-04T23:00:00,2026-01-18T23:00:00,2026-02-15T23:00:00,,,42.0
2026-01-19 23:00:00,33.8,-51.804749441322656,1.0,"Tema Community 7, Royal School",tabular,ridge_ar_lag_fourier,h168,2026-01-04T23:00:00,2026-01-18T23:00:00,2026-02-15T23:00:00,,,42.0
2026-01-20 00:00:00,37.2,-47.375033613545625,1.0,"Tema Community 7, Royal School",tabular,ridge_ar_lag_fourier,h168,2026-01-04T23:00:00,2026-01-18T23:00:00,2026-02-15T23:00:00,,,42.0
2026-01-20 01:00:00,34.7,-47.71415457909974,1.0,"Tema Community 7, Royal School",tabular,ridge_ar_lag_fourier,h168,2026-01-04T23:00:00,2026-01-18T23:00:00,2026-02-15T23:00:00,,,42.0
2026-01-20 02:00:00,32.0,-49.625512985172264,1.0,"Tema Community 7, Royal School",tabular,ridge_ar_lag_fourier,h168,2026-01-04T23:00:00,2026-01-18T23:00:00,2026-02-15T23:00:00,,,42.0
2026-01-20 03:00:00,37.3,-47.87172104327891,1.0,"Tema Community 7, Royal School",tabular,ridge_ar_lag_fourier,h168,2026-01-04T23:00:00,2026-01-18T23:00:00,2026-02-15T23:00:00,,,42.0
2026-01-20 04:00:00,38.3,-41.28234526626568,1.0,"Tema Community 7, Royal School",tabular,ridge_ar_lag_fourier,h168,2026-01-04T23:00:00,2026-01-18T23:00:00,2026-02-15T23:00:00,,,42.0
2026-01-20 05:00:00,39.1,-28.37831296804357,1.0,"Tema Community 7, Royal School",tabular,ridge_ar_lag_fourier,h168,2026-01-04T23:00:00,2026-01-18T23:00:00,2026-02-15T23:00:00,,,42.0
2026-01-20 06:00:00,48.9,-32.68121290823501,1.0,"Tema Community 7, Royal School",tabular,ridge_ar_lag_fourier,h168,2026-01-04T23:00:00,2026-01-18T23:00:00,2026-02-15T23:00:00,,,42.0
2026-01-20 07:00:00,44.1,-38.420512084500174,1.0,"Tema Community 7, Royal School",tabular,ridge_ar_lag_fourier,h168,2026-01-04T23:00:00,2026-01-18T23:00:00,2026-02-15T23:00:00,,,42.0
2026-01-20 08:00:00,39.0,-49.174636227026355,1.0,"Tema Community 7, Royal School",tabular,ridge_ar_lag_fourier,h168,2026-01-04T23:00:00,2026-01-18T23:00:00,2026-02-15T23:00:00,,,42.0
2026-01-20 09:00:00,40.6,-53.18209644021837,1.0,"Tema Community 7, Royal School",tabular,ridge_ar_lag_fourier,h168,2026-01-04T23:00:00,2026-01-18T23:00:00,2026-02-15T23:00:00,,,42.0
2026-01-20 10:00:00,37.6,-55.71937071411803,1.0,"Tema Community 7, Royal School",tabular,ridge_ar_lag_fourier,h168,2026-01-04T23:00:00,2026-01-18T23:00:00,2026-02-15T23:00:00,,,42.0
2026-01-20 11:00:00,35.9,-57.52717726194834,1.0,"Tema Community 7, Royal School",tabular,ridge_ar_lag_fourier,h168,2026-01-04T23:00:00,2026-01-18T23:00:00,2026-02-15T23:00:00,,,42.0
2026-01-20 12:00:00,37.9,-59.900918599884946,1.0,"Tema Community 7, Royal School",tabular,ridge_ar_lag_fourier,h168,2026-01-04T23:00:00,2026-01-18T23:00:00,2026-02-15T23:00:00,,,42.0
2026-01-20 13:00:00,34.8,-63.80040183679169,1.0,"Tema Community 7, Royal School",tabular,ridge_ar_lag_fourier,h168,2026-01-04T23:00:00,2026-01-18T23:00:00,2026-02-15T23:00:00,,,42.0
2026-01-20 14:00:00,36.1,-65.79855401283791,1.0,"Tema Community 7, Royal School",tabular,ridge_ar_lag_fourier,h168,2026-01-04T23:00:00,2026-01-18T23:00:00,2026-02-15T23:00:00,,,42.0
2026-01-20 15:00:00,34.6,-63.707037290603594,1.0,"Tema Community 7, Royal School",tabular,ridge_ar_lag_fourier,h168,2026-01-04T23:00:00,2026-01-18T23:00:00,2026-02-15T23:00:00,,,42.0
2026-01-20 16:00:00,35.1,-65.02601787800222,1.0,"Tema Community 7, Royal School",tabular,ridge_ar_lag_fourier,h168,2026-01-04T23:00:00,2026-01-18T23:00:00,2026-02-15T23:00:00,,,42.0
2026-01-20 17:00:00,41.1,-62.24781288181933,1.0,"Tema Community 7, Royal School",tabular,ridge_ar_lag_fourier,h168,2026-01-04T23:00:00,2026-01-18T23:00:00,2026-02-15T23:00:00,,,42.0
2026-01-20 18:00:00,45.3,-58.304208123353646,1.0,"Tema Community 7, Royal School",tabular,ridge_ar_lag_fourier,h168,2026-01-04T23:00:00,2026-01-18T23:00:00,2026-02-15T23:00:00,,,42.0
2026-01-20 19:00:00,56.2,-57.45816894718443,1.0,"Tema Community 7, Royal School",tabular,ridge_ar_lag_fourier,h168,2026-01-04T23:00:00,2026-01-18T23:00:00,2026-02-15T23:00:00,,,42.0
2026-01-20 20:00:00,46.8,-57.45856980400485,1.0,"Tema Community 7, Royal School",tabular,ridge_ar_lag_fourier,h168,2026-01-04T23:00:00,2026-01-18T23:00:00,2026-02-15T23:00:00,,,42.0
2026-01-20 21:00:00,42.3,-56.881372843283415,1.0,"Tema Community 7, Royal School",tabular,ridge_ar_lag_fourier,h168,2026-01-04T23:00:00,2026-01-18T23:00:00,2026-02-15T23:00:00,,,42.0
2026-01-20 22:00:00,21.5,-53.97060282931557,1.0,"Tema Community 7, Royal School",tabular,ridge_ar_lag_fourier,h168,2026-01-04T23:00:00,2026-01-18T23:00:00,2026-02-15T23:00:00,,,42.0
2026-01-20 23:00:00,12.0,-50.7786306270273,1.0,"Tema Community 7, Royal School",tabular,ridge_ar_lag_fourier,h168,2026-01-04T23:00:00,2026-01-18T23:00:00,2026-02-15T23:00:00,,,42.0
2026-01-21 00:00:00,14.8,-48.04250709887228,1.0,"Tema Community 7, Royal School",tabular,ridge_ar_lag_fourier,h168,2026-01-04T23:00:00,2026-01-18T23:00:00,2026-02-15T23:00:00,,,42.0
2026-01-21 01:00:00,23.7,-46.60514515447815,1.0,"Tema Community 7, Royal School",tabular,ridge_ar_lag_fourier,h168,2026-01-04T23:00:00,2026-01-18T23:00:00,2026-02-15T23:00:00,,,42.0
2026-01-21 02:00:00,18.1,-44.05288470347952,1.0,"Tema Community 7, Royal School",tabular,ridge_ar_lag_fourier,h168,2026-01-04T23:00:00,2026-01-18T23:00:00,2026-02-15T23:00:00,,,42.0
2026-01-21 03:00:00,23.1,-46.82928834983514,1.0,"Tema Community 7, Royal School",tabular,ridge_ar_lag_fourier,h168,2026-01-04T23:00:00,2026-01-18T23:00:00,2026-02-15T23:00:00,,,42.0
2026-01-21 04:00:00,163.8,-45.37885997046632,1.0,"Tema Community 7, Royal School",tabular,ridge_ar_lag_fourier,h168,2026-01-04T23:00:00,2026-01-18T23:00:00,2026-02-15T23:00:00,,,42.0
2026-01-21 05:00:00,190.1,-37.21363246353023,1.0,"Tema Community 7, Royal School",tabular,ridge_ar_lag_fourier,h168,2026-01-04T23:00:00,2026-01-18T23:00:00,2026-02-15T23:00:00,,,42.0
2026-01-21 06:00:00,89.7,-35.030013702549354,1.0,"Tema Community 7, Royal School",tabular,ridge_ar_lag_fourier,h168,2026-01-04T23:00:00,2026-01-18T23:00:00,2026-02-15T23:00:00,,,42.0
2026-01-21 07:00:00,61.8,-41.423214206322385,1.0,"Tema Community 7, Royal School",tabular,ridge_ar_lag_fourier,h168,2026-01-04T23:00:00,2026-01-18T23:00:00,2026-02-15T23:00:00,,,42.0
2026-01-21 08:00:00,46.2,-51.6611942211712,1.0,"Tema Community 7, Royal School",tabular,ridge_ar_lag_fourier,h168,2026-01-04T23:00:00,2026-01-18T23:00:00,2026-02-15T23:00:00,,,42.0
2026-01-21 09:00:00,31.8,-55.726756296310356,1.0,"Tema Community 7, Royal School",tabular,ridge_ar_lag_fourier,h168,2026-01-04T23:00:00,2026-01-18T23:00:00,2026-02-15T23:00:00,,,42.0
2026-01-21 10:00:00,30.3,-55.02012453269401,1.0,"Tema Community 7, Royal School",tabular,ridge_ar_lag_fourier,h168,2026-01-04T23:00:00,2026-01-18T23:00:00,2026-02-15T23:00:00,,,42.0
2026-01-21 11:00:00,34.2,-57.406881581634025,1.0,"Tema Community 7, Royal School",tabular,ridge_ar_lag_fourier,h168,2026-01-04T23:00:00,2026-01-18T23:00:00,2026-02-15T23:00:00,,,42.0
2026-01-21 12:00:00,42.8,-60.29011923422965,1.0,"Tema Community 7, Royal School",tabular,ridge_ar_lag_fourier,h168,2026-01-04T23:00:00,2026-01-18T23:00:00,2026-02-15T23:00:00,,,42.0
2026-01-21 13:00:00,31.2,-63.48986609549381,1.0,"Tema Community 7, Royal School",tabular,ridge_ar_lag_fourier,h168,2026-01-04T23:00:00,2026-01-18T23:00:00,2026-02-15T23:00:00,,,42.0
2026-01-21 14:00:00,31.7,-63.436351136279114,1.0,"Tema Community 7, Royal School",tabular,ridge_ar_lag_fourier,h168,2026-01-04T23:00:00,2026-01-18T23:00:00,2026-02-15T23:00:00,,,42.0
2026-01-21 15:00:00,30.3,-61.11229764555782,1.0,"Tema Community 7, Royal School",tabular,ridge_ar_lag_fourier,h168,2026-01-04T23:00:00,2026-01-18T23:00:00,2026-02-15T23:00:00,,,42.0
2026-01-21 16:00:00,29.8,-62.29790083876935,1.0,"Tema Community 7, Royal School",tabular,ridge_ar_lag_fourier,h168,2026-01-04T23:00:00,2026-01-18T23:00:00,2026-02-15T23:00:00,,,42.0
2026-01-21 17:00:00,32.6,-59.84742920684678,1.0,"Tema Community 7, Royal School",tabular,ridge_ar_lag_fourier,h168,2026-01-04T23:00:00,2026-01-18T23:00:00,2026-02-15T23:00:00,,,42.0
2026-01-21 18:00:00,35.0,-57.624730281612216,1.0,"Tema Community 7, Royal School",tabular,ridge_ar_lag_fourier,h168,2026-01-04T23:00:00,2026-01-18T23:00:00,2026-02-15T23:00:00,,,42.0
2026-01-21 19:00:00,34.4,-55.31337410190497,1.0,"Tema Community 7, Royal School",tabular,ridge_ar_lag_fourier,h168,2026-01-04T23:00:00,2026-01-18T23:00:00,2026-02-15T23:00:00,,,42.0
2026-01-21 20:00:00,34.5,-57.14746572456555,1.0,"Tema Community 7, Royal School",tabular,ridge_ar_lag_fourier,h168,2026-01-04T23:00:00,2026-01-18T23:00:00,2026-02-15T23:00:00,,,42.0
2026-01-21 21:00:00,35.8,-55.76312457489611,1.0,"Tema Community 7, Royal School",tabular,ridge_ar_lag_fourier,h168,2026-01-04T23:00:00,2026-01-18T23:00:00,2026-02-15T23:00:00,,,42.0
2026-01-21 22:00:00,33.7,-52.77440060178999,1.0,"Tema Community 7, Royal School",tabular,ridge_ar_lag_fourier,h168,2026-01-04T23:00:00,2026-01-18T23:00:00,2026-02-15T23:00:00,,,42.0
2026-01-21 23:00:00,33.3,-48.73935354612662,1.0,"Tema Community 7, Royal School",tabular,ridge_ar_lag_fourier,h168,2026-01-04T23:00:00,2026-01-18T23:00:00,2026-02-15T23:00:00,,,42.0
2026-01-22 00:00:00,32.6,-39.90146783134932,1.0,"Tema Community 7, Royal School",tabular,ridge_ar_lag_fourier,h168,2026-01-04T23:00:00,2026-01-18T23:00:00,2026-02-15T23:00:00,,,42.0
2026-01-22 01:00:00,31.1,-43.02134610625524,1.0,"Tema Community 7, Royal School",tabular,ridge_ar_lag_fourier,h168,2026-01-04T23:00:00,2026-01-18T23:00:00,2026-02-15T23:00:00,,,42.0
2026-01-22 02:00:00,31.5,-40.41112496707247,1.0,"Tema Community 7, Royal School",tabular,ridge_ar_lag_fourier,h168,2026-01-04T23:00:00,2026-01-18T23:00:00,2026-02-15T23:00:00,,,42.0
2026-01-22 03:00:00,30.7,-41.2481176032495,1.0,"Tema Community 7, Royal School",tabular,ridge_ar_lag_fourier,h168,2026-01-04T23:00:00,2026-01-18T23:00:00,2026-02-15T23:00:00,,,42.0
2026-01-22 04:00:00,34.2,-45.25165990664607,1.0,"Tema Community 7, Royal School",tabular,ridge_ar_lag_fourier,h168,2026-01-04T23:00:00,2026-01-18T23:00:00,2026-02-15T23:00:00,,,42.0
2026-01-22 05:00:00,41.8,-44.63864914483777,1.0,"Tema Community 7, Royal School",tabular,ridge_ar_lag_fourier,h168,2026-01-04T23:00:00,2026-01-18T23:00:00,2026-02-15T23:00:00,,,42.0
2026-01-22 06:00:00,44.9,-38.043887429036474,1.0,"Tema Community 7, Royal School",tabular,ridge_ar_lag_fourier,h168,2026-01-04T23:00:00,2026-01-18T23:00:00,2026-02-15T23:00:00,,,42.0
2026-01-22 07:00:00,47.1,-43.34773233151782,1.0,"Tema Community 7, Royal School",tabular,ridge_ar_lag_fourier,h168,2026-01-04T23:00:00,2026-01-18T23:00:00,2026-02-15T23:00:00,,,42.0
2026-01-22 08:00:00,38.4,-49.796097668047125,1.0,"Tema Community 7, Royal School",tabular,ridge_ar_lag_fourier,h168,2026-01-04T23:00:00,2026-01-18T23:00:00,2026-02-15T23:00:00,,,42.0
2026-01-22 09:00:00,35.8,-52.69439303565312,1.0,"Tema Community 7, Royal School",tabular,ridge_ar_lag_fourier,h168,2026-01-04T23:00:00,2026-01-18T23:00:00,2026-02-15T23:00:00,,,42.0
2026-01-22 10:00:00,39.0,-52.082530362315026,1.0,"Tema Community 7, Royal School",tabular,ridge_ar_lag_fourier,h168,2026-01-04T23:00:00,2026-01-18T23:00:00,2026-02-15T23:00:00,,,42.0
2026-01-22 11:00:00,44.5,-54.2970974317339,1.0,"Tema Community 7, Royal School",tabular,ridge_ar_lag_fourier,h168,2026-01-04T23:00:00,2026-01-18T23:00:00,2026-02-15T23:00:00,,,42.0
2026-01-22 12:00:00,44.2,-57.306391602195006,1.0,"Tema Community 7, Royal School",tabular,ridge_ar_lag_fourier,h168,2026-01-04T23:00:00,2026-01-18T23:00:00,2026-02-15T23:00:00,,,42.0
2026-01-22 13:00:00,40.9,-59.27524301350334,1.0,"Tema Community 7, Royal School",tabular,ridge_ar_lag_fourier,h168,2026-01-04T23:00:00,2026-01-18T23:00:00,2026-02-15T23:00:00,,,42.0
2026-01-22 14:00:00,35.9,-60.16203578981623,1.0,"Tema Community 7, Royal School",tabular,ridge_ar_lag_fourier,h168,2026-01-04T23:00:00,2026-01-18T23:00:00,2026-02-15T23:00:00,,,42.0
2026-01-22 15:00:00,31.8,-58.94501830066963,1.0,"Tema Community 7, Royal School",tabular,ridge_ar_lag_fourier,h168,2026-01-04T23:00:00,2026-01-18T23:00:00,2026-02-15T23:00:00,,,42.0
2026-01-22 16:00:00,27.5,-60.42962094563896,1.0,"Tema Community 7, Royal School",tabular,ridge_ar_lag_fourier,h168,2026-01-04T23:00:00,2026-01-18T23:00:00,2026-02-15T23:00:00,,,42.0
2026-01-22 17:00:00,29.5,-59.29215155917794,1.0,"Tema Community 7, Royal School",tabular,ridge_ar_lag_fourier,h168,2026-01-04T23:00:00,2026-01-18T23:00:00,2026-02-15T23:00:00,,,42.0
2026-01-22 18:00:00,33.7,-57.00637084414602,1.0,"Tema Community 7, Royal School",tabular,ridge_ar_lag_fourier,h168,2026-01-04T23:00:00,2026-01-18T23:00:00,2026-02-15T23:00:00,,,42.0
2026-01-22 19:00:00,29.8,-53.466461503573925,1.0,"Tema Community 7, Royal School",tabular,ridge_ar_lag_fourier,h168,2026-01-04T23:00:00,2026-01-18T23:00:00,2026-02-15T23:00:00,,,42.0
2026-01-22 20:00:00,32.7,-54.4050208330564,1.0,"Tema Community 7, Royal School",tabular,ridge_ar_lag_fourier,h168,2026-01-04T23:00:00,2026-01-18T23:00:00,2026-02-15T23:00:00,,,42.0
2026-01-22 21:00:00,31.7,-55.516987901846875,1.0,"Tema Community 7, Royal School",tabular,ridge_ar_lag_fourier,h168,2026-01-04T23:00:00,2026-01-18T23:00:00,2026-02-15T23:00:00,,,42.0
2026-01-22 22:00:00,30.3,-50.42607044450375,1.0,"Tema Community 7, Royal School",tabular,ridge_ar_lag_fourier,h168,2026-01-04T23:00:00,2026-01-18T23:00:00,2026-02-15T23:00:00,,,42.0
2026-01-22 23:00:00,30.2,-48.41592638783834,1.0,"Tema Community 7, Royal School",tabular,ridge_ar_lag_fourier,h168,2026-01-04T23:00:00,2026-01-18T23:00:00,2026-02-15T23:00:00,,,42.0
2026-01-23 00:00:00,28.5,-46.442662105795506,1.0,"Tema Community 7, Royal School",tabular,ridge_ar_lag_fourier,h168,2026-01-04T23:00:00,2026-01-18T23:00:00,2026-02-15T23:00:00,,,42.0
2026-01-23 01:00:00,29.9,-46.691464977164486,1.0,"Tema Community 7, Royal School",tabular,ridge_ar_lag_fourier,h168,2026-01-04T23:00:00,2026-01-18T23:00:00,2026-02-15T23:00:00,,,42.0
2026-01-23 02:00:00,39.9,-47.28630487903436,1.0,"Tema Community 7, Royal School",tabular,ridge_ar_lag_fourier,h168,2026-01-04T23:00:00,2026-01-18T23:00:00,2026-02-15T23:00:00,,,42.0
2026-01-23 03:00:00,45.6,-47.13329456047228,1.0,"Tema Community 7, Royal School",tabular,ridge_ar_lag_fourier,h168,2026-01-04T23:00:00,2026-01-18T23:00:00,2026-02-15T23:00:00,,,42.0
2026-01-23 04:00:00,72.4,-46.20603059372861,1.0,"Tema Community 7, Royal School",tabular,ridge_ar_lag_fourier,h168,2026-01-04T23:00:00,2026-01-18T23:00:00,2026-02-15T23:00:00,,,42.0
2026-01-23 05:00:00,66.4,-43.3877597828417,1.0,"Tema Community 7, Royal School",tabular,ridge_ar_lag_fourier,h168,2026-01-04T23:00:00,2026-01-18T23:00:00,2026-02-15T23:00:00,,,42.0
2026-01-23 06:00:00,93.3,-37.09880865643535,1.0,"Tema Community 7, Royal School",tabular,ridge_ar_lag_fourier,h168,2026-01-04T23:00:00,2026-01-18T23:00:00,2026-02-15T23:00:00,,,42.0
2026-01-23 07:00:00,101.2,-41.001985736302984,1.0,"Tema Community 7, Royal School",tabular,ridge_ar_lag_fourier,h168,2026-01-04T23:00:00,2026-01-18T23:00:00,2026-02-15T23:00:00,,,42.0
2026-01-23 08:00:00,50.6,-49.3264927681475,1.0,"Tema Community 7, Royal School",tabular,ridge_ar_lag_fourier,h168,2026-01-04T23:00:00,2026-01-18T23:00:00,2026-02-15T23:00:00,,,42.0
2026-01-23 09:00:00,40.2,-53.174627579601434,1.0,"Tema Community 7, Royal School",tabular,ridge_ar_lag_fourier,h168,2026-01-04T23:00:00,2026-01-18T23:00:00,2026-02-15T23:00:00,,,42.0
2026-01-23 10:00:00,42.0,-54.701886768676246,1.0,"Tema Community 7, Royal School",tabular,ridge_ar_lag_fourier,h168,2026-01-04T23:00:00,2026-01-18T23:00:00,2026-02-15T23:00:00,,,42.0
2026-01-23 11:00:00,37.4,-56.80187237719301,1.0,"Tema Community 7, Royal School",tabular,ridge_ar_lag_fourier,h168,2026-01-04T23:00:00,2026-01-18T23:00:00,2026-02-15T23:00:00,,,42.0
2026-01-23 12:00:00,29.6,-59.00115230559389,1.0,"Tema Community 7, Royal School",tabular,ridge_ar_lag_fourier,h168,2026-01-04T23:00:00,2026-01-18T23:00:00,2026-02-15T23:00:00,,,42.0
2026-01-23 13:00:00,27.7,-63.15621666434072,1.0,"Tema Community 7, Royal School",tabular,ridge_ar_lag_fourier,h168,2026-01-04T23:00:00,2026-01-18T23:00:00,2026-02-15T23:00:00,,,42.0
2026-01-23 14:00:00,27.0,-63.54112616517867,1.0,"Tema Community 7, Royal School",tabular,ridge_ar_lag_fourier,h168,2026-01-04T23:00:00,2026-01-18T23:00:00,2026-02-15T23:00:00,,,42.0
2026-01-23 15:00:00,25.1,-61.9333719107436,1.0,"Tema Community 7, Royal School",tabular,ridge_ar_lag_fourier,h168,2026-01-04T23:00:00,2026-01-18T23:00:00,2026-02-15T23:00:00,,,42.0
2026-01-23 16:00:00,24.0,-62.949607219259505,1.0,"Tema Community 7, Royal School",tabular,ridge_ar_lag_fourier,h168,2026-01-04T23:00:00,2026-01-18T23:00:00,2026-02-15T23:00:00,,,42.0
2026-01-23 17:00:00,23.8,-60.5332318492126,1.0,"Tema Community 7, Royal School",tabular,ridge_ar_lag_fourier,h168,2026-01-04T23:00:00,2026-01-18T23:00:00,2026-02-15T23:00:00,,,42.0
2026-01-23 18:00:00,28.7,-59.012006223077904,1.0,"Tema Community 7, Royal School",tabular,ridge_ar_lag_fourier,h168,2026-01-04T23:00:00,2026-01-18T23:00:00,2026-02-15T23:00:00,,,42.0
2026-01-23 19:00:00,38.5,-57.28700020273939,1.0,"Tema Community 7, Royal School",tabular,ridge_ar_lag_fourier,h168,2026-01-04T23:00:00,2026-01-18T23:00:00,2026-02-15T23:00:00,,,42.0
2026-01-23 20:00:00,34.1,-57.622444815404805,1.0,"Tema Community 7, Royal School",tabular,ridge_ar_lag_fourier,h168,2026-01-04T23:00:00,2026-01-18T23:00:00,2026-02-15T23:00:00,,,42.0
2026-01-23 21:00:00,47.7,-58.69245141153917,1.0,"Tema Community 7, Royal School",tabular,ridge_ar_lag_fourier,h168,2026-01-04T23:00:00,2026-01-18T23:00:00,2026-02-15T23:00:00,,,42.0
2026-01-23 22:00:00,56.6,-54.57152661526786,1.0,"Tema Community 7, Royal School",tabular,ridge_ar_lag_fourier,h168,2026-01-04T23:00:00,2026-01-18T23:00:00,2026-02-15T23:00:00,,,42.0
2026-01-23 23:00:00,43.6,-54.62028914987064,1.0,"Tema Community 7, Royal School",tabular,ridge_ar_lag_fourier,h168,2026-01-04T23:00:00,2026-01-18T23:00:00,2026-02-15T23:00:00,,,42.0
2026-01-24 00:00:00,45.0,-52.6217281800365,1.0,"Tema Community 7, Royal School",tabular,ridge_ar_lag_fourier,h168,2026-01-04T23:00:00,2026-01-18T23:00:00,2026-02-15T23:00:00,,,42.0
2026-01-24 01:00:00,46.6,-51.62186971807597,1.0,"Tema Community 7, Royal School",tabular,ridge_ar_lag_fourier,h168,2026-01-04T23:00:00,2026-01-18T23:00:00,2026-02-15T23:00:00,,,42.0
2026-01-24 02:00:00,46.1,-50.799656587059715,1.0,"Tema Community 7, Royal School",tabular,ridge_ar_lag_fourier,h168,2026-01-04T23:00:00,2026-01-18T23:00:00,2026-02-15T23:00:00,,,42.0
2026-01-24 03:00:00,44.9,-50.84155806211916,1.0,"Tema Community 7, Royal School",tabular,ridge_ar_lag_fourier,h168,2026-01-04T23:00:00,2026-01-18T23:00:00,2026-02-15T23:00:00,,,42.0
2026-01-24 04:00:00,44.7,-47.1921910879845,1.0,"Tema Community 7, Royal School",tabular,ridge_ar_lag_fourier,h168,2026-01-04T23:00:00,2026-01-18T23:00:00,2026-02-15T23:00:00,,,42.0
2026-01-24 05:00:00,42.3,-44.9952652120689,1.0,"Tema Community 7, Royal School",tabular,ridge_ar_lag_fourier,h168,2026-01-04T23:00:00,2026-01-18T23:00:00,2026-02-15T23:00:00,,,42.0
2026-01-24 06:00:00,57.3,-37.47624291707601,1.0,"Tema Community 7, Royal School",tabular,ridge_ar_lag_fourier,h168,2026-01-04T23:00:00,2026-01-18T23:00:00,2026-02-15T23:00:00,,,42.0
2026-01-24 07:00:00,44.7,-41.568011793175,1.0,"Tema Community 7, Royal School",tabular,ridge_ar_lag_fourier,h168,2026-01-04T23:00:00,2026-01-18T23:00:00,2026-02-15T23:00:00,,,42.0
2026-01-24 08:00:00,43.2,-51.06508815521954,1.0,"Tema Community 7, Royal School",tabular,ridge_ar_lag_fourier,h168,2026-01-04T23:00:00,2026-01-18T23:00:00,2026-02-15T23:00:00,,,42.0
2026-01-24 09:00:00,38.9,-55.48830145888857,1.0,"Tema Community 7, Royal School",tabular,ridge_ar_lag_fourier,h168,2026-01-04T23:00:00,2026-01-18T23:00:00,2026-02-15T23:00:00,,,42.0
2026-01-24 10:00:00,38.4,-57.250644634144265,1.0,"Tema Community 7, Royal School",tabular,ridge_ar_lag_fourier,h168,2026-01-04T23:00:00,2026-01-18T23:00:00,2026-02-15T23:00:00,,,42.0
2026-01-24 11:00:00,41.9,-57.81471877849489,1.0,"Tema Community 7, Royal School",tabular,ridge_ar_lag_fourier,h168,2026-01-04T23:00:00,2026-01-18T23:00:00,2026-02-15T23:00:00,,,42.0
2026-01-24 12:00:00,33.4,-60.499284130538996,1.0,"Tema Community 7, Royal School",tabular,ridge_ar_lag_fourier,h168,2026-01-04T23:00:00,2026-01-18T23:00:00,2026-02-15T23:00:00,,,42.0
2026-01-24 13:00:00,32.9,-64.64802631334464,1.0,"Tema Community 7, Royal School",tabular,ridge_ar_lag_fourier,h168,2026-01-04T23:00:00,2026-01-18T23:00:00,2026-02-15T23:00:00,,,42.0
2026-01-24 14:00:00,31.3,-65.78613772466458,1.0,"Tema Community 7, Royal School",tabular,ridge_ar_lag_fourier,h168,2026-01-04T23:00:00,2026-01-18T23:00:00,2026-02-15T23:00:00,,,42.0
2026-01-24 15:00:00,30.2,-64.16788533854121,1.0,"Tema Community 7, Royal School",tabular,ridge_ar_lag_fourier,h168,2026-01-04T23:00:00,2026-01-18T23:00:00,2026-02-15T23:00:00,,,42.0
2026-01-24 16:00:00,30.6,-65.36172809748923,1.0,"Tema Community 7, Royal School",tabular,ridge_ar_lag_fourier,h168,2026-01-04T23:00:00,2026-01-18T23:00:00,2026-02-15T23:00:00,,,42.0
2026-01-24 17:00:00,29.0,-62.577381172712876,1.0,"Tema Community 7, Royal School",tabular,ridge_ar_lag_fourier,h168,2026-01-04T23:00:00,2026-01-18T23:00:00,2026-02-15T23:00:00,,,42.0
2026-01-24 18:00:00,36.7,-59.89939636954139,1.0,"Tema Community 7, Royal School",tabular,ridge_ar_lag_fourier,h168,2026-01-04T23:00:00,2026-01-18T23:00:00,2026-02-15T23:00:00,,,42.0
2026-01-24 19:00:00,36.6,-57.62854299210966,1.0,"Tema Community 7, Royal School",tabular,ridge_ar_lag_fourier,h168,2026-01-04T23:00:00,2026-01-18T23:00:00,2026-02-15T23:00:00,,,42.0
2026-01-24 20:00:00,32.9,-54.081987343758655,1.0,"Tema Community 7, Royal School",tabular,ridge_ar_lag_fourier,h168,2026-01-04T23:00:00,2026-01-18T23:00:00,2026-02-15T23:00:00,,,42.0
2026-01-24 21:00:00,39.4,-55.59845609740273,1.0,"Tema Community 7, Royal School",tabular,ridge_ar_lag_fourier,h168,2026-01-04T23:00:00,2026-01-18T23:00:00,2026-02-15T23:00:00,,,42.0
2026-01-24 22:00:00,33.1,-55.49874680326165,1.0,"Tema Community 7, Royal School",tabular,ridge_ar_lag_fourier,h168,2026-01-04T23:00:00,2026-01-18T23:00:00,2026-02-15T23:00:00,,,42.0
2026-01-24 23:00:00,34.7,-54.0394046024187,1.0,"Tema Community 7, Royal School",tabular,ridge_ar_lag_fourier,h168,2026-01-04T23:00:00,2026-01-18T23:00:00,2026-02-15T23:00:00,,,42.0
2026-01-25 00:00:00,37.3,-52.77629279760205,1.0,"Tema Community 7, Royal School",tabular,ridge_ar_lag_fourier,h168,2026-01-04T23:00:00,2026-01-18T23:00:00,2026-02-15T23:00:00,,,42.0
2026-01-25 01:00:00,34.5,-51.77414029042707,1.0,"Tema Community 7, Royal School",tabular,ridge_ar_lag_fourier,h168,2026-01-04T23:00:00,2026-01-18T23:00:00,2026-02-15T23:00:00,,,42.0
2026-01-25 02:00:00,36.8,-53.74716960559047,1.0,"Tema Community 7, Royal School",tabular,ridge_ar_lag_fourier,h168,2026-01-04T23:00:00,2026-01-18T23:00:00,2026-02-15T23:00:00,,,42.0
2026-01-25 03:00:00,43.3,-51.129745368976785,1.0,"Tema Community 7, Royal School",tabular,ridge_ar_lag_fourier,h168,2026-01-04T23:00:00,2026-01-18T23:00:00,2026-02-15T23:00:00,,,42.0
2026-01-25 04:00:00,38.0,-47.9425895401899,1.0,"Tema Community 7, Royal School",tabular,ridge_ar_lag_fourier,h168,2026-01-04T23:00:00,2026-01-18T23:00:00,2026-02-15T23:00:00,,,42.0
2026-01-25 05:00:00,35.7,-42.72725571315583,1.0,"Tema Community 7, Royal School",tabular,ridge_ar_lag_fourier,h168,2026-01-04T23:00:00,2026-01-18T23:00:00,2026-02-15T23:00:00,,,42.0
2026-01-25 06:00:00,60.8,-38.703320110725,1.0,"Tema Community 7, Royal School",tabular,ridge_ar_lag_fourier,h168,2026-01-04T23:00:00,2026-01-18T23:00:00,2026-02-15T23:00:00,,,42.0
2026-01-25 07:00:00,71.8,-46.296032620979815,1.0,"Tema Community 7, Royal School",tabular,ridge_ar_lag_fourier,h168,2026-01-04T23:00:00,2026-01-18T23:00:00,2026-02-15T23:00:00,,,42.0
2026-01-25 08:00:00,41.6,-53.014558991221065,1.0,"Tema Community 7, Royal School",tabular,ridge_ar_lag_fourier,h168,2026-01-04T23:00:00,2026-01-18T23:00:00,2026-02-15T23:00:00,,,42.0
2026-01-25 09:00:00,43.5,-55.07199739644625,1.0,"Tema Community 7, Royal School",tabular,ridge_ar_lag_fourier,h168,2026-01-04T23:00:00,2026-01-18T23:00:00,2026-02-15T23:00:00,,,42.0
2026-01-25 10:00:00,50.2,-57.280461013070465,1.0,"Tema Community 7, Royal School",tabular,ridge_ar_lag_fourier,h168,2026-01-04T23:00:00,2026-01-18T23:00:00,2026-02-15T23:00:00,,,42.0
2026-01-25 11:00:00,51.8,-58.93305469384882,1.0,"Tema Community 7, Royal School",tabular,ridge_ar_lag_fourier,h168,2026-01-04T23:00:00,2026-01-18T23:00:00,2026-02-15T23:00:00,,,42.0
2026-01-25 12:00:00,50.8,-63.097881471879234,1.0,"Tema Community 7, Royal School",tabular,ridge_ar_lag_fourier,h168,2026-01-04T23:00:00,2026-01-18T23:00:00,2026-02-15T23:00:00,,,42.0
2026-01-25 13:00:00,44.6,-65.92091349948673,1.0,"Tema Community 7, Royal School",tabular,ridge_ar_lag_fourier,h168,2026-01-04T23:00:00,2026-01-18T23:00:00,2026-02-15T23:00:00,,,42.0
2026-01-25 14:00:00,42.6,-65.87926083112507,1.0,"Tema Community 7, Royal School",tabular,ridge_ar_lag_fourier,h168,2026-01-04T23:00:00,2026-01-18T23:00:00,2026-02-15T23:00:00,,,42.0
2026-01-25 15:00:00,40.5,-64.20189960080643,1.0,"Tema Community 7, Royal School",tabular,ridge_ar_lag_fourier,h168,2026-01-04T23:00:00,2026-01-18T23:00:00,2026-02-15T23:00:00,,,42.0
2026-01-25 16:00:00,32.7,-65.72415821275021,1.0,"Tema Community 7, Royal School",tabular,ridge_ar_lag_fourier,h168,2026-01-04T23:00:00,2026-01-18T23:00:00,2026-02-15T23:00:00,,,42.0
2026-01-25 17:00:00,34.5,-64.37411917187634,1.0,"Tema Community 7, Royal School",tabular,ridge_ar_lag_fourier,h168,2026-01-04T23:00:00,2026-01-18T23:00:00,2026-02-15T23:00:00,,,42.0
2026-01-25 18:00:00,37.7,-62.67778858187563,1.0,"Tema Community 7, Royal School",tabular,ridge_ar_lag_fourier,h168,2026-01-04T23:00:00,2026-01-18T23:00:00,2026-02-15T23:00:00,,,42.0
2026-01-25 19:00:00,38.3,-61.32229837519492,1.0,"Tema Community 7, Royal School",tabular,ridge_ar_lag_fourier,h168,2026-01-04T23:00:00,2026-01-18T23:00:00,2026-02-15T23:00:00,,,42.0
2026-01-25 20:00:00,43.6,-61.222059667803904,1.0,"Tema Community 7, Royal School",tabular,ridge_ar_lag_fourier,h168,2026-01-04T23:00:00,2026-01-18T23:00:00,2026-02-15T23:00:00,,,42.0
2026-01-25 21:00:00,46.9,-61.29512521270344,1.0,"Tema Community 7, Royal School",tabular,ridge_ar_lag_fourier,h168,2026-01-04T23:00:00,2026-01-18T23:00:00,2026-02-15T23:00:00,,,42.0
2026-01-25 22:00:00,44.4,-58.29648566738969,1.0,"Tema Community 7, Royal School",tabular,ridge_ar_lag_fourier,h168,2026-01-04T23:00:00,2026-01-18T23:00:00,2026-02-15T23:00:00,,,42.0
2026-01-25 23:00:00,46.6,-56.5243886238036,1.0,"Tema Community 7, Royal School",tabular,ridge_ar_lag_fourier,h168,2026-01-04T23:00:00,2026-01-18T23:00:00,2026-02-15T23:00:00,,,42.0
2026-01-26 00:00:00,68.4,-49.3515717441055,1.0,"Tema Community 7, Royal School",tabular,ridge_ar_lag_fourier,h168,2026-01-04T23:00:00,2026-01-18T23:00:00,2026-02-15T23:00:00,,,42.0
2026-01-26 01:00:00,49.6,-46.00749352934379,1.0,"Tema Community 7, Royal School",tabular,ridge_ar_lag_fourier,h168,2026-01-04T23:00:00,2026-01-18T23:00:00,2026-02-15T23:00:00,,,42.0
2026-01-26 02:00:00,56.9,-45.870116365587776,1.0,"Tema Community 7, Royal School",tabular,ridge_ar_lag_fourier,h168,2026-01-04T23:00:00,2026-01-18T23:00:00,2026-02-15T23:00:00,,,42.0
2026-01-26 03:00:00,51.5,-47.22269754065084,1.0,"Tema Community 7, Royal School",tabular,ridge_ar_lag_fourier,h168,2026-01-04T23:00:00,2026-01-18T23:00:00,2026-02-15T23:00:00,,,42.0
2026-01-26 04:00:00,46.2,-45.32267229076547,1.0,"Tema Community 7, Royal School",tabular,ridge_ar_lag_fourier,h168,2026-01-04T23:00:00,2026-01-18T23:00:00,2026-02-15T23:00:00,,,42.0
2026-01-26 05:00:00,59.3,-42.338286032961946,1.0,"Tema Community 7, Royal School",tabular,ridge_ar_lag_fourier,h168,2026-01-04T23:00:00,2026-01-18T23:00:00,2026-02-15T23:00:00,,,42.0
2026-01-26 06:00:00,105.1,-36.45510816199709,1.0,"Tema Community 7, Royal School",tabular,ridge_ar_lag_fourier,h168,2026-01-04T23:00:00,2026-01-18T23:00:00,2026-02-15T23:00:00,,,42.0
2026-01-26 07:00:00,53.7,-41.00009128093842,1.0,"Tema Community 7, Royal School",tabular,ridge_ar_lag_fourier,h168,2026-01-04T23:00:00,2026-01-18T23:00:00,2026-02-15T23:00:00,,,42.0
2026-01-26 08:00:00,47.8,-49.72208604795182,1.0,"Tema Community 7, Royal School",tabular,ridge_ar_lag_fourier,h168,2026-01-04T23:00:00,2026-01-18T23:00:00,2026-02-15T23:00:00,,,42.0
2026-01-26 09:00:00,43.5,-52.660217223681116,1.0,"Tema Community 7, Royal School",tabular,ridge_ar_lag_fourier,h168,2026-01-04T23:00:00,2026-01-18T23:00:00,2026-02-15T23:00:00,,,42.0
2026-01-26 10:00:00,45.3,-54.07794098954372,1.0,"Tema Community 7, Royal School",tabular,ridge_ar_lag_fourier,h168,2026-01-04T23:00:00,2026-01-18T23:00:00,2026-02-15T23:00:00,,,42.0
2026-01-26 11:00:00,49.7,-57.87279156635691,1.0,"Tema Community 7, Royal School",tabular,ridge_ar_lag_fourier,h168,2026-01-04T23:00:00,2026-01-18T23:00:00,2026-02-15T23:00:00,,,42.0
2026-01-26 12:00:00,45.6,-61.24582599618016,1.0,"Tema Community 7, Royal School",tabular,ridge_ar_lag_fourier,h168,2026-01-04T23:00:00,2026-01-18T23:00:00,2026-02-15T23:00:00,,,42.0
2026-01-26 13:00:00,42.1,-63.41436404805938,1.0,"Tema Community 7, Royal School",tabular,ridge_ar_lag_fourier,h168,2026-01-04T23:00:00,2026-01-18T23:00:00,2026-02-15T23:00:00,,,42.0
2026-01-26 14:00:00,38.8,-63.50632902844916,1.0,"Tema Community 7, Royal School",tabular,ridge_ar_lag_fourier,h168,2026-01-04T23:00:00,2026-01-18T23:00:00,2026-02-15T23:00:00,,,42.0
2026-01-26 15:00:00,38.7,-60.59291628967971,1.0,"Tema Community 7, Royal School",tabular,ridge_ar_lag_fourier,h168,2026-01-04T23:00:00,2026-01-18T23:00:00,2026-02-15T23:00:00,,,42.0
2026-01-26 16:00:00,35.2,-60.5962863371966,1.0,"Tema Community 7, Royal School",tabular,ridge_ar_lag_fourier,h168,2026-01-04T23:00:00,2026-01-18T23:00:00,2026-02-15T23:00:00,,,42.0
2026-01-26 17:00:00,38.6,-60.25198920408053,1.0,"Tema Community 7, Royal School",tabular,ridge_ar_lag_fourier,h168,2026-01-04T23:00:00,2026-01-18T23:00:00,2026-02-15T23:00:00,,,42.0
2026-01-26 18:00:00,38.5,-58.33774632136938,1.0,"Tema Community 7, Royal School",tabular,ridge_ar_lag_fourier,h168,2026-01-04T23:00:00,2026-01-18T23:00:00,2026-02-15T23:00:00,,,42.0
2026-01-26 19:00:00,38.1,-54.00311705890226,1.0,"Tema Community 7, Royal School",tabular,ridge_ar_lag_fourier,h168,2026-01-04T23:00:00,2026-01-18T23:00:00,2026-02-15T23:00:00,,,42.0
2026-01-26 20:00:00,39.0,-51.843237529264286,1.0,"Tema Community 7, Royal School",tabular,ridge_ar_lag_fourier,h168,2026-01-04T23:00:00,2026-01-18T23:00:00,2026-02-15T23:00:00,,,42.0
2026-01-26 21:00:00,40.0,-55.802014387755676,1.0,"Tema Community 7, Royal School",tabular,ridge_ar_lag_fourier,h168,2026-01-04T23:00:00,2026-01-18T23:00:00,2026-02-15T23:00:00,,,42.0
2026-01-26 22:00:00,41.9,-52.472238656535325,1.0,"Tema Community 7, Royal School",tabular,ridge_ar_lag_fourier,h168,2026-01-04T23:00:00,2026-01-18T23:00:00,2026-02-15T23:00:00,,,42.0
2026-01-26 23:00:00,46.1,-48.56041125901541,1.0,"Tema Community 7, Royal School",tabular,ridge_ar_lag_fourier,h168,2026-01-04T23:00:00,2026-01-18T23:00:00,2026-02-15T23:00:00,,,42.0
2026-01-27 00:00:00,68.4,-47.18626525002077,1.0,"Tema Community 7, Royal School",tabular,ridge_ar_lag_fourier,h168,2026-01-04T23:00:00,2026-01-18T23:00:00,2026-02-15T23:00:00,,,42.0
2026-01-27 01:00:00,47.6,-48.053834658823135,1.0,"Tema Community 7, Royal School",tabular,ridge_ar_lag_fourier,h168,2026-01-04T23:00:00,2026-01-18T23:00:00,2026-02-15T23:00:00,,,42.0
2026-01-27 02:00:00,47.8,-49.886150844548496,1.0,"Tema Community 7, Royal School",tabular,ridge_ar_lag_fourier,h168,2026-01-04T23:00:00,2026-01-18T23:00:00,2026-02-15T23:00:00,,,42.0
2026-01-27 03:00:00,44.2,-48.51785997101443,1.0,"Tema Community 7, Royal School",tabular,ridge_ar_lag_fourier,h168,2026-01-04T23:00:00,2026-01-18T23:00:00,2026-02-15T23:00:00,,,42.0
2026-01-27 04:00:00,54.9,-46.184397162010555,1.0,"Tema Community 7, Royal School",tabular,ridge_ar_lag_fourier,h168,2026-01-04T23:00:00,2026-01-18T23:00:00,2026-02-15T23:00:00,,,42.0
2026-01-27 05:00:00,64.4,-42.989720583005095,1.0,"Tema Community 7, Royal School",tabular,ridge_ar_lag_fourier,h168,2026-01-04T23:00:00,2026-01-18T23:00:00,2026-02-15T23:00:00,,,42.0
2026-01-27 06:00:00,96.3,-37.02166025522564,1.0,"Tema Community 7, Royal School",tabular,ridge_ar_lag_fourier,h168,2026-01-04T23:00:00,2026-01-18T23:00:00,2026-02-15T23:00:00,,,42.0
2026-01-27 07:00:00,93.7,-44.09782267619852,1.0,"Tema Community 7, Royal School",tabular,ridge_ar_lag_fourier,h168,2026-01-04T23:00:00,2026-01-18T23:00:00,2026-02-15T23:00:00,,,42.0
2026-01-27 08:00:00,49.9,-50.541471112042245,1.0,"Tema Community 7, Royal School",tabular,ridge_ar_lag_fourier,h168,2026-01-04T23:00:00,2026-01-18T23:00:00,2026-02-15T23:00:00,,,42.0
2026-01-27 09:00:00,48.7,-53.28417449711398,1.0,"Tema Community 7, Royal School",tabular,ridge_ar_lag_fourier,h168,2026-01-04T23:00:00,2026-01-18T23:00:00,2026-02-15T23:00:00,,,42.0
2026-01-27 10:00:00,46.9,-55.66390418201017,1.0,"Tema Community 7, Royal School",tabular,ridge_ar_lag_fourier,h168,2026-01-04T23:00:00,2026-01-18T23:00:00,2026-02-15T23:00:00,,,42.0
2026-01-27 11:00:00,49.6,-57.025010234975454,1.0,"Tema Community 7, Royal School",tabular,ridge_ar_lag_fourier,h168,2026-01-04T23:00:00,2026-01-18T23:00:00,2026-02-15T23:00:00,,,42.0
2026-01-27 12:00:00,49.3,-60.12187481384896,1.0,"Tema Community 7, Royal School",tabular,ridge_ar_lag_fourier,h168,2026-01-04T23:00:00,2026-01-18T23:00:00,2026-02-15T23:00:00,,,42.0
2026-01-27 13:00:00,44.6,-62.85411149036145,1.0,"Tema Community 7, Royal School",tabular,ridge_ar_lag_fourier,h168,2026-01-04T23:00:00,2026-01-18T23:00:00,2026-02-15T23:00:00,,,42.0
2026-01-27 14:00:00,43.2,-62.58391557912215,1.0,"Tema Community 7, Royal School",tabular,ridge_ar_lag_fourier,h168,2026-01-04T23:00:00,2026-01-18T23:00:00,2026-02-15T23:00:00,,,42.0
2026-01-27 15:00:00,41.4,-59.53871868047419,1.0,"Tema Community 7, Royal School",tabular,ridge_ar_lag_fourier,h168,2026-01-04T23:00:00,2026-01-18T23:00:00,2026-02-15T23:00:00,,,42.0
2026-01-27 16:00:00,39.8,-60.56988062307764,1.0,"Tema Community 7, Royal School",tabular,ridge_ar_lag_fourier,h168,2026-01-04T23:00:00,2026-01-18T23:00:00,2026-02-15T23:00:00,,,42.0
2026-01-27 17:00:00,38.6,-59.414878357013535,1.0,"Tema Community 7, Royal School",tabular,ridge_ar_lag_fourier,h168,2026-01-04T23:00:00,2026-01-18T23:00:00,2026-02-15T23:00:00,,,42.0
2026-01-27 18:00:00,39.3,-57.024416154382266,1.0,"Tema Community 7, Royal School",tabular,ridge_ar_lag_fourier,h168,2026-01-04T23:00:00,2026-01-18T23:00:00,2026-02-15T23:00:00,,,42.0
2026-01-27 19:00:00,39.9,-56.05181577913942,1.0,"Tema Community 7, Royal School",tabular,ridge_ar_lag_fourier,h168,2026-01-04T23:00:00,2026-01-18T23:00:00,2026-02-15T23:00:00,,,42.0
2026-01-27 20:00:00,42.4,-55.61722117905728,1.0,"Tema Community 7, Royal School",tabular,ridge_ar_lag_fourier,h168,2026-01-04T23:00:00,2026-01-18T23:00:00,2026-02-15T23:00:00,,,42.0
2026-01-27 21:00:00,43.9,-56.81440802169236,1.0,"Tema Community 7, Royal School",tabular,ridge_ar_lag_fourier,h168,2026-01-04T23:00:00,2026-01-18T23:00:00,2026-02-15T23:00:00,,,42.0
2026-01-27 22:00:00,42.5,-55.1166961999034,1.0,"Tema Community 7, Royal School",tabular,ridge_ar_lag_fourier,h168,2026-01-04T23:00:00,2026-01-18T23:00:00,2026-02-15T23:00:00,,,42.0
2026-01-27 23:00:00,48.3,-57.32197691752842,1.0,"Tema Community 7, Royal School",tabular,ridge_ar_lag_fourier,h168,2026-01-04T23:00:00,2026-01-18T23:00:00,2026-02-15T23:00:00,,,42.0
2026-01-28 00:00:00,51.0,-51.16325668404028,1.0,"Tema Community 7, Royal School",tabular,ridge_ar_lag_fourier,h168,2026-01-04T23:00:00,2026-01-18T23:00:00,2026-02-15T23:00:00,,,42.0
2026-01-28 01:00:00,55.5,-54.55339472455857,1.0,"Tema Community 7, Royal School",tabular,ridge_ar_lag_fourier,h168,2026-01-04T23:00:00,2026-01-18T23:00:00,2026-02-15T23:00:00,,,42.0
2026-01-28 02:00:00,51.4,-54.171854905258314,1.0,"Tema Community 7, Royal School",tabular,ridge_ar_lag_fourier,h168,2026-01-04T23:00:00,2026-01-18T23:00:00,2026-02-15T23:00:00,,,42.0
2026-01-28 03:00:00,54.0,-53.571307242532015,1.0,"Tema Community 7, Royal School",tabular,ridge_ar_lag_fourier,h168,2026-01-04T23:00:00,2026-01-18T23:00:00,2026-02-15T23:00:00,,,42.0
2026-01-28 04:00:00,56.1,-51.32946557090966,1.0,"Tema Community 7, Royal School",tabular,ridge_ar_lag_fourier,h168,2026-01-04T23:00:00,2026-01-18T23:00:00,2026-02-15T23:00:00,,,42.0
2026-01-28 05:00:00,96.1,-37.28325438656317,1.0,"Tema Community 7, Royal School",tabular,ridge_ar_lag_fourier,h168,2026-01-04T23:00:00,2026-01-18T23:00:00,2026-02-15T23:00:00,,,42.0
2026-01-28 06:00:00,85.0,-28.209631119002847,1.0,"Tema Community 7, Royal School",tabular,ridge_ar_lag_fourier,h168,2026-01-04T23:00:00,2026-01-18T23:00:00,2026-02-15T23:00:00,,,42.0
2026-01-28 07:00:00,76.0,-40.29586004910627,1.0,"Tema Community 7, Royal School",tabular,ridge_ar_lag_fourier,h168,2026-01-04T23:00:00,2026-01-18T23:00:00,2026-02-15T23:00:00,,,42.0
2026-01-28 08:00:00,52.5,-51.507926070279865,1.0,"Tema Community 7, Royal School",tabular,ridge_ar_lag_fourier,h168,2026-01-04T23:00:00,2026-01-18T23:00:00,2026-02-15T23:00:00,,,42.0
2026-01-28 09:00:00,49.3,-54.57765878724325,1.0,"Tema Community 7, Royal School",tabular,ridge_ar_lag_fourier,h168,2026-01-04T23:00:00,2026-01-18T23:00:00,2026-02-15T23:00:00,,,42.0
2026-01-28 10:00:00,47.8,-56.75924832910157,1.0,"Tema Community 7, Royal School",tabular,ridge_ar_lag_fourier,h168,2026-01-04T23:00:00,2026-01-18T23:00:00,2026-02-15T23:00:00,,,42.0
2026-01-28 11:00:00,51.4,-60.040723445327515,1.0,"Tema Community 7, Royal School",tabular,ridge_ar_lag_fourier,h168,2026-01-04T23:00:00,2026-01-18T23:00:00,2026-02-15T23:00:00,,,42.0
2026-01-28 12:00:00,55.6,-64.7298562587684,1.0,"Tema Community 7, Royal School",tabular,ridge_ar_lag_fourier,h168,2026-01-04T23:00:00,2026-01-18T23:00:00,2026-02-15T23:00:00,,,42.0
2026-01-28 13:00:00,49.9,-66.80249162307794,1.0,"Tema Community 7, Royal School",tabular,ridge_ar_lag_fourier,h168,2026-01-04T23:00:00,2026-01-18T23:00:00,2026-02-15T23:00:00,,,42.0
2026-01-28 14:00:00,46.4,-66.05088517788552,1.0,"Tema Community 7, Royal School",tabular,ridge_ar_lag_fourier,h168,2026-01-04T23:00:00,2026-01-18T23:00:00,2026-02-15T23:00:00,,,42.0
2026-01-28 15:00:00,44.3,-64.18656403462145,1.0,"Tema Community 7, Royal School",tabular,ridge_ar_lag_fourier,h168,2026-01-04T23:00:00,2026-01-18T23:00:00,2026-02-15T23:00:00,,,42.0
2026-01-28 16:00:00,41.9,-63.582233517175354,1.0,"Tema Community 7, Royal School",tabular,ridge_ar_lag_fourier,h168,2026-01-04T23:00:00,2026-01-18T23:00:00,2026-02-15T23:00:00,,,42.0
2026-01-28 17:00:00,43.2,-59.76163802769156,1.0,"Tema Community 7, Royal School",tabular,ridge_ar_lag_fourier,h168,2026-01-04T23:00:00,2026-01-18T23:00:00,2026-02-15T23:00:00,,,42.0
2026-01-28 18:00:00,45.7,-59.34952291635234,1.0,"Tema Community 7, Royal School",tabular,ridge_ar_lag_fourier,h168,2026-01-04T23:00:00,2026-01-18T23:00:00,2026-02-15T23:00:00,,,42.0
2026-01-28 19:00:00,46.9,-59.85685882461243,1.0,"Tema Community 7, Royal School",tabular,ridge_ar_lag_fourier,h168,2026-01-04T23:00:00,2026-01-18T23:00:00,2026-02-15T23:00:00,,,42.0
2026-01-28 20:00:00,46.2,-59.939436442373335,1.0,"Tema Community 7, Royal School",tabular,ridge_ar_lag_fourier,h168,2026-01-04T23:00:00,2026-01-18T23:00:00,2026-02-15T23:00:00,,,42.0
2026-01-28 21:00:00,46.0,-61.55953913107646,1.0,"Tema Community 7, Royal School",tabular,ridge_ar_lag_fourier,h168,2026-01-04T23:00:00,2026-01-18T23:00:00,2026-02-15T23:00:00,,,42.0
2026-01-28 22:00:00,45.7,-64.46943084082467,1.0,"Tema Community 7, Royal School",tabular,ridge_ar_lag_fourier,h168,2026-01-04T23:00:00,2026-01-18T23:00:00,2026-02-15T23:00:00,,,42.0
2026-01-28 23:00:00,49.8,-66.01431768498327,1.0,"Tema Community 7, Royal School",tabular,ridge_ar_lag_fourier,h168,2026-01-04T23:00:00,2026-01-18T23:00:00,2026-02-15T23:00:00,,,42.0
2026-01-29 00:00:00,57.6,-60.4244983400382,1.0,"Tema Community 7, Royal School",tabular,ridge_ar_lag_fourier,h168,2026-01-04T23:00:00,2026-01-18T23:00:00,2026-02-15T23:00:00,,,42.0
2026-01-29 01:00:00,55.7,-59.34966630015033,1.0,"Tema Community 7, Royal School",tabular,ridge_ar_lag_fourier,h168,2026-01-04T23:00:00,2026-01-18T23:00:00,2026-02-15T23:00:00,,,42.0
2026-01-29 02:00:00,65.4,-57.622396230523805,1.0,"Tema Community 7, Royal School",tabular,ridge_ar_lag_fourier,h168,2026-01-04T23:00:00,2026-01-18T23:00:00,2026-02-15T23:00:00,,,42.0
2026-01-29 03:00:00,60.7,-48.423663244256645,1.0,"Tema Community 7, Royal School",tabular,ridge_ar_lag_fourier,h168,2026-01-04T23:00:00,2026-01-18T23:00:00,2026-02-15T23:00:00,,,42.0
2026-01-29 04:00:00,59.5,-40.80430097985041,1.0,"Tema Community 7, Royal School",tabular,ridge_ar_lag_fourier,h168,2026-01-04T23:00:00,2026-01-18T23:00:00,2026-02-15T23:00:00,,,42.0
2026-01-29 05:00:00,71.8,-32.486132568602116,1.0,"Tema Community 7, Royal School",tabular,ridge_ar_lag_fourier,h168,2026-01-04T23:00:00,2026-01-18T23:00:00,2026-02-15T23:00:00,,,42.0
2026-01-29 06:00:00,88.6,-33.44994587677722,1.0,"Tema Community 7, Royal School",tabular,ridge_ar_lag_fourier,h168,2026-01-04T23:00:00,2026-01-18T23:00:00,2026-02-15T23:00:00,,,42.0
2026-01-29 07:00:00,69.2,-44.91479395552895,1.0,"Tema Community 7, Royal School",tabular,ridge_ar_lag_fourier,h168,2026-01-04T23:00:00,2026-01-18T23:00:00,2026-02-15T23:00:00,,,42.0
2026-01-29 08:00:00,56.7,-55.25324913925387,1.0,"Tema Community 7, Royal School",tabular,ridge_ar_lag_fourier,h168,2026-01-04T23:00:00,2026-01-18T23:00:00,2026-02-15T23:00:00,,,42.0
2026-01-29 09:00:00,55.0,-57.83184908309984,1.0,"Tema Community 7, Royal School",tabular,ridge_ar_lag_fourier,h168,2026-01-04T23:00:00,2026-01-18T23:00:00,2026-02-15T23:00:00,,,42.0
2026-01-29 10:00:00,50.6,-59.95061340840034,1.0,"Tema Community 7, Royal School",tabular,ridge_ar_lag_fourier,h168,2026-01-04T23:00:00,2026-01-18T23:00:00,2026-02-15T23:00:00,,,42.0
2026-01-29 11:00:00,51.8,-64.99173907553731,1.0,"Tema Community 7, Royal School",tabular,ridge_ar_lag_fourier,h168,2026-01-04T23:00:00,2026-01-18T23:00:00,2026-02-15T23:00:00,,,42.0
2026-01-29 12:00:00,52.8,-65.52434721800107,1.0,"Tema Community 7, Royal School",tabular,ridge_ar_lag_fourier,h168,2026-01-04T23:00:00,2026-01-18T23:00:00,2026-02-15T23:00:00,,,42.0
2026-01-29 13:00:00,48.4,-65.46933226455509,1.0,"Tema Community 7, Royal School",tabular,ridge_ar_lag_fourier,h168,2026-01-04T23:00:00,2026-01-18T23:00:00,2026-02-15T23:00:00,,,42.0
2026-01-29 14:00:00,42.7,-65.96814821523567,1.0,"Tema Community 7, Royal School",tabular,ridge_ar_lag_fourier,h168,2026-01-04T23:00:00,2026-01-18T23:00:00,2026-02-15T23:00:00,,,42.0
2026-01-29 15:00:00,43.7,-61.487510455817244,1.0,"Tema Community 7, Royal School",tabular,ridge_ar_lag_fourier,h168,2026-01-04T23:00:00,2026-01-18T23:00:00,2026-02-15T23:00:00,,,42.0
2026-01-29 16:00:00,41.7,-58.09846507353919,1.0,"Tema Community 7, Royal School",tabular,ridge_ar_lag_fourier,h168,2026-01-04T23:00:00,2026-01-18T23:00:00,2026-02-15T23:00:00,,,42.0
2026-01-29 17:00:00,42.7,-59.23992596561337,1.0,"Tema Community 7, Royal School",tabular,ridge_ar_lag_fourier,h168,2026-01-04T23:00:00,2026-01-18T23:00:00,2026-02-15T23:00:00,,,42.0
2026-01-29 18:00:00,43.0,-62.1375599324011,1.0,"Tema Community 7, Royal School",tabular,ridge_ar_lag_fourier,h168,2026-01-04T23:00:00,2026-01-18T23:00:00,2026-02-15T23:00:00,,,42.0
2026-01-29 19:00:00,42.6,-62.32835852494425,1.0,"Tema Community 7, Royal School",tabular,ridge_ar_lag_fourier,h168,2026-01-04T23:00:00,2026-01-18T23:00:00,2026-02-15T23:00:00,,,42.0
2026-01-29 20:00:00,45.1,-62.945184073506525,1.0,"Tema Community 7, Royal School",tabular,ridge_ar_lag_fourier,h168,2026-01-04T23:00:00,2026-01-18T23:00:00,2026-02-15T23:00:00,,,42.0
2026-01-29 21:00:00,46.5,-61.16829710104551,1.0,"Tema Community 7, Royal School",tabular,ridge_ar_lag_fourier,h168,2026-01-04T23:00:00,2026-01-18T23:00:00,2026-02-15T23:00:00,,,42.0
2026-01-29 22:00:00,45.1,-61.87073046162588,1.0,"Tema Community 7, Royal School",tabular,ridge_ar_lag_fourier,h168,2026-01-04T23:00:00,2026-01-18T23:00:00,2026-02-15T23:00:00,,,42.0
2026-01-29 23:00:00,40.9,-60.86480646478394,1.0,"Tema Community 7, Royal School",tabular,ridge_ar_lag_fourier,h168,2026-01-04T23:00:00,2026-01-18T23:00:00,2026-02-15T23:00:00,,,42.0
2026-01-30 00:00:00,49.9,-53.781655276384356,1.0,"Tema Community 7, Royal School",tabular,ridge_ar_lag_fourier,h168,2026-01-04T23:00:00,2026-01-18T23:00:00,2026-02-15T23:00:00,,,42.0
2026-01-30 01:00:00,41.7,-55.33226828255819,1.0,"Tema Community 7, Royal School",tabular,ridge_ar_lag_fourier,h168,2026-01-04T23:00:00,2026-01-18T23:00:00,2026-02-15T23:00:00,,,42.0
2026-01-30 02:00:00,41.4,-58.89349506335347,1.0,"Tema Community 7, Royal School",tabular,ridge_ar_lag_fourier,h168,2026-01-04T23:00:00,2026-01-18T23:00:00,2026-02-15T23:00:00,,,42.0
2026-01-30 03:00:00,44.1,-53.97918897875584,1.0,"Tema Community 7, Royal School",tabular,ridge_ar_lag_fourier,h168,2026-01-04T23:00:00,2026-01-18T23:00:00,2026-02-15T23:00:00,,,42.0
2026-01-30 04:00:00,46.2,-41.225621549783185,1.0,"Tema Community 7, Royal School",tabular,ridge_ar_lag_fourier,h168,2026-01-04T23:00:00,2026-01-18T23:00:00,2026-02-15T23:00:00,,,42.0
2026-01-30 05:00:00,62.4,-34.750890421048325,1.0,"Tema Community 7, Royal School",tabular,ridge_ar_lag_fourier,h168,2026-01-04T23:00:00,2026-01-18T23:00:00,2026-02-15T23:00:00,,,42.0
2026-01-30 06:00:00,68.2,-37.148859214912406,1.0,"Tema Community 7, Royal School",tabular,ridge_ar_lag_fourier,h168,2026-01-04T23:00:00,2026-01-18T23:00:00,2026-02-15T23:00:00,,,42.0
2026-01-30 07:00:00,79.5,-42.10963214016718,1.0,"Tema Community 7, Royal School",tabular,ridge_ar_lag_fourier,h168,2026-01-04T23:00:00,2026-01-18T23:00:00,2026-02-15T23:00:00,,,42.0
2026-01-30 08:00:00,48.1,-48.945268161744764,1.0,"Tema Community 7, Royal School",tabular,ridge_ar_lag_fourier,h168,2026-01-04T23:00:00,2026-01-18T23:00:00,2026-02-15T23:00:00,,,42.0
2026-01-30 09:00:00,45.0,-55.00957378912297,1.0,"Tema Community 7, Royal School",tabular,ridge_ar_lag_fourier,h168,2026-01-04T23:00:00,2026-01-18T23:00:00,2026-02-15T23:00:00,,,42.0
2026-01-30 10:00:00,45.0,-57.817028690389606,1.0,"Tema Community 7, Royal School",tabular,ridge_ar_lag_fourier,h168,2026-01-04T23:00:00,2026-01-18T23:00:00,2026-02-15T23:00:00,,,42.0
2026-01-30 11:00:00,45.6,-59.951995565067506,1.0,"Tema Community 7, Royal School",tabular,ridge_ar_lag_fourier,h168,2026-01-04T23:00:00,2026-01-18T23:00:00,2026-02-15T23:00:00,,,42.0
2026-01-30 12:00:00,43.9,-61.78420785105388,1.0,"Tema Community 7, Royal School",tabular,ridge_ar_lag_fourier,h168,2026-01-04T23:00:00,2026-01-18T23:00:00,2026-02-15T23:00:00,,,42.0
2026-01-30 13:00:00,41.9,-66.04146942632715,1.0,"Tema Community 7, Royal School",tabular,ridge_ar_lag_fourier,h168,2026-01-04T23:00:00,2026-01-18T23:00:00,2026-02-15T23:00:00,,,42.0
2026-01-30 14:00:00,40.8,-66.44787360273003,1.0,"Tema Community 7, Royal School",tabular,ridge_ar_lag_fourier,h168,2026-01-04T23:00:00,2026-01-18T23:00:00,2026-02-15T23:00:00,,,42.0
2026-01-30 15:00:00,40.4,-65.7353627865105,1.0,"Tema Community 7, Royal School",tabular,ridge_ar_lag_fourier,h168,2026-01-04T23:00:00,2026-01-18T23:00:00,2026-02-15T23:00:00,,,42.0
2026-01-30 16:00:00,40.2,-66.2895843903363,1.0,"Tema Community 7, Royal School",tabular,ridge_ar_lag_fourier,h168,2026-01-04T23:00:00,2026-01-18T23:00:00,2026-02-15T23:00:00,,,42.0
2026-01-30 17:00:00,48.4,-65.34762991101321,1.0,"Tema Community 7, Royal School",tabular,ridge_ar_lag_fourier,h168,2026-01-04T23:00:00,2026-01-18T23:00:00,2026-02-15T23:00:00,,,42.0
2026-01-30 18:00:00,48.4,-62.54373498563616,1.0,"Tema Community 7, Royal School",tabular,ridge_ar_lag_fourier,h168,2026-01-04T23:00:00,2026-01-18T23:00:00,2026-02-15T23:00:00,,,42.0
2026-01-30 19:00:00,43.6,-59.93655767103495,1.0,"Tema Community 7, Royal School",tabular,ridge_ar_lag_fourier,h168,2026-01-04T23:00:00,2026-01-18T23:00:00,2026-02-15T23:00:00,,,42.0
2026-01-30 20:00:00,43.0,-61.32016306672381,1.0,"Tema Community 7, Royal School",tabular,ridge_ar_lag_fourier,h168,2026-01-04T23:00:00,2026-01-18T23:00:00,2026-02-15T23:00:00,,,42.0
2026-01-30 21:00:00,42.4,-63.14752934554184,1.0,"Tema Community 7, Royal School",tabular,ridge_ar_lag_fourier,h168,2026-01-04T23:00:00,2026-01-18T23:00:00,2026-02-15T23:00:00,,,42.0
2026-01-30 22:00:00,43.3,-61.51384411473853,1.0,"Tema Community 7, Royal School",tabular,ridge_ar_lag_fourier,h168,2026-01-04T23:00:00,2026-01-18T23:00:00,2026-02-15T23:00:00,,,42.0
2026-01-30 23:00:00,41.7,-62.47195317657268,1.0,"Tema Community 7, Royal School",tabular,ridge_ar_lag_fourier,h168,2026-01-04T23:00:00,2026-01-18T23:00:00,2026-02-15T23:00:00,,,42.0
2026-01-31 00:00:00,42.2,-58.6341458235988,1.0,"Tema Community 7, Royal School",tabular,ridge_ar_lag_fourier,h168,2026-01-04T23:00:00,2026-01-18T23:00:00,2026-02-15T23:00:00,,,42.0
2026-01-31 01:00:00,40.8,-59.46301065156595,1.0,"Tema Community 7, Royal School",tabular,ridge_ar_lag_fourier,h168,2026-01-04T23:00:00,2026-01-18T23:00:00,2026-02-15T23:00:00,,,42.0
2026-01-31 02:00:00,40.9,-57.64585451578924,1.0,"Tema Community 7, Royal School",tabular,ridge_ar_lag_fourier,h168,2026-01-04T23:00:00,2026-01-18T23:00:00,2026-02-15T23:00:00,,,42.0
2026-01-31 03:00:00,46.2,-54.76573512982573,1.0,"Tema Community 7, Royal School",tabular,ridge_ar_lag_fourier,h168,2026-01-04T23:00:00,2026-01-18T23:00:00,2026-02-15T23:00:00,,,42.0
2026-01-31 04:00:00,47.9,-43.1119133978946,1.0,"Tema Community 7, Royal School",tabular,ridge_ar_lag_fourier,h168,2026-01-04T23:00:00,2026-01-18T23:00:00,2026-02-15T23:00:00,,,42.0
2026-01-31 05:00:00,49.1,-39.83015147265267,1.0,"Tema Community 7, Royal School",tabular,ridge_ar_lag_fourier,h168,2026-01-04T23:00:00,2026-01-18T23:00:00,2026-02-15T23:00:00,,,42.0
2026-01-31 06:00:00,120.7,-41.251669538535936,1.0,"Tema Community 7, Royal School",tabular,ridge_ar_lag_fourier,h168,2026-01-04T23:00:00,2026-01-18T23:00:00,2026-02-15T23:00:00,,,42.0
2026-01-31 07:00:00,74.0,-44.72451084538426,1.0,"Tema Community 7, Royal School",tabular,ridge_ar_lag_fourier,h168,2026-01-04T23:00:00,2026-01-18T23:00:00,2026-02-15T23:00:00,,,42.0
2026-01-31 08:00:00,51.7,-53.81633067334229,1.0,"Tema Community 7, Royal School",tabular,ridge_ar_lag_fourier,h168,2026-01-04T23:00:00,2026-01-18T23:00:00,2026-02-15T23:00:00,,,42.0
2026-01-31 09:00:00,47.0,-58.85732901016574,1.0,"Tema Community 7, Royal School",tabular,ridge_ar_lag_fourier,h168,2026-01-04T23:00:00,2026-01-18T23:00:00,2026-02-15T23:00:00,,,42.0
2026-01-31 10:00:00,49.3,-61.31610970016729,1.0,"Tema Community 7, Royal School",tabular,ridge_ar_lag_fourier,h168,2026-01-04T23:00:00,2026-01-18T23:00:00,2026-02-15T23:00:00,,,42.0
2026-01-31 11:00:00,42.4,-63.63614224968805,1.0,"Tema Community 7, Royal School",tabular,ridge_ar_lag_fourier,h168,2026-01-04T23:00:00,2026-01-18T23:00:00,2026-02-15T23:00:00,,,42.0
2026-01-31 12:00:00,37.9,-64.78324591151437,1.0,"Tema Community 7, Royal School",tabular,ridge_ar_lag_fourier,h168,2026-01-04T23:00:00,2026-01-18T23:00:00,2026-02-15T23:00:00,,,42.0
2026-01-31 13:00:00,36.2,-68.79979399231931,1.0,"Tema Community 7, Royal School",tabular,ridge_ar_lag_fourier,h168,2026-01-04T23:00:00,2026-01-18T23:00:00,2026-02-15T23:00:00,,,42.0
2026-01-31 14:00:00,38.3,-69.24008243027869,1.0,"Tema Community 7, Royal School",tabular,ridge_ar_lag_fourier,h168,2026-01-04T23:00:00,2026-01-18T23:00:00,2026-02-15T23:00:00,,,42.0
2026-01-31 15:00:00,37.9,-67.26792841350363,1.0,"Tema Community 7, Royal School",tabular,ridge_ar_lag_fourier,h168,2026-01-04T23:00:00,2026-01-18T23:00:00,2026-02-15T23:00:00,,,42.0
2026-01-31 16:00:00,35.9,-67.19451806238983,1.0,"Tema Community 7, Royal School",tabular,ridge_ar_lag_fourier,h168,2026-01-04T23:00:00,2026-01-18T23:00:00,2026-02-15T23:00:00,,,42.0
2026-01-31 17:00:00,36.8,-65.20458374870705,1.0,"Tema Community 7, Royal School",tabular,ridge_ar_lag_fourier,h168,2026-01-04T23:00:00,2026-01-18T23:00:00,2026-02-15T23:00:00,,,42.0
2026-01-31 18:00:00,37.5,-61.58205125278994,1.0,"Tema Community 7, Royal School",tabular,ridge_ar_lag_fourier,h168,2026-01-04T23:00:00,2026-01-18T23:00:00,2026-02-15T23:00:00,,,42.0
2026-01-31 19:00:00,38.3,-58.104894601009505,1.0,"Tema Community 7, Royal School",tabular,ridge_ar_lag_fourier,h168,2026-01-04T23:00:00,2026-01-18T23:00:00,2026-02-15T23:00:00,,,42.0
2026-01-31 20:00:00,37.7,-61.555074979332346,1.0,"Tema Community 7, Royal School",tabular,ridge_ar_lag_fourier,h168,2026-01-04T23:00:00,2026-01-18T23:00:00,2026-02-15T23:00:00,,,42.0
2026-01-31 21:00:00,48.1,-61.544398642212286,1.0,"Tema Community 7, Royal School",tabular,ridge_ar_lag_fourier,h168,2026-01-04T23:00:00,2026-01-18T23:00:00,2026-02-15T23:00:00,,,42.0
2026-01-31 22:00:00,42.2,-61.26118460418729,1.0,"Tema Community 7, Royal School",tabular,ridge_ar_lag_fourier,h168,2026-01-04T23:00:00,2026-01-18T23:00:00,2026-02-15T23:00:00,,,42.0
2026-01-31 23:00:00,44.8,-62.116532897831846,1.0,"Tema Community 7, Royal School",tabular,ridge_ar_lag_fourier,h168,2026-01-04T23:00:00,2026-01-18T23:00:00,2026-02-15T23:00:00,,,42.0
2026-02-01 00:00:00,44.9,-57.39167550244689,1.0,"Tema Community 7, Royal School",tabular,ridge_ar_lag_fourier,h168,2026-01-04T23:00:00,2026-01-18T23:00:00,2026-02-15T23:00:00,,,42.0
2026-02-01 01:00:00,39.0,-57.08653720092228,1.0,"Tema Community 7, Royal School",tabular,ridge_ar_lag_fourier,h168,2026-01-04T23:00:00,2026-01-18T23:00:00,2026-02-15T23:00:00,,,42.0
2026-02-01 02:00:00,34.8,-58.96081803262223,1.0,"Tema Community 7, Royal School",tabular,ridge_ar_lag_fourier,h168,2026-01-04T23:00:00,2026-01-18T23:00:00,2026-02-15T23:00:00,,,42.0
2026-02-01 03:00:00,34.6,-58.80067679060619,1.0,"Tema Community 7, Royal School",tabular,ridge_ar_lag_fourier,h168,2026-01-04T23:00:00,2026-01-18T23:00:00,2026-02-15T23:00:00,,,42.0
2026-02-01 04:00:00,34.4,-45.40479771567229,1.0,"Tema Community 7, Royal School",tabular,ridge_ar_lag_fourier,h168,2026-01-04T23:00:00,2026-01-18T23:00:00,2026-02-15T23:00:00,,,42.0
2026-02-01 05:00:00,42.3,-42.07473602075993,1.0,"Tema Community 7, Royal School",tabular,ridge_ar_lag_fourier,h168,2026-01-04T23:00:00,2026-01-18T23:00:00,2026-02-15T23:00:00,,,42.0
2026-02-01 06:00:00,60.4,-44.011963224029984,1.0,"Tema Community 7, Royal School",tabular,ridge_ar_lag_fourier,h168,2026-01-04T23:00:00,2026-01-18T23:00:00,2026-02-15T23:00:00,,,42.0
2026-02-01 07:00:00,61.9,-45.88789886307751,1.0,"Tema Community 7, Royal School",tabular,ridge_ar_lag_fourier,h168,2026-01-04T23:00:00,2026-01-18T23:00:00,2026-02-15T23:00:00,,,42.0
2026-02-01 08:00:00,56.2,-54.06714668752255,1.0,"Tema Community 7, Royal School",tabular,ridge_ar_lag_fourier,h168,2026-01-04T23:00:00,2026-01-18T23:00:00,2026-02-15T23:00:00,,,42.0
2026-02-01 09:00:00,46.3,-59.782338698425235,1.0,"Tema Community 7, Royal School",tabular,ridge_ar_lag_fourier,h168,2026-01-04T23:00:00,2026-01-18T23:00:00,2026-02-15T23:00:00,,,42.0
2026-02-01 10:00:00,44.1,-60.431516585967046,1.0,"Tema Community 7, Royal School",tabular,ridge_ar_lag_fourier,h168,2026-01-04T23:00:00,2026-01-18T23:00:00,2026-02-15T23:00:00,,,42.0
2026-02-01 11:00:00,36.4,-62.457278879899064,1.0,"Tema Community 7, Royal School",tabular,ridge_ar_lag_fourier,h168,2026-01-04T23:00:00,2026-01-18T23:00:00,2026-02-15T23:00:00,,,42.0
2026-02-01 12:00:00,34.4,-62.995580643529564,1.0,"Tema Community 7, Royal School",tabular,ridge_ar_lag_fourier,h168,2026-01-04T23:00:00,2026-01-18T23:00:00,2026-02-15T23:00:00,,,42.0
2026-02-01 13:00:00,33.9,-65.86856249866325,1.0,"Tema Community 7, Royal School",tabular,ridge_ar_lag_fourier,h168,2026-01-04T23:00:00,2026-01-18T23:00:00,2026-02-15T23:00:00,,,42.0
2026-02-01 14:00:00,31.8,-67.51040491574999,1.0,"Tema Community 7, Royal School",tabular,ridge_ar_lag_fourier,h168,2026-01-04T23:00:00,2026-01-18T23:00:00,2026-02-15T23:00:00,,,42.0
2026-02-01 15:00:00,38.7,-67.64437866428068,1.0,"Tema Community 7, Royal School",tabular,ridge_ar_lag_fourier,h168,2026-01-04T23:00:00,2026-01-18T23:00:00,2026-02-15T23:00:00,,,42.0
2026-02-01 16:00:00,36.3,-67.70891016000044,1.0,"Tema Community 7, Royal School",tabular,ridge_ar_lag_fourier,h168,2026-01-04T23:00:00,2026-01-18T23:00:00,2026-02-15T23:00:00,,,42.0
2026-02-01 17:00:00,41.3,-68.36035449000177,1.0,"Tema Community 7, Royal School",tabular,ridge_ar_lag_fourier,h168,2026-01-04T23:00:00,2026-01-18T23:00:00,2026-02-15T23:00:00,,,42.0
2026-02-01 18:00:00,46.2,-65.79233030740097,1.0,"Tema Community 7, Royal School",tabular,ridge_ar_lag_fourier,h168,2026-01-04T23:00:00,2026-01-18T23:00:00,2026-02-15T23:00:00,,,42.0
2026-02-01 19:00:00,51.9,-64.02285784970405,1.0,"Tema Community 7, Royal School",tabular,ridge_ar_lag_fourier,h168,2026-01-04T23:00:00,2026-01-18T23:00:00,2026-02-15T23:00:00,,,42.0
2026-02-01 20:00:00,41.8,-65.78749493208144,1.0,"Tema Community 7, Royal School",tabular,ridge_ar_lag_fourier,h168,2026-01-04T23:00:00,2026-01-18T23:00:00,2026-02-15T23:00:00,,,42.0
2026-02-01 21:00:00,39.8,-63.43885061771195,1.0,"Tema Community 7, Royal School",tabular,ridge_ar_lag_fourier,h168,2026-01-04T23:00:00,2026-01-18T23:00:00,2026-02-15T23:00:00,,,42.0
2026-02-01 22:00:00,43.1,-64.77533926112882,1.0,"Tema Community 7, Royal School",tabular,ridge_ar_lag_fourier,h168,2026-01-04T23:00:00,2026-01-18T23:00:00,2026-02-15T23:00:00,,,42.0
2026-02-01 23:00:00,43.7,-66.43687648203493,1.0,"Tema Community 7, Royal School",tabular,ridge_ar_lag_fourier,h168,2026-01-04T23:00:00,2026-01-18T23:00:00,2026-02-15T23:00:00,,,42.0
2026-02-02 00:00:00,48.3,-54.31544730109812,1.0,"Tema Community 7, Royal School",tabular,ridge_ar_lag_fourier,h168,2026-01-04T23:00:00,2026-01-18T23:00:00,2026-02-15T23:00:00,,,42.0
2026-02-02 01:00:00,34.9,-54.51888389751443,1.0,"Tema Community 7, Royal School",tabular,ridge_ar_lag_fourier,h168,2026-01-04T23:00:00,2026-01-18T23:00:00,2026-02-15T23:00:00,,,42.0
2026-02-02 02:00:00,38.2,-56.856632246769664,1.0,"Tema Community 7, Royal School",tabular,ridge_ar_lag_fourier,h168,2026-01-04T23:00:00,2026-01-18T23:00:00,2026-02-15T23:00:00,,,42.0
2026-02-02 03:00:00,66.6,-53.051492413770376,1.0,"Tema Community 7, Royal School",tabular,ridge_ar_lag_fourier,h168,2026-01-04T23:00:00,2026-01-18T23:00:00,2026-02-15T23:00:00,,,42.0
2026-02-02 04:00:00,47.0,-44.24516884697613,1.0,"Tema Community 7, Royal School",tabular,ridge_ar_lag_fourier,h168,2026-01-04T23:00:00,2026-01-18T23:00:00,2026-02-15T23:00:00,,,42.0
2026-02-02 05:00:00,52.8,-41.774560788953096,1.0,"Tema Community 7, Royal School",tabular,ridge_ar_lag_fourier,h168,2026-01-04T23:00:00,2026-01-18T23:00:00,2026-02-15T23:00:00,,,42.0
2026-02-02 06:00:00,73.8,-39.728391017562274,1.0,"Tema Community 7, Royal School",tabular,ridge_ar_lag_fourier,h168,2026-01-04T23:00:00,2026-01-18T23:00:00,2026-02-15T23:00:00,,,42.0
2026-02-02 07:00:00,55.6,-38.806186217097064,1.0,"Tema Community 7, Royal School",tabular,ridge_ar_lag_fourier,h168,2026-01-04T23:00:00,2026-01-18T23:00:00,2026-02-15T23:00:00,,,42.0
2026-02-02 08:00:00,69.7,-53.09427053502293,1.0,"Tema Community 7, Royal School",tabular,ridge_ar_lag_fourier,h168,2026-01-04T23:00:00,2026-01-18T23:00:00,2026-02-15T23:00:00,,,42.0
2026-02-02 09:00:00,46.1,-57.71837856844691,1.0,"Tema Community 7, Royal School",tabular,ridge_ar_lag_fourier,h168,2026-01-04T23:00:00,2026-01-18T23:00:00,2026-02-15T23:00:00,,,42.0
2026-02-02 10:00:00,34.9,-59.14156101971173,1.0,"Tema Community 7, Royal School",tabular,ridge_ar_lag_fourier,h168,2026-01-04T23:00:00,2026-01-18T23:00:00,2026-02-15T23:00:00,,,42.0
2026-02-02 11:00:00,31.1,-59.82554272316105,1.0,"Tema Community 7, Royal School",tabular,ridge_ar_lag_fourier,h168,2026-01-04T23:00:00,2026-01-18T23:00:00,2026-02-15T23:00:00,,,42.0
2026-02-02 12:00:00,29.9,-60.86612882337462,1.0,"Tema Community 7, Royal School",tabular,ridge_ar_lag_fourier,h168,2026-01-04T23:00:00,2026-01-18T23:00:00,2026-02-15T23:00:00,,,42.0
2026-02-02 13:00:00,28.9,-65.13040380228183,1.0,"Tema Community 7, Royal School",tabular,ridge_ar_lag_fourier,h168,2026-01-04T23:00:00,2026-01-18T23:00:00,2026-02-15T23:00:00,,,42.0
2026-02-02 14:00:00,30.4,-66.79130597795562,1.0,"Tema Community 7, Royal School",tabular,ridge_ar_lag_fourier,h168,2026-01-04T23:00:00,2026-01-18T23:00:00,2026-02-15T23:00:00,,,42.0
2026-02-02 15:00:00,37.1,-67.08283654506988,1.0,"Tema Community 7, Royal School",tabular,ridge_ar_lag_fourier,h168,2026-01-04T23:00:00,2026-01-18T23:00:00,2026-02-15T23:00:00,,,42.0
2026-02-02 16:00:00,37.4,-68.57432423446834,1.0,"Tema Community 7, Royal School",tabular,ridge_ar_lag_fourier,h168,2026-01-04T23:00:00,2026-01-18T23:00:00,2026-02-15T23:00:00,,,42.0
2026-02-02 17:00:00,36.7,-67.80702300502115,1.0,"Tema Community 7, Royal School",tabular,ridge_ar_lag_fourier,h168,2026-01-04T23:00:00,2026-01-18T23:00:00,2026-02-15T23:00:00,,,42.0
2026-02-02 18:00:00,44.1,-63.38564052673084,1.0,"Tema Community 7, Royal School",tabular,ridge_ar_lag_fourier,h168,2026-01-04T23:00:00,2026-01-18T23:00:00,2026-02-15T23:00:00,,,42.0
2026-02-02 19:00:00,60.5,-63.109600761356546,1.0,"Tema Community 7, Royal School",tabular,ridge_ar_lag_fourier,h168,2026-01-04T23:00:00,2026-01-18T23:00:00,2026-02-15T23:00:00,,,42.0
2026-02-02 20:00:00,38.9,-65.59015600874258,1.0,"Tema Community 7, Royal School",tabular,ridge_ar_lag_fourier,h168,2026-01-04T23:00:00,2026-01-18T23:00:00,2026-02-15T23:00:00,,,42.0
2026-02-02 21:00:00,42.6,-62.02196431803573,1.0,"Tema Community 7, Royal School",tabular,ridge_ar_lag_fourier,h168,2026-01-04T23:00:00,2026-01-18T23:00:00,2026-02-15T23:00:00,,,42.0
2026-02-02 22:00:00,50.5,-62.65730226789884,1.0,"Tema Community 7, Royal School",tabular,ridge_ar_lag_fourier,h168,2026-01-04T23:00:00,2026-01-18T23:00:00,2026-02-15T23:00:00,,,42.0
2026-02-02 23:00:00,59.7,-61.05723247004876,1.0,"Tema Community 7, Royal School",tabular,ridge_ar_lag_fourier,h168,2026-01-04T23:00:00,2026-01-18T23:00:00,2026-02-15T23:00:00,,,42.0
2026-02-03 00:00:00,56.7,-57.189475513716246,1.0,"Tema Community 7, Royal School",tabular,ridge_ar_lag_fourier,h168,2026-01-04T23:00:00,2026-01-18T23:00:00,2026-02-15T23:00:00,,,42.0
2026-02-03 01:00:00,76.9,-56.33940789413833,1.0,"Tema Community 7, Royal School",tabular,ridge_ar_lag_fourier,h168,2026-01-04T23:00:00,2026-01-18T23:00:00,2026-02-15T23:00:00,,,42.0
2026-02-03 02:00:00,49.9,-59.13509686670295,1.0,"Tema Community 7, Royal School",tabular,ridge_ar_lag_fourier,h168,2026-01-04T23:00:00,2026-01-18T23:00:00,2026-02-15T23:00:00,,,42.0
2026-02-03 03:00:00,43.2,-55.24723004703809,1.0,"Tema Community 7, Royal School",tabular,ridge_ar_lag_fourier,h168,2026-01-04T23:00:00,2026-01-18T23:00:00,2026-02-15T23:00:00,,,42.0
2026-02-03 04:00:00,42.8,-41.20944353168892,1.0,"Tema Community 7, Royal School",tabular,ridge_ar_lag_fourier,h168,2026-01-04T23:00:00,2026-01-18T23:00:00,2026-02-15T23:00:00,,,42.0
2026-02-03 05:00:00,49.9,-36.56576513081849,1.0,"Tema Community 7, Royal School",tabular,ridge_ar_lag_fourier,h168,2026-01-04T23:00:00,2026-01-18T23:00:00,2026-02-15T23:00:00,,,42.0
2026-02-03 06:00:00,51.8,-33.683205909856596,1.0,"Tema Community 7, Royal School",tabular,ridge_ar_lag_fourier,h168,2026-01-04T23:00:00,2026-01-18T23:00:00,2026-02-15T23:00:00,,,42.0
2026-02-03 07:00:00,61.3,-38.490714198978395,1.0,"Tema Community 7, Royal School",tabular,ridge_ar_lag_fourier,h168,2026-01-04T23:00:00,2026-01-18T23:00:00,2026-02-15T23:00:00,,,42.0
2026-02-03 08:00:00,37.8,-53.631237795591616,1.0,"Tema Community 7, Royal School",tabular,ridge_ar_lag_fourier,h168,2026-01-04T23:00:00,2026-01-18T23:00:00,2026-02-15T23:00:00,,,42.0
2026-02-03 09:00:00,43.1,-62.49596253835412,1.0,"Tema Community 7, Royal School",tabular,ridge_ar_lag_fourier,h168,2026-01-04T23:00:00,2026-01-18T23:00:00,2026-02-15T23:00:00,,,42.0
2026-02-03 10:00:00,41.6,-62.26745553450584,1.0,"Tema Community 7, Royal School",tabular,ridge_ar_lag_fourier,h168,2026-01-04T23:00:00,2026-01-18T23:00:00,2026-02-15T23:00:00,,,42.0
2026-02-03 11:00:00,47.4,-62.70495287361206,1.0,"Tema Community 7, Royal School",tabular,ridge_ar_lag_fourier,h168,2026-01-04T23:00:00,2026-01-18T23:00:00,2026-02-15T23:00:00,,,42.0
2026-02-03 12:00:00,36.7,-63.376461741872035,1.0,"Tema Community 7, Royal School",tabular,ridge_ar_lag_fourier,h168,2026-01-04T23:00:00,2026-01-18T23:00:00,2026-02-15T23:00:00,,,42.0
2026-02-03 13:00:00,36.9,-67.99856609987722,1.0,"Tema Community 7, Royal School",tabular,ridge_ar_lag_fourier,h168,2026-01-04T23:00:00,2026-01-18T23:00:00,2026-02-15T23:00:00,,,42.0
2026-02-03 14:00:00,36.2,-69.18902349555634,1.0,"Tema Community 7, Royal School",tabular,ridge_ar_lag_fourier,h168,2026-01-04T23:00:00,2026-01-18T23:00:00,2026-02-15T23:00:00,,,42.0
2026-02-03 15:00:00,39.4,-70.55047010354306,1.0,"Tema Community 7, Royal School",tabular,ridge_ar_lag_fourier,h168,2026-01-04T23:00:00,2026-01-18T23:00:00,2026-02-15T23:00:00,,,42.0
2026-02-03 16:00:00,35.7,-71.27431087311385,1.0,"Tema Community 7, Royal School",tabular,ridge_ar_lag_fourier,h168,2026-01-04T23:00:00,2026-01-18T23:00:00,2026-02-15T23:00:00,,,42.0
2026-02-03 17:00:00,30.9,-68.97087708145088,1.0,"Tema Community 7, Royal School",tabular,ridge_ar_lag_fourier,h168,2026-01-04T23:00:00,2026-01-18T23:00:00,2026-02-15T23:00:00,,,42.0
2026-02-03 18:00:00,41.1,-65.7695908311253,1.0,"Tema Community 7, Royal School",tabular,ridge_ar_lag_fourier,h168,2026-01-04T23:00:00,2026-01-18T23:00:00,2026-02-15T23:00:00,,,42.0
2026-02-03 19:00:00,51.3,-64.15219163413326,1.0,"Tema Community 7, Royal School",tabular,ridge_ar_lag_fourier,h168,2026-01-04T23:00:00,2026-01-18T23:00:00,2026-02-15T23:00:00,,,42.0
2026-02-03 20:00:00,71.8,-66.09994330641473,1.0,"Tema Community 7, Royal School",tabular,ridge_ar_lag_fourier,h168,2026-01-04T23:00:00,2026-01-18T23:00:00,2026-02-15T23:00:00,,,42.0
2026-02-03 21:00:00,70.6,-63.939453669536505,1.0,"Tema Community 7, Royal School",tabular,ridge_ar_lag_fourier,h168,2026-01-04T23:00:00,2026-01-18T23:00:00,2026-02-15T23:00:00,,,42.0
2026-02-03 22:00:00,51.9,-62.370490714394236,1.0,"Tema Community 7, Royal School",tabular,ridge_ar_lag_fourier,h168,2026-01-04T23:00:00,2026-01-18T23:00:00,2026-02-15T23:00:00,,,42.0
2026-02-03 23:00:00,44.1,-63.58057244011802,1.0,"Tema Community 7, Royal School",tabular,ridge_ar_lag_fourier,h168,2026-01-04T23:00:00,2026-01-18T23:00:00,2026-02-15T23:00:00,,,42.0
2026-02-04 00:00:00,54.3,-60.052165236960846,1.0,"Tema Community 7, Royal School",tabular,ridge_ar_lag_fourier,h168,2026-01-04T23:00:00,2026-01-18T23:00:00,2026-02-15T23:00:00,,,42.0
2026-02-04 01:00:00,41.9,-59.938224253352345,1.0,"Tema Community 7, Royal School",tabular,ridge_ar_lag_fourier,h168,2026-01-04T23:00:00,2026-01-18T23:00:00,2026-02-15T23:00:00,,,42.0
2026-02-04 02:00:00,37.3,-59.512863970006634,1.0,"Tema Community 7, Royal School",tabular,ridge_ar_lag_fourier,h168,2026-01-04T23:00:00,2026-01-18T23:00:00,2026-02-15T23:00:00,,,42.0
2026-02-04 03:00:00,44.3,-57.80769941754188,1.0,"Tema Community 7, Royal School",tabular,ridge_ar_lag_fourier,h168,2026-01-04T23:00:00,2026-01-18T23:00:00,2026-02-15T23:00:00,,,42.0
2026-02-04 04:00:00,55.4,-41.7308662598826,1.0,"Tema Community 7, Royal School",tabular,ridge_ar_lag_fourier,h168,2026-01-04T23:00:00,2026-01-18T23:00:00,2026-02-15T23:00:00,,,42.0
2026-02-04 05:00:00,86.9,-30.914901895097824,1.0,"Tema Community 7, Royal School",tabular,ridge_ar_lag_fourier,h168,2026-01-04T23:00:00,2026-01-18T23:00:00,2026-02-15T23:00:00,,,42.0
2026-02-04 06:00:00,93.6,-29.88873917608186,1.0,"Tema Community 7, Royal School",tabular,ridge_ar_lag_fourier,h168,2026-01-04T23:00:00,2026-01-18T23:00:00,2026-02-15T23:00:00,,,42.0
2026-02-04 07:00:00,86.1,-40.91557848934082,1.0,"Tema Community 7, Royal School",tabular,ridge_ar_lag_fourier,h168,2026-01-04T23:00:00,2026-01-18T23:00:00,2026-02-15T23:00:00,,,42.0
2026-02-04 08:00:00,62.2,-54.880520428650925,1.0,"Tema Community 7, Royal School",tabular,ridge_ar_lag_fourier,h168,2026-01-04T23:00:00,2026-01-18T23:00:00,2026-02-15T23:00:00,,,42.0
2026-02-04 09:00:00,68.6,-63.206670589791216,1.0,"Tema Community 7, Royal School",tabular,ridge_ar_lag_fourier,h168,2026-01-04T23:00:00,2026-01-18T23:00:00,2026-02-15T23:00:00,,,42.0
2026-02-04 10:00:00,53.2,-64.23882145994848,1.0,"Tema Community 7, Royal School",tabular,ridge_ar_lag_fourier,h168,2026-01-04T23:00:00,2026-01-18T23:00:00,2026-02-15T23:00:00,,,42.0
2026-02-04 11:00:00,54.6,-62.87546385463102,1.0,"Tema Community 7, Royal School",tabular,ridge_ar_lag_fourier,h168,2026-01-04T23:00:00,2026-01-18T23:00:00,2026-02-15T23:00:00,,,42.0
2026-02-04 12:00:00,38.3,-64.11864189289746,1.0,"Tema Community 7, Royal School",tabular,ridge_ar_lag_fourier,h168,2026-01-04T23:00:00,2026-01-18T23:00:00,2026-02-15T23:00:00,,,42.0
2026-02-04 13:00:00,35.4,-68.74687381900388,1.0,"Tema Community 7, Royal School",tabular,ridge_ar_lag_fourier,h168,2026-01-04T23:00:00,2026-01-18T23:00:00,2026-02-15T23:00:00,,,42.0
2026-02-04 14:00:00,32.6,-70.0185610265664,1.0,"Tema Community 7, Royal School",tabular,ridge_ar_lag_fourier,h168,2026-01-04T23:00:00,2026-01-18T23:00:00,2026-02-15T23:00:00,,,42.0
2026-02-04 15:00:00,31.2,-70.13347740699999,1.0,"Tema Community 7, Royal School",tabular,ridge_ar_lag_fourier,h168,2026-01-04T23:00:00,2026-01-18T23:00:00,2026-02-15T23:00:00,,,42.0
2026-02-04 16:00:00,24.0,-72.05512329799879,1.0,"Tema Community 7, Royal School",tabular,ridge_ar_lag_fourier,h168,2026-01-04T23:00:00,2026-01-18T23:00:00,2026-02-15T23:00:00,,,42.0
2026-02-04 17:00:00,27.6,-69.3412323166608,1.0,"Tema Community 7, Royal School",tabular,ridge_ar_lag_fourier,h168,2026-01-04T23:00:00,2026-01-18T23:00:00,2026-02-15T23:00:00,,,42.0
2026-02-04 18:00:00,26.2,-67.97285991747977,1.0,"Tema Community 7, Royal School",tabular,ridge_ar_lag_fourier,h168,2026-01-04T23:00:00,2026-01-18T23:00:00,2026-02-15T23:00:00,,,42.0
2026-02-04 19:00:00,26.1,-68.75947853920579,1.0,"Tema Community 7, Royal School",tabular,ridge_ar_lag_fourier,h168,2026-01-04T23:00:00,2026-01-18T23:00:00,2026-02-15T23:00:00,,,42.0
2026-02-04 20:00:00,17.6,-69.99761123526548,1.0,"Tema Community 7, Royal School",tabular,ridge_ar_lag_fourier,h168,2026-01-04T23:00:00,2026-01-18T23:00:00,2026-02-15T23:00:00,,,42.0
2026-02-04 21:00:00,26.8,-68.1140307798089,1.0,"Tema Community 7, Royal School",tabular,ridge_ar_lag_fourier,h168,2026-01-04T23:00:00,2026-01-18T23:00:00,2026-02-15T23:00:00,,,42.0
2026-02-04 22:00:00,31.4,-67.43929875904394,1.0,"Tema Community 7, Royal School",tabular,ridge_ar_lag_fourier,h168,2026-01-04T23:00:00,2026-01-18T23:00:00,2026-02-15T23:00:00,,,42.0
2026-02-04 23:00:00,41.8,-64.83065750693225,1.0,"Tema Community 7, Royal School",tabular,ridge_ar_lag_fourier,h168,2026-01-04T23:00:00,2026-01-18T23:00:00,2026-02-15T23:00:00,,,42.0
2026-02-05 00:00:00,42.2,-51.05999553341866,1.0,"Tema Community 7, Royal School",tabular,ridge_ar_lag_fourier,h168,2026-01-04T23:00:00,2026-01-18T23:00:00,2026-02-15T23:00:00,,,42.0
2026-02-05 01:00:00,52.7,-56.57536473694253,1.0,"Tema Community 7, Royal School",tabular,ridge_ar_lag_fourier,h168,2026-01-04T23:00:00,2026-01-18T23:00:00,2026-02-15T23:00:00,,,42.0
2026-02-05 02:00:00,46.2,-52.866621754925376,1.0,"Tema Community 7, Royal School",tabular,ridge_ar_lag_fourier,h168,2026-01-04T23:00:00,2026-01-18T23:00:00,2026-02-15T23:00:00,,,42.0
2026-02-05 03:00:00,41.3,-51.74615945894547,1.0,"Tema Community 7, Royal School",tabular,ridge_ar_lag_fourier,h168,2026-01-04T23:00:00,2026-01-18T23:00:00,2026-02-15T23:00:00,,,42.0
2026-02-05 04:00:00,36.6,-52.55276678658038,1.0,"Tema Community 7, Royal School",tabular,ridge_ar_lag_fourier,h168,2026-01-04T23:00:00,2026-01-18T23:00:00,2026-02-15T23:00:00,,,42.0
2026-02-05 05:00:00,54.7,-51.2474914377394,1.0,"Tema Community 7, Royal School",tabular,ridge_ar_lag_fourier,h168,2026-01-04T23:00:00,2026-01-18T23:00:00,2026-02-15T23:00:00,,,42.0
2026-02-05 06:00:00,62.3,-39.21940210736818,1.0,"Tema Community 7, Royal School",tabular,ridge_ar_lag_fourier,h168,2026-01-04T23:00:00,2026-01-18T23:00:00,2026-02-15T23:00:00,,,42.0
2026-02-05 07:00:00,44.9,-43.02814725869595,1.0,"Tema Community 7, Royal School",tabular,ridge_ar_lag_fourier,h168,2026-01-04T23:00:00,2026-01-18T23:00:00,2026-02-15T23:00:00,,,42.0
2026-02-05 08:00:00,33.6,-59.52725660400306,1.0,"Tema Community 7, Royal School",tabular,ridge_ar_lag_fourier,h168,2026-01-04T23:00:00,2026-01-18T23:00:00,2026-02-15T23:00:00,,,42.0
2026-02-05 09:00:00,27.2,-63.77205601944502,1.0,"Tema Community 7, Royal School",tabular,ridge_ar_lag_fourier,h168,2026-01-04T23:00:00,2026-01-18T23:00:00,2026-02-15T23:00:00,,,42.0
2026-02-05 10:00:00,22.3,-62.972632600617644,1.0,"Tema Community 7, Royal School",tabular,ridge_ar_lag_fourier,h168,2026-01-04T23:00:00,2026-01-18T23:00:00,2026-02-15T23:00:00,,,42.0
2026-02-05 11:00:00,19.5,-63.034490673104045,1.0,"Tema Community 7, Royal School",tabular,ridge_ar_lag_fourier,h168,2026-01-04T23:00:00,2026-01-18T23:00:00,2026-02-15T23:00:00,,,42.0
2026-02-05 12:00:00,20.5,-66.03980816531586,1.0,"Tema Community 7, Royal School",tabular,ridge_ar_lag_fourier,h168,2026-01-04T23:00:00,2026-01-18T23:00:00,2026-02-15T23:00:00,,,42.0
2026-02-05 13:00:00,19.7,-68.1378325628699,1.0,"Tema Community 7, Royal School",tabular,ridge_ar_lag_fourier,h168,2026-01-04T23:00:00,2026-01-18T23:00:00,2026-02-15T23:00:00,,,42.0
2026-02-05 14:00:00,23.2,-70.62859377802889,1.0,"Tema Community 7, Royal School",tabular,ridge_ar_lag_fourier,h168,2026-01-04T23:00:00,2026-01-18T23:00:00,2026-02-15T23:00:00,,,42.0
2026-02-05 15:00:00,36.7,-71.23921002269357,1.0,"Tema Community 7, Royal School",tabular,ridge_ar_lag_fourier,h168,2026-01-04T23:00:00,2026-01-18T23:00:00,2026-02-15T23:00:00,,,42.0
2026-02-05 16:00:00,30.8,-72.26250777578053,1.0,"Tema Community 7, Royal School",tabular,ridge_ar_lag_fourier,h168,2026-01-04T23:00:00,2026-01-18T23:00:00,2026-02-15T23:00:00,,,42.0
2026-02-05 17:00:00,27.9,-71.22586839685331,1.0,"Tema Community 7, Royal School",tabular,ridge_ar_lag_fourier,h168,2026-01-04T23:00:00,2026-01-18T23:00:00,2026-02-15T23:00:00,,,42.0
2026-02-05 18:00:00,28.1,-69.22275813854806,1.0,"Tema Community 7, Royal School",tabular,ridge_ar_lag_fourier,h168,2026-01-04T23:00:00,2026-01-18T23:00:00,2026-02-15T23:00:00,,,42.0
2026-02-05 19:00:00,31.2,-69.97774411281546,1.0,"Tema Community 7, Royal School",tabular,ridge_ar_lag_fourier,h168,2026-01-04T23:00:00,2026-01-18T23:00:00,2026-02-15T23:00:00,,,42.0
2026-02-05 20:00:00,44.4,-69.47957814223443,1.0,"Tema Community 7, Royal School",tabular,ridge_ar_lag_fourier,h168,2026-01-04T23:00:00,2026-01-18T23:00:00,2026-02-15T23:00:00,,,42.0
2026-02-05 21:00:00,27.9,-67.51059482091455,1.0,"Tema Community 7, Royal School",tabular,ridge_ar_lag_fourier,h168,2026-01-04T23:00:00,2026-01-18T23:00:00,2026-02-15T23:00:00,,,42.0
2026-02-05 22:00:00,25.6,-66.69411723838763,1.0,"Tema Community 7, Royal School",tabular,ridge_ar_lag_fourier,h168,2026-01-04T23:00:00,2026-01-18T23:00:00,2026-02-15T23:00:00,,,42.0
2026-02-05 23:00:00,26.7,-64.50626239915817,1.0,"Tema Community 7, Royal School",tabular,ridge_ar_lag_fourier,h168,2026-01-04T23:00:00,2026-01-18T23:00:00,2026-02-15T23:00:00,,,42.0
2026-02-06 00:00:00,25.2,-56.137949234762175,1.0,"Tema Community 7, Royal School",tabular,ridge_ar_lag_fourier,h168,2026-01-04T23:00:00,2026-01-18T23:00:00,2026-02-15T23:00:00,,,42.0
2026-02-06 01:00:00,22.5,-57.90659090357798,1.0,"Tema Community 7, Royal School",tabular,ridge_ar_lag_fourier,h168,2026-01-04T23:00:00,2026-01-18T23:00:00,2026-02-15T23:00:00,,,42.0
2026-02-06 02:00:00,21.8,-58.865067277389855,1.0,"Tema Community 7, Royal School",tabular,ridge_ar_lag_fourier,h168,2026-01-04T23:00:00,2026-01-18T23:00:00,2026-02-15T23:00:00,,,42.0
2026-02-06 03:00:00,29.9,-58.1744886479521,1.0,"Tema Community 7, Royal School",tabular,ridge_ar_lag_fourier,h168,2026-01-04T23:00:00,2026-01-18T23:00:00,2026-02-15T23:00:00,,,42.0
2026-02-06 04:00:00,31.3,-54.07003222416827,1.0,"Tema Community 7, Royal School",tabular,ridge_ar_lag_fourier,h168,2026-01-04T23:00:00,2026-01-18T23:00:00,2026-02-15T23:00:00,,,42.0
2026-02-06 05:00:00,34.2,-48.85451885997222,1.0,"Tema Community 7, Royal School",tabular,ridge_ar_lag_fourier,h168,2026-01-04T23:00:00,2026-01-18T23:00:00,2026-02-15T23:00:00,,,42.0
2026-02-06 06:00:00,67.8,-34.72762586017814,1.0,"Tema Community 7, Royal School",tabular,ridge_ar_lag_fourier,h168,2026-01-04T23:00:00,2026-01-18T23:00:00,2026-02-15T23:00:00,,,42.0
2026-02-06 07:00:00,74.9,-42.485895793337576,1.0,"Tema Community 7, Royal School",tabular,ridge_ar_lag_fourier,h168,2026-01-04T23:00:00,2026-01-18T23:00:00,2026-02-15T23:00:00,,,42.0
2026-02-06 08:00:00,43.4,-56.45830238501932,1.0,"Tema Community 7, Royal School",tabular,ridge_ar_lag_fourier,h168,2026-01-04T23:00:00,2026-01-18T23:00:00,2026-02-15T23:00:00,,,42.0
2026-02-06 09:00:00,36.3,-62.48844916149814,1.0,"Tema Community 7, Royal School",tabular,ridge_ar_lag_fourier,h168,2026-01-04T23:00:00,2026-01-18T23:00:00,2026-02-15T23:00:00,,,42.0
2026-02-06 10:00:00,29.8,-62.377338327231556,1.0,"Tema Community 7, Royal School",tabular,ridge_ar_lag_fourier,h168,2026-01-04T23:00:00,2026-01-18T23:00:00,2026-02-15T23:00:00,,,42.0
2026-02-06 11:00:00,22.9,-63.85875935796028,1.0,"Tema Community 7, Royal School",tabular,ridge_ar_lag_fourier,h168,2026-01-04T23:00:00,2026-01-18T23:00:00,2026-02-15T23:00:00,,,42.0
2026-02-06 12:00:00,22.3,-66.03970712339633,1.0,"Tema Community 7, Royal School",tabular,ridge_ar_lag_fourier,h168,2026-01-04T23:00:00,2026-01-18T23:00:00,2026-02-15T23:00:00,,,42.0
2026-02-06 13:00:00,19.5,-69.01163618630352,1.0,"Tema Community 7, Royal School",tabular,ridge_ar_lag_fourier,h168,2026-01-04T23:00:00,2026-01-18T23:00:00,2026-02-15T23:00:00,,,42.0
2026-02-06 14:00:00,21.5,-70.57116206508508,1.0,"Tema Community 7, Royal School",tabular,ridge_ar_lag_fourier,h168,2026-01-04T23:00:00,2026-01-18T23:00:00,2026-02-15T23:00:00,,,42.0
2026-02-06 15:00:00,22.8,-71.22042561142169,1.0,"Tema Community 7, Royal School",tabular,ridge_ar_lag_fourier,h168,2026-01-04T23:00:00,2026-01-18T23:00:00,2026-02-15T23:00:00,,,42.0
2026-02-06 16:00:00,22.9,-72.29172519099433,1.0,"Tema Community 7, Royal School",tabular,ridge_ar_lag_fourier,h168,2026-01-04T23:00:00,2026-01-18T23:00:00,2026-02-15T23:00:00,,,42.0
2026-02-06 17:00:00,31.5,-70.53047639131785,1.0,"Tema Community 7, Royal School",tabular,ridge_ar_lag_fourier,h168,2026-01-04T23:00:00,2026-01-18T23:00:00,2026-02-15T23:00:00,,,42.0
2026-02-06 18:00:00,37.6,-68.48652345727332,1.0,"Tema Community 7, Royal School",tabular,ridge_ar_lag_fourier,h168,2026-01-04T23:00:00,2026-01-18T23:00:00,2026-02-15T23:00:00,,,42.0
2026-02-06 19:00:00,31.7,-68.20646617401738,1.0,"Tema Community 7, Royal School",tabular,ridge_ar_lag_fourier,h168,2026-01-04T23:00:00,2026-01-18T23:00:00,2026-02-15T23:00:00,,,42.0
2026-02-06 20:00:00,46.3,-69.61144893195373,1.0,"Tema Community 7, Royal School",tabular,ridge_ar_lag_fourier,h168,2026-01-04T23:00:00,2026-01-18T23:00:00,2026-02-15T23:00:00,,,42.0
2026-02-06 21:00:00,30.5,-67.4574990189682,1.0,"Tema Community 7, Royal School",tabular,ridge_ar_lag_fourier,h168,2026-01-04T23:00:00,2026-01-18T23:00:00,2026-02-15T23:00:00,,,42.0
2026-02-06 22:00:00,39.0,-66.66421450171717,1.0,"Tema Community 7, Royal School",tabular,ridge_ar_lag_fourier,h168,2026-01-04T23:00:00,2026-01-18T23:00:00,2026-02-15T23:00:00,,,42.0
2026-02-06 23:00:00,28.1,-66.463569182069,1.0,"Tema Community 7, Royal School",tabular,ridge_ar_lag_fourier,h168,2026-01-04T23:00:00,2026-01-18T23:00:00,2026-02-15T23:00:00,,,42.0
2026-02-07 00:00:00,29.7,-59.97368789771636,1.0,"Tema Community 7, Royal School",tabular,ridge_ar_lag_fourier,h168,2026-01-04T23:00:00,2026-01-18T23:00:00,2026-02-15T23:00:00,,,42.0
2026-02-07 01:00:00,29.6,-61.30482310442977,1.0,"Tema Community 7, Royal School",tabular,ridge_ar_lag_fourier,h168,2026-01-04T23:00:00,2026-01-18T23:00:00,2026-02-15T23:00:00,,,42.0
2026-02-07 02:00:00,29.8,-60.147801755386055,1.0,"Tema Community 7, Royal School",tabular,ridge_ar_lag_fourier,h168,2026-01-04T23:00:00,2026-01-18T23:00:00,2026-02-15T23:00:00,,,42.0
2026-02-07 03:00:00,37.7,-61.199268488170645,1.0,"Tema Community 7, Royal School",tabular,ridge_ar_lag_fourier,h168,2026-01-04T23:00:00,2026-01-18T23:00:00,2026-02-15T23:00:00,,,42.0
2026-02-07 04:00:00,32.6,-57.059394255728876,1.0,"Tema Community 7, Royal School",tabular,ridge_ar_lag_fourier,h168,2026-01-04T23:00:00,2026-01-18T23:00:00,2026-02-15T23:00:00,,,42.0
2026-02-07 05:00:00,41.9,-50.02716898894502,1.0,"Tema Community 7, Royal School",tabular,ridge_ar_lag_fourier,h168,2026-01-04T23:00:00,2026-01-18T23:00:00,2026-02-15T23:00:00,,,42.0
2026-02-07 06:00:00,53.0,-37.58397378961146,1.0,"Tema Community 7, Royal School",tabular,ridge_ar_lag_fourier,h168,2026-01-04T23:00:00,2026-01-18T23:00:00,2026-02-15T23:00:00,,,42.0
2026-02-07 07:00:00,52.0,-40.02311422032366,1.0,"Tema Community 7, Royal School",tabular,ridge_ar_lag_fourier,h168,2026-01-04T23:00:00,2026-01-18T23:00:00,2026-02-15T23:00:00,,,42.0
2026-02-07 08:00:00,41.5,-56.35109003416804,1.0,"Tema Community 7, Royal School",tabular,ridge_ar_lag_fourier,h168,2026-01-04T23:00:00,2026-01-18T23:00:00,2026-02-15T23:00:00,,,42.0
2026-02-07 09:00:00,35.1,-62.522989354372456,1.0,"Tema Community 7, Royal School",tabular,ridge_ar_lag_fourier,h168,2026-01-04T23:00:00,2026-01-18T23:00:00,2026-02-15T23:00:00,,,42.0
2026-02-07 10:00:00,26.9,-65.78010602828732,1.0,"Tema Community 7, Royal School",tabular,ridge_ar_lag_fourier,h168,2026-01-04T23:00:00,2026-01-18T23:00:00,2026-02-15T23:00:00,,,42.0
2026-02-07 11:00:00,23.4,-64.62028768938055,1.0,"Tema Community 7, Royal School",tabular,ridge_ar_lag_fourier,h168,2026-01-04T23:00:00,2026-01-18T23:00:00,2026-02-15T23:00:00,,,42.0
2026-02-07 12:00:00,20.9,-67.34983665431798,1.0,"Tema Community 7, Royal School",tabular,ridge_ar_lag_fourier,h168,2026-01-04T23:00:00,2026-01-18T23:00:00,2026-02-15T23:00:00,,,42.0
2026-02-07 13:00:00,20.0,-71.08453561257879,1.0,"Tema Community 7, Royal School",tabular,ridge_ar_lag_fourier,h168,2026-01-04T23:00:00,2026-01-18T23:00:00,2026-02-15T23:00:00,,,42.0
2026-02-07 14:00:00,20.1,-73.47900988536419,1.0,"Tema Community 7, Royal School",tabular,ridge_ar_lag_fourier,h168,2026-01-04T23:00:00,2026-01-18T23:00:00,2026-02-15T23:00:00,,,42.0
2026-02-07 15:00:00,21.1,-72.22665846175313,1.0,"Tema Community 7, Royal School",tabular,ridge_ar_lag_fourier,h168,2026-01-04T23:00:00,2026-01-18T23:00:00,2026-02-15T23:00:00,,,42.0
2026-02-07 16:00:00,21.7,-72.92190155694271,1.0,"Tema Community 7, Royal School",tabular,ridge_ar_lag_fourier,h168,2026-01-04T23:00:00,2026-01-18T23:00:00,2026-02-15T23:00:00,,,42.0
2026-02-07 17:00:00,26.2,-72.59273296555814,1.0,"Tema Community 7, Royal School",tabular,ridge_ar_lag_fourier,h168,2026-01-04T23:00:00,2026-01-18T23:00:00,2026-02-15T23:00:00,,,42.0
2026-02-07 18:00:00,28.9,-68.19936053502389,1.0,"Tema Community 7, Royal School",tabular,ridge_ar_lag_fourier,h168,2026-01-04T23:00:00,2026-01-18T23:00:00,2026-02-15T23:00:00,,,42.0
2026-02-07 19:00:00,29.0,-68.63284250924936,1.0,"Tema Community 7, Royal School",tabular,ridge_ar_lag_fourier,h168,2026-01-04T23:00:00,2026-01-18T23:00:00,2026-02-15T23:00:00,,,42.0
2026-02-07 20:00:00,30.4,-64.98273552554915,1.0,"Tema Community 7, Royal School",tabular,ridge_ar_lag_fourier,h168,2026-01-04T23:00:00,2026-01-18T23:00:00,2026-02-15T23:00:00,,,42.0
2026-02-07 21:00:00,34.6,-66.08771134218298,1.0,"Tema Community 7, Royal School",tabular,ridge_ar_lag_fourier,h168,2026-01-04T23:00:00,2026-01-18T23:00:00,2026-02-15T23:00:00,,,42.0
2026-02-07 22:00:00,40.5,-67.18802869944585,1.0,"Tema Community 7, Royal School",tabular,ridge_ar_lag_fourier,h168,2026-01-04T23:00:00,2026-01-18T23:00:00,2026-02-15T23:00:00,,,42.0
2026-02-07 23:00:00,34.0,-67.22497003844337,1.0,"Tema Community 7, Royal School",tabular,ridge_ar_lag_fourier,h168,2026-01-04T23:00:00,2026-01-18T23:00:00,2026-02-15T23:00:00,,,42.0
2026-02-08 00:00:00,37.7,-52.22977465184215,1.0,"Tema Community 7, Royal School",tabular,ridge_ar_lag_fourier,h168,2026-01-04T23:00:00,2026-01-18T23:00:00,2026-02-15T23:00:00,,,42.0
2026-02-08 01:00:00,44.8,-55.29501503845212,1.0,"Tema Community 7, Royal School",tabular,ridge_ar_lag_fourier,h168,2026-01-04T23:00:00,2026-01-18T23:00:00,2026-02-15T23:00:00,,,42.0
2026-02-08 02:00:00,39.3,-54.60441691052341,1.0,"Tema Community 7, Royal School",tabular,ridge_ar_lag_fourier,h168,2026-01-04T23:00:00,2026-01-18T23:00:00,2026-02-15T23:00:00,,,42.0
2026-02-08 03:00:00,37.5,-52.70114755147692,1.0,"Tema Community 7, Royal School",tabular,ridge_ar_lag_fourier,h168,2026-01-04T23:00:00,2026-01-18T23:00:00,2026-02-15T23:00:00,,,42.0
2026-02-08 04:00:00,47.0,-50.5245402040361,1.0,"Tema Community 7, Royal School",tabular,ridge_ar_lag_fourier,h168,2026-01-04T23:00:00,2026-01-18T23:00:00,2026-02-15T23:00:00,,,42.0
2026-02-08 05:00:00,36.6,-41.903608460325074,1.0,"Tema Community 7, Royal School",tabular,ridge_ar_lag_fourier,h168,2026-01-04T23:00:00,2026-01-18T23:00:00,2026-02-15T23:00:00,,,42.0
2026-02-08 06:00:00,86.1,-30.589633018453636,1.0,"Tema Community 7, Royal School",tabular,ridge_ar_lag_fourier,h168,2026-01-04T23:00:00,2026-01-18T23:00:00,2026-02-15T23:00:00,,,42.0
2026-02-08 07:00:00,87.6,-36.71290759145636,1.0,"Tema Community 7, Royal School",tabular,ridge_ar_lag_fourier,h168,2026-01-04T23:00:00,2026-01-18T23:00:00,2026-02-15T23:00:00,,,42.0
2026-02-08 08:00:00,49.8,-51.028883262126044,1.0,"Tema Community 7, Royal School",tabular,ridge_ar_lag_fourier,h168,2026-01-04T23:00:00,2026-01-18T23:00:00,2026-02-15T23:00:00,,,42.0
2026-02-08 09:00:00,44.9,-54.55571805886848,1.0,"Tema Community 7, Royal School",tabular,ridge_ar_lag_fourier,h168,2026-01-04T23:00:00,2026-01-18T23:00:00,2026-02-15T23:00:00,,,42.0
2026-02-08 10:00:00,41.4,-58.20443707942954,1.0,"Tema Community 7, Royal School",tabular,ridge_ar_lag_fourier,h168,2026-01-04T23:00:00,2026-01-18T23:00:00,2026-02-15T23:00:00,,,42.0
2026-02-08 11:00:00,30.3,-58.78614012529154,1.0,"Tema Community 7, Royal School",tabular,ridge_ar_lag_fourier,h168,2026-01-04T23:00:00,2026-01-18T23:00:00,2026-02-15T23:00:00,,,42.0
2026-02-08 12:00:00,23.8,-60.752473937116946,1.0,"Tema Community 7, Royal School",tabular,ridge_ar_lag_fourier,h168,2026-01-04T23:00:00,2026-01-18T23:00:00,2026-02-15T23:00:00,,,42.0
2026-02-08 13:00:00,20.0,-64.87530661228936,1.0,"Tema Community 7, Royal School",tabular,ridge_ar_lag_fourier,h168,2026-01-04T23:00:00,2026-01-18T23:00:00,2026-02-15T23:00:00,,,42.0
2026-02-08 14:00:00,19.2,-65.26671126347094,1.0,"Tema Community 7, Royal School",tabular,ridge_ar_lag_fourier,h168,2026-01-04T23:00:00,2026-01-18T23:00:00,2026-02-15T23:00:00,,,42.0
2026-02-08 15:00:00,23.3,-64.75359577123237,1.0,"Tema Community 7, Royal School",tabular,ridge_ar_lag_fourier,h168,2026-01-04T23:00:00,2026-01-18T23:00:00,2026-02-15T23:00:00,,,42.0
2026-02-08 16:00:00,22.8,-65.81073662546633,1.0,"Tema Community 7, Royal School",tabular,ridge_ar_lag_fourier,h168,2026-01-04T23:00:00,2026-01-18T23:00:00,2026-02-15T23:00:00,,,42.0
2026-02-08 17:00:00,25.4,-63.905244832755045,1.0,"Tema Community 7, Royal School",tabular,ridge_ar_lag_fourier,h168,2026-01-04T23:00:00,2026-01-18T23:00:00,2026-02-15T23:00:00,,,42.0
2026-02-08 18:00:00,33.4,-60.936337209686016,1.0,"Tema Community 7, Royal School",tabular,ridge_ar_lag_fourier,h168,2026-01-04T23:00:00,2026-01-18T23:00:00,2026-02-15T23:00:00,,,42.0
2026-02-08 19:00:00,25.6,-61.582827514006524,1.0,"Tema Community 7, Royal School",tabular,ridge_ar_lag_fourier,h168,2026-01-04T23:00:00,2026-01-18T23:00:00,2026-02-15T23:00:00,,,42.0
2026-02-08 20:00:00,27.9,-62.06487241779459,1.0,"Tema Community 7, Royal School",tabular,ridge_ar_lag_fourier,h168,2026-01-04T23:00:00,2026-01-18T23:00:00,2026-02-15T23:00:00,,,42.0
2026-02-08 21:00:00,27.2,-60.36257373984566,1.0,"Tema Community 7, Royal School",tabular,ridge_ar_lag_fourier,h168,2026-01-04T23:00:00,2026-01-18T23:00:00,2026-02-15T23:00:00,,,42.0
2026-02-08 22:00:00,23.8,-59.907534545106316,1.0,"Tema Community 7, Royal School",tabular,ridge_ar_lag_fourier,h168,2026-01-04T23:00:00,2026-01-18T23:00:00,2026-02-15T23:00:00,,,42.0
2026-02-08 23:00:00,25.2,-58.82988523679859,1.0,"Tema Community 7, Royal School",tabular,ridge_ar_lag_fourier,h168,2026-01-04T23:00:00,2026-01-18T23:00:00,2026-02-15T23:00:00,,,42.0
2026-02-09 00:00:00,27.9,-43.201052649778916,1.0,"Tema Community 7, Royal School",tabular,ridge_ar_lag_fourier,h168,2026-01-04T23:00:00,2026-01-18T23:00:00,2026-02-15T23:00:00,,,42.0
2026-02-09 01:00:00,57.1,-48.46510213605394,1.0,"Tema Community 7, Royal School",tabular,ridge_ar_lag_fourier,h168,2026-01-04T23:00:00,2026-01-18T23:00:00,2026-02-15T23:00:00,,,42.0
2026-02-09 02:00:00,20.1,-49.47166996327678,1.0,"Tema Community 7, Royal School",tabular,ridge_ar_lag_fourier,h168,2026-01-04T23:00:00,2026-01-18T23:00:00,2026-02-15T23:00:00,,,42.0
2026-02-09 03:00:00,20.2,-50.45857715647146,1.0,"Tema Community 7, Royal School",tabular,ridge_ar_lag_fourier,h168,2026-01-04T23:00:00,2026-01-18T23:00:00,2026-02-15T23:00:00,,,42.0
2026-02-09 04:00:00,24.8,-48.39865394075393,1.0,"Tema Community 7, Royal School",tabular,ridge_ar_lag_fourier,h168,2026-01-04T23:00:00,2026-01-18T23:00:00,2026-02-15T23:00:00,,,42.0
2026-02-09 05:00:00,29.7,-40.49244510221672,1.0,"Tema Community 7, Royal School",tabular,ridge_ar_lag_fourier,h168,2026-01-04T23:00:00,2026-01-18T23:00:00,2026-02-15T23:00:00,,,42.0
2026-02-09 06:00:00,43.6,-25.339161149681875,1.0,"Tema Community 7, Royal School",tabular,ridge_ar_lag_fourier,h168,2026-01-04T23:00:00,2026-01-18T23:00:00,2026-02-15T23:00:00,,,42.0
2026-02-09 07:00:00,44.1,-32.31735757039925,1.0,"Tema Community 7, Royal School",tabular,ridge_ar_lag_fourier,h168,2026-01-04T23:00:00,2026-01-18T23:00:00,2026-02-15T23:00:00,,,42.0
2026-02-09 08:00:00,43.2,-47.46414696037381,1.0,"Tema Community 7, Royal School",tabular,ridge_ar_lag_fourier,h168,2026-01-04T23:00:00,2026-01-18T23:00:00,2026-02-15T23:00:00,,,42.0
2026-02-09 09:00:00,34.5,-49.44428199295544,1.0,"Tema Community 7, Royal School",tabular,ridge_ar_lag_fourier,h168,2026-01-04T23:00:00,2026-01-18T23:00:00,2026-02-15T23:00:00,,,42.0
2026-02-09 10:00:00,34.0,-53.57666929241307,1.0,"Tema Community 7, Royal School",tabular,ridge_ar_lag_fourier,h168,2026-01-04T23:00:00,2026-01-18T23:00:00,2026-02-15T23:00:00,,,42.0
2026-02-09 11:00:00,23.9,-56.569986083477545,1.0,"Tema Community 7, Royal School",tabular,ridge_ar_lag_fourier,h168,2026-01-04T23:00:00,2026-01-18T23:00:00,2026-02-15T23:00:00,,,42.0
2026-02-09 12:00:00,20.1,-58.924539072179485,1.0,"Tema Community 7, Royal School",tabular,ridge_ar_lag_fourier,h168,2026-01-04T23:00:00,2026-01-18T23:00:00,2026-02-15T23:00:00,,,42.0
2026-02-09 13:00:00,18.5,-62.016311540672774,1.0,"Tema Community 7, Royal School",tabular,ridge_ar_lag_fourier,h168,2026-01-04T23:00:00,2026-01-18T23:00:00,2026-02-15T23:00:00,,,42.0
2026-02-09 14:00:00,19.5,-63.23557780214804,1.0,"Tema Community 7, Royal School",tabular,ridge_ar_lag_fourier,h168,2026-01-04T23:00:00,2026-01-18T23:00:00,2026-02-15T23:00:00,,,42.0
2026-02-09 15:00:00,22.8,-61.37728537331854,1.0,"Tema Community 7, Royal School",tabular,ridge_ar_lag_fourier,h168,2026-01-04T23:00:00,2026-01-18T23:00:00,2026-02-15T23:00:00,,,42.0
2026-02-09 16:00:00,19.6,-62.25407459887876,1.0,"Tema Community 7, Royal School",tabular,ridge_ar_lag_fourier,h168,2026-01-04T23:00:00,2026-01-18T23:00:00,2026-02-15T23:00:00,,,42.0
2026-02-09 17:00:00,24.8,-59.986144358367696,1.0,"Tema Community 7, Royal School",tabular,ridge_ar_lag_fourier,h168,2026-01-04T23:00:00,2026-01-18T23:00:00,2026-02-15T23:00:00,,,42.0
2026-02-09 18:00:00,26.4,-57.626813216311874,1.0,"Tema Community 7, Royal School",tabular,ridge_ar_lag_fourier,h168,2026-01-04T23:00:00,2026-01-18T23:00:00,2026-02-15T23:00:00,,,42.0
2026-02-09 19:00:00,27.0,-57.87829337805823,1.0,"Tema Community 7, Royal School",tabular,ridge_ar_lag_fourier,h168,2026-01-04T23:00:00,2026-01-18T23:00:00,2026-02-15T23:00:00,,,42.0
2026-02-09 20:00:00,25.4,-57.335566656479415,1.0,"Tema Community 7, Royal School",tabular,ridge_ar_lag_fourier,h168,2026-01-04T23:00:00,2026-01-18T23:00:00,2026-02-15T23:00:00,,,42.0
2026-02-09 21:00:00,26.3,-59.2420306934346,1.0,"Tema Community 7, Royal School",tabular,ridge_ar_lag_fourier,h168,2026-01-04T23:00:00,2026-01-18T23:00:00,2026-02-15T23:00:00,,,42.0
2026-02-09 22:00:00,25.5,-60.230638278878445,1.0,"Tema Community 7, Royal School",tabular,ridge_ar_lag_fourier,h168,2026-01-04T23:00:00,2026-01-18T23:00:00,2026-02-15T23:00:00,,,42.0
2026-02-09 23:00:00,27.6,-59.190821026482666,1.0,"Tema Community 7, Royal School",tabular,ridge_ar_lag_fourier,h168,2026-01-04T23:00:00,2026-01-18T23:00:00,2026-02-15T23:00:00,,,42.0
2026-02-10 00:00:00,28.4,-50.506832690523595,1.0,"Tema Community 7, Royal School",tabular,ridge_ar_lag_fourier,h168,2026-01-04T23:00:00,2026-01-18T23:00:00,2026-02-15T23:00:00,,,42.0
2026-02-10 01:00:00,34.9,-54.465195980895416,1.0,"Tema Community 7, Royal School",tabular,ridge_ar_lag_fourier,h168,2026-01-04T23:00:00,2026-01-18T23:00:00,2026-02-15T23:00:00,,,42.0
2026-02-10 02:00:00,29.3,-52.89206921148815,1.0,"Tema Community 7, Royal School",tabular,ridge_ar_lag_fourier,h168,2026-01-04T23:00:00,2026-01-18T23:00:00,2026-02-15T23:00:00,,,42.0
2026-02-10 03:00:00,19.6,-53.10087298695174,1.0,"Tema Community 7, Royal School",tabular,ridge_ar_lag_fourier,h168,2026-01-04T23:00:00,2026-01-18T23:00:00,2026-02-15T23:00:00,,,42.0
2026-02-10 04:00:00,27.0,-52.18960020156486,1.0,"Tema Community 7, Royal School",tabular,ridge_ar_lag_fourier,h168,2026-01-04T23:00:00,2026-01-18T23:00:00,2026-02-15T23:00:00,,,42.0
2026-02-10 05:00:00,40.7,-44.00036783832604,1.0,"Tema Community 7, Royal School",tabular,ridge_ar_lag_fourier,h168,2026-01-04T23:00:00,2026-01-18T23:00:00,2026-02-15T23:00:00,,,42.0
2026-02-10 06:00:00,47.2,-31.995162773068284,1.0,"Tema Community 7, Royal School",tabular,ridge_ar_lag_fourier,h168,2026-01-04T23:00:00,2026-01-18T23:00:00,2026-02-15T23:00:00,,,42.0
2026-02-10 07:00:00,45.4,-37.12684284757053,1.0,"Tema Community 7, Royal School",tabular,ridge_ar_lag_fourier,h168,2026-01-04T23:00:00,2026-01-18T23:00:00,2026-02-15T23:00:00,,,42.0
2026-02-10 08:00:00,36.8,-50.49683435860945,1.0,"Tema Community 7, Royal School",tabular,ridge_ar_lag_fourier,h168,2026-01-04T23:00:00,2026-01-18T23:00:00,2026-02-15T23:00:00,,,42.0
2026-02-10 09:00:00,30.8,-56.85471346895554,1.0,"Tema Community 7, Royal School",tabular,ridge_ar_lag_fourier,h168,2026-01-04T23:00:00,2026-01-18T23:00:00,2026-02-15T23:00:00,,,42.0
2026-02-10 10:00:00,28.5,-58.409819726068605,1.0,"Tema Community 7, Royal School",tabular,ridge_ar_lag_fourier,h168,2026-01-04T23:00:00,2026-01-18T23:00:00,2026-02-15T23:00:00,,,42.0
2026-02-10 11:00:00,35.2,-59.388012465373606,1.0,"Tema Community 7, Royal School",tabular,ridge_ar_lag_fourier,h168,2026-01-04T23:00:00,2026-01-18T23:00:00,2026-02-15T23:00:00,,,42.0
2026-02-10 12:00:00,24.2,-60.380497484399996,1.0,"Tema Community 7, Royal School",tabular,ridge_ar_lag_fourier,h168,2026-01-04T23:00:00,2026-01-18T23:00:00,2026-02-15T23:00:00,,,42.0
2026-02-10 13:00:00,16.6,-63.950992529341335,1.0,"Tema Community 7, Royal School",tabular,ridge_ar_lag_fourier,h168,2026-01-04T23:00:00,2026-01-18T23:00:00,2026-02-15T23:00:00,,,42.0
2026-02-10 14:00:00,19.7,-63.98061810703109,1.0,"Tema Community 7, Royal School",tabular,ridge_ar_lag_fourier,h168,2026-01-04T23:00:00,2026-01-18T23:00:00,2026-02-15T23:00:00,,,42.0
2026-02-10 15:00:00,29.0,-63.520591032694654,1.0,"Tema Community 7, Royal School",tabular,ridge_ar_lag_fourier,h168,2026-01-04T23:00:00,2026-01-18T23:00:00,2026-02-15T23:00:00,,,42.0
2026-02-10 16:00:00,13.6,-62.818529141864616,1.0,"Tema Community 7, Royal School",tabular,ridge_ar_lag_fourier,h168,2026-01-04T23:00:00,2026-01-18T23:00:00,2026-02-15T23:00:00,,,42.0
2026-02-10 17:00:00,16.2,-60.519027593840974,1.0,"Tema Community 7, Royal School",tabular,ridge_ar_lag_fourier,h168,2026-01-04T23:00:00,2026-01-18T23:00:00,2026-02-15T23:00:00,,,42.0
2026-02-10 18:00:00,23.3,-58.996282602102596,1.0,"Tema Community 7, Royal School",tabular,ridge_ar_lag_fourier,h168,2026-01-04T23:00:00,2026-01-18T23:00:00,2026-02-15T23:00:00,,,42.0
2026-02-10 19:00:00,23.9,-57.408473452952194,1.0,"Tema Community 7, Royal School",tabular,ridge_ar_lag_fourier,h168,2026-01-04T23:00:00,2026-01-18T23:00:00,2026-02-15T23:00:00,,,42.0
2026-02-10 20:00:00,28.2,-58.74763602001494,1.0,"Tema Community 7, Royal School",tabular,ridge_ar_lag_fourier,h168,2026-01-04T23:00:00,2026-01-18T23:00:00,2026-02-15T23:00:00,,,42.0
2026-02-10 21:00:00,36.3,-57.45728942759723,1.0,"Tema Community 7, Royal School",tabular,ridge_ar_lag_fourier,h168,2026-01-04T23:00:00,2026-01-18T23:00:00,2026-02-15T23:00:00,,,42.0
2026-02-10 22:00:00,17.8,-59.456401032421,1.0,"Tema Community 7, Royal School",tabular,ridge_ar_lag_fourier,h168,2026-01-04T23:00:00,2026-01-18T23:00:00,2026-02-15T23:00:00,,,42.0
2026-02-10 23:00:00,11.3,-59.83228824158205,1.0,"Tema Community 7, Royal School",tabular,ridge_ar_lag_fourier,h168,2026-01-04T23:00:00,2026-01-18T23:00:00,2026-02-15T23:00:00,,,42.0
2026-02-11 00:00:00,20.4,-55.391046501365295,1.0,"Tema Community 7, Royal School",tabular,ridge_ar_lag_fourier,h168,2026-01-04T23:00:00,2026-01-18T23:00:00,2026-02-15T23:00:00,,,42.0
2026-02-11 01:00:00,19.8,-55.75028607755877,1.0,"Tema Community 7, Royal School",tabular,ridge_ar_lag_fourier,h168,2026-01-04T23:00:00,2026-01-18T23:00:00,2026-02-15T23:00:00,,,42.0
2026-02-11 02:00:00,20.0,-57.60663534203263,1.0,"Tema Community 7, Royal School",tabular,ridge_ar_lag_fourier,h168,2026-01-04T23:00:00,2026-01-18T23:00:00,2026-02-15T23:00:00,,,42.0
2026-02-11 03:00:00,29.8,-55.62865635739573,1.0,"Tema Community 7, Royal School",tabular,ridge_ar_lag_fourier,h168,2026-01-04T23:00:00,2026-01-18T23:00:00,2026-02-15T23:00:00,,,42.0
2026-02-11 04:00:00,39.3,-44.311725379194286,1.0,"Tema Community 7, Royal School",tabular,ridge_ar_lag_fourier,h168,2026-01-04T23:00:00,2026-01-18T23:00:00,2026-02-15T23:00:00,,,42.0
2026-02-11 05:00:00,50.7,-33.731750320627654,1.0,"Tema Community 7, Royal School",tabular,ridge_ar_lag_fourier,h168,2026-01-04T23:00:00,2026-01-18T23:00:00,2026-02-15T23:00:00,,,42.0
2026-02-11 06:00:00,55.9,-29.04309982132413,1.0,"Tema Community 7, Royal School",tabular,ridge_ar_lag_fourier,h168,2026-01-04T23:00:00,2026-01-18T23:00:00,2026-02-15T23:00:00,,,42.0
2026-02-11 07:00:00,36.3,-38.42879978568514,1.0,"Tema Community 7, Royal School",tabular,ridge_ar_lag_fourier,h168,2026-01-04T23:00:00,2026-01-18T23:00:00,2026-02-15T23:00:00,,,42.0
2026-02-11 08:00:00,40.7,-50.062601176053874,1.0,"Tema Community 7, Royal School",tabular,ridge_ar_lag_fourier,h168,2026-01-04T23:00:00,2026-01-18T23:00:00,2026-02-15T23:00:00,,,42.0
2026-02-11 09:00:00,36.9,-57.115721022520276,1.0,"Tema Community 7, Royal School",tabular,ridge_ar_lag_fourier,h168,2026-01-04T23:00:00,2026-01-18T23:00:00,2026-02-15T23:00:00,,,42.0
2026-02-11 10:00:00,24.2,-58.077496810750574,1.0,"Tema Community 7, Royal School",tabular,ridge_ar_lag_fourier,h168,2026-01-04T23:00:00,2026-01-18T23:00:00,2026-02-15T23:00:00,,,42.0
2026-02-11 11:00:00,17.8,-60.49263171008121,1.0,"Tema Community 7, Royal School",tabular,ridge_ar_lag_fourier,h168,2026-01-04T23:00:00,2026-01-18T23:00:00,2026-02-15T23:00:00,,,42.0
2026-02-11 12:00:00,17.7,-60.4473975273755,1.0,"Tema Community 7, Royal School",tabular,ridge_ar_lag_fourier,h168,2026-01-04T23:00:00,2026-01-18T23:00:00,2026-02-15T23:00:00,,,42.0
2026-02-11 13:00:00,12.8,-66.018182520393,1.0,"Tema Community 7, Royal School",tabular,ridge_ar_lag_fourier,h168,2026-01-04T23:00:00,2026-01-18T23:00:00,2026-02-15T23:00:00,,,42.0
2026-02-11 14:00:00,14.8,-69.09575225266822,1.0,"Tema Community 7, Royal School",tabular,ridge_ar_lag_fourier,h168,2026-01-04T23:00:00,2026-01-18T23:00:00,2026-02-15T23:00:00,,,42.0
2026-02-11 15:00:00,18.1,-67.906696790112,1.0,"Tema Community 7, Royal School",tabular,ridge_ar_lag_fourier,h168,2026-01-04T23:00:00,2026-01-18T23:00:00,2026-02-15T23:00:00,,,42.0
2026-02-11 16:00:00,21.7,-68.95996724933477,1.0,"Tema Community 7, Royal School",tabular,ridge_ar_lag_fourier,h168,2026-01-04T23:00:00,2026-01-18T23:00:00,2026-02-15T23:00:00,,,42.0
2026-02-11 17:00:00,19.1,-66.531237983305,1.0,"Tema Community 7, Royal School",tabular,ridge_ar_lag_fourier,h168,2026-01-04T23:00:00,2026-01-18T23:00:00,2026-02-15T23:00:00,,,42.0
2026-02-11 18:00:00,23.6,-62.80780892953183,1.0,"Tema Community 7, Royal School",tabular,ridge_ar_lag_fourier,h168,2026-01-04T23:00:00,2026-01-18T23:00:00,2026-02-15T23:00:00,,,42.0
2026-02-11 19:00:00,30.7,-60.655064363760275,1.0,"Tema Community 7, Royal School",tabular,ridge_ar_lag_fourier,h168,2026-01-04T23:00:00,2026-01-18T23:00:00,2026-02-15T23:00:00,,,42.0
2026-02-11 20:00:00,31.8,-62.6956185195083,1.0,"Tema Community 7, Royal School",tabular,ridge_ar_lag_fourier,h168,2026-01-04T23:00:00,2026-01-18T23:00:00,2026-02-15T23:00:00,,,42.0
2026-02-11 21:00:00,53.0,-61.648364153245154,1.0,"Tema Community 7, Royal School",tabular,ridge_ar_lag_fourier,h168,2026-01-04T23:00:00,2026-01-18T23:00:00,2026-02-15T23:00:00,,,42.0
2026-02-11 22:00:00,54.6,-61.608187161167876,1.0,"Tema Community 7, Royal School",tabular,ridge_ar_lag_fourier,h168,2026-01-04T23:00:00,2026-01-18T23:00:00,2026-02-15T23:00:00,,,42.0
2026-02-11 23:00:00,51.0,-61.78067415706059,1.0,"Tema Community 7, Royal School",tabular,ridge_ar_lag_fourier,h168,2026-01-04T23:00:00,2026-01-18T23:00:00,2026-02-15T23:00:00,,,42.0
2026-02-12 00:00:00,55.4,-55.00089139040804,1.0,"Tema Community 7, Royal School",tabular,ridge_ar_lag_fourier,h168,2026-01-04T23:00:00,2026-01-18T23:00:00,2026-02-15T23:00:00,,,42.0
2026-02-12 01:00:00,84.2,-57.44487564699986,1.0,"Tema Community 7, Royal School",tabular,ridge_ar_lag_fourier,h168,2026-01-04T23:00:00,2026-01-18T23:00:00,2026-02-15T23:00:00,,,42.0
2026-02-12 02:00:00,87.4,-57.55656579286786,1.0,"Tema Community 7, Royal School",tabular,ridge_ar_lag_fourier,h168,2026-01-04T23:00:00,2026-01-18T23:00:00,2026-02-15T23:00:00,,,42.0
2026-02-12 03:00:00,79.8,-55.684030785557596,1.0,"Tema Community 7, Royal School",tabular,ridge_ar_lag_fourier,h168,2026-01-04T23:00:00,2026-01-18T23:00:00,2026-02-15T23:00:00,,,42.0
2026-02-12 04:00:00,82.3,-55.07386763900004,1.0,"Tema Community 7, Royal School",tabular,ridge_ar_lag_fourier,h168,2026-01-04T23:00:00,2026-01-18T23:00:00,2026-02-15T23:00:00,,,42.0
2026-02-12 05:00:00,141.7,-48.46540270212601,1.0,"Tema Community 7, Royal School",tabular,ridge_ar_lag_fourier,h168,2026-01-04T23:00:00,2026-01-18T23:00:00,2026-02-15T23:00:00,,,42.0
2026-02-12 06:00:00,93.2,-35.46707498294225,1.0,"Tema Community 7, Royal School",tabular,ridge_ar_lag_fourier,h168,2026-01-04T23:00:00,2026-01-18T23:00:00,2026-02-15T23:00:00,,,42.0
2026-02-12 07:00:00,73.3,-40.5065571848924,1.0,"Tema Community 7, Royal School",tabular,ridge_ar_lag_fourier,h168,2026-01-04T23:00:00,2026-01-18T23:00:00,2026-02-15T23:00:00,,,42.0
2026-02-12 08:00:00,47.7,-50.57770807640961,1.0,"Tema Community 7, Royal School",tabular,ridge_ar_lag_fourier,h168,2026-01-04T23:00:00,2026-01-18T23:00:00,2026-02-15T23:00:00,,,42.0
2026-02-12 09:00:00,25.4,-56.94742499470735,1.0,"Tema Community 7, Royal School",tabular,ridge_ar_lag_fourier,h168,2026-01-04T23:00:00,2026-01-18T23:00:00,2026-02-15T23:00:00,,,42.0
2026-02-12 10:00:00,6.6,-60.48407613196669,1.0,"Tema Community 7, Royal School",tabular,ridge_ar_lag_fourier,h168,2026-01-04T23:00:00,2026-01-18T23:00:00,2026-02-15T23:00:00,,,42.0
2026-02-12 11:00:00,1.9,-62.4805199031978,1.0,"Tema Community 7, Royal School",tabular,ridge_ar_lag_fourier,h168,2026-01-04T23:00:00,2026-01-18T23:00:00,2026-02-15T23:00:00,,,42.0
2026-02-12 12:00:00,2.4,-66.51161803821049,1.0,"Tema Community 7, Royal School",tabular,ridge_ar_lag_fourier,h168,2026-01-04T23:00:00,2026-01-18T23:00:00,2026-02-15T23:00:00,,,42.0
2026-02-12 13:00:00,2.2,-68.3319995431366,1.0,"Tema Community 7, Royal School",tabular,ridge_ar_lag_fourier,h168,2026-01-04T23:00:00,2026-01-18T23:00:00,2026-02-15T23:00:00,,,42.0
2026-02-12 14:00:00,2.8,-69.92543820801242,1.0,"Tema Community 7, Royal School",tabular,ridge_ar_lag_fourier,h168,2026-01-04T23:00:00,2026-01-18T23:00:00,2026-02-15T23:00:00,,,42.0
2026-02-12 15:00:00,5.7,-67.66963750603803,1.0,"Tema Community 7, Royal School",tabular,ridge_ar_lag_fourier,h168,2026-01-04T23:00:00,2026-01-18T23:00:00,2026-02-15T23:00:00,,,42.0
2026-02-12 16:00:00,4.8,-67.39168483968535,1.0,"Tema Community 7, Royal School",tabular,ridge_ar_lag_fourier,h168,2026-01-04T23:00:00,2026-01-18T23:00:00,2026-02-15T23:00:00,,,42.0
2026-02-12 17:00:00,6.1,-65.27211293303627,1.0,"Tema Community 7, Royal School",tabular,ridge_ar_lag_fourier,h168,2026-01-04T23:00:00,2026-01-18T23:00:00,2026-02-15T23:00:00,,,42.0
2026-02-12 18:00:00,8.2,-63.61432526004165,1.0,"Tema Community 7, Royal School",tabular,ridge_ar_lag_fourier,h168,2026-01-04T23:00:00,2026-01-18T23:00:00,2026-02-15T23:00:00,,,42.0
2026-02-12 19:00:00,8.7,-62.927445965115965,1.0,"Tema Community 7, Royal School",tabular,ridge_ar_lag_fourier,h168,2026-01-04T23:00:00,2026-01-18T23:00:00,2026-02-15T23:00:00,,,42.0
2026-02-12 20:00:00,26.9,-63.57640858839585,1.0,"Tema Community 7, Royal School",tabular,ridge_ar_lag_fourier,h168,2026-01-04T23:00:00,2026-01-18T23:00:00,2026-02-15T23:00:00,,,42.0
2026-02-12 21:00:00,14.0,-61.296062240334294,1.0,"Tema Community 7, Royal School",tabular,ridge_ar_lag_fourier,h168,2026-01-04T23:00:00,2026-01-18T23:00:00,2026-02-15T23:00:00,,,42.0
2026-02-12 22:00:00,15.5,-62.26487054559186,1.0,"Tema Community 7, Royal School",tabular,ridge_ar_lag_fourier,h168,2026-01-04T23:00:00,2026-01-18T23:00:00,2026-02-15T23:00:00,,,42.0
2026-02-12 23:00:00,20.2,-61.70970327928423,1.0,"Tema Community 7, Royal School",tabular,ridge_ar_lag_fourier,h168,2026-01-04T23:00:00,2026-01-18T23:00:00,2026-02-15T23:00:00,,,42.0
2026-02-13 00:00:00,15.9,-56.09636636520213,1.0,"Tema Community 7, Royal School",tabular,ridge_ar_lag_fourier,h168,2026-01-04T23:00:00,2026-01-18T23:00:00,2026-02-15T23:00:00,,,42.0
2026-02-13 01:00:00,27.5,-57.79089331005795,1.0,"Tema Community 7, Royal School",tabular,ridge_ar_lag_fourier,h168,2026-01-04T23:00:00,2026-01-18T23:00:00,2026-02-15T23:00:00,,,42.0
2026-02-13 02:00:00,14.9,-59.04095301824513,1.0,"Tema Community 7, Royal School",tabular,ridge_ar_lag_fourier,h168,2026-01-04T23:00:00,2026-01-18T23:00:00,2026-02-15T23:00:00,,,42.0
2026-02-13 03:00:00,70.8,-55.99353900043184,1.0,"Tema Community 7, Royal School",tabular,ridge_ar_lag_fourier,h168,2026-01-04T23:00:00,2026-01-18T23:00:00,2026-02-15T23:00:00,,,42.0
2026-02-13 04:00:00,45.5,-53.39745754027794,1.0,"Tema Community 7, Royal School",tabular,ridge_ar_lag_fourier,h168,2026-01-04T23:00:00,2026-01-18T23:00:00,2026-02-15T23:00:00,,,42.0
2026-02-13 05:00:00,43.3,-46.40047286385601,1.0,"Tema Community 7, Royal School",tabular,ridge_ar_lag_fourier,h168,2026-01-04T23:00:00,2026-01-18T23:00:00,2026-02-15T23:00:00,,,42.0
2026-02-13 06:00:00,49.8,-32.6446405437337,1.0,"Tema Community 7, Royal School",tabular,ridge_ar_lag_fourier,h168,2026-01-04T23:00:00,2026-01-18T23:00:00,2026-02-15T23:00:00,,,42.0
2026-02-13 07:00:00,40.5,-36.60515626530882,1.0,"Tema Community 7, Royal School",tabular,ridge_ar_lag_fourier,h168,2026-01-04T23:00:00,2026-01-18T23:00:00,2026-02-15T23:00:00,,,42.0
2026-02-13 08:00:00,30.2,-50.41966184978082,1.0,"Tema Community 7, Royal School",tabular,ridge_ar_lag_fourier,h168,2026-01-04T23:00:00,2026-01-18T23:00:00,2026-02-15T23:00:00,,,42.0
2026-02-13 09:00:00,26.7,-57.84275033389116,1.0,"Tema Community 7, Royal School",tabular,ridge_ar_lag_fourier,h168,2026-01-04T23:00:00,2026-01-18T23:00:00,2026-02-15T23:00:00,,,42.0
2026-02-13 10:00:00,22.5,-61.048719469412674,1.0,"Tema Community 7, Royal School",tabular,ridge_ar_lag_fourier,h168,2026-01-04T23:00:00,2026-01-18T23:00:00,2026-02-15T23:00:00,,,42.0
2026-02-13 11:00:00,31.6,-63.83003512683152,1.0,"Tema Community 7, Royal School",tabular,ridge_ar_lag_fourier,h168,2026-01-04T23:00:00,2026-01-18T23:00:00,2026-02-15T23:00:00,,,42.0
2026-02-13 12:00:00,49.8,-68.03863460463995,1.0,"Tema Community 7, Royal School",tabular,ridge_ar_lag_fourier,h168,2026-01-04T23:00:00,2026-01-18T23:00:00,2026-02-15T23:00:00,,,42.0
2026-02-13 13:00:00,19.9,-69.90668892138501,1.0,"Tema Community 7, Royal School",tabular,ridge_ar_lag_fourier,h168,2026-01-04T23:00:00,2026-01-18T23:00:00,2026-02-15T23:00:00,,,42.0
2026-02-13 14:00:00,27.4,-69.876172752835,1.0,"Tema Community 7, Royal School",tabular,ridge_ar_lag_fourier,h168,2026-01-04T23:00:00,2026-01-18T23:00:00,2026-02-15T23:00:00,,,42.0
2026-02-13 15:00:00,16.0,-68.92710574625595,1.0,"Tema Community 7, Royal School",tabular,ridge_ar_lag_fourier,h168,2026-01-04T23:00:00,2026-01-18T23:00:00,2026-02-15T23:00:00,,,42.0
2026-02-13 16:00:00,7.0,-69.97801215390619,1.0,"Tema Community 7, Royal School",tabular,ridge_ar_lag_fourier,h168,2026-01-04T23:00:00,2026-01-18T23:00:00,2026-02-15T23:00:00,,,42.0
2026-02-13 17:00:00,8.1,-67.8644755404389,1.0,"Tema Community 7, Royal School",tabular,ridge_ar_lag_fourier,h168,2026-01-04T23:00:00,2026-01-18T23:00:00,2026-02-15T23:00:00,,,42.0
2026-02-13 18:00:00,10.3,-64.10233059140124,1.0,"Tema Community 7, Royal School",tabular,ridge_ar_lag_fourier,h168,2026-01-04T23:00:00,2026-01-18T23:00:00,2026-02-15T23:00:00,,,42.0
2026-02-13 19:00:00,16.6,-59.96891979117923,1.0,"Tema Community 7, Royal School",tabular,ridge_ar_lag_fourier,h168,2026-01-04T23:00:00,2026-01-18T23:00:00,2026-02-15T23:00:00,,,42.0
2026-02-13 20:00:00,10.8,-62.97903835263979,1.0,"Tema Community 7, Royal School",tabular,ridge_ar_lag_fourier,h168,2026-01-04T23:00:00,2026-01-18T23:00:00,2026-02-15T23:00:00,,,42.0
2026-02-13 21:00:00,8.1,-61.07236964042299,1.0,"Tema Community 7, Royal School",tabular,ridge_ar_lag_fourier,h168,2026-01-04T23:00:00,2026-01-18T23:00:00,2026-02-15T23:00:00,,,42.0
2026-02-13 22:00:00,18.0,-60.92008603262485,1.0,"Tema Community 7, Royal School",tabular,ridge_ar_lag_fourier,h168,2026-01-04T23:00:00,2026-01-18T23:00:00,2026-02-15T23:00:00,,,42.0
2026-02-13 23:00:00,22.3,-61.80376690758402,1.0,"Tema Community 7, Royal School",tabular,ridge_ar_lag_fourier,h168,2026-01-04T23:00:00,2026-01-18T23:00:00,2026-02-15T23:00:00,,,42.0
2026-02-14 00:00:00,14.3,-57.91955356926789,1.0,"Tema Community 7, Royal School",tabular,ridge_ar_lag_fourier,h168,2026-01-04T23:00:00,2026-01-18T23:00:00,2026-02-15T23:00:00,,,42.0
2026-02-14 01:00:00,15.4,-58.665686490301155,1.0,"Tema Community 7, Royal School",tabular,ridge_ar_lag_fourier,h168,2026-01-04T23:00:00,2026-01-18T23:00:00,2026-02-15T23:00:00,,,42.0
2026-02-14 02:00:00,25.5,-61.56987609620674,1.0,"Tema Community 7, Royal School",tabular,ridge_ar_lag_fourier,h168,2026-01-04T23:00:00,2026-01-18T23:00:00,2026-02-15T23:00:00,,,42.0
2026-02-14 03:00:00,24.8,-60.27641462775679,1.0,"Tema Community 7, Royal School",tabular,ridge_ar_lag_fourier,h168,2026-01-04T23:00:00,2026-01-18T23:00:00,2026-02-15T23:00:00,,,42.0
2026-02-14 04:00:00,33.8,-59.20912643072954,1.0,"Tema Community 7, Royal School",tabular,ridge_ar_lag_fourier,h168,2026-01-04T23:00:00,2026-01-18T23:00:00,2026-02-15T23:00:00,,,42.0
2026-02-14 05:00:00,30.2,-53.79331456847915,1.0,"Tema Community 7, Royal School",tabular,ridge_ar_lag_fourier,h168,2026-01-04T23:00:00,2026-01-18T23:00:00,2026-02-15T23:00:00,,,42.0
2026-02-14 06:00:00,35.0,-38.40439045883545,1.0,"Tema Community 7, Royal School",tabular,ridge_ar_lag_fourier,h168,2026-01-04T23:00:00,2026-01-18T23:00:00,2026-02-15T23:00:00,,,42.0
2026-02-14 07:00:00,237.0,-45.1831682537578,1.0,"Tema Community 7, Royal School",tabular,ridge_ar_lag_fourier,h168,2026-01-04T23:00:00,2026-01-18T23:00:00,2026-02-15T23:00:00,,,42.0
2026-02-14 08:00:00,133.0,-53.55572277925795,1.0,"Tema Community 7, Royal School",tabular,ridge_ar_lag_fourier,h168,2026-01-04T23:00:00,2026-01-18T23:00:00,2026-02-15T23:00:00,,,42.0
2026-02-14 09:00:00,29.0,-60.495101071107854,1.0,"Tema Community 7, Royal School",tabular,ridge_ar_lag_fourier,h168,2026-01-04T23:00:00,2026-01-18T23:00:00,2026-02-15T23:00:00,,,42.0
2026-02-14 10:00:00,26.3,-65.1360715864196,1.0,"Tema Community 7, Royal School",tabular,ridge_ar_lag_fourier,h168,2026-01-04T23:00:00,2026-01-18T23:00:00,2026-02-15T23:00:00,,,42.0
2026-02-14 11:00:00,30.5,-67.11607469519026,1.0,"Tema Community 7, Royal School",tabular,ridge_ar_lag_fourier,h168,2026-01-04T23:00:00,2026-01-18T23:00:00,2026-02-15T23:00:00,,,42.0
2026-02-14 12:00:00,33.5,-71.10962330113898,1.0,"Tema Community 7, Royal School",tabular,ridge_ar_lag_fourier,h168,2026-01-04T23:00:00,2026-01-18T23:00:00,2026-02-15T23:00:00,,,42.0
2026-02-14 13:00:00,28.6,-73.61690251517804,1.0,"Tema Community 7, Royal School",tabular,ridge_ar_lag_fourier,h168,2026-01-04T23:00:00,2026-01-18T23:00:00,2026-02-15T23:00:00,,,42.0
2026-02-14 14:00:00,28.9,-73.96454187369224,1.0,"Tema Community 7, Royal School",tabular,ridge_ar_lag_fourier,h168,2026-01-04T23:00:00,2026-01-18T23:00:00,2026-02-15T23:00:00,,,42.0
2026-02-14 15:00:00,32.0,-70.816897507279,1.0,"Tema Community 7, Royal School",tabular,ridge_ar_lag_fourier,h168,2026-01-04T23:00:00,2026-01-18T23:00:00,2026-02-15T23:00:00,,,42.0
2026-02-14 16:00:00,45.7,-72.1591806334304,1.0,"Tema Community 7, Royal School",tabular,ridge_ar_lag_fourier,h168,2026-01-04T23:00:00,2026-01-18T23:00:00,2026-02-15T23:00:00,,,42.0
2026-02-14 17:00:00,41.8,-69.21272345655375,1.0,"Tema Community 7, Royal School",tabular,ridge_ar_lag_fourier,h168,2026-01-04T23:00:00,2026-01-18T23:00:00,2026-02-15T23:00:00,,,42.0
2026-02-14 18:00:00,55.6,-65.0998117958952,1.0,"Tema Community 7, Royal School",tabular,ridge_ar_lag_fourier,h168,2026-01-04T23:00:00,2026-01-18T23:00:00,2026-02-15T23:00:00,,,42.0
2026-02-14 19:00:00,65.4,-61.07392102623088,1.0,"Tema Community 7, Royal School",tabular,ridge_ar_lag_fourier,h168,2026-01-04T23:00:00,2026-01-18T23:00:00,2026-02-15T23:00:00,,,42.0
2026-02-14 20:00:00,70.3,-65.02916854904834,1.0,"Tema Community 7, Royal School",tabular,ridge_ar_lag_fourier,h168,2026-01-04T23:00:00,2026-01-18T23:00:00,2026-02-15T23:00:00,,,42.0
2026-02-14 21:00:00,71.0,-64.54103616684287,1.0,"Tema Community 7, Royal School",tabular,ridge_ar_lag_fourier,h168,2026-01-04T23:00:00,2026-01-18T23:00:00,2026-02-15T23:00:00,,,42.0
2026-02-14 22:00:00,53.8,-65.52177272734917,1.0,"Tema Community 7, Royal School",tabular,ridge_ar_lag_fourier,h168,2026-01-04T23:00:00,2026-01-18T23:00:00,2026-02-15T23:00:00,,,42.0
2026-02-14 23:00:00,47.7,-64.33350010697622,1.0,"Tema Community 7, Royal School",tabular,ridge_ar_lag_fourier,h168,2026-01-04T23:00:00,2026-01-18T23:00:00,2026-02-15T23:00:00,,,42.0
2026-02-15 00:00:00,40.2,-61.02320469805723,1.0,"Tema Community 7, Royal School",tabular,ridge_ar_lag_fourier,h168,2026-01-04T23:00:00,2026-01-18T23:00:00,2026-02-15T23:00:00,,,42.0
2026-02-15 01:00:00,41.0,-61.379656196336924,1.0,"Tema Community 7, Royal School",tabular,ridge_ar_lag_fourier,h168,2026-01-04T23:00:00,2026-01-18T23:00:00,2026-02-15T23:00:00,,,42.0
2026-02-15 02:00:00,44.5,-62.66107325348975,1.0,"Tema Community 7, Royal School",tabular,ridge_ar_lag_fourier,h168,2026-01-04T23:00:00,2026-01-18T23:00:00,2026-02-15T23:00:00,,,42.0
2026-02-15 03:00:00,40.6,-61.63818889501263,1.0,"Tema Community 7, Royal School",tabular,ridge_ar_lag_fourier,h168,2026-01-04T23:00:00,2026-01-18T23:00:00,2026-02-15T23:00:00,,,42.0
2026-02-15 04:00:00,43.0,-62.539236289477344,1.0,"Tema Community 7, Royal School",tabular,ridge_ar_lag_fourier,h168,2026-01-04T23:00:00,2026-01-18T23:00:00,2026-02-15T23:00:00,,,42.0
2026-02-15 05:00:00,52.4,-54.36738313034442,1.0,"Tema Community 7, Royal School",tabular,ridge_ar_lag_fourier,h168,2026-01-04T23:00:00,2026-01-18T23:00:00,2026-02-15T23:00:00,,,42.0
2026-02-15 06:00:00,75.4,-45.09101893034881,1.0,"Tema Community 7, Royal School",tabular,ridge_ar_lag_fourier,h168,2026-01-04T23:00:00,2026-01-18T23:00:00,2026-02-15T23:00:00,,,42.0
2026-02-15 07:00:00,39.6,-43.675324130882885,1.0,"Tema Community 7, Royal School",tabular,ridge_ar_lag_fourier,h168,2026-01-04T23:00:00,2026-01-18T23:00:00,2026-02-15T23:00:00,,,42.0
2026-02-15 08:00:00,28.9,-53.62447622601151,1.0,"Tema Community 7, Royal School",tabular,ridge_ar_lag_fourier,h168,2026-01-04T23:00:00,2026-01-18T23:00:00,2026-02-15T23:00:00,,,42.0
2026-02-15 09:00:00,21.7,-61.655860712925744,1.0,"Tema Community 7, Royal School",tabular,ridge_ar_lag_fourier,h168,2026-01-04T23:00:00,2026-01-18T23:00:00,2026-02-15T23:00:00,,,42.0
2026-02-15 10:00:00,29.3,-66.5398977890989,1.0,"Tema Community 7, Royal School",tabular,ridge_ar_lag_fourier,h168,2026-01-04T23:00:00,2026-01-18T23:00:00,2026-02-15T23:00:00,,,42.0
2026-02-15 11:00:00,16.8,-68.79013279005648,1.0,"Tema Community 7, Royal School",tabular,ridge_ar_lag_fourier,h168,2026-01-04T23:00:00,2026-01-18T23:00:00,2026-02-15T23:00:00,,,42.0
2026-02-15 12:00:00,9.0,-72.57859023626521,1.0,"Tema Community 7, Royal School",tabular,ridge_ar_lag_fourier,h168,2026-01-04T23:00:00,2026-01-18T23:00:00,2026-02-15T23:00:00,,,42.0
2026-02-15 13:00:00,5.8,-74.55047052152652,1.0,"Tema Community 7, Royal School",tabular,ridge_ar_lag_fourier,h168,2026-01-04T23:00:00,2026-01-18T23:00:00,2026-02-15T23:00:00,,,42.0
2026-02-15 14:00:00,4.2,-76.13190245132971,1.0,"Tema Community 7, Royal School",tabular,ridge_ar_lag_fourier,h168,2026-01-04T23:00:00,2026-01-18T23:00:00,2026-02-15T23:00:00,,,42.0
2026-02-15 15:00:00,7.6,-74.44452604242174,1.0,"Tema Community 7, Royal School",tabular,ridge_ar_lag_fourier,h168,2026-01-04T23:00:00,2026-01-18T23:00:00,2026-02-15T23:00:00,,,42.0
2026-02-15 16:00:00,7.0,-75.488337950873,1.0,"Tema Community 7, Royal School",tabular,ridge_ar_lag_fourier,h168,2026-01-04T23:00:00,2026-01-18T23:00:00,2026-02-15T23:00:00,,,42.0
2026-02-15 17:00:00,7.1,-74.15305396979669,1.0,"Tema Community 7, Royal School",tabular,ridge_ar_lag_fourier,h168,2026-01-04T23:00:00,2026-01-18T23:00:00,2026-02-15T23:00:00,,,42.0
2026-02-15 18:00:00,9.7,-70.92056477881903,1.0,"Tema Community 7, Royal School",tabular,ridge_ar_lag_fourier,h168,2026-01-04T23:00:00,2026-01-18T23:00:00,2026-02-15T23:00:00,,,42.0
2026-02-15 19:00:00,12.2,-66.78588263620263,1.0,"Tema Community 7, Royal School",tabular,ridge_ar_lag_fourier,h168,2026-01-04T23:00:00,2026-01-18T23:00:00,2026-02-15T23:00:00,,,42.0
2026-02-15 20:00:00,18.2,-68.5619762018321,1.0,"Tema Community 7, Royal School",tabular,ridge_ar_lag_fourier,h168,2026-01-04T23:00:00,2026-01-18T23:00:00,2026-02-15T23:00:00,,,42.0
2026-02-15 21:00:00,23.0,-69.15427957956987,1.0,"Tema Community 7, Royal School",tabular,ridge_ar_lag_fourier,h168,2026-01-04T23:00:00,2026-01-18T23:00:00,2026-02-15T23:00:00,,,42.0
2026-02-15 22:00:00,10.8,-68.4457261966389,1.0,"Tema Community 7, Royal School",tabular,ridge_ar_lag_fourier,h168,2026-01-04T23:00:00,2026-01-18T23:00:00,2026-02-15T23:00:00,,,42.0
2026-02-15 23:00:00,38.1,-68.39231257351018,1.0,"Tema Community 7, Royal School",tabular,ridge_ar_lag_fourier,h168,2026-01-04T23:00:00,2026-01-18T23:00:00,2026-02-15T23:00:00,,,42.0
2026-01-18 23:00:00,40.2,-70.65155570692144,1.0,Tema Port,tabular,ridge_ar_lag_fourier,h168,2026-01-04T23:00:00,2026-01-18T23:00:00,2026-02-15T23:00:00,,,42.0
2026-01-19 00:00:00,46.8,-60.043242967618085,1.0,Tema Port,tabular,ridge_ar_lag_fourier,h168,2026-01-04T23:00:00,2026-01-18T23:00:00,2026-02-15T23:00:00,,,42.0
2026-01-19 01:00:00,51.2,-59.444989650159926,1.0,Tema Port,tabular,ridge_ar_lag_fourier,h168,2026-01-04T23:00:00,2026-01-18T23:00:00,2026-02-15T23:00:00,,,42.0
2026-01-19 02:00:00,54.0,-58.44934703503287,1.0,Tema Port,tabular,ridge_ar_lag_fourier,h168,2026-01-04T23:00:00,2026-01-18T23:00:00,2026-02-15T23:00:00,,,42.0
2026-01-19 03:00:00,45.1,-56.93563023891859,1.0,Tema Port,tabular,ridge_ar_lag_fourier,h168,2026-01-04T23:00:00,2026-01-18T23:00:00,2026-02-15T23:00:00,,,42.0
2026-01-19 04:00:00,43.0,-58.49399863179528,1.0,Tema Port,tabular,ridge_ar_lag_fourier,h168,2026-01-04T23:00:00,2026-01-18T23:00:00,2026-02-15T23:00:00,,,42.0
2026-01-19 05:00:00,50.4,-56.40800334871443,1.0,Tema Port,tabular,ridge_ar_lag_fourier,h168,2026-01-04T23:00:00,2026-01-18T23:00:00,2026-02-15T23:00:00,,,42.0
2026-01-19 06:00:00,56.5,-53.374887467189836,1.0,Tema Port,tabular,ridge_ar_lag_fourier,h168,2026-01-04T23:00:00,2026-01-18T23:00:00,2026-02-15T23:00:00,,,42.0
2026-01-19 07:00:00,72.6,-52.505877933692815,1.0,Tema Port,tabular,ridge_ar_lag_fourier,h168,2026-01-04T23:00:00,2026-01-18T23:00:00,2026-02-15T23:00:00,,,42.0
2026-01-19 08:00:00,107.2,-56.674643859780204,1.0,Tema Port,tabular,ridge_ar_lag_fourier,h168,2026-01-04T23:00:00,2026-01-18T23:00:00,2026-02-15T23:00:00,,,42.0
2026-01-19 09:00:00,71.0,-60.925798407682635,1.0,Tema Port,tabular,ridge_ar_lag_fourier,h168,2026-01-04T23:00:00,2026-01-18T23:00:00,2026-02-15T23:00:00,,,42.0
2026-01-19 10:00:00,38.0,-58.34901186588,1.0,Tema Port,tabular,ridge_ar_lag_fourier,h168,2026-01-04T23:00:00,2026-01-18T23:00:00,2026-02-15T23:00:00,,,42.0
2026-01-19 11:00:00,37.3,-59.79230990526639,1.0,Tema Port,tabular,ridge_ar_lag_fourier,h168,2026-01-04T23:00:00,2026-01-18T23:00:00,2026-02-15T23:00:00,,,42.0
2026-01-19 12:00:00,35.6,-59.630987527023024,1.0,Tema Port,tabular,ridge_ar_lag_fourier,h168,2026-01-04T23:00:00,2026-01-18T23:00:00,2026-02-15T23:00:00,,,42.0
2026-01-19 13:00:00,33.9,-60.38407223381233,1.0,Tema Port,tabular,ridge_ar_lag_fourier,h168,2026-01-04T23:00:00,2026-01-18T23:00:00,2026-02-15T23:00:00,,,42.0
2026-01-19 14:00:00,34.0,-61.230336539761,1.0,Tema Port,tabular,ridge_ar_lag_fourier,h168,2026-01-04T23:00:00,2026-01-18T23:00:00,2026-02-15T23:00:00,,,42.0
2026-01-19 15:00:00,38.3,-63.04729423333649,1.0,Tema Port,tabular,ridge_ar_lag_fourier,h168,2026-01-04T23:00:00,2026-01-18T23:00:00,2026-02-15T23:00:00,,,42.0
2026-01-19 16:00:00,36.9,-66.55651627826546,1.0,Tema Port,tabular,ridge_ar_lag_fourier,h168,2026-01-04T23:00:00,2026-01-18T23:00:00,2026-02-15T23:00:00,,,42.0
2026-01-19 17:00:00,41.0,-67.0867412570286,1.0,Tema Port,tabular,ridge_ar_lag_fourier,h168,2026-01-04T23:00:00,2026-01-18T23:00:00,2026-02-15T23:00:00,,,42.0
2026-01-19 18:00:00,58.3,-67.23592290881868,1.0,Tema Port,tabular,ridge_ar_lag_fourier,h168,2026-01-04T23:00:00,2026-01-18T23:00:00,2026-02-15T23:00:00,,,42.0
2026-01-19 19:00:00,35.2,-67.26398942378296,1.0,Tema Port,tabular,ridge_ar_lag_fourier,h168,2026-01-04T23:00:00,2026-01-18T23:00:00,2026-02-15T23:00:00,,,42.0
2026-01-19 20:00:00,34.2,-68.49163218993519,1.0,Tema Port,tabular,ridge_ar_lag_fourier,h168,2026-01-04T23:00:00,2026-01-18T23:00:00,2026-02-15T23:00:00,,,42.0
2026-01-19 21:00:00,36.8,-67.32202787149737,1.0,Tema Port,tabular,ridge_ar_lag_fourier,h168,2026-01-04T23:00:00,2026-01-18T23:00:00,2026-02-15T23:00:00,,,42.0
2026-01-19 22:00:00,32.4,-64.23706682363166,1.0,Tema Port,tabular,ridge_ar_lag_fourier,h168,2026-01-04T23:00:00,2026-01-18T23:00:00,2026-02-15T23:00:00,,,42.0
2026-01-19 23:00:00,31.4,-63.81111897243238,1.0,Tema Port,tabular,ridge_ar_lag_fourier,h168,2026-01-04T23:00:00,2026-01-18T23:00:00,2026-02-15T23:00:00,,,42.0
2026-01-20 00:00:00,32.6,-57.41680855552168,1.0,Tema Port,tabular,ridge_ar_lag_fourier,h168,2026-01-04T23:00:00,2026-01-18T23:00:00,2026-02-15T23:00:00,,,42.0
2026-01-20 01:00:00,29.9,-56.50593257437954,1.0,Tema Port,tabular,ridge_ar_lag_fourier,h168,2026-01-04T23:00:00,2026-01-18T23:00:00,2026-02-15T23:00:00,,,42.0
2026-01-20 02:00:00,33.3,-57.44384066353146,1.0,Tema Port,tabular,ridge_ar_lag_fourier,h168,2026-01-04T23:00:00,2026-01-18T23:00:00,2026-02-15T23:00:00,,,42.0
2026-01-20 03:00:00,38.6,-56.14602795907143,1.0,Tema Port,tabular,ridge_ar_lag_fourier,h168,2026-01-04T23:00:00,2026-01-18T23:00:00,2026-02-15T23:00:00,,,42.0
2026-01-20 04:00:00,38.7,-57.04009581043192,1.0,Tema Port,tabular,ridge_ar_lag_fourier,h168,2026-01-04T23:00:00,2026-01-18T23:00:00,2026-02-15T23:00:00,,,42.0
2026-01-20 05:00:00,36.8,-53.390696538666276,1.0,Tema Port,tabular,ridge_ar_lag_fourier,h168,2026-01-04T23:00:00,2026-01-18T23:00:00,2026-02-15T23:00:00,,,42.0
2026-01-20 06:00:00,44.7,-49.230045173310586,1.0,Tema Port,tabular,ridge_ar_lag_fourier,h168,2026-01-04T23:00:00,2026-01-18T23:00:00,2026-02-15T23:00:00,,,42.0
2026-01-20 07:00:00,50.7,-52.00783896563206,1.0,Tema Port,tabular,ridge_ar_lag_fourier,h168,2026-01-04T23:00:00,2026-01-18T23:00:00,2026-02-15T23:00:00,,,42.0
2026-01-20 08:00:00,40.2,-55.2301934167204,1.0,Tema Port,tabular,ridge_ar_lag_fourier,h168,2026-01-04T23:00:00,2026-01-18T23:00:00,2026-02-15T23:00:00,,,42.0
2026-01-20 09:00:00,36.9,-56.93409459272209,1.0,Tema Port,tabular,ridge_ar_lag_fourier,h168,2026-01-04T23:00:00,2026-01-18T23:00:00,2026-02-15T23:00:00,,,42.0
2026-01-20 10:00:00,35.5,-56.23296802152355,1.0,Tema Port,tabular,ridge_ar_lag_fourier,h168,2026-01-04T23:00:00,2026-01-18T23:00:00,2026-02-15T23:00:00,,,42.0
2026-01-20 11:00:00,34.6,-60.91230081136774,1.0,Tema Port,tabular,ridge_ar_lag_fourier,h168,2026-01-04T23:00:00,2026-01-18T23:00:00,2026-02-15T23:00:00,,,42.0
2026-01-20 12:00:00,31.3,-62.32964955272503,1.0,Tema Port,tabular,ridge_ar_lag_fourier,h168,2026-01-04T23:00:00,2026-01-18T23:00:00,2026-02-15T23:00:00,,,42.0
2026-01-20 13:00:00,25.0,-60.379058610128496,1.0,Tema Port,tabular,ridge_ar_lag_fourier,h168,2026-01-04T23:00:00,2026-01-18T23:00:00,2026-02-15T23:00:00,,,42.0
2026-01-20 14:00:00,26.2,-65.75979611878097,1.0,Tema Port,tabular,ridge_ar_lag_fourier,h168,2026-01-04T23:00:00,2026-01-18T23:00:00,2026-02-15T23:00:00,,,42.0
2026-01-20 15:00:00,33.8,-67.44528130913324,1.0,Tema Port,tabular,ridge_ar_lag_fourier,h168,2026-01-04T23:00:00,2026-01-18T23:00:00,2026-02-15T23:00:00,,,42.0
2026-01-20 16:00:00,25.5,-67.78948936698002,1.0,Tema Port,tabular,ridge_ar_lag_fourier,h168,2026-01-04T23:00:00,2026-01-18T23:00:00,2026-02-15T23:00:00,,,42.0
2026-01-20 17:00:00,30.8,-67.41130814830228,1.0,Tema Port,tabular,ridge_ar_lag_fourier,h168,2026-01-04T23:00:00,2026-01-18T23:00:00,2026-02-15T23:00:00,,,42.0
2026-01-20 18:00:00,27.8,-64.39580379461941,1.0,Tema Port,tabular,ridge_ar_lag_fourier,h168,2026-01-04T23:00:00,2026-01-18T23:00:00,2026-02-15T23:00:00,,,42.0
2026-01-20 19:00:00,35.0,-65.81366900432441,1.0,Tema Port,tabular,ridge_ar_lag_fourier,h168,2026-01-04T23:00:00,2026-01-18T23:00:00,2026-02-15T23:00:00,,,42.0
2026-01-20 20:00:00,33.8,-65.97896908970675,1.0,Tema Port,tabular,ridge_ar_lag_fourier,h168,2026-01-04T23:00:00,2026-01-18T23:00:00,2026-02-15T23:00:00,,,42.0
2026-01-20 21:00:00,34.8,-66.24669599551717,1.0,Tema Port,tabular,ridge_ar_lag_fourier,h168,2026-01-04T23:00:00,2026-01-18T23:00:00,2026-02-15T23:00:00,,,42.0
2026-01-20 22:00:00,14.9,-64.96078134933984,1.0,Tema Port,tabular,ridge_ar_lag_fourier,h168,2026-01-04T23:00:00,2026-01-18T23:00:00,2026-02-15T23:00:00,,,42.0
2026-01-20 23:00:00,9.0,-65.1414277390841,1.0,Tema Port,tabular,ridge_ar_lag_fourier,h168,2026-01-04T23:00:00,2026-01-18T23:00:00,2026-02-15T23:00:00,,,42.0
2026-01-21 00:00:00,9.1,-59.12254283968139,1.0,Tema Port,tabular,ridge_ar_lag_fourier,h168,2026-01-04T23:00:00,2026-01-18T23:00:00,2026-02-15T23:00:00,,,42.0
2026-01-21 01:00:00,21.2,-58.441242194161646,1.0,Tema Port,tabular,ridge_ar_lag_fourier,h168,2026-01-04T23:00:00,2026-01-18T23:00:00,2026-02-15T23:00:00,,,42.0
2026-01-21 02:00:00,22.4,-54.75578523453804,1.0,Tema Port,tabular,ridge_ar_lag_fourier,h168,2026-01-04T23:00:00,2026-01-18T23:00:00,2026-02-15T23:00:00,,,42.0
2026-01-21 03:00:00,27.5,-53.24738355398654,1.0,Tema Port,tabular,ridge_ar_lag_fourier,h168,2026-01-04T23:00:00,2026-01-18T23:00:00,2026-02-15T23:00:00,,,42.0
2026-01-21 04:00:00,38.6,-55.072475193573226,1.0,Tema Port,tabular,ridge_ar_lag_fourier,h168,2026-01-04T23:00:00,2026-01-18T23:00:00,2026-02-15T23:00:00,,,42.0
2026-01-21 05:00:00,48.3,-51.65129820388769,1.0,Tema Port,tabular,ridge_ar_lag_fourier,h168,2026-01-04T23:00:00,2026-01-18T23:00:00,2026-02-15T23:00:00,,,42.0
2026-01-21 06:00:00,57.1,-49.434058718546595,1.0,Tema Port,tabular,ridge_ar_lag_fourier,h168,2026-01-04T23:00:00,2026-01-18T23:00:00,2026-02-15T23:00:00,,,42.0
2026-01-21 07:00:00,51.0,-48.919425761572526,1.0,Tema Port,tabular,ridge_ar_lag_fourier,h168,2026-01-04T23:00:00,2026-01-18T23:00:00,2026-02-15T23:00:00,,,42.0
2026-01-21 08:00:00,39.6,-56.035103464529826,1.0,Tema Port,tabular,ridge_ar_lag_fourier,h168,2026-01-04T23:00:00,2026-01-18T23:00:00,2026-02-15T23:00:00,,,42.0
2026-01-21 09:00:00,29.6,-59.576133702207585,1.0,Tema Port,tabular,ridge_ar_lag_fourier,h168,2026-01-04T23:00:00,2026-01-18T23:00:00,2026-02-15T23:00:00,,,42.0
2026-01-21 10:00:00,36.1,-59.55668163946672,1.0,Tema Port,tabular,ridge_ar_lag_fourier,h168,2026-01-04T23:00:00,2026-01-18T23:00:00,2026-02-15T23:00:00,,,42.0
2026-01-21 11:00:00,42.5,-62.24646541709393,1.0,Tema Port,tabular,ridge_ar_lag_fourier,h168,2026-01-04T23:00:00,2026-01-18T23:00:00,2026-02-15T23:00:00,,,42.0
2026-01-21 12:00:00,34.2,-64.52751982495579,1.0,Tema Port,tabular,ridge_ar_lag_fourier,h168,2026-01-04T23:00:00,2026-01-18T23:00:00,2026-02-15T23:00:00,,,42.0
2026-01-21 13:00:00,25.2,-60.314237589495036,1.0,Tema Port,tabular,ridge_ar_lag_fourier,h168,2026-01-04T23:00:00,2026-01-18T23:00:00,2026-02-15T23:00:00,,,42.0
2026-01-21 14:00:00,28.9,-63.46524486838416,1.0,Tema Port,tabular,ridge_ar_lag_fourier,h168,2026-01-04T23:00:00,2026-01-18T23:00:00,2026-02-15T23:00:00,,,42.0
2026-01-21 15:00:00,26.5,-64.3985120818306,1.0,Tema Port,tabular,ridge_ar_lag_fourier,h168,2026-01-04T23:00:00,2026-01-18T23:00:00,2026-02-15T23:00:00,,,42.0
2026-01-21 16:00:00,32.1,-65.71863182772039,1.0,Tema Port,tabular,ridge_ar_lag_fourier,h168,2026-01-04T23:00:00,2026-01-18T23:00:00,2026-02-15T23:00:00,,,42.0
2026-01-21 17:00:00,32.6,-65.21434972689572,1.0,Tema Port,tabular,ridge_ar_lag_fourier,h168,2026-01-04T23:00:00,2026-01-18T23:00:00,2026-02-15T23:00:00,,,42.0
2026-01-21 18:00:00,29.5,-64.40524921493996,1.0,Tema Port,tabular,ridge_ar_lag_fourier,h168,2026-01-04T23:00:00,2026-01-18T23:00:00,2026-02-15T23:00:00,,,42.0
2026-01-21 19:00:00,27.5,-64.71628516111065,1.0,Tema Port,tabular,ridge_ar_lag_fourier,h168,2026-01-04T23:00:00,2026-01-18T23:00:00,2026-02-15T23:00:00,,,42.0
2026-01-21 20:00:00,37.5,-65.65226490318219,1.0,Tema Port,tabular,ridge_ar_lag_fourier,h168,2026-01-04T23:00:00,2026-01-18T23:00:00,2026-02-15T23:00:00,,,42.0
2026-01-21 21:00:00,42.1,-65.91824995227279,1.0,Tema Port,tabular,ridge_ar_lag_fourier,h168,2026-01-04T23:00:00,2026-01-18T23:00:00,2026-02-15T23:00:00,,,42.0
2026-01-21 22:00:00,33.1,-64.72889134200112,1.0,Tema Port,tabular,ridge_ar_lag_fourier,h168,2026-01-04T23:00:00,2026-01-18T23:00:00,2026-02-15T23:00:00,,,42.0
2026-01-21 23:00:00,32.2,-62.48887040952384,1.0,Tema Port,tabular,ridge_ar_lag_fourier,h168,2026-01-04T23:00:00,2026-01-18T23:00:00,2026-02-15T23:00:00,,,42.0
2026-01-22 00:00:00,37.7,-53.956751565484154,1.0,Tema Port,tabular,ridge_ar_lag_fourier,h168,2026-01-04T23:00:00,2026-01-18T23:00:00,2026-02-15T23:00:00,,,42.0
2026-01-22 01:00:00,30.4,-53.949786410428715,1.0,Tema Port,tabular,ridge_ar_lag_fourier,h168,2026-01-04T23:00:00,2026-01-18T23:00:00,2026-02-15T23:00:00,,,42.0
2026-01-22 02:00:00,31.0,-52.89018488909002,1.0,Tema Port,tabular,ridge_ar_lag_fourier,h168,2026-01-04T23:00:00,2026-01-18T23:00:00,2026-02-15T23:00:00,,,42.0
2026-01-22 03:00:00,36.8,-49.35215529611605,1.0,Tema Port,tabular,ridge_ar_lag_fourier,h168,2026-01-04T23:00:00,2026-01-18T23:00:00,2026-02-15T23:00:00,,,42.0
2026-01-22 04:00:00,29.2,-51.118542625856364,1.0,Tema Port,tabular,ridge_ar_lag_fourier,h168,2026-01-04T23:00:00,2026-01-18T23:00:00,2026-02-15T23:00:00,,,42.0
2026-01-22 05:00:00,39.7,-49.757931636605434,1.0,Tema Port,tabular,ridge_ar_lag_fourier,h168,2026-01-04T23:00:00,2026-01-18T23:00:00,2026-02-15T23:00:00,,,42.0
2026-01-22 06:00:00,56.1,-49.14911481969426,1.0,Tema Port,tabular,ridge_ar_lag_fourier,h168,2026-01-04T23:00:00,2026-01-18T23:00:00,2026-02-15T23:00:00,,,42.0
2026-01-22 07:00:00,85.0,-51.07012717495908,1.0,Tema Port,tabular,ridge_ar_lag_fourier,h168,2026-01-04T23:00:00,2026-01-18T23:00:00,2026-02-15T23:00:00,,,42.0
2026-01-22 08:00:00,44.9,-55.352979969374175,1.0,Tema Port,tabular,ridge_ar_lag_fourier,h168,2026-01-04T23:00:00,2026-01-18T23:00:00,2026-02-15T23:00:00,,,42.0
2026-01-22 09:00:00,38.9,-57.21594551224882,1.0,Tema Port,tabular,ridge_ar_lag_fourier,h168,2026-01-04T23:00:00,2026-01-18T23:00:00,2026-02-15T23:00:00,,,42.0
2026-01-22 10:00:00,48.5,-57.181086957007096,1.0,Tema Port,tabular,ridge_ar_lag_fourier,h168,2026-01-04T23:00:00,2026-01-18T23:00:00,2026-02-15T23:00:00,,,42.0
2026-01-22 11:00:00,38.3,-58.64258705772525,1.0,Tema Port,tabular,ridge_ar_lag_fourier,h168,2026-01-04T23:00:00,2026-01-18T23:00:00,2026-02-15T23:00:00,,,42.0
2026-01-22 12:00:00,37.8,-59.50853343242562,1.0,Tema Port,tabular,ridge_ar_lag_fourier,h168,2026-01-04T23:00:00,2026-01-18T23:00:00,2026-02-15T23:00:00,,,42.0
2026-01-22 13:00:00,35.4,-57.42830100350288,1.0,Tema Port,tabular,ridge_ar_lag_fourier,h168,2026-01-04T23:00:00,2026-01-18T23:00:00,2026-02-15T23:00:00,,,42.0
2026-01-22 14:00:00,41.8,-62.50143768368379,1.0,Tema Port,tabular,ridge_ar_lag_fourier,h168,2026-01-04T23:00:00,2026-01-18T23:00:00,2026-02-15T23:00:00,,,42.0
2026-01-22 15:00:00,27.4,-62.46162017083451,1.0,Tema Port,tabular,ridge_ar_lag_fourier,h168,2026-01-04T23:00:00,2026-01-18T23:00:00,2026-02-15T23:00:00,,,42.0
2026-01-22 16:00:00,29.2,-64.2113056182838,1.0,Tema Port,tabular,ridge_ar_lag_fourier,h168,2026-01-04T23:00:00,2026-01-18T23:00:00,2026-02-15T23:00:00,,,42.0
2026-01-22 17:00:00,31.2,-64.62317905948078,1.0,Tema Port,tabular,ridge_ar_lag_fourier,h168,2026-01-04T23:00:00,2026-01-18T23:00:00,2026-02-15T23:00:00,,,42.0
2026-01-22 18:00:00,27.8,-62.98000093511615,1.0,Tema Port,tabular,ridge_ar_lag_fourier,h168,2026-01-04T23:00:00,2026-01-18T23:00:00,2026-02-15T23:00:00,,,42.0
2026-01-22 19:00:00,27.9,-63.082786975250855,1.0,Tema Port,tabular,ridge_ar_lag_fourier,h168,2026-01-04T23:00:00,2026-01-18T23:00:00,2026-02-15T23:00:00,,,42.0
2026-01-22 20:00:00,27.5,-62.9718434325095,1.0,Tema Port,tabular,ridge_ar_lag_fourier,h168,2026-01-04T23:00:00,2026-01-18T23:00:00,2026-02-15T23:00:00,,,42.0
2026-01-22 21:00:00,27.1,-63.44906815881633,1.0,Tema Port,tabular,ridge_ar_lag_fourier,h168,2026-01-04T23:00:00,2026-01-18T23:00:00,2026-02-15T23:00:00,,,42.0
2026-01-22 22:00:00,31.5,-63.29667157162288,1.0,Tema Port,tabular,ridge_ar_lag_fourier,h168,2026-01-04T23:00:00,2026-01-18T23:00:00,2026-02-15T23:00:00,,,42.0
2026-01-22 23:00:00,24.0,-63.0121341166506,1.0,Tema Port,tabular,ridge_ar_lag_fourier,h168,2026-01-04T23:00:00,2026-01-18T23:00:00,2026-02-15T23:00:00,,,42.0
2026-01-23 00:00:00,27.6,-59.24522865422058,1.0,Tema Port,tabular,ridge_ar_lag_fourier,h168,2026-01-04T23:00:00,2026-01-18T23:00:00,2026-02-15T23:00:00,,,42.0
2026-01-23 01:00:00,36.6,-58.3693722017191,1.0,Tema Port,tabular,ridge_ar_lag_fourier,h168,2026-01-04T23:00:00,2026-01-18T23:00:00,2026-02-15T23:00:00,,,42.0
2026-01-23 02:00:00,31.0,-57.54570670227082,1.0,Tema Port,tabular,ridge_ar_lag_fourier,h168,2026-01-04T23:00:00,2026-01-18T23:00:00,2026-02-15T23:00:00,,,42.0
2026-01-23 03:00:00,42.6,-53.738489010287694,1.0,Tema Port,tabular,ridge_ar_lag_fourier,h168,2026-01-04T23:00:00,2026-01-18T23:00:00,2026-02-15T23:00:00,,,42.0
2026-01-23 04:00:00,52.3,-52.387187331542336,1.0,Tema Port,tabular,ridge_ar_lag_fourier,h168,2026-01-04T23:00:00,2026-01-18T23:00:00,2026-02-15T23:00:00,,,42.0
2026-01-23 05:00:00,67.7,-49.16295653661726,1.0,Tema Port,tabular,ridge_ar_lag_fourier,h168,2026-01-04T23:00:00,2026-01-18T23:00:00,2026-02-15T23:00:00,,,42.0
2026-01-23 06:00:00,101.5,-46.04279670866913,1.0,Tema Port,tabular,ridge_ar_lag_fourier,h168,2026-01-04T23:00:00,2026-01-18T23:00:00,2026-02-15T23:00:00,,,42.0
2026-01-23 07:00:00,80.1,-46.81671591351814,1.0,Tema Port,tabular,ridge_ar_lag_fourier,h168,2026-01-04T23:00:00,2026-01-18T23:00:00,2026-02-15T23:00:00,,,42.0
2026-01-23 08:00:00,57.5,-50.924372610027845,1.0,Tema Port,tabular,ridge_ar_lag_fourier,h168,2026-01-04T23:00:00,2026-01-18T23:00:00,2026-02-15T23:00:00,,,42.0
2026-01-23 09:00:00,38.6,-55.99397515240936,1.0,Tema Port,tabular,ridge_ar_lag_fourier,h168,2026-01-04T23:00:00,2026-01-18T23:00:00,2026-02-15T23:00:00,,,42.0
2026-01-23 10:00:00,38.4,-58.348516383608796,1.0,Tema Port,tabular,ridge_ar_lag_fourier,h168,2026-01-04T23:00:00,2026-01-18T23:00:00,2026-02-15T23:00:00,,,42.0
2026-01-23 11:00:00,30.7,-59.206883827483566,1.0,Tema Port,tabular,ridge_ar_lag_fourier,h168,2026-01-04T23:00:00,2026-01-18T23:00:00,2026-02-15T23:00:00,,,42.0
2026-01-23 12:00:00,29.7,-62.55578675992825,1.0,Tema Port,tabular,ridge_ar_lag_fourier,h168,2026-01-04T23:00:00,2026-01-18T23:00:00,2026-02-15T23:00:00,,,42.0
2026-01-23 13:00:00,25.4,-61.53835163312783,1.0,Tema Port,tabular,ridge_ar_lag_fourier,h168,2026-01-04T23:00:00,2026-01-18T23:00:00,2026-02-15T23:00:00,,,42.0
2026-01-23 14:00:00,20.3,-64.61946002402138,1.0,Tema Port,tabular,ridge_ar_lag_fourier,h168,2026-01-04T23:00:00,2026-01-18T23:00:00,2026-02-15T23:00:00,,,42.0
2026-01-23 15:00:00,22.4,-65.76794705462761,1.0,Tema Port,tabular,ridge_ar_lag_fourier,h168,2026-01-04T23:00:00,2026-01-18T23:00:00,2026-02-15T23:00:00,,,42.0
2026-01-23 16:00:00,18.2,-66.63593180862313,1.0,Tema Port,tabular,ridge_ar_lag_fourier,h168,2026-01-04T23:00:00,2026-01-18T23:00:00,2026-02-15T23:00:00,,,42.0
2026-01-23 17:00:00,23.3,-65.62500075023145,1.0,Tema Port,tabular,ridge_ar_lag_fourier,h168,2026-01-04T23:00:00,2026-01-18T23:00:00,2026-02-15T23:00:00,,,42.0
2026-01-23 18:00:00,25.9,-63.94055054212957,1.0,Tema Port,tabular,ridge_ar_lag_fourier,h168,2026-01-04T23:00:00,2026-01-18T23:00:00,2026-02-15T23:00:00,,,42.0
2026-01-23 19:00:00,35.4,-65.93435605639084,1.0,Tema Port,tabular,ridge_ar_lag_fourier,h168,2026-01-04T23:00:00,2026-01-18T23:00:00,2026-02-15T23:00:00,,,42.0
2026-01-23 20:00:00,27.4,-66.06488329871507,1.0,Tema Port,tabular,ridge_ar_lag_fourier,h168,2026-01-04T23:00:00,2026-01-18T23:00:00,2026-02-15T23:00:00,,,42.0
2026-01-23 21:00:00,21.9,-67.09058123094769,1.0,Tema Port,tabular,ridge_ar_lag_fourier,h168,2026-01-04T23:00:00,2026-01-18T23:00:00,2026-02-15T23:00:00,,,42.0
2026-01-23 22:00:00,31.6,-65.97583362739464,1.0,Tema Port,tabular,ridge_ar_lag_fourier,h168,2026-01-04T23:00:00,2026-01-18T23:00:00,2026-02-15T23:00:00,,,42.0
2026-01-23 23:00:00,33.6,-65.25287657372178,1.0,Tema Port,tabular,ridge_ar_lag_fourier,h168,2026-01-04T23:00:00,2026-01-18T23:00:00,2026-02-15T23:00:00,,,42.0
2026-01-24 00:00:00,39.4,-62.506027357271336,1.0,Tema Port,tabular,ridge_ar_lag_fourier,h168,2026-01-04T23:00:00,2026-01-18T23:00:00,2026-02-15T23:00:00,,,42.0
2026-01-24 01:00:00,45.2,-60.763035952577084,1.0,Tema Port,tabular,ridge_ar_lag_fourier,h168,2026-01-04T23:00:00,2026-01-18T23:00:00,2026-02-15T23:00:00,,,42.0
2026-01-24 02:00:00,42.0,-57.97299581837876,1.0,Tema Port,tabular,ridge_ar_lag_fourier,h168,2026-01-04T23:00:00,2026-01-18T23:00:00,2026-02-15T23:00:00,,,42.0
2026-01-24 03:00:00,51.1,-53.310102414349785,1.0,Tema Port,tabular,ridge_ar_lag_fourier,h168,2026-01-04T23:00:00,2026-01-18T23:00:00,2026-02-15T23:00:00,,,42.0
2026-01-24 04:00:00,63.7,-53.600475753793916,1.0,Tema Port,tabular,ridge_ar_lag_fourier,h168,2026-01-04T23:00:00,2026-01-18T23:00:00,2026-02-15T23:00:00,,,42.0
2026-01-24 05:00:00,60.2,-48.01395850743289,1.0,Tema Port,tabular,ridge_ar_lag_fourier,h168,2026-01-04T23:00:00,2026-01-18T23:00:00,2026-02-15T23:00:00,,,42.0
2026-01-24 06:00:00,48.9,-47.01793364147666,1.0,Tema Port,tabular,ridge_ar_lag_fourier,h168,2026-01-04T23:00:00,2026-01-18T23:00:00,2026-02-15T23:00:00,,,42.0
2026-01-24 07:00:00,60.9,-47.816972071417894,1.0,Tema Port,tabular,ridge_ar_lag_fourier,h168,2026-01-04T23:00:00,2026-01-18T23:00:00,2026-02-15T23:00:00,,,42.0
2026-01-24 08:00:00,45.9,-53.36506378120727,1.0,Tema Port,tabular,ridge_ar_lag_fourier,h168,2026-01-04T23:00:00,2026-01-18T23:00:00,2026-02-15T23:00:00,,,42.0
2026-01-24 09:00:00,39.0,-58.820787702586074,1.0,Tema Port,tabular,ridge_ar_lag_fourier,h168,2026-01-04T23:00:00,2026-01-18T23:00:00,2026-02-15T23:00:00,,,42.0
2026-01-24 10:00:00,39.2,-58.5608437207712,1.0,Tema Port,tabular,ridge_ar_lag_fourier,h168,2026-01-04T23:00:00,2026-01-18T23:00:00,2026-02-15T23:00:00,,,42.0
2026-01-24 11:00:00,35.9,-61.838574432964805,1.0,Tema Port,tabular,ridge_ar_lag_fourier,h168,2026-01-04T23:00:00,2026-01-18T23:00:00,2026-02-15T23:00:00,,,42.0
2026-01-24 12:00:00,26.0,-66.11720446311435,1.0,Tema Port,tabular,ridge_ar_lag_fourier,h168,2026-01-04T23:00:00,2026-01-18T23:00:00,2026-02-15T23:00:00,,,42.0
2026-01-24 13:00:00,27.8,-63.51761655953146,1.0,Tema Port,tabular,ridge_ar_lag_fourier,h168,2026-01-04T23:00:00,2026-01-18T23:00:00,2026-02-15T23:00:00,,,42.0
2026-01-24 14:00:00,24.3,-66.10961018912052,1.0,Tema Port,tabular,ridge_ar_lag_fourier,h168,2026-01-04T23:00:00,2026-01-18T23:00:00,2026-02-15T23:00:00,,,42.0
2026-01-24 15:00:00,24.0,-67.54448638111785,1.0,Tema Port,tabular,ridge_ar_lag_fourier,h168,2026-01-04T23:00:00,2026-01-18T23:00:00,2026-02-15T23:00:00,,,42.0
2026-01-24 16:00:00,24.9,-65.62870842162005,1.0,Tema Port,tabular,ridge_ar_lag_fourier,h168,2026-01-04T23:00:00,2026-01-18T23:00:00,2026-02-15T23:00:00,,,42.0
2026-01-24 17:00:00,25.5,-64.89996836030366,1.0,Tema Port,tabular,ridge_ar_lag_fourier,h168,2026-01-04T23:00:00,2026-01-18T23:00:00,2026-02-15T23:00:00,,,42.0
2026-01-24 18:00:00,29.4,-66.27793776154212,1.0,Tema Port,tabular,ridge_ar_lag_fourier,h168,2026-01-04T23:00:00,2026-01-18T23:00:00,2026-02-15T23:00:00,,,42.0
2026-01-24 19:00:00,28.1,-65.98847582491165,1.0,Tema Port,tabular,ridge_ar_lag_fourier,h168,2026-01-04T23:00:00,2026-01-18T23:00:00,2026-02-15T23:00:00,,,42.0
2026-01-24 20:00:00,30.0,-64.74434297862248,1.0,Tema Port,tabular,ridge_ar_lag_fourier,h168,2026-01-04T23:00:00,2026-01-18T23:00:00,2026-02-15T23:00:00,,,42.0
2026-01-24 21:00:00,27.5,-65.57097052897151,1.0,Tema Port,tabular,ridge_ar_lag_fourier,h168,2026-01-04T23:00:00,2026-01-18T23:00:00,2026-02-15T23:00:00,,,42.0
2026-01-24 22:00:00,30.8,-67.68276677069723,1.0,Tema Port,tabular,ridge_ar_lag_fourier,h168,2026-01-04T23:00:00,2026-01-18T23:00:00,2026-02-15T23:00:00,,,42.0
2026-01-24 23:00:00,34.3,-66.95690480319637,1.0,Tema Port,tabular,ridge_ar_lag_fourier,h168,2026-01-04T23:00:00,2026-01-18T23:00:00,2026-02-15T23:00:00,,,42.0
2026-01-25 00:00:00,31.1,-62.935427091248314,1.0,Tema Port,tabular,ridge_ar_lag_fourier,h168,2026-01-04T23:00:00,2026-01-18T23:00:00,2026-02-15T23:00:00,,,42.0
2026-01-25 01:00:00,30.0,-61.49206832554411,1.0,Tema Port,tabular,ridge_ar_lag_fourier,h168,2026-01-04T23:00:00,2026-01-18T23:00:00,2026-02-15T23:00:00,,,42.0
2026-01-25 02:00:00,33.8,-62.695149982954604,1.0,Tema Port,tabular,ridge_ar_lag_fourier,h168,2026-01-04T23:00:00,2026-01-18T23:00:00,2026-02-15T23:00:00,,,42.0
2026-01-25 03:00:00,33.3,-58.27934189488113,1.0,Tema Port,tabular,ridge_ar_lag_fourier,h168,2026-01-04T23:00:00,2026-01-18T23:00:00,2026-02-15T23:00:00,,,42.0
2026-01-25 04:00:00,41.8,-51.708932097653445,1.0,Tema Port,tabular,ridge_ar_lag_fourier,h168,2026-01-04T23:00:00,2026-01-18T23:00:00,2026-02-15T23:00:00,,,42.0
2026-01-25 05:00:00,41.6,-47.46371931084575,1.0,Tema Port,tabular,ridge_ar_lag_fourier,h168,2026-01-04T23:00:00,2026-01-18T23:00:00,2026-02-15T23:00:00,,,42.0
2026-01-25 06:00:00,42.3,-48.777628360488364,1.0,Tema Port,tabular,ridge_ar_lag_fourier,h168,2026-01-04T23:00:00,2026-01-18T23:00:00,2026-02-15T23:00:00,,,42.0
2026-01-25 07:00:00,61.7,-50.92805522622599,1.0,Tema Port,tabular,ridge_ar_lag_fourier,h168,2026-01-04T23:00:00,2026-01-18T23:00:00,2026-02-15T23:00:00,,,42.0
2026-01-25 08:00:00,43.5,-57.28827967098508,1.0,Tema Port,tabular,ridge_ar_lag_fourier,h168,2026-01-04T23:00:00,2026-01-18T23:00:00,2026-02-15T23:00:00,,,42.0
2026-01-25 09:00:00,39.1,-60.178731136276866,1.0,Tema Port,tabular,ridge_ar_lag_fourier,h168,2026-01-04T23:00:00,2026-01-18T23:00:00,2026-02-15T23:00:00,,,42.0
2026-01-25 10:00:00,44.1,-61.73188929642697,1.0,Tema Port,tabular,ridge_ar_lag_fourier,h168,2026-01-04T23:00:00,2026-01-18T23:00:00,2026-02-15T23:00:00,,,42.0
2026-01-25 11:00:00,49.4,-65.58633896123146,1.0,Tema Port,tabular,ridge_ar_lag_fourier,h168,2026-01-04T23:00:00,2026-01-18T23:00:00,2026-02-15T23:00:00,,,42.0
2026-01-25 12:00:00,38.4,-68.07235905680037,1.0,Tema Port,tabular,ridge_ar_lag_fourier,h168,2026-01-04T23:00:00,2026-01-18T23:00:00,2026-02-15T23:00:00,,,42.0
2026-01-25 13:00:00,36.0,-62.01086382052169,1.0,Tema Port,tabular,ridge_ar_lag_fourier,h168,2026-01-04T23:00:00,2026-01-18T23:00:00,2026-02-15T23:00:00,,,42.0
2026-01-25 14:00:00,33.2,-67.25997627383887,1.0,Tema Port,tabular,ridge_ar_lag_fourier,h168,2026-01-04T23:00:00,2026-01-18T23:00:00,2026-02-15T23:00:00,,,42.0
2026-01-25 15:00:00,32.9,-67.80562182517846,1.0,Tema Port,tabular,ridge_ar_lag_fourier,h168,2026-01-04T23:00:00,2026-01-18T23:00:00,2026-02-15T23:00:00,,,42.0
2026-01-25 16:00:00,28.7,-69.34893298144092,1.0,Tema Port,tabular,ridge_ar_lag_fourier,h168,2026-01-04T23:00:00,2026-01-18T23:00:00,2026-02-15T23:00:00,,,42.0
2026-01-25 17:00:00,30.9,-68.37225596716895,1.0,Tema Port,tabular,ridge_ar_lag_fourier,h168,2026-01-04T23:00:00,2026-01-18T23:00:00,2026-02-15T23:00:00,,,42.0
2026-01-25 18:00:00,34.8,-65.86251578526247,1.0,Tema Port,tabular,ridge_ar_lag_fourier,h168,2026-01-04T23:00:00,2026-01-18T23:00:00,2026-02-15T23:00:00,,,42.0
2026-01-25 19:00:00,31.1,-62.05348182150422,1.0,Tema Port,tabular,ridge_ar_lag_fourier,h168,2026-01-04T23:00:00,2026-01-18T23:00:00,2026-02-15T23:00:00,,,42.0
2026-01-25 20:00:00,31.4,-66.21512821739762,1.0,Tema Port,tabular,ridge_ar_lag_fourier,h168,2026-01-04T23:00:00,2026-01-18T23:00:00,2026-02-15T23:00:00,,,42.0
2026-01-25 21:00:00,32.9,-66.5528724682624,1.0,Tema Port,tabular,ridge_ar_lag_fourier,h168,2026-01-04T23:00:00,2026-01-18T23:00:00,2026-02-15T23:00:00,,,42.0
2026-01-25 22:00:00,33.1,-68.53573166596644,1.0,Tema Port,tabular,ridge_ar_lag_fourier,h168,2026-01-04T23:00:00,2026-01-18T23:00:00,2026-02-15T23:00:00,,,42.0
2026-01-25 23:00:00,44.9,-67.05877339842513,1.0,Tema Port,tabular,ridge_ar_lag_fourier,h168,2026-01-04T23:00:00,2026-01-18T23:00:00,2026-02-15T23:00:00,,,42.0
2026-01-26 00:00:00,51.9,-55.73254554585259,1.0,Tema Port,tabular,ridge_ar_lag_fourier,h168,2026-01-04T23:00:00,2026-01-18T23:00:00,2026-02-15T23:00:00,,,42.0
2026-01-26 01:00:00,43.1,-52.82218508007185,1.0,Tema Port,tabular,ridge_ar_lag_fourier,h168,2026-01-04T23:00:00,2026-01-18T23:00:00,2026-02-15T23:00:00,,,42.0
2026-01-26 02:00:00,40.7,-51.99219777787275,1.0,Tema Port,tabular,ridge_ar_lag_fourier,h168,2026-01-04T23:00:00,2026-01-18T23:00:00,2026-02-15T23:00:00,,,42.0
2026-01-26 03:00:00,52.1,-50.51350372575979,1.0,Tema Port,tabular,ridge_ar_lag_fourier,h168,2026-01-04T23:00:00,2026-01-18T23:00:00,2026-02-15T23:00:00,,,42.0
2026-01-26 04:00:00,48.6,-48.6960517185081,1.0,Tema Port,tabular,ridge_ar_lag_fourier,h168,2026-01-04T23:00:00,2026-01-18T23:00:00,2026-02-15T23:00:00,,,42.0
2026-01-26 05:00:00,49.0,-46.87067441021583,1.0,Tema Port,tabular,ridge_ar_lag_fourier,h168,2026-01-04T23:00:00,2026-01-18T23:00:00,2026-02-15T23:00:00,,,42.0
2026-01-26 06:00:00,52.0,-44.16686057647246,1.0,Tema Port,tabular,ridge_ar_lag_fourier,h168,2026-01-04T23:00:00,2026-01-18T23:00:00,2026-02-15T23:00:00,,,42.0
2026-01-26 07:00:00,48.5,-43.96441847927838,1.0,Tema Port,tabular,ridge_ar_lag_fourier,h168,2026-01-04T23:00:00,2026-01-18T23:00:00,2026-02-15T23:00:00,,,42.0
2026-01-26 08:00:00,45.5,-50.24525481469415,1.0,Tema Port,tabular,ridge_ar_lag_fourier,h168,2026-01-04T23:00:00,2026-01-18T23:00:00,2026-02-15T23:00:00,,,42.0
2026-01-26 09:00:00,40.2,-49.872425320997806,1.0,Tema Port,tabular,ridge_ar_lag_fourier,h168,2026-01-04T23:00:00,2026-01-18T23:00:00,2026-02-15T23:00:00,,,42.0
2026-01-26 10:00:00,43.6,-54.666234976402166,1.0,Tema Port,tabular,ridge_ar_lag_fourier,h168,2026-01-04T23:00:00,2026-01-18T23:00:00,2026-02-15T23:00:00,,,42.0
2026-01-26 11:00:00,45.0,-60.85557634320901,1.0,Tema Port,tabular,ridge_ar_lag_fourier,h168,2026-01-04T23:00:00,2026-01-18T23:00:00,2026-02-15T23:00:00,,,42.0
2026-01-26 12:00:00,39.9,-65.1801998335628,1.0,Tema Port,tabular,ridge_ar_lag_fourier,h168,2026-01-04T23:00:00,2026-01-18T23:00:00,2026-02-15T23:00:00,,,42.0
2026-01-26 13:00:00,36.3,-66.3900923372305,1.0,Tema Port,tabular,ridge_ar_lag_fourier,h168,2026-01-04T23:00:00,2026-01-18T23:00:00,2026-02-15T23:00:00,,,42.0
2026-01-26 14:00:00,33.2,-65.43096795457807,1.0,Tema Port,tabular,ridge_ar_lag_fourier,h168,2026-01-04T23:00:00,2026-01-18T23:00:00,2026-02-15T23:00:00,,,42.0
2026-01-26 15:00:00,31.5,-65.76926943023744,1.0,Tema Port,tabular,ridge_ar_lag_fourier,h168,2026-01-04T23:00:00,2026-01-18T23:00:00,2026-02-15T23:00:00,,,42.0
2026-01-26 16:00:00,32.8,-66.34835238887675,1.0,Tema Port,tabular,ridge_ar_lag_fourier,h168,2026-01-04T23:00:00,2026-01-18T23:00:00,2026-02-15T23:00:00,,,42.0
2026-01-26 17:00:00,35.1,-65.5180859707778,1.0,Tema Port,tabular,ridge_ar_lag_fourier,h168,2026-01-04T23:00:00,2026-01-18T23:00:00,2026-02-15T23:00:00,,,42.0
2026-01-26 18:00:00,36.7,-62.44341830765785,1.0,Tema Port,tabular,ridge_ar_lag_fourier,h168,2026-01-04T23:00:00,2026-01-18T23:00:00,2026-02-15T23:00:00,,,42.0
2026-01-26 19:00:00,36.4,-56.94800345905615,1.0,Tema Port,tabular,ridge_ar_lag_fourier,h168,2026-01-04T23:00:00,2026-01-18T23:00:00,2026-02-15T23:00:00,,,42.0
2026-01-26 20:00:00,33.5,-61.57300617975599,1.0,Tema Port,tabular,ridge_ar_lag_fourier,h168,2026-01-04T23:00:00,2026-01-18T23:00:00,2026-02-15T23:00:00,,,42.0
2026-01-26 21:00:00,34.0,-62.60460673423333,1.0,Tema Port,tabular,ridge_ar_lag_fourier,h168,2026-01-04T23:00:00,2026-01-18T23:00:00,2026-02-15T23:00:00,,,42.0
2026-01-26 22:00:00,35.9,-63.23994802559582,1.0,Tema Port,tabular,ridge_ar_lag_fourier,h168,2026-01-04T23:00:00,2026-01-18T23:00:00,2026-02-15T23:00:00,,,42.0
2026-01-26 23:00:00,42.1,-62.04632951137344,1.0,Tema Port,tabular,ridge_ar_lag_fourier,h168,2026-01-04T23:00:00,2026-01-18T23:00:00,2026-02-15T23:00:00,,,42.0
2026-01-27 00:00:00,60.6,-54.02352149875355,1.0,Tema Port,tabular,ridge_ar_lag_fourier,h168,2026-01-04T23:00:00,2026-01-18T23:00:00,2026-02-15T23:00:00,,,42.0
2026-01-27 01:00:00,46.5,-53.03763158964634,1.0,Tema Port,tabular,ridge_ar_lag_fourier,h168,2026-01-04T23:00:00,2026-01-18T23:00:00,2026-02-15T23:00:00,,,42.0
2026-01-27 02:00:00,55.1,-54.5910257141706,1.0,Tema Port,tabular,ridge_ar_lag_fourier,h168,2026-01-04T23:00:00,2026-01-18T23:00:00,2026-02-15T23:00:00,,,42.0
2026-01-27 03:00:00,57.5,-53.118323593561755,1.0,Tema Port,tabular,ridge_ar_lag_fourier,h168,2026-01-04T23:00:00,2026-01-18T23:00:00,2026-02-15T23:00:00,,,42.0
2026-01-27 04:00:00,55.9,-49.82650459547263,1.0,Tema Port,tabular,ridge_ar_lag_fourier,h168,2026-01-04T23:00:00,2026-01-18T23:00:00,2026-02-15T23:00:00,,,42.0
2026-01-27 05:00:00,53.4,-47.657807749289105,1.0,Tema Port,tabular,ridge_ar_lag_fourier,h168,2026-01-04T23:00:00,2026-01-18T23:00:00,2026-02-15T23:00:00,,,42.0
2026-01-27 06:00:00,48.3,-42.94063209236654,1.0,Tema Port,tabular,ridge_ar_lag_fourier,h168,2026-01-04T23:00:00,2026-01-18T23:00:00,2026-02-15T23:00:00,,,42.0
2026-01-27 07:00:00,64.9,-43.863904923871075,1.0,Tema Port,tabular,ridge_ar_lag_fourier,h168,2026-01-04T23:00:00,2026-01-18T23:00:00,2026-02-15T23:00:00,,,42.0
2026-01-27 08:00:00,44.6,-49.408913315055756,1.0,Tema Port,tabular,ridge_ar_lag_fourier,h168,2026-01-04T23:00:00,2026-01-18T23:00:00,2026-02-15T23:00:00,,,42.0
2026-01-27 09:00:00,45.5,-52.872989814181366,1.0,Tema Port,tabular,ridge_ar_lag_fourier,h168,2026-01-04T23:00:00,2026-01-18T23:00:00,2026-02-15T23:00:00,,,42.0
2026-01-27 10:00:00,49.1,-56.03655016513504,1.0,Tema Port,tabular,ridge_ar_lag_fourier,h168,2026-01-04T23:00:00,2026-01-18T23:00:00,2026-02-15T23:00:00,,,42.0
2026-01-27 11:00:00,50.4,-60.71927953990317,1.0,Tema Port,tabular,ridge_ar_lag_fourier,h168,2026-01-04T23:00:00,2026-01-18T23:00:00,2026-02-15T23:00:00,,,42.0
2026-01-27 12:00:00,47.0,-65.43067974001161,1.0,Tema Port,tabular,ridge_ar_lag_fourier,h168,2026-01-04T23:00:00,2026-01-18T23:00:00,2026-02-15T23:00:00,,,42.0
2026-01-27 13:00:00,38.9,-66.42726632707993,1.0,Tema Port,tabular,ridge_ar_lag_fourier,h168,2026-01-04T23:00:00,2026-01-18T23:00:00,2026-02-15T23:00:00,,,42.0
2026-01-27 14:00:00,37.0,-68.44921112575189,1.0,Tema Port,tabular,ridge_ar_lag_fourier,h168,2026-01-04T23:00:00,2026-01-18T23:00:00,2026-02-15T23:00:00,,,42.0
2026-01-27 15:00:00,36.8,-68.49571233305606,1.0,Tema Port,tabular,ridge_ar_lag_fourier,h168,2026-01-04T23:00:00,2026-01-18T23:00:00,2026-02-15T23:00:00,,,42.0
2026-01-27 16:00:00,41.3,-66.5269381747436,1.0,Tema Port,tabular,ridge_ar_lag_fourier,h168,2026-01-04T23:00:00,2026-01-18T23:00:00,2026-02-15T23:00:00,,,42.0
2026-01-27 17:00:00,38.4,-63.627796680548855,1.0,Tema Port,tabular,ridge_ar_lag_fourier,h168,2026-01-04T23:00:00,2026-01-18T23:00:00,2026-02-15T23:00:00,,,42.0
2026-01-27 18:00:00,38.2,-62.58273342914478,1.0,Tema Port,tabular,ridge_ar_lag_fourier,h168,2026-01-04T23:00:00,2026-01-18T23:00:00,2026-02-15T23:00:00,,,42.0
2026-01-27 19:00:00,43.6,-58.61878151541417,1.0,Tema Port,tabular,ridge_ar_lag_fourier,h168,2026-01-04T23:00:00,2026-01-18T23:00:00,2026-02-15T23:00:00,,,42.0
2026-01-27 20:00:00,36.5,-61.71199858472954,1.0,Tema Port,tabular,ridge_ar_lag_fourier,h168,2026-01-04T23:00:00,2026-01-18T23:00:00,2026-02-15T23:00:00,,,42.0
2026-01-27 21:00:00,36.7,-64.41286307919226,1.0,Tema Port,tabular,ridge_ar_lag_fourier,h168,2026-01-04T23:00:00,2026-01-18T23:00:00,2026-02-15T23:00:00,,,42.0
2026-01-27 22:00:00,38.6,-64.02960074611296,1.0,Tema Port,tabular,ridge_ar_lag_fourier,h168,2026-01-04T23:00:00,2026-01-18T23:00:00,2026-02-15T23:00:00,,,42.0
2026-01-27 23:00:00,44.0,-67.17740102852798,1.0,Tema Port,tabular,ridge_ar_lag_fourier,h168,2026-01-04T23:00:00,2026-01-18T23:00:00,2026-02-15T23:00:00,,,42.0
2026-01-28 00:00:00,42.3,-61.29738816580297,1.0,Tema Port,tabular,ridge_ar_lag_fourier,h168,2026-01-04T23:00:00,2026-01-18T23:00:00,2026-02-15T23:00:00,,,42.0
2026-01-28 01:00:00,43.2,-57.97725754139044,1.0,Tema Port,tabular,ridge_ar_lag_fourier,h168,2026-01-04T23:00:00,2026-01-18T23:00:00,2026-02-15T23:00:00,,,42.0
2026-01-28 02:00:00,45.1,-55.397828648890126,1.0,Tema Port,tabular,ridge_ar_lag_fourier,h168,2026-01-04T23:00:00,2026-01-18T23:00:00,2026-02-15T23:00:00,,,42.0
2026-01-28 03:00:00,46.2,-53.696416630349106,1.0,Tema Port,tabular,ridge_ar_lag_fourier,h168,2026-01-04T23:00:00,2026-01-18T23:00:00,2026-02-15T23:00:00,,,42.0
2026-01-28 04:00:00,53.6,-52.387190530030864,1.0,Tema Port,tabular,ridge_ar_lag_fourier,h168,2026-01-04T23:00:00,2026-01-18T23:00:00,2026-02-15T23:00:00,,,42.0
2026-01-28 05:00:00,50.2,-50.463474765112835,1.0,Tema Port,tabular,ridge_ar_lag_fourier,h168,2026-01-04T23:00:00,2026-01-18T23:00:00,2026-02-15T23:00:00,,,42.0
2026-01-28 06:00:00,76.9,-49.57550863051382,1.0,Tema Port,tabular,ridge_ar_lag_fourier,h168,2026-01-04T23:00:00,2026-01-18T23:00:00,2026-02-15T23:00:00,,,42.0
2026-01-28 07:00:00,55.7,-46.39887616622845,1.0,Tema Port,tabular,ridge_ar_lag_fourier,h168,2026-01-04T23:00:00,2026-01-18T23:00:00,2026-02-15T23:00:00,,,42.0
2026-01-28 08:00:00,56.9,-48.8974983631615,1.0,Tema Port,tabular,ridge_ar_lag_fourier,h168,2026-01-04T23:00:00,2026-01-18T23:00:00,2026-02-15T23:00:00,,,42.0
2026-01-28 09:00:00,51.7,-55.60364269394174,1.0,Tema Port,tabular,ridge_ar_lag_fourier,h168,2026-01-04T23:00:00,2026-01-18T23:00:00,2026-02-15T23:00:00,,,42.0
2026-01-28 10:00:00,49.5,-60.73301669301648,1.0,Tema Port,tabular,ridge_ar_lag_fourier,h168,2026-01-04T23:00:00,2026-01-18T23:00:00,2026-02-15T23:00:00,,,42.0
2026-01-28 11:00:00,59.8,-61.14904078895083,1.0,Tema Port,tabular,ridge_ar_lag_fourier,h168,2026-01-04T23:00:00,2026-01-18T23:00:00,2026-02-15T23:00:00,,,42.0
2026-01-28 12:00:00,56.0,-63.94597738707711,1.0,Tema Port,tabular,ridge_ar_lag_fourier,h168,2026-01-04T23:00:00,2026-01-18T23:00:00,2026-02-15T23:00:00,,,42.0
2026-01-28 13:00:00,51.3,-66.2073545658238,1.0,Tema Port,tabular,ridge_ar_lag_fourier,h168,2026-01-04T23:00:00,2026-01-18T23:00:00,2026-02-15T23:00:00,,,42.0
2026-01-28 14:00:00,47.3,-67.76400141347517,1.0,Tema Port,tabular,ridge_ar_lag_fourier,h168,2026-01-04T23:00:00,2026-01-18T23:00:00,2026-02-15T23:00:00,,,42.0
2026-01-28 15:00:00,40.9,-67.62867548684352,1.0,Tema Port,tabular,ridge_ar_lag_fourier,h168,2026-01-04T23:00:00,2026-01-18T23:00:00,2026-02-15T23:00:00,,,42.0
2026-01-28 16:00:00,40.2,-66.8994742390629,1.0,Tema Port,tabular,ridge_ar_lag_fourier,h168,2026-01-04T23:00:00,2026-01-18T23:00:00,2026-02-15T23:00:00,,,42.0
2026-01-28 17:00:00,42.9,-63.44198328724946,1.0,Tema Port,tabular,ridge_ar_lag_fourier,h168,2026-01-04T23:00:00,2026-01-18T23:00:00,2026-02-15T23:00:00,,,42.0
2026-01-28 18:00:00,44.9,-61.86961789579554,1.0,Tema Port,tabular,ridge_ar_lag_fourier,h168,2026-01-04T23:00:00,2026-01-18T23:00:00,2026-02-15T23:00:00,,,42.0
2026-01-28 19:00:00,43.8,-60.73308417933251,1.0,Tema Port,tabular,ridge_ar_lag_fourier,h168,2026-01-04T23:00:00,2026-01-18T23:00:00,2026-02-15T23:00:00,,,42.0
2026-01-28 20:00:00,42.2,-64.99869793291307,1.0,Tema Port,tabular,ridge_ar_lag_fourier,h168,2026-01-04T23:00:00,2026-01-18T23:00:00,2026-02-15T23:00:00,,,42.0
2026-01-28 21:00:00,42.8,-65.65451757879464,1.0,Tema Port,tabular,ridge_ar_lag_fourier,h168,2026-01-04T23:00:00,2026-01-18T23:00:00,2026-02-15T23:00:00,,,42.0
2026-01-28 22:00:00,44.7,-66.67737635175703,1.0,Tema Port,tabular,ridge_ar_lag_fourier,h168,2026-01-04T23:00:00,2026-01-18T23:00:00,2026-02-15T23:00:00,,,42.0
2026-01-28 23:00:00,51.0,-68.9343744392581,1.0,Tema Port,tabular,ridge_ar_lag_fourier,h168,2026-01-04T23:00:00,2026-01-18T23:00:00,2026-02-15T23:00:00,,,42.0
2026-01-29 00:00:00,59.0,-63.71975086822334,1.0,Tema Port,tabular,ridge_ar_lag_fourier,h168,2026-01-04T23:00:00,2026-01-18T23:00:00,2026-02-15T23:00:00,,,42.0
2026-01-29 01:00:00,48.8,-63.29358911785003,1.0,Tema Port,tabular,ridge_ar_lag_fourier,h168,2026-01-04T23:00:00,2026-01-18T23:00:00,2026-02-15T23:00:00,,,42.0
2026-01-29 02:00:00,48.6,-60.4097513004217,1.0,Tema Port,tabular,ridge_ar_lag_fourier,h168,2026-01-04T23:00:00,2026-01-18T23:00:00,2026-02-15T23:00:00,,,42.0
2026-01-29 03:00:00,49.7,-57.141013057815115,1.0,Tema Port,tabular,ridge_ar_lag_fourier,h168,2026-01-04T23:00:00,2026-01-18T23:00:00,2026-02-15T23:00:00,,,42.0
2026-01-29 04:00:00,53.0,-54.129741567521265,1.0,Tema Port,tabular,ridge_ar_lag_fourier,h168,2026-01-04T23:00:00,2026-01-18T23:00:00,2026-02-15T23:00:00,,,42.0
2026-01-29 05:00:00,53.6,-53.86765306069947,1.0,Tema Port,tabular,ridge_ar_lag_fourier,h168,2026-01-04T23:00:00,2026-01-18T23:00:00,2026-02-15T23:00:00,,,42.0
2026-01-29 06:00:00,67.7,-50.787035404391304,1.0,Tema Port,tabular,ridge_ar_lag_fourier,h168,2026-01-04T23:00:00,2026-01-18T23:00:00,2026-02-15T23:00:00,,,42.0
2026-01-29 07:00:00,53.1,-48.94637502204898,1.0,Tema Port,tabular,ridge_ar_lag_fourier,h168,2026-01-04T23:00:00,2026-01-18T23:00:00,2026-02-15T23:00:00,,,42.0
2026-01-29 08:00:00,65.1,-50.55069069637412,1.0,Tema Port,tabular,ridge_ar_lag_fourier,h168,2026-01-04T23:00:00,2026-01-18T23:00:00,2026-02-15T23:00:00,,,42.0
2026-01-29 09:00:00,57.4,-57.58426137696239,1.0,Tema Port,tabular,ridge_ar_lag_fourier,h168,2026-01-04T23:00:00,2026-01-18T23:00:00,2026-02-15T23:00:00,,,42.0
2026-01-29 10:00:00,58.9,-61.68814002903923,1.0,Tema Port,tabular,ridge_ar_lag_fourier,h168,2026-01-04T23:00:00,2026-01-18T23:00:00,2026-02-15T23:00:00,,,42.0
2026-01-29 11:00:00,55.3,-63.68558514973802,1.0,Tema Port,tabular,ridge_ar_lag_fourier,h168,2026-01-04T23:00:00,2026-01-18T23:00:00,2026-02-15T23:00:00,,,42.0
2026-01-29 12:00:00,50.9,-66.72430180661298,1.0,Tema Port,tabular,ridge_ar_lag_fourier,h168,2026-01-04T23:00:00,2026-01-18T23:00:00,2026-02-15T23:00:00,,,42.0
2026-01-29 13:00:00,41.4,-69.4516436161669,1.0,Tema Port,tabular,ridge_ar_lag_fourier,h168,2026-01-04T23:00:00,2026-01-18T23:00:00,2026-02-15T23:00:00,,,42.0
2026-01-29 14:00:00,41.4,-70.52316286431011,1.0,Tema Port,tabular,ridge_ar_lag_fourier,h168,2026-01-04T23:00:00,2026-01-18T23:00:00,2026-02-15T23:00:00,,,42.0
2026-01-29 15:00:00,41.2,-68.77029062594167,1.0,Tema Port,tabular,ridge_ar_lag_fourier,h168,2026-01-04T23:00:00,2026-01-18T23:00:00,2026-02-15T23:00:00,,,42.0
2026-01-29 16:00:00,42.3,-69.61675980052175,1.0,Tema Port,tabular,ridge_ar_lag_fourier,h168,2026-01-04T23:00:00,2026-01-18T23:00:00,2026-02-15T23:00:00,,,42.0
2026-01-29 17:00:00,42.4,-68.03589436844544,1.0,Tema Port,tabular,ridge_ar_lag_fourier,h168,2026-01-04T23:00:00,2026-01-18T23:00:00,2026-02-15T23:00:00,,,42.0
2026-01-29 18:00:00,43.7,-67.57937448957088,1.0,Tema Port,tabular,ridge_ar_lag_fourier,h168,2026-01-04T23:00:00,2026-01-18T23:00:00,2026-02-15T23:00:00,,,42.0
2026-01-29 19:00:00,38.7,-65.66510018144433,1.0,Tema Port,tabular,ridge_ar_lag_fourier,h168,2026-01-04T23:00:00,2026-01-18T23:00:00,2026-02-15T23:00:00,,,42.0
2026-01-29 20:00:00,39.3,-68.46274778046616,1.0,Tema Port,tabular,ridge_ar_lag_fourier,h168,2026-01-04T23:00:00,2026-01-18T23:00:00,2026-02-15T23:00:00,,,42.0
2026-01-29 21:00:00,38.6,-68.29144600391172,1.0,Tema Port,tabular,ridge_ar_lag_fourier,h168,2026-01-04T23:00:00,2026-01-18T23:00:00,2026-02-15T23:00:00,,,42.0
2026-01-29 22:00:00,40.3,-69.75378053683697,1.0,Tema Port,tabular,ridge_ar_lag_fourier,h168,2026-01-04T23:00:00,2026-01-18T23:00:00,2026-02-15T23:00:00,,,42.0
2026-01-29 23:00:00,38.6,-70.43905662314849,1.0,Tema Port,tabular,ridge_ar_lag_fourier,h168,2026-01-04T23:00:00,2026-01-18T23:00:00,2026-02-15T23:00:00,,,42.0
2026-01-30 00:00:00,41.1,-66.28213287163138,1.0,Tema Port,tabular,ridge_ar_lag_fourier,h168,2026-01-04T23:00:00,2026-01-18T23:00:00,2026-02-15T23:00:00,,,42.0
2026-01-30 01:00:00,40.3,-64.8912193992275,1.0,Tema Port,tabular,ridge_ar_lag_fourier,h168,2026-01-04T23:00:00,2026-01-18T23:00:00,2026-02-15T23:00:00,,,42.0
2026-01-30 02:00:00,43.3,-62.247692493322646,1.0,Tema Port,tabular,ridge_ar_lag_fourier,h168,2026-01-04T23:00:00,2026-01-18T23:00:00,2026-02-15T23:00:00,,,42.0
2026-01-30 03:00:00,56.5,-60.92184188086796,1.0,Tema Port,tabular,ridge_ar_lag_fourier,h168,2026-01-04T23:00:00,2026-01-18T23:00:00,2026-02-15T23:00:00,,,42.0
2026-01-30 04:00:00,47.8,-56.487601432887615,1.0,Tema Port,tabular,ridge_ar_lag_fourier,h168,2026-01-04T23:00:00,2026-01-18T23:00:00,2026-02-15T23:00:00,,,42.0
2026-01-30 05:00:00,51.1,-54.59984140978784,1.0,Tema Port,tabular,ridge_ar_lag_fourier,h168,2026-01-04T23:00:00,2026-01-18T23:00:00,2026-02-15T23:00:00,,,42.0
2026-01-30 06:00:00,59.4,-48.87609622258762,1.0,Tema Port,tabular,ridge_ar_lag_fourier,h168,2026-01-04T23:00:00,2026-01-18T23:00:00,2026-02-15T23:00:00,,,42.0
2026-01-30 07:00:00,49.0,-45.51018375252153,1.0,Tema Port,tabular,ridge_ar_lag_fourier,h168,2026-01-04T23:00:00,2026-01-18T23:00:00,2026-02-15T23:00:00,,,42.0
2026-01-30 08:00:00,44.3,-50.070418715826804,1.0,Tema Port,tabular,ridge_ar_lag_fourier,h168,2026-01-04T23:00:00,2026-01-18T23:00:00,2026-02-15T23:00:00,,,42.0
2026-01-30 09:00:00,43.5,-56.750990875106226,1.0,Tema Port,tabular,ridge_ar_lag_fourier,h168,2026-01-04T23:00:00,2026-01-18T23:00:00,2026-02-15T23:00:00,,,42.0
2026-01-30 10:00:00,44.1,-62.35524118158958,1.0,Tema Port,tabular,ridge_ar_lag_fourier,h168,2026-01-04T23:00:00,2026-01-18T23:00:00,2026-02-15T23:00:00,,,42.0
2026-01-30 11:00:00,45.2,-63.581775780647604,1.0,Tema Port,tabular,ridge_ar_lag_fourier,h168,2026-01-04T23:00:00,2026-01-18T23:00:00,2026-02-15T23:00:00,,,42.0
2026-01-30 12:00:00,48.2,-67.54931808162993,1.0,Tema Port,tabular,ridge_ar_lag_fourier,h168,2026-01-04T23:00:00,2026-01-18T23:00:00,2026-02-15T23:00:00,,,42.0
2026-01-30 13:00:00,40.0,-70.34803587679458,1.0,Tema Port,tabular,ridge_ar_lag_fourier,h168,2026-01-04T23:00:00,2026-01-18T23:00:00,2026-02-15T23:00:00,,,42.0
2026-01-30 14:00:00,39.1,-72.16777220488544,1.0,Tema Port,tabular,ridge_ar_lag_fourier,h168,2026-01-04T23:00:00,2026-01-18T23:00:00,2026-02-15T23:00:00,,,42.0
2026-01-30 15:00:00,36.8,-71.70064999977893,1.0,Tema Port,tabular,ridge_ar_lag_fourier,h168,2026-01-04T23:00:00,2026-01-18T23:00:00,2026-02-15T23:00:00,,,42.0
2026-01-30 16:00:00,38.2,-71.6764082174308,1.0,Tema Port,tabular,ridge_ar_lag_fourier,h168,2026-01-04T23:00:00,2026-01-18T23:00:00,2026-02-15T23:00:00,,,42.0
2026-01-30 17:00:00,71.2,-70.39872796390615,1.0,Tema Port,tabular,ridge_ar_lag_fourier,h168,2026-01-04T23:00:00,2026-01-18T23:00:00,2026-02-15T23:00:00,,,42.0
2026-01-30 18:00:00,59.0,-66.37104498390958,1.0,Tema Port,tabular,ridge_ar_lag_fourier,h168,2026-01-04T23:00:00,2026-01-18T23:00:00,2026-02-15T23:00:00,,,42.0
2026-01-30 19:00:00,38.6,-65.79337897254536,1.0,Tema Port,tabular,ridge_ar_lag_fourier,h168,2026-01-04T23:00:00,2026-01-18T23:00:00,2026-02-15T23:00:00,,,42.0
2026-01-30 20:00:00,73.5,-68.79884034480642,1.0,Tema Port,tabular,ridge_ar_lag_fourier,h168,2026-01-04T23:00:00,2026-01-18T23:00:00,2026-02-15T23:00:00,,,42.0
2026-01-30 21:00:00,40.9,-69.48551421489702,1.0,Tema Port,tabular,ridge_ar_lag_fourier,h168,2026-01-04T23:00:00,2026-01-18T23:00:00,2026-02-15T23:00:00,,,42.0
2026-01-30 22:00:00,38.9,-69.50297721946188,1.0,Tema Port,tabular,ridge_ar_lag_fourier,h168,2026-01-04T23:00:00,2026-01-18T23:00:00,2026-02-15T23:00:00,,,42.0
2026-01-30 23:00:00,40.5,-70.29380485026388,1.0,Tema Port,tabular,ridge_ar_lag_fourier,h168,2026-01-04T23:00:00,2026-01-18T23:00:00,2026-02-15T23:00:00,,,42.0
2026-01-31 00:00:00,42.3,-65.37732560515872,1.0,Tema Port,tabular,ridge_ar_lag_fourier,h168,2026-01-04T23:00:00,2026-01-18T23:00:00,2026-02-15T23:00:00,,,42.0
2026-01-31 01:00:00,39.9,-63.53130195650576,1.0,Tema Port,tabular,ridge_ar_lag_fourier,h168,2026-01-04T23:00:00,2026-01-18T23:00:00,2026-02-15T23:00:00,,,42.0
2026-01-31 02:00:00,41.4,-59.15272411956599,1.0,Tema Port,tabular,ridge_ar_lag_fourier,h168,2026-01-04T23:00:00,2026-01-18T23:00:00,2026-02-15T23:00:00,,,42.0
2026-01-31 03:00:00,44.8,-56.900027104887954,1.0,Tema Port,tabular,ridge_ar_lag_fourier,h168,2026-01-04T23:00:00,2026-01-18T23:00:00,2026-02-15T23:00:00,,,42.0
2026-01-31 04:00:00,45.5,-54.659700256875425,1.0,Tema Port,tabular,ridge_ar_lag_fourier,h168,2026-01-04T23:00:00,2026-01-18T23:00:00,2026-02-15T23:00:00,,,42.0
2026-01-31 05:00:00,42.6,-49.94846446373401,1.0,Tema Port,tabular,ridge_ar_lag_fourier,h168,2026-01-04T23:00:00,2026-01-18T23:00:00,2026-02-15T23:00:00,,,42.0
2026-01-31 06:00:00,50.2,-46.24744563193302,1.0,Tema Port,tabular,ridge_ar_lag_fourier,h168,2026-01-04T23:00:00,2026-01-18T23:00:00,2026-02-15T23:00:00,,,42.0
2026-01-31 07:00:00,50.7,-45.282670200420455,1.0,Tema Port,tabular,ridge_ar_lag_fourier,h168,2026-01-04T23:00:00,2026-01-18T23:00:00,2026-02-15T23:00:00,,,42.0
2026-01-31 08:00:00,48.7,-52.68101502915681,1.0,Tema Port,tabular,ridge_ar_lag_fourier,h168,2026-01-04T23:00:00,2026-01-18T23:00:00,2026-02-15T23:00:00,,,42.0
2026-01-31 09:00:00,64.0,-60.61174416779561,1.0,Tema Port,tabular,ridge_ar_lag_fourier,h168,2026-01-04T23:00:00,2026-01-18T23:00:00,2026-02-15T23:00:00,,,42.0
2026-01-31 10:00:00,47.6,-64.78765248722335,1.0,Tema Port,tabular,ridge_ar_lag_fourier,h168,2026-01-04T23:00:00,2026-01-18T23:00:00,2026-02-15T23:00:00,,,42.0
2026-01-31 11:00:00,36.5,-67.361858732835,1.0,Tema Port,tabular,ridge_ar_lag_fourier,h168,2026-01-04T23:00:00,2026-01-18T23:00:00,2026-02-15T23:00:00,,,42.0
2026-01-31 12:00:00,32.6,-70.92975035496252,1.0,Tema Port,tabular,ridge_ar_lag_fourier,h168,2026-01-04T23:00:00,2026-01-18T23:00:00,2026-02-15T23:00:00,,,42.0
2026-01-31 13:00:00,32.5,-75.15778598695276,1.0,Tema Port,tabular,ridge_ar_lag_fourier,h168,2026-01-04T23:00:00,2026-01-18T23:00:00,2026-02-15T23:00:00,,,42.0
2026-01-31 14:00:00,32.4,-73.98383597537274,1.0,Tema Port,tabular,ridge_ar_lag_fourier,h168,2026-01-04T23:00:00,2026-01-18T23:00:00,2026-02-15T23:00:00,,,42.0
2026-01-31 15:00:00,33.8,-75.436705076957,1.0,Tema Port,tabular,ridge_ar_lag_fourier,h168,2026-01-04T23:00:00,2026-01-18T23:00:00,2026-02-15T23:00:00,,,42.0
2026-01-31 16:00:00,32.0,-72.25653540659019,1.0,Tema Port,tabular,ridge_ar_lag_fourier,h168,2026-01-04T23:00:00,2026-01-18T23:00:00,2026-02-15T23:00:00,,,42.0
2026-01-31 17:00:00,36.2,-70.84295844392437,1.0,Tema Port,tabular,ridge_ar_lag_fourier,h168,2026-01-04T23:00:00,2026-01-18T23:00:00,2026-02-15T23:00:00,,,42.0
2026-01-31 18:00:00,33.5,-69.45009691442104,1.0,Tema Port,tabular,ridge_ar_lag_fourier,h168,2026-01-04T23:00:00,2026-01-18T23:00:00,2026-02-15T23:00:00,,,42.0
2026-01-31 19:00:00,37.8,-65.52225413631533,1.0,Tema Port,tabular,ridge_ar_lag_fourier,h168,2026-01-04T23:00:00,2026-01-18T23:00:00,2026-02-15T23:00:00,,,42.0
2026-01-31 20:00:00,40.2,-67.61531947823926,1.0,Tema Port,tabular,ridge_ar_lag_fourier,h168,2026-01-04T23:00:00,2026-01-18T23:00:00,2026-02-15T23:00:00,,,42.0
2026-01-31 21:00:00,33.5,-68.87770304539785,1.0,Tema Port,tabular,ridge_ar_lag_fourier,h168,2026-01-04T23:00:00,2026-01-18T23:00:00,2026-02-15T23:00:00,,,42.0
2026-01-31 22:00:00,32.0,-69.01966428437531,1.0,Tema Port,tabular,ridge_ar_lag_fourier,h168,2026-01-04T23:00:00,2026-01-18T23:00:00,2026-02-15T23:00:00,,,42.0
2026-01-31 23:00:00,44.7,-68.94790783579444,1.0,Tema Port,tabular,ridge_ar_lag_fourier,h168,2026-01-04T23:00:00,2026-01-18T23:00:00,2026-02-15T23:00:00,,,42.0
2026-02-01 00:00:00,37.4,-65.01948595479247,1.0,Tema Port,tabular,ridge_ar_lag_fourier,h168,2026-01-04T23:00:00,2026-01-18T23:00:00,2026-02-15T23:00:00,,,42.0
2026-02-01 01:00:00,34.8,-63.56416827437181,1.0,Tema Port,tabular,ridge_ar_lag_fourier,h168,2026-01-04T23:00:00,2026-01-18T23:00:00,2026-02-15T23:00:00,,,42.0
2026-02-01 02:00:00,31.5,-62.68734116888062,1.0,Tema Port,tabular,ridge_ar_lag_fourier,h168,2026-01-04T23:00:00,2026-01-18T23:00:00,2026-02-15T23:00:00,,,42.0
2026-02-01 03:00:00,29.9,-57.67579831572981,1.0,Tema Port,tabular,ridge_ar_lag_fourier,h168,2026-01-04T23:00:00,2026-01-18T23:00:00,2026-02-15T23:00:00,,,42.0
2026-02-01 04:00:00,32.1,-57.639120624205745,1.0,Tema Port,tabular,ridge_ar_lag_fourier,h168,2026-01-04T23:00:00,2026-01-18T23:00:00,2026-02-15T23:00:00,,,42.0
2026-02-01 05:00:00,80.6,-52.7436757890205,1.0,Tema Port,tabular,ridge_ar_lag_fourier,h168,2026-01-04T23:00:00,2026-01-18T23:00:00,2026-02-15T23:00:00,,,42.0
2026-02-01 06:00:00,43.0,-46.92484332601177,1.0,Tema Port,tabular,ridge_ar_lag_fourier,h168,2026-01-04T23:00:00,2026-01-18T23:00:00,2026-02-15T23:00:00,,,42.0
2026-02-01 07:00:00,54.9,-45.51707880762601,1.0,Tema Port,tabular,ridge_ar_lag_fourier,h168,2026-01-04T23:00:00,2026-01-18T23:00:00,2026-02-15T23:00:00,,,42.0
2026-02-01 08:00:00,64.6,-52.64246477345952,1.0,Tema Port,tabular,ridge_ar_lag_fourier,h168,2026-01-04T23:00:00,2026-01-18T23:00:00,2026-02-15T23:00:00,,,42.0
2026-02-01 09:00:00,51.1,-61.453532397831424,1.0,Tema Port,tabular,ridge_ar_lag_fourier,h168,2026-01-04T23:00:00,2026-01-18T23:00:00,2026-02-15T23:00:00,,,42.0
2026-02-01 10:00:00,35.4,-65.63280408713504,1.0,Tema Port,tabular,ridge_ar_lag_fourier,h168,2026-01-04T23:00:00,2026-01-18T23:00:00,2026-02-15T23:00:00,,,42.0
2026-02-01 11:00:00,31.9,-66.76970107674659,1.0,Tema Port,tabular,ridge_ar_lag_fourier,h168,2026-01-04T23:00:00,2026-01-18T23:00:00,2026-02-15T23:00:00,,,42.0
2026-02-01 12:00:00,28.7,-68.38895851757039,1.0,Tema Port,tabular,ridge_ar_lag_fourier,h168,2026-01-04T23:00:00,2026-01-18T23:00:00,2026-02-15T23:00:00,,,42.0
2026-02-01 13:00:00,27.2,-64.61919766158901,1.0,Tema Port,tabular,ridge_ar_lag_fourier,h168,2026-01-04T23:00:00,2026-01-18T23:00:00,2026-02-15T23:00:00,,,42.0
2026-02-01 14:00:00,27.4,-68.57544077146156,1.0,Tema Port,tabular,ridge_ar_lag_fourier,h168,2026-01-04T23:00:00,2026-01-18T23:00:00,2026-02-15T23:00:00,,,42.0
2026-02-01 15:00:00,29.3,-68.92604818345586,1.0,Tema Port,tabular,ridge_ar_lag_fourier,h168,2026-01-04T23:00:00,2026-01-18T23:00:00,2026-02-15T23:00:00,,,42.0
2026-02-01 16:00:00,29.5,-71.25368255811327,1.0,Tema Port,tabular,ridge_ar_lag_fourier,h168,2026-01-04T23:00:00,2026-01-18T23:00:00,2026-02-15T23:00:00,,,42.0
2026-02-01 17:00:00,29.9,-71.18064829159995,1.0,Tema Port,tabular,ridge_ar_lag_fourier,h168,2026-01-04T23:00:00,2026-01-18T23:00:00,2026-02-15T23:00:00,,,42.0
2026-02-01 18:00:00,34.7,-71.30487100019994,1.0,Tema Port,tabular,ridge_ar_lag_fourier,h168,2026-01-04T23:00:00,2026-01-18T23:00:00,2026-02-15T23:00:00,,,42.0
2026-02-01 19:00:00,28.7,-71.23089729437675,1.0,Tema Port,tabular,ridge_ar_lag_fourier,h168,2026-01-04T23:00:00,2026-01-18T23:00:00,2026-02-15T23:00:00,,,42.0
2026-02-01 20:00:00,28.4,-72.8345116889404,1.0,Tema Port,tabular,ridge_ar_lag_fourier,h168,2026-01-04T23:00:00,2026-01-18T23:00:00,2026-02-15T23:00:00,,,42.0
2026-02-01 21:00:00,29.7,-72.98968190374075,1.0,Tema Port,tabular,ridge_ar_lag_fourier,h168,2026-01-04T23:00:00,2026-01-18T23:00:00,2026-02-15T23:00:00,,,42.0
2026-02-01 22:00:00,25.6,-73.56613332646651,1.0,Tema Port,tabular,ridge_ar_lag_fourier,h168,2026-01-04T23:00:00,2026-01-18T23:00:00,2026-02-15T23:00:00,,,42.0
2026-02-01 23:00:00,26.5,-73.40067030528489,1.0,Tema Port,tabular,ridge_ar_lag_fourier,h168,2026-01-04T23:00:00,2026-01-18T23:00:00,2026-02-15T23:00:00,,,42.0
2026-02-02 00:00:00,33.7,-61.60920400853706,1.0,Tema Port,tabular,ridge_ar_lag_fourier,h168,2026-01-04T23:00:00,2026-01-18T23:00:00,2026-02-15T23:00:00,,,42.0
2026-02-02 01:00:00,31.4,-60.164485405778294,1.0,Tema Port,tabular,ridge_ar_lag_fourier,h168,2026-01-04T23:00:00,2026-01-18T23:00:00,2026-02-15T23:00:00,,,42.0
2026-02-02 02:00:00,30.3,-60.91553519087759,1.0,Tema Port,tabular,ridge_ar_lag_fourier,h168,2026-01-04T23:00:00,2026-01-18T23:00:00,2026-02-15T23:00:00,,,42.0
2026-02-02 03:00:00,36.8,-57.255645635639524,1.0,Tema Port,tabular,ridge_ar_lag_fourier,h168,2026-01-04T23:00:00,2026-01-18T23:00:00,2026-02-15T23:00:00,,,42.0
2026-02-02 04:00:00,43.1,-53.984546034016944,1.0,Tema Port,tabular,ridge_ar_lag_fourier,h168,2026-01-04T23:00:00,2026-01-18T23:00:00,2026-02-15T23:00:00,,,42.0
2026-02-02 05:00:00,39.9,-51.8851904850265,1.0,Tema Port,tabular,ridge_ar_lag_fourier,h168,2026-01-04T23:00:00,2026-01-18T23:00:00,2026-02-15T23:00:00,,,42.0
2026-02-02 06:00:00,45.6,-45.353280219109166,1.0,Tema Port,tabular,ridge_ar_lag_fourier,h168,2026-01-04T23:00:00,2026-01-18T23:00:00,2026-02-15T23:00:00,,,42.0
2026-02-02 07:00:00,57.7,-40.52563589688458,1.0,Tema Port,tabular,ridge_ar_lag_fourier,h168,2026-01-04T23:00:00,2026-01-18T23:00:00,2026-02-15T23:00:00,,,42.0
2026-02-02 08:00:00,72.9,-48.569782795585,1.0,Tema Port,tabular,ridge_ar_lag_fourier,h168,2026-01-04T23:00:00,2026-01-18T23:00:00,2026-02-15T23:00:00,,,42.0
2026-02-02 09:00:00,62.0,-56.2982044381849,1.0,Tema Port,tabular,ridge_ar_lag_fourier,h168,2026-01-04T23:00:00,2026-01-18T23:00:00,2026-02-15T23:00:00,,,42.0
2026-02-02 10:00:00,51.5,-59.22668928017731,1.0,Tema Port,tabular,ridge_ar_lag_fourier,h168,2026-01-04T23:00:00,2026-01-18T23:00:00,2026-02-15T23:00:00,,,42.0
2026-02-02 11:00:00,33.1,-62.78984796650968,1.0,Tema Port,tabular,ridge_ar_lag_fourier,h168,2026-01-04T23:00:00,2026-01-18T23:00:00,2026-02-15T23:00:00,,,42.0
2026-02-02 12:00:00,30.1,-65.6113290605206,1.0,Tema Port,tabular,ridge_ar_lag_fourier,h168,2026-01-04T23:00:00,2026-01-18T23:00:00,2026-02-15T23:00:00,,,42.0
2026-02-02 13:00:00,29.1,-69.15715614554283,1.0,Tema Port,tabular,ridge_ar_lag_fourier,h168,2026-01-04T23:00:00,2026-01-18T23:00:00,2026-02-15T23:00:00,,,42.0
2026-02-02 14:00:00,31.4,-70.08325355172961,1.0,Tema Port,tabular,ridge_ar_lag_fourier,h168,2026-01-04T23:00:00,2026-01-18T23:00:00,2026-02-15T23:00:00,,,42.0
2026-02-02 15:00:00,31.6,-70.80485807590469,1.0,Tema Port,tabular,ridge_ar_lag_fourier,h168,2026-01-04T23:00:00,2026-01-18T23:00:00,2026-02-15T23:00:00,,,42.0
2026-02-02 16:00:00,34.5,-71.54695387851118,1.0,Tema Port,tabular,ridge_ar_lag_fourier,h168,2026-01-04T23:00:00,2026-01-18T23:00:00,2026-02-15T23:00:00,,,42.0
2026-02-02 17:00:00,34.2,-69.30309761625772,1.0,Tema Port,tabular,ridge_ar_lag_fourier,h168,2026-01-04T23:00:00,2026-01-18T23:00:00,2026-02-15T23:00:00,,,42.0
2026-02-02 18:00:00,36.7,-67.04447305206841,1.0,Tema Port,tabular,ridge_ar_lag_fourier,h168,2026-01-04T23:00:00,2026-01-18T23:00:00,2026-02-15T23:00:00,,,42.0
2026-02-02 19:00:00,32.1,-67.35115302215763,1.0,Tema Port,tabular,ridge_ar_lag_fourier,h168,2026-01-04T23:00:00,2026-01-18T23:00:00,2026-02-15T23:00:00,,,42.0
2026-02-02 20:00:00,38.5,-69.17161069153451,1.0,Tema Port,tabular,ridge_ar_lag_fourier,h168,2026-01-04T23:00:00,2026-01-18T23:00:00,2026-02-15T23:00:00,,,42.0
2026-02-02 21:00:00,40.0,-69.68523323589366,1.0,Tema Port,tabular,ridge_ar_lag_fourier,h168,2026-01-04T23:00:00,2026-01-18T23:00:00,2026-02-15T23:00:00,,,42.0
2026-02-02 22:00:00,42.4,-69.3701444072207,1.0,Tema Port,tabular,ridge_ar_lag_fourier,h168,2026-01-04T23:00:00,2026-01-18T23:00:00,2026-02-15T23:00:00,,,42.0
2026-02-02 23:00:00,45.5,-69.35255535374186,1.0,Tema Port,tabular,ridge_ar_lag_fourier,h168,2026-01-04T23:00:00,2026-01-18T23:00:00,2026-02-15T23:00:00,,,42.0
2026-02-03 00:00:00,67.3,-63.81613189012148,1.0,Tema Port,tabular,ridge_ar_lag_fourier,h168,2026-01-04T23:00:00,2026-01-18T23:00:00,2026-02-15T23:00:00,,,42.0
2026-02-03 01:00:00,52.5,-62.799159719736835,1.0,Tema Port,tabular,ridge_ar_lag_fourier,h168,2026-01-04T23:00:00,2026-01-18T23:00:00,2026-02-15T23:00:00,,,42.0
2026-02-03 02:00:00,48.2,-63.93565831864534,1.0,Tema Port,tabular,ridge_ar_lag_fourier,h168,2026-01-04T23:00:00,2026-01-18T23:00:00,2026-02-15T23:00:00,,,42.0
2026-02-03 03:00:00,52.3,-58.43954362179571,1.0,Tema Port,tabular,ridge_ar_lag_fourier,h168,2026-01-04T23:00:00,2026-01-18T23:00:00,2026-02-15T23:00:00,,,42.0
2026-02-03 04:00:00,44.1,-54.31176844336338,1.0,Tema Port,tabular,ridge_ar_lag_fourier,h168,2026-01-04T23:00:00,2026-01-18T23:00:00,2026-02-15T23:00:00,,,42.0
2026-02-03 05:00:00,62.3,-51.92462325978141,1.0,Tema Port,tabular,ridge_ar_lag_fourier,h168,2026-01-04T23:00:00,2026-01-18T23:00:00,2026-02-15T23:00:00,,,42.0
2026-02-03 06:00:00,62.1,-46.97011694702546,1.0,Tema Port,tabular,ridge_ar_lag_fourier,h168,2026-01-04T23:00:00,2026-01-18T23:00:00,2026-02-15T23:00:00,,,42.0
2026-02-03 07:00:00,55.4,-48.937484587323226,1.0,Tema Port,tabular,ridge_ar_lag_fourier,h168,2026-01-04T23:00:00,2026-01-18T23:00:00,2026-02-15T23:00:00,,,42.0
2026-02-03 08:00:00,38.1,-57.257087439882866,1.0,Tema Port,tabular,ridge_ar_lag_fourier,h168,2026-01-04T23:00:00,2026-01-18T23:00:00,2026-02-15T23:00:00,,,42.0
2026-02-03 09:00:00,33.5,-62.188614937744404,1.0,Tema Port,tabular,ridge_ar_lag_fourier,h168,2026-01-04T23:00:00,2026-01-18T23:00:00,2026-02-15T23:00:00,,,42.0
2026-02-03 10:00:00,38.4,-62.664785115715645,1.0,Tema Port,tabular,ridge_ar_lag_fourier,h168,2026-01-04T23:00:00,2026-01-18T23:00:00,2026-02-15T23:00:00,,,42.0
2026-02-03 11:00:00,48.3,-64.381626496701,1.0,Tema Port,tabular,ridge_ar_lag_fourier,h168,2026-01-04T23:00:00,2026-01-18T23:00:00,2026-02-15T23:00:00,,,42.0
2026-02-03 12:00:00,41.1,-67.94379437829558,1.0,Tema Port,tabular,ridge_ar_lag_fourier,h168,2026-01-04T23:00:00,2026-01-18T23:00:00,2026-02-15T23:00:00,,,42.0
2026-02-03 13:00:00,30.7,-71.82504201530179,1.0,Tema Port,tabular,ridge_ar_lag_fourier,h168,2026-01-04T23:00:00,2026-01-18T23:00:00,2026-02-15T23:00:00,,,42.0
2026-02-03 14:00:00,41.5,-73.32181731818511,1.0,Tema Port,tabular,ridge_ar_lag_fourier,h168,2026-01-04T23:00:00,2026-01-18T23:00:00,2026-02-15T23:00:00,,,42.0
2026-02-03 15:00:00,34.8,-73.70221525490874,1.0,Tema Port,tabular,ridge_ar_lag_fourier,h168,2026-01-04T23:00:00,2026-01-18T23:00:00,2026-02-15T23:00:00,,,42.0
2026-02-03 16:00:00,35.4,-74.52776768119932,1.0,Tema Port,tabular,ridge_ar_lag_fourier,h168,2026-01-04T23:00:00,2026-01-18T23:00:00,2026-02-15T23:00:00,,,42.0
2026-02-03 17:00:00,34.4,-71.94905636438173,1.0,Tema Port,tabular,ridge_ar_lag_fourier,h168,2026-01-04T23:00:00,2026-01-18T23:00:00,2026-02-15T23:00:00,,,42.0
2026-02-03 18:00:00,42.5,-72.52458273618166,1.0,Tema Port,tabular,ridge_ar_lag_fourier,h168,2026-01-04T23:00:00,2026-01-18T23:00:00,2026-02-15T23:00:00,,,42.0
2026-02-03 19:00:00,64.0,-72.23444665234379,1.0,Tema Port,tabular,ridge_ar_lag_fourier,h168,2026-01-04T23:00:00,2026-01-18T23:00:00,2026-02-15T23:00:00,,,42.0
2026-02-03 20:00:00,67.9,-72.10818479770941,1.0,Tema Port,tabular,ridge_ar_lag_fourier,h168,2026-01-04T23:00:00,2026-01-18T23:00:00,2026-02-15T23:00:00,,,42.0
2026-02-03 21:00:00,82.5,-72.36414220122697,1.0,Tema Port,tabular,ridge_ar_lag_fourier,h168,2026-01-04T23:00:00,2026-01-18T23:00:00,2026-02-15T23:00:00,,,42.0
2026-02-03 22:00:00,59.6,-72.17460201425763,1.0,Tema Port,tabular,ridge_ar_lag_fourier,h168,2026-01-04T23:00:00,2026-01-18T23:00:00,2026-02-15T23:00:00,,,42.0
2026-02-03 23:00:00,50.0,-72.23801171942328,1.0,Tema Port,tabular,ridge_ar_lag_fourier,h168,2026-01-04T23:00:00,2026-01-18T23:00:00,2026-02-15T23:00:00,,,42.0
2026-02-04 00:00:00,73.3,-64.9372633571876,1.0,Tema Port,tabular,ridge_ar_lag_fourier,h168,2026-01-04T23:00:00,2026-01-18T23:00:00,2026-02-15T23:00:00,,,42.0
2026-02-04 01:00:00,50.8,-62.99347682552987,1.0,Tema Port,tabular,ridge_ar_lag_fourier,h168,2026-01-04T23:00:00,2026-01-18T23:00:00,2026-02-15T23:00:00,,,42.0
2026-02-04 02:00:00,47.1,-60.87019295347861,1.0,Tema Port,tabular,ridge_ar_lag_fourier,h168,2026-01-04T23:00:00,2026-01-18T23:00:00,2026-02-15T23:00:00,,,42.0
2026-02-04 03:00:00,94.2,-59.0649407028277,1.0,Tema Port,tabular,ridge_ar_lag_fourier,h168,2026-01-04T23:00:00,2026-01-18T23:00:00,2026-02-15T23:00:00,,,42.0
2026-02-04 04:00:00,87.4,-56.69806746112299,1.0,Tema Port,tabular,ridge_ar_lag_fourier,h168,2026-01-04T23:00:00,2026-01-18T23:00:00,2026-02-15T23:00:00,,,42.0
2026-02-04 05:00:00,79.8,-53.80423128799872,1.0,Tema Port,tabular,ridge_ar_lag_fourier,h168,2026-01-04T23:00:00,2026-01-18T23:00:00,2026-02-15T23:00:00,,,42.0
2026-02-04 06:00:00,68.7,-50.715662583399535,1.0,Tema Port,tabular,ridge_ar_lag_fourier,h168,2026-01-04T23:00:00,2026-01-18T23:00:00,2026-02-15T23:00:00,,,42.0
2026-02-04 07:00:00,63.9,-46.653609365865705,1.0,Tema Port,tabular,ridge_ar_lag_fourier,h168,2026-01-04T23:00:00,2026-01-18T23:00:00,2026-02-15T23:00:00,,,42.0
2026-02-04 08:00:00,49.7,-59.87823631526847,1.0,Tema Port,tabular,ridge_ar_lag_fourier,h168,2026-01-04T23:00:00,2026-01-18T23:00:00,2026-02-15T23:00:00,,,42.0
2026-02-04 09:00:00,50.0,-65.67872776168396,1.0,Tema Port,tabular,ridge_ar_lag_fourier,h168,2026-01-04T23:00:00,2026-01-18T23:00:00,2026-02-15T23:00:00,,,42.0
2026-02-04 10:00:00,44.0,-64.13244086260501,1.0,Tema Port,tabular,ridge_ar_lag_fourier,h168,2026-01-04T23:00:00,2026-01-18T23:00:00,2026-02-15T23:00:00,,,42.0
2026-02-04 11:00:00,41.4,-64.82966699331585,1.0,Tema Port,tabular,ridge_ar_lag_fourier,h168,2026-01-04T23:00:00,2026-01-18T23:00:00,2026-02-15T23:00:00,,,42.0
2026-02-04 12:00:00,38.4,-68.16742622763024,1.0,Tema Port,tabular,ridge_ar_lag_fourier,h168,2026-01-04T23:00:00,2026-01-18T23:00:00,2026-02-15T23:00:00,,,42.0
2026-02-04 13:00:00,39.3,-71.24769567482815,1.0,Tema Port,tabular,ridge_ar_lag_fourier,h168,2026-01-04T23:00:00,2026-01-18T23:00:00,2026-02-15T23:00:00,,,42.0
2026-02-04 14:00:00,34.3,-72.9194030262774,1.0,Tema Port,tabular,ridge_ar_lag_fourier,h168,2026-01-04T23:00:00,2026-01-18T23:00:00,2026-02-15T23:00:00,,,42.0
2026-02-04 15:00:00,31.0,-74.90644747292524,1.0,Tema Port,tabular,ridge_ar_lag_fourier,h168,2026-01-04T23:00:00,2026-01-18T23:00:00,2026-02-15T23:00:00,,,42.0
2026-02-04 16:00:00,29.6,-74.94113530745804,1.0,Tema Port,tabular,ridge_ar_lag_fourier,h168,2026-01-04T23:00:00,2026-01-18T23:00:00,2026-02-15T23:00:00,,,42.0
2026-02-04 17:00:00,57.1,-73.6396625433561,1.0,Tema Port,tabular,ridge_ar_lag_fourier,h168,2026-01-04T23:00:00,2026-01-18T23:00:00,2026-02-15T23:00:00,,,42.0
2026-02-04 18:00:00,46.8,-72.55217852615935,1.0,Tema Port,tabular,ridge_ar_lag_fourier,h168,2026-01-04T23:00:00,2026-01-18T23:00:00,2026-02-15T23:00:00,,,42.0
2026-02-04 19:00:00,23.0,-73.8129578092971,1.0,Tema Port,tabular,ridge_ar_lag_fourier,h168,2026-01-04T23:00:00,2026-01-18T23:00:00,2026-02-15T23:00:00,,,42.0
2026-02-04 20:00:00,17.1,-74.10635294178414,1.0,Tema Port,tabular,ridge_ar_lag_fourier,h168,2026-01-04T23:00:00,2026-01-18T23:00:00,2026-02-15T23:00:00,,,42.0
2026-02-04 21:00:00,28.2,-74.14803566727367,1.0,Tema Port,tabular,ridge_ar_lag_fourier,h168,2026-01-04T23:00:00,2026-01-18T23:00:00,2026-02-15T23:00:00,,,42.0
2026-02-04 22:00:00,48.2,-73.03532098261189,1.0,Tema Port,tabular,ridge_ar_lag_fourier,h168,2026-01-04T23:00:00,2026-01-18T23:00:00,2026-02-15T23:00:00,,,42.0
2026-02-04 23:00:00,45.5,-69.87524961779803,1.0,Tema Port,tabular,ridge_ar_lag_fourier,h168,2026-01-04T23:00:00,2026-01-18T23:00:00,2026-02-15T23:00:00,,,42.0
2026-02-05 00:00:00,40.8,-61.45622263991322,1.0,Tema Port,tabular,ridge_ar_lag_fourier,h168,2026-01-04T23:00:00,2026-01-18T23:00:00,2026-02-15T23:00:00,,,42.0
2026-02-05 01:00:00,53.0,-61.09133542933151,1.0,Tema Port,tabular,ridge_ar_lag_fourier,h168,2026-01-04T23:00:00,2026-01-18T23:00:00,2026-02-15T23:00:00,,,42.0
2026-02-05 02:00:00,44.1,-61.620694400072054,1.0,Tema Port,tabular,ridge_ar_lag_fourier,h168,2026-01-04T23:00:00,2026-01-18T23:00:00,2026-02-15T23:00:00,,,42.0
2026-02-05 03:00:00,44.7,-56.707057158600634,1.0,Tema Port,tabular,ridge_ar_lag_fourier,h168,2026-01-04T23:00:00,2026-01-18T23:00:00,2026-02-15T23:00:00,,,42.0
2026-02-05 04:00:00,36.8,-58.35977807124115,1.0,Tema Port,tabular,ridge_ar_lag_fourier,h168,2026-01-04T23:00:00,2026-01-18T23:00:00,2026-02-15T23:00:00,,,42.0
2026-02-05 05:00:00,39.4,-55.32138717688919,1.0,Tema Port,tabular,ridge_ar_lag_fourier,h168,2026-01-04T23:00:00,2026-01-18T23:00:00,2026-02-15T23:00:00,,,42.0
2026-02-05 06:00:00,40.3,-51.82839186781774,1.0,Tema Port,tabular,ridge_ar_lag_fourier,h168,2026-01-04T23:00:00,2026-01-18T23:00:00,2026-02-15T23:00:00,,,42.0
2026-02-05 07:00:00,34.5,-48.29567435314101,1.0,Tema Port,tabular,ridge_ar_lag_fourier,h168,2026-01-04T23:00:00,2026-01-18T23:00:00,2026-02-15T23:00:00,,,42.0
2026-02-05 08:00:00,30.5,-62.0844097302401,1.0,Tema Port,tabular,ridge_ar_lag_fourier,h168,2026-01-04T23:00:00,2026-01-18T23:00:00,2026-02-15T23:00:00,,,42.0
2026-02-05 09:00:00,31.0,-64.49044441760907,1.0,Tema Port,tabular,ridge_ar_lag_fourier,h168,2026-01-04T23:00:00,2026-01-18T23:00:00,2026-02-15T23:00:00,,,42.0
2026-02-05 10:00:00,23.0,-62.351816664232686,1.0,Tema Port,tabular,ridge_ar_lag_fourier,h168,2026-01-04T23:00:00,2026-01-18T23:00:00,2026-02-15T23:00:00,,,42.0
2026-02-05 11:00:00,42.6,-63.98957240197109,1.0,Tema Port,tabular,ridge_ar_lag_fourier,h168,2026-01-04T23:00:00,2026-01-18T23:00:00,2026-02-15T23:00:00,,,42.0
2026-02-05 12:00:00,28.2,-69.13460778587107,1.0,Tema Port,tabular,ridge_ar_lag_fourier,h168,2026-01-04T23:00:00,2026-01-18T23:00:00,2026-02-15T23:00:00,,,42.0
2026-02-05 13:00:00,24.6,-72.8604218242276,1.0,Tema Port,tabular,ridge_ar_lag_fourier,h168,2026-01-04T23:00:00,2026-01-18T23:00:00,2026-02-15T23:00:00,,,42.0
2026-02-05 14:00:00,20.5,-74.65725434673516,1.0,Tema Port,tabular,ridge_ar_lag_fourier,h168,2026-01-04T23:00:00,2026-01-18T23:00:00,2026-02-15T23:00:00,,,42.0
2026-02-05 15:00:00,19.1,-75.99868366527917,1.0,Tema Port,tabular,ridge_ar_lag_fourier,h168,2026-01-04T23:00:00,2026-01-18T23:00:00,2026-02-15T23:00:00,,,42.0
2026-02-05 16:00:00,21.9,-76.0922855625418,1.0,Tema Port,tabular,ridge_ar_lag_fourier,h168,2026-01-04T23:00:00,2026-01-18T23:00:00,2026-02-15T23:00:00,,,42.0
2026-02-05 17:00:00,22.7,-75.49360426091323,1.0,Tema Port,tabular,ridge_ar_lag_fourier,h168,2026-01-04T23:00:00,2026-01-18T23:00:00,2026-02-15T23:00:00,,,42.0
2026-02-05 18:00:00,31.5,-73.94148723533306,1.0,Tema Port,tabular,ridge_ar_lag_fourier,h168,2026-01-04T23:00:00,2026-01-18T23:00:00,2026-02-15T23:00:00,,,42.0
2026-02-05 19:00:00,40.6,-73.48951952726259,1.0,Tema Port,tabular,ridge_ar_lag_fourier,h168,2026-01-04T23:00:00,2026-01-18T23:00:00,2026-02-15T23:00:00,,,42.0
2026-02-05 20:00:00,29.0,-75.56397300797695,1.0,Tema Port,tabular,ridge_ar_lag_fourier,h168,2026-01-04T23:00:00,2026-01-18T23:00:00,2026-02-15T23:00:00,,,42.0
2026-02-05 21:00:00,31.6,-75.24123831871717,1.0,Tema Port,tabular,ridge_ar_lag_fourier,h168,2026-01-04T23:00:00,2026-01-18T23:00:00,2026-02-15T23:00:00,,,42.0
2026-02-05 22:00:00,34.2,-73.80609802314513,1.0,Tema Port,tabular,ridge_ar_lag_fourier,h168,2026-01-04T23:00:00,2026-01-18T23:00:00,2026-02-15T23:00:00,,,42.0
2026-02-05 23:00:00,31.3,-70.9649104867778,1.0,Tema Port,tabular,ridge_ar_lag_fourier,h168,2026-01-04T23:00:00,2026-01-18T23:00:00,2026-02-15T23:00:00,,,42.0
2026-02-06 00:00:00,28.7,-63.878239943409795,1.0,Tema Port,tabular,ridge_ar_lag_fourier,h168,2026-01-04T23:00:00,2026-01-18T23:00:00,2026-02-15T23:00:00,,,42.0
2026-02-06 01:00:00,25.6,-63.95755606144921,1.0,Tema Port,tabular,ridge_ar_lag_fourier,h168,2026-01-04T23:00:00,2026-01-18T23:00:00,2026-02-15T23:00:00,,,42.0
2026-02-06 02:00:00,23.7,-64.69136105813936,1.0,Tema Port,tabular,ridge_ar_lag_fourier,h168,2026-01-04T23:00:00,2026-01-18T23:00:00,2026-02-15T23:00:00,,,42.0
2026-02-06 03:00:00,27.2,-61.7418268749074,1.0,Tema Port,tabular,ridge_ar_lag_fourier,h168,2026-01-04T23:00:00,2026-01-18T23:00:00,2026-02-15T23:00:00,,,42.0
2026-02-06 04:00:00,32.1,-56.824495924025044,1.0,Tema Port,tabular,ridge_ar_lag_fourier,h168,2026-01-04T23:00:00,2026-01-18T23:00:00,2026-02-15T23:00:00,,,42.0
2026-02-06 05:00:00,28.0,-56.028849221578795,1.0,Tema Port,tabular,ridge_ar_lag_fourier,h168,2026-01-04T23:00:00,2026-01-18T23:00:00,2026-02-15T23:00:00,,,42.0
2026-02-06 06:00:00,37.3,-50.99811830725686,1.0,Tema Port,tabular,ridge_ar_lag_fourier,h168,2026-01-04T23:00:00,2026-01-18T23:00:00,2026-02-15T23:00:00,,,42.0
2026-02-06 07:00:00,47.8,-51.442178831814516,1.0,Tema Port,tabular,ridge_ar_lag_fourier,h168,2026-01-04T23:00:00,2026-01-18T23:00:00,2026-02-15T23:00:00,,,42.0
2026-02-06 08:00:00,42.0,-57.3683091093248,1.0,Tema Port,tabular,ridge_ar_lag_fourier,h168,2026-01-04T23:00:00,2026-01-18T23:00:00,2026-02-15T23:00:00,,,42.0
2026-02-06 09:00:00,20.7,-63.38548392675487,1.0,Tema Port,tabular,ridge_ar_lag_fourier,h168,2026-01-04T23:00:00,2026-01-18T23:00:00,2026-02-15T23:00:00,,,42.0
2026-02-06 10:00:00,20.7,-64.81670109386388,1.0,Tema Port,tabular,ridge_ar_lag_fourier,h168,2026-01-04T23:00:00,2026-01-18T23:00:00,2026-02-15T23:00:00,,,42.0
2026-02-06 11:00:00,22.8,-66.63950850066124,1.0,Tema Port,tabular,ridge_ar_lag_fourier,h168,2026-01-04T23:00:00,2026-01-18T23:00:00,2026-02-15T23:00:00,,,42.0
2026-02-06 12:00:00,21.8,-70.18804381340888,1.0,Tema Port,tabular,ridge_ar_lag_fourier,h168,2026-01-04T23:00:00,2026-01-18T23:00:00,2026-02-15T23:00:00,,,42.0
2026-02-06 13:00:00,22.1,-72.87772830547829,1.0,Tema Port,tabular,ridge_ar_lag_fourier,h168,2026-01-04T23:00:00,2026-01-18T23:00:00,2026-02-15T23:00:00,,,42.0
2026-02-06 14:00:00,23.5,-75.88750356611487,1.0,Tema Port,tabular,ridge_ar_lag_fourier,h168,2026-01-04T23:00:00,2026-01-18T23:00:00,2026-02-15T23:00:00,,,42.0
2026-02-06 15:00:00,25.2,-75.65719240487923,1.0,Tema Port,tabular,ridge_ar_lag_fourier,h168,2026-01-04T23:00:00,2026-01-18T23:00:00,2026-02-15T23:00:00,,,42.0
2026-02-06 16:00:00,24.5,-75.79816223005454,1.0,Tema Port,tabular,ridge_ar_lag_fourier,h168,2026-01-04T23:00:00,2026-01-18T23:00:00,2026-02-15T23:00:00,,,42.0
2026-02-06 17:00:00,23.1,-73.42199284507737,1.0,Tema Port,tabular,ridge_ar_lag_fourier,h168,2026-01-04T23:00:00,2026-01-18T23:00:00,2026-02-15T23:00:00,,,42.0
2026-02-06 18:00:00,28.1,-70.73323704873462,1.0,Tema Port,tabular,ridge_ar_lag_fourier,h168,2026-01-04T23:00:00,2026-01-18T23:00:00,2026-02-15T23:00:00,,,42.0
2026-02-06 19:00:00,24.6,-72.44236403437608,1.0,Tema Port,tabular,ridge_ar_lag_fourier,h168,2026-01-04T23:00:00,2026-01-18T23:00:00,2026-02-15T23:00:00,,,42.0
2026-02-06 20:00:00,29.0,-75.52635050767509,1.0,Tema Port,tabular,ridge_ar_lag_fourier,h168,2026-01-04T23:00:00,2026-01-18T23:00:00,2026-02-15T23:00:00,,,42.0
2026-02-06 21:00:00,27.9,-73.89819443003023,1.0,Tema Port,tabular,ridge_ar_lag_fourier,h168,2026-01-04T23:00:00,2026-01-18T23:00:00,2026-02-15T23:00:00,,,42.0
2026-02-06 22:00:00,44.9,-74.87865515965893,1.0,Tema Port,tabular,ridge_ar_lag_fourier,h168,2026-01-04T23:00:00,2026-01-18T23:00:00,2026-02-15T23:00:00,,,42.0
2026-02-06 23:00:00,31.4,-72.76204062264677,1.0,Tema Port,tabular,ridge_ar_lag_fourier,h168,2026-01-04T23:00:00,2026-01-18T23:00:00,2026-02-15T23:00:00,,,42.0
2026-02-07 00:00:00,29.8,-66.88755161212333,1.0,Tema Port,tabular,ridge_ar_lag_fourier,h168,2026-01-04T23:00:00,2026-01-18T23:00:00,2026-02-15T23:00:00,,,42.0
2026-02-07 01:00:00,29.6,-67.52279508127307,1.0,Tema Port,tabular,ridge_ar_lag_fourier,h168,2026-01-04T23:00:00,2026-01-18T23:00:00,2026-02-15T23:00:00,,,42.0
2026-02-07 02:00:00,22.6,-63.73887826396603,1.0,Tema Port,tabular,ridge_ar_lag_fourier,h168,2026-01-04T23:00:00,2026-01-18T23:00:00,2026-02-15T23:00:00,,,42.0
2026-02-07 03:00:00,29.4,-61.58741260030662,1.0,Tema Port,tabular,ridge_ar_lag_fourier,h168,2026-01-04T23:00:00,2026-01-18T23:00:00,2026-02-15T23:00:00,,,42.0
2026-02-07 04:00:00,36.7,-58.849930056706455,1.0,Tema Port,tabular,ridge_ar_lag_fourier,h168,2026-01-04T23:00:00,2026-01-18T23:00:00,2026-02-15T23:00:00,,,42.0
2026-02-07 05:00:00,36.1,-59.30967467269363,1.0,Tema Port,tabular,ridge_ar_lag_fourier,h168,2026-01-04T23:00:00,2026-01-18T23:00:00,2026-02-15T23:00:00,,,42.0
2026-02-07 06:00:00,45.3,-57.762685466684204,1.0,Tema Port,tabular,ridge_ar_lag_fourier,h168,2026-01-04T23:00:00,2026-01-18T23:00:00,2026-02-15T23:00:00,,,42.0
2026-02-07 07:00:00,46.4,-57.293181902795666,1.0,Tema Port,tabular,ridge_ar_lag_fourier,h168,2026-01-04T23:00:00,2026-01-18T23:00:00,2026-02-15T23:00:00,,,42.0
2026-02-07 08:00:00,37.4,-61.1192381218747,1.0,Tema Port,tabular,ridge_ar_lag_fourier,h168,2026-01-04T23:00:00,2026-01-18T23:00:00,2026-02-15T23:00:00,,,42.0
2026-02-07 09:00:00,17.1,-66.91085619848671,1.0,Tema Port,tabular,ridge_ar_lag_fourier,h168,2026-01-04T23:00:00,2026-01-18T23:00:00,2026-02-15T23:00:00,,,42.0
2026-02-07 10:00:00,19.3,-65.02996140002304,1.0,Tema Port,tabular,ridge_ar_lag_fourier,h168,2026-01-04T23:00:00,2026-01-18T23:00:00,2026-02-15T23:00:00,,,42.0
2026-02-07 11:00:00,17.7,-67.14728957537528,1.0,Tema Port,tabular,ridge_ar_lag_fourier,h168,2026-01-04T23:00:00,2026-01-18T23:00:00,2026-02-15T23:00:00,,,42.0
2026-02-07 12:00:00,18.6,-72.52981622239601,1.0,Tema Port,tabular,ridge_ar_lag_fourier,h168,2026-01-04T23:00:00,2026-01-18T23:00:00,2026-02-15T23:00:00,,,42.0
2026-02-07 13:00:00,18.2,-76.19215355793733,1.0,Tema Port,tabular,ridge_ar_lag_fourier,h168,2026-01-04T23:00:00,2026-01-18T23:00:00,2026-02-15T23:00:00,,,42.0
2026-02-07 14:00:00,28.4,-76.23416127624942,1.0,Tema Port,tabular,ridge_ar_lag_fourier,h168,2026-01-04T23:00:00,2026-01-18T23:00:00,2026-02-15T23:00:00,,,42.0
2026-02-07 15:00:00,20.1,-77.25011961582007,1.0,Tema Port,tabular,ridge_ar_lag_fourier,h168,2026-01-04T23:00:00,2026-01-18T23:00:00,2026-02-15T23:00:00,,,42.0
2026-02-07 16:00:00,23.3,-76.18135411659176,1.0,Tema Port,tabular,ridge_ar_lag_fourier,h168,2026-01-04T23:00:00,2026-01-18T23:00:00,2026-02-15T23:00:00,,,42.0
2026-02-07 17:00:00,25.4,-74.22918750373282,1.0,Tema Port,tabular,ridge_ar_lag_fourier,h168,2026-01-04T23:00:00,2026-01-18T23:00:00,2026-02-15T23:00:00,,,42.0
2026-02-07 18:00:00,24.3,-73.21883325949798,1.0,Tema Port,tabular,ridge_ar_lag_fourier,h168,2026-01-04T23:00:00,2026-01-18T23:00:00,2026-02-15T23:00:00,,,42.0
2026-02-07 19:00:00,20.8,-69.98872868517998,1.0,Tema Port,tabular,ridge_ar_lag_fourier,h168,2026-01-04T23:00:00,2026-01-18T23:00:00,2026-02-15T23:00:00,,,42.0
2026-02-07 20:00:00,22.0,-73.87428656145664,1.0,Tema Port,tabular,ridge_ar_lag_fourier,h168,2026-01-04T23:00:00,2026-01-18T23:00:00,2026-02-15T23:00:00,,,42.0
2026-02-07 21:00:00,22.1,-74.6945163737898,1.0,Tema Port,tabular,ridge_ar_lag_fourier,h168,2026-01-04T23:00:00,2026-01-18T23:00:00,2026-02-15T23:00:00,,,42.0
2026-02-07 22:00:00,35.0,-74.73759496450168,1.0,Tema Port,tabular,ridge_ar_lag_fourier,h168,2026-01-04T23:00:00,2026-01-18T23:00:00,2026-02-15T23:00:00,,,42.0
2026-02-07 23:00:00,30.7,-73.71761492341545,1.0,Tema Port,tabular,ridge_ar_lag_fourier,h168,2026-01-04T23:00:00,2026-01-18T23:00:00,2026-02-15T23:00:00,,,42.0
2026-02-08 00:00:00,36.1,-60.654330804718825,1.0,Tema Port,tabular,ridge_ar_lag_fourier,h168,2026-01-04T23:00:00,2026-01-18T23:00:00,2026-02-15T23:00:00,,,42.0
2026-02-08 01:00:00,35.0,-63.09672202010459,1.0,Tema Port,tabular,ridge_ar_lag_fourier,h168,2026-01-04T23:00:00,2026-01-18T23:00:00,2026-02-15T23:00:00,,,42.0
2026-02-08 02:00:00,31.2,-60.816992663856524,1.0,Tema Port,tabular,ridge_ar_lag_fourier,h168,2026-01-04T23:00:00,2026-01-18T23:00:00,2026-02-15T23:00:00,,,42.0
2026-02-08 03:00:00,30.3,-58.56060741554397,1.0,Tema Port,tabular,ridge_ar_lag_fourier,h168,2026-01-04T23:00:00,2026-01-18T23:00:00,2026-02-15T23:00:00,,,42.0
2026-02-08 04:00:00,31.7,-55.117470077046164,1.0,Tema Port,tabular,ridge_ar_lag_fourier,h168,2026-01-04T23:00:00,2026-01-18T23:00:00,2026-02-15T23:00:00,,,42.0
2026-02-08 05:00:00,38.7,-51.1610052824592,1.0,Tema Port,tabular,ridge_ar_lag_fourier,h168,2026-01-04T23:00:00,2026-01-18T23:00:00,2026-02-15T23:00:00,,,42.0
2026-02-08 06:00:00,56.3,-46.30517621695563,1.0,Tema Port,tabular,ridge_ar_lag_fourier,h168,2026-01-04T23:00:00,2026-01-18T23:00:00,2026-02-15T23:00:00,,,42.0
2026-02-08 07:00:00,53.7,-51.065255794978114,1.0,Tema Port,tabular,ridge_ar_lag_fourier,h168,2026-01-04T23:00:00,2026-01-18T23:00:00,2026-02-15T23:00:00,,,42.0
2026-02-08 08:00:00,49.7,-54.84305482860515,1.0,Tema Port,tabular,ridge_ar_lag_fourier,h168,2026-01-04T23:00:00,2026-01-18T23:00:00,2026-02-15T23:00:00,,,42.0
2026-02-08 09:00:00,38.0,-58.30272141950388,1.0,Tema Port,tabular,ridge_ar_lag_fourier,h168,2026-01-04T23:00:00,2026-01-18T23:00:00,2026-02-15T23:00:00,,,42.0
2026-02-08 10:00:00,46.4,-60.53699127718009,1.0,Tema Port,tabular,ridge_ar_lag_fourier,h168,2026-01-04T23:00:00,2026-01-18T23:00:00,2026-02-15T23:00:00,,,42.0
2026-02-08 11:00:00,30.7,-60.919369134385875,1.0,Tema Port,tabular,ridge_ar_lag_fourier,h168,2026-01-04T23:00:00,2026-01-18T23:00:00,2026-02-15T23:00:00,,,42.0
2026-02-08 12:00:00,17.9,-65.29531412939957,1.0,Tema Port,tabular,ridge_ar_lag_fourier,h168,2026-01-04T23:00:00,2026-01-18T23:00:00,2026-02-15T23:00:00,,,42.0
2026-02-08 13:00:00,14.2,-68.74273196690541,1.0,Tema Port,tabular,ridge_ar_lag_fourier,h168,2026-01-04T23:00:00,2026-01-18T23:00:00,2026-02-15T23:00:00,,,42.0
2026-02-08 14:00:00,13.3,-69.89827396850042,1.0,Tema Port,tabular,ridge_ar_lag_fourier,h168,2026-01-04T23:00:00,2026-01-18T23:00:00,2026-02-15T23:00:00,,,42.0
2026-02-08 15:00:00,13.6,-70.66150025121615,1.0,Tema Port,tabular,ridge_ar_lag_fourier,h168,2026-01-04T23:00:00,2026-01-18T23:00:00,2026-02-15T23:00:00,,,42.0
2026-02-08 16:00:00,12.7,-70.67472020525577,1.0,Tema Port,tabular,ridge_ar_lag_fourier,h168,2026-01-04T23:00:00,2026-01-18T23:00:00,2026-02-15T23:00:00,,,42.0
2026-02-08 17:00:00,21.4,-66.41124115029477,1.0,Tema Port,tabular,ridge_ar_lag_fourier,h168,2026-01-04T23:00:00,2026-01-18T23:00:00,2026-02-15T23:00:00,,,42.0
2026-02-08 18:00:00,24.8,-67.11224133614861,1.0,Tema Port,tabular,ridge_ar_lag_fourier,h168,2026-01-04T23:00:00,2026-01-18T23:00:00,2026-02-15T23:00:00,,,42.0
2026-02-08 19:00:00,28.5,-67.48997423106783,1.0,Tema Port,tabular,ridge_ar_lag_fourier,h168,2026-01-04T23:00:00,2026-01-18T23:00:00,2026-02-15T23:00:00,,,42.0
2026-02-08 20:00:00,20.0,-65.96741508501344,1.0,Tema Port,tabular,ridge_ar_lag_fourier,h168,2026-01-04T23:00:00,2026-01-18T23:00:00,2026-02-15T23:00:00,,,42.0
2026-02-08 21:00:00,21.2,-68.51202129712837,1.0,Tema Port,tabular,ridge_ar_lag_fourier,h168,2026-01-04T23:00:00,2026-01-18T23:00:00,2026-02-15T23:00:00,,,42.0
2026-02-08 22:00:00,22.6,-68.11308949978287,1.0,Tema Port,tabular,ridge_ar_lag_fourier,h168,2026-01-04T23:00:00,2026-01-18T23:00:00,2026-02-15T23:00:00,,,42.0
2026-02-08 23:00:00,19.8,-64.98245285014951,1.0,Tema Port,tabular,ridge_ar_lag_fourier,h168,2026-01-04T23:00:00,2026-01-18T23:00:00,2026-02-15T23:00:00,,,42.0
2026-02-09 00:00:00,16.8,-52.481800080277395,1.0,Tema Port,tabular,ridge_ar_lag_fourier,h168,2026-01-04T23:00:00,2026-01-18T23:00:00,2026-02-15T23:00:00,,,42.0
2026-02-09 01:00:00,14.5,-55.46833251715282,1.0,Tema Port,tabular,ridge_ar_lag_fourier,h168,2026-01-04T23:00:00,2026-01-18T23:00:00,2026-02-15T23:00:00,,,42.0
2026-02-09 02:00:00,16.0,-54.01084329676695,1.0,Tema Port,tabular,ridge_ar_lag_fourier,h168,2026-01-04T23:00:00,2026-01-18T23:00:00,2026-02-15T23:00:00,,,42.0
2026-02-09 03:00:00,27.4,-52.58854315187958,1.0,Tema Port,tabular,ridge_ar_lag_fourier,h168,2026-01-04T23:00:00,2026-01-18T23:00:00,2026-02-15T23:00:00,,,42.0
2026-02-09 04:00:00,23.0,-51.494264888535895,1.0,Tema Port,tabular,ridge_ar_lag_fourier,h168,2026-01-04T23:00:00,2026-01-18T23:00:00,2026-02-15T23:00:00,,,42.0
2026-02-09 05:00:00,32.0,-48.32287708773349,1.0,Tema Port,tabular,ridge_ar_lag_fourier,h168,2026-01-04T23:00:00,2026-01-18T23:00:00,2026-02-15T23:00:00,,,42.0
2026-02-09 06:00:00,39.9,-44.2879545731908,1.0,Tema Port,tabular,ridge_ar_lag_fourier,h168,2026-01-04T23:00:00,2026-01-18T23:00:00,2026-02-15T23:00:00,,,42.0
2026-02-09 07:00:00,35.0,-44.52066706958648,1.0,Tema Port,tabular,ridge_ar_lag_fourier,h168,2026-01-04T23:00:00,2026-01-18T23:00:00,2026-02-15T23:00:00,,,42.0
2026-02-09 08:00:00,34.6,-43.12414362779543,1.0,Tema Port,tabular,ridge_ar_lag_fourier,h168,2026-01-04T23:00:00,2026-01-18T23:00:00,2026-02-15T23:00:00,,,42.0
2026-02-09 09:00:00,38.2,-47.012313244249896,1.0,Tema Port,tabular,ridge_ar_lag_fourier,h168,2026-01-04T23:00:00,2026-01-18T23:00:00,2026-02-15T23:00:00,,,42.0
2026-02-09 10:00:00,30.7,-53.539580738431766,1.0,Tema Port,tabular,ridge_ar_lag_fourier,h168,2026-01-04T23:00:00,2026-01-18T23:00:00,2026-02-15T23:00:00,,,42.0
2026-02-09 11:00:00,19.9,-56.965322034992255,1.0,Tema Port,tabular,ridge_ar_lag_fourier,h168,2026-01-04T23:00:00,2026-01-18T23:00:00,2026-02-15T23:00:00,,,42.0
2026-02-09 12:00:00,19.3,-62.17770155467231,1.0,Tema Port,tabular,ridge_ar_lag_fourier,h168,2026-01-04T23:00:00,2026-01-18T23:00:00,2026-02-15T23:00:00,,,42.0
2026-02-09 13:00:00,24.2,-65.24316693444015,1.0,Tema Port,tabular,ridge_ar_lag_fourier,h168,2026-01-04T23:00:00,2026-01-18T23:00:00,2026-02-15T23:00:00,,,42.0
2026-02-09 14:00:00,33.3,-66.74914053071211,1.0,Tema Port,tabular,ridge_ar_lag_fourier,h168,2026-01-04T23:00:00,2026-01-18T23:00:00,2026-02-15T23:00:00,,,42.0
2026-02-09 15:00:00,17.8,-66.7304019753941,1.0,Tema Port,tabular,ridge_ar_lag_fourier,h168,2026-01-04T23:00:00,2026-01-18T23:00:00,2026-02-15T23:00:00,,,42.0
2026-02-09 16:00:00,19.4,-64.94139346215361,1.0,Tema Port,tabular,ridge_ar_lag_fourier,h168,2026-01-04T23:00:00,2026-01-18T23:00:00,2026-02-15T23:00:00,,,42.0
2026-02-09 17:00:00,22.8,-61.43231014197801,1.0,Tema Port,tabular,ridge_ar_lag_fourier,h168,2026-01-04T23:00:00,2026-01-18T23:00:00,2026-02-15T23:00:00,,,42.0
2026-02-09 18:00:00,42.1,-61.0037926602694,1.0,Tema Port,tabular,ridge_ar_lag_fourier,h168,2026-01-04T23:00:00,2026-01-18T23:00:00,2026-02-15T23:00:00,,,42.0
2026-02-09 19:00:00,41.1,-63.5297850831943,1.0,Tema Port,tabular,ridge_ar_lag_fourier,h168,2026-01-04T23:00:00,2026-01-18T23:00:00,2026-02-15T23:00:00,,,42.0
2026-02-09 20:00:00,38.2,-62.22109193535651,1.0,Tema Port,tabular,ridge_ar_lag_fourier,h168,2026-01-04T23:00:00,2026-01-18T23:00:00,2026-02-15T23:00:00,,,42.0
2026-02-09 21:00:00,31.2,-65.1098124794708,1.0,Tema Port,tabular,ridge_ar_lag_fourier,h168,2026-01-04T23:00:00,2026-01-18T23:00:00,2026-02-15T23:00:00,,,42.0
2026-02-09 22:00:00,42.5,-65.63859380659308,1.0,Tema Port,tabular,ridge_ar_lag_fourier,h168,2026-01-04T23:00:00,2026-01-18T23:00:00,2026-02-15T23:00:00,,,42.0
2026-02-09 23:00:00,30.1,-63.44128130174174,1.0,Tema Port,tabular,ridge_ar_lag_fourier,h168,2026-01-04T23:00:00,2026-01-18T23:00:00,2026-02-15T23:00:00,,,42.0
2026-02-10 00:00:00,28.2,-55.86167494337904,1.0,Tema Port,tabular,ridge_ar_lag_fourier,h168,2026-01-04T23:00:00,2026-01-18T23:00:00,2026-02-15T23:00:00,,,42.0
2026-02-10 01:00:00,29.8,-56.43155096539688,1.0,Tema Port,tabular,ridge_ar_lag_fourier,h168,2026-01-04T23:00:00,2026-01-18T23:00:00,2026-02-15T23:00:00,,,42.0
2026-02-10 02:00:00,31.9,-57.53656686036062,1.0,Tema Port,tabular,ridge_ar_lag_fourier,h168,2026-01-04T23:00:00,2026-01-18T23:00:00,2026-02-15T23:00:00,,,42.0
2026-02-10 03:00:00,21.9,-55.76503327565209,1.0,Tema Port,tabular,ridge_ar_lag_fourier,h168,2026-01-04T23:00:00,2026-01-18T23:00:00,2026-02-15T23:00:00,,,42.0
2026-02-10 04:00:00,39.2,-54.46138784244144,1.0,Tema Port,tabular,ridge_ar_lag_fourier,h168,2026-01-04T23:00:00,2026-01-18T23:00:00,2026-02-15T23:00:00,,,42.0
2026-02-10 05:00:00,32.4,-50.92420713224263,1.0,Tema Port,tabular,ridge_ar_lag_fourier,h168,2026-01-04T23:00:00,2026-01-18T23:00:00,2026-02-15T23:00:00,,,42.0
2026-02-10 06:00:00,45.7,-46.27249588018006,1.0,Tema Port,tabular,ridge_ar_lag_fourier,h168,2026-01-04T23:00:00,2026-01-18T23:00:00,2026-02-15T23:00:00,,,42.0
2026-02-10 07:00:00,45.5,-47.17861655588425,1.0,Tema Port,tabular,ridge_ar_lag_fourier,h168,2026-01-04T23:00:00,2026-01-18T23:00:00,2026-02-15T23:00:00,,,42.0
2026-02-10 08:00:00,39.6,-50.64566463012116,1.0,Tema Port,tabular,ridge_ar_lag_fourier,h168,2026-01-04T23:00:00,2026-01-18T23:00:00,2026-02-15T23:00:00,,,42.0
2026-02-10 09:00:00,27.4,-54.6942813466286,1.0,Tema Port,tabular,ridge_ar_lag_fourier,h168,2026-01-04T23:00:00,2026-01-18T23:00:00,2026-02-15T23:00:00,,,42.0
2026-02-10 10:00:00,25.6,-57.795090113812336,1.0,Tema Port,tabular,ridge_ar_lag_fourier,h168,2026-01-04T23:00:00,2026-01-18T23:00:00,2026-02-15T23:00:00,,,42.0
2026-02-10 11:00:00,15.5,-61.38783851890918,1.0,Tema Port,tabular,ridge_ar_lag_fourier,h168,2026-01-04T23:00:00,2026-01-18T23:00:00,2026-02-15T23:00:00,,,42.0
2026-02-10 12:00:00,17.3,-62.96752381770898,1.0,Tema Port,tabular,ridge_ar_lag_fourier,h168,2026-01-04T23:00:00,2026-01-18T23:00:00,2026-02-15T23:00:00,,,42.0
2026-02-10 13:00:00,13.8,-67.85699657461652,1.0,Tema Port,tabular,ridge_ar_lag_fourier,h168,2026-01-04T23:00:00,2026-01-18T23:00:00,2026-02-15T23:00:00,,,42.0
2026-02-10 14:00:00,15.6,-69.75188175671329,1.0,Tema Port,tabular,ridge_ar_lag_fourier,h168,2026-01-04T23:00:00,2026-01-18T23:00:00,2026-02-15T23:00:00,,,42.0
2026-02-10 15:00:00,14.9,-68.61664124193413,1.0,Tema Port,tabular,ridge_ar_lag_fourier,h168,2026-01-04T23:00:00,2026-01-18T23:00:00,2026-02-15T23:00:00,,,42.0
2026-02-10 16:00:00,14.0,-68.89351401577285,1.0,Tema Port,tabular,ridge_ar_lag_fourier,h168,2026-01-04T23:00:00,2026-01-18T23:00:00,2026-02-15T23:00:00,,,42.0
2026-02-10 17:00:00,16.8,-64.60254569631104,1.0,Tema Port,tabular,ridge_ar_lag_fourier,h168,2026-01-04T23:00:00,2026-01-18T23:00:00,2026-02-15T23:00:00,,,42.0
2026-02-10 18:00:00,36.7,-65.44731315512412,1.0,Tema Port,tabular,ridge_ar_lag_fourier,h168,2026-01-04T23:00:00,2026-01-18T23:00:00,2026-02-15T23:00:00,,,42.0
2026-02-10 19:00:00,19.8,-65.41767292929407,1.0,Tema Port,tabular,ridge_ar_lag_fourier,h168,2026-01-04T23:00:00,2026-01-18T23:00:00,2026-02-15T23:00:00,,,42.0
2026-02-10 20:00:00,16.6,-61.82331827882123,1.0,Tema Port,tabular,ridge_ar_lag_fourier,h168,2026-01-04T23:00:00,2026-01-18T23:00:00,2026-02-15T23:00:00,,,42.0
2026-02-10 21:00:00,17.4,-63.893713031041216,1.0,Tema Port,tabular,ridge_ar_lag_fourier,h168,2026-01-04T23:00:00,2026-01-18T23:00:00,2026-02-15T23:00:00,,,42.0
2026-02-10 22:00:00,18.4,-65.11293080905045,1.0,Tema Port,tabular,ridge_ar_lag_fourier,h168,2026-01-04T23:00:00,2026-01-18T23:00:00,2026-02-15T23:00:00,,,42.0
2026-02-10 23:00:00,18.5,-65.34169552850705,1.0,Tema Port,tabular,ridge_ar_lag_fourier,h168,2026-01-04T23:00:00,2026-01-18T23:00:00,2026-02-15T23:00:00,,,42.0
2026-02-11 00:00:00,15.5,-60.40707811814936,1.0,Tema Port,tabular,ridge_ar_lag_fourier,h168,2026-01-04T23:00:00,2026-01-18T23:00:00,2026-02-15T23:00:00,,,42.0
2026-02-11 01:00:00,30.2,-59.739521779879055,1.0,Tema Port,tabular,ridge_ar_lag_fourier,h168,2026-01-04T23:00:00,2026-01-18T23:00:00,2026-02-15T23:00:00,,,42.0
2026-02-11 02:00:00,25.7,-60.83682379107003,1.0,Tema Port,tabular,ridge_ar_lag_fourier,h168,2026-01-04T23:00:00,2026-01-18T23:00:00,2026-02-15T23:00:00,,,42.0
2026-02-11 03:00:00,39.3,-59.94031129781915,1.0,Tema Port,tabular,ridge_ar_lag_fourier,h168,2026-01-04T23:00:00,2026-01-18T23:00:00,2026-02-15T23:00:00,,,42.0
2026-02-11 04:00:00,50.0,-56.08592019959161,1.0,Tema Port,tabular,ridge_ar_lag_fourier,h168,2026-01-04T23:00:00,2026-01-18T23:00:00,2026-02-15T23:00:00,,,42.0
2026-02-11 05:00:00,61.1,-53.05938914626178,1.0,Tema Port,tabular,ridge_ar_lag_fourier,h168,2026-01-04T23:00:00,2026-01-18T23:00:00,2026-02-15T23:00:00,,,42.0
2026-02-11 06:00:00,71.5,-51.1132314925032,1.0,Tema Port,tabular,ridge_ar_lag_fourier,h168,2026-01-04T23:00:00,2026-01-18T23:00:00,2026-02-15T23:00:00,,,42.0
2026-02-11 07:00:00,47.6,-55.97865882849575,1.0,Tema Port,tabular,ridge_ar_lag_fourier,h168,2026-01-04T23:00:00,2026-01-18T23:00:00,2026-02-15T23:00:00,,,42.0
2026-02-11 08:00:00,51.6,-56.535012230625554,1.0,Tema Port,tabular,ridge_ar_lag_fourier,h168,2026-01-04T23:00:00,2026-01-18T23:00:00,2026-02-15T23:00:00,,,42.0
2026-02-11 09:00:00,62.6,-60.640099323801735,1.0,Tema Port,tabular,ridge_ar_lag_fourier,h168,2026-01-04T23:00:00,2026-01-18T23:00:00,2026-02-15T23:00:00,,,42.0
2026-02-11 10:00:00,30.2,-63.70997331043762,1.0,Tema Port,tabular,ridge_ar_lag_fourier,h168,2026-01-04T23:00:00,2026-01-18T23:00:00,2026-02-15T23:00:00,,,42.0
2026-02-11 11:00:00,38.2,-65.41665721387687,1.0,Tema Port,tabular,ridge_ar_lag_fourier,h168,2026-01-04T23:00:00,2026-01-18T23:00:00,2026-02-15T23:00:00,,,42.0
2026-02-11 12:00:00,41.7,-68.16878546063427,1.0,Tema Port,tabular,ridge_ar_lag_fourier,h168,2026-01-04T23:00:00,2026-01-18T23:00:00,2026-02-15T23:00:00,,,42.0
2026-02-11 13:00:00,28.8,-71.97983234226555,1.0,Tema Port,tabular,ridge_ar_lag_fourier,h168,2026-01-04T23:00:00,2026-01-18T23:00:00,2026-02-15T23:00:00,,,42.0
2026-02-11 14:00:00,19.1,-73.48083230937766,1.0,Tema Port,tabular,ridge_ar_lag_fourier,h168,2026-01-04T23:00:00,2026-01-18T23:00:00,2026-02-15T23:00:00,,,42.0
2026-02-11 15:00:00,12.6,-73.6251178341264,1.0,Tema Port,tabular,ridge_ar_lag_fourier,h168,2026-01-04T23:00:00,2026-01-18T23:00:00,2026-02-15T23:00:00,,,42.0
2026-02-11 16:00:00,14.8,-72.71019421626237,1.0,Tema Port,tabular,ridge_ar_lag_fourier,h168,2026-01-04T23:00:00,2026-01-18T23:00:00,2026-02-15T23:00:00,,,42.0
2026-02-11 17:00:00,34.6,-69.99150994771799,1.0,Tema Port,tabular,ridge_ar_lag_fourier,h168,2026-01-04T23:00:00,2026-01-18T23:00:00,2026-02-15T23:00:00,,,42.0
2026-02-11 18:00:00,28.8,-66.56314790568024,1.0,Tema Port,tabular,ridge_ar_lag_fourier,h168,2026-01-04T23:00:00,2026-01-18T23:00:00,2026-02-15T23:00:00,,,42.0
2026-02-11 19:00:00,29.4,-67.99829638226139,1.0,Tema Port,tabular,ridge_ar_lag_fourier,h168,2026-01-04T23:00:00,2026-01-18T23:00:00,2026-02-15T23:00:00,,,42.0
2026-02-11 20:00:00,27.0,-66.12498335979949,1.0,Tema Port,tabular,ridge_ar_lag_fourier,h168,2026-01-04T23:00:00,2026-01-18T23:00:00,2026-02-15T23:00:00,,,42.0
2026-02-11 21:00:00,32.6,-68.52985786585066,1.0,Tema Port,tabular,ridge_ar_lag_fourier,h168,2026-01-04T23:00:00,2026-01-18T23:00:00,2026-02-15T23:00:00,,,42.0
2026-02-11 22:00:00,48.2,-69.32041775850166,1.0,Tema Port,tabular,ridge_ar_lag_fourier,h168,2026-01-04T23:00:00,2026-01-18T23:00:00,2026-02-15T23:00:00,,,42.0
2026-02-11 23:00:00,42.8,-66.1072753434053,1.0,Tema Port,tabular,ridge_ar_lag_fourier,h168,2026-01-04T23:00:00,2026-01-18T23:00:00,2026-02-15T23:00:00,,,42.0
2026-02-12 00:00:00,53.7,-59.92613273924644,1.0,Tema Port,tabular,ridge_ar_lag_fourier,h168,2026-01-04T23:00:00,2026-01-18T23:00:00,2026-02-15T23:00:00,,,42.0
2026-02-12 01:00:00,53.7,-64.57822680479936,1.0,Tema Port,tabular,ridge_ar_lag_fourier,h168,2026-01-04T23:00:00,2026-01-18T23:00:00,2026-02-15T23:00:00,,,42.0
2026-02-12 02:00:00,64.9,-62.76355265213684,1.0,Tema Port,tabular,ridge_ar_lag_fourier,h168,2026-01-04T23:00:00,2026-01-18T23:00:00,2026-02-15T23:00:00,,,42.0
2026-02-12 03:00:00,66.7,-59.667196516327905,1.0,Tema Port,tabular,ridge_ar_lag_fourier,h168,2026-01-04T23:00:00,2026-01-18T23:00:00,2026-02-15T23:00:00,,,42.0
2026-02-12 04:00:00,104.7,-59.83794526420773,1.0,Tema Port,tabular,ridge_ar_lag_fourier,h168,2026-01-04T23:00:00,2026-01-18T23:00:00,2026-02-15T23:00:00,,,42.0
2026-02-12 05:00:00,92.2,-54.545699459565384,1.0,Tema Port,tabular,ridge_ar_lag_fourier,h168,2026-01-04T23:00:00,2026-01-18T23:00:00,2026-02-15T23:00:00,,,42.0
2026-02-12 06:00:00,84.8,-54.431592924202576,1.0,Tema Port,tabular,ridge_ar_lag_fourier,h168,2026-01-04T23:00:00,2026-01-18T23:00:00,2026-02-15T23:00:00,,,42.0
2026-02-12 07:00:00,76.4,-54.363747122548276,1.0,Tema Port,tabular,ridge_ar_lag_fourier,h168,2026-01-04T23:00:00,2026-01-18T23:00:00,2026-02-15T23:00:00,,,42.0
2026-02-12 08:00:00,56.5,-57.91134636036517,1.0,Tema Port,tabular,ridge_ar_lag_fourier,h168,2026-01-04T23:00:00,2026-01-18T23:00:00,2026-02-15T23:00:00,,,42.0
2026-02-12 09:00:00,23.7,-62.37788600056581,1.0,Tema Port,tabular,ridge_ar_lag_fourier,h168,2026-01-04T23:00:00,2026-01-18T23:00:00,2026-02-15T23:00:00,,,42.0
2026-02-12 10:00:00,4.4,-65.57343595845781,1.0,Tema Port,tabular,ridge_ar_lag_fourier,h168,2026-01-04T23:00:00,2026-01-18T23:00:00,2026-02-15T23:00:00,,,42.0
2026-02-12 11:00:00,2.3,-68.8771836877475,1.0,Tema Port,tabular,ridge_ar_lag_fourier,h168,2026-01-04T23:00:00,2026-01-18T23:00:00,2026-02-15T23:00:00,,,42.0
2026-02-12 12:00:00,3.3,-69.3069741242958,1.0,Tema Port,tabular,ridge_ar_lag_fourier,h168,2026-01-04T23:00:00,2026-01-18T23:00:00,2026-02-15T23:00:00,,,42.0
2026-02-12 13:00:00,2.9,-73.23129401658765,1.0,Tema Port,tabular,ridge_ar_lag_fourier,h168,2026-01-04T23:00:00,2026-01-18T23:00:00,2026-02-15T23:00:00,,,42.0
2026-02-12 14:00:00,3.5,-70.79345917598036,1.0,Tema Port,tabular,ridge_ar_lag_fourier,h168,2026-01-04T23:00:00,2026-01-18T23:00:00,2026-02-15T23:00:00,,,42.0
2026-02-12 15:00:00,3.6,-71.38604777483052,1.0,Tema Port,tabular,ridge_ar_lag_fourier,h168,2026-01-04T23:00:00,2026-01-18T23:00:00,2026-02-15T23:00:00,,,42.0
2026-02-12 16:00:00,4.6,-70.84131405359588,1.0,Tema Port,tabular,ridge_ar_lag_fourier,h168,2026-01-04T23:00:00,2026-01-18T23:00:00,2026-02-15T23:00:00,,,42.0
2026-02-12 17:00:00,8.2,-67.86088157788437,1.0,Tema Port,tabular,ridge_ar_lag_fourier,h168,2026-01-04T23:00:00,2026-01-18T23:00:00,2026-02-15T23:00:00,,,42.0
2026-02-12 18:00:00,21.9,-68.91144846207726,1.0,Tema Port,tabular,ridge_ar_lag_fourier,h168,2026-01-04T23:00:00,2026-01-18T23:00:00,2026-02-15T23:00:00,,,42.0
2026-02-12 19:00:00,8.9,-70.7758926078969,1.0,Tema Port,tabular,ridge_ar_lag_fourier,h168,2026-01-04T23:00:00,2026-01-18T23:00:00,2026-02-15T23:00:00,,,42.0
2026-02-12 20:00:00,9.4,-66.86686168294383,1.0,Tema Port,tabular,ridge_ar_lag_fourier,h168,2026-01-04T23:00:00,2026-01-18T23:00:00,2026-02-15T23:00:00,,,42.0
2026-02-12 21:00:00,7.7,-68.42415586107603,1.0,Tema Port,tabular,ridge_ar_lag_fourier,h168,2026-01-04T23:00:00,2026-01-18T23:00:00,2026-02-15T23:00:00,,,42.0
2026-02-12 22:00:00,18.2,-68.50571852355517,1.0,Tema Port,tabular,ridge_ar_lag_fourier,h168,2026-01-04T23:00:00,2026-01-18T23:00:00,2026-02-15T23:00:00,,,42.0
2026-02-12 23:00:00,26.7,-67.48327002918498,1.0,Tema Port,tabular,ridge_ar_lag_fourier,h168,2026-01-04T23:00:00,2026-01-18T23:00:00,2026-02-15T23:00:00,,,42.0
2026-02-13 00:00:00,32.3,-60.12860425105269,1.0,Tema Port,tabular,ridge_ar_lag_fourier,h168,2026-01-04T23:00:00,2026-01-18T23:00:00,2026-02-15T23:00:00,,,42.0
2026-02-13 01:00:00,32.7,-63.47049090903714,1.0,Tema Port,tabular,ridge_ar_lag_fourier,h168,2026-01-04T23:00:00,2026-01-18T23:00:00,2026-02-15T23:00:00,,,42.0
2026-02-13 02:00:00,30.8,-64.00309424908008,1.0,Tema Port,tabular,ridge_ar_lag_fourier,h168,2026-01-04T23:00:00,2026-01-18T23:00:00,2026-02-15T23:00:00,,,42.0
2026-02-13 03:00:00,28.1,-58.145884787478394,1.0,Tema Port,tabular,ridge_ar_lag_fourier,h168,2026-01-04T23:00:00,2026-01-18T23:00:00,2026-02-15T23:00:00,,,42.0
2026-02-13 04:00:00,34.1,-58.573745368105335,1.0,Tema Port,tabular,ridge_ar_lag_fourier,h168,2026-01-04T23:00:00,2026-01-18T23:00:00,2026-02-15T23:00:00,,,42.0
2026-02-13 05:00:00,50.8,-53.86756940030192,1.0,Tema Port,tabular,ridge_ar_lag_fourier,h168,2026-01-04T23:00:00,2026-01-18T23:00:00,2026-02-15T23:00:00,,,42.0
2026-02-13 06:00:00,46.7,-53.28569154335233,1.0,Tema Port,tabular,ridge_ar_lag_fourier,h168,2026-01-04T23:00:00,2026-01-18T23:00:00,2026-02-15T23:00:00,,,42.0
2026-02-13 07:00:00,36.9,-56.53836848605296,1.0,Tema Port,tabular,ridge_ar_lag_fourier,h168,2026-01-04T23:00:00,2026-01-18T23:00:00,2026-02-15T23:00:00,,,42.0
2026-02-13 08:00:00,28.6,-59.11601557278138,1.0,Tema Port,tabular,ridge_ar_lag_fourier,h168,2026-01-04T23:00:00,2026-01-18T23:00:00,2026-02-15T23:00:00,,,42.0
2026-02-13 09:00:00,29.5,-61.50068316154082,1.0,Tema Port,tabular,ridge_ar_lag_fourier,h168,2026-01-04T23:00:00,2026-01-18T23:00:00,2026-02-15T23:00:00,,,42.0
2026-02-13 10:00:00,35.3,-63.71483638569414,1.0,Tema Port,tabular,ridge_ar_lag_fourier,h168,2026-01-04T23:00:00,2026-01-18T23:00:00,2026-02-15T23:00:00,,,42.0
2026-02-13 11:00:00,23.2,-66.85734582391318,1.0,Tema Port,tabular,ridge_ar_lag_fourier,h168,2026-01-04T23:00:00,2026-01-18T23:00:00,2026-02-15T23:00:00,,,42.0
2026-02-13 12:00:00,4.9,-68.8203692595745,1.0,Tema Port,tabular,ridge_ar_lag_fourier,h168,2026-01-04T23:00:00,2026-01-18T23:00:00,2026-02-15T23:00:00,,,42.0
2026-02-13 13:00:00,5.7,-71.20173609172016,1.0,Tema Port,tabular,ridge_ar_lag_fourier,h168,2026-01-04T23:00:00,2026-01-18T23:00:00,2026-02-15T23:00:00,,,42.0
2026-02-13 14:00:00,10.1,-73.12752291312626,1.0,Tema Port,tabular,ridge_ar_lag_fourier,h168,2026-01-04T23:00:00,2026-01-18T23:00:00,2026-02-15T23:00:00,,,42.0
2026-02-13 15:00:00,12.3,-74.64872950335142,1.0,Tema Port,tabular,ridge_ar_lag_fourier,h168,2026-01-04T23:00:00,2026-01-18T23:00:00,2026-02-15T23:00:00,,,42.0
2026-02-13 16:00:00,7.7,-73.92123285806,1.0,Tema Port,tabular,ridge_ar_lag_fourier,h168,2026-01-04T23:00:00,2026-01-18T23:00:00,2026-02-15T23:00:00,,,42.0
2026-02-13 17:00:00,30.1,-67.21771384846406,1.0,Tema Port,tabular,ridge_ar_lag_fourier,h168,2026-01-04T23:00:00,2026-01-18T23:00:00,2026-02-15T23:00:00,,,42.0
2026-02-13 18:00:00,32.9,-67.26393230344803,1.0,Tema Port,tabular,ridge_ar_lag_fourier,h168,2026-01-04T23:00:00,2026-01-18T23:00:00,2026-02-15T23:00:00,,,42.0
2026-02-13 19:00:00,28.0,-68.61423299553802,1.0,Tema Port,tabular,ridge_ar_lag_fourier,h168,2026-01-04T23:00:00,2026-01-18T23:00:00,2026-02-15T23:00:00,,,42.0
2026-02-13 20:00:00,10.7,-66.06121876313581,1.0,Tema Port,tabular,ridge_ar_lag_fourier,h168,2026-01-04T23:00:00,2026-01-18T23:00:00,2026-02-15T23:00:00,,,42.0
2026-02-13 21:00:00,10.8,-67.79601012310687,1.0,Tema Port,tabular,ridge_ar_lag_fourier,h168,2026-01-04T23:00:00,2026-01-18T23:00:00,2026-02-15T23:00:00,,,42.0
2026-02-13 22:00:00,12.1,-67.26452797569868,1.0,Tema Port,tabular,ridge_ar_lag_fourier,h168,2026-01-04T23:00:00,2026-01-18T23:00:00,2026-02-15T23:00:00,,,42.0
2026-02-13 23:00:00,16.3,-64.738214224091,1.0,Tema Port,tabular,ridge_ar_lag_fourier,h168,2026-01-04T23:00:00,2026-01-18T23:00:00,2026-02-15T23:00:00,,,42.0
2026-02-14 00:00:00,9.4,-59.41872531822011,1.0,Tema Port,tabular,ridge_ar_lag_fourier,h168,2026-01-04T23:00:00,2026-01-18T23:00:00,2026-02-15T23:00:00,,,42.0
2026-02-14 01:00:00,11.4,-62.69472267599244,1.0,Tema Port,tabular,ridge_ar_lag_fourier,h168,2026-01-04T23:00:00,2026-01-18T23:00:00,2026-02-15T23:00:00,,,42.0
2026-02-14 02:00:00,18.0,-64.78182271600195,1.0,Tema Port,tabular,ridge_ar_lag_fourier,h168,2026-01-04T23:00:00,2026-01-18T23:00:00,2026-02-15T23:00:00,,,42.0
2026-02-14 03:00:00,17.1,-59.87845634993559,1.0,Tema Port,tabular,ridge_ar_lag_fourier,h168,2026-01-04T23:00:00,2026-01-18T23:00:00,2026-02-15T23:00:00,,,42.0
2026-02-14 04:00:00,22.1,-59.24733656034687,1.0,Tema Port,tabular,ridge_ar_lag_fourier,h168,2026-01-04T23:00:00,2026-01-18T23:00:00,2026-02-15T23:00:00,,,42.0
2026-02-14 05:00:00,28.2,-54.38167737624538,1.0,Tema Port,tabular,ridge_ar_lag_fourier,h168,2026-01-04T23:00:00,2026-01-18T23:00:00,2026-02-15T23:00:00,,,42.0
2026-02-14 06:00:00,32.7,-56.88378538620678,1.0,Tema Port,tabular,ridge_ar_lag_fourier,h168,2026-01-04T23:00:00,2026-01-18T23:00:00,2026-02-15T23:00:00,,,42.0
2026-02-14 07:00:00,33.3,-54.485553120404404,1.0,Tema Port,tabular,ridge_ar_lag_fourier,h168,2026-01-04T23:00:00,2026-01-18T23:00:00,2026-02-15T23:00:00,,,42.0
2026-02-14 08:00:00,31.5,-58.44925318900229,1.0,Tema Port,tabular,ridge_ar_lag_fourier,h168,2026-01-04T23:00:00,2026-01-18T23:00:00,2026-02-15T23:00:00,,,42.0
2026-02-14 09:00:00,32.3,-62.73976328050104,1.0,Tema Port,tabular,ridge_ar_lag_fourier,h168,2026-01-04T23:00:00,2026-01-18T23:00:00,2026-02-15T23:00:00,,,42.0
2026-02-14 10:00:00,27.3,-68.60197116793907,1.0,Tema Port,tabular,ridge_ar_lag_fourier,h168,2026-01-04T23:00:00,2026-01-18T23:00:00,2026-02-15T23:00:00,,,42.0
2026-02-14 11:00:00,26.7,-69.6310278378129,1.0,Tema Port,tabular,ridge_ar_lag_fourier,h168,2026-01-04T23:00:00,2026-01-18T23:00:00,2026-02-15T23:00:00,,,42.0
2026-02-14 12:00:00,24.8,-73.76787824568264,1.0,Tema Port,tabular,ridge_ar_lag_fourier,h168,2026-01-04T23:00:00,2026-01-18T23:00:00,2026-02-15T23:00:00,,,42.0
2026-02-14 13:00:00,23.8,-75.8978371988138,1.0,Tema Port,tabular,ridge_ar_lag_fourier,h168,2026-01-04T23:00:00,2026-01-18T23:00:00,2026-02-15T23:00:00,,,42.0
2026-02-14 14:00:00,21.2,-76.18042921924544,1.0,Tema Port,tabular,ridge_ar_lag_fourier,h168,2026-01-04T23:00:00,2026-01-18T23:00:00,2026-02-15T23:00:00,,,42.0
2026-02-14 15:00:00,46.5,-75.96333077275982,1.0,Tema Port,tabular,ridge_ar_lag_fourier,h168,2026-01-04T23:00:00,2026-01-18T23:00:00,2026-02-15T23:00:00,,,42.0
2026-02-14 16:00:00,41.6,-74.98917308540061,1.0,Tema Port,tabular,ridge_ar_lag_fourier,h168,2026-01-04T23:00:00,2026-01-18T23:00:00,2026-02-15T23:00:00,,,42.0
2026-02-14 17:00:00,55.3,-73.30592855729864,1.0,Tema Port,tabular,ridge_ar_lag_fourier,h168,2026-01-04T23:00:00,2026-01-18T23:00:00,2026-02-15T23:00:00,,,42.0
2026-02-14 18:00:00,68.7,-70.7214321592954,1.0,Tema Port,tabular,ridge_ar_lag_fourier,h168,2026-01-04T23:00:00,2026-01-18T23:00:00,2026-02-15T23:00:00,,,42.0
2026-02-14 19:00:00,64.6,-70.37933369069304,1.0,Tema Port,tabular,ridge_ar_lag_fourier,h168,2026-01-04T23:00:00,2026-01-18T23:00:00,2026-02-15T23:00:00,,,42.0
2026-02-14 20:00:00,60.0,-70.57650724098274,1.0,Tema Port,tabular,ridge_ar_lag_fourier,h168,2026-01-04T23:00:00,2026-01-18T23:00:00,2026-02-15T23:00:00,,,42.0
2026-02-14 21:00:00,61.2,-70.2585446514984,1.0,Tema Port,tabular,ridge_ar_lag_fourier,h168,2026-01-04T23:00:00,2026-01-18T23:00:00,2026-02-15T23:00:00,,,42.0
2026-02-14 22:00:00,53.2,-69.24712764395525,1.0,Tema Port,tabular,ridge_ar_lag_fourier,h168,2026-01-04T23:00:00,2026-01-18T23:00:00,2026-02-15T23:00:00,,,42.0
2026-02-14 23:00:00,45.5,-67.7163826009921,1.0,Tema Port,tabular,ridge_ar_lag_fourier,h168,2026-01-04T23:00:00,2026-01-18T23:00:00,2026-02-15T23:00:00,,,42.0
2026-02-15 00:00:00,38.8,-63.57901604610255,1.0,Tema Port,tabular,ridge_ar_lag_fourier,h168,2026-01-04T23:00:00,2026-01-18T23:00:00,2026-02-15T23:00:00,,,42.0
2026-02-15 01:00:00,39.7,-67.32818378373986,1.0,Tema Port,tabular,ridge_ar_lag_fourier,h168,2026-01-04T23:00:00,2026-01-18T23:00:00,2026-02-15T23:00:00,,,42.0
2026-02-15 02:00:00,42.2,-68.75758672176946,1.0,Tema Port,tabular,ridge_ar_lag_fourier,h168,2026-01-04T23:00:00,2026-01-18T23:00:00,2026-02-15T23:00:00,,,42.0
2026-02-15 03:00:00,34.8,-62.24509809995354,1.0,Tema Port,tabular,ridge_ar_lag_fourier,h168,2026-01-04T23:00:00,2026-01-18T23:00:00,2026-02-15T23:00:00,,,42.0
2026-02-15 04:00:00,36.1,-62.97152901707449,1.0,Tema Port,tabular,ridge_ar_lag_fourier,h168,2026-01-04T23:00:00,2026-01-18T23:00:00,2026-02-15T23:00:00,,,42.0
2026-02-15 05:00:00,42.2,-56.56776786082855,1.0,Tema Port,tabular,ridge_ar_lag_fourier,h168,2026-01-04T23:00:00,2026-01-18T23:00:00,2026-02-15T23:00:00,,,42.0
2026-02-15 06:00:00,45.1,-58.650794494431224,1.0,Tema Port,tabular,ridge_ar_lag_fourier,h168,2026-01-04T23:00:00,2026-01-18T23:00:00,2026-02-15T23:00:00,,,42.0
2026-02-15 07:00:00,42.0,-53.95278535790537,1.0,Tema Port,tabular,ridge_ar_lag_fourier,h168,2026-01-04T23:00:00,2026-01-18T23:00:00,2026-02-15T23:00:00,,,42.0
2026-02-15 08:00:00,31.7,-59.1857627698935,1.0,Tema Port,tabular,ridge_ar_lag_fourier,h168,2026-01-04T23:00:00,2026-01-18T23:00:00,2026-02-15T23:00:00,,,42.0
2026-02-15 09:00:00,20.6,-65.5874689818992,1.0,Tema Port,tabular,ridge_ar_lag_fourier,h168,2026-01-04T23:00:00,2026-01-18T23:00:00,2026-02-15T23:00:00,,,42.0
2026-02-15 10:00:00,30.5,-70.17493824307948,1.0,Tema Port,tabular,ridge_ar_lag_fourier,h168,2026-01-04T23:00:00,2026-01-18T23:00:00,2026-02-15T23:00:00,,,42.0
2026-02-15 11:00:00,12.6,-69.63565262193657,1.0,Tema Port,tabular,ridge_ar_lag_fourier,h168,2026-01-04T23:00:00,2026-01-18T23:00:00,2026-02-15T23:00:00,,,42.0
2026-02-15 12:00:00,8.2,-74.50470199680699,1.0,Tema Port,tabular,ridge_ar_lag_fourier,h168,2026-01-04T23:00:00,2026-01-18T23:00:00,2026-02-15T23:00:00,,,42.0
2026-02-15 13:00:00,5.8,-69.26892892211677,1.0,Tema Port,tabular,ridge_ar_lag_fourier,h168,2026-01-04T23:00:00,2026-01-18T23:00:00,2026-02-15T23:00:00,,,42.0
2026-02-15 14:00:00,4.2,-74.23443276966684,1.0,Tema Port,tabular,ridge_ar_lag_fourier,h168,2026-01-04T23:00:00,2026-01-18T23:00:00,2026-02-15T23:00:00,,,42.0
2026-02-15 15:00:00,4.3,-74.43272812593129,1.0,Tema Port,tabular,ridge_ar_lag_fourier,h168,2026-01-04T23:00:00,2026-01-18T23:00:00,2026-02-15T23:00:00,,,42.0
2026-02-15 16:00:00,3.7,-76.58520964022827,1.0,Tema Port,tabular,ridge_ar_lag_fourier,h168,2026-01-04T23:00:00,2026-01-18T23:00:00,2026-02-15T23:00:00,,,42.0
2026-02-15 17:00:00,3.4,-75.36598506214125,1.0,Tema Port,tabular,ridge_ar_lag_fourier,h168,2026-01-04T23:00:00,2026-01-18T23:00:00,2026-02-15T23:00:00,,,42.0
2026-02-15 18:00:00,5.7,-73.8654721496516,1.0,Tema Port,tabular,ridge_ar_lag_fourier,h168,2026-01-04T23:00:00,2026-01-18T23:00:00,2026-02-15T23:00:00,,,42.0
2026-02-15 19:00:00,6.1,-75.39430116857362,1.0,Tema Port,tabular,ridge_ar_lag_fourier,h168,2026-01-04T23:00:00,2026-01-18T23:00:00,2026-02-15T23:00:00,,,42.0
2026-02-15 20:00:00,5.2,-76.13695651163457,1.0,Tema Port,tabular,ridge_ar_lag_fourier,h168,2026-01-04T23:00:00,2026-01-18T23:00:00,2026-02-15T23:00:00,,,42.0
2026-02-15 21:00:00,4.8,-74.43450304432066,1.0,Tema Port,tabular,ridge_ar_lag_fourier,h168,2026-01-04T23:00:00,2026-01-18T23:00:00,2026-02-15T23:00:00,,,42.0
2026-02-15 22:00:00,8.8,-72.22686967295898,1.0,Tema Port,tabular,ridge_ar_lag_fourier,h168,2026-01-04T23:00:00,2026-01-18T23:00:00,2026-02-15T23:00:00,,,42.0
2026-02-15 23:00:00,8.2,-71.7678802944006,1.0,Tema Port,tabular,ridge_ar_lag_fourier,h168,2026-01-04T23:00:00,2026-01-18T23:00:00,2026-02-15T23:00:00,,,42.0
