target_time,y_true,y_pred,harmattan,location,pipeline,model,horizon,split_val_start,split_test_start,split_tmax,keras_backend,seq_len,seed
2026-01-18 23:00:00,65.0,44.36930847167969,1.0,"Divine healer's Church, Bethlehem",tabular,xgboost,h168,2026-01-04T23:00:00,2026-01-18T23:00:00,2026-02-15T23:00:00,,,42.0
2026-01-19 00:00:00,67.6,51.80607986450195,1.0,"Divine healer's Church, Bethlehem",tabular,xgboost,h168,2026-01-04T23:00:00,2026-01-18T23:00:00,2026-02-15T23:00:00,,,42.0
2026-01-19 01:00:00,52.7,44.82012939453125,1.0,"Divine healer's Church, Bethlehem",tabular,xgboost,h168,2026-01-04T23:00:00,2026-01-18T23:00:00,2026-02-15T23:00:00,,,42.0
2026-01-19 02:00:00,43.0,44.67626953125,1.0,"Divine healer's Church, Bethlehem",tabular,xgboost,h168,2026-01-04T23:00:00,2026-01-18T23:00:00,2026-02-15T23:00:00,,,42.0
2026-01-19 03:00:00,40.4,47.248374938964844,1.0,"Divine healer's Church, Bethlehem",tabular,xgboost,h168,2026-01-04T23:00:00,2026-01-18T23:00:00,2026-02-15T23:00:00,,,42.0
2026-01-19 04:00:00,42.4,46.503028869628906,1.0,"Divine healer's Church, Bethlehem",tabular,xgboost,h168,2026-01-04T23:00:00,2026-01-18T23:00:00,2026-02-15T23:00:00,,,42.0
2026-01-19 05:00:00,53.8,49.09308624267578,1.0,"Divine healer's Church, Bethlehem",tabular,xgboost,h168,2026-01-04T23:00:00,2026-01-18T23:00:00,2026-02-15T23:00:00,,,42.0
2026-01-19 06:00:00,53.5,77.9898681640625,1.0,"Divine healer's Church, Bethlehem",tabular,xgboost,h168,2026-01-04T23:00:00,2026-01-18T23:00:00,2026-02-15T23:00:00,,,42.0
2026-01-19 07:00:00,53.7,71.12959289550781,1.0,"Divine healer's Church, Bethlehem",tabular,xgboost,h168,2026-01-04T23:00:00,2026-01-18T23:00:00,2026-02-15T23:00:00,,,42.0
2026-01-19 08:00:00,92.0,61.4856071472168,1.0,"Divine healer's Church, Bethlehem",tabular,xgboost,h168,2026-01-04T23:00:00,2026-01-18T23:00:00,2026-02-15T23:00:00,,,42.0
2026-01-19 09:00:00,46.0,70.42623138427734,1.0,"Divine healer's Church, Bethlehem",tabular,xgboost,h168,2026-01-04T23:00:00,2026-01-18T23:00:00,2026-02-15T23:00:00,,,42.0
2026-01-19 10:00:00,47.7,66.62840270996094,1.0,"Divine healer's Church, Bethlehem",tabular,xgboost,h168,2026-01-04T23:00:00,2026-01-18T23:00:00,2026-02-15T23:00:00,,,42.0
2026-01-19 11:00:00,44.4,62.17496871948242,1.0,"Divine healer's Church, Bethlehem",tabular,xgboost,h168,2026-01-04T23:00:00,2026-01-18T23:00:00,2026-02-15T23:00:00,,,42.0
2026-01-19 12:00:00,37.8,58.58233642578125,1.0,"Divine healer's Church, Bethlehem",tabular,xgboost,h168,2026-01-04T23:00:00,2026-01-18T23:00:00,2026-02-15T23:00:00,,,42.0
2026-01-19 13:00:00,38.0,51.84960174560547,1.0,"Divine healer's Church, Bethlehem",tabular,xgboost,h168,2026-01-04T23:00:00,2026-01-18T23:00:00,2026-02-15T23:00:00,,,42.0
2026-01-19 14:00:00,50.8,52.6191291809082,1.0,"Divine healer's Church, Bethlehem",tabular,xgboost,h168,2026-01-04T23:00:00,2026-01-18T23:00:00,2026-02-15T23:00:00,,,42.0
2026-01-19 15:00:00,39.8,61.250144958496094,1.0,"Divine healer's Church, Bethlehem",tabular,xgboost,h168,2026-01-04T23:00:00,2026-01-18T23:00:00,2026-02-15T23:00:00,,,42.0
2026-01-19 16:00:00,43.2,67.71626281738281,1.0,"Divine healer's Church, Bethlehem",tabular,xgboost,h168,2026-01-04T23:00:00,2026-01-18T23:00:00,2026-02-15T23:00:00,,,42.0
2026-01-19 17:00:00,49.5,84.5245132446289,1.0,"Divine healer's Church, Bethlehem",tabular,xgboost,h168,2026-01-04T23:00:00,2026-01-18T23:00:00,2026-02-15T23:00:00,,,42.0
2026-01-19 18:00:00,50.9,75.15310668945312,1.0,"Divine healer's Church, Bethlehem",tabular,xgboost,h168,2026-01-04T23:00:00,2026-01-18T23:00:00,2026-02-15T23:00:00,,,42.0
2026-01-19 19:00:00,46.9,80.48440551757812,1.0,"Divine healer's Church, Bethlehem",tabular,xgboost,h168,2026-01-04T23:00:00,2026-01-18T23:00:00,2026-02-15T23:00:00,,,42.0
2026-01-19 20:00:00,46.4,87.16476440429688,1.0,"Divine healer's Church, Bethlehem",tabular,xgboost,h168,2026-01-04T23:00:00,2026-01-18T23:00:00,2026-02-15T23:00:00,,,42.0
2026-01-19 21:00:00,39.1,86.32637786865234,1.0,"Divine healer's Church, Bethlehem",tabular,xgboost,h168,2026-01-04T23:00:00,2026-01-18T23:00:00,2026-02-15T23:00:00,,,42.0
2026-01-19 22:00:00,38.9,93.3126449584961,1.0,"Divine healer's Church, Bethlehem",tabular,xgboost,h168,2026-01-04T23:00:00,2026-01-18T23:00:00,2026-02-15T23:00:00,,,42.0
2026-01-19 23:00:00,34.9,96.6871109008789,1.0,"Divine healer's Church, Bethlehem",tabular,xgboost,h168,2026-01-04T23:00:00,2026-01-18T23:00:00,2026-02-15T23:00:00,,,42.0
2026-01-20 00:00:00,33.3,86.5519027709961,1.0,"Divine healer's Church, Bethlehem",tabular,xgboost,h168,2026-01-04T23:00:00,2026-01-18T23:00:00,2026-02-15T23:00:00,,,42.0
2026-01-20 01:00:00,33.3,80.721435546875,1.0,"Divine healer's Church, Bethlehem",tabular,xgboost,h168,2026-01-04T23:00:00,2026-01-18T23:00:00,2026-02-15T23:00:00,,,42.0
2026-01-20 02:00:00,34.9,80.9092788696289,1.0,"Divine healer's Church, Bethlehem",tabular,xgboost,h168,2026-01-04T23:00:00,2026-01-18T23:00:00,2026-02-15T23:00:00,,,42.0
2026-01-20 03:00:00,48.6,77.374755859375,1.0,"Divine healer's Church, Bethlehem",tabular,xgboost,h168,2026-01-04T23:00:00,2026-01-18T23:00:00,2026-02-15T23:00:00,,,42.0
2026-01-20 04:00:00,33.7,82.55819702148438,1.0,"Divine healer's Church, Bethlehem",tabular,xgboost,h168,2026-01-04T23:00:00,2026-01-18T23:00:00,2026-02-15T23:00:00,,,42.0
2026-01-20 05:00:00,39.5,80.09637451171875,1.0,"Divine healer's Church, Bethlehem",tabular,xgboost,h168,2026-01-04T23:00:00,2026-01-18T23:00:00,2026-02-15T23:00:00,,,42.0
2026-01-20 06:00:00,46.9,82.81854248046875,1.0,"Divine healer's Church, Bethlehem",tabular,xgboost,h168,2026-01-04T23:00:00,2026-01-18T23:00:00,2026-02-15T23:00:00,,,42.0
2026-01-20 07:00:00,42.6,82.75128173828125,1.0,"Divine healer's Church, Bethlehem",tabular,xgboost,h168,2026-01-04T23:00:00,2026-01-18T23:00:00,2026-02-15T23:00:00,,,42.0
2026-01-20 08:00:00,37.7,73.6408462524414,1.0,"Divine healer's Church, Bethlehem",tabular,xgboost,h168,2026-01-04T23:00:00,2026-01-18T23:00:00,2026-02-15T23:00:00,,,42.0
2026-01-20 09:00:00,38.9,79.20098114013672,1.0,"Divine healer's Church, Bethlehem",tabular,xgboost,h168,2026-01-04T23:00:00,2026-01-18T23:00:00,2026-02-15T23:00:00,,,42.0
2026-01-20 10:00:00,34.1,97.74014282226562,1.0,"Divine healer's Church, Bethlehem",tabular,xgboost,h168,2026-01-04T23:00:00,2026-01-18T23:00:00,2026-02-15T23:00:00,,,42.0
2026-01-20 11:00:00,33.4,98.60659790039062,1.0,"Divine healer's Church, Bethlehem",tabular,xgboost,h168,2026-01-04T23:00:00,2026-01-18T23:00:00,2026-02-15T23:00:00,,,42.0
2026-01-20 12:00:00,36.7,84.3443603515625,1.0,"Divine healer's Church, Bethlehem",tabular,xgboost,h168,2026-01-04T23:00:00,2026-01-18T23:00:00,2026-02-15T23:00:00,,,42.0
2026-01-20 13:00:00,36.8,82.48290252685547,1.0,"Divine healer's Church, Bethlehem",tabular,xgboost,h168,2026-01-04T23:00:00,2026-01-18T23:00:00,2026-02-15T23:00:00,,,42.0
2026-01-20 14:00:00,34.3,82.06019592285156,1.0,"Divine healer's Church, Bethlehem",tabular,xgboost,h168,2026-01-04T23:00:00,2026-01-18T23:00:00,2026-02-15T23:00:00,,,42.0
2026-01-20 15:00:00,40.9,92.3667984008789,1.0,"Divine healer's Church, Bethlehem",tabular,xgboost,h168,2026-01-04T23:00:00,2026-01-18T23:00:00,2026-02-15T23:00:00,,,42.0
2026-01-20 16:00:00,42.6,99.15023040771484,1.0,"Divine healer's Church, Bethlehem",tabular,xgboost,h168,2026-01-04T23:00:00,2026-01-18T23:00:00,2026-02-15T23:00:00,,,42.0
2026-01-20 17:00:00,39.6,119.23371124267578,1.0,"Divine healer's Church, Bethlehem",tabular,xgboost,h168,2026-01-04T23:00:00,2026-01-18T23:00:00,2026-02-15T23:00:00,,,42.0
2026-01-20 18:00:00,44.5,110.13455200195312,1.0,"Divine healer's Church, Bethlehem",tabular,xgboost,h168,2026-01-04T23:00:00,2026-01-18T23:00:00,2026-02-15T23:00:00,,,42.0
2026-01-20 19:00:00,92.6,96.0717544555664,1.0,"Divine healer's Church, Bethlehem",tabular,xgboost,h168,2026-01-04T23:00:00,2026-01-18T23:00:00,2026-02-15T23:00:00,,,42.0
2026-01-20 20:00:00,64.0,90.35810852050781,1.0,"Divine healer's Church, Bethlehem",tabular,xgboost,h168,2026-01-04T23:00:00,2026-01-18T23:00:00,2026-02-15T23:00:00,,,42.0
2026-01-20 21:00:00,48.2,94.4669189453125,1.0,"Divine healer's Church, Bethlehem",tabular,xgboost,h168,2026-01-04T23:00:00,2026-01-18T23:00:00,2026-02-15T23:00:00,,,42.0
2026-01-20 22:00:00,31.7,91.72591400146484,1.0,"Divine healer's Church, Bethlehem",tabular,xgboost,h168,2026-01-04T23:00:00,2026-01-18T23:00:00,2026-02-15T23:00:00,,,42.0
2026-01-20 23:00:00,35.1,99.50386810302734,1.0,"Divine healer's Church, Bethlehem",tabular,xgboost,h168,2026-01-04T23:00:00,2026-01-18T23:00:00,2026-02-15T23:00:00,,,42.0
2026-01-21 00:00:00,18.1,102.7412109375,1.0,"Divine healer's Church, Bethlehem",tabular,xgboost,h168,2026-01-04T23:00:00,2026-01-18T23:00:00,2026-02-15T23:00:00,,,42.0
2026-01-21 01:00:00,35.0,85.24163818359375,1.0,"Divine healer's Church, Bethlehem",tabular,xgboost,h168,2026-01-04T23:00:00,2026-01-18T23:00:00,2026-02-15T23:00:00,,,42.0
2026-01-21 02:00:00,28.8,76.05867767333984,1.0,"Divine healer's Church, Bethlehem",tabular,xgboost,h168,2026-01-04T23:00:00,2026-01-18T23:00:00,2026-02-15T23:00:00,,,42.0
2026-01-21 03:00:00,16.5,76.53087615966797,1.0,"Divine healer's Church, Bethlehem",tabular,xgboost,h168,2026-01-04T23:00:00,2026-01-18T23:00:00,2026-02-15T23:00:00,,,42.0
2026-01-21 04:00:00,22.8,72.2615737915039,1.0,"Divine healer's Church, Bethlehem",tabular,xgboost,h168,2026-01-04T23:00:00,2026-01-18T23:00:00,2026-02-15T23:00:00,,,42.0
2026-01-21 05:00:00,31.9,78.27776336669922,1.0,"Divine healer's Church, Bethlehem",tabular,xgboost,h168,2026-01-04T23:00:00,2026-01-18T23:00:00,2026-02-15T23:00:00,,,42.0
2026-01-21 06:00:00,45.0,83.85585021972656,1.0,"Divine healer's Church, Bethlehem",tabular,xgboost,h168,2026-01-04T23:00:00,2026-01-18T23:00:00,2026-02-15T23:00:00,,,42.0
2026-01-21 07:00:00,46.2,86.25962829589844,1.0,"Divine healer's Church, Bethlehem",tabular,xgboost,h168,2026-01-04T23:00:00,2026-01-18T23:00:00,2026-02-15T23:00:00,,,42.0
2026-01-21 08:00:00,34.2,82.31554412841797,1.0,"Divine healer's Church, Bethlehem",tabular,xgboost,h168,2026-01-04T23:00:00,2026-01-18T23:00:00,2026-02-15T23:00:00,,,42.0
2026-01-21 09:00:00,26.3,85.5216293334961,1.0,"Divine healer's Church, Bethlehem",tabular,xgboost,h168,2026-01-04T23:00:00,2026-01-18T23:00:00,2026-02-15T23:00:00,,,42.0
2026-01-21 10:00:00,26.3,79.48970794677734,1.0,"Divine healer's Church, Bethlehem",tabular,xgboost,h168,2026-01-04T23:00:00,2026-01-18T23:00:00,2026-02-15T23:00:00,,,42.0
2026-01-21 11:00:00,31.2,71.77132415771484,1.0,"Divine healer's Church, Bethlehem",tabular,xgboost,h168,2026-01-04T23:00:00,2026-01-18T23:00:00,2026-02-15T23:00:00,,,42.0
2026-01-21 12:00:00,39.2,72.15962219238281,1.0,"Divine healer's Church, Bethlehem",tabular,xgboost,h168,2026-01-04T23:00:00,2026-01-18T23:00:00,2026-02-15T23:00:00,,,42.0
2026-01-21 13:00:00,37.5,68.18839263916016,1.0,"Divine healer's Church, Bethlehem",tabular,xgboost,h168,2026-01-04T23:00:00,2026-01-18T23:00:00,2026-02-15T23:00:00,,,42.0
2026-01-21 14:00:00,34.6,66.22245025634766,1.0,"Divine healer's Church, Bethlehem",tabular,xgboost,h168,2026-01-04T23:00:00,2026-01-18T23:00:00,2026-02-15T23:00:00,,,42.0
2026-01-21 15:00:00,33.0,94.10395812988281,1.0,"Divine healer's Church, Bethlehem",tabular,xgboost,h168,2026-01-04T23:00:00,2026-01-18T23:00:00,2026-02-15T23:00:00,,,42.0
2026-01-21 16:00:00,35.3,96.89854431152344,1.0,"Divine healer's Church, Bethlehem",tabular,xgboost,h168,2026-01-04T23:00:00,2026-01-18T23:00:00,2026-02-15T23:00:00,,,42.0
2026-01-21 17:00:00,46.2,99.24016571044922,1.0,"Divine healer's Church, Bethlehem",tabular,xgboost,h168,2026-01-04T23:00:00,2026-01-18T23:00:00,2026-02-15T23:00:00,,,42.0
2026-01-21 18:00:00,56.9,93.1873550415039,1.0,"Divine healer's Church, Bethlehem",tabular,xgboost,h168,2026-01-04T23:00:00,2026-01-18T23:00:00,2026-02-15T23:00:00,,,42.0
2026-01-21 19:00:00,54.1,90.2305679321289,1.0,"Divine healer's Church, Bethlehem",tabular,xgboost,h168,2026-01-04T23:00:00,2026-01-18T23:00:00,2026-02-15T23:00:00,,,42.0
2026-01-21 20:00:00,53.0,82.82355499267578,1.0,"Divine healer's Church, Bethlehem",tabular,xgboost,h168,2026-01-04T23:00:00,2026-01-18T23:00:00,2026-02-15T23:00:00,,,42.0
2026-01-21 21:00:00,42.2,86.21890258789062,1.0,"Divine healer's Church, Bethlehem",tabular,xgboost,h168,2026-01-04T23:00:00,2026-01-18T23:00:00,2026-02-15T23:00:00,,,42.0
2026-01-21 22:00:00,50.2,99.37855529785156,1.0,"Divine healer's Church, Bethlehem",tabular,xgboost,h168,2026-01-04T23:00:00,2026-01-18T23:00:00,2026-02-15T23:00:00,,,42.0
2026-01-21 23:00:00,46.7,88.23770141601562,1.0,"Divine healer's Church, Bethlehem",tabular,xgboost,h168,2026-01-04T23:00:00,2026-01-18T23:00:00,2026-02-15T23:00:00,,,42.0
2026-01-22 00:00:00,40.3,103.69608306884766,1.0,"Divine healer's Church, Bethlehem",tabular,xgboost,h168,2026-01-04T23:00:00,2026-01-18T23:00:00,2026-02-15T23:00:00,,,42.0
2026-01-22 01:00:00,39.0,105.61558532714844,1.0,"Divine healer's Church, Bethlehem",tabular,xgboost,h168,2026-01-04T23:00:00,2026-01-18T23:00:00,2026-02-15T23:00:00,,,42.0
2026-01-22 02:00:00,36.8,103.39103698730469,1.0,"Divine healer's Church, Bethlehem",tabular,xgboost,h168,2026-01-04T23:00:00,2026-01-18T23:00:00,2026-02-15T23:00:00,,,42.0
2026-01-22 03:00:00,34.8,93.47338104248047,1.0,"Divine healer's Church, Bethlehem",tabular,xgboost,h168,2026-01-04T23:00:00,2026-01-18T23:00:00,2026-02-15T23:00:00,,,42.0
2026-01-22 04:00:00,36.4,88.19744110107422,1.0,"Divine healer's Church, Bethlehem",tabular,xgboost,h168,2026-01-04T23:00:00,2026-01-18T23:00:00,2026-02-15T23:00:00,,,42.0
2026-01-22 05:00:00,46.2,91.83516693115234,1.0,"Divine healer's Church, Bethlehem",tabular,xgboost,h168,2026-01-04T23:00:00,2026-01-18T23:00:00,2026-02-15T23:00:00,,,42.0
2026-01-22 06:00:00,44.1,101.4652328491211,1.0,"Divine healer's Church, Bethlehem",tabular,xgboost,h168,2026-01-04T23:00:00,2026-01-18T23:00:00,2026-02-15T23:00:00,,,42.0
2026-01-22 07:00:00,40.7,98.5206298828125,1.0,"Divine healer's Church, Bethlehem",tabular,xgboost,h168,2026-01-04T23:00:00,2026-01-18T23:00:00,2026-02-15T23:00:00,,,42.0
2026-01-22 08:00:00,31.2,82.37077331542969,1.0,"Divine healer's Church, Bethlehem",tabular,xgboost,h168,2026-01-04T23:00:00,2026-01-18T23:00:00,2026-02-15T23:00:00,,,42.0
2026-01-22 09:00:00,31.8,81.84869384765625,1.0,"Divine healer's Church, Bethlehem",tabular,xgboost,h168,2026-01-04T23:00:00,2026-01-18T23:00:00,2026-02-15T23:00:00,,,42.0
2026-01-22 10:00:00,36.1,75.02213287353516,1.0,"Divine healer's Church, Bethlehem",tabular,xgboost,h168,2026-01-04T23:00:00,2026-01-18T23:00:00,2026-02-15T23:00:00,,,42.0
2026-01-22 11:00:00,40.7,79.17764282226562,1.0,"Divine healer's Church, Bethlehem",tabular,xgboost,h168,2026-01-04T23:00:00,2026-01-18T23:00:00,2026-02-15T23:00:00,,,42.0
2026-01-22 12:00:00,46.0,80.74065399169922,1.0,"Divine healer's Church, Bethlehem",tabular,xgboost,h168,2026-01-04T23:00:00,2026-01-18T23:00:00,2026-02-15T23:00:00,,,42.0
2026-01-22 13:00:00,46.1,79.74951171875,1.0,"Divine healer's Church, Bethlehem",tabular,xgboost,h168,2026-01-04T23:00:00,2026-01-18T23:00:00,2026-02-15T23:00:00,,,42.0
2026-01-22 14:00:00,45.0,72.97145080566406,1.0,"Divine healer's Church, Bethlehem",tabular,xgboost,h168,2026-01-04T23:00:00,2026-01-18T23:00:00,2026-02-15T23:00:00,,,42.0
2026-01-22 15:00:00,38.9,76.72818756103516,1.0,"Divine healer's Church, Bethlehem",tabular,xgboost,h168,2026-01-04T23:00:00,2026-01-18T23:00:00,2026-02-15T23:00:00,,,42.0
2026-01-22 16:00:00,34.1,86.10637664794922,1.0,"Divine healer's Church, Bethlehem",tabular,xgboost,h168,2026-01-04T23:00:00,2026-01-18T23:00:00,2026-02-15T23:00:00,,,42.0
2026-01-22 17:00:00,31.5,87.58153533935547,1.0,"Divine healer's Church, Bethlehem",tabular,xgboost,h168,2026-01-04T23:00:00,2026-01-18T23:00:00,2026-02-15T23:00:00,,,42.0
2026-01-22 18:00:00,48.7,98.45304107666016,1.0,"Divine healer's Church, Bethlehem",tabular,xgboost,h168,2026-01-04T23:00:00,2026-01-18T23:00:00,2026-02-15T23:00:00,,,42.0
2026-01-22 19:00:00,37.1,92.23332214355469,1.0,"Divine healer's Church, Bethlehem",tabular,xgboost,h168,2026-01-04T23:00:00,2026-01-18T23:00:00,2026-02-15T23:00:00,,,42.0
2026-01-22 20:00:00,47.8,92.9505615234375,1.0,"Divine healer's Church, Bethlehem",tabular,xgboost,h168,2026-01-04T23:00:00,2026-01-18T23:00:00,2026-02-15T23:00:00,,,42.0
2026-01-22 21:00:00,64.0,86.93405151367188,1.0,"Divine healer's Church, Bethlehem",tabular,xgboost,h168,2026-01-04T23:00:00,2026-01-18T23:00:00,2026-02-15T23:00:00,,,42.0
2026-01-22 22:00:00,55.1,88.1450424194336,1.0,"Divine healer's Church, Bethlehem",tabular,xgboost,h168,2026-01-04T23:00:00,2026-01-18T23:00:00,2026-02-15T23:00:00,,,42.0
2026-01-22 23:00:00,56.3,88.10906219482422,1.0,"Divine healer's Church, Bethlehem",tabular,xgboost,h168,2026-01-04T23:00:00,2026-01-18T23:00:00,2026-02-15T23:00:00,,,42.0
2026-01-23 00:00:00,47.7,95.95081329345703,1.0,"Divine healer's Church, Bethlehem",tabular,xgboost,h168,2026-01-04T23:00:00,2026-01-18T23:00:00,2026-02-15T23:00:00,,,42.0
2026-01-23 01:00:00,40.4,77.29305267333984,1.0,"Divine healer's Church, Bethlehem",tabular,xgboost,h168,2026-01-04T23:00:00,2026-01-18T23:00:00,2026-02-15T23:00:00,,,42.0
2026-01-23 02:00:00,43.1,75.47991180419922,1.0,"Divine healer's Church, Bethlehem",tabular,xgboost,h168,2026-01-04T23:00:00,2026-01-18T23:00:00,2026-02-15T23:00:00,,,42.0
2026-01-23 03:00:00,50.0,83.98017883300781,1.0,"Divine healer's Church, Bethlehem",tabular,xgboost,h168,2026-01-04T23:00:00,2026-01-18T23:00:00,2026-02-15T23:00:00,,,42.0
2026-01-23 04:00:00,59.9,81.82457733154297,1.0,"Divine healer's Church, Bethlehem",tabular,xgboost,h168,2026-01-04T23:00:00,2026-01-18T23:00:00,2026-02-15T23:00:00,,,42.0
2026-01-23 05:00:00,51.5,90.08049011230469,1.0,"Divine healer's Church, Bethlehem",tabular,xgboost,h168,2026-01-04T23:00:00,2026-01-18T23:00:00,2026-02-15T23:00:00,,,42.0
2026-01-23 06:00:00,88.4,99.88616180419922,1.0,"Divine healer's Church, Bethlehem",tabular,xgboost,h168,2026-01-04T23:00:00,2026-01-18T23:00:00,2026-02-15T23:00:00,,,42.0
2026-01-23 07:00:00,95.5,99.87925720214844,1.0,"Divine healer's Church, Bethlehem",tabular,xgboost,h168,2026-01-04T23:00:00,2026-01-18T23:00:00,2026-02-15T23:00:00,,,42.0
2026-01-23 08:00:00,49.8,89.77892303466797,1.0,"Divine healer's Church, Bethlehem",tabular,xgboost,h168,2026-01-04T23:00:00,2026-01-18T23:00:00,2026-02-15T23:00:00,,,42.0
2026-01-23 09:00:00,41.9,92.39989471435547,1.0,"Divine healer's Church, Bethlehem",tabular,xgboost,h168,2026-01-04T23:00:00,2026-01-18T23:00:00,2026-02-15T23:00:00,,,42.0
2026-01-23 10:00:00,42.9,91.03562927246094,1.0,"Divine healer's Church, Bethlehem",tabular,xgboost,h168,2026-01-04T23:00:00,2026-01-18T23:00:00,2026-02-15T23:00:00,,,42.0
2026-01-23 11:00:00,44.9,91.66517639160156,1.0,"Divine healer's Church, Bethlehem",tabular,xgboost,h168,2026-01-04T23:00:00,2026-01-18T23:00:00,2026-02-15T23:00:00,,,42.0
2026-01-23 12:00:00,107.5,90.2055892944336,1.0,"Divine healer's Church, Bethlehem",tabular,xgboost,h168,2026-01-04T23:00:00,2026-01-18T23:00:00,2026-02-15T23:00:00,,,42.0
2026-01-23 13:00:00,60.9,85.87812805175781,1.0,"Divine healer's Church, Bethlehem",tabular,xgboost,h168,2026-01-04T23:00:00,2026-01-18T23:00:00,2026-02-15T23:00:00,,,42.0
2026-01-23 14:00:00,38.8,78.8208236694336,1.0,"Divine healer's Church, Bethlehem",tabular,xgboost,h168,2026-01-04T23:00:00,2026-01-18T23:00:00,2026-02-15T23:00:00,,,42.0
2026-01-23 15:00:00,35.2,78.25623321533203,1.0,"Divine healer's Church, Bethlehem",tabular,xgboost,h168,2026-01-04T23:00:00,2026-01-18T23:00:00,2026-02-15T23:00:00,,,42.0
2026-01-23 16:00:00,34.1,97.06932830810547,1.0,"Divine healer's Church, Bethlehem",tabular,xgboost,h168,2026-01-04T23:00:00,2026-01-18T23:00:00,2026-02-15T23:00:00,,,42.0
2026-01-23 17:00:00,33.8,91.89852905273438,1.0,"Divine healer's Church, Bethlehem",tabular,xgboost,h168,2026-01-04T23:00:00,2026-01-18T23:00:00,2026-02-15T23:00:00,,,42.0
2026-01-23 18:00:00,34.8,88.27027893066406,1.0,"Divine healer's Church, Bethlehem",tabular,xgboost,h168,2026-01-04T23:00:00,2026-01-18T23:00:00,2026-02-15T23:00:00,,,42.0
2026-01-23 19:00:00,37.6,85.24113464355469,1.0,"Divine healer's Church, Bethlehem",tabular,xgboost,h168,2026-01-04T23:00:00,2026-01-18T23:00:00,2026-02-15T23:00:00,,,42.0
2026-01-23 20:00:00,40.6,86.18600463867188,1.0,"Divine healer's Church, Bethlehem",tabular,xgboost,h168,2026-01-04T23:00:00,2026-01-18T23:00:00,2026-02-15T23:00:00,,,42.0
2026-01-23 21:00:00,51.9,83.1199722290039,1.0,"Divine healer's Church, Bethlehem",tabular,xgboost,h168,2026-01-04T23:00:00,2026-01-18T23:00:00,2026-02-15T23:00:00,,,42.0
2026-01-23 22:00:00,44.3,88.18836212158203,1.0,"Divine healer's Church, Bethlehem",tabular,xgboost,h168,2026-01-04T23:00:00,2026-01-18T23:00:00,2026-02-15T23:00:00,,,42.0
2026-01-23 23:00:00,54.8,95.46937561035156,1.0,"Divine healer's Church, Bethlehem",tabular,xgboost,h168,2026-01-04T23:00:00,2026-01-18T23:00:00,2026-02-15T23:00:00,,,42.0
2026-01-24 00:00:00,53.9,98.60394287109375,1.0,"Divine healer's Church, Bethlehem",tabular,xgboost,h168,2026-01-04T23:00:00,2026-01-18T23:00:00,2026-02-15T23:00:00,,,42.0
2026-01-24 01:00:00,48.7,91.4349365234375,1.0,"Divine healer's Church, Bethlehem",tabular,xgboost,h168,2026-01-04T23:00:00,2026-01-18T23:00:00,2026-02-15T23:00:00,,,42.0
2026-01-24 02:00:00,49.0,85.00716400146484,1.0,"Divine healer's Church, Bethlehem",tabular,xgboost,h168,2026-01-04T23:00:00,2026-01-18T23:00:00,2026-02-15T23:00:00,,,42.0
2026-01-24 03:00:00,42.0,85.32050323486328,1.0,"Divine healer's Church, Bethlehem",tabular,xgboost,h168,2026-01-04T23:00:00,2026-01-18T23:00:00,2026-02-15T23:00:00,,,42.0
2026-01-24 04:00:00,45.8,87.22065734863281,1.0,"Divine healer's Church, Bethlehem",tabular,xgboost,h168,2026-01-04T23:00:00,2026-01-18T23:00:00,2026-02-15T23:00:00,,,42.0
2026-01-24 05:00:00,62.4,81.44246673583984,1.0,"Divine healer's Church, Bethlehem",tabular,xgboost,h168,2026-01-04T23:00:00,2026-01-18T23:00:00,2026-02-15T23:00:00,,,42.0
2026-01-24 06:00:00,92.2,92.9102554321289,1.0,"Divine healer's Church, Bethlehem",tabular,xgboost,h168,2026-01-04T23:00:00,2026-01-18T23:00:00,2026-02-15T23:00:00,,,42.0
2026-01-24 07:00:00,42.9,97.80079650878906,1.0,"Divine healer's Church, Bethlehem",tabular,xgboost,h168,2026-01-04T23:00:00,2026-01-18T23:00:00,2026-02-15T23:00:00,,,42.0
2026-01-24 08:00:00,39.1,80.2155990600586,1.0,"Divine healer's Church, Bethlehem",tabular,xgboost,h168,2026-01-04T23:00:00,2026-01-18T23:00:00,2026-02-15T23:00:00,,,42.0
2026-01-24 09:00:00,34.0,74.95044708251953,1.0,"Divine healer's Church, Bethlehem",tabular,xgboost,h168,2026-01-04T23:00:00,2026-01-18T23:00:00,2026-02-15T23:00:00,,,42.0
2026-01-24 10:00:00,38.6,77.22025299072266,1.0,"Divine healer's Church, Bethlehem",tabular,xgboost,h168,2026-01-04T23:00:00,2026-01-18T23:00:00,2026-02-15T23:00:00,,,42.0
2026-01-24 11:00:00,40.5,79.90176391601562,1.0,"Divine healer's Church, Bethlehem",tabular,xgboost,h168,2026-01-04T23:00:00,2026-01-18T23:00:00,2026-02-15T23:00:00,,,42.0
2026-01-24 12:00:00,41.2,81.30565643310547,1.0,"Divine healer's Church, Bethlehem",tabular,xgboost,h168,2026-01-04T23:00:00,2026-01-18T23:00:00,2026-02-15T23:00:00,,,42.0
2026-01-24 13:00:00,35.1,83.39225006103516,1.0,"Divine healer's Church, Bethlehem",tabular,xgboost,h168,2026-01-04T23:00:00,2026-01-18T23:00:00,2026-02-15T23:00:00,,,42.0
2026-01-24 14:00:00,34.3,79.96465301513672,1.0,"Divine healer's Church, Bethlehem",tabular,xgboost,h168,2026-01-04T23:00:00,2026-01-18T23:00:00,2026-02-15T23:00:00,,,42.0
2026-01-24 15:00:00,33.2,89.13995361328125,1.0,"Divine healer's Church, Bethlehem",tabular,xgboost,h168,2026-01-04T23:00:00,2026-01-18T23:00:00,2026-02-15T23:00:00,,,42.0
2026-01-24 16:00:00,34.7,100.19160461425781,1.0,"Divine healer's Church, Bethlehem",tabular,xgboost,h168,2026-01-04T23:00:00,2026-01-18T23:00:00,2026-02-15T23:00:00,,,42.0
2026-01-24 17:00:00,42.0,103.58055114746094,1.0,"Divine healer's Church, Bethlehem",tabular,xgboost,h168,2026-01-04T23:00:00,2026-01-18T23:00:00,2026-02-15T23:00:00,,,42.0
2026-01-24 18:00:00,46.2,105.32154846191406,1.0,"Divine healer's Church, Bethlehem",tabular,xgboost,h168,2026-01-04T23:00:00,2026-01-18T23:00:00,2026-02-15T23:00:00,,,42.0
2026-01-24 19:00:00,52.6,104.54956817626953,1.0,"Divine healer's Church, Bethlehem",tabular,xgboost,h168,2026-01-04T23:00:00,2026-01-18T23:00:00,2026-02-15T23:00:00,,,42.0
2026-01-24 20:00:00,41.8,92.9351577758789,1.0,"Divine healer's Church, Bethlehem",tabular,xgboost,h168,2026-01-04T23:00:00,2026-01-18T23:00:00,2026-02-15T23:00:00,,,42.0
2026-01-24 21:00:00,37.6,95.52686309814453,1.0,"Divine healer's Church, Bethlehem",tabular,xgboost,h168,2026-01-04T23:00:00,2026-01-18T23:00:00,2026-02-15T23:00:00,,,42.0
2026-01-24 22:00:00,47.4,95.2891616821289,1.0,"Divine healer's Church, Bethlehem",tabular,xgboost,h168,2026-01-04T23:00:00,2026-01-18T23:00:00,2026-02-15T23:00:00,,,42.0
2026-01-24 23:00:00,73.9,102.70610809326172,1.0,"Divine healer's Church, Bethlehem",tabular,xgboost,h168,2026-01-04T23:00:00,2026-01-18T23:00:00,2026-02-15T23:00:00,,,42.0
2026-01-25 00:00:00,45.8,98.16970825195312,1.0,"Divine healer's Church, Bethlehem",tabular,xgboost,h168,2026-01-04T23:00:00,2026-01-18T23:00:00,2026-02-15T23:00:00,,,42.0
2026-01-25 01:00:00,38.0,93.50845336914062,1.0,"Divine healer's Church, Bethlehem",tabular,xgboost,h168,2026-01-04T23:00:00,2026-01-18T23:00:00,2026-02-15T23:00:00,,,42.0
2026-01-25 02:00:00,35.7,86.0031967163086,1.0,"Divine healer's Church, Bethlehem",tabular,xgboost,h168,2026-01-04T23:00:00,2026-01-18T23:00:00,2026-02-15T23:00:00,,,42.0
2026-01-25 03:00:00,35.6,83.62029266357422,1.0,"Divine healer's Church, Bethlehem",tabular,xgboost,h168,2026-01-04T23:00:00,2026-01-18T23:00:00,2026-02-15T23:00:00,,,42.0
2026-01-25 04:00:00,34.4,78.18216705322266,1.0,"Divine healer's Church, Bethlehem",tabular,xgboost,h168,2026-01-04T23:00:00,2026-01-18T23:00:00,2026-02-15T23:00:00,,,42.0
2026-01-25 05:00:00,43.5,87.4841537475586,1.0,"Divine healer's Church, Bethlehem",tabular,xgboost,h168,2026-01-04T23:00:00,2026-01-18T23:00:00,2026-02-15T23:00:00,,,42.0
2026-01-25 06:00:00,80.6,94.25642395019531,1.0,"Divine healer's Church, Bethlehem",tabular,xgboost,h168,2026-01-04T23:00:00,2026-01-18T23:00:00,2026-02-15T23:00:00,,,42.0
2026-01-25 07:00:00,63.2,93.6485366821289,1.0,"Divine healer's Church, Bethlehem",tabular,xgboost,h168,2026-01-04T23:00:00,2026-01-18T23:00:00,2026-02-15T23:00:00,,,42.0
2026-01-25 08:00:00,37.2,91.80787658691406,1.0,"Divine healer's Church, Bethlehem",tabular,xgboost,h168,2026-01-04T23:00:00,2026-01-18T23:00:00,2026-02-15T23:00:00,,,42.0
2026-01-25 09:00:00,43.1,97.60911560058594,1.0,"Divine healer's Church, Bethlehem",tabular,xgboost,h168,2026-01-04T23:00:00,2026-01-18T23:00:00,2026-02-15T23:00:00,,,42.0
2026-01-25 10:00:00,46.8,104.00769805908203,1.0,"Divine healer's Church, Bethlehem",tabular,xgboost,h168,2026-01-04T23:00:00,2026-01-18T23:00:00,2026-02-15T23:00:00,,,42.0
2026-01-25 11:00:00,49.7,98.80918884277344,1.0,"Divine healer's Church, Bethlehem",tabular,xgboost,h168,2026-01-04T23:00:00,2026-01-18T23:00:00,2026-02-15T23:00:00,,,42.0
2026-01-25 12:00:00,49.8,79.20112609863281,1.0,"Divine healer's Church, Bethlehem",tabular,xgboost,h168,2026-01-04T23:00:00,2026-01-18T23:00:00,2026-02-15T23:00:00,,,42.0
2026-01-25 13:00:00,52.9,83.75027465820312,1.0,"Divine healer's Church, Bethlehem",tabular,xgboost,h168,2026-01-04T23:00:00,2026-01-18T23:00:00,2026-02-15T23:00:00,,,42.0
2026-01-25 14:00:00,45.4,74.99491882324219,1.0,"Divine healer's Church, Bethlehem",tabular,xgboost,h168,2026-01-04T23:00:00,2026-01-18T23:00:00,2026-02-15T23:00:00,,,42.0
2026-01-25 15:00:00,42.2,80.5954360961914,1.0,"Divine healer's Church, Bethlehem",tabular,xgboost,h168,2026-01-04T23:00:00,2026-01-18T23:00:00,2026-02-15T23:00:00,,,42.0
2026-01-25 16:00:00,37.8,82.35928344726562,1.0,"Divine healer's Church, Bethlehem",tabular,xgboost,h168,2026-01-04T23:00:00,2026-01-18T23:00:00,2026-02-15T23:00:00,,,42.0
2026-01-25 17:00:00,44.0,102.1372299194336,1.0,"Divine healer's Church, Bethlehem",tabular,xgboost,h168,2026-01-04T23:00:00,2026-01-18T23:00:00,2026-02-15T23:00:00,,,42.0
2026-01-25 18:00:00,61.8,122.56611633300781,1.0,"Divine healer's Church, Bethlehem",tabular,xgboost,h168,2026-01-04T23:00:00,2026-01-18T23:00:00,2026-02-15T23:00:00,,,42.0
2026-01-25 19:00:00,61.7,96.15467834472656,1.0,"Divine healer's Church, Bethlehem",tabular,xgboost,h168,2026-01-04T23:00:00,2026-01-18T23:00:00,2026-02-15T23:00:00,,,42.0
2026-01-25 20:00:00,61.2,93.63368225097656,1.0,"Divine healer's Church, Bethlehem",tabular,xgboost,h168,2026-01-04T23:00:00,2026-01-18T23:00:00,2026-02-15T23:00:00,,,42.0
2026-01-25 21:00:00,47.2,89.72938537597656,1.0,"Divine healer's Church, Bethlehem",tabular,xgboost,h168,2026-01-04T23:00:00,2026-01-18T23:00:00,2026-02-15T23:00:00,,,42.0
2026-01-25 22:00:00,48.9,91.9098892211914,1.0,"Divine healer's Church, Bethlehem",tabular,xgboost,h168,2026-01-04T23:00:00,2026-01-18T23:00:00,2026-02-15T23:00:00,,,42.0
2026-01-25 23:00:00,54.8,105.44754791259766,1.0,"Divine healer's Church, Bethlehem",tabular,xgboost,h168,2026-01-04T23:00:00,2026-01-18T23:00:00,2026-02-15T23:00:00,,,42.0
2026-01-26 00:00:00,54.5,121.86944580078125,1.0,"Divine healer's Church, Bethlehem",tabular,xgboost,h168,2026-01-04T23:00:00,2026-01-18T23:00:00,2026-02-15T23:00:00,,,42.0
2026-01-26 01:00:00,50.0,120.42267608642578,1.0,"Divine healer's Church, Bethlehem",tabular,xgboost,h168,2026-01-04T23:00:00,2026-01-18T23:00:00,2026-02-15T23:00:00,,,42.0
2026-01-26 02:00:00,52.3,108.9258041381836,1.0,"Divine healer's Church, Bethlehem",tabular,xgboost,h168,2026-01-04T23:00:00,2026-01-18T23:00:00,2026-02-15T23:00:00,,,42.0
2026-01-26 03:00:00,52.2,111.2153549194336,1.0,"Divine healer's Church, Bethlehem",tabular,xgboost,h168,2026-01-04T23:00:00,2026-01-18T23:00:00,2026-02-15T23:00:00,,,42.0
2026-01-26 04:00:00,39.7,114.23793029785156,1.0,"Divine healer's Church, Bethlehem",tabular,xgboost,h168,2026-01-04T23:00:00,2026-01-18T23:00:00,2026-02-15T23:00:00,,,42.0
2026-01-26 05:00:00,44.8,105.05449676513672,1.0,"Divine healer's Church, Bethlehem",tabular,xgboost,h168,2026-01-04T23:00:00,2026-01-18T23:00:00,2026-02-15T23:00:00,,,42.0
2026-01-26 06:00:00,55.4,113.24903106689453,1.0,"Divine healer's Church, Bethlehem",tabular,xgboost,h168,2026-01-04T23:00:00,2026-01-18T23:00:00,2026-02-15T23:00:00,,,42.0
2026-01-26 07:00:00,58.2,110.9256591796875,1.0,"Divine healer's Church, Bethlehem",tabular,xgboost,h168,2026-01-04T23:00:00,2026-01-18T23:00:00,2026-02-15T23:00:00,,,42.0
2026-01-26 08:00:00,43.4,98.61383056640625,1.0,"Divine healer's Church, Bethlehem",tabular,xgboost,h168,2026-01-04T23:00:00,2026-01-18T23:00:00,2026-02-15T23:00:00,,,42.0
2026-01-26 09:00:00,39.2,94.8175277709961,1.0,"Divine healer's Church, Bethlehem",tabular,xgboost,h168,2026-01-04T23:00:00,2026-01-18T23:00:00,2026-02-15T23:00:00,,,42.0
2026-01-26 10:00:00,42.1,96.08557891845703,1.0,"Divine healer's Church, Bethlehem",tabular,xgboost,h168,2026-01-04T23:00:00,2026-01-18T23:00:00,2026-02-15T23:00:00,,,42.0
2026-01-26 11:00:00,48.4,99.89253234863281,1.0,"Divine healer's Church, Bethlehem",tabular,xgboost,h168,2026-01-04T23:00:00,2026-01-18T23:00:00,2026-02-15T23:00:00,,,42.0
2026-01-26 12:00:00,50.1,110.62150573730469,1.0,"Divine healer's Church, Bethlehem",tabular,xgboost,h168,2026-01-04T23:00:00,2026-01-18T23:00:00,2026-02-15T23:00:00,,,42.0
2026-01-26 13:00:00,45.4,100.07559967041016,1.0,"Divine healer's Church, Bethlehem",tabular,xgboost,h168,2026-01-04T23:00:00,2026-01-18T23:00:00,2026-02-15T23:00:00,,,42.0
2026-01-26 14:00:00,44.6,81.46440124511719,1.0,"Divine healer's Church, Bethlehem",tabular,xgboost,h168,2026-01-04T23:00:00,2026-01-18T23:00:00,2026-02-15T23:00:00,,,42.0
2026-01-26 15:00:00,43.0,85.81339263916016,1.0,"Divine healer's Church, Bethlehem",tabular,xgboost,h168,2026-01-04T23:00:00,2026-01-18T23:00:00,2026-02-15T23:00:00,,,42.0
2026-01-26 16:00:00,41.1,85.78711700439453,1.0,"Divine healer's Church, Bethlehem",tabular,xgboost,h168,2026-01-04T23:00:00,2026-01-18T23:00:00,2026-02-15T23:00:00,,,42.0
2026-01-26 17:00:00,42.6,102.46369171142578,1.0,"Divine healer's Church, Bethlehem",tabular,xgboost,h168,2026-01-04T23:00:00,2026-01-18T23:00:00,2026-02-15T23:00:00,,,42.0
2026-01-26 18:00:00,63.8,116.79717254638672,1.0,"Divine healer's Church, Bethlehem",tabular,xgboost,h168,2026-01-04T23:00:00,2026-01-18T23:00:00,2026-02-15T23:00:00,,,42.0
2026-01-26 19:00:00,63.9,106.88385009765625,1.0,"Divine healer's Church, Bethlehem",tabular,xgboost,h168,2026-01-04T23:00:00,2026-01-18T23:00:00,2026-02-15T23:00:00,,,42.0
2026-01-26 20:00:00,57.2,102.3911361694336,1.0,"Divine healer's Church, Bethlehem",tabular,xgboost,h168,2026-01-04T23:00:00,2026-01-18T23:00:00,2026-02-15T23:00:00,,,42.0
2026-01-26 21:00:00,69.6,90.80375671386719,1.0,"Divine healer's Church, Bethlehem",tabular,xgboost,h168,2026-01-04T23:00:00,2026-01-18T23:00:00,2026-02-15T23:00:00,,,42.0
2026-01-26 22:00:00,49.5,93.47093963623047,1.0,"Divine healer's Church, Bethlehem",tabular,xgboost,h168,2026-01-04T23:00:00,2026-01-18T23:00:00,2026-02-15T23:00:00,,,42.0
2026-01-26 23:00:00,48.3,100.16461944580078,1.0,"Divine healer's Church, Bethlehem",tabular,xgboost,h168,2026-01-04T23:00:00,2026-01-18T23:00:00,2026-02-15T23:00:00,,,42.0
2026-01-27 00:00:00,44.7,102.9614028930664,1.0,"Divine healer's Church, Bethlehem",tabular,xgboost,h168,2026-01-04T23:00:00,2026-01-18T23:00:00,2026-02-15T23:00:00,,,42.0
2026-01-27 01:00:00,46.5,96.1095199584961,1.0,"Divine healer's Church, Bethlehem",tabular,xgboost,h168,2026-01-04T23:00:00,2026-01-18T23:00:00,2026-02-15T23:00:00,,,42.0
2026-01-27 02:00:00,41.0,99.06182861328125,1.0,"Divine healer's Church, Bethlehem",tabular,xgboost,h168,2026-01-04T23:00:00,2026-01-18T23:00:00,2026-02-15T23:00:00,,,42.0
2026-01-27 03:00:00,39.6,97.07807922363281,1.0,"Divine healer's Church, Bethlehem",tabular,xgboost,h168,2026-01-04T23:00:00,2026-01-18T23:00:00,2026-02-15T23:00:00,,,42.0
2026-01-27 04:00:00,46.0,94.48779296875,1.0,"Divine healer's Church, Bethlehem",tabular,xgboost,h168,2026-01-04T23:00:00,2026-01-18T23:00:00,2026-02-15T23:00:00,,,42.0
2026-01-27 05:00:00,52.1,96.3797378540039,1.0,"Divine healer's Church, Bethlehem",tabular,xgboost,h168,2026-01-04T23:00:00,2026-01-18T23:00:00,2026-02-15T23:00:00,,,42.0
2026-01-27 06:00:00,54.4,96.51715087890625,1.0,"Divine healer's Church, Bethlehem",tabular,xgboost,h168,2026-01-04T23:00:00,2026-01-18T23:00:00,2026-02-15T23:00:00,,,42.0
2026-01-27 07:00:00,65.1,89.82405090332031,1.0,"Divine healer's Church, Bethlehem",tabular,xgboost,h168,2026-01-04T23:00:00,2026-01-18T23:00:00,2026-02-15T23:00:00,,,42.0
2026-01-27 08:00:00,44.0,96.4961929321289,1.0,"Divine healer's Church, Bethlehem",tabular,xgboost,h168,2026-01-04T23:00:00,2026-01-18T23:00:00,2026-02-15T23:00:00,,,42.0
2026-01-27 09:00:00,41.4,94.35398864746094,1.0,"Divine healer's Church, Bethlehem",tabular,xgboost,h168,2026-01-04T23:00:00,2026-01-18T23:00:00,2026-02-15T23:00:00,,,42.0
2026-01-27 10:00:00,44.5,96.99766540527344,1.0,"Divine healer's Church, Bethlehem",tabular,xgboost,h168,2026-01-04T23:00:00,2026-01-18T23:00:00,2026-02-15T23:00:00,,,42.0
2026-01-27 11:00:00,46.0,93.93467712402344,1.0,"Divine healer's Church, Bethlehem",tabular,xgboost,h168,2026-01-04T23:00:00,2026-01-18T23:00:00,2026-02-15T23:00:00,,,42.0
2026-01-27 12:00:00,57.8,97.76000213623047,1.0,"Divine healer's Church, Bethlehem",tabular,xgboost,h168,2026-01-04T23:00:00,2026-01-18T23:00:00,2026-02-15T23:00:00,,,42.0
2026-01-27 13:00:00,49.0,99.44158172607422,1.0,"Divine healer's Church, Bethlehem",tabular,xgboost,h168,2026-01-04T23:00:00,2026-01-18T23:00:00,2026-02-15T23:00:00,,,42.0
2026-01-27 14:00:00,46.1,96.64070892333984,1.0,"Divine healer's Church, Bethlehem",tabular,xgboost,h168,2026-01-04T23:00:00,2026-01-18T23:00:00,2026-02-15T23:00:00,,,42.0
2026-01-27 15:00:00,45.6,90.63888549804688,1.0,"Divine healer's Church, Bethlehem",tabular,xgboost,h168,2026-01-04T23:00:00,2026-01-18T23:00:00,2026-02-15T23:00:00,,,42.0
2026-01-27 16:00:00,42.4,90.25628662109375,1.0,"Divine healer's Church, Bethlehem",tabular,xgboost,h168,2026-01-04T23:00:00,2026-01-18T23:00:00,2026-02-15T23:00:00,,,42.0
2026-01-27 17:00:00,41.6,94.19556427001953,1.0,"Divine healer's Church, Bethlehem",tabular,xgboost,h168,2026-01-04T23:00:00,2026-01-18T23:00:00,2026-02-15T23:00:00,,,42.0
2026-01-27 18:00:00,52.3,101.43130493164062,1.0,"Divine healer's Church, Bethlehem",tabular,xgboost,h168,2026-01-04T23:00:00,2026-01-18T23:00:00,2026-02-15T23:00:00,,,42.0
2026-01-27 19:00:00,116.5,99.9798355102539,1.0,"Divine healer's Church, Bethlehem",tabular,xgboost,h168,2026-01-04T23:00:00,2026-01-18T23:00:00,2026-02-15T23:00:00,,,42.0
2026-01-27 20:00:00,93.4,102.83055114746094,1.0,"Divine healer's Church, Bethlehem",tabular,xgboost,h168,2026-01-04T23:00:00,2026-01-18T23:00:00,2026-02-15T23:00:00,,,42.0
2026-01-27 21:00:00,70.0,102.37462615966797,1.0,"Divine healer's Church, Bethlehem",tabular,xgboost,h168,2026-01-04T23:00:00,2026-01-18T23:00:00,2026-02-15T23:00:00,,,42.0
2026-01-27 22:00:00,47.6,112.89386749267578,1.0,"Divine healer's Church, Bethlehem",tabular,xgboost,h168,2026-01-04T23:00:00,2026-01-18T23:00:00,2026-02-15T23:00:00,,,42.0
2026-01-27 23:00:00,47.8,100.47791290283203,1.0,"Divine healer's Church, Bethlehem",tabular,xgboost,h168,2026-01-04T23:00:00,2026-01-18T23:00:00,2026-02-15T23:00:00,,,42.0
2026-01-28 00:00:00,50.0,101.60746002197266,1.0,"Divine healer's Church, Bethlehem",tabular,xgboost,h168,2026-01-04T23:00:00,2026-01-18T23:00:00,2026-02-15T23:00:00,,,42.0
2026-01-28 01:00:00,46.3,117.78271484375,1.0,"Divine healer's Church, Bethlehem",tabular,xgboost,h168,2026-01-04T23:00:00,2026-01-18T23:00:00,2026-02-15T23:00:00,,,42.0
2026-01-28 02:00:00,45.2,109.5250244140625,1.0,"Divine healer's Church, Bethlehem",tabular,xgboost,h168,2026-01-04T23:00:00,2026-01-18T23:00:00,2026-02-15T23:00:00,,,42.0
2026-01-28 03:00:00,46.5,87.49297332763672,1.0,"Divine healer's Church, Bethlehem",tabular,xgboost,h168,2026-01-04T23:00:00,2026-01-18T23:00:00,2026-02-15T23:00:00,,,42.0
2026-01-28 04:00:00,47.2,90.29449462890625,1.0,"Divine healer's Church, Bethlehem",tabular,xgboost,h168,2026-01-04T23:00:00,2026-01-18T23:00:00,2026-02-15T23:00:00,,,42.0
2026-01-28 05:00:00,59.2,95.1358871459961,1.0,"Divine healer's Church, Bethlehem",tabular,xgboost,h168,2026-01-04T23:00:00,2026-01-18T23:00:00,2026-02-15T23:00:00,,,42.0
2026-01-28 06:00:00,90.5,100.441162109375,1.0,"Divine healer's Church, Bethlehem",tabular,xgboost,h168,2026-01-04T23:00:00,2026-01-18T23:00:00,2026-02-15T23:00:00,,,42.0
2026-01-28 07:00:00,67.1,95.8141098022461,1.0,"Divine healer's Church, Bethlehem",tabular,xgboost,h168,2026-01-04T23:00:00,2026-01-18T23:00:00,2026-02-15T23:00:00,,,42.0
2026-01-28 08:00:00,51.9,96.46056365966797,1.0,"Divine healer's Church, Bethlehem",tabular,xgboost,h168,2026-01-04T23:00:00,2026-01-18T23:00:00,2026-02-15T23:00:00,,,42.0
2026-01-28 09:00:00,46.0,94.67921447753906,1.0,"Divine healer's Church, Bethlehem",tabular,xgboost,h168,2026-01-04T23:00:00,2026-01-18T23:00:00,2026-02-15T23:00:00,,,42.0
2026-01-28 10:00:00,45.7,90.93563842773438,1.0,"Divine healer's Church, Bethlehem",tabular,xgboost,h168,2026-01-04T23:00:00,2026-01-18T23:00:00,2026-02-15T23:00:00,,,42.0
2026-01-28 11:00:00,49.3,89.65977478027344,1.0,"Divine healer's Church, Bethlehem",tabular,xgboost,h168,2026-01-04T23:00:00,2026-01-18T23:00:00,2026-02-15T23:00:00,,,42.0
2026-01-28 12:00:00,52.6,96.4276123046875,1.0,"Divine healer's Church, Bethlehem",tabular,xgboost,h168,2026-01-04T23:00:00,2026-01-18T23:00:00,2026-02-15T23:00:00,,,42.0
2026-01-28 13:00:00,53.2,98.402587890625,1.0,"Divine healer's Church, Bethlehem",tabular,xgboost,h168,2026-01-04T23:00:00,2026-01-18T23:00:00,2026-02-15T23:00:00,,,42.0
2026-01-28 14:00:00,48.9,94.58442687988281,1.0,"Divine healer's Church, Bethlehem",tabular,xgboost,h168,2026-01-04T23:00:00,2026-01-18T23:00:00,2026-02-15T23:00:00,,,42.0
2026-01-28 15:00:00,46.0,133.6461639404297,1.0,"Divine healer's Church, Bethlehem",tabular,xgboost,h168,2026-01-04T23:00:00,2026-01-18T23:00:00,2026-02-15T23:00:00,,,42.0
2026-01-28 16:00:00,79.6,106.46331024169922,1.0,"Divine healer's Church, Bethlehem",tabular,xgboost,h168,2026-01-04T23:00:00,2026-01-18T23:00:00,2026-02-15T23:00:00,,,42.0
2026-01-28 17:00:00,56.0,106.38172149658203,1.0,"Divine healer's Church, Bethlehem",tabular,xgboost,h168,2026-01-04T23:00:00,2026-01-18T23:00:00,2026-02-15T23:00:00,,,42.0
2026-01-28 18:00:00,48.7,87.3896713256836,1.0,"Divine healer's Church, Bethlehem",tabular,xgboost,h168,2026-01-04T23:00:00,2026-01-18T23:00:00,2026-02-15T23:00:00,,,42.0
2026-01-28 19:00:00,95.2,93.77953338623047,1.0,"Divine healer's Church, Bethlehem",tabular,xgboost,h168,2026-01-04T23:00:00,2026-01-18T23:00:00,2026-02-15T23:00:00,,,42.0
2026-01-28 20:00:00,67.8,90.51072692871094,1.0,"Divine healer's Church, Bethlehem",tabular,xgboost,h168,2026-01-04T23:00:00,2026-01-18T23:00:00,2026-02-15T23:00:00,,,42.0
2026-01-28 21:00:00,64.2,81.42548370361328,1.0,"Divine healer's Church, Bethlehem",tabular,xgboost,h168,2026-01-04T23:00:00,2026-01-18T23:00:00,2026-02-15T23:00:00,,,42.0
2026-01-28 22:00:00,52.5,79.87751770019531,1.0,"Divine healer's Church, Bethlehem",tabular,xgboost,h168,2026-01-04T23:00:00,2026-01-18T23:00:00,2026-02-15T23:00:00,,,42.0
2026-01-28 23:00:00,52.6,79.69583892822266,1.0,"Divine healer's Church, Bethlehem",tabular,xgboost,h168,2026-01-04T23:00:00,2026-01-18T23:00:00,2026-02-15T23:00:00,,,42.0
2026-01-29 00:00:00,54.0,97.11016082763672,1.0,"Divine healer's Church, Bethlehem",tabular,xgboost,h168,2026-01-04T23:00:00,2026-01-18T23:00:00,2026-02-15T23:00:00,,,42.0
2026-01-29 01:00:00,57.4,82.03402709960938,1.0,"Divine healer's Church, Bethlehem",tabular,xgboost,h168,2026-01-04T23:00:00,2026-01-18T23:00:00,2026-02-15T23:00:00,,,42.0
2026-01-29 02:00:00,48.3,89.24610137939453,1.0,"Divine healer's Church, Bethlehem",tabular,xgboost,h168,2026-01-04T23:00:00,2026-01-18T23:00:00,2026-02-15T23:00:00,,,42.0
2026-01-29 03:00:00,51.5,85.77934265136719,1.0,"Divine healer's Church, Bethlehem",tabular,xgboost,h168,2026-01-04T23:00:00,2026-01-18T23:00:00,2026-02-15T23:00:00,,,42.0
2026-01-29 04:00:00,52.3,83.7407455444336,1.0,"Divine healer's Church, Bethlehem",tabular,xgboost,h168,2026-01-04T23:00:00,2026-01-18T23:00:00,2026-02-15T23:00:00,,,42.0
2026-01-29 05:00:00,66.6,92.2977066040039,1.0,"Divine healer's Church, Bethlehem",tabular,xgboost,h168,2026-01-04T23:00:00,2026-01-18T23:00:00,2026-02-15T23:00:00,,,42.0
2026-01-29 06:00:00,73.1,96.38774871826172,1.0,"Divine healer's Church, Bethlehem",tabular,xgboost,h168,2026-01-04T23:00:00,2026-01-18T23:00:00,2026-02-15T23:00:00,,,42.0
2026-01-29 07:00:00,73.8,92.2667236328125,1.0,"Divine healer's Church, Bethlehem",tabular,xgboost,h168,2026-01-04T23:00:00,2026-01-18T23:00:00,2026-02-15T23:00:00,,,42.0
2026-01-29 08:00:00,55.1,79.61804962158203,1.0,"Divine healer's Church, Bethlehem",tabular,xgboost,h168,2026-01-04T23:00:00,2026-01-18T23:00:00,2026-02-15T23:00:00,,,42.0
2026-01-29 09:00:00,50.1,83.07896423339844,1.0,"Divine healer's Church, Bethlehem",tabular,xgboost,h168,2026-01-04T23:00:00,2026-01-18T23:00:00,2026-02-15T23:00:00,,,42.0
2026-01-29 10:00:00,47.8,71.44927978515625,1.0,"Divine healer's Church, Bethlehem",tabular,xgboost,h168,2026-01-04T23:00:00,2026-01-18T23:00:00,2026-02-15T23:00:00,,,42.0
2026-01-29 11:00:00,47.2,87.10889434814453,1.0,"Divine healer's Church, Bethlehem",tabular,xgboost,h168,2026-01-04T23:00:00,2026-01-18T23:00:00,2026-02-15T23:00:00,,,42.0
2026-01-29 12:00:00,47.1,93.62052154541016,1.0,"Divine healer's Church, Bethlehem",tabular,xgboost,h168,2026-01-04T23:00:00,2026-01-18T23:00:00,2026-02-15T23:00:00,,,42.0
2026-01-29 13:00:00,52.4,92.81609344482422,1.0,"Divine healer's Church, Bethlehem",tabular,xgboost,h168,2026-01-04T23:00:00,2026-01-18T23:00:00,2026-02-15T23:00:00,,,42.0
2026-01-29 14:00:00,44.8,92.5505142211914,1.0,"Divine healer's Church, Bethlehem",tabular,xgboost,h168,2026-01-04T23:00:00,2026-01-18T23:00:00,2026-02-15T23:00:00,,,42.0
2026-01-29 15:00:00,44.0,103.31594848632812,1.0,"Divine healer's Church, Bethlehem",tabular,xgboost,h168,2026-01-04T23:00:00,2026-01-18T23:00:00,2026-02-15T23:00:00,,,42.0
2026-01-29 16:00:00,43.6,104.58370971679688,1.0,"Divine healer's Church, Bethlehem",tabular,xgboost,h168,2026-01-04T23:00:00,2026-01-18T23:00:00,2026-02-15T23:00:00,,,42.0
2026-01-29 17:00:00,60.5,98.66468811035156,1.0,"Divine healer's Church, Bethlehem",tabular,xgboost,h168,2026-01-04T23:00:00,2026-01-18T23:00:00,2026-02-15T23:00:00,,,42.0
2026-01-29 18:00:00,61.3,100.44400024414062,1.0,"Divine healer's Church, Bethlehem",tabular,xgboost,h168,2026-01-04T23:00:00,2026-01-18T23:00:00,2026-02-15T23:00:00,,,42.0
2026-01-29 19:00:00,65.9,105.3409194946289,1.0,"Divine healer's Church, Bethlehem",tabular,xgboost,h168,2026-01-04T23:00:00,2026-01-18T23:00:00,2026-02-15T23:00:00,,,42.0
2026-01-29 20:00:00,81.0,99.09529876708984,1.0,"Divine healer's Church, Bethlehem",tabular,xgboost,h168,2026-01-04T23:00:00,2026-01-18T23:00:00,2026-02-15T23:00:00,,,42.0
2026-01-29 21:00:00,60.3,91.66790771484375,1.0,"Divine healer's Church, Bethlehem",tabular,xgboost,h168,2026-01-04T23:00:00,2026-01-18T23:00:00,2026-02-15T23:00:00,,,42.0
2026-01-29 22:00:00,51.5,95.22315979003906,1.0,"Divine healer's Church, Bethlehem",tabular,xgboost,h168,2026-01-04T23:00:00,2026-01-18T23:00:00,2026-02-15T23:00:00,,,42.0
2026-01-29 23:00:00,48.1,94.9258041381836,1.0,"Divine healer's Church, Bethlehem",tabular,xgboost,h168,2026-01-04T23:00:00,2026-01-18T23:00:00,2026-02-15T23:00:00,,,42.0
2026-01-30 00:00:00,44.0,90.34049224853516,1.0,"Divine healer's Church, Bethlehem",tabular,xgboost,h168,2026-01-04T23:00:00,2026-01-18T23:00:00,2026-02-15T23:00:00,,,42.0
2026-01-30 01:00:00,41.8,97.17019653320312,1.0,"Divine healer's Church, Bethlehem",tabular,xgboost,h168,2026-01-04T23:00:00,2026-01-18T23:00:00,2026-02-15T23:00:00,,,42.0
2026-01-30 02:00:00,41.9,90.76524353027344,1.0,"Divine healer's Church, Bethlehem",tabular,xgboost,h168,2026-01-04T23:00:00,2026-01-18T23:00:00,2026-02-15T23:00:00,,,42.0
2026-01-30 03:00:00,45.9,86.46492767333984,1.0,"Divine healer's Church, Bethlehem",tabular,xgboost,h168,2026-01-04T23:00:00,2026-01-18T23:00:00,2026-02-15T23:00:00,,,42.0
2026-01-30 04:00:00,47.4,87.18197631835938,1.0,"Divine healer's Church, Bethlehem",tabular,xgboost,h168,2026-01-04T23:00:00,2026-01-18T23:00:00,2026-02-15T23:00:00,,,42.0
2026-01-30 05:00:00,53.4,89.10657501220703,1.0,"Divine healer's Church, Bethlehem",tabular,xgboost,h168,2026-01-04T23:00:00,2026-01-18T23:00:00,2026-02-15T23:00:00,,,42.0
2026-01-30 06:00:00,51.2,96.62510681152344,1.0,"Divine healer's Church, Bethlehem",tabular,xgboost,h168,2026-01-04T23:00:00,2026-01-18T23:00:00,2026-02-15T23:00:00,,,42.0
2026-01-30 07:00:00,47.8,90.40885925292969,1.0,"Divine healer's Church, Bethlehem",tabular,xgboost,h168,2026-01-04T23:00:00,2026-01-18T23:00:00,2026-02-15T23:00:00,,,42.0
2026-01-30 08:00:00,43.5,92.04290008544922,1.0,"Divine healer's Church, Bethlehem",tabular,xgboost,h168,2026-01-04T23:00:00,2026-01-18T23:00:00,2026-02-15T23:00:00,,,42.0
2026-01-30 09:00:00,39.9,114.3639907836914,1.0,"Divine healer's Church, Bethlehem",tabular,xgboost,h168,2026-01-04T23:00:00,2026-01-18T23:00:00,2026-02-15T23:00:00,,,42.0
2026-01-30 10:00:00,39.4,113.86760711669922,1.0,"Divine healer's Church, Bethlehem",tabular,xgboost,h168,2026-01-04T23:00:00,2026-01-18T23:00:00,2026-02-15T23:00:00,,,42.0
2026-01-30 11:00:00,42.6,101.22843170166016,1.0,"Divine healer's Church, Bethlehem",tabular,xgboost,h168,2026-01-04T23:00:00,2026-01-18T23:00:00,2026-02-15T23:00:00,,,42.0
2026-01-30 12:00:00,42.6,105.25931549072266,1.0,"Divine healer's Church, Bethlehem",tabular,xgboost,h168,2026-01-04T23:00:00,2026-01-18T23:00:00,2026-02-15T23:00:00,,,42.0
2026-01-30 13:00:00,46.2,103.6122055053711,1.0,"Divine healer's Church, Bethlehem",tabular,xgboost,h168,2026-01-04T23:00:00,2026-01-18T23:00:00,2026-02-15T23:00:00,,,42.0
2026-01-30 14:00:00,44.6,102.26799774169922,1.0,"Divine healer's Church, Bethlehem",tabular,xgboost,h168,2026-01-04T23:00:00,2026-01-18T23:00:00,2026-02-15T23:00:00,,,42.0
2026-01-30 15:00:00,54.6,103.36083221435547,1.0,"Divine healer's Church, Bethlehem",tabular,xgboost,h168,2026-01-04T23:00:00,2026-01-18T23:00:00,2026-02-15T23:00:00,,,42.0
2026-01-30 16:00:00,67.9,87.6491928100586,1.0,"Divine healer's Church, Bethlehem",tabular,xgboost,h168,2026-01-04T23:00:00,2026-01-18T23:00:00,2026-02-15T23:00:00,,,42.0
2026-01-30 17:00:00,58.9,95.26651763916016,1.0,"Divine healer's Church, Bethlehem",tabular,xgboost,h168,2026-01-04T23:00:00,2026-01-18T23:00:00,2026-02-15T23:00:00,,,42.0
2026-01-30 18:00:00,78.1,107.01595306396484,1.0,"Divine healer's Church, Bethlehem",tabular,xgboost,h168,2026-01-04T23:00:00,2026-01-18T23:00:00,2026-02-15T23:00:00,,,42.0
2026-01-30 19:00:00,61.0,104.04228210449219,1.0,"Divine healer's Church, Bethlehem",tabular,xgboost,h168,2026-01-04T23:00:00,2026-01-18T23:00:00,2026-02-15T23:00:00,,,42.0
2026-01-30 20:00:00,51.5,99.02174377441406,1.0,"Divine healer's Church, Bethlehem",tabular,xgboost,h168,2026-01-04T23:00:00,2026-01-18T23:00:00,2026-02-15T23:00:00,,,42.0
2026-01-30 21:00:00,49.9,81.03945922851562,1.0,"Divine healer's Church, Bethlehem",tabular,xgboost,h168,2026-01-04T23:00:00,2026-01-18T23:00:00,2026-02-15T23:00:00,,,42.0
2026-01-30 22:00:00,44.8,81.09477233886719,1.0,"Divine healer's Church, Bethlehem",tabular,xgboost,h168,2026-01-04T23:00:00,2026-01-18T23:00:00,2026-02-15T23:00:00,,,42.0
2026-01-30 23:00:00,45.0,91.16336059570312,1.0,"Divine healer's Church, Bethlehem",tabular,xgboost,h168,2026-01-04T23:00:00,2026-01-18T23:00:00,2026-02-15T23:00:00,,,42.0
2026-01-31 00:00:00,42.7,87.67621612548828,1.0,"Divine healer's Church, Bethlehem",tabular,xgboost,h168,2026-01-04T23:00:00,2026-01-18T23:00:00,2026-02-15T23:00:00,,,42.0
2026-01-31 01:00:00,82.8,91.74765014648438,1.0,"Divine healer's Church, Bethlehem",tabular,xgboost,h168,2026-01-04T23:00:00,2026-01-18T23:00:00,2026-02-15T23:00:00,,,42.0
2026-01-31 02:00:00,52.3,71.66181182861328,1.0,"Divine healer's Church, Bethlehem",tabular,xgboost,h168,2026-01-04T23:00:00,2026-01-18T23:00:00,2026-02-15T23:00:00,,,42.0
2026-01-31 03:00:00,46.6,68.66547393798828,1.0,"Divine healer's Church, Bethlehem",tabular,xgboost,h168,2026-01-04T23:00:00,2026-01-18T23:00:00,2026-02-15T23:00:00,,,42.0
2026-01-31 04:00:00,45.9,69.30670928955078,1.0,"Divine healer's Church, Bethlehem",tabular,xgboost,h168,2026-01-04T23:00:00,2026-01-18T23:00:00,2026-02-15T23:00:00,,,42.0
2026-01-31 05:00:00,59.3,89.26983642578125,1.0,"Divine healer's Church, Bethlehem",tabular,xgboost,h168,2026-01-04T23:00:00,2026-01-18T23:00:00,2026-02-15T23:00:00,,,42.0
2026-01-31 06:00:00,65.3,101.92871856689453,1.0,"Divine healer's Church, Bethlehem",tabular,xgboost,h168,2026-01-04T23:00:00,2026-01-18T23:00:00,2026-02-15T23:00:00,,,42.0
2026-01-31 07:00:00,68.2,109.47120666503906,1.0,"Divine healer's Church, Bethlehem",tabular,xgboost,h168,2026-01-04T23:00:00,2026-01-18T23:00:00,2026-02-15T23:00:00,,,42.0
2026-01-31 08:00:00,50.8,108.65364074707031,1.0,"Divine healer's Church, Bethlehem",tabular,xgboost,h168,2026-01-04T23:00:00,2026-01-18T23:00:00,2026-02-15T23:00:00,,,42.0
2026-01-31 09:00:00,51.0,97.16053771972656,1.0,"Divine healer's Church, Bethlehem",tabular,xgboost,h168,2026-01-04T23:00:00,2026-01-18T23:00:00,2026-02-15T23:00:00,,,42.0
2026-01-31 10:00:00,50.9,81.94680786132812,1.0,"Divine healer's Church, Bethlehem",tabular,xgboost,h168,2026-01-04T23:00:00,2026-01-18T23:00:00,2026-02-15T23:00:00,,,42.0
2026-01-31 11:00:00,50.5,93.76698303222656,1.0,"Divine healer's Church, Bethlehem",tabular,xgboost,h168,2026-01-04T23:00:00,2026-01-18T23:00:00,2026-02-15T23:00:00,,,42.0
2026-01-31 12:00:00,43.0,91.00788116455078,1.0,"Divine healer's Church, Bethlehem",tabular,xgboost,h168,2026-01-04T23:00:00,2026-01-18T23:00:00,2026-02-15T23:00:00,,,42.0
2026-01-31 13:00:00,41.6,93.67718505859375,1.0,"Divine healer's Church, Bethlehem",tabular,xgboost,h168,2026-01-04T23:00:00,2026-01-18T23:00:00,2026-02-15T23:00:00,,,42.0
2026-01-31 14:00:00,41.2,96.00048828125,1.0,"Divine healer's Church, Bethlehem",tabular,xgboost,h168,2026-01-04T23:00:00,2026-01-18T23:00:00,2026-02-15T23:00:00,,,42.0
2026-01-31 15:00:00,37.5,82.92796325683594,1.0,"Divine healer's Church, Bethlehem",tabular,xgboost,h168,2026-01-04T23:00:00,2026-01-18T23:00:00,2026-02-15T23:00:00,,,42.0
2026-01-31 16:00:00,37.6,85.51525115966797,1.0,"Divine healer's Church, Bethlehem",tabular,xgboost,h168,2026-01-04T23:00:00,2026-01-18T23:00:00,2026-02-15T23:00:00,,,42.0
2026-01-31 17:00:00,45.9,97.05099487304688,1.0,"Divine healer's Church, Bethlehem",tabular,xgboost,h168,2026-01-04T23:00:00,2026-01-18T23:00:00,2026-02-15T23:00:00,,,42.0
2026-01-31 18:00:00,62.5,89.12370300292969,1.0,"Divine healer's Church, Bethlehem",tabular,xgboost,h168,2026-01-04T23:00:00,2026-01-18T23:00:00,2026-02-15T23:00:00,,,42.0
2026-01-31 19:00:00,61.9,100.64453887939453,1.0,"Divine healer's Church, Bethlehem",tabular,xgboost,h168,2026-01-04T23:00:00,2026-01-18T23:00:00,2026-02-15T23:00:00,,,42.0
2026-01-31 20:00:00,61.3,85.33930206298828,1.0,"Divine healer's Church, Bethlehem",tabular,xgboost,h168,2026-01-04T23:00:00,2026-01-18T23:00:00,2026-02-15T23:00:00,,,42.0
2026-01-31 21:00:00,56.8,92.40363311767578,1.0,"Divine healer's Church, Bethlehem",tabular,xgboost,h168,2026-01-04T23:00:00,2026-01-18T23:00:00,2026-02-15T23:00:00,,,42.0
2026-01-31 22:00:00,46.5,89.75276947021484,1.0,"Divine healer's Church, Bethlehem",tabular,xgboost,h168,2026-01-04T23:00:00,2026-01-18T23:00:00,2026-02-15T23:00:00,,,42.0
2026-01-31 23:00:00,52.0,86.1606216430664,1.0,"Divine healer's Church, Bethlehem",tabular,xgboost,h168,2026-01-04T23:00:00,2026-01-18T23:00:00,2026-02-15T23:00:00,,,42.0
2026-02-01 00:00:00,50.9,99.21219635009766,1.0,"Divine healer's Church, Bethlehem",tabular,xgboost,h168,2026-01-04T23:00:00,2026-01-18T23:00:00,2026-02-15T23:00:00,,,42.0
2026-02-01 01:00:00,39.1,92.02658081054688,1.0,"Divine healer's Church, Bethlehem",tabular,xgboost,h168,2026-01-04T23:00:00,2026-01-18T23:00:00,2026-02-15T23:00:00,,,42.0
2026-02-01 02:00:00,42.0,85.23799896240234,1.0,"Divine healer's Church, Bethlehem",tabular,xgboost,h168,2026-01-04T23:00:00,2026-01-18T23:00:00,2026-02-15T23:00:00,,,42.0
2026-02-01 03:00:00,42.4,85.6967544555664,1.0,"Divine healer's Church, Bethlehem",tabular,xgboost,h168,2026-01-04T23:00:00,2026-01-18T23:00:00,2026-02-15T23:00:00,,,42.0
2026-02-01 04:00:00,41.2,83.02880859375,1.0,"Divine healer's Church, Bethlehem",tabular,xgboost,h168,2026-01-04T23:00:00,2026-01-18T23:00:00,2026-02-15T23:00:00,,,42.0
2026-02-01 05:00:00,45.1,90.29247283935547,1.0,"Divine healer's Church, Bethlehem",tabular,xgboost,h168,2026-01-04T23:00:00,2026-01-18T23:00:00,2026-02-15T23:00:00,,,42.0
2026-02-01 06:00:00,59.6,88.39592742919922,1.0,"Divine healer's Church, Bethlehem",tabular,xgboost,h168,2026-01-04T23:00:00,2026-01-18T23:00:00,2026-02-15T23:00:00,,,42.0
2026-02-01 07:00:00,64.0,92.72608947753906,1.0,"Divine healer's Church, Bethlehem",tabular,xgboost,h168,2026-01-04T23:00:00,2026-01-18T23:00:00,2026-02-15T23:00:00,,,42.0
2026-02-01 08:00:00,56.9,91.34297943115234,1.0,"Divine healer's Church, Bethlehem",tabular,xgboost,h168,2026-01-04T23:00:00,2026-01-18T23:00:00,2026-02-15T23:00:00,,,42.0
2026-02-01 09:00:00,47.9,89.26416778564453,1.0,"Divine healer's Church, Bethlehem",tabular,xgboost,h168,2026-01-04T23:00:00,2026-01-18T23:00:00,2026-02-15T23:00:00,,,42.0
2026-02-01 10:00:00,58.7,90.45977020263672,1.0,"Divine healer's Church, Bethlehem",tabular,xgboost,h168,2026-01-04T23:00:00,2026-01-18T23:00:00,2026-02-15T23:00:00,,,42.0
2026-02-01 11:00:00,51.5,92.37936401367188,1.0,"Divine healer's Church, Bethlehem",tabular,xgboost,h168,2026-01-04T23:00:00,2026-01-18T23:00:00,2026-02-15T23:00:00,,,42.0
2026-02-01 12:00:00,36.6,92.36744689941406,1.0,"Divine healer's Church, Bethlehem",tabular,xgboost,h168,2026-01-04T23:00:00,2026-01-18T23:00:00,2026-02-15T23:00:00,,,42.0
2026-02-01 13:00:00,35.4,90.26399993896484,1.0,"Divine healer's Church, Bethlehem",tabular,xgboost,h168,2026-01-04T23:00:00,2026-01-18T23:00:00,2026-02-15T23:00:00,,,42.0
2026-02-01 14:00:00,33.5,79.18641662597656,1.0,"Divine healer's Church, Bethlehem",tabular,xgboost,h168,2026-01-04T23:00:00,2026-01-18T23:00:00,2026-02-15T23:00:00,,,42.0
2026-02-01 15:00:00,35.3,95.1102066040039,1.0,"Divine healer's Church, Bethlehem",tabular,xgboost,h168,2026-01-04T23:00:00,2026-01-18T23:00:00,2026-02-15T23:00:00,,,42.0
2026-02-01 16:00:00,36.1,96.10289001464844,1.0,"Divine healer's Church, Bethlehem",tabular,xgboost,h168,2026-01-04T23:00:00,2026-01-18T23:00:00,2026-02-15T23:00:00,,,42.0
2026-02-01 17:00:00,57.3,93.36443328857422,1.0,"Divine healer's Church, Bethlehem",tabular,xgboost,h168,2026-01-04T23:00:00,2026-01-18T23:00:00,2026-02-15T23:00:00,,,42.0
2026-02-01 18:00:00,46.5,107.92383575439453,1.0,"Divine healer's Church, Bethlehem",tabular,xgboost,h168,2026-01-04T23:00:00,2026-01-18T23:00:00,2026-02-15T23:00:00,,,42.0
2026-02-01 19:00:00,61.0,106.54208374023438,1.0,"Divine healer's Church, Bethlehem",tabular,xgboost,h168,2026-01-04T23:00:00,2026-01-18T23:00:00,2026-02-15T23:00:00,,,42.0
2026-02-01 20:00:00,53.6,98.50064849853516,1.0,"Divine healer's Church, Bethlehem",tabular,xgboost,h168,2026-01-04T23:00:00,2026-01-18T23:00:00,2026-02-15T23:00:00,,,42.0
2026-02-01 21:00:00,56.2,102.79656219482422,1.0,"Divine healer's Church, Bethlehem",tabular,xgboost,h168,2026-01-04T23:00:00,2026-01-18T23:00:00,2026-02-15T23:00:00,,,42.0
2026-02-01 22:00:00,72.4,91.2033920288086,1.0,"Divine healer's Church, Bethlehem",tabular,xgboost,h168,2026-01-04T23:00:00,2026-01-18T23:00:00,2026-02-15T23:00:00,,,42.0
2026-02-01 23:00:00,62.5,100.80266571044922,1.0,"Divine healer's Church, Bethlehem",tabular,xgboost,h168,2026-01-04T23:00:00,2026-01-18T23:00:00,2026-02-15T23:00:00,,,42.0
2026-02-02 00:00:00,44.0,102.64999389648438,1.0,"Divine healer's Church, Bethlehem",tabular,xgboost,h168,2026-01-04T23:00:00,2026-01-18T23:00:00,2026-02-15T23:00:00,,,42.0
2026-02-02 01:00:00,44.7,100.0230712890625,1.0,"Divine healer's Church, Bethlehem",tabular,xgboost,h168,2026-01-04T23:00:00,2026-01-18T23:00:00,2026-02-15T23:00:00,,,42.0
2026-02-02 02:00:00,49.3,98.0783462524414,1.0,"Divine healer's Church, Bethlehem",tabular,xgboost,h168,2026-01-04T23:00:00,2026-01-18T23:00:00,2026-02-15T23:00:00,,,42.0
2026-02-02 03:00:00,44.1,102.5036392211914,1.0,"Divine healer's Church, Bethlehem",tabular,xgboost,h168,2026-01-04T23:00:00,2026-01-18T23:00:00,2026-02-15T23:00:00,,,42.0
2026-02-02 04:00:00,41.6,99.6198501586914,1.0,"Divine healer's Church, Bethlehem",tabular,xgboost,h168,2026-01-04T23:00:00,2026-01-18T23:00:00,2026-02-15T23:00:00,,,42.0
2026-02-02 05:00:00,86.6,107.31803131103516,1.0,"Divine healer's Church, Bethlehem",tabular,xgboost,h168,2026-01-04T23:00:00,2026-01-18T23:00:00,2026-02-15T23:00:00,,,42.0
2026-02-02 06:00:00,70.5,111.85157012939453,1.0,"Divine healer's Church, Bethlehem",tabular,xgboost,h168,2026-01-04T23:00:00,2026-01-18T23:00:00,2026-02-15T23:00:00,,,42.0
2026-02-02 07:00:00,51.4,116.1320571899414,1.0,"Divine healer's Church, Bethlehem",tabular,xgboost,h168,2026-01-04T23:00:00,2026-01-18T23:00:00,2026-02-15T23:00:00,,,42.0
2026-02-02 08:00:00,44.1,112.28416442871094,1.0,"Divine healer's Church, Bethlehem",tabular,xgboost,h168,2026-01-04T23:00:00,2026-01-18T23:00:00,2026-02-15T23:00:00,,,42.0
2026-02-02 09:00:00,46.7,107.12345123291016,1.0,"Divine healer's Church, Bethlehem",tabular,xgboost,h168,2026-01-04T23:00:00,2026-01-18T23:00:00,2026-02-15T23:00:00,,,42.0
2026-02-02 10:00:00,47.1,108.60333251953125,1.0,"Divine healer's Church, Bethlehem",tabular,xgboost,h168,2026-01-04T23:00:00,2026-01-18T23:00:00,2026-02-15T23:00:00,,,42.0
2026-02-02 11:00:00,37.9,99.24333190917969,1.0,"Divine healer's Church, Bethlehem",tabular,xgboost,h168,2026-01-04T23:00:00,2026-01-18T23:00:00,2026-02-15T23:00:00,,,42.0
2026-02-02 12:00:00,33.2,99.7102279663086,1.0,"Divine healer's Church, Bethlehem",tabular,xgboost,h168,2026-01-04T23:00:00,2026-01-18T23:00:00,2026-02-15T23:00:00,,,42.0
2026-02-02 13:00:00,32.2,96.68138885498047,1.0,"Divine healer's Church, Bethlehem",tabular,xgboost,h168,2026-01-04T23:00:00,2026-01-18T23:00:00,2026-02-15T23:00:00,,,42.0
2026-02-02 14:00:00,33.4,92.3663558959961,1.0,"Divine healer's Church, Bethlehem",tabular,xgboost,h168,2026-01-04T23:00:00,2026-01-18T23:00:00,2026-02-15T23:00:00,,,42.0
2026-02-02 15:00:00,50.3,93.7578353881836,1.0,"Divine healer's Church, Bethlehem",tabular,xgboost,h168,2026-01-04T23:00:00,2026-01-18T23:00:00,2026-02-15T23:00:00,,,42.0
2026-02-02 16:00:00,56.0,89.71189880371094,1.0,"Divine healer's Church, Bethlehem",tabular,xgboost,h168,2026-01-04T23:00:00,2026-01-18T23:00:00,2026-02-15T23:00:00,,,42.0
2026-02-02 17:00:00,67.7,97.8237533569336,1.0,"Divine healer's Church, Bethlehem",tabular,xgboost,h168,2026-01-04T23:00:00,2026-01-18T23:00:00,2026-02-15T23:00:00,,,42.0
2026-02-02 18:00:00,57.3,100.51758575439453,1.0,"Divine healer's Church, Bethlehem",tabular,xgboost,h168,2026-01-04T23:00:00,2026-01-18T23:00:00,2026-02-15T23:00:00,,,42.0
2026-02-02 19:00:00,56.0,117.03746032714844,1.0,"Divine healer's Church, Bethlehem",tabular,xgboost,h168,2026-01-04T23:00:00,2026-01-18T23:00:00,2026-02-15T23:00:00,,,42.0
2026-02-02 20:00:00,47.3,110.59170532226562,1.0,"Divine healer's Church, Bethlehem",tabular,xgboost,h168,2026-01-04T23:00:00,2026-01-18T23:00:00,2026-02-15T23:00:00,,,42.0
2026-02-02 21:00:00,45.3,96.4259262084961,1.0,"Divine healer's Church, Bethlehem",tabular,xgboost,h168,2026-01-04T23:00:00,2026-01-18T23:00:00,2026-02-15T23:00:00,,,42.0
2026-02-02 22:00:00,45.4,98.16839599609375,1.0,"Divine healer's Church, Bethlehem",tabular,xgboost,h168,2026-01-04T23:00:00,2026-01-18T23:00:00,2026-02-15T23:00:00,,,42.0
2026-02-02 23:00:00,50.3,101.87754821777344,1.0,"Divine healer's Church, Bethlehem",tabular,xgboost,h168,2026-01-04T23:00:00,2026-01-18T23:00:00,2026-02-15T23:00:00,,,42.0
2026-02-03 00:00:00,51.6,113.0054702758789,1.0,"Divine healer's Church, Bethlehem",tabular,xgboost,h168,2026-01-04T23:00:00,2026-01-18T23:00:00,2026-02-15T23:00:00,,,42.0
2026-02-03 01:00:00,46.5,112.50977325439453,1.0,"Divine healer's Church, Bethlehem",tabular,xgboost,h168,2026-01-04T23:00:00,2026-01-18T23:00:00,2026-02-15T23:00:00,,,42.0
2026-02-03 02:00:00,42.5,102.0181884765625,1.0,"Divine healer's Church, Bethlehem",tabular,xgboost,h168,2026-01-04T23:00:00,2026-01-18T23:00:00,2026-02-15T23:00:00,,,42.0
2026-02-03 03:00:00,40.6,96.11503601074219,1.0,"Divine healer's Church, Bethlehem",tabular,xgboost,h168,2026-01-04T23:00:00,2026-01-18T23:00:00,2026-02-15T23:00:00,,,42.0
2026-02-03 04:00:00,44.3,99.7832260131836,1.0,"Divine healer's Church, Bethlehem",tabular,xgboost,h168,2026-01-04T23:00:00,2026-01-18T23:00:00,2026-02-15T23:00:00,,,42.0
2026-02-03 05:00:00,48.8,101.07232666015625,1.0,"Divine healer's Church, Bethlehem",tabular,xgboost,h168,2026-01-04T23:00:00,2026-01-18T23:00:00,2026-02-15T23:00:00,,,42.0
2026-02-03 06:00:00,46.9,118.28396606445312,1.0,"Divine healer's Church, Bethlehem",tabular,xgboost,h168,2026-01-04T23:00:00,2026-01-18T23:00:00,2026-02-15T23:00:00,,,42.0
2026-02-03 07:00:00,51.6,120.14961242675781,1.0,"Divine healer's Church, Bethlehem",tabular,xgboost,h168,2026-01-04T23:00:00,2026-01-18T23:00:00,2026-02-15T23:00:00,,,42.0
2026-02-03 08:00:00,102.3,117.31402587890625,1.0,"Divine healer's Church, Bethlehem",tabular,xgboost,h168,2026-01-04T23:00:00,2026-01-18T23:00:00,2026-02-15T23:00:00,,,42.0
2026-02-03 09:00:00,48.3,112.97306823730469,1.0,"Divine healer's Church, Bethlehem",tabular,xgboost,h168,2026-01-04T23:00:00,2026-01-18T23:00:00,2026-02-15T23:00:00,,,42.0
2026-02-03 10:00:00,45.4,120.82102966308594,1.0,"Divine healer's Church, Bethlehem",tabular,xgboost,h168,2026-01-04T23:00:00,2026-01-18T23:00:00,2026-02-15T23:00:00,,,42.0
2026-02-03 11:00:00,53.2,106.15714263916016,1.0,"Divine healer's Church, Bethlehem",tabular,xgboost,h168,2026-01-04T23:00:00,2026-01-18T23:00:00,2026-02-15T23:00:00,,,42.0
2026-02-03 12:00:00,43.9,108.7168960571289,1.0,"Divine healer's Church, Bethlehem",tabular,xgboost,h168,2026-01-04T23:00:00,2026-01-18T23:00:00,2026-02-15T23:00:00,,,42.0
2026-02-03 13:00:00,49.8,96.02687072753906,1.0,"Divine healer's Church, Bethlehem",tabular,xgboost,h168,2026-01-04T23:00:00,2026-01-18T23:00:00,2026-02-15T23:00:00,,,42.0
2026-02-03 14:00:00,38.6,99.40190887451172,1.0,"Divine healer's Church, Bethlehem",tabular,xgboost,h168,2026-01-04T23:00:00,2026-01-18T23:00:00,2026-02-15T23:00:00,,,42.0
2026-02-03 15:00:00,39.5,99.30181884765625,1.0,"Divine healer's Church, Bethlehem",tabular,xgboost,h168,2026-01-04T23:00:00,2026-01-18T23:00:00,2026-02-15T23:00:00,,,42.0
2026-02-03 16:00:00,44.0,92.36768341064453,1.0,"Divine healer's Church, Bethlehem",tabular,xgboost,h168,2026-01-04T23:00:00,2026-01-18T23:00:00,2026-02-15T23:00:00,,,42.0
2026-02-03 17:00:00,37.8,108.40924072265625,1.0,"Divine healer's Church, Bethlehem",tabular,xgboost,h168,2026-01-04T23:00:00,2026-01-18T23:00:00,2026-02-15T23:00:00,,,42.0
2026-02-03 18:00:00,48.7,111.80490112304688,1.0,"Divine healer's Church, Bethlehem",tabular,xgboost,h168,2026-01-04T23:00:00,2026-01-18T23:00:00,2026-02-15T23:00:00,,,42.0
2026-02-03 19:00:00,85.5,115.81631469726562,1.0,"Divine healer's Church, Bethlehem",tabular,xgboost,h168,2026-01-04T23:00:00,2026-01-18T23:00:00,2026-02-15T23:00:00,,,42.0
2026-02-03 20:00:00,81.4,103.68305206298828,1.0,"Divine healer's Church, Bethlehem",tabular,xgboost,h168,2026-01-04T23:00:00,2026-01-18T23:00:00,2026-02-15T23:00:00,,,42.0
2026-02-03 21:00:00,69.4,102.34848022460938,1.0,"Divine healer's Church, Bethlehem",tabular,xgboost,h168,2026-01-04T23:00:00,2026-01-18T23:00:00,2026-02-15T23:00:00,,,42.0
2026-02-03 22:00:00,49.3,107.6833267211914,1.0,"Divine healer's Church, Bethlehem",tabular,xgboost,h168,2026-01-04T23:00:00,2026-01-18T23:00:00,2026-02-15T23:00:00,,,42.0
2026-02-03 23:00:00,41.9,110.84016418457031,1.0,"Divine healer's Church, Bethlehem",tabular,xgboost,h168,2026-01-04T23:00:00,2026-01-18T23:00:00,2026-02-15T23:00:00,,,42.0
2026-02-04 00:00:00,45.7,104.71819305419922,1.0,"Divine healer's Church, Bethlehem",tabular,xgboost,h168,2026-01-04T23:00:00,2026-01-18T23:00:00,2026-02-15T23:00:00,,,42.0
2026-02-04 01:00:00,32.7,101.61221313476562,1.0,"Divine healer's Church, Bethlehem",tabular,xgboost,h168,2026-01-04T23:00:00,2026-01-18T23:00:00,2026-02-15T23:00:00,,,42.0
2026-02-04 02:00:00,33.7,91.23289489746094,1.0,"Divine healer's Church, Bethlehem",tabular,xgboost,h168,2026-01-04T23:00:00,2026-01-18T23:00:00,2026-02-15T23:00:00,,,42.0
2026-02-04 03:00:00,40.0,85.7120132446289,1.0,"Divine healer's Church, Bethlehem",tabular,xgboost,h168,2026-01-04T23:00:00,2026-01-18T23:00:00,2026-02-15T23:00:00,,,42.0
2026-02-04 04:00:00,69.5,88.9637222290039,1.0,"Divine healer's Church, Bethlehem",tabular,xgboost,h168,2026-01-04T23:00:00,2026-01-18T23:00:00,2026-02-15T23:00:00,,,42.0
2026-02-04 05:00:00,127.8,106.4466323852539,1.0,"Divine healer's Church, Bethlehem",tabular,xgboost,h168,2026-01-04T23:00:00,2026-01-18T23:00:00,2026-02-15T23:00:00,,,42.0
2026-02-04 06:00:00,142.9,116.14244842529297,1.0,"Divine healer's Church, Bethlehem",tabular,xgboost,h168,2026-01-04T23:00:00,2026-01-18T23:00:00,2026-02-15T23:00:00,,,42.0
2026-02-04 07:00:00,101.3,126.07344055175781,1.0,"Divine healer's Church, Bethlehem",tabular,xgboost,h168,2026-01-04T23:00:00,2026-01-18T23:00:00,2026-02-15T23:00:00,,,42.0
2026-02-04 08:00:00,100.3,115.0865478515625,1.0,"Divine healer's Church, Bethlehem",tabular,xgboost,h168,2026-01-04T23:00:00,2026-01-18T23:00:00,2026-02-15T23:00:00,,,42.0
2026-02-04 09:00:00,65.1,103.68975830078125,1.0,"Divine healer's Church, Bethlehem",tabular,xgboost,h168,2026-01-04T23:00:00,2026-01-18T23:00:00,2026-02-15T23:00:00,,,42.0
2026-02-04 10:00:00,76.5,96.14940643310547,1.0,"Divine healer's Church, Bethlehem",tabular,xgboost,h168,2026-01-04T23:00:00,2026-01-18T23:00:00,2026-02-15T23:00:00,,,42.0
2026-02-04 11:00:00,76.3,104.43680572509766,1.0,"Divine healer's Church, Bethlehem",tabular,xgboost,h168,2026-01-04T23:00:00,2026-01-18T23:00:00,2026-02-15T23:00:00,,,42.0
2026-02-04 12:00:00,47.7,103.48104095458984,1.0,"Divine healer's Church, Bethlehem",tabular,xgboost,h168,2026-01-04T23:00:00,2026-01-18T23:00:00,2026-02-15T23:00:00,,,42.0
2026-02-04 13:00:00,38.5,104.4733657836914,1.0,"Divine healer's Church, Bethlehem",tabular,xgboost,h168,2026-01-04T23:00:00,2026-01-18T23:00:00,2026-02-15T23:00:00,,,42.0
2026-02-04 14:00:00,36.0,102.12867736816406,1.0,"Divine healer's Church, Bethlehem",tabular,xgboost,h168,2026-01-04T23:00:00,2026-01-18T23:00:00,2026-02-15T23:00:00,,,42.0
2026-02-04 15:00:00,31.8,106.93455505371094,1.0,"Divine healer's Church, Bethlehem",tabular,xgboost,h168,2026-01-04T23:00:00,2026-01-18T23:00:00,2026-02-15T23:00:00,,,42.0
2026-02-04 16:00:00,31.1,103.18225860595703,1.0,"Divine healer's Church, Bethlehem",tabular,xgboost,h168,2026-01-04T23:00:00,2026-01-18T23:00:00,2026-02-15T23:00:00,,,42.0
2026-02-04 17:00:00,26.2,109.15524291992188,1.0,"Divine healer's Church, Bethlehem",tabular,xgboost,h168,2026-01-04T23:00:00,2026-01-18T23:00:00,2026-02-15T23:00:00,,,42.0
2026-02-04 18:00:00,31.7,118.53038787841797,1.0,"Divine healer's Church, Bethlehem",tabular,xgboost,h168,2026-01-04T23:00:00,2026-01-18T23:00:00,2026-02-15T23:00:00,,,42.0
2026-02-04 19:00:00,62.9,110.49807739257812,1.0,"Divine healer's Church, Bethlehem",tabular,xgboost,h168,2026-01-04T23:00:00,2026-01-18T23:00:00,2026-02-15T23:00:00,,,42.0
2026-02-04 20:00:00,26.0,106.28175354003906,1.0,"Divine healer's Church, Bethlehem",tabular,xgboost,h168,2026-01-04T23:00:00,2026-01-18T23:00:00,2026-02-15T23:00:00,,,42.0
2026-02-04 21:00:00,52.7,111.19717407226562,1.0,"Divine healer's Church, Bethlehem",tabular,xgboost,h168,2026-01-04T23:00:00,2026-01-18T23:00:00,2026-02-15T23:00:00,,,42.0
2026-02-04 22:00:00,51.5,102.82284545898438,1.0,"Divine healer's Church, Bethlehem",tabular,xgboost,h168,2026-01-04T23:00:00,2026-01-18T23:00:00,2026-02-15T23:00:00,,,42.0
2026-02-04 23:00:00,49.0,104.82738494873047,1.0,"Divine healer's Church, Bethlehem",tabular,xgboost,h168,2026-01-04T23:00:00,2026-01-18T23:00:00,2026-02-15T23:00:00,,,42.0
2026-02-05 00:00:00,42.6,114.33483123779297,1.0,"Divine healer's Church, Bethlehem",tabular,xgboost,h168,2026-01-04T23:00:00,2026-01-18T23:00:00,2026-02-15T23:00:00,,,42.0
2026-02-05 01:00:00,45.2,117.4428482055664,1.0,"Divine healer's Church, Bethlehem",tabular,xgboost,h168,2026-01-04T23:00:00,2026-01-18T23:00:00,2026-02-15T23:00:00,,,42.0
2026-02-05 02:00:00,56.6,108.9292221069336,1.0,"Divine healer's Church, Bethlehem",tabular,xgboost,h168,2026-01-04T23:00:00,2026-01-18T23:00:00,2026-02-15T23:00:00,,,42.0
2026-02-05 03:00:00,45.1,106.14549255371094,1.0,"Divine healer's Church, Bethlehem",tabular,xgboost,h168,2026-01-04T23:00:00,2026-01-18T23:00:00,2026-02-15T23:00:00,,,42.0
2026-02-05 04:00:00,40.7,104.93109130859375,1.0,"Divine healer's Church, Bethlehem",tabular,xgboost,h168,2026-01-04T23:00:00,2026-01-18T23:00:00,2026-02-15T23:00:00,,,42.0
2026-02-05 05:00:00,39.8,102.3328857421875,1.0,"Divine healer's Church, Bethlehem",tabular,xgboost,h168,2026-01-04T23:00:00,2026-01-18T23:00:00,2026-02-15T23:00:00,,,42.0
2026-02-05 06:00:00,42.9,115.90885925292969,1.0,"Divine healer's Church, Bethlehem",tabular,xgboost,h168,2026-01-04T23:00:00,2026-01-18T23:00:00,2026-02-15T23:00:00,,,42.0
2026-02-05 07:00:00,37.1,120.47777557373047,1.0,"Divine healer's Church, Bethlehem",tabular,xgboost,h168,2026-01-04T23:00:00,2026-01-18T23:00:00,2026-02-15T23:00:00,,,42.0
2026-02-05 08:00:00,27.3,121.4647216796875,1.0,"Divine healer's Church, Bethlehem",tabular,xgboost,h168,2026-01-04T23:00:00,2026-01-18T23:00:00,2026-02-15T23:00:00,,,42.0
2026-02-05 09:00:00,17.9,117.45840454101562,1.0,"Divine healer's Church, Bethlehem",tabular,xgboost,h168,2026-01-04T23:00:00,2026-01-18T23:00:00,2026-02-15T23:00:00,,,42.0
2026-02-05 10:00:00,16.8,110.643798828125,1.0,"Divine healer's Church, Bethlehem",tabular,xgboost,h168,2026-01-04T23:00:00,2026-01-18T23:00:00,2026-02-15T23:00:00,,,42.0
2026-02-05 11:00:00,21.1,103.8986587524414,1.0,"Divine healer's Church, Bethlehem",tabular,xgboost,h168,2026-01-04T23:00:00,2026-01-18T23:00:00,2026-02-15T23:00:00,,,42.0
2026-02-05 12:00:00,28.6,97.54624938964844,1.0,"Divine healer's Church, Bethlehem",tabular,xgboost,h168,2026-01-04T23:00:00,2026-01-18T23:00:00,2026-02-15T23:00:00,,,42.0
2026-02-05 13:00:00,28.8,100.98871612548828,1.0,"Divine healer's Church, Bethlehem",tabular,xgboost,h168,2026-01-04T23:00:00,2026-01-18T23:00:00,2026-02-15T23:00:00,,,42.0
2026-02-05 14:00:00,24.5,106.90605163574219,1.0,"Divine healer's Church, Bethlehem",tabular,xgboost,h168,2026-01-04T23:00:00,2026-01-18T23:00:00,2026-02-15T23:00:00,,,42.0
2026-02-05 15:00:00,29.0,113.58160400390625,1.0,"Divine healer's Church, Bethlehem",tabular,xgboost,h168,2026-01-04T23:00:00,2026-01-18T23:00:00,2026-02-15T23:00:00,,,42.0
2026-02-05 16:00:00,38.0,113.41311645507812,1.0,"Divine healer's Church, Bethlehem",tabular,xgboost,h168,2026-01-04T23:00:00,2026-01-18T23:00:00,2026-02-15T23:00:00,,,42.0
2026-02-05 17:00:00,38.1,112.68488311767578,1.0,"Divine healer's Church, Bethlehem",tabular,xgboost,h168,2026-01-04T23:00:00,2026-01-18T23:00:00,2026-02-15T23:00:00,,,42.0
2026-02-05 18:00:00,40.7,114.01253509521484,1.0,"Divine healer's Church, Bethlehem",tabular,xgboost,h168,2026-01-04T23:00:00,2026-01-18T23:00:00,2026-02-15T23:00:00,,,42.0
2026-02-05 19:00:00,40.7,114.49478912353516,1.0,"Divine healer's Church, Bethlehem",tabular,xgboost,h168,2026-01-04T23:00:00,2026-01-18T23:00:00,2026-02-15T23:00:00,,,42.0
2026-02-05 20:00:00,35.2,102.49999237060547,1.0,"Divine healer's Church, Bethlehem",tabular,xgboost,h168,2026-01-04T23:00:00,2026-01-18T23:00:00,2026-02-15T23:00:00,,,42.0
2026-02-05 21:00:00,33.2,105.29240417480469,1.0,"Divine healer's Church, Bethlehem",tabular,xgboost,h168,2026-01-04T23:00:00,2026-01-18T23:00:00,2026-02-15T23:00:00,,,42.0
2026-02-05 22:00:00,37.1,106.91874694824219,1.0,"Divine healer's Church, Bethlehem",tabular,xgboost,h168,2026-01-04T23:00:00,2026-01-18T23:00:00,2026-02-15T23:00:00,,,42.0
2026-02-05 23:00:00,30.7,112.43900299072266,1.0,"Divine healer's Church, Bethlehem",tabular,xgboost,h168,2026-01-04T23:00:00,2026-01-18T23:00:00,2026-02-15T23:00:00,,,42.0
2026-02-06 00:00:00,27.7,108.2747802734375,1.0,"Divine healer's Church, Bethlehem",tabular,xgboost,h168,2026-01-04T23:00:00,2026-01-18T23:00:00,2026-02-15T23:00:00,,,42.0
2026-02-06 01:00:00,28.3,102.05670928955078,1.0,"Divine healer's Church, Bethlehem",tabular,xgboost,h168,2026-01-04T23:00:00,2026-01-18T23:00:00,2026-02-15T23:00:00,,,42.0
2026-02-06 02:00:00,31.6,102.51438903808594,1.0,"Divine healer's Church, Bethlehem",tabular,xgboost,h168,2026-01-04T23:00:00,2026-01-18T23:00:00,2026-02-15T23:00:00,,,42.0
2026-02-06 03:00:00,35.2,99.16615295410156,1.0,"Divine healer's Church, Bethlehem",tabular,xgboost,h168,2026-01-04T23:00:00,2026-01-18T23:00:00,2026-02-15T23:00:00,,,42.0
2026-02-06 04:00:00,44.2,102.69706726074219,1.0,"Divine healer's Church, Bethlehem",tabular,xgboost,h168,2026-01-04T23:00:00,2026-01-18T23:00:00,2026-02-15T23:00:00,,,42.0
2026-02-06 05:00:00,65.2,113.85125732421875,1.0,"Divine healer's Church, Bethlehem",tabular,xgboost,h168,2026-01-04T23:00:00,2026-01-18T23:00:00,2026-02-15T23:00:00,,,42.0
2026-02-06 06:00:00,98.6,111.84739685058594,1.0,"Divine healer's Church, Bethlehem",tabular,xgboost,h168,2026-01-04T23:00:00,2026-01-18T23:00:00,2026-02-15T23:00:00,,,42.0
2026-02-06 07:00:00,52.2,114.45247650146484,1.0,"Divine healer's Church, Bethlehem",tabular,xgboost,h168,2026-01-04T23:00:00,2026-01-18T23:00:00,2026-02-15T23:00:00,,,42.0
2026-02-06 08:00:00,39.3,110.22698211669922,1.0,"Divine healer's Church, Bethlehem",tabular,xgboost,h168,2026-01-04T23:00:00,2026-01-18T23:00:00,2026-02-15T23:00:00,,,42.0
2026-02-06 09:00:00,33.9,110.58988189697266,1.0,"Divine healer's Church, Bethlehem",tabular,xgboost,h168,2026-01-04T23:00:00,2026-01-18T23:00:00,2026-02-15T23:00:00,,,42.0
2026-02-06 10:00:00,41.2,110.9227523803711,1.0,"Divine healer's Church, Bethlehem",tabular,xgboost,h168,2026-01-04T23:00:00,2026-01-18T23:00:00,2026-02-15T23:00:00,,,42.0
2026-02-06 11:00:00,33.0,105.00070190429688,1.0,"Divine healer's Church, Bethlehem",tabular,xgboost,h168,2026-01-04T23:00:00,2026-01-18T23:00:00,2026-02-15T23:00:00,,,42.0
2026-02-06 12:00:00,31.2,122.70875549316406,1.0,"Divine healer's Church, Bethlehem",tabular,xgboost,h168,2026-01-04T23:00:00,2026-01-18T23:00:00,2026-02-15T23:00:00,,,42.0
2026-02-06 13:00:00,32.2,114.90950012207031,1.0,"Divine healer's Church, Bethlehem",tabular,xgboost,h168,2026-01-04T23:00:00,2026-01-18T23:00:00,2026-02-15T23:00:00,,,42.0
2026-02-06 14:00:00,27.2,101.9708023071289,1.0,"Divine healer's Church, Bethlehem",tabular,xgboost,h168,2026-01-04T23:00:00,2026-01-18T23:00:00,2026-02-15T23:00:00,,,42.0
2026-02-06 15:00:00,26.2,111.57893371582031,1.0,"Divine healer's Church, Bethlehem",tabular,xgboost,h168,2026-01-04T23:00:00,2026-01-18T23:00:00,2026-02-15T23:00:00,,,42.0
2026-02-06 16:00:00,26.2,109.18120574951172,1.0,"Divine healer's Church, Bethlehem",tabular,xgboost,h168,2026-01-04T23:00:00,2026-01-18T23:00:00,2026-02-15T23:00:00,,,42.0
2026-02-06 17:00:00,29.4,118.59009552001953,1.0,"Divine healer's Church, Bethlehem",tabular,xgboost,h168,2026-01-04T23:00:00,2026-01-18T23:00:00,2026-02-15T23:00:00,,,42.0
2026-02-06 18:00:00,34.0,113.00443267822266,1.0,"Divine healer's Church, Bethlehem",tabular,xgboost,h168,2026-01-04T23:00:00,2026-01-18T23:00:00,2026-02-15T23:00:00,,,42.0
2026-02-06 19:00:00,38.5,114.93106079101562,1.0,"Divine healer's Church, Bethlehem",tabular,xgboost,h168,2026-01-04T23:00:00,2026-01-18T23:00:00,2026-02-15T23:00:00,,,42.0
2026-02-06 20:00:00,34.5,116.083984375,1.0,"Divine healer's Church, Bethlehem",tabular,xgboost,h168,2026-01-04T23:00:00,2026-01-18T23:00:00,2026-02-15T23:00:00,,,42.0
2026-02-06 21:00:00,51.0,115.92616271972656,1.0,"Divine healer's Church, Bethlehem",tabular,xgboost,h168,2026-01-04T23:00:00,2026-01-18T23:00:00,2026-02-15T23:00:00,,,42.0
2026-02-06 22:00:00,33.3,104.13638305664062,1.0,"Divine healer's Church, Bethlehem",tabular,xgboost,h168,2026-01-04T23:00:00,2026-01-18T23:00:00,2026-02-15T23:00:00,,,42.0
2026-02-06 23:00:00,35.8,109.63798522949219,1.0,"Divine healer's Church, Bethlehem",tabular,xgboost,h168,2026-01-04T23:00:00,2026-01-18T23:00:00,2026-02-15T23:00:00,,,42.0
2026-02-07 00:00:00,36.3,116.19561767578125,1.0,"Divine healer's Church, Bethlehem",tabular,xgboost,h168,2026-01-04T23:00:00,2026-01-18T23:00:00,2026-02-15T23:00:00,,,42.0
2026-02-07 01:00:00,41.7,114.162109375,1.0,"Divine healer's Church, Bethlehem",tabular,xgboost,h168,2026-01-04T23:00:00,2026-01-18T23:00:00,2026-02-15T23:00:00,,,42.0
2026-02-07 02:00:00,40.6,113.14519500732422,1.0,"Divine healer's Church, Bethlehem",tabular,xgboost,h168,2026-01-04T23:00:00,2026-01-18T23:00:00,2026-02-15T23:00:00,,,42.0
2026-02-07 03:00:00,39.1,108.07210540771484,1.0,"Divine healer's Church, Bethlehem",tabular,xgboost,h168,2026-01-04T23:00:00,2026-01-18T23:00:00,2026-02-15T23:00:00,,,42.0
2026-02-07 04:00:00,45.0,106.95600128173828,1.0,"Divine healer's Church, Bethlehem",tabular,xgboost,h168,2026-01-04T23:00:00,2026-01-18T23:00:00,2026-02-15T23:00:00,,,42.0
2026-02-07 05:00:00,53.4,112.69185638427734,1.0,"Divine healer's Church, Bethlehem",tabular,xgboost,h168,2026-01-04T23:00:00,2026-01-18T23:00:00,2026-02-15T23:00:00,,,42.0
2026-02-07 06:00:00,63.8,126.80164337158203,1.0,"Divine healer's Church, Bethlehem",tabular,xgboost,h168,2026-01-04T23:00:00,2026-01-18T23:00:00,2026-02-15T23:00:00,,,42.0
2026-02-07 07:00:00,59.9,121.67010498046875,1.0,"Divine healer's Church, Bethlehem",tabular,xgboost,h168,2026-01-04T23:00:00,2026-01-18T23:00:00,2026-02-15T23:00:00,,,42.0
2026-02-07 08:00:00,38.6,113.33076477050781,1.0,"Divine healer's Church, Bethlehem",tabular,xgboost,h168,2026-01-04T23:00:00,2026-01-18T23:00:00,2026-02-15T23:00:00,,,42.0
2026-02-07 09:00:00,43.7,125.50222778320312,1.0,"Divine healer's Church, Bethlehem",tabular,xgboost,h168,2026-01-04T23:00:00,2026-01-18T23:00:00,2026-02-15T23:00:00,,,42.0
2026-02-07 10:00:00,46.7,124.61396789550781,1.0,"Divine healer's Church, Bethlehem",tabular,xgboost,h168,2026-01-04T23:00:00,2026-01-18T23:00:00,2026-02-15T23:00:00,,,42.0
2026-02-07 11:00:00,60.3,124.42333221435547,1.0,"Divine healer's Church, Bethlehem",tabular,xgboost,h168,2026-01-04T23:00:00,2026-01-18T23:00:00,2026-02-15T23:00:00,,,42.0
2026-02-07 12:00:00,31.3,110.50083923339844,1.0,"Divine healer's Church, Bethlehem",tabular,xgboost,h168,2026-01-04T23:00:00,2026-01-18T23:00:00,2026-02-15T23:00:00,,,42.0
2026-02-07 13:00:00,23.3,105.18643951416016,1.0,"Divine healer's Church, Bethlehem",tabular,xgboost,h168,2026-01-04T23:00:00,2026-01-18T23:00:00,2026-02-15T23:00:00,,,42.0
2026-02-07 14:00:00,28.3,100.10541534423828,1.0,"Divine healer's Church, Bethlehem",tabular,xgboost,h168,2026-01-04T23:00:00,2026-01-18T23:00:00,2026-02-15T23:00:00,,,42.0
2026-02-07 15:00:00,48.1,110.52739715576172,1.0,"Divine healer's Church, Bethlehem",tabular,xgboost,h168,2026-01-04T23:00:00,2026-01-18T23:00:00,2026-02-15T23:00:00,,,42.0
2026-02-07 16:00:00,28.8,109.97085571289062,1.0,"Divine healer's Church, Bethlehem",tabular,xgboost,h168,2026-01-04T23:00:00,2026-01-18T23:00:00,2026-02-15T23:00:00,,,42.0
2026-02-07 17:00:00,44.3,102.24921417236328,1.0,"Divine healer's Church, Bethlehem",tabular,xgboost,h168,2026-01-04T23:00:00,2026-01-18T23:00:00,2026-02-15T23:00:00,,,42.0
2026-02-07 18:00:00,72.7,109.86841583251953,1.0,"Divine healer's Church, Bethlehem",tabular,xgboost,h168,2026-01-04T23:00:00,2026-01-18T23:00:00,2026-02-15T23:00:00,,,42.0
2026-02-07 19:00:00,46.1,123.78449249267578,1.0,"Divine healer's Church, Bethlehem",tabular,xgboost,h168,2026-01-04T23:00:00,2026-01-18T23:00:00,2026-02-15T23:00:00,,,42.0
2026-02-07 20:00:00,36.5,120.42030334472656,1.0,"Divine healer's Church, Bethlehem",tabular,xgboost,h168,2026-01-04T23:00:00,2026-01-18T23:00:00,2026-02-15T23:00:00,,,42.0
2026-02-07 21:00:00,41.8,116.23551177978516,1.0,"Divine healer's Church, Bethlehem",tabular,xgboost,h168,2026-01-04T23:00:00,2026-01-18T23:00:00,2026-02-15T23:00:00,,,42.0
2026-02-07 22:00:00,44.5,102.63724517822266,1.0,"Divine healer's Church, Bethlehem",tabular,xgboost,h168,2026-01-04T23:00:00,2026-01-18T23:00:00,2026-02-15T23:00:00,,,42.0
2026-02-07 23:00:00,38.4,105.62169647216797,1.0,"Divine healer's Church, Bethlehem",tabular,xgboost,h168,2026-01-04T23:00:00,2026-01-18T23:00:00,2026-02-15T23:00:00,,,42.0
2026-02-08 00:00:00,37.6,110.3071517944336,1.0,"Divine healer's Church, Bethlehem",tabular,xgboost,h168,2026-01-04T23:00:00,2026-01-18T23:00:00,2026-02-15T23:00:00,,,42.0
2026-02-08 01:00:00,39.8,117.3044662475586,1.0,"Divine healer's Church, Bethlehem",tabular,xgboost,h168,2026-01-04T23:00:00,2026-01-18T23:00:00,2026-02-15T23:00:00,,,42.0
2026-02-08 02:00:00,31.4,117.53717041015625,1.0,"Divine healer's Church, Bethlehem",tabular,xgboost,h168,2026-01-04T23:00:00,2026-01-18T23:00:00,2026-02-15T23:00:00,,,42.0
2026-02-08 03:00:00,39.7,109.56351470947266,1.0,"Divine healer's Church, Bethlehem",tabular,xgboost,h168,2026-01-04T23:00:00,2026-01-18T23:00:00,2026-02-15T23:00:00,,,42.0
2026-02-08 04:00:00,46.8,110.21907806396484,1.0,"Divine healer's Church, Bethlehem",tabular,xgboost,h168,2026-01-04T23:00:00,2026-01-18T23:00:00,2026-02-15T23:00:00,,,42.0
2026-02-08 05:00:00,67.9,109.56221008300781,1.0,"Divine healer's Church, Bethlehem",tabular,xgboost,h168,2026-01-04T23:00:00,2026-01-18T23:00:00,2026-02-15T23:00:00,,,42.0
2026-02-08 06:00:00,77.5,113.44864654541016,1.0,"Divine healer's Church, Bethlehem",tabular,xgboost,h168,2026-01-04T23:00:00,2026-01-18T23:00:00,2026-02-15T23:00:00,,,42.0
2026-02-08 07:00:00,58.6,128.34701538085938,1.0,"Divine healer's Church, Bethlehem",tabular,xgboost,h168,2026-01-04T23:00:00,2026-01-18T23:00:00,2026-02-15T23:00:00,,,42.0
2026-02-08 08:00:00,49.4,129.3557891845703,1.0,"Divine healer's Church, Bethlehem",tabular,xgboost,h168,2026-01-04T23:00:00,2026-01-18T23:00:00,2026-02-15T23:00:00,,,42.0
2026-02-08 09:00:00,44.0,116.80995178222656,1.0,"Divine healer's Church, Bethlehem",tabular,xgboost,h168,2026-01-04T23:00:00,2026-01-18T23:00:00,2026-02-15T23:00:00,,,42.0
2026-02-08 10:00:00,37.2,110.69754791259766,1.0,"Divine healer's Church, Bethlehem",tabular,xgboost,h168,2026-01-04T23:00:00,2026-01-18T23:00:00,2026-02-15T23:00:00,,,42.0
2026-02-08 11:00:00,38.4,131.4629364013672,1.0,"Divine healer's Church, Bethlehem",tabular,xgboost,h168,2026-01-04T23:00:00,2026-01-18T23:00:00,2026-02-15T23:00:00,,,42.0
2026-02-08 12:00:00,30.8,145.15650939941406,1.0,"Divine healer's Church, Bethlehem",tabular,xgboost,h168,2026-01-04T23:00:00,2026-01-18T23:00:00,2026-02-15T23:00:00,,,42.0
2026-02-08 13:00:00,31.9,129.02345275878906,1.0,"Divine healer's Church, Bethlehem",tabular,xgboost,h168,2026-01-04T23:00:00,2026-01-18T23:00:00,2026-02-15T23:00:00,,,42.0
2026-02-08 14:00:00,34.3,130.91746520996094,1.0,"Divine healer's Church, Bethlehem",tabular,xgboost,h168,2026-01-04T23:00:00,2026-01-18T23:00:00,2026-02-15T23:00:00,,,42.0
2026-02-08 15:00:00,33.6,122.65428924560547,1.0,"Divine healer's Church, Bethlehem",tabular,xgboost,h168,2026-01-04T23:00:00,2026-01-18T23:00:00,2026-02-15T23:00:00,,,42.0
2026-02-08 16:00:00,42.4,141.07237243652344,1.0,"Divine healer's Church, Bethlehem",tabular,xgboost,h168,2026-01-04T23:00:00,2026-01-18T23:00:00,2026-02-15T23:00:00,,,42.0
2026-02-08 17:00:00,63.8,127.7437515258789,1.0,"Divine healer's Church, Bethlehem",tabular,xgboost,h168,2026-01-04T23:00:00,2026-01-18T23:00:00,2026-02-15T23:00:00,,,42.0
2026-02-08 18:00:00,47.3,138.18426513671875,1.0,"Divine healer's Church, Bethlehem",tabular,xgboost,h168,2026-01-04T23:00:00,2026-01-18T23:00:00,2026-02-15T23:00:00,,,42.0
2026-02-08 19:00:00,51.0,128.68370056152344,1.0,"Divine healer's Church, Bethlehem",tabular,xgboost,h168,2026-01-04T23:00:00,2026-01-18T23:00:00,2026-02-15T23:00:00,,,42.0
2026-02-08 20:00:00,39.1,112.00836944580078,1.0,"Divine healer's Church, Bethlehem",tabular,xgboost,h168,2026-01-04T23:00:00,2026-01-18T23:00:00,2026-02-15T23:00:00,,,42.0
2026-02-08 21:00:00,40.5,109.87643432617188,1.0,"Divine healer's Church, Bethlehem",tabular,xgboost,h168,2026-01-04T23:00:00,2026-01-18T23:00:00,2026-02-15T23:00:00,,,42.0
2026-02-08 22:00:00,53.5,109.2125473022461,1.0,"Divine healer's Church, Bethlehem",tabular,xgboost,h168,2026-01-04T23:00:00,2026-01-18T23:00:00,2026-02-15T23:00:00,,,42.0
2026-02-08 23:00:00,56.3,117.99401092529297,1.0,"Divine healer's Church, Bethlehem",tabular,xgboost,h168,2026-01-04T23:00:00,2026-01-18T23:00:00,2026-02-15T23:00:00,,,42.0
2026-02-09 00:00:00,41.2,124.8204345703125,1.0,"Divine healer's Church, Bethlehem",tabular,xgboost,h168,2026-01-04T23:00:00,2026-01-18T23:00:00,2026-02-15T23:00:00,,,42.0
2026-02-09 01:00:00,36.3,119.61031341552734,1.0,"Divine healer's Church, Bethlehem",tabular,xgboost,h168,2026-01-04T23:00:00,2026-01-18T23:00:00,2026-02-15T23:00:00,,,42.0
2026-02-09 02:00:00,35.1,119.55899810791016,1.0,"Divine healer's Church, Bethlehem",tabular,xgboost,h168,2026-01-04T23:00:00,2026-01-18T23:00:00,2026-02-15T23:00:00,,,42.0
2026-02-09 03:00:00,34.7,118.89373779296875,1.0,"Divine healer's Church, Bethlehem",tabular,xgboost,h168,2026-01-04T23:00:00,2026-01-18T23:00:00,2026-02-15T23:00:00,,,42.0
2026-02-09 04:00:00,33.5,110.43112182617188,1.0,"Divine healer's Church, Bethlehem",tabular,xgboost,h168,2026-01-04T23:00:00,2026-01-18T23:00:00,2026-02-15T23:00:00,,,42.0
2026-02-09 05:00:00,46.4,116.55364227294922,1.0,"Divine healer's Church, Bethlehem",tabular,xgboost,h168,2026-01-04T23:00:00,2026-01-18T23:00:00,2026-02-15T23:00:00,,,42.0
2026-02-09 06:00:00,50.3,126.58824157714844,1.0,"Divine healer's Church, Bethlehem",tabular,xgboost,h168,2026-01-04T23:00:00,2026-01-18T23:00:00,2026-02-15T23:00:00,,,42.0
2026-02-09 07:00:00,42.0,131.1564483642578,1.0,"Divine healer's Church, Bethlehem",tabular,xgboost,h168,2026-01-04T23:00:00,2026-01-18T23:00:00,2026-02-15T23:00:00,,,42.0
2026-02-09 08:00:00,35.3,116.30438232421875,1.0,"Divine healer's Church, Bethlehem",tabular,xgboost,h168,2026-01-04T23:00:00,2026-01-18T23:00:00,2026-02-15T23:00:00,,,42.0
2026-02-09 09:00:00,33.4,105.53058624267578,1.0,"Divine healer's Church, Bethlehem",tabular,xgboost,h168,2026-01-04T23:00:00,2026-01-18T23:00:00,2026-02-15T23:00:00,,,42.0
2026-02-09 10:00:00,31.5,98.64904022216797,1.0,"Divine healer's Church, Bethlehem",tabular,xgboost,h168,2026-01-04T23:00:00,2026-01-18T23:00:00,2026-02-15T23:00:00,,,42.0
2026-02-09 11:00:00,35.3,107.15106964111328,1.0,"Divine healer's Church, Bethlehem",tabular,xgboost,h168,2026-01-04T23:00:00,2026-01-18T23:00:00,2026-02-15T23:00:00,,,42.0
2026-02-09 12:00:00,28.7,136.37298583984375,1.0,"Divine healer's Church, Bethlehem",tabular,xgboost,h168,2026-01-04T23:00:00,2026-01-18T23:00:00,2026-02-15T23:00:00,,,42.0
2026-02-09 13:00:00,25.3,121.3770523071289,1.0,"Divine healer's Church, Bethlehem",tabular,xgboost,h168,2026-01-04T23:00:00,2026-01-18T23:00:00,2026-02-15T23:00:00,,,42.0
2026-02-09 14:00:00,24.6,131.62339782714844,1.0,"Divine healer's Church, Bethlehem",tabular,xgboost,h168,2026-01-04T23:00:00,2026-01-18T23:00:00,2026-02-15T23:00:00,,,42.0
2026-02-09 15:00:00,23.9,122.02273559570312,1.0,"Divine healer's Church, Bethlehem",tabular,xgboost,h168,2026-01-04T23:00:00,2026-01-18T23:00:00,2026-02-15T23:00:00,,,42.0
2026-02-09 16:00:00,28.6,120.72000122070312,1.0,"Divine healer's Church, Bethlehem",tabular,xgboost,h168,2026-01-04T23:00:00,2026-01-18T23:00:00,2026-02-15T23:00:00,,,42.0
2026-02-09 17:00:00,37.8,112.7844467163086,1.0,"Divine healer's Church, Bethlehem",tabular,xgboost,h168,2026-01-04T23:00:00,2026-01-18T23:00:00,2026-02-15T23:00:00,,,42.0
2026-02-09 18:00:00,44.7,113.33644104003906,1.0,"Divine healer's Church, Bethlehem",tabular,xgboost,h168,2026-01-04T23:00:00,2026-01-18T23:00:00,2026-02-15T23:00:00,,,42.0
2026-02-09 19:00:00,53.9,118.7745361328125,1.0,"Divine healer's Church, Bethlehem",tabular,xgboost,h168,2026-01-04T23:00:00,2026-01-18T23:00:00,2026-02-15T23:00:00,,,42.0
2026-02-09 20:00:00,37.9,115.50811004638672,1.0,"Divine healer's Church, Bethlehem",tabular,xgboost,h168,2026-01-04T23:00:00,2026-01-18T23:00:00,2026-02-15T23:00:00,,,42.0
2026-02-09 21:00:00,30.6,104.55510711669922,1.0,"Divine healer's Church, Bethlehem",tabular,xgboost,h168,2026-01-04T23:00:00,2026-01-18T23:00:00,2026-02-15T23:00:00,,,42.0
2026-02-09 22:00:00,34.5,104.56017303466797,1.0,"Divine healer's Church, Bethlehem",tabular,xgboost,h168,2026-01-04T23:00:00,2026-01-18T23:00:00,2026-02-15T23:00:00,,,42.0
2026-02-09 23:00:00,33.9,114.20327758789062,1.0,"Divine healer's Church, Bethlehem",tabular,xgboost,h168,2026-01-04T23:00:00,2026-01-18T23:00:00,2026-02-15T23:00:00,,,42.0
2026-02-10 00:00:00,36.7,122.89575958251953,1.0,"Divine healer's Church, Bethlehem",tabular,xgboost,h168,2026-01-04T23:00:00,2026-01-18T23:00:00,2026-02-15T23:00:00,,,42.0
2026-02-10 01:00:00,28.1,114.64593505859375,1.0,"Divine healer's Church, Bethlehem",tabular,xgboost,h168,2026-01-04T23:00:00,2026-01-18T23:00:00,2026-02-15T23:00:00,,,42.0
2026-02-10 02:00:00,31.3,109.31227111816406,1.0,"Divine healer's Church, Bethlehem",tabular,xgboost,h168,2026-01-04T23:00:00,2026-01-18T23:00:00,2026-02-15T23:00:00,,,42.0
2026-02-10 03:00:00,16.0,106.46049499511719,1.0,"Divine healer's Church, Bethlehem",tabular,xgboost,h168,2026-01-04T23:00:00,2026-01-18T23:00:00,2026-02-15T23:00:00,,,42.0
2026-02-10 04:00:00,40.3,113.80343627929688,1.0,"Divine healer's Church, Bethlehem",tabular,xgboost,h168,2026-01-04T23:00:00,2026-01-18T23:00:00,2026-02-15T23:00:00,,,42.0
2026-02-10 05:00:00,106.4,113.89942169189453,1.0,"Divine healer's Church, Bethlehem",tabular,xgboost,h168,2026-01-04T23:00:00,2026-01-18T23:00:00,2026-02-15T23:00:00,,,42.0
2026-02-10 06:00:00,47.0,115.91222381591797,1.0,"Divine healer's Church, Bethlehem",tabular,xgboost,h168,2026-01-04T23:00:00,2026-01-18T23:00:00,2026-02-15T23:00:00,,,42.0
2026-02-10 07:00:00,44.0,121.41609191894531,1.0,"Divine healer's Church, Bethlehem",tabular,xgboost,h168,2026-01-04T23:00:00,2026-01-18T23:00:00,2026-02-15T23:00:00,,,42.0
2026-02-10 08:00:00,34.5,111.80044555664062,1.0,"Divine healer's Church, Bethlehem",tabular,xgboost,h168,2026-01-04T23:00:00,2026-01-18T23:00:00,2026-02-15T23:00:00,,,42.0
2026-02-10 09:00:00,41.2,118.47686004638672,1.0,"Divine healer's Church, Bethlehem",tabular,xgboost,h168,2026-01-04T23:00:00,2026-01-18T23:00:00,2026-02-15T23:00:00,,,42.0
2026-02-10 10:00:00,47.9,108.03313446044922,1.0,"Divine healer's Church, Bethlehem",tabular,xgboost,h168,2026-01-04T23:00:00,2026-01-18T23:00:00,2026-02-15T23:00:00,,,42.0
2026-02-10 11:00:00,46.9,110.64585876464844,1.0,"Divine healer's Church, Bethlehem",tabular,xgboost,h168,2026-01-04T23:00:00,2026-01-18T23:00:00,2026-02-15T23:00:00,,,42.0
2026-02-10 12:00:00,34.3,103.43934631347656,1.0,"Divine healer's Church, Bethlehem",tabular,xgboost,h168,2026-01-04T23:00:00,2026-01-18T23:00:00,2026-02-15T23:00:00,,,42.0
2026-02-10 13:00:00,35.6,124.1441879272461,1.0,"Divine healer's Church, Bethlehem",tabular,xgboost,h168,2026-01-04T23:00:00,2026-01-18T23:00:00,2026-02-15T23:00:00,,,42.0
2026-02-10 14:00:00,31.4,124.05823516845703,1.0,"Divine healer's Church, Bethlehem",tabular,xgboost,h168,2026-01-04T23:00:00,2026-01-18T23:00:00,2026-02-15T23:00:00,,,42.0
2026-02-10 15:00:00,40.3,118.865966796875,1.0,"Divine healer's Church, Bethlehem",tabular,xgboost,h168,2026-01-04T23:00:00,2026-01-18T23:00:00,2026-02-15T23:00:00,,,42.0
2026-02-10 16:00:00,33.0,103.79357147216797,1.0,"Divine healer's Church, Bethlehem",tabular,xgboost,h168,2026-01-04T23:00:00,2026-01-18T23:00:00,2026-02-15T23:00:00,,,42.0
2026-02-10 17:00:00,47.1,103.88446807861328,1.0,"Divine healer's Church, Bethlehem",tabular,xgboost,h168,2026-01-04T23:00:00,2026-01-18T23:00:00,2026-02-15T23:00:00,,,42.0
2026-02-10 18:00:00,18.5,121.95496368408203,1.0,"Divine healer's Church, Bethlehem",tabular,xgboost,h168,2026-01-04T23:00:00,2026-01-18T23:00:00,2026-02-15T23:00:00,,,42.0
2026-02-10 19:00:00,21.0,112.6011734008789,1.0,"Divine healer's Church, Bethlehem",tabular,xgboost,h168,2026-01-04T23:00:00,2026-01-18T23:00:00,2026-02-15T23:00:00,,,42.0
2026-02-10 20:00:00,27.2,107.7755355834961,1.0,"Divine healer's Church, Bethlehem",tabular,xgboost,h168,2026-01-04T23:00:00,2026-01-18T23:00:00,2026-02-15T23:00:00,,,42.0
2026-02-10 21:00:00,15.6,103.61442565917969,1.0,"Divine healer's Church, Bethlehem",tabular,xgboost,h168,2026-01-04T23:00:00,2026-01-18T23:00:00,2026-02-15T23:00:00,,,42.0
2026-02-10 22:00:00,9.7,96.99445343017578,1.0,"Divine healer's Church, Bethlehem",tabular,xgboost,h168,2026-01-04T23:00:00,2026-01-18T23:00:00,2026-02-15T23:00:00,,,42.0
2026-02-10 23:00:00,9.3,105.21244049072266,1.0,"Divine healer's Church, Bethlehem",tabular,xgboost,h168,2026-01-04T23:00:00,2026-01-18T23:00:00,2026-02-15T23:00:00,,,42.0
2026-02-11 00:00:00,17.6,106.46190643310547,1.0,"Divine healer's Church, Bethlehem",tabular,xgboost,h168,2026-01-04T23:00:00,2026-01-18T23:00:00,2026-02-15T23:00:00,,,42.0
2026-02-11 01:00:00,18.7,117.84368896484375,1.0,"Divine healer's Church, Bethlehem",tabular,xgboost,h168,2026-01-04T23:00:00,2026-01-18T23:00:00,2026-02-15T23:00:00,,,42.0
2026-02-11 02:00:00,17.7,116.10328674316406,1.0,"Divine healer's Church, Bethlehem",tabular,xgboost,h168,2026-01-04T23:00:00,2026-01-18T23:00:00,2026-02-15T23:00:00,,,42.0
2026-02-11 03:00:00,33.8,105.9168930053711,1.0,"Divine healer's Church, Bethlehem",tabular,xgboost,h168,2026-01-04T23:00:00,2026-01-18T23:00:00,2026-02-15T23:00:00,,,42.0
2026-02-11 04:00:00,56.4,110.60071563720703,1.0,"Divine healer's Church, Bethlehem",tabular,xgboost,h168,2026-01-04T23:00:00,2026-01-18T23:00:00,2026-02-15T23:00:00,,,42.0
2026-02-11 05:00:00,61.7,122.7376480102539,1.0,"Divine healer's Church, Bethlehem",tabular,xgboost,h168,2026-01-04T23:00:00,2026-01-18T23:00:00,2026-02-15T23:00:00,,,42.0
2026-02-11 06:00:00,47.3,115.16045379638672,1.0,"Divine healer's Church, Bethlehem",tabular,xgboost,h168,2026-01-04T23:00:00,2026-01-18T23:00:00,2026-02-15T23:00:00,,,42.0
2026-02-11 07:00:00,29.9,108.38575744628906,1.0,"Divine healer's Church, Bethlehem",tabular,xgboost,h168,2026-01-04T23:00:00,2026-01-18T23:00:00,2026-02-15T23:00:00,,,42.0
2026-02-11 08:00:00,38.8,103.6076889038086,1.0,"Divine healer's Church, Bethlehem",tabular,xgboost,h168,2026-01-04T23:00:00,2026-01-18T23:00:00,2026-02-15T23:00:00,,,42.0
2026-02-11 09:00:00,41.5,105.39751434326172,1.0,"Divine healer's Church, Bethlehem",tabular,xgboost,h168,2026-01-04T23:00:00,2026-01-18T23:00:00,2026-02-15T23:00:00,,,42.0
2026-02-11 10:00:00,25.5,106.9034652709961,1.0,"Divine healer's Church, Bethlehem",tabular,xgboost,h168,2026-01-04T23:00:00,2026-01-18T23:00:00,2026-02-15T23:00:00,,,42.0
2026-02-11 11:00:00,25.5,103.64140319824219,1.0,"Divine healer's Church, Bethlehem",tabular,xgboost,h168,2026-01-04T23:00:00,2026-01-18T23:00:00,2026-02-15T23:00:00,,,42.0
2026-02-11 12:00:00,25.1,94.70642852783203,1.0,"Divine healer's Church, Bethlehem",tabular,xgboost,h168,2026-01-04T23:00:00,2026-01-18T23:00:00,2026-02-15T23:00:00,,,42.0
2026-02-11 13:00:00,23.7,108.12767791748047,1.0,"Divine healer's Church, Bethlehem",tabular,xgboost,h168,2026-01-04T23:00:00,2026-01-18T23:00:00,2026-02-15T23:00:00,,,42.0
2026-02-11 14:00:00,19.7,102.44049072265625,1.0,"Divine healer's Church, Bethlehem",tabular,xgboost,h168,2026-01-04T23:00:00,2026-01-18T23:00:00,2026-02-15T23:00:00,,,42.0
2026-02-11 15:00:00,22.6,122.9018783569336,1.0,"Divine healer's Church, Bethlehem",tabular,xgboost,h168,2026-01-04T23:00:00,2026-01-18T23:00:00,2026-02-15T23:00:00,,,42.0
2026-02-11 16:00:00,35.1,123.47272491455078,1.0,"Divine healer's Church, Bethlehem",tabular,xgboost,h168,2026-01-04T23:00:00,2026-01-18T23:00:00,2026-02-15T23:00:00,,,42.0
2026-02-11 17:00:00,34.1,132.55300903320312,1.0,"Divine healer's Church, Bethlehem",tabular,xgboost,h168,2026-01-04T23:00:00,2026-01-18T23:00:00,2026-02-15T23:00:00,,,42.0
2026-02-11 18:00:00,27.6,117.89749145507812,1.0,"Divine healer's Church, Bethlehem",tabular,xgboost,h168,2026-01-04T23:00:00,2026-01-18T23:00:00,2026-02-15T23:00:00,,,42.0
2026-02-11 19:00:00,37.1,101.77091979980469,1.0,"Divine healer's Church, Bethlehem",tabular,xgboost,h168,2026-01-04T23:00:00,2026-01-18T23:00:00,2026-02-15T23:00:00,,,42.0
2026-02-11 20:00:00,46.0,128.18783569335938,1.0,"Divine healer's Church, Bethlehem",tabular,xgboost,h168,2026-01-04T23:00:00,2026-01-18T23:00:00,2026-02-15T23:00:00,,,42.0
2026-02-11 21:00:00,53.3,109.09584045410156,1.0,"Divine healer's Church, Bethlehem",tabular,xgboost,h168,2026-01-04T23:00:00,2026-01-18T23:00:00,2026-02-15T23:00:00,,,42.0
2026-02-11 22:00:00,50.6,101.07526397705078,1.0,"Divine healer's Church, Bethlehem",tabular,xgboost,h168,2026-01-04T23:00:00,2026-01-18T23:00:00,2026-02-15T23:00:00,,,42.0
2026-02-11 23:00:00,87.2,102.15646362304688,1.0,"Divine healer's Church, Bethlehem",tabular,xgboost,h168,2026-01-04T23:00:00,2026-01-18T23:00:00,2026-02-15T23:00:00,,,42.0
2026-02-12 00:00:00,79.3,106.80682373046875,1.0,"Divine healer's Church, Bethlehem",tabular,xgboost,h168,2026-01-04T23:00:00,2026-01-18T23:00:00,2026-02-15T23:00:00,,,42.0
2026-02-12 01:00:00,83.0,108.86637878417969,1.0,"Divine healer's Church, Bethlehem",tabular,xgboost,h168,2026-01-04T23:00:00,2026-01-18T23:00:00,2026-02-15T23:00:00,,,42.0
2026-02-12 02:00:00,78.9,111.13919830322266,1.0,"Divine healer's Church, Bethlehem",tabular,xgboost,h168,2026-01-04T23:00:00,2026-01-18T23:00:00,2026-02-15T23:00:00,,,42.0
2026-02-12 03:00:00,65.7,107.8028564453125,1.0,"Divine healer's Church, Bethlehem",tabular,xgboost,h168,2026-01-04T23:00:00,2026-01-18T23:00:00,2026-02-15T23:00:00,,,42.0
2026-02-12 04:00:00,69.8,103.00511169433594,1.0,"Divine healer's Church, Bethlehem",tabular,xgboost,h168,2026-01-04T23:00:00,2026-01-18T23:00:00,2026-02-15T23:00:00,,,42.0
2026-02-12 05:00:00,69.6,108.43609619140625,1.0,"Divine healer's Church, Bethlehem",tabular,xgboost,h168,2026-01-04T23:00:00,2026-01-18T23:00:00,2026-02-15T23:00:00,,,42.0
2026-02-12 06:00:00,89.0,98.82948303222656,1.0,"Divine healer's Church, Bethlehem",tabular,xgboost,h168,2026-01-04T23:00:00,2026-01-18T23:00:00,2026-02-15T23:00:00,,,42.0
2026-02-12 07:00:00,63.3,101.67432403564453,1.0,"Divine healer's Church, Bethlehem",tabular,xgboost,h168,2026-01-04T23:00:00,2026-01-18T23:00:00,2026-02-15T23:00:00,,,42.0
2026-02-12 08:00:00,42.7,101.17554473876953,1.0,"Divine healer's Church, Bethlehem",tabular,xgboost,h168,2026-01-04T23:00:00,2026-01-18T23:00:00,2026-02-15T23:00:00,,,42.0
2026-02-12 09:00:00,33.5,102.73652648925781,1.0,"Divine healer's Church, Bethlehem",tabular,xgboost,h168,2026-01-04T23:00:00,2026-01-18T23:00:00,2026-02-15T23:00:00,,,42.0
2026-02-12 10:00:00,27.2,105.75169372558594,1.0,"Divine healer's Church, Bethlehem",tabular,xgboost,h168,2026-01-04T23:00:00,2026-01-18T23:00:00,2026-02-15T23:00:00,,,42.0
2026-02-12 11:00:00,12.1,96.21529388427734,1.0,"Divine healer's Church, Bethlehem",tabular,xgboost,h168,2026-01-04T23:00:00,2026-01-18T23:00:00,2026-02-15T23:00:00,,,42.0
2026-02-12 12:00:00,4.5,102.69418334960938,1.0,"Divine healer's Church, Bethlehem",tabular,xgboost,h168,2026-01-04T23:00:00,2026-01-18T23:00:00,2026-02-15T23:00:00,,,42.0
2026-02-12 13:00:00,4.1,100.9953842163086,1.0,"Divine healer's Church, Bethlehem",tabular,xgboost,h168,2026-01-04T23:00:00,2026-01-18T23:00:00,2026-02-15T23:00:00,,,42.0
2026-02-12 14:00:00,5.3,67.78012084960938,1.0,"Divine healer's Church, Bethlehem",tabular,xgboost,h168,2026-01-04T23:00:00,2026-01-18T23:00:00,2026-02-15T23:00:00,,,42.0
2026-02-12 15:00:00,7.5,81.27057647705078,1.0,"Divine healer's Church, Bethlehem",tabular,xgboost,h168,2026-01-04T23:00:00,2026-01-18T23:00:00,2026-02-15T23:00:00,,,42.0
2026-02-12 16:00:00,7.8,86.272216796875,1.0,"Divine healer's Church, Bethlehem",tabular,xgboost,h168,2026-01-04T23:00:00,2026-01-18T23:00:00,2026-02-15T23:00:00,,,42.0
2026-02-12 17:00:00,8.3,90.00687408447266,1.0,"Divine healer's Church, Bethlehem",tabular,xgboost,h168,2026-01-04T23:00:00,2026-01-18T23:00:00,2026-02-15T23:00:00,,,42.0
2026-02-12 18:00:00,19.2,101.97027587890625,1.0,"Divine healer's Church, Bethlehem",tabular,xgboost,h168,2026-01-04T23:00:00,2026-01-18T23:00:00,2026-02-15T23:00:00,,,42.0
2026-02-12 19:00:00,32.4,89.7922134399414,1.0,"Divine healer's Church, Bethlehem",tabular,xgboost,h168,2026-01-04T23:00:00,2026-01-18T23:00:00,2026-02-15T23:00:00,,,42.0
2026-02-12 20:00:00,43.6,101.82315063476562,1.0,"Divine healer's Church, Bethlehem",tabular,xgboost,h168,2026-01-04T23:00:00,2026-01-18T23:00:00,2026-02-15T23:00:00,,,42.0
2026-02-12 21:00:00,28.1,104.38798522949219,1.0,"Divine healer's Church, Bethlehem",tabular,xgboost,h168,2026-01-04T23:00:00,2026-01-18T23:00:00,2026-02-15T23:00:00,,,42.0
2026-02-12 22:00:00,53.1,114.30432891845703,1.0,"Divine healer's Church, Bethlehem",tabular,xgboost,h168,2026-01-04T23:00:00,2026-01-18T23:00:00,2026-02-15T23:00:00,,,42.0
2026-02-12 23:00:00,44.9,103.81565856933594,1.0,"Divine healer's Church, Bethlehem",tabular,xgboost,h168,2026-01-04T23:00:00,2026-01-18T23:00:00,2026-02-15T23:00:00,,,42.0
2026-02-13 00:00:00,28.8,113.74430847167969,1.0,"Divine healer's Church, Bethlehem",tabular,xgboost,h168,2026-01-04T23:00:00,2026-01-18T23:00:00,2026-02-15T23:00:00,,,42.0
2026-02-13 01:00:00,30.5,111.67736053466797,1.0,"Divine healer's Church, Bethlehem",tabular,xgboost,h168,2026-01-04T23:00:00,2026-01-18T23:00:00,2026-02-15T23:00:00,,,42.0
2026-02-13 02:00:00,31.9,97.76823425292969,1.0,"Divine healer's Church, Bethlehem",tabular,xgboost,h168,2026-01-04T23:00:00,2026-01-18T23:00:00,2026-02-15T23:00:00,,,42.0
2026-02-13 03:00:00,43.7,106.93950653076172,1.0,"Divine healer's Church, Bethlehem",tabular,xgboost,h168,2026-01-04T23:00:00,2026-01-18T23:00:00,2026-02-15T23:00:00,,,42.0
2026-02-13 04:00:00,43.9,101.19625091552734,1.0,"Divine healer's Church, Bethlehem",tabular,xgboost,h168,2026-01-04T23:00:00,2026-01-18T23:00:00,2026-02-15T23:00:00,,,42.0
2026-02-13 05:00:00,40.2,99.82759857177734,1.0,"Divine healer's Church, Bethlehem",tabular,xgboost,h168,2026-01-04T23:00:00,2026-01-18T23:00:00,2026-02-15T23:00:00,,,42.0
2026-02-13 06:00:00,60.1,106.86907196044922,1.0,"Divine healer's Church, Bethlehem",tabular,xgboost,h168,2026-01-04T23:00:00,2026-01-18T23:00:00,2026-02-15T23:00:00,,,42.0
2026-02-13 07:00:00,39.8,91.5062255859375,1.0,"Divine healer's Church, Bethlehem",tabular,xgboost,h168,2026-01-04T23:00:00,2026-01-18T23:00:00,2026-02-15T23:00:00,,,42.0
2026-02-13 08:00:00,21.9,92.04505157470703,1.0,"Divine healer's Church, Bethlehem",tabular,xgboost,h168,2026-01-04T23:00:00,2026-01-18T23:00:00,2026-02-15T23:00:00,,,42.0
2026-02-13 09:00:00,21.5,86.24040985107422,1.0,"Divine healer's Church, Bethlehem",tabular,xgboost,h168,2026-01-04T23:00:00,2026-01-18T23:00:00,2026-02-15T23:00:00,,,42.0
2026-02-13 10:00:00,28.7,82.02620697021484,1.0,"Divine healer's Church, Bethlehem",tabular,xgboost,h168,2026-01-04T23:00:00,2026-01-18T23:00:00,2026-02-15T23:00:00,,,42.0
2026-02-13 11:00:00,31.5,72.70642852783203,1.0,"Divine healer's Church, Bethlehem",tabular,xgboost,h168,2026-01-04T23:00:00,2026-01-18T23:00:00,2026-02-15T23:00:00,,,42.0
2026-02-13 12:00:00,16.8,86.76753234863281,1.0,"Divine healer's Church, Bethlehem",tabular,xgboost,h168,2026-01-04T23:00:00,2026-01-18T23:00:00,2026-02-15T23:00:00,,,42.0
2026-02-13 13:00:00,17.9,91.64327239990234,1.0,"Divine healer's Church, Bethlehem",tabular,xgboost,h168,2026-01-04T23:00:00,2026-01-18T23:00:00,2026-02-15T23:00:00,,,42.0
2026-02-13 14:00:00,13.7,105.63252258300781,1.0,"Divine healer's Church, Bethlehem",tabular,xgboost,h168,2026-01-04T23:00:00,2026-01-18T23:00:00,2026-02-15T23:00:00,,,42.0
2026-02-13 15:00:00,19.5,95.92798614501953,1.0,"Divine healer's Church, Bethlehem",tabular,xgboost,h168,2026-01-04T23:00:00,2026-01-18T23:00:00,2026-02-15T23:00:00,,,42.0
2026-02-13 16:00:00,23.7,98.47331237792969,1.0,"Divine healer's Church, Bethlehem",tabular,xgboost,h168,2026-01-04T23:00:00,2026-01-18T23:00:00,2026-02-15T23:00:00,,,42.0
2026-02-13 17:00:00,26.1,124.7884521484375,1.0,"Divine healer's Church, Bethlehem",tabular,xgboost,h168,2026-01-04T23:00:00,2026-01-18T23:00:00,2026-02-15T23:00:00,,,42.0
2026-02-13 18:00:00,31.0,125.61158752441406,1.0,"Divine healer's Church, Bethlehem",tabular,xgboost,h168,2026-01-04T23:00:00,2026-01-18T23:00:00,2026-02-15T23:00:00,,,42.0
2026-02-13 19:00:00,35.5,120.93553924560547,1.0,"Divine healer's Church, Bethlehem",tabular,xgboost,h168,2026-01-04T23:00:00,2026-01-18T23:00:00,2026-02-15T23:00:00,,,42.0
2026-02-13 20:00:00,26.7,101.08856201171875,1.0,"Divine healer's Church, Bethlehem",tabular,xgboost,h168,2026-01-04T23:00:00,2026-01-18T23:00:00,2026-02-15T23:00:00,,,42.0
2026-02-13 21:00:00,24.7,94.33004760742188,1.0,"Divine healer's Church, Bethlehem",tabular,xgboost,h168,2026-01-04T23:00:00,2026-01-18T23:00:00,2026-02-15T23:00:00,,,42.0
2026-02-13 22:00:00,23.2,93.38563537597656,1.0,"Divine healer's Church, Bethlehem",tabular,xgboost,h168,2026-01-04T23:00:00,2026-01-18T23:00:00,2026-02-15T23:00:00,,,42.0
2026-02-13 23:00:00,21.9,95.03824615478516,1.0,"Divine healer's Church, Bethlehem",tabular,xgboost,h168,2026-01-04T23:00:00,2026-01-18T23:00:00,2026-02-15T23:00:00,,,42.0
2026-02-14 00:00:00,18.2,95.83819580078125,1.0,"Divine healer's Church, Bethlehem",tabular,xgboost,h168,2026-01-04T23:00:00,2026-01-18T23:00:00,2026-02-15T23:00:00,,,42.0
2026-02-14 01:00:00,26.3,81.4268569946289,1.0,"Divine healer's Church, Bethlehem",tabular,xgboost,h168,2026-01-04T23:00:00,2026-01-18T23:00:00,2026-02-15T23:00:00,,,42.0
2026-02-14 02:00:00,14.6,88.84996795654297,1.0,"Divine healer's Church, Bethlehem",tabular,xgboost,h168,2026-01-04T23:00:00,2026-01-18T23:00:00,2026-02-15T23:00:00,,,42.0
2026-02-14 03:00:00,14.3,91.1670913696289,1.0,"Divine healer's Church, Bethlehem",tabular,xgboost,h168,2026-01-04T23:00:00,2026-01-18T23:00:00,2026-02-15T23:00:00,,,42.0
2026-02-14 04:00:00,29.7,90.52800750732422,1.0,"Divine healer's Church, Bethlehem",tabular,xgboost,h168,2026-01-04T23:00:00,2026-01-18T23:00:00,2026-02-15T23:00:00,,,42.0
2026-02-14 05:00:00,32.2,93.37793731689453,1.0,"Divine healer's Church, Bethlehem",tabular,xgboost,h168,2026-01-04T23:00:00,2026-01-18T23:00:00,2026-02-15T23:00:00,,,42.0
2026-02-14 06:00:00,38.2,100.14741516113281,1.0,"Divine healer's Church, Bethlehem",tabular,xgboost,h168,2026-01-04T23:00:00,2026-01-18T23:00:00,2026-02-15T23:00:00,,,42.0
2026-02-14 07:00:00,37.5,110.97897338867188,1.0,"Divine healer's Church, Bethlehem",tabular,xgboost,h168,2026-01-04T23:00:00,2026-01-18T23:00:00,2026-02-15T23:00:00,,,42.0
2026-02-14 08:00:00,29.5,108.53395080566406,1.0,"Divine healer's Church, Bethlehem",tabular,xgboost,h168,2026-01-04T23:00:00,2026-01-18T23:00:00,2026-02-15T23:00:00,,,42.0
2026-02-14 09:00:00,27.0,110.94316101074219,1.0,"Divine healer's Church, Bethlehem",tabular,xgboost,h168,2026-01-04T23:00:00,2026-01-18T23:00:00,2026-02-15T23:00:00,,,42.0
2026-02-14 10:00:00,21.7,114.41948699951172,1.0,"Divine healer's Church, Bethlehem",tabular,xgboost,h168,2026-01-04T23:00:00,2026-01-18T23:00:00,2026-02-15T23:00:00,,,42.0
2026-02-14 11:00:00,21.4,104.29744720458984,1.0,"Divine healer's Church, Bethlehem",tabular,xgboost,h168,2026-01-04T23:00:00,2026-01-18T23:00:00,2026-02-15T23:00:00,,,42.0
2026-02-14 12:00:00,32.0,123.31745147705078,1.0,"Divine healer's Church, Bethlehem",tabular,xgboost,h168,2026-01-04T23:00:00,2026-01-18T23:00:00,2026-02-15T23:00:00,,,42.0
2026-02-14 13:00:00,34.3,114.02120971679688,1.0,"Divine healer's Church, Bethlehem",tabular,xgboost,h168,2026-01-04T23:00:00,2026-01-18T23:00:00,2026-02-15T23:00:00,,,42.0
2026-02-14 14:00:00,36.3,109.48094177246094,1.0,"Divine healer's Church, Bethlehem",tabular,xgboost,h168,2026-01-04T23:00:00,2026-01-18T23:00:00,2026-02-15T23:00:00,,,42.0
2026-02-14 15:00:00,30.0,68.6988296508789,1.0,"Divine healer's Church, Bethlehem",tabular,xgboost,h168,2026-01-04T23:00:00,2026-01-18T23:00:00,2026-02-15T23:00:00,,,42.0
2026-02-14 16:00:00,37.0,71.8282470703125,1.0,"Divine healer's Church, Bethlehem",tabular,xgboost,h168,2026-01-04T23:00:00,2026-01-18T23:00:00,2026-02-15T23:00:00,,,42.0
2026-02-14 17:00:00,39.1,78.80718994140625,1.0,"Divine healer's Church, Bethlehem",tabular,xgboost,h168,2026-01-04T23:00:00,2026-01-18T23:00:00,2026-02-15T23:00:00,,,42.0
2026-02-14 18:00:00,48.4,98.99781036376953,1.0,"Divine healer's Church, Bethlehem",tabular,xgboost,h168,2026-01-04T23:00:00,2026-01-18T23:00:00,2026-02-15T23:00:00,,,42.0
2026-02-14 19:00:00,74.6,102.97447967529297,1.0,"Divine healer's Church, Bethlehem",tabular,xgboost,h168,2026-01-04T23:00:00,2026-01-18T23:00:00,2026-02-15T23:00:00,,,42.0
2026-02-14 20:00:00,119.0,80.25792694091797,1.0,"Divine healer's Church, Bethlehem",tabular,xgboost,h168,2026-01-04T23:00:00,2026-01-18T23:00:00,2026-02-15T23:00:00,,,42.0
2026-02-14 21:00:00,105.0,89.81292724609375,1.0,"Divine healer's Church, Bethlehem",tabular,xgboost,h168,2026-01-04T23:00:00,2026-01-18T23:00:00,2026-02-15T23:00:00,,,42.0
2026-02-14 22:00:00,81.1,86.05233764648438,1.0,"Divine healer's Church, Bethlehem",tabular,xgboost,h168,2026-01-04T23:00:00,2026-01-18T23:00:00,2026-02-15T23:00:00,,,42.0
2026-02-14 23:00:00,48.3,101.22557067871094,1.0,"Divine healer's Church, Bethlehem",tabular,xgboost,h168,2026-01-04T23:00:00,2026-01-18T23:00:00,2026-02-15T23:00:00,,,42.0
2026-02-15 00:00:00,44.0,102.96810913085938,1.0,"Divine healer's Church, Bethlehem",tabular,xgboost,h168,2026-01-04T23:00:00,2026-01-18T23:00:00,2026-02-15T23:00:00,,,42.0
2026-02-15 01:00:00,43.7,95.98773956298828,1.0,"Divine healer's Church, Bethlehem",tabular,xgboost,h168,2026-01-04T23:00:00,2026-01-18T23:00:00,2026-02-15T23:00:00,,,42.0
2026-02-15 02:00:00,61.3,108.28680419921875,1.0,"Divine healer's Church, Bethlehem",tabular,xgboost,h168,2026-01-04T23:00:00,2026-01-18T23:00:00,2026-02-15T23:00:00,,,42.0
2026-02-15 03:00:00,50.2,90.01209259033203,1.0,"Divine healer's Church, Bethlehem",tabular,xgboost,h168,2026-01-04T23:00:00,2026-01-18T23:00:00,2026-02-15T23:00:00,,,42.0
2026-02-15 04:00:00,53.1,84.83763122558594,1.0,"Divine healer's Church, Bethlehem",tabular,xgboost,h168,2026-01-04T23:00:00,2026-01-18T23:00:00,2026-02-15T23:00:00,,,42.0
2026-02-15 05:00:00,59.9,88.50079345703125,1.0,"Divine healer's Church, Bethlehem",tabular,xgboost,h168,2026-01-04T23:00:00,2026-01-18T23:00:00,2026-02-15T23:00:00,,,42.0
2026-02-15 06:00:00,93.8,94.76847076416016,1.0,"Divine healer's Church, Bethlehem",tabular,xgboost,h168,2026-01-04T23:00:00,2026-01-18T23:00:00,2026-02-15T23:00:00,,,42.0
2026-02-15 07:00:00,56.7,91.26084899902344,1.0,"Divine healer's Church, Bethlehem",tabular,xgboost,h168,2026-01-04T23:00:00,2026-01-18T23:00:00,2026-02-15T23:00:00,,,42.0
2026-02-15 08:00:00,37.5,79.4810562133789,1.0,"Divine healer's Church, Bethlehem",tabular,xgboost,h168,2026-01-04T23:00:00,2026-01-18T23:00:00,2026-02-15T23:00:00,,,42.0
2026-02-15 09:00:00,208.1,69.6854248046875,1.0,"Divine healer's Church, Bethlehem",tabular,xgboost,h168,2026-01-04T23:00:00,2026-01-18T23:00:00,2026-02-15T23:00:00,,,42.0
2026-02-15 10:00:00,90.9,66.60774993896484,1.0,"Divine healer's Church, Bethlehem",tabular,xgboost,h168,2026-01-04T23:00:00,2026-01-18T23:00:00,2026-02-15T23:00:00,,,42.0
2026-02-15 11:00:00,63.4,68.00167083740234,1.0,"Divine healer's Church, Bethlehem",tabular,xgboost,h168,2026-01-04T23:00:00,2026-01-18T23:00:00,2026-02-15T23:00:00,,,42.0
2026-02-15 12:00:00,33.7,62.177459716796875,1.0,"Divine healer's Church, Bethlehem",tabular,xgboost,h168,2026-01-04T23:00:00,2026-01-18T23:00:00,2026-02-15T23:00:00,,,42.0
2026-02-15 13:00:00,10.4,82.67387390136719,1.0,"Divine healer's Church, Bethlehem",tabular,xgboost,h168,2026-01-04T23:00:00,2026-01-18T23:00:00,2026-02-15T23:00:00,,,42.0
2026-02-15 14:00:00,12.0,60.09727096557617,1.0,"Divine healer's Church, Bethlehem",tabular,xgboost,h168,2026-01-04T23:00:00,2026-01-18T23:00:00,2026-02-15T23:00:00,,,42.0
2026-02-15 15:00:00,6.4,61.548160552978516,1.0,"Divine healer's Church, Bethlehem",tabular,xgboost,h168,2026-01-04T23:00:00,2026-01-18T23:00:00,2026-02-15T23:00:00,,,42.0
2026-02-15 16:00:00,15.3,87.38911437988281,1.0,"Divine healer's Church, Bethlehem",tabular,xgboost,h168,2026-01-04T23:00:00,2026-01-18T23:00:00,2026-02-15T23:00:00,,,42.0
2026-02-15 17:00:00,42.6,93.76194763183594,1.0,"Divine healer's Church, Bethlehem",tabular,xgboost,h168,2026-01-04T23:00:00,2026-01-18T23:00:00,2026-02-15T23:00:00,,,42.0
2026-02-15 18:00:00,31.6,96.54912567138672,1.0,"Divine healer's Church, Bethlehem",tabular,xgboost,h168,2026-01-04T23:00:00,2026-01-18T23:00:00,2026-02-15T23:00:00,,,42.0
2026-02-15 19:00:00,35.1,85.59120178222656,1.0,"Divine healer's Church, Bethlehem",tabular,xgboost,h168,2026-01-04T23:00:00,2026-01-18T23:00:00,2026-02-15T23:00:00,,,42.0
2026-02-15 20:00:00,58.3,87.0745620727539,1.0,"Divine healer's Church, Bethlehem",tabular,xgboost,h168,2026-01-04T23:00:00,2026-01-18T23:00:00,2026-02-15T23:00:00,,,42.0
2026-02-15 21:00:00,121.3,82.03812408447266,1.0,"Divine healer's Church, Bethlehem",tabular,xgboost,h168,2026-01-04T23:00:00,2026-01-18T23:00:00,2026-02-15T23:00:00,,,42.0
2026-02-15 22:00:00,81.9,88.55416870117188,1.0,"Divine healer's Church, Bethlehem",tabular,xgboost,h168,2026-01-04T23:00:00,2026-01-18T23:00:00,2026-02-15T23:00:00,,,42.0
2026-02-15 23:00:00,67.9,84.27381134033203,1.0,"Divine healer's Church, Bethlehem",tabular,xgboost,h168,2026-01-04T23:00:00,2026-01-18T23:00:00,2026-02-15T23:00:00,,,42.0
2026-01-18 23:00:00,42.0,55.583251953125,1.0,"Satet International School, Tema Manhean",tabular,xgboost,h168,2026-01-04T23:00:00,2026-01-18T23:00:00,2026-02-15T23:00:00,,,42.0
2026-01-19 00:00:00,41.4,58.3756103515625,1.0,"Satet International School, Tema Manhean",tabular,xgboost,h168,2026-01-04T23:00:00,2026-01-18T23:00:00,2026-02-15T23:00:00,,,42.0
2026-01-19 01:00:00,54.9,48.101524353027344,1.0,"Satet International School, Tema Manhean",tabular,xgboost,h168,2026-01-04T23:00:00,2026-01-18T23:00:00,2026-02-15T23:00:00,,,42.0
2026-01-19 02:00:00,61.0,52.79356384277344,1.0,"Satet International School, Tema Manhean",tabular,xgboost,h168,2026-01-04T23:00:00,2026-01-18T23:00:00,2026-02-15T23:00:00,,,42.0
2026-01-19 03:00:00,61.8,65.36506652832031,1.0,"Satet International School, Tema Manhean",tabular,xgboost,h168,2026-01-04T23:00:00,2026-01-18T23:00:00,2026-02-15T23:00:00,,,42.0
2026-01-19 04:00:00,131.8,74.32212829589844,1.0,"Satet International School, Tema Manhean",tabular,xgboost,h168,2026-01-04T23:00:00,2026-01-18T23:00:00,2026-02-15T23:00:00,,,42.0
2026-01-19 05:00:00,118.10000000000001,78.5229263305664,1.0,"Satet International School, Tema Manhean",tabular,xgboost,h168,2026-01-04T23:00:00,2026-01-18T23:00:00,2026-02-15T23:00:00,,,42.0
2026-01-19 06:00:00,104.4,77.32750701904297,1.0,"Satet International School, Tema Manhean",tabular,xgboost,h168,2026-01-04T23:00:00,2026-01-18T23:00:00,2026-02-15T23:00:00,,,42.0
2026-01-19 07:00:00,57.1,73.49986267089844,1.0,"Satet International School, Tema Manhean",tabular,xgboost,h168,2026-01-04T23:00:00,2026-01-18T23:00:00,2026-02-15T23:00:00,,,42.0
2026-01-19 08:00:00,45.3,45.80252456665039,1.0,"Satet International School, Tema Manhean",tabular,xgboost,h168,2026-01-04T23:00:00,2026-01-18T23:00:00,2026-02-15T23:00:00,,,42.0
2026-01-19 09:00:00,49.0,45.80607604980469,1.0,"Satet International School, Tema Manhean",tabular,xgboost,h168,2026-01-04T23:00:00,2026-01-18T23:00:00,2026-02-15T23:00:00,,,42.0
2026-01-19 10:00:00,42.6,40.01552200317383,1.0,"Satet International School, Tema Manhean",tabular,xgboost,h168,2026-01-04T23:00:00,2026-01-18T23:00:00,2026-02-15T23:00:00,,,42.0
2026-01-19 11:00:00,35.7,33.59915542602539,1.0,"Satet International School, Tema Manhean",tabular,xgboost,h168,2026-01-04T23:00:00,2026-01-18T23:00:00,2026-02-15T23:00:00,,,42.0
2026-01-19 12:00:00,37.4,30.829736709594727,1.0,"Satet International School, Tema Manhean",tabular,xgboost,h168,2026-01-04T23:00:00,2026-01-18T23:00:00,2026-02-15T23:00:00,,,42.0
2026-01-19 13:00:00,36.8,38.20357894897461,1.0,"Satet International School, Tema Manhean",tabular,xgboost,h168,2026-01-04T23:00:00,2026-01-18T23:00:00,2026-02-15T23:00:00,,,42.0
2026-01-19 14:00:00,36.8,45.18648147583008,1.0,"Satet International School, Tema Manhean",tabular,xgboost,h168,2026-01-04T23:00:00,2026-01-18T23:00:00,2026-02-15T23:00:00,,,42.0
2026-01-19 15:00:00,39.6,83.62882232666016,1.0,"Satet International School, Tema Manhean",tabular,xgboost,h168,2026-01-04T23:00:00,2026-01-18T23:00:00,2026-02-15T23:00:00,,,42.0
2026-01-19 16:00:00,40.6,66.6303939819336,1.0,"Satet International School, Tema Manhean",tabular,xgboost,h168,2026-01-04T23:00:00,2026-01-18T23:00:00,2026-02-15T23:00:00,,,42.0
2026-01-19 17:00:00,41.6,67.20619201660156,1.0,"Satet International School, Tema Manhean",tabular,xgboost,h168,2026-01-04T23:00:00,2026-01-18T23:00:00,2026-02-15T23:00:00,,,42.0
2026-01-19 18:00:00,42.0,80.51512908935547,1.0,"Satet International School, Tema Manhean",tabular,xgboost,h168,2026-01-04T23:00:00,2026-01-18T23:00:00,2026-02-15T23:00:00,,,42.0
2026-01-19 19:00:00,38.6,78.2403564453125,1.0,"Satet International School, Tema Manhean",tabular,xgboost,h168,2026-01-04T23:00:00,2026-01-18T23:00:00,2026-02-15T23:00:00,,,42.0
2026-01-19 20:00:00,40.1,70.47895050048828,1.0,"Satet International School, Tema Manhean",tabular,xgboost,h168,2026-01-04T23:00:00,2026-01-18T23:00:00,2026-02-15T23:00:00,,,42.0
2026-01-19 21:00:00,35.1,77.1757583618164,1.0,"Satet International School, Tema Manhean",tabular,xgboost,h168,2026-01-04T23:00:00,2026-01-18T23:00:00,2026-02-15T23:00:00,,,42.0
2026-01-19 22:00:00,38.2,74.77320861816406,1.0,"Satet International School, Tema Manhean",tabular,xgboost,h168,2026-01-04T23:00:00,2026-01-18T23:00:00,2026-02-15T23:00:00,,,42.0
2026-01-19 23:00:00,39.6,86.83545684814453,1.0,"Satet International School, Tema Manhean",tabular,xgboost,h168,2026-01-04T23:00:00,2026-01-18T23:00:00,2026-02-15T23:00:00,,,42.0
2026-01-20 00:00:00,31.8,89.46234893798828,1.0,"Satet International School, Tema Manhean",tabular,xgboost,h168,2026-01-04T23:00:00,2026-01-18T23:00:00,2026-02-15T23:00:00,,,42.0
2026-01-20 01:00:00,30.3,91.22032165527344,1.0,"Satet International School, Tema Manhean",tabular,xgboost,h168,2026-01-04T23:00:00,2026-01-18T23:00:00,2026-02-15T23:00:00,,,42.0
2026-01-20 02:00:00,30.6,86.93766784667969,1.0,"Satet International School, Tema Manhean",tabular,xgboost,h168,2026-01-04T23:00:00,2026-01-18T23:00:00,2026-02-15T23:00:00,,,42.0
2026-01-20 03:00:00,32.5,93.07392120361328,1.0,"Satet International School, Tema Manhean",tabular,xgboost,h168,2026-01-04T23:00:00,2026-01-18T23:00:00,2026-02-15T23:00:00,,,42.0
2026-01-20 04:00:00,43.3,88.33670043945312,1.0,"Satet International School, Tema Manhean",tabular,xgboost,h168,2026-01-04T23:00:00,2026-01-18T23:00:00,2026-02-15T23:00:00,,,42.0
2026-01-20 05:00:00,45.1,92.94251251220703,1.0,"Satet International School, Tema Manhean",tabular,xgboost,h168,2026-01-04T23:00:00,2026-01-18T23:00:00,2026-02-15T23:00:00,,,42.0
2026-01-20 06:00:00,46.6,98.88908386230469,1.0,"Satet International School, Tema Manhean",tabular,xgboost,h168,2026-01-04T23:00:00,2026-01-18T23:00:00,2026-02-15T23:00:00,,,42.0
2026-01-20 07:00:00,52.2,86.00325012207031,1.0,"Satet International School, Tema Manhean",tabular,xgboost,h168,2026-01-04T23:00:00,2026-01-18T23:00:00,2026-02-15T23:00:00,,,42.0
2026-01-20 08:00:00,38.6,96.43696594238281,1.0,"Satet International School, Tema Manhean",tabular,xgboost,h168,2026-01-04T23:00:00,2026-01-18T23:00:00,2026-02-15T23:00:00,,,42.0
2026-01-20 09:00:00,38.4,89.52399444580078,1.0,"Satet International School, Tema Manhean",tabular,xgboost,h168,2026-01-04T23:00:00,2026-01-18T23:00:00,2026-02-15T23:00:00,,,42.0
2026-01-20 10:00:00,38.4,101.95291900634766,1.0,"Satet International School, Tema Manhean",tabular,xgboost,h168,2026-01-04T23:00:00,2026-01-18T23:00:00,2026-02-15T23:00:00,,,42.0
2026-01-20 11:00:00,37.2,85.6508560180664,1.0,"Satet International School, Tema Manhean",tabular,xgboost,h168,2026-01-04T23:00:00,2026-01-18T23:00:00,2026-02-15T23:00:00,,,42.0
2026-01-20 12:00:00,34.0,80.97124481201172,1.0,"Satet International School, Tema Manhean",tabular,xgboost,h168,2026-01-04T23:00:00,2026-01-18T23:00:00,2026-02-15T23:00:00,,,42.0
2026-01-20 13:00:00,30.8,65.14215087890625,1.0,"Satet International School, Tema Manhean",tabular,xgboost,h168,2026-01-04T23:00:00,2026-01-18T23:00:00,2026-02-15T23:00:00,,,42.0
2026-01-20 14:00:00,30.3,71.76593780517578,1.0,"Satet International School, Tema Manhean",tabular,xgboost,h168,2026-01-04T23:00:00,2026-01-18T23:00:00,2026-02-15T23:00:00,,,42.0
2026-01-20 15:00:00,31.3,69.4570083618164,1.0,"Satet International School, Tema Manhean",tabular,xgboost,h168,2026-01-04T23:00:00,2026-01-18T23:00:00,2026-02-15T23:00:00,,,42.0
2026-01-20 16:00:00,35.7,70.20243072509766,1.0,"Satet International School, Tema Manhean",tabular,xgboost,h168,2026-01-04T23:00:00,2026-01-18T23:00:00,2026-02-15T23:00:00,,,42.0
2026-01-20 17:00:00,43.5,95.91307067871094,1.0,"Satet International School, Tema Manhean",tabular,xgboost,h168,2026-01-04T23:00:00,2026-01-18T23:00:00,2026-02-15T23:00:00,,,42.0
2026-01-20 18:00:00,38.9,97.5733642578125,1.0,"Satet International School, Tema Manhean",tabular,xgboost,h168,2026-01-04T23:00:00,2026-01-18T23:00:00,2026-02-15T23:00:00,,,42.0
2026-01-20 19:00:00,39.0,78.05587768554688,1.0,"Satet International School, Tema Manhean",tabular,xgboost,h168,2026-01-04T23:00:00,2026-01-18T23:00:00,2026-02-15T23:00:00,,,42.0
2026-01-20 20:00:00,43.5,67.37860107421875,1.0,"Satet International School, Tema Manhean",tabular,xgboost,h168,2026-01-04T23:00:00,2026-01-18T23:00:00,2026-02-15T23:00:00,,,42.0
2026-01-20 21:00:00,37.3,71.9515609741211,1.0,"Satet International School, Tema Manhean",tabular,xgboost,h168,2026-01-04T23:00:00,2026-01-18T23:00:00,2026-02-15T23:00:00,,,42.0
2026-01-20 22:00:00,13.2,94.2598648071289,1.0,"Satet International School, Tema Manhean",tabular,xgboost,h168,2026-01-04T23:00:00,2026-01-18T23:00:00,2026-02-15T23:00:00,,,42.0
2026-01-20 23:00:00,5.4,90.53287506103516,1.0,"Satet International School, Tema Manhean",tabular,xgboost,h168,2026-01-04T23:00:00,2026-01-18T23:00:00,2026-02-15T23:00:00,,,42.0
2026-01-21 00:00:00,9.1,96.67764282226562,1.0,"Satet International School, Tema Manhean",tabular,xgboost,h168,2026-01-04T23:00:00,2026-01-18T23:00:00,2026-02-15T23:00:00,,,42.0
2026-01-21 01:00:00,19.3,100.85005950927734,1.0,"Satet International School, Tema Manhean",tabular,xgboost,h168,2026-01-04T23:00:00,2026-01-18T23:00:00,2026-02-15T23:00:00,,,42.0
2026-01-21 02:00:00,19.6,103.34335327148438,1.0,"Satet International School, Tema Manhean",tabular,xgboost,h168,2026-01-04T23:00:00,2026-01-18T23:00:00,2026-02-15T23:00:00,,,42.0
2026-01-21 03:00:00,48.6,107.16090393066406,1.0,"Satet International School, Tema Manhean",tabular,xgboost,h168,2026-01-04T23:00:00,2026-01-18T23:00:00,2026-02-15T23:00:00,,,42.0
2026-01-21 04:00:00,80.0,106.82492065429688,1.0,"Satet International School, Tema Manhean",tabular,xgboost,h168,2026-01-04T23:00:00,2026-01-18T23:00:00,2026-02-15T23:00:00,,,42.0
2026-01-21 05:00:00,60.5,103.34221649169922,1.0,"Satet International School, Tema Manhean",tabular,xgboost,h168,2026-01-04T23:00:00,2026-01-18T23:00:00,2026-02-15T23:00:00,,,42.0
2026-01-21 06:00:00,101.1,100.73596954345703,1.0,"Satet International School, Tema Manhean",tabular,xgboost,h168,2026-01-04T23:00:00,2026-01-18T23:00:00,2026-02-15T23:00:00,,,42.0
2026-01-21 07:00:00,71.1,108.88330078125,1.0,"Satet International School, Tema Manhean",tabular,xgboost,h168,2026-01-04T23:00:00,2026-01-18T23:00:00,2026-02-15T23:00:00,,,42.0
2026-01-21 08:00:00,51.8,84.71287536621094,1.0,"Satet International School, Tema Manhean",tabular,xgboost,h168,2026-01-04T23:00:00,2026-01-18T23:00:00,2026-02-15T23:00:00,,,42.0
2026-01-21 09:00:00,35.3,80.78070831298828,1.0,"Satet International School, Tema Manhean",tabular,xgboost,h168,2026-01-04T23:00:00,2026-01-18T23:00:00,2026-02-15T23:00:00,,,42.0
2026-01-21 10:00:00,36.6,71.03813171386719,1.0,"Satet International School, Tema Manhean",tabular,xgboost,h168,2026-01-04T23:00:00,2026-01-18T23:00:00,2026-02-15T23:00:00,,,42.0
2026-01-21 11:00:00,36.0,69.62770080566406,1.0,"Satet International School, Tema Manhean",tabular,xgboost,h168,2026-01-04T23:00:00,2026-01-18T23:00:00,2026-02-15T23:00:00,,,42.0
2026-01-21 12:00:00,36.1,72.26593780517578,1.0,"Satet International School, Tema Manhean",tabular,xgboost,h168,2026-01-04T23:00:00,2026-01-18T23:00:00,2026-02-15T23:00:00,,,42.0
2026-01-21 13:00:00,30.8,61.629127502441406,1.0,"Satet International School, Tema Manhean",tabular,xgboost,h168,2026-01-04T23:00:00,2026-01-18T23:00:00,2026-02-15T23:00:00,,,42.0
2026-01-21 14:00:00,31.0,64.74666595458984,1.0,"Satet International School, Tema Manhean",tabular,xgboost,h168,2026-01-04T23:00:00,2026-01-18T23:00:00,2026-02-15T23:00:00,,,42.0
2026-01-21 15:00:00,30.3,71.61636352539062,1.0,"Satet International School, Tema Manhean",tabular,xgboost,h168,2026-01-04T23:00:00,2026-01-18T23:00:00,2026-02-15T23:00:00,,,42.0
2026-01-21 16:00:00,32.6,78.20567321777344,1.0,"Satet International School, Tema Manhean",tabular,xgboost,h168,2026-01-04T23:00:00,2026-01-18T23:00:00,2026-02-15T23:00:00,,,42.0
2026-01-21 17:00:00,36.0,75.02044677734375,1.0,"Satet International School, Tema Manhean",tabular,xgboost,h168,2026-01-04T23:00:00,2026-01-18T23:00:00,2026-02-15T23:00:00,,,42.0
2026-01-21 18:00:00,46.2,74.35017395019531,1.0,"Satet International School, Tema Manhean",tabular,xgboost,h168,2026-01-04T23:00:00,2026-01-18T23:00:00,2026-02-15T23:00:00,,,42.0
2026-01-21 19:00:00,37.1,79.8277816772461,1.0,"Satet International School, Tema Manhean",tabular,xgboost,h168,2026-01-04T23:00:00,2026-01-18T23:00:00,2026-02-15T23:00:00,,,42.0
2026-01-21 20:00:00,33.2,82.22245025634766,1.0,"Satet International School, Tema Manhean",tabular,xgboost,h168,2026-01-04T23:00:00,2026-01-18T23:00:00,2026-02-15T23:00:00,,,42.0
2026-01-21 21:00:00,31.4,84.16268920898438,1.0,"Satet International School, Tema Manhean",tabular,xgboost,h168,2026-01-04T23:00:00,2026-01-18T23:00:00,2026-02-15T23:00:00,,,42.0
2026-01-21 22:00:00,50.3,85.79405212402344,1.0,"Satet International School, Tema Manhean",tabular,xgboost,h168,2026-01-04T23:00:00,2026-01-18T23:00:00,2026-02-15T23:00:00,,,42.0
2026-01-21 23:00:00,42.9,91.4153823852539,1.0,"Satet International School, Tema Manhean",tabular,xgboost,h168,2026-01-04T23:00:00,2026-01-18T23:00:00,2026-02-15T23:00:00,,,42.0
2026-01-22 00:00:00,31.8,104.6212387084961,1.0,"Satet International School, Tema Manhean",tabular,xgboost,h168,2026-01-04T23:00:00,2026-01-18T23:00:00,2026-02-15T23:00:00,,,42.0
2026-01-22 01:00:00,30.7,106.74012756347656,1.0,"Satet International School, Tema Manhean",tabular,xgboost,h168,2026-01-04T23:00:00,2026-01-18T23:00:00,2026-02-15T23:00:00,,,42.0
2026-01-22 02:00:00,30.7,103.96092987060547,1.0,"Satet International School, Tema Manhean",tabular,xgboost,h168,2026-01-04T23:00:00,2026-01-18T23:00:00,2026-02-15T23:00:00,,,42.0
2026-01-22 03:00:00,33.3,99.91637420654297,1.0,"Satet International School, Tema Manhean",tabular,xgboost,h168,2026-01-04T23:00:00,2026-01-18T23:00:00,2026-02-15T23:00:00,,,42.0
2026-01-22 04:00:00,37.3,108.62586975097656,1.0,"Satet International School, Tema Manhean",tabular,xgboost,h168,2026-01-04T23:00:00,2026-01-18T23:00:00,2026-02-15T23:00:00,,,42.0
2026-01-22 05:00:00,69.6,112.43992614746094,1.0,"Satet International School, Tema Manhean",tabular,xgboost,h168,2026-01-04T23:00:00,2026-01-18T23:00:00,2026-02-15T23:00:00,,,42.0
2026-01-22 06:00:00,68.6,107.7058334350586,1.0,"Satet International School, Tema Manhean",tabular,xgboost,h168,2026-01-04T23:00:00,2026-01-18T23:00:00,2026-02-15T23:00:00,,,42.0
2026-01-22 07:00:00,54.0,99.29640197753906,1.0,"Satet International School, Tema Manhean",tabular,xgboost,h168,2026-01-04T23:00:00,2026-01-18T23:00:00,2026-02-15T23:00:00,,,42.0
2026-01-22 08:00:00,44.4,85.19400024414062,1.0,"Satet International School, Tema Manhean",tabular,xgboost,h168,2026-01-04T23:00:00,2026-01-18T23:00:00,2026-02-15T23:00:00,,,42.0
2026-01-22 09:00:00,36.5,77.53662109375,1.0,"Satet International School, Tema Manhean",tabular,xgboost,h168,2026-01-04T23:00:00,2026-01-18T23:00:00,2026-02-15T23:00:00,,,42.0
2026-01-22 10:00:00,39.1,79.2231216430664,1.0,"Satet International School, Tema Manhean",tabular,xgboost,h168,2026-01-04T23:00:00,2026-01-18T23:00:00,2026-02-15T23:00:00,,,42.0
2026-01-22 11:00:00,41.6,80.9536361694336,1.0,"Satet International School, Tema Manhean",tabular,xgboost,h168,2026-01-04T23:00:00,2026-01-18T23:00:00,2026-02-15T23:00:00,,,42.0
2026-01-22 12:00:00,41.8,74.59410858154297,1.0,"Satet International School, Tema Manhean",tabular,xgboost,h168,2026-01-04T23:00:00,2026-01-18T23:00:00,2026-02-15T23:00:00,,,42.0
2026-01-22 13:00:00,39.8,70.48104095458984,1.0,"Satet International School, Tema Manhean",tabular,xgboost,h168,2026-01-04T23:00:00,2026-01-18T23:00:00,2026-02-15T23:00:00,,,42.0
2026-01-22 14:00:00,35.8,68.3053207397461,1.0,"Satet International School, Tema Manhean",tabular,xgboost,h168,2026-01-04T23:00:00,2026-01-18T23:00:00,2026-02-15T23:00:00,,,42.0
2026-01-22 15:00:00,32.1,73.19099426269531,1.0,"Satet International School, Tema Manhean",tabular,xgboost,h168,2026-01-04T23:00:00,2026-01-18T23:00:00,2026-02-15T23:00:00,,,42.0
2026-01-22 16:00:00,37.3,73.8009262084961,1.0,"Satet International School, Tema Manhean",tabular,xgboost,h168,2026-01-04T23:00:00,2026-01-18T23:00:00,2026-02-15T23:00:00,,,42.0
2026-01-22 17:00:00,44.9,73.37036895751953,1.0,"Satet International School, Tema Manhean",tabular,xgboost,h168,2026-01-04T23:00:00,2026-01-18T23:00:00,2026-02-15T23:00:00,,,42.0
2026-01-22 18:00:00,38.8,80.39775848388672,1.0,"Satet International School, Tema Manhean",tabular,xgboost,h168,2026-01-04T23:00:00,2026-01-18T23:00:00,2026-02-15T23:00:00,,,42.0
2026-01-22 19:00:00,47.9,73.406005859375,1.0,"Satet International School, Tema Manhean",tabular,xgboost,h168,2026-01-04T23:00:00,2026-01-18T23:00:00,2026-02-15T23:00:00,,,42.0
2026-01-22 20:00:00,43.4,70.7323226928711,1.0,"Satet International School, Tema Manhean",tabular,xgboost,h168,2026-01-04T23:00:00,2026-01-18T23:00:00,2026-02-15T23:00:00,,,42.0
2026-01-22 21:00:00,36.9,66.75469970703125,1.0,"Satet International School, Tema Manhean",tabular,xgboost,h168,2026-01-04T23:00:00,2026-01-18T23:00:00,2026-02-15T23:00:00,,,42.0
2026-01-22 22:00:00,33.7,69.04142761230469,1.0,"Satet International School, Tema Manhean",tabular,xgboost,h168,2026-01-04T23:00:00,2026-01-18T23:00:00,2026-02-15T23:00:00,,,42.0
2026-01-22 23:00:00,35.0,79.40855407714844,1.0,"Satet International School, Tema Manhean",tabular,xgboost,h168,2026-01-04T23:00:00,2026-01-18T23:00:00,2026-02-15T23:00:00,,,42.0
2026-01-23 00:00:00,36.6,81.51818084716797,1.0,"Satet International School, Tema Manhean",tabular,xgboost,h168,2026-01-04T23:00:00,2026-01-18T23:00:00,2026-02-15T23:00:00,,,42.0
2026-01-23 01:00:00,36.3,81.24311828613281,1.0,"Satet International School, Tema Manhean",tabular,xgboost,h168,2026-01-04T23:00:00,2026-01-18T23:00:00,2026-02-15T23:00:00,,,42.0
2026-01-23 02:00:00,43.5,90.22527313232422,1.0,"Satet International School, Tema Manhean",tabular,xgboost,h168,2026-01-04T23:00:00,2026-01-18T23:00:00,2026-02-15T23:00:00,,,42.0
2026-01-23 03:00:00,49.2,92.61398315429688,1.0,"Satet International School, Tema Manhean",tabular,xgboost,h168,2026-01-04T23:00:00,2026-01-18T23:00:00,2026-02-15T23:00:00,,,42.0
2026-01-23 04:00:00,80.4,102.48648834228516,1.0,"Satet International School, Tema Manhean",tabular,xgboost,h168,2026-01-04T23:00:00,2026-01-18T23:00:00,2026-02-15T23:00:00,,,42.0
2026-01-23 05:00:00,96.8,114.80482482910156,1.0,"Satet International School, Tema Manhean",tabular,xgboost,h168,2026-01-04T23:00:00,2026-01-18T23:00:00,2026-02-15T23:00:00,,,42.0
2026-01-23 06:00:00,72.8,115.81426239013672,1.0,"Satet International School, Tema Manhean",tabular,xgboost,h168,2026-01-04T23:00:00,2026-01-18T23:00:00,2026-02-15T23:00:00,,,42.0
2026-01-23 07:00:00,94.5,101.1349868774414,1.0,"Satet International School, Tema Manhean",tabular,xgboost,h168,2026-01-04T23:00:00,2026-01-18T23:00:00,2026-02-15T23:00:00,,,42.0
2026-01-23 08:00:00,43.9,82.91990661621094,1.0,"Satet International School, Tema Manhean",tabular,xgboost,h168,2026-01-04T23:00:00,2026-01-18T23:00:00,2026-02-15T23:00:00,,,42.0
2026-01-23 09:00:00,40.7,77.8785171508789,1.0,"Satet International School, Tema Manhean",tabular,xgboost,h168,2026-01-04T23:00:00,2026-01-18T23:00:00,2026-02-15T23:00:00,,,42.0
2026-01-23 10:00:00,44.0,84.0573959350586,1.0,"Satet International School, Tema Manhean",tabular,xgboost,h168,2026-01-04T23:00:00,2026-01-18T23:00:00,2026-02-15T23:00:00,,,42.0
2026-01-23 11:00:00,32.4,75.6243896484375,1.0,"Satet International School, Tema Manhean",tabular,xgboost,h168,2026-01-04T23:00:00,2026-01-18T23:00:00,2026-02-15T23:00:00,,,42.0
2026-01-23 12:00:00,28.7,79.3892593383789,1.0,"Satet International School, Tema Manhean",tabular,xgboost,h168,2026-01-04T23:00:00,2026-01-18T23:00:00,2026-02-15T23:00:00,,,42.0
2026-01-23 13:00:00,28.2,63.697975158691406,1.0,"Satet International School, Tema Manhean",tabular,xgboost,h168,2026-01-04T23:00:00,2026-01-18T23:00:00,2026-02-15T23:00:00,,,42.0
2026-01-23 14:00:00,25.6,59.61735534667969,1.0,"Satet International School, Tema Manhean",tabular,xgboost,h168,2026-01-04T23:00:00,2026-01-18T23:00:00,2026-02-15T23:00:00,,,42.0
2026-01-23 15:00:00,28.9,62.85703659057617,1.0,"Satet International School, Tema Manhean",tabular,xgboost,h168,2026-01-04T23:00:00,2026-01-18T23:00:00,2026-02-15T23:00:00,,,42.0
2026-01-23 16:00:00,29.7,74.53144073486328,1.0,"Satet International School, Tema Manhean",tabular,xgboost,h168,2026-01-04T23:00:00,2026-01-18T23:00:00,2026-02-15T23:00:00,,,42.0
2026-01-23 17:00:00,36.3,75.85377502441406,1.0,"Satet International School, Tema Manhean",tabular,xgboost,h168,2026-01-04T23:00:00,2026-01-18T23:00:00,2026-02-15T23:00:00,,,42.0
2026-01-23 18:00:00,30.1,79.27937316894531,1.0,"Satet International School, Tema Manhean",tabular,xgboost,h168,2026-01-04T23:00:00,2026-01-18T23:00:00,2026-02-15T23:00:00,,,42.0
2026-01-23 19:00:00,34.2,81.05289459228516,1.0,"Satet International School, Tema Manhean",tabular,xgboost,h168,2026-01-04T23:00:00,2026-01-18T23:00:00,2026-02-15T23:00:00,,,42.0
2026-01-23 20:00:00,36.2,74.36510467529297,1.0,"Satet International School, Tema Manhean",tabular,xgboost,h168,2026-01-04T23:00:00,2026-01-18T23:00:00,2026-02-15T23:00:00,,,42.0
2026-01-23 21:00:00,35.2,76.17344665527344,1.0,"Satet International School, Tema Manhean",tabular,xgboost,h168,2026-01-04T23:00:00,2026-01-18T23:00:00,2026-02-15T23:00:00,,,42.0
2026-01-23 22:00:00,35.7,83.7431869506836,1.0,"Satet International School, Tema Manhean",tabular,xgboost,h168,2026-01-04T23:00:00,2026-01-18T23:00:00,2026-02-15T23:00:00,,,42.0
2026-01-23 23:00:00,39.0,90.61194610595703,1.0,"Satet International School, Tema Manhean",tabular,xgboost,h168,2026-01-04T23:00:00,2026-01-18T23:00:00,2026-02-15T23:00:00,,,42.0
2026-01-24 00:00:00,36.9,92.59141540527344,1.0,"Satet International School, Tema Manhean",tabular,xgboost,h168,2026-01-04T23:00:00,2026-01-18T23:00:00,2026-02-15T23:00:00,,,42.0
2026-01-24 01:00:00,75.7,83.00700378417969,1.0,"Satet International School, Tema Manhean",tabular,xgboost,h168,2026-01-04T23:00:00,2026-01-18T23:00:00,2026-02-15T23:00:00,,,42.0
2026-01-24 02:00:00,124.7,96.1112060546875,1.0,"Satet International School, Tema Manhean",tabular,xgboost,h168,2026-01-04T23:00:00,2026-01-18T23:00:00,2026-02-15T23:00:00,,,42.0
2026-01-24 03:00:00,216.5,103.87442779541016,1.0,"Satet International School, Tema Manhean",tabular,xgboost,h168,2026-01-04T23:00:00,2026-01-18T23:00:00,2026-02-15T23:00:00,,,42.0
2026-01-24 04:00:00,124.0,102.65555572509766,1.0,"Satet International School, Tema Manhean",tabular,xgboost,h168,2026-01-04T23:00:00,2026-01-18T23:00:00,2026-02-15T23:00:00,,,42.0
2026-01-24 05:00:00,54.5,112.83399963378906,1.0,"Satet International School, Tema Manhean",tabular,xgboost,h168,2026-01-04T23:00:00,2026-01-18T23:00:00,2026-02-15T23:00:00,,,42.0
2026-01-24 06:00:00,103.2,119.58244323730469,1.0,"Satet International School, Tema Manhean",tabular,xgboost,h168,2026-01-04T23:00:00,2026-01-18T23:00:00,2026-02-15T23:00:00,,,42.0
2026-01-24 07:00:00,58.6,106.6704330444336,1.0,"Satet International School, Tema Manhean",tabular,xgboost,h168,2026-01-04T23:00:00,2026-01-18T23:00:00,2026-02-15T23:00:00,,,42.0
2026-01-24 08:00:00,51.0,103.96857452392578,1.0,"Satet International School, Tema Manhean",tabular,xgboost,h168,2026-01-04T23:00:00,2026-01-18T23:00:00,2026-02-15T23:00:00,,,42.0
2026-01-24 09:00:00,43.9,97.30799102783203,1.0,"Satet International School, Tema Manhean",tabular,xgboost,h168,2026-01-04T23:00:00,2026-01-18T23:00:00,2026-02-15T23:00:00,,,42.0
2026-01-24 10:00:00,60.3,98.37680053710938,1.0,"Satet International School, Tema Manhean",tabular,xgboost,h168,2026-01-04T23:00:00,2026-01-18T23:00:00,2026-02-15T23:00:00,,,42.0
2026-01-24 11:00:00,73.3,91.53949737548828,1.0,"Satet International School, Tema Manhean",tabular,xgboost,h168,2026-01-04T23:00:00,2026-01-18T23:00:00,2026-02-15T23:00:00,,,42.0
2026-01-24 12:00:00,32.9,80.79885864257812,1.0,"Satet International School, Tema Manhean",tabular,xgboost,h168,2026-01-04T23:00:00,2026-01-18T23:00:00,2026-02-15T23:00:00,,,42.0
2026-01-24 13:00:00,30.7,79.10218811035156,1.0,"Satet International School, Tema Manhean",tabular,xgboost,h168,2026-01-04T23:00:00,2026-01-18T23:00:00,2026-02-15T23:00:00,,,42.0
2026-01-24 14:00:00,28.1,78.42194366455078,1.0,"Satet International School, Tema Manhean",tabular,xgboost,h168,2026-01-04T23:00:00,2026-01-18T23:00:00,2026-02-15T23:00:00,,,42.0
2026-01-24 15:00:00,36.6,77.5026626586914,1.0,"Satet International School, Tema Manhean",tabular,xgboost,h168,2026-01-04T23:00:00,2026-01-18T23:00:00,2026-02-15T23:00:00,,,42.0
2026-01-24 16:00:00,30.6,80.98481750488281,1.0,"Satet International School, Tema Manhean",tabular,xgboost,h168,2026-01-04T23:00:00,2026-01-18T23:00:00,2026-02-15T23:00:00,,,42.0
2026-01-24 17:00:00,32.8,83.3362808227539,1.0,"Satet International School, Tema Manhean",tabular,xgboost,h168,2026-01-04T23:00:00,2026-01-18T23:00:00,2026-02-15T23:00:00,,,42.0
2026-01-24 18:00:00,38.1,95.57496643066406,1.0,"Satet International School, Tema Manhean",tabular,xgboost,h168,2026-01-04T23:00:00,2026-01-18T23:00:00,2026-02-15T23:00:00,,,42.0
2026-01-24 19:00:00,36.8,79.60505676269531,1.0,"Satet International School, Tema Manhean",tabular,xgboost,h168,2026-01-04T23:00:00,2026-01-18T23:00:00,2026-02-15T23:00:00,,,42.0
2026-01-24 20:00:00,34.0,73.87252807617188,1.0,"Satet International School, Tema Manhean",tabular,xgboost,h168,2026-01-04T23:00:00,2026-01-18T23:00:00,2026-02-15T23:00:00,,,42.0
2026-01-24 21:00:00,30.0,74.09833526611328,1.0,"Satet International School, Tema Manhean",tabular,xgboost,h168,2026-01-04T23:00:00,2026-01-18T23:00:00,2026-02-15T23:00:00,,,42.0
2026-01-24 22:00:00,33.5,82.78873443603516,1.0,"Satet International School, Tema Manhean",tabular,xgboost,h168,2026-01-04T23:00:00,2026-01-18T23:00:00,2026-02-15T23:00:00,,,42.0
2026-01-24 23:00:00,33.2,85.00717163085938,1.0,"Satet International School, Tema Manhean",tabular,xgboost,h168,2026-01-04T23:00:00,2026-01-18T23:00:00,2026-02-15T23:00:00,,,42.0
2026-01-25 00:00:00,31.4,83.1767807006836,1.0,"Satet International School, Tema Manhean",tabular,xgboost,h168,2026-01-04T23:00:00,2026-01-18T23:00:00,2026-02-15T23:00:00,,,42.0
2026-01-25 01:00:00,32.3,86.72838592529297,1.0,"Satet International School, Tema Manhean",tabular,xgboost,h168,2026-01-04T23:00:00,2026-01-18T23:00:00,2026-02-15T23:00:00,,,42.0
2026-01-25 02:00:00,36.1,85.73538970947266,1.0,"Satet International School, Tema Manhean",tabular,xgboost,h168,2026-01-04T23:00:00,2026-01-18T23:00:00,2026-02-15T23:00:00,,,42.0
2026-01-25 03:00:00,40.8,99.1412353515625,1.0,"Satet International School, Tema Manhean",tabular,xgboost,h168,2026-01-04T23:00:00,2026-01-18T23:00:00,2026-02-15T23:00:00,,,42.0
2026-01-25 04:00:00,70.1,120.39409637451172,1.0,"Satet International School, Tema Manhean",tabular,xgboost,h168,2026-01-04T23:00:00,2026-01-18T23:00:00,2026-02-15T23:00:00,,,42.0
2026-01-25 05:00:00,71.9,137.1072998046875,1.0,"Satet International School, Tema Manhean",tabular,xgboost,h168,2026-01-04T23:00:00,2026-01-18T23:00:00,2026-02-15T23:00:00,,,42.0
2026-01-25 06:00:00,73.0,129.58578491210938,1.0,"Satet International School, Tema Manhean",tabular,xgboost,h168,2026-01-04T23:00:00,2026-01-18T23:00:00,2026-02-15T23:00:00,,,42.0
2026-01-25 07:00:00,58.0,103.54952239990234,1.0,"Satet International School, Tema Manhean",tabular,xgboost,h168,2026-01-04T23:00:00,2026-01-18T23:00:00,2026-02-15T23:00:00,,,42.0
2026-01-25 08:00:00,45.6,93.42789459228516,1.0,"Satet International School, Tema Manhean",tabular,xgboost,h168,2026-01-04T23:00:00,2026-01-18T23:00:00,2026-02-15T23:00:00,,,42.0
2026-01-25 09:00:00,45.9,81.7708969116211,1.0,"Satet International School, Tema Manhean",tabular,xgboost,h168,2026-01-04T23:00:00,2026-01-18T23:00:00,2026-02-15T23:00:00,,,42.0
2026-01-25 10:00:00,48.3,79.00375366210938,1.0,"Satet International School, Tema Manhean",tabular,xgboost,h168,2026-01-04T23:00:00,2026-01-18T23:00:00,2026-02-15T23:00:00,,,42.0
2026-01-25 11:00:00,52.3,81.15108489990234,1.0,"Satet International School, Tema Manhean",tabular,xgboost,h168,2026-01-04T23:00:00,2026-01-18T23:00:00,2026-02-15T23:00:00,,,42.0
2026-01-25 12:00:00,44.1,72.86297607421875,1.0,"Satet International School, Tema Manhean",tabular,xgboost,h168,2026-01-04T23:00:00,2026-01-18T23:00:00,2026-02-15T23:00:00,,,42.0
2026-01-25 13:00:00,41.6,75.3177261352539,1.0,"Satet International School, Tema Manhean",tabular,xgboost,h168,2026-01-04T23:00:00,2026-01-18T23:00:00,2026-02-15T23:00:00,,,42.0
2026-01-25 14:00:00,40.2,74.74909210205078,1.0,"Satet International School, Tema Manhean",tabular,xgboost,h168,2026-01-04T23:00:00,2026-01-18T23:00:00,2026-02-15T23:00:00,,,42.0
2026-01-25 15:00:00,36.4,80.69674682617188,1.0,"Satet International School, Tema Manhean",tabular,xgboost,h168,2026-01-04T23:00:00,2026-01-18T23:00:00,2026-02-15T23:00:00,,,42.0
2026-01-25 16:00:00,32.9,68.51765441894531,1.0,"Satet International School, Tema Manhean",tabular,xgboost,h168,2026-01-04T23:00:00,2026-01-18T23:00:00,2026-02-15T23:00:00,,,42.0
2026-01-25 17:00:00,35.0,79.11521911621094,1.0,"Satet International School, Tema Manhean",tabular,xgboost,h168,2026-01-04T23:00:00,2026-01-18T23:00:00,2026-02-15T23:00:00,,,42.0
2026-01-25 18:00:00,40.9,83.04391479492188,1.0,"Satet International School, Tema Manhean",tabular,xgboost,h168,2026-01-04T23:00:00,2026-01-18T23:00:00,2026-02-15T23:00:00,,,42.0
2026-01-25 19:00:00,40.8,72.94303131103516,1.0,"Satet International School, Tema Manhean",tabular,xgboost,h168,2026-01-04T23:00:00,2026-01-18T23:00:00,2026-02-15T23:00:00,,,42.0
2026-01-25 20:00:00,37.5,71.98634338378906,1.0,"Satet International School, Tema Manhean",tabular,xgboost,h168,2026-01-04T23:00:00,2026-01-18T23:00:00,2026-02-15T23:00:00,,,42.0
2026-01-25 21:00:00,51.0,81.24556732177734,1.0,"Satet International School, Tema Manhean",tabular,xgboost,h168,2026-01-04T23:00:00,2026-01-18T23:00:00,2026-02-15T23:00:00,,,42.0
2026-01-25 22:00:00,70.5,80.05144500732422,1.0,"Satet International School, Tema Manhean",tabular,xgboost,h168,2026-01-04T23:00:00,2026-01-18T23:00:00,2026-02-15T23:00:00,,,42.0
2026-01-25 23:00:00,71.3,98.32630157470703,1.0,"Satet International School, Tema Manhean",tabular,xgboost,h168,2026-01-04T23:00:00,2026-01-18T23:00:00,2026-02-15T23:00:00,,,42.0
2026-01-26 00:00:00,47.8,112.75322723388672,1.0,"Satet International School, Tema Manhean",tabular,xgboost,h168,2026-01-04T23:00:00,2026-01-18T23:00:00,2026-02-15T23:00:00,,,42.0
2026-01-26 01:00:00,48.6,115.75785064697266,1.0,"Satet International School, Tema Manhean",tabular,xgboost,h168,2026-01-04T23:00:00,2026-01-18T23:00:00,2026-02-15T23:00:00,,,42.0
2026-01-26 02:00:00,68.7,113.09068298339844,1.0,"Satet International School, Tema Manhean",tabular,xgboost,h168,2026-01-04T23:00:00,2026-01-18T23:00:00,2026-02-15T23:00:00,,,42.0
2026-01-26 03:00:00,140.8,115.44437408447266,1.0,"Satet International School, Tema Manhean",tabular,xgboost,h168,2026-01-04T23:00:00,2026-01-18T23:00:00,2026-02-15T23:00:00,,,42.0
2026-01-26 04:00:00,210.0,135.70652770996094,1.0,"Satet International School, Tema Manhean",tabular,xgboost,h168,2026-01-04T23:00:00,2026-01-18T23:00:00,2026-02-15T23:00:00,,,42.0
2026-01-26 05:00:00,100.9,151.62611389160156,1.0,"Satet International School, Tema Manhean",tabular,xgboost,h168,2026-01-04T23:00:00,2026-01-18T23:00:00,2026-02-15T23:00:00,,,42.0
2026-01-26 06:00:00,132.9,126.84111785888672,1.0,"Satet International School, Tema Manhean",tabular,xgboost,h168,2026-01-04T23:00:00,2026-01-18T23:00:00,2026-02-15T23:00:00,,,42.0
2026-01-26 07:00:00,62.5,112.10368347167969,1.0,"Satet International School, Tema Manhean",tabular,xgboost,h168,2026-01-04T23:00:00,2026-01-18T23:00:00,2026-02-15T23:00:00,,,42.0
2026-01-26 08:00:00,52.0,94.78840637207031,1.0,"Satet International School, Tema Manhean",tabular,xgboost,h168,2026-01-04T23:00:00,2026-01-18T23:00:00,2026-02-15T23:00:00,,,42.0
2026-01-26 09:00:00,44.1,88.32022857666016,1.0,"Satet International School, Tema Manhean",tabular,xgboost,h168,2026-01-04T23:00:00,2026-01-18T23:00:00,2026-02-15T23:00:00,,,42.0
2026-01-26 10:00:00,44.4,82.6204605102539,1.0,"Satet International School, Tema Manhean",tabular,xgboost,h168,2026-01-04T23:00:00,2026-01-18T23:00:00,2026-02-15T23:00:00,,,42.0
2026-01-26 11:00:00,47.7,83.5863037109375,1.0,"Satet International School, Tema Manhean",tabular,xgboost,h168,2026-01-04T23:00:00,2026-01-18T23:00:00,2026-02-15T23:00:00,,,42.0
2026-01-26 12:00:00,40.1,78.220703125,1.0,"Satet International School, Tema Manhean",tabular,xgboost,h168,2026-01-04T23:00:00,2026-01-18T23:00:00,2026-02-15T23:00:00,,,42.0
2026-01-26 13:00:00,37.3,68.98895263671875,1.0,"Satet International School, Tema Manhean",tabular,xgboost,h168,2026-01-04T23:00:00,2026-01-18T23:00:00,2026-02-15T23:00:00,,,42.0
2026-01-26 14:00:00,36.2,72.42013549804688,1.0,"Satet International School, Tema Manhean",tabular,xgboost,h168,2026-01-04T23:00:00,2026-01-18T23:00:00,2026-02-15T23:00:00,,,42.0
2026-01-26 15:00:00,34.8,77.28970336914062,1.0,"Satet International School, Tema Manhean",tabular,xgboost,h168,2026-01-04T23:00:00,2026-01-18T23:00:00,2026-02-15T23:00:00,,,42.0
2026-01-26 16:00:00,37.1,74.03605651855469,1.0,"Satet International School, Tema Manhean",tabular,xgboost,h168,2026-01-04T23:00:00,2026-01-18T23:00:00,2026-02-15T23:00:00,,,42.0
2026-01-26 17:00:00,40.4,83.19915771484375,1.0,"Satet International School, Tema Manhean",tabular,xgboost,h168,2026-01-04T23:00:00,2026-01-18T23:00:00,2026-02-15T23:00:00,,,42.0
2026-01-26 18:00:00,55.8,87.87785339355469,1.0,"Satet International School, Tema Manhean",tabular,xgboost,h168,2026-01-04T23:00:00,2026-01-18T23:00:00,2026-02-15T23:00:00,,,42.0
2026-01-26 19:00:00,55.6,88.08541107177734,1.0,"Satet International School, Tema Manhean",tabular,xgboost,h168,2026-01-04T23:00:00,2026-01-18T23:00:00,2026-02-15T23:00:00,,,42.0
2026-01-26 20:00:00,41.3,88.77690124511719,1.0,"Satet International School, Tema Manhean",tabular,xgboost,h168,2026-01-04T23:00:00,2026-01-18T23:00:00,2026-02-15T23:00:00,,,42.0
2026-01-26 21:00:00,45.8,96.4756088256836,1.0,"Satet International School, Tema Manhean",tabular,xgboost,h168,2026-01-04T23:00:00,2026-01-18T23:00:00,2026-02-15T23:00:00,,,42.0
2026-01-26 22:00:00,59.3,93.7020492553711,1.0,"Satet International School, Tema Manhean",tabular,xgboost,h168,2026-01-04T23:00:00,2026-01-18T23:00:00,2026-02-15T23:00:00,,,42.0
2026-01-26 23:00:00,43.5,102.67330169677734,1.0,"Satet International School, Tema Manhean",tabular,xgboost,h168,2026-01-04T23:00:00,2026-01-18T23:00:00,2026-02-15T23:00:00,,,42.0
2026-01-27 00:00:00,45.0,114.45133972167969,1.0,"Satet International School, Tema Manhean",tabular,xgboost,h168,2026-01-04T23:00:00,2026-01-18T23:00:00,2026-02-15T23:00:00,,,42.0
2026-01-27 01:00:00,52.9,108.00765228271484,1.0,"Satet International School, Tema Manhean",tabular,xgboost,h168,2026-01-04T23:00:00,2026-01-18T23:00:00,2026-02-15T23:00:00,,,42.0
2026-01-27 02:00:00,87.2,122.1684799194336,1.0,"Satet International School, Tema Manhean",tabular,xgboost,h168,2026-01-04T23:00:00,2026-01-18T23:00:00,2026-02-15T23:00:00,,,42.0
2026-01-27 03:00:00,67.8,129.5863800048828,1.0,"Satet International School, Tema Manhean",tabular,xgboost,h168,2026-01-04T23:00:00,2026-01-18T23:00:00,2026-02-15T23:00:00,,,42.0
2026-01-27 04:00:00,71.2,123.572509765625,1.0,"Satet International School, Tema Manhean",tabular,xgboost,h168,2026-01-04T23:00:00,2026-01-18T23:00:00,2026-02-15T23:00:00,,,42.0
2026-01-27 05:00:00,124.6,128.2684326171875,1.0,"Satet International School, Tema Manhean",tabular,xgboost,h168,2026-01-04T23:00:00,2026-01-18T23:00:00,2026-02-15T23:00:00,,,42.0
2026-01-27 06:00:00,112.6,136.12525939941406,1.0,"Satet International School, Tema Manhean",tabular,xgboost,h168,2026-01-04T23:00:00,2026-01-18T23:00:00,2026-02-15T23:00:00,,,42.0
2026-01-27 07:00:00,76.6,117.16056060791016,1.0,"Satet International School, Tema Manhean",tabular,xgboost,h168,2026-01-04T23:00:00,2026-01-18T23:00:00,2026-02-15T23:00:00,,,42.0
2026-01-27 08:00:00,57.2,101.55606842041016,1.0,"Satet International School, Tema Manhean",tabular,xgboost,h168,2026-01-04T23:00:00,2026-01-18T23:00:00,2026-02-15T23:00:00,,,42.0
2026-01-27 09:00:00,46.4,106.9786376953125,1.0,"Satet International School, Tema Manhean",tabular,xgboost,h168,2026-01-04T23:00:00,2026-01-18T23:00:00,2026-02-15T23:00:00,,,42.0
2026-01-27 10:00:00,47.8,96.95610046386719,1.0,"Satet International School, Tema Manhean",tabular,xgboost,h168,2026-01-04T23:00:00,2026-01-18T23:00:00,2026-02-15T23:00:00,,,42.0
2026-01-27 11:00:00,51.4,104.20921325683594,1.0,"Satet International School, Tema Manhean",tabular,xgboost,h168,2026-01-04T23:00:00,2026-01-18T23:00:00,2026-02-15T23:00:00,,,42.0
2026-01-27 12:00:00,50.1,95.06150817871094,1.0,"Satet International School, Tema Manhean",tabular,xgboost,h168,2026-01-04T23:00:00,2026-01-18T23:00:00,2026-02-15T23:00:00,,,42.0
2026-01-27 13:00:00,43.5,85.32698059082031,1.0,"Satet International School, Tema Manhean",tabular,xgboost,h168,2026-01-04T23:00:00,2026-01-18T23:00:00,2026-02-15T23:00:00,,,42.0
2026-01-27 14:00:00,44.3,84.48383331298828,1.0,"Satet International School, Tema Manhean",tabular,xgboost,h168,2026-01-04T23:00:00,2026-01-18T23:00:00,2026-02-15T23:00:00,,,42.0
2026-01-27 15:00:00,42.3,83.04035949707031,1.0,"Satet International School, Tema Manhean",tabular,xgboost,h168,2026-01-04T23:00:00,2026-01-18T23:00:00,2026-02-15T23:00:00,,,42.0
2026-01-27 16:00:00,39.1,84.57662963867188,1.0,"Satet International School, Tema Manhean",tabular,xgboost,h168,2026-01-04T23:00:00,2026-01-18T23:00:00,2026-02-15T23:00:00,,,42.0
2026-01-27 17:00:00,40.6,94.9058837890625,1.0,"Satet International School, Tema Manhean",tabular,xgboost,h168,2026-01-04T23:00:00,2026-01-18T23:00:00,2026-02-15T23:00:00,,,42.0
2026-01-27 18:00:00,43.2,102.48457336425781,1.0,"Satet International School, Tema Manhean",tabular,xgboost,h168,2026-01-04T23:00:00,2026-01-18T23:00:00,2026-02-15T23:00:00,,,42.0
2026-01-27 19:00:00,45.3,97.5,1.0,"Satet International School, Tema Manhean",tabular,xgboost,h168,2026-01-04T23:00:00,2026-01-18T23:00:00,2026-02-15T23:00:00,,,42.0
2026-01-27 20:00:00,42.7,99.58456420898438,1.0,"Satet International School, Tema Manhean",tabular,xgboost,h168,2026-01-04T23:00:00,2026-01-18T23:00:00,2026-02-15T23:00:00,,,42.0
2026-01-27 21:00:00,73.7,110.55313110351562,1.0,"Satet International School, Tema Manhean",tabular,xgboost,h168,2026-01-04T23:00:00,2026-01-18T23:00:00,2026-02-15T23:00:00,,,42.0
2026-01-27 22:00:00,51.0,105.10127258300781,1.0,"Satet International School, Tema Manhean",tabular,xgboost,h168,2026-01-04T23:00:00,2026-01-18T23:00:00,2026-02-15T23:00:00,,,42.0
2026-01-27 23:00:00,56.3,94.39392852783203,1.0,"Satet International School, Tema Manhean",tabular,xgboost,h168,2026-01-04T23:00:00,2026-01-18T23:00:00,2026-02-15T23:00:00,,,42.0
2026-01-28 00:00:00,46.4,94.93461608886719,1.0,"Satet International School, Tema Manhean",tabular,xgboost,h168,2026-01-04T23:00:00,2026-01-18T23:00:00,2026-02-15T23:00:00,,,42.0
2026-01-28 01:00:00,44.2,90.86652374267578,1.0,"Satet International School, Tema Manhean",tabular,xgboost,h168,2026-01-04T23:00:00,2026-01-18T23:00:00,2026-02-15T23:00:00,,,42.0
2026-01-28 02:00:00,48.8,102.99373626708984,1.0,"Satet International School, Tema Manhean",tabular,xgboost,h168,2026-01-04T23:00:00,2026-01-18T23:00:00,2026-02-15T23:00:00,,,42.0
2026-01-28 03:00:00,48.0,113.77063751220703,1.0,"Satet International School, Tema Manhean",tabular,xgboost,h168,2026-01-04T23:00:00,2026-01-18T23:00:00,2026-02-15T23:00:00,,,42.0
2026-01-28 04:00:00,50.4,110.13361358642578,1.0,"Satet International School, Tema Manhean",tabular,xgboost,h168,2026-01-04T23:00:00,2026-01-18T23:00:00,2026-02-15T23:00:00,,,42.0
2026-01-28 05:00:00,67.5,119.38963317871094,1.0,"Satet International School, Tema Manhean",tabular,xgboost,h168,2026-01-04T23:00:00,2026-01-18T23:00:00,2026-02-15T23:00:00,,,42.0
2026-01-28 06:00:00,79.3,121.09571075439453,1.0,"Satet International School, Tema Manhean",tabular,xgboost,h168,2026-01-04T23:00:00,2026-01-18T23:00:00,2026-02-15T23:00:00,,,42.0
2026-01-28 07:00:00,60.2,105.31436157226562,1.0,"Satet International School, Tema Manhean",tabular,xgboost,h168,2026-01-04T23:00:00,2026-01-18T23:00:00,2026-02-15T23:00:00,,,42.0
2026-01-28 08:00:00,60.3,93.5357666015625,1.0,"Satet International School, Tema Manhean",tabular,xgboost,h168,2026-01-04T23:00:00,2026-01-18T23:00:00,2026-02-15T23:00:00,,,42.0
2026-01-28 09:00:00,58.7,90.39959716796875,1.0,"Satet International School, Tema Manhean",tabular,xgboost,h168,2026-01-04T23:00:00,2026-01-18T23:00:00,2026-02-15T23:00:00,,,42.0
2026-01-28 10:00:00,50.7,85.4131088256836,1.0,"Satet International School, Tema Manhean",tabular,xgboost,h168,2026-01-04T23:00:00,2026-01-18T23:00:00,2026-02-15T23:00:00,,,42.0
2026-01-28 11:00:00,60.2,84.04492950439453,1.0,"Satet International School, Tema Manhean",tabular,xgboost,h168,2026-01-04T23:00:00,2026-01-18T23:00:00,2026-02-15T23:00:00,,,42.0
2026-01-28 12:00:00,59.0,67.14789581298828,1.0,"Satet International School, Tema Manhean",tabular,xgboost,h168,2026-01-04T23:00:00,2026-01-18T23:00:00,2026-02-15T23:00:00,,,42.0
2026-01-28 13:00:00,52.7,67.684814453125,1.0,"Satet International School, Tema Manhean",tabular,xgboost,h168,2026-01-04T23:00:00,2026-01-18T23:00:00,2026-02-15T23:00:00,,,42.0
2026-01-28 14:00:00,49.7,63.33186721801758,1.0,"Satet International School, Tema Manhean",tabular,xgboost,h168,2026-01-04T23:00:00,2026-01-18T23:00:00,2026-02-15T23:00:00,,,42.0
2026-01-28 15:00:00,43.6,80.82186126708984,1.0,"Satet International School, Tema Manhean",tabular,xgboost,h168,2026-01-04T23:00:00,2026-01-18T23:00:00,2026-02-15T23:00:00,,,42.0
2026-01-28 16:00:00,44.4,86.20668029785156,1.0,"Satet International School, Tema Manhean",tabular,xgboost,h168,2026-01-04T23:00:00,2026-01-18T23:00:00,2026-02-15T23:00:00,,,42.0
2026-01-28 17:00:00,46.1,86.52973175048828,1.0,"Satet International School, Tema Manhean",tabular,xgboost,h168,2026-01-04T23:00:00,2026-01-18T23:00:00,2026-02-15T23:00:00,,,42.0
2026-01-28 18:00:00,60.8,88.83678436279297,1.0,"Satet International School, Tema Manhean",tabular,xgboost,h168,2026-01-04T23:00:00,2026-01-18T23:00:00,2026-02-15T23:00:00,,,42.0
2026-01-28 19:00:00,49.8,83.01024627685547,1.0,"Satet International School, Tema Manhean",tabular,xgboost,h168,2026-01-04T23:00:00,2026-01-18T23:00:00,2026-02-15T23:00:00,,,42.0
2026-01-28 20:00:00,47.1,80.43728637695312,1.0,"Satet International School, Tema Manhean",tabular,xgboost,h168,2026-01-04T23:00:00,2026-01-18T23:00:00,2026-02-15T23:00:00,,,42.0
2026-01-28 21:00:00,73.8,76.25323486328125,1.0,"Satet International School, Tema Manhean",tabular,xgboost,h168,2026-01-04T23:00:00,2026-01-18T23:00:00,2026-02-15T23:00:00,,,42.0
2026-01-28 22:00:00,73.2,78.975341796875,1.0,"Satet International School, Tema Manhean",tabular,xgboost,h168,2026-01-04T23:00:00,2026-01-18T23:00:00,2026-02-15T23:00:00,,,42.0
2026-01-28 23:00:00,51.3,78.89329528808594,1.0,"Satet International School, Tema Manhean",tabular,xgboost,h168,2026-01-04T23:00:00,2026-01-18T23:00:00,2026-02-15T23:00:00,,,42.0
2026-01-29 00:00:00,50.3,82.58236694335938,1.0,"Satet International School, Tema Manhean",tabular,xgboost,h168,2026-01-04T23:00:00,2026-01-18T23:00:00,2026-02-15T23:00:00,,,42.0
2026-01-29 01:00:00,59.0,81.31977081298828,1.0,"Satet International School, Tema Manhean",tabular,xgboost,h168,2026-01-04T23:00:00,2026-01-18T23:00:00,2026-02-15T23:00:00,,,42.0
2026-01-29 02:00:00,64.8,92.32402801513672,1.0,"Satet International School, Tema Manhean",tabular,xgboost,h168,2026-01-04T23:00:00,2026-01-18T23:00:00,2026-02-15T23:00:00,,,42.0
2026-01-29 03:00:00,57.4,95.82868194580078,1.0,"Satet International School, Tema Manhean",tabular,xgboost,h168,2026-01-04T23:00:00,2026-01-18T23:00:00,2026-02-15T23:00:00,,,42.0
2026-01-29 04:00:00,65.3,98.11026000976562,1.0,"Satet International School, Tema Manhean",tabular,xgboost,h168,2026-01-04T23:00:00,2026-01-18T23:00:00,2026-02-15T23:00:00,,,42.0
2026-01-29 05:00:00,64.4,102.61772155761719,1.0,"Satet International School, Tema Manhean",tabular,xgboost,h168,2026-01-04T23:00:00,2026-01-18T23:00:00,2026-02-15T23:00:00,,,42.0
2026-01-29 06:00:00,65.8,120.0179214477539,1.0,"Satet International School, Tema Manhean",tabular,xgboost,h168,2026-01-04T23:00:00,2026-01-18T23:00:00,2026-02-15T23:00:00,,,42.0
2026-01-29 07:00:00,72.4,106.06526947021484,1.0,"Satet International School, Tema Manhean",tabular,xgboost,h168,2026-01-04T23:00:00,2026-01-18T23:00:00,2026-02-15T23:00:00,,,42.0
2026-01-29 08:00:00,57.1,90.07013702392578,1.0,"Satet International School, Tema Manhean",tabular,xgboost,h168,2026-01-04T23:00:00,2026-01-18T23:00:00,2026-02-15T23:00:00,,,42.0
2026-01-29 09:00:00,55.6,89.7608871459961,1.0,"Satet International School, Tema Manhean",tabular,xgboost,h168,2026-01-04T23:00:00,2026-01-18T23:00:00,2026-02-15T23:00:00,,,42.0
2026-01-29 10:00:00,61.3,86.74144744873047,1.0,"Satet International School, Tema Manhean",tabular,xgboost,h168,2026-01-04T23:00:00,2026-01-18T23:00:00,2026-02-15T23:00:00,,,42.0
2026-01-29 11:00:00,58.0,85.28700256347656,1.0,"Satet International School, Tema Manhean",tabular,xgboost,h168,2026-01-04T23:00:00,2026-01-18T23:00:00,2026-02-15T23:00:00,,,42.0
2026-01-29 12:00:00,61.2,73.13687896728516,1.0,"Satet International School, Tema Manhean",tabular,xgboost,h168,2026-01-04T23:00:00,2026-01-18T23:00:00,2026-02-15T23:00:00,,,42.0
2026-01-29 13:00:00,46.1,67.31430053710938,1.0,"Satet International School, Tema Manhean",tabular,xgboost,h168,2026-01-04T23:00:00,2026-01-18T23:00:00,2026-02-15T23:00:00,,,42.0
2026-01-29 14:00:00,46.0,69.49516296386719,1.0,"Satet International School, Tema Manhean",tabular,xgboost,h168,2026-01-04T23:00:00,2026-01-18T23:00:00,2026-02-15T23:00:00,,,42.0
2026-01-29 15:00:00,45.9,76.4135513305664,1.0,"Satet International School, Tema Manhean",tabular,xgboost,h168,2026-01-04T23:00:00,2026-01-18T23:00:00,2026-02-15T23:00:00,,,42.0
2026-01-29 16:00:00,44.8,89.77567291259766,1.0,"Satet International School, Tema Manhean",tabular,xgboost,h168,2026-01-04T23:00:00,2026-01-18T23:00:00,2026-02-15T23:00:00,,,42.0
2026-01-29 17:00:00,44.5,97.89588928222656,1.0,"Satet International School, Tema Manhean",tabular,xgboost,h168,2026-01-04T23:00:00,2026-01-18T23:00:00,2026-02-15T23:00:00,,,42.0
2026-01-29 18:00:00,46.8,95.19327545166016,1.0,"Satet International School, Tema Manhean",tabular,xgboost,h168,2026-01-04T23:00:00,2026-01-18T23:00:00,2026-02-15T23:00:00,,,42.0
2026-01-29 19:00:00,45.0,76.27670288085938,1.0,"Satet International School, Tema Manhean",tabular,xgboost,h168,2026-01-04T23:00:00,2026-01-18T23:00:00,2026-02-15T23:00:00,,,42.0
2026-01-29 20:00:00,43.3,76.9319076538086,1.0,"Satet International School, Tema Manhean",tabular,xgboost,h168,2026-01-04T23:00:00,2026-01-18T23:00:00,2026-02-15T23:00:00,,,42.0
2026-01-29 21:00:00,43.0,78.19793701171875,1.0,"Satet International School, Tema Manhean",tabular,xgboost,h168,2026-01-04T23:00:00,2026-01-18T23:00:00,2026-02-15T23:00:00,,,42.0
2026-01-29 22:00:00,42.7,84.5595703125,1.0,"Satet International School, Tema Manhean",tabular,xgboost,h168,2026-01-04T23:00:00,2026-01-18T23:00:00,2026-02-15T23:00:00,,,42.0
2026-01-29 23:00:00,43.7,83.27350616455078,1.0,"Satet International School, Tema Manhean",tabular,xgboost,h168,2026-01-04T23:00:00,2026-01-18T23:00:00,2026-02-15T23:00:00,,,42.0
2026-01-30 00:00:00,41.7,82.3363037109375,1.0,"Satet International School, Tema Manhean",tabular,xgboost,h168,2026-01-04T23:00:00,2026-01-18T23:00:00,2026-02-15T23:00:00,,,42.0
2026-01-30 01:00:00,41.9,73.78656005859375,1.0,"Satet International School, Tema Manhean",tabular,xgboost,h168,2026-01-04T23:00:00,2026-01-18T23:00:00,2026-02-15T23:00:00,,,42.0
2026-01-30 02:00:00,41.8,81.87593078613281,1.0,"Satet International School, Tema Manhean",tabular,xgboost,h168,2026-01-04T23:00:00,2026-01-18T23:00:00,2026-02-15T23:00:00,,,42.0
2026-01-30 03:00:00,44.0,95.28116607666016,1.0,"Satet International School, Tema Manhean",tabular,xgboost,h168,2026-01-04T23:00:00,2026-01-18T23:00:00,2026-02-15T23:00:00,,,42.0
2026-01-30 04:00:00,50.3,105.44877624511719,1.0,"Satet International School, Tema Manhean",tabular,xgboost,h168,2026-01-04T23:00:00,2026-01-18T23:00:00,2026-02-15T23:00:00,,,42.0
2026-01-30 05:00:00,56.5,113.97412872314453,1.0,"Satet International School, Tema Manhean",tabular,xgboost,h168,2026-01-04T23:00:00,2026-01-18T23:00:00,2026-02-15T23:00:00,,,42.0
2026-01-30 06:00:00,79.8,118.83356475830078,1.0,"Satet International School, Tema Manhean",tabular,xgboost,h168,2026-01-04T23:00:00,2026-01-18T23:00:00,2026-02-15T23:00:00,,,42.0
2026-01-30 07:00:00,79.7,116.8197021484375,1.0,"Satet International School, Tema Manhean",tabular,xgboost,h168,2026-01-04T23:00:00,2026-01-18T23:00:00,2026-02-15T23:00:00,,,42.0
2026-01-30 08:00:00,52.1,89.65480041503906,1.0,"Satet International School, Tema Manhean",tabular,xgboost,h168,2026-01-04T23:00:00,2026-01-18T23:00:00,2026-02-15T23:00:00,,,42.0
2026-01-30 09:00:00,46.6,90.78154754638672,1.0,"Satet International School, Tema Manhean",tabular,xgboost,h168,2026-01-04T23:00:00,2026-01-18T23:00:00,2026-02-15T23:00:00,,,42.0
2026-01-30 10:00:00,44.4,86.73682403564453,1.0,"Satet International School, Tema Manhean",tabular,xgboost,h168,2026-01-04T23:00:00,2026-01-18T23:00:00,2026-02-15T23:00:00,,,42.0
2026-01-30 11:00:00,45.1,83.16000366210938,1.0,"Satet International School, Tema Manhean",tabular,xgboost,h168,2026-01-04T23:00:00,2026-01-18T23:00:00,2026-02-15T23:00:00,,,42.0
2026-01-30 12:00:00,47.0,81.10855865478516,1.0,"Satet International School, Tema Manhean",tabular,xgboost,h168,2026-01-04T23:00:00,2026-01-18T23:00:00,2026-02-15T23:00:00,,,42.0
2026-01-30 13:00:00,44.2,77.38093566894531,1.0,"Satet International School, Tema Manhean",tabular,xgboost,h168,2026-01-04T23:00:00,2026-01-18T23:00:00,2026-02-15T23:00:00,,,42.0
2026-01-30 14:00:00,40.3,68.03203582763672,1.0,"Satet International School, Tema Manhean",tabular,xgboost,h168,2026-01-04T23:00:00,2026-01-18T23:00:00,2026-02-15T23:00:00,,,42.0
2026-01-30 15:00:00,39.8,73.47373962402344,1.0,"Satet International School, Tema Manhean",tabular,xgboost,h168,2026-01-04T23:00:00,2026-01-18T23:00:00,2026-02-15T23:00:00,,,42.0
2026-01-30 16:00:00,40.1,79.74905395507812,1.0,"Satet International School, Tema Manhean",tabular,xgboost,h168,2026-01-04T23:00:00,2026-01-18T23:00:00,2026-02-15T23:00:00,,,42.0
2026-01-30 17:00:00,42.8,84.29680633544922,1.0,"Satet International School, Tema Manhean",tabular,xgboost,h168,2026-01-04T23:00:00,2026-01-18T23:00:00,2026-02-15T23:00:00,,,42.0
2026-01-30 18:00:00,47.3,83.12696075439453,1.0,"Satet International School, Tema Manhean",tabular,xgboost,h168,2026-01-04T23:00:00,2026-01-18T23:00:00,2026-02-15T23:00:00,,,42.0
2026-01-30 19:00:00,46.6,76.91847229003906,1.0,"Satet International School, Tema Manhean",tabular,xgboost,h168,2026-01-04T23:00:00,2026-01-18T23:00:00,2026-02-15T23:00:00,,,42.0
2026-01-30 20:00:00,43.8,75.53868103027344,1.0,"Satet International School, Tema Manhean",tabular,xgboost,h168,2026-01-04T23:00:00,2026-01-18T23:00:00,2026-02-15T23:00:00,,,42.0
2026-01-30 21:00:00,41.6,70.81138610839844,1.0,"Satet International School, Tema Manhean",tabular,xgboost,h168,2026-01-04T23:00:00,2026-01-18T23:00:00,2026-02-15T23:00:00,,,42.0
2026-01-30 22:00:00,45.6,67.75243377685547,1.0,"Satet International School, Tema Manhean",tabular,xgboost,h168,2026-01-04T23:00:00,2026-01-18T23:00:00,2026-02-15T23:00:00,,,42.0
2026-01-30 23:00:00,43.7,71.48487854003906,1.0,"Satet International School, Tema Manhean",tabular,xgboost,h168,2026-01-04T23:00:00,2026-01-18T23:00:00,2026-02-15T23:00:00,,,42.0
2026-01-31 00:00:00,45.2,71.967529296875,1.0,"Satet International School, Tema Manhean",tabular,xgboost,h168,2026-01-04T23:00:00,2026-01-18T23:00:00,2026-02-15T23:00:00,,,42.0
2026-01-31 01:00:00,47.3,72.73448944091797,1.0,"Satet International School, Tema Manhean",tabular,xgboost,h168,2026-01-04T23:00:00,2026-01-18T23:00:00,2026-02-15T23:00:00,,,42.0
2026-01-31 02:00:00,46.7,78.4333724975586,1.0,"Satet International School, Tema Manhean",tabular,xgboost,h168,2026-01-04T23:00:00,2026-01-18T23:00:00,2026-02-15T23:00:00,,,42.0
2026-01-31 03:00:00,43.1,94.67180633544922,1.0,"Satet International School, Tema Manhean",tabular,xgboost,h168,2026-01-04T23:00:00,2026-01-18T23:00:00,2026-02-15T23:00:00,,,42.0
2026-01-31 04:00:00,45.3,111.33802032470703,1.0,"Satet International School, Tema Manhean",tabular,xgboost,h168,2026-01-04T23:00:00,2026-01-18T23:00:00,2026-02-15T23:00:00,,,42.0
2026-01-31 05:00:00,64.3,120.46270751953125,1.0,"Satet International School, Tema Manhean",tabular,xgboost,h168,2026-01-04T23:00:00,2026-01-18T23:00:00,2026-02-15T23:00:00,,,42.0
2026-01-31 06:00:00,57.5,103.91291809082031,1.0,"Satet International School, Tema Manhean",tabular,xgboost,h168,2026-01-04T23:00:00,2026-01-18T23:00:00,2026-02-15T23:00:00,,,42.0
2026-01-31 07:00:00,78.4,98.1375732421875,1.0,"Satet International School, Tema Manhean",tabular,xgboost,h168,2026-01-04T23:00:00,2026-01-18T23:00:00,2026-02-15T23:00:00,,,42.0
2026-01-31 08:00:00,51.2,94.03145599365234,1.0,"Satet International School, Tema Manhean",tabular,xgboost,h168,2026-01-04T23:00:00,2026-01-18T23:00:00,2026-02-15T23:00:00,,,42.0
2026-01-31 09:00:00,47.1,84.42033386230469,1.0,"Satet International School, Tema Manhean",tabular,xgboost,h168,2026-01-04T23:00:00,2026-01-18T23:00:00,2026-02-15T23:00:00,,,42.0
2026-01-31 10:00:00,46.6,82.93716430664062,1.0,"Satet International School, Tema Manhean",tabular,xgboost,h168,2026-01-04T23:00:00,2026-01-18T23:00:00,2026-02-15T23:00:00,,,42.0
2026-01-31 11:00:00,40.6,74.85061645507812,1.0,"Satet International School, Tema Manhean",tabular,xgboost,h168,2026-01-04T23:00:00,2026-01-18T23:00:00,2026-02-15T23:00:00,,,42.0
2026-01-31 12:00:00,38.3,70.35258483886719,1.0,"Satet International School, Tema Manhean",tabular,xgboost,h168,2026-01-04T23:00:00,2026-01-18T23:00:00,2026-02-15T23:00:00,,,42.0
2026-01-31 13:00:00,39.3,60.79397201538086,1.0,"Satet International School, Tema Manhean",tabular,xgboost,h168,2026-01-04T23:00:00,2026-01-18T23:00:00,2026-02-15T23:00:00,,,42.0
2026-01-31 14:00:00,37.5,59.654850006103516,1.0,"Satet International School, Tema Manhean",tabular,xgboost,h168,2026-01-04T23:00:00,2026-01-18T23:00:00,2026-02-15T23:00:00,,,42.0
2026-01-31 15:00:00,39.9,59.72361755371094,1.0,"Satet International School, Tema Manhean",tabular,xgboost,h168,2026-01-04T23:00:00,2026-01-18T23:00:00,2026-02-15T23:00:00,,,42.0
2026-01-31 16:00:00,41.2,71.4764175415039,1.0,"Satet International School, Tema Manhean",tabular,xgboost,h168,2026-01-04T23:00:00,2026-01-18T23:00:00,2026-02-15T23:00:00,,,42.0
2026-01-31 17:00:00,39.5,72.14714813232422,1.0,"Satet International School, Tema Manhean",tabular,xgboost,h168,2026-01-04T23:00:00,2026-01-18T23:00:00,2026-02-15T23:00:00,,,42.0
2026-01-31 18:00:00,44.5,94.02951049804688,1.0,"Satet International School, Tema Manhean",tabular,xgboost,h168,2026-01-04T23:00:00,2026-01-18T23:00:00,2026-02-15T23:00:00,,,42.0
2026-01-31 19:00:00,40.6,93.07003021240234,1.0,"Satet International School, Tema Manhean",tabular,xgboost,h168,2026-01-04T23:00:00,2026-01-18T23:00:00,2026-02-15T23:00:00,,,42.0
2026-01-31 20:00:00,37.7,81.71663665771484,1.0,"Satet International School, Tema Manhean",tabular,xgboost,h168,2026-01-04T23:00:00,2026-01-18T23:00:00,2026-02-15T23:00:00,,,42.0
2026-01-31 21:00:00,39.3,84.6392593383789,1.0,"Satet International School, Tema Manhean",tabular,xgboost,h168,2026-01-04T23:00:00,2026-01-18T23:00:00,2026-02-15T23:00:00,,,42.0
2026-01-31 22:00:00,47.1,95.86672973632812,1.0,"Satet International School, Tema Manhean",tabular,xgboost,h168,2026-01-04T23:00:00,2026-01-18T23:00:00,2026-02-15T23:00:00,,,42.0
2026-01-31 23:00:00,43.0,105.15984344482422,1.0,"Satet International School, Tema Manhean",tabular,xgboost,h168,2026-01-04T23:00:00,2026-01-18T23:00:00,2026-02-15T23:00:00,,,42.0
2026-02-01 00:00:00,53.2,98.62782287597656,1.0,"Satet International School, Tema Manhean",tabular,xgboost,h168,2026-01-04T23:00:00,2026-01-18T23:00:00,2026-02-15T23:00:00,,,42.0
2026-02-01 01:00:00,46.9,91.01358032226562,1.0,"Satet International School, Tema Manhean",tabular,xgboost,h168,2026-01-04T23:00:00,2026-01-18T23:00:00,2026-02-15T23:00:00,,,42.0
2026-02-01 02:00:00,35.8,102.93412017822266,1.0,"Satet International School, Tema Manhean",tabular,xgboost,h168,2026-01-04T23:00:00,2026-01-18T23:00:00,2026-02-15T23:00:00,,,42.0
2026-02-01 03:00:00,33.9,103.62372589111328,1.0,"Satet International School, Tema Manhean",tabular,xgboost,h168,2026-01-04T23:00:00,2026-01-18T23:00:00,2026-02-15T23:00:00,,,42.0
2026-02-01 04:00:00,37.8,99.76842498779297,1.0,"Satet International School, Tema Manhean",tabular,xgboost,h168,2026-01-04T23:00:00,2026-01-18T23:00:00,2026-02-15T23:00:00,,,42.0
2026-02-01 05:00:00,40.1,107.4771957397461,1.0,"Satet International School, Tema Manhean",tabular,xgboost,h168,2026-01-04T23:00:00,2026-01-18T23:00:00,2026-02-15T23:00:00,,,42.0
2026-02-01 06:00:00,53.0,112.2959213256836,1.0,"Satet International School, Tema Manhean",tabular,xgboost,h168,2026-01-04T23:00:00,2026-01-18T23:00:00,2026-02-15T23:00:00,,,42.0
2026-02-01 07:00:00,58.5,99.85073852539062,1.0,"Satet International School, Tema Manhean",tabular,xgboost,h168,2026-01-04T23:00:00,2026-01-18T23:00:00,2026-02-15T23:00:00,,,42.0
2026-02-01 08:00:00,47.5,90.6140365600586,1.0,"Satet International School, Tema Manhean",tabular,xgboost,h168,2026-01-04T23:00:00,2026-01-18T23:00:00,2026-02-15T23:00:00,,,42.0
2026-02-01 09:00:00,47.3,89.0190658569336,1.0,"Satet International School, Tema Manhean",tabular,xgboost,h168,2026-01-04T23:00:00,2026-01-18T23:00:00,2026-02-15T23:00:00,,,42.0
2026-02-01 10:00:00,43.1,89.30054473876953,1.0,"Satet International School, Tema Manhean",tabular,xgboost,h168,2026-01-04T23:00:00,2026-01-18T23:00:00,2026-02-15T23:00:00,,,42.0
2026-02-01 11:00:00,36.7,86.12794494628906,1.0,"Satet International School, Tema Manhean",tabular,xgboost,h168,2026-01-04T23:00:00,2026-01-18T23:00:00,2026-02-15T23:00:00,,,42.0
2026-02-01 12:00:00,36.6,76.07469940185547,1.0,"Satet International School, Tema Manhean",tabular,xgboost,h168,2026-01-04T23:00:00,2026-01-18T23:00:00,2026-02-15T23:00:00,,,42.0
2026-02-01 13:00:00,32.9,73.12045288085938,1.0,"Satet International School, Tema Manhean",tabular,xgboost,h168,2026-01-04T23:00:00,2026-01-18T23:00:00,2026-02-15T23:00:00,,,42.0
2026-02-01 14:00:00,35.0,83.94439697265625,1.0,"Satet International School, Tema Manhean",tabular,xgboost,h168,2026-01-04T23:00:00,2026-01-18T23:00:00,2026-02-15T23:00:00,,,42.0
2026-02-01 15:00:00,35.5,63.40255355834961,1.0,"Satet International School, Tema Manhean",tabular,xgboost,h168,2026-01-04T23:00:00,2026-01-18T23:00:00,2026-02-15T23:00:00,,,42.0
2026-02-01 16:00:00,35.8,81.64891052246094,1.0,"Satet International School, Tema Manhean",tabular,xgboost,h168,2026-01-04T23:00:00,2026-01-18T23:00:00,2026-02-15T23:00:00,,,42.0
2026-02-01 17:00:00,35.0,93.66858673095703,1.0,"Satet International School, Tema Manhean",tabular,xgboost,h168,2026-01-04T23:00:00,2026-01-18T23:00:00,2026-02-15T23:00:00,,,42.0
2026-02-01 18:00:00,39.9,89.97994995117188,1.0,"Satet International School, Tema Manhean",tabular,xgboost,h168,2026-01-04T23:00:00,2026-01-18T23:00:00,2026-02-15T23:00:00,,,42.0
2026-02-01 19:00:00,37.1,90.77230072021484,1.0,"Satet International School, Tema Manhean",tabular,xgboost,h168,2026-01-04T23:00:00,2026-01-18T23:00:00,2026-02-15T23:00:00,,,42.0
2026-02-01 20:00:00,51.3,83.7313003540039,1.0,"Satet International School, Tema Manhean",tabular,xgboost,h168,2026-01-04T23:00:00,2026-01-18T23:00:00,2026-02-15T23:00:00,,,42.0
2026-02-01 21:00:00,37.8,79.81200408935547,1.0,"Satet International School, Tema Manhean",tabular,xgboost,h168,2026-01-04T23:00:00,2026-01-18T23:00:00,2026-02-15T23:00:00,,,42.0
2026-02-01 22:00:00,37.1,75.95088958740234,1.0,"Satet International School, Tema Manhean",tabular,xgboost,h168,2026-01-04T23:00:00,2026-01-18T23:00:00,2026-02-15T23:00:00,,,42.0
2026-02-01 23:00:00,35.3,88.56851959228516,1.0,"Satet International School, Tema Manhean",tabular,xgboost,h168,2026-01-04T23:00:00,2026-01-18T23:00:00,2026-02-15T23:00:00,,,42.0
2026-02-02 00:00:00,38.5,108.75575256347656,1.0,"Satet International School, Tema Manhean",tabular,xgboost,h168,2026-01-04T23:00:00,2026-01-18T23:00:00,2026-02-15T23:00:00,,,42.0
2026-02-02 01:00:00,37.1,110.83585357666016,1.0,"Satet International School, Tema Manhean",tabular,xgboost,h168,2026-01-04T23:00:00,2026-01-18T23:00:00,2026-02-15T23:00:00,,,42.0
2026-02-02 02:00:00,34.5,114.22623443603516,1.0,"Satet International School, Tema Manhean",tabular,xgboost,h168,2026-01-04T23:00:00,2026-01-18T23:00:00,2026-02-15T23:00:00,,,42.0
2026-02-02 03:00:00,44.6,117.89826202392578,1.0,"Satet International School, Tema Manhean",tabular,xgboost,h168,2026-01-04T23:00:00,2026-01-18T23:00:00,2026-02-15T23:00:00,,,42.0
2026-02-02 04:00:00,40.6,128.38418579101562,1.0,"Satet International School, Tema Manhean",tabular,xgboost,h168,2026-01-04T23:00:00,2026-01-18T23:00:00,2026-02-15T23:00:00,,,42.0
2026-02-02 05:00:00,57.6,127.95620727539062,1.0,"Satet International School, Tema Manhean",tabular,xgboost,h168,2026-01-04T23:00:00,2026-01-18T23:00:00,2026-02-15T23:00:00,,,42.0
2026-02-02 06:00:00,59.9,118.12442779541016,1.0,"Satet International School, Tema Manhean",tabular,xgboost,h168,2026-01-04T23:00:00,2026-01-18T23:00:00,2026-02-15T23:00:00,,,42.0
2026-02-02 07:00:00,88.6,110.07185363769531,1.0,"Satet International School, Tema Manhean",tabular,xgboost,h168,2026-01-04T23:00:00,2026-01-18T23:00:00,2026-02-15T23:00:00,,,42.0
2026-02-02 08:00:00,49.3,104.06476593017578,1.0,"Satet International School, Tema Manhean",tabular,xgboost,h168,2026-01-04T23:00:00,2026-01-18T23:00:00,2026-02-15T23:00:00,,,42.0
2026-02-02 09:00:00,44.5,96.34635925292969,1.0,"Satet International School, Tema Manhean",tabular,xgboost,h168,2026-01-04T23:00:00,2026-01-18T23:00:00,2026-02-15T23:00:00,,,42.0
2026-02-02 10:00:00,33.0,96.30042266845703,1.0,"Satet International School, Tema Manhean",tabular,xgboost,h168,2026-01-04T23:00:00,2026-01-18T23:00:00,2026-02-15T23:00:00,,,42.0
2026-02-02 11:00:00,30.4,78.207763671875,1.0,"Satet International School, Tema Manhean",tabular,xgboost,h168,2026-01-04T23:00:00,2026-01-18T23:00:00,2026-02-15T23:00:00,,,42.0
2026-02-02 12:00:00,32.4,70.0574722290039,1.0,"Satet International School, Tema Manhean",tabular,xgboost,h168,2026-01-04T23:00:00,2026-01-18T23:00:00,2026-02-15T23:00:00,,,42.0
2026-02-02 13:00:00,29.7,65.58092498779297,1.0,"Satet International School, Tema Manhean",tabular,xgboost,h168,2026-01-04T23:00:00,2026-01-18T23:00:00,2026-02-15T23:00:00,,,42.0
2026-02-02 14:00:00,33.2,59.779457092285156,1.0,"Satet International School, Tema Manhean",tabular,xgboost,h168,2026-01-04T23:00:00,2026-01-18T23:00:00,2026-02-15T23:00:00,,,42.0
2026-02-02 15:00:00,34.9,64.83133697509766,1.0,"Satet International School, Tema Manhean",tabular,xgboost,h168,2026-01-04T23:00:00,2026-01-18T23:00:00,2026-02-15T23:00:00,,,42.0
2026-02-02 16:00:00,39.2,71.67157745361328,1.0,"Satet International School, Tema Manhean",tabular,xgboost,h168,2026-01-04T23:00:00,2026-01-18T23:00:00,2026-02-15T23:00:00,,,42.0
2026-02-02 17:00:00,41.7,82.73152160644531,1.0,"Satet International School, Tema Manhean",tabular,xgboost,h168,2026-01-04T23:00:00,2026-01-18T23:00:00,2026-02-15T23:00:00,,,42.0
2026-02-02 18:00:00,39.9,90.4826889038086,1.0,"Satet International School, Tema Manhean",tabular,xgboost,h168,2026-01-04T23:00:00,2026-01-18T23:00:00,2026-02-15T23:00:00,,,42.0
2026-02-02 19:00:00,40.2,85.10165405273438,1.0,"Satet International School, Tema Manhean",tabular,xgboost,h168,2026-01-04T23:00:00,2026-01-18T23:00:00,2026-02-15T23:00:00,,,42.0
2026-02-02 20:00:00,44.2,90.46430206298828,1.0,"Satet International School, Tema Manhean",tabular,xgboost,h168,2026-01-04T23:00:00,2026-01-18T23:00:00,2026-02-15T23:00:00,,,42.0
2026-02-02 21:00:00,38.7,86.15185546875,1.0,"Satet International School, Tema Manhean",tabular,xgboost,h168,2026-01-04T23:00:00,2026-01-18T23:00:00,2026-02-15T23:00:00,,,42.0
2026-02-02 22:00:00,57.3,88.60803985595703,1.0,"Satet International School, Tema Manhean",tabular,xgboost,h168,2026-01-04T23:00:00,2026-01-18T23:00:00,2026-02-15T23:00:00,,,42.0
2026-02-02 23:00:00,93.3,102.14102172851562,1.0,"Satet International School, Tema Manhean",tabular,xgboost,h168,2026-01-04T23:00:00,2026-01-18T23:00:00,2026-02-15T23:00:00,,,42.0
2026-02-03 00:00:00,72.1,111.01863861083984,1.0,"Satet International School, Tema Manhean",tabular,xgboost,h168,2026-01-04T23:00:00,2026-01-18T23:00:00,2026-02-15T23:00:00,,,42.0
2026-02-03 01:00:00,49.3,108.67320251464844,1.0,"Satet International School, Tema Manhean",tabular,xgboost,h168,2026-01-04T23:00:00,2026-01-18T23:00:00,2026-02-15T23:00:00,,,42.0
2026-02-03 02:00:00,43.0,107.18466186523438,1.0,"Satet International School, Tema Manhean",tabular,xgboost,h168,2026-01-04T23:00:00,2026-01-18T23:00:00,2026-02-15T23:00:00,,,42.0
2026-02-03 03:00:00,45.6,109.50080108642578,1.0,"Satet International School, Tema Manhean",tabular,xgboost,h168,2026-01-04T23:00:00,2026-01-18T23:00:00,2026-02-15T23:00:00,,,42.0
2026-02-03 04:00:00,44.1,110.29306030273438,1.0,"Satet International School, Tema Manhean",tabular,xgboost,h168,2026-01-04T23:00:00,2026-01-18T23:00:00,2026-02-15T23:00:00,,,42.0
2026-02-03 05:00:00,103.7,115.73239135742188,1.0,"Satet International School, Tema Manhean",tabular,xgboost,h168,2026-01-04T23:00:00,2026-01-18T23:00:00,2026-02-15T23:00:00,,,42.0
2026-02-03 06:00:00,113.0,114.43767547607422,1.0,"Satet International School, Tema Manhean",tabular,xgboost,h168,2026-01-04T23:00:00,2026-01-18T23:00:00,2026-02-15T23:00:00,,,42.0
2026-02-03 07:00:00,56.6,101.65258026123047,1.0,"Satet International School, Tema Manhean",tabular,xgboost,h168,2026-01-04T23:00:00,2026-01-18T23:00:00,2026-02-15T23:00:00,,,42.0
2026-02-03 08:00:00,40.9,99.72904205322266,1.0,"Satet International School, Tema Manhean",tabular,xgboost,h168,2026-01-04T23:00:00,2026-01-18T23:00:00,2026-02-15T23:00:00,,,42.0
2026-02-03 09:00:00,41.3,94.7231674194336,1.0,"Satet International School, Tema Manhean",tabular,xgboost,h168,2026-01-04T23:00:00,2026-01-18T23:00:00,2026-02-15T23:00:00,,,42.0
2026-02-03 10:00:00,37.4,91.8706283569336,1.0,"Satet International School, Tema Manhean",tabular,xgboost,h168,2026-01-04T23:00:00,2026-01-18T23:00:00,2026-02-15T23:00:00,,,42.0
2026-02-03 11:00:00,43.6,90.61790466308594,1.0,"Satet International School, Tema Manhean",tabular,xgboost,h168,2026-01-04T23:00:00,2026-01-18T23:00:00,2026-02-15T23:00:00,,,42.0
2026-02-03 12:00:00,38.3,70.86693572998047,1.0,"Satet International School, Tema Manhean",tabular,xgboost,h168,2026-01-04T23:00:00,2026-01-18T23:00:00,2026-02-15T23:00:00,,,42.0
2026-02-03 13:00:00,38.3,66.60917663574219,1.0,"Satet International School, Tema Manhean",tabular,xgboost,h168,2026-01-04T23:00:00,2026-01-18T23:00:00,2026-02-15T23:00:00,,,42.0
2026-02-03 14:00:00,28.8,63.0625,1.0,"Satet International School, Tema Manhean",tabular,xgboost,h168,2026-01-04T23:00:00,2026-01-18T23:00:00,2026-02-15T23:00:00,,,42.0
2026-02-03 15:00:00,36.7,90.65245056152344,1.0,"Satet International School, Tema Manhean",tabular,xgboost,h168,2026-01-04T23:00:00,2026-01-18T23:00:00,2026-02-15T23:00:00,,,42.0
2026-02-03 16:00:00,38.1,81.50897216796875,1.0,"Satet International School, Tema Manhean",tabular,xgboost,h168,2026-01-04T23:00:00,2026-01-18T23:00:00,2026-02-15T23:00:00,,,42.0
2026-02-03 17:00:00,40.9,81.2963638305664,1.0,"Satet International School, Tema Manhean",tabular,xgboost,h168,2026-01-04T23:00:00,2026-01-18T23:00:00,2026-02-15T23:00:00,,,42.0
2026-02-03 18:00:00,47.9,96.84677124023438,1.0,"Satet International School, Tema Manhean",tabular,xgboost,h168,2026-01-04T23:00:00,2026-01-18T23:00:00,2026-02-15T23:00:00,,,42.0
2026-02-03 19:00:00,60.6,89.12928009033203,1.0,"Satet International School, Tema Manhean",tabular,xgboost,h168,2026-01-04T23:00:00,2026-01-18T23:00:00,2026-02-15T23:00:00,,,42.0
2026-02-03 20:00:00,75.7,81.11670684814453,1.0,"Satet International School, Tema Manhean",tabular,xgboost,h168,2026-01-04T23:00:00,2026-01-18T23:00:00,2026-02-15T23:00:00,,,42.0
2026-02-03 21:00:00,69.1,77.88733673095703,1.0,"Satet International School, Tema Manhean",tabular,xgboost,h168,2026-01-04T23:00:00,2026-01-18T23:00:00,2026-02-15T23:00:00,,,42.0
2026-02-03 22:00:00,64.7,88.63160705566406,1.0,"Satet International School, Tema Manhean",tabular,xgboost,h168,2026-01-04T23:00:00,2026-01-18T23:00:00,2026-02-15T23:00:00,,,42.0
2026-02-03 23:00:00,96.0,94.45245361328125,1.0,"Satet International School, Tema Manhean",tabular,xgboost,h168,2026-01-04T23:00:00,2026-01-18T23:00:00,2026-02-15T23:00:00,,,42.0
2026-02-04 00:00:00,59.2,95.39789581298828,1.0,"Satet International School, Tema Manhean",tabular,xgboost,h168,2026-01-04T23:00:00,2026-01-18T23:00:00,2026-02-15T23:00:00,,,42.0
2026-02-04 01:00:00,46.5,83.53067016601562,1.0,"Satet International School, Tema Manhean",tabular,xgboost,h168,2026-01-04T23:00:00,2026-01-18T23:00:00,2026-02-15T23:00:00,,,42.0
2026-02-04 02:00:00,62.9,100.31220245361328,1.0,"Satet International School, Tema Manhean",tabular,xgboost,h168,2026-01-04T23:00:00,2026-01-18T23:00:00,2026-02-15T23:00:00,,,42.0
2026-02-04 03:00:00,55.9,114.77079010009766,1.0,"Satet International School, Tema Manhean",tabular,xgboost,h168,2026-01-04T23:00:00,2026-01-18T23:00:00,2026-02-15T23:00:00,,,42.0
2026-02-04 04:00:00,70.1,122.14813232421875,1.0,"Satet International School, Tema Manhean",tabular,xgboost,h168,2026-01-04T23:00:00,2026-01-18T23:00:00,2026-02-15T23:00:00,,,42.0
2026-02-04 05:00:00,87.7,116.27596282958984,1.0,"Satet International School, Tema Manhean",tabular,xgboost,h168,2026-01-04T23:00:00,2026-01-18T23:00:00,2026-02-15T23:00:00,,,42.0
2026-02-04 06:00:00,95.6,124.60855865478516,1.0,"Satet International School, Tema Manhean",tabular,xgboost,h168,2026-01-04T23:00:00,2026-01-18T23:00:00,2026-02-15T23:00:00,,,42.0
2026-02-04 07:00:00,62.5,126.75140380859375,1.0,"Satet International School, Tema Manhean",tabular,xgboost,h168,2026-01-04T23:00:00,2026-01-18T23:00:00,2026-02-15T23:00:00,,,42.0
2026-02-04 08:00:00,56.9,88.20515441894531,1.0,"Satet International School, Tema Manhean",tabular,xgboost,h168,2026-01-04T23:00:00,2026-01-18T23:00:00,2026-02-15T23:00:00,,,42.0
2026-02-04 09:00:00,41.6,92.69664764404297,1.0,"Satet International School, Tema Manhean",tabular,xgboost,h168,2026-01-04T23:00:00,2026-01-18T23:00:00,2026-02-15T23:00:00,,,42.0
2026-02-04 10:00:00,55.3,90.95170593261719,1.0,"Satet International School, Tema Manhean",tabular,xgboost,h168,2026-01-04T23:00:00,2026-01-18T23:00:00,2026-02-15T23:00:00,,,42.0
2026-02-04 11:00:00,39.2,90.15818786621094,1.0,"Satet International School, Tema Manhean",tabular,xgboost,h168,2026-01-04T23:00:00,2026-01-18T23:00:00,2026-02-15T23:00:00,,,42.0
2026-02-04 12:00:00,35.4,84.49544525146484,1.0,"Satet International School, Tema Manhean",tabular,xgboost,h168,2026-01-04T23:00:00,2026-01-18T23:00:00,2026-02-15T23:00:00,,,42.0
2026-02-04 13:00:00,36.6,90.20791625976562,1.0,"Satet International School, Tema Manhean",tabular,xgboost,h168,2026-01-04T23:00:00,2026-01-18T23:00:00,2026-02-15T23:00:00,,,42.0
2026-02-04 14:00:00,38.8,93.23436737060547,1.0,"Satet International School, Tema Manhean",tabular,xgboost,h168,2026-01-04T23:00:00,2026-01-18T23:00:00,2026-02-15T23:00:00,,,42.0
2026-02-04 15:00:00,32.8,88.08734130859375,1.0,"Satet International School, Tema Manhean",tabular,xgboost,h168,2026-01-04T23:00:00,2026-01-18T23:00:00,2026-02-15T23:00:00,,,42.0
2026-02-04 16:00:00,34.1,83.3028564453125,1.0,"Satet International School, Tema Manhean",tabular,xgboost,h168,2026-01-04T23:00:00,2026-01-18T23:00:00,2026-02-15T23:00:00,,,42.0
2026-02-04 17:00:00,34.4,87.36958312988281,1.0,"Satet International School, Tema Manhean",tabular,xgboost,h168,2026-01-04T23:00:00,2026-01-18T23:00:00,2026-02-15T23:00:00,,,42.0
2026-02-04 18:00:00,42.4,96.70230865478516,1.0,"Satet International School, Tema Manhean",tabular,xgboost,h168,2026-01-04T23:00:00,2026-01-18T23:00:00,2026-02-15T23:00:00,,,42.0
2026-02-04 19:00:00,32.7,95.75984191894531,1.0,"Satet International School, Tema Manhean",tabular,xgboost,h168,2026-01-04T23:00:00,2026-01-18T23:00:00,2026-02-15T23:00:00,,,42.0
2026-02-04 20:00:00,27.1,91.6696548461914,1.0,"Satet International School, Tema Manhean",tabular,xgboost,h168,2026-01-04T23:00:00,2026-01-18T23:00:00,2026-02-15T23:00:00,,,42.0
2026-02-04 21:00:00,30.0,93.52188873291016,1.0,"Satet International School, Tema Manhean",tabular,xgboost,h168,2026-01-04T23:00:00,2026-01-18T23:00:00,2026-02-15T23:00:00,,,42.0
2026-02-04 22:00:00,37.1,105.03530883789062,1.0,"Satet International School, Tema Manhean",tabular,xgboost,h168,2026-01-04T23:00:00,2026-01-18T23:00:00,2026-02-15T23:00:00,,,42.0
2026-02-04 23:00:00,35.1,105.95954895019531,1.0,"Satet International School, Tema Manhean",tabular,xgboost,h168,2026-01-04T23:00:00,2026-01-18T23:00:00,2026-02-15T23:00:00,,,42.0
2026-02-05 00:00:00,46.6,117.4859390258789,1.0,"Satet International School, Tema Manhean",tabular,xgboost,h168,2026-01-04T23:00:00,2026-01-18T23:00:00,2026-02-15T23:00:00,,,42.0
2026-02-05 01:00:00,43.0,113.0409927368164,1.0,"Satet International School, Tema Manhean",tabular,xgboost,h168,2026-01-04T23:00:00,2026-01-18T23:00:00,2026-02-15T23:00:00,,,42.0
2026-02-05 02:00:00,58.3,127.8429183959961,1.0,"Satet International School, Tema Manhean",tabular,xgboost,h168,2026-01-04T23:00:00,2026-01-18T23:00:00,2026-02-15T23:00:00,,,42.0
2026-02-05 03:00:00,42.9,118.33314514160156,1.0,"Satet International School, Tema Manhean",tabular,xgboost,h168,2026-01-04T23:00:00,2026-01-18T23:00:00,2026-02-15T23:00:00,,,42.0
2026-02-05 04:00:00,42.9,129.6439971923828,1.0,"Satet International School, Tema Manhean",tabular,xgboost,h168,2026-01-04T23:00:00,2026-01-18T23:00:00,2026-02-15T23:00:00,,,42.0
2026-02-05 05:00:00,107.6,121.70549774169922,1.0,"Satet International School, Tema Manhean",tabular,xgboost,h168,2026-01-04T23:00:00,2026-01-18T23:00:00,2026-02-15T23:00:00,,,42.0
2026-02-05 06:00:00,50.5,109.8941421508789,1.0,"Satet International School, Tema Manhean",tabular,xgboost,h168,2026-01-04T23:00:00,2026-01-18T23:00:00,2026-02-15T23:00:00,,,42.0
2026-02-05 07:00:00,46.2,115.252685546875,1.0,"Satet International School, Tema Manhean",tabular,xgboost,h168,2026-01-04T23:00:00,2026-01-18T23:00:00,2026-02-15T23:00:00,,,42.0
2026-02-05 08:00:00,34.5,92.85205841064453,1.0,"Satet International School, Tema Manhean",tabular,xgboost,h168,2026-01-04T23:00:00,2026-01-18T23:00:00,2026-02-15T23:00:00,,,42.0
2026-02-05 09:00:00,26.6,93.64537048339844,1.0,"Satet International School, Tema Manhean",tabular,xgboost,h168,2026-01-04T23:00:00,2026-01-18T23:00:00,2026-02-15T23:00:00,,,42.0
2026-02-05 10:00:00,22.1,97.28839111328125,1.0,"Satet International School, Tema Manhean",tabular,xgboost,h168,2026-01-04T23:00:00,2026-01-18T23:00:00,2026-02-15T23:00:00,,,42.0
2026-02-05 11:00:00,30.2,92.96739959716797,1.0,"Satet International School, Tema Manhean",tabular,xgboost,h168,2026-01-04T23:00:00,2026-01-18T23:00:00,2026-02-15T23:00:00,,,42.0
2026-02-05 12:00:00,25.8,80.30677032470703,1.0,"Satet International School, Tema Manhean",tabular,xgboost,h168,2026-01-04T23:00:00,2026-01-18T23:00:00,2026-02-15T23:00:00,,,42.0
2026-02-05 13:00:00,21.3,91.14599609375,1.0,"Satet International School, Tema Manhean",tabular,xgboost,h168,2026-01-04T23:00:00,2026-01-18T23:00:00,2026-02-15T23:00:00,,,42.0
2026-02-05 14:00:00,21.0,89.97614288330078,1.0,"Satet International School, Tema Manhean",tabular,xgboost,h168,2026-01-04T23:00:00,2026-01-18T23:00:00,2026-02-15T23:00:00,,,42.0
2026-02-05 15:00:00,24.6,90.73573303222656,1.0,"Satet International School, Tema Manhean",tabular,xgboost,h168,2026-01-04T23:00:00,2026-01-18T23:00:00,2026-02-15T23:00:00,,,42.0
2026-02-05 16:00:00,26.9,90.2496566772461,1.0,"Satet International School, Tema Manhean",tabular,xgboost,h168,2026-01-04T23:00:00,2026-01-18T23:00:00,2026-02-15T23:00:00,,,42.0
2026-02-05 17:00:00,27.9,103.5094223022461,1.0,"Satet International School, Tema Manhean",tabular,xgboost,h168,2026-01-04T23:00:00,2026-01-18T23:00:00,2026-02-15T23:00:00,,,42.0
2026-02-05 18:00:00,38.6,99.04761505126953,1.0,"Satet International School, Tema Manhean",tabular,xgboost,h168,2026-01-04T23:00:00,2026-01-18T23:00:00,2026-02-15T23:00:00,,,42.0
2026-02-05 19:00:00,32.0,98.45836639404297,1.0,"Satet International School, Tema Manhean",tabular,xgboost,h168,2026-01-04T23:00:00,2026-01-18T23:00:00,2026-02-15T23:00:00,,,42.0
2026-02-05 20:00:00,27.9,97.59022521972656,1.0,"Satet International School, Tema Manhean",tabular,xgboost,h168,2026-01-04T23:00:00,2026-01-18T23:00:00,2026-02-15T23:00:00,,,42.0
2026-02-05 21:00:00,26.2,96.3512954711914,1.0,"Satet International School, Tema Manhean",tabular,xgboost,h168,2026-01-04T23:00:00,2026-01-18T23:00:00,2026-02-15T23:00:00,,,42.0
2026-02-05 22:00:00,32.6,105.79820251464844,1.0,"Satet International School, Tema Manhean",tabular,xgboost,h168,2026-01-04T23:00:00,2026-01-18T23:00:00,2026-02-15T23:00:00,,,42.0
2026-02-05 23:00:00,29.5,108.2588119506836,1.0,"Satet International School, Tema Manhean",tabular,xgboost,h168,2026-01-04T23:00:00,2026-01-18T23:00:00,2026-02-15T23:00:00,,,42.0
2026-02-06 00:00:00,32.2,105.66264343261719,1.0,"Satet International School, Tema Manhean",tabular,xgboost,h168,2026-01-04T23:00:00,2026-01-18T23:00:00,2026-02-15T23:00:00,,,42.0
2026-02-06 01:00:00,24.5,103.17577362060547,1.0,"Satet International School, Tema Manhean",tabular,xgboost,h168,2026-01-04T23:00:00,2026-01-18T23:00:00,2026-02-15T23:00:00,,,42.0
2026-02-06 02:00:00,26.4,116.207763671875,1.0,"Satet International School, Tema Manhean",tabular,xgboost,h168,2026-01-04T23:00:00,2026-01-18T23:00:00,2026-02-15T23:00:00,,,42.0
2026-02-06 03:00:00,26.9,120.11550903320312,1.0,"Satet International School, Tema Manhean",tabular,xgboost,h168,2026-01-04T23:00:00,2026-01-18T23:00:00,2026-02-15T23:00:00,,,42.0
2026-02-06 04:00:00,32.5,133.27586364746094,1.0,"Satet International School, Tema Manhean",tabular,xgboost,h168,2026-01-04T23:00:00,2026-01-18T23:00:00,2026-02-15T23:00:00,,,42.0
2026-02-06 05:00:00,43.6,135.2150421142578,1.0,"Satet International School, Tema Manhean",tabular,xgboost,h168,2026-01-04T23:00:00,2026-01-18T23:00:00,2026-02-15T23:00:00,,,42.0
2026-02-06 06:00:00,47.7,141.075439453125,1.0,"Satet International School, Tema Manhean",tabular,xgboost,h168,2026-01-04T23:00:00,2026-01-18T23:00:00,2026-02-15T23:00:00,,,42.0
2026-02-06 07:00:00,65.9,131.88954162597656,1.0,"Satet International School, Tema Manhean",tabular,xgboost,h168,2026-01-04T23:00:00,2026-01-18T23:00:00,2026-02-15T23:00:00,,,42.0
2026-02-06 08:00:00,43.2,113.42569732666016,1.0,"Satet International School, Tema Manhean",tabular,xgboost,h168,2026-01-04T23:00:00,2026-01-18T23:00:00,2026-02-15T23:00:00,,,42.0
2026-02-06 09:00:00,29.5,99.8623275756836,1.0,"Satet International School, Tema Manhean",tabular,xgboost,h168,2026-01-04T23:00:00,2026-01-18T23:00:00,2026-02-15T23:00:00,,,42.0
2026-02-06 10:00:00,21.3,96.03437805175781,1.0,"Satet International School, Tema Manhean",tabular,xgboost,h168,2026-01-04T23:00:00,2026-01-18T23:00:00,2026-02-15T23:00:00,,,42.0
2026-02-06 11:00:00,21.4,94.61125183105469,1.0,"Satet International School, Tema Manhean",tabular,xgboost,h168,2026-01-04T23:00:00,2026-01-18T23:00:00,2026-02-15T23:00:00,,,42.0
2026-02-06 12:00:00,23.9,97.81531524658203,1.0,"Satet International School, Tema Manhean",tabular,xgboost,h168,2026-01-04T23:00:00,2026-01-18T23:00:00,2026-02-15T23:00:00,,,42.0
2026-02-06 13:00:00,24.1,96.06737518310547,1.0,"Satet International School, Tema Manhean",tabular,xgboost,h168,2026-01-04T23:00:00,2026-01-18T23:00:00,2026-02-15T23:00:00,,,42.0
2026-02-06 14:00:00,24.9,84.84998321533203,1.0,"Satet International School, Tema Manhean",tabular,xgboost,h168,2026-01-04T23:00:00,2026-01-18T23:00:00,2026-02-15T23:00:00,,,42.0
2026-02-06 15:00:00,31.0,100.31480407714844,1.0,"Satet International School, Tema Manhean",tabular,xgboost,h168,2026-01-04T23:00:00,2026-01-18T23:00:00,2026-02-15T23:00:00,,,42.0
2026-02-06 16:00:00,34.8,96.03263854980469,1.0,"Satet International School, Tema Manhean",tabular,xgboost,h168,2026-01-04T23:00:00,2026-01-18T23:00:00,2026-02-15T23:00:00,,,42.0
2026-02-06 17:00:00,37.1,110.02418518066406,1.0,"Satet International School, Tema Manhean",tabular,xgboost,h168,2026-01-04T23:00:00,2026-01-18T23:00:00,2026-02-15T23:00:00,,,42.0
2026-02-06 18:00:00,43.9,109.85453796386719,1.0,"Satet International School, Tema Manhean",tabular,xgboost,h168,2026-01-04T23:00:00,2026-01-18T23:00:00,2026-02-15T23:00:00,,,42.0
2026-02-06 19:00:00,40.0,104.6221694946289,1.0,"Satet International School, Tema Manhean",tabular,xgboost,h168,2026-01-04T23:00:00,2026-01-18T23:00:00,2026-02-15T23:00:00,,,42.0
2026-02-06 20:00:00,28.6,98.58580017089844,1.0,"Satet International School, Tema Manhean",tabular,xgboost,h168,2026-01-04T23:00:00,2026-01-18T23:00:00,2026-02-15T23:00:00,,,42.0
2026-02-06 21:00:00,45.4,106.87601470947266,1.0,"Satet International School, Tema Manhean",tabular,xgboost,h168,2026-01-04T23:00:00,2026-01-18T23:00:00,2026-02-15T23:00:00,,,42.0
2026-02-06 22:00:00,33.0,110.84276580810547,1.0,"Satet International School, Tema Manhean",tabular,xgboost,h168,2026-01-04T23:00:00,2026-01-18T23:00:00,2026-02-15T23:00:00,,,42.0
2026-02-06 23:00:00,35.4,105.31888580322266,1.0,"Satet International School, Tema Manhean",tabular,xgboost,h168,2026-01-04T23:00:00,2026-01-18T23:00:00,2026-02-15T23:00:00,,,42.0
2026-02-07 00:00:00,30.0,105.5755615234375,1.0,"Satet International School, Tema Manhean",tabular,xgboost,h168,2026-01-04T23:00:00,2026-01-18T23:00:00,2026-02-15T23:00:00,,,42.0
2026-02-07 01:00:00,26.4,111.78750610351562,1.0,"Satet International School, Tema Manhean",tabular,xgboost,h168,2026-01-04T23:00:00,2026-01-18T23:00:00,2026-02-15T23:00:00,,,42.0
2026-02-07 02:00:00,23.6,103.31771850585938,1.0,"Satet International School, Tema Manhean",tabular,xgboost,h168,2026-01-04T23:00:00,2026-01-18T23:00:00,2026-02-15T23:00:00,,,42.0
2026-02-07 03:00:00,30.2,112.00476837158203,1.0,"Satet International School, Tema Manhean",tabular,xgboost,h168,2026-01-04T23:00:00,2026-01-18T23:00:00,2026-02-15T23:00:00,,,42.0
2026-02-07 04:00:00,36.9,108.19989013671875,1.0,"Satet International School, Tema Manhean",tabular,xgboost,h168,2026-01-04T23:00:00,2026-01-18T23:00:00,2026-02-15T23:00:00,,,42.0
2026-02-07 05:00:00,54.3,119.15177154541016,1.0,"Satet International School, Tema Manhean",tabular,xgboost,h168,2026-01-04T23:00:00,2026-01-18T23:00:00,2026-02-15T23:00:00,,,42.0
2026-02-07 06:00:00,69.6,127.83638000488281,1.0,"Satet International School, Tema Manhean",tabular,xgboost,h168,2026-01-04T23:00:00,2026-01-18T23:00:00,2026-02-15T23:00:00,,,42.0
2026-02-07 07:00:00,68.2,124.44135284423828,1.0,"Satet International School, Tema Manhean",tabular,xgboost,h168,2026-01-04T23:00:00,2026-01-18T23:00:00,2026-02-15T23:00:00,,,42.0
2026-02-07 08:00:00,50.3,105.73501586914062,1.0,"Satet International School, Tema Manhean",tabular,xgboost,h168,2026-01-04T23:00:00,2026-01-18T23:00:00,2026-02-15T23:00:00,,,42.0
2026-02-07 09:00:00,36.2,102.88184356689453,1.0,"Satet International School, Tema Manhean",tabular,xgboost,h168,2026-01-04T23:00:00,2026-01-18T23:00:00,2026-02-15T23:00:00,,,42.0
2026-02-07 10:00:00,25.2,123.11975860595703,1.0,"Satet International School, Tema Manhean",tabular,xgboost,h168,2026-01-04T23:00:00,2026-01-18T23:00:00,2026-02-15T23:00:00,,,42.0
2026-02-07 11:00:00,28.1,112.2193374633789,1.0,"Satet International School, Tema Manhean",tabular,xgboost,h168,2026-01-04T23:00:00,2026-01-18T23:00:00,2026-02-15T23:00:00,,,42.0
2026-02-07 12:00:00,32.4,95.46168518066406,1.0,"Satet International School, Tema Manhean",tabular,xgboost,h168,2026-01-04T23:00:00,2026-01-18T23:00:00,2026-02-15T23:00:00,,,42.0
2026-02-07 13:00:00,27.3,93.91558837890625,1.0,"Satet International School, Tema Manhean",tabular,xgboost,h168,2026-01-04T23:00:00,2026-01-18T23:00:00,2026-02-15T23:00:00,,,42.0
2026-02-07 14:00:00,27.0,95.63981628417969,1.0,"Satet International School, Tema Manhean",tabular,xgboost,h168,2026-01-04T23:00:00,2026-01-18T23:00:00,2026-02-15T23:00:00,,,42.0
2026-02-07 15:00:00,25.4,104.17937469482422,1.0,"Satet International School, Tema Manhean",tabular,xgboost,h168,2026-01-04T23:00:00,2026-01-18T23:00:00,2026-02-15T23:00:00,,,42.0
2026-02-07 16:00:00,23.3,101.44357299804688,1.0,"Satet International School, Tema Manhean",tabular,xgboost,h168,2026-01-04T23:00:00,2026-01-18T23:00:00,2026-02-15T23:00:00,,,42.0
2026-02-07 17:00:00,26.6,103.31065368652344,1.0,"Satet International School, Tema Manhean",tabular,xgboost,h168,2026-01-04T23:00:00,2026-01-18T23:00:00,2026-02-15T23:00:00,,,42.0
2026-02-07 18:00:00,31.6,110.29411315917969,1.0,"Satet International School, Tema Manhean",tabular,xgboost,h168,2026-01-04T23:00:00,2026-01-18T23:00:00,2026-02-15T23:00:00,,,42.0
2026-02-07 19:00:00,28.3,110.69363403320312,1.0,"Satet International School, Tema Manhean",tabular,xgboost,h168,2026-01-04T23:00:00,2026-01-18T23:00:00,2026-02-15T23:00:00,,,42.0
2026-02-07 20:00:00,27.6,101.88371276855469,1.0,"Satet International School, Tema Manhean",tabular,xgboost,h168,2026-01-04T23:00:00,2026-01-18T23:00:00,2026-02-15T23:00:00,,,42.0
2026-02-07 21:00:00,68.7,109.39686584472656,1.0,"Satet International School, Tema Manhean",tabular,xgboost,h168,2026-01-04T23:00:00,2026-01-18T23:00:00,2026-02-15T23:00:00,,,42.0
2026-02-07 22:00:00,46.7,103.94902801513672,1.0,"Satet International School, Tema Manhean",tabular,xgboost,h168,2026-01-04T23:00:00,2026-01-18T23:00:00,2026-02-15T23:00:00,,,42.0
2026-02-07 23:00:00,62.2,101.07365417480469,1.0,"Satet International School, Tema Manhean",tabular,xgboost,h168,2026-01-04T23:00:00,2026-01-18T23:00:00,2026-02-15T23:00:00,,,42.0
2026-02-08 00:00:00,51.4,105.53614807128906,1.0,"Satet International School, Tema Manhean",tabular,xgboost,h168,2026-01-04T23:00:00,2026-01-18T23:00:00,2026-02-15T23:00:00,,,42.0
2026-02-08 01:00:00,46.9,102.75255584716797,1.0,"Satet International School, Tema Manhean",tabular,xgboost,h168,2026-01-04T23:00:00,2026-01-18T23:00:00,2026-02-15T23:00:00,,,42.0
2026-02-08 02:00:00,37.1,108.86286163330078,1.0,"Satet International School, Tema Manhean",tabular,xgboost,h168,2026-01-04T23:00:00,2026-01-18T23:00:00,2026-02-15T23:00:00,,,42.0
2026-02-08 03:00:00,48.1,110.7410659790039,1.0,"Satet International School, Tema Manhean",tabular,xgboost,h168,2026-01-04T23:00:00,2026-01-18T23:00:00,2026-02-15T23:00:00,,,42.0
2026-02-08 04:00:00,42.6,131.68479919433594,1.0,"Satet International School, Tema Manhean",tabular,xgboost,h168,2026-01-04T23:00:00,2026-01-18T23:00:00,2026-02-15T23:00:00,,,42.0
2026-02-08 05:00:00,45.7,137.36231994628906,1.0,"Satet International School, Tema Manhean",tabular,xgboost,h168,2026-01-04T23:00:00,2026-01-18T23:00:00,2026-02-15T23:00:00,,,42.0
2026-02-08 06:00:00,53.5,139.46148681640625,1.0,"Satet International School, Tema Manhean",tabular,xgboost,h168,2026-01-04T23:00:00,2026-01-18T23:00:00,2026-02-15T23:00:00,,,42.0
2026-02-08 07:00:00,58.1,127.70914459228516,1.0,"Satet International School, Tema Manhean",tabular,xgboost,h168,2026-01-04T23:00:00,2026-01-18T23:00:00,2026-02-15T23:00:00,,,42.0
2026-02-08 08:00:00,47.0,119.63880920410156,1.0,"Satet International School, Tema Manhean",tabular,xgboost,h168,2026-01-04T23:00:00,2026-01-18T23:00:00,2026-02-15T23:00:00,,,42.0
2026-02-08 09:00:00,43.3,138.71376037597656,1.0,"Satet International School, Tema Manhean",tabular,xgboost,h168,2026-01-04T23:00:00,2026-01-18T23:00:00,2026-02-15T23:00:00,,,42.0
2026-02-08 10:00:00,41.6,132.5803985595703,1.0,"Satet International School, Tema Manhean",tabular,xgboost,h168,2026-01-04T23:00:00,2026-01-18T23:00:00,2026-02-15T23:00:00,,,42.0
2026-02-08 11:00:00,31.9,136.54910278320312,1.0,"Satet International School, Tema Manhean",tabular,xgboost,h168,2026-01-04T23:00:00,2026-01-18T23:00:00,2026-02-15T23:00:00,,,42.0
2026-02-08 12:00:00,23.6,133.20330810546875,1.0,"Satet International School, Tema Manhean",tabular,xgboost,h168,2026-01-04T23:00:00,2026-01-18T23:00:00,2026-02-15T23:00:00,,,42.0
2026-02-08 13:00:00,21.3,105.38397979736328,1.0,"Satet International School, Tema Manhean",tabular,xgboost,h168,2026-01-04T23:00:00,2026-01-18T23:00:00,2026-02-15T23:00:00,,,42.0
2026-02-08 14:00:00,26.8,99.75194549560547,1.0,"Satet International School, Tema Manhean",tabular,xgboost,h168,2026-01-04T23:00:00,2026-01-18T23:00:00,2026-02-15T23:00:00,,,42.0
2026-02-08 15:00:00,24.4,93.37580108642578,1.0,"Satet International School, Tema Manhean",tabular,xgboost,h168,2026-01-04T23:00:00,2026-01-18T23:00:00,2026-02-15T23:00:00,,,42.0
2026-02-08 16:00:00,23.1,101.6832504272461,1.0,"Satet International School, Tema Manhean",tabular,xgboost,h168,2026-01-04T23:00:00,2026-01-18T23:00:00,2026-02-15T23:00:00,,,42.0
2026-02-08 17:00:00,23.1,107.15575408935547,1.0,"Satet International School, Tema Manhean",tabular,xgboost,h168,2026-01-04T23:00:00,2026-01-18T23:00:00,2026-02-15T23:00:00,,,42.0
2026-02-08 18:00:00,27.8,110.93628692626953,1.0,"Satet International School, Tema Manhean",tabular,xgboost,h168,2026-01-04T23:00:00,2026-01-18T23:00:00,2026-02-15T23:00:00,,,42.0
2026-02-08 19:00:00,27.8,110.94821166992188,1.0,"Satet International School, Tema Manhean",tabular,xgboost,h168,2026-01-04T23:00:00,2026-01-18T23:00:00,2026-02-15T23:00:00,,,42.0
2026-02-08 20:00:00,29.9,107.47821807861328,1.0,"Satet International School, Tema Manhean",tabular,xgboost,h168,2026-01-04T23:00:00,2026-01-18T23:00:00,2026-02-15T23:00:00,,,42.0
2026-02-08 21:00:00,27.2,111.34690856933594,1.0,"Satet International School, Tema Manhean",tabular,xgboost,h168,2026-01-04T23:00:00,2026-01-18T23:00:00,2026-02-15T23:00:00,,,42.0
2026-02-08 22:00:00,40.1,118.54949188232422,1.0,"Satet International School, Tema Manhean",tabular,xgboost,h168,2026-01-04T23:00:00,2026-01-18T23:00:00,2026-02-15T23:00:00,,,42.0
2026-02-08 23:00:00,29.0,120.76408386230469,1.0,"Satet International School, Tema Manhean",tabular,xgboost,h168,2026-01-04T23:00:00,2026-01-18T23:00:00,2026-02-15T23:00:00,,,42.0
2026-02-09 00:00:00,25.4,123.6047134399414,1.0,"Satet International School, Tema Manhean",tabular,xgboost,h168,2026-01-04T23:00:00,2026-01-18T23:00:00,2026-02-15T23:00:00,,,42.0
2026-02-09 01:00:00,21.4,126.48890686035156,1.0,"Satet International School, Tema Manhean",tabular,xgboost,h168,2026-01-04T23:00:00,2026-01-18T23:00:00,2026-02-15T23:00:00,,,42.0
2026-02-09 02:00:00,22.6,133.01853942871094,1.0,"Satet International School, Tema Manhean",tabular,xgboost,h168,2026-01-04T23:00:00,2026-01-18T23:00:00,2026-02-15T23:00:00,,,42.0
2026-02-09 03:00:00,24.8,134.20745849609375,1.0,"Satet International School, Tema Manhean",tabular,xgboost,h168,2026-01-04T23:00:00,2026-01-18T23:00:00,2026-02-15T23:00:00,,,42.0
2026-02-09 04:00:00,27.3,132.34649658203125,1.0,"Satet International School, Tema Manhean",tabular,xgboost,h168,2026-01-04T23:00:00,2026-01-18T23:00:00,2026-02-15T23:00:00,,,42.0
2026-02-09 05:00:00,41.3,138.21437072753906,1.0,"Satet International School, Tema Manhean",tabular,xgboost,h168,2026-01-04T23:00:00,2026-01-18T23:00:00,2026-02-15T23:00:00,,,42.0
2026-02-09 06:00:00,45.7,140.98085021972656,1.0,"Satet International School, Tema Manhean",tabular,xgboost,h168,2026-01-04T23:00:00,2026-01-18T23:00:00,2026-02-15T23:00:00,,,42.0
2026-02-09 07:00:00,39.7,131.23910522460938,1.0,"Satet International School, Tema Manhean",tabular,xgboost,h168,2026-01-04T23:00:00,2026-01-18T23:00:00,2026-02-15T23:00:00,,,42.0
2026-02-09 08:00:00,38.2,106.69722747802734,1.0,"Satet International School, Tema Manhean",tabular,xgboost,h168,2026-01-04T23:00:00,2026-01-18T23:00:00,2026-02-15T23:00:00,,,42.0
2026-02-09 09:00:00,34.4,111.75194549560547,1.0,"Satet International School, Tema Manhean",tabular,xgboost,h168,2026-01-04T23:00:00,2026-01-18T23:00:00,2026-02-15T23:00:00,,,42.0
2026-02-09 10:00:00,33.7,106.96280670166016,1.0,"Satet International School, Tema Manhean",tabular,xgboost,h168,2026-01-04T23:00:00,2026-01-18T23:00:00,2026-02-15T23:00:00,,,42.0
2026-02-09 11:00:00,23.7,121.70880126953125,1.0,"Satet International School, Tema Manhean",tabular,xgboost,h168,2026-01-04T23:00:00,2026-01-18T23:00:00,2026-02-15T23:00:00,,,42.0
2026-02-09 12:00:00,22.6,114.98399353027344,1.0,"Satet International School, Tema Manhean",tabular,xgboost,h168,2026-01-04T23:00:00,2026-01-18T23:00:00,2026-02-15T23:00:00,,,42.0
2026-02-09 13:00:00,23.8,122.61417388916016,1.0,"Satet International School, Tema Manhean",tabular,xgboost,h168,2026-01-04T23:00:00,2026-01-18T23:00:00,2026-02-15T23:00:00,,,42.0
2026-02-09 14:00:00,22.5,116.71393585205078,1.0,"Satet International School, Tema Manhean",tabular,xgboost,h168,2026-01-04T23:00:00,2026-01-18T23:00:00,2026-02-15T23:00:00,,,42.0
2026-02-09 15:00:00,23.1,120.5440444946289,1.0,"Satet International School, Tema Manhean",tabular,xgboost,h168,2026-01-04T23:00:00,2026-01-18T23:00:00,2026-02-15T23:00:00,,,42.0
2026-02-09 16:00:00,25.2,118.59310150146484,1.0,"Satet International School, Tema Manhean",tabular,xgboost,h168,2026-01-04T23:00:00,2026-01-18T23:00:00,2026-02-15T23:00:00,,,42.0
2026-02-09 17:00:00,34.1,129.69764709472656,1.0,"Satet International School, Tema Manhean",tabular,xgboost,h168,2026-01-04T23:00:00,2026-01-18T23:00:00,2026-02-15T23:00:00,,,42.0
2026-02-09 18:00:00,30.6,119.60987854003906,1.0,"Satet International School, Tema Manhean",tabular,xgboost,h168,2026-01-04T23:00:00,2026-01-18T23:00:00,2026-02-15T23:00:00,,,42.0
2026-02-09 19:00:00,31.0,120.05009460449219,1.0,"Satet International School, Tema Manhean",tabular,xgboost,h168,2026-01-04T23:00:00,2026-01-18T23:00:00,2026-02-15T23:00:00,,,42.0
2026-02-09 20:00:00,32.8,110.09770965576172,1.0,"Satet International School, Tema Manhean",tabular,xgboost,h168,2026-01-04T23:00:00,2026-01-18T23:00:00,2026-02-15T23:00:00,,,42.0
2026-02-09 21:00:00,33.9,111.78885650634766,1.0,"Satet International School, Tema Manhean",tabular,xgboost,h168,2026-01-04T23:00:00,2026-01-18T23:00:00,2026-02-15T23:00:00,,,42.0
2026-02-09 22:00:00,45.3,115.63146209716797,1.0,"Satet International School, Tema Manhean",tabular,xgboost,h168,2026-01-04T23:00:00,2026-01-18T23:00:00,2026-02-15T23:00:00,,,42.0
2026-02-09 23:00:00,41.4,122.63265228271484,1.0,"Satet International School, Tema Manhean",tabular,xgboost,h168,2026-01-04T23:00:00,2026-01-18T23:00:00,2026-02-15T23:00:00,,,42.0
2026-02-10 00:00:00,36.6,120.2851791381836,1.0,"Satet International School, Tema Manhean",tabular,xgboost,h168,2026-01-04T23:00:00,2026-01-18T23:00:00,2026-02-15T23:00:00,,,42.0
2026-02-10 01:00:00,35.0,122.69092559814453,1.0,"Satet International School, Tema Manhean",tabular,xgboost,h168,2026-01-04T23:00:00,2026-01-18T23:00:00,2026-02-15T23:00:00,,,42.0
2026-02-10 02:00:00,42.0,124.26170349121094,1.0,"Satet International School, Tema Manhean",tabular,xgboost,h168,2026-01-04T23:00:00,2026-01-18T23:00:00,2026-02-15T23:00:00,,,42.0
2026-02-10 03:00:00,58.4,109.964111328125,1.0,"Satet International School, Tema Manhean",tabular,xgboost,h168,2026-01-04T23:00:00,2026-01-18T23:00:00,2026-02-15T23:00:00,,,42.0
2026-02-10 04:00:00,61.3,107.91170501708984,1.0,"Satet International School, Tema Manhean",tabular,xgboost,h168,2026-01-04T23:00:00,2026-01-18T23:00:00,2026-02-15T23:00:00,,,42.0
2026-02-10 05:00:00,53.5,118.40538024902344,1.0,"Satet International School, Tema Manhean",tabular,xgboost,h168,2026-01-04T23:00:00,2026-01-18T23:00:00,2026-02-15T23:00:00,,,42.0
2026-02-10 06:00:00,95.5,134.47625732421875,1.0,"Satet International School, Tema Manhean",tabular,xgboost,h168,2026-01-04T23:00:00,2026-01-18T23:00:00,2026-02-15T23:00:00,,,42.0
2026-02-10 07:00:00,56.5,130.48077392578125,1.0,"Satet International School, Tema Manhean",tabular,xgboost,h168,2026-01-04T23:00:00,2026-01-18T23:00:00,2026-02-15T23:00:00,,,42.0
2026-02-10 08:00:00,37.6,105.87997436523438,1.0,"Satet International School, Tema Manhean",tabular,xgboost,h168,2026-01-04T23:00:00,2026-01-18T23:00:00,2026-02-15T23:00:00,,,42.0
2026-02-10 09:00:00,27.4,100.33340454101562,1.0,"Satet International School, Tema Manhean",tabular,xgboost,h168,2026-01-04T23:00:00,2026-01-18T23:00:00,2026-02-15T23:00:00,,,42.0
2026-02-10 10:00:00,25.2,89.44913482666016,1.0,"Satet International School, Tema Manhean",tabular,xgboost,h168,2026-01-04T23:00:00,2026-01-18T23:00:00,2026-02-15T23:00:00,,,42.0
2026-02-10 11:00:00,20.3,94.76362609863281,1.0,"Satet International School, Tema Manhean",tabular,xgboost,h168,2026-01-04T23:00:00,2026-01-18T23:00:00,2026-02-15T23:00:00,,,42.0
2026-02-10 12:00:00,17.9,83.61846160888672,1.0,"Satet International School, Tema Manhean",tabular,xgboost,h168,2026-01-04T23:00:00,2026-01-18T23:00:00,2026-02-15T23:00:00,,,42.0
2026-02-10 13:00:00,19.9,94.98554229736328,1.0,"Satet International School, Tema Manhean",tabular,xgboost,h168,2026-01-04T23:00:00,2026-01-18T23:00:00,2026-02-15T23:00:00,,,42.0
2026-02-10 14:00:00,20.9,99.18087005615234,1.0,"Satet International School, Tema Manhean",tabular,xgboost,h168,2026-01-04T23:00:00,2026-01-18T23:00:00,2026-02-15T23:00:00,,,42.0
2026-02-10 15:00:00,19.7,116.77467346191406,1.0,"Satet International School, Tema Manhean",tabular,xgboost,h168,2026-01-04T23:00:00,2026-01-18T23:00:00,2026-02-15T23:00:00,,,42.0
2026-02-10 16:00:00,20.1,118.98664093017578,1.0,"Satet International School, Tema Manhean",tabular,xgboost,h168,2026-01-04T23:00:00,2026-01-18T23:00:00,2026-02-15T23:00:00,,,42.0
2026-02-10 17:00:00,23.0,98.05023193359375,1.0,"Satet International School, Tema Manhean",tabular,xgboost,h168,2026-01-04T23:00:00,2026-01-18T23:00:00,2026-02-15T23:00:00,,,42.0
2026-02-10 18:00:00,34.6,119.69554901123047,1.0,"Satet International School, Tema Manhean",tabular,xgboost,h168,2026-01-04T23:00:00,2026-01-18T23:00:00,2026-02-15T23:00:00,,,42.0
2026-02-10 19:00:00,6.1,93.54168701171875,1.0,"Satet International School, Tema Manhean",tabular,xgboost,h168,2026-01-04T23:00:00,2026-01-18T23:00:00,2026-02-15T23:00:00,,,42.0
2026-02-10 20:00:00,13.2,87.9937744140625,1.0,"Satet International School, Tema Manhean",tabular,xgboost,h168,2026-01-04T23:00:00,2026-01-18T23:00:00,2026-02-15T23:00:00,,,42.0
2026-02-10 21:00:00,22.2,93.76593780517578,1.0,"Satet International School, Tema Manhean",tabular,xgboost,h168,2026-01-04T23:00:00,2026-01-18T23:00:00,2026-02-15T23:00:00,,,42.0
2026-02-10 22:00:00,42.7,85.38595581054688,1.0,"Satet International School, Tema Manhean",tabular,xgboost,h168,2026-01-04T23:00:00,2026-01-18T23:00:00,2026-02-15T23:00:00,,,42.0
2026-02-10 23:00:00,47.8,92.60112762451172,1.0,"Satet International School, Tema Manhean",tabular,xgboost,h168,2026-01-04T23:00:00,2026-01-18T23:00:00,2026-02-15T23:00:00,,,42.0
2026-02-11 00:00:00,38.8,115.6624984741211,1.0,"Satet International School, Tema Manhean",tabular,xgboost,h168,2026-01-04T23:00:00,2026-01-18T23:00:00,2026-02-15T23:00:00,,,42.0
2026-02-11 01:00:00,15.0,111.50304412841797,1.0,"Satet International School, Tema Manhean",tabular,xgboost,h168,2026-01-04T23:00:00,2026-01-18T23:00:00,2026-02-15T23:00:00,,,42.0
2026-02-11 02:00:00,24.4,103.88433837890625,1.0,"Satet International School, Tema Manhean",tabular,xgboost,h168,2026-01-04T23:00:00,2026-01-18T23:00:00,2026-02-15T23:00:00,,,42.0
2026-02-11 03:00:00,40.6,102.68620300292969,1.0,"Satet International School, Tema Manhean",tabular,xgboost,h168,2026-01-04T23:00:00,2026-01-18T23:00:00,2026-02-15T23:00:00,,,42.0
2026-02-11 04:00:00,45.7,105.24352264404297,1.0,"Satet International School, Tema Manhean",tabular,xgboost,h168,2026-01-04T23:00:00,2026-01-18T23:00:00,2026-02-15T23:00:00,,,42.0
2026-02-11 05:00:00,63.6,107.60638427734375,1.0,"Satet International School, Tema Manhean",tabular,xgboost,h168,2026-01-04T23:00:00,2026-01-18T23:00:00,2026-02-15T23:00:00,,,42.0
2026-02-11 06:00:00,62.5,128.38514709472656,1.0,"Satet International School, Tema Manhean",tabular,xgboost,h168,2026-01-04T23:00:00,2026-01-18T23:00:00,2026-02-15T23:00:00,,,42.0
2026-02-11 07:00:00,53.0,102.80842590332031,1.0,"Satet International School, Tema Manhean",tabular,xgboost,h168,2026-01-04T23:00:00,2026-01-18T23:00:00,2026-02-15T23:00:00,,,42.0
2026-02-11 08:00:00,59.6,95.67670440673828,1.0,"Satet International School, Tema Manhean",tabular,xgboost,h168,2026-01-04T23:00:00,2026-01-18T23:00:00,2026-02-15T23:00:00,,,42.0
2026-02-11 09:00:00,42.7,97.57350158691406,1.0,"Satet International School, Tema Manhean",tabular,xgboost,h168,2026-01-04T23:00:00,2026-01-18T23:00:00,2026-02-15T23:00:00,,,42.0
2026-02-11 10:00:00,27.2,91.34969329833984,1.0,"Satet International School, Tema Manhean",tabular,xgboost,h168,2026-01-04T23:00:00,2026-01-18T23:00:00,2026-02-15T23:00:00,,,42.0
2026-02-11 11:00:00,32.7,83.72795867919922,1.0,"Satet International School, Tema Manhean",tabular,xgboost,h168,2026-01-04T23:00:00,2026-01-18T23:00:00,2026-02-15T23:00:00,,,42.0
2026-02-11 12:00:00,38.2,87.37069702148438,1.0,"Satet International School, Tema Manhean",tabular,xgboost,h168,2026-01-04T23:00:00,2026-01-18T23:00:00,2026-02-15T23:00:00,,,42.0
2026-02-11 13:00:00,32.1,75.30108642578125,1.0,"Satet International School, Tema Manhean",tabular,xgboost,h168,2026-01-04T23:00:00,2026-01-18T23:00:00,2026-02-15T23:00:00,,,42.0
2026-02-11 14:00:00,20.9,77.9424819946289,1.0,"Satet International School, Tema Manhean",tabular,xgboost,h168,2026-01-04T23:00:00,2026-01-18T23:00:00,2026-02-15T23:00:00,,,42.0
2026-02-11 15:00:00,21.5,79.83319854736328,1.0,"Satet International School, Tema Manhean",tabular,xgboost,h168,2026-01-04T23:00:00,2026-01-18T23:00:00,2026-02-15T23:00:00,,,42.0
2026-02-11 16:00:00,18.3,83.10137939453125,1.0,"Satet International School, Tema Manhean",tabular,xgboost,h168,2026-01-04T23:00:00,2026-01-18T23:00:00,2026-02-15T23:00:00,,,42.0
2026-02-11 17:00:00,25.7,87.50535583496094,1.0,"Satet International School, Tema Manhean",tabular,xgboost,h168,2026-01-04T23:00:00,2026-01-18T23:00:00,2026-02-15T23:00:00,,,42.0
2026-02-11 18:00:00,33.9,95.46861267089844,1.0,"Satet International School, Tema Manhean",tabular,xgboost,h168,2026-01-04T23:00:00,2026-01-18T23:00:00,2026-02-15T23:00:00,,,42.0
2026-02-11 19:00:00,46.3,89.40672302246094,1.0,"Satet International School, Tema Manhean",tabular,xgboost,h168,2026-01-04T23:00:00,2026-01-18T23:00:00,2026-02-15T23:00:00,,,42.0
2026-02-11 20:00:00,45.6,108.73951721191406,1.0,"Satet International School, Tema Manhean",tabular,xgboost,h168,2026-01-04T23:00:00,2026-01-18T23:00:00,2026-02-15T23:00:00,,,42.0
2026-02-11 21:00:00,40.4,94.7953872680664,1.0,"Satet International School, Tema Manhean",tabular,xgboost,h168,2026-01-04T23:00:00,2026-01-18T23:00:00,2026-02-15T23:00:00,,,42.0
2026-02-11 22:00:00,41.7,101.65030670166016,1.0,"Satet International School, Tema Manhean",tabular,xgboost,h168,2026-01-04T23:00:00,2026-01-18T23:00:00,2026-02-15T23:00:00,,,42.0
2026-02-11 23:00:00,64.7,99.56925964355469,1.0,"Satet International School, Tema Manhean",tabular,xgboost,h168,2026-01-04T23:00:00,2026-01-18T23:00:00,2026-02-15T23:00:00,,,42.0
2026-02-12 00:00:00,60.4,107.4406967163086,1.0,"Satet International School, Tema Manhean",tabular,xgboost,h168,2026-01-04T23:00:00,2026-01-18T23:00:00,2026-02-15T23:00:00,,,42.0
2026-02-12 01:00:00,95.0,107.2354736328125,1.0,"Satet International School, Tema Manhean",tabular,xgboost,h168,2026-01-04T23:00:00,2026-01-18T23:00:00,2026-02-15T23:00:00,,,42.0
2026-02-12 02:00:00,107.9,99.9478530883789,1.0,"Satet International School, Tema Manhean",tabular,xgboost,h168,2026-01-04T23:00:00,2026-01-18T23:00:00,2026-02-15T23:00:00,,,42.0
2026-02-12 03:00:00,109.5,107.24188232421875,1.0,"Satet International School, Tema Manhean",tabular,xgboost,h168,2026-01-04T23:00:00,2026-01-18T23:00:00,2026-02-15T23:00:00,,,42.0
2026-02-12 04:00:00,110.4,101.9231948852539,1.0,"Satet International School, Tema Manhean",tabular,xgboost,h168,2026-01-04T23:00:00,2026-01-18T23:00:00,2026-02-15T23:00:00,,,42.0
2026-02-12 05:00:00,146.6,110.90955352783203,1.0,"Satet International School, Tema Manhean",tabular,xgboost,h168,2026-01-04T23:00:00,2026-01-18T23:00:00,2026-02-15T23:00:00,,,42.0
2026-02-12 06:00:00,194.0,100.54998016357422,1.0,"Satet International School, Tema Manhean",tabular,xgboost,h168,2026-01-04T23:00:00,2026-01-18T23:00:00,2026-02-15T23:00:00,,,42.0
2026-02-12 07:00:00,82.2,103.34362030029297,1.0,"Satet International School, Tema Manhean",tabular,xgboost,h168,2026-01-04T23:00:00,2026-01-18T23:00:00,2026-02-15T23:00:00,,,42.0
2026-02-12 08:00:00,52.7,102.12091064453125,1.0,"Satet International School, Tema Manhean",tabular,xgboost,h168,2026-01-04T23:00:00,2026-01-18T23:00:00,2026-02-15T23:00:00,,,42.0
2026-02-12 09:00:00,19.6,96.93193054199219,1.0,"Satet International School, Tema Manhean",tabular,xgboost,h168,2026-01-04T23:00:00,2026-01-18T23:00:00,2026-02-15T23:00:00,,,42.0
2026-02-12 10:00:00,5.0,73.54762268066406,1.0,"Satet International School, Tema Manhean",tabular,xgboost,h168,2026-01-04T23:00:00,2026-01-18T23:00:00,2026-02-15T23:00:00,,,42.0
2026-02-12 11:00:00,4.2,72.00804901123047,1.0,"Satet International School, Tema Manhean",tabular,xgboost,h168,2026-01-04T23:00:00,2026-01-18T23:00:00,2026-02-15T23:00:00,,,42.0
2026-02-12 12:00:00,4.1,76.63066864013672,1.0,"Satet International School, Tema Manhean",tabular,xgboost,h168,2026-01-04T23:00:00,2026-01-18T23:00:00,2026-02-15T23:00:00,,,42.0
2026-02-12 13:00:00,5.4,63.99808120727539,1.0,"Satet International School, Tema Manhean",tabular,xgboost,h168,2026-01-04T23:00:00,2026-01-18T23:00:00,2026-02-15T23:00:00,,,42.0
2026-02-12 14:00:00,6.5,60.132972717285156,1.0,"Satet International School, Tema Manhean",tabular,xgboost,h168,2026-01-04T23:00:00,2026-01-18T23:00:00,2026-02-15T23:00:00,,,42.0
2026-02-12 15:00:00,10.4,76.24773406982422,1.0,"Satet International School, Tema Manhean",tabular,xgboost,h168,2026-01-04T23:00:00,2026-01-18T23:00:00,2026-02-15T23:00:00,,,42.0
2026-02-12 16:00:00,15.0,88.27067565917969,1.0,"Satet International School, Tema Manhean",tabular,xgboost,h168,2026-01-04T23:00:00,2026-01-18T23:00:00,2026-02-15T23:00:00,,,42.0
2026-02-12 17:00:00,22.8,90.81741333007812,1.0,"Satet International School, Tema Manhean",tabular,xgboost,h168,2026-01-04T23:00:00,2026-01-18T23:00:00,2026-02-15T23:00:00,,,42.0
2026-02-12 18:00:00,46.5,92.43878936767578,1.0,"Satet International School, Tema Manhean",tabular,xgboost,h168,2026-01-04T23:00:00,2026-01-18T23:00:00,2026-02-15T23:00:00,,,42.0
2026-02-12 19:00:00,29.7,81.64800262451172,1.0,"Satet International School, Tema Manhean",tabular,xgboost,h168,2026-01-04T23:00:00,2026-01-18T23:00:00,2026-02-15T23:00:00,,,42.0
2026-02-12 20:00:00,20.5,81.21299743652344,1.0,"Satet International School, Tema Manhean",tabular,xgboost,h168,2026-01-04T23:00:00,2026-01-18T23:00:00,2026-02-15T23:00:00,,,42.0
2026-02-12 21:00:00,19.8,92.28627014160156,1.0,"Satet International School, Tema Manhean",tabular,xgboost,h168,2026-01-04T23:00:00,2026-01-18T23:00:00,2026-02-15T23:00:00,,,42.0
2026-02-12 22:00:00,26.6,100.9403305053711,1.0,"Satet International School, Tema Manhean",tabular,xgboost,h168,2026-01-04T23:00:00,2026-01-18T23:00:00,2026-02-15T23:00:00,,,42.0
2026-02-12 23:00:00,27.9,110.8980941772461,1.0,"Satet International School, Tema Manhean",tabular,xgboost,h168,2026-01-04T23:00:00,2026-01-18T23:00:00,2026-02-15T23:00:00,,,42.0
2026-02-13 00:00:00,18.4,113.08930969238281,1.0,"Satet International School, Tema Manhean",tabular,xgboost,h168,2026-01-04T23:00:00,2026-01-18T23:00:00,2026-02-15T23:00:00,,,42.0
2026-02-13 01:00:00,24.9,103.76651763916016,1.0,"Satet International School, Tema Manhean",tabular,xgboost,h168,2026-01-04T23:00:00,2026-01-18T23:00:00,2026-02-15T23:00:00,,,42.0
2026-02-13 02:00:00,27.4,108.10986328125,1.0,"Satet International School, Tema Manhean",tabular,xgboost,h168,2026-01-04T23:00:00,2026-01-18T23:00:00,2026-02-15T23:00:00,,,42.0
2026-02-13 03:00:00,38.6,111.82685852050781,1.0,"Satet International School, Tema Manhean",tabular,xgboost,h168,2026-01-04T23:00:00,2026-01-18T23:00:00,2026-02-15T23:00:00,,,42.0
2026-02-13 04:00:00,77.9,106.03889465332031,1.0,"Satet International School, Tema Manhean",tabular,xgboost,h168,2026-01-04T23:00:00,2026-01-18T23:00:00,2026-02-15T23:00:00,,,42.0
2026-02-13 05:00:00,164.0,109.65418243408203,1.0,"Satet International School, Tema Manhean",tabular,xgboost,h168,2026-01-04T23:00:00,2026-01-18T23:00:00,2026-02-15T23:00:00,,,42.0
2026-02-13 06:00:00,76.4,124.67523193359375,1.0,"Satet International School, Tema Manhean",tabular,xgboost,h168,2026-01-04T23:00:00,2026-01-18T23:00:00,2026-02-15T23:00:00,,,42.0
2026-02-13 07:00:00,42.0,110.75052642822266,1.0,"Satet International School, Tema Manhean",tabular,xgboost,h168,2026-01-04T23:00:00,2026-01-18T23:00:00,2026-02-15T23:00:00,,,42.0
2026-02-13 08:00:00,26.0,91.86945343017578,1.0,"Satet International School, Tema Manhean",tabular,xgboost,h168,2026-01-04T23:00:00,2026-01-18T23:00:00,2026-02-15T23:00:00,,,42.0
2026-02-13 09:00:00,25.4,88.1744613647461,1.0,"Satet International School, Tema Manhean",tabular,xgboost,h168,2026-01-04T23:00:00,2026-01-18T23:00:00,2026-02-15T23:00:00,,,42.0
2026-02-13 10:00:00,10.8,72.73088836669922,1.0,"Satet International School, Tema Manhean",tabular,xgboost,h168,2026-01-04T23:00:00,2026-01-18T23:00:00,2026-02-15T23:00:00,,,42.0
2026-02-13 11:00:00,4.4,79.776611328125,1.0,"Satet International School, Tema Manhean",tabular,xgboost,h168,2026-01-04T23:00:00,2026-01-18T23:00:00,2026-02-15T23:00:00,,,42.0
2026-02-13 12:00:00,4.5,70.43508911132812,1.0,"Satet International School, Tema Manhean",tabular,xgboost,h168,2026-01-04T23:00:00,2026-01-18T23:00:00,2026-02-15T23:00:00,,,42.0
2026-02-13 13:00:00,7.2,69.54015350341797,1.0,"Satet International School, Tema Manhean",tabular,xgboost,h168,2026-01-04T23:00:00,2026-01-18T23:00:00,2026-02-15T23:00:00,,,42.0
2026-02-13 14:00:00,8.5,61.32917022705078,1.0,"Satet International School, Tema Manhean",tabular,xgboost,h168,2026-01-04T23:00:00,2026-01-18T23:00:00,2026-02-15T23:00:00,,,42.0
2026-02-13 15:00:00,9.2,81.28626251220703,1.0,"Satet International School, Tema Manhean",tabular,xgboost,h168,2026-01-04T23:00:00,2026-01-18T23:00:00,2026-02-15T23:00:00,,,42.0
2026-02-13 16:00:00,8.7,77.09847259521484,1.0,"Satet International School, Tema Manhean",tabular,xgboost,h168,2026-01-04T23:00:00,2026-01-18T23:00:00,2026-02-15T23:00:00,,,42.0
2026-02-13 17:00:00,20.9,105.59449005126953,1.0,"Satet International School, Tema Manhean",tabular,xgboost,h168,2026-01-04T23:00:00,2026-01-18T23:00:00,2026-02-15T23:00:00,,,42.0
2026-02-13 18:00:00,20.4,98.22148132324219,1.0,"Satet International School, Tema Manhean",tabular,xgboost,h168,2026-01-04T23:00:00,2026-01-18T23:00:00,2026-02-15T23:00:00,,,42.0
2026-02-13 19:00:00,14.5,93.75386810302734,1.0,"Satet International School, Tema Manhean",tabular,xgboost,h168,2026-01-04T23:00:00,2026-01-18T23:00:00,2026-02-15T23:00:00,,,42.0
2026-02-13 20:00:00,8.9,86.98304748535156,1.0,"Satet International School, Tema Manhean",tabular,xgboost,h168,2026-01-04T23:00:00,2026-01-18T23:00:00,2026-02-15T23:00:00,,,42.0
2026-02-13 21:00:00,9.2,92.91275024414062,1.0,"Satet International School, Tema Manhean",tabular,xgboost,h168,2026-01-04T23:00:00,2026-01-18T23:00:00,2026-02-15T23:00:00,,,42.0
2026-02-13 22:00:00,7.7,97.38185119628906,1.0,"Satet International School, Tema Manhean",tabular,xgboost,h168,2026-01-04T23:00:00,2026-01-18T23:00:00,2026-02-15T23:00:00,,,42.0
2026-02-13 23:00:00,12.6,102.30091094970703,1.0,"Satet International School, Tema Manhean",tabular,xgboost,h168,2026-01-04T23:00:00,2026-01-18T23:00:00,2026-02-15T23:00:00,,,42.0
2026-02-14 00:00:00,14.6,98.86477661132812,1.0,"Satet International School, Tema Manhean",tabular,xgboost,h168,2026-01-04T23:00:00,2026-01-18T23:00:00,2026-02-15T23:00:00,,,42.0
2026-02-14 01:00:00,9.3,94.3127212524414,1.0,"Satet International School, Tema Manhean",tabular,xgboost,h168,2026-01-04T23:00:00,2026-01-18T23:00:00,2026-02-15T23:00:00,,,42.0
2026-02-14 02:00:00,11.7,103.54640197753906,1.0,"Satet International School, Tema Manhean",tabular,xgboost,h168,2026-01-04T23:00:00,2026-01-18T23:00:00,2026-02-15T23:00:00,,,42.0
2026-02-14 03:00:00,20.4,107.72538757324219,1.0,"Satet International School, Tema Manhean",tabular,xgboost,h168,2026-01-04T23:00:00,2026-01-18T23:00:00,2026-02-15T23:00:00,,,42.0
2026-02-14 04:00:00,24.5,123.26588439941406,1.0,"Satet International School, Tema Manhean",tabular,xgboost,h168,2026-01-04T23:00:00,2026-01-18T23:00:00,2026-02-15T23:00:00,,,42.0
2026-02-14 05:00:00,49.8,126.59371185302734,1.0,"Satet International School, Tema Manhean",tabular,xgboost,h168,2026-01-04T23:00:00,2026-01-18T23:00:00,2026-02-15T23:00:00,,,42.0
2026-02-14 06:00:00,50.6,123.36759948730469,1.0,"Satet International School, Tema Manhean",tabular,xgboost,h168,2026-01-04T23:00:00,2026-01-18T23:00:00,2026-02-15T23:00:00,,,42.0
2026-02-14 07:00:00,45.400000000000006,108.54408264160156,1.0,"Satet International School, Tema Manhean",tabular,xgboost,h168,2026-01-04T23:00:00,2026-01-18T23:00:00,2026-02-15T23:00:00,,,42.0
2026-02-14 08:00:00,40.2,92.0666732788086,1.0,"Satet International School, Tema Manhean",tabular,xgboost,h168,2026-01-04T23:00:00,2026-01-18T23:00:00,2026-02-15T23:00:00,,,42.0
2026-02-14 09:00:00,36.3,86.84484100341797,1.0,"Satet International School, Tema Manhean",tabular,xgboost,h168,2026-01-04T23:00:00,2026-01-18T23:00:00,2026-02-15T23:00:00,,,42.0
2026-02-14 10:00:00,20.1,46.86094284057617,1.0,"Satet International School, Tema Manhean",tabular,xgboost,h168,2026-01-04T23:00:00,2026-01-18T23:00:00,2026-02-15T23:00:00,,,42.0
2026-02-14 11:00:00,21.2,49.52126693725586,1.0,"Satet International School, Tema Manhean",tabular,xgboost,h168,2026-01-04T23:00:00,2026-01-18T23:00:00,2026-02-15T23:00:00,,,42.0
2026-02-14 12:00:00,23.5,69.58367156982422,1.0,"Satet International School, Tema Manhean",tabular,xgboost,h168,2026-01-04T23:00:00,2026-01-18T23:00:00,2026-02-15T23:00:00,,,42.0
2026-02-14 13:00:00,20.5,52.71867370605469,1.0,"Satet International School, Tema Manhean",tabular,xgboost,h168,2026-01-04T23:00:00,2026-01-18T23:00:00,2026-02-15T23:00:00,,,42.0
2026-02-14 14:00:00,20.4,96.85362243652344,1.0,"Satet International School, Tema Manhean",tabular,xgboost,h168,2026-01-04T23:00:00,2026-01-18T23:00:00,2026-02-15T23:00:00,,,42.0
2026-02-14 15:00:00,22.1,96.46050262451172,1.0,"Satet International School, Tema Manhean",tabular,xgboost,h168,2026-01-04T23:00:00,2026-01-18T23:00:00,2026-02-15T23:00:00,,,42.0
2026-02-14 16:00:00,42.7,90.5398941040039,1.0,"Satet International School, Tema Manhean",tabular,xgboost,h168,2026-01-04T23:00:00,2026-01-18T23:00:00,2026-02-15T23:00:00,,,42.0
2026-02-14 17:00:00,49.0,93.60228729248047,1.0,"Satet International School, Tema Manhean",tabular,xgboost,h168,2026-01-04T23:00:00,2026-01-18T23:00:00,2026-02-15T23:00:00,,,42.0
2026-02-14 18:00:00,67.3,102.63706970214844,1.0,"Satet International School, Tema Manhean",tabular,xgboost,h168,2026-01-04T23:00:00,2026-01-18T23:00:00,2026-02-15T23:00:00,,,42.0
2026-02-14 19:00:00,71.8,41.58646774291992,1.0,"Satet International School, Tema Manhean",tabular,xgboost,h168,2026-01-04T23:00:00,2026-01-18T23:00:00,2026-02-15T23:00:00,,,42.0
2026-02-14 20:00:00,101.2,41.433448791503906,1.0,"Satet International School, Tema Manhean",tabular,xgboost,h168,2026-01-04T23:00:00,2026-01-18T23:00:00,2026-02-15T23:00:00,,,42.0
2026-02-14 21:00:00,73.9,36.131507873535156,1.0,"Satet International School, Tema Manhean",tabular,xgboost,h168,2026-01-04T23:00:00,2026-01-18T23:00:00,2026-02-15T23:00:00,,,42.0
2026-02-14 22:00:00,55.1,50.760929107666016,1.0,"Satet International School, Tema Manhean",tabular,xgboost,h168,2026-01-04T23:00:00,2026-01-18T23:00:00,2026-02-15T23:00:00,,,42.0
2026-02-14 23:00:00,107.3,50.745479583740234,1.0,"Satet International School, Tema Manhean",tabular,xgboost,h168,2026-01-04T23:00:00,2026-01-18T23:00:00,2026-02-15T23:00:00,,,42.0
2026-02-15 00:00:00,76.3,58.67823028564453,1.0,"Satet International School, Tema Manhean",tabular,xgboost,h168,2026-01-04T23:00:00,2026-01-18T23:00:00,2026-02-15T23:00:00,,,42.0
2026-02-15 01:00:00,45.9,55.381465911865234,1.0,"Satet International School, Tema Manhean",tabular,xgboost,h168,2026-01-04T23:00:00,2026-01-18T23:00:00,2026-02-15T23:00:00,,,42.0
2026-02-15 02:00:00,44.7,53.0877685546875,1.0,"Satet International School, Tema Manhean",tabular,xgboost,h168,2026-01-04T23:00:00,2026-01-18T23:00:00,2026-02-15T23:00:00,,,42.0
2026-02-15 03:00:00,42.5,70.80972290039062,1.0,"Satet International School, Tema Manhean",tabular,xgboost,h168,2026-01-04T23:00:00,2026-01-18T23:00:00,2026-02-15T23:00:00,,,42.0
2026-02-15 04:00:00,68.2,75.88177490234375,1.0,"Satet International School, Tema Manhean",tabular,xgboost,h168,2026-01-04T23:00:00,2026-01-18T23:00:00,2026-02-15T23:00:00,,,42.0
2026-02-15 05:00:00,146.4,101.69837188720703,1.0,"Satet International School, Tema Manhean",tabular,xgboost,h168,2026-01-04T23:00:00,2026-01-18T23:00:00,2026-02-15T23:00:00,,,42.0
2026-02-15 06:00:00,167.7,98.34361267089844,1.0,"Satet International School, Tema Manhean",tabular,xgboost,h168,2026-01-04T23:00:00,2026-01-18T23:00:00,2026-02-15T23:00:00,,,42.0
2026-02-15 07:00:00,48.4,103.2000732421875,1.0,"Satet International School, Tema Manhean",tabular,xgboost,h168,2026-01-04T23:00:00,2026-01-18T23:00:00,2026-02-15T23:00:00,,,42.0
2026-02-15 08:00:00,31.8,64.42799377441406,1.0,"Satet International School, Tema Manhean",tabular,xgboost,h168,2026-01-04T23:00:00,2026-01-18T23:00:00,2026-02-15T23:00:00,,,42.0
2026-02-15 09:00:00,26.7,38.326080322265625,1.0,"Satet International School, Tema Manhean",tabular,xgboost,h168,2026-01-04T23:00:00,2026-01-18T23:00:00,2026-02-15T23:00:00,,,42.0
2026-02-15 10:00:00,34.3,26.81052589416504,1.0,"Satet International School, Tema Manhean",tabular,xgboost,h168,2026-01-04T23:00:00,2026-01-18T23:00:00,2026-02-15T23:00:00,,,42.0
2026-02-15 11:00:00,23.8,30.13878059387207,1.0,"Satet International School, Tema Manhean",tabular,xgboost,h168,2026-01-04T23:00:00,2026-01-18T23:00:00,2026-02-15T23:00:00,,,42.0
2026-02-15 12:00:00,18.1,23.473764419555664,1.0,"Satet International School, Tema Manhean",tabular,xgboost,h168,2026-01-04T23:00:00,2026-01-18T23:00:00,2026-02-15T23:00:00,,,42.0
2026-02-15 13:00:00,12.2,21.165510177612305,1.0,"Satet International School, Tema Manhean",tabular,xgboost,h168,2026-01-04T23:00:00,2026-01-18T23:00:00,2026-02-15T23:00:00,,,42.0
2026-02-15 14:00:00,14.9,26.359130859375,1.0,"Satet International School, Tema Manhean",tabular,xgboost,h168,2026-01-04T23:00:00,2026-01-18T23:00:00,2026-02-15T23:00:00,,,42.0
2026-02-15 15:00:00,8.5,18.298242568969727,1.0,"Satet International School, Tema Manhean",tabular,xgboost,h168,2026-01-04T23:00:00,2026-01-18T23:00:00,2026-02-15T23:00:00,,,42.0
2026-02-15 16:00:00,9.0,19.6793155670166,1.0,"Satet International School, Tema Manhean",tabular,xgboost,h168,2026-01-04T23:00:00,2026-01-18T23:00:00,2026-02-15T23:00:00,,,42.0
2026-02-15 17:00:00,16.1,24.018327713012695,1.0,"Satet International School, Tema Manhean",tabular,xgboost,h168,2026-01-04T23:00:00,2026-01-18T23:00:00,2026-02-15T23:00:00,,,42.0
2026-02-15 18:00:00,20.1,50.01298141479492,1.0,"Satet International School, Tema Manhean",tabular,xgboost,h168,2026-01-04T23:00:00,2026-01-18T23:00:00,2026-02-15T23:00:00,,,42.0
2026-02-15 19:00:00,24.9,36.02616882324219,1.0,"Satet International School, Tema Manhean",tabular,xgboost,h168,2026-01-04T23:00:00,2026-01-18T23:00:00,2026-02-15T23:00:00,,,42.0
2026-02-15 20:00:00,22.8,39.55183410644531,1.0,"Satet International School, Tema Manhean",tabular,xgboost,h168,2026-01-04T23:00:00,2026-01-18T23:00:00,2026-02-15T23:00:00,,,42.0
2026-02-15 21:00:00,27.8,43.43094253540039,1.0,"Satet International School, Tema Manhean",tabular,xgboost,h168,2026-01-04T23:00:00,2026-01-18T23:00:00,2026-02-15T23:00:00,,,42.0
2026-02-15 22:00:00,18.9,54.057884216308594,1.0,"Satet International School, Tema Manhean",tabular,xgboost,h168,2026-01-04T23:00:00,2026-01-18T23:00:00,2026-02-15T23:00:00,,,42.0
2026-02-15 23:00:00,28.3,62.30260467529297,1.0,"Satet International School, Tema Manhean",tabular,xgboost,h168,2026-01-04T23:00:00,2026-01-18T23:00:00,2026-02-15T23:00:00,,,42.0
2026-01-18 23:00:00,47.9,39.718135833740234,1.0,Tema Community 25 Estate,tabular,xgboost,h168,2026-01-04T23:00:00,2026-01-18T23:00:00,2026-02-15T23:00:00,,,42.0
2026-01-19 00:00:00,45.2,53.79824447631836,1.0,Tema Community 25 Estate,tabular,xgboost,h168,2026-01-04T23:00:00,2026-01-18T23:00:00,2026-02-15T23:00:00,,,42.0
2026-01-19 01:00:00,42.7,53.47365951538086,1.0,Tema Community 25 Estate,tabular,xgboost,h168,2026-01-04T23:00:00,2026-01-18T23:00:00,2026-02-15T23:00:00,,,42.0
2026-01-19 02:00:00,29.8,49.97137451171875,1.0,Tema Community 25 Estate,tabular,xgboost,h168,2026-01-04T23:00:00,2026-01-18T23:00:00,2026-02-15T23:00:00,,,42.0
2026-01-19 03:00:00,26.0,43.33226776123047,1.0,Tema Community 25 Estate,tabular,xgboost,h168,2026-01-04T23:00:00,2026-01-18T23:00:00,2026-02-15T23:00:00,,,42.0
2026-01-19 04:00:00,26.6,41.30922317504883,1.0,Tema Community 25 Estate,tabular,xgboost,h168,2026-01-04T23:00:00,2026-01-18T23:00:00,2026-02-15T23:00:00,,,42.0
2026-01-19 05:00:00,31.5,38.11008071899414,1.0,Tema Community 25 Estate,tabular,xgboost,h168,2026-01-04T23:00:00,2026-01-18T23:00:00,2026-02-15T23:00:00,,,42.0
2026-01-19 06:00:00,34.45,50.3100700378418,1.0,Tema Community 25 Estate,tabular,xgboost,h168,2026-01-04T23:00:00,2026-01-18T23:00:00,2026-02-15T23:00:00,,,42.0
2026-01-19 07:00:00,37.4,49.81061553955078,1.0,Tema Community 25 Estate,tabular,xgboost,h168,2026-01-04T23:00:00,2026-01-18T23:00:00,2026-02-15T23:00:00,,,42.0
2026-01-19 08:00:00,34.6,38.00422286987305,1.0,Tema Community 25 Estate,tabular,xgboost,h168,2026-01-04T23:00:00,2026-01-18T23:00:00,2026-02-15T23:00:00,,,42.0
2026-01-19 09:00:00,31.4,38.606040954589844,1.0,Tema Community 25 Estate,tabular,xgboost,h168,2026-01-04T23:00:00,2026-01-18T23:00:00,2026-02-15T23:00:00,,,42.0
2026-01-19 10:00:00,31.9,39.55679702758789,1.0,Tema Community 25 Estate,tabular,xgboost,h168,2026-01-04T23:00:00,2026-01-18T23:00:00,2026-02-15T23:00:00,,,42.0
2026-01-19 11:00:00,35.1,28.15846824645996,1.0,Tema Community 25 Estate,tabular,xgboost,h168,2026-01-04T23:00:00,2026-01-18T23:00:00,2026-02-15T23:00:00,,,42.0
2026-01-19 12:00:00,32.5,30.62456703186035,1.0,Tema Community 25 Estate,tabular,xgboost,h168,2026-01-04T23:00:00,2026-01-18T23:00:00,2026-02-15T23:00:00,,,42.0
2026-01-19 13:00:00,30.3,26.625343322753906,1.0,Tema Community 25 Estate,tabular,xgboost,h168,2026-01-04T23:00:00,2026-01-18T23:00:00,2026-02-15T23:00:00,,,42.0
2026-01-19 14:00:00,28.1,28.494497299194336,1.0,Tema Community 25 Estate,tabular,xgboost,h168,2026-01-04T23:00:00,2026-01-18T23:00:00,2026-02-15T23:00:00,,,42.0
2026-01-19 15:00:00,27.6,30.80754280090332,1.0,Tema Community 25 Estate,tabular,xgboost,h168,2026-01-04T23:00:00,2026-01-18T23:00:00,2026-02-15T23:00:00,,,42.0
2026-01-19 16:00:00,30.5,33.085182189941406,1.0,Tema Community 25 Estate,tabular,xgboost,h168,2026-01-04T23:00:00,2026-01-18T23:00:00,2026-02-15T23:00:00,,,42.0
2026-01-19 17:00:00,31.4,34.67055130004883,1.0,Tema Community 25 Estate,tabular,xgboost,h168,2026-01-04T23:00:00,2026-01-18T23:00:00,2026-02-15T23:00:00,,,42.0
2026-01-19 18:00:00,34.2,42.04861831665039,1.0,Tema Community 25 Estate,tabular,xgboost,h168,2026-01-04T23:00:00,2026-01-18T23:00:00,2026-02-15T23:00:00,,,42.0
2026-01-19 19:00:00,30.9,44.1106071472168,1.0,Tema Community 25 Estate,tabular,xgboost,h168,2026-01-04T23:00:00,2026-01-18T23:00:00,2026-02-15T23:00:00,,,42.0
2026-01-19 20:00:00,39.0,43.77626419067383,1.0,Tema Community 25 Estate,tabular,xgboost,h168,2026-01-04T23:00:00,2026-01-18T23:00:00,2026-02-15T23:00:00,,,42.0
2026-01-19 21:00:00,27.9,39.98878860473633,1.0,Tema Community 25 Estate,tabular,xgboost,h168,2026-01-04T23:00:00,2026-01-18T23:00:00,2026-02-15T23:00:00,,,42.0
2026-01-19 22:00:00,24.8,47.5711669921875,1.0,Tema Community 25 Estate,tabular,xgboost,h168,2026-01-04T23:00:00,2026-01-18T23:00:00,2026-02-15T23:00:00,,,42.0
2026-01-19 23:00:00,20.2,63.16337966918945,1.0,Tema Community 25 Estate,tabular,xgboost,h168,2026-01-04T23:00:00,2026-01-18T23:00:00,2026-02-15T23:00:00,,,42.0
2026-01-20 00:00:00,19.4,74.04710388183594,1.0,Tema Community 25 Estate,tabular,xgboost,h168,2026-01-04T23:00:00,2026-01-18T23:00:00,2026-02-15T23:00:00,,,42.0
2026-01-20 01:00:00,19.0,60.915489196777344,1.0,Tema Community 25 Estate,tabular,xgboost,h168,2026-01-04T23:00:00,2026-01-18T23:00:00,2026-02-15T23:00:00,,,42.0
2026-01-20 02:00:00,18.8,81.1668930053711,1.0,Tema Community 25 Estate,tabular,xgboost,h168,2026-01-04T23:00:00,2026-01-18T23:00:00,2026-02-15T23:00:00,,,42.0
2026-01-20 03:00:00,19.4,71.52494049072266,1.0,Tema Community 25 Estate,tabular,xgboost,h168,2026-01-04T23:00:00,2026-01-18T23:00:00,2026-02-15T23:00:00,,,42.0
2026-01-20 04:00:00,18.1,69.69213104248047,1.0,Tema Community 25 Estate,tabular,xgboost,h168,2026-01-04T23:00:00,2026-01-18T23:00:00,2026-02-15T23:00:00,,,42.0
2026-01-20 05:00:00,20.0,83.38255310058594,1.0,Tema Community 25 Estate,tabular,xgboost,h168,2026-01-04T23:00:00,2026-01-18T23:00:00,2026-02-15T23:00:00,,,42.0
2026-01-20 06:00:00,24.0,89.70094299316406,1.0,Tema Community 25 Estate,tabular,xgboost,h168,2026-01-04T23:00:00,2026-01-18T23:00:00,2026-02-15T23:00:00,,,42.0
2026-01-20 07:00:00,24.8,78.30624389648438,1.0,Tema Community 25 Estate,tabular,xgboost,h168,2026-01-04T23:00:00,2026-01-18T23:00:00,2026-02-15T23:00:00,,,42.0
2026-01-20 08:00:00,21.9,67.703369140625,1.0,Tema Community 25 Estate,tabular,xgboost,h168,2026-01-04T23:00:00,2026-01-18T23:00:00,2026-02-15T23:00:00,,,42.0
2026-01-20 09:00:00,19.6,64.57781982421875,1.0,Tema Community 25 Estate,tabular,xgboost,h168,2026-01-04T23:00:00,2026-01-18T23:00:00,2026-02-15T23:00:00,,,42.0
2026-01-20 10:00:00,21.0,65.6160659790039,1.0,Tema Community 25 Estate,tabular,xgboost,h168,2026-01-04T23:00:00,2026-01-18T23:00:00,2026-02-15T23:00:00,,,42.0
2026-01-20 11:00:00,21.3,69.26079559326172,1.0,Tema Community 25 Estate,tabular,xgboost,h168,2026-01-04T23:00:00,2026-01-18T23:00:00,2026-02-15T23:00:00,,,42.0
2026-01-20 12:00:00,25.0,65.81489562988281,1.0,Tema Community 25 Estate,tabular,xgboost,h168,2026-01-04T23:00:00,2026-01-18T23:00:00,2026-02-15T23:00:00,,,42.0
2026-01-20 13:00:00,28.8,57.80095672607422,1.0,Tema Community 25 Estate,tabular,xgboost,h168,2026-01-04T23:00:00,2026-01-18T23:00:00,2026-02-15T23:00:00,,,42.0
2026-01-20 14:00:00,26.4,56.112770080566406,1.0,Tema Community 25 Estate,tabular,xgboost,h168,2026-01-04T23:00:00,2026-01-18T23:00:00,2026-02-15T23:00:00,,,42.0
2026-01-20 15:00:00,26.3,57.81098556518555,1.0,Tema Community 25 Estate,tabular,xgboost,h168,2026-01-04T23:00:00,2026-01-18T23:00:00,2026-02-15T23:00:00,,,42.0
2026-01-20 16:00:00,30.4,59.499820709228516,1.0,Tema Community 25 Estate,tabular,xgboost,h168,2026-01-04T23:00:00,2026-01-18T23:00:00,2026-02-15T23:00:00,,,42.0
2026-01-20 17:00:00,26.9,70.55036163330078,1.0,Tema Community 25 Estate,tabular,xgboost,h168,2026-01-04T23:00:00,2026-01-18T23:00:00,2026-02-15T23:00:00,,,42.0
2026-01-20 18:00:00,32.7,70.9273452758789,1.0,Tema Community 25 Estate,tabular,xgboost,h168,2026-01-04T23:00:00,2026-01-18T23:00:00,2026-02-15T23:00:00,,,42.0
2026-01-20 19:00:00,40.5,70.71525573730469,1.0,Tema Community 25 Estate,tabular,xgboost,h168,2026-01-04T23:00:00,2026-01-18T23:00:00,2026-02-15T23:00:00,,,42.0
2026-01-20 20:00:00,40.4,60.957515716552734,1.0,Tema Community 25 Estate,tabular,xgboost,h168,2026-01-04T23:00:00,2026-01-18T23:00:00,2026-02-15T23:00:00,,,42.0
2026-01-20 21:00:00,30.2,61.92072296142578,1.0,Tema Community 25 Estate,tabular,xgboost,h168,2026-01-04T23:00:00,2026-01-18T23:00:00,2026-02-15T23:00:00,,,42.0
2026-01-20 22:00:00,17.9,75.21204376220703,1.0,Tema Community 25 Estate,tabular,xgboost,h168,2026-01-04T23:00:00,2026-01-18T23:00:00,2026-02-15T23:00:00,,,42.0
2026-01-20 23:00:00,8.2,80.1288070678711,1.0,Tema Community 25 Estate,tabular,xgboost,h168,2026-01-04T23:00:00,2026-01-18T23:00:00,2026-02-15T23:00:00,,,42.0
2026-01-21 00:00:00,10.5,87.72773742675781,1.0,Tema Community 25 Estate,tabular,xgboost,h168,2026-01-04T23:00:00,2026-01-18T23:00:00,2026-02-15T23:00:00,,,42.0
2026-01-21 01:00:00,15.0,85.88682556152344,1.0,Tema Community 25 Estate,tabular,xgboost,h168,2026-01-04T23:00:00,2026-01-18T23:00:00,2026-02-15T23:00:00,,,42.0
2026-01-21 02:00:00,17.2,78.24851989746094,1.0,Tema Community 25 Estate,tabular,xgboost,h168,2026-01-04T23:00:00,2026-01-18T23:00:00,2026-02-15T23:00:00,,,42.0
2026-01-21 03:00:00,12.2,83.03202819824219,1.0,Tema Community 25 Estate,tabular,xgboost,h168,2026-01-04T23:00:00,2026-01-18T23:00:00,2026-02-15T23:00:00,,,42.0
2026-01-21 04:00:00,13.7,78.77735137939453,1.0,Tema Community 25 Estate,tabular,xgboost,h168,2026-01-04T23:00:00,2026-01-18T23:00:00,2026-02-15T23:00:00,,,42.0
2026-01-21 05:00:00,18.2,76.89799499511719,1.0,Tema Community 25 Estate,tabular,xgboost,h168,2026-01-04T23:00:00,2026-01-18T23:00:00,2026-02-15T23:00:00,,,42.0
2026-01-21 06:00:00,29.5,93.28695678710938,1.0,Tema Community 25 Estate,tabular,xgboost,h168,2026-01-04T23:00:00,2026-01-18T23:00:00,2026-02-15T23:00:00,,,42.0
2026-01-21 07:00:00,33.7,89.43965911865234,1.0,Tema Community 25 Estate,tabular,xgboost,h168,2026-01-04T23:00:00,2026-01-18T23:00:00,2026-02-15T23:00:00,,,42.0
2026-01-21 08:00:00,20.5,66.27457427978516,1.0,Tema Community 25 Estate,tabular,xgboost,h168,2026-01-04T23:00:00,2026-01-18T23:00:00,2026-02-15T23:00:00,,,42.0
2026-01-21 09:00:00,14.9,56.56785202026367,1.0,Tema Community 25 Estate,tabular,xgboost,h168,2026-01-04T23:00:00,2026-01-18T23:00:00,2026-02-15T23:00:00,,,42.0
2026-01-21 10:00:00,14.3,60.507076263427734,1.0,Tema Community 25 Estate,tabular,xgboost,h168,2026-01-04T23:00:00,2026-01-18T23:00:00,2026-02-15T23:00:00,,,42.0
2026-01-21 11:00:00,19.2,55.63186264038086,1.0,Tema Community 25 Estate,tabular,xgboost,h168,2026-01-04T23:00:00,2026-01-18T23:00:00,2026-02-15T23:00:00,,,42.0
2026-01-21 12:00:00,28.6,56.438194274902344,1.0,Tema Community 25 Estate,tabular,xgboost,h168,2026-01-04T23:00:00,2026-01-18T23:00:00,2026-02-15T23:00:00,,,42.0
2026-01-21 13:00:00,32.6,53.151222229003906,1.0,Tema Community 25 Estate,tabular,xgboost,h168,2026-01-04T23:00:00,2026-01-18T23:00:00,2026-02-15T23:00:00,,,42.0
2026-01-21 14:00:00,33.6,51.35923385620117,1.0,Tema Community 25 Estate,tabular,xgboost,h168,2026-01-04T23:00:00,2026-01-18T23:00:00,2026-02-15T23:00:00,,,42.0
2026-01-21 15:00:00,23.2,51.37295150756836,1.0,Tema Community 25 Estate,tabular,xgboost,h168,2026-01-04T23:00:00,2026-01-18T23:00:00,2026-02-15T23:00:00,,,42.0
2026-01-21 16:00:00,21.7,52.218040466308594,1.0,Tema Community 25 Estate,tabular,xgboost,h168,2026-01-04T23:00:00,2026-01-18T23:00:00,2026-02-15T23:00:00,,,42.0
2026-01-21 17:00:00,22.7,55.4068603515625,1.0,Tema Community 25 Estate,tabular,xgboost,h168,2026-01-04T23:00:00,2026-01-18T23:00:00,2026-02-15T23:00:00,,,42.0
2026-01-21 18:00:00,26.3,62.45230484008789,1.0,Tema Community 25 Estate,tabular,xgboost,h168,2026-01-04T23:00:00,2026-01-18T23:00:00,2026-02-15T23:00:00,,,42.0
2026-01-21 19:00:00,29.2,65.92247772216797,1.0,Tema Community 25 Estate,tabular,xgboost,h168,2026-01-04T23:00:00,2026-01-18T23:00:00,2026-02-15T23:00:00,,,42.0
2026-01-21 20:00:00,25.2,65.97723388671875,1.0,Tema Community 25 Estate,tabular,xgboost,h168,2026-01-04T23:00:00,2026-01-18T23:00:00,2026-02-15T23:00:00,,,42.0
2026-01-21 21:00:00,22.6,67.2953872680664,1.0,Tema Community 25 Estate,tabular,xgboost,h168,2026-01-04T23:00:00,2026-01-18T23:00:00,2026-02-15T23:00:00,,,42.0
2026-01-21 22:00:00,23.8,77.8437728881836,1.0,Tema Community 25 Estate,tabular,xgboost,h168,2026-01-04T23:00:00,2026-01-18T23:00:00,2026-02-15T23:00:00,,,42.0
2026-01-21 23:00:00,27.0,75.68602752685547,1.0,Tema Community 25 Estate,tabular,xgboost,h168,2026-01-04T23:00:00,2026-01-18T23:00:00,2026-02-15T23:00:00,,,42.0
2026-01-22 00:00:00,24.0,91.2081298828125,1.0,Tema Community 25 Estate,tabular,xgboost,h168,2026-01-04T23:00:00,2026-01-18T23:00:00,2026-02-15T23:00:00,,,42.0
2026-01-22 01:00:00,20.0,85.1178207397461,1.0,Tema Community 25 Estate,tabular,xgboost,h168,2026-01-04T23:00:00,2026-01-18T23:00:00,2026-02-15T23:00:00,,,42.0
2026-01-22 02:00:00,23.3,83.119873046875,1.0,Tema Community 25 Estate,tabular,xgboost,h168,2026-01-04T23:00:00,2026-01-18T23:00:00,2026-02-15T23:00:00,,,42.0
2026-01-22 03:00:00,17.1,78.13382720947266,1.0,Tema Community 25 Estate,tabular,xgboost,h168,2026-01-04T23:00:00,2026-01-18T23:00:00,2026-02-15T23:00:00,,,42.0
2026-01-22 04:00:00,18.0,73.70381927490234,1.0,Tema Community 25 Estate,tabular,xgboost,h168,2026-01-04T23:00:00,2026-01-18T23:00:00,2026-02-15T23:00:00,,,42.0
2026-01-22 05:00:00,25.2,73.66209411621094,1.0,Tema Community 25 Estate,tabular,xgboost,h168,2026-01-04T23:00:00,2026-01-18T23:00:00,2026-02-15T23:00:00,,,42.0
2026-01-22 06:00:00,31.1,76.7705307006836,1.0,Tema Community 25 Estate,tabular,xgboost,h168,2026-01-04T23:00:00,2026-01-18T23:00:00,2026-02-15T23:00:00,,,42.0
2026-01-22 07:00:00,26.6,68.36176300048828,1.0,Tema Community 25 Estate,tabular,xgboost,h168,2026-01-04T23:00:00,2026-01-18T23:00:00,2026-02-15T23:00:00,,,42.0
2026-01-22 08:00:00,20.3,53.09731674194336,1.0,Tema Community 25 Estate,tabular,xgboost,h168,2026-01-04T23:00:00,2026-01-18T23:00:00,2026-02-15T23:00:00,,,42.0
2026-01-22 09:00:00,19.2,51.04751205444336,1.0,Tema Community 25 Estate,tabular,xgboost,h168,2026-01-04T23:00:00,2026-01-18T23:00:00,2026-02-15T23:00:00,,,42.0
2026-01-22 10:00:00,25.4,50.35774612426758,1.0,Tema Community 25 Estate,tabular,xgboost,h168,2026-01-04T23:00:00,2026-01-18T23:00:00,2026-02-15T23:00:00,,,42.0
2026-01-22 11:00:00,31.1,52.91938781738281,1.0,Tema Community 25 Estate,tabular,xgboost,h168,2026-01-04T23:00:00,2026-01-18T23:00:00,2026-02-15T23:00:00,,,42.0
2026-01-22 12:00:00,38.6,57.671836853027344,1.0,Tema Community 25 Estate,tabular,xgboost,h168,2026-01-04T23:00:00,2026-01-18T23:00:00,2026-02-15T23:00:00,,,42.0
2026-01-22 13:00:00,45.7,56.72601318359375,1.0,Tema Community 25 Estate,tabular,xgboost,h168,2026-01-04T23:00:00,2026-01-18T23:00:00,2026-02-15T23:00:00,,,42.0
2026-01-22 14:00:00,41.8,55.111507415771484,1.0,Tema Community 25 Estate,tabular,xgboost,h168,2026-01-04T23:00:00,2026-01-18T23:00:00,2026-02-15T23:00:00,,,42.0
2026-01-22 15:00:00,35.7,57.42115783691406,1.0,Tema Community 25 Estate,tabular,xgboost,h168,2026-01-04T23:00:00,2026-01-18T23:00:00,2026-02-15T23:00:00,,,42.0
2026-01-22 16:00:00,29.8,57.57337951660156,1.0,Tema Community 25 Estate,tabular,xgboost,h168,2026-01-04T23:00:00,2026-01-18T23:00:00,2026-02-15T23:00:00,,,42.0
2026-01-22 17:00:00,41.0,56.383026123046875,1.0,Tema Community 25 Estate,tabular,xgboost,h168,2026-01-04T23:00:00,2026-01-18T23:00:00,2026-02-15T23:00:00,,,42.0
2026-01-22 18:00:00,47.5,75.63978576660156,1.0,Tema Community 25 Estate,tabular,xgboost,h168,2026-01-04T23:00:00,2026-01-18T23:00:00,2026-02-15T23:00:00,,,42.0
2026-01-22 19:00:00,27.6,64.27200317382812,1.0,Tema Community 25 Estate,tabular,xgboost,h168,2026-01-04T23:00:00,2026-01-18T23:00:00,2026-02-15T23:00:00,,,42.0
2026-01-22 20:00:00,17.6,63.20177459716797,1.0,Tema Community 25 Estate,tabular,xgboost,h168,2026-01-04T23:00:00,2026-01-18T23:00:00,2026-02-15T23:00:00,,,42.0
2026-01-22 21:00:00,19.7,69.0817642211914,1.0,Tema Community 25 Estate,tabular,xgboost,h168,2026-01-04T23:00:00,2026-01-18T23:00:00,2026-02-15T23:00:00,,,42.0
2026-01-22 22:00:00,21.8,73.81007385253906,1.0,Tema Community 25 Estate,tabular,xgboost,h168,2026-01-04T23:00:00,2026-01-18T23:00:00,2026-02-15T23:00:00,,,42.0
2026-01-22 23:00:00,26.6,83.00588989257812,1.0,Tema Community 25 Estate,tabular,xgboost,h168,2026-01-04T23:00:00,2026-01-18T23:00:00,2026-02-15T23:00:00,,,42.0
2026-01-23 00:00:00,28.2,85.02803802490234,1.0,Tema Community 25 Estate,tabular,xgboost,h168,2026-01-04T23:00:00,2026-01-18T23:00:00,2026-02-15T23:00:00,,,42.0
2026-01-23 01:00:00,26.5,75.05878448486328,1.0,Tema Community 25 Estate,tabular,xgboost,h168,2026-01-04T23:00:00,2026-01-18T23:00:00,2026-02-15T23:00:00,,,42.0
2026-01-23 02:00:00,22.9,68.96381378173828,1.0,Tema Community 25 Estate,tabular,xgboost,h168,2026-01-04T23:00:00,2026-01-18T23:00:00,2026-02-15T23:00:00,,,42.0
2026-01-23 03:00:00,30.6,60.71129608154297,1.0,Tema Community 25 Estate,tabular,xgboost,h168,2026-01-04T23:00:00,2026-01-18T23:00:00,2026-02-15T23:00:00,,,42.0
2026-01-23 04:00:00,37.0,58.375511169433594,1.0,Tema Community 25 Estate,tabular,xgboost,h168,2026-01-04T23:00:00,2026-01-18T23:00:00,2026-02-15T23:00:00,,,42.0
2026-01-23 05:00:00,39.6,65.8730697631836,1.0,Tema Community 25 Estate,tabular,xgboost,h168,2026-01-04T23:00:00,2026-01-18T23:00:00,2026-02-15T23:00:00,,,42.0
2026-01-23 06:00:00,54.0,81.99340057373047,1.0,Tema Community 25 Estate,tabular,xgboost,h168,2026-01-04T23:00:00,2026-01-18T23:00:00,2026-02-15T23:00:00,,,42.0
2026-01-23 07:00:00,45.7,72.0141372680664,1.0,Tema Community 25 Estate,tabular,xgboost,h168,2026-01-04T23:00:00,2026-01-18T23:00:00,2026-02-15T23:00:00,,,42.0
2026-01-23 08:00:00,24.4,58.5507926940918,1.0,Tema Community 25 Estate,tabular,xgboost,h168,2026-01-04T23:00:00,2026-01-18T23:00:00,2026-02-15T23:00:00,,,42.0
2026-01-23 09:00:00,23.2,59.53466796875,1.0,Tema Community 25 Estate,tabular,xgboost,h168,2026-01-04T23:00:00,2026-01-18T23:00:00,2026-02-15T23:00:00,,,42.0
2026-01-23 10:00:00,26.5,63.70864486694336,1.0,Tema Community 25 Estate,tabular,xgboost,h168,2026-01-04T23:00:00,2026-01-18T23:00:00,2026-02-15T23:00:00,,,42.0
2026-01-23 11:00:00,31.9,63.32316970825195,1.0,Tema Community 25 Estate,tabular,xgboost,h168,2026-01-04T23:00:00,2026-01-18T23:00:00,2026-02-15T23:00:00,,,42.0
2026-01-23 12:00:00,33.6,71.77693176269531,1.0,Tema Community 25 Estate,tabular,xgboost,h168,2026-01-04T23:00:00,2026-01-18T23:00:00,2026-02-15T23:00:00,,,42.0
2026-01-23 13:00:00,26.2,69.42072296142578,1.0,Tema Community 25 Estate,tabular,xgboost,h168,2026-01-04T23:00:00,2026-01-18T23:00:00,2026-02-15T23:00:00,,,42.0
2026-01-23 14:00:00,27.7,56.45233154296875,1.0,Tema Community 25 Estate,tabular,xgboost,h168,2026-01-04T23:00:00,2026-01-18T23:00:00,2026-02-15T23:00:00,,,42.0
2026-01-23 15:00:00,28.0,53.47370529174805,1.0,Tema Community 25 Estate,tabular,xgboost,h168,2026-01-04T23:00:00,2026-01-18T23:00:00,2026-02-15T23:00:00,,,42.0
2026-01-23 16:00:00,29.6,51.83061218261719,1.0,Tema Community 25 Estate,tabular,xgboost,h168,2026-01-04T23:00:00,2026-01-18T23:00:00,2026-02-15T23:00:00,,,42.0
2026-01-23 17:00:00,35.4,55.644161224365234,1.0,Tema Community 25 Estate,tabular,xgboost,h168,2026-01-04T23:00:00,2026-01-18T23:00:00,2026-02-15T23:00:00,,,42.0
2026-01-23 18:00:00,30.6,62.608299255371094,1.0,Tema Community 25 Estate,tabular,xgboost,h168,2026-01-04T23:00:00,2026-01-18T23:00:00,2026-02-15T23:00:00,,,42.0
2026-01-23 19:00:00,22.3,60.336341857910156,1.0,Tema Community 25 Estate,tabular,xgboost,h168,2026-01-04T23:00:00,2026-01-18T23:00:00,2026-02-15T23:00:00,,,42.0
2026-01-23 20:00:00,17.2,63.463321685791016,1.0,Tema Community 25 Estate,tabular,xgboost,h168,2026-01-04T23:00:00,2026-01-18T23:00:00,2026-02-15T23:00:00,,,42.0
2026-01-23 21:00:00,17.9,76.86072540283203,1.0,Tema Community 25 Estate,tabular,xgboost,h168,2026-01-04T23:00:00,2026-01-18T23:00:00,2026-02-15T23:00:00,,,42.0
2026-01-23 22:00:00,31.3,80.79192352294922,1.0,Tema Community 25 Estate,tabular,xgboost,h168,2026-01-04T23:00:00,2026-01-18T23:00:00,2026-02-15T23:00:00,,,42.0
2026-01-23 23:00:00,32.4,93.51968383789062,1.0,Tema Community 25 Estate,tabular,xgboost,h168,2026-01-04T23:00:00,2026-01-18T23:00:00,2026-02-15T23:00:00,,,42.0
2026-01-24 00:00:00,37.4,98.1960678100586,1.0,Tema Community 25 Estate,tabular,xgboost,h168,2026-01-04T23:00:00,2026-01-18T23:00:00,2026-02-15T23:00:00,,,42.0
2026-01-24 01:00:00,33.2,93.19292449951172,1.0,Tema Community 25 Estate,tabular,xgboost,h168,2026-01-04T23:00:00,2026-01-18T23:00:00,2026-02-15T23:00:00,,,42.0
2026-01-24 02:00:00,30.3,74.56417083740234,1.0,Tema Community 25 Estate,tabular,xgboost,h168,2026-01-04T23:00:00,2026-01-18T23:00:00,2026-02-15T23:00:00,,,42.0
2026-01-24 03:00:00,30.5,62.120731353759766,1.0,Tema Community 25 Estate,tabular,xgboost,h168,2026-01-04T23:00:00,2026-01-18T23:00:00,2026-02-15T23:00:00,,,42.0
2026-01-24 04:00:00,32.2,67.95105743408203,1.0,Tema Community 25 Estate,tabular,xgboost,h168,2026-01-04T23:00:00,2026-01-18T23:00:00,2026-02-15T23:00:00,,,42.0
2026-01-24 05:00:00,32.3,84.01057434082031,1.0,Tema Community 25 Estate,tabular,xgboost,h168,2026-01-04T23:00:00,2026-01-18T23:00:00,2026-02-15T23:00:00,,,42.0
2026-01-24 06:00:00,41.6,100.10216522216797,1.0,Tema Community 25 Estate,tabular,xgboost,h168,2026-01-04T23:00:00,2026-01-18T23:00:00,2026-02-15T23:00:00,,,42.0
2026-01-24 07:00:00,44.1,90.3364028930664,1.0,Tema Community 25 Estate,tabular,xgboost,h168,2026-01-04T23:00:00,2026-01-18T23:00:00,2026-02-15T23:00:00,,,42.0
2026-01-24 08:00:00,26.1,63.98293685913086,1.0,Tema Community 25 Estate,tabular,xgboost,h168,2026-01-04T23:00:00,2026-01-18T23:00:00,2026-02-15T23:00:00,,,42.0
2026-01-24 09:00:00,22.8,53.85023880004883,1.0,Tema Community 25 Estate,tabular,xgboost,h168,2026-01-04T23:00:00,2026-01-18T23:00:00,2026-02-15T23:00:00,,,42.0
2026-01-24 10:00:00,25.1,53.05591583251953,1.0,Tema Community 25 Estate,tabular,xgboost,h168,2026-01-04T23:00:00,2026-01-18T23:00:00,2026-02-15T23:00:00,,,42.0
2026-01-24 11:00:00,29.3,57.821136474609375,1.0,Tema Community 25 Estate,tabular,xgboost,h168,2026-01-04T23:00:00,2026-01-18T23:00:00,2026-02-15T23:00:00,,,42.0
2026-01-24 12:00:00,32.5,60.58346939086914,1.0,Tema Community 25 Estate,tabular,xgboost,h168,2026-01-04T23:00:00,2026-01-18T23:00:00,2026-02-15T23:00:00,,,42.0
2026-01-24 13:00:00,29.3,56.90944290161133,1.0,Tema Community 25 Estate,tabular,xgboost,h168,2026-01-04T23:00:00,2026-01-18T23:00:00,2026-02-15T23:00:00,,,42.0
2026-01-24 14:00:00,30.0,55.38484573364258,1.0,Tema Community 25 Estate,tabular,xgboost,h168,2026-01-04T23:00:00,2026-01-18T23:00:00,2026-02-15T23:00:00,,,42.0
2026-01-24 15:00:00,30.2,53.697505950927734,1.0,Tema Community 25 Estate,tabular,xgboost,h168,2026-01-04T23:00:00,2026-01-18T23:00:00,2026-02-15T23:00:00,,,42.0
2026-01-24 16:00:00,22.6,49.314239501953125,1.0,Tema Community 25 Estate,tabular,xgboost,h168,2026-01-04T23:00:00,2026-01-18T23:00:00,2026-02-15T23:00:00,,,42.0
2026-01-24 17:00:00,26.1,56.38521194458008,1.0,Tema Community 25 Estate,tabular,xgboost,h168,2026-01-04T23:00:00,2026-01-18T23:00:00,2026-02-15T23:00:00,,,42.0
2026-01-24 18:00:00,33.5,66.05223083496094,1.0,Tema Community 25 Estate,tabular,xgboost,h168,2026-01-04T23:00:00,2026-01-18T23:00:00,2026-02-15T23:00:00,,,42.0
2026-01-24 19:00:00,30.4,68.39344787597656,1.0,Tema Community 25 Estate,tabular,xgboost,h168,2026-01-04T23:00:00,2026-01-18T23:00:00,2026-02-15T23:00:00,,,42.0
2026-01-24 20:00:00,21.5,65.96280670166016,1.0,Tema Community 25 Estate,tabular,xgboost,h168,2026-01-04T23:00:00,2026-01-18T23:00:00,2026-02-15T23:00:00,,,42.0
2026-01-24 21:00:00,35.7,66.5306167602539,1.0,Tema Community 25 Estate,tabular,xgboost,h168,2026-01-04T23:00:00,2026-01-18T23:00:00,2026-02-15T23:00:00,,,42.0
2026-01-24 22:00:00,22.8,79.71786499023438,1.0,Tema Community 25 Estate,tabular,xgboost,h168,2026-01-04T23:00:00,2026-01-18T23:00:00,2026-02-15T23:00:00,,,42.0
2026-01-24 23:00:00,25.9,83.50225067138672,1.0,Tema Community 25 Estate,tabular,xgboost,h168,2026-01-04T23:00:00,2026-01-18T23:00:00,2026-02-15T23:00:00,,,42.0
2026-01-25 00:00:00,32.0,86.44595336914062,1.0,Tema Community 25 Estate,tabular,xgboost,h168,2026-01-04T23:00:00,2026-01-18T23:00:00,2026-02-15T23:00:00,,,42.0
2026-01-25 01:00:00,21.3,85.52690124511719,1.0,Tema Community 25 Estate,tabular,xgboost,h168,2026-01-04T23:00:00,2026-01-18T23:00:00,2026-02-15T23:00:00,,,42.0
2026-01-25 02:00:00,24.3,80.32868194580078,1.0,Tema Community 25 Estate,tabular,xgboost,h168,2026-01-04T23:00:00,2026-01-18T23:00:00,2026-02-15T23:00:00,,,42.0
2026-01-25 03:00:00,22.9,71.8240966796875,1.0,Tema Community 25 Estate,tabular,xgboost,h168,2026-01-04T23:00:00,2026-01-18T23:00:00,2026-02-15T23:00:00,,,42.0
2026-01-25 04:00:00,36.2,78.35066223144531,1.0,Tema Community 25 Estate,tabular,xgboost,h168,2026-01-04T23:00:00,2026-01-18T23:00:00,2026-02-15T23:00:00,,,42.0
2026-01-25 05:00:00,25.8,75.12283325195312,1.0,Tema Community 25 Estate,tabular,xgboost,h168,2026-01-04T23:00:00,2026-01-18T23:00:00,2026-02-15T23:00:00,,,42.0
2026-01-25 06:00:00,36.2,92.8413314819336,1.0,Tema Community 25 Estate,tabular,xgboost,h168,2026-01-04T23:00:00,2026-01-18T23:00:00,2026-02-15T23:00:00,,,42.0
2026-01-25 07:00:00,56.3,77.63799285888672,1.0,Tema Community 25 Estate,tabular,xgboost,h168,2026-01-04T23:00:00,2026-01-18T23:00:00,2026-02-15T23:00:00,,,42.0
2026-01-25 08:00:00,50.5,75.09931945800781,1.0,Tema Community 25 Estate,tabular,xgboost,h168,2026-01-04T23:00:00,2026-01-18T23:00:00,2026-02-15T23:00:00,,,42.0
2026-01-25 09:00:00,28.1,61.758331298828125,1.0,Tema Community 25 Estate,tabular,xgboost,h168,2026-01-04T23:00:00,2026-01-18T23:00:00,2026-02-15T23:00:00,,,42.0
2026-01-25 10:00:00,35.0,57.054264068603516,1.0,Tema Community 25 Estate,tabular,xgboost,h168,2026-01-04T23:00:00,2026-01-18T23:00:00,2026-02-15T23:00:00,,,42.0
2026-01-25 11:00:00,41.5,64.31935119628906,1.0,Tema Community 25 Estate,tabular,xgboost,h168,2026-01-04T23:00:00,2026-01-18T23:00:00,2026-02-15T23:00:00,,,42.0
2026-01-25 12:00:00,43.5,64.7825698852539,1.0,Tema Community 25 Estate,tabular,xgboost,h168,2026-01-04T23:00:00,2026-01-18T23:00:00,2026-02-15T23:00:00,,,42.0
2026-01-25 13:00:00,43.2,56.7104377746582,1.0,Tema Community 25 Estate,tabular,xgboost,h168,2026-01-04T23:00:00,2026-01-18T23:00:00,2026-02-15T23:00:00,,,42.0
2026-01-25 14:00:00,44.5,49.88264465332031,1.0,Tema Community 25 Estate,tabular,xgboost,h168,2026-01-04T23:00:00,2026-01-18T23:00:00,2026-02-15T23:00:00,,,42.0
2026-01-25 15:00:00,42.0,55.620357513427734,1.0,Tema Community 25 Estate,tabular,xgboost,h168,2026-01-04T23:00:00,2026-01-18T23:00:00,2026-02-15T23:00:00,,,42.0
2026-01-25 16:00:00,30.6,53.183834075927734,1.0,Tema Community 25 Estate,tabular,xgboost,h168,2026-01-04T23:00:00,2026-01-18T23:00:00,2026-02-15T23:00:00,,,42.0
2026-01-25 17:00:00,26.9,50.57202911376953,1.0,Tema Community 25 Estate,tabular,xgboost,h168,2026-01-04T23:00:00,2026-01-18T23:00:00,2026-02-15T23:00:00,,,42.0
2026-01-25 18:00:00,27.5,53.73072814941406,1.0,Tema Community 25 Estate,tabular,xgboost,h168,2026-01-04T23:00:00,2026-01-18T23:00:00,2026-02-15T23:00:00,,,42.0
2026-01-25 19:00:00,38.7,64.20616912841797,1.0,Tema Community 25 Estate,tabular,xgboost,h168,2026-01-04T23:00:00,2026-01-18T23:00:00,2026-02-15T23:00:00,,,42.0
2026-01-25 20:00:00,38.4,58.70450210571289,1.0,Tema Community 25 Estate,tabular,xgboost,h168,2026-01-04T23:00:00,2026-01-18T23:00:00,2026-02-15T23:00:00,,,42.0
2026-01-25 21:00:00,41.7,62.774864196777344,1.0,Tema Community 25 Estate,tabular,xgboost,h168,2026-01-04T23:00:00,2026-01-18T23:00:00,2026-02-15T23:00:00,,,42.0
2026-01-25 22:00:00,36.9,64.46356201171875,1.0,Tema Community 25 Estate,tabular,xgboost,h168,2026-01-04T23:00:00,2026-01-18T23:00:00,2026-02-15T23:00:00,,,42.0
2026-01-25 23:00:00,40.3,74.73385620117188,1.0,Tema Community 25 Estate,tabular,xgboost,h168,2026-01-04T23:00:00,2026-01-18T23:00:00,2026-02-15T23:00:00,,,42.0
2026-01-26 00:00:00,42.0,83.39916229248047,1.0,Tema Community 25 Estate,tabular,xgboost,h168,2026-01-04T23:00:00,2026-01-18T23:00:00,2026-02-15T23:00:00,,,42.0
2026-01-26 01:00:00,36.2,93.51699829101562,1.0,Tema Community 25 Estate,tabular,xgboost,h168,2026-01-04T23:00:00,2026-01-18T23:00:00,2026-02-15T23:00:00,,,42.0
2026-01-26 02:00:00,40.1,91.79080963134766,1.0,Tema Community 25 Estate,tabular,xgboost,h168,2026-01-04T23:00:00,2026-01-18T23:00:00,2026-02-15T23:00:00,,,42.0
2026-01-26 03:00:00,30.7,78.02105712890625,1.0,Tema Community 25 Estate,tabular,xgboost,h168,2026-01-04T23:00:00,2026-01-18T23:00:00,2026-02-15T23:00:00,,,42.0
2026-01-26 04:00:00,27.3,74.8650131225586,1.0,Tema Community 25 Estate,tabular,xgboost,h168,2026-01-04T23:00:00,2026-01-18T23:00:00,2026-02-15T23:00:00,,,42.0
2026-01-26 05:00:00,32.1,97.21359252929688,1.0,Tema Community 25 Estate,tabular,xgboost,h168,2026-01-04T23:00:00,2026-01-18T23:00:00,2026-02-15T23:00:00,,,42.0
2026-01-26 06:00:00,42.7,103.8653564453125,1.0,Tema Community 25 Estate,tabular,xgboost,h168,2026-01-04T23:00:00,2026-01-18T23:00:00,2026-02-15T23:00:00,,,42.0
2026-01-26 07:00:00,45.1,85.83335876464844,1.0,Tema Community 25 Estate,tabular,xgboost,h168,2026-01-04T23:00:00,2026-01-18T23:00:00,2026-02-15T23:00:00,,,42.0
2026-01-26 08:00:00,32.7,70.58935546875,1.0,Tema Community 25 Estate,tabular,xgboost,h168,2026-01-04T23:00:00,2026-01-18T23:00:00,2026-02-15T23:00:00,,,42.0
2026-01-26 09:00:00,27.5,62.819183349609375,1.0,Tema Community 25 Estate,tabular,xgboost,h168,2026-01-04T23:00:00,2026-01-18T23:00:00,2026-02-15T23:00:00,,,42.0
2026-01-26 10:00:00,33.0,74.50700378417969,1.0,Tema Community 25 Estate,tabular,xgboost,h168,2026-01-04T23:00:00,2026-01-18T23:00:00,2026-02-15T23:00:00,,,42.0
2026-01-26 11:00:00,40.4,86.03787231445312,1.0,Tema Community 25 Estate,tabular,xgboost,h168,2026-01-04T23:00:00,2026-01-18T23:00:00,2026-02-15T23:00:00,,,42.0
2026-01-26 12:00:00,48.6,63.08866882324219,1.0,Tema Community 25 Estate,tabular,xgboost,h168,2026-01-04T23:00:00,2026-01-18T23:00:00,2026-02-15T23:00:00,,,42.0
2026-01-26 13:00:00,43.5,54.80488204956055,1.0,Tema Community 25 Estate,tabular,xgboost,h168,2026-01-04T23:00:00,2026-01-18T23:00:00,2026-02-15T23:00:00,,,42.0
2026-01-26 14:00:00,39.3,55.04326248168945,1.0,Tema Community 25 Estate,tabular,xgboost,h168,2026-01-04T23:00:00,2026-01-18T23:00:00,2026-02-15T23:00:00,,,42.0
2026-01-26 15:00:00,35.6,59.54315948486328,1.0,Tema Community 25 Estate,tabular,xgboost,h168,2026-01-04T23:00:00,2026-01-18T23:00:00,2026-02-15T23:00:00,,,42.0
2026-01-26 16:00:00,33.0,58.005619049072266,1.0,Tema Community 25 Estate,tabular,xgboost,h168,2026-01-04T23:00:00,2026-01-18T23:00:00,2026-02-15T23:00:00,,,42.0
2026-01-26 17:00:00,33.5,57.70368957519531,1.0,Tema Community 25 Estate,tabular,xgboost,h168,2026-01-04T23:00:00,2026-01-18T23:00:00,2026-02-15T23:00:00,,,42.0
2026-01-26 18:00:00,32.4,84.16831970214844,1.0,Tema Community 25 Estate,tabular,xgboost,h168,2026-01-04T23:00:00,2026-01-18T23:00:00,2026-02-15T23:00:00,,,42.0
2026-01-26 19:00:00,33.2,88.4663314819336,1.0,Tema Community 25 Estate,tabular,xgboost,h168,2026-01-04T23:00:00,2026-01-18T23:00:00,2026-02-15T23:00:00,,,42.0
2026-01-26 20:00:00,34.2,83.39701080322266,1.0,Tema Community 25 Estate,tabular,xgboost,h168,2026-01-04T23:00:00,2026-01-18T23:00:00,2026-02-15T23:00:00,,,42.0
2026-01-26 21:00:00,29.0,71.40773010253906,1.0,Tema Community 25 Estate,tabular,xgboost,h168,2026-01-04T23:00:00,2026-01-18T23:00:00,2026-02-15T23:00:00,,,42.0
2026-01-26 22:00:00,32.3,67.43640899658203,1.0,Tema Community 25 Estate,tabular,xgboost,h168,2026-01-04T23:00:00,2026-01-18T23:00:00,2026-02-15T23:00:00,,,42.0
2026-01-26 23:00:00,32.4,77.3303451538086,1.0,Tema Community 25 Estate,tabular,xgboost,h168,2026-01-04T23:00:00,2026-01-18T23:00:00,2026-02-15T23:00:00,,,42.0
2026-01-27 00:00:00,29.1,81.34381866455078,1.0,Tema Community 25 Estate,tabular,xgboost,h168,2026-01-04T23:00:00,2026-01-18T23:00:00,2026-02-15T23:00:00,,,42.0
2026-01-27 01:00:00,32.2,80.40052032470703,1.0,Tema Community 25 Estate,tabular,xgboost,h168,2026-01-04T23:00:00,2026-01-18T23:00:00,2026-02-15T23:00:00,,,42.0
2026-01-27 02:00:00,29.3,71.39201354980469,1.0,Tema Community 25 Estate,tabular,xgboost,h168,2026-01-04T23:00:00,2026-01-18T23:00:00,2026-02-15T23:00:00,,,42.0
2026-01-27 03:00:00,26.4,72.14330291748047,1.0,Tema Community 25 Estate,tabular,xgboost,h168,2026-01-04T23:00:00,2026-01-18T23:00:00,2026-02-15T23:00:00,,,42.0
2026-01-27 04:00:00,44.9,69.83879852294922,1.0,Tema Community 25 Estate,tabular,xgboost,h168,2026-01-04T23:00:00,2026-01-18T23:00:00,2026-02-15T23:00:00,,,42.0
2026-01-27 05:00:00,36.4,85.14518737792969,1.0,Tema Community 25 Estate,tabular,xgboost,h168,2026-01-04T23:00:00,2026-01-18T23:00:00,2026-02-15T23:00:00,,,42.0
2026-01-27 06:00:00,44.6,105.19976806640625,1.0,Tema Community 25 Estate,tabular,xgboost,h168,2026-01-04T23:00:00,2026-01-18T23:00:00,2026-02-15T23:00:00,,,42.0
2026-01-27 07:00:00,43.3,92.220947265625,1.0,Tema Community 25 Estate,tabular,xgboost,h168,2026-01-04T23:00:00,2026-01-18T23:00:00,2026-02-15T23:00:00,,,42.0
2026-01-27 08:00:00,35.5,70.10004425048828,1.0,Tema Community 25 Estate,tabular,xgboost,h168,2026-01-04T23:00:00,2026-01-18T23:00:00,2026-02-15T23:00:00,,,42.0
2026-01-27 09:00:00,34.2,50.79275894165039,1.0,Tema Community 25 Estate,tabular,xgboost,h168,2026-01-04T23:00:00,2026-01-18T23:00:00,2026-02-15T23:00:00,,,42.0
2026-01-27 10:00:00,35.6,57.92033767700195,1.0,Tema Community 25 Estate,tabular,xgboost,h168,2026-01-04T23:00:00,2026-01-18T23:00:00,2026-02-15T23:00:00,,,42.0
2026-01-27 11:00:00,38.0,66.1356201171875,1.0,Tema Community 25 Estate,tabular,xgboost,h168,2026-01-04T23:00:00,2026-01-18T23:00:00,2026-02-15T23:00:00,,,42.0
2026-01-27 12:00:00,52.9,63.79139709472656,1.0,Tema Community 25 Estate,tabular,xgboost,h168,2026-01-04T23:00:00,2026-01-18T23:00:00,2026-02-15T23:00:00,,,42.0
2026-01-27 13:00:00,51.2,58.332794189453125,1.0,Tema Community 25 Estate,tabular,xgboost,h168,2026-01-04T23:00:00,2026-01-18T23:00:00,2026-02-15T23:00:00,,,42.0
2026-01-27 14:00:00,42.7,58.20655059814453,1.0,Tema Community 25 Estate,tabular,xgboost,h168,2026-01-04T23:00:00,2026-01-18T23:00:00,2026-02-15T23:00:00,,,42.0
2026-01-27 15:00:00,41.7,52.66667938232422,1.0,Tema Community 25 Estate,tabular,xgboost,h168,2026-01-04T23:00:00,2026-01-18T23:00:00,2026-02-15T23:00:00,,,42.0
2026-01-27 16:00:00,35.5,47.92652130126953,1.0,Tema Community 25 Estate,tabular,xgboost,h168,2026-01-04T23:00:00,2026-01-18T23:00:00,2026-02-15T23:00:00,,,42.0
2026-01-27 17:00:00,31.6,63.22903060913086,1.0,Tema Community 25 Estate,tabular,xgboost,h168,2026-01-04T23:00:00,2026-01-18T23:00:00,2026-02-15T23:00:00,,,42.0
2026-01-27 18:00:00,38.1,68.52678680419922,1.0,Tema Community 25 Estate,tabular,xgboost,h168,2026-01-04T23:00:00,2026-01-18T23:00:00,2026-02-15T23:00:00,,,42.0
2026-01-27 19:00:00,51.1,70.8032455444336,1.0,Tema Community 25 Estate,tabular,xgboost,h168,2026-01-04T23:00:00,2026-01-18T23:00:00,2026-02-15T23:00:00,,,42.0
2026-01-27 20:00:00,40.4,63.68258285522461,1.0,Tema Community 25 Estate,tabular,xgboost,h168,2026-01-04T23:00:00,2026-01-18T23:00:00,2026-02-15T23:00:00,,,42.0
2026-01-27 21:00:00,37.2,59.22801971435547,1.0,Tema Community 25 Estate,tabular,xgboost,h168,2026-01-04T23:00:00,2026-01-18T23:00:00,2026-02-15T23:00:00,,,42.0
2026-01-27 22:00:00,35.1,60.04636001586914,1.0,Tema Community 25 Estate,tabular,xgboost,h168,2026-01-04T23:00:00,2026-01-18T23:00:00,2026-02-15T23:00:00,,,42.0
2026-01-27 23:00:00,37.7,62.94574737548828,1.0,Tema Community 25 Estate,tabular,xgboost,h168,2026-01-04T23:00:00,2026-01-18T23:00:00,2026-02-15T23:00:00,,,42.0
2026-01-28 00:00:00,32.9,73.46737670898438,1.0,Tema Community 25 Estate,tabular,xgboost,h168,2026-01-04T23:00:00,2026-01-18T23:00:00,2026-02-15T23:00:00,,,42.0
2026-01-28 01:00:00,32.2,76.47577667236328,1.0,Tema Community 25 Estate,tabular,xgboost,h168,2026-01-04T23:00:00,2026-01-18T23:00:00,2026-02-15T23:00:00,,,42.0
2026-01-28 02:00:00,32.2,70.9804916381836,1.0,Tema Community 25 Estate,tabular,xgboost,h168,2026-01-04T23:00:00,2026-01-18T23:00:00,2026-02-15T23:00:00,,,42.0
2026-01-28 03:00:00,30.3,64.3431167602539,1.0,Tema Community 25 Estate,tabular,xgboost,h168,2026-01-04T23:00:00,2026-01-18T23:00:00,2026-02-15T23:00:00,,,42.0
2026-01-28 04:00:00,32.0,60.21457290649414,1.0,Tema Community 25 Estate,tabular,xgboost,h168,2026-01-04T23:00:00,2026-01-18T23:00:00,2026-02-15T23:00:00,,,42.0
2026-01-28 05:00:00,39.6,66.75076293945312,1.0,Tema Community 25 Estate,tabular,xgboost,h168,2026-01-04T23:00:00,2026-01-18T23:00:00,2026-02-15T23:00:00,,,42.0
2026-01-28 06:00:00,45.2,80.64860534667969,1.0,Tema Community 25 Estate,tabular,xgboost,h168,2026-01-04T23:00:00,2026-01-18T23:00:00,2026-02-15T23:00:00,,,42.0
2026-01-28 07:00:00,47.8,81.81664276123047,1.0,Tema Community 25 Estate,tabular,xgboost,h168,2026-01-04T23:00:00,2026-01-18T23:00:00,2026-02-15T23:00:00,,,42.0
2026-01-28 08:00:00,44.9,56.54630661010742,1.0,Tema Community 25 Estate,tabular,xgboost,h168,2026-01-04T23:00:00,2026-01-18T23:00:00,2026-02-15T23:00:00,,,42.0
2026-01-28 09:00:00,41.1,51.71548080444336,1.0,Tema Community 25 Estate,tabular,xgboost,h168,2026-01-04T23:00:00,2026-01-18T23:00:00,2026-02-15T23:00:00,,,42.0
2026-01-28 10:00:00,39.9,23.42905044555664,1.0,Tema Community 25 Estate,tabular,xgboost,h168,2026-01-04T23:00:00,2026-01-18T23:00:00,2026-02-15T23:00:00,,,42.0
2026-01-28 11:00:00,44.3,27.009838104248047,1.0,Tema Community 25 Estate,tabular,xgboost,h168,2026-01-04T23:00:00,2026-01-18T23:00:00,2026-02-15T23:00:00,,,42.0
2026-01-28 12:00:00,58.3,38.61021041870117,1.0,Tema Community 25 Estate,tabular,xgboost,h168,2026-01-04T23:00:00,2026-01-18T23:00:00,2026-02-15T23:00:00,,,42.0
2026-01-28 13:00:00,59.0,37.4827766418457,1.0,Tema Community 25 Estate,tabular,xgboost,h168,2026-01-04T23:00:00,2026-01-18T23:00:00,2026-02-15T23:00:00,,,42.0
2026-01-28 14:00:00,54.8,34.3802375793457,1.0,Tema Community 25 Estate,tabular,xgboost,h168,2026-01-04T23:00:00,2026-01-18T23:00:00,2026-02-15T23:00:00,,,42.0
2026-01-28 15:00:00,46.7,24.072477340698242,1.0,Tema Community 25 Estate,tabular,xgboost,h168,2026-01-04T23:00:00,2026-01-18T23:00:00,2026-02-15T23:00:00,,,42.0
2026-01-28 16:00:00,39.3,28.638090133666992,1.0,Tema Community 25 Estate,tabular,xgboost,h168,2026-01-04T23:00:00,2026-01-18T23:00:00,2026-02-15T23:00:00,,,42.0
2026-01-28 17:00:00,40.8,30.340774536132812,1.0,Tema Community 25 Estate,tabular,xgboost,h168,2026-01-04T23:00:00,2026-01-18T23:00:00,2026-02-15T23:00:00,,,42.0
2026-01-28 18:00:00,39.1,48.48317337036133,1.0,Tema Community 25 Estate,tabular,xgboost,h168,2026-01-04T23:00:00,2026-01-18T23:00:00,2026-02-15T23:00:00,,,42.0
2026-01-28 19:00:00,42.9,39.408775329589844,1.0,Tema Community 25 Estate,tabular,xgboost,h168,2026-01-04T23:00:00,2026-01-18T23:00:00,2026-02-15T23:00:00,,,42.0
2026-01-28 20:00:00,37.3,29.900859832763672,1.0,Tema Community 25 Estate,tabular,xgboost,h168,2026-01-04T23:00:00,2026-01-18T23:00:00,2026-02-15T23:00:00,,,42.0
2026-01-28 21:00:00,46.4,33.79875564575195,1.0,Tema Community 25 Estate,tabular,xgboost,h168,2026-01-04T23:00:00,2026-01-18T23:00:00,2026-02-15T23:00:00,,,42.0
2026-01-28 22:00:00,46.6,36.74037551879883,1.0,Tema Community 25 Estate,tabular,xgboost,h168,2026-01-04T23:00:00,2026-01-18T23:00:00,2026-02-15T23:00:00,,,42.0
2026-01-28 23:00:00,43.3,35.81420135498047,1.0,Tema Community 25 Estate,tabular,xgboost,h168,2026-01-04T23:00:00,2026-01-18T23:00:00,2026-02-15T23:00:00,,,42.0
2026-01-29 00:00:00,38.4,49.881839752197266,1.0,Tema Community 25 Estate,tabular,xgboost,h168,2026-01-04T23:00:00,2026-01-18T23:00:00,2026-02-15T23:00:00,,,42.0
2026-01-29 01:00:00,40.6,43.2096061706543,1.0,Tema Community 25 Estate,tabular,xgboost,h168,2026-01-04T23:00:00,2026-01-18T23:00:00,2026-02-15T23:00:00,,,42.0
2026-01-29 02:00:00,36.5,40.38529586791992,1.0,Tema Community 25 Estate,tabular,xgboost,h168,2026-01-04T23:00:00,2026-01-18T23:00:00,2026-02-15T23:00:00,,,42.0
2026-01-29 03:00:00,30.4,54.714073181152344,1.0,Tema Community 25 Estate,tabular,xgboost,h168,2026-01-04T23:00:00,2026-01-18T23:00:00,2026-02-15T23:00:00,,,42.0
2026-01-29 04:00:00,34.9,57.490535736083984,1.0,Tema Community 25 Estate,tabular,xgboost,h168,2026-01-04T23:00:00,2026-01-18T23:00:00,2026-02-15T23:00:00,,,42.0
2026-01-29 05:00:00,45.6,57.79252243041992,1.0,Tema Community 25 Estate,tabular,xgboost,h168,2026-01-04T23:00:00,2026-01-18T23:00:00,2026-02-15T23:00:00,,,42.0
2026-01-29 06:00:00,57.5,80.93570709228516,1.0,Tema Community 25 Estate,tabular,xgboost,h168,2026-01-04T23:00:00,2026-01-18T23:00:00,2026-02-15T23:00:00,,,42.0
2026-01-29 07:00:00,54.1,69.27242279052734,1.0,Tema Community 25 Estate,tabular,xgboost,h168,2026-01-04T23:00:00,2026-01-18T23:00:00,2026-02-15T23:00:00,,,42.0
2026-01-29 08:00:00,44.1,50.68270492553711,1.0,Tema Community 25 Estate,tabular,xgboost,h168,2026-01-04T23:00:00,2026-01-18T23:00:00,2026-02-15T23:00:00,,,42.0
2026-01-29 09:00:00,38.9,25.760454177856445,1.0,Tema Community 25 Estate,tabular,xgboost,h168,2026-01-04T23:00:00,2026-01-18T23:00:00,2026-02-15T23:00:00,,,42.0
2026-01-29 10:00:00,37.0,27.25959014892578,1.0,Tema Community 25 Estate,tabular,xgboost,h168,2026-01-04T23:00:00,2026-01-18T23:00:00,2026-02-15T23:00:00,,,42.0
2026-01-29 11:00:00,36.1,29.988983154296875,1.0,Tema Community 25 Estate,tabular,xgboost,h168,2026-01-04T23:00:00,2026-01-18T23:00:00,2026-02-15T23:00:00,,,42.0
2026-01-29 12:00:00,37.8,44.44927215576172,1.0,Tema Community 25 Estate,tabular,xgboost,h168,2026-01-04T23:00:00,2026-01-18T23:00:00,2026-02-15T23:00:00,,,42.0
2026-01-29 13:00:00,48.9,62.89203643798828,1.0,Tema Community 25 Estate,tabular,xgboost,h168,2026-01-04T23:00:00,2026-01-18T23:00:00,2026-02-15T23:00:00,,,42.0
2026-01-29 14:00:00,41.1,57.9124641418457,1.0,Tema Community 25 Estate,tabular,xgboost,h168,2026-01-04T23:00:00,2026-01-18T23:00:00,2026-02-15T23:00:00,,,42.0
2026-01-29 15:00:00,34.6,53.878990173339844,1.0,Tema Community 25 Estate,tabular,xgboost,h168,2026-01-04T23:00:00,2026-01-18T23:00:00,2026-02-15T23:00:00,,,42.0
2026-01-29 16:00:00,34.7,55.866580963134766,1.0,Tema Community 25 Estate,tabular,xgboost,h168,2026-01-04T23:00:00,2026-01-18T23:00:00,2026-02-15T23:00:00,,,42.0
2026-01-29 17:00:00,38.8,56.48072814941406,1.0,Tema Community 25 Estate,tabular,xgboost,h168,2026-01-04T23:00:00,2026-01-18T23:00:00,2026-02-15T23:00:00,,,42.0
2026-01-29 18:00:00,39.9,61.096370697021484,1.0,Tema Community 25 Estate,tabular,xgboost,h168,2026-01-04T23:00:00,2026-01-18T23:00:00,2026-02-15T23:00:00,,,42.0
2026-01-29 19:00:00,38.1,65.52890014648438,1.0,Tema Community 25 Estate,tabular,xgboost,h168,2026-01-04T23:00:00,2026-01-18T23:00:00,2026-02-15T23:00:00,,,42.0
2026-01-29 20:00:00,33.6,57.78102493286133,1.0,Tema Community 25 Estate,tabular,xgboost,h168,2026-01-04T23:00:00,2026-01-18T23:00:00,2026-02-15T23:00:00,,,42.0
2026-01-29 21:00:00,31.0,64.39081573486328,1.0,Tema Community 25 Estate,tabular,xgboost,h168,2026-01-04T23:00:00,2026-01-18T23:00:00,2026-02-15T23:00:00,,,42.0
2026-01-29 22:00:00,29.9,61.84111022949219,1.0,Tema Community 25 Estate,tabular,xgboost,h168,2026-01-04T23:00:00,2026-01-18T23:00:00,2026-02-15T23:00:00,,,42.0
2026-01-29 23:00:00,29.9,65.37618255615234,1.0,Tema Community 25 Estate,tabular,xgboost,h168,2026-01-04T23:00:00,2026-01-18T23:00:00,2026-02-15T23:00:00,,,42.0
2026-01-30 00:00:00,29.9,68.61962127685547,1.0,Tema Community 25 Estate,tabular,xgboost,h168,2026-01-04T23:00:00,2026-01-18T23:00:00,2026-02-15T23:00:00,,,42.0
2026-01-30 01:00:00,28.4,65.31433868408203,1.0,Tema Community 25 Estate,tabular,xgboost,h168,2026-01-04T23:00:00,2026-01-18T23:00:00,2026-02-15T23:00:00,,,42.0
2026-01-30 02:00:00,27.5,59.642765045166016,1.0,Tema Community 25 Estate,tabular,xgboost,h168,2026-01-04T23:00:00,2026-01-18T23:00:00,2026-02-15T23:00:00,,,42.0
2026-01-30 03:00:00,28.8,50.62691116333008,1.0,Tema Community 25 Estate,tabular,xgboost,h168,2026-01-04T23:00:00,2026-01-18T23:00:00,2026-02-15T23:00:00,,,42.0
2026-01-30 04:00:00,30.8,56.37709045410156,1.0,Tema Community 25 Estate,tabular,xgboost,h168,2026-01-04T23:00:00,2026-01-18T23:00:00,2026-02-15T23:00:00,,,42.0
2026-01-30 05:00:00,36.6,59.13239669799805,1.0,Tema Community 25 Estate,tabular,xgboost,h168,2026-01-04T23:00:00,2026-01-18T23:00:00,2026-02-15T23:00:00,,,42.0
2026-01-30 06:00:00,43.7,70.7577133178711,1.0,Tema Community 25 Estate,tabular,xgboost,h168,2026-01-04T23:00:00,2026-01-18T23:00:00,2026-02-15T23:00:00,,,42.0
2026-01-30 07:00:00,40.1,78.22966003417969,1.0,Tema Community 25 Estate,tabular,xgboost,h168,2026-01-04T23:00:00,2026-01-18T23:00:00,2026-02-15T23:00:00,,,42.0
2026-01-30 08:00:00,31.8,74.74876403808594,1.0,Tema Community 25 Estate,tabular,xgboost,h168,2026-01-04T23:00:00,2026-01-18T23:00:00,2026-02-15T23:00:00,,,42.0
2026-01-30 09:00:00,27.9,69.75383758544922,1.0,Tema Community 25 Estate,tabular,xgboost,h168,2026-01-04T23:00:00,2026-01-18T23:00:00,2026-02-15T23:00:00,,,42.0
2026-01-30 10:00:00,29.3,85.66199493408203,1.0,Tema Community 25 Estate,tabular,xgboost,h168,2026-01-04T23:00:00,2026-01-18T23:00:00,2026-02-15T23:00:00,,,42.0
2026-01-30 11:00:00,30.4,71.41307830810547,1.0,Tema Community 25 Estate,tabular,xgboost,h168,2026-01-04T23:00:00,2026-01-18T23:00:00,2026-02-15T23:00:00,,,42.0
2026-01-30 12:00:00,34.3,77.80883026123047,1.0,Tema Community 25 Estate,tabular,xgboost,h168,2026-01-04T23:00:00,2026-01-18T23:00:00,2026-02-15T23:00:00,,,42.0
2026-01-30 13:00:00,36.7,74.95926666259766,1.0,Tema Community 25 Estate,tabular,xgboost,h168,2026-01-04T23:00:00,2026-01-18T23:00:00,2026-02-15T23:00:00,,,42.0
2026-01-30 14:00:00,35.4,70.4547119140625,1.0,Tema Community 25 Estate,tabular,xgboost,h168,2026-01-04T23:00:00,2026-01-18T23:00:00,2026-02-15T23:00:00,,,42.0
2026-01-30 15:00:00,32.6,66.69076538085938,1.0,Tema Community 25 Estate,tabular,xgboost,h168,2026-01-04T23:00:00,2026-01-18T23:00:00,2026-02-15T23:00:00,,,42.0
2026-01-30 16:00:00,31.8,73.1988525390625,1.0,Tema Community 25 Estate,tabular,xgboost,h168,2026-01-04T23:00:00,2026-01-18T23:00:00,2026-02-15T23:00:00,,,42.0
2026-01-30 17:00:00,40.0,61.701454162597656,1.0,Tema Community 25 Estate,tabular,xgboost,h168,2026-01-04T23:00:00,2026-01-18T23:00:00,2026-02-15T23:00:00,,,42.0
2026-01-30 18:00:00,37.7,69.42509460449219,1.0,Tema Community 25 Estate,tabular,xgboost,h168,2026-01-04T23:00:00,2026-01-18T23:00:00,2026-02-15T23:00:00,,,42.0
2026-01-30 19:00:00,33.0,64.26265716552734,1.0,Tema Community 25 Estate,tabular,xgboost,h168,2026-01-04T23:00:00,2026-01-18T23:00:00,2026-02-15T23:00:00,,,42.0
2026-01-30 20:00:00,32.7,63.943748474121094,1.0,Tema Community 25 Estate,tabular,xgboost,h168,2026-01-04T23:00:00,2026-01-18T23:00:00,2026-02-15T23:00:00,,,42.0
2026-01-30 21:00:00,34.8,53.98244094848633,1.0,Tema Community 25 Estate,tabular,xgboost,h168,2026-01-04T23:00:00,2026-01-18T23:00:00,2026-02-15T23:00:00,,,42.0
2026-01-30 22:00:00,29.7,61.592472076416016,1.0,Tema Community 25 Estate,tabular,xgboost,h168,2026-01-04T23:00:00,2026-01-18T23:00:00,2026-02-15T23:00:00,,,42.0
2026-01-30 23:00:00,30.7,69.46993255615234,1.0,Tema Community 25 Estate,tabular,xgboost,h168,2026-01-04T23:00:00,2026-01-18T23:00:00,2026-02-15T23:00:00,,,42.0
2026-01-31 00:00:00,26.8,73.6728515625,1.0,Tema Community 25 Estate,tabular,xgboost,h168,2026-01-04T23:00:00,2026-01-18T23:00:00,2026-02-15T23:00:00,,,42.0
2026-01-31 01:00:00,41.5,68.11671447753906,1.0,Tema Community 25 Estate,tabular,xgboost,h168,2026-01-04T23:00:00,2026-01-18T23:00:00,2026-02-15T23:00:00,,,42.0
2026-01-31 02:00:00,35.8,58.74644088745117,1.0,Tema Community 25 Estate,tabular,xgboost,h168,2026-01-04T23:00:00,2026-01-18T23:00:00,2026-02-15T23:00:00,,,42.0
2026-01-31 03:00:00,33.3,51.979583740234375,1.0,Tema Community 25 Estate,tabular,xgboost,h168,2026-01-04T23:00:00,2026-01-18T23:00:00,2026-02-15T23:00:00,,,42.0
2026-01-31 04:00:00,33.6,53.95744705200195,1.0,Tema Community 25 Estate,tabular,xgboost,h168,2026-01-04T23:00:00,2026-01-18T23:00:00,2026-02-15T23:00:00,,,42.0
2026-01-31 05:00:00,39.6,68.63642883300781,1.0,Tema Community 25 Estate,tabular,xgboost,h168,2026-01-04T23:00:00,2026-01-18T23:00:00,2026-02-15T23:00:00,,,42.0
2026-01-31 06:00:00,46.8,89.00201416015625,1.0,Tema Community 25 Estate,tabular,xgboost,h168,2026-01-04T23:00:00,2026-01-18T23:00:00,2026-02-15T23:00:00,,,42.0
2026-01-31 07:00:00,46.0,86.97769927978516,1.0,Tema Community 25 Estate,tabular,xgboost,h168,2026-01-04T23:00:00,2026-01-18T23:00:00,2026-02-15T23:00:00,,,42.0
2026-01-31 08:00:00,39.7,69.83600616455078,1.0,Tema Community 25 Estate,tabular,xgboost,h168,2026-01-04T23:00:00,2026-01-18T23:00:00,2026-02-15T23:00:00,,,42.0
2026-01-31 09:00:00,39.0,64.41940307617188,1.0,Tema Community 25 Estate,tabular,xgboost,h168,2026-01-04T23:00:00,2026-01-18T23:00:00,2026-02-15T23:00:00,,,42.0
2026-01-31 10:00:00,39.8,61.194480895996094,1.0,Tema Community 25 Estate,tabular,xgboost,h168,2026-01-04T23:00:00,2026-01-18T23:00:00,2026-02-15T23:00:00,,,42.0
2026-01-31 11:00:00,40.9,67.36688232421875,1.0,Tema Community 25 Estate,tabular,xgboost,h168,2026-01-04T23:00:00,2026-01-18T23:00:00,2026-02-15T23:00:00,,,42.0
2026-01-31 12:00:00,33.3,68.906005859375,1.0,Tema Community 25 Estate,tabular,xgboost,h168,2026-01-04T23:00:00,2026-01-18T23:00:00,2026-02-15T23:00:00,,,42.0
2026-01-31 13:00:00,29.9,62.96304702758789,1.0,Tema Community 25 Estate,tabular,xgboost,h168,2026-01-04T23:00:00,2026-01-18T23:00:00,2026-02-15T23:00:00,,,42.0
2026-01-31 14:00:00,29.3,59.742679595947266,1.0,Tema Community 25 Estate,tabular,xgboost,h168,2026-01-04T23:00:00,2026-01-18T23:00:00,2026-02-15T23:00:00,,,42.0
2026-01-31 15:00:00,29.8,58.39244079589844,1.0,Tema Community 25 Estate,tabular,xgboost,h168,2026-01-04T23:00:00,2026-01-18T23:00:00,2026-02-15T23:00:00,,,42.0
2026-01-31 16:00:00,32.6,49.66508865356445,1.0,Tema Community 25 Estate,tabular,xgboost,h168,2026-01-04T23:00:00,2026-01-18T23:00:00,2026-02-15T23:00:00,,,42.0
2026-01-31 17:00:00,35.0,69.89839172363281,1.0,Tema Community 25 Estate,tabular,xgboost,h168,2026-01-04T23:00:00,2026-01-18T23:00:00,2026-02-15T23:00:00,,,42.0
2026-01-31 18:00:00,33.1,68.02293395996094,1.0,Tema Community 25 Estate,tabular,xgboost,h168,2026-01-04T23:00:00,2026-01-18T23:00:00,2026-02-15T23:00:00,,,42.0
2026-01-31 19:00:00,30.6,61.96292495727539,1.0,Tema Community 25 Estate,tabular,xgboost,h168,2026-01-04T23:00:00,2026-01-18T23:00:00,2026-02-15T23:00:00,,,42.0
2026-01-31 20:00:00,30.6,62.7984619140625,1.0,Tema Community 25 Estate,tabular,xgboost,h168,2026-01-04T23:00:00,2026-01-18T23:00:00,2026-02-15T23:00:00,,,42.0
2026-01-31 21:00:00,28.2,38.675113677978516,1.0,Tema Community 25 Estate,tabular,xgboost,h168,2026-01-04T23:00:00,2026-01-18T23:00:00,2026-02-15T23:00:00,,,42.0
2026-01-31 22:00:00,28.1,43.404178619384766,1.0,Tema Community 25 Estate,tabular,xgboost,h168,2026-01-04T23:00:00,2026-01-18T23:00:00,2026-02-15T23:00:00,,,42.0
2026-01-31 23:00:00,26.3,45.43259048461914,1.0,Tema Community 25 Estate,tabular,xgboost,h168,2026-01-04T23:00:00,2026-01-18T23:00:00,2026-02-15T23:00:00,,,42.0
2026-02-01 00:00:00,28.0,51.052398681640625,1.0,Tema Community 25 Estate,tabular,xgboost,h168,2026-01-04T23:00:00,2026-01-18T23:00:00,2026-02-15T23:00:00,,,42.0
2026-02-01 01:00:00,24.8,40.434146881103516,1.0,Tema Community 25 Estate,tabular,xgboost,h168,2026-01-04T23:00:00,2026-01-18T23:00:00,2026-02-15T23:00:00,,,42.0
2026-02-01 02:00:00,24.9,33.72242736816406,1.0,Tema Community 25 Estate,tabular,xgboost,h168,2026-01-04T23:00:00,2026-01-18T23:00:00,2026-02-15T23:00:00,,,42.0
2026-02-01 03:00:00,26.6,34.954368591308594,1.0,Tema Community 25 Estate,tabular,xgboost,h168,2026-01-04T23:00:00,2026-01-18T23:00:00,2026-02-15T23:00:00,,,42.0
2026-02-01 04:00:00,24.7,42.088294982910156,1.0,Tema Community 25 Estate,tabular,xgboost,h168,2026-01-04T23:00:00,2026-01-18T23:00:00,2026-02-15T23:00:00,,,42.0
2026-02-01 05:00:00,25.2,43.44666290283203,1.0,Tema Community 25 Estate,tabular,xgboost,h168,2026-01-04T23:00:00,2026-01-18T23:00:00,2026-02-15T23:00:00,,,42.0
2026-02-01 06:00:00,43.2,65.90997314453125,1.0,Tema Community 25 Estate,tabular,xgboost,h168,2026-01-04T23:00:00,2026-01-18T23:00:00,2026-02-15T23:00:00,,,42.0
2026-02-01 07:00:00,39.4,49.637027740478516,1.0,Tema Community 25 Estate,tabular,xgboost,h168,2026-01-04T23:00:00,2026-01-18T23:00:00,2026-02-15T23:00:00,,,42.0
2026-02-01 08:00:00,35.4,43.46245574951172,1.0,Tema Community 25 Estate,tabular,xgboost,h168,2026-01-04T23:00:00,2026-01-18T23:00:00,2026-02-15T23:00:00,,,42.0
2026-02-01 09:00:00,33.9,38.526363372802734,1.0,Tema Community 25 Estate,tabular,xgboost,h168,2026-01-04T23:00:00,2026-01-18T23:00:00,2026-02-15T23:00:00,,,42.0
2026-02-01 10:00:00,39.0,33.992488861083984,1.0,Tema Community 25 Estate,tabular,xgboost,h168,2026-01-04T23:00:00,2026-01-18T23:00:00,2026-02-15T23:00:00,,,42.0
2026-02-01 11:00:00,39.6,40.37521743774414,1.0,Tema Community 25 Estate,tabular,xgboost,h168,2026-01-04T23:00:00,2026-01-18T23:00:00,2026-02-15T23:00:00,,,42.0
2026-02-01 12:00:00,28.7,46.34517288208008,1.0,Tema Community 25 Estate,tabular,xgboost,h168,2026-01-04T23:00:00,2026-01-18T23:00:00,2026-02-15T23:00:00,,,42.0
2026-02-01 13:00:00,24.4,42.407554626464844,1.0,Tema Community 25 Estate,tabular,xgboost,h168,2026-01-04T23:00:00,2026-01-18T23:00:00,2026-02-15T23:00:00,,,42.0
2026-02-01 14:00:00,22.4,39.4534797668457,1.0,Tema Community 25 Estate,tabular,xgboost,h168,2026-01-04T23:00:00,2026-01-18T23:00:00,2026-02-15T23:00:00,,,42.0
2026-02-01 15:00:00,25.9,32.04143524169922,1.0,Tema Community 25 Estate,tabular,xgboost,h168,2026-01-04T23:00:00,2026-01-18T23:00:00,2026-02-15T23:00:00,,,42.0
2026-02-01 16:00:00,17.5,29.921897888183594,1.0,Tema Community 25 Estate,tabular,xgboost,h168,2026-01-04T23:00:00,2026-01-18T23:00:00,2026-02-15T23:00:00,,,42.0
2026-02-01 17:00:00,22.9,52.36020278930664,1.0,Tema Community 25 Estate,tabular,xgboost,h168,2026-01-04T23:00:00,2026-01-18T23:00:00,2026-02-15T23:00:00,,,42.0
2026-02-01 18:00:00,26.6,46.298770904541016,1.0,Tema Community 25 Estate,tabular,xgboost,h168,2026-01-04T23:00:00,2026-01-18T23:00:00,2026-02-15T23:00:00,,,42.0
2026-02-01 19:00:00,27.1,50.8193473815918,1.0,Tema Community 25 Estate,tabular,xgboost,h168,2026-01-04T23:00:00,2026-01-18T23:00:00,2026-02-15T23:00:00,,,42.0
2026-02-01 20:00:00,24.5,44.03609848022461,1.0,Tema Community 25 Estate,tabular,xgboost,h168,2026-01-04T23:00:00,2026-01-18T23:00:00,2026-02-15T23:00:00,,,42.0
2026-02-01 21:00:00,32.1,43.799468994140625,1.0,Tema Community 25 Estate,tabular,xgboost,h168,2026-01-04T23:00:00,2026-01-18T23:00:00,2026-02-15T23:00:00,,,42.0
2026-02-01 22:00:00,25.7,42.81765365600586,1.0,Tema Community 25 Estate,tabular,xgboost,h168,2026-01-04T23:00:00,2026-01-18T23:00:00,2026-02-15T23:00:00,,,42.0
2026-02-01 23:00:00,24.3,48.50837326049805,1.0,Tema Community 25 Estate,tabular,xgboost,h168,2026-01-04T23:00:00,2026-01-18T23:00:00,2026-02-15T23:00:00,,,42.0
2026-02-02 00:00:00,27.9,65.00684356689453,1.0,Tema Community 25 Estate,tabular,xgboost,h168,2026-01-04T23:00:00,2026-01-18T23:00:00,2026-02-15T23:00:00,,,42.0
2026-02-02 01:00:00,24.9,55.487003326416016,1.0,Tema Community 25 Estate,tabular,xgboost,h168,2026-01-04T23:00:00,2026-01-18T23:00:00,2026-02-15T23:00:00,,,42.0
2026-02-02 02:00:00,21.6,53.32262420654297,1.0,Tema Community 25 Estate,tabular,xgboost,h168,2026-01-04T23:00:00,2026-01-18T23:00:00,2026-02-15T23:00:00,,,42.0
2026-02-02 03:00:00,24.4,55.044837951660156,1.0,Tema Community 25 Estate,tabular,xgboost,h168,2026-01-04T23:00:00,2026-01-18T23:00:00,2026-02-15T23:00:00,,,42.0
2026-02-02 04:00:00,22.0,49.63979721069336,1.0,Tema Community 25 Estate,tabular,xgboost,h168,2026-01-04T23:00:00,2026-01-18T23:00:00,2026-02-15T23:00:00,,,42.0
2026-02-02 05:00:00,38.5,63.437652587890625,1.0,Tema Community 25 Estate,tabular,xgboost,h168,2026-01-04T23:00:00,2026-01-18T23:00:00,2026-02-15T23:00:00,,,42.0
2026-02-02 06:00:00,42.3,76.9368896484375,1.0,Tema Community 25 Estate,tabular,xgboost,h168,2026-01-04T23:00:00,2026-01-18T23:00:00,2026-02-15T23:00:00,,,42.0
2026-02-02 07:00:00,51.0,78.92325592041016,1.0,Tema Community 25 Estate,tabular,xgboost,h168,2026-01-04T23:00:00,2026-01-18T23:00:00,2026-02-15T23:00:00,,,42.0
2026-02-02 08:00:00,30.2,48.86884307861328,1.0,Tema Community 25 Estate,tabular,xgboost,h168,2026-01-04T23:00:00,2026-01-18T23:00:00,2026-02-15T23:00:00,,,42.0
2026-02-02 09:00:00,31.1,42.67686462402344,1.0,Tema Community 25 Estate,tabular,xgboost,h168,2026-01-04T23:00:00,2026-01-18T23:00:00,2026-02-15T23:00:00,,,42.0
2026-02-02 10:00:00,32.8,43.7780647277832,1.0,Tema Community 25 Estate,tabular,xgboost,h168,2026-01-04T23:00:00,2026-01-18T23:00:00,2026-02-15T23:00:00,,,42.0
2026-02-02 11:00:00,26.8,60.17995071411133,1.0,Tema Community 25 Estate,tabular,xgboost,h168,2026-01-04T23:00:00,2026-01-18T23:00:00,2026-02-15T23:00:00,,,42.0
2026-02-02 12:00:00,24.1,63.24568557739258,1.0,Tema Community 25 Estate,tabular,xgboost,h168,2026-01-04T23:00:00,2026-01-18T23:00:00,2026-02-15T23:00:00,,,42.0
2026-02-02 13:00:00,24.6,46.45961380004883,1.0,Tema Community 25 Estate,tabular,xgboost,h168,2026-01-04T23:00:00,2026-01-18T23:00:00,2026-02-15T23:00:00,,,42.0
2026-02-02 14:00:00,24.5,77.70401000976562,1.0,Tema Community 25 Estate,tabular,xgboost,h168,2026-01-04T23:00:00,2026-01-18T23:00:00,2026-02-15T23:00:00,,,42.0
2026-02-02 15:00:00,28.6,60.19039535522461,1.0,Tema Community 25 Estate,tabular,xgboost,h168,2026-01-04T23:00:00,2026-01-18T23:00:00,2026-02-15T23:00:00,,,42.0
2026-02-02 16:00:00,28.0,65.36773681640625,1.0,Tema Community 25 Estate,tabular,xgboost,h168,2026-01-04T23:00:00,2026-01-18T23:00:00,2026-02-15T23:00:00,,,42.0
2026-02-02 17:00:00,30.7,59.75883865356445,1.0,Tema Community 25 Estate,tabular,xgboost,h168,2026-01-04T23:00:00,2026-01-18T23:00:00,2026-02-15T23:00:00,,,42.0
2026-02-02 18:00:00,28.4,77.20640563964844,1.0,Tema Community 25 Estate,tabular,xgboost,h168,2026-01-04T23:00:00,2026-01-18T23:00:00,2026-02-15T23:00:00,,,42.0
2026-02-02 19:00:00,30.2,79.2780990600586,1.0,Tema Community 25 Estate,tabular,xgboost,h168,2026-01-04T23:00:00,2026-01-18T23:00:00,2026-02-15T23:00:00,,,42.0
2026-02-02 20:00:00,31.1,83.5943374633789,1.0,Tema Community 25 Estate,tabular,xgboost,h168,2026-01-04T23:00:00,2026-01-18T23:00:00,2026-02-15T23:00:00,,,42.0
2026-02-02 21:00:00,31.4,78.63497161865234,1.0,Tema Community 25 Estate,tabular,xgboost,h168,2026-01-04T23:00:00,2026-01-18T23:00:00,2026-02-15T23:00:00,,,42.0
2026-02-02 22:00:00,28.5,74.71796417236328,1.0,Tema Community 25 Estate,tabular,xgboost,h168,2026-01-04T23:00:00,2026-01-18T23:00:00,2026-02-15T23:00:00,,,42.0
2026-02-02 23:00:00,38.5,76.05217742919922,1.0,Tema Community 25 Estate,tabular,xgboost,h168,2026-01-04T23:00:00,2026-01-18T23:00:00,2026-02-15T23:00:00,,,42.0
2026-02-03 00:00:00,36.4,101.0158920288086,1.0,Tema Community 25 Estate,tabular,xgboost,h168,2026-01-04T23:00:00,2026-01-18T23:00:00,2026-02-15T23:00:00,,,42.0
2026-02-03 01:00:00,31.9,87.60791778564453,1.0,Tema Community 25 Estate,tabular,xgboost,h168,2026-01-04T23:00:00,2026-01-18T23:00:00,2026-02-15T23:00:00,,,42.0
2026-02-03 02:00:00,26.3,80.42279052734375,1.0,Tema Community 25 Estate,tabular,xgboost,h168,2026-01-04T23:00:00,2026-01-18T23:00:00,2026-02-15T23:00:00,,,42.0
2026-02-03 03:00:00,23.9,67.73060607910156,1.0,Tema Community 25 Estate,tabular,xgboost,h168,2026-01-04T23:00:00,2026-01-18T23:00:00,2026-02-15T23:00:00,,,42.0
2026-02-03 04:00:00,29.7,77.15697479248047,1.0,Tema Community 25 Estate,tabular,xgboost,h168,2026-01-04T23:00:00,2026-01-18T23:00:00,2026-02-15T23:00:00,,,42.0
2026-02-03 05:00:00,28.2,91.35940551757812,1.0,Tema Community 25 Estate,tabular,xgboost,h168,2026-01-04T23:00:00,2026-01-18T23:00:00,2026-02-15T23:00:00,,,42.0
2026-02-03 06:00:00,30.9,105.10128021240234,1.0,Tema Community 25 Estate,tabular,xgboost,h168,2026-01-04T23:00:00,2026-01-18T23:00:00,2026-02-15T23:00:00,,,42.0
2026-02-03 07:00:00,35.0,103.99016571044922,1.0,Tema Community 25 Estate,tabular,xgboost,h168,2026-01-04T23:00:00,2026-01-18T23:00:00,2026-02-15T23:00:00,,,42.0
2026-02-03 08:00:00,25.5,75.09197235107422,1.0,Tema Community 25 Estate,tabular,xgboost,h168,2026-01-04T23:00:00,2026-01-18T23:00:00,2026-02-15T23:00:00,,,42.0
2026-02-03 09:00:00,29.7,73.05030059814453,1.0,Tema Community 25 Estate,tabular,xgboost,h168,2026-01-04T23:00:00,2026-01-18T23:00:00,2026-02-15T23:00:00,,,42.0
2026-02-03 10:00:00,29.6,88.0413589477539,1.0,Tema Community 25 Estate,tabular,xgboost,h168,2026-01-04T23:00:00,2026-01-18T23:00:00,2026-02-15T23:00:00,,,42.0
2026-02-03 11:00:00,36.2,75.73992919921875,1.0,Tema Community 25 Estate,tabular,xgboost,h168,2026-01-04T23:00:00,2026-01-18T23:00:00,2026-02-15T23:00:00,,,42.0
2026-02-03 12:00:00,25.9,85.11990356445312,1.0,Tema Community 25 Estate,tabular,xgboost,h168,2026-01-04T23:00:00,2026-01-18T23:00:00,2026-02-15T23:00:00,,,42.0
2026-02-03 13:00:00,22.6,81.32286071777344,1.0,Tema Community 25 Estate,tabular,xgboost,h168,2026-01-04T23:00:00,2026-01-18T23:00:00,2026-02-15T23:00:00,,,42.0
2026-02-03 14:00:00,23.7,77.94532012939453,1.0,Tema Community 25 Estate,tabular,xgboost,h168,2026-01-04T23:00:00,2026-01-18T23:00:00,2026-02-15T23:00:00,,,42.0
2026-02-03 15:00:00,22.5,73.26437377929688,1.0,Tema Community 25 Estate,tabular,xgboost,h168,2026-01-04T23:00:00,2026-01-18T23:00:00,2026-02-15T23:00:00,,,42.0
2026-02-03 16:00:00,31.0,66.71016693115234,1.0,Tema Community 25 Estate,tabular,xgboost,h168,2026-01-04T23:00:00,2026-01-18T23:00:00,2026-02-15T23:00:00,,,42.0
2026-02-03 17:00:00,31.8,64.93008422851562,1.0,Tema Community 25 Estate,tabular,xgboost,h168,2026-01-04T23:00:00,2026-01-18T23:00:00,2026-02-15T23:00:00,,,42.0
2026-02-03 18:00:00,25.8,85.47462463378906,1.0,Tema Community 25 Estate,tabular,xgboost,h168,2026-01-04T23:00:00,2026-01-18T23:00:00,2026-02-15T23:00:00,,,42.0
2026-02-03 19:00:00,43.5,80.57845306396484,1.0,Tema Community 25 Estate,tabular,xgboost,h168,2026-01-04T23:00:00,2026-01-18T23:00:00,2026-02-15T23:00:00,,,42.0
2026-02-03 20:00:00,60.6,74.96553039550781,1.0,Tema Community 25 Estate,tabular,xgboost,h168,2026-01-04T23:00:00,2026-01-18T23:00:00,2026-02-15T23:00:00,,,42.0
2026-02-03 21:00:00,53.8,72.54100799560547,1.0,Tema Community 25 Estate,tabular,xgboost,h168,2026-01-04T23:00:00,2026-01-18T23:00:00,2026-02-15T23:00:00,,,42.0
2026-02-03 22:00:00,41.5,67.98956298828125,1.0,Tema Community 25 Estate,tabular,xgboost,h168,2026-01-04T23:00:00,2026-01-18T23:00:00,2026-02-15T23:00:00,,,42.0
2026-02-03 23:00:00,35.6,72.34603118896484,1.0,Tema Community 25 Estate,tabular,xgboost,h168,2026-01-04T23:00:00,2026-01-18T23:00:00,2026-02-15T23:00:00,,,42.0
2026-02-04 00:00:00,22.9,83.34540557861328,1.0,Tema Community 25 Estate,tabular,xgboost,h168,2026-01-04T23:00:00,2026-01-18T23:00:00,2026-02-15T23:00:00,,,42.0
2026-02-04 01:00:00,21.3,85.11769104003906,1.0,Tema Community 25 Estate,tabular,xgboost,h168,2026-01-04T23:00:00,2026-01-18T23:00:00,2026-02-15T23:00:00,,,42.0
2026-02-04 02:00:00,24.7,75.1566390991211,1.0,Tema Community 25 Estate,tabular,xgboost,h168,2026-01-04T23:00:00,2026-01-18T23:00:00,2026-02-15T23:00:00,,,42.0
2026-02-04 03:00:00,30.5,77.84319305419922,1.0,Tema Community 25 Estate,tabular,xgboost,h168,2026-01-04T23:00:00,2026-01-18T23:00:00,2026-02-15T23:00:00,,,42.0
2026-02-04 04:00:00,37.3,87.08281707763672,1.0,Tema Community 25 Estate,tabular,xgboost,h168,2026-01-04T23:00:00,2026-01-18T23:00:00,2026-02-15T23:00:00,,,42.0
2026-02-04 05:00:00,43.2,81.57823944091797,1.0,Tema Community 25 Estate,tabular,xgboost,h168,2026-01-04T23:00:00,2026-01-18T23:00:00,2026-02-15T23:00:00,,,42.0
2026-02-04 06:00:00,69.9,110.15925598144531,1.0,Tema Community 25 Estate,tabular,xgboost,h168,2026-01-04T23:00:00,2026-01-18T23:00:00,2026-02-15T23:00:00,,,42.0
2026-02-04 07:00:00,105.9,112.45584106445312,1.0,Tema Community 25 Estate,tabular,xgboost,h168,2026-01-04T23:00:00,2026-01-18T23:00:00,2026-02-15T23:00:00,,,42.0
2026-02-04 08:00:00,79.3,88.60742950439453,1.0,Tema Community 25 Estate,tabular,xgboost,h168,2026-01-04T23:00:00,2026-01-18T23:00:00,2026-02-15T23:00:00,,,42.0
2026-02-04 09:00:00,62.2,72.2480697631836,1.0,Tema Community 25 Estate,tabular,xgboost,h168,2026-01-04T23:00:00,2026-01-18T23:00:00,2026-02-15T23:00:00,,,42.0
2026-02-04 10:00:00,60.9,86.36729431152344,1.0,Tema Community 25 Estate,tabular,xgboost,h168,2026-01-04T23:00:00,2026-01-18T23:00:00,2026-02-15T23:00:00,,,42.0
2026-02-04 11:00:00,41.1,87.1106185913086,1.0,Tema Community 25 Estate,tabular,xgboost,h168,2026-01-04T23:00:00,2026-01-18T23:00:00,2026-02-15T23:00:00,,,42.0
2026-02-04 12:00:00,50.8,95.65213012695312,1.0,Tema Community 25 Estate,tabular,xgboost,h168,2026-01-04T23:00:00,2026-01-18T23:00:00,2026-02-15T23:00:00,,,42.0
2026-02-04 13:00:00,35.6,101.21549224853516,1.0,Tema Community 25 Estate,tabular,xgboost,h168,2026-01-04T23:00:00,2026-01-18T23:00:00,2026-02-15T23:00:00,,,42.0
2026-02-04 14:00:00,32.3,100.27903747558594,1.0,Tema Community 25 Estate,tabular,xgboost,h168,2026-01-04T23:00:00,2026-01-18T23:00:00,2026-02-15T23:00:00,,,42.0
2026-02-04 15:00:00,23.9,84.54674530029297,1.0,Tema Community 25 Estate,tabular,xgboost,h168,2026-01-04T23:00:00,2026-01-18T23:00:00,2026-02-15T23:00:00,,,42.0
2026-02-04 16:00:00,24.0,64.09932708740234,1.0,Tema Community 25 Estate,tabular,xgboost,h168,2026-01-04T23:00:00,2026-01-18T23:00:00,2026-02-15T23:00:00,,,42.0
2026-02-04 17:00:00,22.5,75.1788101196289,1.0,Tema Community 25 Estate,tabular,xgboost,h168,2026-01-04T23:00:00,2026-01-18T23:00:00,2026-02-15T23:00:00,,,42.0
2026-02-04 18:00:00,28.2,80.15380859375,1.0,Tema Community 25 Estate,tabular,xgboost,h168,2026-01-04T23:00:00,2026-01-18T23:00:00,2026-02-15T23:00:00,,,42.0
2026-02-04 19:00:00,25.9,99.35052490234375,1.0,Tema Community 25 Estate,tabular,xgboost,h168,2026-01-04T23:00:00,2026-01-18T23:00:00,2026-02-15T23:00:00,,,42.0
2026-02-04 20:00:00,21.0,83.75688171386719,1.0,Tema Community 25 Estate,tabular,xgboost,h168,2026-01-04T23:00:00,2026-01-18T23:00:00,2026-02-15T23:00:00,,,42.0
2026-02-04 21:00:00,18.1,84.574462890625,1.0,Tema Community 25 Estate,tabular,xgboost,h168,2026-01-04T23:00:00,2026-01-18T23:00:00,2026-02-15T23:00:00,,,42.0
2026-02-04 22:00:00,24.1,91.37118530273438,1.0,Tema Community 25 Estate,tabular,xgboost,h168,2026-01-04T23:00:00,2026-01-18T23:00:00,2026-02-15T23:00:00,,,42.0
2026-02-04 23:00:00,31.4,89.43524932861328,1.0,Tema Community 25 Estate,tabular,xgboost,h168,2026-01-04T23:00:00,2026-01-18T23:00:00,2026-02-15T23:00:00,,,42.0
2026-02-05 00:00:00,28.3,111.53306579589844,1.0,Tema Community 25 Estate,tabular,xgboost,h168,2026-01-04T23:00:00,2026-01-18T23:00:00,2026-02-15T23:00:00,,,42.0
2026-02-05 01:00:00,30.5,103.93214416503906,1.0,Tema Community 25 Estate,tabular,xgboost,h168,2026-01-04T23:00:00,2026-01-18T23:00:00,2026-02-15T23:00:00,,,42.0
2026-02-05 02:00:00,30.8,87.01117706298828,1.0,Tema Community 25 Estate,tabular,xgboost,h168,2026-01-04T23:00:00,2026-01-18T23:00:00,2026-02-15T23:00:00,,,42.0
2026-02-05 03:00:00,28.1,80.9702377319336,1.0,Tema Community 25 Estate,tabular,xgboost,h168,2026-01-04T23:00:00,2026-01-18T23:00:00,2026-02-15T23:00:00,,,42.0
2026-02-05 04:00:00,25.5,76.7414779663086,1.0,Tema Community 25 Estate,tabular,xgboost,h168,2026-01-04T23:00:00,2026-01-18T23:00:00,2026-02-15T23:00:00,,,42.0
2026-02-05 05:00:00,23.8,88.61557006835938,1.0,Tema Community 25 Estate,tabular,xgboost,h168,2026-01-04T23:00:00,2026-01-18T23:00:00,2026-02-15T23:00:00,,,42.0
2026-02-05 06:00:00,33.0,117.84984588623047,1.0,Tema Community 25 Estate,tabular,xgboost,h168,2026-01-04T23:00:00,2026-01-18T23:00:00,2026-02-15T23:00:00,,,42.0
2026-02-05 07:00:00,20.9,114.2005844116211,1.0,Tema Community 25 Estate,tabular,xgboost,h168,2026-01-04T23:00:00,2026-01-18T23:00:00,2026-02-15T23:00:00,,,42.0
2026-02-05 08:00:00,15.0,92.41031646728516,1.0,Tema Community 25 Estate,tabular,xgboost,h168,2026-01-04T23:00:00,2026-01-18T23:00:00,2026-02-15T23:00:00,,,42.0
2026-02-05 09:00:00,10.8,89.08854675292969,1.0,Tema Community 25 Estate,tabular,xgboost,h168,2026-01-04T23:00:00,2026-01-18T23:00:00,2026-02-15T23:00:00,,,42.0
2026-02-05 10:00:00,8.8,102.17913055419922,1.0,Tema Community 25 Estate,tabular,xgboost,h168,2026-01-04T23:00:00,2026-01-18T23:00:00,2026-02-15T23:00:00,,,42.0
2026-02-05 11:00:00,11.1,109.35830688476562,1.0,Tema Community 25 Estate,tabular,xgboost,h168,2026-01-04T23:00:00,2026-01-18T23:00:00,2026-02-15T23:00:00,,,42.0
2026-02-05 12:00:00,14.7,102.33086395263672,1.0,Tema Community 25 Estate,tabular,xgboost,h168,2026-01-04T23:00:00,2026-01-18T23:00:00,2026-02-15T23:00:00,,,42.0
2026-02-05 13:00:00,14.4,95.92671203613281,1.0,Tema Community 25 Estate,tabular,xgboost,h168,2026-01-04T23:00:00,2026-01-18T23:00:00,2026-02-15T23:00:00,,,42.0
2026-02-05 14:00:00,13.5,90.72379302978516,1.0,Tema Community 25 Estate,tabular,xgboost,h168,2026-01-04T23:00:00,2026-01-18T23:00:00,2026-02-15T23:00:00,,,42.0
2026-02-05 15:00:00,13.4,96.17526245117188,1.0,Tema Community 25 Estate,tabular,xgboost,h168,2026-01-04T23:00:00,2026-01-18T23:00:00,2026-02-15T23:00:00,,,42.0
2026-02-05 16:00:00,14.0,86.44952392578125,1.0,Tema Community 25 Estate,tabular,xgboost,h168,2026-01-04T23:00:00,2026-01-18T23:00:00,2026-02-15T23:00:00,,,42.0
2026-02-05 17:00:00,23.3,86.96326446533203,1.0,Tema Community 25 Estate,tabular,xgboost,h168,2026-01-04T23:00:00,2026-01-18T23:00:00,2026-02-15T23:00:00,,,42.0
2026-02-05 18:00:00,17.8,90.86876678466797,1.0,Tema Community 25 Estate,tabular,xgboost,h168,2026-01-04T23:00:00,2026-01-18T23:00:00,2026-02-15T23:00:00,,,42.0
2026-02-05 19:00:00,18.0,90.59880828857422,1.0,Tema Community 25 Estate,tabular,xgboost,h168,2026-01-04T23:00:00,2026-01-18T23:00:00,2026-02-15T23:00:00,,,42.0
2026-02-05 20:00:00,18.6,83.17192077636719,1.0,Tema Community 25 Estate,tabular,xgboost,h168,2026-01-04T23:00:00,2026-01-18T23:00:00,2026-02-15T23:00:00,,,42.0
2026-02-05 21:00:00,14.3,80.96731567382812,1.0,Tema Community 25 Estate,tabular,xgboost,h168,2026-01-04T23:00:00,2026-01-18T23:00:00,2026-02-15T23:00:00,,,42.0
2026-02-05 22:00:00,15.3,84.07247924804688,1.0,Tema Community 25 Estate,tabular,xgboost,h168,2026-01-04T23:00:00,2026-01-18T23:00:00,2026-02-15T23:00:00,,,42.0
2026-02-05 23:00:00,14.1,92.94060516357422,1.0,Tema Community 25 Estate,tabular,xgboost,h168,2026-01-04T23:00:00,2026-01-18T23:00:00,2026-02-15T23:00:00,,,42.0
2026-02-06 00:00:00,13.0,101.0422592163086,1.0,Tema Community 25 Estate,tabular,xgboost,h168,2026-01-04T23:00:00,2026-01-18T23:00:00,2026-02-15T23:00:00,,,42.0
2026-02-06 01:00:00,13.5,94.74845886230469,1.0,Tema Community 25 Estate,tabular,xgboost,h168,2026-01-04T23:00:00,2026-01-18T23:00:00,2026-02-15T23:00:00,,,42.0
2026-02-06 02:00:00,13.5,82.54884338378906,1.0,Tema Community 25 Estate,tabular,xgboost,h168,2026-01-04T23:00:00,2026-01-18T23:00:00,2026-02-15T23:00:00,,,42.0
2026-02-06 03:00:00,14.8,77.88396453857422,1.0,Tema Community 25 Estate,tabular,xgboost,h168,2026-01-04T23:00:00,2026-01-18T23:00:00,2026-02-15T23:00:00,,,42.0
2026-02-06 04:00:00,19.6,115.1940689086914,1.0,Tema Community 25 Estate,tabular,xgboost,h168,2026-01-04T23:00:00,2026-01-18T23:00:00,2026-02-15T23:00:00,,,42.0
2026-02-06 05:00:00,30.8,109.95516967773438,1.0,Tema Community 25 Estate,tabular,xgboost,h168,2026-01-04T23:00:00,2026-01-18T23:00:00,2026-02-15T23:00:00,,,42.0
2026-02-06 06:00:00,47.7,110.89900207519531,1.0,Tema Community 25 Estate,tabular,xgboost,h168,2026-01-04T23:00:00,2026-01-18T23:00:00,2026-02-15T23:00:00,,,42.0
2026-02-06 07:00:00,36.3,122.5749740600586,1.0,Tema Community 25 Estate,tabular,xgboost,h168,2026-01-04T23:00:00,2026-01-18T23:00:00,2026-02-15T23:00:00,,,42.0
2026-02-06 08:00:00,23.5,100.28356170654297,1.0,Tema Community 25 Estate,tabular,xgboost,h168,2026-01-04T23:00:00,2026-01-18T23:00:00,2026-02-15T23:00:00,,,42.0
2026-02-06 09:00:00,19.5,94.0886001586914,1.0,Tema Community 25 Estate,tabular,xgboost,h168,2026-01-04T23:00:00,2026-01-18T23:00:00,2026-02-15T23:00:00,,,42.0
2026-02-06 10:00:00,19.7,96.73839569091797,1.0,Tema Community 25 Estate,tabular,xgboost,h168,2026-01-04T23:00:00,2026-01-18T23:00:00,2026-02-15T23:00:00,,,42.0
2026-02-06 11:00:00,20.0,115.79131317138672,1.0,Tema Community 25 Estate,tabular,xgboost,h168,2026-01-04T23:00:00,2026-01-18T23:00:00,2026-02-15T23:00:00,,,42.0
2026-02-06 12:00:00,19.5,110.11925506591797,1.0,Tema Community 25 Estate,tabular,xgboost,h168,2026-01-04T23:00:00,2026-01-18T23:00:00,2026-02-15T23:00:00,,,42.0
2026-02-06 13:00:00,23.3,95.11652374267578,1.0,Tema Community 25 Estate,tabular,xgboost,h168,2026-01-04T23:00:00,2026-01-18T23:00:00,2026-02-15T23:00:00,,,42.0
2026-02-06 14:00:00,29.4,102.17506408691406,1.0,Tema Community 25 Estate,tabular,xgboost,h168,2026-01-04T23:00:00,2026-01-18T23:00:00,2026-02-15T23:00:00,,,42.0
2026-02-06 15:00:00,18.1,103.0745620727539,1.0,Tema Community 25 Estate,tabular,xgboost,h168,2026-01-04T23:00:00,2026-01-18T23:00:00,2026-02-15T23:00:00,,,42.0
2026-02-06 16:00:00,14.3,91.33265686035156,1.0,Tema Community 25 Estate,tabular,xgboost,h168,2026-01-04T23:00:00,2026-01-18T23:00:00,2026-02-15T23:00:00,,,42.0
2026-02-06 17:00:00,25.0,84.13674926757812,1.0,Tema Community 25 Estate,tabular,xgboost,h168,2026-01-04T23:00:00,2026-01-18T23:00:00,2026-02-15T23:00:00,,,42.0
2026-02-06 18:00:00,17.3,110.53154754638672,1.0,Tema Community 25 Estate,tabular,xgboost,h168,2026-01-04T23:00:00,2026-01-18T23:00:00,2026-02-15T23:00:00,,,42.0
2026-02-06 19:00:00,16.3,88.20405578613281,1.0,Tema Community 25 Estate,tabular,xgboost,h168,2026-01-04T23:00:00,2026-01-18T23:00:00,2026-02-15T23:00:00,,,42.0
2026-02-06 20:00:00,16.0,77.63544464111328,1.0,Tema Community 25 Estate,tabular,xgboost,h168,2026-01-04T23:00:00,2026-01-18T23:00:00,2026-02-15T23:00:00,,,42.0
2026-02-06 21:00:00,13.5,85.01025390625,1.0,Tema Community 25 Estate,tabular,xgboost,h168,2026-01-04T23:00:00,2026-01-18T23:00:00,2026-02-15T23:00:00,,,42.0
2026-02-06 22:00:00,15.3,85.03580474853516,1.0,Tema Community 25 Estate,tabular,xgboost,h168,2026-01-04T23:00:00,2026-01-18T23:00:00,2026-02-15T23:00:00,,,42.0
2026-02-06 23:00:00,17.6,92.16967010498047,1.0,Tema Community 25 Estate,tabular,xgboost,h168,2026-01-04T23:00:00,2026-01-18T23:00:00,2026-02-15T23:00:00,,,42.0
2026-02-07 00:00:00,19.6,91.65386962890625,1.0,Tema Community 25 Estate,tabular,xgboost,h168,2026-01-04T23:00:00,2026-01-18T23:00:00,2026-02-15T23:00:00,,,42.0
2026-02-07 01:00:00,18.3,93.60784912109375,1.0,Tema Community 25 Estate,tabular,xgboost,h168,2026-01-04T23:00:00,2026-01-18T23:00:00,2026-02-15T23:00:00,,,42.0
2026-02-07 02:00:00,21.9,83.82843017578125,1.0,Tema Community 25 Estate,tabular,xgboost,h168,2026-01-04T23:00:00,2026-01-18T23:00:00,2026-02-15T23:00:00,,,42.0
2026-02-07 03:00:00,25.3,81.15985870361328,1.0,Tema Community 25 Estate,tabular,xgboost,h168,2026-01-04T23:00:00,2026-01-18T23:00:00,2026-02-15T23:00:00,,,42.0
2026-02-07 04:00:00,35.5,92.10586547851562,1.0,Tema Community 25 Estate,tabular,xgboost,h168,2026-01-04T23:00:00,2026-01-18T23:00:00,2026-02-15T23:00:00,,,42.0
2026-02-07 05:00:00,34.6,114.8924560546875,1.0,Tema Community 25 Estate,tabular,xgboost,h168,2026-01-04T23:00:00,2026-01-18T23:00:00,2026-02-15T23:00:00,,,42.0
2026-02-07 06:00:00,37.9,117.4050521850586,1.0,Tema Community 25 Estate,tabular,xgboost,h168,2026-01-04T23:00:00,2026-01-18T23:00:00,2026-02-15T23:00:00,,,42.0
2026-02-07 07:00:00,38.6,104.5547866821289,1.0,Tema Community 25 Estate,tabular,xgboost,h168,2026-01-04T23:00:00,2026-01-18T23:00:00,2026-02-15T23:00:00,,,42.0
2026-02-07 08:00:00,23.7,84.13471984863281,1.0,Tema Community 25 Estate,tabular,xgboost,h168,2026-01-04T23:00:00,2026-01-18T23:00:00,2026-02-15T23:00:00,,,42.0
2026-02-07 09:00:00,24.1,82.44375610351562,1.0,Tema Community 25 Estate,tabular,xgboost,h168,2026-01-04T23:00:00,2026-01-18T23:00:00,2026-02-15T23:00:00,,,42.0
2026-02-07 10:00:00,24.5,89.51807403564453,1.0,Tema Community 25 Estate,tabular,xgboost,h168,2026-01-04T23:00:00,2026-01-18T23:00:00,2026-02-15T23:00:00,,,42.0
2026-02-07 11:00:00,25.8,106.81013488769531,1.0,Tema Community 25 Estate,tabular,xgboost,h168,2026-01-04T23:00:00,2026-01-18T23:00:00,2026-02-15T23:00:00,,,42.0
2026-02-07 12:00:00,18.6,106.92584228515625,1.0,Tema Community 25 Estate,tabular,xgboost,h168,2026-01-04T23:00:00,2026-01-18T23:00:00,2026-02-15T23:00:00,,,42.0
2026-02-07 13:00:00,16.2,99.39381408691406,1.0,Tema Community 25 Estate,tabular,xgboost,h168,2026-01-04T23:00:00,2026-01-18T23:00:00,2026-02-15T23:00:00,,,42.0
2026-02-07 14:00:00,14.1,98.51785278320312,1.0,Tema Community 25 Estate,tabular,xgboost,h168,2026-01-04T23:00:00,2026-01-18T23:00:00,2026-02-15T23:00:00,,,42.0
2026-02-07 15:00:00,12.6,76.34343719482422,1.0,Tema Community 25 Estate,tabular,xgboost,h168,2026-01-04T23:00:00,2026-01-18T23:00:00,2026-02-15T23:00:00,,,42.0
2026-02-07 16:00:00,12.3,87.26648712158203,1.0,Tema Community 25 Estate,tabular,xgboost,h168,2026-01-04T23:00:00,2026-01-18T23:00:00,2026-02-15T23:00:00,,,42.0
2026-02-07 17:00:00,14.4,83.40009307861328,1.0,Tema Community 25 Estate,tabular,xgboost,h168,2026-01-04T23:00:00,2026-01-18T23:00:00,2026-02-15T23:00:00,,,42.0
2026-02-07 18:00:00,22.6,87.32880401611328,1.0,Tema Community 25 Estate,tabular,xgboost,h168,2026-01-04T23:00:00,2026-01-18T23:00:00,2026-02-15T23:00:00,,,42.0
2026-02-07 19:00:00,21.5,100.59247589111328,1.0,Tema Community 25 Estate,tabular,xgboost,h168,2026-01-04T23:00:00,2026-01-18T23:00:00,2026-02-15T23:00:00,,,42.0
2026-02-07 20:00:00,21.3,88.98628234863281,1.0,Tema Community 25 Estate,tabular,xgboost,h168,2026-01-04T23:00:00,2026-01-18T23:00:00,2026-02-15T23:00:00,,,42.0
2026-02-07 21:00:00,24.0,88.34795379638672,1.0,Tema Community 25 Estate,tabular,xgboost,h168,2026-01-04T23:00:00,2026-01-18T23:00:00,2026-02-15T23:00:00,,,42.0
2026-02-07 22:00:00,30.0,87.27253723144531,1.0,Tema Community 25 Estate,tabular,xgboost,h168,2026-01-04T23:00:00,2026-01-18T23:00:00,2026-02-15T23:00:00,,,42.0
2026-02-07 23:00:00,23.6,88.11978149414062,1.0,Tema Community 25 Estate,tabular,xgboost,h168,2026-01-04T23:00:00,2026-01-18T23:00:00,2026-02-15T23:00:00,,,42.0
2026-02-08 00:00:00,21.0,120.35968780517578,1.0,Tema Community 25 Estate,tabular,xgboost,h168,2026-01-04T23:00:00,2026-01-18T23:00:00,2026-02-15T23:00:00,,,42.0
2026-02-08 01:00:00,25.8,103.53536987304688,1.0,Tema Community 25 Estate,tabular,xgboost,h168,2026-01-04T23:00:00,2026-01-18T23:00:00,2026-02-15T23:00:00,,,42.0
2026-02-08 02:00:00,21.8,97.16242980957031,1.0,Tema Community 25 Estate,tabular,xgboost,h168,2026-01-04T23:00:00,2026-01-18T23:00:00,2026-02-15T23:00:00,,,42.0
2026-02-08 03:00:00,21.2,78.47449493408203,1.0,Tema Community 25 Estate,tabular,xgboost,h168,2026-01-04T23:00:00,2026-01-18T23:00:00,2026-02-15T23:00:00,,,42.0
2026-02-08 04:00:00,24.4,108.60911560058594,1.0,Tema Community 25 Estate,tabular,xgboost,h168,2026-01-04T23:00:00,2026-01-18T23:00:00,2026-02-15T23:00:00,,,42.0
2026-02-08 05:00:00,42.8,106.8213882446289,1.0,Tema Community 25 Estate,tabular,xgboost,h168,2026-01-04T23:00:00,2026-01-18T23:00:00,2026-02-15T23:00:00,,,42.0
2026-02-08 06:00:00,44.0,123.11491394042969,1.0,Tema Community 25 Estate,tabular,xgboost,h168,2026-01-04T23:00:00,2026-01-18T23:00:00,2026-02-15T23:00:00,,,42.0
2026-02-08 07:00:00,43.3,129.6037139892578,1.0,Tema Community 25 Estate,tabular,xgboost,h168,2026-01-04T23:00:00,2026-01-18T23:00:00,2026-02-15T23:00:00,,,42.0
2026-02-08 08:00:00,30.7,113.46294403076172,1.0,Tema Community 25 Estate,tabular,xgboost,h168,2026-01-04T23:00:00,2026-01-18T23:00:00,2026-02-15T23:00:00,,,42.0
2026-02-08 09:00:00,24.8,103.0129165649414,1.0,Tema Community 25 Estate,tabular,xgboost,h168,2026-01-04T23:00:00,2026-01-18T23:00:00,2026-02-15T23:00:00,,,42.0
2026-02-08 10:00:00,22.9,92.37748718261719,1.0,Tema Community 25 Estate,tabular,xgboost,h168,2026-01-04T23:00:00,2026-01-18T23:00:00,2026-02-15T23:00:00,,,42.0
2026-02-08 11:00:00,20.4,99.16781616210938,1.0,Tema Community 25 Estate,tabular,xgboost,h168,2026-01-04T23:00:00,2026-01-18T23:00:00,2026-02-15T23:00:00,,,42.0
2026-02-08 12:00:00,20.2,85.88557434082031,1.0,Tema Community 25 Estate,tabular,xgboost,h168,2026-01-04T23:00:00,2026-01-18T23:00:00,2026-02-15T23:00:00,,,42.0
2026-02-08 13:00:00,17.8,80.56820678710938,1.0,Tema Community 25 Estate,tabular,xgboost,h168,2026-01-04T23:00:00,2026-01-18T23:00:00,2026-02-15T23:00:00,,,42.0
2026-02-08 14:00:00,16.1,82.9986572265625,1.0,Tema Community 25 Estate,tabular,xgboost,h168,2026-01-04T23:00:00,2026-01-18T23:00:00,2026-02-15T23:00:00,,,42.0
2026-02-08 15:00:00,13.7,79.10403442382812,1.0,Tema Community 25 Estate,tabular,xgboost,h168,2026-01-04T23:00:00,2026-01-18T23:00:00,2026-02-15T23:00:00,,,42.0
2026-02-08 16:00:00,13.0,76.85652160644531,1.0,Tema Community 25 Estate,tabular,xgboost,h168,2026-01-04T23:00:00,2026-01-18T23:00:00,2026-02-15T23:00:00,,,42.0
2026-02-08 17:00:00,14.6,81.22013092041016,1.0,Tema Community 25 Estate,tabular,xgboost,h168,2026-01-04T23:00:00,2026-01-18T23:00:00,2026-02-15T23:00:00,,,42.0
2026-02-08 18:00:00,14.8,81.29336547851562,1.0,Tema Community 25 Estate,tabular,xgboost,h168,2026-01-04T23:00:00,2026-01-18T23:00:00,2026-02-15T23:00:00,,,42.0
2026-02-08 19:00:00,16.9,88.96223449707031,1.0,Tema Community 25 Estate,tabular,xgboost,h168,2026-01-04T23:00:00,2026-01-18T23:00:00,2026-02-15T23:00:00,,,42.0
2026-02-08 20:00:00,17.6,73.8810043334961,1.0,Tema Community 25 Estate,tabular,xgboost,h168,2026-01-04T23:00:00,2026-01-18T23:00:00,2026-02-15T23:00:00,,,42.0
2026-02-08 21:00:00,19.4,76.91486358642578,1.0,Tema Community 25 Estate,tabular,xgboost,h168,2026-01-04T23:00:00,2026-01-18T23:00:00,2026-02-15T23:00:00,,,42.0
2026-02-08 22:00:00,15.3,78.40886688232422,1.0,Tema Community 25 Estate,tabular,xgboost,h168,2026-01-04T23:00:00,2026-01-18T23:00:00,2026-02-15T23:00:00,,,42.0
2026-02-08 23:00:00,13.1,75.7784423828125,1.0,Tema Community 25 Estate,tabular,xgboost,h168,2026-01-04T23:00:00,2026-01-18T23:00:00,2026-02-15T23:00:00,,,42.0
2026-02-09 00:00:00,14.0,90.84821319580078,1.0,Tema Community 25 Estate,tabular,xgboost,h168,2026-01-04T23:00:00,2026-01-18T23:00:00,2026-02-15T23:00:00,,,42.0
2026-02-09 01:00:00,16.7,89.47350311279297,1.0,Tema Community 25 Estate,tabular,xgboost,h168,2026-01-04T23:00:00,2026-01-18T23:00:00,2026-02-15T23:00:00,,,42.0
2026-02-09 02:00:00,14.1,83.58992767333984,1.0,Tema Community 25 Estate,tabular,xgboost,h168,2026-01-04T23:00:00,2026-01-18T23:00:00,2026-02-15T23:00:00,,,42.0
2026-02-09 03:00:00,15.3,75.51571655273438,1.0,Tema Community 25 Estate,tabular,xgboost,h168,2026-01-04T23:00:00,2026-01-18T23:00:00,2026-02-15T23:00:00,,,42.0
2026-02-09 04:00:00,15.6,83.80240631103516,1.0,Tema Community 25 Estate,tabular,xgboost,h168,2026-01-04T23:00:00,2026-01-18T23:00:00,2026-02-15T23:00:00,,,42.0
2026-02-09 05:00:00,22.7,119.74809265136719,1.0,Tema Community 25 Estate,tabular,xgboost,h168,2026-01-04T23:00:00,2026-01-18T23:00:00,2026-02-15T23:00:00,,,42.0
2026-02-09 06:00:00,25.4,114.1651382446289,1.0,Tema Community 25 Estate,tabular,xgboost,h168,2026-01-04T23:00:00,2026-01-18T23:00:00,2026-02-15T23:00:00,,,42.0
2026-02-09 07:00:00,25.9,114.40949249267578,1.0,Tema Community 25 Estate,tabular,xgboost,h168,2026-01-04T23:00:00,2026-01-18T23:00:00,2026-02-15T23:00:00,,,42.0
2026-02-09 08:00:00,19.8,118.31875610351562,1.0,Tema Community 25 Estate,tabular,xgboost,h168,2026-01-04T23:00:00,2026-01-18T23:00:00,2026-02-15T23:00:00,,,42.0
2026-02-09 09:00:00,19.9,76.00430297851562,1.0,Tema Community 25 Estate,tabular,xgboost,h168,2026-01-04T23:00:00,2026-01-18T23:00:00,2026-02-15T23:00:00,,,42.0
2026-02-09 10:00:00,20.3,82.78943634033203,1.0,Tema Community 25 Estate,tabular,xgboost,h168,2026-01-04T23:00:00,2026-01-18T23:00:00,2026-02-15T23:00:00,,,42.0
2026-02-09 11:00:00,23.8,71.42922973632812,1.0,Tema Community 25 Estate,tabular,xgboost,h168,2026-01-04T23:00:00,2026-01-18T23:00:00,2026-02-15T23:00:00,,,42.0
2026-02-09 12:00:00,18.1,75.07709503173828,1.0,Tema Community 25 Estate,tabular,xgboost,h168,2026-01-04T23:00:00,2026-01-18T23:00:00,2026-02-15T23:00:00,,,42.0
2026-02-09 13:00:00,15.1,84.13733673095703,1.0,Tema Community 25 Estate,tabular,xgboost,h168,2026-01-04T23:00:00,2026-01-18T23:00:00,2026-02-15T23:00:00,,,42.0
2026-02-09 14:00:00,14.4,97.87020874023438,1.0,Tema Community 25 Estate,tabular,xgboost,h168,2026-01-04T23:00:00,2026-01-18T23:00:00,2026-02-15T23:00:00,,,42.0
2026-02-09 15:00:00,14.5,78.68016052246094,1.0,Tema Community 25 Estate,tabular,xgboost,h168,2026-01-04T23:00:00,2026-01-18T23:00:00,2026-02-15T23:00:00,,,42.0
2026-02-09 16:00:00,14.7,74.31433868408203,1.0,Tema Community 25 Estate,tabular,xgboost,h168,2026-01-04T23:00:00,2026-01-18T23:00:00,2026-02-15T23:00:00,,,42.0
2026-02-09 17:00:00,17.7,77.58922576904297,1.0,Tema Community 25 Estate,tabular,xgboost,h168,2026-01-04T23:00:00,2026-01-18T23:00:00,2026-02-15T23:00:00,,,42.0
2026-02-09 18:00:00,23.5,79.63561248779297,1.0,Tema Community 25 Estate,tabular,xgboost,h168,2026-01-04T23:00:00,2026-01-18T23:00:00,2026-02-15T23:00:00,,,42.0
2026-02-09 19:00:00,15.9,77.7591552734375,1.0,Tema Community 25 Estate,tabular,xgboost,h168,2026-01-04T23:00:00,2026-01-18T23:00:00,2026-02-15T23:00:00,,,42.0
2026-02-09 20:00:00,16.3,75.6129150390625,1.0,Tema Community 25 Estate,tabular,xgboost,h168,2026-01-04T23:00:00,2026-01-18T23:00:00,2026-02-15T23:00:00,,,42.0
2026-02-09 21:00:00,17.3,87.17591857910156,1.0,Tema Community 25 Estate,tabular,xgboost,h168,2026-01-04T23:00:00,2026-01-18T23:00:00,2026-02-15T23:00:00,,,42.0
2026-02-09 22:00:00,13.7,72.50314331054688,1.0,Tema Community 25 Estate,tabular,xgboost,h168,2026-01-04T23:00:00,2026-01-18T23:00:00,2026-02-15T23:00:00,,,42.0
2026-02-09 23:00:00,19.4,73.34257507324219,1.0,Tema Community 25 Estate,tabular,xgboost,h168,2026-01-04T23:00:00,2026-01-18T23:00:00,2026-02-15T23:00:00,,,42.0
2026-02-10 00:00:00,14.9,81.78038024902344,1.0,Tema Community 25 Estate,tabular,xgboost,h168,2026-01-04T23:00:00,2026-01-18T23:00:00,2026-02-15T23:00:00,,,42.0
2026-02-10 01:00:00,13.6,89.19991302490234,1.0,Tema Community 25 Estate,tabular,xgboost,h168,2026-01-04T23:00:00,2026-01-18T23:00:00,2026-02-15T23:00:00,,,42.0
2026-02-10 02:00:00,14.8,82.88594818115234,1.0,Tema Community 25 Estate,tabular,xgboost,h168,2026-01-04T23:00:00,2026-01-18T23:00:00,2026-02-15T23:00:00,,,42.0
2026-02-10 03:00:00,9.7,74.82362365722656,1.0,Tema Community 25 Estate,tabular,xgboost,h168,2026-01-04T23:00:00,2026-01-18T23:00:00,2026-02-15T23:00:00,,,42.0
2026-02-10 04:00:00,11.9,86.82991027832031,1.0,Tema Community 25 Estate,tabular,xgboost,h168,2026-01-04T23:00:00,2026-01-18T23:00:00,2026-02-15T23:00:00,,,42.0
2026-02-10 05:00:00,23.8,94.8462905883789,1.0,Tema Community 25 Estate,tabular,xgboost,h168,2026-01-04T23:00:00,2026-01-18T23:00:00,2026-02-15T23:00:00,,,42.0
2026-02-10 06:00:00,32.7,108.88851165771484,1.0,Tema Community 25 Estate,tabular,xgboost,h168,2026-01-04T23:00:00,2026-01-18T23:00:00,2026-02-15T23:00:00,,,42.0
2026-02-10 07:00:00,30.7,94.6995620727539,1.0,Tema Community 25 Estate,tabular,xgboost,h168,2026-01-04T23:00:00,2026-01-18T23:00:00,2026-02-15T23:00:00,,,42.0
2026-02-10 08:00:00,20.8,79.55309295654297,1.0,Tema Community 25 Estate,tabular,xgboost,h168,2026-01-04T23:00:00,2026-01-18T23:00:00,2026-02-15T23:00:00,,,42.0
2026-02-10 09:00:00,15.8,77.08024597167969,1.0,Tema Community 25 Estate,tabular,xgboost,h168,2026-01-04T23:00:00,2026-01-18T23:00:00,2026-02-15T23:00:00,,,42.0
2026-02-10 10:00:00,22.1,70.50083923339844,1.0,Tema Community 25 Estate,tabular,xgboost,h168,2026-01-04T23:00:00,2026-01-18T23:00:00,2026-02-15T23:00:00,,,42.0
2026-02-10 11:00:00,18.0,74.93258666992188,1.0,Tema Community 25 Estate,tabular,xgboost,h168,2026-01-04T23:00:00,2026-01-18T23:00:00,2026-02-15T23:00:00,,,42.0
2026-02-10 12:00:00,16.5,65.30052947998047,1.0,Tema Community 25 Estate,tabular,xgboost,h168,2026-01-04T23:00:00,2026-01-18T23:00:00,2026-02-15T23:00:00,,,42.0
2026-02-10 13:00:00,16.7,67.03907012939453,1.0,Tema Community 25 Estate,tabular,xgboost,h168,2026-01-04T23:00:00,2026-01-18T23:00:00,2026-02-15T23:00:00,,,42.0
2026-02-10 14:00:00,16.4,64.63999938964844,1.0,Tema Community 25 Estate,tabular,xgboost,h168,2026-01-04T23:00:00,2026-01-18T23:00:00,2026-02-15T23:00:00,,,42.0
2026-02-10 15:00:00,15.0,61.71678924560547,1.0,Tema Community 25 Estate,tabular,xgboost,h168,2026-01-04T23:00:00,2026-01-18T23:00:00,2026-02-15T23:00:00,,,42.0
2026-02-10 16:00:00,14.3,61.34488296508789,1.0,Tema Community 25 Estate,tabular,xgboost,h168,2026-01-04T23:00:00,2026-01-18T23:00:00,2026-02-15T23:00:00,,,42.0
2026-02-10 17:00:00,70.7,69.5468521118164,1.0,Tema Community 25 Estate,tabular,xgboost,h168,2026-01-04T23:00:00,2026-01-18T23:00:00,2026-02-15T23:00:00,,,42.0
2026-02-10 18:00:00,7.3,67.2553482055664,1.0,Tema Community 25 Estate,tabular,xgboost,h168,2026-01-04T23:00:00,2026-01-18T23:00:00,2026-02-15T23:00:00,,,42.0
2026-02-10 19:00:00,2.4,73.80496978759766,1.0,Tema Community 25 Estate,tabular,xgboost,h168,2026-01-04T23:00:00,2026-01-18T23:00:00,2026-02-15T23:00:00,,,42.0
2026-02-10 20:00:00,11.3,70.55039978027344,1.0,Tema Community 25 Estate,tabular,xgboost,h168,2026-01-04T23:00:00,2026-01-18T23:00:00,2026-02-15T23:00:00,,,42.0
2026-02-10 21:00:00,8.7,73.56348419189453,1.0,Tema Community 25 Estate,tabular,xgboost,h168,2026-01-04T23:00:00,2026-01-18T23:00:00,2026-02-15T23:00:00,,,42.0
2026-02-10 22:00:00,4.6,64.45645141601562,1.0,Tema Community 25 Estate,tabular,xgboost,h168,2026-01-04T23:00:00,2026-01-18T23:00:00,2026-02-15T23:00:00,,,42.0
2026-02-10 23:00:00,4.2,71.50118255615234,1.0,Tema Community 25 Estate,tabular,xgboost,h168,2026-01-04T23:00:00,2026-01-18T23:00:00,2026-02-15T23:00:00,,,42.0
2026-02-11 00:00:00,8.5,83.2197494506836,1.0,Tema Community 25 Estate,tabular,xgboost,h168,2026-01-04T23:00:00,2026-01-18T23:00:00,2026-02-15T23:00:00,,,42.0
2026-02-11 01:00:00,8.0,79.79996490478516,1.0,Tema Community 25 Estate,tabular,xgboost,h168,2026-01-04T23:00:00,2026-01-18T23:00:00,2026-02-15T23:00:00,,,42.0
2026-02-11 02:00:00,11.5,69.78022766113281,1.0,Tema Community 25 Estate,tabular,xgboost,h168,2026-01-04T23:00:00,2026-01-18T23:00:00,2026-02-15T23:00:00,,,42.0
2026-02-11 03:00:00,19.2,67.37887573242188,1.0,Tema Community 25 Estate,tabular,xgboost,h168,2026-01-04T23:00:00,2026-01-18T23:00:00,2026-02-15T23:00:00,,,42.0
2026-02-11 04:00:00,24.3,74.87481689453125,1.0,Tema Community 25 Estate,tabular,xgboost,h168,2026-01-04T23:00:00,2026-01-18T23:00:00,2026-02-15T23:00:00,,,42.0
2026-02-11 05:00:00,38.1,75.46461486816406,1.0,Tema Community 25 Estate,tabular,xgboost,h168,2026-01-04T23:00:00,2026-01-18T23:00:00,2026-02-15T23:00:00,,,42.0
2026-02-11 06:00:00,22.1,103.55805969238281,1.0,Tema Community 25 Estate,tabular,xgboost,h168,2026-01-04T23:00:00,2026-01-18T23:00:00,2026-02-15T23:00:00,,,42.0
2026-02-11 07:00:00,15.0,91.43968963623047,1.0,Tema Community 25 Estate,tabular,xgboost,h168,2026-01-04T23:00:00,2026-01-18T23:00:00,2026-02-15T23:00:00,,,42.0
2026-02-11 08:00:00,23.9,74.38998413085938,1.0,Tema Community 25 Estate,tabular,xgboost,h168,2026-01-04T23:00:00,2026-01-18T23:00:00,2026-02-15T23:00:00,,,42.0
2026-02-11 09:00:00,42.6,72.02994537353516,1.0,Tema Community 25 Estate,tabular,xgboost,h168,2026-01-04T23:00:00,2026-01-18T23:00:00,2026-02-15T23:00:00,,,42.0
2026-02-11 10:00:00,19.7,86.22315216064453,1.0,Tema Community 25 Estate,tabular,xgboost,h168,2026-01-04T23:00:00,2026-01-18T23:00:00,2026-02-15T23:00:00,,,42.0
2026-02-11 11:00:00,23.6,71.86720275878906,1.0,Tema Community 25 Estate,tabular,xgboost,h168,2026-01-04T23:00:00,2026-01-18T23:00:00,2026-02-15T23:00:00,,,42.0
2026-02-11 12:00:00,25.2,62.75879669189453,1.0,Tema Community 25 Estate,tabular,xgboost,h168,2026-01-04T23:00:00,2026-01-18T23:00:00,2026-02-15T23:00:00,,,42.0
2026-02-11 13:00:00,21.0,65.719482421875,1.0,Tema Community 25 Estate,tabular,xgboost,h168,2026-01-04T23:00:00,2026-01-18T23:00:00,2026-02-15T23:00:00,,,42.0
2026-02-11 14:00:00,24.2,66.15178680419922,1.0,Tema Community 25 Estate,tabular,xgboost,h168,2026-01-04T23:00:00,2026-01-18T23:00:00,2026-02-15T23:00:00,,,42.0
2026-02-11 15:00:00,23.9,53.93178176879883,1.0,Tema Community 25 Estate,tabular,xgboost,h168,2026-01-04T23:00:00,2026-01-18T23:00:00,2026-02-15T23:00:00,,,42.0
2026-02-11 16:00:00,20.2,52.72234344482422,1.0,Tema Community 25 Estate,tabular,xgboost,h168,2026-01-04T23:00:00,2026-01-18T23:00:00,2026-02-15T23:00:00,,,42.0
2026-02-11 17:00:00,17.6,64.83943176269531,1.0,Tema Community 25 Estate,tabular,xgboost,h168,2026-01-04T23:00:00,2026-01-18T23:00:00,2026-02-15T23:00:00,,,42.0
2026-02-11 18:00:00,17.8,65.18604278564453,1.0,Tema Community 25 Estate,tabular,xgboost,h168,2026-01-04T23:00:00,2026-01-18T23:00:00,2026-02-15T23:00:00,,,42.0
2026-02-11 19:00:00,37.7,75.27166748046875,1.0,Tema Community 25 Estate,tabular,xgboost,h168,2026-01-04T23:00:00,2026-01-18T23:00:00,2026-02-15T23:00:00,,,42.0
2026-02-11 20:00:00,41.9,81.04704284667969,1.0,Tema Community 25 Estate,tabular,xgboost,h168,2026-01-04T23:00:00,2026-01-18T23:00:00,2026-02-15T23:00:00,,,42.0
2026-02-11 21:00:00,28.4,68.5478286743164,1.0,Tema Community 25 Estate,tabular,xgboost,h168,2026-01-04T23:00:00,2026-01-18T23:00:00,2026-02-15T23:00:00,,,42.0
2026-02-11 22:00:00,41.7,69.2487564086914,1.0,Tema Community 25 Estate,tabular,xgboost,h168,2026-01-04T23:00:00,2026-01-18T23:00:00,2026-02-15T23:00:00,,,42.0
2026-02-11 23:00:00,83.5,70.4216537475586,1.0,Tema Community 25 Estate,tabular,xgboost,h168,2026-01-04T23:00:00,2026-01-18T23:00:00,2026-02-15T23:00:00,,,42.0
2026-02-12 00:00:00,54.3,75.99455261230469,1.0,Tema Community 25 Estate,tabular,xgboost,h168,2026-01-04T23:00:00,2026-01-18T23:00:00,2026-02-15T23:00:00,,,42.0
2026-02-12 01:00:00,50.1,79.49490356445312,1.0,Tema Community 25 Estate,tabular,xgboost,h168,2026-01-04T23:00:00,2026-01-18T23:00:00,2026-02-15T23:00:00,,,42.0
2026-02-12 02:00:00,49.6,77.1315689086914,1.0,Tema Community 25 Estate,tabular,xgboost,h168,2026-01-04T23:00:00,2026-01-18T23:00:00,2026-02-15T23:00:00,,,42.0
2026-02-12 03:00:00,51.1,74.64044952392578,1.0,Tema Community 25 Estate,tabular,xgboost,h168,2026-01-04T23:00:00,2026-01-18T23:00:00,2026-02-15T23:00:00,,,42.0
2026-02-12 04:00:00,46.0,71.6099853515625,1.0,Tema Community 25 Estate,tabular,xgboost,h168,2026-01-04T23:00:00,2026-01-18T23:00:00,2026-02-15T23:00:00,,,42.0
2026-02-12 05:00:00,46.2,92.04521942138672,1.0,Tema Community 25 Estate,tabular,xgboost,h168,2026-01-04T23:00:00,2026-01-18T23:00:00,2026-02-15T23:00:00,,,42.0
2026-02-12 06:00:00,54.1,95.94232177734375,1.0,Tema Community 25 Estate,tabular,xgboost,h168,2026-01-04T23:00:00,2026-01-18T23:00:00,2026-02-15T23:00:00,,,42.0
2026-02-12 07:00:00,50.8,96.49620819091797,1.0,Tema Community 25 Estate,tabular,xgboost,h168,2026-01-04T23:00:00,2026-01-18T23:00:00,2026-02-15T23:00:00,,,42.0
2026-02-12 08:00:00,22.7,73.6235580444336,1.0,Tema Community 25 Estate,tabular,xgboost,h168,2026-01-04T23:00:00,2026-01-18T23:00:00,2026-02-15T23:00:00,,,42.0
2026-02-12 09:00:00,15.4,72.34908294677734,1.0,Tema Community 25 Estate,tabular,xgboost,h168,2026-01-04T23:00:00,2026-01-18T23:00:00,2026-02-15T23:00:00,,,42.0
2026-02-12 10:00:00,11.2,89.09627532958984,1.0,Tema Community 25 Estate,tabular,xgboost,h168,2026-01-04T23:00:00,2026-01-18T23:00:00,2026-02-15T23:00:00,,,42.0
2026-02-12 11:00:00,5.3,79.39103698730469,1.0,Tema Community 25 Estate,tabular,xgboost,h168,2026-01-04T23:00:00,2026-01-18T23:00:00,2026-02-15T23:00:00,,,42.0
2026-02-12 12:00:00,6.3,72.20404815673828,1.0,Tema Community 25 Estate,tabular,xgboost,h168,2026-01-04T23:00:00,2026-01-18T23:00:00,2026-02-15T23:00:00,,,42.0
2026-02-12 13:00:00,8.5,58.497100830078125,1.0,Tema Community 25 Estate,tabular,xgboost,h168,2026-01-04T23:00:00,2026-01-18T23:00:00,2026-02-15T23:00:00,,,42.0
2026-02-12 14:00:00,9.3,57.722496032714844,1.0,Tema Community 25 Estate,tabular,xgboost,h168,2026-01-04T23:00:00,2026-01-18T23:00:00,2026-02-15T23:00:00,,,42.0
2026-02-12 15:00:00,8.6,57.99568176269531,1.0,Tema Community 25 Estate,tabular,xgboost,h168,2026-01-04T23:00:00,2026-01-18T23:00:00,2026-02-15T23:00:00,,,42.0
2026-02-12 16:00:00,7.9,56.381141662597656,1.0,Tema Community 25 Estate,tabular,xgboost,h168,2026-01-04T23:00:00,2026-01-18T23:00:00,2026-02-15T23:00:00,,,42.0
2026-02-12 17:00:00,9.6,62.407745361328125,1.0,Tema Community 25 Estate,tabular,xgboost,h168,2026-01-04T23:00:00,2026-01-18T23:00:00,2026-02-15T23:00:00,,,42.0
2026-02-12 18:00:00,12.1,58.2252082824707,1.0,Tema Community 25 Estate,tabular,xgboost,h168,2026-01-04T23:00:00,2026-01-18T23:00:00,2026-02-15T23:00:00,,,42.0
2026-02-12 19:00:00,19.6,55.9139289855957,1.0,Tema Community 25 Estate,tabular,xgboost,h168,2026-01-04T23:00:00,2026-01-18T23:00:00,2026-02-15T23:00:00,,,42.0
2026-02-12 20:00:00,15.9,66.70484924316406,1.0,Tema Community 25 Estate,tabular,xgboost,h168,2026-01-04T23:00:00,2026-01-18T23:00:00,2026-02-15T23:00:00,,,42.0
2026-02-12 21:00:00,8.6,69.73115539550781,1.0,Tema Community 25 Estate,tabular,xgboost,h168,2026-01-04T23:00:00,2026-01-18T23:00:00,2026-02-15T23:00:00,,,42.0
2026-02-12 22:00:00,12.4,62.6170539855957,1.0,Tema Community 25 Estate,tabular,xgboost,h168,2026-01-04T23:00:00,2026-01-18T23:00:00,2026-02-15T23:00:00,,,42.0
2026-02-12 23:00:00,17.4,73.39810180664062,1.0,Tema Community 25 Estate,tabular,xgboost,h168,2026-01-04T23:00:00,2026-01-18T23:00:00,2026-02-15T23:00:00,,,42.0
2026-02-13 00:00:00,14.2,66.12395477294922,1.0,Tema Community 25 Estate,tabular,xgboost,h168,2026-01-04T23:00:00,2026-01-18T23:00:00,2026-02-15T23:00:00,,,42.0
2026-02-13 01:00:00,10.5,65.34095764160156,1.0,Tema Community 25 Estate,tabular,xgboost,h168,2026-01-04T23:00:00,2026-01-18T23:00:00,2026-02-15T23:00:00,,,42.0
2026-02-13 02:00:00,16.7,62.162113189697266,1.0,Tema Community 25 Estate,tabular,xgboost,h168,2026-01-04T23:00:00,2026-01-18T23:00:00,2026-02-15T23:00:00,,,42.0
2026-02-13 03:00:00,17.5,68.67475891113281,1.0,Tema Community 25 Estate,tabular,xgboost,h168,2026-01-04T23:00:00,2026-01-18T23:00:00,2026-02-15T23:00:00,,,42.0
2026-02-13 04:00:00,29.8,70.57878875732422,1.0,Tema Community 25 Estate,tabular,xgboost,h168,2026-01-04T23:00:00,2026-01-18T23:00:00,2026-02-15T23:00:00,,,42.0
2026-02-13 05:00:00,23.2,69.59333801269531,1.0,Tema Community 25 Estate,tabular,xgboost,h168,2026-01-04T23:00:00,2026-01-18T23:00:00,2026-02-15T23:00:00,,,42.0
2026-02-13 06:00:00,29.1,84.597412109375,1.0,Tema Community 25 Estate,tabular,xgboost,h168,2026-01-04T23:00:00,2026-01-18T23:00:00,2026-02-15T23:00:00,,,42.0
2026-02-13 07:00:00,22.9,77.18278503417969,1.0,Tema Community 25 Estate,tabular,xgboost,h168,2026-01-04T23:00:00,2026-01-18T23:00:00,2026-02-15T23:00:00,,,42.0
2026-02-13 08:00:00,10.4,70.70771026611328,1.0,Tema Community 25 Estate,tabular,xgboost,h168,2026-01-04T23:00:00,2026-01-18T23:00:00,2026-02-15T23:00:00,,,42.0
2026-02-13 09:00:00,10.2,59.02980422973633,1.0,Tema Community 25 Estate,tabular,xgboost,h168,2026-01-04T23:00:00,2026-01-18T23:00:00,2026-02-15T23:00:00,,,42.0
2026-02-13 10:00:00,13.2,56.40524673461914,1.0,Tema Community 25 Estate,tabular,xgboost,h168,2026-01-04T23:00:00,2026-01-18T23:00:00,2026-02-15T23:00:00,,,42.0
2026-02-13 11:00:00,11.4,71.95675659179688,1.0,Tema Community 25 Estate,tabular,xgboost,h168,2026-01-04T23:00:00,2026-01-18T23:00:00,2026-02-15T23:00:00,,,42.0
2026-02-13 12:00:00,8.8,68.89154815673828,1.0,Tema Community 25 Estate,tabular,xgboost,h168,2026-01-04T23:00:00,2026-01-18T23:00:00,2026-02-15T23:00:00,,,42.0
2026-02-13 13:00:00,5.8,58.68647766113281,1.0,Tema Community 25 Estate,tabular,xgboost,h168,2026-01-04T23:00:00,2026-01-18T23:00:00,2026-02-15T23:00:00,,,42.0
2026-02-13 14:00:00,5.1,60.57175064086914,1.0,Tema Community 25 Estate,tabular,xgboost,h168,2026-01-04T23:00:00,2026-01-18T23:00:00,2026-02-15T23:00:00,,,42.0
2026-02-13 15:00:00,6.6,52.619346618652344,1.0,Tema Community 25 Estate,tabular,xgboost,h168,2026-01-04T23:00:00,2026-01-18T23:00:00,2026-02-15T23:00:00,,,42.0
2026-02-13 16:00:00,6.4,51.46486282348633,1.0,Tema Community 25 Estate,tabular,xgboost,h168,2026-01-04T23:00:00,2026-01-18T23:00:00,2026-02-15T23:00:00,,,42.0
2026-02-13 17:00:00,8.3,66.6697769165039,1.0,Tema Community 25 Estate,tabular,xgboost,h168,2026-01-04T23:00:00,2026-01-18T23:00:00,2026-02-15T23:00:00,,,42.0
2026-02-13 18:00:00,10.5,62.34564971923828,1.0,Tema Community 25 Estate,tabular,xgboost,h168,2026-01-04T23:00:00,2026-01-18T23:00:00,2026-02-15T23:00:00,,,42.0
2026-02-13 19:00:00,11.2,71.762451171875,1.0,Tema Community 25 Estate,tabular,xgboost,h168,2026-01-04T23:00:00,2026-01-18T23:00:00,2026-02-15T23:00:00,,,42.0
2026-02-13 20:00:00,12.0,69.77958679199219,1.0,Tema Community 25 Estate,tabular,xgboost,h168,2026-01-04T23:00:00,2026-01-18T23:00:00,2026-02-15T23:00:00,,,42.0
2026-02-13 21:00:00,8.7,36.26971435546875,1.0,Tema Community 25 Estate,tabular,xgboost,h168,2026-01-04T23:00:00,2026-01-18T23:00:00,2026-02-15T23:00:00,,,42.0
2026-02-13 22:00:00,6.4,43.44057846069336,1.0,Tema Community 25 Estate,tabular,xgboost,h168,2026-01-04T23:00:00,2026-01-18T23:00:00,2026-02-15T23:00:00,,,42.0
2026-02-13 23:00:00,6.5,47.50818634033203,1.0,Tema Community 25 Estate,tabular,xgboost,h168,2026-01-04T23:00:00,2026-01-18T23:00:00,2026-02-15T23:00:00,,,42.0
2026-02-14 00:00:00,6.9,43.13225555419922,1.0,Tema Community 25 Estate,tabular,xgboost,h168,2026-01-04T23:00:00,2026-01-18T23:00:00,2026-02-15T23:00:00,,,42.0
2026-02-14 01:00:00,13.6,41.4912109375,1.0,Tema Community 25 Estate,tabular,xgboost,h168,2026-01-04T23:00:00,2026-01-18T23:00:00,2026-02-15T23:00:00,,,42.0
2026-02-14 02:00:00,7.8,39.00245666503906,1.0,Tema Community 25 Estate,tabular,xgboost,h168,2026-01-04T23:00:00,2026-01-18T23:00:00,2026-02-15T23:00:00,,,42.0
2026-02-14 03:00:00,4.4,39.71876525878906,1.0,Tema Community 25 Estate,tabular,xgboost,h168,2026-01-04T23:00:00,2026-01-18T23:00:00,2026-02-15T23:00:00,,,42.0
2026-02-14 04:00:00,7.4,42.539833068847656,1.0,Tema Community 25 Estate,tabular,xgboost,h168,2026-01-04T23:00:00,2026-01-18T23:00:00,2026-02-15T23:00:00,,,42.0
2026-02-14 05:00:00,12.7,65.95233917236328,1.0,Tema Community 25 Estate,tabular,xgboost,h168,2026-01-04T23:00:00,2026-01-18T23:00:00,2026-02-15T23:00:00,,,42.0
2026-02-14 06:00:00,17.7,70.53478240966797,1.0,Tema Community 25 Estate,tabular,xgboost,h168,2026-01-04T23:00:00,2026-01-18T23:00:00,2026-02-15T23:00:00,,,42.0
2026-02-14 07:00:00,20.0,50.209598541259766,1.0,Tema Community 25 Estate,tabular,xgboost,h168,2026-01-04T23:00:00,2026-01-18T23:00:00,2026-02-15T23:00:00,,,42.0
2026-02-14 08:00:00,15.1,42.898048400878906,1.0,Tema Community 25 Estate,tabular,xgboost,h168,2026-01-04T23:00:00,2026-01-18T23:00:00,2026-02-15T23:00:00,,,42.0
2026-02-14 09:00:00,13.9,30.69198989868164,1.0,Tema Community 25 Estate,tabular,xgboost,h168,2026-01-04T23:00:00,2026-01-18T23:00:00,2026-02-15T23:00:00,,,42.0
2026-02-14 10:00:00,10.2,37.47900390625,1.0,Tema Community 25 Estate,tabular,xgboost,h168,2026-01-04T23:00:00,2026-01-18T23:00:00,2026-02-15T23:00:00,,,42.0
2026-02-14 11:00:00,12.8,45.3358268737793,1.0,Tema Community 25 Estate,tabular,xgboost,h168,2026-01-04T23:00:00,2026-01-18T23:00:00,2026-02-15T23:00:00,,,42.0
2026-02-14 12:00:00,20.7,49.925594329833984,1.0,Tema Community 25 Estate,tabular,xgboost,h168,2026-01-04T23:00:00,2026-01-18T23:00:00,2026-02-15T23:00:00,,,42.0
2026-02-14 13:00:00,17.3,40.080535888671875,1.0,Tema Community 25 Estate,tabular,xgboost,h168,2026-01-04T23:00:00,2026-01-18T23:00:00,2026-02-15T23:00:00,,,42.0
2026-02-14 14:00:00,10.9,25.886310577392578,1.0,Tema Community 25 Estate,tabular,xgboost,h168,2026-01-04T23:00:00,2026-01-18T23:00:00,2026-02-15T23:00:00,,,42.0
2026-02-14 15:00:00,12.4,26.94088363647461,1.0,Tema Community 25 Estate,tabular,xgboost,h168,2026-01-04T23:00:00,2026-01-18T23:00:00,2026-02-15T23:00:00,,,42.0
2026-02-14 16:00:00,22.3,25.054872512817383,1.0,Tema Community 25 Estate,tabular,xgboost,h168,2026-01-04T23:00:00,2026-01-18T23:00:00,2026-02-15T23:00:00,,,42.0
2026-02-14 17:00:00,29.8,27.65898895263672,1.0,Tema Community 25 Estate,tabular,xgboost,h168,2026-01-04T23:00:00,2026-01-18T23:00:00,2026-02-15T23:00:00,,,42.0
2026-02-14 18:00:00,34.8,21.358064651489258,1.0,Tema Community 25 Estate,tabular,xgboost,h168,2026-01-04T23:00:00,2026-01-18T23:00:00,2026-02-15T23:00:00,,,42.0
2026-02-14 19:00:00,63.6,27.286415100097656,1.0,Tema Community 25 Estate,tabular,xgboost,h168,2026-01-04T23:00:00,2026-01-18T23:00:00,2026-02-15T23:00:00,,,42.0
2026-02-14 20:00:00,79.6,23.233427047729492,1.0,Tema Community 25 Estate,tabular,xgboost,h168,2026-01-04T23:00:00,2026-01-18T23:00:00,2026-02-15T23:00:00,,,42.0
2026-02-14 21:00:00,92.1,26.41657257080078,1.0,Tema Community 25 Estate,tabular,xgboost,h168,2026-01-04T23:00:00,2026-01-18T23:00:00,2026-02-15T23:00:00,,,42.0
2026-02-14 22:00:00,64.4,25.455425262451172,1.0,Tema Community 25 Estate,tabular,xgboost,h168,2026-01-04T23:00:00,2026-01-18T23:00:00,2026-02-15T23:00:00,,,42.0
2026-02-14 23:00:00,49.1,25.236072540283203,1.0,Tema Community 25 Estate,tabular,xgboost,h168,2026-01-04T23:00:00,2026-01-18T23:00:00,2026-02-15T23:00:00,,,42.0
2026-02-15 00:00:00,35.1,33.09345245361328,1.0,Tema Community 25 Estate,tabular,xgboost,h168,2026-01-04T23:00:00,2026-01-18T23:00:00,2026-02-15T23:00:00,,,42.0
2026-02-15 01:00:00,31.7,27.230148315429688,1.0,Tema Community 25 Estate,tabular,xgboost,h168,2026-01-04T23:00:00,2026-01-18T23:00:00,2026-02-15T23:00:00,,,42.0
2026-02-15 02:00:00,30.7,26.52704429626465,1.0,Tema Community 25 Estate,tabular,xgboost,h168,2026-01-04T23:00:00,2026-01-18T23:00:00,2026-02-15T23:00:00,,,42.0
2026-02-15 03:00:00,51.9,32.286827087402344,1.0,Tema Community 25 Estate,tabular,xgboost,h168,2026-01-04T23:00:00,2026-01-18T23:00:00,2026-02-15T23:00:00,,,42.0
2026-02-15 04:00:00,39.5,32.11643981933594,1.0,Tema Community 25 Estate,tabular,xgboost,h168,2026-01-04T23:00:00,2026-01-18T23:00:00,2026-02-15T23:00:00,,,42.0
2026-02-15 05:00:00,45.6,44.72721481323242,1.0,Tema Community 25 Estate,tabular,xgboost,h168,2026-01-04T23:00:00,2026-01-18T23:00:00,2026-02-15T23:00:00,,,42.0
2026-02-15 06:00:00,63.8,61.47846984863281,1.0,Tema Community 25 Estate,tabular,xgboost,h168,2026-01-04T23:00:00,2026-01-18T23:00:00,2026-02-15T23:00:00,,,42.0
2026-02-15 07:00:00,40.5,44.843746185302734,1.0,Tema Community 25 Estate,tabular,xgboost,h168,2026-01-04T23:00:00,2026-01-18T23:00:00,2026-02-15T23:00:00,,,42.0
2026-02-15 08:00:00,20.7,33.27177047729492,1.0,Tema Community 25 Estate,tabular,xgboost,h168,2026-01-04T23:00:00,2026-01-18T23:00:00,2026-02-15T23:00:00,,,42.0
2026-02-15 09:00:00,17.3,30.49774742126465,1.0,Tema Community 25 Estate,tabular,xgboost,h168,2026-01-04T23:00:00,2026-01-18T23:00:00,2026-02-15T23:00:00,,,42.0
2026-02-15 10:00:00,14.7,24.74622344970703,1.0,Tema Community 25 Estate,tabular,xgboost,h168,2026-01-04T23:00:00,2026-01-18T23:00:00,2026-02-15T23:00:00,,,42.0
2026-02-15 11:00:00,13.1,21.0919132232666,1.0,Tema Community 25 Estate,tabular,xgboost,h168,2026-01-04T23:00:00,2026-01-18T23:00:00,2026-02-15T23:00:00,,,42.0
2026-02-15 12:00:00,12.2,17.421798706054688,1.0,Tema Community 25 Estate,tabular,xgboost,h168,2026-01-04T23:00:00,2026-01-18T23:00:00,2026-02-15T23:00:00,,,42.0
2026-02-15 13:00:00,14.0,14.621756553649902,1.0,Tema Community 25 Estate,tabular,xgboost,h168,2026-01-04T23:00:00,2026-01-18T23:00:00,2026-02-15T23:00:00,,,42.0
2026-02-15 14:00:00,10.5,15.501818656921387,1.0,Tema Community 25 Estate,tabular,xgboost,h168,2026-01-04T23:00:00,2026-01-18T23:00:00,2026-02-15T23:00:00,,,42.0
2026-02-15 15:00:00,8.6,23.17226219177246,1.0,Tema Community 25 Estate,tabular,xgboost,h168,2026-01-04T23:00:00,2026-01-18T23:00:00,2026-02-15T23:00:00,,,42.0
2026-02-15 16:00:00,7.6,15.14408016204834,1.0,Tema Community 25 Estate,tabular,xgboost,h168,2026-01-04T23:00:00,2026-01-18T23:00:00,2026-02-15T23:00:00,,,42.0
2026-02-15 17:00:00,8.0,19.338029861450195,1.0,Tema Community 25 Estate,tabular,xgboost,h168,2026-01-04T23:00:00,2026-01-18T23:00:00,2026-02-15T23:00:00,,,42.0
2026-02-15 18:00:00,7.2,21.90013885498047,1.0,Tema Community 25 Estate,tabular,xgboost,h168,2026-01-04T23:00:00,2026-01-18T23:00:00,2026-02-15T23:00:00,,,42.0
2026-02-15 19:00:00,9.0,19.54701042175293,1.0,Tema Community 25 Estate,tabular,xgboost,h168,2026-01-04T23:00:00,2026-01-18T23:00:00,2026-02-15T23:00:00,,,42.0
2026-02-15 20:00:00,8.9,18.660079956054688,1.0,Tema Community 25 Estate,tabular,xgboost,h168,2026-01-04T23:00:00,2026-01-18T23:00:00,2026-02-15T23:00:00,,,42.0
2026-02-15 21:00:00,12.1,26.851247787475586,1.0,Tema Community 25 Estate,tabular,xgboost,h168,2026-01-04T23:00:00,2026-01-18T23:00:00,2026-02-15T23:00:00,,,42.0
2026-02-15 22:00:00,15.0,25.011018753051758,1.0,Tema Community 25 Estate,tabular,xgboost,h168,2026-01-04T23:00:00,2026-01-18T23:00:00,2026-02-15T23:00:00,,,42.0
2026-02-15 23:00:00,14.2,22.70494270324707,1.0,Tema Community 25 Estate,tabular,xgboost,h168,2026-01-04T23:00:00,2026-01-18T23:00:00,2026-02-15T23:00:00,,,42.0
2026-01-18 23:00:00,44.8,71.05191802978516,1.0,Tema Community 3 SSNIT Flat,tabular,xgboost,h168,2026-01-04T23:00:00,2026-01-18T23:00:00,2026-02-15T23:00:00,,,42.0
2026-01-19 00:00:00,53.9,73.27212524414062,1.0,Tema Community 3 SSNIT Flat,tabular,xgboost,h168,2026-01-04T23:00:00,2026-01-18T23:00:00,2026-02-15T23:00:00,,,42.0
2026-01-19 01:00:00,81.0,65.10187530517578,1.0,Tema Community 3 SSNIT Flat,tabular,xgboost,h168,2026-01-04T23:00:00,2026-01-18T23:00:00,2026-02-15T23:00:00,,,42.0
2026-01-19 02:00:00,78.4,83.40938568115234,1.0,Tema Community 3 SSNIT Flat,tabular,xgboost,h168,2026-01-04T23:00:00,2026-01-18T23:00:00,2026-02-15T23:00:00,,,42.0
2026-01-19 03:00:00,44.2,69.81407165527344,1.0,Tema Community 3 SSNIT Flat,tabular,xgboost,h168,2026-01-04T23:00:00,2026-01-18T23:00:00,2026-02-15T23:00:00,,,42.0
2026-01-19 04:00:00,44.5,78.55718231201172,1.0,Tema Community 3 SSNIT Flat,tabular,xgboost,h168,2026-01-04T23:00:00,2026-01-18T23:00:00,2026-02-15T23:00:00,,,42.0
2026-01-19 05:00:00,45.4,85.38253021240234,1.0,Tema Community 3 SSNIT Flat,tabular,xgboost,h168,2026-01-04T23:00:00,2026-01-18T23:00:00,2026-02-15T23:00:00,,,42.0
2026-01-19 06:00:00,57.0,71.61675262451172,1.0,Tema Community 3 SSNIT Flat,tabular,xgboost,h168,2026-01-04T23:00:00,2026-01-18T23:00:00,2026-02-15T23:00:00,,,42.0
2026-01-19 07:00:00,51.5,79.3443832397461,1.0,Tema Community 3 SSNIT Flat,tabular,xgboost,h168,2026-01-04T23:00:00,2026-01-18T23:00:00,2026-02-15T23:00:00,,,42.0
2026-01-19 08:00:00,50.8,93.7819595336914,1.0,Tema Community 3 SSNIT Flat,tabular,xgboost,h168,2026-01-04T23:00:00,2026-01-18T23:00:00,2026-02-15T23:00:00,,,42.0
2026-01-19 09:00:00,50.6,102.8676528930664,1.0,Tema Community 3 SSNIT Flat,tabular,xgboost,h168,2026-01-04T23:00:00,2026-01-18T23:00:00,2026-02-15T23:00:00,,,42.0
2026-01-19 10:00:00,37.5,64.56753540039062,1.0,Tema Community 3 SSNIT Flat,tabular,xgboost,h168,2026-01-04T23:00:00,2026-01-18T23:00:00,2026-02-15T23:00:00,,,42.0
2026-01-19 11:00:00,35.7,46.86918258666992,1.0,Tema Community 3 SSNIT Flat,tabular,xgboost,h168,2026-01-04T23:00:00,2026-01-18T23:00:00,2026-02-15T23:00:00,,,42.0
2026-01-19 12:00:00,37.7,47.42935562133789,1.0,Tema Community 3 SSNIT Flat,tabular,xgboost,h168,2026-01-04T23:00:00,2026-01-18T23:00:00,2026-02-15T23:00:00,,,42.0
2026-01-19 13:00:00,34.1,68.93069458007812,1.0,Tema Community 3 SSNIT Flat,tabular,xgboost,h168,2026-01-04T23:00:00,2026-01-18T23:00:00,2026-02-15T23:00:00,,,42.0
2026-01-19 14:00:00,34.5,73.83782196044922,1.0,Tema Community 3 SSNIT Flat,tabular,xgboost,h168,2026-01-04T23:00:00,2026-01-18T23:00:00,2026-02-15T23:00:00,,,42.0
2026-01-19 15:00:00,37.1,68.75978088378906,1.0,Tema Community 3 SSNIT Flat,tabular,xgboost,h168,2026-01-04T23:00:00,2026-01-18T23:00:00,2026-02-15T23:00:00,,,42.0
2026-01-19 16:00:00,34.6,61.114349365234375,1.0,Tema Community 3 SSNIT Flat,tabular,xgboost,h168,2026-01-04T23:00:00,2026-01-18T23:00:00,2026-02-15T23:00:00,,,42.0
2026-01-19 17:00:00,34.3,65.43025207519531,1.0,Tema Community 3 SSNIT Flat,tabular,xgboost,h168,2026-01-04T23:00:00,2026-01-18T23:00:00,2026-02-15T23:00:00,,,42.0
2026-01-19 18:00:00,35.1,65.16009521484375,1.0,Tema Community 3 SSNIT Flat,tabular,xgboost,h168,2026-01-04T23:00:00,2026-01-18T23:00:00,2026-02-15T23:00:00,,,42.0
2026-01-19 19:00:00,35.3,55.84229278564453,1.0,Tema Community 3 SSNIT Flat,tabular,xgboost,h168,2026-01-04T23:00:00,2026-01-18T23:00:00,2026-02-15T23:00:00,,,42.0
2026-01-19 20:00:00,32.9,56.049346923828125,1.0,Tema Community 3 SSNIT Flat,tabular,xgboost,h168,2026-01-04T23:00:00,2026-01-18T23:00:00,2026-02-15T23:00:00,,,42.0
2026-01-19 21:00:00,33.8,55.40930938720703,1.0,Tema Community 3 SSNIT Flat,tabular,xgboost,h168,2026-01-04T23:00:00,2026-01-18T23:00:00,2026-02-15T23:00:00,,,42.0
2026-01-19 22:00:00,34.1,54.412841796875,1.0,Tema Community 3 SSNIT Flat,tabular,xgboost,h168,2026-01-04T23:00:00,2026-01-18T23:00:00,2026-02-15T23:00:00,,,42.0
2026-01-19 23:00:00,32.5,70.14892578125,1.0,Tema Community 3 SSNIT Flat,tabular,xgboost,h168,2026-01-04T23:00:00,2026-01-18T23:00:00,2026-02-15T23:00:00,,,42.0
2026-01-20 00:00:00,36.9,78.49876403808594,1.0,Tema Community 3 SSNIT Flat,tabular,xgboost,h168,2026-01-04T23:00:00,2026-01-18T23:00:00,2026-02-15T23:00:00,,,42.0
2026-01-20 01:00:00,34.9,71.89911651611328,1.0,Tema Community 3 SSNIT Flat,tabular,xgboost,h168,2026-01-04T23:00:00,2026-01-18T23:00:00,2026-02-15T23:00:00,,,42.0
2026-01-20 02:00:00,39.1,77.48011779785156,1.0,Tema Community 3 SSNIT Flat,tabular,xgboost,h168,2026-01-04T23:00:00,2026-01-18T23:00:00,2026-02-15T23:00:00,,,42.0
2026-01-20 03:00:00,41.6,71.21981811523438,1.0,Tema Community 3 SSNIT Flat,tabular,xgboost,h168,2026-01-04T23:00:00,2026-01-18T23:00:00,2026-02-15T23:00:00,,,42.0
2026-01-20 04:00:00,38.3,68.9172134399414,1.0,Tema Community 3 SSNIT Flat,tabular,xgboost,h168,2026-01-04T23:00:00,2026-01-18T23:00:00,2026-02-15T23:00:00,,,42.0
2026-01-20 05:00:00,40.8,63.502197265625,1.0,Tema Community 3 SSNIT Flat,tabular,xgboost,h168,2026-01-04T23:00:00,2026-01-18T23:00:00,2026-02-15T23:00:00,,,42.0
2026-01-20 06:00:00,42.9,65.6861343383789,1.0,Tema Community 3 SSNIT Flat,tabular,xgboost,h168,2026-01-04T23:00:00,2026-01-18T23:00:00,2026-02-15T23:00:00,,,42.0
2026-01-20 07:00:00,44.1,59.67564392089844,1.0,Tema Community 3 SSNIT Flat,tabular,xgboost,h168,2026-01-04T23:00:00,2026-01-18T23:00:00,2026-02-15T23:00:00,,,42.0
2026-01-20 08:00:00,42.4,59.47575759887695,1.0,Tema Community 3 SSNIT Flat,tabular,xgboost,h168,2026-01-04T23:00:00,2026-01-18T23:00:00,2026-02-15T23:00:00,,,42.0
2026-01-20 09:00:00,40.3,92.25690460205078,1.0,Tema Community 3 SSNIT Flat,tabular,xgboost,h168,2026-01-04T23:00:00,2026-01-18T23:00:00,2026-02-15T23:00:00,,,42.0
2026-01-20 10:00:00,33.6,103.82781982421875,1.0,Tema Community 3 SSNIT Flat,tabular,xgboost,h168,2026-01-04T23:00:00,2026-01-18T23:00:00,2026-02-15T23:00:00,,,42.0
2026-01-20 11:00:00,29.7,83.15840148925781,1.0,Tema Community 3 SSNIT Flat,tabular,xgboost,h168,2026-01-04T23:00:00,2026-01-18T23:00:00,2026-02-15T23:00:00,,,42.0
2026-01-20 12:00:00,29.4,49.19588851928711,1.0,Tema Community 3 SSNIT Flat,tabular,xgboost,h168,2026-01-04T23:00:00,2026-01-18T23:00:00,2026-02-15T23:00:00,,,42.0
2026-01-20 13:00:00,25.8,33.300418853759766,1.0,Tema Community 3 SSNIT Flat,tabular,xgboost,h168,2026-01-04T23:00:00,2026-01-18T23:00:00,2026-02-15T23:00:00,,,42.0
2026-01-20 14:00:00,26.3,32.00338363647461,1.0,Tema Community 3 SSNIT Flat,tabular,xgboost,h168,2026-01-04T23:00:00,2026-01-18T23:00:00,2026-02-15T23:00:00,,,42.0
2026-01-20 15:00:00,46.2,30.847209930419922,1.0,Tema Community 3 SSNIT Flat,tabular,xgboost,h168,2026-01-04T23:00:00,2026-01-18T23:00:00,2026-02-15T23:00:00,,,42.0
2026-01-20 16:00:00,28.5,43.530982971191406,1.0,Tema Community 3 SSNIT Flat,tabular,xgboost,h168,2026-01-04T23:00:00,2026-01-18T23:00:00,2026-02-15T23:00:00,,,42.0
2026-01-20 17:00:00,28.1,60.56271743774414,1.0,Tema Community 3 SSNIT Flat,tabular,xgboost,h168,2026-01-04T23:00:00,2026-01-18T23:00:00,2026-02-15T23:00:00,,,42.0
2026-01-20 18:00:00,45.2,56.066162109375,1.0,Tema Community 3 SSNIT Flat,tabular,xgboost,h168,2026-01-04T23:00:00,2026-01-18T23:00:00,2026-02-15T23:00:00,,,42.0
2026-01-20 19:00:00,42.5,49.857608795166016,1.0,Tema Community 3 SSNIT Flat,tabular,xgboost,h168,2026-01-04T23:00:00,2026-01-18T23:00:00,2026-02-15T23:00:00,,,42.0
2026-01-20 20:00:00,34.8,43.40245819091797,1.0,Tema Community 3 SSNIT Flat,tabular,xgboost,h168,2026-01-04T23:00:00,2026-01-18T23:00:00,2026-02-15T23:00:00,,,42.0
2026-01-20 21:00:00,29.6,42.71989440917969,1.0,Tema Community 3 SSNIT Flat,tabular,xgboost,h168,2026-01-04T23:00:00,2026-01-18T23:00:00,2026-02-15T23:00:00,,,42.0
2026-01-20 22:00:00,6.9,51.47966384887695,1.0,Tema Community 3 SSNIT Flat,tabular,xgboost,h168,2026-01-04T23:00:00,2026-01-18T23:00:00,2026-02-15T23:00:00,,,42.0
2026-01-20 23:00:00,3.7,54.603580474853516,1.0,Tema Community 3 SSNIT Flat,tabular,xgboost,h168,2026-01-04T23:00:00,2026-01-18T23:00:00,2026-02-15T23:00:00,,,42.0
2026-01-21 00:00:00,7.9,65.82806396484375,1.0,Tema Community 3 SSNIT Flat,tabular,xgboost,h168,2026-01-04T23:00:00,2026-01-18T23:00:00,2026-02-15T23:00:00,,,42.0
2026-01-21 01:00:00,16.5,55.33453369140625,1.0,Tema Community 3 SSNIT Flat,tabular,xgboost,h168,2026-01-04T23:00:00,2026-01-18T23:00:00,2026-02-15T23:00:00,,,42.0
2026-01-21 02:00:00,26.1,48.91996383666992,1.0,Tema Community 3 SSNIT Flat,tabular,xgboost,h168,2026-01-04T23:00:00,2026-01-18T23:00:00,2026-02-15T23:00:00,,,42.0
2026-01-21 03:00:00,39.9,65.13581848144531,1.0,Tema Community 3 SSNIT Flat,tabular,xgboost,h168,2026-01-04T23:00:00,2026-01-18T23:00:00,2026-02-15T23:00:00,,,42.0
2026-01-21 04:00:00,61.3,76.14049530029297,1.0,Tema Community 3 SSNIT Flat,tabular,xgboost,h168,2026-01-04T23:00:00,2026-01-18T23:00:00,2026-02-15T23:00:00,,,42.0
2026-01-21 05:00:00,40.6,75.20237731933594,1.0,Tema Community 3 SSNIT Flat,tabular,xgboost,h168,2026-01-04T23:00:00,2026-01-18T23:00:00,2026-02-15T23:00:00,,,42.0
2026-01-21 06:00:00,87.8,75.33421325683594,1.0,Tema Community 3 SSNIT Flat,tabular,xgboost,h168,2026-01-04T23:00:00,2026-01-18T23:00:00,2026-02-15T23:00:00,,,42.0
2026-01-21 07:00:00,67.9,63.80620574951172,1.0,Tema Community 3 SSNIT Flat,tabular,xgboost,h168,2026-01-04T23:00:00,2026-01-18T23:00:00,2026-02-15T23:00:00,,,42.0
2026-01-21 08:00:00,35.9,63.3532600402832,1.0,Tema Community 3 SSNIT Flat,tabular,xgboost,h168,2026-01-04T23:00:00,2026-01-18T23:00:00,2026-02-15T23:00:00,,,42.0
2026-01-21 09:00:00,32.8,65.25635528564453,1.0,Tema Community 3 SSNIT Flat,tabular,xgboost,h168,2026-01-04T23:00:00,2026-01-18T23:00:00,2026-02-15T23:00:00,,,42.0
2026-01-21 10:00:00,34.1,54.20463180541992,1.0,Tema Community 3 SSNIT Flat,tabular,xgboost,h168,2026-01-04T23:00:00,2026-01-18T23:00:00,2026-02-15T23:00:00,,,42.0
2026-01-21 11:00:00,34.7,43.953617095947266,1.0,Tema Community 3 SSNIT Flat,tabular,xgboost,h168,2026-01-04T23:00:00,2026-01-18T23:00:00,2026-02-15T23:00:00,,,42.0
2026-01-21 12:00:00,31.9,85.24809265136719,1.0,Tema Community 3 SSNIT Flat,tabular,xgboost,h168,2026-01-04T23:00:00,2026-01-18T23:00:00,2026-02-15T23:00:00,,,42.0
2026-01-21 13:00:00,25.8,64.7460708618164,1.0,Tema Community 3 SSNIT Flat,tabular,xgboost,h168,2026-01-04T23:00:00,2026-01-18T23:00:00,2026-02-15T23:00:00,,,42.0
2026-01-21 14:00:00,30.7,54.50373840332031,1.0,Tema Community 3 SSNIT Flat,tabular,xgboost,h168,2026-01-04T23:00:00,2026-01-18T23:00:00,2026-02-15T23:00:00,,,42.0
2026-01-21 15:00:00,24.9,59.01459503173828,1.0,Tema Community 3 SSNIT Flat,tabular,xgboost,h168,2026-01-04T23:00:00,2026-01-18T23:00:00,2026-02-15T23:00:00,,,42.0
2026-01-21 16:00:00,27.6,58.30967712402344,1.0,Tema Community 3 SSNIT Flat,tabular,xgboost,h168,2026-01-04T23:00:00,2026-01-18T23:00:00,2026-02-15T23:00:00,,,42.0
2026-01-21 17:00:00,28.6,62.85057067871094,1.0,Tema Community 3 SSNIT Flat,tabular,xgboost,h168,2026-01-04T23:00:00,2026-01-18T23:00:00,2026-02-15T23:00:00,,,42.0
2026-01-21 18:00:00,31.9,66.97608184814453,1.0,Tema Community 3 SSNIT Flat,tabular,xgboost,h168,2026-01-04T23:00:00,2026-01-18T23:00:00,2026-02-15T23:00:00,,,42.0
2026-01-21 19:00:00,29.6,78.23117065429688,1.0,Tema Community 3 SSNIT Flat,tabular,xgboost,h168,2026-01-04T23:00:00,2026-01-18T23:00:00,2026-02-15T23:00:00,,,42.0
2026-01-21 20:00:00,28.9,76.09288024902344,1.0,Tema Community 3 SSNIT Flat,tabular,xgboost,h168,2026-01-04T23:00:00,2026-01-18T23:00:00,2026-02-15T23:00:00,,,42.0
2026-01-21 21:00:00,30.0,89.61177062988281,1.0,Tema Community 3 SSNIT Flat,tabular,xgboost,h168,2026-01-04T23:00:00,2026-01-18T23:00:00,2026-02-15T23:00:00,,,42.0
2026-01-21 22:00:00,30.2,79.22571563720703,1.0,Tema Community 3 SSNIT Flat,tabular,xgboost,h168,2026-01-04T23:00:00,2026-01-18T23:00:00,2026-02-15T23:00:00,,,42.0
2026-01-21 23:00:00,32.7,102.9055404663086,1.0,Tema Community 3 SSNIT Flat,tabular,xgboost,h168,2026-01-04T23:00:00,2026-01-18T23:00:00,2026-02-15T23:00:00,,,42.0
2026-01-22 00:00:00,31.7,121.09475708007812,1.0,Tema Community 3 SSNIT Flat,tabular,xgboost,h168,2026-01-04T23:00:00,2026-01-18T23:00:00,2026-02-15T23:00:00,,,42.0
2026-01-22 01:00:00,32.5,127.64456176757812,1.0,Tema Community 3 SSNIT Flat,tabular,xgboost,h168,2026-01-04T23:00:00,2026-01-18T23:00:00,2026-02-15T23:00:00,,,42.0
2026-01-22 02:00:00,34.4,125.28689575195312,1.0,Tema Community 3 SSNIT Flat,tabular,xgboost,h168,2026-01-04T23:00:00,2026-01-18T23:00:00,2026-02-15T23:00:00,,,42.0
2026-01-22 03:00:00,36.0,84.41117095947266,1.0,Tema Community 3 SSNIT Flat,tabular,xgboost,h168,2026-01-04T23:00:00,2026-01-18T23:00:00,2026-02-15T23:00:00,,,42.0
2026-01-22 04:00:00,32.5,69.00526428222656,1.0,Tema Community 3 SSNIT Flat,tabular,xgboost,h168,2026-01-04T23:00:00,2026-01-18T23:00:00,2026-02-15T23:00:00,,,42.0
2026-01-22 05:00:00,40.9,66.45237731933594,1.0,Tema Community 3 SSNIT Flat,tabular,xgboost,h168,2026-01-04T23:00:00,2026-01-18T23:00:00,2026-02-15T23:00:00,,,42.0
2026-01-22 06:00:00,44.0,70.65097045898438,1.0,Tema Community 3 SSNIT Flat,tabular,xgboost,h168,2026-01-04T23:00:00,2026-01-18T23:00:00,2026-02-15T23:00:00,,,42.0
2026-01-22 07:00:00,38.6,57.12611389160156,1.0,Tema Community 3 SSNIT Flat,tabular,xgboost,h168,2026-01-04T23:00:00,2026-01-18T23:00:00,2026-02-15T23:00:00,,,42.0
2026-01-22 08:00:00,37.3,57.350406646728516,1.0,Tema Community 3 SSNIT Flat,tabular,xgboost,h168,2026-01-04T23:00:00,2026-01-18T23:00:00,2026-02-15T23:00:00,,,42.0
2026-01-22 09:00:00,37.7,53.60531997680664,1.0,Tema Community 3 SSNIT Flat,tabular,xgboost,h168,2026-01-04T23:00:00,2026-01-18T23:00:00,2026-02-15T23:00:00,,,42.0
2026-01-22 10:00:00,38.1,62.358760833740234,1.0,Tema Community 3 SSNIT Flat,tabular,xgboost,h168,2026-01-04T23:00:00,2026-01-18T23:00:00,2026-02-15T23:00:00,,,42.0
2026-01-22 11:00:00,38.6,59.2200813293457,1.0,Tema Community 3 SSNIT Flat,tabular,xgboost,h168,2026-01-04T23:00:00,2026-01-18T23:00:00,2026-02-15T23:00:00,,,42.0
2026-01-22 12:00:00,38.3,42.08859634399414,1.0,Tema Community 3 SSNIT Flat,tabular,xgboost,h168,2026-01-04T23:00:00,2026-01-18T23:00:00,2026-02-15T23:00:00,,,42.0
2026-01-22 13:00:00,34.1,44.4842643737793,1.0,Tema Community 3 SSNIT Flat,tabular,xgboost,h168,2026-01-04T23:00:00,2026-01-18T23:00:00,2026-02-15T23:00:00,,,42.0
2026-01-22 14:00:00,30.5,36.485923767089844,1.0,Tema Community 3 SSNIT Flat,tabular,xgboost,h168,2026-01-04T23:00:00,2026-01-18T23:00:00,2026-02-15T23:00:00,,,42.0
2026-01-22 15:00:00,27.5,37.36907196044922,1.0,Tema Community 3 SSNIT Flat,tabular,xgboost,h168,2026-01-04T23:00:00,2026-01-18T23:00:00,2026-02-15T23:00:00,,,42.0
2026-01-22 16:00:00,30.5,40.99753952026367,1.0,Tema Community 3 SSNIT Flat,tabular,xgboost,h168,2026-01-04T23:00:00,2026-01-18T23:00:00,2026-02-15T23:00:00,,,42.0
2026-01-22 17:00:00,27.0,41.61020278930664,1.0,Tema Community 3 SSNIT Flat,tabular,xgboost,h168,2026-01-04T23:00:00,2026-01-18T23:00:00,2026-02-15T23:00:00,,,42.0
2026-01-22 18:00:00,26.9,60.386695861816406,1.0,Tema Community 3 SSNIT Flat,tabular,xgboost,h168,2026-01-04T23:00:00,2026-01-18T23:00:00,2026-02-15T23:00:00,,,42.0
2026-01-22 19:00:00,25.2,59.24060821533203,1.0,Tema Community 3 SSNIT Flat,tabular,xgboost,h168,2026-01-04T23:00:00,2026-01-18T23:00:00,2026-02-15T23:00:00,,,42.0
2026-01-22 20:00:00,25.3,53.22371292114258,1.0,Tema Community 3 SSNIT Flat,tabular,xgboost,h168,2026-01-04T23:00:00,2026-01-18T23:00:00,2026-02-15T23:00:00,,,42.0
2026-01-22 21:00:00,25.1,52.3397216796875,1.0,Tema Community 3 SSNIT Flat,tabular,xgboost,h168,2026-01-04T23:00:00,2026-01-18T23:00:00,2026-02-15T23:00:00,,,42.0
2026-01-22 22:00:00,24.3,68.95874786376953,1.0,Tema Community 3 SSNIT Flat,tabular,xgboost,h168,2026-01-04T23:00:00,2026-01-18T23:00:00,2026-02-15T23:00:00,,,42.0
2026-01-22 23:00:00,25.8,71.52832794189453,1.0,Tema Community 3 SSNIT Flat,tabular,xgboost,h168,2026-01-04T23:00:00,2026-01-18T23:00:00,2026-02-15T23:00:00,,,42.0
2026-01-23 00:00:00,30.8,74.66587829589844,1.0,Tema Community 3 SSNIT Flat,tabular,xgboost,h168,2026-01-04T23:00:00,2026-01-18T23:00:00,2026-02-15T23:00:00,,,42.0
2026-01-23 01:00:00,33.8,64.82856750488281,1.0,Tema Community 3 SSNIT Flat,tabular,xgboost,h168,2026-01-04T23:00:00,2026-01-18T23:00:00,2026-02-15T23:00:00,,,42.0
2026-01-23 02:00:00,88.5,60.63655090332031,1.0,Tema Community 3 SSNIT Flat,tabular,xgboost,h168,2026-01-04T23:00:00,2026-01-18T23:00:00,2026-02-15T23:00:00,,,42.0
2026-01-23 03:00:00,47.3,70.70555877685547,1.0,Tema Community 3 SSNIT Flat,tabular,xgboost,h168,2026-01-04T23:00:00,2026-01-18T23:00:00,2026-02-15T23:00:00,,,42.0
2026-01-23 04:00:00,91.2,70.27793884277344,1.0,Tema Community 3 SSNIT Flat,tabular,xgboost,h168,2026-01-04T23:00:00,2026-01-18T23:00:00,2026-02-15T23:00:00,,,42.0
2026-01-23 05:00:00,123.0,67.57457733154297,1.0,Tema Community 3 SSNIT Flat,tabular,xgboost,h168,2026-01-04T23:00:00,2026-01-18T23:00:00,2026-02-15T23:00:00,,,42.0
2026-01-23 06:00:00,107.1,76.40958404541016,1.0,Tema Community 3 SSNIT Flat,tabular,xgboost,h168,2026-01-04T23:00:00,2026-01-18T23:00:00,2026-02-15T23:00:00,,,42.0
2026-01-23 07:00:00,101.6,67.62886810302734,1.0,Tema Community 3 SSNIT Flat,tabular,xgboost,h168,2026-01-04T23:00:00,2026-01-18T23:00:00,2026-02-15T23:00:00,,,42.0
2026-01-23 08:00:00,40.6,88.22636413574219,1.0,Tema Community 3 SSNIT Flat,tabular,xgboost,h168,2026-01-04T23:00:00,2026-01-18T23:00:00,2026-02-15T23:00:00,,,42.0
2026-01-23 09:00:00,38.1,97.32696533203125,1.0,Tema Community 3 SSNIT Flat,tabular,xgboost,h168,2026-01-04T23:00:00,2026-01-18T23:00:00,2026-02-15T23:00:00,,,42.0
2026-01-23 10:00:00,39.2,79.05410766601562,1.0,Tema Community 3 SSNIT Flat,tabular,xgboost,h168,2026-01-04T23:00:00,2026-01-18T23:00:00,2026-02-15T23:00:00,,,42.0
2026-01-23 11:00:00,31.5,66.44386291503906,1.0,Tema Community 3 SSNIT Flat,tabular,xgboost,h168,2026-01-04T23:00:00,2026-01-18T23:00:00,2026-02-15T23:00:00,,,42.0
2026-01-23 12:00:00,28.2,72.67305755615234,1.0,Tema Community 3 SSNIT Flat,tabular,xgboost,h168,2026-01-04T23:00:00,2026-01-18T23:00:00,2026-02-15T23:00:00,,,42.0
2026-01-23 13:00:00,20.5,69.19271087646484,1.0,Tema Community 3 SSNIT Flat,tabular,xgboost,h168,2026-01-04T23:00:00,2026-01-18T23:00:00,2026-02-15T23:00:00,,,42.0
2026-01-23 14:00:00,19.5,67.09449768066406,1.0,Tema Community 3 SSNIT Flat,tabular,xgboost,h168,2026-01-04T23:00:00,2026-01-18T23:00:00,2026-02-15T23:00:00,,,42.0
2026-01-23 15:00:00,17.8,64.17364501953125,1.0,Tema Community 3 SSNIT Flat,tabular,xgboost,h168,2026-01-04T23:00:00,2026-01-18T23:00:00,2026-02-15T23:00:00,,,42.0
2026-01-23 16:00:00,19.3,32.863868713378906,1.0,Tema Community 3 SSNIT Flat,tabular,xgboost,h168,2026-01-04T23:00:00,2026-01-18T23:00:00,2026-02-15T23:00:00,,,42.0
2026-01-23 17:00:00,21.6,25.95511245727539,1.0,Tema Community 3 SSNIT Flat,tabular,xgboost,h168,2026-01-04T23:00:00,2026-01-18T23:00:00,2026-02-15T23:00:00,,,42.0
2026-01-23 18:00:00,22.4,30.795278549194336,1.0,Tema Community 3 SSNIT Flat,tabular,xgboost,h168,2026-01-04T23:00:00,2026-01-18T23:00:00,2026-02-15T23:00:00,,,42.0
2026-01-23 19:00:00,20.3,39.59150314331055,1.0,Tema Community 3 SSNIT Flat,tabular,xgboost,h168,2026-01-04T23:00:00,2026-01-18T23:00:00,2026-02-15T23:00:00,,,42.0
2026-01-23 20:00:00,17.6,48.19302749633789,1.0,Tema Community 3 SSNIT Flat,tabular,xgboost,h168,2026-01-04T23:00:00,2026-01-18T23:00:00,2026-02-15T23:00:00,,,42.0
2026-01-23 21:00:00,18.1,37.29996109008789,1.0,Tema Community 3 SSNIT Flat,tabular,xgboost,h168,2026-01-04T23:00:00,2026-01-18T23:00:00,2026-02-15T23:00:00,,,42.0
2026-01-23 22:00:00,31.0,48.2388801574707,1.0,Tema Community 3 SSNIT Flat,tabular,xgboost,h168,2026-01-04T23:00:00,2026-01-18T23:00:00,2026-02-15T23:00:00,,,42.0
2026-01-23 23:00:00,45.5,52.4861946105957,1.0,Tema Community 3 SSNIT Flat,tabular,xgboost,h168,2026-01-04T23:00:00,2026-01-18T23:00:00,2026-02-15T23:00:00,,,42.0
2026-01-24 00:00:00,49.9,54.05266189575195,1.0,Tema Community 3 SSNIT Flat,tabular,xgboost,h168,2026-01-04T23:00:00,2026-01-18T23:00:00,2026-02-15T23:00:00,,,42.0
2026-01-24 01:00:00,55.5,54.45225143432617,1.0,Tema Community 3 SSNIT Flat,tabular,xgboost,h168,2026-01-04T23:00:00,2026-01-18T23:00:00,2026-02-15T23:00:00,,,42.0
2026-01-24 02:00:00,43.3,63.74876403808594,1.0,Tema Community 3 SSNIT Flat,tabular,xgboost,h168,2026-01-04T23:00:00,2026-01-18T23:00:00,2026-02-15T23:00:00,,,42.0
2026-01-24 03:00:00,55.5,64.42731475830078,1.0,Tema Community 3 SSNIT Flat,tabular,xgboost,h168,2026-01-04T23:00:00,2026-01-18T23:00:00,2026-02-15T23:00:00,,,42.0
2026-01-24 04:00:00,121.5,65.88098907470703,1.0,Tema Community 3 SSNIT Flat,tabular,xgboost,h168,2026-01-04T23:00:00,2026-01-18T23:00:00,2026-02-15T23:00:00,,,42.0
2026-01-24 05:00:00,40.5,61.846187591552734,1.0,Tema Community 3 SSNIT Flat,tabular,xgboost,h168,2026-01-04T23:00:00,2026-01-18T23:00:00,2026-02-15T23:00:00,,,42.0
2026-01-24 06:00:00,53.3,67.51577758789062,1.0,Tema Community 3 SSNIT Flat,tabular,xgboost,h168,2026-01-04T23:00:00,2026-01-18T23:00:00,2026-02-15T23:00:00,,,42.0
2026-01-24 07:00:00,51.4,62.78662109375,1.0,Tema Community 3 SSNIT Flat,tabular,xgboost,h168,2026-01-04T23:00:00,2026-01-18T23:00:00,2026-02-15T23:00:00,,,42.0
2026-01-24 08:00:00,47.1,56.766212463378906,1.0,Tema Community 3 SSNIT Flat,tabular,xgboost,h168,2026-01-04T23:00:00,2026-01-18T23:00:00,2026-02-15T23:00:00,,,42.0
2026-01-24 09:00:00,44.6,59.86975860595703,1.0,Tema Community 3 SSNIT Flat,tabular,xgboost,h168,2026-01-04T23:00:00,2026-01-18T23:00:00,2026-02-15T23:00:00,,,42.0
2026-01-24 10:00:00,73.0,51.950809478759766,1.0,Tema Community 3 SSNIT Flat,tabular,xgboost,h168,2026-01-04T23:00:00,2026-01-18T23:00:00,2026-02-15T23:00:00,,,42.0
2026-01-24 11:00:00,39.4,56.88842010498047,1.0,Tema Community 3 SSNIT Flat,tabular,xgboost,h168,2026-01-04T23:00:00,2026-01-18T23:00:00,2026-02-15T23:00:00,,,42.0
2026-01-24 12:00:00,31.0,39.60539245605469,1.0,Tema Community 3 SSNIT Flat,tabular,xgboost,h168,2026-01-04T23:00:00,2026-01-18T23:00:00,2026-02-15T23:00:00,,,42.0
2026-01-24 13:00:00,28.5,30.802593231201172,1.0,Tema Community 3 SSNIT Flat,tabular,xgboost,h168,2026-01-04T23:00:00,2026-01-18T23:00:00,2026-02-15T23:00:00,,,42.0
2026-01-24 14:00:00,23.9,30.260528564453125,1.0,Tema Community 3 SSNIT Flat,tabular,xgboost,h168,2026-01-04T23:00:00,2026-01-18T23:00:00,2026-02-15T23:00:00,,,42.0
2026-01-24 15:00:00,24.4,25.6557559967041,1.0,Tema Community 3 SSNIT Flat,tabular,xgboost,h168,2026-01-04T23:00:00,2026-01-18T23:00:00,2026-02-15T23:00:00,,,42.0
2026-01-24 16:00:00,24.8,27.156936645507812,1.0,Tema Community 3 SSNIT Flat,tabular,xgboost,h168,2026-01-04T23:00:00,2026-01-18T23:00:00,2026-02-15T23:00:00,,,42.0
2026-01-24 17:00:00,26.6,34.703590393066406,1.0,Tema Community 3 SSNIT Flat,tabular,xgboost,h168,2026-01-04T23:00:00,2026-01-18T23:00:00,2026-02-15T23:00:00,,,42.0
2026-01-24 18:00:00,27.2,38.91036605834961,1.0,Tema Community 3 SSNIT Flat,tabular,xgboost,h168,2026-01-04T23:00:00,2026-01-18T23:00:00,2026-02-15T23:00:00,,,42.0
2026-01-24 19:00:00,25.1,43.776180267333984,1.0,Tema Community 3 SSNIT Flat,tabular,xgboost,h168,2026-01-04T23:00:00,2026-01-18T23:00:00,2026-02-15T23:00:00,,,42.0
2026-01-24 20:00:00,24.9,48.29547882080078,1.0,Tema Community 3 SSNIT Flat,tabular,xgboost,h168,2026-01-04T23:00:00,2026-01-18T23:00:00,2026-02-15T23:00:00,,,42.0
2026-01-24 21:00:00,25.0,48.387306213378906,1.0,Tema Community 3 SSNIT Flat,tabular,xgboost,h168,2026-01-04T23:00:00,2026-01-18T23:00:00,2026-02-15T23:00:00,,,42.0
2026-01-24 22:00:00,25.2,39.941959381103516,1.0,Tema Community 3 SSNIT Flat,tabular,xgboost,h168,2026-01-04T23:00:00,2026-01-18T23:00:00,2026-02-15T23:00:00,,,42.0
2026-01-24 23:00:00,25.7,44.91590881347656,1.0,Tema Community 3 SSNIT Flat,tabular,xgboost,h168,2026-01-04T23:00:00,2026-01-18T23:00:00,2026-02-15T23:00:00,,,42.0
2026-01-25 00:00:00,27.3,39.713836669921875,1.0,Tema Community 3 SSNIT Flat,tabular,xgboost,h168,2026-01-04T23:00:00,2026-01-18T23:00:00,2026-02-15T23:00:00,,,42.0
2026-01-25 01:00:00,32.3,36.78334426879883,1.0,Tema Community 3 SSNIT Flat,tabular,xgboost,h168,2026-01-04T23:00:00,2026-01-18T23:00:00,2026-02-15T23:00:00,,,42.0
2026-01-25 02:00:00,42.7,50.28554153442383,1.0,Tema Community 3 SSNIT Flat,tabular,xgboost,h168,2026-01-04T23:00:00,2026-01-18T23:00:00,2026-02-15T23:00:00,,,42.0
2026-01-25 03:00:00,41.8,43.94935989379883,1.0,Tema Community 3 SSNIT Flat,tabular,xgboost,h168,2026-01-04T23:00:00,2026-01-18T23:00:00,2026-02-15T23:00:00,,,42.0
2026-01-25 04:00:00,39.8,45.32908248901367,1.0,Tema Community 3 SSNIT Flat,tabular,xgboost,h168,2026-01-04T23:00:00,2026-01-18T23:00:00,2026-02-15T23:00:00,,,42.0
2026-01-25 05:00:00,49.4,58.90616989135742,1.0,Tema Community 3 SSNIT Flat,tabular,xgboost,h168,2026-01-04T23:00:00,2026-01-18T23:00:00,2026-02-15T23:00:00,,,42.0
2026-01-25 06:00:00,62.7,59.768436431884766,1.0,Tema Community 3 SSNIT Flat,tabular,xgboost,h168,2026-01-04T23:00:00,2026-01-18T23:00:00,2026-02-15T23:00:00,,,42.0
2026-01-25 07:00:00,56.0,58.31153106689453,1.0,Tema Community 3 SSNIT Flat,tabular,xgboost,h168,2026-01-04T23:00:00,2026-01-18T23:00:00,2026-02-15T23:00:00,,,42.0
2026-01-25 08:00:00,48.3,66.34202575683594,1.0,Tema Community 3 SSNIT Flat,tabular,xgboost,h168,2026-01-04T23:00:00,2026-01-18T23:00:00,2026-02-15T23:00:00,,,42.0
2026-01-25 09:00:00,52.8,79.7399673461914,1.0,Tema Community 3 SSNIT Flat,tabular,xgboost,h168,2026-01-04T23:00:00,2026-01-18T23:00:00,2026-02-15T23:00:00,,,42.0
2026-01-25 10:00:00,57.7,79.77472686767578,1.0,Tema Community 3 SSNIT Flat,tabular,xgboost,h168,2026-01-04T23:00:00,2026-01-18T23:00:00,2026-02-15T23:00:00,,,42.0
2026-01-25 11:00:00,50.6,74.07613372802734,1.0,Tema Community 3 SSNIT Flat,tabular,xgboost,h168,2026-01-04T23:00:00,2026-01-18T23:00:00,2026-02-15T23:00:00,,,42.0
2026-01-25 12:00:00,40.8,31.77861976623535,1.0,Tema Community 3 SSNIT Flat,tabular,xgboost,h168,2026-01-04T23:00:00,2026-01-18T23:00:00,2026-02-15T23:00:00,,,42.0
2026-01-25 13:00:00,38.1,33.163536071777344,1.0,Tema Community 3 SSNIT Flat,tabular,xgboost,h168,2026-01-04T23:00:00,2026-01-18T23:00:00,2026-02-15T23:00:00,,,42.0
2026-01-25 14:00:00,34.8,33.53428268432617,1.0,Tema Community 3 SSNIT Flat,tabular,xgboost,h168,2026-01-04T23:00:00,2026-01-18T23:00:00,2026-02-15T23:00:00,,,42.0
2026-01-25 15:00:00,32.6,27.461793899536133,1.0,Tema Community 3 SSNIT Flat,tabular,xgboost,h168,2026-01-04T23:00:00,2026-01-18T23:00:00,2026-02-15T23:00:00,,,42.0
2026-01-25 16:00:00,30.8,35.5792350769043,1.0,Tema Community 3 SSNIT Flat,tabular,xgboost,h168,2026-01-04T23:00:00,2026-01-18T23:00:00,2026-02-15T23:00:00,,,42.0
2026-01-25 17:00:00,32.6,52.860023498535156,1.0,Tema Community 3 SSNIT Flat,tabular,xgboost,h168,2026-01-04T23:00:00,2026-01-18T23:00:00,2026-02-15T23:00:00,,,42.0
2026-01-25 18:00:00,34.7,48.21700668334961,1.0,Tema Community 3 SSNIT Flat,tabular,xgboost,h168,2026-01-04T23:00:00,2026-01-18T23:00:00,2026-02-15T23:00:00,,,42.0
2026-01-25 19:00:00,33.6,38.08871078491211,1.0,Tema Community 3 SSNIT Flat,tabular,xgboost,h168,2026-01-04T23:00:00,2026-01-18T23:00:00,2026-02-15T23:00:00,,,42.0
2026-01-25 20:00:00,34.6,41.51936721801758,1.0,Tema Community 3 SSNIT Flat,tabular,xgboost,h168,2026-01-04T23:00:00,2026-01-18T23:00:00,2026-02-15T23:00:00,,,42.0
2026-01-25 21:00:00,34.4,47.19291305541992,1.0,Tema Community 3 SSNIT Flat,tabular,xgboost,h168,2026-01-04T23:00:00,2026-01-18T23:00:00,2026-02-15T23:00:00,,,42.0
2026-01-25 22:00:00,39.7,46.89925765991211,1.0,Tema Community 3 SSNIT Flat,tabular,xgboost,h168,2026-01-04T23:00:00,2026-01-18T23:00:00,2026-02-15T23:00:00,,,42.0
2026-01-25 23:00:00,52.6,56.84238815307617,1.0,Tema Community 3 SSNIT Flat,tabular,xgboost,h168,2026-01-04T23:00:00,2026-01-18T23:00:00,2026-02-15T23:00:00,,,42.0
2026-01-26 00:00:00,55.6,76.5419921875,1.0,Tema Community 3 SSNIT Flat,tabular,xgboost,h168,2026-01-04T23:00:00,2026-01-18T23:00:00,2026-02-15T23:00:00,,,42.0
2026-01-26 01:00:00,53.1,65.2218246459961,1.0,Tema Community 3 SSNIT Flat,tabular,xgboost,h168,2026-01-04T23:00:00,2026-01-18T23:00:00,2026-02-15T23:00:00,,,42.0
2026-01-26 02:00:00,44.5,61.88546371459961,1.0,Tema Community 3 SSNIT Flat,tabular,xgboost,h168,2026-01-04T23:00:00,2026-01-18T23:00:00,2026-02-15T23:00:00,,,42.0
2026-01-26 03:00:00,56.8,70.3649673461914,1.0,Tema Community 3 SSNIT Flat,tabular,xgboost,h168,2026-01-04T23:00:00,2026-01-18T23:00:00,2026-02-15T23:00:00,,,42.0
2026-01-26 04:00:00,46.8,55.61515808105469,1.0,Tema Community 3 SSNIT Flat,tabular,xgboost,h168,2026-01-04T23:00:00,2026-01-18T23:00:00,2026-02-15T23:00:00,,,42.0
2026-01-26 05:00:00,45.7,58.38303756713867,1.0,Tema Community 3 SSNIT Flat,tabular,xgboost,h168,2026-01-04T23:00:00,2026-01-18T23:00:00,2026-02-15T23:00:00,,,42.0
2026-01-26 06:00:00,52.3,58.019309997558594,1.0,Tema Community 3 SSNIT Flat,tabular,xgboost,h168,2026-01-04T23:00:00,2026-01-18T23:00:00,2026-02-15T23:00:00,,,42.0
2026-01-26 07:00:00,48.9,60.485626220703125,1.0,Tema Community 3 SSNIT Flat,tabular,xgboost,h168,2026-01-04T23:00:00,2026-01-18T23:00:00,2026-02-15T23:00:00,,,42.0
2026-01-26 08:00:00,46.0,75.68952178955078,1.0,Tema Community 3 SSNIT Flat,tabular,xgboost,h168,2026-01-04T23:00:00,2026-01-18T23:00:00,2026-02-15T23:00:00,,,42.0
2026-01-26 09:00:00,42.8,63.52400207519531,1.0,Tema Community 3 SSNIT Flat,tabular,xgboost,h168,2026-01-04T23:00:00,2026-01-18T23:00:00,2026-02-15T23:00:00,,,42.0
2026-01-26 10:00:00,44.1,63.31437683105469,1.0,Tema Community 3 SSNIT Flat,tabular,xgboost,h168,2026-01-04T23:00:00,2026-01-18T23:00:00,2026-02-15T23:00:00,,,42.0
2026-01-26 11:00:00,44.7,52.62797546386719,1.0,Tema Community 3 SSNIT Flat,tabular,xgboost,h168,2026-01-04T23:00:00,2026-01-18T23:00:00,2026-02-15T23:00:00,,,42.0
2026-01-26 12:00:00,40.9,49.183414459228516,1.0,Tema Community 3 SSNIT Flat,tabular,xgboost,h168,2026-01-04T23:00:00,2026-01-18T23:00:00,2026-02-15T23:00:00,,,42.0
2026-01-26 13:00:00,36.0,38.86281967163086,1.0,Tema Community 3 SSNIT Flat,tabular,xgboost,h168,2026-01-04T23:00:00,2026-01-18T23:00:00,2026-02-15T23:00:00,,,42.0
2026-01-26 14:00:00,33.2,32.58054733276367,1.0,Tema Community 3 SSNIT Flat,tabular,xgboost,h168,2026-01-04T23:00:00,2026-01-18T23:00:00,2026-02-15T23:00:00,,,42.0
2026-01-26 15:00:00,32.1,39.13313674926758,1.0,Tema Community 3 SSNIT Flat,tabular,xgboost,h168,2026-01-04T23:00:00,2026-01-18T23:00:00,2026-02-15T23:00:00,,,42.0
2026-01-26 16:00:00,31.9,41.6107063293457,1.0,Tema Community 3 SSNIT Flat,tabular,xgboost,h168,2026-01-04T23:00:00,2026-01-18T23:00:00,2026-02-15T23:00:00,,,42.0
2026-01-26 17:00:00,35.0,54.938358306884766,1.0,Tema Community 3 SSNIT Flat,tabular,xgboost,h168,2026-01-04T23:00:00,2026-01-18T23:00:00,2026-02-15T23:00:00,,,42.0
2026-01-26 18:00:00,36.5,58.07809066772461,1.0,Tema Community 3 SSNIT Flat,tabular,xgboost,h168,2026-01-04T23:00:00,2026-01-18T23:00:00,2026-02-15T23:00:00,,,42.0
2026-01-26 19:00:00,33.3,58.293434143066406,1.0,Tema Community 3 SSNIT Flat,tabular,xgboost,h168,2026-01-04T23:00:00,2026-01-18T23:00:00,2026-02-15T23:00:00,,,42.0
2026-01-26 20:00:00,33.5,55.51530075073242,1.0,Tema Community 3 SSNIT Flat,tabular,xgboost,h168,2026-01-04T23:00:00,2026-01-18T23:00:00,2026-02-15T23:00:00,,,42.0
2026-01-26 21:00:00,33.0,45.669090270996094,1.0,Tema Community 3 SSNIT Flat,tabular,xgboost,h168,2026-01-04T23:00:00,2026-01-18T23:00:00,2026-02-15T23:00:00,,,42.0
2026-01-26 22:00:00,37.4,58.380859375,1.0,Tema Community 3 SSNIT Flat,tabular,xgboost,h168,2026-01-04T23:00:00,2026-01-18T23:00:00,2026-02-15T23:00:00,,,42.0
2026-01-26 23:00:00,60.0,51.46420669555664,1.0,Tema Community 3 SSNIT Flat,tabular,xgboost,h168,2026-01-04T23:00:00,2026-01-18T23:00:00,2026-02-15T23:00:00,,,42.0
2026-01-27 00:00:00,58.4,79.8641586303711,1.0,Tema Community 3 SSNIT Flat,tabular,xgboost,h168,2026-01-04T23:00:00,2026-01-18T23:00:00,2026-02-15T23:00:00,,,42.0
2026-01-27 01:00:00,84.1,79.41712188720703,1.0,Tema Community 3 SSNIT Flat,tabular,xgboost,h168,2026-01-04T23:00:00,2026-01-18T23:00:00,2026-02-15T23:00:00,,,42.0
2026-01-27 02:00:00,142.9,70.78384399414062,1.0,Tema Community 3 SSNIT Flat,tabular,xgboost,h168,2026-01-04T23:00:00,2026-01-18T23:00:00,2026-02-15T23:00:00,,,42.0
2026-01-27 03:00:00,194.6,67.85237121582031,1.0,Tema Community 3 SSNIT Flat,tabular,xgboost,h168,2026-01-04T23:00:00,2026-01-18T23:00:00,2026-02-15T23:00:00,,,42.0
2026-01-27 04:00:00,89.5,73.8379135131836,1.0,Tema Community 3 SSNIT Flat,tabular,xgboost,h168,2026-01-04T23:00:00,2026-01-18T23:00:00,2026-02-15T23:00:00,,,42.0
2026-01-27 05:00:00,82.1,65.20161437988281,1.0,Tema Community 3 SSNIT Flat,tabular,xgboost,h168,2026-01-04T23:00:00,2026-01-18T23:00:00,2026-02-15T23:00:00,,,42.0
2026-01-27 06:00:00,67.5,65.81294250488281,1.0,Tema Community 3 SSNIT Flat,tabular,xgboost,h168,2026-01-04T23:00:00,2026-01-18T23:00:00,2026-02-15T23:00:00,,,42.0
2026-01-27 07:00:00,77.0,62.43027114868164,1.0,Tema Community 3 SSNIT Flat,tabular,xgboost,h168,2026-01-04T23:00:00,2026-01-18T23:00:00,2026-02-15T23:00:00,,,42.0
2026-01-27 08:00:00,49.8,75.62481689453125,1.0,Tema Community 3 SSNIT Flat,tabular,xgboost,h168,2026-01-04T23:00:00,2026-01-18T23:00:00,2026-02-15T23:00:00,,,42.0
2026-01-27 09:00:00,45.9,64.22073364257812,1.0,Tema Community 3 SSNIT Flat,tabular,xgboost,h168,2026-01-04T23:00:00,2026-01-18T23:00:00,2026-02-15T23:00:00,,,42.0
2026-01-27 10:00:00,49.6,72.35027313232422,1.0,Tema Community 3 SSNIT Flat,tabular,xgboost,h168,2026-01-04T23:00:00,2026-01-18T23:00:00,2026-02-15T23:00:00,,,42.0
2026-01-27 11:00:00,48.8,72.24663543701172,1.0,Tema Community 3 SSNIT Flat,tabular,xgboost,h168,2026-01-04T23:00:00,2026-01-18T23:00:00,2026-02-15T23:00:00,,,42.0
2026-01-27 12:00:00,53.1,58.931495666503906,1.0,Tema Community 3 SSNIT Flat,tabular,xgboost,h168,2026-01-04T23:00:00,2026-01-18T23:00:00,2026-02-15T23:00:00,,,42.0
2026-01-27 13:00:00,40.2,56.676387786865234,1.0,Tema Community 3 SSNIT Flat,tabular,xgboost,h168,2026-01-04T23:00:00,2026-01-18T23:00:00,2026-02-15T23:00:00,,,42.0
2026-01-27 14:00:00,36.6,50.13288116455078,1.0,Tema Community 3 SSNIT Flat,tabular,xgboost,h168,2026-01-04T23:00:00,2026-01-18T23:00:00,2026-02-15T23:00:00,,,42.0
2026-01-27 15:00:00,35.9,61.983543395996094,1.0,Tema Community 3 SSNIT Flat,tabular,xgboost,h168,2026-01-04T23:00:00,2026-01-18T23:00:00,2026-02-15T23:00:00,,,42.0
2026-01-27 16:00:00,37.6,55.32563400268555,1.0,Tema Community 3 SSNIT Flat,tabular,xgboost,h168,2026-01-04T23:00:00,2026-01-18T23:00:00,2026-02-15T23:00:00,,,42.0
2026-01-27 17:00:00,36.8,59.648014068603516,1.0,Tema Community 3 SSNIT Flat,tabular,xgboost,h168,2026-01-04T23:00:00,2026-01-18T23:00:00,2026-02-15T23:00:00,,,42.0
2026-01-27 18:00:00,35.5,58.774757385253906,1.0,Tema Community 3 SSNIT Flat,tabular,xgboost,h168,2026-01-04T23:00:00,2026-01-18T23:00:00,2026-02-15T23:00:00,,,42.0
2026-01-27 19:00:00,37.1,48.904876708984375,1.0,Tema Community 3 SSNIT Flat,tabular,xgboost,h168,2026-01-04T23:00:00,2026-01-18T23:00:00,2026-02-15T23:00:00,,,42.0
2026-01-27 20:00:00,51.5,48.7457275390625,1.0,Tema Community 3 SSNIT Flat,tabular,xgboost,h168,2026-01-04T23:00:00,2026-01-18T23:00:00,2026-02-15T23:00:00,,,42.0
2026-01-27 21:00:00,37.7,59.07105255126953,1.0,Tema Community 3 SSNIT Flat,tabular,xgboost,h168,2026-01-04T23:00:00,2026-01-18T23:00:00,2026-02-15T23:00:00,,,42.0
2026-01-27 22:00:00,40.5,58.18967056274414,1.0,Tema Community 3 SSNIT Flat,tabular,xgboost,h168,2026-01-04T23:00:00,2026-01-18T23:00:00,2026-02-15T23:00:00,,,42.0
2026-01-27 23:00:00,51.8,68.29329681396484,1.0,Tema Community 3 SSNIT Flat,tabular,xgboost,h168,2026-01-04T23:00:00,2026-01-18T23:00:00,2026-02-15T23:00:00,,,42.0
2026-01-28 00:00:00,54.1,76.28596496582031,1.0,Tema Community 3 SSNIT Flat,tabular,xgboost,h168,2026-01-04T23:00:00,2026-01-18T23:00:00,2026-02-15T23:00:00,,,42.0
2026-01-28 01:00:00,51.6,70.4108657836914,1.0,Tema Community 3 SSNIT Flat,tabular,xgboost,h168,2026-01-04T23:00:00,2026-01-18T23:00:00,2026-02-15T23:00:00,,,42.0
2026-01-28 02:00:00,56.5,86.1162109375,1.0,Tema Community 3 SSNIT Flat,tabular,xgboost,h168,2026-01-04T23:00:00,2026-01-18T23:00:00,2026-02-15T23:00:00,,,42.0
2026-01-28 03:00:00,56.1,73.79434204101562,1.0,Tema Community 3 SSNIT Flat,tabular,xgboost,h168,2026-01-04T23:00:00,2026-01-18T23:00:00,2026-02-15T23:00:00,,,42.0
2026-01-28 04:00:00,49.7,72.15563201904297,1.0,Tema Community 3 SSNIT Flat,tabular,xgboost,h168,2026-01-04T23:00:00,2026-01-18T23:00:00,2026-02-15T23:00:00,,,42.0
2026-01-28 05:00:00,47.9,76.68196105957031,1.0,Tema Community 3 SSNIT Flat,tabular,xgboost,h168,2026-01-04T23:00:00,2026-01-18T23:00:00,2026-02-15T23:00:00,,,42.0
2026-01-28 06:00:00,65.2,99.63771057128906,1.0,Tema Community 3 SSNIT Flat,tabular,xgboost,h168,2026-01-04T23:00:00,2026-01-18T23:00:00,2026-02-15T23:00:00,,,42.0
2026-01-28 07:00:00,74.0,98.36149597167969,1.0,Tema Community 3 SSNIT Flat,tabular,xgboost,h168,2026-01-04T23:00:00,2026-01-18T23:00:00,2026-02-15T23:00:00,,,42.0
2026-01-28 08:00:00,64.6,116.25936889648438,1.0,Tema Community 3 SSNIT Flat,tabular,xgboost,h168,2026-01-04T23:00:00,2026-01-18T23:00:00,2026-02-15T23:00:00,,,42.0
2026-01-28 09:00:00,47.3,97.76412963867188,1.0,Tema Community 3 SSNIT Flat,tabular,xgboost,h168,2026-01-04T23:00:00,2026-01-18T23:00:00,2026-02-15T23:00:00,,,42.0
2026-01-28 10:00:00,49.5,45.49268341064453,1.0,Tema Community 3 SSNIT Flat,tabular,xgboost,h168,2026-01-04T23:00:00,2026-01-18T23:00:00,2026-02-15T23:00:00,,,42.0
2026-01-28 11:00:00,57.6,43.69015121459961,1.0,Tema Community 3 SSNIT Flat,tabular,xgboost,h168,2026-01-04T23:00:00,2026-01-18T23:00:00,2026-02-15T23:00:00,,,42.0
2026-01-28 12:00:00,54.3,41.38595199584961,1.0,Tema Community 3 SSNIT Flat,tabular,xgboost,h168,2026-01-04T23:00:00,2026-01-18T23:00:00,2026-02-15T23:00:00,,,42.0
2026-01-28 13:00:00,54.0,37.949188232421875,1.0,Tema Community 3 SSNIT Flat,tabular,xgboost,h168,2026-01-04T23:00:00,2026-01-18T23:00:00,2026-02-15T23:00:00,,,42.0
2026-01-28 14:00:00,43.5,48.25844192504883,1.0,Tema Community 3 SSNIT Flat,tabular,xgboost,h168,2026-01-04T23:00:00,2026-01-18T23:00:00,2026-02-15T23:00:00,,,42.0
2026-01-28 15:00:00,41.0,48.977020263671875,1.0,Tema Community 3 SSNIT Flat,tabular,xgboost,h168,2026-01-04T23:00:00,2026-01-18T23:00:00,2026-02-15T23:00:00,,,42.0
2026-01-28 16:00:00,40.6,66.32156372070312,1.0,Tema Community 3 SSNIT Flat,tabular,xgboost,h168,2026-01-04T23:00:00,2026-01-18T23:00:00,2026-02-15T23:00:00,,,42.0
2026-01-28 17:00:00,42.2,101.54503631591797,1.0,Tema Community 3 SSNIT Flat,tabular,xgboost,h168,2026-01-04T23:00:00,2026-01-18T23:00:00,2026-02-15T23:00:00,,,42.0
2026-01-28 18:00:00,42.8,80.441162109375,1.0,Tema Community 3 SSNIT Flat,tabular,xgboost,h168,2026-01-04T23:00:00,2026-01-18T23:00:00,2026-02-15T23:00:00,,,42.0
2026-01-28 19:00:00,41.9,71.3284912109375,1.0,Tema Community 3 SSNIT Flat,tabular,xgboost,h168,2026-01-04T23:00:00,2026-01-18T23:00:00,2026-02-15T23:00:00,,,42.0
2026-01-28 20:00:00,69.8,50.623069763183594,1.0,Tema Community 3 SSNIT Flat,tabular,xgboost,h168,2026-01-04T23:00:00,2026-01-18T23:00:00,2026-02-15T23:00:00,,,42.0
2026-01-28 21:00:00,39.8,62.89664077758789,1.0,Tema Community 3 SSNIT Flat,tabular,xgboost,h168,2026-01-04T23:00:00,2026-01-18T23:00:00,2026-02-15T23:00:00,,,42.0
2026-01-28 22:00:00,46.8,56.090763092041016,1.0,Tema Community 3 SSNIT Flat,tabular,xgboost,h168,2026-01-04T23:00:00,2026-01-18T23:00:00,2026-02-15T23:00:00,,,42.0
2026-01-28 23:00:00,60.9,53.89862823486328,1.0,Tema Community 3 SSNIT Flat,tabular,xgboost,h168,2026-01-04T23:00:00,2026-01-18T23:00:00,2026-02-15T23:00:00,,,42.0
2026-01-29 00:00:00,73.5,65.48611450195312,1.0,Tema Community 3 SSNIT Flat,tabular,xgboost,h168,2026-01-04T23:00:00,2026-01-18T23:00:00,2026-02-15T23:00:00,,,42.0
2026-01-29 01:00:00,60.2,61.14293670654297,1.0,Tema Community 3 SSNIT Flat,tabular,xgboost,h168,2026-01-04T23:00:00,2026-01-18T23:00:00,2026-02-15T23:00:00,,,42.0
2026-01-29 02:00:00,52.6,78.75959014892578,1.0,Tema Community 3 SSNIT Flat,tabular,xgboost,h168,2026-01-04T23:00:00,2026-01-18T23:00:00,2026-02-15T23:00:00,,,42.0
2026-01-29 03:00:00,49.3,77.12937927246094,1.0,Tema Community 3 SSNIT Flat,tabular,xgboost,h168,2026-01-04T23:00:00,2026-01-18T23:00:00,2026-02-15T23:00:00,,,42.0
2026-01-29 04:00:00,62.4,70.00086212158203,1.0,Tema Community 3 SSNIT Flat,tabular,xgboost,h168,2026-01-04T23:00:00,2026-01-18T23:00:00,2026-02-15T23:00:00,,,42.0
2026-01-29 05:00:00,74.6,70.91442108154297,1.0,Tema Community 3 SSNIT Flat,tabular,xgboost,h168,2026-01-04T23:00:00,2026-01-18T23:00:00,2026-02-15T23:00:00,,,42.0
2026-01-29 06:00:00,76.4,64.91355895996094,1.0,Tema Community 3 SSNIT Flat,tabular,xgboost,h168,2026-01-04T23:00:00,2026-01-18T23:00:00,2026-02-15T23:00:00,,,42.0
2026-01-29 07:00:00,66.4,56.937644958496094,1.0,Tema Community 3 SSNIT Flat,tabular,xgboost,h168,2026-01-04T23:00:00,2026-01-18T23:00:00,2026-02-15T23:00:00,,,42.0
2026-01-29 08:00:00,61.4,55.34577178955078,1.0,Tema Community 3 SSNIT Flat,tabular,xgboost,h168,2026-01-04T23:00:00,2026-01-18T23:00:00,2026-02-15T23:00:00,,,42.0
2026-01-29 09:00:00,54.7,66.99690246582031,1.0,Tema Community 3 SSNIT Flat,tabular,xgboost,h168,2026-01-04T23:00:00,2026-01-18T23:00:00,2026-02-15T23:00:00,,,42.0
2026-01-29 10:00:00,54.4,78.73096466064453,1.0,Tema Community 3 SSNIT Flat,tabular,xgboost,h168,2026-01-04T23:00:00,2026-01-18T23:00:00,2026-02-15T23:00:00,,,42.0
2026-01-29 11:00:00,54.3,51.775665283203125,1.0,Tema Community 3 SSNIT Flat,tabular,xgboost,h168,2026-01-04T23:00:00,2026-01-18T23:00:00,2026-02-15T23:00:00,,,42.0
2026-01-29 12:00:00,48.4,54.89320755004883,1.0,Tema Community 3 SSNIT Flat,tabular,xgboost,h168,2026-01-04T23:00:00,2026-01-18T23:00:00,2026-02-15T23:00:00,,,42.0
2026-01-29 13:00:00,40.4,30.819318771362305,1.0,Tema Community 3 SSNIT Flat,tabular,xgboost,h168,2026-01-04T23:00:00,2026-01-18T23:00:00,2026-02-15T23:00:00,,,42.0
2026-01-29 14:00:00,40.1,26.90534210205078,1.0,Tema Community 3 SSNIT Flat,tabular,xgboost,h168,2026-01-04T23:00:00,2026-01-18T23:00:00,2026-02-15T23:00:00,,,42.0
2026-01-29 15:00:00,51.5,41.611019134521484,1.0,Tema Community 3 SSNIT Flat,tabular,xgboost,h168,2026-01-04T23:00:00,2026-01-18T23:00:00,2026-02-15T23:00:00,,,42.0
2026-01-29 16:00:00,42.4,31.949520111083984,1.0,Tema Community 3 SSNIT Flat,tabular,xgboost,h168,2026-01-04T23:00:00,2026-01-18T23:00:00,2026-02-15T23:00:00,,,42.0
2026-01-29 17:00:00,53.7,55.44924545288086,1.0,Tema Community 3 SSNIT Flat,tabular,xgboost,h168,2026-01-04T23:00:00,2026-01-18T23:00:00,2026-02-15T23:00:00,,,42.0
2026-01-29 18:00:00,39.2,52.51613998413086,1.0,Tema Community 3 SSNIT Flat,tabular,xgboost,h168,2026-01-04T23:00:00,2026-01-18T23:00:00,2026-02-15T23:00:00,,,42.0
2026-01-29 19:00:00,39.0,53.75715255737305,1.0,Tema Community 3 SSNIT Flat,tabular,xgboost,h168,2026-01-04T23:00:00,2026-01-18T23:00:00,2026-02-15T23:00:00,,,42.0
2026-01-29 20:00:00,38.6,55.217769622802734,1.0,Tema Community 3 SSNIT Flat,tabular,xgboost,h168,2026-01-04T23:00:00,2026-01-18T23:00:00,2026-02-15T23:00:00,,,42.0
2026-01-29 21:00:00,38.1,59.400978088378906,1.0,Tema Community 3 SSNIT Flat,tabular,xgboost,h168,2026-01-04T23:00:00,2026-01-18T23:00:00,2026-02-15T23:00:00,,,42.0
2026-01-29 22:00:00,37.7,59.257789611816406,1.0,Tema Community 3 SSNIT Flat,tabular,xgboost,h168,2026-01-04T23:00:00,2026-01-18T23:00:00,2026-02-15T23:00:00,,,42.0
2026-01-29 23:00:00,40.7,42.89472198486328,1.0,Tema Community 3 SSNIT Flat,tabular,xgboost,h168,2026-01-04T23:00:00,2026-01-18T23:00:00,2026-02-15T23:00:00,,,42.0
2026-01-30 00:00:00,41.1,66.43746185302734,1.0,Tema Community 3 SSNIT Flat,tabular,xgboost,h168,2026-01-04T23:00:00,2026-01-18T23:00:00,2026-02-15T23:00:00,,,42.0
2026-01-30 01:00:00,41.3,55.24161911010742,1.0,Tema Community 3 SSNIT Flat,tabular,xgboost,h168,2026-01-04T23:00:00,2026-01-18T23:00:00,2026-02-15T23:00:00,,,42.0
2026-01-30 02:00:00,42.6,55.16112518310547,1.0,Tema Community 3 SSNIT Flat,tabular,xgboost,h168,2026-01-04T23:00:00,2026-01-18T23:00:00,2026-02-15T23:00:00,,,42.0
2026-01-30 03:00:00,43.5,64.13932037353516,1.0,Tema Community 3 SSNIT Flat,tabular,xgboost,h168,2026-01-04T23:00:00,2026-01-18T23:00:00,2026-02-15T23:00:00,,,42.0
2026-01-30 04:00:00,49.0,64.644287109375,1.0,Tema Community 3 SSNIT Flat,tabular,xgboost,h168,2026-01-04T23:00:00,2026-01-18T23:00:00,2026-02-15T23:00:00,,,42.0
2026-01-30 05:00:00,57.2,70.38500213623047,1.0,Tema Community 3 SSNIT Flat,tabular,xgboost,h168,2026-01-04T23:00:00,2026-01-18T23:00:00,2026-02-15T23:00:00,,,42.0
2026-01-30 06:00:00,61.6,74.69766998291016,1.0,Tema Community 3 SSNIT Flat,tabular,xgboost,h168,2026-01-04T23:00:00,2026-01-18T23:00:00,2026-02-15T23:00:00,,,42.0
2026-01-30 07:00:00,62.4,96.76881408691406,1.0,Tema Community 3 SSNIT Flat,tabular,xgboost,h168,2026-01-04T23:00:00,2026-01-18T23:00:00,2026-02-15T23:00:00,,,42.0
2026-01-30 08:00:00,56.1,97.56875610351562,1.0,Tema Community 3 SSNIT Flat,tabular,xgboost,h168,2026-01-04T23:00:00,2026-01-18T23:00:00,2026-02-15T23:00:00,,,42.0
2026-01-30 09:00:00,48.8,106.09381103515625,1.0,Tema Community 3 SSNIT Flat,tabular,xgboost,h168,2026-01-04T23:00:00,2026-01-18T23:00:00,2026-02-15T23:00:00,,,42.0
2026-01-30 10:00:00,47.2,96.1537094116211,1.0,Tema Community 3 SSNIT Flat,tabular,xgboost,h168,2026-01-04T23:00:00,2026-01-18T23:00:00,2026-02-15T23:00:00,,,42.0
2026-01-30 11:00:00,44.2,93.92970275878906,1.0,Tema Community 3 SSNIT Flat,tabular,xgboost,h168,2026-01-04T23:00:00,2026-01-18T23:00:00,2026-02-15T23:00:00,,,42.0
2026-01-30 12:00:00,43.7,51.2199821472168,1.0,Tema Community 3 SSNIT Flat,tabular,xgboost,h168,2026-01-04T23:00:00,2026-01-18T23:00:00,2026-02-15T23:00:00,,,42.0
2026-01-30 13:00:00,40.8,36.58366394042969,1.0,Tema Community 3 SSNIT Flat,tabular,xgboost,h168,2026-01-04T23:00:00,2026-01-18T23:00:00,2026-02-15T23:00:00,,,42.0
2026-01-30 14:00:00,37.1,33.030540466308594,1.0,Tema Community 3 SSNIT Flat,tabular,xgboost,h168,2026-01-04T23:00:00,2026-01-18T23:00:00,2026-02-15T23:00:00,,,42.0
2026-01-30 15:00:00,36.9,44.76669692993164,1.0,Tema Community 3 SSNIT Flat,tabular,xgboost,h168,2026-01-04T23:00:00,2026-01-18T23:00:00,2026-02-15T23:00:00,,,42.0
2026-01-30 16:00:00,36.2,25.1069278717041,1.0,Tema Community 3 SSNIT Flat,tabular,xgboost,h168,2026-01-04T23:00:00,2026-01-18T23:00:00,2026-02-15T23:00:00,,,42.0
2026-01-30 17:00:00,37.2,32.889774322509766,1.0,Tema Community 3 SSNIT Flat,tabular,xgboost,h168,2026-01-04T23:00:00,2026-01-18T23:00:00,2026-02-15T23:00:00,,,42.0
2026-01-30 18:00:00,41.1,56.831199645996094,1.0,Tema Community 3 SSNIT Flat,tabular,xgboost,h168,2026-01-04T23:00:00,2026-01-18T23:00:00,2026-02-15T23:00:00,,,42.0
2026-01-30 19:00:00,39.6,46.246742248535156,1.0,Tema Community 3 SSNIT Flat,tabular,xgboost,h168,2026-01-04T23:00:00,2026-01-18T23:00:00,2026-02-15T23:00:00,,,42.0
2026-01-30 20:00:00,38.9,36.92394256591797,1.0,Tema Community 3 SSNIT Flat,tabular,xgboost,h168,2026-01-04T23:00:00,2026-01-18T23:00:00,2026-02-15T23:00:00,,,42.0
2026-01-30 21:00:00,37.8,39.586788177490234,1.0,Tema Community 3 SSNIT Flat,tabular,xgboost,h168,2026-01-04T23:00:00,2026-01-18T23:00:00,2026-02-15T23:00:00,,,42.0
2026-01-30 22:00:00,38.5,44.30033874511719,1.0,Tema Community 3 SSNIT Flat,tabular,xgboost,h168,2026-01-04T23:00:00,2026-01-18T23:00:00,2026-02-15T23:00:00,,,42.0
2026-01-30 23:00:00,40.4,47.22853469848633,1.0,Tema Community 3 SSNIT Flat,tabular,xgboost,h168,2026-01-04T23:00:00,2026-01-18T23:00:00,2026-02-15T23:00:00,,,42.0
2026-01-31 00:00:00,41.4,44.32975387573242,1.0,Tema Community 3 SSNIT Flat,tabular,xgboost,h168,2026-01-04T23:00:00,2026-01-18T23:00:00,2026-02-15T23:00:00,,,42.0
2026-01-31 01:00:00,39.4,35.739933013916016,1.0,Tema Community 3 SSNIT Flat,tabular,xgboost,h168,2026-01-04T23:00:00,2026-01-18T23:00:00,2026-02-15T23:00:00,,,42.0
2026-01-31 02:00:00,39.0,33.999603271484375,1.0,Tema Community 3 SSNIT Flat,tabular,xgboost,h168,2026-01-04T23:00:00,2026-01-18T23:00:00,2026-02-15T23:00:00,,,42.0
2026-01-31 03:00:00,43.4,56.93590545654297,1.0,Tema Community 3 SSNIT Flat,tabular,xgboost,h168,2026-01-04T23:00:00,2026-01-18T23:00:00,2026-02-15T23:00:00,,,42.0
2026-01-31 04:00:00,47.5,68.83155059814453,1.0,Tema Community 3 SSNIT Flat,tabular,xgboost,h168,2026-01-04T23:00:00,2026-01-18T23:00:00,2026-02-15T23:00:00,,,42.0
2026-01-31 05:00:00,44.0,69.00743103027344,1.0,Tema Community 3 SSNIT Flat,tabular,xgboost,h168,2026-01-04T23:00:00,2026-01-18T23:00:00,2026-02-15T23:00:00,,,42.0
2026-01-31 06:00:00,51.8,66.9090805053711,1.0,Tema Community 3 SSNIT Flat,tabular,xgboost,h168,2026-01-04T23:00:00,2026-01-18T23:00:00,2026-02-15T23:00:00,,,42.0
2026-01-31 07:00:00,58.9,75.43382263183594,1.0,Tema Community 3 SSNIT Flat,tabular,xgboost,h168,2026-01-04T23:00:00,2026-01-18T23:00:00,2026-02-15T23:00:00,,,42.0
2026-01-31 08:00:00,49.9,64.81039428710938,1.0,Tema Community 3 SSNIT Flat,tabular,xgboost,h168,2026-01-04T23:00:00,2026-01-18T23:00:00,2026-02-15T23:00:00,,,42.0
2026-01-31 09:00:00,45.7,61.18770217895508,1.0,Tema Community 3 SSNIT Flat,tabular,xgboost,h168,2026-01-04T23:00:00,2026-01-18T23:00:00,2026-02-15T23:00:00,,,42.0
2026-01-31 10:00:00,43.7,40.421146392822266,1.0,Tema Community 3 SSNIT Flat,tabular,xgboost,h168,2026-01-04T23:00:00,2026-01-18T23:00:00,2026-02-15T23:00:00,,,42.0
2026-01-31 11:00:00,41.3,38.697086334228516,1.0,Tema Community 3 SSNIT Flat,tabular,xgboost,h168,2026-01-04T23:00:00,2026-01-18T23:00:00,2026-02-15T23:00:00,,,42.0
2026-01-31 12:00:00,37.0,32.8752326965332,1.0,Tema Community 3 SSNIT Flat,tabular,xgboost,h168,2026-01-04T23:00:00,2026-01-18T23:00:00,2026-02-15T23:00:00,,,42.0
2026-01-31 13:00:00,37.2,27.994171142578125,1.0,Tema Community 3 SSNIT Flat,tabular,xgboost,h168,2026-01-04T23:00:00,2026-01-18T23:00:00,2026-02-15T23:00:00,,,42.0
2026-01-31 14:00:00,35.8,25.795846939086914,1.0,Tema Community 3 SSNIT Flat,tabular,xgboost,h168,2026-01-04T23:00:00,2026-01-18T23:00:00,2026-02-15T23:00:00,,,42.0
2026-01-31 15:00:00,34.8,26.258485794067383,1.0,Tema Community 3 SSNIT Flat,tabular,xgboost,h168,2026-01-04T23:00:00,2026-01-18T23:00:00,2026-02-15T23:00:00,,,42.0
2026-01-31 16:00:00,33.0,30.313526153564453,1.0,Tema Community 3 SSNIT Flat,tabular,xgboost,h168,2026-01-04T23:00:00,2026-01-18T23:00:00,2026-02-15T23:00:00,,,42.0
2026-01-31 17:00:00,33.2,36.81745910644531,1.0,Tema Community 3 SSNIT Flat,tabular,xgboost,h168,2026-01-04T23:00:00,2026-01-18T23:00:00,2026-02-15T23:00:00,,,42.0
2026-01-31 18:00:00,32.7,39.591896057128906,1.0,Tema Community 3 SSNIT Flat,tabular,xgboost,h168,2026-01-04T23:00:00,2026-01-18T23:00:00,2026-02-15T23:00:00,,,42.0
2026-01-31 19:00:00,34.2,42.11054992675781,1.0,Tema Community 3 SSNIT Flat,tabular,xgboost,h168,2026-01-04T23:00:00,2026-01-18T23:00:00,2026-02-15T23:00:00,,,42.0
2026-01-31 20:00:00,35.0,40.826847076416016,1.0,Tema Community 3 SSNIT Flat,tabular,xgboost,h168,2026-01-04T23:00:00,2026-01-18T23:00:00,2026-02-15T23:00:00,,,42.0
2026-01-31 21:00:00,34.1,51.486663818359375,1.0,Tema Community 3 SSNIT Flat,tabular,xgboost,h168,2026-01-04T23:00:00,2026-01-18T23:00:00,2026-02-15T23:00:00,,,42.0
2026-01-31 22:00:00,32.8,59.95087432861328,1.0,Tema Community 3 SSNIT Flat,tabular,xgboost,h168,2026-01-04T23:00:00,2026-01-18T23:00:00,2026-02-15T23:00:00,,,42.0
2026-01-31 23:00:00,33.7,67.02484893798828,1.0,Tema Community 3 SSNIT Flat,tabular,xgboost,h168,2026-01-04T23:00:00,2026-01-18T23:00:00,2026-02-15T23:00:00,,,42.0
2026-02-01 00:00:00,35.3,70.16120147705078,1.0,Tema Community 3 SSNIT Flat,tabular,xgboost,h168,2026-01-04T23:00:00,2026-01-18T23:00:00,2026-02-15T23:00:00,,,42.0
2026-02-01 01:00:00,36.4,64.98495483398438,1.0,Tema Community 3 SSNIT Flat,tabular,xgboost,h168,2026-01-04T23:00:00,2026-01-18T23:00:00,2026-02-15T23:00:00,,,42.0
2026-02-01 02:00:00,34.0,58.80757522583008,1.0,Tema Community 3 SSNIT Flat,tabular,xgboost,h168,2026-01-04T23:00:00,2026-01-18T23:00:00,2026-02-15T23:00:00,,,42.0
2026-02-01 03:00:00,31.4,57.51443099975586,1.0,Tema Community 3 SSNIT Flat,tabular,xgboost,h168,2026-01-04T23:00:00,2026-01-18T23:00:00,2026-02-15T23:00:00,,,42.0
2026-02-01 04:00:00,31.2,57.33002471923828,1.0,Tema Community 3 SSNIT Flat,tabular,xgboost,h168,2026-01-04T23:00:00,2026-01-18T23:00:00,2026-02-15T23:00:00,,,42.0
2026-02-01 05:00:00,31.0,62.811424255371094,1.0,Tema Community 3 SSNIT Flat,tabular,xgboost,h168,2026-01-04T23:00:00,2026-01-18T23:00:00,2026-02-15T23:00:00,,,42.0
2026-02-01 06:00:00,58.1,65.87234497070312,1.0,Tema Community 3 SSNIT Flat,tabular,xgboost,h168,2026-01-04T23:00:00,2026-01-18T23:00:00,2026-02-15T23:00:00,,,42.0
2026-02-01 07:00:00,76.1,63.78508377075195,1.0,Tema Community 3 SSNIT Flat,tabular,xgboost,h168,2026-01-04T23:00:00,2026-01-18T23:00:00,2026-02-15T23:00:00,,,42.0
2026-02-01 08:00:00,47.9,65.20037841796875,1.0,Tema Community 3 SSNIT Flat,tabular,xgboost,h168,2026-01-04T23:00:00,2026-01-18T23:00:00,2026-02-15T23:00:00,,,42.0
2026-02-01 09:00:00,46.1,63.19300079345703,1.0,Tema Community 3 SSNIT Flat,tabular,xgboost,h168,2026-01-04T23:00:00,2026-01-18T23:00:00,2026-02-15T23:00:00,,,42.0
2026-02-01 10:00:00,37.4,58.017765045166016,1.0,Tema Community 3 SSNIT Flat,tabular,xgboost,h168,2026-01-04T23:00:00,2026-01-18T23:00:00,2026-02-15T23:00:00,,,42.0
2026-02-01 11:00:00,34.6,51.252986907958984,1.0,Tema Community 3 SSNIT Flat,tabular,xgboost,h168,2026-01-04T23:00:00,2026-01-18T23:00:00,2026-02-15T23:00:00,,,42.0
2026-02-01 12:00:00,31.4,52.593528747558594,1.0,Tema Community 3 SSNIT Flat,tabular,xgboost,h168,2026-01-04T23:00:00,2026-01-18T23:00:00,2026-02-15T23:00:00,,,42.0
2026-02-01 13:00:00,29.9,31.779619216918945,1.0,Tema Community 3 SSNIT Flat,tabular,xgboost,h168,2026-01-04T23:00:00,2026-01-18T23:00:00,2026-02-15T23:00:00,,,42.0
2026-02-01 14:00:00,29.6,37.19915008544922,1.0,Tema Community 3 SSNIT Flat,tabular,xgboost,h168,2026-01-04T23:00:00,2026-01-18T23:00:00,2026-02-15T23:00:00,,,42.0
2026-02-01 15:00:00,32.2,29.293014526367188,1.0,Tema Community 3 SSNIT Flat,tabular,xgboost,h168,2026-01-04T23:00:00,2026-01-18T23:00:00,2026-02-15T23:00:00,,,42.0
2026-02-01 16:00:00,33.4,34.953025817871094,1.0,Tema Community 3 SSNIT Flat,tabular,xgboost,h168,2026-01-04T23:00:00,2026-01-18T23:00:00,2026-02-15T23:00:00,,,42.0
2026-02-01 17:00:00,33.6,31.956815719604492,1.0,Tema Community 3 SSNIT Flat,tabular,xgboost,h168,2026-01-04T23:00:00,2026-01-18T23:00:00,2026-02-15T23:00:00,,,42.0
2026-02-01 18:00:00,33.9,41.08485412597656,1.0,Tema Community 3 SSNIT Flat,tabular,xgboost,h168,2026-01-04T23:00:00,2026-01-18T23:00:00,2026-02-15T23:00:00,,,42.0
2026-02-01 19:00:00,33.6,46.643211364746094,1.0,Tema Community 3 SSNIT Flat,tabular,xgboost,h168,2026-01-04T23:00:00,2026-01-18T23:00:00,2026-02-15T23:00:00,,,42.0
2026-02-01 20:00:00,33.4,45.03317642211914,1.0,Tema Community 3 SSNIT Flat,tabular,xgboost,h168,2026-01-04T23:00:00,2026-01-18T23:00:00,2026-02-15T23:00:00,,,42.0
2026-02-01 21:00:00,34.3,44.42988967895508,1.0,Tema Community 3 SSNIT Flat,tabular,xgboost,h168,2026-01-04T23:00:00,2026-01-18T23:00:00,2026-02-15T23:00:00,,,42.0
2026-02-01 22:00:00,30.9,48.948204040527344,1.0,Tema Community 3 SSNIT Flat,tabular,xgboost,h168,2026-01-04T23:00:00,2026-01-18T23:00:00,2026-02-15T23:00:00,,,42.0
2026-02-01 23:00:00,34.5,49.4789924621582,1.0,Tema Community 3 SSNIT Flat,tabular,xgboost,h168,2026-01-04T23:00:00,2026-01-18T23:00:00,2026-02-15T23:00:00,,,42.0
2026-02-02 00:00:00,41.4,62.12077713012695,1.0,Tema Community 3 SSNIT Flat,tabular,xgboost,h168,2026-01-04T23:00:00,2026-01-18T23:00:00,2026-02-15T23:00:00,,,42.0
2026-02-02 01:00:00,36.0,69.61402130126953,1.0,Tema Community 3 SSNIT Flat,tabular,xgboost,h168,2026-01-04T23:00:00,2026-01-18T23:00:00,2026-02-15T23:00:00,,,42.0
2026-02-02 02:00:00,34.9,79.50203704833984,1.0,Tema Community 3 SSNIT Flat,tabular,xgboost,h168,2026-01-04T23:00:00,2026-01-18T23:00:00,2026-02-15T23:00:00,,,42.0
2026-02-02 03:00:00,31.2,78.67715454101562,1.0,Tema Community 3 SSNIT Flat,tabular,xgboost,h168,2026-01-04T23:00:00,2026-01-18T23:00:00,2026-02-15T23:00:00,,,42.0
2026-02-02 04:00:00,41.0,80.46511840820312,1.0,Tema Community 3 SSNIT Flat,tabular,xgboost,h168,2026-01-04T23:00:00,2026-01-18T23:00:00,2026-02-15T23:00:00,,,42.0
2026-02-02 05:00:00,34.9,74.17839813232422,1.0,Tema Community 3 SSNIT Flat,tabular,xgboost,h168,2026-01-04T23:00:00,2026-01-18T23:00:00,2026-02-15T23:00:00,,,42.0
2026-02-02 06:00:00,49.7,74.80714416503906,1.0,Tema Community 3 SSNIT Flat,tabular,xgboost,h168,2026-01-04T23:00:00,2026-01-18T23:00:00,2026-02-15T23:00:00,,,42.0
2026-02-02 07:00:00,62.9,70.94541931152344,1.0,Tema Community 3 SSNIT Flat,tabular,xgboost,h168,2026-01-04T23:00:00,2026-01-18T23:00:00,2026-02-15T23:00:00,,,42.0
2026-02-02 08:00:00,51.4,68.29205322265625,1.0,Tema Community 3 SSNIT Flat,tabular,xgboost,h168,2026-01-04T23:00:00,2026-01-18T23:00:00,2026-02-15T23:00:00,,,42.0
2026-02-02 09:00:00,40.0,60.178688049316406,1.0,Tema Community 3 SSNIT Flat,tabular,xgboost,h168,2026-01-04T23:00:00,2026-01-18T23:00:00,2026-02-15T23:00:00,,,42.0
2026-02-02 10:00:00,40.5,53.25107192993164,1.0,Tema Community 3 SSNIT Flat,tabular,xgboost,h168,2026-01-04T23:00:00,2026-01-18T23:00:00,2026-02-15T23:00:00,,,42.0
2026-02-02 11:00:00,29.2,48.78369140625,1.0,Tema Community 3 SSNIT Flat,tabular,xgboost,h168,2026-01-04T23:00:00,2026-01-18T23:00:00,2026-02-15T23:00:00,,,42.0
2026-02-02 12:00:00,27.9,44.610313415527344,1.0,Tema Community 3 SSNIT Flat,tabular,xgboost,h168,2026-01-04T23:00:00,2026-01-18T23:00:00,2026-02-15T23:00:00,,,42.0
2026-02-02 13:00:00,25.7,38.258872985839844,1.0,Tema Community 3 SSNIT Flat,tabular,xgboost,h168,2026-01-04T23:00:00,2026-01-18T23:00:00,2026-02-15T23:00:00,,,42.0
2026-02-02 14:00:00,27.2,29.750892639160156,1.0,Tema Community 3 SSNIT Flat,tabular,xgboost,h168,2026-01-04T23:00:00,2026-01-18T23:00:00,2026-02-15T23:00:00,,,42.0
2026-02-02 15:00:00,30.9,34.45372772216797,1.0,Tema Community 3 SSNIT Flat,tabular,xgboost,h168,2026-01-04T23:00:00,2026-01-18T23:00:00,2026-02-15T23:00:00,,,42.0
2026-02-02 16:00:00,82.6,37.64231491088867,1.0,Tema Community 3 SSNIT Flat,tabular,xgboost,h168,2026-01-04T23:00:00,2026-01-18T23:00:00,2026-02-15T23:00:00,,,42.0
2026-02-02 17:00:00,71.2,38.21366882324219,1.0,Tema Community 3 SSNIT Flat,tabular,xgboost,h168,2026-01-04T23:00:00,2026-01-18T23:00:00,2026-02-15T23:00:00,,,42.0
2026-02-02 18:00:00,42.7,44.639678955078125,1.0,Tema Community 3 SSNIT Flat,tabular,xgboost,h168,2026-01-04T23:00:00,2026-01-18T23:00:00,2026-02-15T23:00:00,,,42.0
2026-02-02 19:00:00,45.2,42.3089485168457,1.0,Tema Community 3 SSNIT Flat,tabular,xgboost,h168,2026-01-04T23:00:00,2026-01-18T23:00:00,2026-02-15T23:00:00,,,42.0
2026-02-02 20:00:00,53.0,45.00105285644531,1.0,Tema Community 3 SSNIT Flat,tabular,xgboost,h168,2026-01-04T23:00:00,2026-01-18T23:00:00,2026-02-15T23:00:00,,,42.0
2026-02-02 21:00:00,40.7,44.83573532104492,1.0,Tema Community 3 SSNIT Flat,tabular,xgboost,h168,2026-01-04T23:00:00,2026-01-18T23:00:00,2026-02-15T23:00:00,,,42.0
2026-02-02 22:00:00,40.6,46.0675163269043,1.0,Tema Community 3 SSNIT Flat,tabular,xgboost,h168,2026-01-04T23:00:00,2026-01-18T23:00:00,2026-02-15T23:00:00,,,42.0
2026-02-02 23:00:00,47.5,54.44943618774414,1.0,Tema Community 3 SSNIT Flat,tabular,xgboost,h168,2026-01-04T23:00:00,2026-01-18T23:00:00,2026-02-15T23:00:00,,,42.0
2026-02-03 00:00:00,62.5,72.25929260253906,1.0,Tema Community 3 SSNIT Flat,tabular,xgboost,h168,2026-01-04T23:00:00,2026-01-18T23:00:00,2026-02-15T23:00:00,,,42.0
2026-02-03 01:00:00,57.0,65.74579620361328,1.0,Tema Community 3 SSNIT Flat,tabular,xgboost,h168,2026-01-04T23:00:00,2026-01-18T23:00:00,2026-02-15T23:00:00,,,42.0
2026-02-03 02:00:00,51.9,61.65978240966797,1.0,Tema Community 3 SSNIT Flat,tabular,xgboost,h168,2026-01-04T23:00:00,2026-01-18T23:00:00,2026-02-15T23:00:00,,,42.0
2026-02-03 03:00:00,54.5,68.18448638916016,1.0,Tema Community 3 SSNIT Flat,tabular,xgboost,h168,2026-01-04T23:00:00,2026-01-18T23:00:00,2026-02-15T23:00:00,,,42.0
2026-02-03 04:00:00,44.8,63.336246490478516,1.0,Tema Community 3 SSNIT Flat,tabular,xgboost,h168,2026-01-04T23:00:00,2026-01-18T23:00:00,2026-02-15T23:00:00,,,42.0
2026-02-03 05:00:00,61.1,69.66373443603516,1.0,Tema Community 3 SSNIT Flat,tabular,xgboost,h168,2026-01-04T23:00:00,2026-01-18T23:00:00,2026-02-15T23:00:00,,,42.0
2026-02-03 06:00:00,56.0,72.3816909790039,1.0,Tema Community 3 SSNIT Flat,tabular,xgboost,h168,2026-01-04T23:00:00,2026-01-18T23:00:00,2026-02-15T23:00:00,,,42.0
2026-02-03 07:00:00,66.6,65.5195083618164,1.0,Tema Community 3 SSNIT Flat,tabular,xgboost,h168,2026-01-04T23:00:00,2026-01-18T23:00:00,2026-02-15T23:00:00,,,42.0
2026-02-03 08:00:00,41.9,68.70244598388672,1.0,Tema Community 3 SSNIT Flat,tabular,xgboost,h168,2026-01-04T23:00:00,2026-01-18T23:00:00,2026-02-15T23:00:00,,,42.0
2026-02-03 09:00:00,44.2,64.58805847167969,1.0,Tema Community 3 SSNIT Flat,tabular,xgboost,h168,2026-01-04T23:00:00,2026-01-18T23:00:00,2026-02-15T23:00:00,,,42.0
2026-02-03 10:00:00,58.0,72.36493682861328,1.0,Tema Community 3 SSNIT Flat,tabular,xgboost,h168,2026-01-04T23:00:00,2026-01-18T23:00:00,2026-02-15T23:00:00,,,42.0
2026-02-03 11:00:00,56.5,57.79095458984375,1.0,Tema Community 3 SSNIT Flat,tabular,xgboost,h168,2026-01-04T23:00:00,2026-01-18T23:00:00,2026-02-15T23:00:00,,,42.0
2026-02-03 12:00:00,46.7,48.54948043823242,1.0,Tema Community 3 SSNIT Flat,tabular,xgboost,h168,2026-01-04T23:00:00,2026-01-18T23:00:00,2026-02-15T23:00:00,,,42.0
2026-02-03 13:00:00,26.5,30.632131576538086,1.0,Tema Community 3 SSNIT Flat,tabular,xgboost,h168,2026-01-04T23:00:00,2026-01-18T23:00:00,2026-02-15T23:00:00,,,42.0
2026-02-03 14:00:00,34.7,29.73040771484375,1.0,Tema Community 3 SSNIT Flat,tabular,xgboost,h168,2026-01-04T23:00:00,2026-01-18T23:00:00,2026-02-15T23:00:00,,,42.0
2026-02-03 15:00:00,29.0,35.21323013305664,1.0,Tema Community 3 SSNIT Flat,tabular,xgboost,h168,2026-01-04T23:00:00,2026-01-18T23:00:00,2026-02-15T23:00:00,,,42.0
2026-02-03 16:00:00,36.1,36.90374755859375,1.0,Tema Community 3 SSNIT Flat,tabular,xgboost,h168,2026-01-04T23:00:00,2026-01-18T23:00:00,2026-02-15T23:00:00,,,42.0
2026-02-03 17:00:00,26.1,34.603214263916016,1.0,Tema Community 3 SSNIT Flat,tabular,xgboost,h168,2026-01-04T23:00:00,2026-01-18T23:00:00,2026-02-15T23:00:00,,,42.0
2026-02-03 18:00:00,39.8,53.60483169555664,1.0,Tema Community 3 SSNIT Flat,tabular,xgboost,h168,2026-01-04T23:00:00,2026-01-18T23:00:00,2026-02-15T23:00:00,,,42.0
2026-02-03 19:00:00,59.4,49.37484359741211,1.0,Tema Community 3 SSNIT Flat,tabular,xgboost,h168,2026-01-04T23:00:00,2026-01-18T23:00:00,2026-02-15T23:00:00,,,42.0
2026-02-03 20:00:00,76.5,51.81124496459961,1.0,Tema Community 3 SSNIT Flat,tabular,xgboost,h168,2026-01-04T23:00:00,2026-01-18T23:00:00,2026-02-15T23:00:00,,,42.0
2026-02-03 21:00:00,77.8,44.22481918334961,1.0,Tema Community 3 SSNIT Flat,tabular,xgboost,h168,2026-01-04T23:00:00,2026-01-18T23:00:00,2026-02-15T23:00:00,,,42.0
2026-02-03 22:00:00,56.3,39.51028823852539,1.0,Tema Community 3 SSNIT Flat,tabular,xgboost,h168,2026-01-04T23:00:00,2026-01-18T23:00:00,2026-02-15T23:00:00,,,42.0
2026-02-03 23:00:00,66.2,41.70046615600586,1.0,Tema Community 3 SSNIT Flat,tabular,xgboost,h168,2026-01-04T23:00:00,2026-01-18T23:00:00,2026-02-15T23:00:00,,,42.0
2026-02-04 00:00:00,55.9,47.00996017456055,1.0,Tema Community 3 SSNIT Flat,tabular,xgboost,h168,2026-01-04T23:00:00,2026-01-18T23:00:00,2026-02-15T23:00:00,,,42.0
2026-02-04 01:00:00,56.0,55.68845748901367,1.0,Tema Community 3 SSNIT Flat,tabular,xgboost,h168,2026-01-04T23:00:00,2026-01-18T23:00:00,2026-02-15T23:00:00,,,42.0
2026-02-04 02:00:00,43.0,59.920372009277344,1.0,Tema Community 3 SSNIT Flat,tabular,xgboost,h168,2026-01-04T23:00:00,2026-01-18T23:00:00,2026-02-15T23:00:00,,,42.0
2026-02-04 03:00:00,49.6,62.85145568847656,1.0,Tema Community 3 SSNIT Flat,tabular,xgboost,h168,2026-01-04T23:00:00,2026-01-18T23:00:00,2026-02-15T23:00:00,,,42.0
2026-02-04 04:00:00,59.0,64.62039184570312,1.0,Tema Community 3 SSNIT Flat,tabular,xgboost,h168,2026-01-04T23:00:00,2026-01-18T23:00:00,2026-02-15T23:00:00,,,42.0
2026-02-04 05:00:00,97.2,70.75814819335938,1.0,Tema Community 3 SSNIT Flat,tabular,xgboost,h168,2026-01-04T23:00:00,2026-01-18T23:00:00,2026-02-15T23:00:00,,,42.0
2026-02-04 06:00:00,80.1,71.41227722167969,1.0,Tema Community 3 SSNIT Flat,tabular,xgboost,h168,2026-01-04T23:00:00,2026-01-18T23:00:00,2026-02-15T23:00:00,,,42.0
2026-02-04 07:00:00,91.6,78.1087875366211,1.0,Tema Community 3 SSNIT Flat,tabular,xgboost,h168,2026-01-04T23:00:00,2026-01-18T23:00:00,2026-02-15T23:00:00,,,42.0
2026-02-04 08:00:00,46.5,62.92013931274414,1.0,Tema Community 3 SSNIT Flat,tabular,xgboost,h168,2026-01-04T23:00:00,2026-01-18T23:00:00,2026-02-15T23:00:00,,,42.0
2026-02-04 09:00:00,47.7,62.681488037109375,1.0,Tema Community 3 SSNIT Flat,tabular,xgboost,h168,2026-01-04T23:00:00,2026-01-18T23:00:00,2026-02-15T23:00:00,,,42.0
2026-02-04 10:00:00,47.3,91.83312225341797,1.0,Tema Community 3 SSNIT Flat,tabular,xgboost,h168,2026-01-04T23:00:00,2026-01-18T23:00:00,2026-02-15T23:00:00,,,42.0
2026-02-04 11:00:00,40.1,92.76039123535156,1.0,Tema Community 3 SSNIT Flat,tabular,xgboost,h168,2026-01-04T23:00:00,2026-01-18T23:00:00,2026-02-15T23:00:00,,,42.0
2026-02-04 12:00:00,35.8,87.7715835571289,1.0,Tema Community 3 SSNIT Flat,tabular,xgboost,h168,2026-01-04T23:00:00,2026-01-18T23:00:00,2026-02-15T23:00:00,,,42.0
2026-02-04 13:00:00,35.0,75.39578247070312,1.0,Tema Community 3 SSNIT Flat,tabular,xgboost,h168,2026-01-04T23:00:00,2026-01-18T23:00:00,2026-02-15T23:00:00,,,42.0
2026-02-04 14:00:00,32.5,80.55870056152344,1.0,Tema Community 3 SSNIT Flat,tabular,xgboost,h168,2026-01-04T23:00:00,2026-01-18T23:00:00,2026-02-15T23:00:00,,,42.0
2026-02-04 15:00:00,30.3,67.72626495361328,1.0,Tema Community 3 SSNIT Flat,tabular,xgboost,h168,2026-01-04T23:00:00,2026-01-18T23:00:00,2026-02-15T23:00:00,,,42.0
2026-02-04 16:00:00,24.5,66.70817565917969,1.0,Tema Community 3 SSNIT Flat,tabular,xgboost,h168,2026-01-04T23:00:00,2026-01-18T23:00:00,2026-02-15T23:00:00,,,42.0
2026-02-04 17:00:00,21.8,81.3043212890625,1.0,Tema Community 3 SSNIT Flat,tabular,xgboost,h168,2026-01-04T23:00:00,2026-01-18T23:00:00,2026-02-15T23:00:00,,,42.0
2026-02-04 18:00:00,18.9,82.88561248779297,1.0,Tema Community 3 SSNIT Flat,tabular,xgboost,h168,2026-01-04T23:00:00,2026-01-18T23:00:00,2026-02-15T23:00:00,,,42.0
2026-02-04 19:00:00,12.5,83.4404067993164,1.0,Tema Community 3 SSNIT Flat,tabular,xgboost,h168,2026-01-04T23:00:00,2026-01-18T23:00:00,2026-02-15T23:00:00,,,42.0
2026-02-04 20:00:00,13.5,88.4082260131836,1.0,Tema Community 3 SSNIT Flat,tabular,xgboost,h168,2026-01-04T23:00:00,2026-01-18T23:00:00,2026-02-15T23:00:00,,,42.0
2026-02-04 21:00:00,20.6,87.55220794677734,1.0,Tema Community 3 SSNIT Flat,tabular,xgboost,h168,2026-01-04T23:00:00,2026-01-18T23:00:00,2026-02-15T23:00:00,,,42.0
2026-02-04 22:00:00,25.4,88.24175262451172,1.0,Tema Community 3 SSNIT Flat,tabular,xgboost,h168,2026-01-04T23:00:00,2026-01-18T23:00:00,2026-02-15T23:00:00,,,42.0
2026-02-04 23:00:00,39.4,104.38545227050781,1.0,Tema Community 3 SSNIT Flat,tabular,xgboost,h168,2026-01-04T23:00:00,2026-01-18T23:00:00,2026-02-15T23:00:00,,,42.0
2026-02-05 00:00:00,41.5,117.55815887451172,1.0,Tema Community 3 SSNIT Flat,tabular,xgboost,h168,2026-01-04T23:00:00,2026-01-18T23:00:00,2026-02-15T23:00:00,,,42.0
2026-02-05 01:00:00,46.8,110.78593444824219,1.0,Tema Community 3 SSNIT Flat,tabular,xgboost,h168,2026-01-04T23:00:00,2026-01-18T23:00:00,2026-02-15T23:00:00,,,42.0
2026-02-05 02:00:00,43.1,94.73090362548828,1.0,Tema Community 3 SSNIT Flat,tabular,xgboost,h168,2026-01-04T23:00:00,2026-01-18T23:00:00,2026-02-15T23:00:00,,,42.0
2026-02-05 03:00:00,41.4,105.89432525634766,1.0,Tema Community 3 SSNIT Flat,tabular,xgboost,h168,2026-01-04T23:00:00,2026-01-18T23:00:00,2026-02-15T23:00:00,,,42.0
2026-02-05 04:00:00,36.6,101.74015045166016,1.0,Tema Community 3 SSNIT Flat,tabular,xgboost,h168,2026-01-04T23:00:00,2026-01-18T23:00:00,2026-02-15T23:00:00,,,42.0
2026-02-05 05:00:00,50.0,86.0759048461914,1.0,Tema Community 3 SSNIT Flat,tabular,xgboost,h168,2026-01-04T23:00:00,2026-01-18T23:00:00,2026-02-15T23:00:00,,,42.0
2026-02-05 06:00:00,43.4,103.53378295898438,1.0,Tema Community 3 SSNIT Flat,tabular,xgboost,h168,2026-01-04T23:00:00,2026-01-18T23:00:00,2026-02-15T23:00:00,,,42.0
2026-02-05 07:00:00,43.5,98.5313720703125,1.0,Tema Community 3 SSNIT Flat,tabular,xgboost,h168,2026-01-04T23:00:00,2026-01-18T23:00:00,2026-02-15T23:00:00,,,42.0
2026-02-05 08:00:00,33.2,97.19706726074219,1.0,Tema Community 3 SSNIT Flat,tabular,xgboost,h168,2026-01-04T23:00:00,2026-01-18T23:00:00,2026-02-15T23:00:00,,,42.0
2026-02-05 09:00:00,26.7,86.09629821777344,1.0,Tema Community 3 SSNIT Flat,tabular,xgboost,h168,2026-01-04T23:00:00,2026-01-18T23:00:00,2026-02-15T23:00:00,,,42.0
2026-02-05 10:00:00,24.3,89.09602355957031,1.0,Tema Community 3 SSNIT Flat,tabular,xgboost,h168,2026-01-04T23:00:00,2026-01-18T23:00:00,2026-02-15T23:00:00,,,42.0
2026-02-05 11:00:00,18.6,84.75578308105469,1.0,Tema Community 3 SSNIT Flat,tabular,xgboost,h168,2026-01-04T23:00:00,2026-01-18T23:00:00,2026-02-15T23:00:00,,,42.0
2026-02-05 12:00:00,15.8,89.4451904296875,1.0,Tema Community 3 SSNIT Flat,tabular,xgboost,h168,2026-01-04T23:00:00,2026-01-18T23:00:00,2026-02-15T23:00:00,,,42.0
2026-02-05 13:00:00,14.5,83.22896575927734,1.0,Tema Community 3 SSNIT Flat,tabular,xgboost,h168,2026-01-04T23:00:00,2026-01-18T23:00:00,2026-02-15T23:00:00,,,42.0
2026-02-05 14:00:00,16.0,78.7003402709961,1.0,Tema Community 3 SSNIT Flat,tabular,xgboost,h168,2026-01-04T23:00:00,2026-01-18T23:00:00,2026-02-15T23:00:00,,,42.0
2026-02-05 15:00:00,16.7,67.49895477294922,1.0,Tema Community 3 SSNIT Flat,tabular,xgboost,h168,2026-01-04T23:00:00,2026-01-18T23:00:00,2026-02-15T23:00:00,,,42.0
2026-02-05 16:00:00,23.9,78.67426300048828,1.0,Tema Community 3 SSNIT Flat,tabular,xgboost,h168,2026-01-04T23:00:00,2026-01-18T23:00:00,2026-02-15T23:00:00,,,42.0
2026-02-05 17:00:00,32.3,74.70845031738281,1.0,Tema Community 3 SSNIT Flat,tabular,xgboost,h168,2026-01-04T23:00:00,2026-01-18T23:00:00,2026-02-15T23:00:00,,,42.0
2026-02-05 18:00:00,23.2,85.33318328857422,1.0,Tema Community 3 SSNIT Flat,tabular,xgboost,h168,2026-01-04T23:00:00,2026-01-18T23:00:00,2026-02-15T23:00:00,,,42.0
2026-02-05 19:00:00,21.8,79.85932159423828,1.0,Tema Community 3 SSNIT Flat,tabular,xgboost,h168,2026-01-04T23:00:00,2026-01-18T23:00:00,2026-02-15T23:00:00,,,42.0
2026-02-05 20:00:00,21.6,71.67090606689453,1.0,Tema Community 3 SSNIT Flat,tabular,xgboost,h168,2026-01-04T23:00:00,2026-01-18T23:00:00,2026-02-15T23:00:00,,,42.0
2026-02-05 21:00:00,21.4,70.26947784423828,1.0,Tema Community 3 SSNIT Flat,tabular,xgboost,h168,2026-01-04T23:00:00,2026-01-18T23:00:00,2026-02-15T23:00:00,,,42.0
2026-02-05 22:00:00,20.9,84.94922637939453,1.0,Tema Community 3 SSNIT Flat,tabular,xgboost,h168,2026-01-04T23:00:00,2026-01-18T23:00:00,2026-02-15T23:00:00,,,42.0
2026-02-05 23:00:00,20.4,80.2127685546875,1.0,Tema Community 3 SSNIT Flat,tabular,xgboost,h168,2026-01-04T23:00:00,2026-01-18T23:00:00,2026-02-15T23:00:00,,,42.0
2026-02-06 00:00:00,20.7,100.24432373046875,1.0,Tema Community 3 SSNIT Flat,tabular,xgboost,h168,2026-01-04T23:00:00,2026-01-18T23:00:00,2026-02-15T23:00:00,,,42.0
2026-02-06 01:00:00,24.0875,103.84120178222656,1.0,Tema Community 3 SSNIT Flat,tabular,xgboost,h168,2026-01-04T23:00:00,2026-01-18T23:00:00,2026-02-15T23:00:00,,,42.0
2026-02-06 02:00:00,27.475,108.9942855834961,1.0,Tema Community 3 SSNIT Flat,tabular,xgboost,h168,2026-01-04T23:00:00,2026-01-18T23:00:00,2026-02-15T23:00:00,,,42.0
2026-02-06 03:00:00,30.862499999999997,99.58309936523438,1.0,Tema Community 3 SSNIT Flat,tabular,xgboost,h168,2026-01-04T23:00:00,2026-01-18T23:00:00,2026-02-15T23:00:00,,,42.0
2026-02-06 05:00:00,37.6375,102.83280944824219,1.0,Tema Community 3 SSNIT Flat,tabular,xgboost,h168,2026-01-04T23:00:00,2026-01-18T23:00:00,2026-02-15T23:00:00,,,42.0
2026-02-06 06:00:00,41.025,109.9416732788086,1.0,Tema Community 3 SSNIT Flat,tabular,xgboost,h168,2026-01-04T23:00:00,2026-01-18T23:00:00,2026-02-15T23:00:00,,,42.0
2026-02-06 07:00:00,44.4125,111.5457534790039,1.0,Tema Community 3 SSNIT Flat,tabular,xgboost,h168,2026-01-04T23:00:00,2026-01-18T23:00:00,2026-02-15T23:00:00,,,42.0
2026-02-06 08:00:00,47.8,97.07217407226562,1.0,Tema Community 3 SSNIT Flat,tabular,xgboost,h168,2026-01-04T23:00:00,2026-01-18T23:00:00,2026-02-15T23:00:00,,,42.0
2026-02-06 09:00:00,33.7,102.67740631103516,1.0,Tema Community 3 SSNIT Flat,tabular,xgboost,h168,2026-01-04T23:00:00,2026-01-18T23:00:00,2026-02-15T23:00:00,,,42.0
2026-02-06 10:00:00,21.3,94.91947937011719,1.0,Tema Community 3 SSNIT Flat,tabular,xgboost,h168,2026-01-04T23:00:00,2026-01-18T23:00:00,2026-02-15T23:00:00,,,42.0
2026-02-06 11:00:00,20.7,93.46058654785156,1.0,Tema Community 3 SSNIT Flat,tabular,xgboost,h168,2026-01-04T23:00:00,2026-01-18T23:00:00,2026-02-15T23:00:00,,,42.0
2026-02-06 12:00:00,19.6,99.83024597167969,1.0,Tema Community 3 SSNIT Flat,tabular,xgboost,h168,2026-01-04T23:00:00,2026-01-18T23:00:00,2026-02-15T23:00:00,,,42.0
2026-02-06 13:00:00,20.5,78.93763732910156,1.0,Tema Community 3 SSNIT Flat,tabular,xgboost,h168,2026-01-04T23:00:00,2026-01-18T23:00:00,2026-02-15T23:00:00,,,42.0
2026-02-06 14:00:00,21.2,80.97654724121094,1.0,Tema Community 3 SSNIT Flat,tabular,xgboost,h168,2026-01-04T23:00:00,2026-01-18T23:00:00,2026-02-15T23:00:00,,,42.0
2026-02-06 15:00:00,19.1,80.96312713623047,1.0,Tema Community 3 SSNIT Flat,tabular,xgboost,h168,2026-01-04T23:00:00,2026-01-18T23:00:00,2026-02-15T23:00:00,,,42.0
2026-02-06 16:00:00,20.7,85.2651596069336,1.0,Tema Community 3 SSNIT Flat,tabular,xgboost,h168,2026-01-04T23:00:00,2026-01-18T23:00:00,2026-02-15T23:00:00,,,42.0
2026-02-06 17:00:00,22.1,94.60999298095703,1.0,Tema Community 3 SSNIT Flat,tabular,xgboost,h168,2026-01-04T23:00:00,2026-01-18T23:00:00,2026-02-15T23:00:00,,,42.0
2026-02-06 18:00:00,22.9,99.40699005126953,1.0,Tema Community 3 SSNIT Flat,tabular,xgboost,h168,2026-01-04T23:00:00,2026-01-18T23:00:00,2026-02-15T23:00:00,,,42.0
2026-02-06 19:00:00,24.2,97.65827178955078,1.0,Tema Community 3 SSNIT Flat,tabular,xgboost,h168,2026-01-04T23:00:00,2026-01-18T23:00:00,2026-02-15T23:00:00,,,42.0
2026-02-06 20:00:00,24.2,90.97854614257812,1.0,Tema Community 3 SSNIT Flat,tabular,xgboost,h168,2026-01-04T23:00:00,2026-01-18T23:00:00,2026-02-15T23:00:00,,,42.0
2026-02-06 21:00:00,25.4,92.42524719238281,1.0,Tema Community 3 SSNIT Flat,tabular,xgboost,h168,2026-01-04T23:00:00,2026-01-18T23:00:00,2026-02-15T23:00:00,,,42.0
2026-02-06 22:00:00,25.3,103.65387725830078,1.0,Tema Community 3 SSNIT Flat,tabular,xgboost,h168,2026-01-04T23:00:00,2026-01-18T23:00:00,2026-02-15T23:00:00,,,42.0
2026-02-06 23:00:00,23.7,102.60045623779297,1.0,Tema Community 3 SSNIT Flat,tabular,xgboost,h168,2026-01-04T23:00:00,2026-01-18T23:00:00,2026-02-15T23:00:00,,,42.0
2026-02-07 00:00:00,22.6,109.4128646850586,1.0,Tema Community 3 SSNIT Flat,tabular,xgboost,h168,2026-01-04T23:00:00,2026-01-18T23:00:00,2026-02-15T23:00:00,,,42.0
2026-02-07 01:00:00,18.8,112.31310272216797,1.0,Tema Community 3 SSNIT Flat,tabular,xgboost,h168,2026-01-04T23:00:00,2026-01-18T23:00:00,2026-02-15T23:00:00,,,42.0
2026-02-07 02:00:00,22.4,117.91368865966797,1.0,Tema Community 3 SSNIT Flat,tabular,xgboost,h168,2026-01-04T23:00:00,2026-01-18T23:00:00,2026-02-15T23:00:00,,,42.0
2026-02-07 03:00:00,32.5,118.53365325927734,1.0,Tema Community 3 SSNIT Flat,tabular,xgboost,h168,2026-01-04T23:00:00,2026-01-18T23:00:00,2026-02-15T23:00:00,,,42.0
2026-02-07 04:00:00,37.3,106.9925765991211,1.0,Tema Community 3 SSNIT Flat,tabular,xgboost,h168,2026-01-04T23:00:00,2026-01-18T23:00:00,2026-02-15T23:00:00,,,42.0
2026-02-07 05:00:00,39.7,101.72698974609375,1.0,Tema Community 3 SSNIT Flat,tabular,xgboost,h168,2026-01-04T23:00:00,2026-01-18T23:00:00,2026-02-15T23:00:00,,,42.0
2026-02-07 06:00:00,62.6,107.84512329101562,1.0,Tema Community 3 SSNIT Flat,tabular,xgboost,h168,2026-01-04T23:00:00,2026-01-18T23:00:00,2026-02-15T23:00:00,,,42.0
2026-02-07 07:00:00,55.3,112.12029266357422,1.0,Tema Community 3 SSNIT Flat,tabular,xgboost,h168,2026-01-04T23:00:00,2026-01-18T23:00:00,2026-02-15T23:00:00,,,42.0
2026-02-07 08:00:00,41.3,135.91165161132812,1.0,Tema Community 3 SSNIT Flat,tabular,xgboost,h168,2026-01-04T23:00:00,2026-01-18T23:00:00,2026-02-15T23:00:00,,,42.0
2026-02-07 09:00:00,23.7,132.24220275878906,1.0,Tema Community 3 SSNIT Flat,tabular,xgboost,h168,2026-01-04T23:00:00,2026-01-18T23:00:00,2026-02-15T23:00:00,,,42.0
2026-02-07 10:00:00,23.2,128.26597595214844,1.0,Tema Community 3 SSNIT Flat,tabular,xgboost,h168,2026-01-04T23:00:00,2026-01-18T23:00:00,2026-02-15T23:00:00,,,42.0
2026-02-07 11:00:00,19.6,126.86430358886719,1.0,Tema Community 3 SSNIT Flat,tabular,xgboost,h168,2026-01-04T23:00:00,2026-01-18T23:00:00,2026-02-15T23:00:00,,,42.0
2026-02-07 12:00:00,19.0,127.654052734375,1.0,Tema Community 3 SSNIT Flat,tabular,xgboost,h168,2026-01-04T23:00:00,2026-01-18T23:00:00,2026-02-15T23:00:00,,,42.0
2026-02-07 13:00:00,17.4,111.97881317138672,1.0,Tema Community 3 SSNIT Flat,tabular,xgboost,h168,2026-01-04T23:00:00,2026-01-18T23:00:00,2026-02-15T23:00:00,,,42.0
2026-02-07 14:00:00,16.7,93.81536102294922,1.0,Tema Community 3 SSNIT Flat,tabular,xgboost,h168,2026-01-04T23:00:00,2026-01-18T23:00:00,2026-02-15T23:00:00,,,42.0
2026-02-07 15:00:00,18.4,102.60044860839844,1.0,Tema Community 3 SSNIT Flat,tabular,xgboost,h168,2026-01-04T23:00:00,2026-01-18T23:00:00,2026-02-15T23:00:00,,,42.0
2026-02-07 16:00:00,79.5,98.46210479736328,1.0,Tema Community 3 SSNIT Flat,tabular,xgboost,h168,2026-01-04T23:00:00,2026-01-18T23:00:00,2026-02-15T23:00:00,,,42.0
2026-02-07 17:00:00,31.8,109.72750854492188,1.0,Tema Community 3 SSNIT Flat,tabular,xgboost,h168,2026-01-04T23:00:00,2026-01-18T23:00:00,2026-02-15T23:00:00,,,42.0
2026-02-07 18:00:00,32.5,110.70420837402344,1.0,Tema Community 3 SSNIT Flat,tabular,xgboost,h168,2026-01-04T23:00:00,2026-01-18T23:00:00,2026-02-15T23:00:00,,,42.0
2026-02-07 19:00:00,24.7,106.53108215332031,1.0,Tema Community 3 SSNIT Flat,tabular,xgboost,h168,2026-01-04T23:00:00,2026-01-18T23:00:00,2026-02-15T23:00:00,,,42.0
2026-02-07 20:00:00,23.8,115.01960754394531,1.0,Tema Community 3 SSNIT Flat,tabular,xgboost,h168,2026-01-04T23:00:00,2026-01-18T23:00:00,2026-02-15T23:00:00,,,42.0
2026-02-07 21:00:00,25.5,110.08424377441406,1.0,Tema Community 3 SSNIT Flat,tabular,xgboost,h168,2026-01-04T23:00:00,2026-01-18T23:00:00,2026-02-15T23:00:00,,,42.0
2026-02-07 22:00:00,36.7,109.73089599609375,1.0,Tema Community 3 SSNIT Flat,tabular,xgboost,h168,2026-01-04T23:00:00,2026-01-18T23:00:00,2026-02-15T23:00:00,,,42.0
2026-02-07 23:00:00,31.7,115.22852325439453,1.0,Tema Community 3 SSNIT Flat,tabular,xgboost,h168,2026-01-04T23:00:00,2026-01-18T23:00:00,2026-02-15T23:00:00,,,42.0
2026-02-08 00:00:00,33.1,123.80770111083984,1.0,Tema Community 3 SSNIT Flat,tabular,xgboost,h168,2026-01-04T23:00:00,2026-01-18T23:00:00,2026-02-15T23:00:00,,,42.0
2026-02-08 01:00:00,35.7,123.81548309326172,1.0,Tema Community 3 SSNIT Flat,tabular,xgboost,h168,2026-01-04T23:00:00,2026-01-18T23:00:00,2026-02-15T23:00:00,,,42.0
2026-02-08 02:00:00,34.0,123.19713592529297,1.0,Tema Community 3 SSNIT Flat,tabular,xgboost,h168,2026-01-04T23:00:00,2026-01-18T23:00:00,2026-02-15T23:00:00,,,42.0
2026-02-08 03:00:00,35.0,122.49076843261719,1.0,Tema Community 3 SSNIT Flat,tabular,xgboost,h168,2026-01-04T23:00:00,2026-01-18T23:00:00,2026-02-15T23:00:00,,,42.0
2026-02-08 04:00:00,37.8,113.4388427734375,1.0,Tema Community 3 SSNIT Flat,tabular,xgboost,h168,2026-01-04T23:00:00,2026-01-18T23:00:00,2026-02-15T23:00:00,,,42.0
2026-02-08 05:00:00,48.8,111.79948425292969,1.0,Tema Community 3 SSNIT Flat,tabular,xgboost,h168,2026-01-04T23:00:00,2026-01-18T23:00:00,2026-02-15T23:00:00,,,42.0
2026-02-08 06:00:00,113.1,109.23359680175781,1.0,Tema Community 3 SSNIT Flat,tabular,xgboost,h168,2026-01-04T23:00:00,2026-01-18T23:00:00,2026-02-15T23:00:00,,,42.0
2026-02-08 07:00:00,111.6,119.48700714111328,1.0,Tema Community 3 SSNIT Flat,tabular,xgboost,h168,2026-01-04T23:00:00,2026-01-18T23:00:00,2026-02-15T23:00:00,,,42.0
2026-02-08 08:00:00,48.6,135.08876037597656,1.0,Tema Community 3 SSNIT Flat,tabular,xgboost,h168,2026-01-04T23:00:00,2026-01-18T23:00:00,2026-02-15T23:00:00,,,42.0
2026-02-08 09:00:00,32.0,129.38714599609375,1.0,Tema Community 3 SSNIT Flat,tabular,xgboost,h168,2026-01-04T23:00:00,2026-01-18T23:00:00,2026-02-15T23:00:00,,,42.0
2026-02-08 10:00:00,173.0,135.755615234375,1.0,Tema Community 3 SSNIT Flat,tabular,xgboost,h168,2026-01-04T23:00:00,2026-01-18T23:00:00,2026-02-15T23:00:00,,,42.0
2026-02-08 11:00:00,237.5,144.2069549560547,1.0,Tema Community 3 SSNIT Flat,tabular,xgboost,h168,2026-01-04T23:00:00,2026-01-18T23:00:00,2026-02-15T23:00:00,,,42.0
2026-02-08 12:00:00,65.3,140.23146057128906,1.0,Tema Community 3 SSNIT Flat,tabular,xgboost,h168,2026-01-04T23:00:00,2026-01-18T23:00:00,2026-02-15T23:00:00,,,42.0
2026-02-08 13:00:00,23.3,143.51385498046875,1.0,Tema Community 3 SSNIT Flat,tabular,xgboost,h168,2026-01-04T23:00:00,2026-01-18T23:00:00,2026-02-15T23:00:00,,,42.0
2026-02-08 14:00:00,17.9,139.3426055908203,1.0,Tema Community 3 SSNIT Flat,tabular,xgboost,h168,2026-01-04T23:00:00,2026-01-18T23:00:00,2026-02-15T23:00:00,,,42.0
2026-02-08 15:00:00,17.0,136.10507202148438,1.0,Tema Community 3 SSNIT Flat,tabular,xgboost,h168,2026-01-04T23:00:00,2026-01-18T23:00:00,2026-02-15T23:00:00,,,42.0
2026-02-08 16:00:00,16.9,119.58902740478516,1.0,Tema Community 3 SSNIT Flat,tabular,xgboost,h168,2026-01-04T23:00:00,2026-01-18T23:00:00,2026-02-15T23:00:00,,,42.0
2026-02-08 17:00:00,24.0,151.74752807617188,1.0,Tema Community 3 SSNIT Flat,tabular,xgboost,h168,2026-01-04T23:00:00,2026-01-18T23:00:00,2026-02-15T23:00:00,,,42.0
2026-02-08 18:00:00,26.6,125.51959228515625,1.0,Tema Community 3 SSNIT Flat,tabular,xgboost,h168,2026-01-04T23:00:00,2026-01-18T23:00:00,2026-02-15T23:00:00,,,42.0
2026-02-08 19:00:00,21.2,127.22068786621094,1.0,Tema Community 3 SSNIT Flat,tabular,xgboost,h168,2026-01-04T23:00:00,2026-01-18T23:00:00,2026-02-15T23:00:00,,,42.0
2026-02-08 20:00:00,21.1,121.04434967041016,1.0,Tema Community 3 SSNIT Flat,tabular,xgboost,h168,2026-01-04T23:00:00,2026-01-18T23:00:00,2026-02-15T23:00:00,,,42.0
2026-02-08 21:00:00,20.1,121.32674407958984,1.0,Tema Community 3 SSNIT Flat,tabular,xgboost,h168,2026-01-04T23:00:00,2026-01-18T23:00:00,2026-02-15T23:00:00,,,42.0
2026-02-08 22:00:00,20.3,122.58619689941406,1.0,Tema Community 3 SSNIT Flat,tabular,xgboost,h168,2026-01-04T23:00:00,2026-01-18T23:00:00,2026-02-15T23:00:00,,,42.0
2026-02-08 23:00:00,23.3,116.9952621459961,1.0,Tema Community 3 SSNIT Flat,tabular,xgboost,h168,2026-01-04T23:00:00,2026-01-18T23:00:00,2026-02-15T23:00:00,,,42.0
2026-02-09 00:00:00,18.5,128.06985473632812,1.0,Tema Community 3 SSNIT Flat,tabular,xgboost,h168,2026-01-04T23:00:00,2026-01-18T23:00:00,2026-02-15T23:00:00,,,42.0
2026-02-09 01:00:00,17.4,116.58773803710938,1.0,Tema Community 3 SSNIT Flat,tabular,xgboost,h168,2026-01-04T23:00:00,2026-01-18T23:00:00,2026-02-15T23:00:00,,,42.0
2026-02-09 02:00:00,17.9,107.80819702148438,1.0,Tema Community 3 SSNIT Flat,tabular,xgboost,h168,2026-01-04T23:00:00,2026-01-18T23:00:00,2026-02-15T23:00:00,,,42.0
2026-02-09 03:00:00,20.8,105.60165405273438,1.0,Tema Community 3 SSNIT Flat,tabular,xgboost,h168,2026-01-04T23:00:00,2026-01-18T23:00:00,2026-02-15T23:00:00,,,42.0
2026-02-09 04:00:00,22.6,107.30650329589844,1.0,Tema Community 3 SSNIT Flat,tabular,xgboost,h168,2026-01-04T23:00:00,2026-01-18T23:00:00,2026-02-15T23:00:00,,,42.0
2026-02-09 05:00:00,36.9,109.47247314453125,1.0,Tema Community 3 SSNIT Flat,tabular,xgboost,h168,2026-01-04T23:00:00,2026-01-18T23:00:00,2026-02-15T23:00:00,,,42.0
2026-02-09 06:00:00,41.3,124.101318359375,1.0,Tema Community 3 SSNIT Flat,tabular,xgboost,h168,2026-01-04T23:00:00,2026-01-18T23:00:00,2026-02-15T23:00:00,,,42.0
2026-02-09 07:00:00,39.7,130.21334838867188,1.0,Tema Community 3 SSNIT Flat,tabular,xgboost,h168,2026-01-04T23:00:00,2026-01-18T23:00:00,2026-02-15T23:00:00,,,42.0
2026-02-09 08:00:00,46.3,136.36985778808594,1.0,Tema Community 3 SSNIT Flat,tabular,xgboost,h168,2026-01-04T23:00:00,2026-01-18T23:00:00,2026-02-15T23:00:00,,,42.0
2026-02-09 09:00:00,34.7,135.9776153564453,1.0,Tema Community 3 SSNIT Flat,tabular,xgboost,h168,2026-01-04T23:00:00,2026-01-18T23:00:00,2026-02-15T23:00:00,,,42.0
2026-02-09 10:00:00,28.0,132.4430389404297,1.0,Tema Community 3 SSNIT Flat,tabular,xgboost,h168,2026-01-04T23:00:00,2026-01-18T23:00:00,2026-02-15T23:00:00,,,42.0
2026-02-09 11:00:00,21.6,127.09519958496094,1.0,Tema Community 3 SSNIT Flat,tabular,xgboost,h168,2026-01-04T23:00:00,2026-01-18T23:00:00,2026-02-15T23:00:00,,,42.0
2026-02-09 12:00:00,18.5,127.23464965820312,1.0,Tema Community 3 SSNIT Flat,tabular,xgboost,h168,2026-01-04T23:00:00,2026-01-18T23:00:00,2026-02-15T23:00:00,,,42.0
2026-02-09 13:00:00,17.7,126.57191467285156,1.0,Tema Community 3 SSNIT Flat,tabular,xgboost,h168,2026-01-04T23:00:00,2026-01-18T23:00:00,2026-02-15T23:00:00,,,42.0
2026-02-09 14:00:00,17.3,135.20327758789062,1.0,Tema Community 3 SSNIT Flat,tabular,xgboost,h168,2026-01-04T23:00:00,2026-01-18T23:00:00,2026-02-15T23:00:00,,,42.0
2026-02-09 15:00:00,16.1,137.95346069335938,1.0,Tema Community 3 SSNIT Flat,tabular,xgboost,h168,2026-01-04T23:00:00,2026-01-18T23:00:00,2026-02-15T23:00:00,,,42.0
2026-02-09 16:00:00,15.5,130.7271270751953,1.0,Tema Community 3 SSNIT Flat,tabular,xgboost,h168,2026-01-04T23:00:00,2026-01-18T23:00:00,2026-02-15T23:00:00,,,42.0
2026-02-09 17:00:00,18.8,136.79055786132812,1.0,Tema Community 3 SSNIT Flat,tabular,xgboost,h168,2026-01-04T23:00:00,2026-01-18T23:00:00,2026-02-15T23:00:00,,,42.0
2026-02-09 18:00:00,29.7,138.5980224609375,1.0,Tema Community 3 SSNIT Flat,tabular,xgboost,h168,2026-01-04T23:00:00,2026-01-18T23:00:00,2026-02-15T23:00:00,,,42.0
2026-02-09 19:00:00,21.9,100.46669006347656,1.0,Tema Community 3 SSNIT Flat,tabular,xgboost,h168,2026-01-04T23:00:00,2026-01-18T23:00:00,2026-02-15T23:00:00,,,42.0
2026-02-09 20:00:00,20.5,110.6266860961914,1.0,Tema Community 3 SSNIT Flat,tabular,xgboost,h168,2026-01-04T23:00:00,2026-01-18T23:00:00,2026-02-15T23:00:00,,,42.0
2026-02-09 21:00:00,21.8,100.79148864746094,1.0,Tema Community 3 SSNIT Flat,tabular,xgboost,h168,2026-01-04T23:00:00,2026-01-18T23:00:00,2026-02-15T23:00:00,,,42.0
2026-02-09 22:00:00,23.9,103.43577575683594,1.0,Tema Community 3 SSNIT Flat,tabular,xgboost,h168,2026-01-04T23:00:00,2026-01-18T23:00:00,2026-02-15T23:00:00,,,42.0
2026-02-09 23:00:00,23.3,101.53460693359375,1.0,Tema Community 3 SSNIT Flat,tabular,xgboost,h168,2026-01-04T23:00:00,2026-01-18T23:00:00,2026-02-15T23:00:00,,,42.0
2026-02-10 00:00:00,29.8,113.52335357666016,1.0,Tema Community 3 SSNIT Flat,tabular,xgboost,h168,2026-01-04T23:00:00,2026-01-18T23:00:00,2026-02-15T23:00:00,,,42.0
2026-02-10 01:00:00,29.3,106.60474395751953,1.0,Tema Community 3 SSNIT Flat,tabular,xgboost,h168,2026-01-04T23:00:00,2026-01-18T23:00:00,2026-02-15T23:00:00,,,42.0
2026-02-10 02:00:00,33.7,90.32337951660156,1.0,Tema Community 3 SSNIT Flat,tabular,xgboost,h168,2026-01-04T23:00:00,2026-01-18T23:00:00,2026-02-15T23:00:00,,,42.0
2026-02-10 03:00:00,30.9,108.47647094726562,1.0,Tema Community 3 SSNIT Flat,tabular,xgboost,h168,2026-01-04T23:00:00,2026-01-18T23:00:00,2026-02-15T23:00:00,,,42.0
2026-02-10 04:00:00,20.4,99.42601776123047,1.0,Tema Community 3 SSNIT Flat,tabular,xgboost,h168,2026-01-04T23:00:00,2026-01-18T23:00:00,2026-02-15T23:00:00,,,42.0
2026-02-10 05:00:00,32.0,95.73399353027344,1.0,Tema Community 3 SSNIT Flat,tabular,xgboost,h168,2026-01-04T23:00:00,2026-01-18T23:00:00,2026-02-15T23:00:00,,,42.0
2026-02-10 06:00:00,53.5,99.16646575927734,1.0,Tema Community 3 SSNIT Flat,tabular,xgboost,h168,2026-01-04T23:00:00,2026-01-18T23:00:00,2026-02-15T23:00:00,,,42.0
2026-02-10 07:00:00,52.1,122.63217163085938,1.0,Tema Community 3 SSNIT Flat,tabular,xgboost,h168,2026-01-04T23:00:00,2026-01-18T23:00:00,2026-02-15T23:00:00,,,42.0
2026-02-10 08:00:00,36.4,120.25283813476562,1.0,Tema Community 3 SSNIT Flat,tabular,xgboost,h168,2026-01-04T23:00:00,2026-01-18T23:00:00,2026-02-15T23:00:00,,,42.0
2026-02-10 09:00:00,30.3,91.38275909423828,1.0,Tema Community 3 SSNIT Flat,tabular,xgboost,h168,2026-01-04T23:00:00,2026-01-18T23:00:00,2026-02-15T23:00:00,,,42.0
2026-02-10 10:00:00,29.5,83.10285186767578,1.0,Tema Community 3 SSNIT Flat,tabular,xgboost,h168,2026-01-04T23:00:00,2026-01-18T23:00:00,2026-02-15T23:00:00,,,42.0
2026-02-10 11:00:00,25.3,94.12169647216797,1.0,Tema Community 3 SSNIT Flat,tabular,xgboost,h168,2026-01-04T23:00:00,2026-01-18T23:00:00,2026-02-15T23:00:00,,,42.0
2026-02-10 12:00:00,21.2,92.28660583496094,1.0,Tema Community 3 SSNIT Flat,tabular,xgboost,h168,2026-01-04T23:00:00,2026-01-18T23:00:00,2026-02-15T23:00:00,,,42.0
2026-02-10 13:00:00,25.2,88.31427764892578,1.0,Tema Community 3 SSNIT Flat,tabular,xgboost,h168,2026-01-04T23:00:00,2026-01-18T23:00:00,2026-02-15T23:00:00,,,42.0
2026-02-10 14:00:00,15.7,114.23943328857422,1.0,Tema Community 3 SSNIT Flat,tabular,xgboost,h168,2026-01-04T23:00:00,2026-01-18T23:00:00,2026-02-15T23:00:00,,,42.0
2026-02-10 15:00:00,9.0,126.58375549316406,1.0,Tema Community 3 SSNIT Flat,tabular,xgboost,h168,2026-01-04T23:00:00,2026-01-18T23:00:00,2026-02-15T23:00:00,,,42.0
2026-02-10 16:00:00,11.3,127.58346557617188,1.0,Tema Community 3 SSNIT Flat,tabular,xgboost,h168,2026-01-04T23:00:00,2026-01-18T23:00:00,2026-02-15T23:00:00,,,42.0
2026-02-10 17:00:00,9.8,135.17709350585938,1.0,Tema Community 3 SSNIT Flat,tabular,xgboost,h168,2026-01-04T23:00:00,2026-01-18T23:00:00,2026-02-15T23:00:00,,,42.0
2026-02-10 18:00:00,19.3,112.64360046386719,1.0,Tema Community 3 SSNIT Flat,tabular,xgboost,h168,2026-01-04T23:00:00,2026-01-18T23:00:00,2026-02-15T23:00:00,,,42.0
2026-02-10 19:00:00,10.0,87.70980834960938,1.0,Tema Community 3 SSNIT Flat,tabular,xgboost,h168,2026-01-04T23:00:00,2026-01-18T23:00:00,2026-02-15T23:00:00,,,42.0
2026-02-10 20:00:00,3.9,79.07059478759766,1.0,Tema Community 3 SSNIT Flat,tabular,xgboost,h168,2026-01-04T23:00:00,2026-01-18T23:00:00,2026-02-15T23:00:00,,,42.0
2026-02-10 21:00:00,8.3,81.65476989746094,1.0,Tema Community 3 SSNIT Flat,tabular,xgboost,h168,2026-01-04T23:00:00,2026-01-18T23:00:00,2026-02-15T23:00:00,,,42.0
2026-02-10 22:00:00,16.8,75.35286712646484,1.0,Tema Community 3 SSNIT Flat,tabular,xgboost,h168,2026-01-04T23:00:00,2026-01-18T23:00:00,2026-02-15T23:00:00,,,42.0
2026-02-10 23:00:00,13.0,78.931640625,1.0,Tema Community 3 SSNIT Flat,tabular,xgboost,h168,2026-01-04T23:00:00,2026-01-18T23:00:00,2026-02-15T23:00:00,,,42.0
2026-02-11 00:00:00,15.7,95.77959442138672,1.0,Tema Community 3 SSNIT Flat,tabular,xgboost,h168,2026-01-04T23:00:00,2026-01-18T23:00:00,2026-02-15T23:00:00,,,42.0
2026-02-11 01:00:00,13.5,92.2471923828125,1.0,Tema Community 3 SSNIT Flat,tabular,xgboost,h168,2026-01-04T23:00:00,2026-01-18T23:00:00,2026-02-15T23:00:00,,,42.0
2026-02-11 02:00:00,18.8,89.51342010498047,1.0,Tema Community 3 SSNIT Flat,tabular,xgboost,h168,2026-01-04T23:00:00,2026-01-18T23:00:00,2026-02-15T23:00:00,,,42.0
2026-02-11 03:00:00,21.6,93.07332611083984,1.0,Tema Community 3 SSNIT Flat,tabular,xgboost,h168,2026-01-04T23:00:00,2026-01-18T23:00:00,2026-02-15T23:00:00,,,42.0
2026-02-11 04:00:00,31.1,81.28660583496094,1.0,Tema Community 3 SSNIT Flat,tabular,xgboost,h168,2026-01-04T23:00:00,2026-01-18T23:00:00,2026-02-15T23:00:00,,,42.0
2026-02-11 05:00:00,29.5,94.6709976196289,1.0,Tema Community 3 SSNIT Flat,tabular,xgboost,h168,2026-01-04T23:00:00,2026-01-18T23:00:00,2026-02-15T23:00:00,,,42.0
2026-02-11 06:00:00,57.9,91.34439849853516,1.0,Tema Community 3 SSNIT Flat,tabular,xgboost,h168,2026-01-04T23:00:00,2026-01-18T23:00:00,2026-02-15T23:00:00,,,42.0
2026-02-11 07:00:00,45.1,96.46316528320312,1.0,Tema Community 3 SSNIT Flat,tabular,xgboost,h168,2026-01-04T23:00:00,2026-01-18T23:00:00,2026-02-15T23:00:00,,,42.0
2026-02-11 08:00:00,38.3,82.14375305175781,1.0,Tema Community 3 SSNIT Flat,tabular,xgboost,h168,2026-01-04T23:00:00,2026-01-18T23:00:00,2026-02-15T23:00:00,,,42.0
2026-02-11 09:00:00,49.2,90.44178771972656,1.0,Tema Community 3 SSNIT Flat,tabular,xgboost,h168,2026-01-04T23:00:00,2026-01-18T23:00:00,2026-02-15T23:00:00,,,42.0
2026-02-11 10:00:00,39.1,89.98359680175781,1.0,Tema Community 3 SSNIT Flat,tabular,xgboost,h168,2026-01-04T23:00:00,2026-01-18T23:00:00,2026-02-15T23:00:00,,,42.0
2026-02-11 11:00:00,30.1,86.57664489746094,1.0,Tema Community 3 SSNIT Flat,tabular,xgboost,h168,2026-01-04T23:00:00,2026-01-18T23:00:00,2026-02-15T23:00:00,,,42.0
2026-02-11 12:00:00,29.6,69.68600463867188,1.0,Tema Community 3 SSNIT Flat,tabular,xgboost,h168,2026-01-04T23:00:00,2026-01-18T23:00:00,2026-02-15T23:00:00,,,42.0
2026-02-11 13:00:00,27.2,77.35062408447266,1.0,Tema Community 3 SSNIT Flat,tabular,xgboost,h168,2026-01-04T23:00:00,2026-01-18T23:00:00,2026-02-15T23:00:00,,,42.0
2026-02-11 14:00:00,10.3,61.50224685668945,1.0,Tema Community 3 SSNIT Flat,tabular,xgboost,h168,2026-01-04T23:00:00,2026-01-18T23:00:00,2026-02-15T23:00:00,,,42.0
2026-02-11 15:00:00,10.4,75.29928588867188,1.0,Tema Community 3 SSNIT Flat,tabular,xgboost,h168,2026-01-04T23:00:00,2026-01-18T23:00:00,2026-02-15T23:00:00,,,42.0
2026-02-11 16:00:00,14.2,62.34468078613281,1.0,Tema Community 3 SSNIT Flat,tabular,xgboost,h168,2026-01-04T23:00:00,2026-01-18T23:00:00,2026-02-15T23:00:00,,,42.0
2026-02-11 17:00:00,12.3,75.81385040283203,1.0,Tema Community 3 SSNIT Flat,tabular,xgboost,h168,2026-01-04T23:00:00,2026-01-18T23:00:00,2026-02-15T23:00:00,,,42.0
2026-02-11 18:00:00,17.6,76.14697265625,1.0,Tema Community 3 SSNIT Flat,tabular,xgboost,h168,2026-01-04T23:00:00,2026-01-18T23:00:00,2026-02-15T23:00:00,,,42.0
2026-02-11 19:00:00,19.7,84.2068862915039,1.0,Tema Community 3 SSNIT Flat,tabular,xgboost,h168,2026-01-04T23:00:00,2026-01-18T23:00:00,2026-02-15T23:00:00,,,42.0
2026-02-11 20:00:00,20.0,80.2905502319336,1.0,Tema Community 3 SSNIT Flat,tabular,xgboost,h168,2026-01-04T23:00:00,2026-01-18T23:00:00,2026-02-15T23:00:00,,,42.0
2026-02-11 21:00:00,30.9,81.20757293701172,1.0,Tema Community 3 SSNIT Flat,tabular,xgboost,h168,2026-01-04T23:00:00,2026-01-18T23:00:00,2026-02-15T23:00:00,,,42.0
2026-02-11 22:00:00,53.7,78.22891998291016,1.0,Tema Community 3 SSNIT Flat,tabular,xgboost,h168,2026-01-04T23:00:00,2026-01-18T23:00:00,2026-02-15T23:00:00,,,42.0
2026-02-11 23:00:00,33.3,82.67583465576172,1.0,Tema Community 3 SSNIT Flat,tabular,xgboost,h168,2026-01-04T23:00:00,2026-01-18T23:00:00,2026-02-15T23:00:00,,,42.0
2026-02-12 00:00:00,44.4,107.33831787109375,1.0,Tema Community 3 SSNIT Flat,tabular,xgboost,h168,2026-01-04T23:00:00,2026-01-18T23:00:00,2026-02-15T23:00:00,,,42.0
2026-02-12 01:00:00,61.3,96.94465637207031,1.0,Tema Community 3 SSNIT Flat,tabular,xgboost,h168,2026-01-04T23:00:00,2026-01-18T23:00:00,2026-02-15T23:00:00,,,42.0
2026-02-12 02:00:00,57.1,96.97103881835938,1.0,Tema Community 3 SSNIT Flat,tabular,xgboost,h168,2026-01-04T23:00:00,2026-01-18T23:00:00,2026-02-15T23:00:00,,,42.0
2026-02-12 03:00:00,63.9,95.77252960205078,1.0,Tema Community 3 SSNIT Flat,tabular,xgboost,h168,2026-01-04T23:00:00,2026-01-18T23:00:00,2026-02-15T23:00:00,,,42.0
2026-02-12 04:00:00,65.2,107.60122680664062,1.0,Tema Community 3 SSNIT Flat,tabular,xgboost,h168,2026-01-04T23:00:00,2026-01-18T23:00:00,2026-02-15T23:00:00,,,42.0
2026-02-12 05:00:00,91.6,102.03836822509766,1.0,Tema Community 3 SSNIT Flat,tabular,xgboost,h168,2026-01-04T23:00:00,2026-01-18T23:00:00,2026-02-15T23:00:00,,,42.0
2026-02-12 06:00:00,80.0,100.98585510253906,1.0,Tema Community 3 SSNIT Flat,tabular,xgboost,h168,2026-01-04T23:00:00,2026-01-18T23:00:00,2026-02-15T23:00:00,,,42.0
2026-02-12 07:00:00,90.3,98.10614776611328,1.0,Tema Community 3 SSNIT Flat,tabular,xgboost,h168,2026-01-04T23:00:00,2026-01-18T23:00:00,2026-02-15T23:00:00,,,42.0
2026-02-12 08:00:00,54.6,105.59111022949219,1.0,Tema Community 3 SSNIT Flat,tabular,xgboost,h168,2026-01-04T23:00:00,2026-01-18T23:00:00,2026-02-15T23:00:00,,,42.0
2026-02-12 09:00:00,15.0,103.14376831054688,1.0,Tema Community 3 SSNIT Flat,tabular,xgboost,h168,2026-01-04T23:00:00,2026-01-18T23:00:00,2026-02-15T23:00:00,,,42.0
2026-02-12 10:00:00,2.6,106.98246002197266,1.0,Tema Community 3 SSNIT Flat,tabular,xgboost,h168,2026-01-04T23:00:00,2026-01-18T23:00:00,2026-02-15T23:00:00,,,42.0
2026-02-12 11:00:00,8.5,54.100284576416016,1.0,Tema Community 3 SSNIT Flat,tabular,xgboost,h168,2026-01-04T23:00:00,2026-01-18T23:00:00,2026-02-15T23:00:00,,,42.0
2026-02-12 12:00:00,4.8,52.07371520996094,1.0,Tema Community 3 SSNIT Flat,tabular,xgboost,h168,2026-01-04T23:00:00,2026-01-18T23:00:00,2026-02-15T23:00:00,,,42.0
2026-02-12 13:00:00,3.4,43.14931869506836,1.0,Tema Community 3 SSNIT Flat,tabular,xgboost,h168,2026-01-04T23:00:00,2026-01-18T23:00:00,2026-02-15T23:00:00,,,42.0
2026-02-12 14:00:00,2.4,37.650447845458984,1.0,Tema Community 3 SSNIT Flat,tabular,xgboost,h168,2026-01-04T23:00:00,2026-01-18T23:00:00,2026-02-15T23:00:00,,,42.0
2026-02-12 15:00:00,2.9,37.07605743408203,1.0,Tema Community 3 SSNIT Flat,tabular,xgboost,h168,2026-01-04T23:00:00,2026-01-18T23:00:00,2026-02-15T23:00:00,,,42.0
2026-02-12 16:00:00,2.9,50.82451248168945,1.0,Tema Community 3 SSNIT Flat,tabular,xgboost,h168,2026-01-04T23:00:00,2026-01-18T23:00:00,2026-02-15T23:00:00,,,42.0
2026-02-12 17:00:00,13.1,55.22755813598633,1.0,Tema Community 3 SSNIT Flat,tabular,xgboost,h168,2026-01-04T23:00:00,2026-01-18T23:00:00,2026-02-15T23:00:00,,,42.0
2026-02-12 18:00:00,9.6,49.77327346801758,1.0,Tema Community 3 SSNIT Flat,tabular,xgboost,h168,2026-01-04T23:00:00,2026-01-18T23:00:00,2026-02-15T23:00:00,,,42.0
2026-02-12 19:00:00,5.6,59.24955749511719,1.0,Tema Community 3 SSNIT Flat,tabular,xgboost,h168,2026-01-04T23:00:00,2026-01-18T23:00:00,2026-02-15T23:00:00,,,42.0
2026-02-12 20:00:00,5.2,62.41566848754883,1.0,Tema Community 3 SSNIT Flat,tabular,xgboost,h168,2026-01-04T23:00:00,2026-01-18T23:00:00,2026-02-15T23:00:00,,,42.0
2026-02-12 21:00:00,4.7,64.3519515991211,1.0,Tema Community 3 SSNIT Flat,tabular,xgboost,h168,2026-01-04T23:00:00,2026-01-18T23:00:00,2026-02-15T23:00:00,,,42.0
2026-02-12 22:00:00,3.8,75.60655212402344,1.0,Tema Community 3 SSNIT Flat,tabular,xgboost,h168,2026-01-04T23:00:00,2026-01-18T23:00:00,2026-02-15T23:00:00,,,42.0
2026-02-12 23:00:00,14.7,85.3231201171875,1.0,Tema Community 3 SSNIT Flat,tabular,xgboost,h168,2026-01-04T23:00:00,2026-01-18T23:00:00,2026-02-15T23:00:00,,,42.0
2026-02-13 00:00:00,29.8,93.2463607788086,1.0,Tema Community 3 SSNIT Flat,tabular,xgboost,h168,2026-01-04T23:00:00,2026-01-18T23:00:00,2026-02-15T23:00:00,,,42.0
2026-02-13 01:00:00,26.7,90.77967834472656,1.0,Tema Community 3 SSNIT Flat,tabular,xgboost,h168,2026-01-04T23:00:00,2026-01-18T23:00:00,2026-02-15T23:00:00,,,42.0
2026-02-13 02:00:00,22.6,88.44259643554688,1.0,Tema Community 3 SSNIT Flat,tabular,xgboost,h168,2026-01-04T23:00:00,2026-01-18T23:00:00,2026-02-15T23:00:00,,,42.0
2026-02-13 03:00:00,12.6,76.91436767578125,1.0,Tema Community 3 SSNIT Flat,tabular,xgboost,h168,2026-01-04T23:00:00,2026-01-18T23:00:00,2026-02-15T23:00:00,,,42.0
2026-02-13 04:00:00,45.9,70.73268127441406,1.0,Tema Community 3 SSNIT Flat,tabular,xgboost,h168,2026-01-04T23:00:00,2026-01-18T23:00:00,2026-02-15T23:00:00,,,42.0
2026-02-13 05:00:00,53.3,72.42158508300781,1.0,Tema Community 3 SSNIT Flat,tabular,xgboost,h168,2026-01-04T23:00:00,2026-01-18T23:00:00,2026-02-15T23:00:00,,,42.0
2026-02-13 06:00:00,50.8,59.58498001098633,1.0,Tema Community 3 SSNIT Flat,tabular,xgboost,h168,2026-01-04T23:00:00,2026-01-18T23:00:00,2026-02-15T23:00:00,,,42.0
2026-02-13 07:00:00,40.8,54.44176483154297,1.0,Tema Community 3 SSNIT Flat,tabular,xgboost,h168,2026-01-04T23:00:00,2026-01-18T23:00:00,2026-02-15T23:00:00,,,42.0
2026-02-13 08:00:00,29.4,45.66523742675781,1.0,Tema Community 3 SSNIT Flat,tabular,xgboost,h168,2026-01-04T23:00:00,2026-01-18T23:00:00,2026-02-15T23:00:00,,,42.0
2026-02-13 09:00:00,16.5,56.86121368408203,1.0,Tema Community 3 SSNIT Flat,tabular,xgboost,h168,2026-01-04T23:00:00,2026-01-18T23:00:00,2026-02-15T23:00:00,,,42.0
2026-02-13 10:00:00,11.0,44.93513870239258,1.0,Tema Community 3 SSNIT Flat,tabular,xgboost,h168,2026-01-04T23:00:00,2026-01-18T23:00:00,2026-02-15T23:00:00,,,42.0
2026-02-13 11:00:00,3.2,47.43923568725586,1.0,Tema Community 3 SSNIT Flat,tabular,xgboost,h168,2026-01-04T23:00:00,2026-01-18T23:00:00,2026-02-15T23:00:00,,,42.0
2026-02-13 12:00:00,1.8,49.287864685058594,1.0,Tema Community 3 SSNIT Flat,tabular,xgboost,h168,2026-01-04T23:00:00,2026-01-18T23:00:00,2026-02-15T23:00:00,,,42.0
2026-02-13 13:00:00,2.2,27.156478881835938,1.0,Tema Community 3 SSNIT Flat,tabular,xgboost,h168,2026-01-04T23:00:00,2026-01-18T23:00:00,2026-02-15T23:00:00,,,42.0
2026-02-13 14:00:00,4.4,30.262470245361328,1.0,Tema Community 3 SSNIT Flat,tabular,xgboost,h168,2026-01-04T23:00:00,2026-01-18T23:00:00,2026-02-15T23:00:00,,,42.0
2026-02-13 15:00:00,2.9,36.501590728759766,1.0,Tema Community 3 SSNIT Flat,tabular,xgboost,h168,2026-01-04T23:00:00,2026-01-18T23:00:00,2026-02-15T23:00:00,,,42.0
2026-02-13 16:00:00,10.6,72.43501281738281,1.0,Tema Community 3 SSNIT Flat,tabular,xgboost,h168,2026-01-04T23:00:00,2026-01-18T23:00:00,2026-02-15T23:00:00,,,42.0
2026-02-13 17:00:00,2.5,81.13307189941406,1.0,Tema Community 3 SSNIT Flat,tabular,xgboost,h168,2026-01-04T23:00:00,2026-01-18T23:00:00,2026-02-15T23:00:00,,,42.0
2026-02-13 18:00:00,3.7,80.70362854003906,1.0,Tema Community 3 SSNIT Flat,tabular,xgboost,h168,2026-01-04T23:00:00,2026-01-18T23:00:00,2026-02-15T23:00:00,,,42.0
2026-02-13 19:00:00,5.0,77.18390655517578,1.0,Tema Community 3 SSNIT Flat,tabular,xgboost,h168,2026-01-04T23:00:00,2026-01-18T23:00:00,2026-02-15T23:00:00,,,42.0
2026-02-13 20:00:00,6.0,59.881065368652344,1.0,Tema Community 3 SSNIT Flat,tabular,xgboost,h168,2026-01-04T23:00:00,2026-01-18T23:00:00,2026-02-15T23:00:00,,,42.0
2026-02-13 21:00:00,4.9,48.321746826171875,1.0,Tema Community 3 SSNIT Flat,tabular,xgboost,h168,2026-01-04T23:00:00,2026-01-18T23:00:00,2026-02-15T23:00:00,,,42.0
2026-02-13 22:00:00,4.6,64.41195678710938,1.0,Tema Community 3 SSNIT Flat,tabular,xgboost,h168,2026-01-04T23:00:00,2026-01-18T23:00:00,2026-02-15T23:00:00,,,42.0
2026-02-13 23:00:00,4.5,56.86888122558594,1.0,Tema Community 3 SSNIT Flat,tabular,xgboost,h168,2026-01-04T23:00:00,2026-01-18T23:00:00,2026-02-15T23:00:00,,,42.0
2026-02-14 00:00:00,5.9,60.6536750793457,1.0,Tema Community 3 SSNIT Flat,tabular,xgboost,h168,2026-01-04T23:00:00,2026-01-18T23:00:00,2026-02-15T23:00:00,,,42.0
2026-02-14 01:00:00,5.6,64.34034729003906,1.0,Tema Community 3 SSNIT Flat,tabular,xgboost,h168,2026-01-04T23:00:00,2026-01-18T23:00:00,2026-02-15T23:00:00,,,42.0
2026-02-14 02:00:00,11.1,63.61368179321289,1.0,Tema Community 3 SSNIT Flat,tabular,xgboost,h168,2026-01-04T23:00:00,2026-01-18T23:00:00,2026-02-15T23:00:00,,,42.0
2026-02-14 03:00:00,13.2,55.694847106933594,1.0,Tema Community 3 SSNIT Flat,tabular,xgboost,h168,2026-01-04T23:00:00,2026-01-18T23:00:00,2026-02-15T23:00:00,,,42.0
2026-02-14 04:00:00,22.1,83.72897338867188,1.0,Tema Community 3 SSNIT Flat,tabular,xgboost,h168,2026-01-04T23:00:00,2026-01-18T23:00:00,2026-02-15T23:00:00,,,42.0
2026-02-14 05:00:00,29.7,69.74191284179688,1.0,Tema Community 3 SSNIT Flat,tabular,xgboost,h168,2026-01-04T23:00:00,2026-01-18T23:00:00,2026-02-15T23:00:00,,,42.0
2026-02-14 06:00:00,32.3,69.9955062866211,1.0,Tema Community 3 SSNIT Flat,tabular,xgboost,h168,2026-01-04T23:00:00,2026-01-18T23:00:00,2026-02-15T23:00:00,,,42.0
2026-02-14 07:00:00,35.15,88.84790802001953,1.0,Tema Community 3 SSNIT Flat,tabular,xgboost,h168,2026-01-04T23:00:00,2026-01-18T23:00:00,2026-02-15T23:00:00,,,42.0
2026-02-14 08:00:00,38.0,95.5673828125,1.0,Tema Community 3 SSNIT Flat,tabular,xgboost,h168,2026-01-04T23:00:00,2026-01-18T23:00:00,2026-02-15T23:00:00,,,42.0
2026-02-14 09:00:00,34.3,87.76869201660156,1.0,Tema Community 3 SSNIT Flat,tabular,xgboost,h168,2026-01-04T23:00:00,2026-01-18T23:00:00,2026-02-15T23:00:00,,,42.0
2026-02-14 10:00:00,27.8,83.8348388671875,1.0,Tema Community 3 SSNIT Flat,tabular,xgboost,h168,2026-01-04T23:00:00,2026-01-18T23:00:00,2026-02-15T23:00:00,,,42.0
2026-02-14 11:00:00,20.5,73.90855407714844,1.0,Tema Community 3 SSNIT Flat,tabular,xgboost,h168,2026-01-04T23:00:00,2026-01-18T23:00:00,2026-02-15T23:00:00,,,42.0
2026-02-14 12:00:00,20.0,84.46839904785156,1.0,Tema Community 3 SSNIT Flat,tabular,xgboost,h168,2026-01-04T23:00:00,2026-01-18T23:00:00,2026-02-15T23:00:00,,,42.0
2026-02-14 13:00:00,19.8,71.04208374023438,1.0,Tema Community 3 SSNIT Flat,tabular,xgboost,h168,2026-01-04T23:00:00,2026-01-18T23:00:00,2026-02-15T23:00:00,,,42.0
2026-02-14 14:00:00,21.5,44.66435623168945,1.0,Tema Community 3 SSNIT Flat,tabular,xgboost,h168,2026-01-04T23:00:00,2026-01-18T23:00:00,2026-02-15T23:00:00,,,42.0
2026-02-14 15:00:00,23.4,42.74909210205078,1.0,Tema Community 3 SSNIT Flat,tabular,xgboost,h168,2026-01-04T23:00:00,2026-01-18T23:00:00,2026-02-15T23:00:00,,,42.0
2026-02-14 16:00:00,30.9,45.760772705078125,1.0,Tema Community 3 SSNIT Flat,tabular,xgboost,h168,2026-01-04T23:00:00,2026-01-18T23:00:00,2026-02-15T23:00:00,,,42.0
2026-02-14 17:00:00,36.7,33.99752426147461,1.0,Tema Community 3 SSNIT Flat,tabular,xgboost,h168,2026-01-04T23:00:00,2026-01-18T23:00:00,2026-02-15T23:00:00,,,42.0
2026-02-14 18:00:00,47.8,35.58033752441406,1.0,Tema Community 3 SSNIT Flat,tabular,xgboost,h168,2026-01-04T23:00:00,2026-01-18T23:00:00,2026-02-15T23:00:00,,,42.0
2026-02-14 19:00:00,51.3,46.365211486816406,1.0,Tema Community 3 SSNIT Flat,tabular,xgboost,h168,2026-01-04T23:00:00,2026-01-18T23:00:00,2026-02-15T23:00:00,,,42.0
2026-02-14 20:00:00,56.3,39.42259979248047,1.0,Tema Community 3 SSNIT Flat,tabular,xgboost,h168,2026-01-04T23:00:00,2026-01-18T23:00:00,2026-02-15T23:00:00,,,42.0
2026-02-14 21:00:00,60.5,33.91681671142578,1.0,Tema Community 3 SSNIT Flat,tabular,xgboost,h168,2026-01-04T23:00:00,2026-01-18T23:00:00,2026-02-15T23:00:00,,,42.0
2026-02-14 22:00:00,56.6,33.89939880371094,1.0,Tema Community 3 SSNIT Flat,tabular,xgboost,h168,2026-01-04T23:00:00,2026-01-18T23:00:00,2026-02-15T23:00:00,,,42.0
2026-02-14 23:00:00,53.7,53.03437805175781,1.0,Tema Community 3 SSNIT Flat,tabular,xgboost,h168,2026-01-04T23:00:00,2026-01-18T23:00:00,2026-02-15T23:00:00,,,42.0
2026-02-15 00:00:00,33.9,50.55262756347656,1.0,Tema Community 3 SSNIT Flat,tabular,xgboost,h168,2026-01-04T23:00:00,2026-01-18T23:00:00,2026-02-15T23:00:00,,,42.0
2026-02-15 01:00:00,32.5,46.47075271606445,1.0,Tema Community 3 SSNIT Flat,tabular,xgboost,h168,2026-01-04T23:00:00,2026-01-18T23:00:00,2026-02-15T23:00:00,,,42.0
2026-02-15 02:00:00,32.2,69.22784423828125,1.0,Tema Community 3 SSNIT Flat,tabular,xgboost,h168,2026-01-04T23:00:00,2026-01-18T23:00:00,2026-02-15T23:00:00,,,42.0
2026-02-15 03:00:00,32.0,75.86859893798828,1.0,Tema Community 3 SSNIT Flat,tabular,xgboost,h168,2026-01-04T23:00:00,2026-01-18T23:00:00,2026-02-15T23:00:00,,,42.0
2026-02-15 04:00:00,40.6,77.8224868774414,1.0,Tema Community 3 SSNIT Flat,tabular,xgboost,h168,2026-01-04T23:00:00,2026-01-18T23:00:00,2026-02-15T23:00:00,,,42.0
2026-02-15 05:00:00,41.0,67.59034729003906,1.0,Tema Community 3 SSNIT Flat,tabular,xgboost,h168,2026-01-04T23:00:00,2026-01-18T23:00:00,2026-02-15T23:00:00,,,42.0
2026-02-15 06:00:00,50.2,66.48430633544922,1.0,Tema Community 3 SSNIT Flat,tabular,xgboost,h168,2026-01-04T23:00:00,2026-01-18T23:00:00,2026-02-15T23:00:00,,,42.0
2026-02-15 07:00:00,43.8,63.26029586791992,1.0,Tema Community 3 SSNIT Flat,tabular,xgboost,h168,2026-01-04T23:00:00,2026-01-18T23:00:00,2026-02-15T23:00:00,,,42.0
2026-02-15 08:00:00,224.1,40.47982406616211,1.0,Tema Community 3 SSNIT Flat,tabular,xgboost,h168,2026-01-04T23:00:00,2026-01-18T23:00:00,2026-02-15T23:00:00,,,42.0
2026-02-15 09:00:00,70.1,31.212678909301758,1.0,Tema Community 3 SSNIT Flat,tabular,xgboost,h168,2026-01-04T23:00:00,2026-01-18T23:00:00,2026-02-15T23:00:00,,,42.0
2026-02-15 10:00:00,37.3,33.74496841430664,1.0,Tema Community 3 SSNIT Flat,tabular,xgboost,h168,2026-01-04T23:00:00,2026-01-18T23:00:00,2026-02-15T23:00:00,,,42.0
2026-02-15 11:00:00,22.2,36.815589904785156,1.0,Tema Community 3 SSNIT Flat,tabular,xgboost,h168,2026-01-04T23:00:00,2026-01-18T23:00:00,2026-02-15T23:00:00,,,42.0
2026-02-15 12:00:00,9.6,36.4681396484375,1.0,Tema Community 3 SSNIT Flat,tabular,xgboost,h168,2026-01-04T23:00:00,2026-01-18T23:00:00,2026-02-15T23:00:00,,,42.0
2026-02-15 13:00:00,6.0,71.63693237304688,1.0,Tema Community 3 SSNIT Flat,tabular,xgboost,h168,2026-01-04T23:00:00,2026-01-18T23:00:00,2026-02-15T23:00:00,,,42.0
2026-02-15 14:00:00,3.2,38.31314468383789,1.0,Tema Community 3 SSNIT Flat,tabular,xgboost,h168,2026-01-04T23:00:00,2026-01-18T23:00:00,2026-02-15T23:00:00,,,42.0
2026-02-15 15:00:00,2.5,37.682594299316406,1.0,Tema Community 3 SSNIT Flat,tabular,xgboost,h168,2026-01-04T23:00:00,2026-01-18T23:00:00,2026-02-15T23:00:00,,,42.0
2026-02-15 16:00:00,2.8,33.094573974609375,1.0,Tema Community 3 SSNIT Flat,tabular,xgboost,h168,2026-01-04T23:00:00,2026-01-18T23:00:00,2026-02-15T23:00:00,,,42.0
2026-02-15 17:00:00,3.4,48.1700553894043,1.0,Tema Community 3 SSNIT Flat,tabular,xgboost,h168,2026-01-04T23:00:00,2026-01-18T23:00:00,2026-02-15T23:00:00,,,42.0
2026-02-15 18:00:00,3.6,43.97114562988281,1.0,Tema Community 3 SSNIT Flat,tabular,xgboost,h168,2026-01-04T23:00:00,2026-01-18T23:00:00,2026-02-15T23:00:00,,,42.0
2026-02-15 19:00:00,3.6,44.380645751953125,1.0,Tema Community 3 SSNIT Flat,tabular,xgboost,h168,2026-01-04T23:00:00,2026-01-18T23:00:00,2026-02-15T23:00:00,,,42.0
2026-02-15 20:00:00,3.7,35.37348175048828,1.0,Tema Community 3 SSNIT Flat,tabular,xgboost,h168,2026-01-04T23:00:00,2026-01-18T23:00:00,2026-02-15T23:00:00,,,42.0
2026-02-15 21:00:00,2.4,37.172157287597656,1.0,Tema Community 3 SSNIT Flat,tabular,xgboost,h168,2026-01-04T23:00:00,2026-01-18T23:00:00,2026-02-15T23:00:00,,,42.0
2026-02-15 22:00:00,1.3,41.933433532714844,1.0,Tema Community 3 SSNIT Flat,tabular,xgboost,h168,2026-01-04T23:00:00,2026-01-18T23:00:00,2026-02-15T23:00:00,,,42.0
2026-02-15 23:00:00,1.1,44.390689849853516,1.0,Tema Community 3 SSNIT Flat,tabular,xgboost,h168,2026-01-04T23:00:00,2026-01-18T23:00:00,2026-02-15T23:00:00,,,42.0
2026-01-18 23:00:00,50.8,66.29782104492188,1.0,"Tema Community 7, Royal School",tabular,xgboost,h168,2026-01-04T23:00:00,2026-01-18T23:00:00,2026-02-15T23:00:00,,,42.0
2026-01-19 00:00:00,85.6,78.57818603515625,1.0,"Tema Community 7, Royal School",tabular,xgboost,h168,2026-01-04T23:00:00,2026-01-18T23:00:00,2026-02-15T23:00:00,,,42.0
2026-01-19 01:00:00,67.5,72.35296630859375,1.0,"Tema Community 7, Royal School",tabular,xgboost,h168,2026-01-04T23:00:00,2026-01-18T23:00:00,2026-02-15T23:00:00,,,42.0
2026-01-19 02:00:00,49.1,83.87421417236328,1.0,"Tema Community 7, Royal School",tabular,xgboost,h168,2026-01-04T23:00:00,2026-01-18T23:00:00,2026-02-15T23:00:00,,,42.0
2026-01-19 03:00:00,58.0,84.81329345703125,1.0,"Tema Community 7, Royal School",tabular,xgboost,h168,2026-01-04T23:00:00,2026-01-18T23:00:00,2026-02-15T23:00:00,,,42.0
2026-01-19 04:00:00,51.8,86.2713394165039,1.0,"Tema Community 7, Royal School",tabular,xgboost,h168,2026-01-04T23:00:00,2026-01-18T23:00:00,2026-02-15T23:00:00,,,42.0
2026-01-19 05:00:00,56.75,84.9853286743164,1.0,"Tema Community 7, Royal School",tabular,xgboost,h168,2026-01-04T23:00:00,2026-01-18T23:00:00,2026-02-15T23:00:00,,,42.0
2026-01-19 06:00:00,61.7,94.11820220947266,1.0,"Tema Community 7, Royal School",tabular,xgboost,h168,2026-01-04T23:00:00,2026-01-18T23:00:00,2026-02-15T23:00:00,,,42.0
2026-01-19 07:00:00,69.6,93.88756561279297,1.0,"Tema Community 7, Royal School",tabular,xgboost,h168,2026-01-04T23:00:00,2026-01-18T23:00:00,2026-02-15T23:00:00,,,42.0
2026-01-19 08:00:00,52.7,68.32553100585938,1.0,"Tema Community 7, Royal School",tabular,xgboost,h168,2026-01-04T23:00:00,2026-01-18T23:00:00,2026-02-15T23:00:00,,,42.0
2026-01-19 09:00:00,45.9,61.951385498046875,1.0,"Tema Community 7, Royal School",tabular,xgboost,h168,2026-01-04T23:00:00,2026-01-18T23:00:00,2026-02-15T23:00:00,,,42.0
2026-01-19 10:00:00,42.7,71.47183990478516,1.0,"Tema Community 7, Royal School",tabular,xgboost,h168,2026-01-04T23:00:00,2026-01-18T23:00:00,2026-02-15T23:00:00,,,42.0
2026-01-19 11:00:00,36.2,43.493804931640625,1.0,"Tema Community 7, Royal School",tabular,xgboost,h168,2026-01-04T23:00:00,2026-01-18T23:00:00,2026-02-15T23:00:00,,,42.0
2026-01-19 12:00:00,34.0,61.91486358642578,1.0,"Tema Community 7, Royal School",tabular,xgboost,h168,2026-01-04T23:00:00,2026-01-18T23:00:00,2026-02-15T23:00:00,,,42.0
2026-01-19 13:00:00,34.1,63.63679504394531,1.0,"Tema Community 7, Royal School",tabular,xgboost,h168,2026-01-04T23:00:00,2026-01-18T23:00:00,2026-02-15T23:00:00,,,42.0
2026-01-19 14:00:00,36.9,71.37203979492188,1.0,"Tema Community 7, Royal School",tabular,xgboost,h168,2026-01-04T23:00:00,2026-01-18T23:00:00,2026-02-15T23:00:00,,,42.0
2026-01-19 15:00:00,39.4,86.3000717163086,1.0,"Tema Community 7, Royal School",tabular,xgboost,h168,2026-01-04T23:00:00,2026-01-18T23:00:00,2026-02-15T23:00:00,,,42.0
2026-01-19 16:00:00,38.0,42.665462493896484,1.0,"Tema Community 7, Royal School",tabular,xgboost,h168,2026-01-04T23:00:00,2026-01-18T23:00:00,2026-02-15T23:00:00,,,42.0
2026-01-19 17:00:00,41.8,52.56569290161133,1.0,"Tema Community 7, Royal School",tabular,xgboost,h168,2026-01-04T23:00:00,2026-01-18T23:00:00,2026-02-15T23:00:00,,,42.0
2026-01-19 18:00:00,38.8,69.40028381347656,1.0,"Tema Community 7, Royal School",tabular,xgboost,h168,2026-01-04T23:00:00,2026-01-18T23:00:00,2026-02-15T23:00:00,,,42.0
2026-01-19 19:00:00,39.5,69.08919525146484,1.0,"Tema Community 7, Royal School",tabular,xgboost,h168,2026-01-04T23:00:00,2026-01-18T23:00:00,2026-02-15T23:00:00,,,42.0
2026-01-19 20:00:00,36.1,60.93769454956055,1.0,"Tema Community 7, Royal School",tabular,xgboost,h168,2026-01-04T23:00:00,2026-01-18T23:00:00,2026-02-15T23:00:00,,,42.0
2026-01-19 21:00:00,33.2,56.069732666015625,1.0,"Tema Community 7, Royal School",tabular,xgboost,h168,2026-01-04T23:00:00,2026-01-18T23:00:00,2026-02-15T23:00:00,,,42.0
2026-01-19 22:00:00,34.1,66.7533187866211,1.0,"Tema Community 7, Royal School",tabular,xgboost,h168,2026-01-04T23:00:00,2026-01-18T23:00:00,2026-02-15T23:00:00,,,42.0
2026-01-19 23:00:00,33.8,78.1422119140625,1.0,"Tema Community 7, Royal School",tabular,xgboost,h168,2026-01-04T23:00:00,2026-01-18T23:00:00,2026-02-15T23:00:00,,,42.0
2026-01-20 00:00:00,37.2,86.42908477783203,1.0,"Tema Community 7, Royal School",tabular,xgboost,h168,2026-01-04T23:00:00,2026-01-18T23:00:00,2026-02-15T23:00:00,,,42.0
2026-01-20 01:00:00,34.7,78.93580627441406,1.0,"Tema Community 7, Royal School",tabular,xgboost,h168,2026-01-04T23:00:00,2026-01-18T23:00:00,2026-02-15T23:00:00,,,42.0
2026-01-20 02:00:00,32.0,76.43334197998047,1.0,"Tema Community 7, Royal School",tabular,xgboost,h168,2026-01-04T23:00:00,2026-01-18T23:00:00,2026-02-15T23:00:00,,,42.0
2026-01-20 03:00:00,37.3,75.73387908935547,1.0,"Tema Community 7, Royal School",tabular,xgboost,h168,2026-01-04T23:00:00,2026-01-18T23:00:00,2026-02-15T23:00:00,,,42.0
2026-01-20 04:00:00,38.3,88.70345306396484,1.0,"Tema Community 7, Royal School",tabular,xgboost,h168,2026-01-04T23:00:00,2026-01-18T23:00:00,2026-02-15T23:00:00,,,42.0
2026-01-20 05:00:00,39.1,84.2165756225586,1.0,"Tema Community 7, Royal School",tabular,xgboost,h168,2026-01-04T23:00:00,2026-01-18T23:00:00,2026-02-15T23:00:00,,,42.0
2026-01-20 06:00:00,48.9,98.09773254394531,1.0,"Tema Community 7, Royal School",tabular,xgboost,h168,2026-01-04T23:00:00,2026-01-18T23:00:00,2026-02-15T23:00:00,,,42.0
2026-01-20 07:00:00,44.1,90.54925537109375,1.0,"Tema Community 7, Royal School",tabular,xgboost,h168,2026-01-04T23:00:00,2026-01-18T23:00:00,2026-02-15T23:00:00,,,42.0
2026-01-20 08:00:00,39.0,76.34097290039062,1.0,"Tema Community 7, Royal School",tabular,xgboost,h168,2026-01-04T23:00:00,2026-01-18T23:00:00,2026-02-15T23:00:00,,,42.0
2026-01-20 09:00:00,40.6,64.3228759765625,1.0,"Tema Community 7, Royal School",tabular,xgboost,h168,2026-01-04T23:00:00,2026-01-18T23:00:00,2026-02-15T23:00:00,,,42.0
2026-01-20 10:00:00,37.6,67.13753509521484,1.0,"Tema Community 7, Royal School",tabular,xgboost,h168,2026-01-04T23:00:00,2026-01-18T23:00:00,2026-02-15T23:00:00,,,42.0
2026-01-20 11:00:00,35.9,56.398685455322266,1.0,"Tema Community 7, Royal School",tabular,xgboost,h168,2026-01-04T23:00:00,2026-01-18T23:00:00,2026-02-15T23:00:00,,,42.0
2026-01-20 12:00:00,37.9,61.88163757324219,1.0,"Tema Community 7, Royal School",tabular,xgboost,h168,2026-01-04T23:00:00,2026-01-18T23:00:00,2026-02-15T23:00:00,,,42.0
2026-01-20 13:00:00,34.8,51.11602783203125,1.0,"Tema Community 7, Royal School",tabular,xgboost,h168,2026-01-04T23:00:00,2026-01-18T23:00:00,2026-02-15T23:00:00,,,42.0
2026-01-20 14:00:00,36.1,40.39334487915039,1.0,"Tema Community 7, Royal School",tabular,xgboost,h168,2026-01-04T23:00:00,2026-01-18T23:00:00,2026-02-15T23:00:00,,,42.0
2026-01-20 15:00:00,34.6,50.07271957397461,1.0,"Tema Community 7, Royal School",tabular,xgboost,h168,2026-01-04T23:00:00,2026-01-18T23:00:00,2026-02-15T23:00:00,,,42.0
2026-01-20 16:00:00,35.1,50.12416076660156,1.0,"Tema Community 7, Royal School",tabular,xgboost,h168,2026-01-04T23:00:00,2026-01-18T23:00:00,2026-02-15T23:00:00,,,42.0
2026-01-20 17:00:00,41.1,85.70465087890625,1.0,"Tema Community 7, Royal School",tabular,xgboost,h168,2026-01-04T23:00:00,2026-01-18T23:00:00,2026-02-15T23:00:00,,,42.0
2026-01-20 18:00:00,45.3,98.21114349365234,1.0,"Tema Community 7, Royal School",tabular,xgboost,h168,2026-01-04T23:00:00,2026-01-18T23:00:00,2026-02-15T23:00:00,,,42.0
2026-01-20 19:00:00,56.2,66.42131805419922,1.0,"Tema Community 7, Royal School",tabular,xgboost,h168,2026-01-04T23:00:00,2026-01-18T23:00:00,2026-02-15T23:00:00,,,42.0
2026-01-20 20:00:00,46.8,91.73419189453125,1.0,"Tema Community 7, Royal School",tabular,xgboost,h168,2026-01-04T23:00:00,2026-01-18T23:00:00,2026-02-15T23:00:00,,,42.0
2026-01-20 21:00:00,42.3,90.2486572265625,1.0,"Tema Community 7, Royal School",tabular,xgboost,h168,2026-01-04T23:00:00,2026-01-18T23:00:00,2026-02-15T23:00:00,,,42.0
2026-01-20 22:00:00,21.5,87.80645751953125,1.0,"Tema Community 7, Royal School",tabular,xgboost,h168,2026-01-04T23:00:00,2026-01-18T23:00:00,2026-02-15T23:00:00,,,42.0
2026-01-20 23:00:00,12.0,100.1119613647461,1.0,"Tema Community 7, Royal School",tabular,xgboost,h168,2026-01-04T23:00:00,2026-01-18T23:00:00,2026-02-15T23:00:00,,,42.0
2026-01-21 00:00:00,14.8,100.75003814697266,1.0,"Tema Community 7, Royal School",tabular,xgboost,h168,2026-01-04T23:00:00,2026-01-18T23:00:00,2026-02-15T23:00:00,,,42.0
2026-01-21 01:00:00,23.7,101.15638732910156,1.0,"Tema Community 7, Royal School",tabular,xgboost,h168,2026-01-04T23:00:00,2026-01-18T23:00:00,2026-02-15T23:00:00,,,42.0
2026-01-21 02:00:00,18.1,94.35438537597656,1.0,"Tema Community 7, Royal School",tabular,xgboost,h168,2026-01-04T23:00:00,2026-01-18T23:00:00,2026-02-15T23:00:00,,,42.0
2026-01-21 03:00:00,23.1,108.39105987548828,1.0,"Tema Community 7, Royal School",tabular,xgboost,h168,2026-01-04T23:00:00,2026-01-18T23:00:00,2026-02-15T23:00:00,,,42.0
2026-01-21 04:00:00,163.8,102.61177825927734,1.0,"Tema Community 7, Royal School",tabular,xgboost,h168,2026-01-04T23:00:00,2026-01-18T23:00:00,2026-02-15T23:00:00,,,42.0
2026-01-21 05:00:00,190.1,116.29240417480469,1.0,"Tema Community 7, Royal School",tabular,xgboost,h168,2026-01-04T23:00:00,2026-01-18T23:00:00,2026-02-15T23:00:00,,,42.0
2026-01-21 06:00:00,89.7,114.61934661865234,1.0,"Tema Community 7, Royal School",tabular,xgboost,h168,2026-01-04T23:00:00,2026-01-18T23:00:00,2026-02-15T23:00:00,,,42.0
2026-01-21 07:00:00,61.8,111.39264678955078,1.0,"Tema Community 7, Royal School",tabular,xgboost,h168,2026-01-04T23:00:00,2026-01-18T23:00:00,2026-02-15T23:00:00,,,42.0
2026-01-21 08:00:00,46.2,106.41423034667969,1.0,"Tema Community 7, Royal School",tabular,xgboost,h168,2026-01-04T23:00:00,2026-01-18T23:00:00,2026-02-15T23:00:00,,,42.0
2026-01-21 09:00:00,31.8,105.10143280029297,1.0,"Tema Community 7, Royal School",tabular,xgboost,h168,2026-01-04T23:00:00,2026-01-18T23:00:00,2026-02-15T23:00:00,,,42.0
2026-01-21 10:00:00,30.3,94.14794921875,1.0,"Tema Community 7, Royal School",tabular,xgboost,h168,2026-01-04T23:00:00,2026-01-18T23:00:00,2026-02-15T23:00:00,,,42.0
2026-01-21 11:00:00,34.2,80.52474975585938,1.0,"Tema Community 7, Royal School",tabular,xgboost,h168,2026-01-04T23:00:00,2026-01-18T23:00:00,2026-02-15T23:00:00,,,42.0
2026-01-21 12:00:00,42.8,65.36876678466797,1.0,"Tema Community 7, Royal School",tabular,xgboost,h168,2026-01-04T23:00:00,2026-01-18T23:00:00,2026-02-15T23:00:00,,,42.0
2026-01-21 13:00:00,31.2,62.67683410644531,1.0,"Tema Community 7, Royal School",tabular,xgboost,h168,2026-01-04T23:00:00,2026-01-18T23:00:00,2026-02-15T23:00:00,,,42.0
2026-01-21 14:00:00,31.7,63.89672088623047,1.0,"Tema Community 7, Royal School",tabular,xgboost,h168,2026-01-04T23:00:00,2026-01-18T23:00:00,2026-02-15T23:00:00,,,42.0
2026-01-21 15:00:00,30.3,80.33116149902344,1.0,"Tema Community 7, Royal School",tabular,xgboost,h168,2026-01-04T23:00:00,2026-01-18T23:00:00,2026-02-15T23:00:00,,,42.0
2026-01-21 16:00:00,29.8,90.73843383789062,1.0,"Tema Community 7, Royal School",tabular,xgboost,h168,2026-01-04T23:00:00,2026-01-18T23:00:00,2026-02-15T23:00:00,,,42.0
2026-01-21 17:00:00,32.6,85.76522064208984,1.0,"Tema Community 7, Royal School",tabular,xgboost,h168,2026-01-04T23:00:00,2026-01-18T23:00:00,2026-02-15T23:00:00,,,42.0
2026-01-21 18:00:00,35.0,88.15885925292969,1.0,"Tema Community 7, Royal School",tabular,xgboost,h168,2026-01-04T23:00:00,2026-01-18T23:00:00,2026-02-15T23:00:00,,,42.0
2026-01-21 19:00:00,34.4,99.71256256103516,1.0,"Tema Community 7, Royal School",tabular,xgboost,h168,2026-01-04T23:00:00,2026-01-18T23:00:00,2026-02-15T23:00:00,,,42.0
2026-01-21 20:00:00,34.5,100.38880157470703,1.0,"Tema Community 7, Royal School",tabular,xgboost,h168,2026-01-04T23:00:00,2026-01-18T23:00:00,2026-02-15T23:00:00,,,42.0
2026-01-21 21:00:00,35.8,105.4725112915039,1.0,"Tema Community 7, Royal School",tabular,xgboost,h168,2026-01-04T23:00:00,2026-01-18T23:00:00,2026-02-15T23:00:00,,,42.0
2026-01-21 22:00:00,33.7,108.05829620361328,1.0,"Tema Community 7, Royal School",tabular,xgboost,h168,2026-01-04T23:00:00,2026-01-18T23:00:00,2026-02-15T23:00:00,,,42.0
2026-01-21 23:00:00,33.3,102.73909759521484,1.0,"Tema Community 7, Royal School",tabular,xgboost,h168,2026-01-04T23:00:00,2026-01-18T23:00:00,2026-02-15T23:00:00,,,42.0
2026-01-22 00:00:00,32.6,139.5026092529297,1.0,"Tema Community 7, Royal School",tabular,xgboost,h168,2026-01-04T23:00:00,2026-01-18T23:00:00,2026-02-15T23:00:00,,,42.0
2026-01-22 01:00:00,31.1,121.37501525878906,1.0,"Tema Community 7, Royal School",tabular,xgboost,h168,2026-01-04T23:00:00,2026-01-18T23:00:00,2026-02-15T23:00:00,,,42.0
2026-01-22 02:00:00,31.5,118.81063079833984,1.0,"Tema Community 7, Royal School",tabular,xgboost,h168,2026-01-04T23:00:00,2026-01-18T23:00:00,2026-02-15T23:00:00,,,42.0
2026-01-22 03:00:00,30.7,127.12281799316406,1.0,"Tema Community 7, Royal School",tabular,xgboost,h168,2026-01-04T23:00:00,2026-01-18T23:00:00,2026-02-15T23:00:00,,,42.0
2026-01-22 04:00:00,34.2,112.8204116821289,1.0,"Tema Community 7, Royal School",tabular,xgboost,h168,2026-01-04T23:00:00,2026-01-18T23:00:00,2026-02-15T23:00:00,,,42.0
2026-01-22 05:00:00,41.8,108.84273529052734,1.0,"Tema Community 7, Royal School",tabular,xgboost,h168,2026-01-04T23:00:00,2026-01-18T23:00:00,2026-02-15T23:00:00,,,42.0
2026-01-22 06:00:00,44.9,110.07357025146484,1.0,"Tema Community 7, Royal School",tabular,xgboost,h168,2026-01-04T23:00:00,2026-01-18T23:00:00,2026-02-15T23:00:00,,,42.0
2026-01-22 07:00:00,47.1,97.0541000366211,1.0,"Tema Community 7, Royal School",tabular,xgboost,h168,2026-01-04T23:00:00,2026-01-18T23:00:00,2026-02-15T23:00:00,,,42.0
2026-01-22 08:00:00,38.4,97.93244171142578,1.0,"Tema Community 7, Royal School",tabular,xgboost,h168,2026-01-04T23:00:00,2026-01-18T23:00:00,2026-02-15T23:00:00,,,42.0
2026-01-22 09:00:00,35.8,101.01770782470703,1.0,"Tema Community 7, Royal School",tabular,xgboost,h168,2026-01-04T23:00:00,2026-01-18T23:00:00,2026-02-15T23:00:00,,,42.0
2026-01-22 10:00:00,39.0,107.84307861328125,1.0,"Tema Community 7, Royal School",tabular,xgboost,h168,2026-01-04T23:00:00,2026-01-18T23:00:00,2026-02-15T23:00:00,,,42.0
2026-01-22 11:00:00,44.5,104.1950912475586,1.0,"Tema Community 7, Royal School",tabular,xgboost,h168,2026-01-04T23:00:00,2026-01-18T23:00:00,2026-02-15T23:00:00,,,42.0
2026-01-22 12:00:00,44.2,82.27489471435547,1.0,"Tema Community 7, Royal School",tabular,xgboost,h168,2026-01-04T23:00:00,2026-01-18T23:00:00,2026-02-15T23:00:00,,,42.0
2026-01-22 13:00:00,40.9,82.36217498779297,1.0,"Tema Community 7, Royal School",tabular,xgboost,h168,2026-01-04T23:00:00,2026-01-18T23:00:00,2026-02-15T23:00:00,,,42.0
2026-01-22 14:00:00,35.9,79.53316497802734,1.0,"Tema Community 7, Royal School",tabular,xgboost,h168,2026-01-04T23:00:00,2026-01-18T23:00:00,2026-02-15T23:00:00,,,42.0
2026-01-22 15:00:00,31.8,98.74036407470703,1.0,"Tema Community 7, Royal School",tabular,xgboost,h168,2026-01-04T23:00:00,2026-01-18T23:00:00,2026-02-15T23:00:00,,,42.0
2026-01-22 16:00:00,27.5,79.16698455810547,1.0,"Tema Community 7, Royal School",tabular,xgboost,h168,2026-01-04T23:00:00,2026-01-18T23:00:00,2026-02-15T23:00:00,,,42.0
2026-01-22 17:00:00,29.5,95.1618423461914,1.0,"Tema Community 7, Royal School",tabular,xgboost,h168,2026-01-04T23:00:00,2026-01-18T23:00:00,2026-02-15T23:00:00,,,42.0
2026-01-22 18:00:00,33.7,113.3753890991211,1.0,"Tema Community 7, Royal School",tabular,xgboost,h168,2026-01-04T23:00:00,2026-01-18T23:00:00,2026-02-15T23:00:00,,,42.0
2026-01-22 19:00:00,29.8,104.13430786132812,1.0,"Tema Community 7, Royal School",tabular,xgboost,h168,2026-01-04T23:00:00,2026-01-18T23:00:00,2026-02-15T23:00:00,,,42.0
2026-01-22 20:00:00,32.7,96.40097045898438,1.0,"Tema Community 7, Royal School",tabular,xgboost,h168,2026-01-04T23:00:00,2026-01-18T23:00:00,2026-02-15T23:00:00,,,42.0
2026-01-22 21:00:00,31.7,96.98110961914062,1.0,"Tema Community 7, Royal School",tabular,xgboost,h168,2026-01-04T23:00:00,2026-01-18T23:00:00,2026-02-15T23:00:00,,,42.0
2026-01-22 22:00:00,30.3,96.94566345214844,1.0,"Tema Community 7, Royal School",tabular,xgboost,h168,2026-01-04T23:00:00,2026-01-18T23:00:00,2026-02-15T23:00:00,,,42.0
2026-01-22 23:00:00,30.2,98.83161926269531,1.0,"Tema Community 7, Royal School",tabular,xgboost,h168,2026-01-04T23:00:00,2026-01-18T23:00:00,2026-02-15T23:00:00,,,42.0
2026-01-23 00:00:00,28.5,100.40406036376953,1.0,"Tema Community 7, Royal School",tabular,xgboost,h168,2026-01-04T23:00:00,2026-01-18T23:00:00,2026-02-15T23:00:00,,,42.0
2026-01-23 01:00:00,29.9,98.54766082763672,1.0,"Tema Community 7, Royal School",tabular,xgboost,h168,2026-01-04T23:00:00,2026-01-18T23:00:00,2026-02-15T23:00:00,,,42.0
2026-01-23 02:00:00,39.9,96.46675872802734,1.0,"Tema Community 7, Royal School",tabular,xgboost,h168,2026-01-04T23:00:00,2026-01-18T23:00:00,2026-02-15T23:00:00,,,42.0
2026-01-23 03:00:00,45.6,98.27256774902344,1.0,"Tema Community 7, Royal School",tabular,xgboost,h168,2026-01-04T23:00:00,2026-01-18T23:00:00,2026-02-15T23:00:00,,,42.0
2026-01-23 04:00:00,72.4,99.6086196899414,1.0,"Tema Community 7, Royal School",tabular,xgboost,h168,2026-01-04T23:00:00,2026-01-18T23:00:00,2026-02-15T23:00:00,,,42.0
2026-01-23 05:00:00,66.4,108.36656951904297,1.0,"Tema Community 7, Royal School",tabular,xgboost,h168,2026-01-04T23:00:00,2026-01-18T23:00:00,2026-02-15T23:00:00,,,42.0
2026-01-23 06:00:00,93.3,105.49095153808594,1.0,"Tema Community 7, Royal School",tabular,xgboost,h168,2026-01-04T23:00:00,2026-01-18T23:00:00,2026-02-15T23:00:00,,,42.0
2026-01-23 07:00:00,101.2,106.627197265625,1.0,"Tema Community 7, Royal School",tabular,xgboost,h168,2026-01-04T23:00:00,2026-01-18T23:00:00,2026-02-15T23:00:00,,,42.0
2026-01-23 08:00:00,50.6,101.86727142333984,1.0,"Tema Community 7, Royal School",tabular,xgboost,h168,2026-01-04T23:00:00,2026-01-18T23:00:00,2026-02-15T23:00:00,,,42.0
2026-01-23 09:00:00,40.2,125.91876220703125,1.0,"Tema Community 7, Royal School",tabular,xgboost,h168,2026-01-04T23:00:00,2026-01-18T23:00:00,2026-02-15T23:00:00,,,42.0
2026-01-23 10:00:00,42.0,124.48049926757812,1.0,"Tema Community 7, Royal School",tabular,xgboost,h168,2026-01-04T23:00:00,2026-01-18T23:00:00,2026-02-15T23:00:00,,,42.0
2026-01-23 11:00:00,37.4,98.92452239990234,1.0,"Tema Community 7, Royal School",tabular,xgboost,h168,2026-01-04T23:00:00,2026-01-18T23:00:00,2026-02-15T23:00:00,,,42.0
2026-01-23 12:00:00,29.6,107.38824462890625,1.0,"Tema Community 7, Royal School",tabular,xgboost,h168,2026-01-04T23:00:00,2026-01-18T23:00:00,2026-02-15T23:00:00,,,42.0
2026-01-23 13:00:00,27.7,90.22785186767578,1.0,"Tema Community 7, Royal School",tabular,xgboost,h168,2026-01-04T23:00:00,2026-01-18T23:00:00,2026-02-15T23:00:00,,,42.0
2026-01-23 14:00:00,27.0,92.17192840576172,1.0,"Tema Community 7, Royal School",tabular,xgboost,h168,2026-01-04T23:00:00,2026-01-18T23:00:00,2026-02-15T23:00:00,,,42.0
2026-01-23 15:00:00,25.1,70.51930236816406,1.0,"Tema Community 7, Royal School",tabular,xgboost,h168,2026-01-04T23:00:00,2026-01-18T23:00:00,2026-02-15T23:00:00,,,42.0
2026-01-23 16:00:00,24.0,61.663841247558594,1.0,"Tema Community 7, Royal School",tabular,xgboost,h168,2026-01-04T23:00:00,2026-01-18T23:00:00,2026-02-15T23:00:00,,,42.0
2026-01-23 17:00:00,23.8,96.73889923095703,1.0,"Tema Community 7, Royal School",tabular,xgboost,h168,2026-01-04T23:00:00,2026-01-18T23:00:00,2026-02-15T23:00:00,,,42.0
2026-01-23 18:00:00,28.7,84.57940673828125,1.0,"Tema Community 7, Royal School",tabular,xgboost,h168,2026-01-04T23:00:00,2026-01-18T23:00:00,2026-02-15T23:00:00,,,42.0
2026-01-23 19:00:00,38.5,85.00593566894531,1.0,"Tema Community 7, Royal School",tabular,xgboost,h168,2026-01-04T23:00:00,2026-01-18T23:00:00,2026-02-15T23:00:00,,,42.0
2026-01-23 20:00:00,34.1,90.73179626464844,1.0,"Tema Community 7, Royal School",tabular,xgboost,h168,2026-01-04T23:00:00,2026-01-18T23:00:00,2026-02-15T23:00:00,,,42.0
2026-01-23 21:00:00,47.7,95.63809967041016,1.0,"Tema Community 7, Royal School",tabular,xgboost,h168,2026-01-04T23:00:00,2026-01-18T23:00:00,2026-02-15T23:00:00,,,42.0
2026-01-23 22:00:00,56.6,93.76496124267578,1.0,"Tema Community 7, Royal School",tabular,xgboost,h168,2026-01-04T23:00:00,2026-01-18T23:00:00,2026-02-15T23:00:00,,,42.0
2026-01-23 23:00:00,43.6,101.45679473876953,1.0,"Tema Community 7, Royal School",tabular,xgboost,h168,2026-01-04T23:00:00,2026-01-18T23:00:00,2026-02-15T23:00:00,,,42.0
2026-01-24 00:00:00,45.0,97.29088592529297,1.0,"Tema Community 7, Royal School",tabular,xgboost,h168,2026-01-04T23:00:00,2026-01-18T23:00:00,2026-02-15T23:00:00,,,42.0
2026-01-24 01:00:00,46.6,87.1278305053711,1.0,"Tema Community 7, Royal School",tabular,xgboost,h168,2026-01-04T23:00:00,2026-01-18T23:00:00,2026-02-15T23:00:00,,,42.0
2026-01-24 02:00:00,46.1,99.77669525146484,1.0,"Tema Community 7, Royal School",tabular,xgboost,h168,2026-01-04T23:00:00,2026-01-18T23:00:00,2026-02-15T23:00:00,,,42.0
2026-01-24 03:00:00,44.9,97.66740417480469,1.0,"Tema Community 7, Royal School",tabular,xgboost,h168,2026-01-04T23:00:00,2026-01-18T23:00:00,2026-02-15T23:00:00,,,42.0
2026-01-24 04:00:00,44.7,90.47409057617188,1.0,"Tema Community 7, Royal School",tabular,xgboost,h168,2026-01-04T23:00:00,2026-01-18T23:00:00,2026-02-15T23:00:00,,,42.0
2026-01-24 05:00:00,42.3,93.79008483886719,1.0,"Tema Community 7, Royal School",tabular,xgboost,h168,2026-01-04T23:00:00,2026-01-18T23:00:00,2026-02-15T23:00:00,,,42.0
2026-01-24 06:00:00,57.3,107.20999145507812,1.0,"Tema Community 7, Royal School",tabular,xgboost,h168,2026-01-04T23:00:00,2026-01-18T23:00:00,2026-02-15T23:00:00,,,42.0
2026-01-24 07:00:00,44.7,103.62939453125,1.0,"Tema Community 7, Royal School",tabular,xgboost,h168,2026-01-04T23:00:00,2026-01-18T23:00:00,2026-02-15T23:00:00,,,42.0
2026-01-24 08:00:00,43.2,91.0810775756836,1.0,"Tema Community 7, Royal School",tabular,xgboost,h168,2026-01-04T23:00:00,2026-01-18T23:00:00,2026-02-15T23:00:00,,,42.0
2026-01-24 09:00:00,38.9,92.36189270019531,1.0,"Tema Community 7, Royal School",tabular,xgboost,h168,2026-01-04T23:00:00,2026-01-18T23:00:00,2026-02-15T23:00:00,,,42.0
2026-01-24 10:00:00,38.4,81.05542755126953,1.0,"Tema Community 7, Royal School",tabular,xgboost,h168,2026-01-04T23:00:00,2026-01-18T23:00:00,2026-02-15T23:00:00,,,42.0
2026-01-24 11:00:00,41.9,79.21977996826172,1.0,"Tema Community 7, Royal School",tabular,xgboost,h168,2026-01-04T23:00:00,2026-01-18T23:00:00,2026-02-15T23:00:00,,,42.0
2026-01-24 12:00:00,33.4,88.20652770996094,1.0,"Tema Community 7, Royal School",tabular,xgboost,h168,2026-01-04T23:00:00,2026-01-18T23:00:00,2026-02-15T23:00:00,,,42.0
2026-01-24 13:00:00,32.9,72.9930419921875,1.0,"Tema Community 7, Royal School",tabular,xgboost,h168,2026-01-04T23:00:00,2026-01-18T23:00:00,2026-02-15T23:00:00,,,42.0
2026-01-24 14:00:00,31.3,77.77210235595703,1.0,"Tema Community 7, Royal School",tabular,xgboost,h168,2026-01-04T23:00:00,2026-01-18T23:00:00,2026-02-15T23:00:00,,,42.0
2026-01-24 15:00:00,30.2,86.64198303222656,1.0,"Tema Community 7, Royal School",tabular,xgboost,h168,2026-01-04T23:00:00,2026-01-18T23:00:00,2026-02-15T23:00:00,,,42.0
2026-01-24 16:00:00,30.6,81.50333404541016,1.0,"Tema Community 7, Royal School",tabular,xgboost,h168,2026-01-04T23:00:00,2026-01-18T23:00:00,2026-02-15T23:00:00,,,42.0
2026-01-24 17:00:00,29.0,88.26570892333984,1.0,"Tema Community 7, Royal School",tabular,xgboost,h168,2026-01-04T23:00:00,2026-01-18T23:00:00,2026-02-15T23:00:00,,,42.0
2026-01-24 18:00:00,36.7,91.86202239990234,1.0,"Tema Community 7, Royal School",tabular,xgboost,h168,2026-01-04T23:00:00,2026-01-18T23:00:00,2026-02-15T23:00:00,,,42.0
2026-01-24 19:00:00,36.6,101.17633819580078,1.0,"Tema Community 7, Royal School",tabular,xgboost,h168,2026-01-04T23:00:00,2026-01-18T23:00:00,2026-02-15T23:00:00,,,42.0
2026-01-24 20:00:00,32.9,96.40841674804688,1.0,"Tema Community 7, Royal School",tabular,xgboost,h168,2026-01-04T23:00:00,2026-01-18T23:00:00,2026-02-15T23:00:00,,,42.0
2026-01-24 21:00:00,39.4,103.53155517578125,1.0,"Tema Community 7, Royal School",tabular,xgboost,h168,2026-01-04T23:00:00,2026-01-18T23:00:00,2026-02-15T23:00:00,,,42.0
2026-01-24 22:00:00,33.1,105.61446380615234,1.0,"Tema Community 7, Royal School",tabular,xgboost,h168,2026-01-04T23:00:00,2026-01-18T23:00:00,2026-02-15T23:00:00,,,42.0
2026-01-24 23:00:00,34.7,103.56812286376953,1.0,"Tema Community 7, Royal School",tabular,xgboost,h168,2026-01-04T23:00:00,2026-01-18T23:00:00,2026-02-15T23:00:00,,,42.0
2026-01-25 00:00:00,37.3,94.03746032714844,1.0,"Tema Community 7, Royal School",tabular,xgboost,h168,2026-01-04T23:00:00,2026-01-18T23:00:00,2026-02-15T23:00:00,,,42.0
2026-01-25 01:00:00,34.5,87.0735092163086,1.0,"Tema Community 7, Royal School",tabular,xgboost,h168,2026-01-04T23:00:00,2026-01-18T23:00:00,2026-02-15T23:00:00,,,42.0
2026-01-25 02:00:00,36.8,83.67495727539062,1.0,"Tema Community 7, Royal School",tabular,xgboost,h168,2026-01-04T23:00:00,2026-01-18T23:00:00,2026-02-15T23:00:00,,,42.0
2026-01-25 03:00:00,43.3,95.21558380126953,1.0,"Tema Community 7, Royal School",tabular,xgboost,h168,2026-01-04T23:00:00,2026-01-18T23:00:00,2026-02-15T23:00:00,,,42.0
2026-01-25 04:00:00,38.0,109.03749084472656,1.0,"Tema Community 7, Royal School",tabular,xgboost,h168,2026-01-04T23:00:00,2026-01-18T23:00:00,2026-02-15T23:00:00,,,42.0
2026-01-25 05:00:00,35.7,125.0632095336914,1.0,"Tema Community 7, Royal School",tabular,xgboost,h168,2026-01-04T23:00:00,2026-01-18T23:00:00,2026-02-15T23:00:00,,,42.0
2026-01-25 06:00:00,60.8,136.59771728515625,1.0,"Tema Community 7, Royal School",tabular,xgboost,h168,2026-01-04T23:00:00,2026-01-18T23:00:00,2026-02-15T23:00:00,,,42.0
2026-01-25 07:00:00,71.8,115.86382293701172,1.0,"Tema Community 7, Royal School",tabular,xgboost,h168,2026-01-04T23:00:00,2026-01-18T23:00:00,2026-02-15T23:00:00,,,42.0
2026-01-25 08:00:00,41.6,121.6148681640625,1.0,"Tema Community 7, Royal School",tabular,xgboost,h168,2026-01-04T23:00:00,2026-01-18T23:00:00,2026-02-15T23:00:00,,,42.0
2026-01-25 09:00:00,43.5,105.5842514038086,1.0,"Tema Community 7, Royal School",tabular,xgboost,h168,2026-01-04T23:00:00,2026-01-18T23:00:00,2026-02-15T23:00:00,,,42.0
2026-01-25 10:00:00,50.2,107.1856689453125,1.0,"Tema Community 7, Royal School",tabular,xgboost,h168,2026-01-04T23:00:00,2026-01-18T23:00:00,2026-02-15T23:00:00,,,42.0
2026-01-25 11:00:00,51.8,98.5867691040039,1.0,"Tema Community 7, Royal School",tabular,xgboost,h168,2026-01-04T23:00:00,2026-01-18T23:00:00,2026-02-15T23:00:00,,,42.0
2026-01-25 12:00:00,50.8,86.65221405029297,1.0,"Tema Community 7, Royal School",tabular,xgboost,h168,2026-01-04T23:00:00,2026-01-18T23:00:00,2026-02-15T23:00:00,,,42.0
2026-01-25 13:00:00,44.6,93.8270034790039,1.0,"Tema Community 7, Royal School",tabular,xgboost,h168,2026-01-04T23:00:00,2026-01-18T23:00:00,2026-02-15T23:00:00,,,42.0
2026-01-25 14:00:00,42.6,62.90037536621094,1.0,"Tema Community 7, Royal School",tabular,xgboost,h168,2026-01-04T23:00:00,2026-01-18T23:00:00,2026-02-15T23:00:00,,,42.0
2026-01-25 15:00:00,40.5,78.44758605957031,1.0,"Tema Community 7, Royal School",tabular,xgboost,h168,2026-01-04T23:00:00,2026-01-18T23:00:00,2026-02-15T23:00:00,,,42.0
2026-01-25 16:00:00,32.7,61.96619415283203,1.0,"Tema Community 7, Royal School",tabular,xgboost,h168,2026-01-04T23:00:00,2026-01-18T23:00:00,2026-02-15T23:00:00,,,42.0
2026-01-25 17:00:00,34.5,69.91157531738281,1.0,"Tema Community 7, Royal School",tabular,xgboost,h168,2026-01-04T23:00:00,2026-01-18T23:00:00,2026-02-15T23:00:00,,,42.0
2026-01-25 18:00:00,37.7,81.18331909179688,1.0,"Tema Community 7, Royal School",tabular,xgboost,h168,2026-01-04T23:00:00,2026-01-18T23:00:00,2026-02-15T23:00:00,,,42.0
2026-01-25 19:00:00,38.3,77.39986419677734,1.0,"Tema Community 7, Royal School",tabular,xgboost,h168,2026-01-04T23:00:00,2026-01-18T23:00:00,2026-02-15T23:00:00,,,42.0
2026-01-25 20:00:00,43.6,77.01654052734375,1.0,"Tema Community 7, Royal School",tabular,xgboost,h168,2026-01-04T23:00:00,2026-01-18T23:00:00,2026-02-15T23:00:00,,,42.0
2026-01-25 21:00:00,46.9,76.19942474365234,1.0,"Tema Community 7, Royal School",tabular,xgboost,h168,2026-01-04T23:00:00,2026-01-18T23:00:00,2026-02-15T23:00:00,,,42.0
2026-01-25 22:00:00,44.4,93.84091186523438,1.0,"Tema Community 7, Royal School",tabular,xgboost,h168,2026-01-04T23:00:00,2026-01-18T23:00:00,2026-02-15T23:00:00,,,42.0
2026-01-25 23:00:00,46.6,92.24917602539062,1.0,"Tema Community 7, Royal School",tabular,xgboost,h168,2026-01-04T23:00:00,2026-01-18T23:00:00,2026-02-15T23:00:00,,,42.0
2026-01-26 00:00:00,68.4,110.87755584716797,1.0,"Tema Community 7, Royal School",tabular,xgboost,h168,2026-01-04T23:00:00,2026-01-18T23:00:00,2026-02-15T23:00:00,,,42.0
2026-01-26 01:00:00,49.6,113.03084564208984,1.0,"Tema Community 7, Royal School",tabular,xgboost,h168,2026-01-04T23:00:00,2026-01-18T23:00:00,2026-02-15T23:00:00,,,42.0
2026-01-26 02:00:00,56.9,114.33074951171875,1.0,"Tema Community 7, Royal School",tabular,xgboost,h168,2026-01-04T23:00:00,2026-01-18T23:00:00,2026-02-15T23:00:00,,,42.0
2026-01-26 03:00:00,51.5,108.98950958251953,1.0,"Tema Community 7, Royal School",tabular,xgboost,h168,2026-01-04T23:00:00,2026-01-18T23:00:00,2026-02-15T23:00:00,,,42.0
2026-01-26 04:00:00,46.2,101.83673095703125,1.0,"Tema Community 7, Royal School",tabular,xgboost,h168,2026-01-04T23:00:00,2026-01-18T23:00:00,2026-02-15T23:00:00,,,42.0
2026-01-26 05:00:00,59.3,106.97369384765625,1.0,"Tema Community 7, Royal School",tabular,xgboost,h168,2026-01-04T23:00:00,2026-01-18T23:00:00,2026-02-15T23:00:00,,,42.0
2026-01-26 06:00:00,105.1,115.42056274414062,1.0,"Tema Community 7, Royal School",tabular,xgboost,h168,2026-01-04T23:00:00,2026-01-18T23:00:00,2026-02-15T23:00:00,,,42.0
2026-01-26 07:00:00,53.7,109.30564880371094,1.0,"Tema Community 7, Royal School",tabular,xgboost,h168,2026-01-04T23:00:00,2026-01-18T23:00:00,2026-02-15T23:00:00,,,42.0
2026-01-26 08:00:00,47.8,100.98859405517578,1.0,"Tema Community 7, Royal School",tabular,xgboost,h168,2026-01-04T23:00:00,2026-01-18T23:00:00,2026-02-15T23:00:00,,,42.0
2026-01-26 09:00:00,43.5,92.51305389404297,1.0,"Tema Community 7, Royal School",tabular,xgboost,h168,2026-01-04T23:00:00,2026-01-18T23:00:00,2026-02-15T23:00:00,,,42.0
2026-01-26 10:00:00,45.3,95.13584899902344,1.0,"Tema Community 7, Royal School",tabular,xgboost,h168,2026-01-04T23:00:00,2026-01-18T23:00:00,2026-02-15T23:00:00,,,42.0
2026-01-26 11:00:00,49.7,89.58675384521484,1.0,"Tema Community 7, Royal School",tabular,xgboost,h168,2026-01-04T23:00:00,2026-01-18T23:00:00,2026-02-15T23:00:00,,,42.0
2026-01-26 12:00:00,45.6,81.03717803955078,1.0,"Tema Community 7, Royal School",tabular,xgboost,h168,2026-01-04T23:00:00,2026-01-18T23:00:00,2026-02-15T23:00:00,,,42.0
2026-01-26 13:00:00,42.1,75.60902404785156,1.0,"Tema Community 7, Royal School",tabular,xgboost,h168,2026-01-04T23:00:00,2026-01-18T23:00:00,2026-02-15T23:00:00,,,42.0
2026-01-26 14:00:00,38.8,76.41242980957031,1.0,"Tema Community 7, Royal School",tabular,xgboost,h168,2026-01-04T23:00:00,2026-01-18T23:00:00,2026-02-15T23:00:00,,,42.0
2026-01-26 15:00:00,38.7,85.12629699707031,1.0,"Tema Community 7, Royal School",tabular,xgboost,h168,2026-01-04T23:00:00,2026-01-18T23:00:00,2026-02-15T23:00:00,,,42.0
2026-01-26 16:00:00,35.2,76.0641098022461,1.0,"Tema Community 7, Royal School",tabular,xgboost,h168,2026-01-04T23:00:00,2026-01-18T23:00:00,2026-02-15T23:00:00,,,42.0
2026-01-26 17:00:00,38.6,82.17758178710938,1.0,"Tema Community 7, Royal School",tabular,xgboost,h168,2026-01-04T23:00:00,2026-01-18T23:00:00,2026-02-15T23:00:00,,,42.0
2026-01-26 18:00:00,38.5,89.94278717041016,1.0,"Tema Community 7, Royal School",tabular,xgboost,h168,2026-01-04T23:00:00,2026-01-18T23:00:00,2026-02-15T23:00:00,,,42.0
2026-01-26 19:00:00,38.1,92.5819091796875,1.0,"Tema Community 7, Royal School",tabular,xgboost,h168,2026-01-04T23:00:00,2026-01-18T23:00:00,2026-02-15T23:00:00,,,42.0
2026-01-26 20:00:00,39.0,96.19445037841797,1.0,"Tema Community 7, Royal School",tabular,xgboost,h168,2026-01-04T23:00:00,2026-01-18T23:00:00,2026-02-15T23:00:00,,,42.0
2026-01-26 21:00:00,40.0,93.8935546875,1.0,"Tema Community 7, Royal School",tabular,xgboost,h168,2026-01-04T23:00:00,2026-01-18T23:00:00,2026-02-15T23:00:00,,,42.0
2026-01-26 22:00:00,41.9,92.00098419189453,1.0,"Tema Community 7, Royal School",tabular,xgboost,h168,2026-01-04T23:00:00,2026-01-18T23:00:00,2026-02-15T23:00:00,,,42.0
2026-01-26 23:00:00,46.1,93.4874496459961,1.0,"Tema Community 7, Royal School",tabular,xgboost,h168,2026-01-04T23:00:00,2026-01-18T23:00:00,2026-02-15T23:00:00,,,42.0
2026-01-27 00:00:00,68.4,110.041259765625,1.0,"Tema Community 7, Royal School",tabular,xgboost,h168,2026-01-04T23:00:00,2026-01-18T23:00:00,2026-02-15T23:00:00,,,42.0
2026-01-27 01:00:00,47.6,110.15290069580078,1.0,"Tema Community 7, Royal School",tabular,xgboost,h168,2026-01-04T23:00:00,2026-01-18T23:00:00,2026-02-15T23:00:00,,,42.0
2026-01-27 02:00:00,47.8,117.56800079345703,1.0,"Tema Community 7, Royal School",tabular,xgboost,h168,2026-01-04T23:00:00,2026-01-18T23:00:00,2026-02-15T23:00:00,,,42.0
2026-01-27 03:00:00,44.2,114.66320037841797,1.0,"Tema Community 7, Royal School",tabular,xgboost,h168,2026-01-04T23:00:00,2026-01-18T23:00:00,2026-02-15T23:00:00,,,42.0
2026-01-27 04:00:00,54.9,110.90492248535156,1.0,"Tema Community 7, Royal School",tabular,xgboost,h168,2026-01-04T23:00:00,2026-01-18T23:00:00,2026-02-15T23:00:00,,,42.0
2026-01-27 05:00:00,64.4,97.69784545898438,1.0,"Tema Community 7, Royal School",tabular,xgboost,h168,2026-01-04T23:00:00,2026-01-18T23:00:00,2026-02-15T23:00:00,,,42.0
2026-01-27 06:00:00,96.3,102.51607513427734,1.0,"Tema Community 7, Royal School",tabular,xgboost,h168,2026-01-04T23:00:00,2026-01-18T23:00:00,2026-02-15T23:00:00,,,42.0
2026-01-27 07:00:00,93.7,96.91371154785156,1.0,"Tema Community 7, Royal School",tabular,xgboost,h168,2026-01-04T23:00:00,2026-01-18T23:00:00,2026-02-15T23:00:00,,,42.0
2026-01-27 08:00:00,49.9,101.90127563476562,1.0,"Tema Community 7, Royal School",tabular,xgboost,h168,2026-01-04T23:00:00,2026-01-18T23:00:00,2026-02-15T23:00:00,,,42.0
2026-01-27 09:00:00,48.7,98.83671569824219,1.0,"Tema Community 7, Royal School",tabular,xgboost,h168,2026-01-04T23:00:00,2026-01-18T23:00:00,2026-02-15T23:00:00,,,42.0
2026-01-27 10:00:00,46.9,106.05873107910156,1.0,"Tema Community 7, Royal School",tabular,xgboost,h168,2026-01-04T23:00:00,2026-01-18T23:00:00,2026-02-15T23:00:00,,,42.0
2026-01-27 11:00:00,49.6,111.49454498291016,1.0,"Tema Community 7, Royal School",tabular,xgboost,h168,2026-01-04T23:00:00,2026-01-18T23:00:00,2026-02-15T23:00:00,,,42.0
2026-01-27 12:00:00,49.3,98.36741638183594,1.0,"Tema Community 7, Royal School",tabular,xgboost,h168,2026-01-04T23:00:00,2026-01-18T23:00:00,2026-02-15T23:00:00,,,42.0
2026-01-27 13:00:00,44.6,93.19908142089844,1.0,"Tema Community 7, Royal School",tabular,xgboost,h168,2026-01-04T23:00:00,2026-01-18T23:00:00,2026-02-15T23:00:00,,,42.0
2026-01-27 14:00:00,43.2,101.47218322753906,1.0,"Tema Community 7, Royal School",tabular,xgboost,h168,2026-01-04T23:00:00,2026-01-18T23:00:00,2026-02-15T23:00:00,,,42.0
2026-01-27 15:00:00,41.4,108.12650299072266,1.0,"Tema Community 7, Royal School",tabular,xgboost,h168,2026-01-04T23:00:00,2026-01-18T23:00:00,2026-02-15T23:00:00,,,42.0
2026-01-27 16:00:00,39.8,110.55321502685547,1.0,"Tema Community 7, Royal School",tabular,xgboost,h168,2026-01-04T23:00:00,2026-01-18T23:00:00,2026-02-15T23:00:00,,,42.0
2026-01-27 17:00:00,38.6,109.40361022949219,1.0,"Tema Community 7, Royal School",tabular,xgboost,h168,2026-01-04T23:00:00,2026-01-18T23:00:00,2026-02-15T23:00:00,,,42.0
2026-01-27 18:00:00,39.3,104.47283935546875,1.0,"Tema Community 7, Royal School",tabular,xgboost,h168,2026-01-04T23:00:00,2026-01-18T23:00:00,2026-02-15T23:00:00,,,42.0
2026-01-27 19:00:00,39.9,96.1431884765625,1.0,"Tema Community 7, Royal School",tabular,xgboost,h168,2026-01-04T23:00:00,2026-01-18T23:00:00,2026-02-15T23:00:00,,,42.0
2026-01-27 20:00:00,42.4,103.80929565429688,1.0,"Tema Community 7, Royal School",tabular,xgboost,h168,2026-01-04T23:00:00,2026-01-18T23:00:00,2026-02-15T23:00:00,,,42.0
2026-01-27 21:00:00,43.9,99.74598693847656,1.0,"Tema Community 7, Royal School",tabular,xgboost,h168,2026-01-04T23:00:00,2026-01-18T23:00:00,2026-02-15T23:00:00,,,42.0
2026-01-27 22:00:00,42.5,100.50772857666016,1.0,"Tema Community 7, Royal School",tabular,xgboost,h168,2026-01-04T23:00:00,2026-01-18T23:00:00,2026-02-15T23:00:00,,,42.0
2026-01-27 23:00:00,48.3,106.85163116455078,1.0,"Tema Community 7, Royal School",tabular,xgboost,h168,2026-01-04T23:00:00,2026-01-18T23:00:00,2026-02-15T23:00:00,,,42.0
2026-01-28 00:00:00,51.0,112.16529846191406,1.0,"Tema Community 7, Royal School",tabular,xgboost,h168,2026-01-04T23:00:00,2026-01-18T23:00:00,2026-02-15T23:00:00,,,42.0
2026-01-28 01:00:00,55.5,109.3049545288086,1.0,"Tema Community 7, Royal School",tabular,xgboost,h168,2026-01-04T23:00:00,2026-01-18T23:00:00,2026-02-15T23:00:00,,,42.0
2026-01-28 02:00:00,51.4,78.90774536132812,1.0,"Tema Community 7, Royal School",tabular,xgboost,h168,2026-01-04T23:00:00,2026-01-18T23:00:00,2026-02-15T23:00:00,,,42.0
2026-01-28 03:00:00,54.0,75.7119369506836,1.0,"Tema Community 7, Royal School",tabular,xgboost,h168,2026-01-04T23:00:00,2026-01-18T23:00:00,2026-02-15T23:00:00,,,42.0
2026-01-28 04:00:00,56.1,73.4639892578125,1.0,"Tema Community 7, Royal School",tabular,xgboost,h168,2026-01-04T23:00:00,2026-01-18T23:00:00,2026-02-15T23:00:00,,,42.0
2026-01-28 05:00:00,96.1,80.11185455322266,1.0,"Tema Community 7, Royal School",tabular,xgboost,h168,2026-01-04T23:00:00,2026-01-18T23:00:00,2026-02-15T23:00:00,,,42.0
2026-01-28 06:00:00,85.0,107.23217010498047,1.0,"Tema Community 7, Royal School",tabular,xgboost,h168,2026-01-04T23:00:00,2026-01-18T23:00:00,2026-02-15T23:00:00,,,42.0
2026-01-28 07:00:00,76.0,100.2770767211914,1.0,"Tema Community 7, Royal School",tabular,xgboost,h168,2026-01-04T23:00:00,2026-01-18T23:00:00,2026-02-15T23:00:00,,,42.0
2026-01-28 08:00:00,52.5,95.1929931640625,1.0,"Tema Community 7, Royal School",tabular,xgboost,h168,2026-01-04T23:00:00,2026-01-18T23:00:00,2026-02-15T23:00:00,,,42.0
2026-01-28 09:00:00,49.3,94.07756042480469,1.0,"Tema Community 7, Royal School",tabular,xgboost,h168,2026-01-04T23:00:00,2026-01-18T23:00:00,2026-02-15T23:00:00,,,42.0
2026-01-28 10:00:00,47.8,93.00526428222656,1.0,"Tema Community 7, Royal School",tabular,xgboost,h168,2026-01-04T23:00:00,2026-01-18T23:00:00,2026-02-15T23:00:00,,,42.0
2026-01-28 11:00:00,51.4,93.97138977050781,1.0,"Tema Community 7, Royal School",tabular,xgboost,h168,2026-01-04T23:00:00,2026-01-18T23:00:00,2026-02-15T23:00:00,,,42.0
2026-01-28 12:00:00,55.6,86.15328216552734,1.0,"Tema Community 7, Royal School",tabular,xgboost,h168,2026-01-04T23:00:00,2026-01-18T23:00:00,2026-02-15T23:00:00,,,42.0
2026-01-28 13:00:00,49.9,90.96055603027344,1.0,"Tema Community 7, Royal School",tabular,xgboost,h168,2026-01-04T23:00:00,2026-01-18T23:00:00,2026-02-15T23:00:00,,,42.0
2026-01-28 14:00:00,46.4,102.98362731933594,1.0,"Tema Community 7, Royal School",tabular,xgboost,h168,2026-01-04T23:00:00,2026-01-18T23:00:00,2026-02-15T23:00:00,,,42.0
2026-01-28 15:00:00,44.3,108.83243560791016,1.0,"Tema Community 7, Royal School",tabular,xgboost,h168,2026-01-04T23:00:00,2026-01-18T23:00:00,2026-02-15T23:00:00,,,42.0
2026-01-28 16:00:00,41.9,105.10904693603516,1.0,"Tema Community 7, Royal School",tabular,xgboost,h168,2026-01-04T23:00:00,2026-01-18T23:00:00,2026-02-15T23:00:00,,,42.0
2026-01-28 17:00:00,43.2,101.45307922363281,1.0,"Tema Community 7, Royal School",tabular,xgboost,h168,2026-01-04T23:00:00,2026-01-18T23:00:00,2026-02-15T23:00:00,,,42.0
2026-01-28 18:00:00,45.7,93.50424194335938,1.0,"Tema Community 7, Royal School",tabular,xgboost,h168,2026-01-04T23:00:00,2026-01-18T23:00:00,2026-02-15T23:00:00,,,42.0
2026-01-28 19:00:00,46.9,96.07310485839844,1.0,"Tema Community 7, Royal School",tabular,xgboost,h168,2026-01-04T23:00:00,2026-01-18T23:00:00,2026-02-15T23:00:00,,,42.0
2026-01-28 20:00:00,46.2,92.8404312133789,1.0,"Tema Community 7, Royal School",tabular,xgboost,h168,2026-01-04T23:00:00,2026-01-18T23:00:00,2026-02-15T23:00:00,,,42.0
2026-01-28 21:00:00,46.0,89.8816909790039,1.0,"Tema Community 7, Royal School",tabular,xgboost,h168,2026-01-04T23:00:00,2026-01-18T23:00:00,2026-02-15T23:00:00,,,42.0
2026-01-28 22:00:00,45.7,88.05064392089844,1.0,"Tema Community 7, Royal School",tabular,xgboost,h168,2026-01-04T23:00:00,2026-01-18T23:00:00,2026-02-15T23:00:00,,,42.0
2026-01-28 23:00:00,49.8,84.31906127929688,1.0,"Tema Community 7, Royal School",tabular,xgboost,h168,2026-01-04T23:00:00,2026-01-18T23:00:00,2026-02-15T23:00:00,,,42.0
2026-01-29 00:00:00,57.6,94.84042358398438,1.0,"Tema Community 7, Royal School",tabular,xgboost,h168,2026-01-04T23:00:00,2026-01-18T23:00:00,2026-02-15T23:00:00,,,42.0
2026-01-29 01:00:00,55.7,96.91474151611328,1.0,"Tema Community 7, Royal School",tabular,xgboost,h168,2026-01-04T23:00:00,2026-01-18T23:00:00,2026-02-15T23:00:00,,,42.0
2026-01-29 02:00:00,65.4,79.97698211669922,1.0,"Tema Community 7, Royal School",tabular,xgboost,h168,2026-01-04T23:00:00,2026-01-18T23:00:00,2026-02-15T23:00:00,,,42.0
2026-01-29 03:00:00,60.7,99.76554870605469,1.0,"Tema Community 7, Royal School",tabular,xgboost,h168,2026-01-04T23:00:00,2026-01-18T23:00:00,2026-02-15T23:00:00,,,42.0
2026-01-29 04:00:00,59.5,98.67262268066406,1.0,"Tema Community 7, Royal School",tabular,xgboost,h168,2026-01-04T23:00:00,2026-01-18T23:00:00,2026-02-15T23:00:00,,,42.0
2026-01-29 05:00:00,71.8,85.836669921875,1.0,"Tema Community 7, Royal School",tabular,xgboost,h168,2026-01-04T23:00:00,2026-01-18T23:00:00,2026-02-15T23:00:00,,,42.0
2026-01-29 06:00:00,88.6,81.9664535522461,1.0,"Tema Community 7, Royal School",tabular,xgboost,h168,2026-01-04T23:00:00,2026-01-18T23:00:00,2026-02-15T23:00:00,,,42.0
2026-01-29 07:00:00,69.2,92.43885040283203,1.0,"Tema Community 7, Royal School",tabular,xgboost,h168,2026-01-04T23:00:00,2026-01-18T23:00:00,2026-02-15T23:00:00,,,42.0
2026-01-29 08:00:00,56.7,72.9087905883789,1.0,"Tema Community 7, Royal School",tabular,xgboost,h168,2026-01-04T23:00:00,2026-01-18T23:00:00,2026-02-15T23:00:00,,,42.0
2026-01-29 09:00:00,55.0,76.1106185913086,1.0,"Tema Community 7, Royal School",tabular,xgboost,h168,2026-01-04T23:00:00,2026-01-18T23:00:00,2026-02-15T23:00:00,,,42.0
2026-01-29 10:00:00,50.6,96.8360366821289,1.0,"Tema Community 7, Royal School",tabular,xgboost,h168,2026-01-04T23:00:00,2026-01-18T23:00:00,2026-02-15T23:00:00,,,42.0
2026-01-29 11:00:00,51.8,97.32862854003906,1.0,"Tema Community 7, Royal School",tabular,xgboost,h168,2026-01-04T23:00:00,2026-01-18T23:00:00,2026-02-15T23:00:00,,,42.0
2026-01-29 12:00:00,52.8,74.43110656738281,1.0,"Tema Community 7, Royal School",tabular,xgboost,h168,2026-01-04T23:00:00,2026-01-18T23:00:00,2026-02-15T23:00:00,,,42.0
2026-01-29 13:00:00,48.4,67.6693344116211,1.0,"Tema Community 7, Royal School",tabular,xgboost,h168,2026-01-04T23:00:00,2026-01-18T23:00:00,2026-02-15T23:00:00,,,42.0
2026-01-29 14:00:00,42.7,76.93159484863281,1.0,"Tema Community 7, Royal School",tabular,xgboost,h168,2026-01-04T23:00:00,2026-01-18T23:00:00,2026-02-15T23:00:00,,,42.0
2026-01-29 15:00:00,43.7,83.18509674072266,1.0,"Tema Community 7, Royal School",tabular,xgboost,h168,2026-01-04T23:00:00,2026-01-18T23:00:00,2026-02-15T23:00:00,,,42.0
2026-01-29 16:00:00,41.7,91.02601623535156,1.0,"Tema Community 7, Royal School",tabular,xgboost,h168,2026-01-04T23:00:00,2026-01-18T23:00:00,2026-02-15T23:00:00,,,42.0
2026-01-29 17:00:00,42.7,117.88947296142578,1.0,"Tema Community 7, Royal School",tabular,xgboost,h168,2026-01-04T23:00:00,2026-01-18T23:00:00,2026-02-15T23:00:00,,,42.0
2026-01-29 18:00:00,43.0,105.6337661743164,1.0,"Tema Community 7, Royal School",tabular,xgboost,h168,2026-01-04T23:00:00,2026-01-18T23:00:00,2026-02-15T23:00:00,,,42.0
2026-01-29 19:00:00,42.6,108.98251342773438,1.0,"Tema Community 7, Royal School",tabular,xgboost,h168,2026-01-04T23:00:00,2026-01-18T23:00:00,2026-02-15T23:00:00,,,42.0
2026-01-29 20:00:00,45.1,98.50808715820312,1.0,"Tema Community 7, Royal School",tabular,xgboost,h168,2026-01-04T23:00:00,2026-01-18T23:00:00,2026-02-15T23:00:00,,,42.0
2026-01-29 21:00:00,46.5,81.73165130615234,1.0,"Tema Community 7, Royal School",tabular,xgboost,h168,2026-01-04T23:00:00,2026-01-18T23:00:00,2026-02-15T23:00:00,,,42.0
2026-01-29 22:00:00,45.1,86.9371566772461,1.0,"Tema Community 7, Royal School",tabular,xgboost,h168,2026-01-04T23:00:00,2026-01-18T23:00:00,2026-02-15T23:00:00,,,42.0
2026-01-29 23:00:00,40.9,85.7398681640625,1.0,"Tema Community 7, Royal School",tabular,xgboost,h168,2026-01-04T23:00:00,2026-01-18T23:00:00,2026-02-15T23:00:00,,,42.0
2026-01-30 00:00:00,49.9,97.16287231445312,1.0,"Tema Community 7, Royal School",tabular,xgboost,h168,2026-01-04T23:00:00,2026-01-18T23:00:00,2026-02-15T23:00:00,,,42.0
2026-01-30 01:00:00,41.7,85.75436401367188,1.0,"Tema Community 7, Royal School",tabular,xgboost,h168,2026-01-04T23:00:00,2026-01-18T23:00:00,2026-02-15T23:00:00,,,42.0
2026-01-30 02:00:00,41.4,78.0527572631836,1.0,"Tema Community 7, Royal School",tabular,xgboost,h168,2026-01-04T23:00:00,2026-01-18T23:00:00,2026-02-15T23:00:00,,,42.0
2026-01-30 03:00:00,44.1,97.21244812011719,1.0,"Tema Community 7, Royal School",tabular,xgboost,h168,2026-01-04T23:00:00,2026-01-18T23:00:00,2026-02-15T23:00:00,,,42.0
2026-01-30 04:00:00,46.2,98.77942657470703,1.0,"Tema Community 7, Royal School",tabular,xgboost,h168,2026-01-04T23:00:00,2026-01-18T23:00:00,2026-02-15T23:00:00,,,42.0
2026-01-30 05:00:00,62.4,99.89954376220703,1.0,"Tema Community 7, Royal School",tabular,xgboost,h168,2026-01-04T23:00:00,2026-01-18T23:00:00,2026-02-15T23:00:00,,,42.0
2026-01-30 06:00:00,68.2,118.696044921875,1.0,"Tema Community 7, Royal School",tabular,xgboost,h168,2026-01-04T23:00:00,2026-01-18T23:00:00,2026-02-15T23:00:00,,,42.0
2026-01-30 07:00:00,79.5,123.13801574707031,1.0,"Tema Community 7, Royal School",tabular,xgboost,h168,2026-01-04T23:00:00,2026-01-18T23:00:00,2026-02-15T23:00:00,,,42.0
2026-01-30 08:00:00,48.1,140.11898803710938,1.0,"Tema Community 7, Royal School",tabular,xgboost,h168,2026-01-04T23:00:00,2026-01-18T23:00:00,2026-02-15T23:00:00,,,42.0
2026-01-30 09:00:00,45.0,130.31234741210938,1.0,"Tema Community 7, Royal School",tabular,xgboost,h168,2026-01-04T23:00:00,2026-01-18T23:00:00,2026-02-15T23:00:00,,,42.0
2026-01-30 10:00:00,45.0,136.2489776611328,1.0,"Tema Community 7, Royal School",tabular,xgboost,h168,2026-01-04T23:00:00,2026-01-18T23:00:00,2026-02-15T23:00:00,,,42.0
2026-01-30 11:00:00,45.6,117.81124114990234,1.0,"Tema Community 7, Royal School",tabular,xgboost,h168,2026-01-04T23:00:00,2026-01-18T23:00:00,2026-02-15T23:00:00,,,42.0
2026-01-30 12:00:00,43.9,132.55870056152344,1.0,"Tema Community 7, Royal School",tabular,xgboost,h168,2026-01-04T23:00:00,2026-01-18T23:00:00,2026-02-15T23:00:00,,,42.0
2026-01-30 13:00:00,41.9,95.96279907226562,1.0,"Tema Community 7, Royal School",tabular,xgboost,h168,2026-01-04T23:00:00,2026-01-18T23:00:00,2026-02-15T23:00:00,,,42.0
2026-01-30 14:00:00,40.8,74.18611145019531,1.0,"Tema Community 7, Royal School",tabular,xgboost,h168,2026-01-04T23:00:00,2026-01-18T23:00:00,2026-02-15T23:00:00,,,42.0
2026-01-30 15:00:00,40.4,69.81621551513672,1.0,"Tema Community 7, Royal School",tabular,xgboost,h168,2026-01-04T23:00:00,2026-01-18T23:00:00,2026-02-15T23:00:00,,,42.0
2026-01-30 16:00:00,40.2,63.83605194091797,1.0,"Tema Community 7, Royal School",tabular,xgboost,h168,2026-01-04T23:00:00,2026-01-18T23:00:00,2026-02-15T23:00:00,,,42.0
2026-01-30 17:00:00,48.4,93.14041137695312,1.0,"Tema Community 7, Royal School",tabular,xgboost,h168,2026-01-04T23:00:00,2026-01-18T23:00:00,2026-02-15T23:00:00,,,42.0
2026-01-30 18:00:00,48.4,92.15679931640625,1.0,"Tema Community 7, Royal School",tabular,xgboost,h168,2026-01-04T23:00:00,2026-01-18T23:00:00,2026-02-15T23:00:00,,,42.0
2026-01-30 19:00:00,43.6,103.80729675292969,1.0,"Tema Community 7, Royal School",tabular,xgboost,h168,2026-01-04T23:00:00,2026-01-18T23:00:00,2026-02-15T23:00:00,,,42.0
2026-01-30 20:00:00,43.0,87.0478515625,1.0,"Tema Community 7, Royal School",tabular,xgboost,h168,2026-01-04T23:00:00,2026-01-18T23:00:00,2026-02-15T23:00:00,,,42.0
2026-01-30 21:00:00,42.4,90.36602783203125,1.0,"Tema Community 7, Royal School",tabular,xgboost,h168,2026-01-04T23:00:00,2026-01-18T23:00:00,2026-02-15T23:00:00,,,42.0
2026-01-30 22:00:00,43.3,81.12177276611328,1.0,"Tema Community 7, Royal School",tabular,xgboost,h168,2026-01-04T23:00:00,2026-01-18T23:00:00,2026-02-15T23:00:00,,,42.0
2026-01-30 23:00:00,41.7,78.3209228515625,1.0,"Tema Community 7, Royal School",tabular,xgboost,h168,2026-01-04T23:00:00,2026-01-18T23:00:00,2026-02-15T23:00:00,,,42.0
2026-01-31 00:00:00,42.2,81.61917877197266,1.0,"Tema Community 7, Royal School",tabular,xgboost,h168,2026-01-04T23:00:00,2026-01-18T23:00:00,2026-02-15T23:00:00,,,42.0
2026-01-31 01:00:00,40.8,73.83746337890625,1.0,"Tema Community 7, Royal School",tabular,xgboost,h168,2026-01-04T23:00:00,2026-01-18T23:00:00,2026-02-15T23:00:00,,,42.0
2026-01-31 02:00:00,40.9,75.83050537109375,1.0,"Tema Community 7, Royal School",tabular,xgboost,h168,2026-01-04T23:00:00,2026-01-18T23:00:00,2026-02-15T23:00:00,,,42.0
2026-01-31 03:00:00,46.2,81.04589080810547,1.0,"Tema Community 7, Royal School",tabular,xgboost,h168,2026-01-04T23:00:00,2026-01-18T23:00:00,2026-02-15T23:00:00,,,42.0
2026-01-31 04:00:00,47.9,95.84467315673828,1.0,"Tema Community 7, Royal School",tabular,xgboost,h168,2026-01-04T23:00:00,2026-01-18T23:00:00,2026-02-15T23:00:00,,,42.0
2026-01-31 05:00:00,49.1,97.08641052246094,1.0,"Tema Community 7, Royal School",tabular,xgboost,h168,2026-01-04T23:00:00,2026-01-18T23:00:00,2026-02-15T23:00:00,,,42.0
2026-01-31 06:00:00,120.7,101.39311218261719,1.0,"Tema Community 7, Royal School",tabular,xgboost,h168,2026-01-04T23:00:00,2026-01-18T23:00:00,2026-02-15T23:00:00,,,42.0
2026-01-31 07:00:00,74.0,114.84648895263672,1.0,"Tema Community 7, Royal School",tabular,xgboost,h168,2026-01-04T23:00:00,2026-01-18T23:00:00,2026-02-15T23:00:00,,,42.0
2026-01-31 08:00:00,51.7,109.8437271118164,1.0,"Tema Community 7, Royal School",tabular,xgboost,h168,2026-01-04T23:00:00,2026-01-18T23:00:00,2026-02-15T23:00:00,,,42.0
2026-01-31 09:00:00,47.0,96.2601547241211,1.0,"Tema Community 7, Royal School",tabular,xgboost,h168,2026-01-04T23:00:00,2026-01-18T23:00:00,2026-02-15T23:00:00,,,42.0
2026-01-31 10:00:00,49.3,89.93161010742188,1.0,"Tema Community 7, Royal School",tabular,xgboost,h168,2026-01-04T23:00:00,2026-01-18T23:00:00,2026-02-15T23:00:00,,,42.0
2026-01-31 11:00:00,42.4,73.2064208984375,1.0,"Tema Community 7, Royal School",tabular,xgboost,h168,2026-01-04T23:00:00,2026-01-18T23:00:00,2026-02-15T23:00:00,,,42.0
2026-01-31 12:00:00,37.9,78.33836364746094,1.0,"Tema Community 7, Royal School",tabular,xgboost,h168,2026-01-04T23:00:00,2026-01-18T23:00:00,2026-02-15T23:00:00,,,42.0
2026-01-31 13:00:00,36.2,67.10383605957031,1.0,"Tema Community 7, Royal School",tabular,xgboost,h168,2026-01-04T23:00:00,2026-01-18T23:00:00,2026-02-15T23:00:00,,,42.0
2026-01-31 14:00:00,38.3,69.55524444580078,1.0,"Tema Community 7, Royal School",tabular,xgboost,h168,2026-01-04T23:00:00,2026-01-18T23:00:00,2026-02-15T23:00:00,,,42.0
2026-01-31 15:00:00,37.9,28.77454376220703,1.0,"Tema Community 7, Royal School",tabular,xgboost,h168,2026-01-04T23:00:00,2026-01-18T23:00:00,2026-02-15T23:00:00,,,42.0
2026-01-31 16:00:00,35.9,31.400636672973633,1.0,"Tema Community 7, Royal School",tabular,xgboost,h168,2026-01-04T23:00:00,2026-01-18T23:00:00,2026-02-15T23:00:00,,,42.0
2026-01-31 17:00:00,36.8,38.74175262451172,1.0,"Tema Community 7, Royal School",tabular,xgboost,h168,2026-01-04T23:00:00,2026-01-18T23:00:00,2026-02-15T23:00:00,,,42.0
2026-01-31 18:00:00,37.5,55.29916763305664,1.0,"Tema Community 7, Royal School",tabular,xgboost,h168,2026-01-04T23:00:00,2026-01-18T23:00:00,2026-02-15T23:00:00,,,42.0
2026-01-31 19:00:00,38.3,60.916412353515625,1.0,"Tema Community 7, Royal School",tabular,xgboost,h168,2026-01-04T23:00:00,2026-01-18T23:00:00,2026-02-15T23:00:00,,,42.0
2026-01-31 20:00:00,37.7,55.640296936035156,1.0,"Tema Community 7, Royal School",tabular,xgboost,h168,2026-01-04T23:00:00,2026-01-18T23:00:00,2026-02-15T23:00:00,,,42.0
2026-01-31 21:00:00,48.1,58.3883171081543,1.0,"Tema Community 7, Royal School",tabular,xgboost,h168,2026-01-04T23:00:00,2026-01-18T23:00:00,2026-02-15T23:00:00,,,42.0
2026-01-31 22:00:00,42.2,55.78986740112305,1.0,"Tema Community 7, Royal School",tabular,xgboost,h168,2026-01-04T23:00:00,2026-01-18T23:00:00,2026-02-15T23:00:00,,,42.0
2026-01-31 23:00:00,44.8,57.94457244873047,1.0,"Tema Community 7, Royal School",tabular,xgboost,h168,2026-01-04T23:00:00,2026-01-18T23:00:00,2026-02-15T23:00:00,,,42.0
2026-02-01 00:00:00,44.9,63.42173767089844,1.0,"Tema Community 7, Royal School",tabular,xgboost,h168,2026-01-04T23:00:00,2026-01-18T23:00:00,2026-02-15T23:00:00,,,42.0
2026-02-01 01:00:00,39.0,54.036319732666016,1.0,"Tema Community 7, Royal School",tabular,xgboost,h168,2026-01-04T23:00:00,2026-01-18T23:00:00,2026-02-15T23:00:00,,,42.0
2026-02-01 02:00:00,34.8,51.675865173339844,1.0,"Tema Community 7, Royal School",tabular,xgboost,h168,2026-01-04T23:00:00,2026-01-18T23:00:00,2026-02-15T23:00:00,,,42.0
2026-02-01 03:00:00,34.6,46.16374206542969,1.0,"Tema Community 7, Royal School",tabular,xgboost,h168,2026-01-04T23:00:00,2026-01-18T23:00:00,2026-02-15T23:00:00,,,42.0
2026-02-01 04:00:00,34.4,47.70478057861328,1.0,"Tema Community 7, Royal School",tabular,xgboost,h168,2026-01-04T23:00:00,2026-01-18T23:00:00,2026-02-15T23:00:00,,,42.0
2026-02-01 05:00:00,42.3,66.10324096679688,1.0,"Tema Community 7, Royal School",tabular,xgboost,h168,2026-01-04T23:00:00,2026-01-18T23:00:00,2026-02-15T23:00:00,,,42.0
2026-02-01 06:00:00,60.4,72.89540100097656,1.0,"Tema Community 7, Royal School",tabular,xgboost,h168,2026-01-04T23:00:00,2026-01-18T23:00:00,2026-02-15T23:00:00,,,42.0
2026-02-01 07:00:00,61.9,69.35887908935547,1.0,"Tema Community 7, Royal School",tabular,xgboost,h168,2026-01-04T23:00:00,2026-01-18T23:00:00,2026-02-15T23:00:00,,,42.0
2026-02-01 08:00:00,56.2,65.46543884277344,1.0,"Tema Community 7, Royal School",tabular,xgboost,h168,2026-01-04T23:00:00,2026-01-18T23:00:00,2026-02-15T23:00:00,,,42.0
2026-02-01 09:00:00,46.3,65.96865844726562,1.0,"Tema Community 7, Royal School",tabular,xgboost,h168,2026-01-04T23:00:00,2026-01-18T23:00:00,2026-02-15T23:00:00,,,42.0
2026-02-01 10:00:00,44.1,64.52893829345703,1.0,"Tema Community 7, Royal School",tabular,xgboost,h168,2026-01-04T23:00:00,2026-01-18T23:00:00,2026-02-15T23:00:00,,,42.0
2026-02-01 11:00:00,36.4,53.21560287475586,1.0,"Tema Community 7, Royal School",tabular,xgboost,h168,2026-01-04T23:00:00,2026-01-18T23:00:00,2026-02-15T23:00:00,,,42.0
2026-02-01 12:00:00,34.4,51.73276138305664,1.0,"Tema Community 7, Royal School",tabular,xgboost,h168,2026-01-04T23:00:00,2026-01-18T23:00:00,2026-02-15T23:00:00,,,42.0
2026-02-01 13:00:00,33.9,42.75251388549805,1.0,"Tema Community 7, Royal School",tabular,xgboost,h168,2026-01-04T23:00:00,2026-01-18T23:00:00,2026-02-15T23:00:00,,,42.0
2026-02-01 14:00:00,31.8,41.115394592285156,1.0,"Tema Community 7, Royal School",tabular,xgboost,h168,2026-01-04T23:00:00,2026-01-18T23:00:00,2026-02-15T23:00:00,,,42.0
2026-02-01 15:00:00,38.7,32.721866607666016,1.0,"Tema Community 7, Royal School",tabular,xgboost,h168,2026-01-04T23:00:00,2026-01-18T23:00:00,2026-02-15T23:00:00,,,42.0
2026-02-01 16:00:00,36.3,38.91362762451172,1.0,"Tema Community 7, Royal School",tabular,xgboost,h168,2026-01-04T23:00:00,2026-01-18T23:00:00,2026-02-15T23:00:00,,,42.0
2026-02-01 17:00:00,41.3,42.38765335083008,1.0,"Tema Community 7, Royal School",tabular,xgboost,h168,2026-01-04T23:00:00,2026-01-18T23:00:00,2026-02-15T23:00:00,,,42.0
2026-02-01 18:00:00,46.2,64.5748062133789,1.0,"Tema Community 7, Royal School",tabular,xgboost,h168,2026-01-04T23:00:00,2026-01-18T23:00:00,2026-02-15T23:00:00,,,42.0
2026-02-01 19:00:00,51.9,57.086097717285156,1.0,"Tema Community 7, Royal School",tabular,xgboost,h168,2026-01-04T23:00:00,2026-01-18T23:00:00,2026-02-15T23:00:00,,,42.0
2026-02-01 20:00:00,41.8,49.64040756225586,1.0,"Tema Community 7, Royal School",tabular,xgboost,h168,2026-01-04T23:00:00,2026-01-18T23:00:00,2026-02-15T23:00:00,,,42.0
2026-02-01 21:00:00,39.8,48.405948638916016,1.0,"Tema Community 7, Royal School",tabular,xgboost,h168,2026-01-04T23:00:00,2026-01-18T23:00:00,2026-02-15T23:00:00,,,42.0
2026-02-01 22:00:00,43.1,51.92407989501953,1.0,"Tema Community 7, Royal School",tabular,xgboost,h168,2026-01-04T23:00:00,2026-01-18T23:00:00,2026-02-15T23:00:00,,,42.0
2026-02-01 23:00:00,43.7,53.95005416870117,1.0,"Tema Community 7, Royal School",tabular,xgboost,h168,2026-01-04T23:00:00,2026-01-18T23:00:00,2026-02-15T23:00:00,,,42.0
2026-02-02 00:00:00,48.3,60.534725189208984,1.0,"Tema Community 7, Royal School",tabular,xgboost,h168,2026-01-04T23:00:00,2026-01-18T23:00:00,2026-02-15T23:00:00,,,42.0
2026-02-02 01:00:00,34.9,58.35251235961914,1.0,"Tema Community 7, Royal School",tabular,xgboost,h168,2026-01-04T23:00:00,2026-01-18T23:00:00,2026-02-15T23:00:00,,,42.0
2026-02-02 02:00:00,38.2,73.39328002929688,1.0,"Tema Community 7, Royal School",tabular,xgboost,h168,2026-01-04T23:00:00,2026-01-18T23:00:00,2026-02-15T23:00:00,,,42.0
2026-02-02 03:00:00,66.6,74.31306457519531,1.0,"Tema Community 7, Royal School",tabular,xgboost,h168,2026-01-04T23:00:00,2026-01-18T23:00:00,2026-02-15T23:00:00,,,42.0
2026-02-02 04:00:00,47.0,75.14224243164062,1.0,"Tema Community 7, Royal School",tabular,xgboost,h168,2026-01-04T23:00:00,2026-01-18T23:00:00,2026-02-15T23:00:00,,,42.0
2026-02-02 05:00:00,52.8,71.75955963134766,1.0,"Tema Community 7, Royal School",tabular,xgboost,h168,2026-01-04T23:00:00,2026-01-18T23:00:00,2026-02-15T23:00:00,,,42.0
2026-02-02 06:00:00,73.8,78.82673645019531,1.0,"Tema Community 7, Royal School",tabular,xgboost,h168,2026-01-04T23:00:00,2026-01-18T23:00:00,2026-02-15T23:00:00,,,42.0
2026-02-02 07:00:00,55.6,71.73333740234375,1.0,"Tema Community 7, Royal School",tabular,xgboost,h168,2026-01-04T23:00:00,2026-01-18T23:00:00,2026-02-15T23:00:00,,,42.0
2026-02-02 08:00:00,69.7,65.69015502929688,1.0,"Tema Community 7, Royal School",tabular,xgboost,h168,2026-01-04T23:00:00,2026-01-18T23:00:00,2026-02-15T23:00:00,,,42.0
2026-02-02 09:00:00,46.1,59.663150787353516,1.0,"Tema Community 7, Royal School",tabular,xgboost,h168,2026-01-04T23:00:00,2026-01-18T23:00:00,2026-02-15T23:00:00,,,42.0
2026-02-02 10:00:00,34.9,56.74254608154297,1.0,"Tema Community 7, Royal School",tabular,xgboost,h168,2026-01-04T23:00:00,2026-01-18T23:00:00,2026-02-15T23:00:00,,,42.0
2026-02-02 11:00:00,31.1,54.930782318115234,1.0,"Tema Community 7, Royal School",tabular,xgboost,h168,2026-01-04T23:00:00,2026-01-18T23:00:00,2026-02-15T23:00:00,,,42.0
2026-02-02 12:00:00,29.9,44.61945724487305,1.0,"Tema Community 7, Royal School",tabular,xgboost,h168,2026-01-04T23:00:00,2026-01-18T23:00:00,2026-02-15T23:00:00,,,42.0
2026-02-02 13:00:00,28.9,43.51667022705078,1.0,"Tema Community 7, Royal School",tabular,xgboost,h168,2026-01-04T23:00:00,2026-01-18T23:00:00,2026-02-15T23:00:00,,,42.0
2026-02-02 14:00:00,30.4,43.34038543701172,1.0,"Tema Community 7, Royal School",tabular,xgboost,h168,2026-01-04T23:00:00,2026-01-18T23:00:00,2026-02-15T23:00:00,,,42.0
2026-02-02 15:00:00,37.1,39.213748931884766,1.0,"Tema Community 7, Royal School",tabular,xgboost,h168,2026-01-04T23:00:00,2026-01-18T23:00:00,2026-02-15T23:00:00,,,42.0
2026-02-02 16:00:00,37.4,35.979122161865234,1.0,"Tema Community 7, Royal School",tabular,xgboost,h168,2026-01-04T23:00:00,2026-01-18T23:00:00,2026-02-15T23:00:00,,,42.0
2026-02-02 17:00:00,36.7,39.121097564697266,1.0,"Tema Community 7, Royal School",tabular,xgboost,h168,2026-01-04T23:00:00,2026-01-18T23:00:00,2026-02-15T23:00:00,,,42.0
2026-02-02 18:00:00,44.1,57.408355712890625,1.0,"Tema Community 7, Royal School",tabular,xgboost,h168,2026-01-04T23:00:00,2026-01-18T23:00:00,2026-02-15T23:00:00,,,42.0
2026-02-02 19:00:00,60.5,74.58293914794922,1.0,"Tema Community 7, Royal School",tabular,xgboost,h168,2026-01-04T23:00:00,2026-01-18T23:00:00,2026-02-15T23:00:00,,,42.0
2026-02-02 20:00:00,38.9,66.07328796386719,1.0,"Tema Community 7, Royal School",tabular,xgboost,h168,2026-01-04T23:00:00,2026-01-18T23:00:00,2026-02-15T23:00:00,,,42.0
2026-02-02 21:00:00,42.6,75.58777618408203,1.0,"Tema Community 7, Royal School",tabular,xgboost,h168,2026-01-04T23:00:00,2026-01-18T23:00:00,2026-02-15T23:00:00,,,42.0
2026-02-02 22:00:00,50.5,63.87041473388672,1.0,"Tema Community 7, Royal School",tabular,xgboost,h168,2026-01-04T23:00:00,2026-01-18T23:00:00,2026-02-15T23:00:00,,,42.0
2026-02-02 23:00:00,59.7,70.76439666748047,1.0,"Tema Community 7, Royal School",tabular,xgboost,h168,2026-01-04T23:00:00,2026-01-18T23:00:00,2026-02-15T23:00:00,,,42.0
2026-02-03 00:00:00,56.7,77.35394287109375,1.0,"Tema Community 7, Royal School",tabular,xgboost,h168,2026-01-04T23:00:00,2026-01-18T23:00:00,2026-02-15T23:00:00,,,42.0
2026-02-03 01:00:00,76.9,75.25173950195312,1.0,"Tema Community 7, Royal School",tabular,xgboost,h168,2026-01-04T23:00:00,2026-01-18T23:00:00,2026-02-15T23:00:00,,,42.0
2026-02-03 02:00:00,49.9,73.60675048828125,1.0,"Tema Community 7, Royal School",tabular,xgboost,h168,2026-01-04T23:00:00,2026-01-18T23:00:00,2026-02-15T23:00:00,,,42.0
2026-02-03 03:00:00,43.2,72.12167358398438,1.0,"Tema Community 7, Royal School",tabular,xgboost,h168,2026-01-04T23:00:00,2026-01-18T23:00:00,2026-02-15T23:00:00,,,42.0
2026-02-03 04:00:00,42.8,64.80683898925781,1.0,"Tema Community 7, Royal School",tabular,xgboost,h168,2026-01-04T23:00:00,2026-01-18T23:00:00,2026-02-15T23:00:00,,,42.0
2026-02-03 05:00:00,49.9,68.2071533203125,1.0,"Tema Community 7, Royal School",tabular,xgboost,h168,2026-01-04T23:00:00,2026-01-18T23:00:00,2026-02-15T23:00:00,,,42.0
2026-02-03 06:00:00,51.8,92.29232025146484,1.0,"Tema Community 7, Royal School",tabular,xgboost,h168,2026-01-04T23:00:00,2026-01-18T23:00:00,2026-02-15T23:00:00,,,42.0
2026-02-03 07:00:00,61.3,88.68147277832031,1.0,"Tema Community 7, Royal School",tabular,xgboost,h168,2026-01-04T23:00:00,2026-01-18T23:00:00,2026-02-15T23:00:00,,,42.0
2026-02-03 08:00:00,37.8,105.25060272216797,1.0,"Tema Community 7, Royal School",tabular,xgboost,h168,2026-01-04T23:00:00,2026-01-18T23:00:00,2026-02-15T23:00:00,,,42.0
2026-02-03 09:00:00,43.1,105.80049896240234,1.0,"Tema Community 7, Royal School",tabular,xgboost,h168,2026-01-04T23:00:00,2026-01-18T23:00:00,2026-02-15T23:00:00,,,42.0
2026-02-03 10:00:00,41.6,105.63529968261719,1.0,"Tema Community 7, Royal School",tabular,xgboost,h168,2026-01-04T23:00:00,2026-01-18T23:00:00,2026-02-15T23:00:00,,,42.0
2026-02-03 11:00:00,47.4,86.89764404296875,1.0,"Tema Community 7, Royal School",tabular,xgboost,h168,2026-01-04T23:00:00,2026-01-18T23:00:00,2026-02-15T23:00:00,,,42.0
2026-02-03 12:00:00,36.7,81.87979125976562,1.0,"Tema Community 7, Royal School",tabular,xgboost,h168,2026-01-04T23:00:00,2026-01-18T23:00:00,2026-02-15T23:00:00,,,42.0
2026-02-03 13:00:00,36.9,75.26934051513672,1.0,"Tema Community 7, Royal School",tabular,xgboost,h168,2026-01-04T23:00:00,2026-01-18T23:00:00,2026-02-15T23:00:00,,,42.0
2026-02-03 14:00:00,36.2,77.46178436279297,1.0,"Tema Community 7, Royal School",tabular,xgboost,h168,2026-01-04T23:00:00,2026-01-18T23:00:00,2026-02-15T23:00:00,,,42.0
2026-02-03 15:00:00,39.4,75.64093780517578,1.0,"Tema Community 7, Royal School",tabular,xgboost,h168,2026-01-04T23:00:00,2026-01-18T23:00:00,2026-02-15T23:00:00,,,42.0
2026-02-03 16:00:00,35.7,72.00228881835938,1.0,"Tema Community 7, Royal School",tabular,xgboost,h168,2026-01-04T23:00:00,2026-01-18T23:00:00,2026-02-15T23:00:00,,,42.0
2026-02-03 17:00:00,30.9,73.19225311279297,1.0,"Tema Community 7, Royal School",tabular,xgboost,h168,2026-01-04T23:00:00,2026-01-18T23:00:00,2026-02-15T23:00:00,,,42.0
2026-02-03 18:00:00,41.1,99.5644760131836,1.0,"Tema Community 7, Royal School",tabular,xgboost,h168,2026-01-04T23:00:00,2026-01-18T23:00:00,2026-02-15T23:00:00,,,42.0
2026-02-03 19:00:00,51.3,101.2071304321289,1.0,"Tema Community 7, Royal School",tabular,xgboost,h168,2026-01-04T23:00:00,2026-01-18T23:00:00,2026-02-15T23:00:00,,,42.0
2026-02-03 20:00:00,71.8,98.6220474243164,1.0,"Tema Community 7, Royal School",tabular,xgboost,h168,2026-01-04T23:00:00,2026-01-18T23:00:00,2026-02-15T23:00:00,,,42.0
2026-02-03 21:00:00,70.6,94.58844757080078,1.0,"Tema Community 7, Royal School",tabular,xgboost,h168,2026-01-04T23:00:00,2026-01-18T23:00:00,2026-02-15T23:00:00,,,42.0
2026-02-03 22:00:00,51.9,82.32818603515625,1.0,"Tema Community 7, Royal School",tabular,xgboost,h168,2026-01-04T23:00:00,2026-01-18T23:00:00,2026-02-15T23:00:00,,,42.0
2026-02-03 23:00:00,44.1,86.16145324707031,1.0,"Tema Community 7, Royal School",tabular,xgboost,h168,2026-01-04T23:00:00,2026-01-18T23:00:00,2026-02-15T23:00:00,,,42.0
2026-02-04 00:00:00,54.3,106.85240173339844,1.0,"Tema Community 7, Royal School",tabular,xgboost,h168,2026-01-04T23:00:00,2026-01-18T23:00:00,2026-02-15T23:00:00,,,42.0
2026-02-04 01:00:00,41.9,88.64922332763672,1.0,"Tema Community 7, Royal School",tabular,xgboost,h168,2026-01-04T23:00:00,2026-01-18T23:00:00,2026-02-15T23:00:00,,,42.0
2026-02-04 02:00:00,37.3,97.14920806884766,1.0,"Tema Community 7, Royal School",tabular,xgboost,h168,2026-01-04T23:00:00,2026-01-18T23:00:00,2026-02-15T23:00:00,,,42.0
2026-02-04 03:00:00,44.3,91.9471664428711,1.0,"Tema Community 7, Royal School",tabular,xgboost,h168,2026-01-04T23:00:00,2026-01-18T23:00:00,2026-02-15T23:00:00,,,42.0
2026-02-04 04:00:00,55.4,100.53272247314453,1.0,"Tema Community 7, Royal School",tabular,xgboost,h168,2026-01-04T23:00:00,2026-01-18T23:00:00,2026-02-15T23:00:00,,,42.0
2026-02-04 05:00:00,86.9,100.45658874511719,1.0,"Tema Community 7, Royal School",tabular,xgboost,h168,2026-01-04T23:00:00,2026-01-18T23:00:00,2026-02-15T23:00:00,,,42.0
2026-02-04 06:00:00,93.6,111.01216888427734,1.0,"Tema Community 7, Royal School",tabular,xgboost,h168,2026-01-04T23:00:00,2026-01-18T23:00:00,2026-02-15T23:00:00,,,42.0
2026-02-04 07:00:00,86.1,120.13864135742188,1.0,"Tema Community 7, Royal School",tabular,xgboost,h168,2026-01-04T23:00:00,2026-01-18T23:00:00,2026-02-15T23:00:00,,,42.0
2026-02-04 08:00:00,62.2,105.28695678710938,1.0,"Tema Community 7, Royal School",tabular,xgboost,h168,2026-01-04T23:00:00,2026-01-18T23:00:00,2026-02-15T23:00:00,,,42.0
2026-02-04 09:00:00,68.6,98.64039611816406,1.0,"Tema Community 7, Royal School",tabular,xgboost,h168,2026-01-04T23:00:00,2026-01-18T23:00:00,2026-02-15T23:00:00,,,42.0
2026-02-04 10:00:00,53.2,93.54499053955078,1.0,"Tema Community 7, Royal School",tabular,xgboost,h168,2026-01-04T23:00:00,2026-01-18T23:00:00,2026-02-15T23:00:00,,,42.0
2026-02-04 11:00:00,54.6,88.84806060791016,1.0,"Tema Community 7, Royal School",tabular,xgboost,h168,2026-01-04T23:00:00,2026-01-18T23:00:00,2026-02-15T23:00:00,,,42.0
2026-02-04 12:00:00,38.3,88.33917236328125,1.0,"Tema Community 7, Royal School",tabular,xgboost,h168,2026-01-04T23:00:00,2026-01-18T23:00:00,2026-02-15T23:00:00,,,42.0
2026-02-04 13:00:00,35.4,92.060302734375,1.0,"Tema Community 7, Royal School",tabular,xgboost,h168,2026-01-04T23:00:00,2026-01-18T23:00:00,2026-02-15T23:00:00,,,42.0
2026-02-04 14:00:00,32.6,83.50155639648438,1.0,"Tema Community 7, Royal School",tabular,xgboost,h168,2026-01-04T23:00:00,2026-01-18T23:00:00,2026-02-15T23:00:00,,,42.0
2026-02-04 15:00:00,31.2,85.5294189453125,1.0,"Tema Community 7, Royal School",tabular,xgboost,h168,2026-01-04T23:00:00,2026-01-18T23:00:00,2026-02-15T23:00:00,,,42.0
2026-02-04 16:00:00,24.0,79.59598541259766,1.0,"Tema Community 7, Royal School",tabular,xgboost,h168,2026-01-04T23:00:00,2026-01-18T23:00:00,2026-02-15T23:00:00,,,42.0
2026-02-04 17:00:00,27.6,101.53133392333984,1.0,"Tema Community 7, Royal School",tabular,xgboost,h168,2026-01-04T23:00:00,2026-01-18T23:00:00,2026-02-15T23:00:00,,,42.0
2026-02-04 18:00:00,26.2,102.25630950927734,1.0,"Tema Community 7, Royal School",tabular,xgboost,h168,2026-01-04T23:00:00,2026-01-18T23:00:00,2026-02-15T23:00:00,,,42.0
2026-02-04 19:00:00,26.1,95.16950988769531,1.0,"Tema Community 7, Royal School",tabular,xgboost,h168,2026-01-04T23:00:00,2026-01-18T23:00:00,2026-02-15T23:00:00,,,42.0
2026-02-04 20:00:00,17.6,99.40644836425781,1.0,"Tema Community 7, Royal School",tabular,xgboost,h168,2026-01-04T23:00:00,2026-01-18T23:00:00,2026-02-15T23:00:00,,,42.0
2026-02-04 21:00:00,26.8,98.0679702758789,1.0,"Tema Community 7, Royal School",tabular,xgboost,h168,2026-01-04T23:00:00,2026-01-18T23:00:00,2026-02-15T23:00:00,,,42.0
2026-02-04 22:00:00,31.4,107.2358169555664,1.0,"Tema Community 7, Royal School",tabular,xgboost,h168,2026-01-04T23:00:00,2026-01-18T23:00:00,2026-02-15T23:00:00,,,42.0
2026-02-04 23:00:00,41.8,114.07740783691406,1.0,"Tema Community 7, Royal School",tabular,xgboost,h168,2026-01-04T23:00:00,2026-01-18T23:00:00,2026-02-15T23:00:00,,,42.0
2026-02-05 00:00:00,42.2,119.5531005859375,1.0,"Tema Community 7, Royal School",tabular,xgboost,h168,2026-01-04T23:00:00,2026-01-18T23:00:00,2026-02-15T23:00:00,,,42.0
2026-02-05 01:00:00,52.7,107.4485855102539,1.0,"Tema Community 7, Royal School",tabular,xgboost,h168,2026-01-04T23:00:00,2026-01-18T23:00:00,2026-02-15T23:00:00,,,42.0
2026-02-05 02:00:00,46.2,107.03816223144531,1.0,"Tema Community 7, Royal School",tabular,xgboost,h168,2026-01-04T23:00:00,2026-01-18T23:00:00,2026-02-15T23:00:00,,,42.0
2026-02-05 03:00:00,41.3,103.56649780273438,1.0,"Tema Community 7, Royal School",tabular,xgboost,h168,2026-01-04T23:00:00,2026-01-18T23:00:00,2026-02-15T23:00:00,,,42.0
2026-02-05 04:00:00,36.6,93.33877563476562,1.0,"Tema Community 7, Royal School",tabular,xgboost,h168,2026-01-04T23:00:00,2026-01-18T23:00:00,2026-02-15T23:00:00,,,42.0
2026-02-05 05:00:00,54.7,105.03315734863281,1.0,"Tema Community 7, Royal School",tabular,xgboost,h168,2026-01-04T23:00:00,2026-01-18T23:00:00,2026-02-15T23:00:00,,,42.0
2026-02-05 06:00:00,62.3,112.92747497558594,1.0,"Tema Community 7, Royal School",tabular,xgboost,h168,2026-01-04T23:00:00,2026-01-18T23:00:00,2026-02-15T23:00:00,,,42.0
2026-02-05 07:00:00,44.9,112.5451889038086,1.0,"Tema Community 7, Royal School",tabular,xgboost,h168,2026-01-04T23:00:00,2026-01-18T23:00:00,2026-02-15T23:00:00,,,42.0
2026-02-05 08:00:00,33.6,107.31849670410156,1.0,"Tema Community 7, Royal School",tabular,xgboost,h168,2026-01-04T23:00:00,2026-01-18T23:00:00,2026-02-15T23:00:00,,,42.0
2026-02-05 09:00:00,27.2,99.69441223144531,1.0,"Tema Community 7, Royal School",tabular,xgboost,h168,2026-01-04T23:00:00,2026-01-18T23:00:00,2026-02-15T23:00:00,,,42.0
2026-02-05 10:00:00,22.3,89.46991729736328,1.0,"Tema Community 7, Royal School",tabular,xgboost,h168,2026-01-04T23:00:00,2026-01-18T23:00:00,2026-02-15T23:00:00,,,42.0
2026-02-05 11:00:00,19.5,90.35281372070312,1.0,"Tema Community 7, Royal School",tabular,xgboost,h168,2026-01-04T23:00:00,2026-01-18T23:00:00,2026-02-15T23:00:00,,,42.0
2026-02-05 12:00:00,20.5,90.05630493164062,1.0,"Tema Community 7, Royal School",tabular,xgboost,h168,2026-01-04T23:00:00,2026-01-18T23:00:00,2026-02-15T23:00:00,,,42.0
2026-02-05 13:00:00,19.7,90.2928466796875,1.0,"Tema Community 7, Royal School",tabular,xgboost,h168,2026-01-04T23:00:00,2026-01-18T23:00:00,2026-02-15T23:00:00,,,42.0
2026-02-05 14:00:00,23.2,90.6185302734375,1.0,"Tema Community 7, Royal School",tabular,xgboost,h168,2026-01-04T23:00:00,2026-01-18T23:00:00,2026-02-15T23:00:00,,,42.0
2026-02-05 15:00:00,36.7,97.55229187011719,1.0,"Tema Community 7, Royal School",tabular,xgboost,h168,2026-01-04T23:00:00,2026-01-18T23:00:00,2026-02-15T23:00:00,,,42.0
2026-02-05 16:00:00,30.8,80.0733642578125,1.0,"Tema Community 7, Royal School",tabular,xgboost,h168,2026-01-04T23:00:00,2026-01-18T23:00:00,2026-02-15T23:00:00,,,42.0
2026-02-05 17:00:00,27.9,97.1037368774414,1.0,"Tema Community 7, Royal School",tabular,xgboost,h168,2026-01-04T23:00:00,2026-01-18T23:00:00,2026-02-15T23:00:00,,,42.0
2026-02-05 18:00:00,28.1,93.92806243896484,1.0,"Tema Community 7, Royal School",tabular,xgboost,h168,2026-01-04T23:00:00,2026-01-18T23:00:00,2026-02-15T23:00:00,,,42.0
2026-02-05 19:00:00,31.2,102.0748062133789,1.0,"Tema Community 7, Royal School",tabular,xgboost,h168,2026-01-04T23:00:00,2026-01-18T23:00:00,2026-02-15T23:00:00,,,42.0
2026-02-05 20:00:00,44.4,109.30302429199219,1.0,"Tema Community 7, Royal School",tabular,xgboost,h168,2026-01-04T23:00:00,2026-01-18T23:00:00,2026-02-15T23:00:00,,,42.0
2026-02-05 21:00:00,27.9,104.14998626708984,1.0,"Tema Community 7, Royal School",tabular,xgboost,h168,2026-01-04T23:00:00,2026-01-18T23:00:00,2026-02-15T23:00:00,,,42.0
2026-02-05 22:00:00,25.6,102.80261993408203,1.0,"Tema Community 7, Royal School",tabular,xgboost,h168,2026-01-04T23:00:00,2026-01-18T23:00:00,2026-02-15T23:00:00,,,42.0
2026-02-05 23:00:00,26.7,112.36273956298828,1.0,"Tema Community 7, Royal School",tabular,xgboost,h168,2026-01-04T23:00:00,2026-01-18T23:00:00,2026-02-15T23:00:00,,,42.0
2026-02-06 00:00:00,25.2,104.66065216064453,1.0,"Tema Community 7, Royal School",tabular,xgboost,h168,2026-01-04T23:00:00,2026-01-18T23:00:00,2026-02-15T23:00:00,,,42.0
2026-02-06 01:00:00,22.5,103.7821273803711,1.0,"Tema Community 7, Royal School",tabular,xgboost,h168,2026-01-04T23:00:00,2026-01-18T23:00:00,2026-02-15T23:00:00,,,42.0
2026-02-06 02:00:00,21.8,98.25116729736328,1.0,"Tema Community 7, Royal School",tabular,xgboost,h168,2026-01-04T23:00:00,2026-01-18T23:00:00,2026-02-15T23:00:00,,,42.0
2026-02-06 03:00:00,29.9,100.12240600585938,1.0,"Tema Community 7, Royal School",tabular,xgboost,h168,2026-01-04T23:00:00,2026-01-18T23:00:00,2026-02-15T23:00:00,,,42.0
2026-02-06 04:00:00,31.3,106.4299087524414,1.0,"Tema Community 7, Royal School",tabular,xgboost,h168,2026-01-04T23:00:00,2026-01-18T23:00:00,2026-02-15T23:00:00,,,42.0
2026-02-06 05:00:00,34.2,102.3429946899414,1.0,"Tema Community 7, Royal School",tabular,xgboost,h168,2026-01-04T23:00:00,2026-01-18T23:00:00,2026-02-15T23:00:00,,,42.0
2026-02-06 06:00:00,67.8,118.5641860961914,1.0,"Tema Community 7, Royal School",tabular,xgboost,h168,2026-01-04T23:00:00,2026-01-18T23:00:00,2026-02-15T23:00:00,,,42.0
2026-02-06 07:00:00,74.9,127.92300415039062,1.0,"Tema Community 7, Royal School",tabular,xgboost,h168,2026-01-04T23:00:00,2026-01-18T23:00:00,2026-02-15T23:00:00,,,42.0
2026-02-06 08:00:00,43.4,116.94303894042969,1.0,"Tema Community 7, Royal School",tabular,xgboost,h168,2026-01-04T23:00:00,2026-01-18T23:00:00,2026-02-15T23:00:00,,,42.0
2026-02-06 09:00:00,36.3,122.45671081542969,1.0,"Tema Community 7, Royal School",tabular,xgboost,h168,2026-01-04T23:00:00,2026-01-18T23:00:00,2026-02-15T23:00:00,,,42.0
2026-02-06 10:00:00,29.8,115.21987915039062,1.0,"Tema Community 7, Royal School",tabular,xgboost,h168,2026-01-04T23:00:00,2026-01-18T23:00:00,2026-02-15T23:00:00,,,42.0
2026-02-06 11:00:00,22.9,102.24040985107422,1.0,"Tema Community 7, Royal School",tabular,xgboost,h168,2026-01-04T23:00:00,2026-01-18T23:00:00,2026-02-15T23:00:00,,,42.0
2026-02-06 12:00:00,22.3,116.89796447753906,1.0,"Tema Community 7, Royal School",tabular,xgboost,h168,2026-01-04T23:00:00,2026-01-18T23:00:00,2026-02-15T23:00:00,,,42.0
2026-02-06 13:00:00,19.5,106.24816131591797,1.0,"Tema Community 7, Royal School",tabular,xgboost,h168,2026-01-04T23:00:00,2026-01-18T23:00:00,2026-02-15T23:00:00,,,42.0
2026-02-06 14:00:00,21.5,97.6374740600586,1.0,"Tema Community 7, Royal School",tabular,xgboost,h168,2026-01-04T23:00:00,2026-01-18T23:00:00,2026-02-15T23:00:00,,,42.0
2026-02-06 15:00:00,22.8,90.86573028564453,1.0,"Tema Community 7, Royal School",tabular,xgboost,h168,2026-01-04T23:00:00,2026-01-18T23:00:00,2026-02-15T23:00:00,,,42.0
2026-02-06 16:00:00,22.9,85.5259017944336,1.0,"Tema Community 7, Royal School",tabular,xgboost,h168,2026-01-04T23:00:00,2026-01-18T23:00:00,2026-02-15T23:00:00,,,42.0
2026-02-06 17:00:00,31.5,97.37440490722656,1.0,"Tema Community 7, Royal School",tabular,xgboost,h168,2026-01-04T23:00:00,2026-01-18T23:00:00,2026-02-15T23:00:00,,,42.0
2026-02-06 18:00:00,37.6,116.65326690673828,1.0,"Tema Community 7, Royal School",tabular,xgboost,h168,2026-01-04T23:00:00,2026-01-18T23:00:00,2026-02-15T23:00:00,,,42.0
2026-02-06 19:00:00,31.7,116.28321075439453,1.0,"Tema Community 7, Royal School",tabular,xgboost,h168,2026-01-04T23:00:00,2026-01-18T23:00:00,2026-02-15T23:00:00,,,42.0
2026-02-06 20:00:00,46.3,107.4911880493164,1.0,"Tema Community 7, Royal School",tabular,xgboost,h168,2026-01-04T23:00:00,2026-01-18T23:00:00,2026-02-15T23:00:00,,,42.0
2026-02-06 21:00:00,30.5,104.31759643554688,1.0,"Tema Community 7, Royal School",tabular,xgboost,h168,2026-01-04T23:00:00,2026-01-18T23:00:00,2026-02-15T23:00:00,,,42.0
2026-02-06 22:00:00,39.0,105.49101257324219,1.0,"Tema Community 7, Royal School",tabular,xgboost,h168,2026-01-04T23:00:00,2026-01-18T23:00:00,2026-02-15T23:00:00,,,42.0
2026-02-06 23:00:00,28.1,106.75494384765625,1.0,"Tema Community 7, Royal School",tabular,xgboost,h168,2026-01-04T23:00:00,2026-01-18T23:00:00,2026-02-15T23:00:00,,,42.0
2026-02-07 00:00:00,29.7,112.10440826416016,1.0,"Tema Community 7, Royal School",tabular,xgboost,h168,2026-01-04T23:00:00,2026-01-18T23:00:00,2026-02-15T23:00:00,,,42.0
2026-02-07 01:00:00,29.6,119.63916015625,1.0,"Tema Community 7, Royal School",tabular,xgboost,h168,2026-01-04T23:00:00,2026-01-18T23:00:00,2026-02-15T23:00:00,,,42.0
2026-02-07 02:00:00,29.8,113.6222915649414,1.0,"Tema Community 7, Royal School",tabular,xgboost,h168,2026-01-04T23:00:00,2026-01-18T23:00:00,2026-02-15T23:00:00,,,42.0
2026-02-07 03:00:00,37.7,113.2880859375,1.0,"Tema Community 7, Royal School",tabular,xgboost,h168,2026-01-04T23:00:00,2026-01-18T23:00:00,2026-02-15T23:00:00,,,42.0
2026-02-07 04:00:00,32.6,111.36380004882812,1.0,"Tema Community 7, Royal School",tabular,xgboost,h168,2026-01-04T23:00:00,2026-01-18T23:00:00,2026-02-15T23:00:00,,,42.0
2026-02-07 05:00:00,41.9,115.37727355957031,1.0,"Tema Community 7, Royal School",tabular,xgboost,h168,2026-01-04T23:00:00,2026-01-18T23:00:00,2026-02-15T23:00:00,,,42.0
2026-02-07 06:00:00,53.0,131.53114318847656,1.0,"Tema Community 7, Royal School",tabular,xgboost,h168,2026-01-04T23:00:00,2026-01-18T23:00:00,2026-02-15T23:00:00,,,42.0
2026-02-07 07:00:00,52.0,132.2776336669922,1.0,"Tema Community 7, Royal School",tabular,xgboost,h168,2026-01-04T23:00:00,2026-01-18T23:00:00,2026-02-15T23:00:00,,,42.0
2026-02-07 08:00:00,41.5,121.56240844726562,1.0,"Tema Community 7, Royal School",tabular,xgboost,h168,2026-01-04T23:00:00,2026-01-18T23:00:00,2026-02-15T23:00:00,,,42.0
2026-02-07 09:00:00,35.1,126.15214538574219,1.0,"Tema Community 7, Royal School",tabular,xgboost,h168,2026-01-04T23:00:00,2026-01-18T23:00:00,2026-02-15T23:00:00,,,42.0
2026-02-07 10:00:00,26.9,128.17457580566406,1.0,"Tema Community 7, Royal School",tabular,xgboost,h168,2026-01-04T23:00:00,2026-01-18T23:00:00,2026-02-15T23:00:00,,,42.0
2026-02-07 11:00:00,23.4,118.56379699707031,1.0,"Tema Community 7, Royal School",tabular,xgboost,h168,2026-01-04T23:00:00,2026-01-18T23:00:00,2026-02-15T23:00:00,,,42.0
2026-02-07 12:00:00,20.9,107.16272735595703,1.0,"Tema Community 7, Royal School",tabular,xgboost,h168,2026-01-04T23:00:00,2026-01-18T23:00:00,2026-02-15T23:00:00,,,42.0
2026-02-07 13:00:00,20.0,91.62908935546875,1.0,"Tema Community 7, Royal School",tabular,xgboost,h168,2026-01-04T23:00:00,2026-01-18T23:00:00,2026-02-15T23:00:00,,,42.0
2026-02-07 14:00:00,20.1,105.40522766113281,1.0,"Tema Community 7, Royal School",tabular,xgboost,h168,2026-01-04T23:00:00,2026-01-18T23:00:00,2026-02-15T23:00:00,,,42.0
2026-02-07 15:00:00,21.1,104.68595123291016,1.0,"Tema Community 7, Royal School",tabular,xgboost,h168,2026-01-04T23:00:00,2026-01-18T23:00:00,2026-02-15T23:00:00,,,42.0
2026-02-07 16:00:00,21.7,110.81285095214844,1.0,"Tema Community 7, Royal School",tabular,xgboost,h168,2026-01-04T23:00:00,2026-01-18T23:00:00,2026-02-15T23:00:00,,,42.0
2026-02-07 17:00:00,26.2,114.3927001953125,1.0,"Tema Community 7, Royal School",tabular,xgboost,h168,2026-01-04T23:00:00,2026-01-18T23:00:00,2026-02-15T23:00:00,,,42.0
2026-02-07 18:00:00,28.9,124.14932250976562,1.0,"Tema Community 7, Royal School",tabular,xgboost,h168,2026-01-04T23:00:00,2026-01-18T23:00:00,2026-02-15T23:00:00,,,42.0
2026-02-07 19:00:00,29.0,131.67491149902344,1.0,"Tema Community 7, Royal School",tabular,xgboost,h168,2026-01-04T23:00:00,2026-01-18T23:00:00,2026-02-15T23:00:00,,,42.0
2026-02-07 20:00:00,30.4,129.3805389404297,1.0,"Tema Community 7, Royal School",tabular,xgboost,h168,2026-01-04T23:00:00,2026-01-18T23:00:00,2026-02-15T23:00:00,,,42.0
2026-02-07 21:00:00,34.6,115.8780288696289,1.0,"Tema Community 7, Royal School",tabular,xgboost,h168,2026-01-04T23:00:00,2026-01-18T23:00:00,2026-02-15T23:00:00,,,42.0
2026-02-07 22:00:00,40.5,101.44725799560547,1.0,"Tema Community 7, Royal School",tabular,xgboost,h168,2026-01-04T23:00:00,2026-01-18T23:00:00,2026-02-15T23:00:00,,,42.0
2026-02-07 23:00:00,34.0,97.5618667602539,1.0,"Tema Community 7, Royal School",tabular,xgboost,h168,2026-01-04T23:00:00,2026-01-18T23:00:00,2026-02-15T23:00:00,,,42.0
2026-02-08 00:00:00,37.7,94.6886215209961,1.0,"Tema Community 7, Royal School",tabular,xgboost,h168,2026-01-04T23:00:00,2026-01-18T23:00:00,2026-02-15T23:00:00,,,42.0
2026-02-08 01:00:00,44.8,100.67002868652344,1.0,"Tema Community 7, Royal School",tabular,xgboost,h168,2026-01-04T23:00:00,2026-01-18T23:00:00,2026-02-15T23:00:00,,,42.0
2026-02-08 02:00:00,39.3,106.9726333618164,1.0,"Tema Community 7, Royal School",tabular,xgboost,h168,2026-01-04T23:00:00,2026-01-18T23:00:00,2026-02-15T23:00:00,,,42.0
2026-02-08 03:00:00,37.5,96.92035675048828,1.0,"Tema Community 7, Royal School",tabular,xgboost,h168,2026-01-04T23:00:00,2026-01-18T23:00:00,2026-02-15T23:00:00,,,42.0
2026-02-08 04:00:00,47.0,96.55821990966797,1.0,"Tema Community 7, Royal School",tabular,xgboost,h168,2026-01-04T23:00:00,2026-01-18T23:00:00,2026-02-15T23:00:00,,,42.0
2026-02-08 05:00:00,36.6,102.72466278076172,1.0,"Tema Community 7, Royal School",tabular,xgboost,h168,2026-01-04T23:00:00,2026-01-18T23:00:00,2026-02-15T23:00:00,,,42.0
2026-02-08 06:00:00,86.1,105.94900512695312,1.0,"Tema Community 7, Royal School",tabular,xgboost,h168,2026-01-04T23:00:00,2026-01-18T23:00:00,2026-02-15T23:00:00,,,42.0
2026-02-08 07:00:00,87.6,127.52913665771484,1.0,"Tema Community 7, Royal School",tabular,xgboost,h168,2026-01-04T23:00:00,2026-01-18T23:00:00,2026-02-15T23:00:00,,,42.0
2026-02-08 08:00:00,49.8,137.1627197265625,1.0,"Tema Community 7, Royal School",tabular,xgboost,h168,2026-01-04T23:00:00,2026-01-18T23:00:00,2026-02-15T23:00:00,,,42.0
2026-02-08 09:00:00,44.9,134.02899169921875,1.0,"Tema Community 7, Royal School",tabular,xgboost,h168,2026-01-04T23:00:00,2026-01-18T23:00:00,2026-02-15T23:00:00,,,42.0
2026-02-08 10:00:00,41.4,125.79025268554688,1.0,"Tema Community 7, Royal School",tabular,xgboost,h168,2026-01-04T23:00:00,2026-01-18T23:00:00,2026-02-15T23:00:00,,,42.0
2026-02-08 11:00:00,30.3,125.84003448486328,1.0,"Tema Community 7, Royal School",tabular,xgboost,h168,2026-01-04T23:00:00,2026-01-18T23:00:00,2026-02-15T23:00:00,,,42.0
2026-02-08 12:00:00,23.8,132.65805053710938,1.0,"Tema Community 7, Royal School",tabular,xgboost,h168,2026-01-04T23:00:00,2026-01-18T23:00:00,2026-02-15T23:00:00,,,42.0
2026-02-08 13:00:00,20.0,136.0345458984375,1.0,"Tema Community 7, Royal School",tabular,xgboost,h168,2026-01-04T23:00:00,2026-01-18T23:00:00,2026-02-15T23:00:00,,,42.0
2026-02-08 14:00:00,19.2,132.95094299316406,1.0,"Tema Community 7, Royal School",tabular,xgboost,h168,2026-01-04T23:00:00,2026-01-18T23:00:00,2026-02-15T23:00:00,,,42.0
2026-02-08 15:00:00,23.3,133.60049438476562,1.0,"Tema Community 7, Royal School",tabular,xgboost,h168,2026-01-04T23:00:00,2026-01-18T23:00:00,2026-02-15T23:00:00,,,42.0
2026-02-08 16:00:00,22.8,144.04782104492188,1.0,"Tema Community 7, Royal School",tabular,xgboost,h168,2026-01-04T23:00:00,2026-01-18T23:00:00,2026-02-15T23:00:00,,,42.0
2026-02-08 17:00:00,25.4,114.91085052490234,1.0,"Tema Community 7, Royal School",tabular,xgboost,h168,2026-01-04T23:00:00,2026-01-18T23:00:00,2026-02-15T23:00:00,,,42.0
2026-02-08 18:00:00,33.4,108.65363311767578,1.0,"Tema Community 7, Royal School",tabular,xgboost,h168,2026-01-04T23:00:00,2026-01-18T23:00:00,2026-02-15T23:00:00,,,42.0
2026-02-08 19:00:00,25.6,114.80944061279297,1.0,"Tema Community 7, Royal School",tabular,xgboost,h168,2026-01-04T23:00:00,2026-01-18T23:00:00,2026-02-15T23:00:00,,,42.0
2026-02-08 20:00:00,27.9,109.82415008544922,1.0,"Tema Community 7, Royal School",tabular,xgboost,h168,2026-01-04T23:00:00,2026-01-18T23:00:00,2026-02-15T23:00:00,,,42.0
2026-02-08 21:00:00,27.2,98.36692810058594,1.0,"Tema Community 7, Royal School",tabular,xgboost,h168,2026-01-04T23:00:00,2026-01-18T23:00:00,2026-02-15T23:00:00,,,42.0
2026-02-08 22:00:00,23.8,101.1435775756836,1.0,"Tema Community 7, Royal School",tabular,xgboost,h168,2026-01-04T23:00:00,2026-01-18T23:00:00,2026-02-15T23:00:00,,,42.0
2026-02-08 23:00:00,25.2,101.20828247070312,1.0,"Tema Community 7, Royal School",tabular,xgboost,h168,2026-01-04T23:00:00,2026-01-18T23:00:00,2026-02-15T23:00:00,,,42.0
2026-02-09 00:00:00,27.9,107.48026275634766,1.0,"Tema Community 7, Royal School",tabular,xgboost,h168,2026-01-04T23:00:00,2026-01-18T23:00:00,2026-02-15T23:00:00,,,42.0
2026-02-09 01:00:00,57.1,112.32803344726562,1.0,"Tema Community 7, Royal School",tabular,xgboost,h168,2026-01-04T23:00:00,2026-01-18T23:00:00,2026-02-15T23:00:00,,,42.0
2026-02-09 02:00:00,20.1,114.87205505371094,1.0,"Tema Community 7, Royal School",tabular,xgboost,h168,2026-01-04T23:00:00,2026-01-18T23:00:00,2026-02-15T23:00:00,,,42.0
2026-02-09 03:00:00,20.2,109.2536392211914,1.0,"Tema Community 7, Royal School",tabular,xgboost,h168,2026-01-04T23:00:00,2026-01-18T23:00:00,2026-02-15T23:00:00,,,42.0
2026-02-09 04:00:00,24.8,104.75494384765625,1.0,"Tema Community 7, Royal School",tabular,xgboost,h168,2026-01-04T23:00:00,2026-01-18T23:00:00,2026-02-15T23:00:00,,,42.0
2026-02-09 05:00:00,29.7,111.47855377197266,1.0,"Tema Community 7, Royal School",tabular,xgboost,h168,2026-01-04T23:00:00,2026-01-18T23:00:00,2026-02-15T23:00:00,,,42.0
2026-02-09 06:00:00,43.6,121.96634674072266,1.0,"Tema Community 7, Royal School",tabular,xgboost,h168,2026-01-04T23:00:00,2026-01-18T23:00:00,2026-02-15T23:00:00,,,42.0
2026-02-09 07:00:00,44.1,127.25927734375,1.0,"Tema Community 7, Royal School",tabular,xgboost,h168,2026-01-04T23:00:00,2026-01-18T23:00:00,2026-02-15T23:00:00,,,42.0
2026-02-09 08:00:00,43.2,108.88056182861328,1.0,"Tema Community 7, Royal School",tabular,xgboost,h168,2026-01-04T23:00:00,2026-01-18T23:00:00,2026-02-15T23:00:00,,,42.0
2026-02-09 09:00:00,34.5,104.88372802734375,1.0,"Tema Community 7, Royal School",tabular,xgboost,h168,2026-01-04T23:00:00,2026-01-18T23:00:00,2026-02-15T23:00:00,,,42.0
2026-02-09 10:00:00,34.0,107.43130493164062,1.0,"Tema Community 7, Royal School",tabular,xgboost,h168,2026-01-04T23:00:00,2026-01-18T23:00:00,2026-02-15T23:00:00,,,42.0
2026-02-09 11:00:00,23.9,114.32734680175781,1.0,"Tema Community 7, Royal School",tabular,xgboost,h168,2026-01-04T23:00:00,2026-01-18T23:00:00,2026-02-15T23:00:00,,,42.0
2026-02-09 12:00:00,20.1,113.32893371582031,1.0,"Tema Community 7, Royal School",tabular,xgboost,h168,2026-01-04T23:00:00,2026-01-18T23:00:00,2026-02-15T23:00:00,,,42.0
2026-02-09 13:00:00,18.5,98.0130615234375,1.0,"Tema Community 7, Royal School",tabular,xgboost,h168,2026-01-04T23:00:00,2026-01-18T23:00:00,2026-02-15T23:00:00,,,42.0
2026-02-09 14:00:00,19.5,133.66525268554688,1.0,"Tema Community 7, Royal School",tabular,xgboost,h168,2026-01-04T23:00:00,2026-01-18T23:00:00,2026-02-15T23:00:00,,,42.0
2026-02-09 15:00:00,22.8,143.17860412597656,1.0,"Tema Community 7, Royal School",tabular,xgboost,h168,2026-01-04T23:00:00,2026-01-18T23:00:00,2026-02-15T23:00:00,,,42.0
2026-02-09 16:00:00,19.6,133.0617218017578,1.0,"Tema Community 7, Royal School",tabular,xgboost,h168,2026-01-04T23:00:00,2026-01-18T23:00:00,2026-02-15T23:00:00,,,42.0
2026-02-09 17:00:00,24.8,145.23826599121094,1.0,"Tema Community 7, Royal School",tabular,xgboost,h168,2026-01-04T23:00:00,2026-01-18T23:00:00,2026-02-15T23:00:00,,,42.0
2026-02-09 18:00:00,26.4,130.94268798828125,1.0,"Tema Community 7, Royal School",tabular,xgboost,h168,2026-01-04T23:00:00,2026-01-18T23:00:00,2026-02-15T23:00:00,,,42.0
2026-02-09 19:00:00,27.0,108.53242492675781,1.0,"Tema Community 7, Royal School",tabular,xgboost,h168,2026-01-04T23:00:00,2026-01-18T23:00:00,2026-02-15T23:00:00,,,42.0
2026-02-09 20:00:00,25.4,101.3367691040039,1.0,"Tema Community 7, Royal School",tabular,xgboost,h168,2026-01-04T23:00:00,2026-01-18T23:00:00,2026-02-15T23:00:00,,,42.0
2026-02-09 21:00:00,26.3,101.54730224609375,1.0,"Tema Community 7, Royal School",tabular,xgboost,h168,2026-01-04T23:00:00,2026-01-18T23:00:00,2026-02-15T23:00:00,,,42.0
2026-02-09 22:00:00,25.5,106.10757446289062,1.0,"Tema Community 7, Royal School",tabular,xgboost,h168,2026-01-04T23:00:00,2026-01-18T23:00:00,2026-02-15T23:00:00,,,42.0
2026-02-09 23:00:00,27.6,98.03070068359375,1.0,"Tema Community 7, Royal School",tabular,xgboost,h168,2026-01-04T23:00:00,2026-01-18T23:00:00,2026-02-15T23:00:00,,,42.0
2026-02-10 00:00:00,28.4,101.94998168945312,1.0,"Tema Community 7, Royal School",tabular,xgboost,h168,2026-01-04T23:00:00,2026-01-18T23:00:00,2026-02-15T23:00:00,,,42.0
2026-02-10 01:00:00,34.9,110.84048461914062,1.0,"Tema Community 7, Royal School",tabular,xgboost,h168,2026-01-04T23:00:00,2026-01-18T23:00:00,2026-02-15T23:00:00,,,42.0
2026-02-10 02:00:00,29.3,101.16291046142578,1.0,"Tema Community 7, Royal School",tabular,xgboost,h168,2026-01-04T23:00:00,2026-01-18T23:00:00,2026-02-15T23:00:00,,,42.0
2026-02-10 03:00:00,19.6,102.67750549316406,1.0,"Tema Community 7, Royal School",tabular,xgboost,h168,2026-01-04T23:00:00,2026-01-18T23:00:00,2026-02-15T23:00:00,,,42.0
2026-02-10 04:00:00,27.0,99.28265380859375,1.0,"Tema Community 7, Royal School",tabular,xgboost,h168,2026-01-04T23:00:00,2026-01-18T23:00:00,2026-02-15T23:00:00,,,42.0
2026-02-10 05:00:00,40.7,106.023193359375,1.0,"Tema Community 7, Royal School",tabular,xgboost,h168,2026-01-04T23:00:00,2026-01-18T23:00:00,2026-02-15T23:00:00,,,42.0
2026-02-10 06:00:00,47.2,114.8096694946289,1.0,"Tema Community 7, Royal School",tabular,xgboost,h168,2026-01-04T23:00:00,2026-01-18T23:00:00,2026-02-15T23:00:00,,,42.0
2026-02-10 07:00:00,45.4,127.68841552734375,1.0,"Tema Community 7, Royal School",tabular,xgboost,h168,2026-01-04T23:00:00,2026-01-18T23:00:00,2026-02-15T23:00:00,,,42.0
2026-02-10 08:00:00,36.8,124.48458862304688,1.0,"Tema Community 7, Royal School",tabular,xgboost,h168,2026-01-04T23:00:00,2026-01-18T23:00:00,2026-02-15T23:00:00,,,42.0
2026-02-10 09:00:00,30.8,104.5905990600586,1.0,"Tema Community 7, Royal School",tabular,xgboost,h168,2026-01-04T23:00:00,2026-01-18T23:00:00,2026-02-15T23:00:00,,,42.0
2026-02-10 10:00:00,28.5,94.4310073852539,1.0,"Tema Community 7, Royal School",tabular,xgboost,h168,2026-01-04T23:00:00,2026-01-18T23:00:00,2026-02-15T23:00:00,,,42.0
2026-02-10 11:00:00,35.2,99.22393035888672,1.0,"Tema Community 7, Royal School",tabular,xgboost,h168,2026-01-04T23:00:00,2026-01-18T23:00:00,2026-02-15T23:00:00,,,42.0
2026-02-10 12:00:00,24.2,119.4487075805664,1.0,"Tema Community 7, Royal School",tabular,xgboost,h168,2026-01-04T23:00:00,2026-01-18T23:00:00,2026-02-15T23:00:00,,,42.0
2026-02-10 13:00:00,16.6,90.19519805908203,1.0,"Tema Community 7, Royal School",tabular,xgboost,h168,2026-01-04T23:00:00,2026-01-18T23:00:00,2026-02-15T23:00:00,,,42.0
2026-02-10 14:00:00,19.7,135.67596435546875,1.0,"Tema Community 7, Royal School",tabular,xgboost,h168,2026-01-04T23:00:00,2026-01-18T23:00:00,2026-02-15T23:00:00,,,42.0
2026-02-10 15:00:00,29.0,137.05238342285156,1.0,"Tema Community 7, Royal School",tabular,xgboost,h168,2026-01-04T23:00:00,2026-01-18T23:00:00,2026-02-15T23:00:00,,,42.0
2026-02-10 16:00:00,13.6,133.6637725830078,1.0,"Tema Community 7, Royal School",tabular,xgboost,h168,2026-01-04T23:00:00,2026-01-18T23:00:00,2026-02-15T23:00:00,,,42.0
2026-02-10 17:00:00,16.2,126.6124267578125,1.0,"Tema Community 7, Royal School",tabular,xgboost,h168,2026-01-04T23:00:00,2026-01-18T23:00:00,2026-02-15T23:00:00,,,42.0
2026-02-10 18:00:00,23.3,95.6140365600586,1.0,"Tema Community 7, Royal School",tabular,xgboost,h168,2026-01-04T23:00:00,2026-01-18T23:00:00,2026-02-15T23:00:00,,,42.0
2026-02-10 19:00:00,23.9,96.91912078857422,1.0,"Tema Community 7, Royal School",tabular,xgboost,h168,2026-01-04T23:00:00,2026-01-18T23:00:00,2026-02-15T23:00:00,,,42.0
2026-02-10 20:00:00,28.2,95.26644897460938,1.0,"Tema Community 7, Royal School",tabular,xgboost,h168,2026-01-04T23:00:00,2026-01-18T23:00:00,2026-02-15T23:00:00,,,42.0
2026-02-10 21:00:00,36.3,103.49527740478516,1.0,"Tema Community 7, Royal School",tabular,xgboost,h168,2026-01-04T23:00:00,2026-01-18T23:00:00,2026-02-15T23:00:00,,,42.0
2026-02-10 22:00:00,17.8,88.30529022216797,1.0,"Tema Community 7, Royal School",tabular,xgboost,h168,2026-01-04T23:00:00,2026-01-18T23:00:00,2026-02-15T23:00:00,,,42.0
2026-02-10 23:00:00,11.3,89.9477310180664,1.0,"Tema Community 7, Royal School",tabular,xgboost,h168,2026-01-04T23:00:00,2026-01-18T23:00:00,2026-02-15T23:00:00,,,42.0
2026-02-11 00:00:00,20.4,111.25569152832031,1.0,"Tema Community 7, Royal School",tabular,xgboost,h168,2026-01-04T23:00:00,2026-01-18T23:00:00,2026-02-15T23:00:00,,,42.0
2026-02-11 01:00:00,19.8,104.90618133544922,1.0,"Tema Community 7, Royal School",tabular,xgboost,h168,2026-01-04T23:00:00,2026-01-18T23:00:00,2026-02-15T23:00:00,,,42.0
2026-02-11 02:00:00,20.0,101.78138732910156,1.0,"Tema Community 7, Royal School",tabular,xgboost,h168,2026-01-04T23:00:00,2026-01-18T23:00:00,2026-02-15T23:00:00,,,42.0
2026-02-11 03:00:00,29.8,103.7318344116211,1.0,"Tema Community 7, Royal School",tabular,xgboost,h168,2026-01-04T23:00:00,2026-01-18T23:00:00,2026-02-15T23:00:00,,,42.0
2026-02-11 04:00:00,39.3,107.56624603271484,1.0,"Tema Community 7, Royal School",tabular,xgboost,h168,2026-01-04T23:00:00,2026-01-18T23:00:00,2026-02-15T23:00:00,,,42.0
2026-02-11 05:00:00,50.7,117.11553955078125,1.0,"Tema Community 7, Royal School",tabular,xgboost,h168,2026-01-04T23:00:00,2026-01-18T23:00:00,2026-02-15T23:00:00,,,42.0
2026-02-11 06:00:00,55.9,115.21554565429688,1.0,"Tema Community 7, Royal School",tabular,xgboost,h168,2026-01-04T23:00:00,2026-01-18T23:00:00,2026-02-15T23:00:00,,,42.0
2026-02-11 07:00:00,36.3,102.1867446899414,1.0,"Tema Community 7, Royal School",tabular,xgboost,h168,2026-01-04T23:00:00,2026-01-18T23:00:00,2026-02-15T23:00:00,,,42.0
2026-02-11 08:00:00,40.7,87.45040893554688,1.0,"Tema Community 7, Royal School",tabular,xgboost,h168,2026-01-04T23:00:00,2026-01-18T23:00:00,2026-02-15T23:00:00,,,42.0
2026-02-11 09:00:00,36.9,103.97283172607422,1.0,"Tema Community 7, Royal School",tabular,xgboost,h168,2026-01-04T23:00:00,2026-01-18T23:00:00,2026-02-15T23:00:00,,,42.0
2026-02-11 10:00:00,24.2,94.04371643066406,1.0,"Tema Community 7, Royal School",tabular,xgboost,h168,2026-01-04T23:00:00,2026-01-18T23:00:00,2026-02-15T23:00:00,,,42.0
2026-02-11 11:00:00,17.8,86.65145111083984,1.0,"Tema Community 7, Royal School",tabular,xgboost,h168,2026-01-04T23:00:00,2026-01-18T23:00:00,2026-02-15T23:00:00,,,42.0
2026-02-11 12:00:00,17.7,84.03234100341797,1.0,"Tema Community 7, Royal School",tabular,xgboost,h168,2026-01-04T23:00:00,2026-01-18T23:00:00,2026-02-15T23:00:00,,,42.0
2026-02-11 13:00:00,12.8,90.55782318115234,1.0,"Tema Community 7, Royal School",tabular,xgboost,h168,2026-01-04T23:00:00,2026-01-18T23:00:00,2026-02-15T23:00:00,,,42.0
2026-02-11 14:00:00,14.8,88.8140640258789,1.0,"Tema Community 7, Royal School",tabular,xgboost,h168,2026-01-04T23:00:00,2026-01-18T23:00:00,2026-02-15T23:00:00,,,42.0
2026-02-11 15:00:00,18.1,96.26451110839844,1.0,"Tema Community 7, Royal School",tabular,xgboost,h168,2026-01-04T23:00:00,2026-01-18T23:00:00,2026-02-15T23:00:00,,,42.0
2026-02-11 16:00:00,21.7,71.40416717529297,1.0,"Tema Community 7, Royal School",tabular,xgboost,h168,2026-01-04T23:00:00,2026-01-18T23:00:00,2026-02-15T23:00:00,,,42.0
2026-02-11 17:00:00,19.1,110.76215362548828,1.0,"Tema Community 7, Royal School",tabular,xgboost,h168,2026-01-04T23:00:00,2026-01-18T23:00:00,2026-02-15T23:00:00,,,42.0
2026-02-11 18:00:00,23.6,110.99239349365234,1.0,"Tema Community 7, Royal School",tabular,xgboost,h168,2026-01-04T23:00:00,2026-01-18T23:00:00,2026-02-15T23:00:00,,,42.0
2026-02-11 19:00:00,30.7,106.41264343261719,1.0,"Tema Community 7, Royal School",tabular,xgboost,h168,2026-01-04T23:00:00,2026-01-18T23:00:00,2026-02-15T23:00:00,,,42.0
2026-02-11 20:00:00,31.8,99.93516540527344,1.0,"Tema Community 7, Royal School",tabular,xgboost,h168,2026-01-04T23:00:00,2026-01-18T23:00:00,2026-02-15T23:00:00,,,42.0
2026-02-11 21:00:00,53.0,119.33938598632812,1.0,"Tema Community 7, Royal School",tabular,xgboost,h168,2026-01-04T23:00:00,2026-01-18T23:00:00,2026-02-15T23:00:00,,,42.0
2026-02-11 22:00:00,54.6,98.3383560180664,1.0,"Tema Community 7, Royal School",tabular,xgboost,h168,2026-01-04T23:00:00,2026-01-18T23:00:00,2026-02-15T23:00:00,,,42.0
2026-02-11 23:00:00,51.0,89.45401763916016,1.0,"Tema Community 7, Royal School",tabular,xgboost,h168,2026-01-04T23:00:00,2026-01-18T23:00:00,2026-02-15T23:00:00,,,42.0
2026-02-12 00:00:00,55.4,107.93649291992188,1.0,"Tema Community 7, Royal School",tabular,xgboost,h168,2026-01-04T23:00:00,2026-01-18T23:00:00,2026-02-15T23:00:00,,,42.0
2026-02-12 01:00:00,84.2,105.26304626464844,1.0,"Tema Community 7, Royal School",tabular,xgboost,h168,2026-01-04T23:00:00,2026-01-18T23:00:00,2026-02-15T23:00:00,,,42.0
2026-02-12 02:00:00,87.4,101.63180541992188,1.0,"Tema Community 7, Royal School",tabular,xgboost,h168,2026-01-04T23:00:00,2026-01-18T23:00:00,2026-02-15T23:00:00,,,42.0
2026-02-12 03:00:00,79.8,108.3795394897461,1.0,"Tema Community 7, Royal School",tabular,xgboost,h168,2026-01-04T23:00:00,2026-01-18T23:00:00,2026-02-15T23:00:00,,,42.0
2026-02-12 04:00:00,82.3,103.23955535888672,1.0,"Tema Community 7, Royal School",tabular,xgboost,h168,2026-01-04T23:00:00,2026-01-18T23:00:00,2026-02-15T23:00:00,,,42.0
2026-02-12 05:00:00,141.7,97.93976593017578,1.0,"Tema Community 7, Royal School",tabular,xgboost,h168,2026-01-04T23:00:00,2026-01-18T23:00:00,2026-02-15T23:00:00,,,42.0
2026-02-12 06:00:00,93.2,104.49684143066406,1.0,"Tema Community 7, Royal School",tabular,xgboost,h168,2026-01-04T23:00:00,2026-01-18T23:00:00,2026-02-15T23:00:00,,,42.0
2026-02-12 07:00:00,73.3,106.73759460449219,1.0,"Tema Community 7, Royal School",tabular,xgboost,h168,2026-01-04T23:00:00,2026-01-18T23:00:00,2026-02-15T23:00:00,,,42.0
2026-02-12 08:00:00,47.7,103.60946655273438,1.0,"Tema Community 7, Royal School",tabular,xgboost,h168,2026-01-04T23:00:00,2026-01-18T23:00:00,2026-02-15T23:00:00,,,42.0
2026-02-12 09:00:00,25.4,105.2672348022461,1.0,"Tema Community 7, Royal School",tabular,xgboost,h168,2026-01-04T23:00:00,2026-01-18T23:00:00,2026-02-15T23:00:00,,,42.0
2026-02-12 10:00:00,6.6,92.9403305053711,1.0,"Tema Community 7, Royal School",tabular,xgboost,h168,2026-01-04T23:00:00,2026-01-18T23:00:00,2026-02-15T23:00:00,,,42.0
2026-02-12 11:00:00,1.9,85.71029663085938,1.0,"Tema Community 7, Royal School",tabular,xgboost,h168,2026-01-04T23:00:00,2026-01-18T23:00:00,2026-02-15T23:00:00,,,42.0
2026-02-12 12:00:00,2.4,79.03853607177734,1.0,"Tema Community 7, Royal School",tabular,xgboost,h168,2026-01-04T23:00:00,2026-01-18T23:00:00,2026-02-15T23:00:00,,,42.0
2026-02-12 13:00:00,2.2,68.95742797851562,1.0,"Tema Community 7, Royal School",tabular,xgboost,h168,2026-01-04T23:00:00,2026-01-18T23:00:00,2026-02-15T23:00:00,,,42.0
2026-02-12 14:00:00,2.8,58.73025131225586,1.0,"Tema Community 7, Royal School",tabular,xgboost,h168,2026-01-04T23:00:00,2026-01-18T23:00:00,2026-02-15T23:00:00,,,42.0
2026-02-12 15:00:00,5.7,79.57122802734375,1.0,"Tema Community 7, Royal School",tabular,xgboost,h168,2026-01-04T23:00:00,2026-01-18T23:00:00,2026-02-15T23:00:00,,,42.0
2026-02-12 16:00:00,4.8,85.95032501220703,1.0,"Tema Community 7, Royal School",tabular,xgboost,h168,2026-01-04T23:00:00,2026-01-18T23:00:00,2026-02-15T23:00:00,,,42.0
2026-02-12 17:00:00,6.1,88.11878967285156,1.0,"Tema Community 7, Royal School",tabular,xgboost,h168,2026-01-04T23:00:00,2026-01-18T23:00:00,2026-02-15T23:00:00,,,42.0
2026-02-12 18:00:00,8.2,77.51785278320312,1.0,"Tema Community 7, Royal School",tabular,xgboost,h168,2026-01-04T23:00:00,2026-01-18T23:00:00,2026-02-15T23:00:00,,,42.0
2026-02-12 19:00:00,8.7,92.29048919677734,1.0,"Tema Community 7, Royal School",tabular,xgboost,h168,2026-01-04T23:00:00,2026-01-18T23:00:00,2026-02-15T23:00:00,,,42.0
2026-02-12 20:00:00,26.9,96.36748504638672,1.0,"Tema Community 7, Royal School",tabular,xgboost,h168,2026-01-04T23:00:00,2026-01-18T23:00:00,2026-02-15T23:00:00,,,42.0
2026-02-12 21:00:00,14.0,91.72166442871094,1.0,"Tema Community 7, Royal School",tabular,xgboost,h168,2026-01-04T23:00:00,2026-01-18T23:00:00,2026-02-15T23:00:00,,,42.0
2026-02-12 22:00:00,15.5,102.99249267578125,1.0,"Tema Community 7, Royal School",tabular,xgboost,h168,2026-01-04T23:00:00,2026-01-18T23:00:00,2026-02-15T23:00:00,,,42.0
2026-02-12 23:00:00,20.2,102.5384521484375,1.0,"Tema Community 7, Royal School",tabular,xgboost,h168,2026-01-04T23:00:00,2026-01-18T23:00:00,2026-02-15T23:00:00,,,42.0
2026-02-13 00:00:00,15.9,117.6006088256836,1.0,"Tema Community 7, Royal School",tabular,xgboost,h168,2026-01-04T23:00:00,2026-01-18T23:00:00,2026-02-15T23:00:00,,,42.0
2026-02-13 01:00:00,27.5,105.4742431640625,1.0,"Tema Community 7, Royal School",tabular,xgboost,h168,2026-01-04T23:00:00,2026-01-18T23:00:00,2026-02-15T23:00:00,,,42.0
2026-02-13 02:00:00,14.9,99.01939392089844,1.0,"Tema Community 7, Royal School",tabular,xgboost,h168,2026-01-04T23:00:00,2026-01-18T23:00:00,2026-02-15T23:00:00,,,42.0
2026-02-13 03:00:00,70.8,103.96688079833984,1.0,"Tema Community 7, Royal School",tabular,xgboost,h168,2026-01-04T23:00:00,2026-01-18T23:00:00,2026-02-15T23:00:00,,,42.0
2026-02-13 04:00:00,45.5,103.24518585205078,1.0,"Tema Community 7, Royal School",tabular,xgboost,h168,2026-01-04T23:00:00,2026-01-18T23:00:00,2026-02-15T23:00:00,,,42.0
2026-02-13 05:00:00,43.3,95.44153594970703,1.0,"Tema Community 7, Royal School",tabular,xgboost,h168,2026-01-04T23:00:00,2026-01-18T23:00:00,2026-02-15T23:00:00,,,42.0
2026-02-13 06:00:00,49.8,94.5640640258789,1.0,"Tema Community 7, Royal School",tabular,xgboost,h168,2026-01-04T23:00:00,2026-01-18T23:00:00,2026-02-15T23:00:00,,,42.0
2026-02-13 07:00:00,40.5,93.9471435546875,1.0,"Tema Community 7, Royal School",tabular,xgboost,h168,2026-01-04T23:00:00,2026-01-18T23:00:00,2026-02-15T23:00:00,,,42.0
2026-02-13 08:00:00,30.2,83.14921569824219,1.0,"Tema Community 7, Royal School",tabular,xgboost,h168,2026-01-04T23:00:00,2026-01-18T23:00:00,2026-02-15T23:00:00,,,42.0
2026-02-13 09:00:00,26.7,85.8093032836914,1.0,"Tema Community 7, Royal School",tabular,xgboost,h168,2026-01-04T23:00:00,2026-01-18T23:00:00,2026-02-15T23:00:00,,,42.0
2026-02-13 10:00:00,22.5,81.96260833740234,1.0,"Tema Community 7, Royal School",tabular,xgboost,h168,2026-01-04T23:00:00,2026-01-18T23:00:00,2026-02-15T23:00:00,,,42.0
2026-02-13 11:00:00,31.6,76.66545867919922,1.0,"Tema Community 7, Royal School",tabular,xgboost,h168,2026-01-04T23:00:00,2026-01-18T23:00:00,2026-02-15T23:00:00,,,42.0
2026-02-13 12:00:00,49.8,74.9976806640625,1.0,"Tema Community 7, Royal School",tabular,xgboost,h168,2026-01-04T23:00:00,2026-01-18T23:00:00,2026-02-15T23:00:00,,,42.0
2026-02-13 13:00:00,19.9,71.74411010742188,1.0,"Tema Community 7, Royal School",tabular,xgboost,h168,2026-01-04T23:00:00,2026-01-18T23:00:00,2026-02-15T23:00:00,,,42.0
2026-02-13 14:00:00,27.4,90.70684814453125,1.0,"Tema Community 7, Royal School",tabular,xgboost,h168,2026-01-04T23:00:00,2026-01-18T23:00:00,2026-02-15T23:00:00,,,42.0
2026-02-13 15:00:00,16.0,76.40229034423828,1.0,"Tema Community 7, Royal School",tabular,xgboost,h168,2026-01-04T23:00:00,2026-01-18T23:00:00,2026-02-15T23:00:00,,,42.0
2026-02-13 16:00:00,7.0,65.90866088867188,1.0,"Tema Community 7, Royal School",tabular,xgboost,h168,2026-01-04T23:00:00,2026-01-18T23:00:00,2026-02-15T23:00:00,,,42.0
2026-02-13 17:00:00,8.1,51.20655822753906,1.0,"Tema Community 7, Royal School",tabular,xgboost,h168,2026-01-04T23:00:00,2026-01-18T23:00:00,2026-02-15T23:00:00,,,42.0
2026-02-13 18:00:00,10.3,73.43318939208984,1.0,"Tema Community 7, Royal School",tabular,xgboost,h168,2026-01-04T23:00:00,2026-01-18T23:00:00,2026-02-15T23:00:00,,,42.0
2026-02-13 19:00:00,16.6,80.81861114501953,1.0,"Tema Community 7, Royal School",tabular,xgboost,h168,2026-01-04T23:00:00,2026-01-18T23:00:00,2026-02-15T23:00:00,,,42.0
2026-02-13 20:00:00,10.8,64.48760986328125,1.0,"Tema Community 7, Royal School",tabular,xgboost,h168,2026-01-04T23:00:00,2026-01-18T23:00:00,2026-02-15T23:00:00,,,42.0
2026-02-13 21:00:00,8.1,69.45095825195312,1.0,"Tema Community 7, Royal School",tabular,xgboost,h168,2026-01-04T23:00:00,2026-01-18T23:00:00,2026-02-15T23:00:00,,,42.0
2026-02-13 22:00:00,18.0,59.589839935302734,1.0,"Tema Community 7, Royal School",tabular,xgboost,h168,2026-01-04T23:00:00,2026-01-18T23:00:00,2026-02-15T23:00:00,,,42.0
2026-02-13 23:00:00,22.3,64.52110290527344,1.0,"Tema Community 7, Royal School",tabular,xgboost,h168,2026-01-04T23:00:00,2026-01-18T23:00:00,2026-02-15T23:00:00,,,42.0
2026-02-14 00:00:00,14.3,58.1995849609375,1.0,"Tema Community 7, Royal School",tabular,xgboost,h168,2026-01-04T23:00:00,2026-01-18T23:00:00,2026-02-15T23:00:00,,,42.0
2026-02-14 01:00:00,15.4,58.746826171875,1.0,"Tema Community 7, Royal School",tabular,xgboost,h168,2026-01-04T23:00:00,2026-01-18T23:00:00,2026-02-15T23:00:00,,,42.0
2026-02-14 02:00:00,25.5,57.2809944152832,1.0,"Tema Community 7, Royal School",tabular,xgboost,h168,2026-01-04T23:00:00,2026-01-18T23:00:00,2026-02-15T23:00:00,,,42.0
2026-02-14 03:00:00,24.8,60.65725326538086,1.0,"Tema Community 7, Royal School",tabular,xgboost,h168,2026-01-04T23:00:00,2026-01-18T23:00:00,2026-02-15T23:00:00,,,42.0
2026-02-14 04:00:00,33.8,75.41446685791016,1.0,"Tema Community 7, Royal School",tabular,xgboost,h168,2026-01-04T23:00:00,2026-01-18T23:00:00,2026-02-15T23:00:00,,,42.0
2026-02-14 05:00:00,30.2,64.09120178222656,1.0,"Tema Community 7, Royal School",tabular,xgboost,h168,2026-01-04T23:00:00,2026-01-18T23:00:00,2026-02-15T23:00:00,,,42.0
2026-02-14 06:00:00,35.0,94.03176879882812,1.0,"Tema Community 7, Royal School",tabular,xgboost,h168,2026-01-04T23:00:00,2026-01-18T23:00:00,2026-02-15T23:00:00,,,42.0
2026-02-14 07:00:00,237.0,94.6316146850586,1.0,"Tema Community 7, Royal School",tabular,xgboost,h168,2026-01-04T23:00:00,2026-01-18T23:00:00,2026-02-15T23:00:00,,,42.0
2026-02-14 08:00:00,133.0,96.51409912109375,1.0,"Tema Community 7, Royal School",tabular,xgboost,h168,2026-01-04T23:00:00,2026-01-18T23:00:00,2026-02-15T23:00:00,,,42.0
2026-02-14 09:00:00,29.0,82.0989761352539,1.0,"Tema Community 7, Royal School",tabular,xgboost,h168,2026-01-04T23:00:00,2026-01-18T23:00:00,2026-02-15T23:00:00,,,42.0
2026-02-14 10:00:00,26.3,87.66818237304688,1.0,"Tema Community 7, Royal School",tabular,xgboost,h168,2026-01-04T23:00:00,2026-01-18T23:00:00,2026-02-15T23:00:00,,,42.0
2026-02-14 11:00:00,30.5,90.71539306640625,1.0,"Tema Community 7, Royal School",tabular,xgboost,h168,2026-01-04T23:00:00,2026-01-18T23:00:00,2026-02-15T23:00:00,,,42.0
2026-02-14 12:00:00,33.5,82.0744857788086,1.0,"Tema Community 7, Royal School",tabular,xgboost,h168,2026-01-04T23:00:00,2026-01-18T23:00:00,2026-02-15T23:00:00,,,42.0
2026-02-14 13:00:00,28.6,70.35124206542969,1.0,"Tema Community 7, Royal School",tabular,xgboost,h168,2026-01-04T23:00:00,2026-01-18T23:00:00,2026-02-15T23:00:00,,,42.0
2026-02-14 14:00:00,28.9,70.20145416259766,1.0,"Tema Community 7, Royal School",tabular,xgboost,h168,2026-01-04T23:00:00,2026-01-18T23:00:00,2026-02-15T23:00:00,,,42.0
2026-02-14 15:00:00,32.0,79.06127166748047,1.0,"Tema Community 7, Royal School",tabular,xgboost,h168,2026-01-04T23:00:00,2026-01-18T23:00:00,2026-02-15T23:00:00,,,42.0
2026-02-14 16:00:00,45.7,83.4782943725586,1.0,"Tema Community 7, Royal School",tabular,xgboost,h168,2026-01-04T23:00:00,2026-01-18T23:00:00,2026-02-15T23:00:00,,,42.0
2026-02-14 17:00:00,41.8,85.58842468261719,1.0,"Tema Community 7, Royal School",tabular,xgboost,h168,2026-01-04T23:00:00,2026-01-18T23:00:00,2026-02-15T23:00:00,,,42.0
2026-02-14 18:00:00,55.6,53.50506591796875,1.0,"Tema Community 7, Royal School",tabular,xgboost,h168,2026-01-04T23:00:00,2026-01-18T23:00:00,2026-02-15T23:00:00,,,42.0
2026-02-14 19:00:00,65.4,52.38750076293945,1.0,"Tema Community 7, Royal School",tabular,xgboost,h168,2026-01-04T23:00:00,2026-01-18T23:00:00,2026-02-15T23:00:00,,,42.0
2026-02-14 20:00:00,70.3,44.3516960144043,1.0,"Tema Community 7, Royal School",tabular,xgboost,h168,2026-01-04T23:00:00,2026-01-18T23:00:00,2026-02-15T23:00:00,,,42.0
2026-02-14 21:00:00,71.0,42.103641510009766,1.0,"Tema Community 7, Royal School",tabular,xgboost,h168,2026-01-04T23:00:00,2026-01-18T23:00:00,2026-02-15T23:00:00,,,42.0
2026-02-14 22:00:00,53.8,40.25801086425781,1.0,"Tema Community 7, Royal School",tabular,xgboost,h168,2026-01-04T23:00:00,2026-01-18T23:00:00,2026-02-15T23:00:00,,,42.0
2026-02-14 23:00:00,47.7,59.012115478515625,1.0,"Tema Community 7, Royal School",tabular,xgboost,h168,2026-01-04T23:00:00,2026-01-18T23:00:00,2026-02-15T23:00:00,,,42.0
2026-02-15 00:00:00,40.2,52.164615631103516,1.0,"Tema Community 7, Royal School",tabular,xgboost,h168,2026-01-04T23:00:00,2026-01-18T23:00:00,2026-02-15T23:00:00,,,42.0
2026-02-15 01:00:00,41.0,50.029605865478516,1.0,"Tema Community 7, Royal School",tabular,xgboost,h168,2026-01-04T23:00:00,2026-01-18T23:00:00,2026-02-15T23:00:00,,,42.0
2026-02-15 02:00:00,44.5,67.7038803100586,1.0,"Tema Community 7, Royal School",tabular,xgboost,h168,2026-01-04T23:00:00,2026-01-18T23:00:00,2026-02-15T23:00:00,,,42.0
2026-02-15 03:00:00,40.6,65.9772720336914,1.0,"Tema Community 7, Royal School",tabular,xgboost,h168,2026-01-04T23:00:00,2026-01-18T23:00:00,2026-02-15T23:00:00,,,42.0
2026-02-15 04:00:00,43.0,63.105140686035156,1.0,"Tema Community 7, Royal School",tabular,xgboost,h168,2026-01-04T23:00:00,2026-01-18T23:00:00,2026-02-15T23:00:00,,,42.0
2026-02-15 05:00:00,52.4,64.54925537109375,1.0,"Tema Community 7, Royal School",tabular,xgboost,h168,2026-01-04T23:00:00,2026-01-18T23:00:00,2026-02-15T23:00:00,,,42.0
2026-02-15 06:00:00,75.4,74.3193359375,1.0,"Tema Community 7, Royal School",tabular,xgboost,h168,2026-01-04T23:00:00,2026-01-18T23:00:00,2026-02-15T23:00:00,,,42.0
2026-02-15 07:00:00,39.6,72.50379943847656,1.0,"Tema Community 7, Royal School",tabular,xgboost,h168,2026-01-04T23:00:00,2026-01-18T23:00:00,2026-02-15T23:00:00,,,42.0
2026-02-15 08:00:00,28.9,56.90899658203125,1.0,"Tema Community 7, Royal School",tabular,xgboost,h168,2026-01-04T23:00:00,2026-01-18T23:00:00,2026-02-15T23:00:00,,,42.0
2026-02-15 09:00:00,21.7,33.47779083251953,1.0,"Tema Community 7, Royal School",tabular,xgboost,h168,2026-01-04T23:00:00,2026-01-18T23:00:00,2026-02-15T23:00:00,,,42.0
2026-02-15 10:00:00,29.3,28.552711486816406,1.0,"Tema Community 7, Royal School",tabular,xgboost,h168,2026-01-04T23:00:00,2026-01-18T23:00:00,2026-02-15T23:00:00,,,42.0
2026-02-15 11:00:00,16.8,23.205923080444336,1.0,"Tema Community 7, Royal School",tabular,xgboost,h168,2026-01-04T23:00:00,2026-01-18T23:00:00,2026-02-15T23:00:00,,,42.0
2026-02-15 12:00:00,9.0,29.92145347595215,1.0,"Tema Community 7, Royal School",tabular,xgboost,h168,2026-01-04T23:00:00,2026-01-18T23:00:00,2026-02-15T23:00:00,,,42.0
2026-02-15 13:00:00,5.8,63.79017639160156,1.0,"Tema Community 7, Royal School",tabular,xgboost,h168,2026-01-04T23:00:00,2026-01-18T23:00:00,2026-02-15T23:00:00,,,42.0
2026-02-15 14:00:00,4.2,62.68829345703125,1.0,"Tema Community 7, Royal School",tabular,xgboost,h168,2026-01-04T23:00:00,2026-01-18T23:00:00,2026-02-15T23:00:00,,,42.0
2026-02-15 15:00:00,7.6,38.60110092163086,1.0,"Tema Community 7, Royal School",tabular,xgboost,h168,2026-01-04T23:00:00,2026-01-18T23:00:00,2026-02-15T23:00:00,,,42.0
2026-02-15 16:00:00,7.0,27.263322830200195,1.0,"Tema Community 7, Royal School",tabular,xgboost,h168,2026-01-04T23:00:00,2026-01-18T23:00:00,2026-02-15T23:00:00,,,42.0
2026-02-15 17:00:00,7.1,41.83122253417969,1.0,"Tema Community 7, Royal School",tabular,xgboost,h168,2026-01-04T23:00:00,2026-01-18T23:00:00,2026-02-15T23:00:00,,,42.0
2026-02-15 18:00:00,9.7,41.1815185546875,1.0,"Tema Community 7, Royal School",tabular,xgboost,h168,2026-01-04T23:00:00,2026-01-18T23:00:00,2026-02-15T23:00:00,,,42.0
2026-02-15 19:00:00,12.2,45.79220199584961,1.0,"Tema Community 7, Royal School",tabular,xgboost,h168,2026-01-04T23:00:00,2026-01-18T23:00:00,2026-02-15T23:00:00,,,42.0
2026-02-15 20:00:00,18.2,58.04854202270508,1.0,"Tema Community 7, Royal School",tabular,xgboost,h168,2026-01-04T23:00:00,2026-01-18T23:00:00,2026-02-15T23:00:00,,,42.0
2026-02-15 21:00:00,23.0,45.16878890991211,1.0,"Tema Community 7, Royal School",tabular,xgboost,h168,2026-01-04T23:00:00,2026-01-18T23:00:00,2026-02-15T23:00:00,,,42.0
2026-02-15 22:00:00,10.8,43.674930572509766,1.0,"Tema Community 7, Royal School",tabular,xgboost,h168,2026-01-04T23:00:00,2026-01-18T23:00:00,2026-02-15T23:00:00,,,42.0
2026-02-15 23:00:00,38.1,37.24774932861328,1.0,"Tema Community 7, Royal School",tabular,xgboost,h168,2026-01-04T23:00:00,2026-01-18T23:00:00,2026-02-15T23:00:00,,,42.0
2026-01-18 23:00:00,40.2,30.99492645263672,1.0,Tema Port,tabular,xgboost,h168,2026-01-04T23:00:00,2026-01-18T23:00:00,2026-02-15T23:00:00,,,42.0
2026-01-19 00:00:00,46.8,45.538291931152344,1.0,Tema Port,tabular,xgboost,h168,2026-01-04T23:00:00,2026-01-18T23:00:00,2026-02-15T23:00:00,,,42.0
2026-01-19 01:00:00,51.2,45.77914810180664,1.0,Tema Port,tabular,xgboost,h168,2026-01-04T23:00:00,2026-01-18T23:00:00,2026-02-15T23:00:00,,,42.0
2026-01-19 02:00:00,54.0,42.30295181274414,1.0,Tema Port,tabular,xgboost,h168,2026-01-04T23:00:00,2026-01-18T23:00:00,2026-02-15T23:00:00,,,42.0
2026-01-19 03:00:00,45.1,46.43120574951172,1.0,Tema Port,tabular,xgboost,h168,2026-01-04T23:00:00,2026-01-18T23:00:00,2026-02-15T23:00:00,,,42.0
2026-01-19 04:00:00,43.0,35.319908142089844,1.0,Tema Port,tabular,xgboost,h168,2026-01-04T23:00:00,2026-01-18T23:00:00,2026-02-15T23:00:00,,,42.0
2026-01-19 05:00:00,50.4,43.547054290771484,1.0,Tema Port,tabular,xgboost,h168,2026-01-04T23:00:00,2026-01-18T23:00:00,2026-02-15T23:00:00,,,42.0
2026-01-19 06:00:00,56.5,47.6269416809082,1.0,Tema Port,tabular,xgboost,h168,2026-01-04T23:00:00,2026-01-18T23:00:00,2026-02-15T23:00:00,,,42.0
2026-01-19 07:00:00,72.6,44.03843688964844,1.0,Tema Port,tabular,xgboost,h168,2026-01-04T23:00:00,2026-01-18T23:00:00,2026-02-15T23:00:00,,,42.0
2026-01-19 08:00:00,107.2,38.103721618652344,1.0,Tema Port,tabular,xgboost,h168,2026-01-04T23:00:00,2026-01-18T23:00:00,2026-02-15T23:00:00,,,42.0
2026-01-19 09:00:00,71.0,36.99380874633789,1.0,Tema Port,tabular,xgboost,h168,2026-01-04T23:00:00,2026-01-18T23:00:00,2026-02-15T23:00:00,,,42.0
2026-01-19 10:00:00,38.0,49.015132904052734,1.0,Tema Port,tabular,xgboost,h168,2026-01-04T23:00:00,2026-01-18T23:00:00,2026-02-15T23:00:00,,,42.0
2026-01-19 11:00:00,37.3,34.09263610839844,1.0,Tema Port,tabular,xgboost,h168,2026-01-04T23:00:00,2026-01-18T23:00:00,2026-02-15T23:00:00,,,42.0
2026-01-19 12:00:00,35.6,40.32796096801758,1.0,Tema Port,tabular,xgboost,h168,2026-01-04T23:00:00,2026-01-18T23:00:00,2026-02-15T23:00:00,,,42.0
2026-01-19 13:00:00,33.9,37.04618835449219,1.0,Tema Port,tabular,xgboost,h168,2026-01-04T23:00:00,2026-01-18T23:00:00,2026-02-15T23:00:00,,,42.0
2026-01-19 14:00:00,34.0,30.324743270874023,1.0,Tema Port,tabular,xgboost,h168,2026-01-04T23:00:00,2026-01-18T23:00:00,2026-02-15T23:00:00,,,42.0
2026-01-19 15:00:00,38.3,25.60643768310547,1.0,Tema Port,tabular,xgboost,h168,2026-01-04T23:00:00,2026-01-18T23:00:00,2026-02-15T23:00:00,,,42.0
2026-01-19 16:00:00,36.9,25.19618034362793,1.0,Tema Port,tabular,xgboost,h168,2026-01-04T23:00:00,2026-01-18T23:00:00,2026-02-15T23:00:00,,,42.0
2026-01-19 17:00:00,41.0,26.112659454345703,1.0,Tema Port,tabular,xgboost,h168,2026-01-04T23:00:00,2026-01-18T23:00:00,2026-02-15T23:00:00,,,42.0
2026-01-19 18:00:00,58.3,42.280765533447266,1.0,Tema Port,tabular,xgboost,h168,2026-01-04T23:00:00,2026-01-18T23:00:00,2026-02-15T23:00:00,,,42.0
2026-01-19 19:00:00,35.2,42.769737243652344,1.0,Tema Port,tabular,xgboost,h168,2026-01-04T23:00:00,2026-01-18T23:00:00,2026-02-15T23:00:00,,,42.0
2026-01-19 20:00:00,34.2,38.01377487182617,1.0,Tema Port,tabular,xgboost,h168,2026-01-04T23:00:00,2026-01-18T23:00:00,2026-02-15T23:00:00,,,42.0
2026-01-19 21:00:00,36.8,34.04037094116211,1.0,Tema Port,tabular,xgboost,h168,2026-01-04T23:00:00,2026-01-18T23:00:00,2026-02-15T23:00:00,,,42.0
2026-01-19 22:00:00,32.4,41.96392059326172,1.0,Tema Port,tabular,xgboost,h168,2026-01-04T23:00:00,2026-01-18T23:00:00,2026-02-15T23:00:00,,,42.0
2026-01-19 23:00:00,31.4,45.21437072753906,1.0,Tema Port,tabular,xgboost,h168,2026-01-04T23:00:00,2026-01-18T23:00:00,2026-02-15T23:00:00,,,42.0
2026-01-20 00:00:00,32.6,70.9489974975586,1.0,Tema Port,tabular,xgboost,h168,2026-01-04T23:00:00,2026-01-18T23:00:00,2026-02-15T23:00:00,,,42.0
2026-01-20 01:00:00,29.9,65.87840270996094,1.0,Tema Port,tabular,xgboost,h168,2026-01-04T23:00:00,2026-01-18T23:00:00,2026-02-15T23:00:00,,,42.0
2026-01-20 02:00:00,33.3,56.32875061035156,1.0,Tema Port,tabular,xgboost,h168,2026-01-04T23:00:00,2026-01-18T23:00:00,2026-02-15T23:00:00,,,42.0
2026-01-20 03:00:00,38.6,81.714111328125,1.0,Tema Port,tabular,xgboost,h168,2026-01-04T23:00:00,2026-01-18T23:00:00,2026-02-15T23:00:00,,,42.0
2026-01-20 04:00:00,38.7,74.12274169921875,1.0,Tema Port,tabular,xgboost,h168,2026-01-04T23:00:00,2026-01-18T23:00:00,2026-02-15T23:00:00,,,42.0
2026-01-20 05:00:00,36.8,65.147216796875,1.0,Tema Port,tabular,xgboost,h168,2026-01-04T23:00:00,2026-01-18T23:00:00,2026-02-15T23:00:00,,,42.0
2026-01-20 06:00:00,44.7,66.34873962402344,1.0,Tema Port,tabular,xgboost,h168,2026-01-04T23:00:00,2026-01-18T23:00:00,2026-02-15T23:00:00,,,42.0
2026-01-20 07:00:00,50.7,51.491363525390625,1.0,Tema Port,tabular,xgboost,h168,2026-01-04T23:00:00,2026-01-18T23:00:00,2026-02-15T23:00:00,,,42.0
2026-01-20 08:00:00,40.2,54.90303421020508,1.0,Tema Port,tabular,xgboost,h168,2026-01-04T23:00:00,2026-01-18T23:00:00,2026-02-15T23:00:00,,,42.0
2026-01-20 09:00:00,36.9,51.81154251098633,1.0,Tema Port,tabular,xgboost,h168,2026-01-04T23:00:00,2026-01-18T23:00:00,2026-02-15T23:00:00,,,42.0
2026-01-20 10:00:00,35.5,60.624732971191406,1.0,Tema Port,tabular,xgboost,h168,2026-01-04T23:00:00,2026-01-18T23:00:00,2026-02-15T23:00:00,,,42.0
2026-01-20 11:00:00,34.6,44.56331253051758,1.0,Tema Port,tabular,xgboost,h168,2026-01-04T23:00:00,2026-01-18T23:00:00,2026-02-15T23:00:00,,,42.0
2026-01-20 12:00:00,31.3,43.32752990722656,1.0,Tema Port,tabular,xgboost,h168,2026-01-04T23:00:00,2026-01-18T23:00:00,2026-02-15T23:00:00,,,42.0
2026-01-20 13:00:00,25.0,25.15467071533203,1.0,Tema Port,tabular,xgboost,h168,2026-01-04T23:00:00,2026-01-18T23:00:00,2026-02-15T23:00:00,,,42.0
2026-01-20 14:00:00,26.2,27.50676918029785,1.0,Tema Port,tabular,xgboost,h168,2026-01-04T23:00:00,2026-01-18T23:00:00,2026-02-15T23:00:00,,,42.0
2026-01-20 15:00:00,33.8,25.75493621826172,1.0,Tema Port,tabular,xgboost,h168,2026-01-04T23:00:00,2026-01-18T23:00:00,2026-02-15T23:00:00,,,42.0
2026-01-20 16:00:00,25.5,37.704673767089844,1.0,Tema Port,tabular,xgboost,h168,2026-01-04T23:00:00,2026-01-18T23:00:00,2026-02-15T23:00:00,,,42.0
2026-01-20 17:00:00,30.8,27.6270809173584,1.0,Tema Port,tabular,xgboost,h168,2026-01-04T23:00:00,2026-01-18T23:00:00,2026-02-15T23:00:00,,,42.0
2026-01-20 18:00:00,27.8,40.78166961669922,1.0,Tema Port,tabular,xgboost,h168,2026-01-04T23:00:00,2026-01-18T23:00:00,2026-02-15T23:00:00,,,42.0
2026-01-20 19:00:00,35.0,41.672279357910156,1.0,Tema Port,tabular,xgboost,h168,2026-01-04T23:00:00,2026-01-18T23:00:00,2026-02-15T23:00:00,,,42.0
2026-01-20 20:00:00,33.8,35.181053161621094,1.0,Tema Port,tabular,xgboost,h168,2026-01-04T23:00:00,2026-01-18T23:00:00,2026-02-15T23:00:00,,,42.0
2026-01-20 21:00:00,34.8,33.33624267578125,1.0,Tema Port,tabular,xgboost,h168,2026-01-04T23:00:00,2026-01-18T23:00:00,2026-02-15T23:00:00,,,42.0
2026-01-20 22:00:00,14.9,45.61355972290039,1.0,Tema Port,tabular,xgboost,h168,2026-01-04T23:00:00,2026-01-18T23:00:00,2026-02-15T23:00:00,,,42.0
2026-01-20 23:00:00,9.0,42.83292770385742,1.0,Tema Port,tabular,xgboost,h168,2026-01-04T23:00:00,2026-01-18T23:00:00,2026-02-15T23:00:00,,,42.0
2026-01-21 00:00:00,9.1,55.760284423828125,1.0,Tema Port,tabular,xgboost,h168,2026-01-04T23:00:00,2026-01-18T23:00:00,2026-02-15T23:00:00,,,42.0
2026-01-21 01:00:00,21.2,50.73408889770508,1.0,Tema Port,tabular,xgboost,h168,2026-01-04T23:00:00,2026-01-18T23:00:00,2026-02-15T23:00:00,,,42.0
2026-01-21 02:00:00,22.4,52.97156524658203,1.0,Tema Port,tabular,xgboost,h168,2026-01-04T23:00:00,2026-01-18T23:00:00,2026-02-15T23:00:00,,,42.0
2026-01-21 03:00:00,27.5,74.6064682006836,1.0,Tema Port,tabular,xgboost,h168,2026-01-04T23:00:00,2026-01-18T23:00:00,2026-02-15T23:00:00,,,42.0
2026-01-21 04:00:00,38.6,50.59767150878906,1.0,Tema Port,tabular,xgboost,h168,2026-01-04T23:00:00,2026-01-18T23:00:00,2026-02-15T23:00:00,,,42.0
2026-01-21 05:00:00,48.3,49.861209869384766,1.0,Tema Port,tabular,xgboost,h168,2026-01-04T23:00:00,2026-01-18T23:00:00,2026-02-15T23:00:00,,,42.0
2026-01-21 06:00:00,57.1,53.54440689086914,1.0,Tema Port,tabular,xgboost,h168,2026-01-04T23:00:00,2026-01-18T23:00:00,2026-02-15T23:00:00,,,42.0
2026-01-21 07:00:00,51.0,45.971805572509766,1.0,Tema Port,tabular,xgboost,h168,2026-01-04T23:00:00,2026-01-18T23:00:00,2026-02-15T23:00:00,,,42.0
2026-01-21 08:00:00,39.6,44.893951416015625,1.0,Tema Port,tabular,xgboost,h168,2026-01-04T23:00:00,2026-01-18T23:00:00,2026-02-15T23:00:00,,,42.0
2026-01-21 09:00:00,29.6,43.95359420776367,1.0,Tema Port,tabular,xgboost,h168,2026-01-04T23:00:00,2026-01-18T23:00:00,2026-02-15T23:00:00,,,42.0
2026-01-21 10:00:00,36.1,53.54197692871094,1.0,Tema Port,tabular,xgboost,h168,2026-01-04T23:00:00,2026-01-18T23:00:00,2026-02-15T23:00:00,,,42.0
2026-01-21 11:00:00,42.5,42.16202163696289,1.0,Tema Port,tabular,xgboost,h168,2026-01-04T23:00:00,2026-01-18T23:00:00,2026-02-15T23:00:00,,,42.0
2026-01-21 12:00:00,34.2,29.63929557800293,1.0,Tema Port,tabular,xgboost,h168,2026-01-04T23:00:00,2026-01-18T23:00:00,2026-02-15T23:00:00,,,42.0
2026-01-21 13:00:00,25.2,35.23104476928711,1.0,Tema Port,tabular,xgboost,h168,2026-01-04T23:00:00,2026-01-18T23:00:00,2026-02-15T23:00:00,,,42.0
2026-01-21 14:00:00,28.9,36.866390228271484,1.0,Tema Port,tabular,xgboost,h168,2026-01-04T23:00:00,2026-01-18T23:00:00,2026-02-15T23:00:00,,,42.0
2026-01-21 15:00:00,26.5,30.751033782958984,1.0,Tema Port,tabular,xgboost,h168,2026-01-04T23:00:00,2026-01-18T23:00:00,2026-02-15T23:00:00,,,42.0
2026-01-21 16:00:00,32.1,34.84199523925781,1.0,Tema Port,tabular,xgboost,h168,2026-01-04T23:00:00,2026-01-18T23:00:00,2026-02-15T23:00:00,,,42.0
2026-01-21 17:00:00,32.6,36.12567138671875,1.0,Tema Port,tabular,xgboost,h168,2026-01-04T23:00:00,2026-01-18T23:00:00,2026-02-15T23:00:00,,,42.0
2026-01-21 18:00:00,29.5,39.60415267944336,1.0,Tema Port,tabular,xgboost,h168,2026-01-04T23:00:00,2026-01-18T23:00:00,2026-02-15T23:00:00,,,42.0
2026-01-21 19:00:00,27.5,33.882843017578125,1.0,Tema Port,tabular,xgboost,h168,2026-01-04T23:00:00,2026-01-18T23:00:00,2026-02-15T23:00:00,,,42.0
2026-01-21 20:00:00,37.5,32.96209716796875,1.0,Tema Port,tabular,xgboost,h168,2026-01-04T23:00:00,2026-01-18T23:00:00,2026-02-15T23:00:00,,,42.0
2026-01-21 21:00:00,42.1,39.671409606933594,1.0,Tema Port,tabular,xgboost,h168,2026-01-04T23:00:00,2026-01-18T23:00:00,2026-02-15T23:00:00,,,42.0
2026-01-21 22:00:00,33.1,41.18787384033203,1.0,Tema Port,tabular,xgboost,h168,2026-01-04T23:00:00,2026-01-18T23:00:00,2026-02-15T23:00:00,,,42.0
2026-01-21 23:00:00,32.2,49.43868637084961,1.0,Tema Port,tabular,xgboost,h168,2026-01-04T23:00:00,2026-01-18T23:00:00,2026-02-15T23:00:00,,,42.0
2026-01-22 00:00:00,37.7,67.7198715209961,1.0,Tema Port,tabular,xgboost,h168,2026-01-04T23:00:00,2026-01-18T23:00:00,2026-02-15T23:00:00,,,42.0
2026-01-22 01:00:00,30.4,70.0732421875,1.0,Tema Port,tabular,xgboost,h168,2026-01-04T23:00:00,2026-01-18T23:00:00,2026-02-15T23:00:00,,,42.0
2026-01-22 02:00:00,31.0,55.772396087646484,1.0,Tema Port,tabular,xgboost,h168,2026-01-04T23:00:00,2026-01-18T23:00:00,2026-02-15T23:00:00,,,42.0
2026-01-22 03:00:00,36.8,59.10216522216797,1.0,Tema Port,tabular,xgboost,h168,2026-01-04T23:00:00,2026-01-18T23:00:00,2026-02-15T23:00:00,,,42.0
2026-01-22 04:00:00,29.2,56.100914001464844,1.0,Tema Port,tabular,xgboost,h168,2026-01-04T23:00:00,2026-01-18T23:00:00,2026-02-15T23:00:00,,,42.0
2026-01-22 05:00:00,39.7,59.699363708496094,1.0,Tema Port,tabular,xgboost,h168,2026-01-04T23:00:00,2026-01-18T23:00:00,2026-02-15T23:00:00,,,42.0
2026-01-22 06:00:00,56.1,59.010501861572266,1.0,Tema Port,tabular,xgboost,h168,2026-01-04T23:00:00,2026-01-18T23:00:00,2026-02-15T23:00:00,,,42.0
2026-01-22 07:00:00,85.0,52.243797302246094,1.0,Tema Port,tabular,xgboost,h168,2026-01-04T23:00:00,2026-01-18T23:00:00,2026-02-15T23:00:00,,,42.0
2026-01-22 08:00:00,44.9,47.318084716796875,1.0,Tema Port,tabular,xgboost,h168,2026-01-04T23:00:00,2026-01-18T23:00:00,2026-02-15T23:00:00,,,42.0
2026-01-22 09:00:00,38.9,50.37390899658203,1.0,Tema Port,tabular,xgboost,h168,2026-01-04T23:00:00,2026-01-18T23:00:00,2026-02-15T23:00:00,,,42.0
2026-01-22 10:00:00,48.5,49.91196060180664,1.0,Tema Port,tabular,xgboost,h168,2026-01-04T23:00:00,2026-01-18T23:00:00,2026-02-15T23:00:00,,,42.0
2026-01-22 11:00:00,38.3,44.89265823364258,1.0,Tema Port,tabular,xgboost,h168,2026-01-04T23:00:00,2026-01-18T23:00:00,2026-02-15T23:00:00,,,42.0
2026-01-22 12:00:00,37.8,34.985103607177734,1.0,Tema Port,tabular,xgboost,h168,2026-01-04T23:00:00,2026-01-18T23:00:00,2026-02-15T23:00:00,,,42.0
2026-01-22 13:00:00,35.4,35.29448318481445,1.0,Tema Port,tabular,xgboost,h168,2026-01-04T23:00:00,2026-01-18T23:00:00,2026-02-15T23:00:00,,,42.0
2026-01-22 14:00:00,41.8,28.69270133972168,1.0,Tema Port,tabular,xgboost,h168,2026-01-04T23:00:00,2026-01-18T23:00:00,2026-02-15T23:00:00,,,42.0
2026-01-22 15:00:00,27.4,24.36942481994629,1.0,Tema Port,tabular,xgboost,h168,2026-01-04T23:00:00,2026-01-18T23:00:00,2026-02-15T23:00:00,,,42.0
2026-01-22 16:00:00,29.2,33.65235137939453,1.0,Tema Port,tabular,xgboost,h168,2026-01-04T23:00:00,2026-01-18T23:00:00,2026-02-15T23:00:00,,,42.0
2026-01-22 17:00:00,31.2,41.062744140625,1.0,Tema Port,tabular,xgboost,h168,2026-01-04T23:00:00,2026-01-18T23:00:00,2026-02-15T23:00:00,,,42.0
2026-01-22 18:00:00,27.8,48.62466812133789,1.0,Tema Port,tabular,xgboost,h168,2026-01-04T23:00:00,2026-01-18T23:00:00,2026-02-15T23:00:00,,,42.0
2026-01-22 19:00:00,27.9,43.82658004760742,1.0,Tema Port,tabular,xgboost,h168,2026-01-04T23:00:00,2026-01-18T23:00:00,2026-02-15T23:00:00,,,42.0
2026-01-22 20:00:00,27.5,40.11508560180664,1.0,Tema Port,tabular,xgboost,h168,2026-01-04T23:00:00,2026-01-18T23:00:00,2026-02-15T23:00:00,,,42.0
2026-01-22 21:00:00,27.1,43.4492301940918,1.0,Tema Port,tabular,xgboost,h168,2026-01-04T23:00:00,2026-01-18T23:00:00,2026-02-15T23:00:00,,,42.0
2026-01-22 22:00:00,31.5,46.69178771972656,1.0,Tema Port,tabular,xgboost,h168,2026-01-04T23:00:00,2026-01-18T23:00:00,2026-02-15T23:00:00,,,42.0
2026-01-22 23:00:00,24.0,49.975276947021484,1.0,Tema Port,tabular,xgboost,h168,2026-01-04T23:00:00,2026-01-18T23:00:00,2026-02-15T23:00:00,,,42.0
2026-01-23 00:00:00,27.6,50.135311126708984,1.0,Tema Port,tabular,xgboost,h168,2026-01-04T23:00:00,2026-01-18T23:00:00,2026-02-15T23:00:00,,,42.0
2026-01-23 01:00:00,36.6,44.882896423339844,1.0,Tema Port,tabular,xgboost,h168,2026-01-04T23:00:00,2026-01-18T23:00:00,2026-02-15T23:00:00,,,42.0
2026-01-23 02:00:00,31.0,51.34404754638672,1.0,Tema Port,tabular,xgboost,h168,2026-01-04T23:00:00,2026-01-18T23:00:00,2026-02-15T23:00:00,,,42.0
2026-01-23 03:00:00,42.6,47.34923553466797,1.0,Tema Port,tabular,xgboost,h168,2026-01-04T23:00:00,2026-01-18T23:00:00,2026-02-15T23:00:00,,,42.0
2026-01-23 04:00:00,52.3,59.69112014770508,1.0,Tema Port,tabular,xgboost,h168,2026-01-04T23:00:00,2026-01-18T23:00:00,2026-02-15T23:00:00,,,42.0
2026-01-23 05:00:00,67.7,57.13544464111328,1.0,Tema Port,tabular,xgboost,h168,2026-01-04T23:00:00,2026-01-18T23:00:00,2026-02-15T23:00:00,,,42.0
2026-01-23 06:00:00,101.5,60.480369567871094,1.0,Tema Port,tabular,xgboost,h168,2026-01-04T23:00:00,2026-01-18T23:00:00,2026-02-15T23:00:00,,,42.0
2026-01-23 07:00:00,80.1,41.318199157714844,1.0,Tema Port,tabular,xgboost,h168,2026-01-04T23:00:00,2026-01-18T23:00:00,2026-02-15T23:00:00,,,42.0
2026-01-23 08:00:00,57.5,48.460845947265625,1.0,Tema Port,tabular,xgboost,h168,2026-01-04T23:00:00,2026-01-18T23:00:00,2026-02-15T23:00:00,,,42.0
2026-01-23 09:00:00,38.6,47.006351470947266,1.0,Tema Port,tabular,xgboost,h168,2026-01-04T23:00:00,2026-01-18T23:00:00,2026-02-15T23:00:00,,,42.0
2026-01-23 10:00:00,38.4,44.871246337890625,1.0,Tema Port,tabular,xgboost,h168,2026-01-04T23:00:00,2026-01-18T23:00:00,2026-02-15T23:00:00,,,42.0
2026-01-23 11:00:00,30.7,34.09042739868164,1.0,Tema Port,tabular,xgboost,h168,2026-01-04T23:00:00,2026-01-18T23:00:00,2026-02-15T23:00:00,,,42.0
2026-01-23 12:00:00,29.7,32.917640686035156,1.0,Tema Port,tabular,xgboost,h168,2026-01-04T23:00:00,2026-01-18T23:00:00,2026-02-15T23:00:00,,,42.0
2026-01-23 13:00:00,25.4,28.026405334472656,1.0,Tema Port,tabular,xgboost,h168,2026-01-04T23:00:00,2026-01-18T23:00:00,2026-02-15T23:00:00,,,42.0
2026-01-23 14:00:00,20.3,27.113670349121094,1.0,Tema Port,tabular,xgboost,h168,2026-01-04T23:00:00,2026-01-18T23:00:00,2026-02-15T23:00:00,,,42.0
2026-01-23 15:00:00,22.4,21.851913452148438,1.0,Tema Port,tabular,xgboost,h168,2026-01-04T23:00:00,2026-01-18T23:00:00,2026-02-15T23:00:00,,,42.0
2026-01-23 16:00:00,18.2,21.01716423034668,1.0,Tema Port,tabular,xgboost,h168,2026-01-04T23:00:00,2026-01-18T23:00:00,2026-02-15T23:00:00,,,42.0
2026-01-23 17:00:00,23.3,26.004037857055664,1.0,Tema Port,tabular,xgboost,h168,2026-01-04T23:00:00,2026-01-18T23:00:00,2026-02-15T23:00:00,,,42.0
2026-01-23 18:00:00,25.9,33.38275146484375,1.0,Tema Port,tabular,xgboost,h168,2026-01-04T23:00:00,2026-01-18T23:00:00,2026-02-15T23:00:00,,,42.0
2026-01-23 19:00:00,35.4,37.30368423461914,1.0,Tema Port,tabular,xgboost,h168,2026-01-04T23:00:00,2026-01-18T23:00:00,2026-02-15T23:00:00,,,42.0
2026-01-23 20:00:00,27.4,36.884605407714844,1.0,Tema Port,tabular,xgboost,h168,2026-01-04T23:00:00,2026-01-18T23:00:00,2026-02-15T23:00:00,,,42.0
2026-01-23 21:00:00,21.9,32.31083297729492,1.0,Tema Port,tabular,xgboost,h168,2026-01-04T23:00:00,2026-01-18T23:00:00,2026-02-15T23:00:00,,,42.0
2026-01-23 22:00:00,31.6,42.32761764526367,1.0,Tema Port,tabular,xgboost,h168,2026-01-04T23:00:00,2026-01-18T23:00:00,2026-02-15T23:00:00,,,42.0
2026-01-23 23:00:00,33.6,50.1332893371582,1.0,Tema Port,tabular,xgboost,h168,2026-01-04T23:00:00,2026-01-18T23:00:00,2026-02-15T23:00:00,,,42.0
2026-01-24 00:00:00,39.4,62.79270935058594,1.0,Tema Port,tabular,xgboost,h168,2026-01-04T23:00:00,2026-01-18T23:00:00,2026-02-15T23:00:00,,,42.0
2026-01-24 01:00:00,45.2,51.024391174316406,1.0,Tema Port,tabular,xgboost,h168,2026-01-04T23:00:00,2026-01-18T23:00:00,2026-02-15T23:00:00,,,42.0
2026-01-24 02:00:00,42.0,58.36800765991211,1.0,Tema Port,tabular,xgboost,h168,2026-01-04T23:00:00,2026-01-18T23:00:00,2026-02-15T23:00:00,,,42.0
2026-01-24 03:00:00,51.1,60.23233413696289,1.0,Tema Port,tabular,xgboost,h168,2026-01-04T23:00:00,2026-01-18T23:00:00,2026-02-15T23:00:00,,,42.0
2026-01-24 04:00:00,63.7,68.42444610595703,1.0,Tema Port,tabular,xgboost,h168,2026-01-04T23:00:00,2026-01-18T23:00:00,2026-02-15T23:00:00,,,42.0
2026-01-24 05:00:00,60.2,67.47107696533203,1.0,Tema Port,tabular,xgboost,h168,2026-01-04T23:00:00,2026-01-18T23:00:00,2026-02-15T23:00:00,,,42.0
2026-01-24 06:00:00,48.9,71.70136260986328,1.0,Tema Port,tabular,xgboost,h168,2026-01-04T23:00:00,2026-01-18T23:00:00,2026-02-15T23:00:00,,,42.0
2026-01-24 07:00:00,60.9,58.07666778564453,1.0,Tema Port,tabular,xgboost,h168,2026-01-04T23:00:00,2026-01-18T23:00:00,2026-02-15T23:00:00,,,42.0
2026-01-24 08:00:00,45.9,55.8833122253418,1.0,Tema Port,tabular,xgboost,h168,2026-01-04T23:00:00,2026-01-18T23:00:00,2026-02-15T23:00:00,,,42.0
2026-01-24 09:00:00,39.0,44.1673583984375,1.0,Tema Port,tabular,xgboost,h168,2026-01-04T23:00:00,2026-01-18T23:00:00,2026-02-15T23:00:00,,,42.0
2026-01-24 10:00:00,39.2,48.28300094604492,1.0,Tema Port,tabular,xgboost,h168,2026-01-04T23:00:00,2026-01-18T23:00:00,2026-02-15T23:00:00,,,42.0
2026-01-24 11:00:00,35.9,44.0534553527832,1.0,Tema Port,tabular,xgboost,h168,2026-01-04T23:00:00,2026-01-18T23:00:00,2026-02-15T23:00:00,,,42.0
2026-01-24 12:00:00,26.0,27.712833404541016,1.0,Tema Port,tabular,xgboost,h168,2026-01-04T23:00:00,2026-01-18T23:00:00,2026-02-15T23:00:00,,,42.0
2026-01-24 13:00:00,27.8,22.468547821044922,1.0,Tema Port,tabular,xgboost,h168,2026-01-04T23:00:00,2026-01-18T23:00:00,2026-02-15T23:00:00,,,42.0
2026-01-24 14:00:00,24.3,26.041236877441406,1.0,Tema Port,tabular,xgboost,h168,2026-01-04T23:00:00,2026-01-18T23:00:00,2026-02-15T23:00:00,,,42.0
2026-01-24 15:00:00,24.0,23.491371154785156,1.0,Tema Port,tabular,xgboost,h168,2026-01-04T23:00:00,2026-01-18T23:00:00,2026-02-15T23:00:00,,,42.0
2026-01-24 16:00:00,24.9,36.147254943847656,1.0,Tema Port,tabular,xgboost,h168,2026-01-04T23:00:00,2026-01-18T23:00:00,2026-02-15T23:00:00,,,42.0
2026-01-24 17:00:00,25.5,43.56696701049805,1.0,Tema Port,tabular,xgboost,h168,2026-01-04T23:00:00,2026-01-18T23:00:00,2026-02-15T23:00:00,,,42.0
2026-01-24 18:00:00,29.4,48.45943832397461,1.0,Tema Port,tabular,xgboost,h168,2026-01-04T23:00:00,2026-01-18T23:00:00,2026-02-15T23:00:00,,,42.0
2026-01-24 19:00:00,28.1,37.49516677856445,1.0,Tema Port,tabular,xgboost,h168,2026-01-04T23:00:00,2026-01-18T23:00:00,2026-02-15T23:00:00,,,42.0
2026-01-24 20:00:00,30.0,38.008663177490234,1.0,Tema Port,tabular,xgboost,h168,2026-01-04T23:00:00,2026-01-18T23:00:00,2026-02-15T23:00:00,,,42.0
2026-01-24 21:00:00,27.5,39.737327575683594,1.0,Tema Port,tabular,xgboost,h168,2026-01-04T23:00:00,2026-01-18T23:00:00,2026-02-15T23:00:00,,,42.0
2026-01-24 22:00:00,30.8,33.5637092590332,1.0,Tema Port,tabular,xgboost,h168,2026-01-04T23:00:00,2026-01-18T23:00:00,2026-02-15T23:00:00,,,42.0
2026-01-24 23:00:00,34.3,31.0074405670166,1.0,Tema Port,tabular,xgboost,h168,2026-01-04T23:00:00,2026-01-18T23:00:00,2026-02-15T23:00:00,,,42.0
2026-01-25 00:00:00,31.1,36.75543212890625,1.0,Tema Port,tabular,xgboost,h168,2026-01-04T23:00:00,2026-01-18T23:00:00,2026-02-15T23:00:00,,,42.0
2026-01-25 01:00:00,30.0,34.82252502441406,1.0,Tema Port,tabular,xgboost,h168,2026-01-04T23:00:00,2026-01-18T23:00:00,2026-02-15T23:00:00,,,42.0
2026-01-25 02:00:00,33.8,39.454078674316406,1.0,Tema Port,tabular,xgboost,h168,2026-01-04T23:00:00,2026-01-18T23:00:00,2026-02-15T23:00:00,,,42.0
2026-01-25 03:00:00,33.3,53.46298599243164,1.0,Tema Port,tabular,xgboost,h168,2026-01-04T23:00:00,2026-01-18T23:00:00,2026-02-15T23:00:00,,,42.0
2026-01-25 04:00:00,41.8,51.426570892333984,1.0,Tema Port,tabular,xgboost,h168,2026-01-04T23:00:00,2026-01-18T23:00:00,2026-02-15T23:00:00,,,42.0
2026-01-25 05:00:00,41.6,60.848514556884766,1.0,Tema Port,tabular,xgboost,h168,2026-01-04T23:00:00,2026-01-18T23:00:00,2026-02-15T23:00:00,,,42.0
2026-01-25 06:00:00,42.3,67.40106201171875,1.0,Tema Port,tabular,xgboost,h168,2026-01-04T23:00:00,2026-01-18T23:00:00,2026-02-15T23:00:00,,,42.0
2026-01-25 07:00:00,61.7,57.894866943359375,1.0,Tema Port,tabular,xgboost,h168,2026-01-04T23:00:00,2026-01-18T23:00:00,2026-02-15T23:00:00,,,42.0
2026-01-25 08:00:00,43.5,43.42672348022461,1.0,Tema Port,tabular,xgboost,h168,2026-01-04T23:00:00,2026-01-18T23:00:00,2026-02-15T23:00:00,,,42.0
2026-01-25 09:00:00,39.1,41.66880416870117,1.0,Tema Port,tabular,xgboost,h168,2026-01-04T23:00:00,2026-01-18T23:00:00,2026-02-15T23:00:00,,,42.0
2026-01-25 10:00:00,44.1,53.339576721191406,1.0,Tema Port,tabular,xgboost,h168,2026-01-04T23:00:00,2026-01-18T23:00:00,2026-02-15T23:00:00,,,42.0
2026-01-25 11:00:00,49.4,45.48686599731445,1.0,Tema Port,tabular,xgboost,h168,2026-01-04T23:00:00,2026-01-18T23:00:00,2026-02-15T23:00:00,,,42.0
2026-01-25 12:00:00,38.4,25.802106857299805,1.0,Tema Port,tabular,xgboost,h168,2026-01-04T23:00:00,2026-01-18T23:00:00,2026-02-15T23:00:00,,,42.0
2026-01-25 13:00:00,36.0,20.115537643432617,1.0,Tema Port,tabular,xgboost,h168,2026-01-04T23:00:00,2026-01-18T23:00:00,2026-02-15T23:00:00,,,42.0
2026-01-25 14:00:00,33.2,24.924297332763672,1.0,Tema Port,tabular,xgboost,h168,2026-01-04T23:00:00,2026-01-18T23:00:00,2026-02-15T23:00:00,,,42.0
2026-01-25 15:00:00,32.9,33.50596618652344,1.0,Tema Port,tabular,xgboost,h168,2026-01-04T23:00:00,2026-01-18T23:00:00,2026-02-15T23:00:00,,,42.0
2026-01-25 16:00:00,28.7,37.7597770690918,1.0,Tema Port,tabular,xgboost,h168,2026-01-04T23:00:00,2026-01-18T23:00:00,2026-02-15T23:00:00,,,42.0
2026-01-25 17:00:00,30.9,39.31523895263672,1.0,Tema Port,tabular,xgboost,h168,2026-01-04T23:00:00,2026-01-18T23:00:00,2026-02-15T23:00:00,,,42.0
2026-01-25 18:00:00,34.8,45.2131233215332,1.0,Tema Port,tabular,xgboost,h168,2026-01-04T23:00:00,2026-01-18T23:00:00,2026-02-15T23:00:00,,,42.0
2026-01-25 19:00:00,31.1,49.219337463378906,1.0,Tema Port,tabular,xgboost,h168,2026-01-04T23:00:00,2026-01-18T23:00:00,2026-02-15T23:00:00,,,42.0
2026-01-25 20:00:00,31.4,39.48660659790039,1.0,Tema Port,tabular,xgboost,h168,2026-01-04T23:00:00,2026-01-18T23:00:00,2026-02-15T23:00:00,,,42.0
2026-01-25 21:00:00,32.9,41.438018798828125,1.0,Tema Port,tabular,xgboost,h168,2026-01-04T23:00:00,2026-01-18T23:00:00,2026-02-15T23:00:00,,,42.0
2026-01-25 22:00:00,33.1,35.920040130615234,1.0,Tema Port,tabular,xgboost,h168,2026-01-04T23:00:00,2026-01-18T23:00:00,2026-02-15T23:00:00,,,42.0
2026-01-25 23:00:00,44.9,39.8657112121582,1.0,Tema Port,tabular,xgboost,h168,2026-01-04T23:00:00,2026-01-18T23:00:00,2026-02-15T23:00:00,,,42.0
2026-01-26 00:00:00,51.9,63.91463851928711,1.0,Tema Port,tabular,xgboost,h168,2026-01-04T23:00:00,2026-01-18T23:00:00,2026-02-15T23:00:00,,,42.0
2026-01-26 01:00:00,43.1,67.6702880859375,1.0,Tema Port,tabular,xgboost,h168,2026-01-04T23:00:00,2026-01-18T23:00:00,2026-02-15T23:00:00,,,42.0
2026-01-26 02:00:00,40.7,67.83634185791016,1.0,Tema Port,tabular,xgboost,h168,2026-01-04T23:00:00,2026-01-18T23:00:00,2026-02-15T23:00:00,,,42.0
2026-01-26 03:00:00,52.1,69.89164733886719,1.0,Tema Port,tabular,xgboost,h168,2026-01-04T23:00:00,2026-01-18T23:00:00,2026-02-15T23:00:00,,,42.0
2026-01-26 04:00:00,48.6,72.03922271728516,1.0,Tema Port,tabular,xgboost,h168,2026-01-04T23:00:00,2026-01-18T23:00:00,2026-02-15T23:00:00,,,42.0
2026-01-26 05:00:00,49.0,67.51522064208984,1.0,Tema Port,tabular,xgboost,h168,2026-01-04T23:00:00,2026-01-18T23:00:00,2026-02-15T23:00:00,,,42.0
2026-01-26 06:00:00,52.0,69.47440338134766,1.0,Tema Port,tabular,xgboost,h168,2026-01-04T23:00:00,2026-01-18T23:00:00,2026-02-15T23:00:00,,,42.0
2026-01-26 07:00:00,48.5,66.16279602050781,1.0,Tema Port,tabular,xgboost,h168,2026-01-04T23:00:00,2026-01-18T23:00:00,2026-02-15T23:00:00,,,42.0
2026-01-26 08:00:00,45.5,62.97224807739258,1.0,Tema Port,tabular,xgboost,h168,2026-01-04T23:00:00,2026-01-18T23:00:00,2026-02-15T23:00:00,,,42.0
2026-01-26 09:00:00,40.2,56.494667053222656,1.0,Tema Port,tabular,xgboost,h168,2026-01-04T23:00:00,2026-01-18T23:00:00,2026-02-15T23:00:00,,,42.0
2026-01-26 10:00:00,43.6,62.14156723022461,1.0,Tema Port,tabular,xgboost,h168,2026-01-04T23:00:00,2026-01-18T23:00:00,2026-02-15T23:00:00,,,42.0
2026-01-26 11:00:00,45.0,42.81315231323242,1.0,Tema Port,tabular,xgboost,h168,2026-01-04T23:00:00,2026-01-18T23:00:00,2026-02-15T23:00:00,,,42.0
2026-01-26 12:00:00,39.9,38.92378234863281,1.0,Tema Port,tabular,xgboost,h168,2026-01-04T23:00:00,2026-01-18T23:00:00,2026-02-15T23:00:00,,,42.0
2026-01-26 13:00:00,36.3,35.17972946166992,1.0,Tema Port,tabular,xgboost,h168,2026-01-04T23:00:00,2026-01-18T23:00:00,2026-02-15T23:00:00,,,42.0
2026-01-26 14:00:00,33.2,32.64472579956055,1.0,Tema Port,tabular,xgboost,h168,2026-01-04T23:00:00,2026-01-18T23:00:00,2026-02-15T23:00:00,,,42.0
2026-01-26 15:00:00,31.5,46.63148498535156,1.0,Tema Port,tabular,xgboost,h168,2026-01-04T23:00:00,2026-01-18T23:00:00,2026-02-15T23:00:00,,,42.0
2026-01-26 16:00:00,32.8,40.56922149658203,1.0,Tema Port,tabular,xgboost,h168,2026-01-04T23:00:00,2026-01-18T23:00:00,2026-02-15T23:00:00,,,42.0
2026-01-26 17:00:00,35.1,46.737430572509766,1.0,Tema Port,tabular,xgboost,h168,2026-01-04T23:00:00,2026-01-18T23:00:00,2026-02-15T23:00:00,,,42.0
2026-01-26 18:00:00,36.7,49.5616340637207,1.0,Tema Port,tabular,xgboost,h168,2026-01-04T23:00:00,2026-01-18T23:00:00,2026-02-15T23:00:00,,,42.0
2026-01-26 19:00:00,36.4,56.440818786621094,1.0,Tema Port,tabular,xgboost,h168,2026-01-04T23:00:00,2026-01-18T23:00:00,2026-02-15T23:00:00,,,42.0
2026-01-26 20:00:00,33.5,48.2862663269043,1.0,Tema Port,tabular,xgboost,h168,2026-01-04T23:00:00,2026-01-18T23:00:00,2026-02-15T23:00:00,,,42.0
2026-01-26 21:00:00,34.0,53.48879623413086,1.0,Tema Port,tabular,xgboost,h168,2026-01-04T23:00:00,2026-01-18T23:00:00,2026-02-15T23:00:00,,,42.0
2026-01-26 22:00:00,35.9,51.89830017089844,1.0,Tema Port,tabular,xgboost,h168,2026-01-04T23:00:00,2026-01-18T23:00:00,2026-02-15T23:00:00,,,42.0
2026-01-26 23:00:00,42.1,49.89979934692383,1.0,Tema Port,tabular,xgboost,h168,2026-01-04T23:00:00,2026-01-18T23:00:00,2026-02-15T23:00:00,,,42.0
2026-01-27 00:00:00,60.6,70.41246795654297,1.0,Tema Port,tabular,xgboost,h168,2026-01-04T23:00:00,2026-01-18T23:00:00,2026-02-15T23:00:00,,,42.0
2026-01-27 01:00:00,46.5,78.8461685180664,1.0,Tema Port,tabular,xgboost,h168,2026-01-04T23:00:00,2026-01-18T23:00:00,2026-02-15T23:00:00,,,42.0
2026-01-27 02:00:00,55.1,71.9698486328125,1.0,Tema Port,tabular,xgboost,h168,2026-01-04T23:00:00,2026-01-18T23:00:00,2026-02-15T23:00:00,,,42.0
2026-01-27 03:00:00,57.5,71.4255599975586,1.0,Tema Port,tabular,xgboost,h168,2026-01-04T23:00:00,2026-01-18T23:00:00,2026-02-15T23:00:00,,,42.0
2026-01-27 04:00:00,55.9,61.95623016357422,1.0,Tema Port,tabular,xgboost,h168,2026-01-04T23:00:00,2026-01-18T23:00:00,2026-02-15T23:00:00,,,42.0
2026-01-27 05:00:00,53.4,69.50833129882812,1.0,Tema Port,tabular,xgboost,h168,2026-01-04T23:00:00,2026-01-18T23:00:00,2026-02-15T23:00:00,,,42.0
2026-01-27 06:00:00,48.3,62.397335052490234,1.0,Tema Port,tabular,xgboost,h168,2026-01-04T23:00:00,2026-01-18T23:00:00,2026-02-15T23:00:00,,,42.0
2026-01-27 07:00:00,64.9,52.40422821044922,1.0,Tema Port,tabular,xgboost,h168,2026-01-04T23:00:00,2026-01-18T23:00:00,2026-02-15T23:00:00,,,42.0
2026-01-27 08:00:00,44.6,52.63205337524414,1.0,Tema Port,tabular,xgboost,h168,2026-01-04T23:00:00,2026-01-18T23:00:00,2026-02-15T23:00:00,,,42.0
2026-01-27 09:00:00,45.5,62.311622619628906,1.0,Tema Port,tabular,xgboost,h168,2026-01-04T23:00:00,2026-01-18T23:00:00,2026-02-15T23:00:00,,,42.0
2026-01-27 10:00:00,49.1,60.50041961669922,1.0,Tema Port,tabular,xgboost,h168,2026-01-04T23:00:00,2026-01-18T23:00:00,2026-02-15T23:00:00,,,42.0
2026-01-27 11:00:00,50.4,61.879764556884766,1.0,Tema Port,tabular,xgboost,h168,2026-01-04T23:00:00,2026-01-18T23:00:00,2026-02-15T23:00:00,,,42.0
2026-01-27 12:00:00,47.0,40.33846664428711,1.0,Tema Port,tabular,xgboost,h168,2026-01-04T23:00:00,2026-01-18T23:00:00,2026-02-15T23:00:00,,,42.0
2026-01-27 13:00:00,38.9,45.66623306274414,1.0,Tema Port,tabular,xgboost,h168,2026-01-04T23:00:00,2026-01-18T23:00:00,2026-02-15T23:00:00,,,42.0
2026-01-27 14:00:00,37.0,37.79172897338867,1.0,Tema Port,tabular,xgboost,h168,2026-01-04T23:00:00,2026-01-18T23:00:00,2026-02-15T23:00:00,,,42.0
2026-01-27 15:00:00,36.8,51.383426666259766,1.0,Tema Port,tabular,xgboost,h168,2026-01-04T23:00:00,2026-01-18T23:00:00,2026-02-15T23:00:00,,,42.0
2026-01-27 16:00:00,41.3,49.4938850402832,1.0,Tema Port,tabular,xgboost,h168,2026-01-04T23:00:00,2026-01-18T23:00:00,2026-02-15T23:00:00,,,42.0
2026-01-27 17:00:00,38.4,51.95061111450195,1.0,Tema Port,tabular,xgboost,h168,2026-01-04T23:00:00,2026-01-18T23:00:00,2026-02-15T23:00:00,,,42.0
2026-01-27 18:00:00,38.2,56.121437072753906,1.0,Tema Port,tabular,xgboost,h168,2026-01-04T23:00:00,2026-01-18T23:00:00,2026-02-15T23:00:00,,,42.0
2026-01-27 19:00:00,43.6,55.778324127197266,1.0,Tema Port,tabular,xgboost,h168,2026-01-04T23:00:00,2026-01-18T23:00:00,2026-02-15T23:00:00,,,42.0
2026-01-27 20:00:00,36.5,51.52604675292969,1.0,Tema Port,tabular,xgboost,h168,2026-01-04T23:00:00,2026-01-18T23:00:00,2026-02-15T23:00:00,,,42.0
2026-01-27 21:00:00,36.7,52.55550003051758,1.0,Tema Port,tabular,xgboost,h168,2026-01-04T23:00:00,2026-01-18T23:00:00,2026-02-15T23:00:00,,,42.0
2026-01-27 22:00:00,38.6,54.78907012939453,1.0,Tema Port,tabular,xgboost,h168,2026-01-04T23:00:00,2026-01-18T23:00:00,2026-02-15T23:00:00,,,42.0
2026-01-27 23:00:00,44.0,57.108482360839844,1.0,Tema Port,tabular,xgboost,h168,2026-01-04T23:00:00,2026-01-18T23:00:00,2026-02-15T23:00:00,,,42.0
2026-01-28 00:00:00,42.3,57.57553482055664,1.0,Tema Port,tabular,xgboost,h168,2026-01-04T23:00:00,2026-01-18T23:00:00,2026-02-15T23:00:00,,,42.0
2026-01-28 01:00:00,43.2,65.40922546386719,1.0,Tema Port,tabular,xgboost,h168,2026-01-04T23:00:00,2026-01-18T23:00:00,2026-02-15T23:00:00,,,42.0
2026-01-28 02:00:00,45.1,68.1388931274414,1.0,Tema Port,tabular,xgboost,h168,2026-01-04T23:00:00,2026-01-18T23:00:00,2026-02-15T23:00:00,,,42.0
2026-01-28 03:00:00,46.2,80.0408706665039,1.0,Tema Port,tabular,xgboost,h168,2026-01-04T23:00:00,2026-01-18T23:00:00,2026-02-15T23:00:00,,,42.0
2026-01-28 04:00:00,53.6,74.9954605102539,1.0,Tema Port,tabular,xgboost,h168,2026-01-04T23:00:00,2026-01-18T23:00:00,2026-02-15T23:00:00,,,42.0
2026-01-28 05:00:00,50.2,59.6602897644043,1.0,Tema Port,tabular,xgboost,h168,2026-01-04T23:00:00,2026-01-18T23:00:00,2026-02-15T23:00:00,,,42.0
2026-01-28 06:00:00,76.9,65.05744934082031,1.0,Tema Port,tabular,xgboost,h168,2026-01-04T23:00:00,2026-01-18T23:00:00,2026-02-15T23:00:00,,,42.0
2026-01-28 07:00:00,55.7,58.42117691040039,1.0,Tema Port,tabular,xgboost,h168,2026-01-04T23:00:00,2026-01-18T23:00:00,2026-02-15T23:00:00,,,42.0
2026-01-28 08:00:00,56.9,56.06686019897461,1.0,Tema Port,tabular,xgboost,h168,2026-01-04T23:00:00,2026-01-18T23:00:00,2026-02-15T23:00:00,,,42.0
2026-01-28 09:00:00,51.7,52.55921936035156,1.0,Tema Port,tabular,xgboost,h168,2026-01-04T23:00:00,2026-01-18T23:00:00,2026-02-15T23:00:00,,,42.0
2026-01-28 10:00:00,49.5,58.25190353393555,1.0,Tema Port,tabular,xgboost,h168,2026-01-04T23:00:00,2026-01-18T23:00:00,2026-02-15T23:00:00,,,42.0
2026-01-28 11:00:00,59.8,35.27642822265625,1.0,Tema Port,tabular,xgboost,h168,2026-01-04T23:00:00,2026-01-18T23:00:00,2026-02-15T23:00:00,,,42.0
2026-01-28 12:00:00,56.0,34.9012565612793,1.0,Tema Port,tabular,xgboost,h168,2026-01-04T23:00:00,2026-01-18T23:00:00,2026-02-15T23:00:00,,,42.0
2026-01-28 13:00:00,51.3,29.288759231567383,1.0,Tema Port,tabular,xgboost,h168,2026-01-04T23:00:00,2026-01-18T23:00:00,2026-02-15T23:00:00,,,42.0
2026-01-28 14:00:00,47.3,46.21574783325195,1.0,Tema Port,tabular,xgboost,h168,2026-01-04T23:00:00,2026-01-18T23:00:00,2026-02-15T23:00:00,,,42.0
2026-01-28 15:00:00,40.9,34.77967834472656,1.0,Tema Port,tabular,xgboost,h168,2026-01-04T23:00:00,2026-01-18T23:00:00,2026-02-15T23:00:00,,,42.0
2026-01-28 16:00:00,40.2,36.65225601196289,1.0,Tema Port,tabular,xgboost,h168,2026-01-04T23:00:00,2026-01-18T23:00:00,2026-02-15T23:00:00,,,42.0
2026-01-28 17:00:00,42.9,40.718509674072266,1.0,Tema Port,tabular,xgboost,h168,2026-01-04T23:00:00,2026-01-18T23:00:00,2026-02-15T23:00:00,,,42.0
2026-01-28 18:00:00,44.9,56.532936096191406,1.0,Tema Port,tabular,xgboost,h168,2026-01-04T23:00:00,2026-01-18T23:00:00,2026-02-15T23:00:00,,,42.0
2026-01-28 19:00:00,43.8,50.649436950683594,1.0,Tema Port,tabular,xgboost,h168,2026-01-04T23:00:00,2026-01-18T23:00:00,2026-02-15T23:00:00,,,42.0
2026-01-28 20:00:00,42.2,45.05574417114258,1.0,Tema Port,tabular,xgboost,h168,2026-01-04T23:00:00,2026-01-18T23:00:00,2026-02-15T23:00:00,,,42.0
2026-01-28 21:00:00,42.8,35.99388122558594,1.0,Tema Port,tabular,xgboost,h168,2026-01-04T23:00:00,2026-01-18T23:00:00,2026-02-15T23:00:00,,,42.0
2026-01-28 22:00:00,44.7,39.126285552978516,1.0,Tema Port,tabular,xgboost,h168,2026-01-04T23:00:00,2026-01-18T23:00:00,2026-02-15T23:00:00,,,42.0
2026-01-28 23:00:00,51.0,39.04246520996094,1.0,Tema Port,tabular,xgboost,h168,2026-01-04T23:00:00,2026-01-18T23:00:00,2026-02-15T23:00:00,,,42.0
2026-01-29 00:00:00,59.0,51.33293533325195,1.0,Tema Port,tabular,xgboost,h168,2026-01-04T23:00:00,2026-01-18T23:00:00,2026-02-15T23:00:00,,,42.0
2026-01-29 01:00:00,48.8,39.74479293823242,1.0,Tema Port,tabular,xgboost,h168,2026-01-04T23:00:00,2026-01-18T23:00:00,2026-02-15T23:00:00,,,42.0
2026-01-29 02:00:00,48.6,38.81380081176758,1.0,Tema Port,tabular,xgboost,h168,2026-01-04T23:00:00,2026-01-18T23:00:00,2026-02-15T23:00:00,,,42.0
2026-01-29 03:00:00,49.7,62.27032470703125,1.0,Tema Port,tabular,xgboost,h168,2026-01-04T23:00:00,2026-01-18T23:00:00,2026-02-15T23:00:00,,,42.0
2026-01-29 04:00:00,53.0,61.42091751098633,1.0,Tema Port,tabular,xgboost,h168,2026-01-04T23:00:00,2026-01-18T23:00:00,2026-02-15T23:00:00,,,42.0
2026-01-29 05:00:00,53.6,49.438846588134766,1.0,Tema Port,tabular,xgboost,h168,2026-01-04T23:00:00,2026-01-18T23:00:00,2026-02-15T23:00:00,,,42.0
2026-01-29 06:00:00,67.7,49.33551788330078,1.0,Tema Port,tabular,xgboost,h168,2026-01-04T23:00:00,2026-01-18T23:00:00,2026-02-15T23:00:00,,,42.0
2026-01-29 07:00:00,53.1,55.43125534057617,1.0,Tema Port,tabular,xgboost,h168,2026-01-04T23:00:00,2026-01-18T23:00:00,2026-02-15T23:00:00,,,42.0
2026-01-29 08:00:00,65.1,44.300506591796875,1.0,Tema Port,tabular,xgboost,h168,2026-01-04T23:00:00,2026-01-18T23:00:00,2026-02-15T23:00:00,,,42.0
2026-01-29 09:00:00,57.4,53.340057373046875,1.0,Tema Port,tabular,xgboost,h168,2026-01-04T23:00:00,2026-01-18T23:00:00,2026-02-15T23:00:00,,,42.0
2026-01-29 10:00:00,58.9,55.54376983642578,1.0,Tema Port,tabular,xgboost,h168,2026-01-04T23:00:00,2026-01-18T23:00:00,2026-02-15T23:00:00,,,42.0
2026-01-29 11:00:00,55.3,59.35334777832031,1.0,Tema Port,tabular,xgboost,h168,2026-01-04T23:00:00,2026-01-18T23:00:00,2026-02-15T23:00:00,,,42.0
2026-01-29 12:00:00,50.9,48.06208038330078,1.0,Tema Port,tabular,xgboost,h168,2026-01-04T23:00:00,2026-01-18T23:00:00,2026-02-15T23:00:00,,,42.0
2026-01-29 13:00:00,41.4,27.72272491455078,1.0,Tema Port,tabular,xgboost,h168,2026-01-04T23:00:00,2026-01-18T23:00:00,2026-02-15T23:00:00,,,42.0
2026-01-29 14:00:00,41.4,27.689455032348633,1.0,Tema Port,tabular,xgboost,h168,2026-01-04T23:00:00,2026-01-18T23:00:00,2026-02-15T23:00:00,,,42.0
2026-01-29 15:00:00,41.2,40.50503921508789,1.0,Tema Port,tabular,xgboost,h168,2026-01-04T23:00:00,2026-01-18T23:00:00,2026-02-15T23:00:00,,,42.0
2026-01-29 16:00:00,42.3,50.767574310302734,1.0,Tema Port,tabular,xgboost,h168,2026-01-04T23:00:00,2026-01-18T23:00:00,2026-02-15T23:00:00,,,42.0
2026-01-29 17:00:00,42.4,41.558834075927734,1.0,Tema Port,tabular,xgboost,h168,2026-01-04T23:00:00,2026-01-18T23:00:00,2026-02-15T23:00:00,,,42.0
2026-01-29 18:00:00,43.7,41.283809661865234,1.0,Tema Port,tabular,xgboost,h168,2026-01-04T23:00:00,2026-01-18T23:00:00,2026-02-15T23:00:00,,,42.0
2026-01-29 19:00:00,38.7,54.91300964355469,1.0,Tema Port,tabular,xgboost,h168,2026-01-04T23:00:00,2026-01-18T23:00:00,2026-02-15T23:00:00,,,42.0
2026-01-29 20:00:00,39.3,44.64089584350586,1.0,Tema Port,tabular,xgboost,h168,2026-01-04T23:00:00,2026-01-18T23:00:00,2026-02-15T23:00:00,,,42.0
2026-01-29 21:00:00,38.6,39.41954803466797,1.0,Tema Port,tabular,xgboost,h168,2026-01-04T23:00:00,2026-01-18T23:00:00,2026-02-15T23:00:00,,,42.0
2026-01-29 22:00:00,40.3,38.009254455566406,1.0,Tema Port,tabular,xgboost,h168,2026-01-04T23:00:00,2026-01-18T23:00:00,2026-02-15T23:00:00,,,42.0
2026-01-29 23:00:00,38.6,34.85890197753906,1.0,Tema Port,tabular,xgboost,h168,2026-01-04T23:00:00,2026-01-18T23:00:00,2026-02-15T23:00:00,,,42.0
2026-01-30 00:00:00,41.1,34.57051086425781,1.0,Tema Port,tabular,xgboost,h168,2026-01-04T23:00:00,2026-01-18T23:00:00,2026-02-15T23:00:00,,,42.0
2026-01-30 01:00:00,40.3,34.09014129638672,1.0,Tema Port,tabular,xgboost,h168,2026-01-04T23:00:00,2026-01-18T23:00:00,2026-02-15T23:00:00,,,42.0
2026-01-30 02:00:00,43.3,48.37873077392578,1.0,Tema Port,tabular,xgboost,h168,2026-01-04T23:00:00,2026-01-18T23:00:00,2026-02-15T23:00:00,,,42.0
2026-01-30 03:00:00,56.5,41.90174102783203,1.0,Tema Port,tabular,xgboost,h168,2026-01-04T23:00:00,2026-01-18T23:00:00,2026-02-15T23:00:00,,,42.0
2026-01-30 04:00:00,47.8,55.63782501220703,1.0,Tema Port,tabular,xgboost,h168,2026-01-04T23:00:00,2026-01-18T23:00:00,2026-02-15T23:00:00,,,42.0
2026-01-30 05:00:00,51.1,52.29315948486328,1.0,Tema Port,tabular,xgboost,h168,2026-01-04T23:00:00,2026-01-18T23:00:00,2026-02-15T23:00:00,,,42.0
2026-01-30 06:00:00,59.4,59.761207580566406,1.0,Tema Port,tabular,xgboost,h168,2026-01-04T23:00:00,2026-01-18T23:00:00,2026-02-15T23:00:00,,,42.0
2026-01-30 07:00:00,49.0,55.59629440307617,1.0,Tema Port,tabular,xgboost,h168,2026-01-04T23:00:00,2026-01-18T23:00:00,2026-02-15T23:00:00,,,42.0
2026-01-30 08:00:00,44.3,46.84601593017578,1.0,Tema Port,tabular,xgboost,h168,2026-01-04T23:00:00,2026-01-18T23:00:00,2026-02-15T23:00:00,,,42.0
2026-01-30 09:00:00,43.5,48.720279693603516,1.0,Tema Port,tabular,xgboost,h168,2026-01-04T23:00:00,2026-01-18T23:00:00,2026-02-15T23:00:00,,,42.0
2026-01-30 10:00:00,44.1,56.198089599609375,1.0,Tema Port,tabular,xgboost,h168,2026-01-04T23:00:00,2026-01-18T23:00:00,2026-02-15T23:00:00,,,42.0
2026-01-30 11:00:00,45.2,50.38865280151367,1.0,Tema Port,tabular,xgboost,h168,2026-01-04T23:00:00,2026-01-18T23:00:00,2026-02-15T23:00:00,,,42.0
2026-01-30 12:00:00,48.2,39.337120056152344,1.0,Tema Port,tabular,xgboost,h168,2026-01-04T23:00:00,2026-01-18T23:00:00,2026-02-15T23:00:00,,,42.0
2026-01-30 13:00:00,40.0,30.321739196777344,1.0,Tema Port,tabular,xgboost,h168,2026-01-04T23:00:00,2026-01-18T23:00:00,2026-02-15T23:00:00,,,42.0
2026-01-30 14:00:00,39.1,29.36566734313965,1.0,Tema Port,tabular,xgboost,h168,2026-01-04T23:00:00,2026-01-18T23:00:00,2026-02-15T23:00:00,,,42.0
2026-01-30 15:00:00,36.8,21.741424560546875,1.0,Tema Port,tabular,xgboost,h168,2026-01-04T23:00:00,2026-01-18T23:00:00,2026-02-15T23:00:00,,,42.0
2026-01-30 16:00:00,38.2,21.753339767456055,1.0,Tema Port,tabular,xgboost,h168,2026-01-04T23:00:00,2026-01-18T23:00:00,2026-02-15T23:00:00,,,42.0
2026-01-30 17:00:00,71.2,22.844268798828125,1.0,Tema Port,tabular,xgboost,h168,2026-01-04T23:00:00,2026-01-18T23:00:00,2026-02-15T23:00:00,,,42.0
2026-01-30 18:00:00,59.0,32.65104675292969,1.0,Tema Port,tabular,xgboost,h168,2026-01-04T23:00:00,2026-01-18T23:00:00,2026-02-15T23:00:00,,,42.0
2026-01-30 19:00:00,38.6,37.86897659301758,1.0,Tema Port,tabular,xgboost,h168,2026-01-04T23:00:00,2026-01-18T23:00:00,2026-02-15T23:00:00,,,42.0
2026-01-30 20:00:00,73.5,30.561782836914062,1.0,Tema Port,tabular,xgboost,h168,2026-01-04T23:00:00,2026-01-18T23:00:00,2026-02-15T23:00:00,,,42.0
2026-01-30 21:00:00,40.9,33.123050689697266,1.0,Tema Port,tabular,xgboost,h168,2026-01-04T23:00:00,2026-01-18T23:00:00,2026-02-15T23:00:00,,,42.0
2026-01-30 22:00:00,38.9,33.03193283081055,1.0,Tema Port,tabular,xgboost,h168,2026-01-04T23:00:00,2026-01-18T23:00:00,2026-02-15T23:00:00,,,42.0
2026-01-30 23:00:00,40.5,39.828792572021484,1.0,Tema Port,tabular,xgboost,h168,2026-01-04T23:00:00,2026-01-18T23:00:00,2026-02-15T23:00:00,,,42.0
2026-01-31 00:00:00,42.3,41.5767822265625,1.0,Tema Port,tabular,xgboost,h168,2026-01-04T23:00:00,2026-01-18T23:00:00,2026-02-15T23:00:00,,,42.0
2026-01-31 01:00:00,39.9,35.68136215209961,1.0,Tema Port,tabular,xgboost,h168,2026-01-04T23:00:00,2026-01-18T23:00:00,2026-02-15T23:00:00,,,42.0
2026-01-31 02:00:00,41.4,32.4717903137207,1.0,Tema Port,tabular,xgboost,h168,2026-01-04T23:00:00,2026-01-18T23:00:00,2026-02-15T23:00:00,,,42.0
2026-01-31 03:00:00,44.8,39.78207778930664,1.0,Tema Port,tabular,xgboost,h168,2026-01-04T23:00:00,2026-01-18T23:00:00,2026-02-15T23:00:00,,,42.0
2026-01-31 04:00:00,45.5,57.67326736450195,1.0,Tema Port,tabular,xgboost,h168,2026-01-04T23:00:00,2026-01-18T23:00:00,2026-02-15T23:00:00,,,42.0
2026-01-31 05:00:00,42.6,63.07068634033203,1.0,Tema Port,tabular,xgboost,h168,2026-01-04T23:00:00,2026-01-18T23:00:00,2026-02-15T23:00:00,,,42.0
2026-01-31 06:00:00,50.2,69.18156433105469,1.0,Tema Port,tabular,xgboost,h168,2026-01-04T23:00:00,2026-01-18T23:00:00,2026-02-15T23:00:00,,,42.0
2026-01-31 07:00:00,50.7,57.74677276611328,1.0,Tema Port,tabular,xgboost,h168,2026-01-04T23:00:00,2026-01-18T23:00:00,2026-02-15T23:00:00,,,42.0
2026-01-31 08:00:00,48.7,56.85259246826172,1.0,Tema Port,tabular,xgboost,h168,2026-01-04T23:00:00,2026-01-18T23:00:00,2026-02-15T23:00:00,,,42.0
2026-01-31 09:00:00,64.0,46.84623718261719,1.0,Tema Port,tabular,xgboost,h168,2026-01-04T23:00:00,2026-01-18T23:00:00,2026-02-15T23:00:00,,,42.0
2026-01-31 10:00:00,47.6,43.43120193481445,1.0,Tema Port,tabular,xgboost,h168,2026-01-04T23:00:00,2026-01-18T23:00:00,2026-02-15T23:00:00,,,42.0
2026-01-31 11:00:00,36.5,44.93061828613281,1.0,Tema Port,tabular,xgboost,h168,2026-01-04T23:00:00,2026-01-18T23:00:00,2026-02-15T23:00:00,,,42.0
2026-01-31 12:00:00,32.6,31.82618522644043,1.0,Tema Port,tabular,xgboost,h168,2026-01-04T23:00:00,2026-01-18T23:00:00,2026-02-15T23:00:00,,,42.0
2026-01-31 13:00:00,32.5,25.212051391601562,1.0,Tema Port,tabular,xgboost,h168,2026-01-04T23:00:00,2026-01-18T23:00:00,2026-02-15T23:00:00,,,42.0
2026-01-31 14:00:00,32.4,21.857088088989258,1.0,Tema Port,tabular,xgboost,h168,2026-01-04T23:00:00,2026-01-18T23:00:00,2026-02-15T23:00:00,,,42.0
2026-01-31 15:00:00,33.8,20.243263244628906,1.0,Tema Port,tabular,xgboost,h168,2026-01-04T23:00:00,2026-01-18T23:00:00,2026-02-15T23:00:00,,,42.0
2026-01-31 16:00:00,32.0,27.642967224121094,1.0,Tema Port,tabular,xgboost,h168,2026-01-04T23:00:00,2026-01-18T23:00:00,2026-02-15T23:00:00,,,42.0
2026-01-31 17:00:00,36.2,30.322038650512695,1.0,Tema Port,tabular,xgboost,h168,2026-01-04T23:00:00,2026-01-18T23:00:00,2026-02-15T23:00:00,,,42.0
2026-01-31 18:00:00,33.5,38.00007247924805,1.0,Tema Port,tabular,xgboost,h168,2026-01-04T23:00:00,2026-01-18T23:00:00,2026-02-15T23:00:00,,,42.0
2026-01-31 19:00:00,37.8,37.85881042480469,1.0,Tema Port,tabular,xgboost,h168,2026-01-04T23:00:00,2026-01-18T23:00:00,2026-02-15T23:00:00,,,42.0
2026-01-31 20:00:00,40.2,39.35285949707031,1.0,Tema Port,tabular,xgboost,h168,2026-01-04T23:00:00,2026-01-18T23:00:00,2026-02-15T23:00:00,,,42.0
2026-01-31 21:00:00,33.5,45.152198791503906,1.0,Tema Port,tabular,xgboost,h168,2026-01-04T23:00:00,2026-01-18T23:00:00,2026-02-15T23:00:00,,,42.0
2026-01-31 22:00:00,32.0,44.97966003417969,1.0,Tema Port,tabular,xgboost,h168,2026-01-04T23:00:00,2026-01-18T23:00:00,2026-02-15T23:00:00,,,42.0
2026-01-31 23:00:00,44.7,45.219974517822266,1.0,Tema Port,tabular,xgboost,h168,2026-01-04T23:00:00,2026-01-18T23:00:00,2026-02-15T23:00:00,,,42.0
2026-02-01 00:00:00,37.4,61.631752014160156,1.0,Tema Port,tabular,xgboost,h168,2026-01-04T23:00:00,2026-01-18T23:00:00,2026-02-15T23:00:00,,,42.0
2026-02-01 01:00:00,34.8,48.59718322753906,1.0,Tema Port,tabular,xgboost,h168,2026-01-04T23:00:00,2026-01-18T23:00:00,2026-02-15T23:00:00,,,42.0
2026-02-01 02:00:00,31.5,50.87200927734375,1.0,Tema Port,tabular,xgboost,h168,2026-01-04T23:00:00,2026-01-18T23:00:00,2026-02-15T23:00:00,,,42.0
2026-02-01 03:00:00,29.9,70.59498596191406,1.0,Tema Port,tabular,xgboost,h168,2026-01-04T23:00:00,2026-01-18T23:00:00,2026-02-15T23:00:00,,,42.0
2026-02-01 04:00:00,32.1,47.340919494628906,1.0,Tema Port,tabular,xgboost,h168,2026-01-04T23:00:00,2026-01-18T23:00:00,2026-02-15T23:00:00,,,42.0
2026-02-01 05:00:00,80.6,57.42667007446289,1.0,Tema Port,tabular,xgboost,h168,2026-01-04T23:00:00,2026-01-18T23:00:00,2026-02-15T23:00:00,,,42.0
2026-02-01 06:00:00,43.0,58.37466049194336,1.0,Tema Port,tabular,xgboost,h168,2026-01-04T23:00:00,2026-01-18T23:00:00,2026-02-15T23:00:00,,,42.0
2026-02-01 07:00:00,54.9,60.77531814575195,1.0,Tema Port,tabular,xgboost,h168,2026-01-04T23:00:00,2026-01-18T23:00:00,2026-02-15T23:00:00,,,42.0
2026-02-01 08:00:00,64.6,58.12730026245117,1.0,Tema Port,tabular,xgboost,h168,2026-01-04T23:00:00,2026-01-18T23:00:00,2026-02-15T23:00:00,,,42.0
2026-02-01 09:00:00,51.1,54.51797103881836,1.0,Tema Port,tabular,xgboost,h168,2026-01-04T23:00:00,2026-01-18T23:00:00,2026-02-15T23:00:00,,,42.0
2026-02-01 10:00:00,35.4,58.35908126831055,1.0,Tema Port,tabular,xgboost,h168,2026-01-04T23:00:00,2026-01-18T23:00:00,2026-02-15T23:00:00,,,42.0
2026-02-01 11:00:00,31.9,37.474178314208984,1.0,Tema Port,tabular,xgboost,h168,2026-01-04T23:00:00,2026-01-18T23:00:00,2026-02-15T23:00:00,,,42.0
2026-02-01 12:00:00,28.7,43.40357208251953,1.0,Tema Port,tabular,xgboost,h168,2026-01-04T23:00:00,2026-01-18T23:00:00,2026-02-15T23:00:00,,,42.0
2026-02-01 13:00:00,27.2,34.419151306152344,1.0,Tema Port,tabular,xgboost,h168,2026-01-04T23:00:00,2026-01-18T23:00:00,2026-02-15T23:00:00,,,42.0
2026-02-01 14:00:00,27.4,42.25864028930664,1.0,Tema Port,tabular,xgboost,h168,2026-01-04T23:00:00,2026-01-18T23:00:00,2026-02-15T23:00:00,,,42.0
2026-02-01 15:00:00,29.3,29.074817657470703,1.0,Tema Port,tabular,xgboost,h168,2026-01-04T23:00:00,2026-01-18T23:00:00,2026-02-15T23:00:00,,,42.0
2026-02-01 16:00:00,29.5,30.074207305908203,1.0,Tema Port,tabular,xgboost,h168,2026-01-04T23:00:00,2026-01-18T23:00:00,2026-02-15T23:00:00,,,42.0
2026-02-01 17:00:00,29.9,33.95156478881836,1.0,Tema Port,tabular,xgboost,h168,2026-01-04T23:00:00,2026-01-18T23:00:00,2026-02-15T23:00:00,,,42.0
2026-02-01 18:00:00,34.7,32.43540954589844,1.0,Tema Port,tabular,xgboost,h168,2026-01-04T23:00:00,2026-01-18T23:00:00,2026-02-15T23:00:00,,,42.0
2026-02-01 19:00:00,28.7,34.88056564331055,1.0,Tema Port,tabular,xgboost,h168,2026-01-04T23:00:00,2026-01-18T23:00:00,2026-02-15T23:00:00,,,42.0
2026-02-01 20:00:00,28.4,34.10933303833008,1.0,Tema Port,tabular,xgboost,h168,2026-01-04T23:00:00,2026-01-18T23:00:00,2026-02-15T23:00:00,,,42.0
2026-02-01 21:00:00,29.7,37.1710090637207,1.0,Tema Port,tabular,xgboost,h168,2026-01-04T23:00:00,2026-01-18T23:00:00,2026-02-15T23:00:00,,,42.0
2026-02-01 22:00:00,25.6,42.183082580566406,1.0,Tema Port,tabular,xgboost,h168,2026-01-04T23:00:00,2026-01-18T23:00:00,2026-02-15T23:00:00,,,42.0
2026-02-01 23:00:00,26.5,38.985694885253906,1.0,Tema Port,tabular,xgboost,h168,2026-01-04T23:00:00,2026-01-18T23:00:00,2026-02-15T23:00:00,,,42.0
2026-02-02 00:00:00,33.7,48.50765609741211,1.0,Tema Port,tabular,xgboost,h168,2026-01-04T23:00:00,2026-01-18T23:00:00,2026-02-15T23:00:00,,,42.0
2026-02-02 01:00:00,31.4,67.9770736694336,1.0,Tema Port,tabular,xgboost,h168,2026-01-04T23:00:00,2026-01-18T23:00:00,2026-02-15T23:00:00,,,42.0
2026-02-02 02:00:00,30.3,49.971961975097656,1.0,Tema Port,tabular,xgboost,h168,2026-01-04T23:00:00,2026-01-18T23:00:00,2026-02-15T23:00:00,,,42.0
2026-02-02 03:00:00,36.8,65.26708221435547,1.0,Tema Port,tabular,xgboost,h168,2026-01-04T23:00:00,2026-01-18T23:00:00,2026-02-15T23:00:00,,,42.0
2026-02-02 04:00:00,43.1,65.60885620117188,1.0,Tema Port,tabular,xgboost,h168,2026-01-04T23:00:00,2026-01-18T23:00:00,2026-02-15T23:00:00,,,42.0
2026-02-02 05:00:00,39.9,68.41891479492188,1.0,Tema Port,tabular,xgboost,h168,2026-01-04T23:00:00,2026-01-18T23:00:00,2026-02-15T23:00:00,,,42.0
2026-02-02 06:00:00,45.6,63.94807815551758,1.0,Tema Port,tabular,xgboost,h168,2026-01-04T23:00:00,2026-01-18T23:00:00,2026-02-15T23:00:00,,,42.0
2026-02-02 07:00:00,57.7,53.991233825683594,1.0,Tema Port,tabular,xgboost,h168,2026-01-04T23:00:00,2026-01-18T23:00:00,2026-02-15T23:00:00,,,42.0
2026-02-02 08:00:00,72.9,61.94489288330078,1.0,Tema Port,tabular,xgboost,h168,2026-01-04T23:00:00,2026-01-18T23:00:00,2026-02-15T23:00:00,,,42.0
2026-02-02 09:00:00,62.0,59.416439056396484,1.0,Tema Port,tabular,xgboost,h168,2026-01-04T23:00:00,2026-01-18T23:00:00,2026-02-15T23:00:00,,,42.0
2026-02-02 10:00:00,51.5,49.1200065612793,1.0,Tema Port,tabular,xgboost,h168,2026-01-04T23:00:00,2026-01-18T23:00:00,2026-02-15T23:00:00,,,42.0
2026-02-02 11:00:00,33.1,39.8410758972168,1.0,Tema Port,tabular,xgboost,h168,2026-01-04T23:00:00,2026-01-18T23:00:00,2026-02-15T23:00:00,,,42.0
2026-02-02 12:00:00,30.1,42.794071197509766,1.0,Tema Port,tabular,xgboost,h168,2026-01-04T23:00:00,2026-01-18T23:00:00,2026-02-15T23:00:00,,,42.0
2026-02-02 13:00:00,29.1,30.309558868408203,1.0,Tema Port,tabular,xgboost,h168,2026-01-04T23:00:00,2026-01-18T23:00:00,2026-02-15T23:00:00,,,42.0
2026-02-02 14:00:00,31.4,27.676597595214844,1.0,Tema Port,tabular,xgboost,h168,2026-01-04T23:00:00,2026-01-18T23:00:00,2026-02-15T23:00:00,,,42.0
2026-02-02 15:00:00,31.6,23.050748825073242,1.0,Tema Port,tabular,xgboost,h168,2026-01-04T23:00:00,2026-01-18T23:00:00,2026-02-15T23:00:00,,,42.0
2026-02-02 16:00:00,34.5,25.150575637817383,1.0,Tema Port,tabular,xgboost,h168,2026-01-04T23:00:00,2026-01-18T23:00:00,2026-02-15T23:00:00,,,42.0
2026-02-02 17:00:00,34.2,26.71635627746582,1.0,Tema Port,tabular,xgboost,h168,2026-01-04T23:00:00,2026-01-18T23:00:00,2026-02-15T23:00:00,,,42.0
2026-02-02 18:00:00,36.7,40.18272399902344,1.0,Tema Port,tabular,xgboost,h168,2026-01-04T23:00:00,2026-01-18T23:00:00,2026-02-15T23:00:00,,,42.0
2026-02-02 19:00:00,32.1,41.3201904296875,1.0,Tema Port,tabular,xgboost,h168,2026-01-04T23:00:00,2026-01-18T23:00:00,2026-02-15T23:00:00,,,42.0
2026-02-02 20:00:00,38.5,36.818641662597656,1.0,Tema Port,tabular,xgboost,h168,2026-01-04T23:00:00,2026-01-18T23:00:00,2026-02-15T23:00:00,,,42.0
2026-02-02 21:00:00,40.0,35.827880859375,1.0,Tema Port,tabular,xgboost,h168,2026-01-04T23:00:00,2026-01-18T23:00:00,2026-02-15T23:00:00,,,42.0
2026-02-02 22:00:00,42.4,45.43336486816406,1.0,Tema Port,tabular,xgboost,h168,2026-01-04T23:00:00,2026-01-18T23:00:00,2026-02-15T23:00:00,,,42.0
2026-02-02 23:00:00,45.5,47.80038833618164,1.0,Tema Port,tabular,xgboost,h168,2026-01-04T23:00:00,2026-01-18T23:00:00,2026-02-15T23:00:00,,,42.0
2026-02-03 00:00:00,67.3,71.74537658691406,1.0,Tema Port,tabular,xgboost,h168,2026-01-04T23:00:00,2026-01-18T23:00:00,2026-02-15T23:00:00,,,42.0
2026-02-03 01:00:00,52.5,70.56375122070312,1.0,Tema Port,tabular,xgboost,h168,2026-01-04T23:00:00,2026-01-18T23:00:00,2026-02-15T23:00:00,,,42.0
2026-02-03 02:00:00,48.2,67.04367065429688,1.0,Tema Port,tabular,xgboost,h168,2026-01-04T23:00:00,2026-01-18T23:00:00,2026-02-15T23:00:00,,,42.0
2026-02-03 03:00:00,52.3,67.04637908935547,1.0,Tema Port,tabular,xgboost,h168,2026-01-04T23:00:00,2026-01-18T23:00:00,2026-02-15T23:00:00,,,42.0
2026-02-03 04:00:00,44.1,65.60567474365234,1.0,Tema Port,tabular,xgboost,h168,2026-01-04T23:00:00,2026-01-18T23:00:00,2026-02-15T23:00:00,,,42.0
2026-02-03 05:00:00,62.3,64.96475982666016,1.0,Tema Port,tabular,xgboost,h168,2026-01-04T23:00:00,2026-01-18T23:00:00,2026-02-15T23:00:00,,,42.0
2026-02-03 06:00:00,62.1,66.88723754882812,1.0,Tema Port,tabular,xgboost,h168,2026-01-04T23:00:00,2026-01-18T23:00:00,2026-02-15T23:00:00,,,42.0
2026-02-03 07:00:00,55.4,63.35630416870117,1.0,Tema Port,tabular,xgboost,h168,2026-01-04T23:00:00,2026-01-18T23:00:00,2026-02-15T23:00:00,,,42.0
2026-02-03 08:00:00,38.1,60.15658950805664,1.0,Tema Port,tabular,xgboost,h168,2026-01-04T23:00:00,2026-01-18T23:00:00,2026-02-15T23:00:00,,,42.0
2026-02-03 09:00:00,33.5,55.8173828125,1.0,Tema Port,tabular,xgboost,h168,2026-01-04T23:00:00,2026-01-18T23:00:00,2026-02-15T23:00:00,,,42.0
2026-02-03 10:00:00,38.4,59.81875991821289,1.0,Tema Port,tabular,xgboost,h168,2026-01-04T23:00:00,2026-01-18T23:00:00,2026-02-15T23:00:00,,,42.0
2026-02-03 11:00:00,48.3,56.34465026855469,1.0,Tema Port,tabular,xgboost,h168,2026-01-04T23:00:00,2026-01-18T23:00:00,2026-02-15T23:00:00,,,42.0
2026-02-03 12:00:00,41.1,36.15348815917969,1.0,Tema Port,tabular,xgboost,h168,2026-01-04T23:00:00,2026-01-18T23:00:00,2026-02-15T23:00:00,,,42.0
2026-02-03 13:00:00,30.7,28.40553092956543,1.0,Tema Port,tabular,xgboost,h168,2026-01-04T23:00:00,2026-01-18T23:00:00,2026-02-15T23:00:00,,,42.0
2026-02-03 14:00:00,41.5,24.538949966430664,1.0,Tema Port,tabular,xgboost,h168,2026-01-04T23:00:00,2026-01-18T23:00:00,2026-02-15T23:00:00,,,42.0
2026-02-03 15:00:00,34.8,27.470170974731445,1.0,Tema Port,tabular,xgboost,h168,2026-01-04T23:00:00,2026-01-18T23:00:00,2026-02-15T23:00:00,,,42.0
2026-02-03 16:00:00,35.4,25.00404930114746,1.0,Tema Port,tabular,xgboost,h168,2026-01-04T23:00:00,2026-01-18T23:00:00,2026-02-15T23:00:00,,,42.0
2026-02-03 17:00:00,34.4,31.396455764770508,1.0,Tema Port,tabular,xgboost,h168,2026-01-04T23:00:00,2026-01-18T23:00:00,2026-02-15T23:00:00,,,42.0
2026-02-03 18:00:00,42.5,41.88078689575195,1.0,Tema Port,tabular,xgboost,h168,2026-01-04T23:00:00,2026-01-18T23:00:00,2026-02-15T23:00:00,,,42.0
2026-02-03 19:00:00,64.0,41.487369537353516,1.0,Tema Port,tabular,xgboost,h168,2026-01-04T23:00:00,2026-01-18T23:00:00,2026-02-15T23:00:00,,,42.0
2026-02-03 20:00:00,67.9,38.10588836669922,1.0,Tema Port,tabular,xgboost,h168,2026-01-04T23:00:00,2026-01-18T23:00:00,2026-02-15T23:00:00,,,42.0
2026-02-03 21:00:00,82.5,42.135868072509766,1.0,Tema Port,tabular,xgboost,h168,2026-01-04T23:00:00,2026-01-18T23:00:00,2026-02-15T23:00:00,,,42.0
2026-02-03 22:00:00,59.6,44.34088134765625,1.0,Tema Port,tabular,xgboost,h168,2026-01-04T23:00:00,2026-01-18T23:00:00,2026-02-15T23:00:00,,,42.0
2026-02-03 23:00:00,50.0,43.210086822509766,1.0,Tema Port,tabular,xgboost,h168,2026-01-04T23:00:00,2026-01-18T23:00:00,2026-02-15T23:00:00,,,42.0
2026-02-04 00:00:00,73.3,57.10746765136719,1.0,Tema Port,tabular,xgboost,h168,2026-01-04T23:00:00,2026-01-18T23:00:00,2026-02-15T23:00:00,,,42.0
2026-02-04 01:00:00,50.8,55.35670852661133,1.0,Tema Port,tabular,xgboost,h168,2026-01-04T23:00:00,2026-01-18T23:00:00,2026-02-15T23:00:00,,,42.0
2026-02-04 02:00:00,47.1,53.562801361083984,1.0,Tema Port,tabular,xgboost,h168,2026-01-04T23:00:00,2026-01-18T23:00:00,2026-02-15T23:00:00,,,42.0
2026-02-04 03:00:00,94.2,60.02040481567383,1.0,Tema Port,tabular,xgboost,h168,2026-01-04T23:00:00,2026-01-18T23:00:00,2026-02-15T23:00:00,,,42.0
2026-02-04 04:00:00,87.4,73.50341033935547,1.0,Tema Port,tabular,xgboost,h168,2026-01-04T23:00:00,2026-01-18T23:00:00,2026-02-15T23:00:00,,,42.0
2026-02-04 05:00:00,79.8,70.80606079101562,1.0,Tema Port,tabular,xgboost,h168,2026-01-04T23:00:00,2026-01-18T23:00:00,2026-02-15T23:00:00,,,42.0
2026-02-04 06:00:00,68.7,77.51985168457031,1.0,Tema Port,tabular,xgboost,h168,2026-01-04T23:00:00,2026-01-18T23:00:00,2026-02-15T23:00:00,,,42.0
2026-02-04 07:00:00,63.9,61.630401611328125,1.0,Tema Port,tabular,xgboost,h168,2026-01-04T23:00:00,2026-01-18T23:00:00,2026-02-15T23:00:00,,,42.0
2026-02-04 08:00:00,49.7,58.154518127441406,1.0,Tema Port,tabular,xgboost,h168,2026-01-04T23:00:00,2026-01-18T23:00:00,2026-02-15T23:00:00,,,42.0
2026-02-04 09:00:00,50.0,54.135833740234375,1.0,Tema Port,tabular,xgboost,h168,2026-01-04T23:00:00,2026-01-18T23:00:00,2026-02-15T23:00:00,,,42.0
2026-02-04 10:00:00,44.0,56.90678405761719,1.0,Tema Port,tabular,xgboost,h168,2026-01-04T23:00:00,2026-01-18T23:00:00,2026-02-15T23:00:00,,,42.0
2026-02-04 11:00:00,41.4,60.33537292480469,1.0,Tema Port,tabular,xgboost,h168,2026-01-04T23:00:00,2026-01-18T23:00:00,2026-02-15T23:00:00,,,42.0
2026-02-04 12:00:00,38.4,52.07735824584961,1.0,Tema Port,tabular,xgboost,h168,2026-01-04T23:00:00,2026-01-18T23:00:00,2026-02-15T23:00:00,,,42.0
2026-02-04 13:00:00,39.3,38.68437957763672,1.0,Tema Port,tabular,xgboost,h168,2026-01-04T23:00:00,2026-01-18T23:00:00,2026-02-15T23:00:00,,,42.0
2026-02-04 14:00:00,34.3,49.47249984741211,1.0,Tema Port,tabular,xgboost,h168,2026-01-04T23:00:00,2026-01-18T23:00:00,2026-02-15T23:00:00,,,42.0
2026-02-04 15:00:00,31.0,37.7691764831543,1.0,Tema Port,tabular,xgboost,h168,2026-01-04T23:00:00,2026-01-18T23:00:00,2026-02-15T23:00:00,,,42.0
2026-02-04 16:00:00,29.6,43.17859649658203,1.0,Tema Port,tabular,xgboost,h168,2026-01-04T23:00:00,2026-01-18T23:00:00,2026-02-15T23:00:00,,,42.0
2026-02-04 17:00:00,57.1,45.98039627075195,1.0,Tema Port,tabular,xgboost,h168,2026-01-04T23:00:00,2026-01-18T23:00:00,2026-02-15T23:00:00,,,42.0
2026-02-04 18:00:00,46.8,52.7833366394043,1.0,Tema Port,tabular,xgboost,h168,2026-01-04T23:00:00,2026-01-18T23:00:00,2026-02-15T23:00:00,,,42.0
2026-02-04 19:00:00,23.0,44.5693473815918,1.0,Tema Port,tabular,xgboost,h168,2026-01-04T23:00:00,2026-01-18T23:00:00,2026-02-15T23:00:00,,,42.0
2026-02-04 20:00:00,17.1,47.43603515625,1.0,Tema Port,tabular,xgboost,h168,2026-01-04T23:00:00,2026-01-18T23:00:00,2026-02-15T23:00:00,,,42.0
2026-02-04 21:00:00,28.2,51.863792419433594,1.0,Tema Port,tabular,xgboost,h168,2026-01-04T23:00:00,2026-01-18T23:00:00,2026-02-15T23:00:00,,,42.0
2026-02-04 22:00:00,48.2,53.924869537353516,1.0,Tema Port,tabular,xgboost,h168,2026-01-04T23:00:00,2026-01-18T23:00:00,2026-02-15T23:00:00,,,42.0
2026-02-04 23:00:00,45.5,67.21266174316406,1.0,Tema Port,tabular,xgboost,h168,2026-01-04T23:00:00,2026-01-18T23:00:00,2026-02-15T23:00:00,,,42.0
2026-02-05 00:00:00,40.8,77.2938003540039,1.0,Tema Port,tabular,xgboost,h168,2026-01-04T23:00:00,2026-01-18T23:00:00,2026-02-15T23:00:00,,,42.0
2026-02-05 01:00:00,53.0,84.1739273071289,1.0,Tema Port,tabular,xgboost,h168,2026-01-04T23:00:00,2026-01-18T23:00:00,2026-02-15T23:00:00,,,42.0
2026-02-05 02:00:00,44.1,82.0780029296875,1.0,Tema Port,tabular,xgboost,h168,2026-01-04T23:00:00,2026-01-18T23:00:00,2026-02-15T23:00:00,,,42.0
2026-02-05 03:00:00,44.7,88.4605941772461,1.0,Tema Port,tabular,xgboost,h168,2026-01-04T23:00:00,2026-01-18T23:00:00,2026-02-15T23:00:00,,,42.0
2026-02-05 04:00:00,36.8,92.092529296875,1.0,Tema Port,tabular,xgboost,h168,2026-01-04T23:00:00,2026-01-18T23:00:00,2026-02-15T23:00:00,,,42.0
2026-02-05 05:00:00,39.4,74.88175201416016,1.0,Tema Port,tabular,xgboost,h168,2026-01-04T23:00:00,2026-01-18T23:00:00,2026-02-15T23:00:00,,,42.0
2026-02-05 06:00:00,40.3,76.99248504638672,1.0,Tema Port,tabular,xgboost,h168,2026-01-04T23:00:00,2026-01-18T23:00:00,2026-02-15T23:00:00,,,42.0
2026-02-05 07:00:00,34.5,77.6928939819336,1.0,Tema Port,tabular,xgboost,h168,2026-01-04T23:00:00,2026-01-18T23:00:00,2026-02-15T23:00:00,,,42.0
2026-02-05 08:00:00,30.5,67.8577880859375,1.0,Tema Port,tabular,xgboost,h168,2026-01-04T23:00:00,2026-01-18T23:00:00,2026-02-15T23:00:00,,,42.0
2026-02-05 09:00:00,31.0,60.89253616333008,1.0,Tema Port,tabular,xgboost,h168,2026-01-04T23:00:00,2026-01-18T23:00:00,2026-02-15T23:00:00,,,42.0
2026-02-05 10:00:00,23.0,67.1738052368164,1.0,Tema Port,tabular,xgboost,h168,2026-01-04T23:00:00,2026-01-18T23:00:00,2026-02-15T23:00:00,,,42.0
2026-02-05 11:00:00,42.6,55.408447265625,1.0,Tema Port,tabular,xgboost,h168,2026-01-04T23:00:00,2026-01-18T23:00:00,2026-02-15T23:00:00,,,42.0
2026-02-05 12:00:00,28.2,58.31442642211914,1.0,Tema Port,tabular,xgboost,h168,2026-01-04T23:00:00,2026-01-18T23:00:00,2026-02-15T23:00:00,,,42.0
2026-02-05 13:00:00,24.6,54.914276123046875,1.0,Tema Port,tabular,xgboost,h168,2026-01-04T23:00:00,2026-01-18T23:00:00,2026-02-15T23:00:00,,,42.0
2026-02-05 14:00:00,20.5,49.973514556884766,1.0,Tema Port,tabular,xgboost,h168,2026-01-04T23:00:00,2026-01-18T23:00:00,2026-02-15T23:00:00,,,42.0
2026-02-05 15:00:00,19.1,35.567955017089844,1.0,Tema Port,tabular,xgboost,h168,2026-01-04T23:00:00,2026-01-18T23:00:00,2026-02-15T23:00:00,,,42.0
2026-02-05 16:00:00,21.9,49.473140716552734,1.0,Tema Port,tabular,xgboost,h168,2026-01-04T23:00:00,2026-01-18T23:00:00,2026-02-15T23:00:00,,,42.0
2026-02-05 17:00:00,22.7,53.7869873046875,1.0,Tema Port,tabular,xgboost,h168,2026-01-04T23:00:00,2026-01-18T23:00:00,2026-02-15T23:00:00,,,42.0
2026-02-05 18:00:00,31.5,61.243228912353516,1.0,Tema Port,tabular,xgboost,h168,2026-01-04T23:00:00,2026-01-18T23:00:00,2026-02-15T23:00:00,,,42.0
2026-02-05 19:00:00,40.6,92.35289001464844,1.0,Tema Port,tabular,xgboost,h168,2026-01-04T23:00:00,2026-01-18T23:00:00,2026-02-15T23:00:00,,,42.0
2026-02-05 20:00:00,29.0,72.11982727050781,1.0,Tema Port,tabular,xgboost,h168,2026-01-04T23:00:00,2026-01-18T23:00:00,2026-02-15T23:00:00,,,42.0
2026-02-05 21:00:00,31.6,65.524658203125,1.0,Tema Port,tabular,xgboost,h168,2026-01-04T23:00:00,2026-01-18T23:00:00,2026-02-15T23:00:00,,,42.0
2026-02-05 22:00:00,34.2,80.43438720703125,1.0,Tema Port,tabular,xgboost,h168,2026-01-04T23:00:00,2026-01-18T23:00:00,2026-02-15T23:00:00,,,42.0
2026-02-05 23:00:00,31.3,85.02520751953125,1.0,Tema Port,tabular,xgboost,h168,2026-01-04T23:00:00,2026-01-18T23:00:00,2026-02-15T23:00:00,,,42.0
2026-02-06 00:00:00,28.7,93.26482391357422,1.0,Tema Port,tabular,xgboost,h168,2026-01-04T23:00:00,2026-01-18T23:00:00,2026-02-15T23:00:00,,,42.0
2026-02-06 01:00:00,25.6,102.02198791503906,1.0,Tema Port,tabular,xgboost,h168,2026-01-04T23:00:00,2026-01-18T23:00:00,2026-02-15T23:00:00,,,42.0
2026-02-06 02:00:00,23.7,105.25296020507812,1.0,Tema Port,tabular,xgboost,h168,2026-01-04T23:00:00,2026-01-18T23:00:00,2026-02-15T23:00:00,,,42.0
2026-02-06 03:00:00,27.2,94.43231201171875,1.0,Tema Port,tabular,xgboost,h168,2026-01-04T23:00:00,2026-01-18T23:00:00,2026-02-15T23:00:00,,,42.0
2026-02-06 04:00:00,32.1,102.8897705078125,1.0,Tema Port,tabular,xgboost,h168,2026-01-04T23:00:00,2026-01-18T23:00:00,2026-02-15T23:00:00,,,42.0
2026-02-06 05:00:00,28.0,98.52989959716797,1.0,Tema Port,tabular,xgboost,h168,2026-01-04T23:00:00,2026-01-18T23:00:00,2026-02-15T23:00:00,,,42.0
2026-02-06 06:00:00,37.3,105.63931274414062,1.0,Tema Port,tabular,xgboost,h168,2026-01-04T23:00:00,2026-01-18T23:00:00,2026-02-15T23:00:00,,,42.0
2026-02-06 07:00:00,47.8,107.6507568359375,1.0,Tema Port,tabular,xgboost,h168,2026-01-04T23:00:00,2026-01-18T23:00:00,2026-02-15T23:00:00,,,42.0
2026-02-06 08:00:00,42.0,95.5350112915039,1.0,Tema Port,tabular,xgboost,h168,2026-01-04T23:00:00,2026-01-18T23:00:00,2026-02-15T23:00:00,,,42.0
2026-02-06 09:00:00,20.7,96.88203430175781,1.0,Tema Port,tabular,xgboost,h168,2026-01-04T23:00:00,2026-01-18T23:00:00,2026-02-15T23:00:00,,,42.0
2026-02-06 10:00:00,20.7,95.62096405029297,1.0,Tema Port,tabular,xgboost,h168,2026-01-04T23:00:00,2026-01-18T23:00:00,2026-02-15T23:00:00,,,42.0
2026-02-06 11:00:00,22.8,100.81790924072266,1.0,Tema Port,tabular,xgboost,h168,2026-01-04T23:00:00,2026-01-18T23:00:00,2026-02-15T23:00:00,,,42.0
2026-02-06 12:00:00,21.8,99.59337615966797,1.0,Tema Port,tabular,xgboost,h168,2026-01-04T23:00:00,2026-01-18T23:00:00,2026-02-15T23:00:00,,,42.0
2026-02-06 13:00:00,22.1,73.69686126708984,1.0,Tema Port,tabular,xgboost,h168,2026-01-04T23:00:00,2026-01-18T23:00:00,2026-02-15T23:00:00,,,42.0
2026-02-06 14:00:00,23.5,71.95077514648438,1.0,Tema Port,tabular,xgboost,h168,2026-01-04T23:00:00,2026-01-18T23:00:00,2026-02-15T23:00:00,,,42.0
2026-02-06 15:00:00,25.2,71.89520263671875,1.0,Tema Port,tabular,xgboost,h168,2026-01-04T23:00:00,2026-01-18T23:00:00,2026-02-15T23:00:00,,,42.0
2026-02-06 16:00:00,24.5,78.18224334716797,1.0,Tema Port,tabular,xgboost,h168,2026-01-04T23:00:00,2026-01-18T23:00:00,2026-02-15T23:00:00,,,42.0
2026-02-06 17:00:00,23.1,85.61898803710938,1.0,Tema Port,tabular,xgboost,h168,2026-01-04T23:00:00,2026-01-18T23:00:00,2026-02-15T23:00:00,,,42.0
2026-02-06 18:00:00,28.1,87.98817443847656,1.0,Tema Port,tabular,xgboost,h168,2026-01-04T23:00:00,2026-01-18T23:00:00,2026-02-15T23:00:00,,,42.0
2026-02-06 19:00:00,24.6,93.73369598388672,1.0,Tema Port,tabular,xgboost,h168,2026-01-04T23:00:00,2026-01-18T23:00:00,2026-02-15T23:00:00,,,42.0
2026-02-06 20:00:00,29.0,78.39884948730469,1.0,Tema Port,tabular,xgboost,h168,2026-01-04T23:00:00,2026-01-18T23:00:00,2026-02-15T23:00:00,,,42.0
2026-02-06 21:00:00,27.9,75.59444427490234,1.0,Tema Port,tabular,xgboost,h168,2026-01-04T23:00:00,2026-01-18T23:00:00,2026-02-15T23:00:00,,,42.0
2026-02-06 22:00:00,44.9,91.86856842041016,1.0,Tema Port,tabular,xgboost,h168,2026-01-04T23:00:00,2026-01-18T23:00:00,2026-02-15T23:00:00,,,42.0
2026-02-06 23:00:00,31.4,95.02185821533203,1.0,Tema Port,tabular,xgboost,h168,2026-01-04T23:00:00,2026-01-18T23:00:00,2026-02-15T23:00:00,,,42.0
2026-02-07 00:00:00,29.8,103.91680908203125,1.0,Tema Port,tabular,xgboost,h168,2026-01-04T23:00:00,2026-01-18T23:00:00,2026-02-15T23:00:00,,,42.0
2026-02-07 01:00:00,29.6,99.9100112915039,1.0,Tema Port,tabular,xgboost,h168,2026-01-04T23:00:00,2026-01-18T23:00:00,2026-02-15T23:00:00,,,42.0
2026-02-07 02:00:00,22.6,100.831298828125,1.0,Tema Port,tabular,xgboost,h168,2026-01-04T23:00:00,2026-01-18T23:00:00,2026-02-15T23:00:00,,,42.0
2026-02-07 03:00:00,29.4,106.58056640625,1.0,Tema Port,tabular,xgboost,h168,2026-01-04T23:00:00,2026-01-18T23:00:00,2026-02-15T23:00:00,,,42.0
2026-02-07 04:00:00,36.7,102.31391143798828,1.0,Tema Port,tabular,xgboost,h168,2026-01-04T23:00:00,2026-01-18T23:00:00,2026-02-15T23:00:00,,,42.0
2026-02-07 05:00:00,36.1,107.13961029052734,1.0,Tema Port,tabular,xgboost,h168,2026-01-04T23:00:00,2026-01-18T23:00:00,2026-02-15T23:00:00,,,42.0
2026-02-07 06:00:00,45.3,112.10911560058594,1.0,Tema Port,tabular,xgboost,h168,2026-01-04T23:00:00,2026-01-18T23:00:00,2026-02-15T23:00:00,,,42.0
2026-02-07 07:00:00,46.4,99.16509246826172,1.0,Tema Port,tabular,xgboost,h168,2026-01-04T23:00:00,2026-01-18T23:00:00,2026-02-15T23:00:00,,,42.0
2026-02-07 08:00:00,37.4,95.47923278808594,1.0,Tema Port,tabular,xgboost,h168,2026-01-04T23:00:00,2026-01-18T23:00:00,2026-02-15T23:00:00,,,42.0
2026-02-07 09:00:00,17.1,94.51336669921875,1.0,Tema Port,tabular,xgboost,h168,2026-01-04T23:00:00,2026-01-18T23:00:00,2026-02-15T23:00:00,,,42.0
2026-02-07 10:00:00,19.3,86.38331604003906,1.0,Tema Port,tabular,xgboost,h168,2026-01-04T23:00:00,2026-01-18T23:00:00,2026-02-15T23:00:00,,,42.0
2026-02-07 11:00:00,17.7,89.41728973388672,1.0,Tema Port,tabular,xgboost,h168,2026-01-04T23:00:00,2026-01-18T23:00:00,2026-02-15T23:00:00,,,42.0
2026-02-07 12:00:00,18.6,90.6248779296875,1.0,Tema Port,tabular,xgboost,h168,2026-01-04T23:00:00,2026-01-18T23:00:00,2026-02-15T23:00:00,,,42.0
2026-02-07 13:00:00,18.2,89.43384552001953,1.0,Tema Port,tabular,xgboost,h168,2026-01-04T23:00:00,2026-01-18T23:00:00,2026-02-15T23:00:00,,,42.0
2026-02-07 14:00:00,28.4,78.83496856689453,1.0,Tema Port,tabular,xgboost,h168,2026-01-04T23:00:00,2026-01-18T23:00:00,2026-02-15T23:00:00,,,42.0
2026-02-07 15:00:00,20.1,87.82258605957031,1.0,Tema Port,tabular,xgboost,h168,2026-01-04T23:00:00,2026-01-18T23:00:00,2026-02-15T23:00:00,,,42.0
2026-02-07 16:00:00,23.3,78.1424331665039,1.0,Tema Port,tabular,xgboost,h168,2026-01-04T23:00:00,2026-01-18T23:00:00,2026-02-15T23:00:00,,,42.0
2026-02-07 17:00:00,25.4,83.4692153930664,1.0,Tema Port,tabular,xgboost,h168,2026-01-04T23:00:00,2026-01-18T23:00:00,2026-02-15T23:00:00,,,42.0
2026-02-07 18:00:00,24.3,101.76875305175781,1.0,Tema Port,tabular,xgboost,h168,2026-01-04T23:00:00,2026-01-18T23:00:00,2026-02-15T23:00:00,,,42.0
2026-02-07 19:00:00,20.8,97.1136245727539,1.0,Tema Port,tabular,xgboost,h168,2026-01-04T23:00:00,2026-01-18T23:00:00,2026-02-15T23:00:00,,,42.0
2026-02-07 20:00:00,22.0,84.56371307373047,1.0,Tema Port,tabular,xgboost,h168,2026-01-04T23:00:00,2026-01-18T23:00:00,2026-02-15T23:00:00,,,42.0
2026-02-07 21:00:00,22.1,83.4740982055664,1.0,Tema Port,tabular,xgboost,h168,2026-01-04T23:00:00,2026-01-18T23:00:00,2026-02-15T23:00:00,,,42.0
2026-02-07 22:00:00,35.0,101.75384521484375,1.0,Tema Port,tabular,xgboost,h168,2026-01-04T23:00:00,2026-01-18T23:00:00,2026-02-15T23:00:00,,,42.0
2026-02-07 23:00:00,30.7,94.35062408447266,1.0,Tema Port,tabular,xgboost,h168,2026-01-04T23:00:00,2026-01-18T23:00:00,2026-02-15T23:00:00,,,42.0
2026-02-08 00:00:00,36.1,111.27777099609375,1.0,Tema Port,tabular,xgboost,h168,2026-01-04T23:00:00,2026-01-18T23:00:00,2026-02-15T23:00:00,,,42.0
2026-02-08 01:00:00,35.0,108.0154800415039,1.0,Tema Port,tabular,xgboost,h168,2026-01-04T23:00:00,2026-01-18T23:00:00,2026-02-15T23:00:00,,,42.0
2026-02-08 02:00:00,31.2,104.68116760253906,1.0,Tema Port,tabular,xgboost,h168,2026-01-04T23:00:00,2026-01-18T23:00:00,2026-02-15T23:00:00,,,42.0
2026-02-08 03:00:00,30.3,106.50518798828125,1.0,Tema Port,tabular,xgboost,h168,2026-01-04T23:00:00,2026-01-18T23:00:00,2026-02-15T23:00:00,,,42.0
2026-02-08 04:00:00,31.7,109.24017333984375,1.0,Tema Port,tabular,xgboost,h168,2026-01-04T23:00:00,2026-01-18T23:00:00,2026-02-15T23:00:00,,,42.0
2026-02-08 05:00:00,38.7,103.39326477050781,1.0,Tema Port,tabular,xgboost,h168,2026-01-04T23:00:00,2026-01-18T23:00:00,2026-02-15T23:00:00,,,42.0
2026-02-08 06:00:00,56.3,115.44319152832031,1.0,Tema Port,tabular,xgboost,h168,2026-01-04T23:00:00,2026-01-18T23:00:00,2026-02-15T23:00:00,,,42.0
2026-02-08 07:00:00,53.7,100.93495178222656,1.0,Tema Port,tabular,xgboost,h168,2026-01-04T23:00:00,2026-01-18T23:00:00,2026-02-15T23:00:00,,,42.0
2026-02-08 08:00:00,49.7,92.04338836669922,1.0,Tema Port,tabular,xgboost,h168,2026-01-04T23:00:00,2026-01-18T23:00:00,2026-02-15T23:00:00,,,42.0
2026-02-08 09:00:00,38.0,90.41454315185547,1.0,Tema Port,tabular,xgboost,h168,2026-01-04T23:00:00,2026-01-18T23:00:00,2026-02-15T23:00:00,,,42.0
2026-02-08 10:00:00,46.4,94.41670227050781,1.0,Tema Port,tabular,xgboost,h168,2026-01-04T23:00:00,2026-01-18T23:00:00,2026-02-15T23:00:00,,,42.0
2026-02-08 11:00:00,30.7,93.43782806396484,1.0,Tema Port,tabular,xgboost,h168,2026-01-04T23:00:00,2026-01-18T23:00:00,2026-02-15T23:00:00,,,42.0
2026-02-08 12:00:00,17.9,92.39656066894531,1.0,Tema Port,tabular,xgboost,h168,2026-01-04T23:00:00,2026-01-18T23:00:00,2026-02-15T23:00:00,,,42.0
2026-02-08 13:00:00,14.2,84.57182312011719,1.0,Tema Port,tabular,xgboost,h168,2026-01-04T23:00:00,2026-01-18T23:00:00,2026-02-15T23:00:00,,,42.0
2026-02-08 14:00:00,13.3,83.90780639648438,1.0,Tema Port,tabular,xgboost,h168,2026-01-04T23:00:00,2026-01-18T23:00:00,2026-02-15T23:00:00,,,42.0
2026-02-08 15:00:00,13.6,81.44283294677734,1.0,Tema Port,tabular,xgboost,h168,2026-01-04T23:00:00,2026-01-18T23:00:00,2026-02-15T23:00:00,,,42.0
2026-02-08 16:00:00,12.7,93.06825256347656,1.0,Tema Port,tabular,xgboost,h168,2026-01-04T23:00:00,2026-01-18T23:00:00,2026-02-15T23:00:00,,,42.0
2026-02-08 17:00:00,21.4,98.53968811035156,1.0,Tema Port,tabular,xgboost,h168,2026-01-04T23:00:00,2026-01-18T23:00:00,2026-02-15T23:00:00,,,42.0
2026-02-08 18:00:00,24.8,99.50082397460938,1.0,Tema Port,tabular,xgboost,h168,2026-01-04T23:00:00,2026-01-18T23:00:00,2026-02-15T23:00:00,,,42.0
2026-02-08 19:00:00,28.5,87.30293273925781,1.0,Tema Port,tabular,xgboost,h168,2026-01-04T23:00:00,2026-01-18T23:00:00,2026-02-15T23:00:00,,,42.0
2026-02-08 20:00:00,20.0,83.59938049316406,1.0,Tema Port,tabular,xgboost,h168,2026-01-04T23:00:00,2026-01-18T23:00:00,2026-02-15T23:00:00,,,42.0
2026-02-08 21:00:00,21.2,86.26130676269531,1.0,Tema Port,tabular,xgboost,h168,2026-01-04T23:00:00,2026-01-18T23:00:00,2026-02-15T23:00:00,,,42.0
2026-02-08 22:00:00,22.6,102.50252532958984,1.0,Tema Port,tabular,xgboost,h168,2026-01-04T23:00:00,2026-01-18T23:00:00,2026-02-15T23:00:00,,,42.0
2026-02-08 23:00:00,19.8,90.40498352050781,1.0,Tema Port,tabular,xgboost,h168,2026-01-04T23:00:00,2026-01-18T23:00:00,2026-02-15T23:00:00,,,42.0
2026-02-09 00:00:00,16.8,106.70198059082031,1.0,Tema Port,tabular,xgboost,h168,2026-01-04T23:00:00,2026-01-18T23:00:00,2026-02-15T23:00:00,,,42.0
2026-02-09 01:00:00,14.5,91.79615020751953,1.0,Tema Port,tabular,xgboost,h168,2026-01-04T23:00:00,2026-01-18T23:00:00,2026-02-15T23:00:00,,,42.0
2026-02-09 02:00:00,16.0,96.29920196533203,1.0,Tema Port,tabular,xgboost,h168,2026-01-04T23:00:00,2026-01-18T23:00:00,2026-02-15T23:00:00,,,42.0
2026-02-09 03:00:00,27.4,100.38480377197266,1.0,Tema Port,tabular,xgboost,h168,2026-01-04T23:00:00,2026-01-18T23:00:00,2026-02-15T23:00:00,,,42.0
2026-02-09 04:00:00,23.0,109.93706512451172,1.0,Tema Port,tabular,xgboost,h168,2026-01-04T23:00:00,2026-01-18T23:00:00,2026-02-15T23:00:00,,,42.0
2026-02-09 05:00:00,32.0,101.05669403076172,1.0,Tema Port,tabular,xgboost,h168,2026-01-04T23:00:00,2026-01-18T23:00:00,2026-02-15T23:00:00,,,42.0
2026-02-09 06:00:00,39.9,90.29310607910156,1.0,Tema Port,tabular,xgboost,h168,2026-01-04T23:00:00,2026-01-18T23:00:00,2026-02-15T23:00:00,,,42.0
2026-02-09 07:00:00,35.0,88.15522766113281,1.0,Tema Port,tabular,xgboost,h168,2026-01-04T23:00:00,2026-01-18T23:00:00,2026-02-15T23:00:00,,,42.0
2026-02-09 08:00:00,34.6,90.5228042602539,1.0,Tema Port,tabular,xgboost,h168,2026-01-04T23:00:00,2026-01-18T23:00:00,2026-02-15T23:00:00,,,42.0
2026-02-09 09:00:00,38.2,87.79940032958984,1.0,Tema Port,tabular,xgboost,h168,2026-01-04T23:00:00,2026-01-18T23:00:00,2026-02-15T23:00:00,,,42.0
2026-02-09 10:00:00,30.7,75.24160766601562,1.0,Tema Port,tabular,xgboost,h168,2026-01-04T23:00:00,2026-01-18T23:00:00,2026-02-15T23:00:00,,,42.0
2026-02-09 11:00:00,19.9,76.9295883178711,1.0,Tema Port,tabular,xgboost,h168,2026-01-04T23:00:00,2026-01-18T23:00:00,2026-02-15T23:00:00,,,42.0
2026-02-09 12:00:00,19.3,77.32849884033203,1.0,Tema Port,tabular,xgboost,h168,2026-01-04T23:00:00,2026-01-18T23:00:00,2026-02-15T23:00:00,,,42.0
2026-02-09 13:00:00,24.2,78.76081848144531,1.0,Tema Port,tabular,xgboost,h168,2026-01-04T23:00:00,2026-01-18T23:00:00,2026-02-15T23:00:00,,,42.0
2026-02-09 14:00:00,33.3,79.64581298828125,1.0,Tema Port,tabular,xgboost,h168,2026-01-04T23:00:00,2026-01-18T23:00:00,2026-02-15T23:00:00,,,42.0
2026-02-09 15:00:00,17.8,120.18805694580078,1.0,Tema Port,tabular,xgboost,h168,2026-01-04T23:00:00,2026-01-18T23:00:00,2026-02-15T23:00:00,,,42.0
2026-02-09 16:00:00,19.4,117.1504135131836,1.0,Tema Port,tabular,xgboost,h168,2026-01-04T23:00:00,2026-01-18T23:00:00,2026-02-15T23:00:00,,,42.0
2026-02-09 17:00:00,22.8,139.23147583007812,1.0,Tema Port,tabular,xgboost,h168,2026-01-04T23:00:00,2026-01-18T23:00:00,2026-02-15T23:00:00,,,42.0
2026-02-09 18:00:00,42.1,84.80951690673828,1.0,Tema Port,tabular,xgboost,h168,2026-01-04T23:00:00,2026-01-18T23:00:00,2026-02-15T23:00:00,,,42.0
2026-02-09 19:00:00,41.1,89.94709014892578,1.0,Tema Port,tabular,xgboost,h168,2026-01-04T23:00:00,2026-01-18T23:00:00,2026-02-15T23:00:00,,,42.0
2026-02-09 20:00:00,38.2,88.58070373535156,1.0,Tema Port,tabular,xgboost,h168,2026-01-04T23:00:00,2026-01-18T23:00:00,2026-02-15T23:00:00,,,42.0
2026-02-09 21:00:00,31.2,89.71533203125,1.0,Tema Port,tabular,xgboost,h168,2026-01-04T23:00:00,2026-01-18T23:00:00,2026-02-15T23:00:00,,,42.0
2026-02-09 22:00:00,42.5,82.5804214477539,1.0,Tema Port,tabular,xgboost,h168,2026-01-04T23:00:00,2026-01-18T23:00:00,2026-02-15T23:00:00,,,42.0
2026-02-09 23:00:00,30.1,88.4907455444336,1.0,Tema Port,tabular,xgboost,h168,2026-01-04T23:00:00,2026-01-18T23:00:00,2026-02-15T23:00:00,,,42.0
2026-02-10 00:00:00,28.2,93.0243148803711,1.0,Tema Port,tabular,xgboost,h168,2026-01-04T23:00:00,2026-01-18T23:00:00,2026-02-15T23:00:00,,,42.0
2026-02-10 01:00:00,29.8,97.83387756347656,1.0,Tema Port,tabular,xgboost,h168,2026-01-04T23:00:00,2026-01-18T23:00:00,2026-02-15T23:00:00,,,42.0
2026-02-10 02:00:00,31.9,110.4488525390625,1.0,Tema Port,tabular,xgboost,h168,2026-01-04T23:00:00,2026-01-18T23:00:00,2026-02-15T23:00:00,,,42.0
2026-02-10 03:00:00,21.9,103.66806030273438,1.0,Tema Port,tabular,xgboost,h168,2026-01-04T23:00:00,2026-01-18T23:00:00,2026-02-15T23:00:00,,,42.0
2026-02-10 04:00:00,39.2,100.1131362915039,1.0,Tema Port,tabular,xgboost,h168,2026-01-04T23:00:00,2026-01-18T23:00:00,2026-02-15T23:00:00,,,42.0
2026-02-10 05:00:00,32.4,92.39852142333984,1.0,Tema Port,tabular,xgboost,h168,2026-01-04T23:00:00,2026-01-18T23:00:00,2026-02-15T23:00:00,,,42.0
2026-02-10 06:00:00,45.7,93.50897216796875,1.0,Tema Port,tabular,xgboost,h168,2026-01-04T23:00:00,2026-01-18T23:00:00,2026-02-15T23:00:00,,,42.0
2026-02-10 07:00:00,45.5,91.55818939208984,1.0,Tema Port,tabular,xgboost,h168,2026-01-04T23:00:00,2026-01-18T23:00:00,2026-02-15T23:00:00,,,42.0
2026-02-10 08:00:00,39.6,93.59232330322266,1.0,Tema Port,tabular,xgboost,h168,2026-01-04T23:00:00,2026-01-18T23:00:00,2026-02-15T23:00:00,,,42.0
2026-02-10 09:00:00,27.4,96.48246765136719,1.0,Tema Port,tabular,xgboost,h168,2026-01-04T23:00:00,2026-01-18T23:00:00,2026-02-15T23:00:00,,,42.0
2026-02-10 10:00:00,25.6,93.88922882080078,1.0,Tema Port,tabular,xgboost,h168,2026-01-04T23:00:00,2026-01-18T23:00:00,2026-02-15T23:00:00,,,42.0
2026-02-10 11:00:00,15.5,81.1333999633789,1.0,Tema Port,tabular,xgboost,h168,2026-01-04T23:00:00,2026-01-18T23:00:00,2026-02-15T23:00:00,,,42.0
2026-02-10 12:00:00,17.3,74.82875061035156,1.0,Tema Port,tabular,xgboost,h168,2026-01-04T23:00:00,2026-01-18T23:00:00,2026-02-15T23:00:00,,,42.0
2026-02-10 13:00:00,13.8,67.06669616699219,1.0,Tema Port,tabular,xgboost,h168,2026-01-04T23:00:00,2026-01-18T23:00:00,2026-02-15T23:00:00,,,42.0
2026-02-10 14:00:00,15.6,67.79399871826172,1.0,Tema Port,tabular,xgboost,h168,2026-01-04T23:00:00,2026-01-18T23:00:00,2026-02-15T23:00:00,,,42.0
2026-02-10 15:00:00,14.9,78.44518280029297,1.0,Tema Port,tabular,xgboost,h168,2026-01-04T23:00:00,2026-01-18T23:00:00,2026-02-15T23:00:00,,,42.0
2026-02-10 16:00:00,14.0,80.73206329345703,1.0,Tema Port,tabular,xgboost,h168,2026-01-04T23:00:00,2026-01-18T23:00:00,2026-02-15T23:00:00,,,42.0
2026-02-10 17:00:00,16.8,91.79560089111328,1.0,Tema Port,tabular,xgboost,h168,2026-01-04T23:00:00,2026-01-18T23:00:00,2026-02-15T23:00:00,,,42.0
2026-02-10 18:00:00,36.7,77.38768768310547,1.0,Tema Port,tabular,xgboost,h168,2026-01-04T23:00:00,2026-01-18T23:00:00,2026-02-15T23:00:00,,,42.0
2026-02-10 19:00:00,19.8,89.1832275390625,1.0,Tema Port,tabular,xgboost,h168,2026-01-04T23:00:00,2026-01-18T23:00:00,2026-02-15T23:00:00,,,42.0
2026-02-10 20:00:00,16.6,82.99445343017578,1.0,Tema Port,tabular,xgboost,h168,2026-01-04T23:00:00,2026-01-18T23:00:00,2026-02-15T23:00:00,,,42.0
2026-02-10 21:00:00,17.4,84.08589172363281,1.0,Tema Port,tabular,xgboost,h168,2026-01-04T23:00:00,2026-01-18T23:00:00,2026-02-15T23:00:00,,,42.0
2026-02-10 22:00:00,18.4,74.57564544677734,1.0,Tema Port,tabular,xgboost,h168,2026-01-04T23:00:00,2026-01-18T23:00:00,2026-02-15T23:00:00,,,42.0
2026-02-10 23:00:00,18.5,77.58717346191406,1.0,Tema Port,tabular,xgboost,h168,2026-01-04T23:00:00,2026-01-18T23:00:00,2026-02-15T23:00:00,,,42.0
2026-02-11 00:00:00,15.5,96.3741226196289,1.0,Tema Port,tabular,xgboost,h168,2026-01-04T23:00:00,2026-01-18T23:00:00,2026-02-15T23:00:00,,,42.0
2026-02-11 01:00:00,30.2,95.54007720947266,1.0,Tema Port,tabular,xgboost,h168,2026-01-04T23:00:00,2026-01-18T23:00:00,2026-02-15T23:00:00,,,42.0
2026-02-11 02:00:00,25.7,88.14729309082031,1.0,Tema Port,tabular,xgboost,h168,2026-01-04T23:00:00,2026-01-18T23:00:00,2026-02-15T23:00:00,,,42.0
2026-02-11 03:00:00,39.3,93.26649475097656,1.0,Tema Port,tabular,xgboost,h168,2026-01-04T23:00:00,2026-01-18T23:00:00,2026-02-15T23:00:00,,,42.0
2026-02-11 04:00:00,50.0,98.19086456298828,1.0,Tema Port,tabular,xgboost,h168,2026-01-04T23:00:00,2026-01-18T23:00:00,2026-02-15T23:00:00,,,42.0
2026-02-11 05:00:00,61.1,112.15921020507812,1.0,Tema Port,tabular,xgboost,h168,2026-01-04T23:00:00,2026-01-18T23:00:00,2026-02-15T23:00:00,,,42.0
2026-02-11 06:00:00,71.5,94.20111846923828,1.0,Tema Port,tabular,xgboost,h168,2026-01-04T23:00:00,2026-01-18T23:00:00,2026-02-15T23:00:00,,,42.0
2026-02-11 07:00:00,47.6,87.42440795898438,1.0,Tema Port,tabular,xgboost,h168,2026-01-04T23:00:00,2026-01-18T23:00:00,2026-02-15T23:00:00,,,42.0
2026-02-11 08:00:00,51.6,82.06014251708984,1.0,Tema Port,tabular,xgboost,h168,2026-01-04T23:00:00,2026-01-18T23:00:00,2026-02-15T23:00:00,,,42.0
2026-02-11 09:00:00,62.6,88.13410949707031,1.0,Tema Port,tabular,xgboost,h168,2026-01-04T23:00:00,2026-01-18T23:00:00,2026-02-15T23:00:00,,,42.0
2026-02-11 10:00:00,30.2,73.11955261230469,1.0,Tema Port,tabular,xgboost,h168,2026-01-04T23:00:00,2026-01-18T23:00:00,2026-02-15T23:00:00,,,42.0
2026-02-11 11:00:00,38.2,69.4676513671875,1.0,Tema Port,tabular,xgboost,h168,2026-01-04T23:00:00,2026-01-18T23:00:00,2026-02-15T23:00:00,,,42.0
2026-02-11 12:00:00,41.7,65.13655090332031,1.0,Tema Port,tabular,xgboost,h168,2026-01-04T23:00:00,2026-01-18T23:00:00,2026-02-15T23:00:00,,,42.0
2026-02-11 13:00:00,28.8,60.61802291870117,1.0,Tema Port,tabular,xgboost,h168,2026-01-04T23:00:00,2026-01-18T23:00:00,2026-02-15T23:00:00,,,42.0
2026-02-11 14:00:00,19.1,63.94620895385742,1.0,Tema Port,tabular,xgboost,h168,2026-01-04T23:00:00,2026-01-18T23:00:00,2026-02-15T23:00:00,,,42.0
2026-02-11 15:00:00,12.6,62.14547348022461,1.0,Tema Port,tabular,xgboost,h168,2026-01-04T23:00:00,2026-01-18T23:00:00,2026-02-15T23:00:00,,,42.0
2026-02-11 16:00:00,14.8,65.55859375,1.0,Tema Port,tabular,xgboost,h168,2026-01-04T23:00:00,2026-01-18T23:00:00,2026-02-15T23:00:00,,,42.0
2026-02-11 17:00:00,34.6,70.30048370361328,1.0,Tema Port,tabular,xgboost,h168,2026-01-04T23:00:00,2026-01-18T23:00:00,2026-02-15T23:00:00,,,42.0
2026-02-11 18:00:00,28.8,89.95805358886719,1.0,Tema Port,tabular,xgboost,h168,2026-01-04T23:00:00,2026-01-18T23:00:00,2026-02-15T23:00:00,,,42.0
2026-02-11 19:00:00,29.4,78.66534423828125,1.0,Tema Port,tabular,xgboost,h168,2026-01-04T23:00:00,2026-01-18T23:00:00,2026-02-15T23:00:00,,,42.0
2026-02-11 20:00:00,27.0,76.79216766357422,1.0,Tema Port,tabular,xgboost,h168,2026-01-04T23:00:00,2026-01-18T23:00:00,2026-02-15T23:00:00,,,42.0
2026-02-11 21:00:00,32.6,77.134521484375,1.0,Tema Port,tabular,xgboost,h168,2026-01-04T23:00:00,2026-01-18T23:00:00,2026-02-15T23:00:00,,,42.0
2026-02-11 22:00:00,48.2,72.44283294677734,1.0,Tema Port,tabular,xgboost,h168,2026-01-04T23:00:00,2026-01-18T23:00:00,2026-02-15T23:00:00,,,42.0
2026-02-11 23:00:00,42.8,74.83385467529297,1.0,Tema Port,tabular,xgboost,h168,2026-01-04T23:00:00,2026-01-18T23:00:00,2026-02-15T23:00:00,,,42.0
2026-02-12 00:00:00,53.7,94.47096252441406,1.0,Tema Port,tabular,xgboost,h168,2026-01-04T23:00:00,2026-01-18T23:00:00,2026-02-15T23:00:00,,,42.0
2026-02-12 01:00:00,53.7,85.1568603515625,1.0,Tema Port,tabular,xgboost,h168,2026-01-04T23:00:00,2026-01-18T23:00:00,2026-02-15T23:00:00,,,42.0
2026-02-12 02:00:00,64.9,78.32069396972656,1.0,Tema Port,tabular,xgboost,h168,2026-01-04T23:00:00,2026-01-18T23:00:00,2026-02-15T23:00:00,,,42.0
2026-02-12 03:00:00,66.7,93.27529907226562,1.0,Tema Port,tabular,xgboost,h168,2026-01-04T23:00:00,2026-01-18T23:00:00,2026-02-15T23:00:00,,,42.0
2026-02-12 04:00:00,104.7,99.4703598022461,1.0,Tema Port,tabular,xgboost,h168,2026-01-04T23:00:00,2026-01-18T23:00:00,2026-02-15T23:00:00,,,42.0
2026-02-12 05:00:00,92.2,81.46875762939453,1.0,Tema Port,tabular,xgboost,h168,2026-01-04T23:00:00,2026-01-18T23:00:00,2026-02-15T23:00:00,,,42.0
2026-02-12 06:00:00,84.8,93.28379821777344,1.0,Tema Port,tabular,xgboost,h168,2026-01-04T23:00:00,2026-01-18T23:00:00,2026-02-15T23:00:00,,,42.0
2026-02-12 07:00:00,76.4,97.02263641357422,1.0,Tema Port,tabular,xgboost,h168,2026-01-04T23:00:00,2026-01-18T23:00:00,2026-02-15T23:00:00,,,42.0
2026-02-12 08:00:00,56.5,95.45001220703125,1.0,Tema Port,tabular,xgboost,h168,2026-01-04T23:00:00,2026-01-18T23:00:00,2026-02-15T23:00:00,,,42.0
2026-02-12 09:00:00,23.7,90.28369903564453,1.0,Tema Port,tabular,xgboost,h168,2026-01-04T23:00:00,2026-01-18T23:00:00,2026-02-15T23:00:00,,,42.0
2026-02-12 10:00:00,4.4,76.09752655029297,1.0,Tema Port,tabular,xgboost,h168,2026-01-04T23:00:00,2026-01-18T23:00:00,2026-02-15T23:00:00,,,42.0
2026-02-12 11:00:00,2.3,72.29545593261719,1.0,Tema Port,tabular,xgboost,h168,2026-01-04T23:00:00,2026-01-18T23:00:00,2026-02-15T23:00:00,,,42.0
2026-02-12 12:00:00,3.3,68.84549713134766,1.0,Tema Port,tabular,xgboost,h168,2026-01-04T23:00:00,2026-01-18T23:00:00,2026-02-15T23:00:00,,,42.0
2026-02-12 13:00:00,2.9,64.20963287353516,1.0,Tema Port,tabular,xgboost,h168,2026-01-04T23:00:00,2026-01-18T23:00:00,2026-02-15T23:00:00,,,42.0
2026-02-12 14:00:00,3.5,56.77863311767578,1.0,Tema Port,tabular,xgboost,h168,2026-01-04T23:00:00,2026-01-18T23:00:00,2026-02-15T23:00:00,,,42.0
2026-02-12 15:00:00,3.6,52.257240295410156,1.0,Tema Port,tabular,xgboost,h168,2026-01-04T23:00:00,2026-01-18T23:00:00,2026-02-15T23:00:00,,,42.0
2026-02-12 16:00:00,4.6,41.19325256347656,1.0,Tema Port,tabular,xgboost,h168,2026-01-04T23:00:00,2026-01-18T23:00:00,2026-02-15T23:00:00,,,42.0
2026-02-12 17:00:00,8.2,43.96024703979492,1.0,Tema Port,tabular,xgboost,h168,2026-01-04T23:00:00,2026-01-18T23:00:00,2026-02-15T23:00:00,,,42.0
2026-02-12 18:00:00,21.9,41.21778106689453,1.0,Tema Port,tabular,xgboost,h168,2026-01-04T23:00:00,2026-01-18T23:00:00,2026-02-15T23:00:00,,,42.0
2026-02-12 19:00:00,8.9,38.58330154418945,1.0,Tema Port,tabular,xgboost,h168,2026-01-04T23:00:00,2026-01-18T23:00:00,2026-02-15T23:00:00,,,42.0
2026-02-12 20:00:00,9.4,51.06986999511719,1.0,Tema Port,tabular,xgboost,h168,2026-01-04T23:00:00,2026-01-18T23:00:00,2026-02-15T23:00:00,,,42.0
2026-02-12 21:00:00,7.7,60.56017303466797,1.0,Tema Port,tabular,xgboost,h168,2026-01-04T23:00:00,2026-01-18T23:00:00,2026-02-15T23:00:00,,,42.0
2026-02-12 22:00:00,18.2,58.73141860961914,1.0,Tema Port,tabular,xgboost,h168,2026-01-04T23:00:00,2026-01-18T23:00:00,2026-02-15T23:00:00,,,42.0
2026-02-12 23:00:00,26.7,49.183597564697266,1.0,Tema Port,tabular,xgboost,h168,2026-01-04T23:00:00,2026-01-18T23:00:00,2026-02-15T23:00:00,,,42.0
2026-02-13 00:00:00,32.3,72.2242202758789,1.0,Tema Port,tabular,xgboost,h168,2026-01-04T23:00:00,2026-01-18T23:00:00,2026-02-15T23:00:00,,,42.0
2026-02-13 01:00:00,32.7,69.8060302734375,1.0,Tema Port,tabular,xgboost,h168,2026-01-04T23:00:00,2026-01-18T23:00:00,2026-02-15T23:00:00,,,42.0
2026-02-13 02:00:00,30.8,56.012516021728516,1.0,Tema Port,tabular,xgboost,h168,2026-01-04T23:00:00,2026-01-18T23:00:00,2026-02-15T23:00:00,,,42.0
2026-02-13 03:00:00,28.1,65.39712524414062,1.0,Tema Port,tabular,xgboost,h168,2026-01-04T23:00:00,2026-01-18T23:00:00,2026-02-15T23:00:00,,,42.0
2026-02-13 04:00:00,34.1,67.77999114990234,1.0,Tema Port,tabular,xgboost,h168,2026-01-04T23:00:00,2026-01-18T23:00:00,2026-02-15T23:00:00,,,42.0
2026-02-13 05:00:00,50.8,69.69729614257812,1.0,Tema Port,tabular,xgboost,h168,2026-01-04T23:00:00,2026-01-18T23:00:00,2026-02-15T23:00:00,,,42.0
2026-02-13 06:00:00,46.7,71.10704803466797,1.0,Tema Port,tabular,xgboost,h168,2026-01-04T23:00:00,2026-01-18T23:00:00,2026-02-15T23:00:00,,,42.0
2026-02-13 07:00:00,36.9,44.267921447753906,1.0,Tema Port,tabular,xgboost,h168,2026-01-04T23:00:00,2026-01-18T23:00:00,2026-02-15T23:00:00,,,42.0
2026-02-13 08:00:00,28.6,45.70966720581055,1.0,Tema Port,tabular,xgboost,h168,2026-01-04T23:00:00,2026-01-18T23:00:00,2026-02-15T23:00:00,,,42.0
2026-02-13 09:00:00,29.5,28.03178596496582,1.0,Tema Port,tabular,xgboost,h168,2026-01-04T23:00:00,2026-01-18T23:00:00,2026-02-15T23:00:00,,,42.0
2026-02-13 10:00:00,35.3,59.1425895690918,1.0,Tema Port,tabular,xgboost,h168,2026-01-04T23:00:00,2026-01-18T23:00:00,2026-02-15T23:00:00,,,42.0
2026-02-13 11:00:00,23.2,37.17946243286133,1.0,Tema Port,tabular,xgboost,h168,2026-01-04T23:00:00,2026-01-18T23:00:00,2026-02-15T23:00:00,,,42.0
2026-02-13 12:00:00,4.9,41.27143859863281,1.0,Tema Port,tabular,xgboost,h168,2026-01-04T23:00:00,2026-01-18T23:00:00,2026-02-15T23:00:00,,,42.0
2026-02-13 13:00:00,5.7,25.483421325683594,1.0,Tema Port,tabular,xgboost,h168,2026-01-04T23:00:00,2026-01-18T23:00:00,2026-02-15T23:00:00,,,42.0
2026-02-13 14:00:00,10.1,28.083084106445312,1.0,Tema Port,tabular,xgboost,h168,2026-01-04T23:00:00,2026-01-18T23:00:00,2026-02-15T23:00:00,,,42.0
2026-02-13 15:00:00,12.3,30.04813003540039,1.0,Tema Port,tabular,xgboost,h168,2026-01-04T23:00:00,2026-01-18T23:00:00,2026-02-15T23:00:00,,,42.0
2026-02-13 16:00:00,7.7,25.281681060791016,1.0,Tema Port,tabular,xgboost,h168,2026-01-04T23:00:00,2026-01-18T23:00:00,2026-02-15T23:00:00,,,42.0
2026-02-13 17:00:00,30.1,31.234132766723633,1.0,Tema Port,tabular,xgboost,h168,2026-01-04T23:00:00,2026-01-18T23:00:00,2026-02-15T23:00:00,,,42.0
2026-02-13 18:00:00,32.9,68.8276138305664,1.0,Tema Port,tabular,xgboost,h168,2026-01-04T23:00:00,2026-01-18T23:00:00,2026-02-15T23:00:00,,,42.0
2026-02-13 19:00:00,28.0,49.068458557128906,1.0,Tema Port,tabular,xgboost,h168,2026-01-04T23:00:00,2026-01-18T23:00:00,2026-02-15T23:00:00,,,42.0
2026-02-13 20:00:00,10.7,53.64257049560547,1.0,Tema Port,tabular,xgboost,h168,2026-01-04T23:00:00,2026-01-18T23:00:00,2026-02-15T23:00:00,,,42.0
2026-02-13 21:00:00,10.8,49.8264274597168,1.0,Tema Port,tabular,xgboost,h168,2026-01-04T23:00:00,2026-01-18T23:00:00,2026-02-15T23:00:00,,,42.0
2026-02-13 22:00:00,12.1,41.59852600097656,1.0,Tema Port,tabular,xgboost,h168,2026-01-04T23:00:00,2026-01-18T23:00:00,2026-02-15T23:00:00,,,42.0
2026-02-13 23:00:00,16.3,46.461788177490234,1.0,Tema Port,tabular,xgboost,h168,2026-01-04T23:00:00,2026-01-18T23:00:00,2026-02-15T23:00:00,,,42.0
2026-02-14 00:00:00,9.4,47.46087646484375,1.0,Tema Port,tabular,xgboost,h168,2026-01-04T23:00:00,2026-01-18T23:00:00,2026-02-15T23:00:00,,,42.0
2026-02-14 01:00:00,11.4,43.070220947265625,1.0,Tema Port,tabular,xgboost,h168,2026-01-04T23:00:00,2026-01-18T23:00:00,2026-02-15T23:00:00,,,42.0
2026-02-14 02:00:00,18.0,44.395896911621094,1.0,Tema Port,tabular,xgboost,h168,2026-01-04T23:00:00,2026-01-18T23:00:00,2026-02-15T23:00:00,,,42.0
2026-02-14 03:00:00,17.1,54.2302131652832,1.0,Tema Port,tabular,xgboost,h168,2026-01-04T23:00:00,2026-01-18T23:00:00,2026-02-15T23:00:00,,,42.0
2026-02-14 04:00:00,22.1,55.96054458618164,1.0,Tema Port,tabular,xgboost,h168,2026-01-04T23:00:00,2026-01-18T23:00:00,2026-02-15T23:00:00,,,42.0
2026-02-14 05:00:00,28.2,72.11849212646484,1.0,Tema Port,tabular,xgboost,h168,2026-01-04T23:00:00,2026-01-18T23:00:00,2026-02-15T23:00:00,,,42.0
2026-02-14 06:00:00,32.7,64.33724975585938,1.0,Tema Port,tabular,xgboost,h168,2026-01-04T23:00:00,2026-01-18T23:00:00,2026-02-15T23:00:00,,,42.0
2026-02-14 07:00:00,33.3,62.51564407348633,1.0,Tema Port,tabular,xgboost,h168,2026-01-04T23:00:00,2026-01-18T23:00:00,2026-02-15T23:00:00,,,42.0
2026-02-14 08:00:00,31.5,52.166316986083984,1.0,Tema Port,tabular,xgboost,h168,2026-01-04T23:00:00,2026-01-18T23:00:00,2026-02-15T23:00:00,,,42.0
2026-02-14 09:00:00,32.3,44.11433792114258,1.0,Tema Port,tabular,xgboost,h168,2026-01-04T23:00:00,2026-01-18T23:00:00,2026-02-15T23:00:00,,,42.0
2026-02-14 10:00:00,27.3,39.870216369628906,1.0,Tema Port,tabular,xgboost,h168,2026-01-04T23:00:00,2026-01-18T23:00:00,2026-02-15T23:00:00,,,42.0
2026-02-14 11:00:00,26.7,39.070098876953125,1.0,Tema Port,tabular,xgboost,h168,2026-01-04T23:00:00,2026-01-18T23:00:00,2026-02-15T23:00:00,,,42.0
2026-02-14 12:00:00,24.8,39.81867218017578,1.0,Tema Port,tabular,xgboost,h168,2026-01-04T23:00:00,2026-01-18T23:00:00,2026-02-15T23:00:00,,,42.0
2026-02-14 13:00:00,23.8,36.928863525390625,1.0,Tema Port,tabular,xgboost,h168,2026-01-04T23:00:00,2026-01-18T23:00:00,2026-02-15T23:00:00,,,42.0
2026-02-14 14:00:00,21.2,27.124645233154297,1.0,Tema Port,tabular,xgboost,h168,2026-01-04T23:00:00,2026-01-18T23:00:00,2026-02-15T23:00:00,,,42.0
2026-02-14 15:00:00,46.5,17.307592391967773,1.0,Tema Port,tabular,xgboost,h168,2026-01-04T23:00:00,2026-01-18T23:00:00,2026-02-15T23:00:00,,,42.0
2026-02-14 16:00:00,41.6,20.497140884399414,1.0,Tema Port,tabular,xgboost,h168,2026-01-04T23:00:00,2026-01-18T23:00:00,2026-02-15T23:00:00,,,42.0
2026-02-14 17:00:00,55.3,36.880126953125,1.0,Tema Port,tabular,xgboost,h168,2026-01-04T23:00:00,2026-01-18T23:00:00,2026-02-15T23:00:00,,,42.0
2026-02-14 18:00:00,68.7,34.807682037353516,1.0,Tema Port,tabular,xgboost,h168,2026-01-04T23:00:00,2026-01-18T23:00:00,2026-02-15T23:00:00,,,42.0
2026-02-14 19:00:00,64.6,21.642906188964844,1.0,Tema Port,tabular,xgboost,h168,2026-01-04T23:00:00,2026-01-18T23:00:00,2026-02-15T23:00:00,,,42.0
2026-02-14 20:00:00,60.0,26.715089797973633,1.0,Tema Port,tabular,xgboost,h168,2026-01-04T23:00:00,2026-01-18T23:00:00,2026-02-15T23:00:00,,,42.0
2026-02-14 21:00:00,61.2,32.90245819091797,1.0,Tema Port,tabular,xgboost,h168,2026-01-04T23:00:00,2026-01-18T23:00:00,2026-02-15T23:00:00,,,42.0
2026-02-14 22:00:00,53.2,45.58237838745117,1.0,Tema Port,tabular,xgboost,h168,2026-01-04T23:00:00,2026-01-18T23:00:00,2026-02-15T23:00:00,,,42.0
2026-02-14 23:00:00,45.5,41.50063705444336,1.0,Tema Port,tabular,xgboost,h168,2026-01-04T23:00:00,2026-01-18T23:00:00,2026-02-15T23:00:00,,,42.0
2026-02-15 00:00:00,38.8,42.44701385498047,1.0,Tema Port,tabular,xgboost,h168,2026-01-04T23:00:00,2026-01-18T23:00:00,2026-02-15T23:00:00,,,42.0
2026-02-15 01:00:00,39.7,38.50111770629883,1.0,Tema Port,tabular,xgboost,h168,2026-01-04T23:00:00,2026-01-18T23:00:00,2026-02-15T23:00:00,,,42.0
2026-02-15 02:00:00,42.2,45.897098541259766,1.0,Tema Port,tabular,xgboost,h168,2026-01-04T23:00:00,2026-01-18T23:00:00,2026-02-15T23:00:00,,,42.0
2026-02-15 03:00:00,34.8,62.852134704589844,1.0,Tema Port,tabular,xgboost,h168,2026-01-04T23:00:00,2026-01-18T23:00:00,2026-02-15T23:00:00,,,42.0
2026-02-15 04:00:00,36.1,61.99324035644531,1.0,Tema Port,tabular,xgboost,h168,2026-01-04T23:00:00,2026-01-18T23:00:00,2026-02-15T23:00:00,,,42.0
2026-02-15 05:00:00,42.2,61.29957580566406,1.0,Tema Port,tabular,xgboost,h168,2026-01-04T23:00:00,2026-01-18T23:00:00,2026-02-15T23:00:00,,,42.0
2026-02-15 06:00:00,45.1,61.063846588134766,1.0,Tema Port,tabular,xgboost,h168,2026-01-04T23:00:00,2026-01-18T23:00:00,2026-02-15T23:00:00,,,42.0
2026-02-15 07:00:00,42.0,70.29547119140625,1.0,Tema Port,tabular,xgboost,h168,2026-01-04T23:00:00,2026-01-18T23:00:00,2026-02-15T23:00:00,,,42.0
2026-02-15 08:00:00,31.7,43.22349548339844,1.0,Tema Port,tabular,xgboost,h168,2026-01-04T23:00:00,2026-01-18T23:00:00,2026-02-15T23:00:00,,,42.0
2026-02-15 09:00:00,20.6,33.43920135498047,1.0,Tema Port,tabular,xgboost,h168,2026-01-04T23:00:00,2026-01-18T23:00:00,2026-02-15T23:00:00,,,42.0
2026-02-15 10:00:00,30.5,31.966482162475586,1.0,Tema Port,tabular,xgboost,h168,2026-01-04T23:00:00,2026-01-18T23:00:00,2026-02-15T23:00:00,,,42.0
2026-02-15 11:00:00,12.6,41.21561813354492,1.0,Tema Port,tabular,xgboost,h168,2026-01-04T23:00:00,2026-01-18T23:00:00,2026-02-15T23:00:00,,,42.0
2026-02-15 12:00:00,8.2,20.990005493164062,1.0,Tema Port,tabular,xgboost,h168,2026-01-04T23:00:00,2026-01-18T23:00:00,2026-02-15T23:00:00,,,42.0
2026-02-15 13:00:00,5.8,16.729415893554688,1.0,Tema Port,tabular,xgboost,h168,2026-01-04T23:00:00,2026-01-18T23:00:00,2026-02-15T23:00:00,,,42.0
2026-02-15 14:00:00,4.2,16.087295532226562,1.0,Tema Port,tabular,xgboost,h168,2026-01-04T23:00:00,2026-01-18T23:00:00,2026-02-15T23:00:00,,,42.0
2026-02-15 15:00:00,4.3,18.805814743041992,1.0,Tema Port,tabular,xgboost,h168,2026-01-04T23:00:00,2026-01-18T23:00:00,2026-02-15T23:00:00,,,42.0
2026-02-15 16:00:00,3.7,19.354949951171875,1.0,Tema Port,tabular,xgboost,h168,2026-01-04T23:00:00,2026-01-18T23:00:00,2026-02-15T23:00:00,,,42.0
2026-02-15 17:00:00,3.4,20.89499282836914,1.0,Tema Port,tabular,xgboost,h168,2026-01-04T23:00:00,2026-01-18T23:00:00,2026-02-15T23:00:00,,,42.0
2026-02-15 18:00:00,5.7,23.107646942138672,1.0,Tema Port,tabular,xgboost,h168,2026-01-04T23:00:00,2026-01-18T23:00:00,2026-02-15T23:00:00,,,42.0
2026-02-15 19:00:00,6.1,35.34003829956055,1.0,Tema Port,tabular,xgboost,h168,2026-01-04T23:00:00,2026-01-18T23:00:00,2026-02-15T23:00:00,,,42.0
2026-02-15 20:00:00,5.2,23.435779571533203,1.0,Tema Port,tabular,xgboost,h168,2026-01-04T23:00:00,2026-01-18T23:00:00,2026-02-15T23:00:00,,,42.0
2026-02-15 21:00:00,4.8,34.31596374511719,1.0,Tema Port,tabular,xgboost,h168,2026-01-04T23:00:00,2026-01-18T23:00:00,2026-02-15T23:00:00,,,42.0
2026-02-15 22:00:00,8.8,34.4236946105957,1.0,Tema Port,tabular,xgboost,h168,2026-01-04T23:00:00,2026-01-18T23:00:00,2026-02-15T23:00:00,,,42.0
2026-02-15 23:00:00,8.2,32.24686813354492,1.0,Tema Port,tabular,xgboost,h168,2026-01-04T23:00:00,2026-01-18T23:00:00,2026-02-15T23:00:00,,,42.0
