target_time,y_true,y_pred,harmattan,location,pipeline,model,horizon,split_val_start,split_test_start,split_tmax,keras_backend,seq_len,seed
2026-01-18 23:00:00,65.0,43.1,1.0,"Divine healer's Church, Bethlehem",tabular,seasonal_naive_336h,h336,2026-01-04T23:00:00,2026-01-18T23:00:00,2026-02-15T23:00:00,,,42.0
2026-01-19 00:00:00,67.6,35.1,1.0,"Divine healer's Church, Bethlehem",tabular,seasonal_naive_336h,h336,2026-01-04T23:00:00,2026-01-18T23:00:00,2026-02-15T23:00:00,,,42.0
2026-01-19 01:00:00,52.7,36.7,1.0,"Divine healer's Church, Bethlehem",tabular,seasonal_naive_336h,h336,2026-01-04T23:00:00,2026-01-18T23:00:00,2026-02-15T23:00:00,,,42.0
2026-01-19 02:00:00,43.0,38.4,1.0,"Divine healer's Church, Bethlehem",tabular,seasonal_naive_336h,h336,2026-01-04T23:00:00,2026-01-18T23:00:00,2026-02-15T23:00:00,,,42.0
2026-01-19 03:00:00,40.4,34.5,1.0,"Divine healer's Church, Bethlehem",tabular,seasonal_naive_336h,h336,2026-01-04T23:00:00,2026-01-18T23:00:00,2026-02-15T23:00:00,,,42.0
2026-01-19 04:00:00,42.4,35.8,1.0,"Divine healer's Church, Bethlehem",tabular,seasonal_naive_336h,h336,2026-01-04T23:00:00,2026-01-18T23:00:00,2026-02-15T23:00:00,,,42.0
2026-01-19 05:00:00,53.8,47.9,1.0,"Divine healer's Church, Bethlehem",tabular,seasonal_naive_336h,h336,2026-01-04T23:00:00,2026-01-18T23:00:00,2026-02-15T23:00:00,,,42.0
2026-01-19 06:00:00,53.5,48.2,1.0,"Divine healer's Church, Bethlehem",tabular,seasonal_naive_336h,h336,2026-01-04T23:00:00,2026-01-18T23:00:00,2026-02-15T23:00:00,,,42.0
2026-01-19 07:00:00,53.7,43.4,1.0,"Divine healer's Church, Bethlehem",tabular,seasonal_naive_336h,h336,2026-01-04T23:00:00,2026-01-18T23:00:00,2026-02-15T23:00:00,,,42.0
2026-01-19 08:00:00,92.0,39.5,1.0,"Divine healer's Church, Bethlehem",tabular,seasonal_naive_336h,h336,2026-01-04T23:00:00,2026-01-18T23:00:00,2026-02-15T23:00:00,,,42.0
2026-01-19 09:00:00,46.0,37.8,1.0,"Divine healer's Church, Bethlehem",tabular,seasonal_naive_336h,h336,2026-01-04T23:00:00,2026-01-18T23:00:00,2026-02-15T23:00:00,,,42.0
2026-01-19 10:00:00,47.7,39.8,1.0,"Divine healer's Church, Bethlehem",tabular,seasonal_naive_336h,h336,2026-01-04T23:00:00,2026-01-18T23:00:00,2026-02-15T23:00:00,,,42.0
2026-01-19 11:00:00,44.4,41.0,1.0,"Divine healer's Church, Bethlehem",tabular,seasonal_naive_336h,h336,2026-01-04T23:00:00,2026-01-18T23:00:00,2026-02-15T23:00:00,,,42.0
2026-01-19 12:00:00,37.8,36.0,1.0,"Divine healer's Church, Bethlehem",tabular,seasonal_naive_336h,h336,2026-01-04T23:00:00,2026-01-18T23:00:00,2026-02-15T23:00:00,,,42.0
2026-01-19 13:00:00,38.0,32.2,1.0,"Divine healer's Church, Bethlehem",tabular,seasonal_naive_336h,h336,2026-01-04T23:00:00,2026-01-18T23:00:00,2026-02-15T23:00:00,,,42.0
2026-01-19 14:00:00,50.8,28.3,1.0,"Divine healer's Church, Bethlehem",tabular,seasonal_naive_336h,h336,2026-01-04T23:00:00,2026-01-18T23:00:00,2026-02-15T23:00:00,,,42.0
2026-01-19 15:00:00,39.8,29.6,1.0,"Divine healer's Church, Bethlehem",tabular,seasonal_naive_336h,h336,2026-01-04T23:00:00,2026-01-18T23:00:00,2026-02-15T23:00:00,,,42.0
2026-01-19 16:00:00,43.2,59.9,1.0,"Divine healer's Church, Bethlehem",tabular,seasonal_naive_336h,h336,2026-01-04T23:00:00,2026-01-18T23:00:00,2026-02-15T23:00:00,,,42.0
2026-01-19 17:00:00,49.5,53.0,1.0,"Divine healer's Church, Bethlehem",tabular,seasonal_naive_336h,h336,2026-01-04T23:00:00,2026-01-18T23:00:00,2026-02-15T23:00:00,,,42.0
2026-01-19 18:00:00,50.9,39.8,1.0,"Divine healer's Church, Bethlehem",tabular,seasonal_naive_336h,h336,2026-01-04T23:00:00,2026-01-18T23:00:00,2026-02-15T23:00:00,,,42.0
2026-01-19 19:00:00,46.9,49.4,1.0,"Divine healer's Church, Bethlehem",tabular,seasonal_naive_336h,h336,2026-01-04T23:00:00,2026-01-18T23:00:00,2026-02-15T23:00:00,,,42.0
2026-01-19 20:00:00,46.4,49.7,1.0,"Divine healer's Church, Bethlehem",tabular,seasonal_naive_336h,h336,2026-01-04T23:00:00,2026-01-18T23:00:00,2026-02-15T23:00:00,,,42.0
2026-01-19 21:00:00,39.1,53.8,1.0,"Divine healer's Church, Bethlehem",tabular,seasonal_naive_336h,h336,2026-01-04T23:00:00,2026-01-18T23:00:00,2026-02-15T23:00:00,,,42.0
2026-01-19 22:00:00,38.9,53.5,1.0,"Divine healer's Church, Bethlehem",tabular,seasonal_naive_336h,h336,2026-01-04T23:00:00,2026-01-18T23:00:00,2026-02-15T23:00:00,,,42.0
2026-01-19 23:00:00,34.9,57.5,1.0,"Divine healer's Church, Bethlehem",tabular,seasonal_naive_336h,h336,2026-01-04T23:00:00,2026-01-18T23:00:00,2026-02-15T23:00:00,,,42.0
2026-01-20 00:00:00,33.3,50.5,1.0,"Divine healer's Church, Bethlehem",tabular,seasonal_naive_336h,h336,2026-01-04T23:00:00,2026-01-18T23:00:00,2026-02-15T23:00:00,,,42.0
2026-01-20 01:00:00,33.3,44.8,1.0,"Divine healer's Church, Bethlehem",tabular,seasonal_naive_336h,h336,2026-01-04T23:00:00,2026-01-18T23:00:00,2026-02-15T23:00:00,,,42.0
2026-01-20 02:00:00,34.9,41.4,1.0,"Divine healer's Church, Bethlehem",tabular,seasonal_naive_336h,h336,2026-01-04T23:00:00,2026-01-18T23:00:00,2026-02-15T23:00:00,,,42.0
2026-01-20 03:00:00,48.6,40.0,1.0,"Divine healer's Church, Bethlehem",tabular,seasonal_naive_336h,h336,2026-01-04T23:00:00,2026-01-18T23:00:00,2026-02-15T23:00:00,,,42.0
2026-01-20 04:00:00,33.7,42.1,1.0,"Divine healer's Church, Bethlehem",tabular,seasonal_naive_336h,h336,2026-01-04T23:00:00,2026-01-18T23:00:00,2026-02-15T23:00:00,,,42.0
2026-01-20 05:00:00,39.5,50.1,1.0,"Divine healer's Church, Bethlehem",tabular,seasonal_naive_336h,h336,2026-01-04T23:00:00,2026-01-18T23:00:00,2026-02-15T23:00:00,,,42.0
2026-01-20 06:00:00,46.9,64.5,1.0,"Divine healer's Church, Bethlehem",tabular,seasonal_naive_336h,h336,2026-01-04T23:00:00,2026-01-18T23:00:00,2026-02-15T23:00:00,,,42.0
2026-01-20 07:00:00,42.6,52.9,1.0,"Divine healer's Church, Bethlehem",tabular,seasonal_naive_336h,h336,2026-01-04T23:00:00,2026-01-18T23:00:00,2026-02-15T23:00:00,,,42.0
2026-01-20 08:00:00,37.7,36.9,1.0,"Divine healer's Church, Bethlehem",tabular,seasonal_naive_336h,h336,2026-01-04T23:00:00,2026-01-18T23:00:00,2026-02-15T23:00:00,,,42.0
2026-01-20 09:00:00,38.9,35.0,1.0,"Divine healer's Church, Bethlehem",tabular,seasonal_naive_336h,h336,2026-01-04T23:00:00,2026-01-18T23:00:00,2026-02-15T23:00:00,,,42.0
2026-01-20 10:00:00,34.1,40.6,1.0,"Divine healer's Church, Bethlehem",tabular,seasonal_naive_336h,h336,2026-01-04T23:00:00,2026-01-18T23:00:00,2026-02-15T23:00:00,,,42.0
2026-01-20 11:00:00,33.4,34.8,1.0,"Divine healer's Church, Bethlehem",tabular,seasonal_naive_336h,h336,2026-01-04T23:00:00,2026-01-18T23:00:00,2026-02-15T23:00:00,,,42.0
2026-01-20 12:00:00,36.7,25.3,1.0,"Divine healer's Church, Bethlehem",tabular,seasonal_naive_336h,h336,2026-01-04T23:00:00,2026-01-18T23:00:00,2026-02-15T23:00:00,,,42.0
2026-01-20 13:00:00,36.8,23.9,1.0,"Divine healer's Church, Bethlehem",tabular,seasonal_naive_336h,h336,2026-01-04T23:00:00,2026-01-18T23:00:00,2026-02-15T23:00:00,,,42.0
2026-01-20 14:00:00,34.3,26.7,1.0,"Divine healer's Church, Bethlehem",tabular,seasonal_naive_336h,h336,2026-01-04T23:00:00,2026-01-18T23:00:00,2026-02-15T23:00:00,,,42.0
2026-01-20 15:00:00,40.9,30.0,1.0,"Divine healer's Church, Bethlehem",tabular,seasonal_naive_336h,h336,2026-01-04T23:00:00,2026-01-18T23:00:00,2026-02-15T23:00:00,,,42.0
2026-01-20 16:00:00,42.6,26.8,1.0,"Divine healer's Church, Bethlehem",tabular,seasonal_naive_336h,h336,2026-01-04T23:00:00,2026-01-18T23:00:00,2026-02-15T23:00:00,,,42.0
2026-01-20 17:00:00,39.6,25.7,1.0,"Divine healer's Church, Bethlehem",tabular,seasonal_naive_336h,h336,2026-01-04T23:00:00,2026-01-18T23:00:00,2026-02-15T23:00:00,,,42.0
2026-01-20 18:00:00,44.5,40.0,1.0,"Divine healer's Church, Bethlehem",tabular,seasonal_naive_336h,h336,2026-01-04T23:00:00,2026-01-18T23:00:00,2026-02-15T23:00:00,,,42.0
2026-01-20 19:00:00,92.6,36.5,1.0,"Divine healer's Church, Bethlehem",tabular,seasonal_naive_336h,h336,2026-01-04T23:00:00,2026-01-18T23:00:00,2026-02-15T23:00:00,,,42.0
2026-01-20 20:00:00,64.0,44.3,1.0,"Divine healer's Church, Bethlehem",tabular,seasonal_naive_336h,h336,2026-01-04T23:00:00,2026-01-18T23:00:00,2026-02-15T23:00:00,,,42.0
2026-01-20 21:00:00,48.2,42.4,1.0,"Divine healer's Church, Bethlehem",tabular,seasonal_naive_336h,h336,2026-01-04T23:00:00,2026-01-18T23:00:00,2026-02-15T23:00:00,,,42.0
2026-01-20 22:00:00,31.7,43.8,1.0,"Divine healer's Church, Bethlehem",tabular,seasonal_naive_336h,h336,2026-01-04T23:00:00,2026-01-18T23:00:00,2026-02-15T23:00:00,,,42.0
2026-01-20 23:00:00,35.1,42.7,1.0,"Divine healer's Church, Bethlehem",tabular,seasonal_naive_336h,h336,2026-01-04T23:00:00,2026-01-18T23:00:00,2026-02-15T23:00:00,,,42.0
2026-01-21 00:00:00,18.1,36.0,1.0,"Divine healer's Church, Bethlehem",tabular,seasonal_naive_336h,h336,2026-01-04T23:00:00,2026-01-18T23:00:00,2026-02-15T23:00:00,,,42.0
2026-01-21 01:00:00,35.0,41.4,1.0,"Divine healer's Church, Bethlehem",tabular,seasonal_naive_336h,h336,2026-01-04T23:00:00,2026-01-18T23:00:00,2026-02-15T23:00:00,,,42.0
2026-01-21 02:00:00,28.8,39.5,1.0,"Divine healer's Church, Bethlehem",tabular,seasonal_naive_336h,h336,2026-01-04T23:00:00,2026-01-18T23:00:00,2026-02-15T23:00:00,,,42.0
2026-01-21 03:00:00,16.5,34.1,1.0,"Divine healer's Church, Bethlehem",tabular,seasonal_naive_336h,h336,2026-01-04T23:00:00,2026-01-18T23:00:00,2026-02-15T23:00:00,,,42.0
2026-01-21 04:00:00,22.8,42.9,1.0,"Divine healer's Church, Bethlehem",tabular,seasonal_naive_336h,h336,2026-01-04T23:00:00,2026-01-18T23:00:00,2026-02-15T23:00:00,,,42.0
2026-01-21 05:00:00,31.9,61.5,1.0,"Divine healer's Church, Bethlehem",tabular,seasonal_naive_336h,h336,2026-01-04T23:00:00,2026-01-18T23:00:00,2026-02-15T23:00:00,,,42.0
2026-01-21 06:00:00,45.0,72.3,1.0,"Divine healer's Church, Bethlehem",tabular,seasonal_naive_336h,h336,2026-01-04T23:00:00,2026-01-18T23:00:00,2026-02-15T23:00:00,,,42.0
2026-01-21 07:00:00,46.2,52.3,1.0,"Divine healer's Church, Bethlehem",tabular,seasonal_naive_336h,h336,2026-01-04T23:00:00,2026-01-18T23:00:00,2026-02-15T23:00:00,,,42.0
2026-01-21 08:00:00,34.2,47.5,1.0,"Divine healer's Church, Bethlehem",tabular,seasonal_naive_336h,h336,2026-01-04T23:00:00,2026-01-18T23:00:00,2026-02-15T23:00:00,,,42.0
2026-01-21 09:00:00,26.3,55.6,1.0,"Divine healer's Church, Bethlehem",tabular,seasonal_naive_336h,h336,2026-01-04T23:00:00,2026-01-18T23:00:00,2026-02-15T23:00:00,,,42.0
2026-01-21 10:00:00,26.3,46.0,1.0,"Divine healer's Church, Bethlehem",tabular,seasonal_naive_336h,h336,2026-01-04T23:00:00,2026-01-18T23:00:00,2026-02-15T23:00:00,,,42.0
2026-01-21 11:00:00,31.2,32.2,1.0,"Divine healer's Church, Bethlehem",tabular,seasonal_naive_336h,h336,2026-01-04T23:00:00,2026-01-18T23:00:00,2026-02-15T23:00:00,,,42.0
2026-01-21 12:00:00,39.2,36.7,1.0,"Divine healer's Church, Bethlehem",tabular,seasonal_naive_336h,h336,2026-01-04T23:00:00,2026-01-18T23:00:00,2026-02-15T23:00:00,,,42.0
2026-01-21 13:00:00,37.5,38.1,1.0,"Divine healer's Church, Bethlehem",tabular,seasonal_naive_336h,h336,2026-01-04T23:00:00,2026-01-18T23:00:00,2026-02-15T23:00:00,,,42.0
2026-01-21 14:00:00,34.6,32.4,1.0,"Divine healer's Church, Bethlehem",tabular,seasonal_naive_336h,h336,2026-01-04T23:00:00,2026-01-18T23:00:00,2026-02-15T23:00:00,,,42.0
2026-01-21 15:00:00,33.0,34.6,1.0,"Divine healer's Church, Bethlehem",tabular,seasonal_naive_336h,h336,2026-01-04T23:00:00,2026-01-18T23:00:00,2026-02-15T23:00:00,,,42.0
2026-01-21 16:00:00,35.3,30.5,1.0,"Divine healer's Church, Bethlehem",tabular,seasonal_naive_336h,h336,2026-01-04T23:00:00,2026-01-18T23:00:00,2026-02-15T23:00:00,,,42.0
2026-01-21 17:00:00,46.2,30.9,1.0,"Divine healer's Church, Bethlehem",tabular,seasonal_naive_336h,h336,2026-01-04T23:00:00,2026-01-18T23:00:00,2026-02-15T23:00:00,,,42.0
2026-01-21 18:00:00,56.9,67.9,1.0,"Divine healer's Church, Bethlehem",tabular,seasonal_naive_336h,h336,2026-01-04T23:00:00,2026-01-18T23:00:00,2026-02-15T23:00:00,,,42.0
2026-01-21 19:00:00,54.1,59.0,1.0,"Divine healer's Church, Bethlehem",tabular,seasonal_naive_336h,h336,2026-01-04T23:00:00,2026-01-18T23:00:00,2026-02-15T23:00:00,,,42.0
2026-01-21 20:00:00,53.0,46.4,1.0,"Divine healer's Church, Bethlehem",tabular,seasonal_naive_336h,h336,2026-01-04T23:00:00,2026-01-18T23:00:00,2026-02-15T23:00:00,,,42.0
2026-01-21 21:00:00,42.2,44.6,1.0,"Divine healer's Church, Bethlehem",tabular,seasonal_naive_336h,h336,2026-01-04T23:00:00,2026-01-18T23:00:00,2026-02-15T23:00:00,,,42.0
2026-01-21 22:00:00,50.2,67.2,1.0,"Divine healer's Church, Bethlehem",tabular,seasonal_naive_336h,h336,2026-01-04T23:00:00,2026-01-18T23:00:00,2026-02-15T23:00:00,,,42.0
2026-01-21 23:00:00,46.7,44.0,1.0,"Divine healer's Church, Bethlehem",tabular,seasonal_naive_336h,h336,2026-01-04T23:00:00,2026-01-18T23:00:00,2026-02-15T23:00:00,,,42.0
2026-01-22 00:00:00,40.3,42.7,1.0,"Divine healer's Church, Bethlehem",tabular,seasonal_naive_336h,h336,2026-01-04T23:00:00,2026-01-18T23:00:00,2026-02-15T23:00:00,,,42.0
2026-01-22 01:00:00,39.0,39.7,1.0,"Divine healer's Church, Bethlehem",tabular,seasonal_naive_336h,h336,2026-01-04T23:00:00,2026-01-18T23:00:00,2026-02-15T23:00:00,,,42.0
2026-01-22 02:00:00,36.8,64.2,1.0,"Divine healer's Church, Bethlehem",tabular,seasonal_naive_336h,h336,2026-01-04T23:00:00,2026-01-18T23:00:00,2026-02-15T23:00:00,,,42.0
2026-01-22 03:00:00,34.8,42.5,1.0,"Divine healer's Church, Bethlehem",tabular,seasonal_naive_336h,h336,2026-01-04T23:00:00,2026-01-18T23:00:00,2026-02-15T23:00:00,,,42.0
2026-01-22 04:00:00,36.4,42.3,1.0,"Divine healer's Church, Bethlehem",tabular,seasonal_naive_336h,h336,2026-01-04T23:00:00,2026-01-18T23:00:00,2026-02-15T23:00:00,,,42.0
2026-01-22 05:00:00,46.2,50.0,1.0,"Divine healer's Church, Bethlehem",tabular,seasonal_naive_336h,h336,2026-01-04T23:00:00,2026-01-18T23:00:00,2026-02-15T23:00:00,,,42.0
2026-01-22 06:00:00,44.1,51.2,1.0,"Divine healer's Church, Bethlehem",tabular,seasonal_naive_336h,h336,2026-01-04T23:00:00,2026-01-18T23:00:00,2026-02-15T23:00:00,,,42.0
2026-01-22 07:00:00,40.7,44.2,1.0,"Divine healer's Church, Bethlehem",tabular,seasonal_naive_336h,h336,2026-01-04T23:00:00,2026-01-18T23:00:00,2026-02-15T23:00:00,,,42.0
2026-01-22 08:00:00,31.2,37.5,1.0,"Divine healer's Church, Bethlehem",tabular,seasonal_naive_336h,h336,2026-01-04T23:00:00,2026-01-18T23:00:00,2026-02-15T23:00:00,,,42.0
2026-01-22 09:00:00,31.8,89.4,1.0,"Divine healer's Church, Bethlehem",tabular,seasonal_naive_336h,h336,2026-01-04T23:00:00,2026-01-18T23:00:00,2026-02-15T23:00:00,,,42.0
2026-01-22 10:00:00,36.1,116.6,1.0,"Divine healer's Church, Bethlehem",tabular,seasonal_naive_336h,h336,2026-01-04T23:00:00,2026-01-18T23:00:00,2026-02-15T23:00:00,,,42.0
2026-01-22 11:00:00,40.7,65.2,1.0,"Divine healer's Church, Bethlehem",tabular,seasonal_naive_336h,h336,2026-01-04T23:00:00,2026-01-18T23:00:00,2026-02-15T23:00:00,,,42.0
2026-01-22 12:00:00,46.0,42.3,1.0,"Divine healer's Church, Bethlehem",tabular,seasonal_naive_336h,h336,2026-01-04T23:00:00,2026-01-18T23:00:00,2026-02-15T23:00:00,,,42.0
2026-01-22 13:00:00,46.1,45.0,1.0,"Divine healer's Church, Bethlehem",tabular,seasonal_naive_336h,h336,2026-01-04T23:00:00,2026-01-18T23:00:00,2026-02-15T23:00:00,,,42.0
2026-01-22 14:00:00,45.0,27.9,1.0,"Divine healer's Church, Bethlehem",tabular,seasonal_naive_336h,h336,2026-01-04T23:00:00,2026-01-18T23:00:00,2026-02-15T23:00:00,,,42.0
2026-01-22 15:00:00,38.9,32.6,1.0,"Divine healer's Church, Bethlehem",tabular,seasonal_naive_336h,h336,2026-01-04T23:00:00,2026-01-18T23:00:00,2026-02-15T23:00:00,,,42.0
2026-01-22 16:00:00,34.1,24.1,1.0,"Divine healer's Church, Bethlehem",tabular,seasonal_naive_336h,h336,2026-01-04T23:00:00,2026-01-18T23:00:00,2026-02-15T23:00:00,,,42.0
2026-01-22 17:00:00,31.5,40.0,1.0,"Divine healer's Church, Bethlehem",tabular,seasonal_naive_336h,h336,2026-01-04T23:00:00,2026-01-18T23:00:00,2026-02-15T23:00:00,,,42.0
2026-01-22 18:00:00,48.7,50.0,1.0,"Divine healer's Church, Bethlehem",tabular,seasonal_naive_336h,h336,2026-01-04T23:00:00,2026-01-18T23:00:00,2026-02-15T23:00:00,,,42.0
2026-01-22 19:00:00,37.1,53.4,1.0,"Divine healer's Church, Bethlehem",tabular,seasonal_naive_336h,h336,2026-01-04T23:00:00,2026-01-18T23:00:00,2026-02-15T23:00:00,,,42.0
2026-01-22 20:00:00,47.8,50.4,1.0,"Divine healer's Church, Bethlehem",tabular,seasonal_naive_336h,h336,2026-01-04T23:00:00,2026-01-18T23:00:00,2026-02-15T23:00:00,,,42.0
2026-01-22 21:00:00,64.0,50.4,1.0,"Divine healer's Church, Bethlehem",tabular,seasonal_naive_336h,h336,2026-01-04T23:00:00,2026-01-18T23:00:00,2026-02-15T23:00:00,,,42.0
2026-01-22 22:00:00,55.1,43.0,1.0,"Divine healer's Church, Bethlehem",tabular,seasonal_naive_336h,h336,2026-01-04T23:00:00,2026-01-18T23:00:00,2026-02-15T23:00:00,,,42.0
2026-01-22 23:00:00,56.3,39.5,1.0,"Divine healer's Church, Bethlehem",tabular,seasonal_naive_336h,h336,2026-01-04T23:00:00,2026-01-18T23:00:00,2026-02-15T23:00:00,,,42.0
2026-01-23 00:00:00,47.7,35.6,1.0,"Divine healer's Church, Bethlehem",tabular,seasonal_naive_336h,h336,2026-01-04T23:00:00,2026-01-18T23:00:00,2026-02-15T23:00:00,,,42.0
2026-01-23 01:00:00,40.4,31.1,1.0,"Divine healer's Church, Bethlehem",tabular,seasonal_naive_336h,h336,2026-01-04T23:00:00,2026-01-18T23:00:00,2026-02-15T23:00:00,,,42.0
2026-01-23 02:00:00,43.1,38.7,1.0,"Divine healer's Church, Bethlehem",tabular,seasonal_naive_336h,h336,2026-01-04T23:00:00,2026-01-18T23:00:00,2026-02-15T23:00:00,,,42.0
2026-01-23 03:00:00,50.0,35.7,1.0,"Divine healer's Church, Bethlehem",tabular,seasonal_naive_336h,h336,2026-01-04T23:00:00,2026-01-18T23:00:00,2026-02-15T23:00:00,,,42.0
2026-01-23 04:00:00,59.9,39.6,1.0,"Divine healer's Church, Bethlehem",tabular,seasonal_naive_336h,h336,2026-01-04T23:00:00,2026-01-18T23:00:00,2026-02-15T23:00:00,,,42.0
2026-01-23 05:00:00,51.5,70.8,1.0,"Divine healer's Church, Bethlehem",tabular,seasonal_naive_336h,h336,2026-01-04T23:00:00,2026-01-18T23:00:00,2026-02-15T23:00:00,,,42.0
2026-01-23 06:00:00,88.4,72.3,1.0,"Divine healer's Church, Bethlehem",tabular,seasonal_naive_336h,h336,2026-01-04T23:00:00,2026-01-18T23:00:00,2026-02-15T23:00:00,,,42.0
2026-01-23 07:00:00,95.5,51.7,1.0,"Divine healer's Church, Bethlehem",tabular,seasonal_naive_336h,h336,2026-01-04T23:00:00,2026-01-18T23:00:00,2026-02-15T23:00:00,,,42.0
2026-01-23 08:00:00,49.8,38.1,1.0,"Divine healer's Church, Bethlehem",tabular,seasonal_naive_336h,h336,2026-01-04T23:00:00,2026-01-18T23:00:00,2026-02-15T23:00:00,,,42.0
2026-01-23 09:00:00,41.9,41.4,1.0,"Divine healer's Church, Bethlehem",tabular,seasonal_naive_336h,h336,2026-01-04T23:00:00,2026-01-18T23:00:00,2026-02-15T23:00:00,,,42.0
2026-01-23 10:00:00,42.9,67.3,1.0,"Divine healer's Church, Bethlehem",tabular,seasonal_naive_336h,h336,2026-01-04T23:00:00,2026-01-18T23:00:00,2026-02-15T23:00:00,,,42.0
2026-01-23 11:00:00,44.9,60.5,1.0,"Divine healer's Church, Bethlehem",tabular,seasonal_naive_336h,h336,2026-01-04T23:00:00,2026-01-18T23:00:00,2026-02-15T23:00:00,,,42.0
2026-01-23 12:00:00,107.5,31.7,1.0,"Divine healer's Church, Bethlehem",tabular,seasonal_naive_336h,h336,2026-01-04T23:00:00,2026-01-18T23:00:00,2026-02-15T23:00:00,,,42.0
2026-01-23 13:00:00,60.9,34.2,1.0,"Divine healer's Church, Bethlehem",tabular,seasonal_naive_336h,h336,2026-01-04T23:00:00,2026-01-18T23:00:00,2026-02-15T23:00:00,,,42.0
2026-01-23 14:00:00,38.8,31.9,1.0,"Divine healer's Church, Bethlehem",tabular,seasonal_naive_336h,h336,2026-01-04T23:00:00,2026-01-18T23:00:00,2026-02-15T23:00:00,,,42.0
2026-01-23 15:00:00,35.2,53.0,1.0,"Divine healer's Church, Bethlehem",tabular,seasonal_naive_336h,h336,2026-01-04T23:00:00,2026-01-18T23:00:00,2026-02-15T23:00:00,,,42.0
2026-01-23 16:00:00,34.1,37.0,1.0,"Divine healer's Church, Bethlehem",tabular,seasonal_naive_336h,h336,2026-01-04T23:00:00,2026-01-18T23:00:00,2026-02-15T23:00:00,,,42.0
2026-01-23 17:00:00,33.8,67.9,1.0,"Divine healer's Church, Bethlehem",tabular,seasonal_naive_336h,h336,2026-01-04T23:00:00,2026-01-18T23:00:00,2026-02-15T23:00:00,,,42.0
2026-01-23 18:00:00,34.8,52.0,1.0,"Divine healer's Church, Bethlehem",tabular,seasonal_naive_336h,h336,2026-01-04T23:00:00,2026-01-18T23:00:00,2026-02-15T23:00:00,,,42.0
2026-01-23 19:00:00,37.6,53.2,1.0,"Divine healer's Church, Bethlehem",tabular,seasonal_naive_336h,h336,2026-01-04T23:00:00,2026-01-18T23:00:00,2026-02-15T23:00:00,,,42.0
2026-01-23 20:00:00,40.6,51.6,1.0,"Divine healer's Church, Bethlehem",tabular,seasonal_naive_336h,h336,2026-01-04T23:00:00,2026-01-18T23:00:00,2026-02-15T23:00:00,,,42.0
2026-01-23 21:00:00,51.9,64.6,1.0,"Divine healer's Church, Bethlehem",tabular,seasonal_naive_336h,h336,2026-01-04T23:00:00,2026-01-18T23:00:00,2026-02-15T23:00:00,,,42.0
2026-01-23 22:00:00,44.3,86.9,1.0,"Divine healer's Church, Bethlehem",tabular,seasonal_naive_336h,h336,2026-01-04T23:00:00,2026-01-18T23:00:00,2026-02-15T23:00:00,,,42.0
2026-01-23 23:00:00,54.8,49.2,1.0,"Divine healer's Church, Bethlehem",tabular,seasonal_naive_336h,h336,2026-01-04T23:00:00,2026-01-18T23:00:00,2026-02-15T23:00:00,,,42.0
2026-01-24 00:00:00,53.9,39.3,1.0,"Divine healer's Church, Bethlehem",tabular,seasonal_naive_336h,h336,2026-01-04T23:00:00,2026-01-18T23:00:00,2026-02-15T23:00:00,,,42.0
2026-01-24 01:00:00,48.7,35.4,1.0,"Divine healer's Church, Bethlehem",tabular,seasonal_naive_336h,h336,2026-01-04T23:00:00,2026-01-18T23:00:00,2026-02-15T23:00:00,,,42.0
2026-01-24 02:00:00,49.0,35.1,1.0,"Divine healer's Church, Bethlehem",tabular,seasonal_naive_336h,h336,2026-01-04T23:00:00,2026-01-18T23:00:00,2026-02-15T23:00:00,,,42.0
2026-01-24 03:00:00,42.0,35.6,1.0,"Divine healer's Church, Bethlehem",tabular,seasonal_naive_336h,h336,2026-01-04T23:00:00,2026-01-18T23:00:00,2026-02-15T23:00:00,,,42.0
2026-01-24 04:00:00,45.8,40.9,1.0,"Divine healer's Church, Bethlehem",tabular,seasonal_naive_336h,h336,2026-01-04T23:00:00,2026-01-18T23:00:00,2026-02-15T23:00:00,,,42.0
2026-01-24 05:00:00,62.4,38.6,1.0,"Divine healer's Church, Bethlehem",tabular,seasonal_naive_336h,h336,2026-01-04T23:00:00,2026-01-18T23:00:00,2026-02-15T23:00:00,,,42.0
2026-01-24 06:00:00,92.2,44.2,1.0,"Divine healer's Church, Bethlehem",tabular,seasonal_naive_336h,h336,2026-01-04T23:00:00,2026-01-18T23:00:00,2026-02-15T23:00:00,,,42.0
2026-01-24 07:00:00,42.9,46.4,1.0,"Divine healer's Church, Bethlehem",tabular,seasonal_naive_336h,h336,2026-01-04T23:00:00,2026-01-18T23:00:00,2026-02-15T23:00:00,,,42.0
2026-01-24 08:00:00,39.1,37.8,1.0,"Divine healer's Church, Bethlehem",tabular,seasonal_naive_336h,h336,2026-01-04T23:00:00,2026-01-18T23:00:00,2026-02-15T23:00:00,,,42.0
2026-01-24 09:00:00,34.0,39.1,1.0,"Divine healer's Church, Bethlehem",tabular,seasonal_naive_336h,h336,2026-01-04T23:00:00,2026-01-18T23:00:00,2026-02-15T23:00:00,,,42.0
2026-01-24 10:00:00,38.6,35.8,1.0,"Divine healer's Church, Bethlehem",tabular,seasonal_naive_336h,h336,2026-01-04T23:00:00,2026-01-18T23:00:00,2026-02-15T23:00:00,,,42.0
2026-01-24 11:00:00,40.5,39.5,1.0,"Divine healer's Church, Bethlehem",tabular,seasonal_naive_336h,h336,2026-01-04T23:00:00,2026-01-18T23:00:00,2026-02-15T23:00:00,,,42.0
2026-01-24 12:00:00,41.2,27.4,1.0,"Divine healer's Church, Bethlehem",tabular,seasonal_naive_336h,h336,2026-01-04T23:00:00,2026-01-18T23:00:00,2026-02-15T23:00:00,,,42.0
2026-01-24 13:00:00,35.1,22.8,1.0,"Divine healer's Church, Bethlehem",tabular,seasonal_naive_336h,h336,2026-01-04T23:00:00,2026-01-18T23:00:00,2026-02-15T23:00:00,,,42.0
2026-01-24 14:00:00,34.3,20.0,1.0,"Divine healer's Church, Bethlehem",tabular,seasonal_naive_336h,h336,2026-01-04T23:00:00,2026-01-18T23:00:00,2026-02-15T23:00:00,,,42.0
2026-01-24 15:00:00,33.2,17.6,1.0,"Divine healer's Church, Bethlehem",tabular,seasonal_naive_336h,h336,2026-01-04T23:00:00,2026-01-18T23:00:00,2026-02-15T23:00:00,,,42.0
2026-01-24 16:00:00,34.7,27.3,1.0,"Divine healer's Church, Bethlehem",tabular,seasonal_naive_336h,h336,2026-01-04T23:00:00,2026-01-18T23:00:00,2026-02-15T23:00:00,,,42.0
2026-01-24 17:00:00,42.0,22.0,1.0,"Divine healer's Church, Bethlehem",tabular,seasonal_naive_336h,h336,2026-01-04T23:00:00,2026-01-18T23:00:00,2026-02-15T23:00:00,,,42.0
2026-01-24 18:00:00,46.2,53.5,1.0,"Divine healer's Church, Bethlehem",tabular,seasonal_naive_336h,h336,2026-01-04T23:00:00,2026-01-18T23:00:00,2026-02-15T23:00:00,,,42.0
2026-01-24 19:00:00,52.6,42.5,1.0,"Divine healer's Church, Bethlehem",tabular,seasonal_naive_336h,h336,2026-01-04T23:00:00,2026-01-18T23:00:00,2026-02-15T23:00:00,,,42.0
2026-01-24 20:00:00,41.8,44.7,1.0,"Divine healer's Church, Bethlehem",tabular,seasonal_naive_336h,h336,2026-01-04T23:00:00,2026-01-18T23:00:00,2026-02-15T23:00:00,,,42.0
2026-01-24 21:00:00,37.6,33.6,1.0,"Divine healer's Church, Bethlehem",tabular,seasonal_naive_336h,h336,2026-01-04T23:00:00,2026-01-18T23:00:00,2026-02-15T23:00:00,,,42.0
2026-01-24 22:00:00,47.4,36.6,1.0,"Divine healer's Church, Bethlehem",tabular,seasonal_naive_336h,h336,2026-01-04T23:00:00,2026-01-18T23:00:00,2026-02-15T23:00:00,,,42.0
2026-01-24 23:00:00,73.9,37.8,1.0,"Divine healer's Church, Bethlehem",tabular,seasonal_naive_336h,h336,2026-01-04T23:00:00,2026-01-18T23:00:00,2026-02-15T23:00:00,,,42.0
2026-01-25 00:00:00,45.8,31.5,1.0,"Divine healer's Church, Bethlehem",tabular,seasonal_naive_336h,h336,2026-01-04T23:00:00,2026-01-18T23:00:00,2026-02-15T23:00:00,,,42.0
2026-01-25 01:00:00,38.0,24.4,1.0,"Divine healer's Church, Bethlehem",tabular,seasonal_naive_336h,h336,2026-01-04T23:00:00,2026-01-18T23:00:00,2026-02-15T23:00:00,,,42.0
2026-01-25 02:00:00,35.7,19.2,1.0,"Divine healer's Church, Bethlehem",tabular,seasonal_naive_336h,h336,2026-01-04T23:00:00,2026-01-18T23:00:00,2026-02-15T23:00:00,,,42.0
2026-01-25 03:00:00,35.6,17.5,1.0,"Divine healer's Church, Bethlehem",tabular,seasonal_naive_336h,h336,2026-01-04T23:00:00,2026-01-18T23:00:00,2026-02-15T23:00:00,,,42.0
2026-01-25 04:00:00,34.4,25.6,1.0,"Divine healer's Church, Bethlehem",tabular,seasonal_naive_336h,h336,2026-01-04T23:00:00,2026-01-18T23:00:00,2026-02-15T23:00:00,,,42.0
2026-01-25 05:00:00,43.5,41.3,1.0,"Divine healer's Church, Bethlehem",tabular,seasonal_naive_336h,h336,2026-01-04T23:00:00,2026-01-18T23:00:00,2026-02-15T23:00:00,,,42.0
2026-01-25 06:00:00,80.6,49.3,1.0,"Divine healer's Church, Bethlehem",tabular,seasonal_naive_336h,h336,2026-01-04T23:00:00,2026-01-18T23:00:00,2026-02-15T23:00:00,,,42.0
2026-01-25 07:00:00,63.2,39.3,1.0,"Divine healer's Church, Bethlehem",tabular,seasonal_naive_336h,h336,2026-01-04T23:00:00,2026-01-18T23:00:00,2026-02-15T23:00:00,,,42.0
2026-01-25 08:00:00,37.2,29.4,1.0,"Divine healer's Church, Bethlehem",tabular,seasonal_naive_336h,h336,2026-01-04T23:00:00,2026-01-18T23:00:00,2026-02-15T23:00:00,,,42.0
2026-01-25 09:00:00,43.1,33.6,1.0,"Divine healer's Church, Bethlehem",tabular,seasonal_naive_336h,h336,2026-01-04T23:00:00,2026-01-18T23:00:00,2026-02-15T23:00:00,,,42.0
2026-01-25 10:00:00,46.8,28.9,1.0,"Divine healer's Church, Bethlehem",tabular,seasonal_naive_336h,h336,2026-01-04T23:00:00,2026-01-18T23:00:00,2026-02-15T23:00:00,,,42.0
2026-01-25 11:00:00,49.7,29.8,1.0,"Divine healer's Church, Bethlehem",tabular,seasonal_naive_336h,h336,2026-01-04T23:00:00,2026-01-18T23:00:00,2026-02-15T23:00:00,,,42.0
2026-01-25 12:00:00,49.8,30.9,1.0,"Divine healer's Church, Bethlehem",tabular,seasonal_naive_336h,h336,2026-01-04T23:00:00,2026-01-18T23:00:00,2026-02-15T23:00:00,,,42.0
2026-01-25 13:00:00,52.9,29.3,1.0,"Divine healer's Church, Bethlehem",tabular,seasonal_naive_336h,h336,2026-01-04T23:00:00,2026-01-18T23:00:00,2026-02-15T23:00:00,,,42.0
2026-01-25 14:00:00,45.4,21.8,1.0,"Divine healer's Church, Bethlehem",tabular,seasonal_naive_336h,h336,2026-01-04T23:00:00,2026-01-18T23:00:00,2026-02-15T23:00:00,,,42.0
2026-01-25 15:00:00,42.2,19.1,1.0,"Divine healer's Church, Bethlehem",tabular,seasonal_naive_336h,h336,2026-01-04T23:00:00,2026-01-18T23:00:00,2026-02-15T23:00:00,,,42.0
2026-01-25 16:00:00,37.8,21.4,1.0,"Divine healer's Church, Bethlehem",tabular,seasonal_naive_336h,h336,2026-01-04T23:00:00,2026-01-18T23:00:00,2026-02-15T23:00:00,,,42.0
2026-01-25 17:00:00,44.0,30.9,1.0,"Divine healer's Church, Bethlehem",tabular,seasonal_naive_336h,h336,2026-01-04T23:00:00,2026-01-18T23:00:00,2026-02-15T23:00:00,,,42.0
2026-01-25 18:00:00,61.8,38.2,1.0,"Divine healer's Church, Bethlehem",tabular,seasonal_naive_336h,h336,2026-01-04T23:00:00,2026-01-18T23:00:00,2026-02-15T23:00:00,,,42.0
2026-01-25 19:00:00,61.7,42.5,1.0,"Divine healer's Church, Bethlehem",tabular,seasonal_naive_336h,h336,2026-01-04T23:00:00,2026-01-18T23:00:00,2026-02-15T23:00:00,,,42.0
2026-01-25 20:00:00,61.2,71.9,1.0,"Divine healer's Church, Bethlehem",tabular,seasonal_naive_336h,h336,2026-01-04T23:00:00,2026-01-18T23:00:00,2026-02-15T23:00:00,,,42.0
2026-01-25 21:00:00,47.2,46.5,1.0,"Divine healer's Church, Bethlehem",tabular,seasonal_naive_336h,h336,2026-01-04T23:00:00,2026-01-18T23:00:00,2026-02-15T23:00:00,,,42.0
2026-01-25 22:00:00,48.9,50.2,1.0,"Divine healer's Church, Bethlehem",tabular,seasonal_naive_336h,h336,2026-01-04T23:00:00,2026-01-18T23:00:00,2026-02-15T23:00:00,,,42.0
2026-01-25 23:00:00,54.8,48.2,1.0,"Divine healer's Church, Bethlehem",tabular,seasonal_naive_336h,h336,2026-01-04T23:00:00,2026-01-18T23:00:00,2026-02-15T23:00:00,,,42.0
2026-01-26 00:00:00,54.5,78.3,1.0,"Divine healer's Church, Bethlehem",tabular,seasonal_naive_336h,h336,2026-01-04T23:00:00,2026-01-18T23:00:00,2026-02-15T23:00:00,,,42.0
2026-01-26 01:00:00,50.0,58.9,1.0,"Divine healer's Church, Bethlehem",tabular,seasonal_naive_336h,h336,2026-01-04T23:00:00,2026-01-18T23:00:00,2026-02-15T23:00:00,,,42.0
2026-01-26 02:00:00,52.3,43.9,1.0,"Divine healer's Church, Bethlehem",tabular,seasonal_naive_336h,h336,2026-01-04T23:00:00,2026-01-18T23:00:00,2026-02-15T23:00:00,,,42.0
2026-01-26 03:00:00,52.2,47.4,1.0,"Divine healer's Church, Bethlehem",tabular,seasonal_naive_336h,h336,2026-01-04T23:00:00,2026-01-18T23:00:00,2026-02-15T23:00:00,,,42.0
2026-01-26 04:00:00,39.7,54.2,1.0,"Divine healer's Church, Bethlehem",tabular,seasonal_naive_336h,h336,2026-01-04T23:00:00,2026-01-18T23:00:00,2026-02-15T23:00:00,,,42.0
2026-01-26 05:00:00,44.8,42.4,1.0,"Divine healer's Church, Bethlehem",tabular,seasonal_naive_336h,h336,2026-01-04T23:00:00,2026-01-18T23:00:00,2026-02-15T23:00:00,,,42.0
2026-01-26 06:00:00,55.4,53.8,1.0,"Divine healer's Church, Bethlehem",tabular,seasonal_naive_336h,h336,2026-01-04T23:00:00,2026-01-18T23:00:00,2026-02-15T23:00:00,,,42.0
2026-01-26 07:00:00,58.2,44.2,1.0,"Divine healer's Church, Bethlehem",tabular,seasonal_naive_336h,h336,2026-01-04T23:00:00,2026-01-18T23:00:00,2026-02-15T23:00:00,,,42.0
2026-01-26 08:00:00,43.4,42.8,1.0,"Divine healer's Church, Bethlehem",tabular,seasonal_naive_336h,h336,2026-01-04T23:00:00,2026-01-18T23:00:00,2026-02-15T23:00:00,,,42.0
2026-01-26 09:00:00,39.2,33.9,1.0,"Divine healer's Church, Bethlehem",tabular,seasonal_naive_336h,h336,2026-01-04T23:00:00,2026-01-18T23:00:00,2026-02-15T23:00:00,,,42.0
2026-01-26 10:00:00,42.1,42.8,1.0,"Divine healer's Church, Bethlehem",tabular,seasonal_naive_336h,h336,2026-01-04T23:00:00,2026-01-18T23:00:00,2026-02-15T23:00:00,,,42.0
2026-01-26 11:00:00,48.4,34.8,1.0,"Divine healer's Church, Bethlehem",tabular,seasonal_naive_336h,h336,2026-01-04T23:00:00,2026-01-18T23:00:00,2026-02-15T23:00:00,,,42.0
2026-01-26 12:00:00,50.1,24.3,1.0,"Divine healer's Church, Bethlehem",tabular,seasonal_naive_336h,h336,2026-01-04T23:00:00,2026-01-18T23:00:00,2026-02-15T23:00:00,,,42.0
2026-01-26 13:00:00,45.4,32.3,1.0,"Divine healer's Church, Bethlehem",tabular,seasonal_naive_336h,h336,2026-01-04T23:00:00,2026-01-18T23:00:00,2026-02-15T23:00:00,,,42.0
2026-01-26 14:00:00,44.6,25.0,1.0,"Divine healer's Church, Bethlehem",tabular,seasonal_naive_336h,h336,2026-01-04T23:00:00,2026-01-18T23:00:00,2026-02-15T23:00:00,,,42.0
2026-01-26 15:00:00,43.0,20.7,1.0,"Divine healer's Church, Bethlehem",tabular,seasonal_naive_336h,h336,2026-01-04T23:00:00,2026-01-18T23:00:00,2026-02-15T23:00:00,,,42.0
2026-01-26 16:00:00,41.1,20.9,1.0,"Divine healer's Church, Bethlehem",tabular,seasonal_naive_336h,h336,2026-01-04T23:00:00,2026-01-18T23:00:00,2026-02-15T23:00:00,,,42.0
2026-01-26 17:00:00,42.6,27.0,1.0,"Divine healer's Church, Bethlehem",tabular,seasonal_naive_336h,h336,2026-01-04T23:00:00,2026-01-18T23:00:00,2026-02-15T23:00:00,,,42.0
2026-01-26 18:00:00,63.8,34.8,1.0,"Divine healer's Church, Bethlehem",tabular,seasonal_naive_336h,h336,2026-01-04T23:00:00,2026-01-18T23:00:00,2026-02-15T23:00:00,,,42.0
2026-01-26 19:00:00,63.9,29.2,1.0,"Divine healer's Church, Bethlehem",tabular,seasonal_naive_336h,h336,2026-01-04T23:00:00,2026-01-18T23:00:00,2026-02-15T23:00:00,,,42.0
2026-01-26 20:00:00,57.2,27.5,1.0,"Divine healer's Church, Bethlehem",tabular,seasonal_naive_336h,h336,2026-01-04T23:00:00,2026-01-18T23:00:00,2026-02-15T23:00:00,,,42.0
2026-01-26 21:00:00,69.6,35.6,1.0,"Divine healer's Church, Bethlehem",tabular,seasonal_naive_336h,h336,2026-01-04T23:00:00,2026-01-18T23:00:00,2026-02-15T23:00:00,,,42.0
2026-01-26 22:00:00,49.5,63.3,1.0,"Divine healer's Church, Bethlehem",tabular,seasonal_naive_336h,h336,2026-01-04T23:00:00,2026-01-18T23:00:00,2026-02-15T23:00:00,,,42.0
2026-01-26 23:00:00,48.3,48.4,1.0,"Divine healer's Church, Bethlehem",tabular,seasonal_naive_336h,h336,2026-01-04T23:00:00,2026-01-18T23:00:00,2026-02-15T23:00:00,,,42.0
2026-01-27 00:00:00,44.7,39.2,1.0,"Divine healer's Church, Bethlehem",tabular,seasonal_naive_336h,h336,2026-01-04T23:00:00,2026-01-18T23:00:00,2026-02-15T23:00:00,,,42.0
2026-01-27 01:00:00,46.5,35.4,1.0,"Divine healer's Church, Bethlehem",tabular,seasonal_naive_336h,h336,2026-01-04T23:00:00,2026-01-18T23:00:00,2026-02-15T23:00:00,,,42.0
2026-01-27 02:00:00,41.0,48.4,1.0,"Divine healer's Church, Bethlehem",tabular,seasonal_naive_336h,h336,2026-01-04T23:00:00,2026-01-18T23:00:00,2026-02-15T23:00:00,,,42.0
2026-01-27 03:00:00,39.6,42.7,1.0,"Divine healer's Church, Bethlehem",tabular,seasonal_naive_336h,h336,2026-01-04T23:00:00,2026-01-18T23:00:00,2026-02-15T23:00:00,,,42.0
2026-01-27 04:00:00,46.0,47.4,1.0,"Divine healer's Church, Bethlehem",tabular,seasonal_naive_336h,h336,2026-01-04T23:00:00,2026-01-18T23:00:00,2026-02-15T23:00:00,,,42.0
2026-01-27 05:00:00,52.1,62.5,1.0,"Divine healer's Church, Bethlehem",tabular,seasonal_naive_336h,h336,2026-01-04T23:00:00,2026-01-18T23:00:00,2026-02-15T23:00:00,,,42.0
2026-01-27 06:00:00,54.4,79.8,1.0,"Divine healer's Church, Bethlehem",tabular,seasonal_naive_336h,h336,2026-01-04T23:00:00,2026-01-18T23:00:00,2026-02-15T23:00:00,,,42.0
2026-01-27 07:00:00,65.1,87.1,1.0,"Divine healer's Church, Bethlehem",tabular,seasonal_naive_336h,h336,2026-01-04T23:00:00,2026-01-18T23:00:00,2026-02-15T23:00:00,,,42.0
2026-01-27 08:00:00,44.0,54.8,1.0,"Divine healer's Church, Bethlehem",tabular,seasonal_naive_336h,h336,2026-01-04T23:00:00,2026-01-18T23:00:00,2026-02-15T23:00:00,,,42.0
2026-01-27 09:00:00,41.4,120.6,1.0,"Divine healer's Church, Bethlehem",tabular,seasonal_naive_336h,h336,2026-01-04T23:00:00,2026-01-18T23:00:00,2026-02-15T23:00:00,,,42.0
2026-01-27 10:00:00,44.5,54.9,1.0,"Divine healer's Church, Bethlehem",tabular,seasonal_naive_336h,h336,2026-01-04T23:00:00,2026-01-18T23:00:00,2026-02-15T23:00:00,,,42.0
2026-01-27 11:00:00,46.0,27.3,1.0,"Divine healer's Church, Bethlehem",tabular,seasonal_naive_336h,h336,2026-01-04T23:00:00,2026-01-18T23:00:00,2026-02-15T23:00:00,,,42.0
2026-01-27 12:00:00,57.8,17.8,1.0,"Divine healer's Church, Bethlehem",tabular,seasonal_naive_336h,h336,2026-01-04T23:00:00,2026-01-18T23:00:00,2026-02-15T23:00:00,,,42.0
2026-01-27 13:00:00,49.0,20.7,1.0,"Divine healer's Church, Bethlehem",tabular,seasonal_naive_336h,h336,2026-01-04T23:00:00,2026-01-18T23:00:00,2026-02-15T23:00:00,,,42.0
2026-01-27 14:00:00,46.1,26.3,1.0,"Divine healer's Church, Bethlehem",tabular,seasonal_naive_336h,h336,2026-01-04T23:00:00,2026-01-18T23:00:00,2026-02-15T23:00:00,,,42.0
2026-01-27 15:00:00,45.6,23.3,1.0,"Divine healer's Church, Bethlehem",tabular,seasonal_naive_336h,h336,2026-01-04T23:00:00,2026-01-18T23:00:00,2026-02-15T23:00:00,,,42.0
2026-01-27 16:00:00,42.4,21.6,1.0,"Divine healer's Church, Bethlehem",tabular,seasonal_naive_336h,h336,2026-01-04T23:00:00,2026-01-18T23:00:00,2026-02-15T23:00:00,,,42.0
2026-01-27 17:00:00,41.6,29.7,1.0,"Divine healer's Church, Bethlehem",tabular,seasonal_naive_336h,h336,2026-01-04T23:00:00,2026-01-18T23:00:00,2026-02-15T23:00:00,,,42.0
2026-01-27 18:00:00,52.3,37.0,1.0,"Divine healer's Church, Bethlehem",tabular,seasonal_naive_336h,h336,2026-01-04T23:00:00,2026-01-18T23:00:00,2026-02-15T23:00:00,,,42.0
2026-01-27 19:00:00,116.5,58.7,1.0,"Divine healer's Church, Bethlehem",tabular,seasonal_naive_336h,h336,2026-01-04T23:00:00,2026-01-18T23:00:00,2026-02-15T23:00:00,,,42.0
2026-01-27 20:00:00,93.4,75.2,1.0,"Divine healer's Church, Bethlehem",tabular,seasonal_naive_336h,h336,2026-01-04T23:00:00,2026-01-18T23:00:00,2026-02-15T23:00:00,,,42.0
2026-01-27 21:00:00,70.0,49.5,1.0,"Divine healer's Church, Bethlehem",tabular,seasonal_naive_336h,h336,2026-01-04T23:00:00,2026-01-18T23:00:00,2026-02-15T23:00:00,,,42.0
2026-01-27 22:00:00,47.6,47.1,1.0,"Divine healer's Church, Bethlehem",tabular,seasonal_naive_336h,h336,2026-01-04T23:00:00,2026-01-18T23:00:00,2026-02-15T23:00:00,,,42.0
2026-01-27 23:00:00,47.8,153.7,1.0,"Divine healer's Church, Bethlehem",tabular,seasonal_naive_336h,h336,2026-01-04T23:00:00,2026-01-18T23:00:00,2026-02-15T23:00:00,,,42.0
2026-01-28 00:00:00,50.0,104.2,1.0,"Divine healer's Church, Bethlehem",tabular,seasonal_naive_336h,h336,2026-01-04T23:00:00,2026-01-18T23:00:00,2026-02-15T23:00:00,,,42.0
2026-01-28 01:00:00,46.3,40.3,1.0,"Divine healer's Church, Bethlehem",tabular,seasonal_naive_336h,h336,2026-01-04T23:00:00,2026-01-18T23:00:00,2026-02-15T23:00:00,,,42.0
2026-01-28 02:00:00,45.2,38.6,1.0,"Divine healer's Church, Bethlehem",tabular,seasonal_naive_336h,h336,2026-01-04T23:00:00,2026-01-18T23:00:00,2026-02-15T23:00:00,,,42.0
2026-01-28 03:00:00,46.5,32.2,1.0,"Divine healer's Church, Bethlehem",tabular,seasonal_naive_336h,h336,2026-01-04T23:00:00,2026-01-18T23:00:00,2026-02-15T23:00:00,,,42.0
2026-01-28 04:00:00,47.2,38.4,1.0,"Divine healer's Church, Bethlehem",tabular,seasonal_naive_336h,h336,2026-01-04T23:00:00,2026-01-18T23:00:00,2026-02-15T23:00:00,,,42.0
2026-01-28 05:00:00,59.2,54.5,1.0,"Divine healer's Church, Bethlehem",tabular,seasonal_naive_336h,h336,2026-01-04T23:00:00,2026-01-18T23:00:00,2026-02-15T23:00:00,,,42.0
2026-01-28 06:00:00,90.5,71.5,1.0,"Divine healer's Church, Bethlehem",tabular,seasonal_naive_336h,h336,2026-01-04T23:00:00,2026-01-18T23:00:00,2026-02-15T23:00:00,,,42.0
2026-01-28 07:00:00,67.1,46.1,1.0,"Divine healer's Church, Bethlehem",tabular,seasonal_naive_336h,h336,2026-01-04T23:00:00,2026-01-18T23:00:00,2026-02-15T23:00:00,,,42.0
2026-01-28 08:00:00,51.9,56.8,1.0,"Divine healer's Church, Bethlehem",tabular,seasonal_naive_336h,h336,2026-01-04T23:00:00,2026-01-18T23:00:00,2026-02-15T23:00:00,,,42.0
2026-01-28 09:00:00,46.0,46.7,1.0,"Divine healer's Church, Bethlehem",tabular,seasonal_naive_336h,h336,2026-01-04T23:00:00,2026-01-18T23:00:00,2026-02-15T23:00:00,,,42.0
2026-01-28 10:00:00,45.7,25.0,1.0,"Divine healer's Church, Bethlehem",tabular,seasonal_naive_336h,h336,2026-01-04T23:00:00,2026-01-18T23:00:00,2026-02-15T23:00:00,,,42.0
2026-01-28 11:00:00,49.3,22.4,1.0,"Divine healer's Church, Bethlehem",tabular,seasonal_naive_336h,h336,2026-01-04T23:00:00,2026-01-18T23:00:00,2026-02-15T23:00:00,,,42.0
2026-01-28 12:00:00,52.6,105.6,1.0,"Divine healer's Church, Bethlehem",tabular,seasonal_naive_336h,h336,2026-01-04T23:00:00,2026-01-18T23:00:00,2026-02-15T23:00:00,,,42.0
2026-01-28 13:00:00,53.2,28.1,1.0,"Divine healer's Church, Bethlehem",tabular,seasonal_naive_336h,h336,2026-01-04T23:00:00,2026-01-18T23:00:00,2026-02-15T23:00:00,,,42.0
2026-01-28 14:00:00,48.9,22.3,1.0,"Divine healer's Church, Bethlehem",tabular,seasonal_naive_336h,h336,2026-01-04T23:00:00,2026-01-18T23:00:00,2026-02-15T23:00:00,,,42.0
2026-01-28 15:00:00,46.0,28.5,1.0,"Divine healer's Church, Bethlehem",tabular,seasonal_naive_336h,h336,2026-01-04T23:00:00,2026-01-18T23:00:00,2026-02-15T23:00:00,,,42.0
2026-01-28 16:00:00,79.6,39.3,1.0,"Divine healer's Church, Bethlehem",tabular,seasonal_naive_336h,h336,2026-01-04T23:00:00,2026-01-18T23:00:00,2026-02-15T23:00:00,,,42.0
2026-01-28 17:00:00,56.0,67.6,1.0,"Divine healer's Church, Bethlehem",tabular,seasonal_naive_336h,h336,2026-01-04T23:00:00,2026-01-18T23:00:00,2026-02-15T23:00:00,,,42.0
2026-01-28 18:00:00,48.7,91.5,1.0,"Divine healer's Church, Bethlehem",tabular,seasonal_naive_336h,h336,2026-01-04T23:00:00,2026-01-18T23:00:00,2026-02-15T23:00:00,,,42.0
2026-01-28 19:00:00,95.2,51.0,1.0,"Divine healer's Church, Bethlehem",tabular,seasonal_naive_336h,h336,2026-01-04T23:00:00,2026-01-18T23:00:00,2026-02-15T23:00:00,,,42.0
2026-01-28 20:00:00,67.8,42.3,1.0,"Divine healer's Church, Bethlehem",tabular,seasonal_naive_336h,h336,2026-01-04T23:00:00,2026-01-18T23:00:00,2026-02-15T23:00:00,,,42.0
2026-01-28 21:00:00,64.2,58.3,1.0,"Divine healer's Church, Bethlehem",tabular,seasonal_naive_336h,h336,2026-01-04T23:00:00,2026-01-18T23:00:00,2026-02-15T23:00:00,,,42.0
2026-01-28 22:00:00,52.5,46.7,1.0,"Divine healer's Church, Bethlehem",tabular,seasonal_naive_336h,h336,2026-01-04T23:00:00,2026-01-18T23:00:00,2026-02-15T23:00:00,,,42.0
2026-01-28 23:00:00,52.6,60.9,1.0,"Divine healer's Church, Bethlehem",tabular,seasonal_naive_336h,h336,2026-01-04T23:00:00,2026-01-18T23:00:00,2026-02-15T23:00:00,,,42.0
2026-01-29 00:00:00,54.0,98.2,1.0,"Divine healer's Church, Bethlehem",tabular,seasonal_naive_336h,h336,2026-01-04T23:00:00,2026-01-18T23:00:00,2026-02-15T23:00:00,,,42.0
2026-01-29 01:00:00,57.4,102.1,1.0,"Divine healer's Church, Bethlehem",tabular,seasonal_naive_336h,h336,2026-01-04T23:00:00,2026-01-18T23:00:00,2026-02-15T23:00:00,,,42.0
2026-01-29 02:00:00,48.3,87.1,1.0,"Divine healer's Church, Bethlehem",tabular,seasonal_naive_336h,h336,2026-01-04T23:00:00,2026-01-18T23:00:00,2026-02-15T23:00:00,,,42.0
2026-01-29 03:00:00,51.5,92.4,1.0,"Divine healer's Church, Bethlehem",tabular,seasonal_naive_336h,h336,2026-01-04T23:00:00,2026-01-18T23:00:00,2026-02-15T23:00:00,,,42.0
2026-01-29 04:00:00,52.3,57.9,1.0,"Divine healer's Church, Bethlehem",tabular,seasonal_naive_336h,h336,2026-01-04T23:00:00,2026-01-18T23:00:00,2026-02-15T23:00:00,,,42.0
2026-01-29 05:00:00,66.6,35.1,1.0,"Divine healer's Church, Bethlehem",tabular,seasonal_naive_336h,h336,2026-01-04T23:00:00,2026-01-18T23:00:00,2026-02-15T23:00:00,,,42.0
2026-01-29 06:00:00,73.1,45.0,1.0,"Divine healer's Church, Bethlehem",tabular,seasonal_naive_336h,h336,2026-01-04T23:00:00,2026-01-18T23:00:00,2026-02-15T23:00:00,,,42.0
2026-01-29 07:00:00,73.8,44.9,1.0,"Divine healer's Church, Bethlehem",tabular,seasonal_naive_336h,h336,2026-01-04T23:00:00,2026-01-18T23:00:00,2026-02-15T23:00:00,,,42.0
2026-01-29 08:00:00,55.1,30.6,1.0,"Divine healer's Church, Bethlehem",tabular,seasonal_naive_336h,h336,2026-01-04T23:00:00,2026-01-18T23:00:00,2026-02-15T23:00:00,,,42.0
2026-01-29 09:00:00,50.1,29.6,1.0,"Divine healer's Church, Bethlehem",tabular,seasonal_naive_336h,h336,2026-01-04T23:00:00,2026-01-18T23:00:00,2026-02-15T23:00:00,,,42.0
2026-01-29 10:00:00,47.8,32.7,1.0,"Divine healer's Church, Bethlehem",tabular,seasonal_naive_336h,h336,2026-01-04T23:00:00,2026-01-18T23:00:00,2026-02-15T23:00:00,,,42.0
2026-01-29 11:00:00,47.2,34.9,1.0,"Divine healer's Church, Bethlehem",tabular,seasonal_naive_336h,h336,2026-01-04T23:00:00,2026-01-18T23:00:00,2026-02-15T23:00:00,,,42.0
2026-01-29 12:00:00,47.1,23.9,1.0,"Divine healer's Church, Bethlehem",tabular,seasonal_naive_336h,h336,2026-01-04T23:00:00,2026-01-18T23:00:00,2026-02-15T23:00:00,,,42.0
2026-01-29 13:00:00,52.4,32.7,1.0,"Divine healer's Church, Bethlehem",tabular,seasonal_naive_336h,h336,2026-01-04T23:00:00,2026-01-18T23:00:00,2026-02-15T23:00:00,,,42.0
2026-01-29 14:00:00,44.8,43.5,1.0,"Divine healer's Church, Bethlehem",tabular,seasonal_naive_336h,h336,2026-01-04T23:00:00,2026-01-18T23:00:00,2026-02-15T23:00:00,,,42.0
2026-01-29 15:00:00,44.0,60.6,1.0,"Divine healer's Church, Bethlehem",tabular,seasonal_naive_336h,h336,2026-01-04T23:00:00,2026-01-18T23:00:00,2026-02-15T23:00:00,,,42.0
2026-01-29 16:00:00,43.6,43.0,1.0,"Divine healer's Church, Bethlehem",tabular,seasonal_naive_336h,h336,2026-01-04T23:00:00,2026-01-18T23:00:00,2026-02-15T23:00:00,,,42.0
2026-01-29 17:00:00,60.5,35.8,1.0,"Divine healer's Church, Bethlehem",tabular,seasonal_naive_336h,h336,2026-01-04T23:00:00,2026-01-18T23:00:00,2026-02-15T23:00:00,,,42.0
2026-01-29 18:00:00,61.3,91.0,1.0,"Divine healer's Church, Bethlehem",tabular,seasonal_naive_336h,h336,2026-01-04T23:00:00,2026-01-18T23:00:00,2026-02-15T23:00:00,,,42.0
2026-01-29 19:00:00,65.9,52.4,1.0,"Divine healer's Church, Bethlehem",tabular,seasonal_naive_336h,h336,2026-01-04T23:00:00,2026-01-18T23:00:00,2026-02-15T23:00:00,,,42.0
2026-01-29 20:00:00,81.0,41.2,1.0,"Divine healer's Church, Bethlehem",tabular,seasonal_naive_336h,h336,2026-01-04T23:00:00,2026-01-18T23:00:00,2026-02-15T23:00:00,,,42.0
2026-01-29 21:00:00,60.3,48.3,1.0,"Divine healer's Church, Bethlehem",tabular,seasonal_naive_336h,h336,2026-01-04T23:00:00,2026-01-18T23:00:00,2026-02-15T23:00:00,,,42.0
2026-01-29 22:00:00,51.5,44.3,1.0,"Divine healer's Church, Bethlehem",tabular,seasonal_naive_336h,h336,2026-01-04T23:00:00,2026-01-18T23:00:00,2026-02-15T23:00:00,,,42.0
2026-01-29 23:00:00,48.1,49.2,1.0,"Divine healer's Church, Bethlehem",tabular,seasonal_naive_336h,h336,2026-01-04T23:00:00,2026-01-18T23:00:00,2026-02-15T23:00:00,,,42.0
2026-01-30 00:00:00,44.0,45.0,1.0,"Divine healer's Church, Bethlehem",tabular,seasonal_naive_336h,h336,2026-01-04T23:00:00,2026-01-18T23:00:00,2026-02-15T23:00:00,,,42.0
2026-01-30 01:00:00,41.8,37.6,1.0,"Divine healer's Church, Bethlehem",tabular,seasonal_naive_336h,h336,2026-01-04T23:00:00,2026-01-18T23:00:00,2026-02-15T23:00:00,,,42.0
2026-01-30 02:00:00,41.9,31.0,1.0,"Divine healer's Church, Bethlehem",tabular,seasonal_naive_336h,h336,2026-01-04T23:00:00,2026-01-18T23:00:00,2026-02-15T23:00:00,,,42.0
2026-01-30 03:00:00,45.9,36.9,1.0,"Divine healer's Church, Bethlehem",tabular,seasonal_naive_336h,h336,2026-01-04T23:00:00,2026-01-18T23:00:00,2026-02-15T23:00:00,,,42.0
2026-01-30 04:00:00,47.4,39.7,1.0,"Divine healer's Church, Bethlehem",tabular,seasonal_naive_336h,h336,2026-01-04T23:00:00,2026-01-18T23:00:00,2026-02-15T23:00:00,,,42.0
2026-01-30 05:00:00,53.4,44.1,1.0,"Divine healer's Church, Bethlehem",tabular,seasonal_naive_336h,h336,2026-01-04T23:00:00,2026-01-18T23:00:00,2026-02-15T23:00:00,,,42.0
2026-01-30 06:00:00,51.2,67.1,1.0,"Divine healer's Church, Bethlehem",tabular,seasonal_naive_336h,h336,2026-01-04T23:00:00,2026-01-18T23:00:00,2026-02-15T23:00:00,,,42.0
2026-01-30 07:00:00,47.8,35.3,1.0,"Divine healer's Church, Bethlehem",tabular,seasonal_naive_336h,h336,2026-01-04T23:00:00,2026-01-18T23:00:00,2026-02-15T23:00:00,,,42.0
2026-01-30 08:00:00,43.5,32.3,1.0,"Divine healer's Church, Bethlehem",tabular,seasonal_naive_336h,h336,2026-01-04T23:00:00,2026-01-18T23:00:00,2026-02-15T23:00:00,,,42.0
2026-01-30 09:00:00,39.9,35.9,1.0,"Divine healer's Church, Bethlehem",tabular,seasonal_naive_336h,h336,2026-01-04T23:00:00,2026-01-18T23:00:00,2026-02-15T23:00:00,,,42.0
2026-01-30 10:00:00,39.4,32.9,1.0,"Divine healer's Church, Bethlehem",tabular,seasonal_naive_336h,h336,2026-01-04T23:00:00,2026-01-18T23:00:00,2026-02-15T23:00:00,,,42.0
2026-01-30 11:00:00,42.6,38.8,1.0,"Divine healer's Church, Bethlehem",tabular,seasonal_naive_336h,h336,2026-01-04T23:00:00,2026-01-18T23:00:00,2026-02-15T23:00:00,,,42.0
2026-01-30 12:00:00,42.6,40.0,1.0,"Divine healer's Church, Bethlehem",tabular,seasonal_naive_336h,h336,2026-01-04T23:00:00,2026-01-18T23:00:00,2026-02-15T23:00:00,,,42.0
2026-01-30 13:00:00,46.2,31.0,1.0,"Divine healer's Church, Bethlehem",tabular,seasonal_naive_336h,h336,2026-01-04T23:00:00,2026-01-18T23:00:00,2026-02-15T23:00:00,,,42.0
2026-01-30 14:00:00,44.6,32.4,1.0,"Divine healer's Church, Bethlehem",tabular,seasonal_naive_336h,h336,2026-01-04T23:00:00,2026-01-18T23:00:00,2026-02-15T23:00:00,,,42.0
2026-01-30 15:00:00,54.6,43.0,1.0,"Divine healer's Church, Bethlehem",tabular,seasonal_naive_336h,h336,2026-01-04T23:00:00,2026-01-18T23:00:00,2026-02-15T23:00:00,,,42.0
2026-01-30 16:00:00,67.9,37.2,1.0,"Divine healer's Church, Bethlehem",tabular,seasonal_naive_336h,h336,2026-01-04T23:00:00,2026-01-18T23:00:00,2026-02-15T23:00:00,,,42.0
2026-01-30 17:00:00,58.9,42.6,1.0,"Divine healer's Church, Bethlehem",tabular,seasonal_naive_336h,h336,2026-01-04T23:00:00,2026-01-18T23:00:00,2026-02-15T23:00:00,,,42.0
2026-01-30 18:00:00,78.1,31.3,1.0,"Divine healer's Church, Bethlehem",tabular,seasonal_naive_336h,h336,2026-01-04T23:00:00,2026-01-18T23:00:00,2026-02-15T23:00:00,,,42.0
2026-01-30 19:00:00,61.0,24.3,1.0,"Divine healer's Church, Bethlehem",tabular,seasonal_naive_336h,h336,2026-01-04T23:00:00,2026-01-18T23:00:00,2026-02-15T23:00:00,,,42.0
2026-01-30 20:00:00,51.5,36.3,1.0,"Divine healer's Church, Bethlehem",tabular,seasonal_naive_336h,h336,2026-01-04T23:00:00,2026-01-18T23:00:00,2026-02-15T23:00:00,,,42.0
2026-01-30 21:00:00,49.9,45.8,1.0,"Divine healer's Church, Bethlehem",tabular,seasonal_naive_336h,h336,2026-01-04T23:00:00,2026-01-18T23:00:00,2026-02-15T23:00:00,,,42.0
2026-01-30 22:00:00,44.8,75.8,1.0,"Divine healer's Church, Bethlehem",tabular,seasonal_naive_336h,h336,2026-01-04T23:00:00,2026-01-18T23:00:00,2026-02-15T23:00:00,,,42.0
2026-01-30 23:00:00,45.0,39.6,1.0,"Divine healer's Church, Bethlehem",tabular,seasonal_naive_336h,h336,2026-01-04T23:00:00,2026-01-18T23:00:00,2026-02-15T23:00:00,,,42.0
2026-01-31 00:00:00,42.7,32.7,1.0,"Divine healer's Church, Bethlehem",tabular,seasonal_naive_336h,h336,2026-01-04T23:00:00,2026-01-18T23:00:00,2026-02-15T23:00:00,,,42.0
2026-01-31 01:00:00,82.8,33.6,1.0,"Divine healer's Church, Bethlehem",tabular,seasonal_naive_336h,h336,2026-01-04T23:00:00,2026-01-18T23:00:00,2026-02-15T23:00:00,,,42.0
2026-01-31 02:00:00,52.3,35.2,1.0,"Divine healer's Church, Bethlehem",tabular,seasonal_naive_336h,h336,2026-01-04T23:00:00,2026-01-18T23:00:00,2026-02-15T23:00:00,,,42.0
2026-01-31 03:00:00,46.6,30.2,1.0,"Divine healer's Church, Bethlehem",tabular,seasonal_naive_336h,h336,2026-01-04T23:00:00,2026-01-18T23:00:00,2026-02-15T23:00:00,,,42.0
2026-01-31 04:00:00,45.9,40.0,1.0,"Divine healer's Church, Bethlehem",tabular,seasonal_naive_336h,h336,2026-01-04T23:00:00,2026-01-18T23:00:00,2026-02-15T23:00:00,,,42.0
2026-01-31 05:00:00,59.3,58.9,1.0,"Divine healer's Church, Bethlehem",tabular,seasonal_naive_336h,h336,2026-01-04T23:00:00,2026-01-18T23:00:00,2026-02-15T23:00:00,,,42.0
2026-01-31 06:00:00,65.3,68.7,1.0,"Divine healer's Church, Bethlehem",tabular,seasonal_naive_336h,h336,2026-01-04T23:00:00,2026-01-18T23:00:00,2026-02-15T23:00:00,,,42.0
2026-01-31 07:00:00,68.2,57.0,1.0,"Divine healer's Church, Bethlehem",tabular,seasonal_naive_336h,h336,2026-01-04T23:00:00,2026-01-18T23:00:00,2026-02-15T23:00:00,,,42.0
2026-01-31 08:00:00,50.8,42.4,1.0,"Divine healer's Church, Bethlehem",tabular,seasonal_naive_336h,h336,2026-01-04T23:00:00,2026-01-18T23:00:00,2026-02-15T23:00:00,,,42.0
2026-01-31 09:00:00,51.0,41.8,1.0,"Divine healer's Church, Bethlehem",tabular,seasonal_naive_336h,h336,2026-01-04T23:00:00,2026-01-18T23:00:00,2026-02-15T23:00:00,,,42.0
2026-01-31 10:00:00,50.9,25.2,1.0,"Divine healer's Church, Bethlehem",tabular,seasonal_naive_336h,h336,2026-01-04T23:00:00,2026-01-18T23:00:00,2026-02-15T23:00:00,,,42.0
2026-01-31 11:00:00,50.5,19.4,1.0,"Divine healer's Church, Bethlehem",tabular,seasonal_naive_336h,h336,2026-01-04T23:00:00,2026-01-18T23:00:00,2026-02-15T23:00:00,,,42.0
2026-01-31 12:00:00,43.0,39.1,1.0,"Divine healer's Church, Bethlehem",tabular,seasonal_naive_336h,h336,2026-01-04T23:00:00,2026-01-18T23:00:00,2026-02-15T23:00:00,,,42.0
2026-01-31 13:00:00,41.6,29.0,1.0,"Divine healer's Church, Bethlehem",tabular,seasonal_naive_336h,h336,2026-01-04T23:00:00,2026-01-18T23:00:00,2026-02-15T23:00:00,,,42.0
2026-01-31 14:00:00,41.2,14.5,1.0,"Divine healer's Church, Bethlehem",tabular,seasonal_naive_336h,h336,2026-01-04T23:00:00,2026-01-18T23:00:00,2026-02-15T23:00:00,,,42.0
2026-01-31 15:00:00,37.5,7.3,1.0,"Divine healer's Church, Bethlehem",tabular,seasonal_naive_336h,h336,2026-01-04T23:00:00,2026-01-18T23:00:00,2026-02-15T23:00:00,,,42.0
2026-01-31 16:00:00,37.6,11.1,1.0,"Divine healer's Church, Bethlehem",tabular,seasonal_naive_336h,h336,2026-01-04T23:00:00,2026-01-18T23:00:00,2026-02-15T23:00:00,,,42.0
2026-01-31 17:00:00,45.9,7.5,1.0,"Divine healer's Church, Bethlehem",tabular,seasonal_naive_336h,h336,2026-01-04T23:00:00,2026-01-18T23:00:00,2026-02-15T23:00:00,,,42.0
2026-01-31 18:00:00,62.5,27.1,1.0,"Divine healer's Church, Bethlehem",tabular,seasonal_naive_336h,h336,2026-01-04T23:00:00,2026-01-18T23:00:00,2026-02-15T23:00:00,,,42.0
2026-01-31 19:00:00,61.9,44.5,1.0,"Divine healer's Church, Bethlehem",tabular,seasonal_naive_336h,h336,2026-01-04T23:00:00,2026-01-18T23:00:00,2026-02-15T23:00:00,,,42.0
2026-01-31 20:00:00,61.3,32.9,1.0,"Divine healer's Church, Bethlehem",tabular,seasonal_naive_336h,h336,2026-01-04T23:00:00,2026-01-18T23:00:00,2026-02-15T23:00:00,,,42.0
2026-01-31 21:00:00,56.8,42.6,1.0,"Divine healer's Church, Bethlehem",tabular,seasonal_naive_336h,h336,2026-01-04T23:00:00,2026-01-18T23:00:00,2026-02-15T23:00:00,,,42.0
2026-01-31 22:00:00,46.5,57.8,1.0,"Divine healer's Church, Bethlehem",tabular,seasonal_naive_336h,h336,2026-01-04T23:00:00,2026-01-18T23:00:00,2026-02-15T23:00:00,,,42.0
2026-01-31 23:00:00,52.0,170.2,1.0,"Divine healer's Church, Bethlehem",tabular,seasonal_naive_336h,h336,2026-01-04T23:00:00,2026-01-18T23:00:00,2026-02-15T23:00:00,,,42.0
2026-02-01 00:00:00,50.9,55.4,1.0,"Divine healer's Church, Bethlehem",tabular,seasonal_naive_336h,h336,2026-01-04T23:00:00,2026-01-18T23:00:00,2026-02-15T23:00:00,,,42.0
2026-02-01 01:00:00,39.1,72.1,1.0,"Divine healer's Church, Bethlehem",tabular,seasonal_naive_336h,h336,2026-01-04T23:00:00,2026-01-18T23:00:00,2026-02-15T23:00:00,,,42.0
2026-02-01 02:00:00,42.0,67.5,1.0,"Divine healer's Church, Bethlehem",tabular,seasonal_naive_336h,h336,2026-01-04T23:00:00,2026-01-18T23:00:00,2026-02-15T23:00:00,,,42.0
2026-02-01 03:00:00,42.4,37.9,1.0,"Divine healer's Church, Bethlehem",tabular,seasonal_naive_336h,h336,2026-01-04T23:00:00,2026-01-18T23:00:00,2026-02-15T23:00:00,,,42.0
2026-02-01 04:00:00,41.2,46.6,1.0,"Divine healer's Church, Bethlehem",tabular,seasonal_naive_336h,h336,2026-01-04T23:00:00,2026-01-18T23:00:00,2026-02-15T23:00:00,,,42.0
2026-02-01 05:00:00,45.1,40.4,1.0,"Divine healer's Church, Bethlehem",tabular,seasonal_naive_336h,h336,2026-01-04T23:00:00,2026-01-18T23:00:00,2026-02-15T23:00:00,,,42.0
2026-02-01 06:00:00,59.6,52.3,1.0,"Divine healer's Church, Bethlehem",tabular,seasonal_naive_336h,h336,2026-01-04T23:00:00,2026-01-18T23:00:00,2026-02-15T23:00:00,,,42.0
2026-02-01 07:00:00,64.0,48.4,1.0,"Divine healer's Church, Bethlehem",tabular,seasonal_naive_336h,h336,2026-01-04T23:00:00,2026-01-18T23:00:00,2026-02-15T23:00:00,,,42.0
2026-02-01 08:00:00,56.9,30.2,1.0,"Divine healer's Church, Bethlehem",tabular,seasonal_naive_336h,h336,2026-01-04T23:00:00,2026-01-18T23:00:00,2026-02-15T23:00:00,,,42.0
2026-02-01 09:00:00,47.9,40.5,1.0,"Divine healer's Church, Bethlehem",tabular,seasonal_naive_336h,h336,2026-01-04T23:00:00,2026-01-18T23:00:00,2026-02-15T23:00:00,,,42.0
2026-02-01 10:00:00,58.7,40.1,1.0,"Divine healer's Church, Bethlehem",tabular,seasonal_naive_336h,h336,2026-01-04T23:00:00,2026-01-18T23:00:00,2026-02-15T23:00:00,,,42.0
2026-02-01 11:00:00,51.5,38.1,1.0,"Divine healer's Church, Bethlehem",tabular,seasonal_naive_336h,h336,2026-01-04T23:00:00,2026-01-18T23:00:00,2026-02-15T23:00:00,,,42.0
2026-02-01 12:00:00,36.6,17.2,1.0,"Divine healer's Church, Bethlehem",tabular,seasonal_naive_336h,h336,2026-01-04T23:00:00,2026-01-18T23:00:00,2026-02-15T23:00:00,,,42.0
2026-02-01 13:00:00,35.4,22.8,1.0,"Divine healer's Church, Bethlehem",tabular,seasonal_naive_336h,h336,2026-01-04T23:00:00,2026-01-18T23:00:00,2026-02-15T23:00:00,,,42.0
2026-02-01 14:00:00,33.5,24.3,1.0,"Divine healer's Church, Bethlehem",tabular,seasonal_naive_336h,h336,2026-01-04T23:00:00,2026-01-18T23:00:00,2026-02-15T23:00:00,,,42.0
2026-02-01 15:00:00,35.3,11.3,1.0,"Divine healer's Church, Bethlehem",tabular,seasonal_naive_336h,h336,2026-01-04T23:00:00,2026-01-18T23:00:00,2026-02-15T23:00:00,,,42.0
2026-02-01 16:00:00,36.1,8.6,1.0,"Divine healer's Church, Bethlehem",tabular,seasonal_naive_336h,h336,2026-01-04T23:00:00,2026-01-18T23:00:00,2026-02-15T23:00:00,,,42.0
2026-02-01 17:00:00,57.3,227.1,1.0,"Divine healer's Church, Bethlehem",tabular,seasonal_naive_336h,h336,2026-01-04T23:00:00,2026-01-18T23:00:00,2026-02-15T23:00:00,,,42.0
2026-02-01 18:00:00,46.5,129.1,1.0,"Divine healer's Church, Bethlehem",tabular,seasonal_naive_336h,h336,2026-01-04T23:00:00,2026-01-18T23:00:00,2026-02-15T23:00:00,,,42.0
2026-02-01 19:00:00,61.0,43.8,1.0,"Divine healer's Church, Bethlehem",tabular,seasonal_naive_336h,h336,2026-01-04T23:00:00,2026-01-18T23:00:00,2026-02-15T23:00:00,,,42.0
2026-02-01 20:00:00,53.6,38.5,1.0,"Divine healer's Church, Bethlehem",tabular,seasonal_naive_336h,h336,2026-01-04T23:00:00,2026-01-18T23:00:00,2026-02-15T23:00:00,,,42.0
2026-02-01 21:00:00,56.2,42.0,1.0,"Divine healer's Church, Bethlehem",tabular,seasonal_naive_336h,h336,2026-01-04T23:00:00,2026-01-18T23:00:00,2026-02-15T23:00:00,,,42.0
2026-02-01 22:00:00,72.4,37.5,1.0,"Divine healer's Church, Bethlehem",tabular,seasonal_naive_336h,h336,2026-01-04T23:00:00,2026-01-18T23:00:00,2026-02-15T23:00:00,,,42.0
2026-02-01 23:00:00,62.5,36.0,1.0,"Divine healer's Church, Bethlehem",tabular,seasonal_naive_336h,h336,2026-01-04T23:00:00,2026-01-18T23:00:00,2026-02-15T23:00:00,,,42.0
2026-02-02 00:00:00,44.0,33.1,1.0,"Divine healer's Church, Bethlehem",tabular,seasonal_naive_336h,h336,2026-01-04T23:00:00,2026-01-18T23:00:00,2026-02-15T23:00:00,,,42.0
2026-02-02 01:00:00,44.7,43.5,1.0,"Divine healer's Church, Bethlehem",tabular,seasonal_naive_336h,h336,2026-01-04T23:00:00,2026-01-18T23:00:00,2026-02-15T23:00:00,,,42.0
2026-02-02 02:00:00,49.3,42.0,1.0,"Divine healer's Church, Bethlehem",tabular,seasonal_naive_336h,h336,2026-01-04T23:00:00,2026-01-18T23:00:00,2026-02-15T23:00:00,,,42.0
2026-02-02 03:00:00,44.1,32.5,1.0,"Divine healer's Church, Bethlehem",tabular,seasonal_naive_336h,h336,2026-01-04T23:00:00,2026-01-18T23:00:00,2026-02-15T23:00:00,,,42.0
2026-02-02 04:00:00,41.6,26.3,1.0,"Divine healer's Church, Bethlehem",tabular,seasonal_naive_336h,h336,2026-01-04T23:00:00,2026-01-18T23:00:00,2026-02-15T23:00:00,,,42.0
2026-02-02 05:00:00,86.6,38.5,1.0,"Divine healer's Church, Bethlehem",tabular,seasonal_naive_336h,h336,2026-01-04T23:00:00,2026-01-18T23:00:00,2026-02-15T23:00:00,,,42.0
2026-02-02 06:00:00,70.5,39.9,1.0,"Divine healer's Church, Bethlehem",tabular,seasonal_naive_336h,h336,2026-01-04T23:00:00,2026-01-18T23:00:00,2026-02-15T23:00:00,,,42.0
2026-02-02 07:00:00,51.4,31.8,1.0,"Divine healer's Church, Bethlehem",tabular,seasonal_naive_336h,h336,2026-01-04T23:00:00,2026-01-18T23:00:00,2026-02-15T23:00:00,,,42.0
2026-02-02 08:00:00,44.1,23.6,1.0,"Divine healer's Church, Bethlehem",tabular,seasonal_naive_336h,h336,2026-01-04T23:00:00,2026-01-18T23:00:00,2026-02-15T23:00:00,,,42.0
2026-02-02 09:00:00,46.7,27.8,1.0,"Divine healer's Church, Bethlehem",tabular,seasonal_naive_336h,h336,2026-01-04T23:00:00,2026-01-18T23:00:00,2026-02-15T23:00:00,,,42.0
2026-02-02 10:00:00,47.1,42.2,1.0,"Divine healer's Church, Bethlehem",tabular,seasonal_naive_336h,h336,2026-01-04T23:00:00,2026-01-18T23:00:00,2026-02-15T23:00:00,,,42.0
2026-02-02 11:00:00,37.9,35.9,1.0,"Divine healer's Church, Bethlehem",tabular,seasonal_naive_336h,h336,2026-01-04T23:00:00,2026-01-18T23:00:00,2026-02-15T23:00:00,,,42.0
2026-02-02 12:00:00,33.2,29.9,1.0,"Divine healer's Church, Bethlehem",tabular,seasonal_naive_336h,h336,2026-01-04T23:00:00,2026-01-18T23:00:00,2026-02-15T23:00:00,,,42.0
2026-02-02 13:00:00,32.2,23.7,1.0,"Divine healer's Church, Bethlehem",tabular,seasonal_naive_336h,h336,2026-01-04T23:00:00,2026-01-18T23:00:00,2026-02-15T23:00:00,,,42.0
2026-02-02 14:00:00,33.4,21.0,1.0,"Divine healer's Church, Bethlehem",tabular,seasonal_naive_336h,h336,2026-01-04T23:00:00,2026-01-18T23:00:00,2026-02-15T23:00:00,,,42.0
2026-02-02 15:00:00,50.3,20.0,1.0,"Divine healer's Church, Bethlehem",tabular,seasonal_naive_336h,h336,2026-01-04T23:00:00,2026-01-18T23:00:00,2026-02-15T23:00:00,,,42.0
2026-02-02 16:00:00,56.0,22.6,1.0,"Divine healer's Church, Bethlehem",tabular,seasonal_naive_336h,h336,2026-01-04T23:00:00,2026-01-18T23:00:00,2026-02-15T23:00:00,,,42.0
2026-02-02 17:00:00,67.7,32.2,1.0,"Divine healer's Church, Bethlehem",tabular,seasonal_naive_336h,h336,2026-01-04T23:00:00,2026-01-18T23:00:00,2026-02-15T23:00:00,,,42.0
2026-02-02 18:00:00,57.3,36.7,1.0,"Divine healer's Church, Bethlehem",tabular,seasonal_naive_336h,h336,2026-01-04T23:00:00,2026-01-18T23:00:00,2026-02-15T23:00:00,,,42.0
2026-02-02 19:00:00,56.0,45.1,1.0,"Divine healer's Church, Bethlehem",tabular,seasonal_naive_336h,h336,2026-01-04T23:00:00,2026-01-18T23:00:00,2026-02-15T23:00:00,,,42.0
2026-02-02 20:00:00,47.3,37.0,1.0,"Divine healer's Church, Bethlehem",tabular,seasonal_naive_336h,h336,2026-01-04T23:00:00,2026-01-18T23:00:00,2026-02-15T23:00:00,,,42.0
2026-02-02 21:00:00,45.3,43.5,1.0,"Divine healer's Church, Bethlehem",tabular,seasonal_naive_336h,h336,2026-01-04T23:00:00,2026-01-18T23:00:00,2026-02-15T23:00:00,,,42.0
2026-02-02 22:00:00,45.4,69.6,1.0,"Divine healer's Church, Bethlehem",tabular,seasonal_naive_336h,h336,2026-01-04T23:00:00,2026-01-18T23:00:00,2026-02-15T23:00:00,,,42.0
2026-02-02 23:00:00,50.3,29.8,1.0,"Divine healer's Church, Bethlehem",tabular,seasonal_naive_336h,h336,2026-01-04T23:00:00,2026-01-18T23:00:00,2026-02-15T23:00:00,,,42.0
2026-02-03 00:00:00,51.6,27.7,1.0,"Divine healer's Church, Bethlehem",tabular,seasonal_naive_336h,h336,2026-01-04T23:00:00,2026-01-18T23:00:00,2026-02-15T23:00:00,,,42.0
2026-02-03 01:00:00,46.5,23.8,1.0,"Divine healer's Church, Bethlehem",tabular,seasonal_naive_336h,h336,2026-01-04T23:00:00,2026-01-18T23:00:00,2026-02-15T23:00:00,,,42.0
2026-02-03 02:00:00,42.5,26.6,1.0,"Divine healer's Church, Bethlehem",tabular,seasonal_naive_336h,h336,2026-01-04T23:00:00,2026-01-18T23:00:00,2026-02-15T23:00:00,,,42.0
2026-02-03 03:00:00,40.6,27.3,1.0,"Divine healer's Church, Bethlehem",tabular,seasonal_naive_336h,h336,2026-01-04T23:00:00,2026-01-18T23:00:00,2026-02-15T23:00:00,,,42.0
2026-02-03 04:00:00,44.3,30.7,1.0,"Divine healer's Church, Bethlehem",tabular,seasonal_naive_336h,h336,2026-01-04T23:00:00,2026-01-18T23:00:00,2026-02-15T23:00:00,,,42.0
2026-02-03 05:00:00,48.8,37.0,1.0,"Divine healer's Church, Bethlehem",tabular,seasonal_naive_336h,h336,2026-01-04T23:00:00,2026-01-18T23:00:00,2026-02-15T23:00:00,,,42.0
2026-02-03 06:00:00,46.9,33.9,1.0,"Divine healer's Church, Bethlehem",tabular,seasonal_naive_336h,h336,2026-01-04T23:00:00,2026-01-18T23:00:00,2026-02-15T23:00:00,,,42.0
2026-02-03 07:00:00,51.6,35.9,1.0,"Divine healer's Church, Bethlehem",tabular,seasonal_naive_336h,h336,2026-01-04T23:00:00,2026-01-18T23:00:00,2026-02-15T23:00:00,,,42.0
2026-02-03 08:00:00,102.3,26.1,1.0,"Divine healer's Church, Bethlehem",tabular,seasonal_naive_336h,h336,2026-01-04T23:00:00,2026-01-18T23:00:00,2026-02-15T23:00:00,,,42.0
2026-02-03 09:00:00,48.3,25.8,1.0,"Divine healer's Church, Bethlehem",tabular,seasonal_naive_336h,h336,2026-01-04T23:00:00,2026-01-18T23:00:00,2026-02-15T23:00:00,,,42.0
2026-02-03 10:00:00,45.4,29.5,1.0,"Divine healer's Church, Bethlehem",tabular,seasonal_naive_336h,h336,2026-01-04T23:00:00,2026-01-18T23:00:00,2026-02-15T23:00:00,,,42.0
2026-02-03 11:00:00,53.2,32.0,1.0,"Divine healer's Church, Bethlehem",tabular,seasonal_naive_336h,h336,2026-01-04T23:00:00,2026-01-18T23:00:00,2026-02-15T23:00:00,,,42.0
2026-02-03 12:00:00,43.9,34.5,1.0,"Divine healer's Church, Bethlehem",tabular,seasonal_naive_336h,h336,2026-01-04T23:00:00,2026-01-18T23:00:00,2026-02-15T23:00:00,,,42.0
2026-02-03 13:00:00,49.8,27.5,1.0,"Divine healer's Church, Bethlehem",tabular,seasonal_naive_336h,h336,2026-01-04T23:00:00,2026-01-18T23:00:00,2026-02-15T23:00:00,,,42.0
2026-02-03 14:00:00,38.6,24.8,1.0,"Divine healer's Church, Bethlehem",tabular,seasonal_naive_336h,h336,2026-01-04T23:00:00,2026-01-18T23:00:00,2026-02-15T23:00:00,,,42.0
2026-02-03 15:00:00,39.5,24.8,1.0,"Divine healer's Church, Bethlehem",tabular,seasonal_naive_336h,h336,2026-01-04T23:00:00,2026-01-18T23:00:00,2026-02-15T23:00:00,,,42.0
2026-02-03 16:00:00,44.0,33.7,1.0,"Divine healer's Church, Bethlehem",tabular,seasonal_naive_336h,h336,2026-01-04T23:00:00,2026-01-18T23:00:00,2026-02-15T23:00:00,,,42.0
2026-02-03 17:00:00,37.8,40.3,1.0,"Divine healer's Church, Bethlehem",tabular,seasonal_naive_336h,h336,2026-01-04T23:00:00,2026-01-18T23:00:00,2026-02-15T23:00:00,,,42.0
2026-02-03 18:00:00,48.7,55.2,1.0,"Divine healer's Church, Bethlehem",tabular,seasonal_naive_336h,h336,2026-01-04T23:00:00,2026-01-18T23:00:00,2026-02-15T23:00:00,,,42.0
2026-02-03 19:00:00,85.5,49.5,1.0,"Divine healer's Church, Bethlehem",tabular,seasonal_naive_336h,h336,2026-01-04T23:00:00,2026-01-18T23:00:00,2026-02-15T23:00:00,,,42.0
2026-02-03 20:00:00,81.4,38.3,1.0,"Divine healer's Church, Bethlehem",tabular,seasonal_naive_336h,h336,2026-01-04T23:00:00,2026-01-18T23:00:00,2026-02-15T23:00:00,,,42.0
2026-02-03 21:00:00,69.4,38.6,1.0,"Divine healer's Church, Bethlehem",tabular,seasonal_naive_336h,h336,2026-01-04T23:00:00,2026-01-18T23:00:00,2026-02-15T23:00:00,,,42.0
2026-02-03 22:00:00,49.3,38.3,1.0,"Divine healer's Church, Bethlehem",tabular,seasonal_naive_336h,h336,2026-01-04T23:00:00,2026-01-18T23:00:00,2026-02-15T23:00:00,,,42.0
2026-02-03 23:00:00,41.9,36.7,1.0,"Divine healer's Church, Bethlehem",tabular,seasonal_naive_336h,h336,2026-01-04T23:00:00,2026-01-18T23:00:00,2026-02-15T23:00:00,,,42.0
2026-02-04 00:00:00,45.7,34.3,1.0,"Divine healer's Church, Bethlehem",tabular,seasonal_naive_336h,h336,2026-01-04T23:00:00,2026-01-18T23:00:00,2026-02-15T23:00:00,,,42.0
2026-02-04 01:00:00,32.7,35.079824561403505,1.0,"Divine healer's Church, Bethlehem",tabular,seasonal_naive_336h,h336,2026-01-04T23:00:00,2026-01-18T23:00:00,2026-02-15T23:00:00,,,42.0
2026-02-04 02:00:00,33.7,35.859649122807014,1.0,"Divine healer's Church, Bethlehem",tabular,seasonal_naive_336h,h336,2026-01-04T23:00:00,2026-01-18T23:00:00,2026-02-15T23:00:00,,,42.0
2026-02-04 03:00:00,40.0,36.63947368421052,1.0,"Divine healer's Church, Bethlehem",tabular,seasonal_naive_336h,h336,2026-01-04T23:00:00,2026-01-18T23:00:00,2026-02-15T23:00:00,,,42.0
2026-02-04 04:00:00,69.5,,1.0,"Divine healer's Church, Bethlehem",tabular,seasonal_naive_336h,h336,2026-01-04T23:00:00,2026-01-18T23:00:00,2026-02-15T23:00:00,,,42.0
2026-02-04 05:00:00,127.8,,1.0,"Divine healer's Church, Bethlehem",tabular,seasonal_naive_336h,h336,2026-01-04T23:00:00,2026-01-18T23:00:00,2026-02-15T23:00:00,,,42.0
2026-02-04 06:00:00,142.9,,1.0,"Divine healer's Church, Bethlehem",tabular,seasonal_naive_336h,h336,2026-01-04T23:00:00,2026-01-18T23:00:00,2026-02-15T23:00:00,,,42.0
2026-02-04 07:00:00,101.3,,1.0,"Divine healer's Church, Bethlehem",tabular,seasonal_naive_336h,h336,2026-01-04T23:00:00,2026-01-18T23:00:00,2026-02-15T23:00:00,,,42.0
2026-02-04 08:00:00,100.3,,1.0,"Divine healer's Church, Bethlehem",tabular,seasonal_naive_336h,h336,2026-01-04T23:00:00,2026-01-18T23:00:00,2026-02-15T23:00:00,,,42.0
2026-02-04 09:00:00,65.1,,1.0,"Divine healer's Church, Bethlehem",tabular,seasonal_naive_336h,h336,2026-01-04T23:00:00,2026-01-18T23:00:00,2026-02-15T23:00:00,,,42.0
2026-02-04 10:00:00,76.5,,1.0,"Divine healer's Church, Bethlehem",tabular,seasonal_naive_336h,h336,2026-01-04T23:00:00,2026-01-18T23:00:00,2026-02-15T23:00:00,,,42.0
2026-02-04 11:00:00,76.3,,1.0,"Divine healer's Church, Bethlehem",tabular,seasonal_naive_336h,h336,2026-01-04T23:00:00,2026-01-18T23:00:00,2026-02-15T23:00:00,,,42.0
2026-02-04 12:00:00,47.7,,1.0,"Divine healer's Church, Bethlehem",tabular,seasonal_naive_336h,h336,2026-01-04T23:00:00,2026-01-18T23:00:00,2026-02-15T23:00:00,,,42.0
2026-02-04 13:00:00,38.5,,1.0,"Divine healer's Church, Bethlehem",tabular,seasonal_naive_336h,h336,2026-01-04T23:00:00,2026-01-18T23:00:00,2026-02-15T23:00:00,,,42.0
2026-02-04 14:00:00,36.0,,1.0,"Divine healer's Church, Bethlehem",tabular,seasonal_naive_336h,h336,2026-01-04T23:00:00,2026-01-18T23:00:00,2026-02-15T23:00:00,,,42.0
2026-02-04 15:00:00,31.8,,1.0,"Divine healer's Church, Bethlehem",tabular,seasonal_naive_336h,h336,2026-01-04T23:00:00,2026-01-18T23:00:00,2026-02-15T23:00:00,,,42.0
2026-02-04 16:00:00,31.1,,1.0,"Divine healer's Church, Bethlehem",tabular,seasonal_naive_336h,h336,2026-01-04T23:00:00,2026-01-18T23:00:00,2026-02-15T23:00:00,,,42.0
2026-02-04 17:00:00,26.2,,1.0,"Divine healer's Church, Bethlehem",tabular,seasonal_naive_336h,h336,2026-01-04T23:00:00,2026-01-18T23:00:00,2026-02-15T23:00:00,,,42.0
2026-02-04 18:00:00,31.7,,1.0,"Divine healer's Church, Bethlehem",tabular,seasonal_naive_336h,h336,2026-01-04T23:00:00,2026-01-18T23:00:00,2026-02-15T23:00:00,,,42.0
2026-02-04 19:00:00,62.9,,1.0,"Divine healer's Church, Bethlehem",tabular,seasonal_naive_336h,h336,2026-01-04T23:00:00,2026-01-18T23:00:00,2026-02-15T23:00:00,,,42.0
2026-02-04 20:00:00,26.0,,1.0,"Divine healer's Church, Bethlehem",tabular,seasonal_naive_336h,h336,2026-01-04T23:00:00,2026-01-18T23:00:00,2026-02-15T23:00:00,,,42.0
2026-02-04 21:00:00,52.7,,1.0,"Divine healer's Church, Bethlehem",tabular,seasonal_naive_336h,h336,2026-01-04T23:00:00,2026-01-18T23:00:00,2026-02-15T23:00:00,,,42.0
2026-02-04 22:00:00,51.5,,1.0,"Divine healer's Church, Bethlehem",tabular,seasonal_naive_336h,h336,2026-01-04T23:00:00,2026-01-18T23:00:00,2026-02-15T23:00:00,,,42.0
2026-02-04 23:00:00,49.0,,1.0,"Divine healer's Church, Bethlehem",tabular,seasonal_naive_336h,h336,2026-01-04T23:00:00,2026-01-18T23:00:00,2026-02-15T23:00:00,,,42.0
2026-02-05 00:00:00,42.6,,1.0,"Divine healer's Church, Bethlehem",tabular,seasonal_naive_336h,h336,2026-01-04T23:00:00,2026-01-18T23:00:00,2026-02-15T23:00:00,,,42.0
2026-02-05 01:00:00,45.2,,1.0,"Divine healer's Church, Bethlehem",tabular,seasonal_naive_336h,h336,2026-01-04T23:00:00,2026-01-18T23:00:00,2026-02-15T23:00:00,,,42.0
2026-02-05 02:00:00,56.6,,1.0,"Divine healer's Church, Bethlehem",tabular,seasonal_naive_336h,h336,2026-01-04T23:00:00,2026-01-18T23:00:00,2026-02-15T23:00:00,,,42.0
2026-02-05 03:00:00,45.1,,1.0,"Divine healer's Church, Bethlehem",tabular,seasonal_naive_336h,h336,2026-01-04T23:00:00,2026-01-18T23:00:00,2026-02-15T23:00:00,,,42.0
2026-02-05 04:00:00,40.7,,1.0,"Divine healer's Church, Bethlehem",tabular,seasonal_naive_336h,h336,2026-01-04T23:00:00,2026-01-18T23:00:00,2026-02-15T23:00:00,,,42.0
2026-02-05 05:00:00,39.8,,1.0,"Divine healer's Church, Bethlehem",tabular,seasonal_naive_336h,h336,2026-01-04T23:00:00,2026-01-18T23:00:00,2026-02-15T23:00:00,,,42.0
2026-02-05 06:00:00,42.9,,1.0,"Divine healer's Church, Bethlehem",tabular,seasonal_naive_336h,h336,2026-01-04T23:00:00,2026-01-18T23:00:00,2026-02-15T23:00:00,,,42.0
2026-02-05 07:00:00,37.1,,1.0,"Divine healer's Church, Bethlehem",tabular,seasonal_naive_336h,h336,2026-01-04T23:00:00,2026-01-18T23:00:00,2026-02-15T23:00:00,,,42.0
2026-02-05 08:00:00,27.3,,1.0,"Divine healer's Church, Bethlehem",tabular,seasonal_naive_336h,h336,2026-01-04T23:00:00,2026-01-18T23:00:00,2026-02-15T23:00:00,,,42.0
2026-02-05 09:00:00,17.9,,1.0,"Divine healer's Church, Bethlehem",tabular,seasonal_naive_336h,h336,2026-01-04T23:00:00,2026-01-18T23:00:00,2026-02-15T23:00:00,,,42.0
2026-02-05 10:00:00,16.8,,1.0,"Divine healer's Church, Bethlehem",tabular,seasonal_naive_336h,h336,2026-01-04T23:00:00,2026-01-18T23:00:00,2026-02-15T23:00:00,,,42.0
2026-02-05 11:00:00,21.1,,1.0,"Divine healer's Church, Bethlehem",tabular,seasonal_naive_336h,h336,2026-01-04T23:00:00,2026-01-18T23:00:00,2026-02-15T23:00:00,,,42.0
2026-02-05 12:00:00,28.6,,1.0,"Divine healer's Church, Bethlehem",tabular,seasonal_naive_336h,h336,2026-01-04T23:00:00,2026-01-18T23:00:00,2026-02-15T23:00:00,,,42.0
2026-02-05 13:00:00,28.8,,1.0,"Divine healer's Church, Bethlehem",tabular,seasonal_naive_336h,h336,2026-01-04T23:00:00,2026-01-18T23:00:00,2026-02-15T23:00:00,,,42.0
2026-02-05 14:00:00,24.5,,1.0,"Divine healer's Church, Bethlehem",tabular,seasonal_naive_336h,h336,2026-01-04T23:00:00,2026-01-18T23:00:00,2026-02-15T23:00:00,,,42.0
2026-02-05 15:00:00,29.0,,1.0,"Divine healer's Church, Bethlehem",tabular,seasonal_naive_336h,h336,2026-01-04T23:00:00,2026-01-18T23:00:00,2026-02-15T23:00:00,,,42.0
2026-02-05 16:00:00,38.0,,1.0,"Divine healer's Church, Bethlehem",tabular,seasonal_naive_336h,h336,2026-01-04T23:00:00,2026-01-18T23:00:00,2026-02-15T23:00:00,,,42.0
2026-02-05 17:00:00,38.1,,1.0,"Divine healer's Church, Bethlehem",tabular,seasonal_naive_336h,h336,2026-01-04T23:00:00,2026-01-18T23:00:00,2026-02-15T23:00:00,,,42.0
2026-02-05 18:00:00,40.7,,1.0,"Divine healer's Church, Bethlehem",tabular,seasonal_naive_336h,h336,2026-01-04T23:00:00,2026-01-18T23:00:00,2026-02-15T23:00:00,,,42.0
2026-02-05 19:00:00,40.7,,1.0,"Divine healer's Church, Bethlehem",tabular,seasonal_naive_336h,h336,2026-01-04T23:00:00,2026-01-18T23:00:00,2026-02-15T23:00:00,,,42.0
2026-02-05 20:00:00,35.2,,1.0,"Divine healer's Church, Bethlehem",tabular,seasonal_naive_336h,h336,2026-01-04T23:00:00,2026-01-18T23:00:00,2026-02-15T23:00:00,,,42.0
2026-02-05 21:00:00,33.2,,1.0,"Divine healer's Church, Bethlehem",tabular,seasonal_naive_336h,h336,2026-01-04T23:00:00,2026-01-18T23:00:00,2026-02-15T23:00:00,,,42.0
2026-02-05 22:00:00,37.1,,1.0,"Divine healer's Church, Bethlehem",tabular,seasonal_naive_336h,h336,2026-01-04T23:00:00,2026-01-18T23:00:00,2026-02-15T23:00:00,,,42.0
2026-02-05 23:00:00,30.7,,1.0,"Divine healer's Church, Bethlehem",tabular,seasonal_naive_336h,h336,2026-01-04T23:00:00,2026-01-18T23:00:00,2026-02-15T23:00:00,,,42.0
2026-02-06 00:00:00,27.7,,1.0,"Divine healer's Church, Bethlehem",tabular,seasonal_naive_336h,h336,2026-01-04T23:00:00,2026-01-18T23:00:00,2026-02-15T23:00:00,,,42.0
2026-02-06 01:00:00,28.3,,1.0,"Divine healer's Church, Bethlehem",tabular,seasonal_naive_336h,h336,2026-01-04T23:00:00,2026-01-18T23:00:00,2026-02-15T23:00:00,,,42.0
2026-02-06 02:00:00,31.6,,1.0,"Divine healer's Church, Bethlehem",tabular,seasonal_naive_336h,h336,2026-01-04T23:00:00,2026-01-18T23:00:00,2026-02-15T23:00:00,,,42.0
2026-02-06 03:00:00,35.2,,1.0,"Divine healer's Church, Bethlehem",tabular,seasonal_naive_336h,h336,2026-01-04T23:00:00,2026-01-18T23:00:00,2026-02-15T23:00:00,,,42.0
2026-02-06 04:00:00,44.2,,1.0,"Divine healer's Church, Bethlehem",tabular,seasonal_naive_336h,h336,2026-01-04T23:00:00,2026-01-18T23:00:00,2026-02-15T23:00:00,,,42.0
2026-02-06 05:00:00,65.2,,1.0,"Divine healer's Church, Bethlehem",tabular,seasonal_naive_336h,h336,2026-01-04T23:00:00,2026-01-18T23:00:00,2026-02-15T23:00:00,,,42.0
2026-02-06 06:00:00,98.6,,1.0,"Divine healer's Church, Bethlehem",tabular,seasonal_naive_336h,h336,2026-01-04T23:00:00,2026-01-18T23:00:00,2026-02-15T23:00:00,,,42.0
2026-02-06 07:00:00,52.2,,1.0,"Divine healer's Church, Bethlehem",tabular,seasonal_naive_336h,h336,2026-01-04T23:00:00,2026-01-18T23:00:00,2026-02-15T23:00:00,,,42.0
2026-02-06 08:00:00,39.3,,1.0,"Divine healer's Church, Bethlehem",tabular,seasonal_naive_336h,h336,2026-01-04T23:00:00,2026-01-18T23:00:00,2026-02-15T23:00:00,,,42.0
2026-02-06 09:00:00,33.9,,1.0,"Divine healer's Church, Bethlehem",tabular,seasonal_naive_336h,h336,2026-01-04T23:00:00,2026-01-18T23:00:00,2026-02-15T23:00:00,,,42.0
2026-02-06 10:00:00,41.2,,1.0,"Divine healer's Church, Bethlehem",tabular,seasonal_naive_336h,h336,2026-01-04T23:00:00,2026-01-18T23:00:00,2026-02-15T23:00:00,,,42.0
2026-02-06 11:00:00,33.0,,1.0,"Divine healer's Church, Bethlehem",tabular,seasonal_naive_336h,h336,2026-01-04T23:00:00,2026-01-18T23:00:00,2026-02-15T23:00:00,,,42.0
2026-02-06 12:00:00,31.2,,1.0,"Divine healer's Church, Bethlehem",tabular,seasonal_naive_336h,h336,2026-01-04T23:00:00,2026-01-18T23:00:00,2026-02-15T23:00:00,,,42.0
2026-02-06 13:00:00,32.2,,1.0,"Divine healer's Church, Bethlehem",tabular,seasonal_naive_336h,h336,2026-01-04T23:00:00,2026-01-18T23:00:00,2026-02-15T23:00:00,,,42.0
2026-02-06 14:00:00,27.2,,1.0,"Divine healer's Church, Bethlehem",tabular,seasonal_naive_336h,h336,2026-01-04T23:00:00,2026-01-18T23:00:00,2026-02-15T23:00:00,,,42.0
2026-02-06 15:00:00,26.2,,1.0,"Divine healer's Church, Bethlehem",tabular,seasonal_naive_336h,h336,2026-01-04T23:00:00,2026-01-18T23:00:00,2026-02-15T23:00:00,,,42.0
2026-02-06 16:00:00,26.2,,1.0,"Divine healer's Church, Bethlehem",tabular,seasonal_naive_336h,h336,2026-01-04T23:00:00,2026-01-18T23:00:00,2026-02-15T23:00:00,,,42.0
2026-02-06 17:00:00,29.4,,1.0,"Divine healer's Church, Bethlehem",tabular,seasonal_naive_336h,h336,2026-01-04T23:00:00,2026-01-18T23:00:00,2026-02-15T23:00:00,,,42.0
2026-02-06 18:00:00,34.0,,1.0,"Divine healer's Church, Bethlehem",tabular,seasonal_naive_336h,h336,2026-01-04T23:00:00,2026-01-18T23:00:00,2026-02-15T23:00:00,,,42.0
2026-02-06 19:00:00,38.5,,1.0,"Divine healer's Church, Bethlehem",tabular,seasonal_naive_336h,h336,2026-01-04T23:00:00,2026-01-18T23:00:00,2026-02-15T23:00:00,,,42.0
2026-02-06 20:00:00,34.5,,1.0,"Divine healer's Church, Bethlehem",tabular,seasonal_naive_336h,h336,2026-01-04T23:00:00,2026-01-18T23:00:00,2026-02-15T23:00:00,,,42.0
2026-02-06 21:00:00,51.0,,1.0,"Divine healer's Church, Bethlehem",tabular,seasonal_naive_336h,h336,2026-01-04T23:00:00,2026-01-18T23:00:00,2026-02-15T23:00:00,,,42.0
2026-02-06 22:00:00,33.3,,1.0,"Divine healer's Church, Bethlehem",tabular,seasonal_naive_336h,h336,2026-01-04T23:00:00,2026-01-18T23:00:00,2026-02-15T23:00:00,,,42.0
2026-02-06 23:00:00,35.8,,1.0,"Divine healer's Church, Bethlehem",tabular,seasonal_naive_336h,h336,2026-01-04T23:00:00,2026-01-18T23:00:00,2026-02-15T23:00:00,,,42.0
2026-02-07 00:00:00,36.3,,1.0,"Divine healer's Church, Bethlehem",tabular,seasonal_naive_336h,h336,2026-01-04T23:00:00,2026-01-18T23:00:00,2026-02-15T23:00:00,,,42.0
2026-02-07 01:00:00,41.7,,1.0,"Divine healer's Church, Bethlehem",tabular,seasonal_naive_336h,h336,2026-01-04T23:00:00,2026-01-18T23:00:00,2026-02-15T23:00:00,,,42.0
2026-02-07 02:00:00,40.6,,1.0,"Divine healer's Church, Bethlehem",tabular,seasonal_naive_336h,h336,2026-01-04T23:00:00,2026-01-18T23:00:00,2026-02-15T23:00:00,,,42.0
2026-02-07 03:00:00,39.1,,1.0,"Divine healer's Church, Bethlehem",tabular,seasonal_naive_336h,h336,2026-01-04T23:00:00,2026-01-18T23:00:00,2026-02-15T23:00:00,,,42.0
2026-02-07 04:00:00,45.0,,1.0,"Divine healer's Church, Bethlehem",tabular,seasonal_naive_336h,h336,2026-01-04T23:00:00,2026-01-18T23:00:00,2026-02-15T23:00:00,,,42.0
2026-02-07 05:00:00,53.4,,1.0,"Divine healer's Church, Bethlehem",tabular,seasonal_naive_336h,h336,2026-01-04T23:00:00,2026-01-18T23:00:00,2026-02-15T23:00:00,,,42.0
2026-02-07 06:00:00,63.8,,1.0,"Divine healer's Church, Bethlehem",tabular,seasonal_naive_336h,h336,2026-01-04T23:00:00,2026-01-18T23:00:00,2026-02-15T23:00:00,,,42.0
2026-02-07 07:00:00,59.9,,1.0,"Divine healer's Church, Bethlehem",tabular,seasonal_naive_336h,h336,2026-01-04T23:00:00,2026-01-18T23:00:00,2026-02-15T23:00:00,,,42.0
2026-02-07 08:00:00,38.6,,1.0,"Divine healer's Church, Bethlehem",tabular,seasonal_naive_336h,h336,2026-01-04T23:00:00,2026-01-18T23:00:00,2026-02-15T23:00:00,,,42.0
2026-02-07 09:00:00,43.7,,1.0,"Divine healer's Church, Bethlehem",tabular,seasonal_naive_336h,h336,2026-01-04T23:00:00,2026-01-18T23:00:00,2026-02-15T23:00:00,,,42.0
2026-02-07 10:00:00,46.7,,1.0,"Divine healer's Church, Bethlehem",tabular,seasonal_naive_336h,h336,2026-01-04T23:00:00,2026-01-18T23:00:00,2026-02-15T23:00:00,,,42.0
2026-02-07 11:00:00,60.3,,1.0,"Divine healer's Church, Bethlehem",tabular,seasonal_naive_336h,h336,2026-01-04T23:00:00,2026-01-18T23:00:00,2026-02-15T23:00:00,,,42.0
2026-02-07 12:00:00,31.3,,1.0,"Divine healer's Church, Bethlehem",tabular,seasonal_naive_336h,h336,2026-01-04T23:00:00,2026-01-18T23:00:00,2026-02-15T23:00:00,,,42.0
2026-02-07 13:00:00,23.3,,1.0,"Divine healer's Church, Bethlehem",tabular,seasonal_naive_336h,h336,2026-01-04T23:00:00,2026-01-18T23:00:00,2026-02-15T23:00:00,,,42.0
2026-02-07 14:00:00,28.3,,1.0,"Divine healer's Church, Bethlehem",tabular,seasonal_naive_336h,h336,2026-01-04T23:00:00,2026-01-18T23:00:00,2026-02-15T23:00:00,,,42.0
2026-02-07 15:00:00,48.1,,1.0,"Divine healer's Church, Bethlehem",tabular,seasonal_naive_336h,h336,2026-01-04T23:00:00,2026-01-18T23:00:00,2026-02-15T23:00:00,,,42.0
2026-02-07 16:00:00,28.8,,1.0,"Divine healer's Church, Bethlehem",tabular,seasonal_naive_336h,h336,2026-01-04T23:00:00,2026-01-18T23:00:00,2026-02-15T23:00:00,,,42.0
2026-02-07 17:00:00,44.3,,1.0,"Divine healer's Church, Bethlehem",tabular,seasonal_naive_336h,h336,2026-01-04T23:00:00,2026-01-18T23:00:00,2026-02-15T23:00:00,,,42.0
2026-02-07 18:00:00,72.7,,1.0,"Divine healer's Church, Bethlehem",tabular,seasonal_naive_336h,h336,2026-01-04T23:00:00,2026-01-18T23:00:00,2026-02-15T23:00:00,,,42.0
2026-02-07 19:00:00,46.1,,1.0,"Divine healer's Church, Bethlehem",tabular,seasonal_naive_336h,h336,2026-01-04T23:00:00,2026-01-18T23:00:00,2026-02-15T23:00:00,,,42.0
2026-02-07 20:00:00,36.5,,1.0,"Divine healer's Church, Bethlehem",tabular,seasonal_naive_336h,h336,2026-01-04T23:00:00,2026-01-18T23:00:00,2026-02-15T23:00:00,,,42.0
2026-02-07 21:00:00,41.8,,1.0,"Divine healer's Church, Bethlehem",tabular,seasonal_naive_336h,h336,2026-01-04T23:00:00,2026-01-18T23:00:00,2026-02-15T23:00:00,,,42.0
2026-02-07 22:00:00,44.5,,1.0,"Divine healer's Church, Bethlehem",tabular,seasonal_naive_336h,h336,2026-01-04T23:00:00,2026-01-18T23:00:00,2026-02-15T23:00:00,,,42.0
2026-02-07 23:00:00,38.4,,1.0,"Divine healer's Church, Bethlehem",tabular,seasonal_naive_336h,h336,2026-01-04T23:00:00,2026-01-18T23:00:00,2026-02-15T23:00:00,,,42.0
2026-02-08 00:00:00,37.6,,1.0,"Divine healer's Church, Bethlehem",tabular,seasonal_naive_336h,h336,2026-01-04T23:00:00,2026-01-18T23:00:00,2026-02-15T23:00:00,,,42.0
2026-02-08 01:00:00,39.8,,1.0,"Divine healer's Church, Bethlehem",tabular,seasonal_naive_336h,h336,2026-01-04T23:00:00,2026-01-18T23:00:00,2026-02-15T23:00:00,,,42.0
2026-02-08 02:00:00,31.4,,1.0,"Divine healer's Church, Bethlehem",tabular,seasonal_naive_336h,h336,2026-01-04T23:00:00,2026-01-18T23:00:00,2026-02-15T23:00:00,,,42.0
2026-02-08 03:00:00,39.7,,1.0,"Divine healer's Church, Bethlehem",tabular,seasonal_naive_336h,h336,2026-01-04T23:00:00,2026-01-18T23:00:00,2026-02-15T23:00:00,,,42.0
2026-02-08 04:00:00,46.8,,1.0,"Divine healer's Church, Bethlehem",tabular,seasonal_naive_336h,h336,2026-01-04T23:00:00,2026-01-18T23:00:00,2026-02-15T23:00:00,,,42.0
2026-02-08 05:00:00,67.9,,1.0,"Divine healer's Church, Bethlehem",tabular,seasonal_naive_336h,h336,2026-01-04T23:00:00,2026-01-18T23:00:00,2026-02-15T23:00:00,,,42.0
2026-02-08 06:00:00,77.5,,1.0,"Divine healer's Church, Bethlehem",tabular,seasonal_naive_336h,h336,2026-01-04T23:00:00,2026-01-18T23:00:00,2026-02-15T23:00:00,,,42.0
2026-02-08 07:00:00,58.6,,1.0,"Divine healer's Church, Bethlehem",tabular,seasonal_naive_336h,h336,2026-01-04T23:00:00,2026-01-18T23:00:00,2026-02-15T23:00:00,,,42.0
2026-02-08 08:00:00,49.4,,1.0,"Divine healer's Church, Bethlehem",tabular,seasonal_naive_336h,h336,2026-01-04T23:00:00,2026-01-18T23:00:00,2026-02-15T23:00:00,,,42.0
2026-02-08 09:00:00,44.0,,1.0,"Divine healer's Church, Bethlehem",tabular,seasonal_naive_336h,h336,2026-01-04T23:00:00,2026-01-18T23:00:00,2026-02-15T23:00:00,,,42.0
2026-02-08 10:00:00,37.2,,1.0,"Divine healer's Church, Bethlehem",tabular,seasonal_naive_336h,h336,2026-01-04T23:00:00,2026-01-18T23:00:00,2026-02-15T23:00:00,,,42.0
2026-02-08 11:00:00,38.4,,1.0,"Divine healer's Church, Bethlehem",tabular,seasonal_naive_336h,h336,2026-01-04T23:00:00,2026-01-18T23:00:00,2026-02-15T23:00:00,,,42.0
2026-02-08 12:00:00,30.8,,1.0,"Divine healer's Church, Bethlehem",tabular,seasonal_naive_336h,h336,2026-01-04T23:00:00,2026-01-18T23:00:00,2026-02-15T23:00:00,,,42.0
2026-02-08 13:00:00,31.9,,1.0,"Divine healer's Church, Bethlehem",tabular,seasonal_naive_336h,h336,2026-01-04T23:00:00,2026-01-18T23:00:00,2026-02-15T23:00:00,,,42.0
2026-02-08 14:00:00,34.3,,1.0,"Divine healer's Church, Bethlehem",tabular,seasonal_naive_336h,h336,2026-01-04T23:00:00,2026-01-18T23:00:00,2026-02-15T23:00:00,,,42.0
2026-02-08 15:00:00,33.6,120.86052631578947,1.0,"Divine healer's Church, Bethlehem",tabular,seasonal_naive_336h,h336,2026-01-04T23:00:00,2026-01-18T23:00:00,2026-02-15T23:00:00,,,42.0
2026-02-08 16:00:00,42.4,121.64035087719299,1.0,"Divine healer's Church, Bethlehem",tabular,seasonal_naive_336h,h336,2026-01-04T23:00:00,2026-01-18T23:00:00,2026-02-15T23:00:00,,,42.0
2026-02-08 17:00:00,63.8,122.42017543859649,1.0,"Divine healer's Church, Bethlehem",tabular,seasonal_naive_336h,h336,2026-01-04T23:00:00,2026-01-18T23:00:00,2026-02-15T23:00:00,,,42.0
2026-02-08 18:00:00,47.3,123.2,1.0,"Divine healer's Church, Bethlehem",tabular,seasonal_naive_336h,h336,2026-01-04T23:00:00,2026-01-18T23:00:00,2026-02-15T23:00:00,,,42.0
2026-02-08 19:00:00,51.0,95.7,1.0,"Divine healer's Church, Bethlehem",tabular,seasonal_naive_336h,h336,2026-01-04T23:00:00,2026-01-18T23:00:00,2026-02-15T23:00:00,,,42.0
2026-02-08 20:00:00,39.1,52.8,1.0,"Divine healer's Church, Bethlehem",tabular,seasonal_naive_336h,h336,2026-01-04T23:00:00,2026-01-18T23:00:00,2026-02-15T23:00:00,,,42.0
2026-02-08 21:00:00,40.5,61.4,1.0,"Divine healer's Church, Bethlehem",tabular,seasonal_naive_336h,h336,2026-01-04T23:00:00,2026-01-18T23:00:00,2026-02-15T23:00:00,,,42.0
2026-02-08 22:00:00,53.5,65.5,1.0,"Divine healer's Church, Bethlehem",tabular,seasonal_naive_336h,h336,2026-01-04T23:00:00,2026-01-18T23:00:00,2026-02-15T23:00:00,,,42.0
2026-02-08 23:00:00,56.3,64.2,1.0,"Divine healer's Church, Bethlehem",tabular,seasonal_naive_336h,h336,2026-01-04T23:00:00,2026-01-18T23:00:00,2026-02-15T23:00:00,,,42.0
2026-02-09 00:00:00,41.2,55.5,1.0,"Divine healer's Church, Bethlehem",tabular,seasonal_naive_336h,h336,2026-01-04T23:00:00,2026-01-18T23:00:00,2026-02-15T23:00:00,,,42.0
2026-02-09 01:00:00,36.3,63.3,1.0,"Divine healer's Church, Bethlehem",tabular,seasonal_naive_336h,h336,2026-01-04T23:00:00,2026-01-18T23:00:00,2026-02-15T23:00:00,,,42.0
2026-02-09 02:00:00,35.1,55.6,1.0,"Divine healer's Church, Bethlehem",tabular,seasonal_naive_336h,h336,2026-01-04T23:00:00,2026-01-18T23:00:00,2026-02-15T23:00:00,,,42.0
2026-02-09 03:00:00,34.7,60.8,1.0,"Divine healer's Church, Bethlehem",tabular,seasonal_naive_336h,h336,2026-01-04T23:00:00,2026-01-18T23:00:00,2026-02-15T23:00:00,,,42.0
2026-02-09 04:00:00,33.5,59.2,1.0,"Divine healer's Church, Bethlehem",tabular,seasonal_naive_336h,h336,2026-01-04T23:00:00,2026-01-18T23:00:00,2026-02-15T23:00:00,,,42.0
2026-02-09 05:00:00,46.4,61.0,1.0,"Divine healer's Church, Bethlehem",tabular,seasonal_naive_336h,h336,2026-01-04T23:00:00,2026-01-18T23:00:00,2026-02-15T23:00:00,,,42.0
2026-02-09 06:00:00,50.3,68.0,1.0,"Divine healer's Church, Bethlehem",tabular,seasonal_naive_336h,h336,2026-01-04T23:00:00,2026-01-18T23:00:00,2026-02-15T23:00:00,,,42.0
2026-02-09 07:00:00,42.0,54.8,1.0,"Divine healer's Church, Bethlehem",tabular,seasonal_naive_336h,h336,2026-01-04T23:00:00,2026-01-18T23:00:00,2026-02-15T23:00:00,,,42.0
2026-02-09 08:00:00,35.3,42.8,1.0,"Divine healer's Church, Bethlehem",tabular,seasonal_naive_336h,h336,2026-01-04T23:00:00,2026-01-18T23:00:00,2026-02-15T23:00:00,,,42.0
2026-02-09 09:00:00,33.4,40.0,1.0,"Divine healer's Church, Bethlehem",tabular,seasonal_naive_336h,h336,2026-01-04T23:00:00,2026-01-18T23:00:00,2026-02-15T23:00:00,,,42.0
2026-02-09 10:00:00,31.5,47.8,1.0,"Divine healer's Church, Bethlehem",tabular,seasonal_naive_336h,h336,2026-01-04T23:00:00,2026-01-18T23:00:00,2026-02-15T23:00:00,,,42.0
2026-02-09 11:00:00,35.3,49.2,1.0,"Divine healer's Church, Bethlehem",tabular,seasonal_naive_336h,h336,2026-01-04T23:00:00,2026-01-18T23:00:00,2026-02-15T23:00:00,,,42.0
2026-02-09 12:00:00,28.7,46.3,1.0,"Divine healer's Church, Bethlehem",tabular,seasonal_naive_336h,h336,2026-01-04T23:00:00,2026-01-18T23:00:00,2026-02-15T23:00:00,,,42.0
2026-02-09 13:00:00,25.3,40.0,1.0,"Divine healer's Church, Bethlehem",tabular,seasonal_naive_336h,h336,2026-01-04T23:00:00,2026-01-18T23:00:00,2026-02-15T23:00:00,,,42.0
2026-02-09 14:00:00,24.6,36.9,1.0,"Divine healer's Church, Bethlehem",tabular,seasonal_naive_336h,h336,2026-01-04T23:00:00,2026-01-18T23:00:00,2026-02-15T23:00:00,,,42.0
2026-02-09 15:00:00,23.9,34.9,1.0,"Divine healer's Church, Bethlehem",tabular,seasonal_naive_336h,h336,2026-01-04T23:00:00,2026-01-18T23:00:00,2026-02-15T23:00:00,,,42.0
2026-02-09 16:00:00,28.6,36.6,1.0,"Divine healer's Church, Bethlehem",tabular,seasonal_naive_336h,h336,2026-01-04T23:00:00,2026-01-18T23:00:00,2026-02-15T23:00:00,,,42.0
2026-02-09 17:00:00,37.8,48.7,1.0,"Divine healer's Church, Bethlehem",tabular,seasonal_naive_336h,h336,2026-01-04T23:00:00,2026-01-18T23:00:00,2026-02-15T23:00:00,,,42.0
2026-02-09 18:00:00,44.7,49.5,1.0,"Divine healer's Church, Bethlehem",tabular,seasonal_naive_336h,h336,2026-01-04T23:00:00,2026-01-18T23:00:00,2026-02-15T23:00:00,,,42.0
2026-02-09 19:00:00,53.9,53.1,1.0,"Divine healer's Church, Bethlehem",tabular,seasonal_naive_336h,h336,2026-01-04T23:00:00,2026-01-18T23:00:00,2026-02-15T23:00:00,,,42.0
2026-02-09 20:00:00,37.9,44.7,1.0,"Divine healer's Church, Bethlehem",tabular,seasonal_naive_336h,h336,2026-01-04T23:00:00,2026-01-18T23:00:00,2026-02-15T23:00:00,,,42.0
2026-02-09 21:00:00,30.6,70.9,1.0,"Divine healer's Church, Bethlehem",tabular,seasonal_naive_336h,h336,2026-01-04T23:00:00,2026-01-18T23:00:00,2026-02-15T23:00:00,,,42.0
2026-02-09 22:00:00,34.5,57.0,1.0,"Divine healer's Church, Bethlehem",tabular,seasonal_naive_336h,h336,2026-01-04T23:00:00,2026-01-18T23:00:00,2026-02-15T23:00:00,,,42.0
2026-02-09 23:00:00,33.9,56.8,1.0,"Divine healer's Church, Bethlehem",tabular,seasonal_naive_336h,h336,2026-01-04T23:00:00,2026-01-18T23:00:00,2026-02-15T23:00:00,,,42.0
2026-02-10 00:00:00,36.7,61.4,1.0,"Divine healer's Church, Bethlehem",tabular,seasonal_naive_336h,h336,2026-01-04T23:00:00,2026-01-18T23:00:00,2026-02-15T23:00:00,,,42.0
2026-02-10 01:00:00,28.1,58.0,1.0,"Divine healer's Church, Bethlehem",tabular,seasonal_naive_336h,h336,2026-01-04T23:00:00,2026-01-18T23:00:00,2026-02-15T23:00:00,,,42.0
2026-02-10 02:00:00,31.3,64.1,1.0,"Divine healer's Church, Bethlehem",tabular,seasonal_naive_336h,h336,2026-01-04T23:00:00,2026-01-18T23:00:00,2026-02-15T23:00:00,,,42.0
2026-02-10 03:00:00,16.0,62.0,1.0,"Divine healer's Church, Bethlehem",tabular,seasonal_naive_336h,h336,2026-01-04T23:00:00,2026-01-18T23:00:00,2026-02-15T23:00:00,,,42.0
2026-02-10 04:00:00,40.3,63.3,1.0,"Divine healer's Church, Bethlehem",tabular,seasonal_naive_336h,h336,2026-01-04T23:00:00,2026-01-18T23:00:00,2026-02-15T23:00:00,,,42.0
2026-02-10 05:00:00,106.4,77.1,1.0,"Divine healer's Church, Bethlehem",tabular,seasonal_naive_336h,h336,2026-01-04T23:00:00,2026-01-18T23:00:00,2026-02-15T23:00:00,,,42.0
2026-02-10 06:00:00,47.0,60.8,1.0,"Divine healer's Church, Bethlehem",tabular,seasonal_naive_336h,h336,2026-01-04T23:00:00,2026-01-18T23:00:00,2026-02-15T23:00:00,,,42.0
2026-02-10 07:00:00,44.0,64.2,1.0,"Divine healer's Church, Bethlehem",tabular,seasonal_naive_336h,h336,2026-01-04T23:00:00,2026-01-18T23:00:00,2026-02-15T23:00:00,,,42.0
2026-02-10 08:00:00,34.5,45.3,1.0,"Divine healer's Church, Bethlehem",tabular,seasonal_naive_336h,h336,2026-01-04T23:00:00,2026-01-18T23:00:00,2026-02-15T23:00:00,,,42.0
2026-02-10 09:00:00,41.2,42.7,1.0,"Divine healer's Church, Bethlehem",tabular,seasonal_naive_336h,h336,2026-01-04T23:00:00,2026-01-18T23:00:00,2026-02-15T23:00:00,,,42.0
2026-02-10 10:00:00,47.9,46.3,1.0,"Divine healer's Church, Bethlehem",tabular,seasonal_naive_336h,h336,2026-01-04T23:00:00,2026-01-18T23:00:00,2026-02-15T23:00:00,,,42.0
2026-02-10 11:00:00,46.9,43.2,1.0,"Divine healer's Church, Bethlehem",tabular,seasonal_naive_336h,h336,2026-01-04T23:00:00,2026-01-18T23:00:00,2026-02-15T23:00:00,,,42.0
2026-02-10 12:00:00,34.3,41.5,1.0,"Divine healer's Church, Bethlehem",tabular,seasonal_naive_336h,h336,2026-01-04T23:00:00,2026-01-18T23:00:00,2026-02-15T23:00:00,,,42.0
2026-02-10 13:00:00,35.6,36.2,1.0,"Divine healer's Church, Bethlehem",tabular,seasonal_naive_336h,h336,2026-01-04T23:00:00,2026-01-18T23:00:00,2026-02-15T23:00:00,,,42.0
2026-02-10 14:00:00,31.4,34.8,1.0,"Divine healer's Church, Bethlehem",tabular,seasonal_naive_336h,h336,2026-01-04T23:00:00,2026-01-18T23:00:00,2026-02-15T23:00:00,,,42.0
2026-02-10 15:00:00,40.3,33.6,1.0,"Divine healer's Church, Bethlehem",tabular,seasonal_naive_336h,h336,2026-01-04T23:00:00,2026-01-18T23:00:00,2026-02-15T23:00:00,,,42.0
2026-02-10 16:00:00,33.0,38.2,1.0,"Divine healer's Church, Bethlehem",tabular,seasonal_naive_336h,h336,2026-01-04T23:00:00,2026-01-18T23:00:00,2026-02-15T23:00:00,,,42.0
2026-02-10 17:00:00,47.1,38.5,1.0,"Divine healer's Church, Bethlehem",tabular,seasonal_naive_336h,h336,2026-01-04T23:00:00,2026-01-18T23:00:00,2026-02-15T23:00:00,,,42.0
2026-02-10 18:00:00,18.5,50.5,1.0,"Divine healer's Church, Bethlehem",tabular,seasonal_naive_336h,h336,2026-01-04T23:00:00,2026-01-18T23:00:00,2026-02-15T23:00:00,,,42.0
2026-02-10 19:00:00,21.0,50.7,1.0,"Divine healer's Church, Bethlehem",tabular,seasonal_naive_336h,h336,2026-01-04T23:00:00,2026-01-18T23:00:00,2026-02-15T23:00:00,,,42.0
2026-02-10 20:00:00,27.2,45.7,1.0,"Divine healer's Church, Bethlehem",tabular,seasonal_naive_336h,h336,2026-01-04T23:00:00,2026-01-18T23:00:00,2026-02-15T23:00:00,,,42.0
2026-02-10 21:00:00,15.6,48.7,1.0,"Divine healer's Church, Bethlehem",tabular,seasonal_naive_336h,h336,2026-01-04T23:00:00,2026-01-18T23:00:00,2026-02-15T23:00:00,,,42.0
2026-02-10 22:00:00,9.7,47.5,1.0,"Divine healer's Church, Bethlehem",tabular,seasonal_naive_336h,h336,2026-01-04T23:00:00,2026-01-18T23:00:00,2026-02-15T23:00:00,,,42.0
2026-02-10 23:00:00,9.3,48.5,1.0,"Divine healer's Church, Bethlehem",tabular,seasonal_naive_336h,h336,2026-01-04T23:00:00,2026-01-18T23:00:00,2026-02-15T23:00:00,,,42.0
2026-02-11 00:00:00,17.6,86.6,1.0,"Divine healer's Church, Bethlehem",tabular,seasonal_naive_336h,h336,2026-01-04T23:00:00,2026-01-18T23:00:00,2026-02-15T23:00:00,,,42.0
2026-02-11 01:00:00,18.7,60.7,1.0,"Divine healer's Church, Bethlehem",tabular,seasonal_naive_336h,h336,2026-01-04T23:00:00,2026-01-18T23:00:00,2026-02-15T23:00:00,,,42.0
2026-02-11 02:00:00,17.7,43.8,1.0,"Divine healer's Church, Bethlehem",tabular,seasonal_naive_336h,h336,2026-01-04T23:00:00,2026-01-18T23:00:00,2026-02-15T23:00:00,,,42.0
2026-02-11 03:00:00,33.8,45.6,1.0,"Divine healer's Church, Bethlehem",tabular,seasonal_naive_336h,h336,2026-01-04T23:00:00,2026-01-18T23:00:00,2026-02-15T23:00:00,,,42.0
2026-02-11 04:00:00,56.4,43.0,1.0,"Divine healer's Church, Bethlehem",tabular,seasonal_naive_336h,h336,2026-01-04T23:00:00,2026-01-18T23:00:00,2026-02-15T23:00:00,,,42.0
2026-02-11 05:00:00,61.7,49.5,1.0,"Divine healer's Church, Bethlehem",tabular,seasonal_naive_336h,h336,2026-01-04T23:00:00,2026-01-18T23:00:00,2026-02-15T23:00:00,,,42.0
2026-02-11 06:00:00,47.3,59.2,1.0,"Divine healer's Church, Bethlehem",tabular,seasonal_naive_336h,h336,2026-01-04T23:00:00,2026-01-18T23:00:00,2026-02-15T23:00:00,,,42.0
2026-02-11 07:00:00,29.9,42.1,1.0,"Divine healer's Church, Bethlehem",tabular,seasonal_naive_336h,h336,2026-01-04T23:00:00,2026-01-18T23:00:00,2026-02-15T23:00:00,,,42.0
2026-02-11 08:00:00,38.8,38.8,1.0,"Divine healer's Church, Bethlehem",tabular,seasonal_naive_336h,h336,2026-01-04T23:00:00,2026-01-18T23:00:00,2026-02-15T23:00:00,,,42.0
2026-02-11 09:00:00,41.5,38.8,1.0,"Divine healer's Church, Bethlehem",tabular,seasonal_naive_336h,h336,2026-01-04T23:00:00,2026-01-18T23:00:00,2026-02-15T23:00:00,,,42.0
2026-02-11 10:00:00,25.5,36.7,1.0,"Divine healer's Church, Bethlehem",tabular,seasonal_naive_336h,h336,2026-01-04T23:00:00,2026-01-18T23:00:00,2026-02-15T23:00:00,,,42.0
2026-02-11 11:00:00,25.5,39.4,1.0,"Divine healer's Church, Bethlehem",tabular,seasonal_naive_336h,h336,2026-01-04T23:00:00,2026-01-18T23:00:00,2026-02-15T23:00:00,,,42.0
2026-02-11 12:00:00,25.1,40.8,1.0,"Divine healer's Church, Bethlehem",tabular,seasonal_naive_336h,h336,2026-01-04T23:00:00,2026-01-18T23:00:00,2026-02-15T23:00:00,,,42.0
2026-02-11 13:00:00,23.7,37.3,1.0,"Divine healer's Church, Bethlehem",tabular,seasonal_naive_336h,h336,2026-01-04T23:00:00,2026-01-18T23:00:00,2026-02-15T23:00:00,,,42.0
2026-02-11 14:00:00,19.7,35.5,1.0,"Divine healer's Church, Bethlehem",tabular,seasonal_naive_336h,h336,2026-01-04T23:00:00,2026-01-18T23:00:00,2026-02-15T23:00:00,,,42.0
2026-02-11 15:00:00,22.6,37.0,1.0,"Divine healer's Church, Bethlehem",tabular,seasonal_naive_336h,h336,2026-01-04T23:00:00,2026-01-18T23:00:00,2026-02-15T23:00:00,,,42.0
2026-02-11 16:00:00,35.1,49.0,1.0,"Divine healer's Church, Bethlehem",tabular,seasonal_naive_336h,h336,2026-01-04T23:00:00,2026-01-18T23:00:00,2026-02-15T23:00:00,,,42.0
2026-02-11 17:00:00,34.1,56.9,1.0,"Divine healer's Church, Bethlehem",tabular,seasonal_naive_336h,h336,2026-01-04T23:00:00,2026-01-18T23:00:00,2026-02-15T23:00:00,,,42.0
2026-02-11 18:00:00,27.6,61.2,1.0,"Divine healer's Church, Bethlehem",tabular,seasonal_naive_336h,h336,2026-01-04T23:00:00,2026-01-18T23:00:00,2026-02-15T23:00:00,,,42.0
2026-02-11 19:00:00,37.1,57.4,1.0,"Divine healer's Church, Bethlehem",tabular,seasonal_naive_336h,h336,2026-01-04T23:00:00,2026-01-18T23:00:00,2026-02-15T23:00:00,,,42.0
2026-02-11 20:00:00,46.0,74.6,1.0,"Divine healer's Church, Bethlehem",tabular,seasonal_naive_336h,h336,2026-01-04T23:00:00,2026-01-18T23:00:00,2026-02-15T23:00:00,,,42.0
2026-02-11 21:00:00,53.3,53.9,1.0,"Divine healer's Church, Bethlehem",tabular,seasonal_naive_336h,h336,2026-01-04T23:00:00,2026-01-18T23:00:00,2026-02-15T23:00:00,,,42.0
2026-02-11 22:00:00,50.6,48.4,1.0,"Divine healer's Church, Bethlehem",tabular,seasonal_naive_336h,h336,2026-01-04T23:00:00,2026-01-18T23:00:00,2026-02-15T23:00:00,,,42.0
2026-02-11 23:00:00,87.2,55.6,1.0,"Divine healer's Church, Bethlehem",tabular,seasonal_naive_336h,h336,2026-01-04T23:00:00,2026-01-18T23:00:00,2026-02-15T23:00:00,,,42.0
2026-02-12 00:00:00,79.3,44.8,1.0,"Divine healer's Church, Bethlehem",tabular,seasonal_naive_336h,h336,2026-01-04T23:00:00,2026-01-18T23:00:00,2026-02-15T23:00:00,,,42.0
2026-02-12 01:00:00,83.0,37.3,1.0,"Divine healer's Church, Bethlehem",tabular,seasonal_naive_336h,h336,2026-01-04T23:00:00,2026-01-18T23:00:00,2026-02-15T23:00:00,,,42.0
2026-02-12 02:00:00,78.9,31.8,1.0,"Divine healer's Church, Bethlehem",tabular,seasonal_naive_336h,h336,2026-01-04T23:00:00,2026-01-18T23:00:00,2026-02-15T23:00:00,,,42.0
2026-02-12 03:00:00,65.7,31.7,1.0,"Divine healer's Church, Bethlehem",tabular,seasonal_naive_336h,h336,2026-01-04T23:00:00,2026-01-18T23:00:00,2026-02-15T23:00:00,,,42.0
2026-02-12 04:00:00,69.8,34.2,1.0,"Divine healer's Church, Bethlehem",tabular,seasonal_naive_336h,h336,2026-01-04T23:00:00,2026-01-18T23:00:00,2026-02-15T23:00:00,,,42.0
2026-02-12 05:00:00,69.6,43.8,1.0,"Divine healer's Church, Bethlehem",tabular,seasonal_naive_336h,h336,2026-01-04T23:00:00,2026-01-18T23:00:00,2026-02-15T23:00:00,,,42.0
2026-02-12 06:00:00,89.0,47.4,1.0,"Divine healer's Church, Bethlehem",tabular,seasonal_naive_336h,h336,2026-01-04T23:00:00,2026-01-18T23:00:00,2026-02-15T23:00:00,,,42.0
2026-02-12 07:00:00,63.3,40.2,1.0,"Divine healer's Church, Bethlehem",tabular,seasonal_naive_336h,h336,2026-01-04T23:00:00,2026-01-18T23:00:00,2026-02-15T23:00:00,,,42.0
2026-02-12 08:00:00,42.7,37.1,1.0,"Divine healer's Church, Bethlehem",tabular,seasonal_naive_336h,h336,2026-01-04T23:00:00,2026-01-18T23:00:00,2026-02-15T23:00:00,,,42.0
2026-02-12 09:00:00,33.5,33.3,1.0,"Divine healer's Church, Bethlehem",tabular,seasonal_naive_336h,h336,2026-01-04T23:00:00,2026-01-18T23:00:00,2026-02-15T23:00:00,,,42.0
2026-02-12 10:00:00,27.2,37.1,1.0,"Divine healer's Church, Bethlehem",tabular,seasonal_naive_336h,h336,2026-01-04T23:00:00,2026-01-18T23:00:00,2026-02-15T23:00:00,,,42.0
2026-02-12 11:00:00,12.1,39.4,1.0,"Divine healer's Church, Bethlehem",tabular,seasonal_naive_336h,h336,2026-01-04T23:00:00,2026-01-18T23:00:00,2026-02-15T23:00:00,,,42.0
2026-02-12 12:00:00,4.5,41.3,1.0,"Divine healer's Church, Bethlehem",tabular,seasonal_naive_336h,h336,2026-01-04T23:00:00,2026-01-18T23:00:00,2026-02-15T23:00:00,,,42.0
2026-02-12 13:00:00,4.1,32.1,1.0,"Divine healer's Church, Bethlehem",tabular,seasonal_naive_336h,h336,2026-01-04T23:00:00,2026-01-18T23:00:00,2026-02-15T23:00:00,,,42.0
2026-02-12 14:00:00,5.3,31.0,1.0,"Divine healer's Church, Bethlehem",tabular,seasonal_naive_336h,h336,2026-01-04T23:00:00,2026-01-18T23:00:00,2026-02-15T23:00:00,,,42.0
2026-02-12 15:00:00,7.5,32.3,1.0,"Divine healer's Church, Bethlehem",tabular,seasonal_naive_336h,h336,2026-01-04T23:00:00,2026-01-18T23:00:00,2026-02-15T23:00:00,,,42.0
2026-02-12 16:00:00,7.8,32.6,1.0,"Divine healer's Church, Bethlehem",tabular,seasonal_naive_336h,h336,2026-01-04T23:00:00,2026-01-18T23:00:00,2026-02-15T23:00:00,,,42.0
2026-02-12 17:00:00,8.3,41.4,1.0,"Divine healer's Church, Bethlehem",tabular,seasonal_naive_336h,h336,2026-01-04T23:00:00,2026-01-18T23:00:00,2026-02-15T23:00:00,,,42.0
2026-02-12 18:00:00,19.2,77.2,1.0,"Divine healer's Church, Bethlehem",tabular,seasonal_naive_336h,h336,2026-01-04T23:00:00,2026-01-18T23:00:00,2026-02-15T23:00:00,,,42.0
2026-02-12 19:00:00,32.4,75.4,1.0,"Divine healer's Church, Bethlehem",tabular,seasonal_naive_336h,h336,2026-01-04T23:00:00,2026-01-18T23:00:00,2026-02-15T23:00:00,,,42.0
2026-02-12 20:00:00,43.6,47.6,1.0,"Divine healer's Church, Bethlehem",tabular,seasonal_naive_336h,h336,2026-01-04T23:00:00,2026-01-18T23:00:00,2026-02-15T23:00:00,,,42.0
2026-02-12 21:00:00,28.1,39.7,1.0,"Divine healer's Church, Bethlehem",tabular,seasonal_naive_336h,h336,2026-01-04T23:00:00,2026-01-18T23:00:00,2026-02-15T23:00:00,,,42.0
2026-02-12 22:00:00,53.1,46.1,1.0,"Divine healer's Church, Bethlehem",tabular,seasonal_naive_336h,h336,2026-01-04T23:00:00,2026-01-18T23:00:00,2026-02-15T23:00:00,,,42.0
2026-02-12 23:00:00,44.9,48.3,1.0,"Divine healer's Church, Bethlehem",tabular,seasonal_naive_336h,h336,2026-01-04T23:00:00,2026-01-18T23:00:00,2026-02-15T23:00:00,,,42.0
2026-02-13 00:00:00,28.8,48.9,1.0,"Divine healer's Church, Bethlehem",tabular,seasonal_naive_336h,h336,2026-01-04T23:00:00,2026-01-18T23:00:00,2026-02-15T23:00:00,,,42.0
2026-02-13 01:00:00,30.5,55.0,1.0,"Divine healer's Church, Bethlehem",tabular,seasonal_naive_336h,h336,2026-01-04T23:00:00,2026-01-18T23:00:00,2026-02-15T23:00:00,,,42.0
2026-02-13 02:00:00,31.9,50.3,1.0,"Divine healer's Church, Bethlehem",tabular,seasonal_naive_336h,h336,2026-01-04T23:00:00,2026-01-18T23:00:00,2026-02-15T23:00:00,,,42.0
2026-02-13 03:00:00,43.7,41.8,1.0,"Divine healer's Church, Bethlehem",tabular,seasonal_naive_336h,h336,2026-01-04T23:00:00,2026-01-18T23:00:00,2026-02-15T23:00:00,,,42.0
2026-02-13 04:00:00,43.9,51.6,1.0,"Divine healer's Church, Bethlehem",tabular,seasonal_naive_336h,h336,2026-01-04T23:00:00,2026-01-18T23:00:00,2026-02-15T23:00:00,,,42.0
2026-02-13 05:00:00,40.2,57.4,1.0,"Divine healer's Church, Bethlehem",tabular,seasonal_naive_336h,h336,2026-01-04T23:00:00,2026-01-18T23:00:00,2026-02-15T23:00:00,,,42.0
2026-02-13 06:00:00,60.1,73.1,1.0,"Divine healer's Church, Bethlehem",tabular,seasonal_naive_336h,h336,2026-01-04T23:00:00,2026-01-18T23:00:00,2026-02-15T23:00:00,,,42.0
2026-02-13 07:00:00,39.8,70.5,1.0,"Divine healer's Church, Bethlehem",tabular,seasonal_naive_336h,h336,2026-01-04T23:00:00,2026-01-18T23:00:00,2026-02-15T23:00:00,,,42.0
2026-02-13 08:00:00,21.9,46.8,1.0,"Divine healer's Church, Bethlehem",tabular,seasonal_naive_336h,h336,2026-01-04T23:00:00,2026-01-18T23:00:00,2026-02-15T23:00:00,,,42.0
2026-02-13 09:00:00,21.5,41.1,1.0,"Divine healer's Church, Bethlehem",tabular,seasonal_naive_336h,h336,2026-01-04T23:00:00,2026-01-18T23:00:00,2026-02-15T23:00:00,,,42.0
2026-02-13 10:00:00,28.7,44.3,1.0,"Divine healer's Church, Bethlehem",tabular,seasonal_naive_336h,h336,2026-01-04T23:00:00,2026-01-18T23:00:00,2026-02-15T23:00:00,,,42.0
2026-02-13 11:00:00,31.5,46.5,1.0,"Divine healer's Church, Bethlehem",tabular,seasonal_naive_336h,h336,2026-01-04T23:00:00,2026-01-18T23:00:00,2026-02-15T23:00:00,,,42.0
2026-02-13 12:00:00,16.8,39.9,1.0,"Divine healer's Church, Bethlehem",tabular,seasonal_naive_336h,h336,2026-01-04T23:00:00,2026-01-18T23:00:00,2026-02-15T23:00:00,,,42.0
2026-02-13 13:00:00,17.9,91.0,1.0,"Divine healer's Church, Bethlehem",tabular,seasonal_naive_336h,h336,2026-01-04T23:00:00,2026-01-18T23:00:00,2026-02-15T23:00:00,,,42.0
2026-02-13 14:00:00,13.7,41.7,1.0,"Divine healer's Church, Bethlehem",tabular,seasonal_naive_336h,h336,2026-01-04T23:00:00,2026-01-18T23:00:00,2026-02-15T23:00:00,,,42.0
2026-02-13 15:00:00,19.5,38.2,1.0,"Divine healer's Church, Bethlehem",tabular,seasonal_naive_336h,h336,2026-01-04T23:00:00,2026-01-18T23:00:00,2026-02-15T23:00:00,,,42.0
2026-02-13 16:00:00,23.7,35.5,1.0,"Divine healer's Church, Bethlehem",tabular,seasonal_naive_336h,h336,2026-01-04T23:00:00,2026-01-18T23:00:00,2026-02-15T23:00:00,,,42.0
2026-02-13 17:00:00,26.1,39.8,1.0,"Divine healer's Church, Bethlehem",tabular,seasonal_naive_336h,h336,2026-01-04T23:00:00,2026-01-18T23:00:00,2026-02-15T23:00:00,,,42.0
2026-02-13 18:00:00,31.0,51.2,1.0,"Divine healer's Church, Bethlehem",tabular,seasonal_naive_336h,h336,2026-01-04T23:00:00,2026-01-18T23:00:00,2026-02-15T23:00:00,,,42.0
2026-02-13 19:00:00,35.5,64.7,1.0,"Divine healer's Church, Bethlehem",tabular,seasonal_naive_336h,h336,2026-01-04T23:00:00,2026-01-18T23:00:00,2026-02-15T23:00:00,,,42.0
2026-02-13 20:00:00,26.7,54.5,1.0,"Divine healer's Church, Bethlehem",tabular,seasonal_naive_336h,h336,2026-01-04T23:00:00,2026-01-18T23:00:00,2026-02-15T23:00:00,,,42.0
2026-02-13 21:00:00,24.7,46.7,1.0,"Divine healer's Church, Bethlehem",tabular,seasonal_naive_336h,h336,2026-01-04T23:00:00,2026-01-18T23:00:00,2026-02-15T23:00:00,,,42.0
2026-02-13 22:00:00,23.2,45.5,1.0,"Divine healer's Church, Bethlehem",tabular,seasonal_naive_336h,h336,2026-01-04T23:00:00,2026-01-18T23:00:00,2026-02-15T23:00:00,,,42.0
2026-02-13 23:00:00,21.9,43.9,1.0,"Divine healer's Church, Bethlehem",tabular,seasonal_naive_336h,h336,2026-01-04T23:00:00,2026-01-18T23:00:00,2026-02-15T23:00:00,,,42.0
2026-02-14 00:00:00,18.2,41.2,1.0,"Divine healer's Church, Bethlehem",tabular,seasonal_naive_336h,h336,2026-01-04T23:00:00,2026-01-18T23:00:00,2026-02-15T23:00:00,,,42.0
2026-02-14 01:00:00,26.3,42.7,1.0,"Divine healer's Church, Bethlehem",tabular,seasonal_naive_336h,h336,2026-01-04T23:00:00,2026-01-18T23:00:00,2026-02-15T23:00:00,,,42.0
2026-02-14 02:00:00,14.6,41.6,1.0,"Divine healer's Church, Bethlehem",tabular,seasonal_naive_336h,h336,2026-01-04T23:00:00,2026-01-18T23:00:00,2026-02-15T23:00:00,,,42.0
2026-02-14 03:00:00,14.3,49.3,1.0,"Divine healer's Church, Bethlehem",tabular,seasonal_naive_336h,h336,2026-01-04T23:00:00,2026-01-18T23:00:00,2026-02-15T23:00:00,,,42.0
2026-02-14 04:00:00,29.7,44.8,1.0,"Divine healer's Church, Bethlehem",tabular,seasonal_naive_336h,h336,2026-01-04T23:00:00,2026-01-18T23:00:00,2026-02-15T23:00:00,,,42.0
2026-02-14 05:00:00,32.2,53.5,1.0,"Divine healer's Church, Bethlehem",tabular,seasonal_naive_336h,h336,2026-01-04T23:00:00,2026-01-18T23:00:00,2026-02-15T23:00:00,,,42.0
2026-02-14 06:00:00,38.2,59.5,1.0,"Divine healer's Church, Bethlehem",tabular,seasonal_naive_336h,h336,2026-01-04T23:00:00,2026-01-18T23:00:00,2026-02-15T23:00:00,,,42.0
2026-02-14 07:00:00,37.5,50.2,1.0,"Divine healer's Church, Bethlehem",tabular,seasonal_naive_336h,h336,2026-01-04T23:00:00,2026-01-18T23:00:00,2026-02-15T23:00:00,,,42.0
2026-02-14 08:00:00,29.5,45.6,1.0,"Divine healer's Church, Bethlehem",tabular,seasonal_naive_336h,h336,2026-01-04T23:00:00,2026-01-18T23:00:00,2026-02-15T23:00:00,,,42.0
2026-02-14 09:00:00,27.0,43.1,1.0,"Divine healer's Church, Bethlehem",tabular,seasonal_naive_336h,h336,2026-01-04T23:00:00,2026-01-18T23:00:00,2026-02-15T23:00:00,,,42.0
2026-02-14 10:00:00,21.7,44.8,1.0,"Divine healer's Church, Bethlehem",tabular,seasonal_naive_336h,h336,2026-01-04T23:00:00,2026-01-18T23:00:00,2026-02-15T23:00:00,,,42.0
2026-02-14 11:00:00,21.4,47.5,1.0,"Divine healer's Church, Bethlehem",tabular,seasonal_naive_336h,h336,2026-01-04T23:00:00,2026-01-18T23:00:00,2026-02-15T23:00:00,,,42.0
2026-02-14 12:00:00,32.0,44.7,1.0,"Divine healer's Church, Bethlehem",tabular,seasonal_naive_336h,h336,2026-01-04T23:00:00,2026-01-18T23:00:00,2026-02-15T23:00:00,,,42.0
2026-02-14 13:00:00,34.3,37.6,1.0,"Divine healer's Church, Bethlehem",tabular,seasonal_naive_336h,h336,2026-01-04T23:00:00,2026-01-18T23:00:00,2026-02-15T23:00:00,,,42.0
2026-02-14 14:00:00,36.3,40.8,1.0,"Divine healer's Church, Bethlehem",tabular,seasonal_naive_336h,h336,2026-01-04T23:00:00,2026-01-18T23:00:00,2026-02-15T23:00:00,,,42.0
2026-02-14 15:00:00,30.0,67.0,1.0,"Divine healer's Church, Bethlehem",tabular,seasonal_naive_336h,h336,2026-01-04T23:00:00,2026-01-18T23:00:00,2026-02-15T23:00:00,,,42.0
2026-02-14 16:00:00,37.0,74.3,1.0,"Divine healer's Church, Bethlehem",tabular,seasonal_naive_336h,h336,2026-01-04T23:00:00,2026-01-18T23:00:00,2026-02-15T23:00:00,,,42.0
2026-02-14 17:00:00,39.1,61.4,1.0,"Divine healer's Church, Bethlehem",tabular,seasonal_naive_336h,h336,2026-01-04T23:00:00,2026-01-18T23:00:00,2026-02-15T23:00:00,,,42.0
2026-02-14 18:00:00,48.4,56.9,1.0,"Divine healer's Church, Bethlehem",tabular,seasonal_naive_336h,h336,2026-01-04T23:00:00,2026-01-18T23:00:00,2026-02-15T23:00:00,,,42.0
2026-02-14 19:00:00,74.6,68.5,1.0,"Divine healer's Church, Bethlehem",tabular,seasonal_naive_336h,h336,2026-01-04T23:00:00,2026-01-18T23:00:00,2026-02-15T23:00:00,,,42.0
2026-02-14 20:00:00,119.0,123.8,1.0,"Divine healer's Church, Bethlehem",tabular,seasonal_naive_336h,h336,2026-01-04T23:00:00,2026-01-18T23:00:00,2026-02-15T23:00:00,,,42.0
2026-02-14 21:00:00,105.0,52.9,1.0,"Divine healer's Church, Bethlehem",tabular,seasonal_naive_336h,h336,2026-01-04T23:00:00,2026-01-18T23:00:00,2026-02-15T23:00:00,,,42.0
2026-02-14 22:00:00,81.1,55.6,1.0,"Divine healer's Church, Bethlehem",tabular,seasonal_naive_336h,h336,2026-01-04T23:00:00,2026-01-18T23:00:00,2026-02-15T23:00:00,,,42.0
2026-02-14 23:00:00,48.3,56.4,1.0,"Divine healer's Church, Bethlehem",tabular,seasonal_naive_336h,h336,2026-01-04T23:00:00,2026-01-18T23:00:00,2026-02-15T23:00:00,,,42.0
2026-02-15 00:00:00,44.0,51.8,1.0,"Divine healer's Church, Bethlehem",tabular,seasonal_naive_336h,h336,2026-01-04T23:00:00,2026-01-18T23:00:00,2026-02-15T23:00:00,,,42.0
2026-02-15 01:00:00,43.7,54.4,1.0,"Divine healer's Church, Bethlehem",tabular,seasonal_naive_336h,h336,2026-01-04T23:00:00,2026-01-18T23:00:00,2026-02-15T23:00:00,,,42.0
2026-02-15 02:00:00,61.3,47.5,1.0,"Divine healer's Church, Bethlehem",tabular,seasonal_naive_336h,h336,2026-01-04T23:00:00,2026-01-18T23:00:00,2026-02-15T23:00:00,,,42.0
2026-02-15 03:00:00,50.2,45.1,1.0,"Divine healer's Church, Bethlehem",tabular,seasonal_naive_336h,h336,2026-01-04T23:00:00,2026-01-18T23:00:00,2026-02-15T23:00:00,,,42.0
2026-02-15 04:00:00,53.1,44.0,1.0,"Divine healer's Church, Bethlehem",tabular,seasonal_naive_336h,h336,2026-01-04T23:00:00,2026-01-18T23:00:00,2026-02-15T23:00:00,,,42.0
2026-02-15 05:00:00,59.9,55.2,1.0,"Divine healer's Church, Bethlehem",tabular,seasonal_naive_336h,h336,2026-01-04T23:00:00,2026-01-18T23:00:00,2026-02-15T23:00:00,,,42.0
2026-02-15 06:00:00,93.8,55.8,1.0,"Divine healer's Church, Bethlehem",tabular,seasonal_naive_336h,h336,2026-01-04T23:00:00,2026-01-18T23:00:00,2026-02-15T23:00:00,,,42.0
2026-02-15 07:00:00,56.7,49.3,1.0,"Divine healer's Church, Bethlehem",tabular,seasonal_naive_336h,h336,2026-01-04T23:00:00,2026-01-18T23:00:00,2026-02-15T23:00:00,,,42.0
2026-02-15 08:00:00,37.5,54.8,1.0,"Divine healer's Church, Bethlehem",tabular,seasonal_naive_336h,h336,2026-01-04T23:00:00,2026-01-18T23:00:00,2026-02-15T23:00:00,,,42.0
2026-02-15 09:00:00,208.1,61.3,1.0,"Divine healer's Church, Bethlehem",tabular,seasonal_naive_336h,h336,2026-01-04T23:00:00,2026-01-18T23:00:00,2026-02-15T23:00:00,,,42.0
2026-02-15 10:00:00,90.9,56.8,1.0,"Divine healer's Church, Bethlehem",tabular,seasonal_naive_336h,h336,2026-01-04T23:00:00,2026-01-18T23:00:00,2026-02-15T23:00:00,,,42.0
2026-02-15 11:00:00,63.4,74.5,1.0,"Divine healer's Church, Bethlehem",tabular,seasonal_naive_336h,h336,2026-01-04T23:00:00,2026-01-18T23:00:00,2026-02-15T23:00:00,,,42.0
2026-02-15 12:00:00,33.7,47.1,1.0,"Divine healer's Church, Bethlehem",tabular,seasonal_naive_336h,h336,2026-01-04T23:00:00,2026-01-18T23:00:00,2026-02-15T23:00:00,,,42.0
2026-02-15 13:00:00,10.4,44.0,1.0,"Divine healer's Church, Bethlehem",tabular,seasonal_naive_336h,h336,2026-01-04T23:00:00,2026-01-18T23:00:00,2026-02-15T23:00:00,,,42.0
2026-02-15 14:00:00,12.0,39.5,1.0,"Divine healer's Church, Bethlehem",tabular,seasonal_naive_336h,h336,2026-01-04T23:00:00,2026-01-18T23:00:00,2026-02-15T23:00:00,,,42.0
2026-02-15 15:00:00,6.4,44.3,1.0,"Divine healer's Church, Bethlehem",tabular,seasonal_naive_336h,h336,2026-01-04T23:00:00,2026-01-18T23:00:00,2026-02-15T23:00:00,,,42.0
2026-02-15 16:00:00,15.3,45.5,1.0,"Divine healer's Church, Bethlehem",tabular,seasonal_naive_336h,h336,2026-01-04T23:00:00,2026-01-18T23:00:00,2026-02-15T23:00:00,,,42.0
2026-02-15 17:00:00,42.6,59.4,1.0,"Divine healer's Church, Bethlehem",tabular,seasonal_naive_336h,h336,2026-01-04T23:00:00,2026-01-18T23:00:00,2026-02-15T23:00:00,,,42.0
2026-02-15 18:00:00,31.6,49.3,1.0,"Divine healer's Church, Bethlehem",tabular,seasonal_naive_336h,h336,2026-01-04T23:00:00,2026-01-18T23:00:00,2026-02-15T23:00:00,,,42.0
2026-02-15 19:00:00,35.1,58.4,1.0,"Divine healer's Church, Bethlehem",tabular,seasonal_naive_336h,h336,2026-01-04T23:00:00,2026-01-18T23:00:00,2026-02-15T23:00:00,,,42.0
2026-02-15 20:00:00,58.3,51.7,1.0,"Divine healer's Church, Bethlehem",tabular,seasonal_naive_336h,h336,2026-01-04T23:00:00,2026-01-18T23:00:00,2026-02-15T23:00:00,,,42.0
2026-02-15 21:00:00,121.3,50.1,1.0,"Divine healer's Church, Bethlehem",tabular,seasonal_naive_336h,h336,2026-01-04T23:00:00,2026-01-18T23:00:00,2026-02-15T23:00:00,,,42.0
2026-02-15 22:00:00,81.9,65.6,1.0,"Divine healer's Church, Bethlehem",tabular,seasonal_naive_336h,h336,2026-01-04T23:00:00,2026-01-18T23:00:00,2026-02-15T23:00:00,,,42.0
2026-02-15 23:00:00,67.9,65.0,1.0,"Divine healer's Church, Bethlehem",tabular,seasonal_naive_336h,h336,2026-01-04T23:00:00,2026-01-18T23:00:00,2026-02-15T23:00:00,,,42.0
2026-01-18 23:00:00,42.0,27.9,1.0,"Satet International School, Tema Manhean",tabular,seasonal_naive_336h,h336,2026-01-04T23:00:00,2026-01-18T23:00:00,2026-02-15T23:00:00,,,42.0
2026-01-19 00:00:00,41.4,28.1,1.0,"Satet International School, Tema Manhean",tabular,seasonal_naive_336h,h336,2026-01-04T23:00:00,2026-01-18T23:00:00,2026-02-15T23:00:00,,,42.0
2026-01-19 01:00:00,54.9,38.9,1.0,"Satet International School, Tema Manhean",tabular,seasonal_naive_336h,h336,2026-01-04T23:00:00,2026-01-18T23:00:00,2026-02-15T23:00:00,,,42.0
2026-01-19 02:00:00,61.0,39.1,1.0,"Satet International School, Tema Manhean",tabular,seasonal_naive_336h,h336,2026-01-04T23:00:00,2026-01-18T23:00:00,2026-02-15T23:00:00,,,42.0
2026-01-19 03:00:00,61.8,73.6,1.0,"Satet International School, Tema Manhean",tabular,seasonal_naive_336h,h336,2026-01-04T23:00:00,2026-01-18T23:00:00,2026-02-15T23:00:00,,,42.0
2026-01-19 04:00:00,131.8,81.5,1.0,"Satet International School, Tema Manhean",tabular,seasonal_naive_336h,h336,2026-01-04T23:00:00,2026-01-18T23:00:00,2026-02-15T23:00:00,,,42.0
2026-01-19 05:00:00,118.10000000000001,128.2,1.0,"Satet International School, Tema Manhean",tabular,seasonal_naive_336h,h336,2026-01-04T23:00:00,2026-01-18T23:00:00,2026-02-15T23:00:00,,,42.0
2026-01-19 06:00:00,104.4,152.9,1.0,"Satet International School, Tema Manhean",tabular,seasonal_naive_336h,h336,2026-01-04T23:00:00,2026-01-18T23:00:00,2026-02-15T23:00:00,,,42.0
2026-01-19 07:00:00,57.1,63.1,1.0,"Satet International School, Tema Manhean",tabular,seasonal_naive_336h,h336,2026-01-04T23:00:00,2026-01-18T23:00:00,2026-02-15T23:00:00,,,42.0
2026-01-19 08:00:00,45.3,42.4,1.0,"Satet International School, Tema Manhean",tabular,seasonal_naive_336h,h336,2026-01-04T23:00:00,2026-01-18T23:00:00,2026-02-15T23:00:00,,,42.0
2026-01-19 09:00:00,49.0,39.0,1.0,"Satet International School, Tema Manhean",tabular,seasonal_naive_336h,h336,2026-01-04T23:00:00,2026-01-18T23:00:00,2026-02-15T23:00:00,,,42.0
2026-01-19 10:00:00,42.6,36.3,1.0,"Satet International School, Tema Manhean",tabular,seasonal_naive_336h,h336,2026-01-04T23:00:00,2026-01-18T23:00:00,2026-02-15T23:00:00,,,42.0
2026-01-19 11:00:00,35.7,30.8,1.0,"Satet International School, Tema Manhean",tabular,seasonal_naive_336h,h336,2026-01-04T23:00:00,2026-01-18T23:00:00,2026-02-15T23:00:00,,,42.0
2026-01-19 12:00:00,37.4,26.8,1.0,"Satet International School, Tema Manhean",tabular,seasonal_naive_336h,h336,2026-01-04T23:00:00,2026-01-18T23:00:00,2026-02-15T23:00:00,,,42.0
2026-01-19 13:00:00,36.8,28.0,1.0,"Satet International School, Tema Manhean",tabular,seasonal_naive_336h,h336,2026-01-04T23:00:00,2026-01-18T23:00:00,2026-02-15T23:00:00,,,42.0
2026-01-19 14:00:00,36.8,26.6,1.0,"Satet International School, Tema Manhean",tabular,seasonal_naive_336h,h336,2026-01-04T23:00:00,2026-01-18T23:00:00,2026-02-15T23:00:00,,,42.0
2026-01-19 15:00:00,39.6,33.0,1.0,"Satet International School, Tema Manhean",tabular,seasonal_naive_336h,h336,2026-01-04T23:00:00,2026-01-18T23:00:00,2026-02-15T23:00:00,,,42.0
2026-01-19 16:00:00,40.6,49.4,1.0,"Satet International School, Tema Manhean",tabular,seasonal_naive_336h,h336,2026-01-04T23:00:00,2026-01-18T23:00:00,2026-02-15T23:00:00,,,42.0
2026-01-19 17:00:00,41.6,42.4,1.0,"Satet International School, Tema Manhean",tabular,seasonal_naive_336h,h336,2026-01-04T23:00:00,2026-01-18T23:00:00,2026-02-15T23:00:00,,,42.0
2026-01-19 18:00:00,42.0,37.1,1.0,"Satet International School, Tema Manhean",tabular,seasonal_naive_336h,h336,2026-01-04T23:00:00,2026-01-18T23:00:00,2026-02-15T23:00:00,,,42.0
2026-01-19 19:00:00,38.6,36.5,1.0,"Satet International School, Tema Manhean",tabular,seasonal_naive_336h,h336,2026-01-04T23:00:00,2026-01-18T23:00:00,2026-02-15T23:00:00,,,42.0
2026-01-19 20:00:00,40.1,50.8,1.0,"Satet International School, Tema Manhean",tabular,seasonal_naive_336h,h336,2026-01-04T23:00:00,2026-01-18T23:00:00,2026-02-15T23:00:00,,,42.0
2026-01-19 21:00:00,35.1,44.3,1.0,"Satet International School, Tema Manhean",tabular,seasonal_naive_336h,h336,2026-01-04T23:00:00,2026-01-18T23:00:00,2026-02-15T23:00:00,,,42.0
2026-01-19 22:00:00,38.2,81.1,1.0,"Satet International School, Tema Manhean",tabular,seasonal_naive_336h,h336,2026-01-04T23:00:00,2026-01-18T23:00:00,2026-02-15T23:00:00,,,42.0
2026-01-19 23:00:00,39.6,54.5,1.0,"Satet International School, Tema Manhean",tabular,seasonal_naive_336h,h336,2026-01-04T23:00:00,2026-01-18T23:00:00,2026-02-15T23:00:00,,,42.0
2026-01-20 00:00:00,31.8,84.4,1.0,"Satet International School, Tema Manhean",tabular,seasonal_naive_336h,h336,2026-01-04T23:00:00,2026-01-18T23:00:00,2026-02-15T23:00:00,,,42.0
2026-01-20 01:00:00,30.3,73.7,1.0,"Satet International School, Tema Manhean",tabular,seasonal_naive_336h,h336,2026-01-04T23:00:00,2026-01-18T23:00:00,2026-02-15T23:00:00,,,42.0
2026-01-20 02:00:00,30.6,67.6,1.0,"Satet International School, Tema Manhean",tabular,seasonal_naive_336h,h336,2026-01-04T23:00:00,2026-01-18T23:00:00,2026-02-15T23:00:00,,,42.0
2026-01-20 03:00:00,32.5,103.6,1.0,"Satet International School, Tema Manhean",tabular,seasonal_naive_336h,h336,2026-01-04T23:00:00,2026-01-18T23:00:00,2026-02-15T23:00:00,,,42.0
2026-01-20 04:00:00,43.3,77.8,1.0,"Satet International School, Tema Manhean",tabular,seasonal_naive_336h,h336,2026-01-04T23:00:00,2026-01-18T23:00:00,2026-02-15T23:00:00,,,42.0
2026-01-20 05:00:00,45.1,71.8,1.0,"Satet International School, Tema Manhean",tabular,seasonal_naive_336h,h336,2026-01-04T23:00:00,2026-01-18T23:00:00,2026-02-15T23:00:00,,,42.0
2026-01-20 06:00:00,46.6,111.8,1.0,"Satet International School, Tema Manhean",tabular,seasonal_naive_336h,h336,2026-01-04T23:00:00,2026-01-18T23:00:00,2026-02-15T23:00:00,,,42.0
2026-01-20 07:00:00,52.2,66.8,1.0,"Satet International School, Tema Manhean",tabular,seasonal_naive_336h,h336,2026-01-04T23:00:00,2026-01-18T23:00:00,2026-02-15T23:00:00,,,42.0
2026-01-20 08:00:00,38.6,42.4,1.0,"Satet International School, Tema Manhean",tabular,seasonal_naive_336h,h336,2026-01-04T23:00:00,2026-01-18T23:00:00,2026-02-15T23:00:00,,,42.0
2026-01-20 09:00:00,38.4,34.5,1.0,"Satet International School, Tema Manhean",tabular,seasonal_naive_336h,h336,2026-01-04T23:00:00,2026-01-18T23:00:00,2026-02-15T23:00:00,,,42.0
2026-01-20 10:00:00,38.4,29.1,1.0,"Satet International School, Tema Manhean",tabular,seasonal_naive_336h,h336,2026-01-04T23:00:00,2026-01-18T23:00:00,2026-02-15T23:00:00,,,42.0
2026-01-20 11:00:00,37.2,31.3,1.0,"Satet International School, Tema Manhean",tabular,seasonal_naive_336h,h336,2026-01-04T23:00:00,2026-01-18T23:00:00,2026-02-15T23:00:00,,,42.0
2026-01-20 12:00:00,34.0,24.5,1.0,"Satet International School, Tema Manhean",tabular,seasonal_naive_336h,h336,2026-01-04T23:00:00,2026-01-18T23:00:00,2026-02-15T23:00:00,,,42.0
2026-01-20 13:00:00,30.8,22.9,1.0,"Satet International School, Tema Manhean",tabular,seasonal_naive_336h,h336,2026-01-04T23:00:00,2026-01-18T23:00:00,2026-02-15T23:00:00,,,42.0
2026-01-20 14:00:00,30.3,24.0,1.0,"Satet International School, Tema Manhean",tabular,seasonal_naive_336h,h336,2026-01-04T23:00:00,2026-01-18T23:00:00,2026-02-15T23:00:00,,,42.0
2026-01-20 15:00:00,31.3,26.2,1.0,"Satet International School, Tema Manhean",tabular,seasonal_naive_336h,h336,2026-01-04T23:00:00,2026-01-18T23:00:00,2026-02-15T23:00:00,,,42.0
2026-01-20 16:00:00,35.7,28.0,1.0,"Satet International School, Tema Manhean",tabular,seasonal_naive_336h,h336,2026-01-04T23:00:00,2026-01-18T23:00:00,2026-02-15T23:00:00,,,42.0
2026-01-20 17:00:00,43.5,28.1,1.0,"Satet International School, Tema Manhean",tabular,seasonal_naive_336h,h336,2026-01-04T23:00:00,2026-01-18T23:00:00,2026-02-15T23:00:00,,,42.0
2026-01-20 18:00:00,38.9,26.6,1.0,"Satet International School, Tema Manhean",tabular,seasonal_naive_336h,h336,2026-01-04T23:00:00,2026-01-18T23:00:00,2026-02-15T23:00:00,,,42.0
2026-01-20 19:00:00,39.0,26.7,1.0,"Satet International School, Tema Manhean",tabular,seasonal_naive_336h,h336,2026-01-04T23:00:00,2026-01-18T23:00:00,2026-02-15T23:00:00,,,42.0
2026-01-20 20:00:00,43.5,27.7,1.0,"Satet International School, Tema Manhean",tabular,seasonal_naive_336h,h336,2026-01-04T23:00:00,2026-01-18T23:00:00,2026-02-15T23:00:00,,,42.0
2026-01-20 21:00:00,37.3,29.5,1.0,"Satet International School, Tema Manhean",tabular,seasonal_naive_336h,h336,2026-01-04T23:00:00,2026-01-18T23:00:00,2026-02-15T23:00:00,,,42.0
2026-01-20 22:00:00,13.2,27.0,1.0,"Satet International School, Tema Manhean",tabular,seasonal_naive_336h,h336,2026-01-04T23:00:00,2026-01-18T23:00:00,2026-02-15T23:00:00,,,42.0
2026-01-20 23:00:00,5.4,28.2,1.0,"Satet International School, Tema Manhean",tabular,seasonal_naive_336h,h336,2026-01-04T23:00:00,2026-01-18T23:00:00,2026-02-15T23:00:00,,,42.0
2026-01-21 00:00:00,9.1,28.2,1.0,"Satet International School, Tema Manhean",tabular,seasonal_naive_336h,h336,2026-01-04T23:00:00,2026-01-18T23:00:00,2026-02-15T23:00:00,,,42.0
2026-01-21 01:00:00,19.3,29.3,1.0,"Satet International School, Tema Manhean",tabular,seasonal_naive_336h,h336,2026-01-04T23:00:00,2026-01-18T23:00:00,2026-02-15T23:00:00,,,42.0
2026-01-21 02:00:00,19.6,58.1,1.0,"Satet International School, Tema Manhean",tabular,seasonal_naive_336h,h336,2026-01-04T23:00:00,2026-01-18T23:00:00,2026-02-15T23:00:00,,,42.0
2026-01-21 03:00:00,48.6,107.7,1.0,"Satet International School, Tema Manhean",tabular,seasonal_naive_336h,h336,2026-01-04T23:00:00,2026-01-18T23:00:00,2026-02-15T23:00:00,,,42.0
2026-01-21 04:00:00,80.0,129.4,1.0,"Satet International School, Tema Manhean",tabular,seasonal_naive_336h,h336,2026-01-04T23:00:00,2026-01-18T23:00:00,2026-02-15T23:00:00,,,42.0
2026-01-21 05:00:00,60.5,186.1,1.0,"Satet International School, Tema Manhean",tabular,seasonal_naive_336h,h336,2026-01-04T23:00:00,2026-01-18T23:00:00,2026-02-15T23:00:00,,,42.0
2026-01-21 06:00:00,101.1,255.9,1.0,"Satet International School, Tema Manhean",tabular,seasonal_naive_336h,h336,2026-01-04T23:00:00,2026-01-18T23:00:00,2026-02-15T23:00:00,,,42.0
2026-01-21 07:00:00,71.1,51.9,1.0,"Satet International School, Tema Manhean",tabular,seasonal_naive_336h,h336,2026-01-04T23:00:00,2026-01-18T23:00:00,2026-02-15T23:00:00,,,42.0
2026-01-21 08:00:00,51.8,42.9,1.0,"Satet International School, Tema Manhean",tabular,seasonal_naive_336h,h336,2026-01-04T23:00:00,2026-01-18T23:00:00,2026-02-15T23:00:00,,,42.0
2026-01-21 09:00:00,35.3,24.8,1.0,"Satet International School, Tema Manhean",tabular,seasonal_naive_336h,h336,2026-01-04T23:00:00,2026-01-18T23:00:00,2026-02-15T23:00:00,,,42.0
2026-01-21 10:00:00,36.6,26.5,1.0,"Satet International School, Tema Manhean",tabular,seasonal_naive_336h,h336,2026-01-04T23:00:00,2026-01-18T23:00:00,2026-02-15T23:00:00,,,42.0
2026-01-21 11:00:00,36.0,24.8,1.0,"Satet International School, Tema Manhean",tabular,seasonal_naive_336h,h336,2026-01-04T23:00:00,2026-01-18T23:00:00,2026-02-15T23:00:00,,,42.0
2026-01-21 12:00:00,36.1,21.3,1.0,"Satet International School, Tema Manhean",tabular,seasonal_naive_336h,h336,2026-01-04T23:00:00,2026-01-18T23:00:00,2026-02-15T23:00:00,,,42.0
2026-01-21 13:00:00,30.8,24.2,1.0,"Satet International School, Tema Manhean",tabular,seasonal_naive_336h,h336,2026-01-04T23:00:00,2026-01-18T23:00:00,2026-02-15T23:00:00,,,42.0
2026-01-21 14:00:00,31.0,27.2,1.0,"Satet International School, Tema Manhean",tabular,seasonal_naive_336h,h336,2026-01-04T23:00:00,2026-01-18T23:00:00,2026-02-15T23:00:00,,,42.0
2026-01-21 15:00:00,30.3,26.3,1.0,"Satet International School, Tema Manhean",tabular,seasonal_naive_336h,h336,2026-01-04T23:00:00,2026-01-18T23:00:00,2026-02-15T23:00:00,,,42.0
2026-01-21 16:00:00,32.6,23.8,1.0,"Satet International School, Tema Manhean",tabular,seasonal_naive_336h,h336,2026-01-04T23:00:00,2026-01-18T23:00:00,2026-02-15T23:00:00,,,42.0
2026-01-21 17:00:00,36.0,33.0,1.0,"Satet International School, Tema Manhean",tabular,seasonal_naive_336h,h336,2026-01-04T23:00:00,2026-01-18T23:00:00,2026-02-15T23:00:00,,,42.0
2026-01-21 18:00:00,46.2,34.8,1.0,"Satet International School, Tema Manhean",tabular,seasonal_naive_336h,h336,2026-01-04T23:00:00,2026-01-18T23:00:00,2026-02-15T23:00:00,,,42.0
2026-01-21 19:00:00,37.1,30.2,1.0,"Satet International School, Tema Manhean",tabular,seasonal_naive_336h,h336,2026-01-04T23:00:00,2026-01-18T23:00:00,2026-02-15T23:00:00,,,42.0
2026-01-21 20:00:00,33.2,26.3,1.0,"Satet International School, Tema Manhean",tabular,seasonal_naive_336h,h336,2026-01-04T23:00:00,2026-01-18T23:00:00,2026-02-15T23:00:00,,,42.0
2026-01-21 21:00:00,31.4,25.2,1.0,"Satet International School, Tema Manhean",tabular,seasonal_naive_336h,h336,2026-01-04T23:00:00,2026-01-18T23:00:00,2026-02-15T23:00:00,,,42.0
2026-01-21 22:00:00,50.3,28.3,1.0,"Satet International School, Tema Manhean",tabular,seasonal_naive_336h,h336,2026-01-04T23:00:00,2026-01-18T23:00:00,2026-02-15T23:00:00,,,42.0
2026-01-21 23:00:00,42.9,26.0,1.0,"Satet International School, Tema Manhean",tabular,seasonal_naive_336h,h336,2026-01-04T23:00:00,2026-01-18T23:00:00,2026-02-15T23:00:00,,,42.0
2026-01-22 00:00:00,31.8,40.9,1.0,"Satet International School, Tema Manhean",tabular,seasonal_naive_336h,h336,2026-01-04T23:00:00,2026-01-18T23:00:00,2026-02-15T23:00:00,,,42.0
2026-01-22 01:00:00,30.7,25.7,1.0,"Satet International School, Tema Manhean",tabular,seasonal_naive_336h,h336,2026-01-04T23:00:00,2026-01-18T23:00:00,2026-02-15T23:00:00,,,42.0
2026-01-22 02:00:00,30.7,26.8,1.0,"Satet International School, Tema Manhean",tabular,seasonal_naive_336h,h336,2026-01-04T23:00:00,2026-01-18T23:00:00,2026-02-15T23:00:00,,,42.0
2026-01-22 03:00:00,33.3,40.1,1.0,"Satet International School, Tema Manhean",tabular,seasonal_naive_336h,h336,2026-01-04T23:00:00,2026-01-18T23:00:00,2026-02-15T23:00:00,,,42.0
2026-01-22 04:00:00,37.3,39.9,1.0,"Satet International School, Tema Manhean",tabular,seasonal_naive_336h,h336,2026-01-04T23:00:00,2026-01-18T23:00:00,2026-02-15T23:00:00,,,42.0
2026-01-22 05:00:00,69.6,51.9,1.0,"Satet International School, Tema Manhean",tabular,seasonal_naive_336h,h336,2026-01-04T23:00:00,2026-01-18T23:00:00,2026-02-15T23:00:00,,,42.0
2026-01-22 06:00:00,68.6,69.0,1.0,"Satet International School, Tema Manhean",tabular,seasonal_naive_336h,h336,2026-01-04T23:00:00,2026-01-18T23:00:00,2026-02-15T23:00:00,,,42.0
2026-01-22 07:00:00,54.0,55.8,1.0,"Satet International School, Tema Manhean",tabular,seasonal_naive_336h,h336,2026-01-04T23:00:00,2026-01-18T23:00:00,2026-02-15T23:00:00,,,42.0
2026-01-22 08:00:00,44.4,33.4,1.0,"Satet International School, Tema Manhean",tabular,seasonal_naive_336h,h336,2026-01-04T23:00:00,2026-01-18T23:00:00,2026-02-15T23:00:00,,,42.0
2026-01-22 09:00:00,36.5,31.1,1.0,"Satet International School, Tema Manhean",tabular,seasonal_naive_336h,h336,2026-01-04T23:00:00,2026-01-18T23:00:00,2026-02-15T23:00:00,,,42.0
2026-01-22 10:00:00,39.1,32.4,1.0,"Satet International School, Tema Manhean",tabular,seasonal_naive_336h,h336,2026-01-04T23:00:00,2026-01-18T23:00:00,2026-02-15T23:00:00,,,42.0
2026-01-22 11:00:00,41.6,26.6,1.0,"Satet International School, Tema Manhean",tabular,seasonal_naive_336h,h336,2026-01-04T23:00:00,2026-01-18T23:00:00,2026-02-15T23:00:00,,,42.0
2026-01-22 12:00:00,41.8,32.3,1.0,"Satet International School, Tema Manhean",tabular,seasonal_naive_336h,h336,2026-01-04T23:00:00,2026-01-18T23:00:00,2026-02-15T23:00:00,,,42.0
2026-01-22 13:00:00,39.8,23.0,1.0,"Satet International School, Tema Manhean",tabular,seasonal_naive_336h,h336,2026-01-04T23:00:00,2026-01-18T23:00:00,2026-02-15T23:00:00,,,42.0
2026-01-22 14:00:00,35.8,27.9,1.0,"Satet International School, Tema Manhean",tabular,seasonal_naive_336h,h336,2026-01-04T23:00:00,2026-01-18T23:00:00,2026-02-15T23:00:00,,,42.0
2026-01-22 15:00:00,32.1,29.5,1.0,"Satet International School, Tema Manhean",tabular,seasonal_naive_336h,h336,2026-01-04T23:00:00,2026-01-18T23:00:00,2026-02-15T23:00:00,,,42.0
2026-01-22 16:00:00,37.3,33.0,1.0,"Satet International School, Tema Manhean",tabular,seasonal_naive_336h,h336,2026-01-04T23:00:00,2026-01-18T23:00:00,2026-02-15T23:00:00,,,42.0
2026-01-22 17:00:00,44.9,32.3,1.0,"Satet International School, Tema Manhean",tabular,seasonal_naive_336h,h336,2026-01-04T23:00:00,2026-01-18T23:00:00,2026-02-15T23:00:00,,,42.0
2026-01-22 18:00:00,38.8,27.3,1.0,"Satet International School, Tema Manhean",tabular,seasonal_naive_336h,h336,2026-01-04T23:00:00,2026-01-18T23:00:00,2026-02-15T23:00:00,,,42.0
2026-01-22 19:00:00,47.9,23.8,1.0,"Satet International School, Tema Manhean",tabular,seasonal_naive_336h,h336,2026-01-04T23:00:00,2026-01-18T23:00:00,2026-02-15T23:00:00,,,42.0
2026-01-22 20:00:00,43.4,24.7,1.0,"Satet International School, Tema Manhean",tabular,seasonal_naive_336h,h336,2026-01-04T23:00:00,2026-01-18T23:00:00,2026-02-15T23:00:00,,,42.0
2026-01-22 21:00:00,36.9,24.1,1.0,"Satet International School, Tema Manhean",tabular,seasonal_naive_336h,h336,2026-01-04T23:00:00,2026-01-18T23:00:00,2026-02-15T23:00:00,,,42.0
2026-01-22 22:00:00,33.7,21.4,1.0,"Satet International School, Tema Manhean",tabular,seasonal_naive_336h,h336,2026-01-04T23:00:00,2026-01-18T23:00:00,2026-02-15T23:00:00,,,42.0
2026-01-22 23:00:00,35.0,22.1,1.0,"Satet International School, Tema Manhean",tabular,seasonal_naive_336h,h336,2026-01-04T23:00:00,2026-01-18T23:00:00,2026-02-15T23:00:00,,,42.0
2026-01-23 00:00:00,36.6,20.4,1.0,"Satet International School, Tema Manhean",tabular,seasonal_naive_336h,h336,2026-01-04T23:00:00,2026-01-18T23:00:00,2026-02-15T23:00:00,,,42.0
2026-01-23 01:00:00,36.3,21.8,1.0,"Satet International School, Tema Manhean",tabular,seasonal_naive_336h,h336,2026-01-04T23:00:00,2026-01-18T23:00:00,2026-02-15T23:00:00,,,42.0
2026-01-23 02:00:00,43.5,27.2,1.0,"Satet International School, Tema Manhean",tabular,seasonal_naive_336h,h336,2026-01-04T23:00:00,2026-01-18T23:00:00,2026-02-15T23:00:00,,,42.0
2026-01-23 03:00:00,49.2,57.7,1.0,"Satet International School, Tema Manhean",tabular,seasonal_naive_336h,h336,2026-01-04T23:00:00,2026-01-18T23:00:00,2026-02-15T23:00:00,,,42.0
2026-01-23 04:00:00,80.4,83.5,1.0,"Satet International School, Tema Manhean",tabular,seasonal_naive_336h,h336,2026-01-04T23:00:00,2026-01-18T23:00:00,2026-02-15T23:00:00,,,42.0
2026-01-23 05:00:00,96.8,72.2,1.0,"Satet International School, Tema Manhean",tabular,seasonal_naive_336h,h336,2026-01-04T23:00:00,2026-01-18T23:00:00,2026-02-15T23:00:00,,,42.0
2026-01-23 06:00:00,72.8,96.8,1.0,"Satet International School, Tema Manhean",tabular,seasonal_naive_336h,h336,2026-01-04T23:00:00,2026-01-18T23:00:00,2026-02-15T23:00:00,,,42.0
2026-01-23 07:00:00,94.5,51.8,1.0,"Satet International School, Tema Manhean",tabular,seasonal_naive_336h,h336,2026-01-04T23:00:00,2026-01-18T23:00:00,2026-02-15T23:00:00,,,42.0
2026-01-23 08:00:00,43.9,43.8,1.0,"Satet International School, Tema Manhean",tabular,seasonal_naive_336h,h336,2026-01-04T23:00:00,2026-01-18T23:00:00,2026-02-15T23:00:00,,,42.0
2026-01-23 09:00:00,40.7,44.2,1.0,"Satet International School, Tema Manhean",tabular,seasonal_naive_336h,h336,2026-01-04T23:00:00,2026-01-18T23:00:00,2026-02-15T23:00:00,,,42.0
2026-01-23 10:00:00,44.0,48.3,1.0,"Satet International School, Tema Manhean",tabular,seasonal_naive_336h,h336,2026-01-04T23:00:00,2026-01-18T23:00:00,2026-02-15T23:00:00,,,42.0
2026-01-23 11:00:00,32.4,31.4,1.0,"Satet International School, Tema Manhean",tabular,seasonal_naive_336h,h336,2026-01-04T23:00:00,2026-01-18T23:00:00,2026-02-15T23:00:00,,,42.0
2026-01-23 12:00:00,28.7,33.3,1.0,"Satet International School, Tema Manhean",tabular,seasonal_naive_336h,h336,2026-01-04T23:00:00,2026-01-18T23:00:00,2026-02-15T23:00:00,,,42.0
2026-01-23 13:00:00,28.2,47.9,1.0,"Satet International School, Tema Manhean",tabular,seasonal_naive_336h,h336,2026-01-04T23:00:00,2026-01-18T23:00:00,2026-02-15T23:00:00,,,42.0
2026-01-23 14:00:00,25.6,27.8,1.0,"Satet International School, Tema Manhean",tabular,seasonal_naive_336h,h336,2026-01-04T23:00:00,2026-01-18T23:00:00,2026-02-15T23:00:00,,,42.0
2026-01-23 15:00:00,28.9,31.3,1.0,"Satet International School, Tema Manhean",tabular,seasonal_naive_336h,h336,2026-01-04T23:00:00,2026-01-18T23:00:00,2026-02-15T23:00:00,,,42.0
2026-01-23 16:00:00,29.7,26.7,1.0,"Satet International School, Tema Manhean",tabular,seasonal_naive_336h,h336,2026-01-04T23:00:00,2026-01-18T23:00:00,2026-02-15T23:00:00,,,42.0
2026-01-23 17:00:00,36.3,28.0,1.0,"Satet International School, Tema Manhean",tabular,seasonal_naive_336h,h336,2026-01-04T23:00:00,2026-01-18T23:00:00,2026-02-15T23:00:00,,,42.0
2026-01-23 18:00:00,30.1,30.4,1.0,"Satet International School, Tema Manhean",tabular,seasonal_naive_336h,h336,2026-01-04T23:00:00,2026-01-18T23:00:00,2026-02-15T23:00:00,,,42.0
2026-01-23 19:00:00,34.2,35.9,1.0,"Satet International School, Tema Manhean",tabular,seasonal_naive_336h,h336,2026-01-04T23:00:00,2026-01-18T23:00:00,2026-02-15T23:00:00,,,42.0
2026-01-23 20:00:00,36.2,37.2,1.0,"Satet International School, Tema Manhean",tabular,seasonal_naive_336h,h336,2026-01-04T23:00:00,2026-01-18T23:00:00,2026-02-15T23:00:00,,,42.0
2026-01-23 21:00:00,35.2,30.4,1.0,"Satet International School, Tema Manhean",tabular,seasonal_naive_336h,h336,2026-01-04T23:00:00,2026-01-18T23:00:00,2026-02-15T23:00:00,,,42.0
2026-01-23 22:00:00,35.7,26.0,1.0,"Satet International School, Tema Manhean",tabular,seasonal_naive_336h,h336,2026-01-04T23:00:00,2026-01-18T23:00:00,2026-02-15T23:00:00,,,42.0
2026-01-23 23:00:00,39.0,23.2,1.0,"Satet International School, Tema Manhean",tabular,seasonal_naive_336h,h336,2026-01-04T23:00:00,2026-01-18T23:00:00,2026-02-15T23:00:00,,,42.0
2026-01-24 00:00:00,36.9,27.6,1.0,"Satet International School, Tema Manhean",tabular,seasonal_naive_336h,h336,2026-01-04T23:00:00,2026-01-18T23:00:00,2026-02-15T23:00:00,,,42.0
2026-01-24 01:00:00,75.7,23.0,1.0,"Satet International School, Tema Manhean",tabular,seasonal_naive_336h,h336,2026-01-04T23:00:00,2026-01-18T23:00:00,2026-02-15T23:00:00,,,42.0
2026-01-24 02:00:00,124.7,29.0,1.0,"Satet International School, Tema Manhean",tabular,seasonal_naive_336h,h336,2026-01-04T23:00:00,2026-01-18T23:00:00,2026-02-15T23:00:00,,,42.0
2026-01-24 03:00:00,216.5,41.6,1.0,"Satet International School, Tema Manhean",tabular,seasonal_naive_336h,h336,2026-01-04T23:00:00,2026-01-18T23:00:00,2026-02-15T23:00:00,,,42.0
2026-01-24 04:00:00,124.0,59.5,1.0,"Satet International School, Tema Manhean",tabular,seasonal_naive_336h,h336,2026-01-04T23:00:00,2026-01-18T23:00:00,2026-02-15T23:00:00,,,42.0
2026-01-24 05:00:00,54.5,110.6,1.0,"Satet International School, Tema Manhean",tabular,seasonal_naive_336h,h336,2026-01-04T23:00:00,2026-01-18T23:00:00,2026-02-15T23:00:00,,,42.0
2026-01-24 06:00:00,103.2,101.1,1.0,"Satet International School, Tema Manhean",tabular,seasonal_naive_336h,h336,2026-01-04T23:00:00,2026-01-18T23:00:00,2026-02-15T23:00:00,,,42.0
2026-01-24 07:00:00,58.6,84.9,1.0,"Satet International School, Tema Manhean",tabular,seasonal_naive_336h,h336,2026-01-04T23:00:00,2026-01-18T23:00:00,2026-02-15T23:00:00,,,42.0
2026-01-24 08:00:00,51.0,43.2,1.0,"Satet International School, Tema Manhean",tabular,seasonal_naive_336h,h336,2026-01-04T23:00:00,2026-01-18T23:00:00,2026-02-15T23:00:00,,,42.0
2026-01-24 09:00:00,43.9,32.5,1.0,"Satet International School, Tema Manhean",tabular,seasonal_naive_336h,h336,2026-01-04T23:00:00,2026-01-18T23:00:00,2026-02-15T23:00:00,,,42.0
2026-01-24 10:00:00,60.3,31.5,1.0,"Satet International School, Tema Manhean",tabular,seasonal_naive_336h,h336,2026-01-04T23:00:00,2026-01-18T23:00:00,2026-02-15T23:00:00,,,42.0
2026-01-24 11:00:00,73.3,28.8,1.0,"Satet International School, Tema Manhean",tabular,seasonal_naive_336h,h336,2026-01-04T23:00:00,2026-01-18T23:00:00,2026-02-15T23:00:00,,,42.0
2026-01-24 12:00:00,32.9,25.1,1.0,"Satet International School, Tema Manhean",tabular,seasonal_naive_336h,h336,2026-01-04T23:00:00,2026-01-18T23:00:00,2026-02-15T23:00:00,,,42.0
2026-01-24 13:00:00,30.7,18.0,1.0,"Satet International School, Tema Manhean",tabular,seasonal_naive_336h,h336,2026-01-04T23:00:00,2026-01-18T23:00:00,2026-02-15T23:00:00,,,42.0
2026-01-24 14:00:00,28.1,14.5,1.0,"Satet International School, Tema Manhean",tabular,seasonal_naive_336h,h336,2026-01-04T23:00:00,2026-01-18T23:00:00,2026-02-15T23:00:00,,,42.0
2026-01-24 15:00:00,36.6,19.0,1.0,"Satet International School, Tema Manhean",tabular,seasonal_naive_336h,h336,2026-01-04T23:00:00,2026-01-18T23:00:00,2026-02-15T23:00:00,,,42.0
2026-01-24 16:00:00,30.6,21.4,1.0,"Satet International School, Tema Manhean",tabular,seasonal_naive_336h,h336,2026-01-04T23:00:00,2026-01-18T23:00:00,2026-02-15T23:00:00,,,42.0
2026-01-24 17:00:00,32.8,27.2,1.0,"Satet International School, Tema Manhean",tabular,seasonal_naive_336h,h336,2026-01-04T23:00:00,2026-01-18T23:00:00,2026-02-15T23:00:00,,,42.0
2026-01-24 18:00:00,38.1,24.1,1.0,"Satet International School, Tema Manhean",tabular,seasonal_naive_336h,h336,2026-01-04T23:00:00,2026-01-18T23:00:00,2026-02-15T23:00:00,,,42.0
2026-01-24 19:00:00,36.8,30.5,1.0,"Satet International School, Tema Manhean",tabular,seasonal_naive_336h,h336,2026-01-04T23:00:00,2026-01-18T23:00:00,2026-02-15T23:00:00,,,42.0
2026-01-24 20:00:00,34.0,42.1,1.0,"Satet International School, Tema Manhean",tabular,seasonal_naive_336h,h336,2026-01-04T23:00:00,2026-01-18T23:00:00,2026-02-15T23:00:00,,,42.0
2026-01-24 21:00:00,30.0,39.4,1.0,"Satet International School, Tema Manhean",tabular,seasonal_naive_336h,h336,2026-01-04T23:00:00,2026-01-18T23:00:00,2026-02-15T23:00:00,,,42.0
2026-01-24 22:00:00,33.5,67.0,1.0,"Satet International School, Tema Manhean",tabular,seasonal_naive_336h,h336,2026-01-04T23:00:00,2026-01-18T23:00:00,2026-02-15T23:00:00,,,42.0
2026-01-24 23:00:00,33.2,47.5,1.0,"Satet International School, Tema Manhean",tabular,seasonal_naive_336h,h336,2026-01-04T23:00:00,2026-01-18T23:00:00,2026-02-15T23:00:00,,,42.0
2026-01-25 00:00:00,31.4,37.6,1.0,"Satet International School, Tema Manhean",tabular,seasonal_naive_336h,h336,2026-01-04T23:00:00,2026-01-18T23:00:00,2026-02-15T23:00:00,,,42.0
2026-01-25 01:00:00,32.3,30.0,1.0,"Satet International School, Tema Manhean",tabular,seasonal_naive_336h,h336,2026-01-04T23:00:00,2026-01-18T23:00:00,2026-02-15T23:00:00,,,42.0
2026-01-25 02:00:00,36.1,25.7,1.0,"Satet International School, Tema Manhean",tabular,seasonal_naive_336h,h336,2026-01-04T23:00:00,2026-01-18T23:00:00,2026-02-15T23:00:00,,,42.0
2026-01-25 03:00:00,40.8,49.7,1.0,"Satet International School, Tema Manhean",tabular,seasonal_naive_336h,h336,2026-01-04T23:00:00,2026-01-18T23:00:00,2026-02-15T23:00:00,,,42.0
2026-01-25 04:00:00,70.1,37.6,1.0,"Satet International School, Tema Manhean",tabular,seasonal_naive_336h,h336,2026-01-04T23:00:00,2026-01-18T23:00:00,2026-02-15T23:00:00,,,42.0
2026-01-25 05:00:00,71.9,88.3,1.0,"Satet International School, Tema Manhean",tabular,seasonal_naive_336h,h336,2026-01-04T23:00:00,2026-01-18T23:00:00,2026-02-15T23:00:00,,,42.0
2026-01-25 06:00:00,73.0,109.1,1.0,"Satet International School, Tema Manhean",tabular,seasonal_naive_336h,h336,2026-01-04T23:00:00,2026-01-18T23:00:00,2026-02-15T23:00:00,,,42.0
2026-01-25 07:00:00,58.0,56.3,1.0,"Satet International School, Tema Manhean",tabular,seasonal_naive_336h,h336,2026-01-04T23:00:00,2026-01-18T23:00:00,2026-02-15T23:00:00,,,42.0
2026-01-25 08:00:00,45.6,34.7,1.0,"Satet International School, Tema Manhean",tabular,seasonal_naive_336h,h336,2026-01-04T23:00:00,2026-01-18T23:00:00,2026-02-15T23:00:00,,,42.0
2026-01-25 09:00:00,45.9,23.1,1.0,"Satet International School, Tema Manhean",tabular,seasonal_naive_336h,h336,2026-01-04T23:00:00,2026-01-18T23:00:00,2026-02-15T23:00:00,,,42.0
2026-01-25 10:00:00,48.3,20.5,1.0,"Satet International School, Tema Manhean",tabular,seasonal_naive_336h,h336,2026-01-04T23:00:00,2026-01-18T23:00:00,2026-02-15T23:00:00,,,42.0
2026-01-25 11:00:00,52.3,22.6,1.0,"Satet International School, Tema Manhean",tabular,seasonal_naive_336h,h336,2026-01-04T23:00:00,2026-01-18T23:00:00,2026-02-15T23:00:00,,,42.0
2026-01-25 12:00:00,44.1,19.4,1.0,"Satet International School, Tema Manhean",tabular,seasonal_naive_336h,h336,2026-01-04T23:00:00,2026-01-18T23:00:00,2026-02-15T23:00:00,,,42.0
2026-01-25 13:00:00,41.6,21.5,1.0,"Satet International School, Tema Manhean",tabular,seasonal_naive_336h,h336,2026-01-04T23:00:00,2026-01-18T23:00:00,2026-02-15T23:00:00,,,42.0
2026-01-25 14:00:00,40.2,22.7,1.0,"Satet International School, Tema Manhean",tabular,seasonal_naive_336h,h336,2026-01-04T23:00:00,2026-01-18T23:00:00,2026-02-15T23:00:00,,,42.0
2026-01-25 15:00:00,36.4,23.5,1.0,"Satet International School, Tema Manhean",tabular,seasonal_naive_336h,h336,2026-01-04T23:00:00,2026-01-18T23:00:00,2026-02-15T23:00:00,,,42.0
2026-01-25 16:00:00,32.9,20.2,1.0,"Satet International School, Tema Manhean",tabular,seasonal_naive_336h,h336,2026-01-04T23:00:00,2026-01-18T23:00:00,2026-02-15T23:00:00,,,42.0
2026-01-25 17:00:00,35.0,22.4,1.0,"Satet International School, Tema Manhean",tabular,seasonal_naive_336h,h336,2026-01-04T23:00:00,2026-01-18T23:00:00,2026-02-15T23:00:00,,,42.0
2026-01-25 18:00:00,40.9,28.8,1.0,"Satet International School, Tema Manhean",tabular,seasonal_naive_336h,h336,2026-01-04T23:00:00,2026-01-18T23:00:00,2026-02-15T23:00:00,,,42.0
2026-01-25 19:00:00,40.8,20.2,1.0,"Satet International School, Tema Manhean",tabular,seasonal_naive_336h,h336,2026-01-04T23:00:00,2026-01-18T23:00:00,2026-02-15T23:00:00,,,42.0
2026-01-25 20:00:00,37.5,27.1,1.0,"Satet International School, Tema Manhean",tabular,seasonal_naive_336h,h336,2026-01-04T23:00:00,2026-01-18T23:00:00,2026-02-15T23:00:00,,,42.0
2026-01-25 21:00:00,51.0,16.1,1.0,"Satet International School, Tema Manhean",tabular,seasonal_naive_336h,h336,2026-01-04T23:00:00,2026-01-18T23:00:00,2026-02-15T23:00:00,,,42.0
2026-01-25 22:00:00,70.5,40.5,1.0,"Satet International School, Tema Manhean",tabular,seasonal_naive_336h,h336,2026-01-04T23:00:00,2026-01-18T23:00:00,2026-02-15T23:00:00,,,42.0
2026-01-25 23:00:00,71.3,32.3,1.0,"Satet International School, Tema Manhean",tabular,seasonal_naive_336h,h336,2026-01-04T23:00:00,2026-01-18T23:00:00,2026-02-15T23:00:00,,,42.0
2026-01-26 00:00:00,47.8,26.8,1.0,"Satet International School, Tema Manhean",tabular,seasonal_naive_336h,h336,2026-01-04T23:00:00,2026-01-18T23:00:00,2026-02-15T23:00:00,,,42.0
2026-01-26 01:00:00,48.6,26.1,1.0,"Satet International School, Tema Manhean",tabular,seasonal_naive_336h,h336,2026-01-04T23:00:00,2026-01-18T23:00:00,2026-02-15T23:00:00,,,42.0
2026-01-26 02:00:00,68.7,30.3,1.0,"Satet International School, Tema Manhean",tabular,seasonal_naive_336h,h336,2026-01-04T23:00:00,2026-01-18T23:00:00,2026-02-15T23:00:00,,,42.0
2026-01-26 03:00:00,140.8,45.2,1.0,"Satet International School, Tema Manhean",tabular,seasonal_naive_336h,h336,2026-01-04T23:00:00,2026-01-18T23:00:00,2026-02-15T23:00:00,,,42.0
2026-01-26 04:00:00,210.0,89.5,1.0,"Satet International School, Tema Manhean",tabular,seasonal_naive_336h,h336,2026-01-04T23:00:00,2026-01-18T23:00:00,2026-02-15T23:00:00,,,42.0
2026-01-26 05:00:00,100.9,112.7,1.0,"Satet International School, Tema Manhean",tabular,seasonal_naive_336h,h336,2026-01-04T23:00:00,2026-01-18T23:00:00,2026-02-15T23:00:00,,,42.0
2026-01-26 06:00:00,132.9,82.1,1.0,"Satet International School, Tema Manhean",tabular,seasonal_naive_336h,h336,2026-01-04T23:00:00,2026-01-18T23:00:00,2026-02-15T23:00:00,,,42.0
2026-01-26 07:00:00,62.5,52.6,1.0,"Satet International School, Tema Manhean",tabular,seasonal_naive_336h,h336,2026-01-04T23:00:00,2026-01-18T23:00:00,2026-02-15T23:00:00,,,42.0
2026-01-26 08:00:00,52.0,38.9,1.0,"Satet International School, Tema Manhean",tabular,seasonal_naive_336h,h336,2026-01-04T23:00:00,2026-01-18T23:00:00,2026-02-15T23:00:00,,,42.0
2026-01-26 09:00:00,44.1,29.0,1.0,"Satet International School, Tema Manhean",tabular,seasonal_naive_336h,h336,2026-01-04T23:00:00,2026-01-18T23:00:00,2026-02-15T23:00:00,,,42.0
2026-01-26 10:00:00,44.4,36.4,1.0,"Satet International School, Tema Manhean",tabular,seasonal_naive_336h,h336,2026-01-04T23:00:00,2026-01-18T23:00:00,2026-02-15T23:00:00,,,42.0
2026-01-26 11:00:00,47.7,27.9,1.0,"Satet International School, Tema Manhean",tabular,seasonal_naive_336h,h336,2026-01-04T23:00:00,2026-01-18T23:00:00,2026-02-15T23:00:00,,,42.0
2026-01-26 12:00:00,40.1,25.4,1.0,"Satet International School, Tema Manhean",tabular,seasonal_naive_336h,h336,2026-01-04T23:00:00,2026-01-18T23:00:00,2026-02-15T23:00:00,,,42.0
2026-01-26 13:00:00,37.3,32.1,1.0,"Satet International School, Tema Manhean",tabular,seasonal_naive_336h,h336,2026-01-04T23:00:00,2026-01-18T23:00:00,2026-02-15T23:00:00,,,42.0
2026-01-26 14:00:00,36.2,28.7,1.0,"Satet International School, Tema Manhean",tabular,seasonal_naive_336h,h336,2026-01-04T23:00:00,2026-01-18T23:00:00,2026-02-15T23:00:00,,,42.0
2026-01-26 15:00:00,34.8,26.7,1.0,"Satet International School, Tema Manhean",tabular,seasonal_naive_336h,h336,2026-01-04T23:00:00,2026-01-18T23:00:00,2026-02-15T23:00:00,,,42.0
2026-01-26 16:00:00,37.1,28.9,1.0,"Satet International School, Tema Manhean",tabular,seasonal_naive_336h,h336,2026-01-04T23:00:00,2026-01-18T23:00:00,2026-02-15T23:00:00,,,42.0
2026-01-26 17:00:00,40.4,28.4,1.0,"Satet International School, Tema Manhean",tabular,seasonal_naive_336h,h336,2026-01-04T23:00:00,2026-01-18T23:00:00,2026-02-15T23:00:00,,,42.0
2026-01-26 18:00:00,55.8,31.1,1.0,"Satet International School, Tema Manhean",tabular,seasonal_naive_336h,h336,2026-01-04T23:00:00,2026-01-18T23:00:00,2026-02-15T23:00:00,,,42.0
2026-01-26 19:00:00,55.6,29.0,1.0,"Satet International School, Tema Manhean",tabular,seasonal_naive_336h,h336,2026-01-04T23:00:00,2026-01-18T23:00:00,2026-02-15T23:00:00,,,42.0
2026-01-26 20:00:00,41.3,33.6,1.0,"Satet International School, Tema Manhean",tabular,seasonal_naive_336h,h336,2026-01-04T23:00:00,2026-01-18T23:00:00,2026-02-15T23:00:00,,,42.0
2026-01-26 21:00:00,45.8,30.9,1.0,"Satet International School, Tema Manhean",tabular,seasonal_naive_336h,h336,2026-01-04T23:00:00,2026-01-18T23:00:00,2026-02-15T23:00:00,,,42.0
2026-01-26 22:00:00,59.3,30.4,1.0,"Satet International School, Tema Manhean",tabular,seasonal_naive_336h,h336,2026-01-04T23:00:00,2026-01-18T23:00:00,2026-02-15T23:00:00,,,42.0
2026-01-26 23:00:00,43.5,30.4,1.0,"Satet International School, Tema Manhean",tabular,seasonal_naive_336h,h336,2026-01-04T23:00:00,2026-01-18T23:00:00,2026-02-15T23:00:00,,,42.0
2026-01-27 00:00:00,45.0,24.3,1.0,"Satet International School, Tema Manhean",tabular,seasonal_naive_336h,h336,2026-01-04T23:00:00,2026-01-18T23:00:00,2026-02-15T23:00:00,,,42.0
2026-01-27 01:00:00,52.9,30.4,1.0,"Satet International School, Tema Manhean",tabular,seasonal_naive_336h,h336,2026-01-04T23:00:00,2026-01-18T23:00:00,2026-02-15T23:00:00,,,42.0
2026-01-27 02:00:00,87.2,31.5,1.0,"Satet International School, Tema Manhean",tabular,seasonal_naive_336h,h336,2026-01-04T23:00:00,2026-01-18T23:00:00,2026-02-15T23:00:00,,,42.0
2026-01-27 03:00:00,67.8,27.5,1.0,"Satet International School, Tema Manhean",tabular,seasonal_naive_336h,h336,2026-01-04T23:00:00,2026-01-18T23:00:00,2026-02-15T23:00:00,,,42.0
2026-01-27 04:00:00,71.2,56.9,1.0,"Satet International School, Tema Manhean",tabular,seasonal_naive_336h,h336,2026-01-04T23:00:00,2026-01-18T23:00:00,2026-02-15T23:00:00,,,42.0
2026-01-27 05:00:00,124.6,55.4,1.0,"Satet International School, Tema Manhean",tabular,seasonal_naive_336h,h336,2026-01-04T23:00:00,2026-01-18T23:00:00,2026-02-15T23:00:00,,,42.0
2026-01-27 06:00:00,112.6,44.6,1.0,"Satet International School, Tema Manhean",tabular,seasonal_naive_336h,h336,2026-01-04T23:00:00,2026-01-18T23:00:00,2026-02-15T23:00:00,,,42.0
2026-01-27 07:00:00,76.6,33.0,1.0,"Satet International School, Tema Manhean",tabular,seasonal_naive_336h,h336,2026-01-04T23:00:00,2026-01-18T23:00:00,2026-02-15T23:00:00,,,42.0
2026-01-27 08:00:00,57.2,30.0,1.0,"Satet International School, Tema Manhean",tabular,seasonal_naive_336h,h336,2026-01-04T23:00:00,2026-01-18T23:00:00,2026-02-15T23:00:00,,,42.0
2026-01-27 09:00:00,46.4,24.8,1.0,"Satet International School, Tema Manhean",tabular,seasonal_naive_336h,h336,2026-01-04T23:00:00,2026-01-18T23:00:00,2026-02-15T23:00:00,,,42.0
2026-01-27 10:00:00,47.8,27.4,1.0,"Satet International School, Tema Manhean",tabular,seasonal_naive_336h,h336,2026-01-04T23:00:00,2026-01-18T23:00:00,2026-02-15T23:00:00,,,42.0
2026-01-27 11:00:00,51.4,20.3,1.0,"Satet International School, Tema Manhean",tabular,seasonal_naive_336h,h336,2026-01-04T23:00:00,2026-01-18T23:00:00,2026-02-15T23:00:00,,,42.0
2026-01-27 12:00:00,50.1,18.2,1.0,"Satet International School, Tema Manhean",tabular,seasonal_naive_336h,h336,2026-01-04T23:00:00,2026-01-18T23:00:00,2026-02-15T23:00:00,,,42.0
2026-01-27 13:00:00,43.5,19.8,1.0,"Satet International School, Tema Manhean",tabular,seasonal_naive_336h,h336,2026-01-04T23:00:00,2026-01-18T23:00:00,2026-02-15T23:00:00,,,42.0
2026-01-27 14:00:00,44.3,15.1,1.0,"Satet International School, Tema Manhean",tabular,seasonal_naive_336h,h336,2026-01-04T23:00:00,2026-01-18T23:00:00,2026-02-15T23:00:00,,,42.0
2026-01-27 15:00:00,42.3,19.0,1.0,"Satet International School, Tema Manhean",tabular,seasonal_naive_336h,h336,2026-01-04T23:00:00,2026-01-18T23:00:00,2026-02-15T23:00:00,,,42.0
2026-01-27 16:00:00,39.1,21.0,1.0,"Satet International School, Tema Manhean",tabular,seasonal_naive_336h,h336,2026-01-04T23:00:00,2026-01-18T23:00:00,2026-02-15T23:00:00,,,42.0
2026-01-27 17:00:00,40.6,21.5,1.0,"Satet International School, Tema Manhean",tabular,seasonal_naive_336h,h336,2026-01-04T23:00:00,2026-01-18T23:00:00,2026-02-15T23:00:00,,,42.0
2026-01-27 18:00:00,43.2,25.9,1.0,"Satet International School, Tema Manhean",tabular,seasonal_naive_336h,h336,2026-01-04T23:00:00,2026-01-18T23:00:00,2026-02-15T23:00:00,,,42.0
2026-01-27 19:00:00,45.3,24.7,1.0,"Satet International School, Tema Manhean",tabular,seasonal_naive_336h,h336,2026-01-04T23:00:00,2026-01-18T23:00:00,2026-02-15T23:00:00,,,42.0
2026-01-27 20:00:00,42.7,20.2,1.0,"Satet International School, Tema Manhean",tabular,seasonal_naive_336h,h336,2026-01-04T23:00:00,2026-01-18T23:00:00,2026-02-15T23:00:00,,,42.0
2026-01-27 21:00:00,73.7,22.2,1.0,"Satet International School, Tema Manhean",tabular,seasonal_naive_336h,h336,2026-01-04T23:00:00,2026-01-18T23:00:00,2026-02-15T23:00:00,,,42.0
2026-01-27 22:00:00,51.0,54.1,1.0,"Satet International School, Tema Manhean",tabular,seasonal_naive_336h,h336,2026-01-04T23:00:00,2026-01-18T23:00:00,2026-02-15T23:00:00,,,42.0
2026-01-27 23:00:00,56.3,51.7,1.0,"Satet International School, Tema Manhean",tabular,seasonal_naive_336h,h336,2026-01-04T23:00:00,2026-01-18T23:00:00,2026-02-15T23:00:00,,,42.0
2026-01-28 00:00:00,46.4,59.2,1.0,"Satet International School, Tema Manhean",tabular,seasonal_naive_336h,h336,2026-01-04T23:00:00,2026-01-18T23:00:00,2026-02-15T23:00:00,,,42.0
2026-01-28 01:00:00,44.2,21.9,1.0,"Satet International School, Tema Manhean",tabular,seasonal_naive_336h,h336,2026-01-04T23:00:00,2026-01-18T23:00:00,2026-02-15T23:00:00,,,42.0
2026-01-28 02:00:00,48.8,53.0,1.0,"Satet International School, Tema Manhean",tabular,seasonal_naive_336h,h336,2026-01-04T23:00:00,2026-01-18T23:00:00,2026-02-15T23:00:00,,,42.0
2026-01-28 03:00:00,48.0,113.5,1.0,"Satet International School, Tema Manhean",tabular,seasonal_naive_336h,h336,2026-01-04T23:00:00,2026-01-18T23:00:00,2026-02-15T23:00:00,,,42.0
2026-01-28 04:00:00,50.4,201.2,1.0,"Satet International School, Tema Manhean",tabular,seasonal_naive_336h,h336,2026-01-04T23:00:00,2026-01-18T23:00:00,2026-02-15T23:00:00,,,42.0
2026-01-28 05:00:00,67.5,154.5,1.0,"Satet International School, Tema Manhean",tabular,seasonal_naive_336h,h336,2026-01-04T23:00:00,2026-01-18T23:00:00,2026-02-15T23:00:00,,,42.0
2026-01-28 06:00:00,79.3,161.2,1.0,"Satet International School, Tema Manhean",tabular,seasonal_naive_336h,h336,2026-01-04T23:00:00,2026-01-18T23:00:00,2026-02-15T23:00:00,,,42.0
2026-01-28 07:00:00,60.2,59.6,1.0,"Satet International School, Tema Manhean",tabular,seasonal_naive_336h,h336,2026-01-04T23:00:00,2026-01-18T23:00:00,2026-02-15T23:00:00,,,42.0
2026-01-28 08:00:00,60.3,38.9,1.0,"Satet International School, Tema Manhean",tabular,seasonal_naive_336h,h336,2026-01-04T23:00:00,2026-01-18T23:00:00,2026-02-15T23:00:00,,,42.0
2026-01-28 09:00:00,58.7,24.7,1.0,"Satet International School, Tema Manhean",tabular,seasonal_naive_336h,h336,2026-01-04T23:00:00,2026-01-18T23:00:00,2026-02-15T23:00:00,,,42.0
2026-01-28 10:00:00,50.7,20.7,1.0,"Satet International School, Tema Manhean",tabular,seasonal_naive_336h,h336,2026-01-04T23:00:00,2026-01-18T23:00:00,2026-02-15T23:00:00,,,42.0
2026-01-28 11:00:00,60.2,20.9,1.0,"Satet International School, Tema Manhean",tabular,seasonal_naive_336h,h336,2026-01-04T23:00:00,2026-01-18T23:00:00,2026-02-15T23:00:00,,,42.0
2026-01-28 12:00:00,59.0,21.0,1.0,"Satet International School, Tema Manhean",tabular,seasonal_naive_336h,h336,2026-01-04T23:00:00,2026-01-18T23:00:00,2026-02-15T23:00:00,,,42.0
2026-01-28 13:00:00,52.7,22.7,1.0,"Satet International School, Tema Manhean",tabular,seasonal_naive_336h,h336,2026-01-04T23:00:00,2026-01-18T23:00:00,2026-02-15T23:00:00,,,42.0
2026-01-28 14:00:00,49.7,21.9,1.0,"Satet International School, Tema Manhean",tabular,seasonal_naive_336h,h336,2026-01-04T23:00:00,2026-01-18T23:00:00,2026-02-15T23:00:00,,,42.0
2026-01-28 15:00:00,43.6,21.9,1.0,"Satet International School, Tema Manhean",tabular,seasonal_naive_336h,h336,2026-01-04T23:00:00,2026-01-18T23:00:00,2026-02-15T23:00:00,,,42.0
2026-01-28 16:00:00,44.4,27.6,1.0,"Satet International School, Tema Manhean",tabular,seasonal_naive_336h,h336,2026-01-04T23:00:00,2026-01-18T23:00:00,2026-02-15T23:00:00,,,42.0
2026-01-28 17:00:00,46.1,22.9,1.0,"Satet International School, Tema Manhean",tabular,seasonal_naive_336h,h336,2026-01-04T23:00:00,2026-01-18T23:00:00,2026-02-15T23:00:00,,,42.0
2026-01-28 18:00:00,60.8,22.0,1.0,"Satet International School, Tema Manhean",tabular,seasonal_naive_336h,h336,2026-01-04T23:00:00,2026-01-18T23:00:00,2026-02-15T23:00:00,,,42.0
2026-01-28 19:00:00,49.8,24.7,1.0,"Satet International School, Tema Manhean",tabular,seasonal_naive_336h,h336,2026-01-04T23:00:00,2026-01-18T23:00:00,2026-02-15T23:00:00,,,42.0
2026-01-28 20:00:00,47.1,27.1,1.0,"Satet International School, Tema Manhean",tabular,seasonal_naive_336h,h336,2026-01-04T23:00:00,2026-01-18T23:00:00,2026-02-15T23:00:00,,,42.0
2026-01-28 21:00:00,73.8,22.3,1.0,"Satet International School, Tema Manhean",tabular,seasonal_naive_336h,h336,2026-01-04T23:00:00,2026-01-18T23:00:00,2026-02-15T23:00:00,,,42.0
2026-01-28 22:00:00,73.2,26.2,1.0,"Satet International School, Tema Manhean",tabular,seasonal_naive_336h,h336,2026-01-04T23:00:00,2026-01-18T23:00:00,2026-02-15T23:00:00,,,42.0
2026-01-28 23:00:00,51.3,37.1,1.0,"Satet International School, Tema Manhean",tabular,seasonal_naive_336h,h336,2026-01-04T23:00:00,2026-01-18T23:00:00,2026-02-15T23:00:00,,,42.0
2026-01-29 00:00:00,50.3,87.4,1.0,"Satet International School, Tema Manhean",tabular,seasonal_naive_336h,h336,2026-01-04T23:00:00,2026-01-18T23:00:00,2026-02-15T23:00:00,,,42.0
2026-01-29 01:00:00,59.0,71.5,1.0,"Satet International School, Tema Manhean",tabular,seasonal_naive_336h,h336,2026-01-04T23:00:00,2026-01-18T23:00:00,2026-02-15T23:00:00,,,42.0
2026-01-29 02:00:00,64.8,119.8,1.0,"Satet International School, Tema Manhean",tabular,seasonal_naive_336h,h336,2026-01-04T23:00:00,2026-01-18T23:00:00,2026-02-15T23:00:00,,,42.0
2026-01-29 03:00:00,57.4,198.8,1.0,"Satet International School, Tema Manhean",tabular,seasonal_naive_336h,h336,2026-01-04T23:00:00,2026-01-18T23:00:00,2026-02-15T23:00:00,,,42.0
2026-01-29 04:00:00,65.3,170.1,1.0,"Satet International School, Tema Manhean",tabular,seasonal_naive_336h,h336,2026-01-04T23:00:00,2026-01-18T23:00:00,2026-02-15T23:00:00,,,42.0
2026-01-29 05:00:00,64.4,124.4,1.0,"Satet International School, Tema Manhean",tabular,seasonal_naive_336h,h336,2026-01-04T23:00:00,2026-01-18T23:00:00,2026-02-15T23:00:00,,,42.0
2026-01-29 06:00:00,65.8,50.4,1.0,"Satet International School, Tema Manhean",tabular,seasonal_naive_336h,h336,2026-01-04T23:00:00,2026-01-18T23:00:00,2026-02-15T23:00:00,,,42.0
2026-01-29 07:00:00,72.4,42.1,1.0,"Satet International School, Tema Manhean",tabular,seasonal_naive_336h,h336,2026-01-04T23:00:00,2026-01-18T23:00:00,2026-02-15T23:00:00,,,42.0
2026-01-29 08:00:00,57.1,38.0,1.0,"Satet International School, Tema Manhean",tabular,seasonal_naive_336h,h336,2026-01-04T23:00:00,2026-01-18T23:00:00,2026-02-15T23:00:00,,,42.0
2026-01-29 09:00:00,55.6,33.9,1.0,"Satet International School, Tema Manhean",tabular,seasonal_naive_336h,h336,2026-01-04T23:00:00,2026-01-18T23:00:00,2026-02-15T23:00:00,,,42.0
2026-01-29 10:00:00,61.3,83.1,1.0,"Satet International School, Tema Manhean",tabular,seasonal_naive_336h,h336,2026-01-04T23:00:00,2026-01-18T23:00:00,2026-02-15T23:00:00,,,42.0
2026-01-29 11:00:00,58.0,56.4,1.0,"Satet International School, Tema Manhean",tabular,seasonal_naive_336h,h336,2026-01-04T23:00:00,2026-01-18T23:00:00,2026-02-15T23:00:00,,,42.0
2026-01-29 12:00:00,61.2,38.7,1.0,"Satet International School, Tema Manhean",tabular,seasonal_naive_336h,h336,2026-01-04T23:00:00,2026-01-18T23:00:00,2026-02-15T23:00:00,,,42.0
2026-01-29 13:00:00,46.1,26.8,1.0,"Satet International School, Tema Manhean",tabular,seasonal_naive_336h,h336,2026-01-04T23:00:00,2026-01-18T23:00:00,2026-02-15T23:00:00,,,42.0
2026-01-29 14:00:00,46.0,22.8,1.0,"Satet International School, Tema Manhean",tabular,seasonal_naive_336h,h336,2026-01-04T23:00:00,2026-01-18T23:00:00,2026-02-15T23:00:00,,,42.0
2026-01-29 15:00:00,45.9,25.9,1.0,"Satet International School, Tema Manhean",tabular,seasonal_naive_336h,h336,2026-01-04T23:00:00,2026-01-18T23:00:00,2026-02-15T23:00:00,,,42.0
2026-01-29 16:00:00,44.8,28.8,1.0,"Satet International School, Tema Manhean",tabular,seasonal_naive_336h,h336,2026-01-04T23:00:00,2026-01-18T23:00:00,2026-02-15T23:00:00,,,42.0
2026-01-29 17:00:00,44.5,45.6,1.0,"Satet International School, Tema Manhean",tabular,seasonal_naive_336h,h336,2026-01-04T23:00:00,2026-01-18T23:00:00,2026-02-15T23:00:00,,,42.0
2026-01-29 18:00:00,46.8,38.6,1.0,"Satet International School, Tema Manhean",tabular,seasonal_naive_336h,h336,2026-01-04T23:00:00,2026-01-18T23:00:00,2026-02-15T23:00:00,,,42.0
2026-01-29 19:00:00,45.0,33.3,1.0,"Satet International School, Tema Manhean",tabular,seasonal_naive_336h,h336,2026-01-04T23:00:00,2026-01-18T23:00:00,2026-02-15T23:00:00,,,42.0
2026-01-29 20:00:00,43.3,46.6,1.0,"Satet International School, Tema Manhean",tabular,seasonal_naive_336h,h336,2026-01-04T23:00:00,2026-01-18T23:00:00,2026-02-15T23:00:00,,,42.0
2026-01-29 21:00:00,43.0,33.7,1.0,"Satet International School, Tema Manhean",tabular,seasonal_naive_336h,h336,2026-01-04T23:00:00,2026-01-18T23:00:00,2026-02-15T23:00:00,,,42.0
2026-01-29 22:00:00,42.7,31.1,1.0,"Satet International School, Tema Manhean",tabular,seasonal_naive_336h,h336,2026-01-04T23:00:00,2026-01-18T23:00:00,2026-02-15T23:00:00,,,42.0
2026-01-29 23:00:00,43.7,39.4,1.0,"Satet International School, Tema Manhean",tabular,seasonal_naive_336h,h336,2026-01-04T23:00:00,2026-01-18T23:00:00,2026-02-15T23:00:00,,,42.0
2026-01-30 00:00:00,41.7,56.0,1.0,"Satet International School, Tema Manhean",tabular,seasonal_naive_336h,h336,2026-01-04T23:00:00,2026-01-18T23:00:00,2026-02-15T23:00:00,,,42.0
2026-01-30 01:00:00,41.9,48.3,1.0,"Satet International School, Tema Manhean",tabular,seasonal_naive_336h,h336,2026-01-04T23:00:00,2026-01-18T23:00:00,2026-02-15T23:00:00,,,42.0
2026-01-30 02:00:00,41.8,50.5,1.0,"Satet International School, Tema Manhean",tabular,seasonal_naive_336h,h336,2026-01-04T23:00:00,2026-01-18T23:00:00,2026-02-15T23:00:00,,,42.0
2026-01-30 03:00:00,44.0,38.6,1.0,"Satet International School, Tema Manhean",tabular,seasonal_naive_336h,h336,2026-01-04T23:00:00,2026-01-18T23:00:00,2026-02-15T23:00:00,,,42.0
2026-01-30 04:00:00,50.3,64.5,1.0,"Satet International School, Tema Manhean",tabular,seasonal_naive_336h,h336,2026-01-04T23:00:00,2026-01-18T23:00:00,2026-02-15T23:00:00,,,42.0
2026-01-30 05:00:00,56.5,108.8,1.0,"Satet International School, Tema Manhean",tabular,seasonal_naive_336h,h336,2026-01-04T23:00:00,2026-01-18T23:00:00,2026-02-15T23:00:00,,,42.0
2026-01-30 06:00:00,79.8,103.8,1.0,"Satet International School, Tema Manhean",tabular,seasonal_naive_336h,h336,2026-01-04T23:00:00,2026-01-18T23:00:00,2026-02-15T23:00:00,,,42.0
2026-01-30 07:00:00,79.7,44.5,1.0,"Satet International School, Tema Manhean",tabular,seasonal_naive_336h,h336,2026-01-04T23:00:00,2026-01-18T23:00:00,2026-02-15T23:00:00,,,42.0
2026-01-30 08:00:00,52.1,39.6,1.0,"Satet International School, Tema Manhean",tabular,seasonal_naive_336h,h336,2026-01-04T23:00:00,2026-01-18T23:00:00,2026-02-15T23:00:00,,,42.0
2026-01-30 09:00:00,46.6,34.6,1.0,"Satet International School, Tema Manhean",tabular,seasonal_naive_336h,h336,2026-01-04T23:00:00,2026-01-18T23:00:00,2026-02-15T23:00:00,,,42.0
2026-01-30 10:00:00,44.4,27.5,1.0,"Satet International School, Tema Manhean",tabular,seasonal_naive_336h,h336,2026-01-04T23:00:00,2026-01-18T23:00:00,2026-02-15T23:00:00,,,42.0
2026-01-30 11:00:00,45.1,24.9,1.0,"Satet International School, Tema Manhean",tabular,seasonal_naive_336h,h336,2026-01-04T23:00:00,2026-01-18T23:00:00,2026-02-15T23:00:00,,,42.0
2026-01-30 12:00:00,47.0,24.5,1.0,"Satet International School, Tema Manhean",tabular,seasonal_naive_336h,h336,2026-01-04T23:00:00,2026-01-18T23:00:00,2026-02-15T23:00:00,,,42.0
2026-01-30 13:00:00,44.2,24.5,1.0,"Satet International School, Tema Manhean",tabular,seasonal_naive_336h,h336,2026-01-04T23:00:00,2026-01-18T23:00:00,2026-02-15T23:00:00,,,42.0
2026-01-30 14:00:00,40.3,22.1,1.0,"Satet International School, Tema Manhean",tabular,seasonal_naive_336h,h336,2026-01-04T23:00:00,2026-01-18T23:00:00,2026-02-15T23:00:00,,,42.0
2026-01-30 15:00:00,39.8,22.6,1.0,"Satet International School, Tema Manhean",tabular,seasonal_naive_336h,h336,2026-01-04T23:00:00,2026-01-18T23:00:00,2026-02-15T23:00:00,,,42.0
2026-01-30 16:00:00,40.1,36.0,1.0,"Satet International School, Tema Manhean",tabular,seasonal_naive_336h,h336,2026-01-04T23:00:00,2026-01-18T23:00:00,2026-02-15T23:00:00,,,42.0
2026-01-30 17:00:00,42.8,31.3,1.0,"Satet International School, Tema Manhean",tabular,seasonal_naive_336h,h336,2026-01-04T23:00:00,2026-01-18T23:00:00,2026-02-15T23:00:00,,,42.0
2026-01-30 18:00:00,47.3,29.1,1.0,"Satet International School, Tema Manhean",tabular,seasonal_naive_336h,h336,2026-01-04T23:00:00,2026-01-18T23:00:00,2026-02-15T23:00:00,,,42.0
2026-01-30 19:00:00,46.6,15.5,1.0,"Satet International School, Tema Manhean",tabular,seasonal_naive_336h,h336,2026-01-04T23:00:00,2026-01-18T23:00:00,2026-02-15T23:00:00,,,42.0
2026-01-30 20:00:00,43.8,21.7,1.0,"Satet International School, Tema Manhean",tabular,seasonal_naive_336h,h336,2026-01-04T23:00:00,2026-01-18T23:00:00,2026-02-15T23:00:00,,,42.0
2026-01-30 21:00:00,41.6,14.9,1.0,"Satet International School, Tema Manhean",tabular,seasonal_naive_336h,h336,2026-01-04T23:00:00,2026-01-18T23:00:00,2026-02-15T23:00:00,,,42.0
2026-01-30 22:00:00,45.6,19.2,1.0,"Satet International School, Tema Manhean",tabular,seasonal_naive_336h,h336,2026-01-04T23:00:00,2026-01-18T23:00:00,2026-02-15T23:00:00,,,42.0
2026-01-30 23:00:00,43.7,16.8,1.0,"Satet International School, Tema Manhean",tabular,seasonal_naive_336h,h336,2026-01-04T23:00:00,2026-01-18T23:00:00,2026-02-15T23:00:00,,,42.0
2026-01-31 00:00:00,45.2,10.7,1.0,"Satet International School, Tema Manhean",tabular,seasonal_naive_336h,h336,2026-01-04T23:00:00,2026-01-18T23:00:00,2026-02-15T23:00:00,,,42.0
2026-01-31 01:00:00,47.3,19.8,1.0,"Satet International School, Tema Manhean",tabular,seasonal_naive_336h,h336,2026-01-04T23:00:00,2026-01-18T23:00:00,2026-02-15T23:00:00,,,42.0
2026-01-31 02:00:00,46.7,41.7,1.0,"Satet International School, Tema Manhean",tabular,seasonal_naive_336h,h336,2026-01-04T23:00:00,2026-01-18T23:00:00,2026-02-15T23:00:00,,,42.0
2026-01-31 03:00:00,43.1,56.4,1.0,"Satet International School, Tema Manhean",tabular,seasonal_naive_336h,h336,2026-01-04T23:00:00,2026-01-18T23:00:00,2026-02-15T23:00:00,,,42.0
2026-01-31 04:00:00,45.3,72.0,1.0,"Satet International School, Tema Manhean",tabular,seasonal_naive_336h,h336,2026-01-04T23:00:00,2026-01-18T23:00:00,2026-02-15T23:00:00,,,42.0
2026-01-31 05:00:00,64.3,80.6,1.0,"Satet International School, Tema Manhean",tabular,seasonal_naive_336h,h336,2026-01-04T23:00:00,2026-01-18T23:00:00,2026-02-15T23:00:00,,,42.0
2026-01-31 06:00:00,57.5,85.1,1.0,"Satet International School, Tema Manhean",tabular,seasonal_naive_336h,h336,2026-01-04T23:00:00,2026-01-18T23:00:00,2026-02-15T23:00:00,,,42.0
2026-01-31 07:00:00,78.4,69.6,1.0,"Satet International School, Tema Manhean",tabular,seasonal_naive_336h,h336,2026-01-04T23:00:00,2026-01-18T23:00:00,2026-02-15T23:00:00,,,42.0
2026-01-31 08:00:00,51.2,44.1,1.0,"Satet International School, Tema Manhean",tabular,seasonal_naive_336h,h336,2026-01-04T23:00:00,2026-01-18T23:00:00,2026-02-15T23:00:00,,,42.0
2026-01-31 09:00:00,47.1,32.8,1.0,"Satet International School, Tema Manhean",tabular,seasonal_naive_336h,h336,2026-01-04T23:00:00,2026-01-18T23:00:00,2026-02-15T23:00:00,,,42.0
2026-01-31 10:00:00,46.6,26.3,1.0,"Satet International School, Tema Manhean",tabular,seasonal_naive_336h,h336,2026-01-04T23:00:00,2026-01-18T23:00:00,2026-02-15T23:00:00,,,42.0
2026-01-31 11:00:00,40.6,36.1,1.0,"Satet International School, Tema Manhean",tabular,seasonal_naive_336h,h336,2026-01-04T23:00:00,2026-01-18T23:00:00,2026-02-15T23:00:00,,,42.0
2026-01-31 12:00:00,38.3,21.3,1.0,"Satet International School, Tema Manhean",tabular,seasonal_naive_336h,h336,2026-01-04T23:00:00,2026-01-18T23:00:00,2026-02-15T23:00:00,,,42.0
2026-01-31 13:00:00,39.3,14.1,1.0,"Satet International School, Tema Manhean",tabular,seasonal_naive_336h,h336,2026-01-04T23:00:00,2026-01-18T23:00:00,2026-02-15T23:00:00,,,42.0
2026-01-31 14:00:00,37.5,10.2,1.0,"Satet International School, Tema Manhean",tabular,seasonal_naive_336h,h336,2026-01-04T23:00:00,2026-01-18T23:00:00,2026-02-15T23:00:00,,,42.0
2026-01-31 15:00:00,39.9,13.5,1.0,"Satet International School, Tema Manhean",tabular,seasonal_naive_336h,h336,2026-01-04T23:00:00,2026-01-18T23:00:00,2026-02-15T23:00:00,,,42.0
2026-01-31 16:00:00,41.2,21.0,1.0,"Satet International School, Tema Manhean",tabular,seasonal_naive_336h,h336,2026-01-04T23:00:00,2026-01-18T23:00:00,2026-02-15T23:00:00,,,42.0
2026-01-31 17:00:00,39.5,19.8,1.0,"Satet International School, Tema Manhean",tabular,seasonal_naive_336h,h336,2026-01-04T23:00:00,2026-01-18T23:00:00,2026-02-15T23:00:00,,,42.0
2026-01-31 18:00:00,44.5,26.4,1.0,"Satet International School, Tema Manhean",tabular,seasonal_naive_336h,h336,2026-01-04T23:00:00,2026-01-18T23:00:00,2026-02-15T23:00:00,,,42.0
2026-01-31 19:00:00,40.6,20.3,1.0,"Satet International School, Tema Manhean",tabular,seasonal_naive_336h,h336,2026-01-04T23:00:00,2026-01-18T23:00:00,2026-02-15T23:00:00,,,42.0
2026-01-31 20:00:00,37.7,19.2,1.0,"Satet International School, Tema Manhean",tabular,seasonal_naive_336h,h336,2026-01-04T23:00:00,2026-01-18T23:00:00,2026-02-15T23:00:00,,,42.0
2026-01-31 21:00:00,39.3,13.9,1.0,"Satet International School, Tema Manhean",tabular,seasonal_naive_336h,h336,2026-01-04T23:00:00,2026-01-18T23:00:00,2026-02-15T23:00:00,,,42.0
2026-01-31 22:00:00,47.1,27.6,1.0,"Satet International School, Tema Manhean",tabular,seasonal_naive_336h,h336,2026-01-04T23:00:00,2026-01-18T23:00:00,2026-02-15T23:00:00,,,42.0
2026-01-31 23:00:00,43.0,13.4,1.0,"Satet International School, Tema Manhean",tabular,seasonal_naive_336h,h336,2026-01-04T23:00:00,2026-01-18T23:00:00,2026-02-15T23:00:00,,,42.0
2026-02-01 00:00:00,53.2,21.7,1.0,"Satet International School, Tema Manhean",tabular,seasonal_naive_336h,h336,2026-01-04T23:00:00,2026-01-18T23:00:00,2026-02-15T23:00:00,,,42.0
2026-02-01 01:00:00,46.9,27.6,1.0,"Satet International School, Tema Manhean",tabular,seasonal_naive_336h,h336,2026-01-04T23:00:00,2026-01-18T23:00:00,2026-02-15T23:00:00,,,42.0
2026-02-01 02:00:00,35.8,14.4,1.0,"Satet International School, Tema Manhean",tabular,seasonal_naive_336h,h336,2026-01-04T23:00:00,2026-01-18T23:00:00,2026-02-15T23:00:00,,,42.0
2026-02-01 03:00:00,33.9,18.1,1.0,"Satet International School, Tema Manhean",tabular,seasonal_naive_336h,h336,2026-01-04T23:00:00,2026-01-18T23:00:00,2026-02-15T23:00:00,,,42.0
2026-02-01 04:00:00,37.8,37.4,1.0,"Satet International School, Tema Manhean",tabular,seasonal_naive_336h,h336,2026-01-04T23:00:00,2026-01-18T23:00:00,2026-02-15T23:00:00,,,42.0
2026-02-01 05:00:00,40.1,65.5,1.0,"Satet International School, Tema Manhean",tabular,seasonal_naive_336h,h336,2026-01-04T23:00:00,2026-01-18T23:00:00,2026-02-15T23:00:00,,,42.0
2026-02-01 06:00:00,53.0,75.6,1.0,"Satet International School, Tema Manhean",tabular,seasonal_naive_336h,h336,2026-01-04T23:00:00,2026-01-18T23:00:00,2026-02-15T23:00:00,,,42.0
2026-02-01 07:00:00,58.5,43.9,1.0,"Satet International School, Tema Manhean",tabular,seasonal_naive_336h,h336,2026-01-04T23:00:00,2026-01-18T23:00:00,2026-02-15T23:00:00,,,42.0
2026-02-01 08:00:00,47.5,28.3,1.0,"Satet International School, Tema Manhean",tabular,seasonal_naive_336h,h336,2026-01-04T23:00:00,2026-01-18T23:00:00,2026-02-15T23:00:00,,,42.0
2026-02-01 09:00:00,47.3,15.9,1.0,"Satet International School, Tema Manhean",tabular,seasonal_naive_336h,h336,2026-01-04T23:00:00,2026-01-18T23:00:00,2026-02-15T23:00:00,,,42.0
2026-02-01 10:00:00,43.1,18.5,1.0,"Satet International School, Tema Manhean",tabular,seasonal_naive_336h,h336,2026-01-04T23:00:00,2026-01-18T23:00:00,2026-02-15T23:00:00,,,42.0
2026-02-01 11:00:00,36.7,14.2,1.0,"Satet International School, Tema Manhean",tabular,seasonal_naive_336h,h336,2026-01-04T23:00:00,2026-01-18T23:00:00,2026-02-15T23:00:00,,,42.0
2026-02-01 12:00:00,36.6,11.7,1.0,"Satet International School, Tema Manhean",tabular,seasonal_naive_336h,h336,2026-01-04T23:00:00,2026-01-18T23:00:00,2026-02-15T23:00:00,,,42.0
2026-02-01 13:00:00,32.9,9.6,1.0,"Satet International School, Tema Manhean",tabular,seasonal_naive_336h,h336,2026-01-04T23:00:00,2026-01-18T23:00:00,2026-02-15T23:00:00,,,42.0
2026-02-01 14:00:00,35.0,6.4,1.0,"Satet International School, Tema Manhean",tabular,seasonal_naive_336h,h336,2026-01-04T23:00:00,2026-01-18T23:00:00,2026-02-15T23:00:00,,,42.0
2026-02-01 15:00:00,35.5,12.6,1.0,"Satet International School, Tema Manhean",tabular,seasonal_naive_336h,h336,2026-01-04T23:00:00,2026-01-18T23:00:00,2026-02-15T23:00:00,,,42.0
2026-02-01 16:00:00,35.8,10.1,1.0,"Satet International School, Tema Manhean",tabular,seasonal_naive_336h,h336,2026-01-04T23:00:00,2026-01-18T23:00:00,2026-02-15T23:00:00,,,42.0
2026-02-01 17:00:00,35.0,7.8,1.0,"Satet International School, Tema Manhean",tabular,seasonal_naive_336h,h336,2026-01-04T23:00:00,2026-01-18T23:00:00,2026-02-15T23:00:00,,,42.0
2026-02-01 18:00:00,39.9,15.7,1.0,"Satet International School, Tema Manhean",tabular,seasonal_naive_336h,h336,2026-01-04T23:00:00,2026-01-18T23:00:00,2026-02-15T23:00:00,,,42.0
2026-02-01 19:00:00,37.1,20.9,1.0,"Satet International School, Tema Manhean",tabular,seasonal_naive_336h,h336,2026-01-04T23:00:00,2026-01-18T23:00:00,2026-02-15T23:00:00,,,42.0
2026-02-01 20:00:00,51.3,32.5,1.0,"Satet International School, Tema Manhean",tabular,seasonal_naive_336h,h336,2026-01-04T23:00:00,2026-01-18T23:00:00,2026-02-15T23:00:00,,,42.0
2026-02-01 21:00:00,37.8,18.2,1.0,"Satet International School, Tema Manhean",tabular,seasonal_naive_336h,h336,2026-01-04T23:00:00,2026-01-18T23:00:00,2026-02-15T23:00:00,,,42.0
2026-02-01 22:00:00,37.1,13.0,1.0,"Satet International School, Tema Manhean",tabular,seasonal_naive_336h,h336,2026-01-04T23:00:00,2026-01-18T23:00:00,2026-02-15T23:00:00,,,42.0
2026-02-01 23:00:00,35.3,35.5,1.0,"Satet International School, Tema Manhean",tabular,seasonal_naive_336h,h336,2026-01-04T23:00:00,2026-01-18T23:00:00,2026-02-15T23:00:00,,,42.0
2026-02-02 00:00:00,38.5,32.7,1.0,"Satet International School, Tema Manhean",tabular,seasonal_naive_336h,h336,2026-01-04T23:00:00,2026-01-18T23:00:00,2026-02-15T23:00:00,,,42.0
2026-02-02 01:00:00,37.1,35.2,1.0,"Satet International School, Tema Manhean",tabular,seasonal_naive_336h,h336,2026-01-04T23:00:00,2026-01-18T23:00:00,2026-02-15T23:00:00,,,42.0
2026-02-02 02:00:00,34.5,88.4,1.0,"Satet International School, Tema Manhean",tabular,seasonal_naive_336h,h336,2026-01-04T23:00:00,2026-01-18T23:00:00,2026-02-15T23:00:00,,,42.0
2026-02-02 03:00:00,44.6,88.5,1.0,"Satet International School, Tema Manhean",tabular,seasonal_naive_336h,h336,2026-01-04T23:00:00,2026-01-18T23:00:00,2026-02-15T23:00:00,,,42.0
2026-02-02 04:00:00,40.6,68.0,1.0,"Satet International School, Tema Manhean",tabular,seasonal_naive_336h,h336,2026-01-04T23:00:00,2026-01-18T23:00:00,2026-02-15T23:00:00,,,42.0
2026-02-02 05:00:00,57.6,57.1,1.0,"Satet International School, Tema Manhean",tabular,seasonal_naive_336h,h336,2026-01-04T23:00:00,2026-01-18T23:00:00,2026-02-15T23:00:00,,,42.0
2026-02-02 06:00:00,59.9,79.7,1.0,"Satet International School, Tema Manhean",tabular,seasonal_naive_336h,h336,2026-01-04T23:00:00,2026-01-18T23:00:00,2026-02-15T23:00:00,,,42.0
2026-02-02 07:00:00,88.6,49.9,1.0,"Satet International School, Tema Manhean",tabular,seasonal_naive_336h,h336,2026-01-04T23:00:00,2026-01-18T23:00:00,2026-02-15T23:00:00,,,42.0
2026-02-02 08:00:00,49.3,34.5,1.0,"Satet International School, Tema Manhean",tabular,seasonal_naive_336h,h336,2026-01-04T23:00:00,2026-01-18T23:00:00,2026-02-15T23:00:00,,,42.0
2026-02-02 09:00:00,44.5,31.4,1.0,"Satet International School, Tema Manhean",tabular,seasonal_naive_336h,h336,2026-01-04T23:00:00,2026-01-18T23:00:00,2026-02-15T23:00:00,,,42.0
2026-02-02 10:00:00,33.0,32.7,1.0,"Satet International School, Tema Manhean",tabular,seasonal_naive_336h,h336,2026-01-04T23:00:00,2026-01-18T23:00:00,2026-02-15T23:00:00,,,42.0
2026-02-02 11:00:00,30.4,26.4,1.0,"Satet International School, Tema Manhean",tabular,seasonal_naive_336h,h336,2026-01-04T23:00:00,2026-01-18T23:00:00,2026-02-15T23:00:00,,,42.0
2026-02-02 12:00:00,32.4,24.4,1.0,"Satet International School, Tema Manhean",tabular,seasonal_naive_336h,h336,2026-01-04T23:00:00,2026-01-18T23:00:00,2026-02-15T23:00:00,,,42.0
2026-02-02 13:00:00,29.7,18.7,1.0,"Satet International School, Tema Manhean",tabular,seasonal_naive_336h,h336,2026-01-04T23:00:00,2026-01-18T23:00:00,2026-02-15T23:00:00,,,42.0
2026-02-02 14:00:00,33.2,17.5,1.0,"Satet International School, Tema Manhean",tabular,seasonal_naive_336h,h336,2026-01-04T23:00:00,2026-01-18T23:00:00,2026-02-15T23:00:00,,,42.0
2026-02-02 15:00:00,34.9,20.0,1.0,"Satet International School, Tema Manhean",tabular,seasonal_naive_336h,h336,2026-01-04T23:00:00,2026-01-18T23:00:00,2026-02-15T23:00:00,,,42.0
2026-02-02 16:00:00,39.2,16.8,1.0,"Satet International School, Tema Manhean",tabular,seasonal_naive_336h,h336,2026-01-04T23:00:00,2026-01-18T23:00:00,2026-02-15T23:00:00,,,42.0
2026-02-02 17:00:00,41.7,24.5,1.0,"Satet International School, Tema Manhean",tabular,seasonal_naive_336h,h336,2026-01-04T23:00:00,2026-01-18T23:00:00,2026-02-15T23:00:00,,,42.0
2026-02-02 18:00:00,39.9,36.9,1.0,"Satet International School, Tema Manhean",tabular,seasonal_naive_336h,h336,2026-01-04T23:00:00,2026-01-18T23:00:00,2026-02-15T23:00:00,,,42.0
2026-02-02 19:00:00,40.2,48.8,1.0,"Satet International School, Tema Manhean",tabular,seasonal_naive_336h,h336,2026-01-04T23:00:00,2026-01-18T23:00:00,2026-02-15T23:00:00,,,42.0
2026-02-02 20:00:00,44.2,37.0,1.0,"Satet International School, Tema Manhean",tabular,seasonal_naive_336h,h336,2026-01-04T23:00:00,2026-01-18T23:00:00,2026-02-15T23:00:00,,,42.0
2026-02-02 21:00:00,38.7,29.4,1.0,"Satet International School, Tema Manhean",tabular,seasonal_naive_336h,h336,2026-01-04T23:00:00,2026-01-18T23:00:00,2026-02-15T23:00:00,,,42.0
2026-02-02 22:00:00,57.3,27.3,1.0,"Satet International School, Tema Manhean",tabular,seasonal_naive_336h,h336,2026-01-04T23:00:00,2026-01-18T23:00:00,2026-02-15T23:00:00,,,42.0
2026-02-02 23:00:00,93.3,30.8,1.0,"Satet International School, Tema Manhean",tabular,seasonal_naive_336h,h336,2026-01-04T23:00:00,2026-01-18T23:00:00,2026-02-15T23:00:00,,,42.0
2026-02-03 00:00:00,72.1,28.5,1.0,"Satet International School, Tema Manhean",tabular,seasonal_naive_336h,h336,2026-01-04T23:00:00,2026-01-18T23:00:00,2026-02-15T23:00:00,,,42.0
2026-02-03 01:00:00,49.3,28.4,1.0,"Satet International School, Tema Manhean",tabular,seasonal_naive_336h,h336,2026-01-04T23:00:00,2026-01-18T23:00:00,2026-02-15T23:00:00,,,42.0
2026-02-03 02:00:00,43.0,28.4,1.0,"Satet International School, Tema Manhean",tabular,seasonal_naive_336h,h336,2026-01-04T23:00:00,2026-01-18T23:00:00,2026-02-15T23:00:00,,,42.0
2026-02-03 03:00:00,45.6,32.1,1.0,"Satet International School, Tema Manhean",tabular,seasonal_naive_336h,h336,2026-01-04T23:00:00,2026-01-18T23:00:00,2026-02-15T23:00:00,,,42.0
2026-02-03 04:00:00,44.1,35.2,1.0,"Satet International School, Tema Manhean",tabular,seasonal_naive_336h,h336,2026-01-04T23:00:00,2026-01-18T23:00:00,2026-02-15T23:00:00,,,42.0
2026-02-03 05:00:00,103.7,68.4,1.0,"Satet International School, Tema Manhean",tabular,seasonal_naive_336h,h336,2026-01-04T23:00:00,2026-01-18T23:00:00,2026-02-15T23:00:00,,,42.0
2026-02-03 06:00:00,113.0,63.6,1.0,"Satet International School, Tema Manhean",tabular,seasonal_naive_336h,h336,2026-01-04T23:00:00,2026-01-18T23:00:00,2026-02-15T23:00:00,,,42.0
2026-02-03 07:00:00,56.6,65.9,1.0,"Satet International School, Tema Manhean",tabular,seasonal_naive_336h,h336,2026-01-04T23:00:00,2026-01-18T23:00:00,2026-02-15T23:00:00,,,42.0
2026-02-03 08:00:00,40.9,33.9,1.0,"Satet International School, Tema Manhean",tabular,seasonal_naive_336h,h336,2026-01-04T23:00:00,2026-01-18T23:00:00,2026-02-15T23:00:00,,,42.0
2026-02-03 09:00:00,41.3,32.2,1.0,"Satet International School, Tema Manhean",tabular,seasonal_naive_336h,h336,2026-01-04T23:00:00,2026-01-18T23:00:00,2026-02-15T23:00:00,,,42.0
2026-02-03 10:00:00,37.4,40.5,1.0,"Satet International School, Tema Manhean",tabular,seasonal_naive_336h,h336,2026-01-04T23:00:00,2026-01-18T23:00:00,2026-02-15T23:00:00,,,42.0
2026-02-03 11:00:00,43.6,33.7,1.0,"Satet International School, Tema Manhean",tabular,seasonal_naive_336h,h336,2026-01-04T23:00:00,2026-01-18T23:00:00,2026-02-15T23:00:00,,,42.0
2026-02-03 12:00:00,38.3,27.8,1.0,"Satet International School, Tema Manhean",tabular,seasonal_naive_336h,h336,2026-01-04T23:00:00,2026-01-18T23:00:00,2026-02-15T23:00:00,,,42.0
2026-02-03 13:00:00,38.3,22.9,1.0,"Satet International School, Tema Manhean",tabular,seasonal_naive_336h,h336,2026-01-04T23:00:00,2026-01-18T23:00:00,2026-02-15T23:00:00,,,42.0
2026-02-03 14:00:00,28.8,21.5,1.0,"Satet International School, Tema Manhean",tabular,seasonal_naive_336h,h336,2026-01-04T23:00:00,2026-01-18T23:00:00,2026-02-15T23:00:00,,,42.0
2026-02-03 15:00:00,36.7,20.6,1.0,"Satet International School, Tema Manhean",tabular,seasonal_naive_336h,h336,2026-01-04T23:00:00,2026-01-18T23:00:00,2026-02-15T23:00:00,,,42.0
2026-02-03 16:00:00,38.1,20.4,1.0,"Satet International School, Tema Manhean",tabular,seasonal_naive_336h,h336,2026-01-04T23:00:00,2026-01-18T23:00:00,2026-02-15T23:00:00,,,42.0
2026-02-03 17:00:00,40.9,30.4,1.0,"Satet International School, Tema Manhean",tabular,seasonal_naive_336h,h336,2026-01-04T23:00:00,2026-01-18T23:00:00,2026-02-15T23:00:00,,,42.0
2026-02-03 18:00:00,47.9,32.9,1.0,"Satet International School, Tema Manhean",tabular,seasonal_naive_336h,h336,2026-01-04T23:00:00,2026-01-18T23:00:00,2026-02-15T23:00:00,,,42.0
2026-02-03 19:00:00,60.6,29.6,1.0,"Satet International School, Tema Manhean",tabular,seasonal_naive_336h,h336,2026-01-04T23:00:00,2026-01-18T23:00:00,2026-02-15T23:00:00,,,42.0
2026-02-03 20:00:00,75.7,30.8,1.0,"Satet International School, Tema Manhean",tabular,seasonal_naive_336h,h336,2026-01-04T23:00:00,2026-01-18T23:00:00,2026-02-15T23:00:00,,,42.0
2026-02-03 21:00:00,69.1,27.0,1.0,"Satet International School, Tema Manhean",tabular,seasonal_naive_336h,h336,2026-01-04T23:00:00,2026-01-18T23:00:00,2026-02-15T23:00:00,,,42.0
2026-02-03 22:00:00,64.7,33.3,1.0,"Satet International School, Tema Manhean",tabular,seasonal_naive_336h,h336,2026-01-04T23:00:00,2026-01-18T23:00:00,2026-02-15T23:00:00,,,42.0
2026-02-03 23:00:00,96.0,31.0,1.0,"Satet International School, Tema Manhean",tabular,seasonal_naive_336h,h336,2026-01-04T23:00:00,2026-01-18T23:00:00,2026-02-15T23:00:00,,,42.0
2026-02-04 00:00:00,59.2,27.0,1.0,"Satet International School, Tema Manhean",tabular,seasonal_naive_336h,h336,2026-01-04T23:00:00,2026-01-18T23:00:00,2026-02-15T23:00:00,,,42.0
2026-02-04 01:00:00,46.5,27.197590361445783,1.0,"Satet International School, Tema Manhean",tabular,seasonal_naive_336h,h336,2026-01-04T23:00:00,2026-01-18T23:00:00,2026-02-15T23:00:00,,,42.0
2026-02-04 02:00:00,62.9,27.395180722891567,1.0,"Satet International School, Tema Manhean",tabular,seasonal_naive_336h,h336,2026-01-04T23:00:00,2026-01-18T23:00:00,2026-02-15T23:00:00,,,42.0
2026-02-04 03:00:00,55.9,27.59277108433735,1.0,"Satet International School, Tema Manhean",tabular,seasonal_naive_336h,h336,2026-01-04T23:00:00,2026-01-18T23:00:00,2026-02-15T23:00:00,,,42.0
2026-02-04 04:00:00,70.1,,1.0,"Satet International School, Tema Manhean",tabular,seasonal_naive_336h,h336,2026-01-04T23:00:00,2026-01-18T23:00:00,2026-02-15T23:00:00,,,42.0
2026-02-04 05:00:00,87.7,,1.0,"Satet International School, Tema Manhean",tabular,seasonal_naive_336h,h336,2026-01-04T23:00:00,2026-01-18T23:00:00,2026-02-15T23:00:00,,,42.0
2026-02-04 06:00:00,95.6,,1.0,"Satet International School, Tema Manhean",tabular,seasonal_naive_336h,h336,2026-01-04T23:00:00,2026-01-18T23:00:00,2026-02-15T23:00:00,,,42.0
2026-02-04 07:00:00,62.5,,1.0,"Satet International School, Tema Manhean",tabular,seasonal_naive_336h,h336,2026-01-04T23:00:00,2026-01-18T23:00:00,2026-02-15T23:00:00,,,42.0
2026-02-04 08:00:00,56.9,,1.0,"Satet International School, Tema Manhean",tabular,seasonal_naive_336h,h336,2026-01-04T23:00:00,2026-01-18T23:00:00,2026-02-15T23:00:00,,,42.0
2026-02-04 09:00:00,41.6,,1.0,"Satet International School, Tema Manhean",tabular,seasonal_naive_336h,h336,2026-01-04T23:00:00,2026-01-18T23:00:00,2026-02-15T23:00:00,,,42.0
2026-02-04 10:00:00,55.3,,1.0,"Satet International School, Tema Manhean",tabular,seasonal_naive_336h,h336,2026-01-04T23:00:00,2026-01-18T23:00:00,2026-02-15T23:00:00,,,42.0
2026-02-04 11:00:00,39.2,,1.0,"Satet International School, Tema Manhean",tabular,seasonal_naive_336h,h336,2026-01-04T23:00:00,2026-01-18T23:00:00,2026-02-15T23:00:00,,,42.0
2026-02-04 12:00:00,35.4,,1.0,"Satet International School, Tema Manhean",tabular,seasonal_naive_336h,h336,2026-01-04T23:00:00,2026-01-18T23:00:00,2026-02-15T23:00:00,,,42.0
2026-02-04 13:00:00,36.6,,1.0,"Satet International School, Tema Manhean",tabular,seasonal_naive_336h,h336,2026-01-04T23:00:00,2026-01-18T23:00:00,2026-02-15T23:00:00,,,42.0
2026-02-04 14:00:00,38.8,,1.0,"Satet International School, Tema Manhean",tabular,seasonal_naive_336h,h336,2026-01-04T23:00:00,2026-01-18T23:00:00,2026-02-15T23:00:00,,,42.0
2026-02-04 15:00:00,32.8,,1.0,"Satet International School, Tema Manhean",tabular,seasonal_naive_336h,h336,2026-01-04T23:00:00,2026-01-18T23:00:00,2026-02-15T23:00:00,,,42.0
2026-02-04 16:00:00,34.1,,1.0,"Satet International School, Tema Manhean",tabular,seasonal_naive_336h,h336,2026-01-04T23:00:00,2026-01-18T23:00:00,2026-02-15T23:00:00,,,42.0
2026-02-04 17:00:00,34.4,,1.0,"Satet International School, Tema Manhean",tabular,seasonal_naive_336h,h336,2026-01-04T23:00:00,2026-01-18T23:00:00,2026-02-15T23:00:00,,,42.0
2026-02-04 18:00:00,42.4,,1.0,"Satet International School, Tema Manhean",tabular,seasonal_naive_336h,h336,2026-01-04T23:00:00,2026-01-18T23:00:00,2026-02-15T23:00:00,,,42.0
2026-02-04 19:00:00,32.7,,1.0,"Satet International School, Tema Manhean",tabular,seasonal_naive_336h,h336,2026-01-04T23:00:00,2026-01-18T23:00:00,2026-02-15T23:00:00,,,42.0
2026-02-04 20:00:00,27.1,,1.0,"Satet International School, Tema Manhean",tabular,seasonal_naive_336h,h336,2026-01-04T23:00:00,2026-01-18T23:00:00,2026-02-15T23:00:00,,,42.0
2026-02-04 21:00:00,30.0,,1.0,"Satet International School, Tema Manhean",tabular,seasonal_naive_336h,h336,2026-01-04T23:00:00,2026-01-18T23:00:00,2026-02-15T23:00:00,,,42.0
2026-02-04 22:00:00,37.1,,1.0,"Satet International School, Tema Manhean",tabular,seasonal_naive_336h,h336,2026-01-04T23:00:00,2026-01-18T23:00:00,2026-02-15T23:00:00,,,42.0
2026-02-04 23:00:00,35.1,,1.0,"Satet International School, Tema Manhean",tabular,seasonal_naive_336h,h336,2026-01-04T23:00:00,2026-01-18T23:00:00,2026-02-15T23:00:00,,,42.0
2026-02-05 00:00:00,46.6,,1.0,"Satet International School, Tema Manhean",tabular,seasonal_naive_336h,h336,2026-01-04T23:00:00,2026-01-18T23:00:00,2026-02-15T23:00:00,,,42.0
2026-02-05 01:00:00,43.0,,1.0,"Satet International School, Tema Manhean",tabular,seasonal_naive_336h,h336,2026-01-04T23:00:00,2026-01-18T23:00:00,2026-02-15T23:00:00,,,42.0
2026-02-05 02:00:00,58.3,,1.0,"Satet International School, Tema Manhean",tabular,seasonal_naive_336h,h336,2026-01-04T23:00:00,2026-01-18T23:00:00,2026-02-15T23:00:00,,,42.0
2026-02-05 03:00:00,42.9,,1.0,"Satet International School, Tema Manhean",tabular,seasonal_naive_336h,h336,2026-01-04T23:00:00,2026-01-18T23:00:00,2026-02-15T23:00:00,,,42.0
2026-02-05 04:00:00,42.9,,1.0,"Satet International School, Tema Manhean",tabular,seasonal_naive_336h,h336,2026-01-04T23:00:00,2026-01-18T23:00:00,2026-02-15T23:00:00,,,42.0
2026-02-05 05:00:00,107.6,,1.0,"Satet International School, Tema Manhean",tabular,seasonal_naive_336h,h336,2026-01-04T23:00:00,2026-01-18T23:00:00,2026-02-15T23:00:00,,,42.0
2026-02-05 06:00:00,50.5,,1.0,"Satet International School, Tema Manhean",tabular,seasonal_naive_336h,h336,2026-01-04T23:00:00,2026-01-18T23:00:00,2026-02-15T23:00:00,,,42.0
2026-02-05 07:00:00,46.2,,1.0,"Satet International School, Tema Manhean",tabular,seasonal_naive_336h,h336,2026-01-04T23:00:00,2026-01-18T23:00:00,2026-02-15T23:00:00,,,42.0
2026-02-05 08:00:00,34.5,,1.0,"Satet International School, Tema Manhean",tabular,seasonal_naive_336h,h336,2026-01-04T23:00:00,2026-01-18T23:00:00,2026-02-15T23:00:00,,,42.0
2026-02-05 09:00:00,26.6,,1.0,"Satet International School, Tema Manhean",tabular,seasonal_naive_336h,h336,2026-01-04T23:00:00,2026-01-18T23:00:00,2026-02-15T23:00:00,,,42.0
2026-02-05 10:00:00,22.1,,1.0,"Satet International School, Tema Manhean",tabular,seasonal_naive_336h,h336,2026-01-04T23:00:00,2026-01-18T23:00:00,2026-02-15T23:00:00,,,42.0
2026-02-05 11:00:00,30.2,,1.0,"Satet International School, Tema Manhean",tabular,seasonal_naive_336h,h336,2026-01-04T23:00:00,2026-01-18T23:00:00,2026-02-15T23:00:00,,,42.0
2026-02-05 12:00:00,25.8,,1.0,"Satet International School, Tema Manhean",tabular,seasonal_naive_336h,h336,2026-01-04T23:00:00,2026-01-18T23:00:00,2026-02-15T23:00:00,,,42.0
2026-02-05 13:00:00,21.3,,1.0,"Satet International School, Tema Manhean",tabular,seasonal_naive_336h,h336,2026-01-04T23:00:00,2026-01-18T23:00:00,2026-02-15T23:00:00,,,42.0
2026-02-05 14:00:00,21.0,,1.0,"Satet International School, Tema Manhean",tabular,seasonal_naive_336h,h336,2026-01-04T23:00:00,2026-01-18T23:00:00,2026-02-15T23:00:00,,,42.0
2026-02-05 15:00:00,24.6,,1.0,"Satet International School, Tema Manhean",tabular,seasonal_naive_336h,h336,2026-01-04T23:00:00,2026-01-18T23:00:00,2026-02-15T23:00:00,,,42.0
2026-02-05 16:00:00,26.9,,1.0,"Satet International School, Tema Manhean",tabular,seasonal_naive_336h,h336,2026-01-04T23:00:00,2026-01-18T23:00:00,2026-02-15T23:00:00,,,42.0
2026-02-05 17:00:00,27.9,,1.0,"Satet International School, Tema Manhean",tabular,seasonal_naive_336h,h336,2026-01-04T23:00:00,2026-01-18T23:00:00,2026-02-15T23:00:00,,,42.0
2026-02-05 18:00:00,38.6,,1.0,"Satet International School, Tema Manhean",tabular,seasonal_naive_336h,h336,2026-01-04T23:00:00,2026-01-18T23:00:00,2026-02-15T23:00:00,,,42.0
2026-02-05 19:00:00,32.0,,1.0,"Satet International School, Tema Manhean",tabular,seasonal_naive_336h,h336,2026-01-04T23:00:00,2026-01-18T23:00:00,2026-02-15T23:00:00,,,42.0
2026-02-05 20:00:00,27.9,,1.0,"Satet International School, Tema Manhean",tabular,seasonal_naive_336h,h336,2026-01-04T23:00:00,2026-01-18T23:00:00,2026-02-15T23:00:00,,,42.0
2026-02-05 21:00:00,26.2,,1.0,"Satet International School, Tema Manhean",tabular,seasonal_naive_336h,h336,2026-01-04T23:00:00,2026-01-18T23:00:00,2026-02-15T23:00:00,,,42.0
2026-02-05 22:00:00,32.6,,1.0,"Satet International School, Tema Manhean",tabular,seasonal_naive_336h,h336,2026-01-04T23:00:00,2026-01-18T23:00:00,2026-02-15T23:00:00,,,42.0
2026-02-05 23:00:00,29.5,,1.0,"Satet International School, Tema Manhean",tabular,seasonal_naive_336h,h336,2026-01-04T23:00:00,2026-01-18T23:00:00,2026-02-15T23:00:00,,,42.0
2026-02-06 00:00:00,32.2,,1.0,"Satet International School, Tema Manhean",tabular,seasonal_naive_336h,h336,2026-01-04T23:00:00,2026-01-18T23:00:00,2026-02-15T23:00:00,,,42.0
2026-02-06 01:00:00,24.5,,1.0,"Satet International School, Tema Manhean",tabular,seasonal_naive_336h,h336,2026-01-04T23:00:00,2026-01-18T23:00:00,2026-02-15T23:00:00,,,42.0
2026-02-06 02:00:00,26.4,,1.0,"Satet International School, Tema Manhean",tabular,seasonal_naive_336h,h336,2026-01-04T23:00:00,2026-01-18T23:00:00,2026-02-15T23:00:00,,,42.0
2026-02-06 03:00:00,26.9,,1.0,"Satet International School, Tema Manhean",tabular,seasonal_naive_336h,h336,2026-01-04T23:00:00,2026-01-18T23:00:00,2026-02-15T23:00:00,,,42.0
2026-02-06 04:00:00,32.5,,1.0,"Satet International School, Tema Manhean",tabular,seasonal_naive_336h,h336,2026-01-04T23:00:00,2026-01-18T23:00:00,2026-02-15T23:00:00,,,42.0
2026-02-06 05:00:00,43.6,,1.0,"Satet International School, Tema Manhean",tabular,seasonal_naive_336h,h336,2026-01-04T23:00:00,2026-01-18T23:00:00,2026-02-15T23:00:00,,,42.0
2026-02-06 06:00:00,47.7,,1.0,"Satet International School, Tema Manhean",tabular,seasonal_naive_336h,h336,2026-01-04T23:00:00,2026-01-18T23:00:00,2026-02-15T23:00:00,,,42.0
2026-02-06 07:00:00,65.9,,1.0,"Satet International School, Tema Manhean",tabular,seasonal_naive_336h,h336,2026-01-04T23:00:00,2026-01-18T23:00:00,2026-02-15T23:00:00,,,42.0
2026-02-06 08:00:00,43.2,,1.0,"Satet International School, Tema Manhean",tabular,seasonal_naive_336h,h336,2026-01-04T23:00:00,2026-01-18T23:00:00,2026-02-15T23:00:00,,,42.0
2026-02-06 09:00:00,29.5,,1.0,"Satet International School, Tema Manhean",tabular,seasonal_naive_336h,h336,2026-01-04T23:00:00,2026-01-18T23:00:00,2026-02-15T23:00:00,,,42.0
2026-02-06 10:00:00,21.3,,1.0,"Satet International School, Tema Manhean",tabular,seasonal_naive_336h,h336,2026-01-04T23:00:00,2026-01-18T23:00:00,2026-02-15T23:00:00,,,42.0
2026-02-06 11:00:00,21.4,,1.0,"Satet International School, Tema Manhean",tabular,seasonal_naive_336h,h336,2026-01-04T23:00:00,2026-01-18T23:00:00,2026-02-15T23:00:00,,,42.0
2026-02-06 12:00:00,23.9,,1.0,"Satet International School, Tema Manhean",tabular,seasonal_naive_336h,h336,2026-01-04T23:00:00,2026-01-18T23:00:00,2026-02-15T23:00:00,,,42.0
2026-02-06 13:00:00,24.1,,1.0,"Satet International School, Tema Manhean",tabular,seasonal_naive_336h,h336,2026-01-04T23:00:00,2026-01-18T23:00:00,2026-02-15T23:00:00,,,42.0
2026-02-06 14:00:00,24.9,,1.0,"Satet International School, Tema Manhean",tabular,seasonal_naive_336h,h336,2026-01-04T23:00:00,2026-01-18T23:00:00,2026-02-15T23:00:00,,,42.0
2026-02-06 15:00:00,31.0,,1.0,"Satet International School, Tema Manhean",tabular,seasonal_naive_336h,h336,2026-01-04T23:00:00,2026-01-18T23:00:00,2026-02-15T23:00:00,,,42.0
2026-02-06 16:00:00,34.8,,1.0,"Satet International School, Tema Manhean",tabular,seasonal_naive_336h,h336,2026-01-04T23:00:00,2026-01-18T23:00:00,2026-02-15T23:00:00,,,42.0
2026-02-06 17:00:00,37.1,,1.0,"Satet International School, Tema Manhean",tabular,seasonal_naive_336h,h336,2026-01-04T23:00:00,2026-01-18T23:00:00,2026-02-15T23:00:00,,,42.0
2026-02-06 18:00:00,43.9,,1.0,"Satet International School, Tema Manhean",tabular,seasonal_naive_336h,h336,2026-01-04T23:00:00,2026-01-18T23:00:00,2026-02-15T23:00:00,,,42.0
2026-02-06 19:00:00,40.0,,1.0,"Satet International School, Tema Manhean",tabular,seasonal_naive_336h,h336,2026-01-04T23:00:00,2026-01-18T23:00:00,2026-02-15T23:00:00,,,42.0
2026-02-06 20:00:00,28.6,,1.0,"Satet International School, Tema Manhean",tabular,seasonal_naive_336h,h336,2026-01-04T23:00:00,2026-01-18T23:00:00,2026-02-15T23:00:00,,,42.0
2026-02-06 21:00:00,45.4,,1.0,"Satet International School, Tema Manhean",tabular,seasonal_naive_336h,h336,2026-01-04T23:00:00,2026-01-18T23:00:00,2026-02-15T23:00:00,,,42.0
2026-02-06 22:00:00,33.0,,1.0,"Satet International School, Tema Manhean",tabular,seasonal_naive_336h,h336,2026-01-04T23:00:00,2026-01-18T23:00:00,2026-02-15T23:00:00,,,42.0
2026-02-06 23:00:00,35.4,,1.0,"Satet International School, Tema Manhean",tabular,seasonal_naive_336h,h336,2026-01-04T23:00:00,2026-01-18T23:00:00,2026-02-15T23:00:00,,,42.0
2026-02-07 00:00:00,30.0,,1.0,"Satet International School, Tema Manhean",tabular,seasonal_naive_336h,h336,2026-01-04T23:00:00,2026-01-18T23:00:00,2026-02-15T23:00:00,,,42.0
2026-02-07 01:00:00,26.4,,1.0,"Satet International School, Tema Manhean",tabular,seasonal_naive_336h,h336,2026-01-04T23:00:00,2026-01-18T23:00:00,2026-02-15T23:00:00,,,42.0
2026-02-07 02:00:00,23.6,,1.0,"Satet International School, Tema Manhean",tabular,seasonal_naive_336h,h336,2026-01-04T23:00:00,2026-01-18T23:00:00,2026-02-15T23:00:00,,,42.0
2026-02-07 03:00:00,30.2,,1.0,"Satet International School, Tema Manhean",tabular,seasonal_naive_336h,h336,2026-01-04T23:00:00,2026-01-18T23:00:00,2026-02-15T23:00:00,,,42.0
2026-02-07 04:00:00,36.9,,1.0,"Satet International School, Tema Manhean",tabular,seasonal_naive_336h,h336,2026-01-04T23:00:00,2026-01-18T23:00:00,2026-02-15T23:00:00,,,42.0
2026-02-07 05:00:00,54.3,,1.0,"Satet International School, Tema Manhean",tabular,seasonal_naive_336h,h336,2026-01-04T23:00:00,2026-01-18T23:00:00,2026-02-15T23:00:00,,,42.0
2026-02-07 06:00:00,69.6,,1.0,"Satet International School, Tema Manhean",tabular,seasonal_naive_336h,h336,2026-01-04T23:00:00,2026-01-18T23:00:00,2026-02-15T23:00:00,,,42.0
2026-02-07 07:00:00,68.2,,1.0,"Satet International School, Tema Manhean",tabular,seasonal_naive_336h,h336,2026-01-04T23:00:00,2026-01-18T23:00:00,2026-02-15T23:00:00,,,42.0
2026-02-07 08:00:00,50.3,42.80722891566265,1.0,"Satet International School, Tema Manhean",tabular,seasonal_naive_336h,h336,2026-01-04T23:00:00,2026-01-18T23:00:00,2026-02-15T23:00:00,,,42.0
2026-02-07 09:00:00,36.2,43.00481927710843,1.0,"Satet International School, Tema Manhean",tabular,seasonal_naive_336h,h336,2026-01-04T23:00:00,2026-01-18T23:00:00,2026-02-15T23:00:00,,,42.0
2026-02-07 10:00:00,25.2,43.202409638554215,1.0,"Satet International School, Tema Manhean",tabular,seasonal_naive_336h,h336,2026-01-04T23:00:00,2026-01-18T23:00:00,2026-02-15T23:00:00,,,42.0
2026-02-07 11:00:00,28.1,43.4,1.0,"Satet International School, Tema Manhean",tabular,seasonal_naive_336h,h336,2026-01-04T23:00:00,2026-01-18T23:00:00,2026-02-15T23:00:00,,,42.0
2026-02-07 12:00:00,32.4,44.4,1.0,"Satet International School, Tema Manhean",tabular,seasonal_naive_336h,h336,2026-01-04T23:00:00,2026-01-18T23:00:00,2026-02-15T23:00:00,,,42.0
2026-02-07 13:00:00,27.3,37.8,1.0,"Satet International School, Tema Manhean",tabular,seasonal_naive_336h,h336,2026-01-04T23:00:00,2026-01-18T23:00:00,2026-02-15T23:00:00,,,42.0
2026-02-07 14:00:00,27.0,31.6,1.0,"Satet International School, Tema Manhean",tabular,seasonal_naive_336h,h336,2026-01-04T23:00:00,2026-01-18T23:00:00,2026-02-15T23:00:00,,,42.0
2026-02-07 15:00:00,25.4,29.6,1.0,"Satet International School, Tema Manhean",tabular,seasonal_naive_336h,h336,2026-01-04T23:00:00,2026-01-18T23:00:00,2026-02-15T23:00:00,,,42.0
2026-02-07 16:00:00,23.3,30.8,1.0,"Satet International School, Tema Manhean",tabular,seasonal_naive_336h,h336,2026-01-04T23:00:00,2026-01-18T23:00:00,2026-02-15T23:00:00,,,42.0
2026-02-07 17:00:00,26.6,37.8,1.0,"Satet International School, Tema Manhean",tabular,seasonal_naive_336h,h336,2026-01-04T23:00:00,2026-01-18T23:00:00,2026-02-15T23:00:00,,,42.0
2026-02-07 18:00:00,31.6,40.1,1.0,"Satet International School, Tema Manhean",tabular,seasonal_naive_336h,h336,2026-01-04T23:00:00,2026-01-18T23:00:00,2026-02-15T23:00:00,,,42.0
2026-02-07 19:00:00,28.3,38.3,1.0,"Satet International School, Tema Manhean",tabular,seasonal_naive_336h,h336,2026-01-04T23:00:00,2026-01-18T23:00:00,2026-02-15T23:00:00,,,42.0
2026-02-07 20:00:00,27.6,36.5,1.0,"Satet International School, Tema Manhean",tabular,seasonal_naive_336h,h336,2026-01-04T23:00:00,2026-01-18T23:00:00,2026-02-15T23:00:00,,,42.0
2026-02-07 21:00:00,68.7,37.4,1.0,"Satet International School, Tema Manhean",tabular,seasonal_naive_336h,h336,2026-01-04T23:00:00,2026-01-18T23:00:00,2026-02-15T23:00:00,,,42.0
2026-02-07 22:00:00,46.7,46.2,1.0,"Satet International School, Tema Manhean",tabular,seasonal_naive_336h,h336,2026-01-04T23:00:00,2026-01-18T23:00:00,2026-02-15T23:00:00,,,42.0
2026-02-07 23:00:00,62.2,57.4,1.0,"Satet International School, Tema Manhean",tabular,seasonal_naive_336h,h336,2026-01-04T23:00:00,2026-01-18T23:00:00,2026-02-15T23:00:00,,,42.0
2026-02-08 00:00:00,51.4,40.6,1.0,"Satet International School, Tema Manhean",tabular,seasonal_naive_336h,h336,2026-01-04T23:00:00,2026-01-18T23:00:00,2026-02-15T23:00:00,,,42.0
2026-02-08 01:00:00,46.9,32.3,1.0,"Satet International School, Tema Manhean",tabular,seasonal_naive_336h,h336,2026-01-04T23:00:00,2026-01-18T23:00:00,2026-02-15T23:00:00,,,42.0
2026-02-08 02:00:00,37.1,33.1,1.0,"Satet International School, Tema Manhean",tabular,seasonal_naive_336h,h336,2026-01-04T23:00:00,2026-01-18T23:00:00,2026-02-15T23:00:00,,,42.0
2026-02-08 03:00:00,48.1,35.9,1.0,"Satet International School, Tema Manhean",tabular,seasonal_naive_336h,h336,2026-01-04T23:00:00,2026-01-18T23:00:00,2026-02-15T23:00:00,,,42.0
2026-02-08 04:00:00,42.6,51.5,1.0,"Satet International School, Tema Manhean",tabular,seasonal_naive_336h,h336,2026-01-04T23:00:00,2026-01-18T23:00:00,2026-02-15T23:00:00,,,42.0
2026-02-08 05:00:00,45.7,81.6,1.0,"Satet International School, Tema Manhean",tabular,seasonal_naive_336h,h336,2026-01-04T23:00:00,2026-01-18T23:00:00,2026-02-15T23:00:00,,,42.0
2026-02-08 06:00:00,53.5,127.1,1.0,"Satet International School, Tema Manhean",tabular,seasonal_naive_336h,h336,2026-01-04T23:00:00,2026-01-18T23:00:00,2026-02-15T23:00:00,,,42.0
2026-02-08 07:00:00,58.1,69.1,1.0,"Satet International School, Tema Manhean",tabular,seasonal_naive_336h,h336,2026-01-04T23:00:00,2026-01-18T23:00:00,2026-02-15T23:00:00,,,42.0
2026-02-08 08:00:00,47.0,52.9,1.0,"Satet International School, Tema Manhean",tabular,seasonal_naive_336h,h336,2026-01-04T23:00:00,2026-01-18T23:00:00,2026-02-15T23:00:00,,,42.0
2026-02-08 09:00:00,43.3,46.2,1.0,"Satet International School, Tema Manhean",tabular,seasonal_naive_336h,h336,2026-01-04T23:00:00,2026-01-18T23:00:00,2026-02-15T23:00:00,,,42.0
2026-02-08 10:00:00,41.6,46.3,1.0,"Satet International School, Tema Manhean",tabular,seasonal_naive_336h,h336,2026-01-04T23:00:00,2026-01-18T23:00:00,2026-02-15T23:00:00,,,42.0
2026-02-08 11:00:00,31.9,56.2,1.0,"Satet International School, Tema Manhean",tabular,seasonal_naive_336h,h336,2026-01-04T23:00:00,2026-01-18T23:00:00,2026-02-15T23:00:00,,,42.0
2026-02-08 12:00:00,23.6,52.9,1.0,"Satet International School, Tema Manhean",tabular,seasonal_naive_336h,h336,2026-01-04T23:00:00,2026-01-18T23:00:00,2026-02-15T23:00:00,,,42.0
2026-02-08 13:00:00,21.3,47.9,1.0,"Satet International School, Tema Manhean",tabular,seasonal_naive_336h,h336,2026-01-04T23:00:00,2026-01-18T23:00:00,2026-02-15T23:00:00,,,42.0
2026-02-08 14:00:00,26.8,42.8,1.0,"Satet International School, Tema Manhean",tabular,seasonal_naive_336h,h336,2026-01-04T23:00:00,2026-01-18T23:00:00,2026-02-15T23:00:00,,,42.0
2026-02-08 15:00:00,24.4,40.5,1.0,"Satet International School, Tema Manhean",tabular,seasonal_naive_336h,h336,2026-01-04T23:00:00,2026-01-18T23:00:00,2026-02-15T23:00:00,,,42.0
2026-02-08 16:00:00,23.1,38.1,1.0,"Satet International School, Tema Manhean",tabular,seasonal_naive_336h,h336,2026-01-04T23:00:00,2026-01-18T23:00:00,2026-02-15T23:00:00,,,42.0
2026-02-08 17:00:00,23.1,40.1,1.0,"Satet International School, Tema Manhean",tabular,seasonal_naive_336h,h336,2026-01-04T23:00:00,2026-01-18T23:00:00,2026-02-15T23:00:00,,,42.0
2026-02-08 18:00:00,27.8,42.0,1.0,"Satet International School, Tema Manhean",tabular,seasonal_naive_336h,h336,2026-01-04T23:00:00,2026-01-18T23:00:00,2026-02-15T23:00:00,,,42.0
2026-02-08 19:00:00,27.8,52.7,1.0,"Satet International School, Tema Manhean",tabular,seasonal_naive_336h,h336,2026-01-04T23:00:00,2026-01-18T23:00:00,2026-02-15T23:00:00,,,42.0
2026-02-08 20:00:00,29.9,43.7,1.0,"Satet International School, Tema Manhean",tabular,seasonal_naive_336h,h336,2026-01-04T23:00:00,2026-01-18T23:00:00,2026-02-15T23:00:00,,,42.0
2026-02-08 21:00:00,27.2,42.1,1.0,"Satet International School, Tema Manhean",tabular,seasonal_naive_336h,h336,2026-01-04T23:00:00,2026-01-18T23:00:00,2026-02-15T23:00:00,,,42.0
2026-02-08 22:00:00,40.1,41.8,1.0,"Satet International School, Tema Manhean",tabular,seasonal_naive_336h,h336,2026-01-04T23:00:00,2026-01-18T23:00:00,2026-02-15T23:00:00,,,42.0
2026-02-08 23:00:00,29.0,41.7,1.0,"Satet International School, Tema Manhean",tabular,seasonal_naive_336h,h336,2026-01-04T23:00:00,2026-01-18T23:00:00,2026-02-15T23:00:00,,,42.0
2026-02-09 00:00:00,25.4,47.2,1.0,"Satet International School, Tema Manhean",tabular,seasonal_naive_336h,h336,2026-01-04T23:00:00,2026-01-18T23:00:00,2026-02-15T23:00:00,,,42.0
2026-02-09 01:00:00,21.4,76.5,1.0,"Satet International School, Tema Manhean",tabular,seasonal_naive_336h,h336,2026-01-04T23:00:00,2026-01-18T23:00:00,2026-02-15T23:00:00,,,42.0
2026-02-09 02:00:00,22.6,63.2,1.0,"Satet International School, Tema Manhean",tabular,seasonal_naive_336h,h336,2026-01-04T23:00:00,2026-01-18T23:00:00,2026-02-15T23:00:00,,,42.0
2026-02-09 03:00:00,24.8,58.9,1.0,"Satet International School, Tema Manhean",tabular,seasonal_naive_336h,h336,2026-01-04T23:00:00,2026-01-18T23:00:00,2026-02-15T23:00:00,,,42.0
2026-02-09 04:00:00,27.3,160.8,1.0,"Satet International School, Tema Manhean",tabular,seasonal_naive_336h,h336,2026-01-04T23:00:00,2026-01-18T23:00:00,2026-02-15T23:00:00,,,42.0
2026-02-09 05:00:00,41.3,93.1,1.0,"Satet International School, Tema Manhean",tabular,seasonal_naive_336h,h336,2026-01-04T23:00:00,2026-01-18T23:00:00,2026-02-15T23:00:00,,,42.0
2026-02-09 06:00:00,45.7,81.8,1.0,"Satet International School, Tema Manhean",tabular,seasonal_naive_336h,h336,2026-01-04T23:00:00,2026-01-18T23:00:00,2026-02-15T23:00:00,,,42.0
2026-02-09 07:00:00,39.7,78.0,1.0,"Satet International School, Tema Manhean",tabular,seasonal_naive_336h,h336,2026-01-04T23:00:00,2026-01-18T23:00:00,2026-02-15T23:00:00,,,42.0
2026-02-09 08:00:00,38.2,61.0,1.0,"Satet International School, Tema Manhean",tabular,seasonal_naive_336h,h336,2026-01-04T23:00:00,2026-01-18T23:00:00,2026-02-15T23:00:00,,,42.0
2026-02-09 09:00:00,34.4,44.0,1.0,"Satet International School, Tema Manhean",tabular,seasonal_naive_336h,h336,2026-01-04T23:00:00,2026-01-18T23:00:00,2026-02-15T23:00:00,,,42.0
2026-02-09 10:00:00,33.7,63.1,1.0,"Satet International School, Tema Manhean",tabular,seasonal_naive_336h,h336,2026-01-04T23:00:00,2026-01-18T23:00:00,2026-02-15T23:00:00,,,42.0
2026-02-09 11:00:00,23.7,56.7,1.0,"Satet International School, Tema Manhean",tabular,seasonal_naive_336h,h336,2026-01-04T23:00:00,2026-01-18T23:00:00,2026-02-15T23:00:00,,,42.0
2026-02-09 12:00:00,22.6,40.0,1.0,"Satet International School, Tema Manhean",tabular,seasonal_naive_336h,h336,2026-01-04T23:00:00,2026-01-18T23:00:00,2026-02-15T23:00:00,,,42.0
2026-02-09 13:00:00,23.8,38.9,1.0,"Satet International School, Tema Manhean",tabular,seasonal_naive_336h,h336,2026-01-04T23:00:00,2026-01-18T23:00:00,2026-02-15T23:00:00,,,42.0
2026-02-09 14:00:00,22.5,35.9,1.0,"Satet International School, Tema Manhean",tabular,seasonal_naive_336h,h336,2026-01-04T23:00:00,2026-01-18T23:00:00,2026-02-15T23:00:00,,,42.0
2026-02-09 15:00:00,23.1,36.0,1.0,"Satet International School, Tema Manhean",tabular,seasonal_naive_336h,h336,2026-01-04T23:00:00,2026-01-18T23:00:00,2026-02-15T23:00:00,,,42.0
2026-02-09 16:00:00,25.2,36.0,1.0,"Satet International School, Tema Manhean",tabular,seasonal_naive_336h,h336,2026-01-04T23:00:00,2026-01-18T23:00:00,2026-02-15T23:00:00,,,42.0
2026-02-09 17:00:00,34.1,45.3,1.0,"Satet International School, Tema Manhean",tabular,seasonal_naive_336h,h336,2026-01-04T23:00:00,2026-01-18T23:00:00,2026-02-15T23:00:00,,,42.0
2026-02-09 18:00:00,30.6,46.5,1.0,"Satet International School, Tema Manhean",tabular,seasonal_naive_336h,h336,2026-01-04T23:00:00,2026-01-18T23:00:00,2026-02-15T23:00:00,,,42.0
2026-02-09 19:00:00,31.0,47.5,1.0,"Satet International School, Tema Manhean",tabular,seasonal_naive_336h,h336,2026-01-04T23:00:00,2026-01-18T23:00:00,2026-02-15T23:00:00,,,42.0
2026-02-09 20:00:00,32.8,43.0,1.0,"Satet International School, Tema Manhean",tabular,seasonal_naive_336h,h336,2026-01-04T23:00:00,2026-01-18T23:00:00,2026-02-15T23:00:00,,,42.0
2026-02-09 21:00:00,33.9,40.4,1.0,"Satet International School, Tema Manhean",tabular,seasonal_naive_336h,h336,2026-01-04T23:00:00,2026-01-18T23:00:00,2026-02-15T23:00:00,,,42.0
2026-02-09 22:00:00,45.3,40.2,1.0,"Satet International School, Tema Manhean",tabular,seasonal_naive_336h,h336,2026-01-04T23:00:00,2026-01-18T23:00:00,2026-02-15T23:00:00,,,42.0
2026-02-09 23:00:00,41.4,57.1,1.0,"Satet International School, Tema Manhean",tabular,seasonal_naive_336h,h336,2026-01-04T23:00:00,2026-01-18T23:00:00,2026-02-15T23:00:00,,,42.0
2026-02-10 00:00:00,36.6,49.3,1.0,"Satet International School, Tema Manhean",tabular,seasonal_naive_336h,h336,2026-01-04T23:00:00,2026-01-18T23:00:00,2026-02-15T23:00:00,,,42.0
2026-02-10 01:00:00,35.0,56.1,1.0,"Satet International School, Tema Manhean",tabular,seasonal_naive_336h,h336,2026-01-04T23:00:00,2026-01-18T23:00:00,2026-02-15T23:00:00,,,42.0
2026-02-10 02:00:00,42.0,64.6,1.0,"Satet International School, Tema Manhean",tabular,seasonal_naive_336h,h336,2026-01-04T23:00:00,2026-01-18T23:00:00,2026-02-15T23:00:00,,,42.0
2026-02-10 03:00:00,58.4,72.2,1.0,"Satet International School, Tema Manhean",tabular,seasonal_naive_336h,h336,2026-01-04T23:00:00,2026-01-18T23:00:00,2026-02-15T23:00:00,,,42.0
2026-02-10 04:00:00,61.3,120.0,1.0,"Satet International School, Tema Manhean",tabular,seasonal_naive_336h,h336,2026-01-04T23:00:00,2026-01-18T23:00:00,2026-02-15T23:00:00,,,42.0
2026-02-10 05:00:00,53.5,162.0,1.0,"Satet International School, Tema Manhean",tabular,seasonal_naive_336h,h336,2026-01-04T23:00:00,2026-01-18T23:00:00,2026-02-15T23:00:00,,,42.0
2026-02-10 06:00:00,95.5,64.8,1.0,"Satet International School, Tema Manhean",tabular,seasonal_naive_336h,h336,2026-01-04T23:00:00,2026-01-18T23:00:00,2026-02-15T23:00:00,,,42.0
2026-02-10 07:00:00,56.5,66.9,1.0,"Satet International School, Tema Manhean",tabular,seasonal_naive_336h,h336,2026-01-04T23:00:00,2026-01-18T23:00:00,2026-02-15T23:00:00,,,42.0
2026-02-10 08:00:00,37.6,53.7,1.0,"Satet International School, Tema Manhean",tabular,seasonal_naive_336h,h336,2026-01-04T23:00:00,2026-01-18T23:00:00,2026-02-15T23:00:00,,,42.0
2026-02-10 09:00:00,27.4,44.8,1.0,"Satet International School, Tema Manhean",tabular,seasonal_naive_336h,h336,2026-01-04T23:00:00,2026-01-18T23:00:00,2026-02-15T23:00:00,,,42.0
2026-02-10 10:00:00,25.2,51.4,1.0,"Satet International School, Tema Manhean",tabular,seasonal_naive_336h,h336,2026-01-04T23:00:00,2026-01-18T23:00:00,2026-02-15T23:00:00,,,42.0
2026-02-10 11:00:00,20.3,49.1,1.0,"Satet International School, Tema Manhean",tabular,seasonal_naive_336h,h336,2026-01-04T23:00:00,2026-01-18T23:00:00,2026-02-15T23:00:00,,,42.0
2026-02-10 12:00:00,17.9,49.5,1.0,"Satet International School, Tema Manhean",tabular,seasonal_naive_336h,h336,2026-01-04T23:00:00,2026-01-18T23:00:00,2026-02-15T23:00:00,,,42.0
2026-02-10 13:00:00,19.9,33.9,1.0,"Satet International School, Tema Manhean",tabular,seasonal_naive_336h,h336,2026-01-04T23:00:00,2026-01-18T23:00:00,2026-02-15T23:00:00,,,42.0
2026-02-10 14:00:00,20.9,31.7,1.0,"Satet International School, Tema Manhean",tabular,seasonal_naive_336h,h336,2026-01-04T23:00:00,2026-01-18T23:00:00,2026-02-15T23:00:00,,,42.0
2026-02-10 15:00:00,19.7,33.3,1.0,"Satet International School, Tema Manhean",tabular,seasonal_naive_336h,h336,2026-01-04T23:00:00,2026-01-18T23:00:00,2026-02-15T23:00:00,,,42.0
2026-02-10 16:00:00,20.1,36.6,1.0,"Satet International School, Tema Manhean",tabular,seasonal_naive_336h,h336,2026-01-04T23:00:00,2026-01-18T23:00:00,2026-02-15T23:00:00,,,42.0
2026-02-10 17:00:00,23.0,38.6,1.0,"Satet International School, Tema Manhean",tabular,seasonal_naive_336h,h336,2026-01-04T23:00:00,2026-01-18T23:00:00,2026-02-15T23:00:00,,,42.0
2026-02-10 18:00:00,34.6,40.9,1.0,"Satet International School, Tema Manhean",tabular,seasonal_naive_336h,h336,2026-01-04T23:00:00,2026-01-18T23:00:00,2026-02-15T23:00:00,,,42.0
2026-02-10 19:00:00,6.1,38.1,1.0,"Satet International School, Tema Manhean",tabular,seasonal_naive_336h,h336,2026-01-04T23:00:00,2026-01-18T23:00:00,2026-02-15T23:00:00,,,42.0
2026-02-10 20:00:00,13.2,38.5,1.0,"Satet International School, Tema Manhean",tabular,seasonal_naive_336h,h336,2026-01-04T23:00:00,2026-01-18T23:00:00,2026-02-15T23:00:00,,,42.0
2026-02-10 21:00:00,22.2,45.8,1.0,"Satet International School, Tema Manhean",tabular,seasonal_naive_336h,h336,2026-01-04T23:00:00,2026-01-18T23:00:00,2026-02-15T23:00:00,,,42.0
2026-02-10 22:00:00,42.7,45.8,1.0,"Satet International School, Tema Manhean",tabular,seasonal_naive_336h,h336,2026-01-04T23:00:00,2026-01-18T23:00:00,2026-02-15T23:00:00,,,42.0
2026-02-10 23:00:00,47.8,41.5,1.0,"Satet International School, Tema Manhean",tabular,seasonal_naive_336h,h336,2026-01-04T23:00:00,2026-01-18T23:00:00,2026-02-15T23:00:00,,,42.0
2026-02-11 00:00:00,38.8,40.2,1.0,"Satet International School, Tema Manhean",tabular,seasonal_naive_336h,h336,2026-01-04T23:00:00,2026-01-18T23:00:00,2026-02-15T23:00:00,,,42.0
2026-02-11 01:00:00,15.0,38.6,1.0,"Satet International School, Tema Manhean",tabular,seasonal_naive_336h,h336,2026-01-04T23:00:00,2026-01-18T23:00:00,2026-02-15T23:00:00,,,42.0
2026-02-11 02:00:00,24.4,42.2,1.0,"Satet International School, Tema Manhean",tabular,seasonal_naive_336h,h336,2026-01-04T23:00:00,2026-01-18T23:00:00,2026-02-15T23:00:00,,,42.0
2026-02-11 03:00:00,40.6,58.0,1.0,"Satet International School, Tema Manhean",tabular,seasonal_naive_336h,h336,2026-01-04T23:00:00,2026-01-18T23:00:00,2026-02-15T23:00:00,,,42.0
2026-02-11 04:00:00,45.7,59.1,1.0,"Satet International School, Tema Manhean",tabular,seasonal_naive_336h,h336,2026-01-04T23:00:00,2026-01-18T23:00:00,2026-02-15T23:00:00,,,42.0
2026-02-11 05:00:00,63.6,74.5,1.0,"Satet International School, Tema Manhean",tabular,seasonal_naive_336h,h336,2026-01-04T23:00:00,2026-01-18T23:00:00,2026-02-15T23:00:00,,,42.0
2026-02-11 06:00:00,62.5,82.7,1.0,"Satet International School, Tema Manhean",tabular,seasonal_naive_336h,h336,2026-01-04T23:00:00,2026-01-18T23:00:00,2026-02-15T23:00:00,,,42.0
2026-02-11 07:00:00,53.0,62.4,1.0,"Satet International School, Tema Manhean",tabular,seasonal_naive_336h,h336,2026-01-04T23:00:00,2026-01-18T23:00:00,2026-02-15T23:00:00,,,42.0
2026-02-11 08:00:00,59.6,52.2,1.0,"Satet International School, Tema Manhean",tabular,seasonal_naive_336h,h336,2026-01-04T23:00:00,2026-01-18T23:00:00,2026-02-15T23:00:00,,,42.0
2026-02-11 09:00:00,42.7,61.4,1.0,"Satet International School, Tema Manhean",tabular,seasonal_naive_336h,h336,2026-01-04T23:00:00,2026-01-18T23:00:00,2026-02-15T23:00:00,,,42.0
2026-02-11 10:00:00,27.2,40.3,1.0,"Satet International School, Tema Manhean",tabular,seasonal_naive_336h,h336,2026-01-04T23:00:00,2026-01-18T23:00:00,2026-02-15T23:00:00,,,42.0
2026-02-11 11:00:00,32.7,41.2,1.0,"Satet International School, Tema Manhean",tabular,seasonal_naive_336h,h336,2026-01-04T23:00:00,2026-01-18T23:00:00,2026-02-15T23:00:00,,,42.0
2026-02-11 12:00:00,38.2,39.0,1.0,"Satet International School, Tema Manhean",tabular,seasonal_naive_336h,h336,2026-01-04T23:00:00,2026-01-18T23:00:00,2026-02-15T23:00:00,,,42.0
2026-02-11 13:00:00,32.1,36.3,1.0,"Satet International School, Tema Manhean",tabular,seasonal_naive_336h,h336,2026-01-04T23:00:00,2026-01-18T23:00:00,2026-02-15T23:00:00,,,42.0
2026-02-11 14:00:00,20.9,35.3,1.0,"Satet International School, Tema Manhean",tabular,seasonal_naive_336h,h336,2026-01-04T23:00:00,2026-01-18T23:00:00,2026-02-15T23:00:00,,,42.0
2026-02-11 15:00:00,21.5,34.9,1.0,"Satet International School, Tema Manhean",tabular,seasonal_naive_336h,h336,2026-01-04T23:00:00,2026-01-18T23:00:00,2026-02-15T23:00:00,,,42.0
2026-02-11 16:00:00,18.3,39.7,1.0,"Satet International School, Tema Manhean",tabular,seasonal_naive_336h,h336,2026-01-04T23:00:00,2026-01-18T23:00:00,2026-02-15T23:00:00,,,42.0
2026-02-11 17:00:00,25.7,35.7,1.0,"Satet International School, Tema Manhean",tabular,seasonal_naive_336h,h336,2026-01-04T23:00:00,2026-01-18T23:00:00,2026-02-15T23:00:00,,,42.0
2026-02-11 18:00:00,33.9,40.7,1.0,"Satet International School, Tema Manhean",tabular,seasonal_naive_336h,h336,2026-01-04T23:00:00,2026-01-18T23:00:00,2026-02-15T23:00:00,,,42.0
2026-02-11 19:00:00,46.3,33.7,1.0,"Satet International School, Tema Manhean",tabular,seasonal_naive_336h,h336,2026-01-04T23:00:00,2026-01-18T23:00:00,2026-02-15T23:00:00,,,42.0
2026-02-11 20:00:00,45.6,32.5,1.0,"Satet International School, Tema Manhean",tabular,seasonal_naive_336h,h336,2026-01-04T23:00:00,2026-01-18T23:00:00,2026-02-15T23:00:00,,,42.0
2026-02-11 21:00:00,40.4,30.8,1.0,"Satet International School, Tema Manhean",tabular,seasonal_naive_336h,h336,2026-01-04T23:00:00,2026-01-18T23:00:00,2026-02-15T23:00:00,,,42.0
2026-02-11 22:00:00,41.7,31.5,1.0,"Satet International School, Tema Manhean",tabular,seasonal_naive_336h,h336,2026-01-04T23:00:00,2026-01-18T23:00:00,2026-02-15T23:00:00,,,42.0
2026-02-11 23:00:00,64.7,31.2,1.0,"Satet International School, Tema Manhean",tabular,seasonal_naive_336h,h336,2026-01-04T23:00:00,2026-01-18T23:00:00,2026-02-15T23:00:00,,,42.0
2026-02-12 00:00:00,60.4,30.3,1.0,"Satet International School, Tema Manhean",tabular,seasonal_naive_336h,h336,2026-01-04T23:00:00,2026-01-18T23:00:00,2026-02-15T23:00:00,,,42.0
2026-02-12 01:00:00,95.0,28.2,1.0,"Satet International School, Tema Manhean",tabular,seasonal_naive_336h,h336,2026-01-04T23:00:00,2026-01-18T23:00:00,2026-02-15T23:00:00,,,42.0
2026-02-12 02:00:00,107.9,28.7,1.0,"Satet International School, Tema Manhean",tabular,seasonal_naive_336h,h336,2026-01-04T23:00:00,2026-01-18T23:00:00,2026-02-15T23:00:00,,,42.0
2026-02-12 03:00:00,109.5,60.0,1.0,"Satet International School, Tema Manhean",tabular,seasonal_naive_336h,h336,2026-01-04T23:00:00,2026-01-18T23:00:00,2026-02-15T23:00:00,,,42.0
2026-02-12 04:00:00,110.4,43.4,1.0,"Satet International School, Tema Manhean",tabular,seasonal_naive_336h,h336,2026-01-04T23:00:00,2026-01-18T23:00:00,2026-02-15T23:00:00,,,42.0
2026-02-12 05:00:00,146.6,42.5,1.0,"Satet International School, Tema Manhean",tabular,seasonal_naive_336h,h336,2026-01-04T23:00:00,2026-01-18T23:00:00,2026-02-15T23:00:00,,,42.0
2026-02-12 06:00:00,194.0,73.5,1.0,"Satet International School, Tema Manhean",tabular,seasonal_naive_336h,h336,2026-01-04T23:00:00,2026-01-18T23:00:00,2026-02-15T23:00:00,,,42.0
2026-02-12 07:00:00,82.2,57.4,1.0,"Satet International School, Tema Manhean",tabular,seasonal_naive_336h,h336,2026-01-04T23:00:00,2026-01-18T23:00:00,2026-02-15T23:00:00,,,42.0
2026-02-12 08:00:00,52.7,47.6,1.0,"Satet International School, Tema Manhean",tabular,seasonal_naive_336h,h336,2026-01-04T23:00:00,2026-01-18T23:00:00,2026-02-15T23:00:00,,,42.0
2026-02-12 09:00:00,19.6,54.1,1.0,"Satet International School, Tema Manhean",tabular,seasonal_naive_336h,h336,2026-01-04T23:00:00,2026-01-18T23:00:00,2026-02-15T23:00:00,,,42.0
2026-02-12 10:00:00,5.0,38.6,1.0,"Satet International School, Tema Manhean",tabular,seasonal_naive_336h,h336,2026-01-04T23:00:00,2026-01-18T23:00:00,2026-02-15T23:00:00,,,42.0
2026-02-12 11:00:00,4.2,38.1,1.0,"Satet International School, Tema Manhean",tabular,seasonal_naive_336h,h336,2026-01-04T23:00:00,2026-01-18T23:00:00,2026-02-15T23:00:00,,,42.0
2026-02-12 12:00:00,4.1,32.3,1.0,"Satet International School, Tema Manhean",tabular,seasonal_naive_336h,h336,2026-01-04T23:00:00,2026-01-18T23:00:00,2026-02-15T23:00:00,,,42.0
2026-02-12 13:00:00,5.4,32.3,1.0,"Satet International School, Tema Manhean",tabular,seasonal_naive_336h,h336,2026-01-04T23:00:00,2026-01-18T23:00:00,2026-02-15T23:00:00,,,42.0
2026-02-12 14:00:00,6.5,29.2,1.0,"Satet International School, Tema Manhean",tabular,seasonal_naive_336h,h336,2026-01-04T23:00:00,2026-01-18T23:00:00,2026-02-15T23:00:00,,,42.0
2026-02-12 15:00:00,10.4,33.0,1.0,"Satet International School, Tema Manhean",tabular,seasonal_naive_336h,h336,2026-01-04T23:00:00,2026-01-18T23:00:00,2026-02-15T23:00:00,,,42.0
2026-02-12 16:00:00,15.0,32.5,1.0,"Satet International School, Tema Manhean",tabular,seasonal_naive_336h,h336,2026-01-04T23:00:00,2026-01-18T23:00:00,2026-02-15T23:00:00,,,42.0
2026-02-12 17:00:00,22.8,33.4,1.0,"Satet International School, Tema Manhean",tabular,seasonal_naive_336h,h336,2026-01-04T23:00:00,2026-01-18T23:00:00,2026-02-15T23:00:00,,,42.0
2026-02-12 18:00:00,46.5,37.6,1.0,"Satet International School, Tema Manhean",tabular,seasonal_naive_336h,h336,2026-01-04T23:00:00,2026-01-18T23:00:00,2026-02-15T23:00:00,,,42.0
2026-02-12 19:00:00,29.7,36.1,1.0,"Satet International School, Tema Manhean",tabular,seasonal_naive_336h,h336,2026-01-04T23:00:00,2026-01-18T23:00:00,2026-02-15T23:00:00,,,42.0
2026-02-12 20:00:00,20.5,33.3,1.0,"Satet International School, Tema Manhean",tabular,seasonal_naive_336h,h336,2026-01-04T23:00:00,2026-01-18T23:00:00,2026-02-15T23:00:00,,,42.0
2026-02-12 21:00:00,19.8,40.7,1.0,"Satet International School, Tema Manhean",tabular,seasonal_naive_336h,h336,2026-01-04T23:00:00,2026-01-18T23:00:00,2026-02-15T23:00:00,,,42.0
2026-02-12 22:00:00,26.6,39.0,1.0,"Satet International School, Tema Manhean",tabular,seasonal_naive_336h,h336,2026-01-04T23:00:00,2026-01-18T23:00:00,2026-02-15T23:00:00,,,42.0
2026-02-12 23:00:00,27.9,42.3,1.0,"Satet International School, Tema Manhean",tabular,seasonal_naive_336h,h336,2026-01-04T23:00:00,2026-01-18T23:00:00,2026-02-15T23:00:00,,,42.0
2026-02-13 00:00:00,18.4,43.7,1.0,"Satet International School, Tema Manhean",tabular,seasonal_naive_336h,h336,2026-01-04T23:00:00,2026-01-18T23:00:00,2026-02-15T23:00:00,,,42.0
2026-02-13 01:00:00,24.9,48.9,1.0,"Satet International School, Tema Manhean",tabular,seasonal_naive_336h,h336,2026-01-04T23:00:00,2026-01-18T23:00:00,2026-02-15T23:00:00,,,42.0
2026-02-13 02:00:00,27.4,48.9,1.0,"Satet International School, Tema Manhean",tabular,seasonal_naive_336h,h336,2026-01-04T23:00:00,2026-01-18T23:00:00,2026-02-15T23:00:00,,,42.0
2026-02-13 03:00:00,38.6,43.0,1.0,"Satet International School, Tema Manhean",tabular,seasonal_naive_336h,h336,2026-01-04T23:00:00,2026-01-18T23:00:00,2026-02-15T23:00:00,,,42.0
2026-02-13 04:00:00,77.9,44.6,1.0,"Satet International School, Tema Manhean",tabular,seasonal_naive_336h,h336,2026-01-04T23:00:00,2026-01-18T23:00:00,2026-02-15T23:00:00,,,42.0
2026-02-13 05:00:00,164.0,50.6,1.0,"Satet International School, Tema Manhean",tabular,seasonal_naive_336h,h336,2026-01-04T23:00:00,2026-01-18T23:00:00,2026-02-15T23:00:00,,,42.0
2026-02-13 06:00:00,76.4,89.4,1.0,"Satet International School, Tema Manhean",tabular,seasonal_naive_336h,h336,2026-01-04T23:00:00,2026-01-18T23:00:00,2026-02-15T23:00:00,,,42.0
2026-02-13 07:00:00,42.0,56.3,1.0,"Satet International School, Tema Manhean",tabular,seasonal_naive_336h,h336,2026-01-04T23:00:00,2026-01-18T23:00:00,2026-02-15T23:00:00,,,42.0
2026-02-13 08:00:00,26.0,51.9,1.0,"Satet International School, Tema Manhean",tabular,seasonal_naive_336h,h336,2026-01-04T23:00:00,2026-01-18T23:00:00,2026-02-15T23:00:00,,,42.0
2026-02-13 09:00:00,25.4,43.2,1.0,"Satet International School, Tema Manhean",tabular,seasonal_naive_336h,h336,2026-01-04T23:00:00,2026-01-18T23:00:00,2026-02-15T23:00:00,,,42.0
2026-02-13 10:00:00,10.8,49.3,1.0,"Satet International School, Tema Manhean",tabular,seasonal_naive_336h,h336,2026-01-04T23:00:00,2026-01-18T23:00:00,2026-02-15T23:00:00,,,42.0
2026-02-13 11:00:00,4.4,38.6,1.0,"Satet International School, Tema Manhean",tabular,seasonal_naive_336h,h336,2026-01-04T23:00:00,2026-01-18T23:00:00,2026-02-15T23:00:00,,,42.0
2026-02-13 12:00:00,4.5,33.5,1.0,"Satet International School, Tema Manhean",tabular,seasonal_naive_336h,h336,2026-01-04T23:00:00,2026-01-18T23:00:00,2026-02-15T23:00:00,,,42.0
2026-02-13 13:00:00,7.2,33.9,1.0,"Satet International School, Tema Manhean",tabular,seasonal_naive_336h,h336,2026-01-04T23:00:00,2026-01-18T23:00:00,2026-02-15T23:00:00,,,42.0
2026-02-13 14:00:00,8.5,34.3,1.0,"Satet International School, Tema Manhean",tabular,seasonal_naive_336h,h336,2026-01-04T23:00:00,2026-01-18T23:00:00,2026-02-15T23:00:00,,,42.0
2026-02-13 15:00:00,9.2,36.4,1.0,"Satet International School, Tema Manhean",tabular,seasonal_naive_336h,h336,2026-01-04T23:00:00,2026-01-18T23:00:00,2026-02-15T23:00:00,,,42.0
2026-02-13 16:00:00,8.7,38.3,1.0,"Satet International School, Tema Manhean",tabular,seasonal_naive_336h,h336,2026-01-04T23:00:00,2026-01-18T23:00:00,2026-02-15T23:00:00,,,42.0
2026-02-13 17:00:00,20.9,52.0,1.0,"Satet International School, Tema Manhean",tabular,seasonal_naive_336h,h336,2026-01-04T23:00:00,2026-01-18T23:00:00,2026-02-15T23:00:00,,,42.0
2026-02-13 18:00:00,20.4,53.7,1.0,"Satet International School, Tema Manhean",tabular,seasonal_naive_336h,h336,2026-01-04T23:00:00,2026-01-18T23:00:00,2026-02-15T23:00:00,,,42.0
2026-02-13 19:00:00,14.5,43.0,1.0,"Satet International School, Tema Manhean",tabular,seasonal_naive_336h,h336,2026-01-04T23:00:00,2026-01-18T23:00:00,2026-02-15T23:00:00,,,42.0
2026-02-13 20:00:00,8.9,37.5,1.0,"Satet International School, Tema Manhean",tabular,seasonal_naive_336h,h336,2026-01-04T23:00:00,2026-01-18T23:00:00,2026-02-15T23:00:00,,,42.0
2026-02-13 21:00:00,9.2,70.7,1.0,"Satet International School, Tema Manhean",tabular,seasonal_naive_336h,h336,2026-01-04T23:00:00,2026-01-18T23:00:00,2026-02-15T23:00:00,,,42.0
2026-02-13 22:00:00,7.7,55.8,1.0,"Satet International School, Tema Manhean",tabular,seasonal_naive_336h,h336,2026-01-04T23:00:00,2026-01-18T23:00:00,2026-02-15T23:00:00,,,42.0
2026-02-13 23:00:00,12.6,42.5,1.0,"Satet International School, Tema Manhean",tabular,seasonal_naive_336h,h336,2026-01-04T23:00:00,2026-01-18T23:00:00,2026-02-15T23:00:00,,,42.0
2026-02-14 00:00:00,14.6,45.3,1.0,"Satet International School, Tema Manhean",tabular,seasonal_naive_336h,h336,2026-01-04T23:00:00,2026-01-18T23:00:00,2026-02-15T23:00:00,,,42.0
2026-02-14 01:00:00,9.3,44.3,1.0,"Satet International School, Tema Manhean",tabular,seasonal_naive_336h,h336,2026-01-04T23:00:00,2026-01-18T23:00:00,2026-02-15T23:00:00,,,42.0
2026-02-14 02:00:00,11.7,36.7,1.0,"Satet International School, Tema Manhean",tabular,seasonal_naive_336h,h336,2026-01-04T23:00:00,2026-01-18T23:00:00,2026-02-15T23:00:00,,,42.0
2026-02-14 03:00:00,20.4,36.6,1.0,"Satet International School, Tema Manhean",tabular,seasonal_naive_336h,h336,2026-01-04T23:00:00,2026-01-18T23:00:00,2026-02-15T23:00:00,,,42.0
2026-02-14 04:00:00,24.5,45.5,1.0,"Satet International School, Tema Manhean",tabular,seasonal_naive_336h,h336,2026-01-04T23:00:00,2026-01-18T23:00:00,2026-02-15T23:00:00,,,42.0
2026-02-14 05:00:00,49.8,70.0,1.0,"Satet International School, Tema Manhean",tabular,seasonal_naive_336h,h336,2026-01-04T23:00:00,2026-01-18T23:00:00,2026-02-15T23:00:00,,,42.0
2026-02-14 06:00:00,50.6,56.1,1.0,"Satet International School, Tema Manhean",tabular,seasonal_naive_336h,h336,2026-01-04T23:00:00,2026-01-18T23:00:00,2026-02-15T23:00:00,,,42.0
2026-02-14 07:00:00,45.400000000000006,76.5,1.0,"Satet International School, Tema Manhean",tabular,seasonal_naive_336h,h336,2026-01-04T23:00:00,2026-01-18T23:00:00,2026-02-15T23:00:00,,,42.0
2026-02-14 08:00:00,40.2,50.2,1.0,"Satet International School, Tema Manhean",tabular,seasonal_naive_336h,h336,2026-01-04T23:00:00,2026-01-18T23:00:00,2026-02-15T23:00:00,,,42.0
2026-02-14 09:00:00,36.3,43.3,1.0,"Satet International School, Tema Manhean",tabular,seasonal_naive_336h,h336,2026-01-04T23:00:00,2026-01-18T23:00:00,2026-02-15T23:00:00,,,42.0
2026-02-14 10:00:00,20.1,52.6,1.0,"Satet International School, Tema Manhean",tabular,seasonal_naive_336h,h336,2026-01-04T23:00:00,2026-01-18T23:00:00,2026-02-15T23:00:00,,,42.0
2026-02-14 11:00:00,21.2,51.1,1.0,"Satet International School, Tema Manhean",tabular,seasonal_naive_336h,h336,2026-01-04T23:00:00,2026-01-18T23:00:00,2026-02-15T23:00:00,,,42.0
2026-02-14 12:00:00,23.5,41.4,1.0,"Satet International School, Tema Manhean",tabular,seasonal_naive_336h,h336,2026-01-04T23:00:00,2026-01-18T23:00:00,2026-02-15T23:00:00,,,42.0
2026-02-14 13:00:00,20.5,36.9,1.0,"Satet International School, Tema Manhean",tabular,seasonal_naive_336h,h336,2026-01-04T23:00:00,2026-01-18T23:00:00,2026-02-15T23:00:00,,,42.0
2026-02-14 14:00:00,20.4,35.6,1.0,"Satet International School, Tema Manhean",tabular,seasonal_naive_336h,h336,2026-01-04T23:00:00,2026-01-18T23:00:00,2026-02-15T23:00:00,,,42.0
2026-02-14 15:00:00,22.1,39.9,1.0,"Satet International School, Tema Manhean",tabular,seasonal_naive_336h,h336,2026-01-04T23:00:00,2026-01-18T23:00:00,2026-02-15T23:00:00,,,42.0
2026-02-14 16:00:00,42.7,40.4,1.0,"Satet International School, Tema Manhean",tabular,seasonal_naive_336h,h336,2026-01-04T23:00:00,2026-01-18T23:00:00,2026-02-15T23:00:00,,,42.0
2026-02-14 17:00:00,49.0,38.0,1.0,"Satet International School, Tema Manhean",tabular,seasonal_naive_336h,h336,2026-01-04T23:00:00,2026-01-18T23:00:00,2026-02-15T23:00:00,,,42.0
2026-02-14 18:00:00,67.3,49.4,1.0,"Satet International School, Tema Manhean",tabular,seasonal_naive_336h,h336,2026-01-04T23:00:00,2026-01-18T23:00:00,2026-02-15T23:00:00,,,42.0
2026-02-14 19:00:00,71.8,42.8,1.0,"Satet International School, Tema Manhean",tabular,seasonal_naive_336h,h336,2026-01-04T23:00:00,2026-01-18T23:00:00,2026-02-15T23:00:00,,,42.0
2026-02-14 20:00:00,101.2,44.2,1.0,"Satet International School, Tema Manhean",tabular,seasonal_naive_336h,h336,2026-01-04T23:00:00,2026-01-18T23:00:00,2026-02-15T23:00:00,,,42.0
2026-02-14 21:00:00,73.9,42.5,1.0,"Satet International School, Tema Manhean",tabular,seasonal_naive_336h,h336,2026-01-04T23:00:00,2026-01-18T23:00:00,2026-02-15T23:00:00,,,42.0
2026-02-14 22:00:00,55.1,44.5,1.0,"Satet International School, Tema Manhean",tabular,seasonal_naive_336h,h336,2026-01-04T23:00:00,2026-01-18T23:00:00,2026-02-15T23:00:00,,,42.0
2026-02-14 23:00:00,107.3,44.0,1.0,"Satet International School, Tema Manhean",tabular,seasonal_naive_336h,h336,2026-01-04T23:00:00,2026-01-18T23:00:00,2026-02-15T23:00:00,,,42.0
2026-02-15 00:00:00,76.3,41.8,1.0,"Satet International School, Tema Manhean",tabular,seasonal_naive_336h,h336,2026-01-04T23:00:00,2026-01-18T23:00:00,2026-02-15T23:00:00,,,42.0
2026-02-15 01:00:00,45.9,41.0,1.0,"Satet International School, Tema Manhean",tabular,seasonal_naive_336h,h336,2026-01-04T23:00:00,2026-01-18T23:00:00,2026-02-15T23:00:00,,,42.0
2026-02-15 02:00:00,44.7,85.9,1.0,"Satet International School, Tema Manhean",tabular,seasonal_naive_336h,h336,2026-01-04T23:00:00,2026-01-18T23:00:00,2026-02-15T23:00:00,,,42.0
2026-02-15 03:00:00,42.5,84.2,1.0,"Satet International School, Tema Manhean",tabular,seasonal_naive_336h,h336,2026-01-04T23:00:00,2026-01-18T23:00:00,2026-02-15T23:00:00,,,42.0
2026-02-15 04:00:00,68.2,111.1,1.0,"Satet International School, Tema Manhean",tabular,seasonal_naive_336h,h336,2026-01-04T23:00:00,2026-01-18T23:00:00,2026-02-15T23:00:00,,,42.0
2026-02-15 05:00:00,146.4,75.4,1.0,"Satet International School, Tema Manhean",tabular,seasonal_naive_336h,h336,2026-01-04T23:00:00,2026-01-18T23:00:00,2026-02-15T23:00:00,,,42.0
2026-02-15 06:00:00,167.7,92.4,1.0,"Satet International School, Tema Manhean",tabular,seasonal_naive_336h,h336,2026-01-04T23:00:00,2026-01-18T23:00:00,2026-02-15T23:00:00,,,42.0
2026-02-15 07:00:00,48.4,67.1,1.0,"Satet International School, Tema Manhean",tabular,seasonal_naive_336h,h336,2026-01-04T23:00:00,2026-01-18T23:00:00,2026-02-15T23:00:00,,,42.0
2026-02-15 08:00:00,31.8,51.4,1.0,"Satet International School, Tema Manhean",tabular,seasonal_naive_336h,h336,2026-01-04T23:00:00,2026-01-18T23:00:00,2026-02-15T23:00:00,,,42.0
2026-02-15 09:00:00,26.7,45.9,1.0,"Satet International School, Tema Manhean",tabular,seasonal_naive_336h,h336,2026-01-04T23:00:00,2026-01-18T23:00:00,2026-02-15T23:00:00,,,42.0
2026-02-15 10:00:00,34.3,47.1,1.0,"Satet International School, Tema Manhean",tabular,seasonal_naive_336h,h336,2026-01-04T23:00:00,2026-01-18T23:00:00,2026-02-15T23:00:00,,,42.0
2026-02-15 11:00:00,23.8,40.6,1.0,"Satet International School, Tema Manhean",tabular,seasonal_naive_336h,h336,2026-01-04T23:00:00,2026-01-18T23:00:00,2026-02-15T23:00:00,,,42.0
2026-02-15 12:00:00,18.1,39.3,1.0,"Satet International School, Tema Manhean",tabular,seasonal_naive_336h,h336,2026-01-04T23:00:00,2026-01-18T23:00:00,2026-02-15T23:00:00,,,42.0
2026-02-15 13:00:00,12.2,40.2,1.0,"Satet International School, Tema Manhean",tabular,seasonal_naive_336h,h336,2026-01-04T23:00:00,2026-01-18T23:00:00,2026-02-15T23:00:00,,,42.0
2026-02-15 14:00:00,14.9,38.8,1.0,"Satet International School, Tema Manhean",tabular,seasonal_naive_336h,h336,2026-01-04T23:00:00,2026-01-18T23:00:00,2026-02-15T23:00:00,,,42.0
2026-02-15 15:00:00,8.5,38.1,1.0,"Satet International School, Tema Manhean",tabular,seasonal_naive_336h,h336,2026-01-04T23:00:00,2026-01-18T23:00:00,2026-02-15T23:00:00,,,42.0
2026-02-15 16:00:00,9.0,39.7,1.0,"Satet International School, Tema Manhean",tabular,seasonal_naive_336h,h336,2026-01-04T23:00:00,2026-01-18T23:00:00,2026-02-15T23:00:00,,,42.0
2026-02-15 17:00:00,16.1,41.3,1.0,"Satet International School, Tema Manhean",tabular,seasonal_naive_336h,h336,2026-01-04T23:00:00,2026-01-18T23:00:00,2026-02-15T23:00:00,,,42.0
2026-02-15 18:00:00,20.1,44.7,1.0,"Satet International School, Tema Manhean",tabular,seasonal_naive_336h,h336,2026-01-04T23:00:00,2026-01-18T23:00:00,2026-02-15T23:00:00,,,42.0
2026-02-15 19:00:00,24.9,44.0,1.0,"Satet International School, Tema Manhean",tabular,seasonal_naive_336h,h336,2026-01-04T23:00:00,2026-01-18T23:00:00,2026-02-15T23:00:00,,,42.0
2026-02-15 20:00:00,22.8,45.2,1.0,"Satet International School, Tema Manhean",tabular,seasonal_naive_336h,h336,2026-01-04T23:00:00,2026-01-18T23:00:00,2026-02-15T23:00:00,,,42.0
2026-02-15 21:00:00,27.8,46.6,1.0,"Satet International School, Tema Manhean",tabular,seasonal_naive_336h,h336,2026-01-04T23:00:00,2026-01-18T23:00:00,2026-02-15T23:00:00,,,42.0
2026-02-15 22:00:00,18.9,47.6,1.0,"Satet International School, Tema Manhean",tabular,seasonal_naive_336h,h336,2026-01-04T23:00:00,2026-01-18T23:00:00,2026-02-15T23:00:00,,,42.0
2026-02-15 23:00:00,28.3,42.0,1.0,"Satet International School, Tema Manhean",tabular,seasonal_naive_336h,h336,2026-01-04T23:00:00,2026-01-18T23:00:00,2026-02-15T23:00:00,,,42.0
2026-01-18 23:00:00,47.9,20.2,1.0,Tema Community 25 Estate,tabular,seasonal_naive_336h,h336,2026-01-04T23:00:00,2026-01-18T23:00:00,2026-02-15T23:00:00,,,42.0
2026-01-19 00:00:00,45.2,19.5,1.0,Tema Community 25 Estate,tabular,seasonal_naive_336h,h336,2026-01-04T23:00:00,2026-01-18T23:00:00,2026-02-15T23:00:00,,,42.0
2026-01-19 01:00:00,42.7,20.7,1.0,Tema Community 25 Estate,tabular,seasonal_naive_336h,h336,2026-01-04T23:00:00,2026-01-18T23:00:00,2026-02-15T23:00:00,,,42.0
2026-01-19 02:00:00,29.8,22.3,1.0,Tema Community 25 Estate,tabular,seasonal_naive_336h,h336,2026-01-04T23:00:00,2026-01-18T23:00:00,2026-02-15T23:00:00,,,42.0
2026-01-19 03:00:00,26.0,19.5,1.0,Tema Community 25 Estate,tabular,seasonal_naive_336h,h336,2026-01-04T23:00:00,2026-01-18T23:00:00,2026-02-15T23:00:00,,,42.0
2026-01-19 04:00:00,26.6,18.6,1.0,Tema Community 25 Estate,tabular,seasonal_naive_336h,h336,2026-01-04T23:00:00,2026-01-18T23:00:00,2026-02-15T23:00:00,,,42.0
2026-01-19 05:00:00,31.5,40.7,1.0,Tema Community 25 Estate,tabular,seasonal_naive_336h,h336,2026-01-04T23:00:00,2026-01-18T23:00:00,2026-02-15T23:00:00,,,42.0
2026-01-19 06:00:00,34.45,32.7,1.0,Tema Community 25 Estate,tabular,seasonal_naive_336h,h336,2026-01-04T23:00:00,2026-01-18T23:00:00,2026-02-15T23:00:00,,,42.0
2026-01-19 07:00:00,37.4,30.8,1.0,Tema Community 25 Estate,tabular,seasonal_naive_336h,h336,2026-01-04T23:00:00,2026-01-18T23:00:00,2026-02-15T23:00:00,,,42.0
2026-01-19 08:00:00,34.6,23.3,1.0,Tema Community 25 Estate,tabular,seasonal_naive_336h,h336,2026-01-04T23:00:00,2026-01-18T23:00:00,2026-02-15T23:00:00,,,42.0
2026-01-19 09:00:00,31.4,44.2,1.0,Tema Community 25 Estate,tabular,seasonal_naive_336h,h336,2026-01-04T23:00:00,2026-01-18T23:00:00,2026-02-15T23:00:00,,,42.0
2026-01-19 10:00:00,31.9,26.2,1.0,Tema Community 25 Estate,tabular,seasonal_naive_336h,h336,2026-01-04T23:00:00,2026-01-18T23:00:00,2026-02-15T23:00:00,,,42.0
2026-01-19 11:00:00,35.1,29.0,1.0,Tema Community 25 Estate,tabular,seasonal_naive_336h,h336,2026-01-04T23:00:00,2026-01-18T23:00:00,2026-02-15T23:00:00,,,42.0
2026-01-19 12:00:00,32.5,28.7,1.0,Tema Community 25 Estate,tabular,seasonal_naive_336h,h336,2026-01-04T23:00:00,2026-01-18T23:00:00,2026-02-15T23:00:00,,,42.0
2026-01-19 13:00:00,30.3,25.7,1.0,Tema Community 25 Estate,tabular,seasonal_naive_336h,h336,2026-01-04T23:00:00,2026-01-18T23:00:00,2026-02-15T23:00:00,,,42.0
2026-01-19 14:00:00,28.1,20.7,1.0,Tema Community 25 Estate,tabular,seasonal_naive_336h,h336,2026-01-04T23:00:00,2026-01-18T23:00:00,2026-02-15T23:00:00,,,42.0
2026-01-19 15:00:00,27.6,29.6,1.0,Tema Community 25 Estate,tabular,seasonal_naive_336h,h336,2026-01-04T23:00:00,2026-01-18T23:00:00,2026-02-15T23:00:00,,,42.0
2026-01-19 16:00:00,30.5,37.9,1.0,Tema Community 25 Estate,tabular,seasonal_naive_336h,h336,2026-01-04T23:00:00,2026-01-18T23:00:00,2026-02-15T23:00:00,,,42.0
2026-01-19 17:00:00,31.4,31.5,1.0,Tema Community 25 Estate,tabular,seasonal_naive_336h,h336,2026-01-04T23:00:00,2026-01-18T23:00:00,2026-02-15T23:00:00,,,42.0
2026-01-19 18:00:00,34.2,24.7,1.0,Tema Community 25 Estate,tabular,seasonal_naive_336h,h336,2026-01-04T23:00:00,2026-01-18T23:00:00,2026-02-15T23:00:00,,,42.0
2026-01-19 19:00:00,30.9,26.3,1.0,Tema Community 25 Estate,tabular,seasonal_naive_336h,h336,2026-01-04T23:00:00,2026-01-18T23:00:00,2026-02-15T23:00:00,,,42.0
2026-01-19 20:00:00,39.0,27.3,1.0,Tema Community 25 Estate,tabular,seasonal_naive_336h,h336,2026-01-04T23:00:00,2026-01-18T23:00:00,2026-02-15T23:00:00,,,42.0
2026-01-19 21:00:00,27.9,39.6,1.0,Tema Community 25 Estate,tabular,seasonal_naive_336h,h336,2026-01-04T23:00:00,2026-01-18T23:00:00,2026-02-15T23:00:00,,,42.0
2026-01-19 22:00:00,24.8,46.7,1.0,Tema Community 25 Estate,tabular,seasonal_naive_336h,h336,2026-01-04T23:00:00,2026-01-18T23:00:00,2026-02-15T23:00:00,,,42.0
2026-01-19 23:00:00,20.2,44.0,1.0,Tema Community 25 Estate,tabular,seasonal_naive_336h,h336,2026-01-04T23:00:00,2026-01-18T23:00:00,2026-02-15T23:00:00,,,42.0
2026-01-20 00:00:00,19.4,38.4,1.0,Tema Community 25 Estate,tabular,seasonal_naive_336h,h336,2026-01-04T23:00:00,2026-01-18T23:00:00,2026-02-15T23:00:00,,,42.0
2026-01-20 01:00:00,19.0,32.1,1.0,Tema Community 25 Estate,tabular,seasonal_naive_336h,h336,2026-01-04T23:00:00,2026-01-18T23:00:00,2026-02-15T23:00:00,,,42.0
2026-01-20 02:00:00,18.8,26.8,1.0,Tema Community 25 Estate,tabular,seasonal_naive_336h,h336,2026-01-04T23:00:00,2026-01-18T23:00:00,2026-02-15T23:00:00,,,42.0
2026-01-20 03:00:00,19.4,23.9,1.0,Tema Community 25 Estate,tabular,seasonal_naive_336h,h336,2026-01-04T23:00:00,2026-01-18T23:00:00,2026-02-15T23:00:00,,,42.0
2026-01-20 04:00:00,18.1,22.3,1.0,Tema Community 25 Estate,tabular,seasonal_naive_336h,h336,2026-01-04T23:00:00,2026-01-18T23:00:00,2026-02-15T23:00:00,,,42.0
2026-01-20 05:00:00,20.0,27.5,1.0,Tema Community 25 Estate,tabular,seasonal_naive_336h,h336,2026-01-04T23:00:00,2026-01-18T23:00:00,2026-02-15T23:00:00,,,42.0
2026-01-20 06:00:00,24.0,43.6,1.0,Tema Community 25 Estate,tabular,seasonal_naive_336h,h336,2026-01-04T23:00:00,2026-01-18T23:00:00,2026-02-15T23:00:00,,,42.0
2026-01-20 07:00:00,24.8,32.3,1.0,Tema Community 25 Estate,tabular,seasonal_naive_336h,h336,2026-01-04T23:00:00,2026-01-18T23:00:00,2026-02-15T23:00:00,,,42.0
2026-01-20 08:00:00,21.9,24.4,1.0,Tema Community 25 Estate,tabular,seasonal_naive_336h,h336,2026-01-04T23:00:00,2026-01-18T23:00:00,2026-02-15T23:00:00,,,42.0
2026-01-20 09:00:00,19.6,21.1,1.0,Tema Community 25 Estate,tabular,seasonal_naive_336h,h336,2026-01-04T23:00:00,2026-01-18T23:00:00,2026-02-15T23:00:00,,,42.0
2026-01-20 10:00:00,21.0,24.2,1.0,Tema Community 25 Estate,tabular,seasonal_naive_336h,h336,2026-01-04T23:00:00,2026-01-18T23:00:00,2026-02-15T23:00:00,,,42.0
2026-01-20 11:00:00,21.3,23.5,1.0,Tema Community 25 Estate,tabular,seasonal_naive_336h,h336,2026-01-04T23:00:00,2026-01-18T23:00:00,2026-02-15T23:00:00,,,42.0
2026-01-20 12:00:00,25.0,18.6,1.0,Tema Community 25 Estate,tabular,seasonal_naive_336h,h336,2026-01-04T23:00:00,2026-01-18T23:00:00,2026-02-15T23:00:00,,,42.0
2026-01-20 13:00:00,28.8,20.1,1.0,Tema Community 25 Estate,tabular,seasonal_naive_336h,h336,2026-01-04T23:00:00,2026-01-18T23:00:00,2026-02-15T23:00:00,,,42.0
2026-01-20 14:00:00,26.4,15.2,1.0,Tema Community 25 Estate,tabular,seasonal_naive_336h,h336,2026-01-04T23:00:00,2026-01-18T23:00:00,2026-02-15T23:00:00,,,42.0
2026-01-20 15:00:00,26.3,16.1,1.0,Tema Community 25 Estate,tabular,seasonal_naive_336h,h336,2026-01-04T23:00:00,2026-01-18T23:00:00,2026-02-15T23:00:00,,,42.0
2026-01-20 16:00:00,30.4,17.4,1.0,Tema Community 25 Estate,tabular,seasonal_naive_336h,h336,2026-01-04T23:00:00,2026-01-18T23:00:00,2026-02-15T23:00:00,,,42.0
2026-01-20 17:00:00,26.9,25.2,1.0,Tema Community 25 Estate,tabular,seasonal_naive_336h,h336,2026-01-04T23:00:00,2026-01-18T23:00:00,2026-02-15T23:00:00,,,42.0
2026-01-20 18:00:00,32.7,18.3,1.0,Tema Community 25 Estate,tabular,seasonal_naive_336h,h336,2026-01-04T23:00:00,2026-01-18T23:00:00,2026-02-15T23:00:00,,,42.0
2026-01-20 19:00:00,40.5,15.3,1.0,Tema Community 25 Estate,tabular,seasonal_naive_336h,h336,2026-01-04T23:00:00,2026-01-18T23:00:00,2026-02-15T23:00:00,,,42.0
2026-01-20 20:00:00,40.4,18.1,1.0,Tema Community 25 Estate,tabular,seasonal_naive_336h,h336,2026-01-04T23:00:00,2026-01-18T23:00:00,2026-02-15T23:00:00,,,42.0
2026-01-20 21:00:00,30.2,20.2,1.0,Tema Community 25 Estate,tabular,seasonal_naive_336h,h336,2026-01-04T23:00:00,2026-01-18T23:00:00,2026-02-15T23:00:00,,,42.0
2026-01-20 22:00:00,17.9,17.9,1.0,Tema Community 25 Estate,tabular,seasonal_naive_336h,h336,2026-01-04T23:00:00,2026-01-18T23:00:00,2026-02-15T23:00:00,,,42.0
2026-01-20 23:00:00,8.2,20.9,1.0,Tema Community 25 Estate,tabular,seasonal_naive_336h,h336,2026-01-04T23:00:00,2026-01-18T23:00:00,2026-02-15T23:00:00,,,42.0
2026-01-21 00:00:00,10.5,19.8,1.0,Tema Community 25 Estate,tabular,seasonal_naive_336h,h336,2026-01-04T23:00:00,2026-01-18T23:00:00,2026-02-15T23:00:00,,,42.0
2026-01-21 01:00:00,15.0,18.4,1.0,Tema Community 25 Estate,tabular,seasonal_naive_336h,h336,2026-01-04T23:00:00,2026-01-18T23:00:00,2026-02-15T23:00:00,,,42.0
2026-01-21 02:00:00,17.2,24.8,1.0,Tema Community 25 Estate,tabular,seasonal_naive_336h,h336,2026-01-04T23:00:00,2026-01-18T23:00:00,2026-02-15T23:00:00,,,42.0
2026-01-21 03:00:00,12.2,19.4,1.0,Tema Community 25 Estate,tabular,seasonal_naive_336h,h336,2026-01-04T23:00:00,2026-01-18T23:00:00,2026-02-15T23:00:00,,,42.0
2026-01-21 04:00:00,13.7,20.1,1.0,Tema Community 25 Estate,tabular,seasonal_naive_336h,h336,2026-01-04T23:00:00,2026-01-18T23:00:00,2026-02-15T23:00:00,,,42.0
2026-01-21 05:00:00,18.2,25.7,1.0,Tema Community 25 Estate,tabular,seasonal_naive_336h,h336,2026-01-04T23:00:00,2026-01-18T23:00:00,2026-02-15T23:00:00,,,42.0
2026-01-21 06:00:00,29.5,37.0,1.0,Tema Community 25 Estate,tabular,seasonal_naive_336h,h336,2026-01-04T23:00:00,2026-01-18T23:00:00,2026-02-15T23:00:00,,,42.0
2026-01-21 07:00:00,33.7,36.4,1.0,Tema Community 25 Estate,tabular,seasonal_naive_336h,h336,2026-01-04T23:00:00,2026-01-18T23:00:00,2026-02-15T23:00:00,,,42.0
2026-01-21 08:00:00,20.5,25.8,1.0,Tema Community 25 Estate,tabular,seasonal_naive_336h,h336,2026-01-04T23:00:00,2026-01-18T23:00:00,2026-02-15T23:00:00,,,42.0
2026-01-21 09:00:00,14.9,28.3,1.0,Tema Community 25 Estate,tabular,seasonal_naive_336h,h336,2026-01-04T23:00:00,2026-01-18T23:00:00,2026-02-15T23:00:00,,,42.0
2026-01-21 10:00:00,14.3,19.8,1.0,Tema Community 25 Estate,tabular,seasonal_naive_336h,h336,2026-01-04T23:00:00,2026-01-18T23:00:00,2026-02-15T23:00:00,,,42.0
2026-01-21 11:00:00,19.2,16.2,1.0,Tema Community 25 Estate,tabular,seasonal_naive_336h,h336,2026-01-04T23:00:00,2026-01-18T23:00:00,2026-02-15T23:00:00,,,42.0
2026-01-21 12:00:00,28.6,14.2,1.0,Tema Community 25 Estate,tabular,seasonal_naive_336h,h336,2026-01-04T23:00:00,2026-01-18T23:00:00,2026-02-15T23:00:00,,,42.0
2026-01-21 13:00:00,32.6,15.2,1.0,Tema Community 25 Estate,tabular,seasonal_naive_336h,h336,2026-01-04T23:00:00,2026-01-18T23:00:00,2026-02-15T23:00:00,,,42.0
2026-01-21 14:00:00,33.6,14.9,1.0,Tema Community 25 Estate,tabular,seasonal_naive_336h,h336,2026-01-04T23:00:00,2026-01-18T23:00:00,2026-02-15T23:00:00,,,42.0
2026-01-21 15:00:00,23.2,13.7,1.0,Tema Community 25 Estate,tabular,seasonal_naive_336h,h336,2026-01-04T23:00:00,2026-01-18T23:00:00,2026-02-15T23:00:00,,,42.0
2026-01-21 16:00:00,21.7,14.0,1.0,Tema Community 25 Estate,tabular,seasonal_naive_336h,h336,2026-01-04T23:00:00,2026-01-18T23:00:00,2026-02-15T23:00:00,,,42.0
2026-01-21 17:00:00,22.7,14.5,1.0,Tema Community 25 Estate,tabular,seasonal_naive_336h,h336,2026-01-04T23:00:00,2026-01-18T23:00:00,2026-02-15T23:00:00,,,42.0
2026-01-21 18:00:00,26.3,14.3,1.0,Tema Community 25 Estate,tabular,seasonal_naive_336h,h336,2026-01-04T23:00:00,2026-01-18T23:00:00,2026-02-15T23:00:00,,,42.0
2026-01-21 19:00:00,29.2,14.4,1.0,Tema Community 25 Estate,tabular,seasonal_naive_336h,h336,2026-01-04T23:00:00,2026-01-18T23:00:00,2026-02-15T23:00:00,,,42.0
2026-01-21 20:00:00,25.2,15.9,1.0,Tema Community 25 Estate,tabular,seasonal_naive_336h,h336,2026-01-04T23:00:00,2026-01-18T23:00:00,2026-02-15T23:00:00,,,42.0
2026-01-21 21:00:00,22.6,15.9,1.0,Tema Community 25 Estate,tabular,seasonal_naive_336h,h336,2026-01-04T23:00:00,2026-01-18T23:00:00,2026-02-15T23:00:00,,,42.0
2026-01-21 22:00:00,23.8,13.9,1.0,Tema Community 25 Estate,tabular,seasonal_naive_336h,h336,2026-01-04T23:00:00,2026-01-18T23:00:00,2026-02-15T23:00:00,,,42.0
2026-01-21 23:00:00,27.0,16.2,1.0,Tema Community 25 Estate,tabular,seasonal_naive_336h,h336,2026-01-04T23:00:00,2026-01-18T23:00:00,2026-02-15T23:00:00,,,42.0
2026-01-22 00:00:00,24.0,20.9,1.0,Tema Community 25 Estate,tabular,seasonal_naive_336h,h336,2026-01-04T23:00:00,2026-01-18T23:00:00,2026-02-15T23:00:00,,,42.0
2026-01-22 01:00:00,20.0,22.0,1.0,Tema Community 25 Estate,tabular,seasonal_naive_336h,h336,2026-01-04T23:00:00,2026-01-18T23:00:00,2026-02-15T23:00:00,,,42.0
2026-01-22 02:00:00,23.3,23.7,1.0,Tema Community 25 Estate,tabular,seasonal_naive_336h,h336,2026-01-04T23:00:00,2026-01-18T23:00:00,2026-02-15T23:00:00,,,42.0
2026-01-22 03:00:00,17.1,30.7,1.0,Tema Community 25 Estate,tabular,seasonal_naive_336h,h336,2026-01-04T23:00:00,2026-01-18T23:00:00,2026-02-15T23:00:00,,,42.0
2026-01-22 04:00:00,18.0,23.3,1.0,Tema Community 25 Estate,tabular,seasonal_naive_336h,h336,2026-01-04T23:00:00,2026-01-18T23:00:00,2026-02-15T23:00:00,,,42.0
2026-01-22 05:00:00,25.2,31.6,1.0,Tema Community 25 Estate,tabular,seasonal_naive_336h,h336,2026-01-04T23:00:00,2026-01-18T23:00:00,2026-02-15T23:00:00,,,42.0
2026-01-22 06:00:00,31.1,37.8,1.0,Tema Community 25 Estate,tabular,seasonal_naive_336h,h336,2026-01-04T23:00:00,2026-01-18T23:00:00,2026-02-15T23:00:00,,,42.0
2026-01-22 07:00:00,26.6,33.7,1.0,Tema Community 25 Estate,tabular,seasonal_naive_336h,h336,2026-01-04T23:00:00,2026-01-18T23:00:00,2026-02-15T23:00:00,,,42.0
2026-01-22 08:00:00,20.3,23.6,1.0,Tema Community 25 Estate,tabular,seasonal_naive_336h,h336,2026-01-04T23:00:00,2026-01-18T23:00:00,2026-02-15T23:00:00,,,42.0
2026-01-22 09:00:00,19.2,19.8,1.0,Tema Community 25 Estate,tabular,seasonal_naive_336h,h336,2026-01-04T23:00:00,2026-01-18T23:00:00,2026-02-15T23:00:00,,,42.0
2026-01-22 10:00:00,25.4,24.0,1.0,Tema Community 25 Estate,tabular,seasonal_naive_336h,h336,2026-01-04T23:00:00,2026-01-18T23:00:00,2026-02-15T23:00:00,,,42.0
2026-01-22 11:00:00,31.1,25.6,1.0,Tema Community 25 Estate,tabular,seasonal_naive_336h,h336,2026-01-04T23:00:00,2026-01-18T23:00:00,2026-02-15T23:00:00,,,42.0
2026-01-22 12:00:00,38.6,22.4,1.0,Tema Community 25 Estate,tabular,seasonal_naive_336h,h336,2026-01-04T23:00:00,2026-01-18T23:00:00,2026-02-15T23:00:00,,,42.0
2026-01-22 13:00:00,45.7,16.4,1.0,Tema Community 25 Estate,tabular,seasonal_naive_336h,h336,2026-01-04T23:00:00,2026-01-18T23:00:00,2026-02-15T23:00:00,,,42.0
2026-01-22 14:00:00,41.8,15.5,1.0,Tema Community 25 Estate,tabular,seasonal_naive_336h,h336,2026-01-04T23:00:00,2026-01-18T23:00:00,2026-02-15T23:00:00,,,42.0
2026-01-22 15:00:00,35.7,12.8,1.0,Tema Community 25 Estate,tabular,seasonal_naive_336h,h336,2026-01-04T23:00:00,2026-01-18T23:00:00,2026-02-15T23:00:00,,,42.0
2026-01-22 16:00:00,29.8,13.1,1.0,Tema Community 25 Estate,tabular,seasonal_naive_336h,h336,2026-01-04T23:00:00,2026-01-18T23:00:00,2026-02-15T23:00:00,,,42.0
2026-01-22 17:00:00,41.0,13.1,1.0,Tema Community 25 Estate,tabular,seasonal_naive_336h,h336,2026-01-04T23:00:00,2026-01-18T23:00:00,2026-02-15T23:00:00,,,42.0
2026-01-22 18:00:00,47.5,15.9,1.0,Tema Community 25 Estate,tabular,seasonal_naive_336h,h336,2026-01-04T23:00:00,2026-01-18T23:00:00,2026-02-15T23:00:00,,,42.0
2026-01-22 19:00:00,27.6,16.8,1.0,Tema Community 25 Estate,tabular,seasonal_naive_336h,h336,2026-01-04T23:00:00,2026-01-18T23:00:00,2026-02-15T23:00:00,,,42.0
2026-01-22 20:00:00,17.6,15.3,1.0,Tema Community 25 Estate,tabular,seasonal_naive_336h,h336,2026-01-04T23:00:00,2026-01-18T23:00:00,2026-02-15T23:00:00,,,42.0
2026-01-22 21:00:00,19.7,15.3,1.0,Tema Community 25 Estate,tabular,seasonal_naive_336h,h336,2026-01-04T23:00:00,2026-01-18T23:00:00,2026-02-15T23:00:00,,,42.0
2026-01-22 22:00:00,21.8,15.6,1.0,Tema Community 25 Estate,tabular,seasonal_naive_336h,h336,2026-01-04T23:00:00,2026-01-18T23:00:00,2026-02-15T23:00:00,,,42.0
2026-01-22 23:00:00,26.6,15.8,1.0,Tema Community 25 Estate,tabular,seasonal_naive_336h,h336,2026-01-04T23:00:00,2026-01-18T23:00:00,2026-02-15T23:00:00,,,42.0
2026-01-23 00:00:00,28.2,17.2,1.0,Tema Community 25 Estate,tabular,seasonal_naive_336h,h336,2026-01-04T23:00:00,2026-01-18T23:00:00,2026-02-15T23:00:00,,,42.0
2026-01-23 01:00:00,26.5,19.0,1.0,Tema Community 25 Estate,tabular,seasonal_naive_336h,h336,2026-01-04T23:00:00,2026-01-18T23:00:00,2026-02-15T23:00:00,,,42.0
2026-01-23 02:00:00,22.9,28.0,1.0,Tema Community 25 Estate,tabular,seasonal_naive_336h,h336,2026-01-04T23:00:00,2026-01-18T23:00:00,2026-02-15T23:00:00,,,42.0
2026-01-23 03:00:00,30.6,22.4,1.0,Tema Community 25 Estate,tabular,seasonal_naive_336h,h336,2026-01-04T23:00:00,2026-01-18T23:00:00,2026-02-15T23:00:00,,,42.0
2026-01-23 04:00:00,37.0,16.8,1.0,Tema Community 25 Estate,tabular,seasonal_naive_336h,h336,2026-01-04T23:00:00,2026-01-18T23:00:00,2026-02-15T23:00:00,,,42.0
2026-01-23 05:00:00,39.6,21.2,1.0,Tema Community 25 Estate,tabular,seasonal_naive_336h,h336,2026-01-04T23:00:00,2026-01-18T23:00:00,2026-02-15T23:00:00,,,42.0
2026-01-23 06:00:00,54.0,26.6,1.0,Tema Community 25 Estate,tabular,seasonal_naive_336h,h336,2026-01-04T23:00:00,2026-01-18T23:00:00,2026-02-15T23:00:00,,,42.0
2026-01-23 07:00:00,45.7,38.4,1.0,Tema Community 25 Estate,tabular,seasonal_naive_336h,h336,2026-01-04T23:00:00,2026-01-18T23:00:00,2026-02-15T23:00:00,,,42.0
2026-01-23 08:00:00,24.4,30.2,1.0,Tema Community 25 Estate,tabular,seasonal_naive_336h,h336,2026-01-04T23:00:00,2026-01-18T23:00:00,2026-02-15T23:00:00,,,42.0
2026-01-23 09:00:00,23.2,25.9,1.0,Tema Community 25 Estate,tabular,seasonal_naive_336h,h336,2026-01-04T23:00:00,2026-01-18T23:00:00,2026-02-15T23:00:00,,,42.0
2026-01-23 10:00:00,26.5,26.8,1.0,Tema Community 25 Estate,tabular,seasonal_naive_336h,h336,2026-01-04T23:00:00,2026-01-18T23:00:00,2026-02-15T23:00:00,,,42.0
2026-01-23 11:00:00,31.9,20.3,1.0,Tema Community 25 Estate,tabular,seasonal_naive_336h,h336,2026-01-04T23:00:00,2026-01-18T23:00:00,2026-02-15T23:00:00,,,42.0
2026-01-23 12:00:00,33.6,17.0,1.0,Tema Community 25 Estate,tabular,seasonal_naive_336h,h336,2026-01-04T23:00:00,2026-01-18T23:00:00,2026-02-15T23:00:00,,,42.0
2026-01-23 13:00:00,26.2,15.9,1.0,Tema Community 25 Estate,tabular,seasonal_naive_336h,h336,2026-01-04T23:00:00,2026-01-18T23:00:00,2026-02-15T23:00:00,,,42.0
2026-01-23 14:00:00,27.7,13.9,1.0,Tema Community 25 Estate,tabular,seasonal_naive_336h,h336,2026-01-04T23:00:00,2026-01-18T23:00:00,2026-02-15T23:00:00,,,42.0
2026-01-23 15:00:00,28.0,16.7,1.0,Tema Community 25 Estate,tabular,seasonal_naive_336h,h336,2026-01-04T23:00:00,2026-01-18T23:00:00,2026-02-15T23:00:00,,,42.0
2026-01-23 16:00:00,29.6,22.5,1.0,Tema Community 25 Estate,tabular,seasonal_naive_336h,h336,2026-01-04T23:00:00,2026-01-18T23:00:00,2026-02-15T23:00:00,,,42.0
2026-01-23 17:00:00,35.4,15.3,1.0,Tema Community 25 Estate,tabular,seasonal_naive_336h,h336,2026-01-04T23:00:00,2026-01-18T23:00:00,2026-02-15T23:00:00,,,42.0
2026-01-23 18:00:00,30.6,15.9,1.0,Tema Community 25 Estate,tabular,seasonal_naive_336h,h336,2026-01-04T23:00:00,2026-01-18T23:00:00,2026-02-15T23:00:00,,,42.0
2026-01-23 19:00:00,22.3,16.1,1.0,Tema Community 25 Estate,tabular,seasonal_naive_336h,h336,2026-01-04T23:00:00,2026-01-18T23:00:00,2026-02-15T23:00:00,,,42.0
2026-01-23 20:00:00,17.2,15.9,1.0,Tema Community 25 Estate,tabular,seasonal_naive_336h,h336,2026-01-04T23:00:00,2026-01-18T23:00:00,2026-02-15T23:00:00,,,42.0
2026-01-23 21:00:00,17.9,18.2,1.0,Tema Community 25 Estate,tabular,seasonal_naive_336h,h336,2026-01-04T23:00:00,2026-01-18T23:00:00,2026-02-15T23:00:00,,,42.0
2026-01-23 22:00:00,31.3,18.1,1.0,Tema Community 25 Estate,tabular,seasonal_naive_336h,h336,2026-01-04T23:00:00,2026-01-18T23:00:00,2026-02-15T23:00:00,,,42.0
2026-01-23 23:00:00,32.4,13.7,1.0,Tema Community 25 Estate,tabular,seasonal_naive_336h,h336,2026-01-04T23:00:00,2026-01-18T23:00:00,2026-02-15T23:00:00,,,42.0
2026-01-24 00:00:00,37.4,14.7,1.0,Tema Community 25 Estate,tabular,seasonal_naive_336h,h336,2026-01-04T23:00:00,2026-01-18T23:00:00,2026-02-15T23:00:00,,,42.0
2026-01-24 01:00:00,33.2,17.8,1.0,Tema Community 25 Estate,tabular,seasonal_naive_336h,h336,2026-01-04T23:00:00,2026-01-18T23:00:00,2026-02-15T23:00:00,,,42.0
2026-01-24 02:00:00,30.3,17.1,1.0,Tema Community 25 Estate,tabular,seasonal_naive_336h,h336,2026-01-04T23:00:00,2026-01-18T23:00:00,2026-02-15T23:00:00,,,42.0
2026-01-24 03:00:00,30.5,16.8,1.0,Tema Community 25 Estate,tabular,seasonal_naive_336h,h336,2026-01-04T23:00:00,2026-01-18T23:00:00,2026-02-15T23:00:00,,,42.0
2026-01-24 04:00:00,32.2,22.0,1.0,Tema Community 25 Estate,tabular,seasonal_naive_336h,h336,2026-01-04T23:00:00,2026-01-18T23:00:00,2026-02-15T23:00:00,,,42.0
2026-01-24 05:00:00,32.3,20.3,1.0,Tema Community 25 Estate,tabular,seasonal_naive_336h,h336,2026-01-04T23:00:00,2026-01-18T23:00:00,2026-02-15T23:00:00,,,42.0
2026-01-24 06:00:00,41.6,23.9,1.0,Tema Community 25 Estate,tabular,seasonal_naive_336h,h336,2026-01-04T23:00:00,2026-01-18T23:00:00,2026-02-15T23:00:00,,,42.0
2026-01-24 07:00:00,44.1,25.7,1.0,Tema Community 25 Estate,tabular,seasonal_naive_336h,h336,2026-01-04T23:00:00,2026-01-18T23:00:00,2026-02-15T23:00:00,,,42.0
2026-01-24 08:00:00,26.1,22.5,1.0,Tema Community 25 Estate,tabular,seasonal_naive_336h,h336,2026-01-04T23:00:00,2026-01-18T23:00:00,2026-02-15T23:00:00,,,42.0
2026-01-24 09:00:00,22.8,112.1,1.0,Tema Community 25 Estate,tabular,seasonal_naive_336h,h336,2026-01-04T23:00:00,2026-01-18T23:00:00,2026-02-15T23:00:00,,,42.0
2026-01-24 10:00:00,25.1,47.3,1.0,Tema Community 25 Estate,tabular,seasonal_naive_336h,h336,2026-01-04T23:00:00,2026-01-18T23:00:00,2026-02-15T23:00:00,,,42.0
2026-01-24 11:00:00,29.3,21.8,1.0,Tema Community 25 Estate,tabular,seasonal_naive_336h,h336,2026-01-04T23:00:00,2026-01-18T23:00:00,2026-02-15T23:00:00,,,42.0
2026-01-24 12:00:00,32.5,16.2,1.0,Tema Community 25 Estate,tabular,seasonal_naive_336h,h336,2026-01-04T23:00:00,2026-01-18T23:00:00,2026-02-15T23:00:00,,,42.0
2026-01-24 13:00:00,29.3,13.3,1.0,Tema Community 25 Estate,tabular,seasonal_naive_336h,h336,2026-01-04T23:00:00,2026-01-18T23:00:00,2026-02-15T23:00:00,,,42.0
2026-01-24 14:00:00,30.0,12.2,1.0,Tema Community 25 Estate,tabular,seasonal_naive_336h,h336,2026-01-04T23:00:00,2026-01-18T23:00:00,2026-02-15T23:00:00,,,42.0
2026-01-24 15:00:00,30.2,11.1,1.0,Tema Community 25 Estate,tabular,seasonal_naive_336h,h336,2026-01-04T23:00:00,2026-01-18T23:00:00,2026-02-15T23:00:00,,,42.0
2026-01-24 16:00:00,22.6,11.7,1.0,Tema Community 25 Estate,tabular,seasonal_naive_336h,h336,2026-01-04T23:00:00,2026-01-18T23:00:00,2026-02-15T23:00:00,,,42.0
2026-01-24 17:00:00,26.1,17.7,1.0,Tema Community 25 Estate,tabular,seasonal_naive_336h,h336,2026-01-04T23:00:00,2026-01-18T23:00:00,2026-02-15T23:00:00,,,42.0
2026-01-24 18:00:00,33.5,16.5,1.0,Tema Community 25 Estate,tabular,seasonal_naive_336h,h336,2026-01-04T23:00:00,2026-01-18T23:00:00,2026-02-15T23:00:00,,,42.0
2026-01-24 19:00:00,30.4,32.7,1.0,Tema Community 25 Estate,tabular,seasonal_naive_336h,h336,2026-01-04T23:00:00,2026-01-18T23:00:00,2026-02-15T23:00:00,,,42.0
2026-01-24 20:00:00,21.5,29.8,1.0,Tema Community 25 Estate,tabular,seasonal_naive_336h,h336,2026-01-04T23:00:00,2026-01-18T23:00:00,2026-02-15T23:00:00,,,42.0
2026-01-24 21:00:00,35.7,24.4,1.0,Tema Community 25 Estate,tabular,seasonal_naive_336h,h336,2026-01-04T23:00:00,2026-01-18T23:00:00,2026-02-15T23:00:00,,,42.0
2026-01-24 22:00:00,22.8,19.7,1.0,Tema Community 25 Estate,tabular,seasonal_naive_336h,h336,2026-01-04T23:00:00,2026-01-18T23:00:00,2026-02-15T23:00:00,,,42.0
2026-01-24 23:00:00,25.9,23.6,1.0,Tema Community 25 Estate,tabular,seasonal_naive_336h,h336,2026-01-04T23:00:00,2026-01-18T23:00:00,2026-02-15T23:00:00,,,42.0
2026-01-25 00:00:00,32.0,15.5,1.0,Tema Community 25 Estate,tabular,seasonal_naive_336h,h336,2026-01-04T23:00:00,2026-01-18T23:00:00,2026-02-15T23:00:00,,,42.0
2026-01-25 01:00:00,21.3,11.9,1.0,Tema Community 25 Estate,tabular,seasonal_naive_336h,h336,2026-01-04T23:00:00,2026-01-18T23:00:00,2026-02-15T23:00:00,,,42.0
2026-01-25 02:00:00,24.3,9.5,1.0,Tema Community 25 Estate,tabular,seasonal_naive_336h,h336,2026-01-04T23:00:00,2026-01-18T23:00:00,2026-02-15T23:00:00,,,42.0
2026-01-25 03:00:00,22.9,5.9,1.0,Tema Community 25 Estate,tabular,seasonal_naive_336h,h336,2026-01-04T23:00:00,2026-01-18T23:00:00,2026-02-15T23:00:00,,,42.0
2026-01-25 04:00:00,36.2,8.6,1.0,Tema Community 25 Estate,tabular,seasonal_naive_336h,h336,2026-01-04T23:00:00,2026-01-18T23:00:00,2026-02-15T23:00:00,,,42.0
2026-01-25 05:00:00,25.8,14.8,1.0,Tema Community 25 Estate,tabular,seasonal_naive_336h,h336,2026-01-04T23:00:00,2026-01-18T23:00:00,2026-02-15T23:00:00,,,42.0
2026-01-25 06:00:00,36.2,25.2,1.0,Tema Community 25 Estate,tabular,seasonal_naive_336h,h336,2026-01-04T23:00:00,2026-01-18T23:00:00,2026-02-15T23:00:00,,,42.0
2026-01-25 07:00:00,56.3,31.7,1.0,Tema Community 25 Estate,tabular,seasonal_naive_336h,h336,2026-01-04T23:00:00,2026-01-18T23:00:00,2026-02-15T23:00:00,,,42.0
2026-01-25 08:00:00,50.5,23.4,1.0,Tema Community 25 Estate,tabular,seasonal_naive_336h,h336,2026-01-04T23:00:00,2026-01-18T23:00:00,2026-02-15T23:00:00,,,42.0
2026-01-25 09:00:00,28.1,18.6,1.0,Tema Community 25 Estate,tabular,seasonal_naive_336h,h336,2026-01-04T23:00:00,2026-01-18T23:00:00,2026-02-15T23:00:00,,,42.0
2026-01-25 10:00:00,35.0,16.7,1.0,Tema Community 25 Estate,tabular,seasonal_naive_336h,h336,2026-01-04T23:00:00,2026-01-18T23:00:00,2026-02-15T23:00:00,,,42.0
2026-01-25 11:00:00,41.5,17.7,1.0,Tema Community 25 Estate,tabular,seasonal_naive_336h,h336,2026-01-04T23:00:00,2026-01-18T23:00:00,2026-02-15T23:00:00,,,42.0
2026-01-25 12:00:00,43.5,17.7,1.0,Tema Community 25 Estate,tabular,seasonal_naive_336h,h336,2026-01-04T23:00:00,2026-01-18T23:00:00,2026-02-15T23:00:00,,,42.0
2026-01-25 13:00:00,43.2,15.0,1.0,Tema Community 25 Estate,tabular,seasonal_naive_336h,h336,2026-01-04T23:00:00,2026-01-18T23:00:00,2026-02-15T23:00:00,,,42.0
2026-01-25 14:00:00,44.5,13.7,1.0,Tema Community 25 Estate,tabular,seasonal_naive_336h,h336,2026-01-04T23:00:00,2026-01-18T23:00:00,2026-02-15T23:00:00,,,42.0
2026-01-25 15:00:00,42.0,12.6,1.0,Tema Community 25 Estate,tabular,seasonal_naive_336h,h336,2026-01-04T23:00:00,2026-01-18T23:00:00,2026-02-15T23:00:00,,,42.0
2026-01-25 16:00:00,30.6,10.8,1.0,Tema Community 25 Estate,tabular,seasonal_naive_336h,h336,2026-01-04T23:00:00,2026-01-18T23:00:00,2026-02-15T23:00:00,,,42.0
2026-01-25 17:00:00,26.9,10.9,1.0,Tema Community 25 Estate,tabular,seasonal_naive_336h,h336,2026-01-04T23:00:00,2026-01-18T23:00:00,2026-02-15T23:00:00,,,42.0
2026-01-25 18:00:00,27.5,12.2,1.0,Tema Community 25 Estate,tabular,seasonal_naive_336h,h336,2026-01-04T23:00:00,2026-01-18T23:00:00,2026-02-15T23:00:00,,,42.0
2026-01-25 19:00:00,38.7,13.3,1.0,Tema Community 25 Estate,tabular,seasonal_naive_336h,h336,2026-01-04T23:00:00,2026-01-18T23:00:00,2026-02-15T23:00:00,,,42.0
2026-01-25 20:00:00,38.4,16.2,1.0,Tema Community 25 Estate,tabular,seasonal_naive_336h,h336,2026-01-04T23:00:00,2026-01-18T23:00:00,2026-02-15T23:00:00,,,42.0
2026-01-25 21:00:00,41.7,17.3,1.0,Tema Community 25 Estate,tabular,seasonal_naive_336h,h336,2026-01-04T23:00:00,2026-01-18T23:00:00,2026-02-15T23:00:00,,,42.0
2026-01-25 22:00:00,36.9,17.1,1.0,Tema Community 25 Estate,tabular,seasonal_naive_336h,h336,2026-01-04T23:00:00,2026-01-18T23:00:00,2026-02-15T23:00:00,,,42.0
2026-01-25 23:00:00,40.3,39.0,1.0,Tema Community 25 Estate,tabular,seasonal_naive_336h,h336,2026-01-04T23:00:00,2026-01-18T23:00:00,2026-02-15T23:00:00,,,42.0
2026-01-26 00:00:00,42.0,34.9,1.0,Tema Community 25 Estate,tabular,seasonal_naive_336h,h336,2026-01-04T23:00:00,2026-01-18T23:00:00,2026-02-15T23:00:00,,,42.0
2026-01-26 01:00:00,36.2,33.5,1.0,Tema Community 25 Estate,tabular,seasonal_naive_336h,h336,2026-01-04T23:00:00,2026-01-18T23:00:00,2026-02-15T23:00:00,,,42.0
2026-01-26 02:00:00,40.1,28.9,1.0,Tema Community 25 Estate,tabular,seasonal_naive_336h,h336,2026-01-04T23:00:00,2026-01-18T23:00:00,2026-02-15T23:00:00,,,42.0
2026-01-26 03:00:00,30.7,31.8,1.0,Tema Community 25 Estate,tabular,seasonal_naive_336h,h336,2026-01-04T23:00:00,2026-01-18T23:00:00,2026-02-15T23:00:00,,,42.0
2026-01-26 04:00:00,27.3,25.7,1.0,Tema Community 25 Estate,tabular,seasonal_naive_336h,h336,2026-01-04T23:00:00,2026-01-18T23:00:00,2026-02-15T23:00:00,,,42.0
2026-01-26 05:00:00,32.1,21.2,1.0,Tema Community 25 Estate,tabular,seasonal_naive_336h,h336,2026-01-04T23:00:00,2026-01-18T23:00:00,2026-02-15T23:00:00,,,42.0
2026-01-26 06:00:00,42.7,25.5,1.0,Tema Community 25 Estate,tabular,seasonal_naive_336h,h336,2026-01-04T23:00:00,2026-01-18T23:00:00,2026-02-15T23:00:00,,,42.0
2026-01-26 07:00:00,45.1,29.2,1.0,Tema Community 25 Estate,tabular,seasonal_naive_336h,h336,2026-01-04T23:00:00,2026-01-18T23:00:00,2026-02-15T23:00:00,,,42.0
2026-01-26 08:00:00,32.7,20.3,1.0,Tema Community 25 Estate,tabular,seasonal_naive_336h,h336,2026-01-04T23:00:00,2026-01-18T23:00:00,2026-02-15T23:00:00,,,42.0
2026-01-26 09:00:00,27.5,17.7,1.0,Tema Community 25 Estate,tabular,seasonal_naive_336h,h336,2026-01-04T23:00:00,2026-01-18T23:00:00,2026-02-15T23:00:00,,,42.0
2026-01-26 10:00:00,33.0,21.5,1.0,Tema Community 25 Estate,tabular,seasonal_naive_336h,h336,2026-01-04T23:00:00,2026-01-18T23:00:00,2026-02-15T23:00:00,,,42.0
2026-01-26 11:00:00,40.4,18.7,1.0,Tema Community 25 Estate,tabular,seasonal_naive_336h,h336,2026-01-04T23:00:00,2026-01-18T23:00:00,2026-02-15T23:00:00,,,42.0
2026-01-26 12:00:00,48.6,15.2,1.0,Tema Community 25 Estate,tabular,seasonal_naive_336h,h336,2026-01-04T23:00:00,2026-01-18T23:00:00,2026-02-15T23:00:00,,,42.0
2026-01-26 13:00:00,43.5,18.8,1.0,Tema Community 25 Estate,tabular,seasonal_naive_336h,h336,2026-01-04T23:00:00,2026-01-18T23:00:00,2026-02-15T23:00:00,,,42.0
2026-01-26 14:00:00,39.3,16.0,1.0,Tema Community 25 Estate,tabular,seasonal_naive_336h,h336,2026-01-04T23:00:00,2026-01-18T23:00:00,2026-02-15T23:00:00,,,42.0
2026-01-26 15:00:00,35.6,13.7,1.0,Tema Community 25 Estate,tabular,seasonal_naive_336h,h336,2026-01-04T23:00:00,2026-01-18T23:00:00,2026-02-15T23:00:00,,,42.0
2026-01-26 16:00:00,33.0,13.5,1.0,Tema Community 25 Estate,tabular,seasonal_naive_336h,h336,2026-01-04T23:00:00,2026-01-18T23:00:00,2026-02-15T23:00:00,,,42.0
2026-01-26 17:00:00,33.5,12.9,1.0,Tema Community 25 Estate,tabular,seasonal_naive_336h,h336,2026-01-04T23:00:00,2026-01-18T23:00:00,2026-02-15T23:00:00,,,42.0
2026-01-26 18:00:00,32.4,12.7,1.0,Tema Community 25 Estate,tabular,seasonal_naive_336h,h336,2026-01-04T23:00:00,2026-01-18T23:00:00,2026-02-15T23:00:00,,,42.0
2026-01-26 19:00:00,33.2,12.8,1.0,Tema Community 25 Estate,tabular,seasonal_naive_336h,h336,2026-01-04T23:00:00,2026-01-18T23:00:00,2026-02-15T23:00:00,,,42.0
2026-01-26 20:00:00,34.2,12.6,1.0,Tema Community 25 Estate,tabular,seasonal_naive_336h,h336,2026-01-04T23:00:00,2026-01-18T23:00:00,2026-02-15T23:00:00,,,42.0
2026-01-26 21:00:00,29.0,12.7,1.0,Tema Community 25 Estate,tabular,seasonal_naive_336h,h336,2026-01-04T23:00:00,2026-01-18T23:00:00,2026-02-15T23:00:00,,,42.0
2026-01-26 22:00:00,32.3,13.9,1.0,Tema Community 25 Estate,tabular,seasonal_naive_336h,h336,2026-01-04T23:00:00,2026-01-18T23:00:00,2026-02-15T23:00:00,,,42.0
2026-01-26 23:00:00,32.4,21.4,1.0,Tema Community 25 Estate,tabular,seasonal_naive_336h,h336,2026-01-04T23:00:00,2026-01-18T23:00:00,2026-02-15T23:00:00,,,42.0
2026-01-27 00:00:00,29.1,29.9,1.0,Tema Community 25 Estate,tabular,seasonal_naive_336h,h336,2026-01-04T23:00:00,2026-01-18T23:00:00,2026-02-15T23:00:00,,,42.0
2026-01-27 01:00:00,32.2,20.5,1.0,Tema Community 25 Estate,tabular,seasonal_naive_336h,h336,2026-01-04T23:00:00,2026-01-18T23:00:00,2026-02-15T23:00:00,,,42.0
2026-01-27 02:00:00,29.3,14.9,1.0,Tema Community 25 Estate,tabular,seasonal_naive_336h,h336,2026-01-04T23:00:00,2026-01-18T23:00:00,2026-02-15T23:00:00,,,42.0
2026-01-27 03:00:00,26.4,14.8,1.0,Tema Community 25 Estate,tabular,seasonal_naive_336h,h336,2026-01-04T23:00:00,2026-01-18T23:00:00,2026-02-15T23:00:00,,,42.0
2026-01-27 04:00:00,44.9,22.2,1.0,Tema Community 25 Estate,tabular,seasonal_naive_336h,h336,2026-01-04T23:00:00,2026-01-18T23:00:00,2026-02-15T23:00:00,,,42.0
2026-01-27 05:00:00,36.4,36.4,1.0,Tema Community 25 Estate,tabular,seasonal_naive_336h,h336,2026-01-04T23:00:00,2026-01-18T23:00:00,2026-02-15T23:00:00,,,42.0
2026-01-27 06:00:00,44.6,65.7,1.0,Tema Community 25 Estate,tabular,seasonal_naive_336h,h336,2026-01-04T23:00:00,2026-01-18T23:00:00,2026-02-15T23:00:00,,,42.0
2026-01-27 07:00:00,43.3,67.1,1.0,Tema Community 25 Estate,tabular,seasonal_naive_336h,h336,2026-01-04T23:00:00,2026-01-18T23:00:00,2026-02-15T23:00:00,,,42.0
2026-01-27 08:00:00,35.5,31.6,1.0,Tema Community 25 Estate,tabular,seasonal_naive_336h,h336,2026-01-04T23:00:00,2026-01-18T23:00:00,2026-02-15T23:00:00,,,42.0
2026-01-27 09:00:00,34.2,14.8,1.0,Tema Community 25 Estate,tabular,seasonal_naive_336h,h336,2026-01-04T23:00:00,2026-01-18T23:00:00,2026-02-15T23:00:00,,,42.0
2026-01-27 10:00:00,35.6,22.1,1.0,Tema Community 25 Estate,tabular,seasonal_naive_336h,h336,2026-01-04T23:00:00,2026-01-18T23:00:00,2026-02-15T23:00:00,,,42.0
2026-01-27 11:00:00,38.0,14.9,1.0,Tema Community 25 Estate,tabular,seasonal_naive_336h,h336,2026-01-04T23:00:00,2026-01-18T23:00:00,2026-02-15T23:00:00,,,42.0
2026-01-27 12:00:00,52.9,13.9,1.0,Tema Community 25 Estate,tabular,seasonal_naive_336h,h336,2026-01-04T23:00:00,2026-01-18T23:00:00,2026-02-15T23:00:00,,,42.0
2026-01-27 13:00:00,51.2,15.5,1.0,Tema Community 25 Estate,tabular,seasonal_naive_336h,h336,2026-01-04T23:00:00,2026-01-18T23:00:00,2026-02-15T23:00:00,,,42.0
2026-01-27 14:00:00,42.7,16.5,1.0,Tema Community 25 Estate,tabular,seasonal_naive_336h,h336,2026-01-04T23:00:00,2026-01-18T23:00:00,2026-02-15T23:00:00,,,42.0
2026-01-27 15:00:00,41.7,14.1,1.0,Tema Community 25 Estate,tabular,seasonal_naive_336h,h336,2026-01-04T23:00:00,2026-01-18T23:00:00,2026-02-15T23:00:00,,,42.0
2026-01-27 16:00:00,35.5,10.5,1.0,Tema Community 25 Estate,tabular,seasonal_naive_336h,h336,2026-01-04T23:00:00,2026-01-18T23:00:00,2026-02-15T23:00:00,,,42.0
2026-01-27 17:00:00,31.6,10.9,1.0,Tema Community 25 Estate,tabular,seasonal_naive_336h,h336,2026-01-04T23:00:00,2026-01-18T23:00:00,2026-02-15T23:00:00,,,42.0
2026-01-27 18:00:00,38.1,11.0,1.0,Tema Community 25 Estate,tabular,seasonal_naive_336h,h336,2026-01-04T23:00:00,2026-01-18T23:00:00,2026-02-15T23:00:00,,,42.0
2026-01-27 19:00:00,51.1,19.0,1.0,Tema Community 25 Estate,tabular,seasonal_naive_336h,h336,2026-01-04T23:00:00,2026-01-18T23:00:00,2026-02-15T23:00:00,,,42.0
2026-01-27 20:00:00,40.4,15.5,1.0,Tema Community 25 Estate,tabular,seasonal_naive_336h,h336,2026-01-04T23:00:00,2026-01-18T23:00:00,2026-02-15T23:00:00,,,42.0
2026-01-27 21:00:00,37.2,15.4,1.0,Tema Community 25 Estate,tabular,seasonal_naive_336h,h336,2026-01-04T23:00:00,2026-01-18T23:00:00,2026-02-15T23:00:00,,,42.0
2026-01-27 22:00:00,35.1,17.2,1.0,Tema Community 25 Estate,tabular,seasonal_naive_336h,h336,2026-01-04T23:00:00,2026-01-18T23:00:00,2026-02-15T23:00:00,,,42.0
2026-01-27 23:00:00,37.7,23.1,1.0,Tema Community 25 Estate,tabular,seasonal_naive_336h,h336,2026-01-04T23:00:00,2026-01-18T23:00:00,2026-02-15T23:00:00,,,42.0
2026-01-28 00:00:00,32.9,22.9,1.0,Tema Community 25 Estate,tabular,seasonal_naive_336h,h336,2026-01-04T23:00:00,2026-01-18T23:00:00,2026-02-15T23:00:00,,,42.0
2026-01-28 01:00:00,32.2,28.6,1.0,Tema Community 25 Estate,tabular,seasonal_naive_336h,h336,2026-01-04T23:00:00,2026-01-18T23:00:00,2026-02-15T23:00:00,,,42.0
2026-01-28 02:00:00,32.2,25.9,1.0,Tema Community 25 Estate,tabular,seasonal_naive_336h,h336,2026-01-04T23:00:00,2026-01-18T23:00:00,2026-02-15T23:00:00,,,42.0
2026-01-28 03:00:00,30.3,20.4,1.0,Tema Community 25 Estate,tabular,seasonal_naive_336h,h336,2026-01-04T23:00:00,2026-01-18T23:00:00,2026-02-15T23:00:00,,,42.0
2026-01-28 04:00:00,32.0,21.5,1.0,Tema Community 25 Estate,tabular,seasonal_naive_336h,h336,2026-01-04T23:00:00,2026-01-18T23:00:00,2026-02-15T23:00:00,,,42.0
2026-01-28 05:00:00,39.6,24.7,1.0,Tema Community 25 Estate,tabular,seasonal_naive_336h,h336,2026-01-04T23:00:00,2026-01-18T23:00:00,2026-02-15T23:00:00,,,42.0
2026-01-28 06:00:00,45.2,47.0,1.0,Tema Community 25 Estate,tabular,seasonal_naive_336h,h336,2026-01-04T23:00:00,2026-01-18T23:00:00,2026-02-15T23:00:00,,,42.0
2026-01-28 07:00:00,47.8,23.4,1.0,Tema Community 25 Estate,tabular,seasonal_naive_336h,h336,2026-01-04T23:00:00,2026-01-18T23:00:00,2026-02-15T23:00:00,,,42.0
2026-01-28 08:00:00,44.9,20.4,1.0,Tema Community 25 Estate,tabular,seasonal_naive_336h,h336,2026-01-04T23:00:00,2026-01-18T23:00:00,2026-02-15T23:00:00,,,42.0
2026-01-28 09:00:00,41.1,23.4,1.0,Tema Community 25 Estate,tabular,seasonal_naive_336h,h336,2026-01-04T23:00:00,2026-01-18T23:00:00,2026-02-15T23:00:00,,,42.0
2026-01-28 10:00:00,39.9,13.9,1.0,Tema Community 25 Estate,tabular,seasonal_naive_336h,h336,2026-01-04T23:00:00,2026-01-18T23:00:00,2026-02-15T23:00:00,,,42.0
2026-01-28 11:00:00,44.3,13.1,1.0,Tema Community 25 Estate,tabular,seasonal_naive_336h,h336,2026-01-04T23:00:00,2026-01-18T23:00:00,2026-02-15T23:00:00,,,42.0
2026-01-28 12:00:00,58.3,14.0,1.0,Tema Community 25 Estate,tabular,seasonal_naive_336h,h336,2026-01-04T23:00:00,2026-01-18T23:00:00,2026-02-15T23:00:00,,,42.0
2026-01-28 13:00:00,59.0,16.8,1.0,Tema Community 25 Estate,tabular,seasonal_naive_336h,h336,2026-01-04T23:00:00,2026-01-18T23:00:00,2026-02-15T23:00:00,,,42.0
2026-01-28 14:00:00,54.8,14.1,1.0,Tema Community 25 Estate,tabular,seasonal_naive_336h,h336,2026-01-04T23:00:00,2026-01-18T23:00:00,2026-02-15T23:00:00,,,42.0
2026-01-28 15:00:00,46.7,12.5,1.0,Tema Community 25 Estate,tabular,seasonal_naive_336h,h336,2026-01-04T23:00:00,2026-01-18T23:00:00,2026-02-15T23:00:00,,,42.0
2026-01-28 16:00:00,39.3,12.6,1.0,Tema Community 25 Estate,tabular,seasonal_naive_336h,h336,2026-01-04T23:00:00,2026-01-18T23:00:00,2026-02-15T23:00:00,,,42.0
2026-01-28 17:00:00,40.8,14.6,1.0,Tema Community 25 Estate,tabular,seasonal_naive_336h,h336,2026-01-04T23:00:00,2026-01-18T23:00:00,2026-02-15T23:00:00,,,42.0
2026-01-28 18:00:00,39.1,14.6,1.0,Tema Community 25 Estate,tabular,seasonal_naive_336h,h336,2026-01-04T23:00:00,2026-01-18T23:00:00,2026-02-15T23:00:00,,,42.0
2026-01-28 19:00:00,42.9,16.1,1.0,Tema Community 25 Estate,tabular,seasonal_naive_336h,h336,2026-01-04T23:00:00,2026-01-18T23:00:00,2026-02-15T23:00:00,,,42.0
2026-01-28 20:00:00,37.3,16.0,1.0,Tema Community 25 Estate,tabular,seasonal_naive_336h,h336,2026-01-04T23:00:00,2026-01-18T23:00:00,2026-02-15T23:00:00,,,42.0
2026-01-28 21:00:00,46.4,14.9,1.0,Tema Community 25 Estate,tabular,seasonal_naive_336h,h336,2026-01-04T23:00:00,2026-01-18T23:00:00,2026-02-15T23:00:00,,,42.0
2026-01-28 22:00:00,46.6,27.9,1.0,Tema Community 25 Estate,tabular,seasonal_naive_336h,h336,2026-01-04T23:00:00,2026-01-18T23:00:00,2026-02-15T23:00:00,,,42.0
2026-01-28 23:00:00,43.3,41.7,1.0,Tema Community 25 Estate,tabular,seasonal_naive_336h,h336,2026-01-04T23:00:00,2026-01-18T23:00:00,2026-02-15T23:00:00,,,42.0
2026-01-29 00:00:00,38.4,70.7,1.0,Tema Community 25 Estate,tabular,seasonal_naive_336h,h336,2026-01-04T23:00:00,2026-01-18T23:00:00,2026-02-15T23:00:00,,,42.0
2026-01-29 01:00:00,40.6,75.7,1.0,Tema Community 25 Estate,tabular,seasonal_naive_336h,h336,2026-01-04T23:00:00,2026-01-18T23:00:00,2026-02-15T23:00:00,,,42.0
2026-01-29 02:00:00,36.5,68.5,1.0,Tema Community 25 Estate,tabular,seasonal_naive_336h,h336,2026-01-04T23:00:00,2026-01-18T23:00:00,2026-02-15T23:00:00,,,42.0
2026-01-29 03:00:00,30.4,63.7,1.0,Tema Community 25 Estate,tabular,seasonal_naive_336h,h336,2026-01-04T23:00:00,2026-01-18T23:00:00,2026-02-15T23:00:00,,,42.0
2026-01-29 04:00:00,34.9,40.8,1.0,Tema Community 25 Estate,tabular,seasonal_naive_336h,h336,2026-01-04T23:00:00,2026-01-18T23:00:00,2026-02-15T23:00:00,,,42.0
2026-01-29 05:00:00,45.6,22.9,1.0,Tema Community 25 Estate,tabular,seasonal_naive_336h,h336,2026-01-04T23:00:00,2026-01-18T23:00:00,2026-02-15T23:00:00,,,42.0
2026-01-29 06:00:00,57.5,21.0,1.0,Tema Community 25 Estate,tabular,seasonal_naive_336h,h336,2026-01-04T23:00:00,2026-01-18T23:00:00,2026-02-15T23:00:00,,,42.0
2026-01-29 07:00:00,54.1,22.7,1.0,Tema Community 25 Estate,tabular,seasonal_naive_336h,h336,2026-01-04T23:00:00,2026-01-18T23:00:00,2026-02-15T23:00:00,,,42.0
2026-01-29 08:00:00,44.1,17.9,1.0,Tema Community 25 Estate,tabular,seasonal_naive_336h,h336,2026-01-04T23:00:00,2026-01-18T23:00:00,2026-02-15T23:00:00,,,42.0
2026-01-29 09:00:00,38.9,14.4,1.0,Tema Community 25 Estate,tabular,seasonal_naive_336h,h336,2026-01-04T23:00:00,2026-01-18T23:00:00,2026-02-15T23:00:00,,,42.0
2026-01-29 10:00:00,37.0,17.8,1.0,Tema Community 25 Estate,tabular,seasonal_naive_336h,h336,2026-01-04T23:00:00,2026-01-18T23:00:00,2026-02-15T23:00:00,,,42.0
2026-01-29 11:00:00,36.1,22.0,1.0,Tema Community 25 Estate,tabular,seasonal_naive_336h,h336,2026-01-04T23:00:00,2026-01-18T23:00:00,2026-02-15T23:00:00,,,42.0
2026-01-29 12:00:00,37.8,16.9,1.0,Tema Community 25 Estate,tabular,seasonal_naive_336h,h336,2026-01-04T23:00:00,2026-01-18T23:00:00,2026-02-15T23:00:00,,,42.0
2026-01-29 13:00:00,48.9,17.9,1.0,Tema Community 25 Estate,tabular,seasonal_naive_336h,h336,2026-01-04T23:00:00,2026-01-18T23:00:00,2026-02-15T23:00:00,,,42.0
2026-01-29 14:00:00,41.1,20.6,1.0,Tema Community 25 Estate,tabular,seasonal_naive_336h,h336,2026-01-04T23:00:00,2026-01-18T23:00:00,2026-02-15T23:00:00,,,42.0
2026-01-29 15:00:00,34.6,16.4,1.0,Tema Community 25 Estate,tabular,seasonal_naive_336h,h336,2026-01-04T23:00:00,2026-01-18T23:00:00,2026-02-15T23:00:00,,,42.0
2026-01-29 16:00:00,34.7,16.3,1.0,Tema Community 25 Estate,tabular,seasonal_naive_336h,h336,2026-01-04T23:00:00,2026-01-18T23:00:00,2026-02-15T23:00:00,,,42.0
2026-01-29 17:00:00,38.8,17.8,1.0,Tema Community 25 Estate,tabular,seasonal_naive_336h,h336,2026-01-04T23:00:00,2026-01-18T23:00:00,2026-02-15T23:00:00,,,42.0
2026-01-29 18:00:00,39.9,25.3,1.0,Tema Community 25 Estate,tabular,seasonal_naive_336h,h336,2026-01-04T23:00:00,2026-01-18T23:00:00,2026-02-15T23:00:00,,,42.0
2026-01-29 19:00:00,38.1,22.6,1.0,Tema Community 25 Estate,tabular,seasonal_naive_336h,h336,2026-01-04T23:00:00,2026-01-18T23:00:00,2026-02-15T23:00:00,,,42.0
2026-01-29 20:00:00,33.6,28.6,1.0,Tema Community 25 Estate,tabular,seasonal_naive_336h,h336,2026-01-04T23:00:00,2026-01-18T23:00:00,2026-02-15T23:00:00,,,42.0
2026-01-29 21:00:00,31.0,38.2,1.0,Tema Community 25 Estate,tabular,seasonal_naive_336h,h336,2026-01-04T23:00:00,2026-01-18T23:00:00,2026-02-15T23:00:00,,,42.0
2026-01-29 22:00:00,29.9,37.7,1.0,Tema Community 25 Estate,tabular,seasonal_naive_336h,h336,2026-01-04T23:00:00,2026-01-18T23:00:00,2026-02-15T23:00:00,,,42.0
2026-01-29 23:00:00,29.9,43.3,1.0,Tema Community 25 Estate,tabular,seasonal_naive_336h,h336,2026-01-04T23:00:00,2026-01-18T23:00:00,2026-02-15T23:00:00,,,42.0
2026-01-30 00:00:00,29.9,34.2,1.0,Tema Community 25 Estate,tabular,seasonal_naive_336h,h336,2026-01-04T23:00:00,2026-01-18T23:00:00,2026-02-15T23:00:00,,,42.0
2026-01-30 01:00:00,28.4,20.6,1.0,Tema Community 25 Estate,tabular,seasonal_naive_336h,h336,2026-01-04T23:00:00,2026-01-18T23:00:00,2026-02-15T23:00:00,,,42.0
2026-01-30 02:00:00,27.5,14.6,1.0,Tema Community 25 Estate,tabular,seasonal_naive_336h,h336,2026-01-04T23:00:00,2026-01-18T23:00:00,2026-02-15T23:00:00,,,42.0
2026-01-30 03:00:00,28.8,15.9,1.0,Tema Community 25 Estate,tabular,seasonal_naive_336h,h336,2026-01-04T23:00:00,2026-01-18T23:00:00,2026-02-15T23:00:00,,,42.0
2026-01-30 04:00:00,30.8,19.9,1.0,Tema Community 25 Estate,tabular,seasonal_naive_336h,h336,2026-01-04T23:00:00,2026-01-18T23:00:00,2026-02-15T23:00:00,,,42.0
2026-01-30 05:00:00,36.6,19.5,1.0,Tema Community 25 Estate,tabular,seasonal_naive_336h,h336,2026-01-04T23:00:00,2026-01-18T23:00:00,2026-02-15T23:00:00,,,42.0
2026-01-30 06:00:00,43.7,23.5,1.0,Tema Community 25 Estate,tabular,seasonal_naive_336h,h336,2026-01-04T23:00:00,2026-01-18T23:00:00,2026-02-15T23:00:00,,,42.0
2026-01-30 07:00:00,40.1,19.1,1.0,Tema Community 25 Estate,tabular,seasonal_naive_336h,h336,2026-01-04T23:00:00,2026-01-18T23:00:00,2026-02-15T23:00:00,,,42.0
2026-01-30 08:00:00,31.8,15.6,1.0,Tema Community 25 Estate,tabular,seasonal_naive_336h,h336,2026-01-04T23:00:00,2026-01-18T23:00:00,2026-02-15T23:00:00,,,42.0
2026-01-30 09:00:00,27.9,19.8,1.0,Tema Community 25 Estate,tabular,seasonal_naive_336h,h336,2026-01-04T23:00:00,2026-01-18T23:00:00,2026-02-15T23:00:00,,,42.0
2026-01-30 10:00:00,29.3,19.2,1.0,Tema Community 25 Estate,tabular,seasonal_naive_336h,h336,2026-01-04T23:00:00,2026-01-18T23:00:00,2026-02-15T23:00:00,,,42.0
2026-01-30 11:00:00,30.4,19.8,1.0,Tema Community 25 Estate,tabular,seasonal_naive_336h,h336,2026-01-04T23:00:00,2026-01-18T23:00:00,2026-02-15T23:00:00,,,42.0
2026-01-30 12:00:00,34.3,17.5,1.0,Tema Community 25 Estate,tabular,seasonal_naive_336h,h336,2026-01-04T23:00:00,2026-01-18T23:00:00,2026-02-15T23:00:00,,,42.0
2026-01-30 13:00:00,36.7,16.3,1.0,Tema Community 25 Estate,tabular,seasonal_naive_336h,h336,2026-01-04T23:00:00,2026-01-18T23:00:00,2026-02-15T23:00:00,,,42.0
2026-01-30 14:00:00,35.4,13.8,1.0,Tema Community 25 Estate,tabular,seasonal_naive_336h,h336,2026-01-04T23:00:00,2026-01-18T23:00:00,2026-02-15T23:00:00,,,42.0
2026-01-30 15:00:00,32.6,14.0,1.0,Tema Community 25 Estate,tabular,seasonal_naive_336h,h336,2026-01-04T23:00:00,2026-01-18T23:00:00,2026-02-15T23:00:00,,,42.0
2026-01-30 16:00:00,31.8,15.7,1.0,Tema Community 25 Estate,tabular,seasonal_naive_336h,h336,2026-01-04T23:00:00,2026-01-18T23:00:00,2026-02-15T23:00:00,,,42.0
2026-01-30 17:00:00,40.0,19.8,1.0,Tema Community 25 Estate,tabular,seasonal_naive_336h,h336,2026-01-04T23:00:00,2026-01-18T23:00:00,2026-02-15T23:00:00,,,42.0
2026-01-30 18:00:00,37.7,25.5,1.0,Tema Community 25 Estate,tabular,seasonal_naive_336h,h336,2026-01-04T23:00:00,2026-01-18T23:00:00,2026-02-15T23:00:00,,,42.0
2026-01-30 19:00:00,33.0,19.9,1.0,Tema Community 25 Estate,tabular,seasonal_naive_336h,h336,2026-01-04T23:00:00,2026-01-18T23:00:00,2026-02-15T23:00:00,,,42.0
2026-01-30 20:00:00,32.7,17.3,1.0,Tema Community 25 Estate,tabular,seasonal_naive_336h,h336,2026-01-04T23:00:00,2026-01-18T23:00:00,2026-02-15T23:00:00,,,42.0
2026-01-30 21:00:00,34.8,26.2,1.0,Tema Community 25 Estate,tabular,seasonal_naive_336h,h336,2026-01-04T23:00:00,2026-01-18T23:00:00,2026-02-15T23:00:00,,,42.0
2026-01-30 22:00:00,29.7,15.3,1.0,Tema Community 25 Estate,tabular,seasonal_naive_336h,h336,2026-01-04T23:00:00,2026-01-18T23:00:00,2026-02-15T23:00:00,,,42.0
2026-01-30 23:00:00,30.7,17.1,1.0,Tema Community 25 Estate,tabular,seasonal_naive_336h,h336,2026-01-04T23:00:00,2026-01-18T23:00:00,2026-02-15T23:00:00,,,42.0
2026-01-31 00:00:00,26.8,13.9,1.0,Tema Community 25 Estate,tabular,seasonal_naive_336h,h336,2026-01-04T23:00:00,2026-01-18T23:00:00,2026-02-15T23:00:00,,,42.0
2026-01-31 01:00:00,41.5,23.5,1.0,Tema Community 25 Estate,tabular,seasonal_naive_336h,h336,2026-01-04T23:00:00,2026-01-18T23:00:00,2026-02-15T23:00:00,,,42.0
2026-01-31 02:00:00,35.8,22.2,1.0,Tema Community 25 Estate,tabular,seasonal_naive_336h,h336,2026-01-04T23:00:00,2026-01-18T23:00:00,2026-02-15T23:00:00,,,42.0
2026-01-31 03:00:00,33.3,16.2,1.0,Tema Community 25 Estate,tabular,seasonal_naive_336h,h336,2026-01-04T23:00:00,2026-01-18T23:00:00,2026-02-15T23:00:00,,,42.0
2026-01-31 04:00:00,33.6,19.2,1.0,Tema Community 25 Estate,tabular,seasonal_naive_336h,h336,2026-01-04T23:00:00,2026-01-18T23:00:00,2026-02-15T23:00:00,,,42.0
2026-01-31 05:00:00,39.6,35.3,1.0,Tema Community 25 Estate,tabular,seasonal_naive_336h,h336,2026-01-04T23:00:00,2026-01-18T23:00:00,2026-02-15T23:00:00,,,42.0
2026-01-31 06:00:00,46.8,49.8,1.0,Tema Community 25 Estate,tabular,seasonal_naive_336h,h336,2026-01-04T23:00:00,2026-01-18T23:00:00,2026-02-15T23:00:00,,,42.0
2026-01-31 07:00:00,46.0,47.9,1.0,Tema Community 25 Estate,tabular,seasonal_naive_336h,h336,2026-01-04T23:00:00,2026-01-18T23:00:00,2026-02-15T23:00:00,,,42.0
2026-01-31 08:00:00,39.7,25.2,1.0,Tema Community 25 Estate,tabular,seasonal_naive_336h,h336,2026-01-04T23:00:00,2026-01-18T23:00:00,2026-02-15T23:00:00,,,42.0
2026-01-31 09:00:00,39.0,20.1,1.0,Tema Community 25 Estate,tabular,seasonal_naive_336h,h336,2026-01-04T23:00:00,2026-01-18T23:00:00,2026-02-15T23:00:00,,,42.0
2026-01-31 10:00:00,39.8,14.4,1.0,Tema Community 25 Estate,tabular,seasonal_naive_336h,h336,2026-01-04T23:00:00,2026-01-18T23:00:00,2026-02-15T23:00:00,,,42.0
2026-01-31 11:00:00,40.9,12.3,1.0,Tema Community 25 Estate,tabular,seasonal_naive_336h,h336,2026-01-04T23:00:00,2026-01-18T23:00:00,2026-02-15T23:00:00,,,42.0
2026-01-31 12:00:00,33.3,11.7,1.0,Tema Community 25 Estate,tabular,seasonal_naive_336h,h336,2026-01-04T23:00:00,2026-01-18T23:00:00,2026-02-15T23:00:00,,,42.0
2026-01-31 13:00:00,29.9,13.0,1.0,Tema Community 25 Estate,tabular,seasonal_naive_336h,h336,2026-01-04T23:00:00,2026-01-18T23:00:00,2026-02-15T23:00:00,,,42.0
2026-01-31 14:00:00,29.3,8.7,1.0,Tema Community 25 Estate,tabular,seasonal_naive_336h,h336,2026-01-04T23:00:00,2026-01-18T23:00:00,2026-02-15T23:00:00,,,42.0
2026-01-31 15:00:00,29.8,7.1,1.0,Tema Community 25 Estate,tabular,seasonal_naive_336h,h336,2026-01-04T23:00:00,2026-01-18T23:00:00,2026-02-15T23:00:00,,,42.0
2026-01-31 16:00:00,32.6,7.1,1.0,Tema Community 25 Estate,tabular,seasonal_naive_336h,h336,2026-01-04T23:00:00,2026-01-18T23:00:00,2026-02-15T23:00:00,,,42.0
2026-01-31 17:00:00,35.0,6.1,1.0,Tema Community 25 Estate,tabular,seasonal_naive_336h,h336,2026-01-04T23:00:00,2026-01-18T23:00:00,2026-02-15T23:00:00,,,42.0
2026-01-31 18:00:00,33.1,6.7,1.0,Tema Community 25 Estate,tabular,seasonal_naive_336h,h336,2026-01-04T23:00:00,2026-01-18T23:00:00,2026-02-15T23:00:00,,,42.0
2026-01-31 19:00:00,30.6,25.4,1.0,Tema Community 25 Estate,tabular,seasonal_naive_336h,h336,2026-01-04T23:00:00,2026-01-18T23:00:00,2026-02-15T23:00:00,,,42.0
2026-01-31 20:00:00,30.6,13.3,1.0,Tema Community 25 Estate,tabular,seasonal_naive_336h,h336,2026-01-04T23:00:00,2026-01-18T23:00:00,2026-02-15T23:00:00,,,42.0
2026-01-31 21:00:00,28.2,9.7,1.0,Tema Community 25 Estate,tabular,seasonal_naive_336h,h336,2026-01-04T23:00:00,2026-01-18T23:00:00,2026-02-15T23:00:00,,,42.0
2026-01-31 22:00:00,28.1,11.7,1.0,Tema Community 25 Estate,tabular,seasonal_naive_336h,h336,2026-01-04T23:00:00,2026-01-18T23:00:00,2026-02-15T23:00:00,,,42.0
2026-01-31 23:00:00,26.3,11.6,1.0,Tema Community 25 Estate,tabular,seasonal_naive_336h,h336,2026-01-04T23:00:00,2026-01-18T23:00:00,2026-02-15T23:00:00,,,42.0
2026-02-01 00:00:00,28.0,32.8,1.0,Tema Community 25 Estate,tabular,seasonal_naive_336h,h336,2026-01-04T23:00:00,2026-01-18T23:00:00,2026-02-15T23:00:00,,,42.0
2026-02-01 01:00:00,24.8,39.6,1.0,Tema Community 25 Estate,tabular,seasonal_naive_336h,h336,2026-01-04T23:00:00,2026-01-18T23:00:00,2026-02-15T23:00:00,,,42.0
2026-02-01 02:00:00,24.9,40.5,1.0,Tema Community 25 Estate,tabular,seasonal_naive_336h,h336,2026-01-04T23:00:00,2026-01-18T23:00:00,2026-02-15T23:00:00,,,42.0
2026-02-01 03:00:00,26.6,24.8,1.0,Tema Community 25 Estate,tabular,seasonal_naive_336h,h336,2026-01-04T23:00:00,2026-01-18T23:00:00,2026-02-15T23:00:00,,,42.0
2026-02-01 04:00:00,24.7,34.7,1.0,Tema Community 25 Estate,tabular,seasonal_naive_336h,h336,2026-01-04T23:00:00,2026-01-18T23:00:00,2026-02-15T23:00:00,,,42.0
2026-02-01 05:00:00,25.2,27.1,1.0,Tema Community 25 Estate,tabular,seasonal_naive_336h,h336,2026-01-04T23:00:00,2026-01-18T23:00:00,2026-02-15T23:00:00,,,42.0
2026-02-01 06:00:00,43.2,29.1,1.0,Tema Community 25 Estate,tabular,seasonal_naive_336h,h336,2026-01-04T23:00:00,2026-01-18T23:00:00,2026-02-15T23:00:00,,,42.0
2026-02-01 07:00:00,39.4,26.2,1.0,Tema Community 25 Estate,tabular,seasonal_naive_336h,h336,2026-01-04T23:00:00,2026-01-18T23:00:00,2026-02-15T23:00:00,,,42.0
2026-02-01 08:00:00,35.4,19.3,1.0,Tema Community 25 Estate,tabular,seasonal_naive_336h,h336,2026-01-04T23:00:00,2026-01-18T23:00:00,2026-02-15T23:00:00,,,42.0
2026-02-01 09:00:00,33.9,16.8,1.0,Tema Community 25 Estate,tabular,seasonal_naive_336h,h336,2026-01-04T23:00:00,2026-01-18T23:00:00,2026-02-15T23:00:00,,,42.0
2026-02-01 10:00:00,39.0,20.0,1.0,Tema Community 25 Estate,tabular,seasonal_naive_336h,h336,2026-01-04T23:00:00,2026-01-18T23:00:00,2026-02-15T23:00:00,,,42.0
2026-02-01 11:00:00,39.6,14.2,1.0,Tema Community 25 Estate,tabular,seasonal_naive_336h,h336,2026-01-04T23:00:00,2026-01-18T23:00:00,2026-02-15T23:00:00,,,42.0
2026-02-01 12:00:00,28.7,13.2,1.0,Tema Community 25 Estate,tabular,seasonal_naive_336h,h336,2026-01-04T23:00:00,2026-01-18T23:00:00,2026-02-15T23:00:00,,,42.0
2026-02-01 13:00:00,24.4,14.5,1.0,Tema Community 25 Estate,tabular,seasonal_naive_336h,h336,2026-01-04T23:00:00,2026-01-18T23:00:00,2026-02-15T23:00:00,,,42.0
2026-02-01 14:00:00,22.4,13.8,1.0,Tema Community 25 Estate,tabular,seasonal_naive_336h,h336,2026-01-04T23:00:00,2026-01-18T23:00:00,2026-02-15T23:00:00,,,42.0
2026-02-01 15:00:00,25.9,16.2,1.0,Tema Community 25 Estate,tabular,seasonal_naive_336h,h336,2026-01-04T23:00:00,2026-01-18T23:00:00,2026-02-15T23:00:00,,,42.0
2026-02-01 16:00:00,17.5,12.5,1.0,Tema Community 25 Estate,tabular,seasonal_naive_336h,h336,2026-01-04T23:00:00,2026-01-18T23:00:00,2026-02-15T23:00:00,,,42.0
2026-02-01 17:00:00,22.9,12.3,1.0,Tema Community 25 Estate,tabular,seasonal_naive_336h,h336,2026-01-04T23:00:00,2026-01-18T23:00:00,2026-02-15T23:00:00,,,42.0
2026-02-01 18:00:00,26.6,9.4,1.0,Tema Community 25 Estate,tabular,seasonal_naive_336h,h336,2026-01-04T23:00:00,2026-01-18T23:00:00,2026-02-15T23:00:00,,,42.0
2026-02-01 19:00:00,27.1,7.9,1.0,Tema Community 25 Estate,tabular,seasonal_naive_336h,h336,2026-01-04T23:00:00,2026-01-18T23:00:00,2026-02-15T23:00:00,,,42.0
2026-02-01 20:00:00,24.5,8.8,1.0,Tema Community 25 Estate,tabular,seasonal_naive_336h,h336,2026-01-04T23:00:00,2026-01-18T23:00:00,2026-02-15T23:00:00,,,42.0
2026-02-01 21:00:00,32.1,11.5,1.0,Tema Community 25 Estate,tabular,seasonal_naive_336h,h336,2026-01-04T23:00:00,2026-01-18T23:00:00,2026-02-15T23:00:00,,,42.0
2026-02-01 22:00:00,25.7,16.0,1.0,Tema Community 25 Estate,tabular,seasonal_naive_336h,h336,2026-01-04T23:00:00,2026-01-18T23:00:00,2026-02-15T23:00:00,,,42.0
2026-02-01 23:00:00,24.3,19.3,1.0,Tema Community 25 Estate,tabular,seasonal_naive_336h,h336,2026-01-04T23:00:00,2026-01-18T23:00:00,2026-02-15T23:00:00,,,42.0
2026-02-02 00:00:00,27.9,20.4,1.0,Tema Community 25 Estate,tabular,seasonal_naive_336h,h336,2026-01-04T23:00:00,2026-01-18T23:00:00,2026-02-15T23:00:00,,,42.0
2026-02-02 01:00:00,24.9,24.8,1.0,Tema Community 25 Estate,tabular,seasonal_naive_336h,h336,2026-01-04T23:00:00,2026-01-18T23:00:00,2026-02-15T23:00:00,,,42.0
2026-02-02 02:00:00,21.6,28.7,1.0,Tema Community 25 Estate,tabular,seasonal_naive_336h,h336,2026-01-04T23:00:00,2026-01-18T23:00:00,2026-02-15T23:00:00,,,42.0
2026-02-02 03:00:00,24.4,12.5,1.0,Tema Community 25 Estate,tabular,seasonal_naive_336h,h336,2026-01-04T23:00:00,2026-01-18T23:00:00,2026-02-15T23:00:00,,,42.0
2026-02-02 04:00:00,22.0,10.9,1.0,Tema Community 25 Estate,tabular,seasonal_naive_336h,h336,2026-01-04T23:00:00,2026-01-18T23:00:00,2026-02-15T23:00:00,,,42.0
2026-02-02 05:00:00,38.5,18.6,1.0,Tema Community 25 Estate,tabular,seasonal_naive_336h,h336,2026-01-04T23:00:00,2026-01-18T23:00:00,2026-02-15T23:00:00,,,42.0
2026-02-02 06:00:00,42.3,22.3,1.0,Tema Community 25 Estate,tabular,seasonal_naive_336h,h336,2026-01-04T23:00:00,2026-01-18T23:00:00,2026-02-15T23:00:00,,,42.0
2026-02-02 07:00:00,51.0,16.1,1.0,Tema Community 25 Estate,tabular,seasonal_naive_336h,h336,2026-01-04T23:00:00,2026-01-18T23:00:00,2026-02-15T23:00:00,,,42.0
2026-02-02 08:00:00,30.2,11.8,1.0,Tema Community 25 Estate,tabular,seasonal_naive_336h,h336,2026-01-04T23:00:00,2026-01-18T23:00:00,2026-02-15T23:00:00,,,42.0
2026-02-02 09:00:00,31.1,15.6,1.0,Tema Community 25 Estate,tabular,seasonal_naive_336h,h336,2026-01-04T23:00:00,2026-01-18T23:00:00,2026-02-15T23:00:00,,,42.0
2026-02-02 10:00:00,32.8,23.7,1.0,Tema Community 25 Estate,tabular,seasonal_naive_336h,h336,2026-01-04T23:00:00,2026-01-18T23:00:00,2026-02-15T23:00:00,,,42.0
2026-02-02 11:00:00,26.8,26.9,1.0,Tema Community 25 Estate,tabular,seasonal_naive_336h,h336,2026-01-04T23:00:00,2026-01-18T23:00:00,2026-02-15T23:00:00,,,42.0
2026-02-02 12:00:00,24.1,21.4,1.0,Tema Community 25 Estate,tabular,seasonal_naive_336h,h336,2026-01-04T23:00:00,2026-01-18T23:00:00,2026-02-15T23:00:00,,,42.0
2026-02-02 13:00:00,24.6,19.1,1.0,Tema Community 25 Estate,tabular,seasonal_naive_336h,h336,2026-01-04T23:00:00,2026-01-18T23:00:00,2026-02-15T23:00:00,,,42.0
2026-02-02 14:00:00,24.5,17.4,1.0,Tema Community 25 Estate,tabular,seasonal_naive_336h,h336,2026-01-04T23:00:00,2026-01-18T23:00:00,2026-02-15T23:00:00,,,42.0
2026-02-02 15:00:00,28.6,16.7,1.0,Tema Community 25 Estate,tabular,seasonal_naive_336h,h336,2026-01-04T23:00:00,2026-01-18T23:00:00,2026-02-15T23:00:00,,,42.0
2026-02-02 16:00:00,28.0,13.1,1.0,Tema Community 25 Estate,tabular,seasonal_naive_336h,h336,2026-01-04T23:00:00,2026-01-18T23:00:00,2026-02-15T23:00:00,,,42.0
2026-02-02 17:00:00,30.7,12.5,1.0,Tema Community 25 Estate,tabular,seasonal_naive_336h,h336,2026-01-04T23:00:00,2026-01-18T23:00:00,2026-02-15T23:00:00,,,42.0
2026-02-02 18:00:00,28.4,12.3,1.0,Tema Community 25 Estate,tabular,seasonal_naive_336h,h336,2026-01-04T23:00:00,2026-01-18T23:00:00,2026-02-15T23:00:00,,,42.0
2026-02-02 19:00:00,30.2,13.6,1.0,Tema Community 25 Estate,tabular,seasonal_naive_336h,h336,2026-01-04T23:00:00,2026-01-18T23:00:00,2026-02-15T23:00:00,,,42.0
2026-02-02 20:00:00,31.1,14.2,1.0,Tema Community 25 Estate,tabular,seasonal_naive_336h,h336,2026-01-04T23:00:00,2026-01-18T23:00:00,2026-02-15T23:00:00,,,42.0
2026-02-02 21:00:00,31.4,15.5,1.0,Tema Community 25 Estate,tabular,seasonal_naive_336h,h336,2026-01-04T23:00:00,2026-01-18T23:00:00,2026-02-15T23:00:00,,,42.0
2026-02-02 22:00:00,28.5,15.4,1.0,Tema Community 25 Estate,tabular,seasonal_naive_336h,h336,2026-01-04T23:00:00,2026-01-18T23:00:00,2026-02-15T23:00:00,,,42.0
2026-02-02 23:00:00,38.5,19.5,1.0,Tema Community 25 Estate,tabular,seasonal_naive_336h,h336,2026-01-04T23:00:00,2026-01-18T23:00:00,2026-02-15T23:00:00,,,42.0
2026-02-03 00:00:00,36.4,13.9,1.0,Tema Community 25 Estate,tabular,seasonal_naive_336h,h336,2026-01-04T23:00:00,2026-01-18T23:00:00,2026-02-15T23:00:00,,,42.0
2026-02-03 01:00:00,31.9,12.4,1.0,Tema Community 25 Estate,tabular,seasonal_naive_336h,h336,2026-01-04T23:00:00,2026-01-18T23:00:00,2026-02-15T23:00:00,,,42.0
2026-02-03 02:00:00,26.3,13.6,1.0,Tema Community 25 Estate,tabular,seasonal_naive_336h,h336,2026-01-04T23:00:00,2026-01-18T23:00:00,2026-02-15T23:00:00,,,42.0
2026-02-03 03:00:00,23.9,14.1,1.0,Tema Community 25 Estate,tabular,seasonal_naive_336h,h336,2026-01-04T23:00:00,2026-01-18T23:00:00,2026-02-15T23:00:00,,,42.0
2026-02-03 04:00:00,29.7,13.1,1.0,Tema Community 25 Estate,tabular,seasonal_naive_336h,h336,2026-01-04T23:00:00,2026-01-18T23:00:00,2026-02-15T23:00:00,,,42.0
2026-02-03 05:00:00,28.2,14.3,1.0,Tema Community 25 Estate,tabular,seasonal_naive_336h,h336,2026-01-04T23:00:00,2026-01-18T23:00:00,2026-02-15T23:00:00,,,42.0
2026-02-03 06:00:00,30.9,19.4,1.0,Tema Community 25 Estate,tabular,seasonal_naive_336h,h336,2026-01-04T23:00:00,2026-01-18T23:00:00,2026-02-15T23:00:00,,,42.0
2026-02-03 07:00:00,35.0,16.6,1.0,Tema Community 25 Estate,tabular,seasonal_naive_336h,h336,2026-01-04T23:00:00,2026-01-18T23:00:00,2026-02-15T23:00:00,,,42.0
2026-02-03 08:00:00,25.5,14.2,1.0,Tema Community 25 Estate,tabular,seasonal_naive_336h,h336,2026-01-04T23:00:00,2026-01-18T23:00:00,2026-02-15T23:00:00,,,42.0
2026-02-03 09:00:00,29.7,16.0,1.0,Tema Community 25 Estate,tabular,seasonal_naive_336h,h336,2026-01-04T23:00:00,2026-01-18T23:00:00,2026-02-15T23:00:00,,,42.0
2026-02-03 10:00:00,29.6,15.4,1.0,Tema Community 25 Estate,tabular,seasonal_naive_336h,h336,2026-01-04T23:00:00,2026-01-18T23:00:00,2026-02-15T23:00:00,,,42.0
2026-02-03 11:00:00,36.2,16.8,1.0,Tema Community 25 Estate,tabular,seasonal_naive_336h,h336,2026-01-04T23:00:00,2026-01-18T23:00:00,2026-02-15T23:00:00,,,42.0
2026-02-03 12:00:00,25.9,20.4,1.0,Tema Community 25 Estate,tabular,seasonal_naive_336h,h336,2026-01-04T23:00:00,2026-01-18T23:00:00,2026-02-15T23:00:00,,,42.0
2026-02-03 13:00:00,22.6,20.3,1.0,Tema Community 25 Estate,tabular,seasonal_naive_336h,h336,2026-01-04T23:00:00,2026-01-18T23:00:00,2026-02-15T23:00:00,,,42.0
2026-02-03 14:00:00,23.7,16.1,1.0,Tema Community 25 Estate,tabular,seasonal_naive_336h,h336,2026-01-04T23:00:00,2026-01-18T23:00:00,2026-02-15T23:00:00,,,42.0
2026-02-03 15:00:00,22.5,14.8,1.0,Tema Community 25 Estate,tabular,seasonal_naive_336h,h336,2026-01-04T23:00:00,2026-01-18T23:00:00,2026-02-15T23:00:00,,,42.0
2026-02-03 16:00:00,31.0,15.0,1.0,Tema Community 25 Estate,tabular,seasonal_naive_336h,h336,2026-01-04T23:00:00,2026-01-18T23:00:00,2026-02-15T23:00:00,,,42.0
2026-02-03 17:00:00,31.8,14.7,1.0,Tema Community 25 Estate,tabular,seasonal_naive_336h,h336,2026-01-04T23:00:00,2026-01-18T23:00:00,2026-02-15T23:00:00,,,42.0
2026-02-03 18:00:00,25.8,22.2,1.0,Tema Community 25 Estate,tabular,seasonal_naive_336h,h336,2026-01-04T23:00:00,2026-01-18T23:00:00,2026-02-15T23:00:00,,,42.0
2026-02-03 19:00:00,43.5,16.2,1.0,Tema Community 25 Estate,tabular,seasonal_naive_336h,h336,2026-01-04T23:00:00,2026-01-18T23:00:00,2026-02-15T23:00:00,,,42.0
2026-02-03 20:00:00,60.6,16.5,1.0,Tema Community 25 Estate,tabular,seasonal_naive_336h,h336,2026-01-04T23:00:00,2026-01-18T23:00:00,2026-02-15T23:00:00,,,42.0
2026-02-03 21:00:00,53.8,22.3,1.0,Tema Community 25 Estate,tabular,seasonal_naive_336h,h336,2026-01-04T23:00:00,2026-01-18T23:00:00,2026-02-15T23:00:00,,,42.0
2026-02-03 22:00:00,41.5,17.4,1.0,Tema Community 25 Estate,tabular,seasonal_naive_336h,h336,2026-01-04T23:00:00,2026-01-18T23:00:00,2026-02-15T23:00:00,,,42.0
2026-02-03 23:00:00,35.6,16.3,1.0,Tema Community 25 Estate,tabular,seasonal_naive_336h,h336,2026-01-04T23:00:00,2026-01-18T23:00:00,2026-02-15T23:00:00,,,42.0
2026-02-04 00:00:00,22.9,13.6,1.0,Tema Community 25 Estate,tabular,seasonal_naive_336h,h336,2026-01-04T23:00:00,2026-01-18T23:00:00,2026-02-15T23:00:00,,,42.0
2026-02-04 01:00:00,21.3,13.820270270270269,1.0,Tema Community 25 Estate,tabular,seasonal_naive_336h,h336,2026-01-04T23:00:00,2026-01-18T23:00:00,2026-02-15T23:00:00,,,42.0
2026-02-04 02:00:00,24.7,14.04054054054054,1.0,Tema Community 25 Estate,tabular,seasonal_naive_336h,h336,2026-01-04T23:00:00,2026-01-18T23:00:00,2026-02-15T23:00:00,,,42.0
2026-02-04 03:00:00,30.5,14.26081081081081,1.0,Tema Community 25 Estate,tabular,seasonal_naive_336h,h336,2026-01-04T23:00:00,2026-01-18T23:00:00,2026-02-15T23:00:00,,,42.0
2026-02-04 04:00:00,37.3,,1.0,Tema Community 25 Estate,tabular,seasonal_naive_336h,h336,2026-01-04T23:00:00,2026-01-18T23:00:00,2026-02-15T23:00:00,,,42.0
2026-02-04 05:00:00,43.2,,1.0,Tema Community 25 Estate,tabular,seasonal_naive_336h,h336,2026-01-04T23:00:00,2026-01-18T23:00:00,2026-02-15T23:00:00,,,42.0
2026-02-04 06:00:00,69.9,,1.0,Tema Community 25 Estate,tabular,seasonal_naive_336h,h336,2026-01-04T23:00:00,2026-01-18T23:00:00,2026-02-15T23:00:00,,,42.0
2026-02-04 07:00:00,105.9,,1.0,Tema Community 25 Estate,tabular,seasonal_naive_336h,h336,2026-01-04T23:00:00,2026-01-18T23:00:00,2026-02-15T23:00:00,,,42.0
2026-02-04 08:00:00,79.3,,1.0,Tema Community 25 Estate,tabular,seasonal_naive_336h,h336,2026-01-04T23:00:00,2026-01-18T23:00:00,2026-02-15T23:00:00,,,42.0
2026-02-04 09:00:00,62.2,,1.0,Tema Community 25 Estate,tabular,seasonal_naive_336h,h336,2026-01-04T23:00:00,2026-01-18T23:00:00,2026-02-15T23:00:00,,,42.0
2026-02-04 10:00:00,60.9,,1.0,Tema Community 25 Estate,tabular,seasonal_naive_336h,h336,2026-01-04T23:00:00,2026-01-18T23:00:00,2026-02-15T23:00:00,,,42.0
2026-02-04 11:00:00,41.1,,1.0,Tema Community 25 Estate,tabular,seasonal_naive_336h,h336,2026-01-04T23:00:00,2026-01-18T23:00:00,2026-02-15T23:00:00,,,42.0
2026-02-04 12:00:00,50.8,,1.0,Tema Community 25 Estate,tabular,seasonal_naive_336h,h336,2026-01-04T23:00:00,2026-01-18T23:00:00,2026-02-15T23:00:00,,,42.0
2026-02-04 13:00:00,35.6,,1.0,Tema Community 25 Estate,tabular,seasonal_naive_336h,h336,2026-01-04T23:00:00,2026-01-18T23:00:00,2026-02-15T23:00:00,,,42.0
2026-02-04 14:00:00,32.3,,1.0,Tema Community 25 Estate,tabular,seasonal_naive_336h,h336,2026-01-04T23:00:00,2026-01-18T23:00:00,2026-02-15T23:00:00,,,42.0
2026-02-04 15:00:00,23.9,,1.0,Tema Community 25 Estate,tabular,seasonal_naive_336h,h336,2026-01-04T23:00:00,2026-01-18T23:00:00,2026-02-15T23:00:00,,,42.0
2026-02-04 16:00:00,24.0,,1.0,Tema Community 25 Estate,tabular,seasonal_naive_336h,h336,2026-01-04T23:00:00,2026-01-18T23:00:00,2026-02-15T23:00:00,,,42.0
2026-02-04 17:00:00,22.5,,1.0,Tema Community 25 Estate,tabular,seasonal_naive_336h,h336,2026-01-04T23:00:00,2026-01-18T23:00:00,2026-02-15T23:00:00,,,42.0
2026-02-04 18:00:00,28.2,,1.0,Tema Community 25 Estate,tabular,seasonal_naive_336h,h336,2026-01-04T23:00:00,2026-01-18T23:00:00,2026-02-15T23:00:00,,,42.0
2026-02-04 19:00:00,25.9,,1.0,Tema Community 25 Estate,tabular,seasonal_naive_336h,h336,2026-01-04T23:00:00,2026-01-18T23:00:00,2026-02-15T23:00:00,,,42.0
2026-02-04 20:00:00,21.0,,1.0,Tema Community 25 Estate,tabular,seasonal_naive_336h,h336,2026-01-04T23:00:00,2026-01-18T23:00:00,2026-02-15T23:00:00,,,42.0
2026-02-04 21:00:00,18.1,,1.0,Tema Community 25 Estate,tabular,seasonal_naive_336h,h336,2026-01-04T23:00:00,2026-01-18T23:00:00,2026-02-15T23:00:00,,,42.0
2026-02-04 22:00:00,24.1,,1.0,Tema Community 25 Estate,tabular,seasonal_naive_336h,h336,2026-01-04T23:00:00,2026-01-18T23:00:00,2026-02-15T23:00:00,,,42.0
2026-02-04 23:00:00,31.4,,1.0,Tema Community 25 Estate,tabular,seasonal_naive_336h,h336,2026-01-04T23:00:00,2026-01-18T23:00:00,2026-02-15T23:00:00,,,42.0
2026-02-05 00:00:00,28.3,,1.0,Tema Community 25 Estate,tabular,seasonal_naive_336h,h336,2026-01-04T23:00:00,2026-01-18T23:00:00,2026-02-15T23:00:00,,,42.0
2026-02-05 01:00:00,30.5,,1.0,Tema Community 25 Estate,tabular,seasonal_naive_336h,h336,2026-01-04T23:00:00,2026-01-18T23:00:00,2026-02-15T23:00:00,,,42.0
2026-02-05 02:00:00,30.8,,1.0,Tema Community 25 Estate,tabular,seasonal_naive_336h,h336,2026-01-04T23:00:00,2026-01-18T23:00:00,2026-02-15T23:00:00,,,42.0
2026-02-05 03:00:00,28.1,,1.0,Tema Community 25 Estate,tabular,seasonal_naive_336h,h336,2026-01-04T23:00:00,2026-01-18T23:00:00,2026-02-15T23:00:00,,,42.0
2026-02-05 04:00:00,25.5,,1.0,Tema Community 25 Estate,tabular,seasonal_naive_336h,h336,2026-01-04T23:00:00,2026-01-18T23:00:00,2026-02-15T23:00:00,,,42.0
2026-02-05 05:00:00,23.8,,1.0,Tema Community 25 Estate,tabular,seasonal_naive_336h,h336,2026-01-04T23:00:00,2026-01-18T23:00:00,2026-02-15T23:00:00,,,42.0
2026-02-05 06:00:00,33.0,,1.0,Tema Community 25 Estate,tabular,seasonal_naive_336h,h336,2026-01-04T23:00:00,2026-01-18T23:00:00,2026-02-15T23:00:00,,,42.0
2026-02-05 07:00:00,20.9,,1.0,Tema Community 25 Estate,tabular,seasonal_naive_336h,h336,2026-01-04T23:00:00,2026-01-18T23:00:00,2026-02-15T23:00:00,,,42.0
2026-02-05 08:00:00,15.0,,1.0,Tema Community 25 Estate,tabular,seasonal_naive_336h,h336,2026-01-04T23:00:00,2026-01-18T23:00:00,2026-02-15T23:00:00,,,42.0
2026-02-05 09:00:00,10.8,,1.0,Tema Community 25 Estate,tabular,seasonal_naive_336h,h336,2026-01-04T23:00:00,2026-01-18T23:00:00,2026-02-15T23:00:00,,,42.0
2026-02-05 10:00:00,8.8,,1.0,Tema Community 25 Estate,tabular,seasonal_naive_336h,h336,2026-01-04T23:00:00,2026-01-18T23:00:00,2026-02-15T23:00:00,,,42.0
2026-02-05 11:00:00,11.1,,1.0,Tema Community 25 Estate,tabular,seasonal_naive_336h,h336,2026-01-04T23:00:00,2026-01-18T23:00:00,2026-02-15T23:00:00,,,42.0
2026-02-05 12:00:00,14.7,,1.0,Tema Community 25 Estate,tabular,seasonal_naive_336h,h336,2026-01-04T23:00:00,2026-01-18T23:00:00,2026-02-15T23:00:00,,,42.0
2026-02-05 13:00:00,14.4,,1.0,Tema Community 25 Estate,tabular,seasonal_naive_336h,h336,2026-01-04T23:00:00,2026-01-18T23:00:00,2026-02-15T23:00:00,,,42.0
2026-02-05 14:00:00,13.5,,1.0,Tema Community 25 Estate,tabular,seasonal_naive_336h,h336,2026-01-04T23:00:00,2026-01-18T23:00:00,2026-02-15T23:00:00,,,42.0
2026-02-05 15:00:00,13.4,,1.0,Tema Community 25 Estate,tabular,seasonal_naive_336h,h336,2026-01-04T23:00:00,2026-01-18T23:00:00,2026-02-15T23:00:00,,,42.0
2026-02-05 16:00:00,14.0,,1.0,Tema Community 25 Estate,tabular,seasonal_naive_336h,h336,2026-01-04T23:00:00,2026-01-18T23:00:00,2026-02-15T23:00:00,,,42.0
2026-02-05 17:00:00,23.3,,1.0,Tema Community 25 Estate,tabular,seasonal_naive_336h,h336,2026-01-04T23:00:00,2026-01-18T23:00:00,2026-02-15T23:00:00,,,42.0
2026-02-05 18:00:00,17.8,,1.0,Tema Community 25 Estate,tabular,seasonal_naive_336h,h336,2026-01-04T23:00:00,2026-01-18T23:00:00,2026-02-15T23:00:00,,,42.0
2026-02-05 19:00:00,18.0,,1.0,Tema Community 25 Estate,tabular,seasonal_naive_336h,h336,2026-01-04T23:00:00,2026-01-18T23:00:00,2026-02-15T23:00:00,,,42.0
2026-02-05 20:00:00,18.6,,1.0,Tema Community 25 Estate,tabular,seasonal_naive_336h,h336,2026-01-04T23:00:00,2026-01-18T23:00:00,2026-02-15T23:00:00,,,42.0
2026-02-05 21:00:00,14.3,,1.0,Tema Community 25 Estate,tabular,seasonal_naive_336h,h336,2026-01-04T23:00:00,2026-01-18T23:00:00,2026-02-15T23:00:00,,,42.0
2026-02-05 22:00:00,15.3,,1.0,Tema Community 25 Estate,tabular,seasonal_naive_336h,h336,2026-01-04T23:00:00,2026-01-18T23:00:00,2026-02-15T23:00:00,,,42.0
2026-02-05 23:00:00,14.1,,1.0,Tema Community 25 Estate,tabular,seasonal_naive_336h,h336,2026-01-04T23:00:00,2026-01-18T23:00:00,2026-02-15T23:00:00,,,42.0
2026-02-06 00:00:00,13.0,,1.0,Tema Community 25 Estate,tabular,seasonal_naive_336h,h336,2026-01-04T23:00:00,2026-01-18T23:00:00,2026-02-15T23:00:00,,,42.0
2026-02-06 01:00:00,13.5,,1.0,Tema Community 25 Estate,tabular,seasonal_naive_336h,h336,2026-01-04T23:00:00,2026-01-18T23:00:00,2026-02-15T23:00:00,,,42.0
2026-02-06 02:00:00,13.5,,1.0,Tema Community 25 Estate,tabular,seasonal_naive_336h,h336,2026-01-04T23:00:00,2026-01-18T23:00:00,2026-02-15T23:00:00,,,42.0
2026-02-06 03:00:00,14.8,,1.0,Tema Community 25 Estate,tabular,seasonal_naive_336h,h336,2026-01-04T23:00:00,2026-01-18T23:00:00,2026-02-15T23:00:00,,,42.0
2026-02-06 04:00:00,19.6,,1.0,Tema Community 25 Estate,tabular,seasonal_naive_336h,h336,2026-01-04T23:00:00,2026-01-18T23:00:00,2026-02-15T23:00:00,,,42.0
2026-02-06 05:00:00,30.8,,1.0,Tema Community 25 Estate,tabular,seasonal_naive_336h,h336,2026-01-04T23:00:00,2026-01-18T23:00:00,2026-02-15T23:00:00,,,42.0
2026-02-06 06:00:00,47.7,,1.0,Tema Community 25 Estate,tabular,seasonal_naive_336h,h336,2026-01-04T23:00:00,2026-01-18T23:00:00,2026-02-15T23:00:00,,,42.0
2026-02-06 07:00:00,36.3,,1.0,Tema Community 25 Estate,tabular,seasonal_naive_336h,h336,2026-01-04T23:00:00,2026-01-18T23:00:00,2026-02-15T23:00:00,,,42.0
2026-02-06 08:00:00,23.5,,1.0,Tema Community 25 Estate,tabular,seasonal_naive_336h,h336,2026-01-04T23:00:00,2026-01-18T23:00:00,2026-02-15T23:00:00,,,42.0
2026-02-06 09:00:00,19.5,,1.0,Tema Community 25 Estate,tabular,seasonal_naive_336h,h336,2026-01-04T23:00:00,2026-01-18T23:00:00,2026-02-15T23:00:00,,,42.0
2026-02-06 10:00:00,19.7,,1.0,Tema Community 25 Estate,tabular,seasonal_naive_336h,h336,2026-01-04T23:00:00,2026-01-18T23:00:00,2026-02-15T23:00:00,,,42.0
2026-02-06 11:00:00,20.0,,1.0,Tema Community 25 Estate,tabular,seasonal_naive_336h,h336,2026-01-04T23:00:00,2026-01-18T23:00:00,2026-02-15T23:00:00,,,42.0
2026-02-06 12:00:00,19.5,,1.0,Tema Community 25 Estate,tabular,seasonal_naive_336h,h336,2026-01-04T23:00:00,2026-01-18T23:00:00,2026-02-15T23:00:00,,,42.0
2026-02-06 13:00:00,23.3,,1.0,Tema Community 25 Estate,tabular,seasonal_naive_336h,h336,2026-01-04T23:00:00,2026-01-18T23:00:00,2026-02-15T23:00:00,,,42.0
2026-02-06 14:00:00,29.4,,1.0,Tema Community 25 Estate,tabular,seasonal_naive_336h,h336,2026-01-04T23:00:00,2026-01-18T23:00:00,2026-02-15T23:00:00,,,42.0
2026-02-06 15:00:00,18.1,,1.0,Tema Community 25 Estate,tabular,seasonal_naive_336h,h336,2026-01-04T23:00:00,2026-01-18T23:00:00,2026-02-15T23:00:00,,,42.0
2026-02-06 16:00:00,14.3,,1.0,Tema Community 25 Estate,tabular,seasonal_naive_336h,h336,2026-01-04T23:00:00,2026-01-18T23:00:00,2026-02-15T23:00:00,,,42.0
2026-02-06 17:00:00,25.0,,1.0,Tema Community 25 Estate,tabular,seasonal_naive_336h,h336,2026-01-04T23:00:00,2026-01-18T23:00:00,2026-02-15T23:00:00,,,42.0
2026-02-06 18:00:00,17.3,,1.0,Tema Community 25 Estate,tabular,seasonal_naive_336h,h336,2026-01-04T23:00:00,2026-01-18T23:00:00,2026-02-15T23:00:00,,,42.0
2026-02-06 19:00:00,16.3,,1.0,Tema Community 25 Estate,tabular,seasonal_naive_336h,h336,2026-01-04T23:00:00,2026-01-18T23:00:00,2026-02-15T23:00:00,,,42.0
2026-02-06 20:00:00,16.0,,1.0,Tema Community 25 Estate,tabular,seasonal_naive_336h,h336,2026-01-04T23:00:00,2026-01-18T23:00:00,2026-02-15T23:00:00,,,42.0
2026-02-06 21:00:00,13.5,,1.0,Tema Community 25 Estate,tabular,seasonal_naive_336h,h336,2026-01-04T23:00:00,2026-01-18T23:00:00,2026-02-15T23:00:00,,,42.0
2026-02-06 22:00:00,15.3,,1.0,Tema Community 25 Estate,tabular,seasonal_naive_336h,h336,2026-01-04T23:00:00,2026-01-18T23:00:00,2026-02-15T23:00:00,,,42.0
2026-02-06 23:00:00,17.6,29.239189189189183,1.0,Tema Community 25 Estate,tabular,seasonal_naive_336h,h336,2026-01-04T23:00:00,2026-01-18T23:00:00,2026-02-15T23:00:00,,,42.0
2026-02-07 00:00:00,19.6,29.459459459459456,1.0,Tema Community 25 Estate,tabular,seasonal_naive_336h,h336,2026-01-04T23:00:00,2026-01-18T23:00:00,2026-02-15T23:00:00,,,42.0
2026-02-07 01:00:00,18.3,29.67972972972973,1.0,Tema Community 25 Estate,tabular,seasonal_naive_336h,h336,2026-01-04T23:00:00,2026-01-18T23:00:00,2026-02-15T23:00:00,,,42.0
2026-02-07 02:00:00,21.9,29.9,1.0,Tema Community 25 Estate,tabular,seasonal_naive_336h,h336,2026-01-04T23:00:00,2026-01-18T23:00:00,2026-02-15T23:00:00,,,42.0
2026-02-07 03:00:00,25.3,23.2,1.0,Tema Community 25 Estate,tabular,seasonal_naive_336h,h336,2026-01-04T23:00:00,2026-01-18T23:00:00,2026-02-15T23:00:00,,,42.0
2026-02-07 04:00:00,35.5,22.1,1.0,Tema Community 25 Estate,tabular,seasonal_naive_336h,h336,2026-01-04T23:00:00,2026-01-18T23:00:00,2026-02-15T23:00:00,,,42.0
2026-02-07 05:00:00,34.6,25.8,1.0,Tema Community 25 Estate,tabular,seasonal_naive_336h,h336,2026-01-04T23:00:00,2026-01-18T23:00:00,2026-02-15T23:00:00,,,42.0
2026-02-07 06:00:00,37.9,33.6,1.0,Tema Community 25 Estate,tabular,seasonal_naive_336h,h336,2026-01-04T23:00:00,2026-01-18T23:00:00,2026-02-15T23:00:00,,,42.0
2026-02-07 07:00:00,38.6,32.2,1.0,Tema Community 25 Estate,tabular,seasonal_naive_336h,h336,2026-01-04T23:00:00,2026-01-18T23:00:00,2026-02-15T23:00:00,,,42.0
2026-02-07 08:00:00,23.7,21.7,1.0,Tema Community 25 Estate,tabular,seasonal_naive_336h,h336,2026-01-04T23:00:00,2026-01-18T23:00:00,2026-02-15T23:00:00,,,42.0
2026-02-07 09:00:00,24.1,19.6,1.0,Tema Community 25 Estate,tabular,seasonal_naive_336h,h336,2026-01-04T23:00:00,2026-01-18T23:00:00,2026-02-15T23:00:00,,,42.0
2026-02-07 10:00:00,24.5,20.3,1.0,Tema Community 25 Estate,tabular,seasonal_naive_336h,h336,2026-01-04T23:00:00,2026-01-18T23:00:00,2026-02-15T23:00:00,,,42.0
2026-02-07 11:00:00,25.8,23.7,1.0,Tema Community 25 Estate,tabular,seasonal_naive_336h,h336,2026-01-04T23:00:00,2026-01-18T23:00:00,2026-02-15T23:00:00,,,42.0
2026-02-07 12:00:00,18.6,26.4,1.0,Tema Community 25 Estate,tabular,seasonal_naive_336h,h336,2026-01-04T23:00:00,2026-01-18T23:00:00,2026-02-15T23:00:00,,,42.0
2026-02-07 13:00:00,16.2,28.0,1.0,Tema Community 25 Estate,tabular,seasonal_naive_336h,h336,2026-01-04T23:00:00,2026-01-18T23:00:00,2026-02-15T23:00:00,,,42.0
2026-02-07 14:00:00,14.1,26.0,1.0,Tema Community 25 Estate,tabular,seasonal_naive_336h,h336,2026-01-04T23:00:00,2026-01-18T23:00:00,2026-02-15T23:00:00,,,42.0
2026-02-07 15:00:00,12.6,26.3,1.0,Tema Community 25 Estate,tabular,seasonal_naive_336h,h336,2026-01-04T23:00:00,2026-01-18T23:00:00,2026-02-15T23:00:00,,,42.0
2026-02-07 16:00:00,12.3,22.0,1.0,Tema Community 25 Estate,tabular,seasonal_naive_336h,h336,2026-01-04T23:00:00,2026-01-18T23:00:00,2026-02-15T23:00:00,,,42.0
2026-02-07 17:00:00,14.4,31.0,1.0,Tema Community 25 Estate,tabular,seasonal_naive_336h,h336,2026-01-04T23:00:00,2026-01-18T23:00:00,2026-02-15T23:00:00,,,42.0
2026-02-07 18:00:00,22.6,42.4,1.0,Tema Community 25 Estate,tabular,seasonal_naive_336h,h336,2026-01-04T23:00:00,2026-01-18T23:00:00,2026-02-15T23:00:00,,,42.0
2026-02-07 19:00:00,21.5,43.6,1.0,Tema Community 25 Estate,tabular,seasonal_naive_336h,h336,2026-01-04T23:00:00,2026-01-18T23:00:00,2026-02-15T23:00:00,,,42.0
2026-02-07 20:00:00,21.3,49.8,1.0,Tema Community 25 Estate,tabular,seasonal_naive_336h,h336,2026-01-04T23:00:00,2026-01-18T23:00:00,2026-02-15T23:00:00,,,42.0
2026-02-07 21:00:00,24.0,52.0,1.0,Tema Community 25 Estate,tabular,seasonal_naive_336h,h336,2026-01-04T23:00:00,2026-01-18T23:00:00,2026-02-15T23:00:00,,,42.0
2026-02-07 22:00:00,30.0,56.2,1.0,Tema Community 25 Estate,tabular,seasonal_naive_336h,h336,2026-01-04T23:00:00,2026-01-18T23:00:00,2026-02-15T23:00:00,,,42.0
2026-02-07 23:00:00,23.6,61.7,1.0,Tema Community 25 Estate,tabular,seasonal_naive_336h,h336,2026-01-04T23:00:00,2026-01-18T23:00:00,2026-02-15T23:00:00,,,42.0
2026-02-08 00:00:00,21.0,66.4,1.0,Tema Community 25 Estate,tabular,seasonal_naive_336h,h336,2026-01-04T23:00:00,2026-01-18T23:00:00,2026-02-15T23:00:00,,,42.0
2026-02-08 01:00:00,25.8,42.4,1.0,Tema Community 25 Estate,tabular,seasonal_naive_336h,h336,2026-01-04T23:00:00,2026-01-18T23:00:00,2026-02-15T23:00:00,,,42.0
2026-02-08 02:00:00,21.8,33.1,1.0,Tema Community 25 Estate,tabular,seasonal_naive_336h,h336,2026-01-04T23:00:00,2026-01-18T23:00:00,2026-02-15T23:00:00,,,42.0
2026-02-08 03:00:00,21.2,38.6,1.0,Tema Community 25 Estate,tabular,seasonal_naive_336h,h336,2026-01-04T23:00:00,2026-01-18T23:00:00,2026-02-15T23:00:00,,,42.0
2026-02-08 04:00:00,24.4,31.7,1.0,Tema Community 25 Estate,tabular,seasonal_naive_336h,h336,2026-01-04T23:00:00,2026-01-18T23:00:00,2026-02-15T23:00:00,,,42.0
2026-02-08 05:00:00,42.8,30.0,1.0,Tema Community 25 Estate,tabular,seasonal_naive_336h,h336,2026-01-04T23:00:00,2026-01-18T23:00:00,2026-02-15T23:00:00,,,42.0
2026-02-08 06:00:00,44.0,39.1,1.0,Tema Community 25 Estate,tabular,seasonal_naive_336h,h336,2026-01-04T23:00:00,2026-01-18T23:00:00,2026-02-15T23:00:00,,,42.0
2026-02-08 07:00:00,43.3,37.3,1.0,Tema Community 25 Estate,tabular,seasonal_naive_336h,h336,2026-01-04T23:00:00,2026-01-18T23:00:00,2026-02-15T23:00:00,,,42.0
2026-02-08 08:00:00,30.7,28.3,1.0,Tema Community 25 Estate,tabular,seasonal_naive_336h,h336,2026-01-04T23:00:00,2026-01-18T23:00:00,2026-02-15T23:00:00,,,42.0
2026-02-08 09:00:00,24.8,27.0,1.0,Tema Community 25 Estate,tabular,seasonal_naive_336h,h336,2026-01-04T23:00:00,2026-01-18T23:00:00,2026-02-15T23:00:00,,,42.0
2026-02-08 10:00:00,22.9,27.5,1.0,Tema Community 25 Estate,tabular,seasonal_naive_336h,h336,2026-01-04T23:00:00,2026-01-18T23:00:00,2026-02-15T23:00:00,,,42.0
2026-02-08 11:00:00,20.4,30.6,1.0,Tema Community 25 Estate,tabular,seasonal_naive_336h,h336,2026-01-04T23:00:00,2026-01-18T23:00:00,2026-02-15T23:00:00,,,42.0
2026-02-08 12:00:00,20.2,38.1,1.0,Tema Community 25 Estate,tabular,seasonal_naive_336h,h336,2026-01-04T23:00:00,2026-01-18T23:00:00,2026-02-15T23:00:00,,,42.0
2026-02-08 13:00:00,17.8,47.0,1.0,Tema Community 25 Estate,tabular,seasonal_naive_336h,h336,2026-01-04T23:00:00,2026-01-18T23:00:00,2026-02-15T23:00:00,,,42.0
2026-02-08 14:00:00,16.1,41.1,1.0,Tema Community 25 Estate,tabular,seasonal_naive_336h,h336,2026-01-04T23:00:00,2026-01-18T23:00:00,2026-02-15T23:00:00,,,42.0
2026-02-08 15:00:00,13.7,34.4,1.0,Tema Community 25 Estate,tabular,seasonal_naive_336h,h336,2026-01-04T23:00:00,2026-01-18T23:00:00,2026-02-15T23:00:00,,,42.0
2026-02-08 16:00:00,13.0,27.8,1.0,Tema Community 25 Estate,tabular,seasonal_naive_336h,h336,2026-01-04T23:00:00,2026-01-18T23:00:00,2026-02-15T23:00:00,,,42.0
2026-02-08 17:00:00,14.6,25.5,1.0,Tema Community 25 Estate,tabular,seasonal_naive_336h,h336,2026-01-04T23:00:00,2026-01-18T23:00:00,2026-02-15T23:00:00,,,42.0
2026-02-08 18:00:00,14.8,27.2,1.0,Tema Community 25 Estate,tabular,seasonal_naive_336h,h336,2026-01-04T23:00:00,2026-01-18T23:00:00,2026-02-15T23:00:00,,,42.0
2026-02-08 19:00:00,16.9,35.0,1.0,Tema Community 25 Estate,tabular,seasonal_naive_336h,h336,2026-01-04T23:00:00,2026-01-18T23:00:00,2026-02-15T23:00:00,,,42.0
2026-02-08 20:00:00,17.6,37.4,1.0,Tema Community 25 Estate,tabular,seasonal_naive_336h,h336,2026-01-04T23:00:00,2026-01-18T23:00:00,2026-02-15T23:00:00,,,42.0
2026-02-08 21:00:00,19.4,34.7,1.0,Tema Community 25 Estate,tabular,seasonal_naive_336h,h336,2026-01-04T23:00:00,2026-01-18T23:00:00,2026-02-15T23:00:00,,,42.0
2026-02-08 22:00:00,15.3,39.9,1.0,Tema Community 25 Estate,tabular,seasonal_naive_336h,h336,2026-01-04T23:00:00,2026-01-18T23:00:00,2026-02-15T23:00:00,,,42.0
2026-02-08 23:00:00,13.1,39.0,1.0,Tema Community 25 Estate,tabular,seasonal_naive_336h,h336,2026-01-04T23:00:00,2026-01-18T23:00:00,2026-02-15T23:00:00,,,42.0
2026-02-09 00:00:00,14.0,37.8,1.0,Tema Community 25 Estate,tabular,seasonal_naive_336h,h336,2026-01-04T23:00:00,2026-01-18T23:00:00,2026-02-15T23:00:00,,,42.0
2026-02-09 01:00:00,16.7,38.0,1.0,Tema Community 25 Estate,tabular,seasonal_naive_336h,h336,2026-01-04T23:00:00,2026-01-18T23:00:00,2026-02-15T23:00:00,,,42.0
2026-02-09 02:00:00,14.1,39.4,1.0,Tema Community 25 Estate,tabular,seasonal_naive_336h,h336,2026-01-04T23:00:00,2026-01-18T23:00:00,2026-02-15T23:00:00,,,42.0
2026-02-09 03:00:00,15.3,37.5,1.0,Tema Community 25 Estate,tabular,seasonal_naive_336h,h336,2026-01-04T23:00:00,2026-01-18T23:00:00,2026-02-15T23:00:00,,,42.0
2026-02-09 04:00:00,15.6,38.5,1.0,Tema Community 25 Estate,tabular,seasonal_naive_336h,h336,2026-01-04T23:00:00,2026-01-18T23:00:00,2026-02-15T23:00:00,,,42.0
2026-02-09 05:00:00,22.7,39.8,1.0,Tema Community 25 Estate,tabular,seasonal_naive_336h,h336,2026-01-04T23:00:00,2026-01-18T23:00:00,2026-02-15T23:00:00,,,42.0
2026-02-09 06:00:00,25.4,40.2,1.0,Tema Community 25 Estate,tabular,seasonal_naive_336h,h336,2026-01-04T23:00:00,2026-01-18T23:00:00,2026-02-15T23:00:00,,,42.0
2026-02-09 07:00:00,25.9,42.6,1.0,Tema Community 25 Estate,tabular,seasonal_naive_336h,h336,2026-01-04T23:00:00,2026-01-18T23:00:00,2026-02-15T23:00:00,,,42.0
2026-02-09 08:00:00,19.8,31.8,1.0,Tema Community 25 Estate,tabular,seasonal_naive_336h,h336,2026-01-04T23:00:00,2026-01-18T23:00:00,2026-02-15T23:00:00,,,42.0
2026-02-09 09:00:00,19.9,26.5,1.0,Tema Community 25 Estate,tabular,seasonal_naive_336h,h336,2026-01-04T23:00:00,2026-01-18T23:00:00,2026-02-15T23:00:00,,,42.0
2026-02-09 10:00:00,20.3,29.4,1.0,Tema Community 25 Estate,tabular,seasonal_naive_336h,h336,2026-01-04T23:00:00,2026-01-18T23:00:00,2026-02-15T23:00:00,,,42.0
2026-02-09 11:00:00,23.8,37.8,1.0,Tema Community 25 Estate,tabular,seasonal_naive_336h,h336,2026-01-04T23:00:00,2026-01-18T23:00:00,2026-02-15T23:00:00,,,42.0
2026-02-09 12:00:00,18.1,36.3,1.0,Tema Community 25 Estate,tabular,seasonal_naive_336h,h336,2026-01-04T23:00:00,2026-01-18T23:00:00,2026-02-15T23:00:00,,,42.0
2026-02-09 13:00:00,15.1,32.2,1.0,Tema Community 25 Estate,tabular,seasonal_naive_336h,h336,2026-01-04T23:00:00,2026-01-18T23:00:00,2026-02-15T23:00:00,,,42.0
2026-02-09 14:00:00,14.4,33.3,1.0,Tema Community 25 Estate,tabular,seasonal_naive_336h,h336,2026-01-04T23:00:00,2026-01-18T23:00:00,2026-02-15T23:00:00,,,42.0
2026-02-09 15:00:00,14.5,35.3,1.0,Tema Community 25 Estate,tabular,seasonal_naive_336h,h336,2026-01-04T23:00:00,2026-01-18T23:00:00,2026-02-15T23:00:00,,,42.0
2026-02-09 16:00:00,14.7,37.1,1.0,Tema Community 25 Estate,tabular,seasonal_naive_336h,h336,2026-01-04T23:00:00,2026-01-18T23:00:00,2026-02-15T23:00:00,,,42.0
2026-02-09 17:00:00,17.7,27.2,1.0,Tema Community 25 Estate,tabular,seasonal_naive_336h,h336,2026-01-04T23:00:00,2026-01-18T23:00:00,2026-02-15T23:00:00,,,42.0
2026-02-09 18:00:00,23.5,42.2,1.0,Tema Community 25 Estate,tabular,seasonal_naive_336h,h336,2026-01-04T23:00:00,2026-01-18T23:00:00,2026-02-15T23:00:00,,,42.0
2026-02-09 19:00:00,15.9,32.9,1.0,Tema Community 25 Estate,tabular,seasonal_naive_336h,h336,2026-01-04T23:00:00,2026-01-18T23:00:00,2026-02-15T23:00:00,,,42.0
2026-02-09 20:00:00,16.3,33.9,1.0,Tema Community 25 Estate,tabular,seasonal_naive_336h,h336,2026-01-04T23:00:00,2026-01-18T23:00:00,2026-02-15T23:00:00,,,42.0
2026-02-09 21:00:00,17.3,28.9,1.0,Tema Community 25 Estate,tabular,seasonal_naive_336h,h336,2026-01-04T23:00:00,2026-01-18T23:00:00,2026-02-15T23:00:00,,,42.0
2026-02-09 22:00:00,13.7,38.8,1.0,Tema Community 25 Estate,tabular,seasonal_naive_336h,h336,2026-01-04T23:00:00,2026-01-18T23:00:00,2026-02-15T23:00:00,,,42.0
2026-02-09 23:00:00,19.4,41.7,1.0,Tema Community 25 Estate,tabular,seasonal_naive_336h,h336,2026-01-04T23:00:00,2026-01-18T23:00:00,2026-02-15T23:00:00,,,42.0
2026-02-10 00:00:00,14.9,42.5,1.0,Tema Community 25 Estate,tabular,seasonal_naive_336h,h336,2026-01-04T23:00:00,2026-01-18T23:00:00,2026-02-15T23:00:00,,,42.0
2026-02-10 01:00:00,13.6,46.1,1.0,Tema Community 25 Estate,tabular,seasonal_naive_336h,h336,2026-01-04T23:00:00,2026-01-18T23:00:00,2026-02-15T23:00:00,,,42.0
2026-02-10 02:00:00,14.8,49.2,1.0,Tema Community 25 Estate,tabular,seasonal_naive_336h,h336,2026-01-04T23:00:00,2026-01-18T23:00:00,2026-02-15T23:00:00,,,42.0
2026-02-10 03:00:00,9.7,50.1,1.0,Tema Community 25 Estate,tabular,seasonal_naive_336h,h336,2026-01-04T23:00:00,2026-01-18T23:00:00,2026-02-15T23:00:00,,,42.0
2026-02-10 04:00:00,11.9,49.0,1.0,Tema Community 25 Estate,tabular,seasonal_naive_336h,h336,2026-01-04T23:00:00,2026-01-18T23:00:00,2026-02-15T23:00:00,,,42.0
2026-02-10 05:00:00,23.8,47.7,1.0,Tema Community 25 Estate,tabular,seasonal_naive_336h,h336,2026-01-04T23:00:00,2026-01-18T23:00:00,2026-02-15T23:00:00,,,42.0
2026-02-10 06:00:00,32.7,54.8,1.0,Tema Community 25 Estate,tabular,seasonal_naive_336h,h336,2026-01-04T23:00:00,2026-01-18T23:00:00,2026-02-15T23:00:00,,,42.0
2026-02-10 07:00:00,30.7,54.8,1.0,Tema Community 25 Estate,tabular,seasonal_naive_336h,h336,2026-01-04T23:00:00,2026-01-18T23:00:00,2026-02-15T23:00:00,,,42.0
2026-02-10 08:00:00,20.8,33.8,1.0,Tema Community 25 Estate,tabular,seasonal_naive_336h,h336,2026-01-04T23:00:00,2026-01-18T23:00:00,2026-02-15T23:00:00,,,42.0
2026-02-10 09:00:00,15.8,27.4,1.0,Tema Community 25 Estate,tabular,seasonal_naive_336h,h336,2026-01-04T23:00:00,2026-01-18T23:00:00,2026-02-15T23:00:00,,,42.0
2026-02-10 10:00:00,22.1,40.4,1.0,Tema Community 25 Estate,tabular,seasonal_naive_336h,h336,2026-01-04T23:00:00,2026-01-18T23:00:00,2026-02-15T23:00:00,,,42.0
2026-02-10 11:00:00,18.0,31.6,1.0,Tema Community 25 Estate,tabular,seasonal_naive_336h,h336,2026-01-04T23:00:00,2026-01-18T23:00:00,2026-02-15T23:00:00,,,42.0
2026-02-10 12:00:00,16.5,27.9,1.0,Tema Community 25 Estate,tabular,seasonal_naive_336h,h336,2026-01-04T23:00:00,2026-01-18T23:00:00,2026-02-15T23:00:00,,,42.0
2026-02-10 13:00:00,16.7,28.0,1.0,Tema Community 25 Estate,tabular,seasonal_naive_336h,h336,2026-01-04T23:00:00,2026-01-18T23:00:00,2026-02-15T23:00:00,,,42.0
2026-02-10 14:00:00,16.4,29.0,1.0,Tema Community 25 Estate,tabular,seasonal_naive_336h,h336,2026-01-04T23:00:00,2026-01-18T23:00:00,2026-02-15T23:00:00,,,42.0
2026-02-10 15:00:00,15.0,30.5,1.0,Tema Community 25 Estate,tabular,seasonal_naive_336h,h336,2026-01-04T23:00:00,2026-01-18T23:00:00,2026-02-15T23:00:00,,,42.0
2026-02-10 16:00:00,14.3,24.2,1.0,Tema Community 25 Estate,tabular,seasonal_naive_336h,h336,2026-01-04T23:00:00,2026-01-18T23:00:00,2026-02-15T23:00:00,,,42.0
2026-02-10 17:00:00,70.7,24.9,1.0,Tema Community 25 Estate,tabular,seasonal_naive_336h,h336,2026-01-04T23:00:00,2026-01-18T23:00:00,2026-02-15T23:00:00,,,42.0
2026-02-10 18:00:00,7.3,28.0,1.0,Tema Community 25 Estate,tabular,seasonal_naive_336h,h336,2026-01-04T23:00:00,2026-01-18T23:00:00,2026-02-15T23:00:00,,,42.0
2026-02-10 19:00:00,2.4,30.8,1.0,Tema Community 25 Estate,tabular,seasonal_naive_336h,h336,2026-01-04T23:00:00,2026-01-18T23:00:00,2026-02-15T23:00:00,,,42.0
2026-02-10 20:00:00,11.3,31.9,1.0,Tema Community 25 Estate,tabular,seasonal_naive_336h,h336,2026-01-04T23:00:00,2026-01-18T23:00:00,2026-02-15T23:00:00,,,42.0
2026-02-10 21:00:00,8.7,36.8,1.0,Tema Community 25 Estate,tabular,seasonal_naive_336h,h336,2026-01-04T23:00:00,2026-01-18T23:00:00,2026-02-15T23:00:00,,,42.0
2026-02-10 22:00:00,4.6,39.9,1.0,Tema Community 25 Estate,tabular,seasonal_naive_336h,h336,2026-01-04T23:00:00,2026-01-18T23:00:00,2026-02-15T23:00:00,,,42.0
2026-02-10 23:00:00,4.2,38.4,1.0,Tema Community 25 Estate,tabular,seasonal_naive_336h,h336,2026-01-04T23:00:00,2026-01-18T23:00:00,2026-02-15T23:00:00,,,42.0
2026-02-11 00:00:00,8.5,37.0,1.0,Tema Community 25 Estate,tabular,seasonal_naive_336h,h336,2026-01-04T23:00:00,2026-01-18T23:00:00,2026-02-15T23:00:00,,,42.0
2026-02-11 01:00:00,8.0,37.2,1.0,Tema Community 25 Estate,tabular,seasonal_naive_336h,h336,2026-01-04T23:00:00,2026-01-18T23:00:00,2026-02-15T23:00:00,,,42.0
2026-02-11 02:00:00,11.5,29.9,1.0,Tema Community 25 Estate,tabular,seasonal_naive_336h,h336,2026-01-04T23:00:00,2026-01-18T23:00:00,2026-02-15T23:00:00,,,42.0
2026-02-11 03:00:00,19.2,30.8,1.0,Tema Community 25 Estate,tabular,seasonal_naive_336h,h336,2026-01-04T23:00:00,2026-01-18T23:00:00,2026-02-15T23:00:00,,,42.0
2026-02-11 04:00:00,24.3,30.3,1.0,Tema Community 25 Estate,tabular,seasonal_naive_336h,h336,2026-01-04T23:00:00,2026-01-18T23:00:00,2026-02-15T23:00:00,,,42.0
2026-02-11 05:00:00,38.1,32.5,1.0,Tema Community 25 Estate,tabular,seasonal_naive_336h,h336,2026-01-04T23:00:00,2026-01-18T23:00:00,2026-02-15T23:00:00,,,42.0
2026-02-11 06:00:00,22.1,36.2,1.0,Tema Community 25 Estate,tabular,seasonal_naive_336h,h336,2026-01-04T23:00:00,2026-01-18T23:00:00,2026-02-15T23:00:00,,,42.0
2026-02-11 07:00:00,15.0,33.0,1.0,Tema Community 25 Estate,tabular,seasonal_naive_336h,h336,2026-01-04T23:00:00,2026-01-18T23:00:00,2026-02-15T23:00:00,,,42.0
2026-02-11 08:00:00,23.9,24.2,1.0,Tema Community 25 Estate,tabular,seasonal_naive_336h,h336,2026-01-04T23:00:00,2026-01-18T23:00:00,2026-02-15T23:00:00,,,42.0
2026-02-11 09:00:00,42.6,19.9,1.0,Tema Community 25 Estate,tabular,seasonal_naive_336h,h336,2026-01-04T23:00:00,2026-01-18T23:00:00,2026-02-15T23:00:00,,,42.0
2026-02-11 10:00:00,19.7,23.3,1.0,Tema Community 25 Estate,tabular,seasonal_naive_336h,h336,2026-01-04T23:00:00,2026-01-18T23:00:00,2026-02-15T23:00:00,,,42.0
2026-02-11 11:00:00,23.6,25.1,1.0,Tema Community 25 Estate,tabular,seasonal_naive_336h,h336,2026-01-04T23:00:00,2026-01-18T23:00:00,2026-02-15T23:00:00,,,42.0
2026-02-11 12:00:00,25.2,28.1,1.0,Tema Community 25 Estate,tabular,seasonal_naive_336h,h336,2026-01-04T23:00:00,2026-01-18T23:00:00,2026-02-15T23:00:00,,,42.0
2026-02-11 13:00:00,21.0,30.4,1.0,Tema Community 25 Estate,tabular,seasonal_naive_336h,h336,2026-01-04T23:00:00,2026-01-18T23:00:00,2026-02-15T23:00:00,,,42.0
2026-02-11 14:00:00,24.2,29.5,1.0,Tema Community 25 Estate,tabular,seasonal_naive_336h,h336,2026-01-04T23:00:00,2026-01-18T23:00:00,2026-02-15T23:00:00,,,42.0
2026-02-11 15:00:00,23.9,26.7,1.0,Tema Community 25 Estate,tabular,seasonal_naive_336h,h336,2026-01-04T23:00:00,2026-01-18T23:00:00,2026-02-15T23:00:00,,,42.0
2026-02-11 16:00:00,20.2,23.5,1.0,Tema Community 25 Estate,tabular,seasonal_naive_336h,h336,2026-01-04T23:00:00,2026-01-18T23:00:00,2026-02-15T23:00:00,,,42.0
2026-02-11 17:00:00,17.6,23.9,1.0,Tema Community 25 Estate,tabular,seasonal_naive_336h,h336,2026-01-04T23:00:00,2026-01-18T23:00:00,2026-02-15T23:00:00,,,42.0
2026-02-11 18:00:00,17.8,29.6,1.0,Tema Community 25 Estate,tabular,seasonal_naive_336h,h336,2026-01-04T23:00:00,2026-01-18T23:00:00,2026-02-15T23:00:00,,,42.0
2026-02-11 19:00:00,37.7,33.1,1.0,Tema Community 25 Estate,tabular,seasonal_naive_336h,h336,2026-01-04T23:00:00,2026-01-18T23:00:00,2026-02-15T23:00:00,,,42.0
2026-02-11 20:00:00,41.9,24.2,1.0,Tema Community 25 Estate,tabular,seasonal_naive_336h,h336,2026-01-04T23:00:00,2026-01-18T23:00:00,2026-02-15T23:00:00,,,42.0
2026-02-11 21:00:00,28.4,25.6,1.0,Tema Community 25 Estate,tabular,seasonal_naive_336h,h336,2026-01-04T23:00:00,2026-01-18T23:00:00,2026-02-15T23:00:00,,,42.0
2026-02-11 22:00:00,41.7,19.3,1.0,Tema Community 25 Estate,tabular,seasonal_naive_336h,h336,2026-01-04T23:00:00,2026-01-18T23:00:00,2026-02-15T23:00:00,,,42.0
2026-02-11 23:00:00,83.5,17.6,1.0,Tema Community 25 Estate,tabular,seasonal_naive_336h,h336,2026-01-04T23:00:00,2026-01-18T23:00:00,2026-02-15T23:00:00,,,42.0
2026-02-12 00:00:00,54.3,21.3,1.0,Tema Community 25 Estate,tabular,seasonal_naive_336h,h336,2026-01-04T23:00:00,2026-01-18T23:00:00,2026-02-15T23:00:00,,,42.0
2026-02-12 01:00:00,50.1,17.4,1.0,Tema Community 25 Estate,tabular,seasonal_naive_336h,h336,2026-01-04T23:00:00,2026-01-18T23:00:00,2026-02-15T23:00:00,,,42.0
2026-02-12 02:00:00,49.6,17.0,1.0,Tema Community 25 Estate,tabular,seasonal_naive_336h,h336,2026-01-04T23:00:00,2026-01-18T23:00:00,2026-02-15T23:00:00,,,42.0
2026-02-12 03:00:00,51.1,16.3,1.0,Tema Community 25 Estate,tabular,seasonal_naive_336h,h336,2026-01-04T23:00:00,2026-01-18T23:00:00,2026-02-15T23:00:00,,,42.0
2026-02-12 04:00:00,46.0,18.2,1.0,Tema Community 25 Estate,tabular,seasonal_naive_336h,h336,2026-01-04T23:00:00,2026-01-18T23:00:00,2026-02-15T23:00:00,,,42.0
2026-02-12 05:00:00,46.2,26.0,1.0,Tema Community 25 Estate,tabular,seasonal_naive_336h,h336,2026-01-04T23:00:00,2026-01-18T23:00:00,2026-02-15T23:00:00,,,42.0
2026-02-12 06:00:00,54.1,31.3,1.0,Tema Community 25 Estate,tabular,seasonal_naive_336h,h336,2026-01-04T23:00:00,2026-01-18T23:00:00,2026-02-15T23:00:00,,,42.0
2026-02-12 07:00:00,50.8,24.7,1.0,Tema Community 25 Estate,tabular,seasonal_naive_336h,h336,2026-01-04T23:00:00,2026-01-18T23:00:00,2026-02-15T23:00:00,,,42.0
2026-02-12 08:00:00,22.7,23.5,1.0,Tema Community 25 Estate,tabular,seasonal_naive_336h,h336,2026-01-04T23:00:00,2026-01-18T23:00:00,2026-02-15T23:00:00,,,42.0
2026-02-12 09:00:00,15.4,22.4,1.0,Tema Community 25 Estate,tabular,seasonal_naive_336h,h336,2026-01-04T23:00:00,2026-01-18T23:00:00,2026-02-15T23:00:00,,,42.0
2026-02-12 10:00:00,11.2,25.0,1.0,Tema Community 25 Estate,tabular,seasonal_naive_336h,h336,2026-01-04T23:00:00,2026-01-18T23:00:00,2026-02-15T23:00:00,,,42.0
2026-02-12 11:00:00,5.3,27.2,1.0,Tema Community 25 Estate,tabular,seasonal_naive_336h,h336,2026-01-04T23:00:00,2026-01-18T23:00:00,2026-02-15T23:00:00,,,42.0
2026-02-12 12:00:00,6.3,28.2,1.0,Tema Community 25 Estate,tabular,seasonal_naive_336h,h336,2026-01-04T23:00:00,2026-01-18T23:00:00,2026-02-15T23:00:00,,,42.0
2026-02-12 13:00:00,8.5,24.2,1.0,Tema Community 25 Estate,tabular,seasonal_naive_336h,h336,2026-01-04T23:00:00,2026-01-18T23:00:00,2026-02-15T23:00:00,,,42.0
2026-02-12 14:00:00,9.3,22.0,1.0,Tema Community 25 Estate,tabular,seasonal_naive_336h,h336,2026-01-04T23:00:00,2026-01-18T23:00:00,2026-02-15T23:00:00,,,42.0
2026-02-12 15:00:00,8.6,21.0,1.0,Tema Community 25 Estate,tabular,seasonal_naive_336h,h336,2026-01-04T23:00:00,2026-01-18T23:00:00,2026-02-15T23:00:00,,,42.0
2026-02-12 16:00:00,7.9,20.4,1.0,Tema Community 25 Estate,tabular,seasonal_naive_336h,h336,2026-01-04T23:00:00,2026-01-18T23:00:00,2026-02-15T23:00:00,,,42.0
2026-02-12 17:00:00,9.6,19.9,1.0,Tema Community 25 Estate,tabular,seasonal_naive_336h,h336,2026-01-04T23:00:00,2026-01-18T23:00:00,2026-02-15T23:00:00,,,42.0
2026-02-12 18:00:00,12.1,20.6,1.0,Tema Community 25 Estate,tabular,seasonal_naive_336h,h336,2026-01-04T23:00:00,2026-01-18T23:00:00,2026-02-15T23:00:00,,,42.0
2026-02-12 19:00:00,19.6,21.8,1.0,Tema Community 25 Estate,tabular,seasonal_naive_336h,h336,2026-01-04T23:00:00,2026-01-18T23:00:00,2026-02-15T23:00:00,,,42.0
2026-02-12 20:00:00,15.9,22.6,1.0,Tema Community 25 Estate,tabular,seasonal_naive_336h,h336,2026-01-04T23:00:00,2026-01-18T23:00:00,2026-02-15T23:00:00,,,42.0
2026-02-12 21:00:00,8.6,26.0,1.0,Tema Community 25 Estate,tabular,seasonal_naive_336h,h336,2026-01-04T23:00:00,2026-01-18T23:00:00,2026-02-15T23:00:00,,,42.0
2026-02-12 22:00:00,12.4,26.8,1.0,Tema Community 25 Estate,tabular,seasonal_naive_336h,h336,2026-01-04T23:00:00,2026-01-18T23:00:00,2026-02-15T23:00:00,,,42.0
2026-02-12 23:00:00,17.4,36.0,1.0,Tema Community 25 Estate,tabular,seasonal_naive_336h,h336,2026-01-04T23:00:00,2026-01-18T23:00:00,2026-02-15T23:00:00,,,42.0
2026-02-13 00:00:00,14.2,32.9,1.0,Tema Community 25 Estate,tabular,seasonal_naive_336h,h336,2026-01-04T23:00:00,2026-01-18T23:00:00,2026-02-15T23:00:00,,,42.0
2026-02-13 01:00:00,10.5,38.4,1.0,Tema Community 25 Estate,tabular,seasonal_naive_336h,h336,2026-01-04T23:00:00,2026-01-18T23:00:00,2026-02-15T23:00:00,,,42.0
2026-02-13 02:00:00,16.7,34.8,1.0,Tema Community 25 Estate,tabular,seasonal_naive_336h,h336,2026-01-04T23:00:00,2026-01-18T23:00:00,2026-02-15T23:00:00,,,42.0
2026-02-13 03:00:00,17.5,23.0,1.0,Tema Community 25 Estate,tabular,seasonal_naive_336h,h336,2026-01-04T23:00:00,2026-01-18T23:00:00,2026-02-15T23:00:00,,,42.0
2026-02-13 04:00:00,29.8,31.0,1.0,Tema Community 25 Estate,tabular,seasonal_naive_336h,h336,2026-01-04T23:00:00,2026-01-18T23:00:00,2026-02-15T23:00:00,,,42.0
2026-02-13 05:00:00,23.2,40.7,1.0,Tema Community 25 Estate,tabular,seasonal_naive_336h,h336,2026-01-04T23:00:00,2026-01-18T23:00:00,2026-02-15T23:00:00,,,42.0
2026-02-13 06:00:00,29.1,43.7,1.0,Tema Community 25 Estate,tabular,seasonal_naive_336h,h336,2026-01-04T23:00:00,2026-01-18T23:00:00,2026-02-15T23:00:00,,,42.0
2026-02-13 07:00:00,22.9,53.9,1.0,Tema Community 25 Estate,tabular,seasonal_naive_336h,h336,2026-01-04T23:00:00,2026-01-18T23:00:00,2026-02-15T23:00:00,,,42.0
2026-02-13 08:00:00,10.4,33.4,1.0,Tema Community 25 Estate,tabular,seasonal_naive_336h,h336,2026-01-04T23:00:00,2026-01-18T23:00:00,2026-02-15T23:00:00,,,42.0
2026-02-13 09:00:00,10.2,30.4,1.0,Tema Community 25 Estate,tabular,seasonal_naive_336h,h336,2026-01-04T23:00:00,2026-01-18T23:00:00,2026-02-15T23:00:00,,,42.0
2026-02-13 10:00:00,13.2,32.0,1.0,Tema Community 25 Estate,tabular,seasonal_naive_336h,h336,2026-01-04T23:00:00,2026-01-18T23:00:00,2026-02-15T23:00:00,,,42.0
2026-02-13 11:00:00,11.4,39.5,1.0,Tema Community 25 Estate,tabular,seasonal_naive_336h,h336,2026-01-04T23:00:00,2026-01-18T23:00:00,2026-02-15T23:00:00,,,42.0
2026-02-13 12:00:00,8.8,34.6,1.0,Tema Community 25 Estate,tabular,seasonal_naive_336h,h336,2026-01-04T23:00:00,2026-01-18T23:00:00,2026-02-15T23:00:00,,,42.0
2026-02-13 13:00:00,5.8,30.9,1.0,Tema Community 25 Estate,tabular,seasonal_naive_336h,h336,2026-01-04T23:00:00,2026-01-18T23:00:00,2026-02-15T23:00:00,,,42.0
2026-02-13 14:00:00,5.1,29.5,1.0,Tema Community 25 Estate,tabular,seasonal_naive_336h,h336,2026-01-04T23:00:00,2026-01-18T23:00:00,2026-02-15T23:00:00,,,42.0
2026-02-13 15:00:00,6.6,28.6,1.0,Tema Community 25 Estate,tabular,seasonal_naive_336h,h336,2026-01-04T23:00:00,2026-01-18T23:00:00,2026-02-15T23:00:00,,,42.0
2026-02-13 16:00:00,6.4,28.8,1.0,Tema Community 25 Estate,tabular,seasonal_naive_336h,h336,2026-01-04T23:00:00,2026-01-18T23:00:00,2026-02-15T23:00:00,,,42.0
2026-02-13 17:00:00,8.3,27.9,1.0,Tema Community 25 Estate,tabular,seasonal_naive_336h,h336,2026-01-04T23:00:00,2026-01-18T23:00:00,2026-02-15T23:00:00,,,42.0
2026-02-13 18:00:00,10.5,35.0,1.0,Tema Community 25 Estate,tabular,seasonal_naive_336h,h336,2026-01-04T23:00:00,2026-01-18T23:00:00,2026-02-15T23:00:00,,,42.0
2026-02-13 19:00:00,11.2,35.0,1.0,Tema Community 25 Estate,tabular,seasonal_naive_336h,h336,2026-01-04T23:00:00,2026-01-18T23:00:00,2026-02-15T23:00:00,,,42.0
2026-02-13 20:00:00,12.0,29.1,1.0,Tema Community 25 Estate,tabular,seasonal_naive_336h,h336,2026-01-04T23:00:00,2026-01-18T23:00:00,2026-02-15T23:00:00,,,42.0
2026-02-13 21:00:00,8.7,25.8,1.0,Tema Community 25 Estate,tabular,seasonal_naive_336h,h336,2026-01-04T23:00:00,2026-01-18T23:00:00,2026-02-15T23:00:00,,,42.0
2026-02-13 22:00:00,6.4,26.6,1.0,Tema Community 25 Estate,tabular,seasonal_naive_336h,h336,2026-01-04T23:00:00,2026-01-18T23:00:00,2026-02-15T23:00:00,,,42.0
2026-02-13 23:00:00,6.5,24.6,1.0,Tema Community 25 Estate,tabular,seasonal_naive_336h,h336,2026-01-04T23:00:00,2026-01-18T23:00:00,2026-02-15T23:00:00,,,42.0
2026-02-14 00:00:00,6.9,25.3,1.0,Tema Community 25 Estate,tabular,seasonal_naive_336h,h336,2026-01-04T23:00:00,2026-01-18T23:00:00,2026-02-15T23:00:00,,,42.0
2026-02-14 01:00:00,13.6,28.5,1.0,Tema Community 25 Estate,tabular,seasonal_naive_336h,h336,2026-01-04T23:00:00,2026-01-18T23:00:00,2026-02-15T23:00:00,,,42.0
2026-02-14 02:00:00,7.8,27.5,1.0,Tema Community 25 Estate,tabular,seasonal_naive_336h,h336,2026-01-04T23:00:00,2026-01-18T23:00:00,2026-02-15T23:00:00,,,42.0
2026-02-14 03:00:00,4.4,24.1,1.0,Tema Community 25 Estate,tabular,seasonal_naive_336h,h336,2026-01-04T23:00:00,2026-01-18T23:00:00,2026-02-15T23:00:00,,,42.0
2026-02-14 04:00:00,7.4,28.5,1.0,Tema Community 25 Estate,tabular,seasonal_naive_336h,h336,2026-01-04T23:00:00,2026-01-18T23:00:00,2026-02-15T23:00:00,,,42.0
2026-02-14 05:00:00,12.7,31.2,1.0,Tema Community 25 Estate,tabular,seasonal_naive_336h,h336,2026-01-04T23:00:00,2026-01-18T23:00:00,2026-02-15T23:00:00,,,42.0
2026-02-14 06:00:00,17.7,38.7,1.0,Tema Community 25 Estate,tabular,seasonal_naive_336h,h336,2026-01-04T23:00:00,2026-01-18T23:00:00,2026-02-15T23:00:00,,,42.0
2026-02-14 07:00:00,20.0,32.9,1.0,Tema Community 25 Estate,tabular,seasonal_naive_336h,h336,2026-01-04T23:00:00,2026-01-18T23:00:00,2026-02-15T23:00:00,,,42.0
2026-02-14 08:00:00,15.1,28.9,1.0,Tema Community 25 Estate,tabular,seasonal_naive_336h,h336,2026-01-04T23:00:00,2026-01-18T23:00:00,2026-02-15T23:00:00,,,42.0
2026-02-14 09:00:00,13.9,30.0,1.0,Tema Community 25 Estate,tabular,seasonal_naive_336h,h336,2026-01-04T23:00:00,2026-01-18T23:00:00,2026-02-15T23:00:00,,,42.0
2026-02-14 10:00:00,10.2,31.4,1.0,Tema Community 25 Estate,tabular,seasonal_naive_336h,h336,2026-01-04T23:00:00,2026-01-18T23:00:00,2026-02-15T23:00:00,,,42.0
2026-02-14 11:00:00,12.8,32.4,1.0,Tema Community 25 Estate,tabular,seasonal_naive_336h,h336,2026-01-04T23:00:00,2026-01-18T23:00:00,2026-02-15T23:00:00,,,42.0
2026-02-14 12:00:00,20.7,36.3,1.0,Tema Community 25 Estate,tabular,seasonal_naive_336h,h336,2026-01-04T23:00:00,2026-01-18T23:00:00,2026-02-15T23:00:00,,,42.0
2026-02-14 13:00:00,17.3,35.5,1.0,Tema Community 25 Estate,tabular,seasonal_naive_336h,h336,2026-01-04T23:00:00,2026-01-18T23:00:00,2026-02-15T23:00:00,,,42.0
2026-02-14 14:00:00,10.9,33.8,1.0,Tema Community 25 Estate,tabular,seasonal_naive_336h,h336,2026-01-04T23:00:00,2026-01-18T23:00:00,2026-02-15T23:00:00,,,42.0
2026-02-14 15:00:00,12.4,29.7,1.0,Tema Community 25 Estate,tabular,seasonal_naive_336h,h336,2026-01-04T23:00:00,2026-01-18T23:00:00,2026-02-15T23:00:00,,,42.0
2026-02-14 16:00:00,22.3,30.8,1.0,Tema Community 25 Estate,tabular,seasonal_naive_336h,h336,2026-01-04T23:00:00,2026-01-18T23:00:00,2026-02-15T23:00:00,,,42.0
2026-02-14 17:00:00,29.8,33.7,1.0,Tema Community 25 Estate,tabular,seasonal_naive_336h,h336,2026-01-04T23:00:00,2026-01-18T23:00:00,2026-02-15T23:00:00,,,42.0
2026-02-14 18:00:00,34.8,34.6,1.0,Tema Community 25 Estate,tabular,seasonal_naive_336h,h336,2026-01-04T23:00:00,2026-01-18T23:00:00,2026-02-15T23:00:00,,,42.0
2026-02-14 19:00:00,63.6,33.3,1.0,Tema Community 25 Estate,tabular,seasonal_naive_336h,h336,2026-01-04T23:00:00,2026-01-18T23:00:00,2026-02-15T23:00:00,,,42.0
2026-02-14 20:00:00,79.6,36.1,1.0,Tema Community 25 Estate,tabular,seasonal_naive_336h,h336,2026-01-04T23:00:00,2026-01-18T23:00:00,2026-02-15T23:00:00,,,42.0
2026-02-14 21:00:00,92.1,34.6,1.0,Tema Community 25 Estate,tabular,seasonal_naive_336h,h336,2026-01-04T23:00:00,2026-01-18T23:00:00,2026-02-15T23:00:00,,,42.0
2026-02-14 22:00:00,64.4,33.7,1.0,Tema Community 25 Estate,tabular,seasonal_naive_336h,h336,2026-01-04T23:00:00,2026-01-18T23:00:00,2026-02-15T23:00:00,,,42.0
2026-02-14 23:00:00,49.1,36.8,1.0,Tema Community 25 Estate,tabular,seasonal_naive_336h,h336,2026-01-04T23:00:00,2026-01-18T23:00:00,2026-02-15T23:00:00,,,42.0
2026-02-15 00:00:00,35.1,42.3,1.0,Tema Community 25 Estate,tabular,seasonal_naive_336h,h336,2026-01-04T23:00:00,2026-01-18T23:00:00,2026-02-15T23:00:00,,,42.0
2026-02-15 01:00:00,31.7,41.9,1.0,Tema Community 25 Estate,tabular,seasonal_naive_336h,h336,2026-01-04T23:00:00,2026-01-18T23:00:00,2026-02-15T23:00:00,,,42.0
2026-02-15 02:00:00,30.7,38.0,1.0,Tema Community 25 Estate,tabular,seasonal_naive_336h,h336,2026-01-04T23:00:00,2026-01-18T23:00:00,2026-02-15T23:00:00,,,42.0
2026-02-15 03:00:00,51.9,32.3,1.0,Tema Community 25 Estate,tabular,seasonal_naive_336h,h336,2026-01-04T23:00:00,2026-01-18T23:00:00,2026-02-15T23:00:00,,,42.0
2026-02-15 04:00:00,39.5,32.3,1.0,Tema Community 25 Estate,tabular,seasonal_naive_336h,h336,2026-01-04T23:00:00,2026-01-18T23:00:00,2026-02-15T23:00:00,,,42.0
2026-02-15 05:00:00,45.6,32.7,1.0,Tema Community 25 Estate,tabular,seasonal_naive_336h,h336,2026-01-04T23:00:00,2026-01-18T23:00:00,2026-02-15T23:00:00,,,42.0
2026-02-15 06:00:00,63.8,37.2,1.0,Tema Community 25 Estate,tabular,seasonal_naive_336h,h336,2026-01-04T23:00:00,2026-01-18T23:00:00,2026-02-15T23:00:00,,,42.0
2026-02-15 07:00:00,40.5,49.0,1.0,Tema Community 25 Estate,tabular,seasonal_naive_336h,h336,2026-01-04T23:00:00,2026-01-18T23:00:00,2026-02-15T23:00:00,,,42.0
2026-02-15 08:00:00,20.7,32.2,1.0,Tema Community 25 Estate,tabular,seasonal_naive_336h,h336,2026-01-04T23:00:00,2026-01-18T23:00:00,2026-02-15T23:00:00,,,42.0
2026-02-15 09:00:00,17.3,29.1,1.0,Tema Community 25 Estate,tabular,seasonal_naive_336h,h336,2026-01-04T23:00:00,2026-01-18T23:00:00,2026-02-15T23:00:00,,,42.0
2026-02-15 10:00:00,14.7,32.2,1.0,Tema Community 25 Estate,tabular,seasonal_naive_336h,h336,2026-01-04T23:00:00,2026-01-18T23:00:00,2026-02-15T23:00:00,,,42.0
2026-02-15 11:00:00,13.1,36.6,1.0,Tema Community 25 Estate,tabular,seasonal_naive_336h,h336,2026-01-04T23:00:00,2026-01-18T23:00:00,2026-02-15T23:00:00,,,42.0
2026-02-15 12:00:00,12.2,33.0,1.0,Tema Community 25 Estate,tabular,seasonal_naive_336h,h336,2026-01-04T23:00:00,2026-01-18T23:00:00,2026-02-15T23:00:00,,,42.0
2026-02-15 13:00:00,14.0,26.4,1.0,Tema Community 25 Estate,tabular,seasonal_naive_336h,h336,2026-01-04T23:00:00,2026-01-18T23:00:00,2026-02-15T23:00:00,,,42.0
2026-02-15 14:00:00,10.5,23.7,1.0,Tema Community 25 Estate,tabular,seasonal_naive_336h,h336,2026-01-04T23:00:00,2026-01-18T23:00:00,2026-02-15T23:00:00,,,42.0
2026-02-15 15:00:00,8.6,25.1,1.0,Tema Community 25 Estate,tabular,seasonal_naive_336h,h336,2026-01-04T23:00:00,2026-01-18T23:00:00,2026-02-15T23:00:00,,,42.0
2026-02-15 16:00:00,7.6,27.4,1.0,Tema Community 25 Estate,tabular,seasonal_naive_336h,h336,2026-01-04T23:00:00,2026-01-18T23:00:00,2026-02-15T23:00:00,,,42.0
2026-02-15 17:00:00,8.0,31.2,1.0,Tema Community 25 Estate,tabular,seasonal_naive_336h,h336,2026-01-04T23:00:00,2026-01-18T23:00:00,2026-02-15T23:00:00,,,42.0
2026-02-15 18:00:00,7.2,38.8,1.0,Tema Community 25 Estate,tabular,seasonal_naive_336h,h336,2026-01-04T23:00:00,2026-01-18T23:00:00,2026-02-15T23:00:00,,,42.0
2026-02-15 19:00:00,9.0,40.0,1.0,Tema Community 25 Estate,tabular,seasonal_naive_336h,h336,2026-01-04T23:00:00,2026-01-18T23:00:00,2026-02-15T23:00:00,,,42.0
2026-02-15 20:00:00,8.9,41.6,1.0,Tema Community 25 Estate,tabular,seasonal_naive_336h,h336,2026-01-04T23:00:00,2026-01-18T23:00:00,2026-02-15T23:00:00,,,42.0
2026-02-15 21:00:00,12.1,36.6,1.0,Tema Community 25 Estate,tabular,seasonal_naive_336h,h336,2026-01-04T23:00:00,2026-01-18T23:00:00,2026-02-15T23:00:00,,,42.0
2026-02-15 22:00:00,15.0,48.4,1.0,Tema Community 25 Estate,tabular,seasonal_naive_336h,h336,2026-01-04T23:00:00,2026-01-18T23:00:00,2026-02-15T23:00:00,,,42.0
2026-02-15 23:00:00,14.2,47.9,1.0,Tema Community 25 Estate,tabular,seasonal_naive_336h,h336,2026-01-04T23:00:00,2026-01-18T23:00:00,2026-02-15T23:00:00,,,42.0
2026-01-18 23:00:00,44.8,22.1,1.0,Tema Community 3 SSNIT Flat,tabular,seasonal_naive_336h,h336,2026-01-04T23:00:00,2026-01-18T23:00:00,2026-02-15T23:00:00,,,42.0
2026-01-19 00:00:00,53.9,23.1,1.0,Tema Community 3 SSNIT Flat,tabular,seasonal_naive_336h,h336,2026-01-04T23:00:00,2026-01-18T23:00:00,2026-02-15T23:00:00,,,42.0
2026-01-19 01:00:00,81.0,40.8,1.0,Tema Community 3 SSNIT Flat,tabular,seasonal_naive_336h,h336,2026-01-04T23:00:00,2026-01-18T23:00:00,2026-02-15T23:00:00,,,42.0
2026-01-19 02:00:00,78.4,41.5,1.0,Tema Community 3 SSNIT Flat,tabular,seasonal_naive_336h,h336,2026-01-04T23:00:00,2026-01-18T23:00:00,2026-02-15T23:00:00,,,42.0
2026-01-19 03:00:00,44.2,36.0,1.0,Tema Community 3 SSNIT Flat,tabular,seasonal_naive_336h,h336,2026-01-04T23:00:00,2026-01-18T23:00:00,2026-02-15T23:00:00,,,42.0
2026-01-19 04:00:00,44.5,37.3,1.0,Tema Community 3 SSNIT Flat,tabular,seasonal_naive_336h,h336,2026-01-04T23:00:00,2026-01-18T23:00:00,2026-02-15T23:00:00,,,42.0
2026-01-19 05:00:00,45.4,43.1,1.0,Tema Community 3 SSNIT Flat,tabular,seasonal_naive_336h,h336,2026-01-04T23:00:00,2026-01-18T23:00:00,2026-02-15T23:00:00,,,42.0
2026-01-19 06:00:00,57.0,41.5,1.0,Tema Community 3 SSNIT Flat,tabular,seasonal_naive_336h,h336,2026-01-04T23:00:00,2026-01-18T23:00:00,2026-02-15T23:00:00,,,42.0
2026-01-19 07:00:00,51.5,41.3,1.0,Tema Community 3 SSNIT Flat,tabular,seasonal_naive_336h,h336,2026-01-04T23:00:00,2026-01-18T23:00:00,2026-02-15T23:00:00,,,42.0
2026-01-19 08:00:00,50.8,45.5,1.0,Tema Community 3 SSNIT Flat,tabular,seasonal_naive_336h,h336,2026-01-04T23:00:00,2026-01-18T23:00:00,2026-02-15T23:00:00,,,42.0
2026-01-19 09:00:00,50.6,35.2,1.0,Tema Community 3 SSNIT Flat,tabular,seasonal_naive_336h,h336,2026-01-04T23:00:00,2026-01-18T23:00:00,2026-02-15T23:00:00,,,42.0
2026-01-19 10:00:00,37.5,31.4,1.0,Tema Community 3 SSNIT Flat,tabular,seasonal_naive_336h,h336,2026-01-04T23:00:00,2026-01-18T23:00:00,2026-02-15T23:00:00,,,42.0
2026-01-19 11:00:00,35.7,26.8,1.0,Tema Community 3 SSNIT Flat,tabular,seasonal_naive_336h,h336,2026-01-04T23:00:00,2026-01-18T23:00:00,2026-02-15T23:00:00,,,42.0
2026-01-19 12:00:00,37.7,26.2,1.0,Tema Community 3 SSNIT Flat,tabular,seasonal_naive_336h,h336,2026-01-04T23:00:00,2026-01-18T23:00:00,2026-02-15T23:00:00,,,42.0
2026-01-19 13:00:00,34.1,25.5,1.0,Tema Community 3 SSNIT Flat,tabular,seasonal_naive_336h,h336,2026-01-04T23:00:00,2026-01-18T23:00:00,2026-02-15T23:00:00,,,42.0
2026-01-19 14:00:00,34.5,24.0,1.0,Tema Community 3 SSNIT Flat,tabular,seasonal_naive_336h,h336,2026-01-04T23:00:00,2026-01-18T23:00:00,2026-02-15T23:00:00,,,42.0
2026-01-19 15:00:00,37.1,33.7,1.0,Tema Community 3 SSNIT Flat,tabular,seasonal_naive_336h,h336,2026-01-04T23:00:00,2026-01-18T23:00:00,2026-02-15T23:00:00,,,42.0
2026-01-19 16:00:00,34.6,57.9,1.0,Tema Community 3 SSNIT Flat,tabular,seasonal_naive_336h,h336,2026-01-04T23:00:00,2026-01-18T23:00:00,2026-02-15T23:00:00,,,42.0
2026-01-19 17:00:00,34.3,34.4,1.0,Tema Community 3 SSNIT Flat,tabular,seasonal_naive_336h,h336,2026-01-04T23:00:00,2026-01-18T23:00:00,2026-02-15T23:00:00,,,42.0
2026-01-19 18:00:00,35.1,32.6,1.0,Tema Community 3 SSNIT Flat,tabular,seasonal_naive_336h,h336,2026-01-04T23:00:00,2026-01-18T23:00:00,2026-02-15T23:00:00,,,42.0
2026-01-19 19:00:00,35.3,32.6,1.0,Tema Community 3 SSNIT Flat,tabular,seasonal_naive_336h,h336,2026-01-04T23:00:00,2026-01-18T23:00:00,2026-02-15T23:00:00,,,42.0
2026-01-19 20:00:00,32.9,30.9,1.0,Tema Community 3 SSNIT Flat,tabular,seasonal_naive_336h,h336,2026-01-04T23:00:00,2026-01-18T23:00:00,2026-02-15T23:00:00,,,42.0
2026-01-19 21:00:00,33.8,35.5,1.0,Tema Community 3 SSNIT Flat,tabular,seasonal_naive_336h,h336,2026-01-04T23:00:00,2026-01-18T23:00:00,2026-02-15T23:00:00,,,42.0
2026-01-19 22:00:00,34.1,29.8,1.0,Tema Community 3 SSNIT Flat,tabular,seasonal_naive_336h,h336,2026-01-04T23:00:00,2026-01-18T23:00:00,2026-02-15T23:00:00,,,42.0
2026-01-19 23:00:00,32.5,54.8,1.0,Tema Community 3 SSNIT Flat,tabular,seasonal_naive_336h,h336,2026-01-04T23:00:00,2026-01-18T23:00:00,2026-02-15T23:00:00,,,42.0
2026-01-20 00:00:00,36.9,74.7,1.0,Tema Community 3 SSNIT Flat,tabular,seasonal_naive_336h,h336,2026-01-04T23:00:00,2026-01-18T23:00:00,2026-02-15T23:00:00,,,42.0
2026-01-20 01:00:00,34.9,107.1,1.0,Tema Community 3 SSNIT Flat,tabular,seasonal_naive_336h,h336,2026-01-04T23:00:00,2026-01-18T23:00:00,2026-02-15T23:00:00,,,42.0
2026-01-20 02:00:00,39.1,58.1,1.0,Tema Community 3 SSNIT Flat,tabular,seasonal_naive_336h,h336,2026-01-04T23:00:00,2026-01-18T23:00:00,2026-02-15T23:00:00,,,42.0
2026-01-20 03:00:00,41.6,39.4,1.0,Tema Community 3 SSNIT Flat,tabular,seasonal_naive_336h,h336,2026-01-04T23:00:00,2026-01-18T23:00:00,2026-02-15T23:00:00,,,42.0
2026-01-20 04:00:00,38.3,34.9,1.0,Tema Community 3 SSNIT Flat,tabular,seasonal_naive_336h,h336,2026-01-04T23:00:00,2026-01-18T23:00:00,2026-02-15T23:00:00,,,42.0
2026-01-20 05:00:00,40.8,40.5,1.0,Tema Community 3 SSNIT Flat,tabular,seasonal_naive_336h,h336,2026-01-04T23:00:00,2026-01-18T23:00:00,2026-02-15T23:00:00,,,42.0
2026-01-20 06:00:00,42.9,45.7,1.0,Tema Community 3 SSNIT Flat,tabular,seasonal_naive_336h,h336,2026-01-04T23:00:00,2026-01-18T23:00:00,2026-02-15T23:00:00,,,42.0
2026-01-20 07:00:00,44.1,53.4,1.0,Tema Community 3 SSNIT Flat,tabular,seasonal_naive_336h,h336,2026-01-04T23:00:00,2026-01-18T23:00:00,2026-02-15T23:00:00,,,42.0
2026-01-20 08:00:00,42.4,41.9,1.0,Tema Community 3 SSNIT Flat,tabular,seasonal_naive_336h,h336,2026-01-04T23:00:00,2026-01-18T23:00:00,2026-02-15T23:00:00,,,42.0
2026-01-20 09:00:00,40.3,37.8,1.0,Tema Community 3 SSNIT Flat,tabular,seasonal_naive_336h,h336,2026-01-04T23:00:00,2026-01-18T23:00:00,2026-02-15T23:00:00,,,42.0
2026-01-20 10:00:00,33.6,34.3,1.0,Tema Community 3 SSNIT Flat,tabular,seasonal_naive_336h,h336,2026-01-04T23:00:00,2026-01-18T23:00:00,2026-02-15T23:00:00,,,42.0
2026-01-20 11:00:00,29.7,32.2,1.0,Tema Community 3 SSNIT Flat,tabular,seasonal_naive_336h,h336,2026-01-04T23:00:00,2026-01-18T23:00:00,2026-02-15T23:00:00,,,42.0
2026-01-20 12:00:00,29.4,40.6,1.0,Tema Community 3 SSNIT Flat,tabular,seasonal_naive_336h,h336,2026-01-04T23:00:00,2026-01-18T23:00:00,2026-02-15T23:00:00,,,42.0
2026-01-20 13:00:00,25.8,24.0,1.0,Tema Community 3 SSNIT Flat,tabular,seasonal_naive_336h,h336,2026-01-04T23:00:00,2026-01-18T23:00:00,2026-02-15T23:00:00,,,42.0
2026-01-20 14:00:00,26.3,20.2,1.0,Tema Community 3 SSNIT Flat,tabular,seasonal_naive_336h,h336,2026-01-04T23:00:00,2026-01-18T23:00:00,2026-02-15T23:00:00,,,42.0
2026-01-20 15:00:00,46.2,22.3,1.0,Tema Community 3 SSNIT Flat,tabular,seasonal_naive_336h,h336,2026-01-04T23:00:00,2026-01-18T23:00:00,2026-02-15T23:00:00,,,42.0
2026-01-20 16:00:00,28.5,21.7,1.0,Tema Community 3 SSNIT Flat,tabular,seasonal_naive_336h,h336,2026-01-04T23:00:00,2026-01-18T23:00:00,2026-02-15T23:00:00,,,42.0
2026-01-20 17:00:00,28.1,22.1,1.0,Tema Community 3 SSNIT Flat,tabular,seasonal_naive_336h,h336,2026-01-04T23:00:00,2026-01-18T23:00:00,2026-02-15T23:00:00,,,42.0
2026-01-20 18:00:00,45.2,23.3,1.0,Tema Community 3 SSNIT Flat,tabular,seasonal_naive_336h,h336,2026-01-04T23:00:00,2026-01-18T23:00:00,2026-02-15T23:00:00,,,42.0
2026-01-20 19:00:00,42.5,21.5,1.0,Tema Community 3 SSNIT Flat,tabular,seasonal_naive_336h,h336,2026-01-04T23:00:00,2026-01-18T23:00:00,2026-02-15T23:00:00,,,42.0
2026-01-20 20:00:00,34.8,20.5,1.0,Tema Community 3 SSNIT Flat,tabular,seasonal_naive_336h,h336,2026-01-04T23:00:00,2026-01-18T23:00:00,2026-02-15T23:00:00,,,42.0
2026-01-20 21:00:00,29.6,19.4,1.0,Tema Community 3 SSNIT Flat,tabular,seasonal_naive_336h,h336,2026-01-04T23:00:00,2026-01-18T23:00:00,2026-02-15T23:00:00,,,42.0
2026-01-20 22:00:00,6.9,19.0,1.0,Tema Community 3 SSNIT Flat,tabular,seasonal_naive_336h,h336,2026-01-04T23:00:00,2026-01-18T23:00:00,2026-02-15T23:00:00,,,42.0
2026-01-20 23:00:00,3.7,21.0,1.0,Tema Community 3 SSNIT Flat,tabular,seasonal_naive_336h,h336,2026-01-04T23:00:00,2026-01-18T23:00:00,2026-02-15T23:00:00,,,42.0
2026-01-21 00:00:00,7.9,22.5,1.0,Tema Community 3 SSNIT Flat,tabular,seasonal_naive_336h,h336,2026-01-04T23:00:00,2026-01-18T23:00:00,2026-02-15T23:00:00,,,42.0
2026-01-21 01:00:00,16.5,34.4,1.0,Tema Community 3 SSNIT Flat,tabular,seasonal_naive_336h,h336,2026-01-04T23:00:00,2026-01-18T23:00:00,2026-02-15T23:00:00,,,42.0
2026-01-21 02:00:00,26.1,36.8,1.0,Tema Community 3 SSNIT Flat,tabular,seasonal_naive_336h,h336,2026-01-04T23:00:00,2026-01-18T23:00:00,2026-02-15T23:00:00,,,42.0
2026-01-21 03:00:00,39.9,67.8,1.0,Tema Community 3 SSNIT Flat,tabular,seasonal_naive_336h,h336,2026-01-04T23:00:00,2026-01-18T23:00:00,2026-02-15T23:00:00,,,42.0
2026-01-21 04:00:00,61.3,103.6,1.0,Tema Community 3 SSNIT Flat,tabular,seasonal_naive_336h,h336,2026-01-04T23:00:00,2026-01-18T23:00:00,2026-02-15T23:00:00,,,42.0
2026-01-21 05:00:00,40.6,47.7,1.0,Tema Community 3 SSNIT Flat,tabular,seasonal_naive_336h,h336,2026-01-04T23:00:00,2026-01-18T23:00:00,2026-02-15T23:00:00,,,42.0
2026-01-21 06:00:00,87.8,67.8,1.0,Tema Community 3 SSNIT Flat,tabular,seasonal_naive_336h,h336,2026-01-04T23:00:00,2026-01-18T23:00:00,2026-02-15T23:00:00,,,42.0
2026-01-21 07:00:00,67.9,46.0,1.0,Tema Community 3 SSNIT Flat,tabular,seasonal_naive_336h,h336,2026-01-04T23:00:00,2026-01-18T23:00:00,2026-02-15T23:00:00,,,42.0
2026-01-21 08:00:00,35.9,36.9,1.0,Tema Community 3 SSNIT Flat,tabular,seasonal_naive_336h,h336,2026-01-04T23:00:00,2026-01-18T23:00:00,2026-02-15T23:00:00,,,42.0
2026-01-21 09:00:00,32.8,24.2,1.0,Tema Community 3 SSNIT Flat,tabular,seasonal_naive_336h,h336,2026-01-04T23:00:00,2026-01-18T23:00:00,2026-02-15T23:00:00,,,42.0
2026-01-21 10:00:00,34.1,23.5,1.0,Tema Community 3 SSNIT Flat,tabular,seasonal_naive_336h,h336,2026-01-04T23:00:00,2026-01-18T23:00:00,2026-02-15T23:00:00,,,42.0
2026-01-21 11:00:00,34.7,24.9,1.0,Tema Community 3 SSNIT Flat,tabular,seasonal_naive_336h,h336,2026-01-04T23:00:00,2026-01-18T23:00:00,2026-02-15T23:00:00,,,42.0
2026-01-21 12:00:00,31.9,24.3,1.0,Tema Community 3 SSNIT Flat,tabular,seasonal_naive_336h,h336,2026-01-04T23:00:00,2026-01-18T23:00:00,2026-02-15T23:00:00,,,42.0
2026-01-21 13:00:00,25.8,21.8,1.0,Tema Community 3 SSNIT Flat,tabular,seasonal_naive_336h,h336,2026-01-04T23:00:00,2026-01-18T23:00:00,2026-02-15T23:00:00,,,42.0
2026-01-21 14:00:00,30.7,16.9,1.0,Tema Community 3 SSNIT Flat,tabular,seasonal_naive_336h,h336,2026-01-04T23:00:00,2026-01-18T23:00:00,2026-02-15T23:00:00,,,42.0
2026-01-21 15:00:00,24.9,18.2,1.0,Tema Community 3 SSNIT Flat,tabular,seasonal_naive_336h,h336,2026-01-04T23:00:00,2026-01-18T23:00:00,2026-02-15T23:00:00,,,42.0
2026-01-21 16:00:00,27.6,17.4,1.0,Tema Community 3 SSNIT Flat,tabular,seasonal_naive_336h,h336,2026-01-04T23:00:00,2026-01-18T23:00:00,2026-02-15T23:00:00,,,42.0
2026-01-21 17:00:00,28.6,19.6,1.0,Tema Community 3 SSNIT Flat,tabular,seasonal_naive_336h,h336,2026-01-04T23:00:00,2026-01-18T23:00:00,2026-02-15T23:00:00,,,42.0
2026-01-21 18:00:00,31.9,20.3,1.0,Tema Community 3 SSNIT Flat,tabular,seasonal_naive_336h,h336,2026-01-04T23:00:00,2026-01-18T23:00:00,2026-02-15T23:00:00,,,42.0
2026-01-21 19:00:00,29.6,20.9,1.0,Tema Community 3 SSNIT Flat,tabular,seasonal_naive_336h,h336,2026-01-04T23:00:00,2026-01-18T23:00:00,2026-02-15T23:00:00,,,42.0
2026-01-21 20:00:00,28.9,19.3,1.0,Tema Community 3 SSNIT Flat,tabular,seasonal_naive_336h,h336,2026-01-04T23:00:00,2026-01-18T23:00:00,2026-02-15T23:00:00,,,42.0
2026-01-21 21:00:00,30.0,18.2,1.0,Tema Community 3 SSNIT Flat,tabular,seasonal_naive_336h,h336,2026-01-04T23:00:00,2026-01-18T23:00:00,2026-02-15T23:00:00,,,42.0
2026-01-21 22:00:00,30.2,24.4,1.0,Tema Community 3 SSNIT Flat,tabular,seasonal_naive_336h,h336,2026-01-04T23:00:00,2026-01-18T23:00:00,2026-02-15T23:00:00,,,42.0
2026-01-21 23:00:00,32.7,20.6,1.0,Tema Community 3 SSNIT Flat,tabular,seasonal_naive_336h,h336,2026-01-04T23:00:00,2026-01-18T23:00:00,2026-02-15T23:00:00,,,42.0
2026-01-22 00:00:00,31.7,19.0,1.0,Tema Community 3 SSNIT Flat,tabular,seasonal_naive_336h,h336,2026-01-04T23:00:00,2026-01-18T23:00:00,2026-02-15T23:00:00,,,42.0
2026-01-22 01:00:00,32.5,17.7,1.0,Tema Community 3 SSNIT Flat,tabular,seasonal_naive_336h,h336,2026-01-04T23:00:00,2026-01-18T23:00:00,2026-02-15T23:00:00,,,42.0
2026-01-22 02:00:00,34.4,21.4,1.0,Tema Community 3 SSNIT Flat,tabular,seasonal_naive_336h,h336,2026-01-04T23:00:00,2026-01-18T23:00:00,2026-02-15T23:00:00,,,42.0
2026-01-22 03:00:00,36.0,29.2,1.0,Tema Community 3 SSNIT Flat,tabular,seasonal_naive_336h,h336,2026-01-04T23:00:00,2026-01-18T23:00:00,2026-02-15T23:00:00,,,42.0
2026-01-22 04:00:00,32.5,41.1,1.0,Tema Community 3 SSNIT Flat,tabular,seasonal_naive_336h,h336,2026-01-04T23:00:00,2026-01-18T23:00:00,2026-02-15T23:00:00,,,42.0
2026-01-22 05:00:00,40.9,40.8,1.0,Tema Community 3 SSNIT Flat,tabular,seasonal_naive_336h,h336,2026-01-04T23:00:00,2026-01-18T23:00:00,2026-02-15T23:00:00,,,42.0
2026-01-22 06:00:00,44.0,62.6,1.0,Tema Community 3 SSNIT Flat,tabular,seasonal_naive_336h,h336,2026-01-04T23:00:00,2026-01-18T23:00:00,2026-02-15T23:00:00,,,42.0
2026-01-22 07:00:00,38.6,43.7,1.0,Tema Community 3 SSNIT Flat,tabular,seasonal_naive_336h,h336,2026-01-04T23:00:00,2026-01-18T23:00:00,2026-02-15T23:00:00,,,42.0
2026-01-22 08:00:00,37.3,37.4,1.0,Tema Community 3 SSNIT Flat,tabular,seasonal_naive_336h,h336,2026-01-04T23:00:00,2026-01-18T23:00:00,2026-02-15T23:00:00,,,42.0
2026-01-22 09:00:00,37.7,53.3,1.0,Tema Community 3 SSNIT Flat,tabular,seasonal_naive_336h,h336,2026-01-04T23:00:00,2026-01-18T23:00:00,2026-02-15T23:00:00,,,42.0
2026-01-22 10:00:00,38.1,27.9,1.0,Tema Community 3 SSNIT Flat,tabular,seasonal_naive_336h,h336,2026-01-04T23:00:00,2026-01-18T23:00:00,2026-02-15T23:00:00,,,42.0
2026-01-22 11:00:00,38.6,24.5,1.0,Tema Community 3 SSNIT Flat,tabular,seasonal_naive_336h,h336,2026-01-04T23:00:00,2026-01-18T23:00:00,2026-02-15T23:00:00,,,42.0
2026-01-22 12:00:00,38.3,21.8,1.0,Tema Community 3 SSNIT Flat,tabular,seasonal_naive_336h,h336,2026-01-04T23:00:00,2026-01-18T23:00:00,2026-02-15T23:00:00,,,42.0
2026-01-22 13:00:00,34.1,18.0,1.0,Tema Community 3 SSNIT Flat,tabular,seasonal_naive_336h,h336,2026-01-04T23:00:00,2026-01-18T23:00:00,2026-02-15T23:00:00,,,42.0
2026-01-22 14:00:00,30.5,17.1,1.0,Tema Community 3 SSNIT Flat,tabular,seasonal_naive_336h,h336,2026-01-04T23:00:00,2026-01-18T23:00:00,2026-02-15T23:00:00,,,42.0
2026-01-22 15:00:00,27.5,30.4,1.0,Tema Community 3 SSNIT Flat,tabular,seasonal_naive_336h,h336,2026-01-04T23:00:00,2026-01-18T23:00:00,2026-02-15T23:00:00,,,42.0
2026-01-22 16:00:00,30.5,18.8,1.0,Tema Community 3 SSNIT Flat,tabular,seasonal_naive_336h,h336,2026-01-04T23:00:00,2026-01-18T23:00:00,2026-02-15T23:00:00,,,42.0
2026-01-22 17:00:00,27.0,19.6,1.0,Tema Community 3 SSNIT Flat,tabular,seasonal_naive_336h,h336,2026-01-04T23:00:00,2026-01-18T23:00:00,2026-02-15T23:00:00,,,42.0
2026-01-22 18:00:00,26.9,22.1,1.0,Tema Community 3 SSNIT Flat,tabular,seasonal_naive_336h,h336,2026-01-04T23:00:00,2026-01-18T23:00:00,2026-02-15T23:00:00,,,42.0
2026-01-22 19:00:00,25.2,25.5,1.0,Tema Community 3 SSNIT Flat,tabular,seasonal_naive_336h,h336,2026-01-04T23:00:00,2026-01-18T23:00:00,2026-02-15T23:00:00,,,42.0
2026-01-22 20:00:00,25.3,20.5,1.0,Tema Community 3 SSNIT Flat,tabular,seasonal_naive_336h,h336,2026-01-04T23:00:00,2026-01-18T23:00:00,2026-02-15T23:00:00,,,42.0
2026-01-22 21:00:00,25.1,18.4,1.0,Tema Community 3 SSNIT Flat,tabular,seasonal_naive_336h,h336,2026-01-04T23:00:00,2026-01-18T23:00:00,2026-02-15T23:00:00,,,42.0
2026-01-22 22:00:00,24.3,17.7,1.0,Tema Community 3 SSNIT Flat,tabular,seasonal_naive_336h,h336,2026-01-04T23:00:00,2026-01-18T23:00:00,2026-02-15T23:00:00,,,42.0
2026-01-22 23:00:00,25.8,16.8,1.0,Tema Community 3 SSNIT Flat,tabular,seasonal_naive_336h,h336,2026-01-04T23:00:00,2026-01-18T23:00:00,2026-02-15T23:00:00,,,42.0
2026-01-23 00:00:00,30.8,16.9,1.0,Tema Community 3 SSNIT Flat,tabular,seasonal_naive_336h,h336,2026-01-04T23:00:00,2026-01-18T23:00:00,2026-02-15T23:00:00,,,42.0
2026-01-23 01:00:00,33.8,16.8,1.0,Tema Community 3 SSNIT Flat,tabular,seasonal_naive_336h,h336,2026-01-04T23:00:00,2026-01-18T23:00:00,2026-02-15T23:00:00,,,42.0
2026-01-23 02:00:00,88.5,21.5,1.0,Tema Community 3 SSNIT Flat,tabular,seasonal_naive_336h,h336,2026-01-04T23:00:00,2026-01-18T23:00:00,2026-02-15T23:00:00,,,42.0
2026-01-23 03:00:00,47.3,46.9,1.0,Tema Community 3 SSNIT Flat,tabular,seasonal_naive_336h,h336,2026-01-04T23:00:00,2026-01-18T23:00:00,2026-02-15T23:00:00,,,42.0
2026-01-23 04:00:00,91.2,34.9,1.0,Tema Community 3 SSNIT Flat,tabular,seasonal_naive_336h,h336,2026-01-04T23:00:00,2026-01-18T23:00:00,2026-02-15T23:00:00,,,42.0
2026-01-23 05:00:00,123.0,39.8,1.0,Tema Community 3 SSNIT Flat,tabular,seasonal_naive_336h,h336,2026-01-04T23:00:00,2026-01-18T23:00:00,2026-02-15T23:00:00,,,42.0
2026-01-23 06:00:00,107.1,47.9,1.0,Tema Community 3 SSNIT Flat,tabular,seasonal_naive_336h,h336,2026-01-04T23:00:00,2026-01-18T23:00:00,2026-02-15T23:00:00,,,42.0
2026-01-23 07:00:00,101.6,47.6,1.0,Tema Community 3 SSNIT Flat,tabular,seasonal_naive_336h,h336,2026-01-04T23:00:00,2026-01-18T23:00:00,2026-02-15T23:00:00,,,42.0
2026-01-23 08:00:00,40.6,45.3,1.0,Tema Community 3 SSNIT Flat,tabular,seasonal_naive_336h,h336,2026-01-04T23:00:00,2026-01-18T23:00:00,2026-02-15T23:00:00,,,42.0
2026-01-23 09:00:00,38.1,30.8,1.0,Tema Community 3 SSNIT Flat,tabular,seasonal_naive_336h,h336,2026-01-04T23:00:00,2026-01-18T23:00:00,2026-02-15T23:00:00,,,42.0
2026-01-23 10:00:00,39.2,24.1,1.0,Tema Community 3 SSNIT Flat,tabular,seasonal_naive_336h,h336,2026-01-04T23:00:00,2026-01-18T23:00:00,2026-02-15T23:00:00,,,42.0
2026-01-23 11:00:00,31.5,23.5,1.0,Tema Community 3 SSNIT Flat,tabular,seasonal_naive_336h,h336,2026-01-04T23:00:00,2026-01-18T23:00:00,2026-02-15T23:00:00,,,42.0
2026-01-23 12:00:00,28.2,22.4,1.0,Tema Community 3 SSNIT Flat,tabular,seasonal_naive_336h,h336,2026-01-04T23:00:00,2026-01-18T23:00:00,2026-02-15T23:00:00,,,42.0
2026-01-23 13:00:00,20.5,18.4,1.0,Tema Community 3 SSNIT Flat,tabular,seasonal_naive_336h,h336,2026-01-04T23:00:00,2026-01-18T23:00:00,2026-02-15T23:00:00,,,42.0
2026-01-23 14:00:00,19.5,19.0,1.0,Tema Community 3 SSNIT Flat,tabular,seasonal_naive_336h,h336,2026-01-04T23:00:00,2026-01-18T23:00:00,2026-02-15T23:00:00,,,42.0
2026-01-23 15:00:00,17.8,19.1,1.0,Tema Community 3 SSNIT Flat,tabular,seasonal_naive_336h,h336,2026-01-04T23:00:00,2026-01-18T23:00:00,2026-02-15T23:00:00,,,42.0
2026-01-23 16:00:00,19.3,22.4,1.0,Tema Community 3 SSNIT Flat,tabular,seasonal_naive_336h,h336,2026-01-04T23:00:00,2026-01-18T23:00:00,2026-02-15T23:00:00,,,42.0
2026-01-23 17:00:00,21.6,20.8,1.0,Tema Community 3 SSNIT Flat,tabular,seasonal_naive_336h,h336,2026-01-04T23:00:00,2026-01-18T23:00:00,2026-02-15T23:00:00,,,42.0
2026-01-23 18:00:00,22.4,25.1,1.0,Tema Community 3 SSNIT Flat,tabular,seasonal_naive_336h,h336,2026-01-04T23:00:00,2026-01-18T23:00:00,2026-02-15T23:00:00,,,42.0
2026-01-23 19:00:00,20.3,21.0,1.0,Tema Community 3 SSNIT Flat,tabular,seasonal_naive_336h,h336,2026-01-04T23:00:00,2026-01-18T23:00:00,2026-02-15T23:00:00,,,42.0
2026-01-23 20:00:00,17.6,16.3,1.0,Tema Community 3 SSNIT Flat,tabular,seasonal_naive_336h,h336,2026-01-04T23:00:00,2026-01-18T23:00:00,2026-02-15T23:00:00,,,42.0
2026-01-23 21:00:00,18.1,15.9,1.0,Tema Community 3 SSNIT Flat,tabular,seasonal_naive_336h,h336,2026-01-04T23:00:00,2026-01-18T23:00:00,2026-02-15T23:00:00,,,42.0
2026-01-23 22:00:00,31.0,15.3,1.0,Tema Community 3 SSNIT Flat,tabular,seasonal_naive_336h,h336,2026-01-04T23:00:00,2026-01-18T23:00:00,2026-02-15T23:00:00,,,42.0
2026-01-23 23:00:00,45.5,16.1,1.0,Tema Community 3 SSNIT Flat,tabular,seasonal_naive_336h,h336,2026-01-04T23:00:00,2026-01-18T23:00:00,2026-02-15T23:00:00,,,42.0
2026-01-24 00:00:00,49.9,16.1,1.0,Tema Community 3 SSNIT Flat,tabular,seasonal_naive_336h,h336,2026-01-04T23:00:00,2026-01-18T23:00:00,2026-02-15T23:00:00,,,42.0
2026-01-24 01:00:00,55.5,15.6,1.0,Tema Community 3 SSNIT Flat,tabular,seasonal_naive_336h,h336,2026-01-04T23:00:00,2026-01-18T23:00:00,2026-02-15T23:00:00,,,42.0
2026-01-24 02:00:00,43.3,17.1,1.0,Tema Community 3 SSNIT Flat,tabular,seasonal_naive_336h,h336,2026-01-04T23:00:00,2026-01-18T23:00:00,2026-02-15T23:00:00,,,42.0
2026-01-24 03:00:00,55.5,26.7,1.0,Tema Community 3 SSNIT Flat,tabular,seasonal_naive_336h,h336,2026-01-04T23:00:00,2026-01-18T23:00:00,2026-02-15T23:00:00,,,42.0
2026-01-24 04:00:00,121.5,39.9,1.0,Tema Community 3 SSNIT Flat,tabular,seasonal_naive_336h,h336,2026-01-04T23:00:00,2026-01-18T23:00:00,2026-02-15T23:00:00,,,42.0
2026-01-24 05:00:00,40.5,42.7,1.0,Tema Community 3 SSNIT Flat,tabular,seasonal_naive_336h,h336,2026-01-04T23:00:00,2026-01-18T23:00:00,2026-02-15T23:00:00,,,42.0
2026-01-24 06:00:00,53.3,47.3,1.0,Tema Community 3 SSNIT Flat,tabular,seasonal_naive_336h,h336,2026-01-04T23:00:00,2026-01-18T23:00:00,2026-02-15T23:00:00,,,42.0
2026-01-24 07:00:00,51.4,72.3,1.0,Tema Community 3 SSNIT Flat,tabular,seasonal_naive_336h,h336,2026-01-04T23:00:00,2026-01-18T23:00:00,2026-02-15T23:00:00,,,42.0
2026-01-24 08:00:00,47.1,42.7,1.0,Tema Community 3 SSNIT Flat,tabular,seasonal_naive_336h,h336,2026-01-04T23:00:00,2026-01-18T23:00:00,2026-02-15T23:00:00,,,42.0
2026-01-24 09:00:00,44.6,24.5,1.0,Tema Community 3 SSNIT Flat,tabular,seasonal_naive_336h,h336,2026-01-04T23:00:00,2026-01-18T23:00:00,2026-02-15T23:00:00,,,42.0
2026-01-24 10:00:00,73.0,21.6,1.0,Tema Community 3 SSNIT Flat,tabular,seasonal_naive_336h,h336,2026-01-04T23:00:00,2026-01-18T23:00:00,2026-02-15T23:00:00,,,42.0
2026-01-24 11:00:00,39.4,18.5,1.0,Tema Community 3 SSNIT Flat,tabular,seasonal_naive_336h,h336,2026-01-04T23:00:00,2026-01-18T23:00:00,2026-02-15T23:00:00,,,42.0
2026-01-24 12:00:00,31.0,15.7,1.0,Tema Community 3 SSNIT Flat,tabular,seasonal_naive_336h,h336,2026-01-04T23:00:00,2026-01-18T23:00:00,2026-02-15T23:00:00,,,42.0
2026-01-24 13:00:00,28.5,11.4,1.0,Tema Community 3 SSNIT Flat,tabular,seasonal_naive_336h,h336,2026-01-04T23:00:00,2026-01-18T23:00:00,2026-02-15T23:00:00,,,42.0
2026-01-24 14:00:00,23.9,10.1,1.0,Tema Community 3 SSNIT Flat,tabular,seasonal_naive_336h,h336,2026-01-04T23:00:00,2026-01-18T23:00:00,2026-02-15T23:00:00,,,42.0
2026-01-24 15:00:00,24.4,10.2,1.0,Tema Community 3 SSNIT Flat,tabular,seasonal_naive_336h,h336,2026-01-04T23:00:00,2026-01-18T23:00:00,2026-02-15T23:00:00,,,42.0
2026-01-24 16:00:00,24.8,11.2,1.0,Tema Community 3 SSNIT Flat,tabular,seasonal_naive_336h,h336,2026-01-04T23:00:00,2026-01-18T23:00:00,2026-02-15T23:00:00,,,42.0
2026-01-24 17:00:00,26.6,24.9,1.0,Tema Community 3 SSNIT Flat,tabular,seasonal_naive_336h,h336,2026-01-04T23:00:00,2026-01-18T23:00:00,2026-02-15T23:00:00,,,42.0
2026-01-24 18:00:00,27.2,18.9,1.0,Tema Community 3 SSNIT Flat,tabular,seasonal_naive_336h,h336,2026-01-04T23:00:00,2026-01-18T23:00:00,2026-02-15T23:00:00,,,42.0
2026-01-24 19:00:00,25.1,37.0,1.0,Tema Community 3 SSNIT Flat,tabular,seasonal_naive_336h,h336,2026-01-04T23:00:00,2026-01-18T23:00:00,2026-02-15T23:00:00,,,42.0
2026-01-24 20:00:00,24.9,38.2,1.0,Tema Community 3 SSNIT Flat,tabular,seasonal_naive_336h,h336,2026-01-04T23:00:00,2026-01-18T23:00:00,2026-02-15T23:00:00,,,42.0
2026-01-24 21:00:00,25.0,39.4,1.0,Tema Community 3 SSNIT Flat,tabular,seasonal_naive_336h,h336,2026-01-04T23:00:00,2026-01-18T23:00:00,2026-02-15T23:00:00,,,42.0
2026-01-24 22:00:00,25.2,35.2,1.0,Tema Community 3 SSNIT Flat,tabular,seasonal_naive_336h,h336,2026-01-04T23:00:00,2026-01-18T23:00:00,2026-02-15T23:00:00,,,42.0
2026-01-24 23:00:00,25.7,41.1,1.0,Tema Community 3 SSNIT Flat,tabular,seasonal_naive_336h,h336,2026-01-04T23:00:00,2026-01-18T23:00:00,2026-02-15T23:00:00,,,42.0
2026-01-25 00:00:00,27.3,32.8,1.0,Tema Community 3 SSNIT Flat,tabular,seasonal_naive_336h,h336,2026-01-04T23:00:00,2026-01-18T23:00:00,2026-02-15T23:00:00,,,42.0
2026-01-25 01:00:00,32.3,36.2,1.0,Tema Community 3 SSNIT Flat,tabular,seasonal_naive_336h,h336,2026-01-04T23:00:00,2026-01-18T23:00:00,2026-02-15T23:00:00,,,42.0
2026-01-25 02:00:00,42.7,28.2,1.0,Tema Community 3 SSNIT Flat,tabular,seasonal_naive_336h,h336,2026-01-04T23:00:00,2026-01-18T23:00:00,2026-02-15T23:00:00,,,42.0
2026-01-25 03:00:00,41.8,26.9,1.0,Tema Community 3 SSNIT Flat,tabular,seasonal_naive_336h,h336,2026-01-04T23:00:00,2026-01-18T23:00:00,2026-02-15T23:00:00,,,42.0
2026-01-25 04:00:00,39.8,23.7,1.0,Tema Community 3 SSNIT Flat,tabular,seasonal_naive_336h,h336,2026-01-04T23:00:00,2026-01-18T23:00:00,2026-02-15T23:00:00,,,42.0
2026-01-25 05:00:00,49.4,30.0,1.0,Tema Community 3 SSNIT Flat,tabular,seasonal_naive_336h,h336,2026-01-04T23:00:00,2026-01-18T23:00:00,2026-02-15T23:00:00,,,42.0
2026-01-25 06:00:00,62.7,51.2,1.0,Tema Community 3 SSNIT Flat,tabular,seasonal_naive_336h,h336,2026-01-04T23:00:00,2026-01-18T23:00:00,2026-02-15T23:00:00,,,42.0
2026-01-25 07:00:00,56.0,40.3,1.0,Tema Community 3 SSNIT Flat,tabular,seasonal_naive_336h,h336,2026-01-04T23:00:00,2026-01-18T23:00:00,2026-02-15T23:00:00,,,42.0
2026-01-25 08:00:00,48.3,32.5,1.0,Tema Community 3 SSNIT Flat,tabular,seasonal_naive_336h,h336,2026-01-04T23:00:00,2026-01-18T23:00:00,2026-02-15T23:00:00,,,42.0
2026-01-25 09:00:00,52.8,24.2,1.0,Tema Community 3 SSNIT Flat,tabular,seasonal_naive_336h,h336,2026-01-04T23:00:00,2026-01-18T23:00:00,2026-02-15T23:00:00,,,42.0
2026-01-25 10:00:00,57.7,13.1,1.0,Tema Community 3 SSNIT Flat,tabular,seasonal_naive_336h,h336,2026-01-04T23:00:00,2026-01-18T23:00:00,2026-02-15T23:00:00,,,42.0
2026-01-25 11:00:00,50.6,16.7,1.0,Tema Community 3 SSNIT Flat,tabular,seasonal_naive_336h,h336,2026-01-04T23:00:00,2026-01-18T23:00:00,2026-02-15T23:00:00,,,42.0
2026-01-25 12:00:00,40.8,15.4,1.0,Tema Community 3 SSNIT Flat,tabular,seasonal_naive_336h,h336,2026-01-04T23:00:00,2026-01-18T23:00:00,2026-02-15T23:00:00,,,42.0
2026-01-25 13:00:00,38.1,12.0,1.0,Tema Community 3 SSNIT Flat,tabular,seasonal_naive_336h,h336,2026-01-04T23:00:00,2026-01-18T23:00:00,2026-02-15T23:00:00,,,42.0
2026-01-25 14:00:00,34.8,13.8,1.0,Tema Community 3 SSNIT Flat,tabular,seasonal_naive_336h,h336,2026-01-04T23:00:00,2026-01-18T23:00:00,2026-02-15T23:00:00,,,42.0
2026-01-25 15:00:00,32.6,14.2,1.0,Tema Community 3 SSNIT Flat,tabular,seasonal_naive_336h,h336,2026-01-04T23:00:00,2026-01-18T23:00:00,2026-02-15T23:00:00,,,42.0
2026-01-25 16:00:00,30.8,12.6,1.0,Tema Community 3 SSNIT Flat,tabular,seasonal_naive_336h,h336,2026-01-04T23:00:00,2026-01-18T23:00:00,2026-02-15T23:00:00,,,42.0
2026-01-25 17:00:00,32.6,13.8,1.0,Tema Community 3 SSNIT Flat,tabular,seasonal_naive_336h,h336,2026-01-04T23:00:00,2026-01-18T23:00:00,2026-02-15T23:00:00,,,42.0
2026-01-25 18:00:00,34.7,9.3,1.0,Tema Community 3 SSNIT Flat,tabular,seasonal_naive_336h,h336,2026-01-04T23:00:00,2026-01-18T23:00:00,2026-02-15T23:00:00,,,42.0
2026-01-25 19:00:00,33.6,9.7,1.0,Tema Community 3 SSNIT Flat,tabular,seasonal_naive_336h,h336,2026-01-04T23:00:00,2026-01-18T23:00:00,2026-02-15T23:00:00,,,42.0
2026-01-25 20:00:00,34.6,8.4,1.0,Tema Community 3 SSNIT Flat,tabular,seasonal_naive_336h,h336,2026-01-04T23:00:00,2026-01-18T23:00:00,2026-02-15T23:00:00,,,42.0
2026-01-25 21:00:00,34.4,7.3,1.0,Tema Community 3 SSNIT Flat,tabular,seasonal_naive_336h,h336,2026-01-04T23:00:00,2026-01-18T23:00:00,2026-02-15T23:00:00,,,42.0
2026-01-25 22:00:00,39.7,6.8,1.0,Tema Community 3 SSNIT Flat,tabular,seasonal_naive_336h,h336,2026-01-04T23:00:00,2026-01-18T23:00:00,2026-02-15T23:00:00,,,42.0
2026-01-25 23:00:00,52.6,9.2,1.0,Tema Community 3 SSNIT Flat,tabular,seasonal_naive_336h,h336,2026-01-04T23:00:00,2026-01-18T23:00:00,2026-02-15T23:00:00,,,42.0
2026-01-26 00:00:00,55.6,8.3,1.0,Tema Community 3 SSNIT Flat,tabular,seasonal_naive_336h,h336,2026-01-04T23:00:00,2026-01-18T23:00:00,2026-02-15T23:00:00,,,42.0
2026-01-26 01:00:00,53.1,14.5,1.0,Tema Community 3 SSNIT Flat,tabular,seasonal_naive_336h,h336,2026-01-04T23:00:00,2026-01-18T23:00:00,2026-02-15T23:00:00,,,42.0
2026-01-26 02:00:00,44.5,24.4,1.0,Tema Community 3 SSNIT Flat,tabular,seasonal_naive_336h,h336,2026-01-04T23:00:00,2026-01-18T23:00:00,2026-02-15T23:00:00,,,42.0
2026-01-26 03:00:00,56.8,41.1,1.0,Tema Community 3 SSNIT Flat,tabular,seasonal_naive_336h,h336,2026-01-04T23:00:00,2026-01-18T23:00:00,2026-02-15T23:00:00,,,42.0
2026-01-26 04:00:00,46.8,45.1,1.0,Tema Community 3 SSNIT Flat,tabular,seasonal_naive_336h,h336,2026-01-04T23:00:00,2026-01-18T23:00:00,2026-02-15T23:00:00,,,42.0
2026-01-26 05:00:00,45.7,35.9,1.0,Tema Community 3 SSNIT Flat,tabular,seasonal_naive_336h,h336,2026-01-04T23:00:00,2026-01-18T23:00:00,2026-02-15T23:00:00,,,42.0
2026-01-26 06:00:00,52.3,35.4,1.0,Tema Community 3 SSNIT Flat,tabular,seasonal_naive_336h,h336,2026-01-04T23:00:00,2026-01-18T23:00:00,2026-02-15T23:00:00,,,42.0
2026-01-26 07:00:00,48.9,40.2,1.0,Tema Community 3 SSNIT Flat,tabular,seasonal_naive_336h,h336,2026-01-04T23:00:00,2026-01-18T23:00:00,2026-02-15T23:00:00,,,42.0
2026-01-26 08:00:00,46.0,41.3,1.0,Tema Community 3 SSNIT Flat,tabular,seasonal_naive_336h,h336,2026-01-04T23:00:00,2026-01-18T23:00:00,2026-02-15T23:00:00,,,42.0
2026-01-26 09:00:00,42.8,32.9,1.0,Tema Community 3 SSNIT Flat,tabular,seasonal_naive_336h,h336,2026-01-04T23:00:00,2026-01-18T23:00:00,2026-02-15T23:00:00,,,42.0
2026-01-26 10:00:00,44.1,27.3,1.0,Tema Community 3 SSNIT Flat,tabular,seasonal_naive_336h,h336,2026-01-04T23:00:00,2026-01-18T23:00:00,2026-02-15T23:00:00,,,42.0
2026-01-26 11:00:00,44.7,21.5,1.0,Tema Community 3 SSNIT Flat,tabular,seasonal_naive_336h,h336,2026-01-04T23:00:00,2026-01-18T23:00:00,2026-02-15T23:00:00,,,42.0
2026-01-26 12:00:00,40.9,18.5,1.0,Tema Community 3 SSNIT Flat,tabular,seasonal_naive_336h,h336,2026-01-04T23:00:00,2026-01-18T23:00:00,2026-02-15T23:00:00,,,42.0
2026-01-26 13:00:00,36.0,17.9,1.0,Tema Community 3 SSNIT Flat,tabular,seasonal_naive_336h,h336,2026-01-04T23:00:00,2026-01-18T23:00:00,2026-02-15T23:00:00,,,42.0
2026-01-26 14:00:00,33.2,15.4,1.0,Tema Community 3 SSNIT Flat,tabular,seasonal_naive_336h,h336,2026-01-04T23:00:00,2026-01-18T23:00:00,2026-02-15T23:00:00,,,42.0
2026-01-26 15:00:00,32.1,12.7,1.0,Tema Community 3 SSNIT Flat,tabular,seasonal_naive_336h,h336,2026-01-04T23:00:00,2026-01-18T23:00:00,2026-02-15T23:00:00,,,42.0
2026-01-26 16:00:00,31.9,14.9,1.0,Tema Community 3 SSNIT Flat,tabular,seasonal_naive_336h,h336,2026-01-04T23:00:00,2026-01-18T23:00:00,2026-02-15T23:00:00,,,42.0
2026-01-26 17:00:00,35.0,17.8,1.0,Tema Community 3 SSNIT Flat,tabular,seasonal_naive_336h,h336,2026-01-04T23:00:00,2026-01-18T23:00:00,2026-02-15T23:00:00,,,42.0
2026-01-26 18:00:00,36.5,19.2,1.0,Tema Community 3 SSNIT Flat,tabular,seasonal_naive_336h,h336,2026-01-04T23:00:00,2026-01-18T23:00:00,2026-02-15T23:00:00,,,42.0
2026-01-26 19:00:00,33.3,14.9,1.0,Tema Community 3 SSNIT Flat,tabular,seasonal_naive_336h,h336,2026-01-04T23:00:00,2026-01-18T23:00:00,2026-02-15T23:00:00,,,42.0
2026-01-26 20:00:00,33.5,14.6,1.0,Tema Community 3 SSNIT Flat,tabular,seasonal_naive_336h,h336,2026-01-04T23:00:00,2026-01-18T23:00:00,2026-02-15T23:00:00,,,42.0
2026-01-26 21:00:00,33.0,16.6,1.0,Tema Community 3 SSNIT Flat,tabular,seasonal_naive_336h,h336,2026-01-04T23:00:00,2026-01-18T23:00:00,2026-02-15T23:00:00,,,42.0
2026-01-26 22:00:00,37.4,16.4,1.0,Tema Community 3 SSNIT Flat,tabular,seasonal_naive_336h,h336,2026-01-04T23:00:00,2026-01-18T23:00:00,2026-02-15T23:00:00,,,42.0
2026-01-26 23:00:00,60.0,15.0,1.0,Tema Community 3 SSNIT Flat,tabular,seasonal_naive_336h,h336,2026-01-04T23:00:00,2026-01-18T23:00:00,2026-02-15T23:00:00,,,42.0
2026-01-27 00:00:00,58.4,16.0,1.0,Tema Community 3 SSNIT Flat,tabular,seasonal_naive_336h,h336,2026-01-04T23:00:00,2026-01-18T23:00:00,2026-02-15T23:00:00,,,42.0
2026-01-27 01:00:00,84.1,15.6,1.0,Tema Community 3 SSNIT Flat,tabular,seasonal_naive_336h,h336,2026-01-04T23:00:00,2026-01-18T23:00:00,2026-02-15T23:00:00,,,42.0
2026-01-27 02:00:00,142.9,15.5,1.0,Tema Community 3 SSNIT Flat,tabular,seasonal_naive_336h,h336,2026-01-04T23:00:00,2026-01-18T23:00:00,2026-02-15T23:00:00,,,42.0
2026-01-27 03:00:00,194.6,15.1,1.0,Tema Community 3 SSNIT Flat,tabular,seasonal_naive_336h,h336,2026-01-04T23:00:00,2026-01-18T23:00:00,2026-02-15T23:00:00,,,42.0
2026-01-27 04:00:00,89.5,18.2,1.0,Tema Community 3 SSNIT Flat,tabular,seasonal_naive_336h,h336,2026-01-04T23:00:00,2026-01-18T23:00:00,2026-02-15T23:00:00,,,42.0
2026-01-27 05:00:00,82.1,18.0,1.0,Tema Community 3 SSNIT Flat,tabular,seasonal_naive_336h,h336,2026-01-04T23:00:00,2026-01-18T23:00:00,2026-02-15T23:00:00,,,42.0
2026-01-27 06:00:00,67.5,30.0,1.0,Tema Community 3 SSNIT Flat,tabular,seasonal_naive_336h,h336,2026-01-04T23:00:00,2026-01-18T23:00:00,2026-02-15T23:00:00,,,42.0
2026-01-27 07:00:00,77.0,59.6,1.0,Tema Community 3 SSNIT Flat,tabular,seasonal_naive_336h,h336,2026-01-04T23:00:00,2026-01-18T23:00:00,2026-02-15T23:00:00,,,42.0
2026-01-27 08:00:00,49.8,40.0,1.0,Tema Community 3 SSNIT Flat,tabular,seasonal_naive_336h,h336,2026-01-04T23:00:00,2026-01-18T23:00:00,2026-02-15T23:00:00,,,42.0
2026-01-27 09:00:00,45.9,38.8,1.0,Tema Community 3 SSNIT Flat,tabular,seasonal_naive_336h,h336,2026-01-04T23:00:00,2026-01-18T23:00:00,2026-02-15T23:00:00,,,42.0
2026-01-27 10:00:00,49.6,27.9,1.0,Tema Community 3 SSNIT Flat,tabular,seasonal_naive_336h,h336,2026-01-04T23:00:00,2026-01-18T23:00:00,2026-02-15T23:00:00,,,42.0
2026-01-27 11:00:00,48.8,22.7,1.0,Tema Community 3 SSNIT Flat,tabular,seasonal_naive_336h,h336,2026-01-04T23:00:00,2026-01-18T23:00:00,2026-02-15T23:00:00,,,42.0
2026-01-27 12:00:00,53.1,21.9,1.0,Tema Community 3 SSNIT Flat,tabular,seasonal_naive_336h,h336,2026-01-04T23:00:00,2026-01-18T23:00:00,2026-02-15T23:00:00,,,42.0
2026-01-27 13:00:00,40.2,15.6,1.0,Tema Community 3 SSNIT Flat,tabular,seasonal_naive_336h,h336,2026-01-04T23:00:00,2026-01-18T23:00:00,2026-02-15T23:00:00,,,42.0
2026-01-27 14:00:00,36.6,15.9,1.0,Tema Community 3 SSNIT Flat,tabular,seasonal_naive_336h,h336,2026-01-04T23:00:00,2026-01-18T23:00:00,2026-02-15T23:00:00,,,42.0
2026-01-27 15:00:00,35.9,11.6,1.0,Tema Community 3 SSNIT Flat,tabular,seasonal_naive_336h,h336,2026-01-04T23:00:00,2026-01-18T23:00:00,2026-02-15T23:00:00,,,42.0
2026-01-27 16:00:00,37.6,9.0,1.0,Tema Community 3 SSNIT Flat,tabular,seasonal_naive_336h,h336,2026-01-04T23:00:00,2026-01-18T23:00:00,2026-02-15T23:00:00,,,42.0
2026-01-27 17:00:00,36.8,9.3,1.0,Tema Community 3 SSNIT Flat,tabular,seasonal_naive_336h,h336,2026-01-04T23:00:00,2026-01-18T23:00:00,2026-02-15T23:00:00,,,42.0
2026-01-27 18:00:00,35.5,61.5,1.0,Tema Community 3 SSNIT Flat,tabular,seasonal_naive_336h,h336,2026-01-04T23:00:00,2026-01-18T23:00:00,2026-02-15T23:00:00,,,42.0
2026-01-27 19:00:00,37.1,14.1,1.0,Tema Community 3 SSNIT Flat,tabular,seasonal_naive_336h,h336,2026-01-04T23:00:00,2026-01-18T23:00:00,2026-02-15T23:00:00,,,42.0
2026-01-27 20:00:00,51.5,14.3,1.0,Tema Community 3 SSNIT Flat,tabular,seasonal_naive_336h,h336,2026-01-04T23:00:00,2026-01-18T23:00:00,2026-02-15T23:00:00,,,42.0
2026-01-27 21:00:00,37.7,13.7,1.0,Tema Community 3 SSNIT Flat,tabular,seasonal_naive_336h,h336,2026-01-04T23:00:00,2026-01-18T23:00:00,2026-02-15T23:00:00,,,42.0
2026-01-27 22:00:00,40.5,21.1,1.0,Tema Community 3 SSNIT Flat,tabular,seasonal_naive_336h,h336,2026-01-04T23:00:00,2026-01-18T23:00:00,2026-02-15T23:00:00,,,42.0
2026-01-27 23:00:00,51.8,11.9,1.0,Tema Community 3 SSNIT Flat,tabular,seasonal_naive_336h,h336,2026-01-04T23:00:00,2026-01-18T23:00:00,2026-02-15T23:00:00,,,42.0
2026-01-28 00:00:00,54.1,9.9,1.0,Tema Community 3 SSNIT Flat,tabular,seasonal_naive_336h,h336,2026-01-04T23:00:00,2026-01-18T23:00:00,2026-02-15T23:00:00,,,42.0
2026-01-28 01:00:00,51.6,34.7,1.0,Tema Community 3 SSNIT Flat,tabular,seasonal_naive_336h,h336,2026-01-04T23:00:00,2026-01-18T23:00:00,2026-02-15T23:00:00,,,42.0
2026-01-28 02:00:00,56.5,35.1,1.0,Tema Community 3 SSNIT Flat,tabular,seasonal_naive_336h,h336,2026-01-04T23:00:00,2026-01-18T23:00:00,2026-02-15T23:00:00,,,42.0
2026-01-28 03:00:00,56.1,41.0,1.0,Tema Community 3 SSNIT Flat,tabular,seasonal_naive_336h,h336,2026-01-04T23:00:00,2026-01-18T23:00:00,2026-02-15T23:00:00,,,42.0
2026-01-28 04:00:00,49.7,38.5,1.0,Tema Community 3 SSNIT Flat,tabular,seasonal_naive_336h,h336,2026-01-04T23:00:00,2026-01-18T23:00:00,2026-02-15T23:00:00,,,42.0
2026-01-28 05:00:00,47.9,40.7,1.0,Tema Community 3 SSNIT Flat,tabular,seasonal_naive_336h,h336,2026-01-04T23:00:00,2026-01-18T23:00:00,2026-02-15T23:00:00,,,42.0
2026-01-28 06:00:00,65.2,46.9,1.0,Tema Community 3 SSNIT Flat,tabular,seasonal_naive_336h,h336,2026-01-04T23:00:00,2026-01-18T23:00:00,2026-02-15T23:00:00,,,42.0
2026-01-28 07:00:00,74.0,47.2,1.0,Tema Community 3 SSNIT Flat,tabular,seasonal_naive_336h,h336,2026-01-04T23:00:00,2026-01-18T23:00:00,2026-02-15T23:00:00,,,42.0
2026-01-28 08:00:00,64.6,36.5,1.0,Tema Community 3 SSNIT Flat,tabular,seasonal_naive_336h,h336,2026-01-04T23:00:00,2026-01-18T23:00:00,2026-02-15T23:00:00,,,42.0
2026-01-28 09:00:00,47.3,24.9,1.0,Tema Community 3 SSNIT Flat,tabular,seasonal_naive_336h,h336,2026-01-04T23:00:00,2026-01-18T23:00:00,2026-02-15T23:00:00,,,42.0
2026-01-28 10:00:00,49.5,19.4,1.0,Tema Community 3 SSNIT Flat,tabular,seasonal_naive_336h,h336,2026-01-04T23:00:00,2026-01-18T23:00:00,2026-02-15T23:00:00,,,42.0
2026-01-28 11:00:00,57.6,18.2,1.0,Tema Community 3 SSNIT Flat,tabular,seasonal_naive_336h,h336,2026-01-04T23:00:00,2026-01-18T23:00:00,2026-02-15T23:00:00,,,42.0
2026-01-28 12:00:00,54.3,18.4,1.0,Tema Community 3 SSNIT Flat,tabular,seasonal_naive_336h,h336,2026-01-04T23:00:00,2026-01-18T23:00:00,2026-02-15T23:00:00,,,42.0
2026-01-28 13:00:00,54.0,16.1,1.0,Tema Community 3 SSNIT Flat,tabular,seasonal_naive_336h,h336,2026-01-04T23:00:00,2026-01-18T23:00:00,2026-02-15T23:00:00,,,42.0
2026-01-28 14:00:00,43.5,11.2,1.0,Tema Community 3 SSNIT Flat,tabular,seasonal_naive_336h,h336,2026-01-04T23:00:00,2026-01-18T23:00:00,2026-02-15T23:00:00,,,42.0
2026-01-28 15:00:00,41.0,38.2,1.0,Tema Community 3 SSNIT Flat,tabular,seasonal_naive_336h,h336,2026-01-04T23:00:00,2026-01-18T23:00:00,2026-02-15T23:00:00,,,42.0
2026-01-28 16:00:00,40.6,11.7,1.0,Tema Community 3 SSNIT Flat,tabular,seasonal_naive_336h,h336,2026-01-04T23:00:00,2026-01-18T23:00:00,2026-02-15T23:00:00,,,42.0
2026-01-28 17:00:00,42.2,10.8,1.0,Tema Community 3 SSNIT Flat,tabular,seasonal_naive_336h,h336,2026-01-04T23:00:00,2026-01-18T23:00:00,2026-02-15T23:00:00,,,42.0
2026-01-28 18:00:00,42.8,13.7,1.0,Tema Community 3 SSNIT Flat,tabular,seasonal_naive_336h,h336,2026-01-04T23:00:00,2026-01-18T23:00:00,2026-02-15T23:00:00,,,42.0
2026-01-28 19:00:00,41.9,14.1,1.0,Tema Community 3 SSNIT Flat,tabular,seasonal_naive_336h,h336,2026-01-04T23:00:00,2026-01-18T23:00:00,2026-02-15T23:00:00,,,42.0
2026-01-28 20:00:00,69.8,14.3,1.0,Tema Community 3 SSNIT Flat,tabular,seasonal_naive_336h,h336,2026-01-04T23:00:00,2026-01-18T23:00:00,2026-02-15T23:00:00,,,42.0
2026-01-28 21:00:00,39.8,14.0,1.0,Tema Community 3 SSNIT Flat,tabular,seasonal_naive_336h,h336,2026-01-04T23:00:00,2026-01-18T23:00:00,2026-02-15T23:00:00,,,42.0
2026-01-28 22:00:00,46.8,28.1,1.0,Tema Community 3 SSNIT Flat,tabular,seasonal_naive_336h,h336,2026-01-04T23:00:00,2026-01-18T23:00:00,2026-02-15T23:00:00,,,42.0
2026-01-28 23:00:00,60.9,30.6,1.0,Tema Community 3 SSNIT Flat,tabular,seasonal_naive_336h,h336,2026-01-04T23:00:00,2026-01-18T23:00:00,2026-02-15T23:00:00,,,42.0
2026-01-29 00:00:00,73.5,90.8,1.0,Tema Community 3 SSNIT Flat,tabular,seasonal_naive_336h,h336,2026-01-04T23:00:00,2026-01-18T23:00:00,2026-02-15T23:00:00,,,42.0
2026-01-29 01:00:00,60.2,77.8,1.0,Tema Community 3 SSNIT Flat,tabular,seasonal_naive_336h,h336,2026-01-04T23:00:00,2026-01-18T23:00:00,2026-02-15T23:00:00,,,42.0
2026-01-29 02:00:00,52.6,121.6,1.0,Tema Community 3 SSNIT Flat,tabular,seasonal_naive_336h,h336,2026-01-04T23:00:00,2026-01-18T23:00:00,2026-02-15T23:00:00,,,42.0
2026-01-29 03:00:00,49.3,132.4,1.0,Tema Community 3 SSNIT Flat,tabular,seasonal_naive_336h,h336,2026-01-04T23:00:00,2026-01-18T23:00:00,2026-02-15T23:00:00,,,42.0
2026-01-29 04:00:00,62.4,74.5,1.0,Tema Community 3 SSNIT Flat,tabular,seasonal_naive_336h,h336,2026-01-04T23:00:00,2026-01-18T23:00:00,2026-02-15T23:00:00,,,42.0
2026-01-29 05:00:00,74.6,54.6,1.0,Tema Community 3 SSNIT Flat,tabular,seasonal_naive_336h,h336,2026-01-04T23:00:00,2026-01-18T23:00:00,2026-02-15T23:00:00,,,42.0
2026-01-29 06:00:00,76.4,45.0,1.0,Tema Community 3 SSNIT Flat,tabular,seasonal_naive_336h,h336,2026-01-04T23:00:00,2026-01-18T23:00:00,2026-02-15T23:00:00,,,42.0
2026-01-29 07:00:00,66.4,39.7,1.0,Tema Community 3 SSNIT Flat,tabular,seasonal_naive_336h,h336,2026-01-04T23:00:00,2026-01-18T23:00:00,2026-02-15T23:00:00,,,42.0
2026-01-29 08:00:00,61.4,44.5,1.0,Tema Community 3 SSNIT Flat,tabular,seasonal_naive_336h,h336,2026-01-04T23:00:00,2026-01-18T23:00:00,2026-02-15T23:00:00,,,42.0
2026-01-29 09:00:00,54.7,36.2,1.0,Tema Community 3 SSNIT Flat,tabular,seasonal_naive_336h,h336,2026-01-04T23:00:00,2026-01-18T23:00:00,2026-02-15T23:00:00,,,42.0
2026-01-29 10:00:00,54.4,27.6,1.0,Tema Community 3 SSNIT Flat,tabular,seasonal_naive_336h,h336,2026-01-04T23:00:00,2026-01-18T23:00:00,2026-02-15T23:00:00,,,42.0
2026-01-29 11:00:00,54.3,28.6,1.0,Tema Community 3 SSNIT Flat,tabular,seasonal_naive_336h,h336,2026-01-04T23:00:00,2026-01-18T23:00:00,2026-02-15T23:00:00,,,42.0
2026-01-29 12:00:00,48.4,35.4,1.0,Tema Community 3 SSNIT Flat,tabular,seasonal_naive_336h,h336,2026-01-04T23:00:00,2026-01-18T23:00:00,2026-02-15T23:00:00,,,42.0
2026-01-29 13:00:00,40.4,23.6,1.0,Tema Community 3 SSNIT Flat,tabular,seasonal_naive_336h,h336,2026-01-04T23:00:00,2026-01-18T23:00:00,2026-02-15T23:00:00,,,42.0
2026-01-29 14:00:00,40.1,26.2,1.0,Tema Community 3 SSNIT Flat,tabular,seasonal_naive_336h,h336,2026-01-04T23:00:00,2026-01-18T23:00:00,2026-02-15T23:00:00,,,42.0
2026-01-29 15:00:00,51.5,27.5,1.0,Tema Community 3 SSNIT Flat,tabular,seasonal_naive_336h,h336,2026-01-04T23:00:00,2026-01-18T23:00:00,2026-02-15T23:00:00,,,42.0
2026-01-29 16:00:00,42.4,23.5,1.0,Tema Community 3 SSNIT Flat,tabular,seasonal_naive_336h,h336,2026-01-04T23:00:00,2026-01-18T23:00:00,2026-02-15T23:00:00,,,42.0
2026-01-29 17:00:00,53.7,18.2,1.0,Tema Community 3 SSNIT Flat,tabular,seasonal_naive_336h,h336,2026-01-04T23:00:00,2026-01-18T23:00:00,2026-02-15T23:00:00,,,42.0
2026-01-29 18:00:00,39.2,46.7,1.0,Tema Community 3 SSNIT Flat,tabular,seasonal_naive_336h,h336,2026-01-04T23:00:00,2026-01-18T23:00:00,2026-02-15T23:00:00,,,42.0
2026-01-29 19:00:00,39.0,44.5,1.0,Tema Community 3 SSNIT Flat,tabular,seasonal_naive_336h,h336,2026-01-04T23:00:00,2026-01-18T23:00:00,2026-02-15T23:00:00,,,42.0
2026-01-29 20:00:00,38.6,34.0,1.0,Tema Community 3 SSNIT Flat,tabular,seasonal_naive_336h,h336,2026-01-04T23:00:00,2026-01-18T23:00:00,2026-02-15T23:00:00,,,42.0
2026-01-29 21:00:00,38.1,29.6,1.0,Tema Community 3 SSNIT Flat,tabular,seasonal_naive_336h,h336,2026-01-04T23:00:00,2026-01-18T23:00:00,2026-02-15T23:00:00,,,42.0
2026-01-29 22:00:00,37.7,27.2,1.0,Tema Community 3 SSNIT Flat,tabular,seasonal_naive_336h,h336,2026-01-04T23:00:00,2026-01-18T23:00:00,2026-02-15T23:00:00,,,42.0
2026-01-29 23:00:00,40.7,34.1,1.0,Tema Community 3 SSNIT Flat,tabular,seasonal_naive_336h,h336,2026-01-04T23:00:00,2026-01-18T23:00:00,2026-02-15T23:00:00,,,42.0
2026-01-30 00:00:00,41.1,61.8,1.0,Tema Community 3 SSNIT Flat,tabular,seasonal_naive_336h,h336,2026-01-04T23:00:00,2026-01-18T23:00:00,2026-02-15T23:00:00,,,42.0
2026-01-30 01:00:00,41.3,38.5,1.0,Tema Community 3 SSNIT Flat,tabular,seasonal_naive_336h,h336,2026-01-04T23:00:00,2026-01-18T23:00:00,2026-02-15T23:00:00,,,42.0
2026-01-30 02:00:00,42.6,35.0,1.0,Tema Community 3 SSNIT Flat,tabular,seasonal_naive_336h,h336,2026-01-04T23:00:00,2026-01-18T23:00:00,2026-02-15T23:00:00,,,42.0
2026-01-30 03:00:00,43.5,34.8,1.0,Tema Community 3 SSNIT Flat,tabular,seasonal_naive_336h,h336,2026-01-04T23:00:00,2026-01-18T23:00:00,2026-02-15T23:00:00,,,42.0
2026-01-30 04:00:00,49.0,41.1,1.0,Tema Community 3 SSNIT Flat,tabular,seasonal_naive_336h,h336,2026-01-04T23:00:00,2026-01-18T23:00:00,2026-02-15T23:00:00,,,42.0
2026-01-30 05:00:00,57.2,34.8,1.0,Tema Community 3 SSNIT Flat,tabular,seasonal_naive_336h,h336,2026-01-04T23:00:00,2026-01-18T23:00:00,2026-02-15T23:00:00,,,42.0
2026-01-30 06:00:00,61.6,41.8,1.0,Tema Community 3 SSNIT Flat,tabular,seasonal_naive_336h,h336,2026-01-04T23:00:00,2026-01-18T23:00:00,2026-02-15T23:00:00,,,42.0
2026-01-30 07:00:00,62.4,40.3,1.0,Tema Community 3 SSNIT Flat,tabular,seasonal_naive_336h,h336,2026-01-04T23:00:00,2026-01-18T23:00:00,2026-02-15T23:00:00,,,42.0
2026-01-30 08:00:00,56.1,38.8,1.0,Tema Community 3 SSNIT Flat,tabular,seasonal_naive_336h,h336,2026-01-04T23:00:00,2026-01-18T23:00:00,2026-02-15T23:00:00,,,42.0
2026-01-30 09:00:00,48.8,28.6,1.0,Tema Community 3 SSNIT Flat,tabular,seasonal_naive_336h,h336,2026-01-04T23:00:00,2026-01-18T23:00:00,2026-02-15T23:00:00,,,42.0
2026-01-30 10:00:00,47.2,23.7,1.0,Tema Community 3 SSNIT Flat,tabular,seasonal_naive_336h,h336,2026-01-04T23:00:00,2026-01-18T23:00:00,2026-02-15T23:00:00,,,42.0
2026-01-30 11:00:00,44.2,20.0,1.0,Tema Community 3 SSNIT Flat,tabular,seasonal_naive_336h,h336,2026-01-04T23:00:00,2026-01-18T23:00:00,2026-02-15T23:00:00,,,42.0
2026-01-30 12:00:00,43.7,20.0,1.0,Tema Community 3 SSNIT Flat,tabular,seasonal_naive_336h,h336,2026-01-04T23:00:00,2026-01-18T23:00:00,2026-02-15T23:00:00,,,42.0
2026-01-30 13:00:00,40.8,20.3,1.0,Tema Community 3 SSNIT Flat,tabular,seasonal_naive_336h,h336,2026-01-04T23:00:00,2026-01-18T23:00:00,2026-02-15T23:00:00,,,42.0
2026-01-30 14:00:00,37.1,19.1,1.0,Tema Community 3 SSNIT Flat,tabular,seasonal_naive_336h,h336,2026-01-04T23:00:00,2026-01-18T23:00:00,2026-02-15T23:00:00,,,42.0
2026-01-30 15:00:00,36.9,20.8,1.0,Tema Community 3 SSNIT Flat,tabular,seasonal_naive_336h,h336,2026-01-04T23:00:00,2026-01-18T23:00:00,2026-02-15T23:00:00,,,42.0
2026-01-30 16:00:00,36.2,21.5,1.0,Tema Community 3 SSNIT Flat,tabular,seasonal_naive_336h,h336,2026-01-04T23:00:00,2026-01-18T23:00:00,2026-02-15T23:00:00,,,42.0
2026-01-30 17:00:00,37.2,20.7,1.0,Tema Community 3 SSNIT Flat,tabular,seasonal_naive_336h,h336,2026-01-04T23:00:00,2026-01-18T23:00:00,2026-02-15T23:00:00,,,42.0
2026-01-30 18:00:00,41.1,20.1,1.0,Tema Community 3 SSNIT Flat,tabular,seasonal_naive_336h,h336,2026-01-04T23:00:00,2026-01-18T23:00:00,2026-02-15T23:00:00,,,42.0
2026-01-30 19:00:00,39.6,6.5,1.0,Tema Community 3 SSNIT Flat,tabular,seasonal_naive_336h,h336,2026-01-04T23:00:00,2026-01-18T23:00:00,2026-02-15T23:00:00,,,42.0
2026-01-30 20:00:00,38.9,7.2,1.0,Tema Community 3 SSNIT Flat,tabular,seasonal_naive_336h,h336,2026-01-04T23:00:00,2026-01-18T23:00:00,2026-02-15T23:00:00,,,42.0
2026-01-30 21:00:00,37.8,5.6,1.0,Tema Community 3 SSNIT Flat,tabular,seasonal_naive_336h,h336,2026-01-04T23:00:00,2026-01-18T23:00:00,2026-02-15T23:00:00,,,42.0
2026-01-30 22:00:00,38.5,11.1,1.0,Tema Community 3 SSNIT Flat,tabular,seasonal_naive_336h,h336,2026-01-04T23:00:00,2026-01-18T23:00:00,2026-02-15T23:00:00,,,42.0
2026-01-30 23:00:00,40.4,6.4,1.0,Tema Community 3 SSNIT Flat,tabular,seasonal_naive_336h,h336,2026-01-04T23:00:00,2026-01-18T23:00:00,2026-02-15T23:00:00,,,42.0
2026-01-31 00:00:00,41.4,3.3,1.0,Tema Community 3 SSNIT Flat,tabular,seasonal_naive_336h,h336,2026-01-04T23:00:00,2026-01-18T23:00:00,2026-02-15T23:00:00,,,42.0
2026-01-31 01:00:00,39.4,8.7,1.0,Tema Community 3 SSNIT Flat,tabular,seasonal_naive_336h,h336,2026-01-04T23:00:00,2026-01-18T23:00:00,2026-02-15T23:00:00,,,42.0
2026-01-31 02:00:00,39.0,40.4,1.0,Tema Community 3 SSNIT Flat,tabular,seasonal_naive_336h,h336,2026-01-04T23:00:00,2026-01-18T23:00:00,2026-02-15T23:00:00,,,42.0
2026-01-31 03:00:00,43.4,34.0,1.0,Tema Community 3 SSNIT Flat,tabular,seasonal_naive_336h,h336,2026-01-04T23:00:00,2026-01-18T23:00:00,2026-02-15T23:00:00,,,42.0
2026-01-31 04:00:00,47.5,35.1,1.0,Tema Community 3 SSNIT Flat,tabular,seasonal_naive_336h,h336,2026-01-04T23:00:00,2026-01-18T23:00:00,2026-02-15T23:00:00,,,42.0
2026-01-31 05:00:00,44.0,54.0,1.0,Tema Community 3 SSNIT Flat,tabular,seasonal_naive_336h,h336,2026-01-04T23:00:00,2026-01-18T23:00:00,2026-02-15T23:00:00,,,42.0
2026-01-31 06:00:00,51.8,49.8,1.0,Tema Community 3 SSNIT Flat,tabular,seasonal_naive_336h,h336,2026-01-04T23:00:00,2026-01-18T23:00:00,2026-02-15T23:00:00,,,42.0
2026-01-31 07:00:00,58.9,48.5,1.0,Tema Community 3 SSNIT Flat,tabular,seasonal_naive_336h,h336,2026-01-04T23:00:00,2026-01-18T23:00:00,2026-02-15T23:00:00,,,42.0
2026-01-31 08:00:00,49.9,42.4,1.0,Tema Community 3 SSNIT Flat,tabular,seasonal_naive_336h,h336,2026-01-04T23:00:00,2026-01-18T23:00:00,2026-02-15T23:00:00,,,42.0
2026-01-31 09:00:00,45.7,30.0,1.0,Tema Community 3 SSNIT Flat,tabular,seasonal_naive_336h,h336,2026-01-04T23:00:00,2026-01-18T23:00:00,2026-02-15T23:00:00,,,42.0
2026-01-31 10:00:00,43.7,20.7,1.0,Tema Community 3 SSNIT Flat,tabular,seasonal_naive_336h,h336,2026-01-04T23:00:00,2026-01-18T23:00:00,2026-02-15T23:00:00,,,42.0
2026-01-31 11:00:00,41.3,12.2,1.0,Tema Community 3 SSNIT Flat,tabular,seasonal_naive_336h,h336,2026-01-04T23:00:00,2026-01-18T23:00:00,2026-02-15T23:00:00,,,42.0
2026-01-31 12:00:00,37.0,7.8,1.0,Tema Community 3 SSNIT Flat,tabular,seasonal_naive_336h,h336,2026-01-04T23:00:00,2026-01-18T23:00:00,2026-02-15T23:00:00,,,42.0
2026-01-31 13:00:00,37.2,4.7,1.0,Tema Community 3 SSNIT Flat,tabular,seasonal_naive_336h,h336,2026-01-04T23:00:00,2026-01-18T23:00:00,2026-02-15T23:00:00,,,42.0
2026-01-31 14:00:00,35.8,2.8,1.0,Tema Community 3 SSNIT Flat,tabular,seasonal_naive_336h,h336,2026-01-04T23:00:00,2026-01-18T23:00:00,2026-02-15T23:00:00,,,42.0
2026-01-31 15:00:00,34.8,33.9,1.0,Tema Community 3 SSNIT Flat,tabular,seasonal_naive_336h,h336,2026-01-04T23:00:00,2026-01-18T23:00:00,2026-02-15T23:00:00,,,42.0
2026-01-31 16:00:00,33.0,19.8,1.0,Tema Community 3 SSNIT Flat,tabular,seasonal_naive_336h,h336,2026-01-04T23:00:00,2026-01-18T23:00:00,2026-02-15T23:00:00,,,42.0
2026-01-31 17:00:00,33.2,4.2,1.0,Tema Community 3 SSNIT Flat,tabular,seasonal_naive_336h,h336,2026-01-04T23:00:00,2026-01-18T23:00:00,2026-02-15T23:00:00,,,42.0
2026-01-31 18:00:00,32.7,10.0,1.0,Tema Community 3 SSNIT Flat,tabular,seasonal_naive_336h,h336,2026-01-04T23:00:00,2026-01-18T23:00:00,2026-02-15T23:00:00,,,42.0
2026-01-31 19:00:00,34.2,4.9,1.0,Tema Community 3 SSNIT Flat,tabular,seasonal_naive_336h,h336,2026-01-04T23:00:00,2026-01-18T23:00:00,2026-02-15T23:00:00,,,42.0
2026-01-31 20:00:00,35.0,4.5,1.0,Tema Community 3 SSNIT Flat,tabular,seasonal_naive_336h,h336,2026-01-04T23:00:00,2026-01-18T23:00:00,2026-02-15T23:00:00,,,42.0
2026-01-31 21:00:00,34.1,3.9,1.0,Tema Community 3 SSNIT Flat,tabular,seasonal_naive_336h,h336,2026-01-04T23:00:00,2026-01-18T23:00:00,2026-02-15T23:00:00,,,42.0
2026-01-31 22:00:00,32.8,3.4,1.0,Tema Community 3 SSNIT Flat,tabular,seasonal_naive_336h,h336,2026-01-04T23:00:00,2026-01-18T23:00:00,2026-02-15T23:00:00,,,42.0
2026-01-31 23:00:00,33.7,3.2,1.0,Tema Community 3 SSNIT Flat,tabular,seasonal_naive_336h,h336,2026-01-04T23:00:00,2026-01-18T23:00:00,2026-02-15T23:00:00,,,42.0
2026-02-01 00:00:00,35.3,3.9,1.0,Tema Community 3 SSNIT Flat,tabular,seasonal_naive_336h,h336,2026-01-04T23:00:00,2026-01-18T23:00:00,2026-02-15T23:00:00,,,42.0
2026-02-01 01:00:00,36.4,3.7,1.0,Tema Community 3 SSNIT Flat,tabular,seasonal_naive_336h,h336,2026-01-04T23:00:00,2026-01-18T23:00:00,2026-02-15T23:00:00,,,42.0
2026-02-01 02:00:00,34.0,3.7,1.0,Tema Community 3 SSNIT Flat,tabular,seasonal_naive_336h,h336,2026-01-04T23:00:00,2026-01-18T23:00:00,2026-02-15T23:00:00,,,42.0
2026-02-01 03:00:00,31.4,6.5,1.0,Tema Community 3 SSNIT Flat,tabular,seasonal_naive_336h,h336,2026-01-04T23:00:00,2026-01-18T23:00:00,2026-02-15T23:00:00,,,42.0
2026-02-01 04:00:00,31.2,37.2,1.0,Tema Community 3 SSNIT Flat,tabular,seasonal_naive_336h,h336,2026-01-04T23:00:00,2026-01-18T23:00:00,2026-02-15T23:00:00,,,42.0
2026-02-01 05:00:00,31.0,44.0,1.0,Tema Community 3 SSNIT Flat,tabular,seasonal_naive_336h,h336,2026-01-04T23:00:00,2026-01-18T23:00:00,2026-02-15T23:00:00,,,42.0
2026-02-01 06:00:00,58.1,29.6,1.0,Tema Community 3 SSNIT Flat,tabular,seasonal_naive_336h,h336,2026-01-04T23:00:00,2026-01-18T23:00:00,2026-02-15T23:00:00,,,42.0
2026-02-01 07:00:00,76.1,46.0,1.0,Tema Community 3 SSNIT Flat,tabular,seasonal_naive_336h,h336,2026-01-04T23:00:00,2026-01-18T23:00:00,2026-02-15T23:00:00,,,42.0
2026-02-01 08:00:00,47.9,32.9,1.0,Tema Community 3 SSNIT Flat,tabular,seasonal_naive_336h,h336,2026-01-04T23:00:00,2026-01-18T23:00:00,2026-02-15T23:00:00,,,42.0
2026-02-01 09:00:00,46.1,13.5,1.0,Tema Community 3 SSNIT Flat,tabular,seasonal_naive_336h,h336,2026-01-04T23:00:00,2026-01-18T23:00:00,2026-02-15T23:00:00,,,42.0
2026-02-01 10:00:00,37.4,5.4,1.0,Tema Community 3 SSNIT Flat,tabular,seasonal_naive_336h,h336,2026-01-04T23:00:00,2026-01-18T23:00:00,2026-02-15T23:00:00,,,42.0
2026-02-01 11:00:00,34.6,5.3,1.0,Tema Community 3 SSNIT Flat,tabular,seasonal_naive_336h,h336,2026-01-04T23:00:00,2026-01-18T23:00:00,2026-02-15T23:00:00,,,42.0
2026-02-01 12:00:00,31.4,5.4,1.0,Tema Community 3 SSNIT Flat,tabular,seasonal_naive_336h,h336,2026-01-04T23:00:00,2026-01-18T23:00:00,2026-02-15T23:00:00,,,42.0
2026-02-01 13:00:00,29.9,4.1,1.0,Tema Community 3 SSNIT Flat,tabular,seasonal_naive_336h,h336,2026-01-04T23:00:00,2026-01-18T23:00:00,2026-02-15T23:00:00,,,42.0
2026-02-01 14:00:00,29.6,4.0,1.0,Tema Community 3 SSNIT Flat,tabular,seasonal_naive_336h,h336,2026-01-04T23:00:00,2026-01-18T23:00:00,2026-02-15T23:00:00,,,42.0
2026-02-01 15:00:00,32.2,3.9,1.0,Tema Community 3 SSNIT Flat,tabular,seasonal_naive_336h,h336,2026-01-04T23:00:00,2026-01-18T23:00:00,2026-02-15T23:00:00,,,42.0
2026-02-01 16:00:00,33.4,37.9,1.0,Tema Community 3 SSNIT Flat,tabular,seasonal_naive_336h,h336,2026-01-04T23:00:00,2026-01-18T23:00:00,2026-02-15T23:00:00,,,42.0
2026-02-01 17:00:00,33.6,13.9,1.0,Tema Community 3 SSNIT Flat,tabular,seasonal_naive_336h,h336,2026-01-04T23:00:00,2026-01-18T23:00:00,2026-02-15T23:00:00,,,42.0
2026-02-01 18:00:00,33.9,5.8,1.0,Tema Community 3 SSNIT Flat,tabular,seasonal_naive_336h,h336,2026-01-04T23:00:00,2026-01-18T23:00:00,2026-02-15T23:00:00,,,42.0
2026-02-01 19:00:00,33.6,9.3,1.0,Tema Community 3 SSNIT Flat,tabular,seasonal_naive_336h,h336,2026-01-04T23:00:00,2026-01-18T23:00:00,2026-02-15T23:00:00,,,42.0
2026-02-01 20:00:00,33.4,9.7,1.0,Tema Community 3 SSNIT Flat,tabular,seasonal_naive_336h,h336,2026-01-04T23:00:00,2026-01-18T23:00:00,2026-02-15T23:00:00,,,42.0
2026-02-01 21:00:00,34.3,6.9,1.0,Tema Community 3 SSNIT Flat,tabular,seasonal_naive_336h,h336,2026-01-04T23:00:00,2026-01-18T23:00:00,2026-02-15T23:00:00,,,42.0
2026-02-01 22:00:00,30.9,10.4,1.0,Tema Community 3 SSNIT Flat,tabular,seasonal_naive_336h,h336,2026-01-04T23:00:00,2026-01-18T23:00:00,2026-02-15T23:00:00,,,42.0
2026-02-01 23:00:00,34.5,28.2,1.0,Tema Community 3 SSNIT Flat,tabular,seasonal_naive_336h,h336,2026-01-04T23:00:00,2026-01-18T23:00:00,2026-02-15T23:00:00,,,42.0
2026-02-02 00:00:00,41.4,34.3,1.0,Tema Community 3 SSNIT Flat,tabular,seasonal_naive_336h,h336,2026-01-04T23:00:00,2026-01-18T23:00:00,2026-02-15T23:00:00,,,42.0
2026-02-02 01:00:00,36.0,37.8,1.0,Tema Community 3 SSNIT Flat,tabular,seasonal_naive_336h,h336,2026-01-04T23:00:00,2026-01-18T23:00:00,2026-02-15T23:00:00,,,42.0
2026-02-02 02:00:00,34.9,39.5,1.0,Tema Community 3 SSNIT Flat,tabular,seasonal_naive_336h,h336,2026-01-04T23:00:00,2026-01-18T23:00:00,2026-02-15T23:00:00,,,42.0
2026-02-02 03:00:00,31.2,36.4,1.0,Tema Community 3 SSNIT Flat,tabular,seasonal_naive_336h,h336,2026-01-04T23:00:00,2026-01-18T23:00:00,2026-02-15T23:00:00,,,42.0
2026-02-02 04:00:00,41.0,41.4,1.0,Tema Community 3 SSNIT Flat,tabular,seasonal_naive_336h,h336,2026-01-04T23:00:00,2026-01-18T23:00:00,2026-02-15T23:00:00,,,42.0
2026-02-02 05:00:00,34.9,79.2,1.0,Tema Community 3 SSNIT Flat,tabular,seasonal_naive_336h,h336,2026-01-04T23:00:00,2026-01-18T23:00:00,2026-02-15T23:00:00,,,42.0
2026-02-02 06:00:00,49.7,39.3,1.0,Tema Community 3 SSNIT Flat,tabular,seasonal_naive_336h,h336,2026-01-04T23:00:00,2026-01-18T23:00:00,2026-02-15T23:00:00,,,42.0
2026-02-02 07:00:00,62.9,37.3,1.0,Tema Community 3 SSNIT Flat,tabular,seasonal_naive_336h,h336,2026-01-04T23:00:00,2026-01-18T23:00:00,2026-02-15T23:00:00,,,42.0
2026-02-02 08:00:00,51.4,29.3,1.0,Tema Community 3 SSNIT Flat,tabular,seasonal_naive_336h,h336,2026-01-04T23:00:00,2026-01-18T23:00:00,2026-02-15T23:00:00,,,42.0
2026-02-02 09:00:00,40.0,30.8,1.0,Tema Community 3 SSNIT Flat,tabular,seasonal_naive_336h,h336,2026-01-04T23:00:00,2026-01-18T23:00:00,2026-02-15T23:00:00,,,42.0
2026-02-02 10:00:00,40.5,32.3,1.0,Tema Community 3 SSNIT Flat,tabular,seasonal_naive_336h,h336,2026-01-04T23:00:00,2026-01-18T23:00:00,2026-02-15T23:00:00,,,42.0
2026-02-02 11:00:00,29.2,22.1,1.0,Tema Community 3 SSNIT Flat,tabular,seasonal_naive_336h,h336,2026-01-04T23:00:00,2026-01-18T23:00:00,2026-02-15T23:00:00,,,42.0
2026-02-02 12:00:00,27.9,19.5,1.0,Tema Community 3 SSNIT Flat,tabular,seasonal_naive_336h,h336,2026-01-04T23:00:00,2026-01-18T23:00:00,2026-02-15T23:00:00,,,42.0
2026-02-02 13:00:00,25.7,9.0,1.0,Tema Community 3 SSNIT Flat,tabular,seasonal_naive_336h,h336,2026-01-04T23:00:00,2026-01-18T23:00:00,2026-02-15T23:00:00,,,42.0
2026-02-02 14:00:00,27.2,8.8,1.0,Tema Community 3 SSNIT Flat,tabular,seasonal_naive_336h,h336,2026-01-04T23:00:00,2026-01-18T23:00:00,2026-02-15T23:00:00,,,42.0
2026-02-02 15:00:00,30.9,10.5,1.0,Tema Community 3 SSNIT Flat,tabular,seasonal_naive_336h,h336,2026-01-04T23:00:00,2026-01-18T23:00:00,2026-02-15T23:00:00,,,42.0
2026-02-02 16:00:00,82.6,9.8,1.0,Tema Community 3 SSNIT Flat,tabular,seasonal_naive_336h,h336,2026-01-04T23:00:00,2026-01-18T23:00:00,2026-02-15T23:00:00,,,42.0
2026-02-02 17:00:00,71.2,15.4,1.0,Tema Community 3 SSNIT Flat,tabular,seasonal_naive_336h,h336,2026-01-04T23:00:00,2026-01-18T23:00:00,2026-02-15T23:00:00,,,42.0
2026-02-02 18:00:00,42.7,23.3,1.0,Tema Community 3 SSNIT Flat,tabular,seasonal_naive_336h,h336,2026-01-04T23:00:00,2026-01-18T23:00:00,2026-02-15T23:00:00,,,42.0
2026-02-02 19:00:00,45.2,19.9,1.0,Tema Community 3 SSNIT Flat,tabular,seasonal_naive_336h,h336,2026-01-04T23:00:00,2026-01-18T23:00:00,2026-02-15T23:00:00,,,42.0
2026-02-02 20:00:00,53.0,17.4,1.0,Tema Community 3 SSNIT Flat,tabular,seasonal_naive_336h,h336,2026-01-04T23:00:00,2026-01-18T23:00:00,2026-02-15T23:00:00,,,42.0
2026-02-02 21:00:00,40.7,22.8,1.0,Tema Community 3 SSNIT Flat,tabular,seasonal_naive_336h,h336,2026-01-04T23:00:00,2026-01-18T23:00:00,2026-02-15T23:00:00,,,42.0
2026-02-02 22:00:00,40.6,22.2,1.0,Tema Community 3 SSNIT Flat,tabular,seasonal_naive_336h,h336,2026-01-04T23:00:00,2026-01-18T23:00:00,2026-02-15T23:00:00,,,42.0
2026-02-02 23:00:00,47.5,22.4,1.0,Tema Community 3 SSNIT Flat,tabular,seasonal_naive_336h,h336,2026-01-04T23:00:00,2026-01-18T23:00:00,2026-02-15T23:00:00,,,42.0
2026-02-03 00:00:00,62.5,33.6,1.0,Tema Community 3 SSNIT Flat,tabular,seasonal_naive_336h,h336,2026-01-04T23:00:00,2026-01-18T23:00:00,2026-02-15T23:00:00,,,42.0
2026-02-03 01:00:00,57.0,36.2,1.0,Tema Community 3 SSNIT Flat,tabular,seasonal_naive_336h,h336,2026-01-04T23:00:00,2026-01-18T23:00:00,2026-02-15T23:00:00,,,42.0
2026-02-03 02:00:00,51.9,35.7,1.0,Tema Community 3 SSNIT Flat,tabular,seasonal_naive_336h,h336,2026-01-04T23:00:00,2026-01-18T23:00:00,2026-02-15T23:00:00,,,42.0
2026-02-03 03:00:00,54.5,36.7,1.0,Tema Community 3 SSNIT Flat,tabular,seasonal_naive_336h,h336,2026-01-04T23:00:00,2026-01-18T23:00:00,2026-02-15T23:00:00,,,42.0
2026-02-03 04:00:00,44.8,33.2,1.0,Tema Community 3 SSNIT Flat,tabular,seasonal_naive_336h,h336,2026-01-04T23:00:00,2026-01-18T23:00:00,2026-02-15T23:00:00,,,42.0
2026-02-03 05:00:00,61.1,30.7,1.0,Tema Community 3 SSNIT Flat,tabular,seasonal_naive_336h,h336,2026-01-04T23:00:00,2026-01-18T23:00:00,2026-02-15T23:00:00,,,42.0
2026-02-03 06:00:00,56.0,33.2,1.0,Tema Community 3 SSNIT Flat,tabular,seasonal_naive_336h,h336,2026-01-04T23:00:00,2026-01-18T23:00:00,2026-02-15T23:00:00,,,42.0
2026-02-03 07:00:00,66.6,35.6,1.0,Tema Community 3 SSNIT Flat,tabular,seasonal_naive_336h,h336,2026-01-04T23:00:00,2026-01-18T23:00:00,2026-02-15T23:00:00,,,42.0
2026-02-03 08:00:00,41.9,33.6,1.0,Tema Community 3 SSNIT Flat,tabular,seasonal_naive_336h,h336,2026-01-04T23:00:00,2026-01-18T23:00:00,2026-02-15T23:00:00,,,42.0
2026-02-03 09:00:00,44.2,32.1,1.0,Tema Community 3 SSNIT Flat,tabular,seasonal_naive_336h,h336,2026-01-04T23:00:00,2026-01-18T23:00:00,2026-02-15T23:00:00,,,42.0
2026-02-03 10:00:00,58.0,31.8,1.0,Tema Community 3 SSNIT Flat,tabular,seasonal_naive_336h,h336,2026-01-04T23:00:00,2026-01-18T23:00:00,2026-02-15T23:00:00,,,42.0
2026-02-03 11:00:00,56.5,28.0,1.0,Tema Community 3 SSNIT Flat,tabular,seasonal_naive_336h,h336,2026-01-04T23:00:00,2026-01-18T23:00:00,2026-02-15T23:00:00,,,42.0
2026-02-03 12:00:00,46.7,23.2,1.0,Tema Community 3 SSNIT Flat,tabular,seasonal_naive_336h,h336,2026-01-04T23:00:00,2026-01-18T23:00:00,2026-02-15T23:00:00,,,42.0
2026-02-03 13:00:00,26.5,21.5,1.0,Tema Community 3 SSNIT Flat,tabular,seasonal_naive_336h,h336,2026-01-04T23:00:00,2026-01-18T23:00:00,2026-02-15T23:00:00,,,42.0
2026-02-03 14:00:00,34.7,18.7,1.0,Tema Community 3 SSNIT Flat,tabular,seasonal_naive_336h,h336,2026-01-04T23:00:00,2026-01-18T23:00:00,2026-02-15T23:00:00,,,42.0
2026-02-03 15:00:00,29.0,16.9,1.0,Tema Community 3 SSNIT Flat,tabular,seasonal_naive_336h,h336,2026-01-04T23:00:00,2026-01-18T23:00:00,2026-02-15T23:00:00,,,42.0
2026-02-03 16:00:00,36.1,17.1,1.0,Tema Community 3 SSNIT Flat,tabular,seasonal_naive_336h,h336,2026-01-04T23:00:00,2026-01-18T23:00:00,2026-02-15T23:00:00,,,42.0
2026-02-03 17:00:00,26.1,20.8,1.0,Tema Community 3 SSNIT Flat,tabular,seasonal_naive_336h,h336,2026-01-04T23:00:00,2026-01-18T23:00:00,2026-02-15T23:00:00,,,42.0
2026-02-03 18:00:00,39.8,22.6,1.0,Tema Community 3 SSNIT Flat,tabular,seasonal_naive_336h,h336,2026-01-04T23:00:00,2026-01-18T23:00:00,2026-02-15T23:00:00,,,42.0
2026-02-03 19:00:00,59.4,21.8,1.0,Tema Community 3 SSNIT Flat,tabular,seasonal_naive_336h,h336,2026-01-04T23:00:00,2026-01-18T23:00:00,2026-02-15T23:00:00,,,42.0
2026-02-03 20:00:00,76.5,20.2,1.0,Tema Community 3 SSNIT Flat,tabular,seasonal_naive_336h,h336,2026-01-04T23:00:00,2026-01-18T23:00:00,2026-02-15T23:00:00,,,42.0
2026-02-03 21:00:00,77.8,20.5,1.0,Tema Community 3 SSNIT Flat,tabular,seasonal_naive_336h,h336,2026-01-04T23:00:00,2026-01-18T23:00:00,2026-02-15T23:00:00,,,42.0
2026-02-03 22:00:00,56.3,21.0,1.0,Tema Community 3 SSNIT Flat,tabular,seasonal_naive_336h,h336,2026-01-04T23:00:00,2026-01-18T23:00:00,2026-02-15T23:00:00,,,42.0
2026-02-03 23:00:00,66.2,21.7,1.0,Tema Community 3 SSNIT Flat,tabular,seasonal_naive_336h,h336,2026-01-04T23:00:00,2026-01-18T23:00:00,2026-02-15T23:00:00,,,42.0
2026-02-04 00:00:00,55.9,23.0,1.0,Tema Community 3 SSNIT Flat,tabular,seasonal_naive_336h,h336,2026-01-04T23:00:00,2026-01-18T23:00:00,2026-02-15T23:00:00,,,42.0
2026-02-04 01:00:00,56.0,22.8,1.0,Tema Community 3 SSNIT Flat,tabular,seasonal_naive_336h,h336,2026-01-04T23:00:00,2026-01-18T23:00:00,2026-02-15T23:00:00,,,42.0
2026-02-04 02:00:00,43.0,26.5,1.0,Tema Community 3 SSNIT Flat,tabular,seasonal_naive_336h,h336,2026-01-04T23:00:00,2026-01-18T23:00:00,2026-02-15T23:00:00,,,42.0
2026-02-04 03:00:00,49.6,42.6,1.0,Tema Community 3 SSNIT Flat,tabular,seasonal_naive_336h,h336,2026-01-04T23:00:00,2026-01-18T23:00:00,2026-02-15T23:00:00,,,42.0
2026-02-04 04:00:00,59.0,34.7,1.0,Tema Community 3 SSNIT Flat,tabular,seasonal_naive_336h,h336,2026-01-04T23:00:00,2026-01-18T23:00:00,2026-02-15T23:00:00,,,42.0
2026-02-04 05:00:00,97.2,34.3,1.0,Tema Community 3 SSNIT Flat,tabular,seasonal_naive_336h,h336,2026-01-04T23:00:00,2026-01-18T23:00:00,2026-02-15T23:00:00,,,42.0
2026-02-04 06:00:00,80.1,44.5,1.0,Tema Community 3 SSNIT Flat,tabular,seasonal_naive_336h,h336,2026-01-04T23:00:00,2026-01-18T23:00:00,2026-02-15T23:00:00,,,42.0
2026-02-04 07:00:00,91.6,47.4,1.0,Tema Community 3 SSNIT Flat,tabular,seasonal_naive_336h,h336,2026-01-04T23:00:00,2026-01-18T23:00:00,2026-02-15T23:00:00,,,42.0
2026-02-04 08:00:00,46.5,39.3,1.0,Tema Community 3 SSNIT Flat,tabular,seasonal_naive_336h,h336,2026-01-04T23:00:00,2026-01-18T23:00:00,2026-02-15T23:00:00,,,42.0
2026-02-04 09:00:00,47.7,34.2,1.0,Tema Community 3 SSNIT Flat,tabular,seasonal_naive_336h,h336,2026-01-04T23:00:00,2026-01-18T23:00:00,2026-02-15T23:00:00,,,42.0
2026-02-04 10:00:00,47.3,30.3,1.0,Tema Community 3 SSNIT Flat,tabular,seasonal_naive_336h,h336,2026-01-04T23:00:00,2026-01-18T23:00:00,2026-02-15T23:00:00,,,42.0
2026-02-04 11:00:00,40.1,23.9,1.0,Tema Community 3 SSNIT Flat,tabular,seasonal_naive_336h,h336,2026-01-04T23:00:00,2026-01-18T23:00:00,2026-02-15T23:00:00,,,42.0
2026-02-04 12:00:00,35.8,20.2,1.0,Tema Community 3 SSNIT Flat,tabular,seasonal_naive_336h,h336,2026-01-04T23:00:00,2026-01-18T23:00:00,2026-02-15T23:00:00,,,42.0
2026-02-04 13:00:00,35.0,19.0,1.0,Tema Community 3 SSNIT Flat,tabular,seasonal_naive_336h,h336,2026-01-04T23:00:00,2026-01-18T23:00:00,2026-02-15T23:00:00,,,42.0
2026-02-04 14:00:00,32.5,19.0,1.0,Tema Community 3 SSNIT Flat,tabular,seasonal_naive_336h,h336,2026-01-04T23:00:00,2026-01-18T23:00:00,2026-02-15T23:00:00,,,42.0
2026-02-04 15:00:00,30.3,19.8,1.0,Tema Community 3 SSNIT Flat,tabular,seasonal_naive_336h,h336,2026-01-04T23:00:00,2026-01-18T23:00:00,2026-02-15T23:00:00,,,42.0
2026-02-04 16:00:00,24.5,20.6,1.0,Tema Community 3 SSNIT Flat,tabular,seasonal_naive_336h,h336,2026-01-04T23:00:00,2026-01-18T23:00:00,2026-02-15T23:00:00,,,42.0
2026-02-04 17:00:00,21.8,23.6,1.0,Tema Community 3 SSNIT Flat,tabular,seasonal_naive_336h,h336,2026-01-04T23:00:00,2026-01-18T23:00:00,2026-02-15T23:00:00,,,42.0
2026-02-04 18:00:00,18.9,22.5,1.0,Tema Community 3 SSNIT Flat,tabular,seasonal_naive_336h,h336,2026-01-04T23:00:00,2026-01-18T23:00:00,2026-02-15T23:00:00,,,42.0
2026-02-04 19:00:00,12.5,25.2,1.0,Tema Community 3 SSNIT Flat,tabular,seasonal_naive_336h,h336,2026-01-04T23:00:00,2026-01-18T23:00:00,2026-02-15T23:00:00,,,42.0
2026-02-04 20:00:00,13.5,29.2,1.0,Tema Community 3 SSNIT Flat,tabular,seasonal_naive_336h,h336,2026-01-04T23:00:00,2026-01-18T23:00:00,2026-02-15T23:00:00,,,42.0
2026-02-04 21:00:00,20.6,32.0,1.0,Tema Community 3 SSNIT Flat,tabular,seasonal_naive_336h,h336,2026-01-04T23:00:00,2026-01-18T23:00:00,2026-02-15T23:00:00,,,42.0
2026-02-04 22:00:00,25.4,37.1,1.0,Tema Community 3 SSNIT Flat,tabular,seasonal_naive_336h,h336,2026-01-04T23:00:00,2026-01-18T23:00:00,2026-02-15T23:00:00,,,42.0
2026-02-04 23:00:00,39.4,37.9,1.0,Tema Community 3 SSNIT Flat,tabular,seasonal_naive_336h,h336,2026-01-04T23:00:00,2026-01-18T23:00:00,2026-02-15T23:00:00,,,42.0
2026-02-05 00:00:00,41.5,54.1,1.0,Tema Community 3 SSNIT Flat,tabular,seasonal_naive_336h,h336,2026-01-04T23:00:00,2026-01-18T23:00:00,2026-02-15T23:00:00,,,42.0
2026-02-05 01:00:00,46.8,40.0,1.0,Tema Community 3 SSNIT Flat,tabular,seasonal_naive_336h,h336,2026-01-04T23:00:00,2026-01-18T23:00:00,2026-02-15T23:00:00,,,42.0
2026-02-05 02:00:00,43.1,42.4,1.0,Tema Community 3 SSNIT Flat,tabular,seasonal_naive_336h,h336,2026-01-04T23:00:00,2026-01-18T23:00:00,2026-02-15T23:00:00,,,42.0
2026-02-05 03:00:00,41.4,63.3,1.0,Tema Community 3 SSNIT Flat,tabular,seasonal_naive_336h,h336,2026-01-04T23:00:00,2026-01-18T23:00:00,2026-02-15T23:00:00,,,42.0
2026-02-05 04:00:00,36.6,45.2,1.0,Tema Community 3 SSNIT Flat,tabular,seasonal_naive_336h,h336,2026-01-04T23:00:00,2026-01-18T23:00:00,2026-02-15T23:00:00,,,42.0
2026-02-05 05:00:00,50.0,42.3,1.0,Tema Community 3 SSNIT Flat,tabular,seasonal_naive_336h,h336,2026-01-04T23:00:00,2026-01-18T23:00:00,2026-02-15T23:00:00,,,42.0
2026-02-05 06:00:00,43.4,60.6,1.0,Tema Community 3 SSNIT Flat,tabular,seasonal_naive_336h,h336,2026-01-04T23:00:00,2026-01-18T23:00:00,2026-02-15T23:00:00,,,42.0
2026-02-05 07:00:00,43.5,47.0,1.0,Tema Community 3 SSNIT Flat,tabular,seasonal_naive_336h,h336,2026-01-04T23:00:00,2026-01-18T23:00:00,2026-02-15T23:00:00,,,42.0
2026-02-05 08:00:00,33.2,44.3,1.0,Tema Community 3 SSNIT Flat,tabular,seasonal_naive_336h,h336,2026-01-04T23:00:00,2026-01-18T23:00:00,2026-02-15T23:00:00,,,42.0
2026-02-05 09:00:00,26.7,40.2,1.0,Tema Community 3 SSNIT Flat,tabular,seasonal_naive_336h,h336,2026-01-04T23:00:00,2026-01-18T23:00:00,2026-02-15T23:00:00,,,42.0
2026-02-05 10:00:00,24.3,40.3,1.0,Tema Community 3 SSNIT Flat,tabular,seasonal_naive_336h,h336,2026-01-04T23:00:00,2026-01-18T23:00:00,2026-02-15T23:00:00,,,42.0
2026-02-05 11:00:00,18.6,26.8,1.0,Tema Community 3 SSNIT Flat,tabular,seasonal_naive_336h,h336,2026-01-04T23:00:00,2026-01-18T23:00:00,2026-02-15T23:00:00,,,42.0
2026-02-05 12:00:00,15.8,250.4,1.0,Tema Community 3 SSNIT Flat,tabular,seasonal_naive_336h,h336,2026-01-04T23:00:00,2026-01-18T23:00:00,2026-02-15T23:00:00,,,42.0
2026-02-05 13:00:00,14.5,179.1,1.0,Tema Community 3 SSNIT Flat,tabular,seasonal_naive_336h,h336,2026-01-04T23:00:00,2026-01-18T23:00:00,2026-02-15T23:00:00,,,42.0
2026-02-05 14:00:00,16.0,67.5,1.0,Tema Community 3 SSNIT Flat,tabular,seasonal_naive_336h,h336,2026-01-04T23:00:00,2026-01-18T23:00:00,2026-02-15T23:00:00,,,42.0
2026-02-05 15:00:00,16.7,48.3,1.0,Tema Community 3 SSNIT Flat,tabular,seasonal_naive_336h,h336,2026-01-04T23:00:00,2026-01-18T23:00:00,2026-02-15T23:00:00,,,42.0
2026-02-05 16:00:00,23.9,39.5,1.0,Tema Community 3 SSNIT Flat,tabular,seasonal_naive_336h,h336,2026-01-04T23:00:00,2026-01-18T23:00:00,2026-02-15T23:00:00,,,42.0
2026-02-05 17:00:00,32.3,41.1,1.0,Tema Community 3 SSNIT Flat,tabular,seasonal_naive_336h,h336,2026-01-04T23:00:00,2026-01-18T23:00:00,2026-02-15T23:00:00,,,42.0
2026-02-05 18:00:00,23.2,36.7,1.0,Tema Community 3 SSNIT Flat,tabular,seasonal_naive_336h,h336,2026-01-04T23:00:00,2026-01-18T23:00:00,2026-02-15T23:00:00,,,42.0
2026-02-05 19:00:00,21.8,36.4,1.0,Tema Community 3 SSNIT Flat,tabular,seasonal_naive_336h,h336,2026-01-04T23:00:00,2026-01-18T23:00:00,2026-02-15T23:00:00,,,42.0
2026-02-05 20:00:00,21.6,35.2,1.0,Tema Community 3 SSNIT Flat,tabular,seasonal_naive_336h,h336,2026-01-04T23:00:00,2026-01-18T23:00:00,2026-02-15T23:00:00,,,42.0
2026-02-05 21:00:00,21.4,37.9,1.0,Tema Community 3 SSNIT Flat,tabular,seasonal_naive_336h,h336,2026-01-04T23:00:00,2026-01-18T23:00:00,2026-02-15T23:00:00,,,42.0
2026-02-05 22:00:00,20.9,44.6,1.0,Tema Community 3 SSNIT Flat,tabular,seasonal_naive_336h,h336,2026-01-04T23:00:00,2026-01-18T23:00:00,2026-02-15T23:00:00,,,42.0
2026-02-05 23:00:00,20.4,67.4,1.0,Tema Community 3 SSNIT Flat,tabular,seasonal_naive_336h,h336,2026-01-04T23:00:00,2026-01-18T23:00:00,2026-02-15T23:00:00,,,42.0
2026-02-06 00:00:00,20.7,49.1,1.0,Tema Community 3 SSNIT Flat,tabular,seasonal_naive_336h,h336,2026-01-04T23:00:00,2026-01-18T23:00:00,2026-02-15T23:00:00,,,42.0
2026-02-06 01:00:00,24.0875,49.8,1.0,Tema Community 3 SSNIT Flat,tabular,seasonal_naive_336h,h336,2026-01-04T23:00:00,2026-01-18T23:00:00,2026-02-15T23:00:00,,,42.0
2026-02-06 02:00:00,27.475,46.7,1.0,Tema Community 3 SSNIT Flat,tabular,seasonal_naive_336h,h336,2026-01-04T23:00:00,2026-01-18T23:00:00,2026-02-15T23:00:00,,,42.0
2026-02-06 03:00:00,30.862499999999997,41.8,1.0,Tema Community 3 SSNIT Flat,tabular,seasonal_naive_336h,h336,2026-01-04T23:00:00,2026-01-18T23:00:00,2026-02-15T23:00:00,,,42.0
2026-02-06 05:00:00,37.6375,54.2,1.0,Tema Community 3 SSNIT Flat,tabular,seasonal_naive_336h,h336,2026-01-04T23:00:00,2026-01-18T23:00:00,2026-02-15T23:00:00,,,42.0
2026-02-06 06:00:00,41.025,67.4,1.0,Tema Community 3 SSNIT Flat,tabular,seasonal_naive_336h,h336,2026-01-04T23:00:00,2026-01-18T23:00:00,2026-02-15T23:00:00,,,42.0
2026-02-06 07:00:00,44.4125,50.5,1.0,Tema Community 3 SSNIT Flat,tabular,seasonal_naive_336h,h336,2026-01-04T23:00:00,2026-01-18T23:00:00,2026-02-15T23:00:00,,,42.0
2026-02-06 08:00:00,47.8,44.9,1.0,Tema Community 3 SSNIT Flat,tabular,seasonal_naive_336h,h336,2026-01-04T23:00:00,2026-01-18T23:00:00,2026-02-15T23:00:00,,,42.0
2026-02-06 09:00:00,33.7,50.7,1.0,Tema Community 3 SSNIT Flat,tabular,seasonal_naive_336h,h336,2026-01-04T23:00:00,2026-01-18T23:00:00,2026-02-15T23:00:00,,,42.0
2026-02-06 10:00:00,21.3,39.7,1.0,Tema Community 3 SSNIT Flat,tabular,seasonal_naive_336h,h336,2026-01-04T23:00:00,2026-01-18T23:00:00,2026-02-15T23:00:00,,,42.0
2026-02-06 11:00:00,20.7,35.1,1.0,Tema Community 3 SSNIT Flat,tabular,seasonal_naive_336h,h336,2026-01-04T23:00:00,2026-01-18T23:00:00,2026-02-15T23:00:00,,,42.0
2026-02-06 12:00:00,19.6,28.2,1.0,Tema Community 3 SSNIT Flat,tabular,seasonal_naive_336h,h336,2026-01-04T23:00:00,2026-01-18T23:00:00,2026-02-15T23:00:00,,,42.0
2026-02-06 13:00:00,20.5,29.3,1.0,Tema Community 3 SSNIT Flat,tabular,seasonal_naive_336h,h336,2026-01-04T23:00:00,2026-01-18T23:00:00,2026-02-15T23:00:00,,,42.0
2026-02-06 14:00:00,21.2,39.1,1.0,Tema Community 3 SSNIT Flat,tabular,seasonal_naive_336h,h336,2026-01-04T23:00:00,2026-01-18T23:00:00,2026-02-15T23:00:00,,,42.0
2026-02-06 15:00:00,19.1,29.2,1.0,Tema Community 3 SSNIT Flat,tabular,seasonal_naive_336h,h336,2026-01-04T23:00:00,2026-01-18T23:00:00,2026-02-15T23:00:00,,,42.0
2026-02-06 16:00:00,20.7,22.9,1.0,Tema Community 3 SSNIT Flat,tabular,seasonal_naive_336h,h336,2026-01-04T23:00:00,2026-01-18T23:00:00,2026-02-15T23:00:00,,,42.0
2026-02-06 17:00:00,22.1,22.7,1.0,Tema Community 3 SSNIT Flat,tabular,seasonal_naive_336h,h336,2026-01-04T23:00:00,2026-01-18T23:00:00,2026-02-15T23:00:00,,,42.0
2026-02-06 18:00:00,22.9,29.3,1.0,Tema Community 3 SSNIT Flat,tabular,seasonal_naive_336h,h336,2026-01-04T23:00:00,2026-01-18T23:00:00,2026-02-15T23:00:00,,,42.0
2026-02-06 19:00:00,24.2,25.8,1.0,Tema Community 3 SSNIT Flat,tabular,seasonal_naive_336h,h336,2026-01-04T23:00:00,2026-01-18T23:00:00,2026-02-15T23:00:00,,,42.0
2026-02-06 20:00:00,24.2,23.5,1.0,Tema Community 3 SSNIT Flat,tabular,seasonal_naive_336h,h336,2026-01-04T23:00:00,2026-01-18T23:00:00,2026-02-15T23:00:00,,,42.0
2026-02-06 21:00:00,25.4,24.2,1.0,Tema Community 3 SSNIT Flat,tabular,seasonal_naive_336h,h336,2026-01-04T23:00:00,2026-01-18T23:00:00,2026-02-15T23:00:00,,,42.0
2026-02-06 22:00:00,25.3,25.9,1.0,Tema Community 3 SSNIT Flat,tabular,seasonal_naive_336h,h336,2026-01-04T23:00:00,2026-01-18T23:00:00,2026-02-15T23:00:00,,,42.0
2026-02-06 23:00:00,23.7,47.9,1.0,Tema Community 3 SSNIT Flat,tabular,seasonal_naive_336h,h336,2026-01-04T23:00:00,2026-01-18T23:00:00,2026-02-15T23:00:00,,,42.0
2026-02-07 00:00:00,22.6,40.8,1.0,Tema Community 3 SSNIT Flat,tabular,seasonal_naive_336h,h336,2026-01-04T23:00:00,2026-01-18T23:00:00,2026-02-15T23:00:00,,,42.0
2026-02-07 01:00:00,18.8,44.3,1.0,Tema Community 3 SSNIT Flat,tabular,seasonal_naive_336h,h336,2026-01-04T23:00:00,2026-01-18T23:00:00,2026-02-15T23:00:00,,,42.0
2026-02-07 02:00:00,22.4,46.7,1.0,Tema Community 3 SSNIT Flat,tabular,seasonal_naive_336h,h336,2026-01-04T23:00:00,2026-01-18T23:00:00,2026-02-15T23:00:00,,,42.0
2026-02-07 03:00:00,32.5,42.0,1.0,Tema Community 3 SSNIT Flat,tabular,seasonal_naive_336h,h336,2026-01-04T23:00:00,2026-01-18T23:00:00,2026-02-15T23:00:00,,,42.0
2026-02-07 04:00:00,37.3,38.4,1.0,Tema Community 3 SSNIT Flat,tabular,seasonal_naive_336h,h336,2026-01-04T23:00:00,2026-01-18T23:00:00,2026-02-15T23:00:00,,,42.0
2026-02-07 05:00:00,39.7,41.0,1.0,Tema Community 3 SSNIT Flat,tabular,seasonal_naive_336h,h336,2026-01-04T23:00:00,2026-01-18T23:00:00,2026-02-15T23:00:00,,,42.0
2026-02-07 06:00:00,62.6,44.5,1.0,Tema Community 3 SSNIT Flat,tabular,seasonal_naive_336h,h336,2026-01-04T23:00:00,2026-01-18T23:00:00,2026-02-15T23:00:00,,,42.0
2026-02-07 07:00:00,55.3,48.0,1.0,Tema Community 3 SSNIT Flat,tabular,seasonal_naive_336h,h336,2026-01-04T23:00:00,2026-01-18T23:00:00,2026-02-15T23:00:00,,,42.0
2026-02-07 08:00:00,41.3,40.4,1.0,Tema Community 3 SSNIT Flat,tabular,seasonal_naive_336h,h336,2026-01-04T23:00:00,2026-01-18T23:00:00,2026-02-15T23:00:00,,,42.0
2026-02-07 09:00:00,23.7,41.8,1.0,Tema Community 3 SSNIT Flat,tabular,seasonal_naive_336h,h336,2026-01-04T23:00:00,2026-01-18T23:00:00,2026-02-15T23:00:00,,,42.0
2026-02-07 10:00:00,23.2,42.6,1.0,Tema Community 3 SSNIT Flat,tabular,seasonal_naive_336h,h336,2026-01-04T23:00:00,2026-01-18T23:00:00,2026-02-15T23:00:00,,,42.0
2026-02-07 11:00:00,19.6,41.7,1.0,Tema Community 3 SSNIT Flat,tabular,seasonal_naive_336h,h336,2026-01-04T23:00:00,2026-01-18T23:00:00,2026-02-15T23:00:00,,,42.0
2026-02-07 12:00:00,19.0,33.5,1.0,Tema Community 3 SSNIT Flat,tabular,seasonal_naive_336h,h336,2026-01-04T23:00:00,2026-01-18T23:00:00,2026-02-15T23:00:00,,,42.0
2026-02-07 13:00:00,17.4,28.8,1.0,Tema Community 3 SSNIT Flat,tabular,seasonal_naive_336h,h336,2026-01-04T23:00:00,2026-01-18T23:00:00,2026-02-15T23:00:00,,,42.0
2026-02-07 14:00:00,16.7,28.0,1.0,Tema Community 3 SSNIT Flat,tabular,seasonal_naive_336h,h336,2026-01-04T23:00:00,2026-01-18T23:00:00,2026-02-15T23:00:00,,,42.0
2026-02-07 15:00:00,18.4,23.1,1.0,Tema Community 3 SSNIT Flat,tabular,seasonal_naive_336h,h336,2026-01-04T23:00:00,2026-01-18T23:00:00,2026-02-15T23:00:00,,,42.0
2026-02-07 16:00:00,79.5,26.6,1.0,Tema Community 3 SSNIT Flat,tabular,seasonal_naive_336h,h336,2026-01-04T23:00:00,2026-01-18T23:00:00,2026-02-15T23:00:00,,,42.0
2026-02-07 17:00:00,31.8,29.7,1.0,Tema Community 3 SSNIT Flat,tabular,seasonal_naive_336h,h336,2026-01-04T23:00:00,2026-01-18T23:00:00,2026-02-15T23:00:00,,,42.0
2026-02-07 18:00:00,32.5,27.6,1.0,Tema Community 3 SSNIT Flat,tabular,seasonal_naive_336h,h336,2026-01-04T23:00:00,2026-01-18T23:00:00,2026-02-15T23:00:00,,,42.0
2026-02-07 19:00:00,24.7,36.7,1.0,Tema Community 3 SSNIT Flat,tabular,seasonal_naive_336h,h336,2026-01-04T23:00:00,2026-01-18T23:00:00,2026-02-15T23:00:00,,,42.0
2026-02-07 20:00:00,23.8,36.0,1.0,Tema Community 3 SSNIT Flat,tabular,seasonal_naive_336h,h336,2026-01-04T23:00:00,2026-01-18T23:00:00,2026-02-15T23:00:00,,,42.0
2026-02-07 21:00:00,25.5,35.2,1.0,Tema Community 3 SSNIT Flat,tabular,seasonal_naive_336h,h336,2026-01-04T23:00:00,2026-01-18T23:00:00,2026-02-15T23:00:00,,,42.0
2026-02-07 22:00:00,36.7,48.5,1.0,Tema Community 3 SSNIT Flat,tabular,seasonal_naive_336h,h336,2026-01-04T23:00:00,2026-01-18T23:00:00,2026-02-15T23:00:00,,,42.0
2026-02-07 23:00:00,31.7,42.4,1.0,Tema Community 3 SSNIT Flat,tabular,seasonal_naive_336h,h336,2026-01-04T23:00:00,2026-01-18T23:00:00,2026-02-15T23:00:00,,,42.0
2026-02-08 00:00:00,33.1,33.1,1.0,Tema Community 3 SSNIT Flat,tabular,seasonal_naive_336h,h336,2026-01-04T23:00:00,2026-01-18T23:00:00,2026-02-15T23:00:00,,,42.0
2026-02-08 01:00:00,35.7,28.8,1.0,Tema Community 3 SSNIT Flat,tabular,seasonal_naive_336h,h336,2026-01-04T23:00:00,2026-01-18T23:00:00,2026-02-15T23:00:00,,,42.0
2026-02-08 02:00:00,34.0,30.1,1.0,Tema Community 3 SSNIT Flat,tabular,seasonal_naive_336h,h336,2026-01-04T23:00:00,2026-01-18T23:00:00,2026-02-15T23:00:00,,,42.0
2026-02-08 03:00:00,35.0,34.1,1.0,Tema Community 3 SSNIT Flat,tabular,seasonal_naive_336h,h336,2026-01-04T23:00:00,2026-01-18T23:00:00,2026-02-15T23:00:00,,,42.0
2026-02-08 04:00:00,37.8,41.4,1.0,Tema Community 3 SSNIT Flat,tabular,seasonal_naive_336h,h336,2026-01-04T23:00:00,2026-01-18T23:00:00,2026-02-15T23:00:00,,,42.0
2026-02-08 05:00:00,48.8,45.1,1.0,Tema Community 3 SSNIT Flat,tabular,seasonal_naive_336h,h336,2026-01-04T23:00:00,2026-01-18T23:00:00,2026-02-15T23:00:00,,,42.0
2026-02-08 06:00:00,113.1,52.6,1.0,Tema Community 3 SSNIT Flat,tabular,seasonal_naive_336h,h336,2026-01-04T23:00:00,2026-01-18T23:00:00,2026-02-15T23:00:00,,,42.0
2026-02-08 07:00:00,111.6,56.1,1.0,Tema Community 3 SSNIT Flat,tabular,seasonal_naive_336h,h336,2026-01-04T23:00:00,2026-01-18T23:00:00,2026-02-15T23:00:00,,,42.0
2026-02-08 08:00:00,48.6,51.5,1.0,Tema Community 3 SSNIT Flat,tabular,seasonal_naive_336h,h336,2026-01-04T23:00:00,2026-01-18T23:00:00,2026-02-15T23:00:00,,,42.0
2026-02-08 09:00:00,32.0,50.5,1.0,Tema Community 3 SSNIT Flat,tabular,seasonal_naive_336h,h336,2026-01-04T23:00:00,2026-01-18T23:00:00,2026-02-15T23:00:00,,,42.0
2026-02-08 10:00:00,173.0,46.5,1.0,Tema Community 3 SSNIT Flat,tabular,seasonal_naive_336h,h336,2026-01-04T23:00:00,2026-01-18T23:00:00,2026-02-15T23:00:00,,,42.0
2026-02-08 11:00:00,237.5,48.5,1.0,Tema Community 3 SSNIT Flat,tabular,seasonal_naive_336h,h336,2026-01-04T23:00:00,2026-01-18T23:00:00,2026-02-15T23:00:00,,,42.0
2026-02-08 12:00:00,65.3,47.1,1.0,Tema Community 3 SSNIT Flat,tabular,seasonal_naive_336h,h336,2026-01-04T23:00:00,2026-01-18T23:00:00,2026-02-15T23:00:00,,,42.0
2026-02-08 13:00:00,23.3,39.9,1.0,Tema Community 3 SSNIT Flat,tabular,seasonal_naive_336h,h336,2026-01-04T23:00:00,2026-01-18T23:00:00,2026-02-15T23:00:00,,,42.0
2026-02-08 14:00:00,17.9,37.1,1.0,Tema Community 3 SSNIT Flat,tabular,seasonal_naive_336h,h336,2026-01-04T23:00:00,2026-01-18T23:00:00,2026-02-15T23:00:00,,,42.0
2026-02-08 15:00:00,17.0,35.7,1.0,Tema Community 3 SSNIT Flat,tabular,seasonal_naive_336h,h336,2026-01-04T23:00:00,2026-01-18T23:00:00,2026-02-15T23:00:00,,,42.0
2026-02-08 16:00:00,16.9,32.4,1.0,Tema Community 3 SSNIT Flat,tabular,seasonal_naive_336h,h336,2026-01-04T23:00:00,2026-01-18T23:00:00,2026-02-15T23:00:00,,,42.0
2026-02-08 17:00:00,24.0,32.1,1.0,Tema Community 3 SSNIT Flat,tabular,seasonal_naive_336h,h336,2026-01-04T23:00:00,2026-01-18T23:00:00,2026-02-15T23:00:00,,,42.0
2026-02-08 18:00:00,26.6,32.5,1.0,Tema Community 3 SSNIT Flat,tabular,seasonal_naive_336h,h336,2026-01-04T23:00:00,2026-01-18T23:00:00,2026-02-15T23:00:00,,,42.0
2026-02-08 19:00:00,21.2,31.6,1.0,Tema Community 3 SSNIT Flat,tabular,seasonal_naive_336h,h336,2026-01-04T23:00:00,2026-01-18T23:00:00,2026-02-15T23:00:00,,,42.0
2026-02-08 20:00:00,21.1,33.0,1.0,Tema Community 3 SSNIT Flat,tabular,seasonal_naive_336h,h336,2026-01-04T23:00:00,2026-01-18T23:00:00,2026-02-15T23:00:00,,,42.0
2026-02-08 21:00:00,20.1,33.3,1.0,Tema Community 3 SSNIT Flat,tabular,seasonal_naive_336h,h336,2026-01-04T23:00:00,2026-01-18T23:00:00,2026-02-15T23:00:00,,,42.0
2026-02-08 22:00:00,20.3,31.9,1.0,Tema Community 3 SSNIT Flat,tabular,seasonal_naive_336h,h336,2026-01-04T23:00:00,2026-01-18T23:00:00,2026-02-15T23:00:00,,,42.0
2026-02-08 23:00:00,23.3,39.3,1.0,Tema Community 3 SSNIT Flat,tabular,seasonal_naive_336h,h336,2026-01-04T23:00:00,2026-01-18T23:00:00,2026-02-15T23:00:00,,,42.0
2026-02-09 00:00:00,18.5,46.2,1.0,Tema Community 3 SSNIT Flat,tabular,seasonal_naive_336h,h336,2026-01-04T23:00:00,2026-01-18T23:00:00,2026-02-15T23:00:00,,,42.0
2026-02-09 01:00:00,17.4,49.1,1.0,Tema Community 3 SSNIT Flat,tabular,seasonal_naive_336h,h336,2026-01-04T23:00:00,2026-01-18T23:00:00,2026-02-15T23:00:00,,,42.0
2026-02-09 02:00:00,17.9,45.1,1.0,Tema Community 3 SSNIT Flat,tabular,seasonal_naive_336h,h336,2026-01-04T23:00:00,2026-01-18T23:00:00,2026-02-15T23:00:00,,,42.0
2026-02-09 03:00:00,20.8,42.6,1.0,Tema Community 3 SSNIT Flat,tabular,seasonal_naive_336h,h336,2026-01-04T23:00:00,2026-01-18T23:00:00,2026-02-15T23:00:00,,,42.0
2026-02-09 04:00:00,22.6,53.2,1.0,Tema Community 3 SSNIT Flat,tabular,seasonal_naive_336h,h336,2026-01-04T23:00:00,2026-01-18T23:00:00,2026-02-15T23:00:00,,,42.0
2026-02-09 05:00:00,36.9,52.7,1.0,Tema Community 3 SSNIT Flat,tabular,seasonal_naive_336h,h336,2026-01-04T23:00:00,2026-01-18T23:00:00,2026-02-15T23:00:00,,,42.0
2026-02-09 06:00:00,41.3,54.2,1.0,Tema Community 3 SSNIT Flat,tabular,seasonal_naive_336h,h336,2026-01-04T23:00:00,2026-01-18T23:00:00,2026-02-15T23:00:00,,,42.0
2026-02-09 07:00:00,39.7,52.3,1.0,Tema Community 3 SSNIT Flat,tabular,seasonal_naive_336h,h336,2026-01-04T23:00:00,2026-01-18T23:00:00,2026-02-15T23:00:00,,,42.0
2026-02-09 08:00:00,46.3,48.0,1.0,Tema Community 3 SSNIT Flat,tabular,seasonal_naive_336h,h336,2026-01-04T23:00:00,2026-01-18T23:00:00,2026-02-15T23:00:00,,,42.0
2026-02-09 09:00:00,34.7,45.1,1.0,Tema Community 3 SSNIT Flat,tabular,seasonal_naive_336h,h336,2026-01-04T23:00:00,2026-01-18T23:00:00,2026-02-15T23:00:00,,,42.0
2026-02-09 10:00:00,28.0,50.0,1.0,Tema Community 3 SSNIT Flat,tabular,seasonal_naive_336h,h336,2026-01-04T23:00:00,2026-01-18T23:00:00,2026-02-15T23:00:00,,,42.0
2026-02-09 11:00:00,21.6,43.5,1.0,Tema Community 3 SSNIT Flat,tabular,seasonal_naive_336h,h336,2026-01-04T23:00:00,2026-01-18T23:00:00,2026-02-15T23:00:00,,,42.0
2026-02-09 12:00:00,18.5,40.4,1.0,Tema Community 3 SSNIT Flat,tabular,seasonal_naive_336h,h336,2026-01-04T23:00:00,2026-01-18T23:00:00,2026-02-15T23:00:00,,,42.0
2026-02-09 13:00:00,17.7,36.5,1.0,Tema Community 3 SSNIT Flat,tabular,seasonal_naive_336h,h336,2026-01-04T23:00:00,2026-01-18T23:00:00,2026-02-15T23:00:00,,,42.0
2026-02-09 14:00:00,17.3,32.7,1.0,Tema Community 3 SSNIT Flat,tabular,seasonal_naive_336h,h336,2026-01-04T23:00:00,2026-01-18T23:00:00,2026-02-15T23:00:00,,,42.0
2026-02-09 15:00:00,16.1,32.3,1.0,Tema Community 3 SSNIT Flat,tabular,seasonal_naive_336h,h336,2026-01-04T23:00:00,2026-01-18T23:00:00,2026-02-15T23:00:00,,,42.0
2026-02-09 16:00:00,15.5,31.5,1.0,Tema Community 3 SSNIT Flat,tabular,seasonal_naive_336h,h336,2026-01-04T23:00:00,2026-01-18T23:00:00,2026-02-15T23:00:00,,,42.0
2026-02-09 17:00:00,18.8,32.2,1.0,Tema Community 3 SSNIT Flat,tabular,seasonal_naive_336h,h336,2026-01-04T23:00:00,2026-01-18T23:00:00,2026-02-15T23:00:00,,,42.0
2026-02-09 18:00:00,29.7,31.9,1.0,Tema Community 3 SSNIT Flat,tabular,seasonal_naive_336h,h336,2026-01-04T23:00:00,2026-01-18T23:00:00,2026-02-15T23:00:00,,,42.0
2026-02-09 19:00:00,21.9,31.4,1.0,Tema Community 3 SSNIT Flat,tabular,seasonal_naive_336h,h336,2026-01-04T23:00:00,2026-01-18T23:00:00,2026-02-15T23:00:00,,,42.0
2026-02-09 20:00:00,20.5,32.0,1.0,Tema Community 3 SSNIT Flat,tabular,seasonal_naive_336h,h336,2026-01-04T23:00:00,2026-01-18T23:00:00,2026-02-15T23:00:00,,,42.0
2026-02-09 21:00:00,21.8,33.5,1.0,Tema Community 3 SSNIT Flat,tabular,seasonal_naive_336h,h336,2026-01-04T23:00:00,2026-01-18T23:00:00,2026-02-15T23:00:00,,,42.0
2026-02-09 22:00:00,23.9,39.0,1.0,Tema Community 3 SSNIT Flat,tabular,seasonal_naive_336h,h336,2026-01-04T23:00:00,2026-01-18T23:00:00,2026-02-15T23:00:00,,,42.0
2026-02-09 23:00:00,23.3,62.9,1.0,Tema Community 3 SSNIT Flat,tabular,seasonal_naive_336h,h336,2026-01-04T23:00:00,2026-01-18T23:00:00,2026-02-15T23:00:00,,,42.0
2026-02-10 00:00:00,29.8,49.1,1.0,Tema Community 3 SSNIT Flat,tabular,seasonal_naive_336h,h336,2026-01-04T23:00:00,2026-01-18T23:00:00,2026-02-15T23:00:00,,,42.0
2026-02-10 01:00:00,29.3,35.7,1.0,Tema Community 3 SSNIT Flat,tabular,seasonal_naive_336h,h336,2026-01-04T23:00:00,2026-01-18T23:00:00,2026-02-15T23:00:00,,,42.0
2026-02-10 02:00:00,33.7,36.4,1.0,Tema Community 3 SSNIT Flat,tabular,seasonal_naive_336h,h336,2026-01-04T23:00:00,2026-01-18T23:00:00,2026-02-15T23:00:00,,,42.0
2026-02-10 03:00:00,30.9,90.7,1.0,Tema Community 3 SSNIT Flat,tabular,seasonal_naive_336h,h336,2026-01-04T23:00:00,2026-01-18T23:00:00,2026-02-15T23:00:00,,,42.0
2026-02-10 04:00:00,20.4,77.4,1.0,Tema Community 3 SSNIT Flat,tabular,seasonal_naive_336h,h336,2026-01-04T23:00:00,2026-01-18T23:00:00,2026-02-15T23:00:00,,,42.0
2026-02-10 05:00:00,32.0,88.4,1.0,Tema Community 3 SSNIT Flat,tabular,seasonal_naive_336h,h336,2026-01-04T23:00:00,2026-01-18T23:00:00,2026-02-15T23:00:00,,,42.0
2026-02-10 06:00:00,53.5,63.6,1.0,Tema Community 3 SSNIT Flat,tabular,seasonal_naive_336h,h336,2026-01-04T23:00:00,2026-01-18T23:00:00,2026-02-15T23:00:00,,,42.0
2026-02-10 07:00:00,52.1,54.5,1.0,Tema Community 3 SSNIT Flat,tabular,seasonal_naive_336h,h336,2026-01-04T23:00:00,2026-01-18T23:00:00,2026-02-15T23:00:00,,,42.0
2026-02-10 08:00:00,36.4,49.0,1.0,Tema Community 3 SSNIT Flat,tabular,seasonal_naive_336h,h336,2026-01-04T23:00:00,2026-01-18T23:00:00,2026-02-15T23:00:00,,,42.0
2026-02-10 09:00:00,30.3,41.0,1.0,Tema Community 3 SSNIT Flat,tabular,seasonal_naive_336h,h336,2026-01-04T23:00:00,2026-01-18T23:00:00,2026-02-15T23:00:00,,,42.0
2026-02-10 10:00:00,29.5,47.9,1.0,Tema Community 3 SSNIT Flat,tabular,seasonal_naive_336h,h336,2026-01-04T23:00:00,2026-01-18T23:00:00,2026-02-15T23:00:00,,,42.0
2026-02-10 11:00:00,25.3,54.0,1.0,Tema Community 3 SSNIT Flat,tabular,seasonal_naive_336h,h336,2026-01-04T23:00:00,2026-01-18T23:00:00,2026-02-15T23:00:00,,,42.0
2026-02-10 12:00:00,21.2,34.1,1.0,Tema Community 3 SSNIT Flat,tabular,seasonal_naive_336h,h336,2026-01-04T23:00:00,2026-01-18T23:00:00,2026-02-15T23:00:00,,,42.0
2026-02-10 13:00:00,25.2,33.3,1.0,Tema Community 3 SSNIT Flat,tabular,seasonal_naive_336h,h336,2026-01-04T23:00:00,2026-01-18T23:00:00,2026-02-15T23:00:00,,,42.0
2026-02-10 14:00:00,15.7,30.9,1.0,Tema Community 3 SSNIT Flat,tabular,seasonal_naive_336h,h336,2026-01-04T23:00:00,2026-01-18T23:00:00,2026-02-15T23:00:00,,,42.0
2026-02-10 15:00:00,9.0,31.5,1.0,Tema Community 3 SSNIT Flat,tabular,seasonal_naive_336h,h336,2026-01-04T23:00:00,2026-01-18T23:00:00,2026-02-15T23:00:00,,,42.0
2026-02-10 16:00:00,11.3,30.9,1.0,Tema Community 3 SSNIT Flat,tabular,seasonal_naive_336h,h336,2026-01-04T23:00:00,2026-01-18T23:00:00,2026-02-15T23:00:00,,,42.0
2026-02-10 17:00:00,9.8,30.8,1.0,Tema Community 3 SSNIT Flat,tabular,seasonal_naive_336h,h336,2026-01-04T23:00:00,2026-01-18T23:00:00,2026-02-15T23:00:00,,,42.0
2026-02-10 18:00:00,19.3,33.6,1.0,Tema Community 3 SSNIT Flat,tabular,seasonal_naive_336h,h336,2026-01-04T23:00:00,2026-01-18T23:00:00,2026-02-15T23:00:00,,,42.0
2026-02-10 19:00:00,10.0,33.1,1.0,Tema Community 3 SSNIT Flat,tabular,seasonal_naive_336h,h336,2026-01-04T23:00:00,2026-01-18T23:00:00,2026-02-15T23:00:00,,,42.0
2026-02-10 20:00:00,3.9,36.8,1.0,Tema Community 3 SSNIT Flat,tabular,seasonal_naive_336h,h336,2026-01-04T23:00:00,2026-01-18T23:00:00,2026-02-15T23:00:00,,,42.0
2026-02-10 21:00:00,8.3,32.5,1.0,Tema Community 3 SSNIT Flat,tabular,seasonal_naive_336h,h336,2026-01-04T23:00:00,2026-01-18T23:00:00,2026-02-15T23:00:00,,,42.0
2026-02-10 22:00:00,16.8,34.8,1.0,Tema Community 3 SSNIT Flat,tabular,seasonal_naive_336h,h336,2026-01-04T23:00:00,2026-01-18T23:00:00,2026-02-15T23:00:00,,,42.0
2026-02-10 23:00:00,13.0,32.3,1.0,Tema Community 3 SSNIT Flat,tabular,seasonal_naive_336h,h336,2026-01-04T23:00:00,2026-01-18T23:00:00,2026-02-15T23:00:00,,,42.0
2026-02-11 00:00:00,15.7,32.8,1.0,Tema Community 3 SSNIT Flat,tabular,seasonal_naive_336h,h336,2026-01-04T23:00:00,2026-01-18T23:00:00,2026-02-15T23:00:00,,,42.0
2026-02-11 01:00:00,13.5,39.4,1.0,Tema Community 3 SSNIT Flat,tabular,seasonal_naive_336h,h336,2026-01-04T23:00:00,2026-01-18T23:00:00,2026-02-15T23:00:00,,,42.0
2026-02-11 02:00:00,18.8,40.0,1.0,Tema Community 3 SSNIT Flat,tabular,seasonal_naive_336h,h336,2026-01-04T23:00:00,2026-01-18T23:00:00,2026-02-15T23:00:00,,,42.0
2026-02-11 03:00:00,21.6,50.3,1.0,Tema Community 3 SSNIT Flat,tabular,seasonal_naive_336h,h336,2026-01-04T23:00:00,2026-01-18T23:00:00,2026-02-15T23:00:00,,,42.0
2026-02-11 04:00:00,31.1,113.6,1.0,Tema Community 3 SSNIT Flat,tabular,seasonal_naive_336h,h336,2026-01-04T23:00:00,2026-01-18T23:00:00,2026-02-15T23:00:00,,,42.0
2026-02-11 05:00:00,29.5,72.1,1.0,Tema Community 3 SSNIT Flat,tabular,seasonal_naive_336h,h336,2026-01-04T23:00:00,2026-01-18T23:00:00,2026-02-15T23:00:00,,,42.0
2026-02-11 06:00:00,57.9,61.9,1.0,Tema Community 3 SSNIT Flat,tabular,seasonal_naive_336h,h336,2026-01-04T23:00:00,2026-01-18T23:00:00,2026-02-15T23:00:00,,,42.0
2026-02-11 07:00:00,45.1,55.1,1.0,Tema Community 3 SSNIT Flat,tabular,seasonal_naive_336h,h336,2026-01-04T23:00:00,2026-01-18T23:00:00,2026-02-15T23:00:00,,,42.0
2026-02-11 08:00:00,38.3,45.9,1.0,Tema Community 3 SSNIT Flat,tabular,seasonal_naive_336h,h336,2026-01-04T23:00:00,2026-01-18T23:00:00,2026-02-15T23:00:00,,,42.0
2026-02-11 09:00:00,49.2,42.3,1.0,Tema Community 3 SSNIT Flat,tabular,seasonal_naive_336h,h336,2026-01-04T23:00:00,2026-01-18T23:00:00,2026-02-15T23:00:00,,,42.0
2026-02-11 10:00:00,39.1,42.6,1.0,Tema Community 3 SSNIT Flat,tabular,seasonal_naive_336h,h336,2026-01-04T23:00:00,2026-01-18T23:00:00,2026-02-15T23:00:00,,,42.0
2026-02-11 11:00:00,30.1,40.2,1.0,Tema Community 3 SSNIT Flat,tabular,seasonal_naive_336h,h336,2026-01-04T23:00:00,2026-01-18T23:00:00,2026-02-15T23:00:00,,,42.0
2026-02-11 12:00:00,29.6,34.2,1.0,Tema Community 3 SSNIT Flat,tabular,seasonal_naive_336h,h336,2026-01-04T23:00:00,2026-01-18T23:00:00,2026-02-15T23:00:00,,,42.0
2026-02-11 13:00:00,27.2,31.3,1.0,Tema Community 3 SSNIT Flat,tabular,seasonal_naive_336h,h336,2026-01-04T23:00:00,2026-01-18T23:00:00,2026-02-15T23:00:00,,,42.0
2026-02-11 14:00:00,10.3,30.1,1.0,Tema Community 3 SSNIT Flat,tabular,seasonal_naive_336h,h336,2026-01-04T23:00:00,2026-01-18T23:00:00,2026-02-15T23:00:00,,,42.0
2026-02-11 15:00:00,10.4,29.7,1.0,Tema Community 3 SSNIT Flat,tabular,seasonal_naive_336h,h336,2026-01-04T23:00:00,2026-01-18T23:00:00,2026-02-15T23:00:00,,,42.0
2026-02-11 16:00:00,14.2,28.7,1.0,Tema Community 3 SSNIT Flat,tabular,seasonal_naive_336h,h336,2026-01-04T23:00:00,2026-01-18T23:00:00,2026-02-15T23:00:00,,,42.0
2026-02-11 17:00:00,12.3,28.7,1.0,Tema Community 3 SSNIT Flat,tabular,seasonal_naive_336h,h336,2026-01-04T23:00:00,2026-01-18T23:00:00,2026-02-15T23:00:00,,,42.0
2026-02-11 18:00:00,17.6,30.4,1.0,Tema Community 3 SSNIT Flat,tabular,seasonal_naive_336h,h336,2026-01-04T23:00:00,2026-01-18T23:00:00,2026-02-15T23:00:00,,,42.0
2026-02-11 19:00:00,19.7,30.6,1.0,Tema Community 3 SSNIT Flat,tabular,seasonal_naive_336h,h336,2026-01-04T23:00:00,2026-01-18T23:00:00,2026-02-15T23:00:00,,,42.0
2026-02-11 20:00:00,20.0,28.1,1.0,Tema Community 3 SSNIT Flat,tabular,seasonal_naive_336h,h336,2026-01-04T23:00:00,2026-01-18T23:00:00,2026-02-15T23:00:00,,,42.0
2026-02-11 21:00:00,30.9,28.1,1.0,Tema Community 3 SSNIT Flat,tabular,seasonal_naive_336h,h336,2026-01-04T23:00:00,2026-01-18T23:00:00,2026-02-15T23:00:00,,,42.0
2026-02-11 22:00:00,53.7,26.3,1.0,Tema Community 3 SSNIT Flat,tabular,seasonal_naive_336h,h336,2026-01-04T23:00:00,2026-01-18T23:00:00,2026-02-15T23:00:00,,,42.0
2026-02-11 23:00:00,33.3,26.2,1.0,Tema Community 3 SSNIT Flat,tabular,seasonal_naive_336h,h336,2026-01-04T23:00:00,2026-01-18T23:00:00,2026-02-15T23:00:00,,,42.0
2026-02-12 00:00:00,44.4,26.5,1.0,Tema Community 3 SSNIT Flat,tabular,seasonal_naive_336h,h336,2026-01-04T23:00:00,2026-01-18T23:00:00,2026-02-15T23:00:00,,,42.0
2026-02-12 01:00:00,61.3,27.0,1.0,Tema Community 3 SSNIT Flat,tabular,seasonal_naive_336h,h336,2026-01-04T23:00:00,2026-01-18T23:00:00,2026-02-15T23:00:00,,,42.0
2026-02-12 02:00:00,57.1,34.9,1.0,Tema Community 3 SSNIT Flat,tabular,seasonal_naive_336h,h336,2026-01-04T23:00:00,2026-01-18T23:00:00,2026-02-15T23:00:00,,,42.0
2026-02-12 03:00:00,63.9,31.3,1.0,Tema Community 3 SSNIT Flat,tabular,seasonal_naive_336h,h336,2026-01-04T23:00:00,2026-01-18T23:00:00,2026-02-15T23:00:00,,,42.0
2026-02-12 04:00:00,65.2,31.3,1.0,Tema Community 3 SSNIT Flat,tabular,seasonal_naive_336h,h336,2026-01-04T23:00:00,2026-01-18T23:00:00,2026-02-15T23:00:00,,,42.0
2026-02-12 05:00:00,91.6,48.8,1.0,Tema Community 3 SSNIT Flat,tabular,seasonal_naive_336h,h336,2026-01-04T23:00:00,2026-01-18T23:00:00,2026-02-15T23:00:00,,,42.0
2026-02-12 06:00:00,80.0,45.2,1.0,Tema Community 3 SSNIT Flat,tabular,seasonal_naive_336h,h336,2026-01-04T23:00:00,2026-01-18T23:00:00,2026-02-15T23:00:00,,,42.0
2026-02-12 07:00:00,90.3,41.9,1.0,Tema Community 3 SSNIT Flat,tabular,seasonal_naive_336h,h336,2026-01-04T23:00:00,2026-01-18T23:00:00,2026-02-15T23:00:00,,,42.0
2026-02-12 08:00:00,54.6,42.4,1.0,Tema Community 3 SSNIT Flat,tabular,seasonal_naive_336h,h336,2026-01-04T23:00:00,2026-01-18T23:00:00,2026-02-15T23:00:00,,,42.0
2026-02-12 09:00:00,15.0,42.8,1.0,Tema Community 3 SSNIT Flat,tabular,seasonal_naive_336h,h336,2026-01-04T23:00:00,2026-01-18T23:00:00,2026-02-15T23:00:00,,,42.0
2026-02-12 10:00:00,2.6,39.1,1.0,Tema Community 3 SSNIT Flat,tabular,seasonal_naive_336h,h336,2026-01-04T23:00:00,2026-01-18T23:00:00,2026-02-15T23:00:00,,,42.0
2026-02-12 11:00:00,8.5,33.4,1.0,Tema Community 3 SSNIT Flat,tabular,seasonal_naive_336h,h336,2026-01-04T23:00:00,2026-01-18T23:00:00,2026-02-15T23:00:00,,,42.0
2026-02-12 12:00:00,4.8,26.2,1.0,Tema Community 3 SSNIT Flat,tabular,seasonal_naive_336h,h336,2026-01-04T23:00:00,2026-01-18T23:00:00,2026-02-15T23:00:00,,,42.0
2026-02-12 13:00:00,3.4,26.6,1.0,Tema Community 3 SSNIT Flat,tabular,seasonal_naive_336h,h336,2026-01-04T23:00:00,2026-01-18T23:00:00,2026-02-15T23:00:00,,,42.0
2026-02-12 14:00:00,2.4,24.2,1.0,Tema Community 3 SSNIT Flat,tabular,seasonal_naive_336h,h336,2026-01-04T23:00:00,2026-01-18T23:00:00,2026-02-15T23:00:00,,,42.0
2026-02-12 15:00:00,2.9,26.3,1.0,Tema Community 3 SSNIT Flat,tabular,seasonal_naive_336h,h336,2026-01-04T23:00:00,2026-01-18T23:00:00,2026-02-15T23:00:00,,,42.0
2026-02-12 16:00:00,2.9,26.8,1.0,Tema Community 3 SSNIT Flat,tabular,seasonal_naive_336h,h336,2026-01-04T23:00:00,2026-01-18T23:00:00,2026-02-15T23:00:00,,,42.0
2026-02-12 17:00:00,13.1,32.4,1.0,Tema Community 3 SSNIT Flat,tabular,seasonal_naive_336h,h336,2026-01-04T23:00:00,2026-01-18T23:00:00,2026-02-15T23:00:00,,,42.0
2026-02-12 18:00:00,9.6,27.0,1.0,Tema Community 3 SSNIT Flat,tabular,seasonal_naive_336h,h336,2026-01-04T23:00:00,2026-01-18T23:00:00,2026-02-15T23:00:00,,,42.0
2026-02-12 19:00:00,5.6,26.2,1.0,Tema Community 3 SSNIT Flat,tabular,seasonal_naive_336h,h336,2026-01-04T23:00:00,2026-01-18T23:00:00,2026-02-15T23:00:00,,,42.0
2026-02-12 20:00:00,5.2,28.1,1.0,Tema Community 3 SSNIT Flat,tabular,seasonal_naive_336h,h336,2026-01-04T23:00:00,2026-01-18T23:00:00,2026-02-15T23:00:00,,,42.0
2026-02-12 21:00:00,4.7,36.5,1.0,Tema Community 3 SSNIT Flat,tabular,seasonal_naive_336h,h336,2026-01-04T23:00:00,2026-01-18T23:00:00,2026-02-15T23:00:00,,,42.0
2026-02-12 22:00:00,3.8,28.7,1.0,Tema Community 3 SSNIT Flat,tabular,seasonal_naive_336h,h336,2026-01-04T23:00:00,2026-01-18T23:00:00,2026-02-15T23:00:00,,,42.0
2026-02-12 23:00:00,14.7,34.9,1.0,Tema Community 3 SSNIT Flat,tabular,seasonal_naive_336h,h336,2026-01-04T23:00:00,2026-01-18T23:00:00,2026-02-15T23:00:00,,,42.0
2026-02-13 00:00:00,29.8,47.4,1.0,Tema Community 3 SSNIT Flat,tabular,seasonal_naive_336h,h336,2026-01-04T23:00:00,2026-01-18T23:00:00,2026-02-15T23:00:00,,,42.0
2026-02-13 01:00:00,26.7,47.2,1.0,Tema Community 3 SSNIT Flat,tabular,seasonal_naive_336h,h336,2026-01-04T23:00:00,2026-01-18T23:00:00,2026-02-15T23:00:00,,,42.0
2026-02-13 02:00:00,22.6,47.8,1.0,Tema Community 3 SSNIT Flat,tabular,seasonal_naive_336h,h336,2026-01-04T23:00:00,2026-01-18T23:00:00,2026-02-15T23:00:00,,,42.0
2026-02-13 03:00:00,12.6,41.6,1.0,Tema Community 3 SSNIT Flat,tabular,seasonal_naive_336h,h336,2026-01-04T23:00:00,2026-01-18T23:00:00,2026-02-15T23:00:00,,,42.0
2026-02-13 04:00:00,45.9,45.8,1.0,Tema Community 3 SSNIT Flat,tabular,seasonal_naive_336h,h336,2026-01-04T23:00:00,2026-01-18T23:00:00,2026-02-15T23:00:00,,,42.0
2026-02-13 05:00:00,53.3,57.1,1.0,Tema Community 3 SSNIT Flat,tabular,seasonal_naive_336h,h336,2026-01-04T23:00:00,2026-01-18T23:00:00,2026-02-15T23:00:00,,,42.0
2026-02-13 06:00:00,50.8,52.4,1.0,Tema Community 3 SSNIT Flat,tabular,seasonal_naive_336h,h336,2026-01-04T23:00:00,2026-01-18T23:00:00,2026-02-15T23:00:00,,,42.0
2026-02-13 07:00:00,40.8,51.1,1.0,Tema Community 3 SSNIT Flat,tabular,seasonal_naive_336h,h336,2026-01-04T23:00:00,2026-01-18T23:00:00,2026-02-15T23:00:00,,,42.0
2026-02-13 08:00:00,29.4,46.7,1.0,Tema Community 3 SSNIT Flat,tabular,seasonal_naive_336h,h336,2026-01-04T23:00:00,2026-01-18T23:00:00,2026-02-15T23:00:00,,,42.0
2026-02-13 09:00:00,16.5,79.4,1.0,Tema Community 3 SSNIT Flat,tabular,seasonal_naive_336h,h336,2026-01-04T23:00:00,2026-01-18T23:00:00,2026-02-15T23:00:00,,,42.0
2026-02-13 10:00:00,11.0,62.6,1.0,Tema Community 3 SSNIT Flat,tabular,seasonal_naive_336h,h336,2026-01-04T23:00:00,2026-01-18T23:00:00,2026-02-15T23:00:00,,,42.0
2026-02-13 11:00:00,3.2,49.5,1.0,Tema Community 3 SSNIT Flat,tabular,seasonal_naive_336h,h336,2026-01-04T23:00:00,2026-01-18T23:00:00,2026-02-15T23:00:00,,,42.0
2026-02-13 12:00:00,1.8,48.1,1.0,Tema Community 3 SSNIT Flat,tabular,seasonal_naive_336h,h336,2026-01-04T23:00:00,2026-01-18T23:00:00,2026-02-15T23:00:00,,,42.0
2026-02-13 13:00:00,2.2,32.1,1.0,Tema Community 3 SSNIT Flat,tabular,seasonal_naive_336h,h336,2026-01-04T23:00:00,2026-01-18T23:00:00,2026-02-15T23:00:00,,,42.0
2026-02-13 14:00:00,4.4,29.5,1.0,Tema Community 3 SSNIT Flat,tabular,seasonal_naive_336h,h336,2026-01-04T23:00:00,2026-01-18T23:00:00,2026-02-15T23:00:00,,,42.0
2026-02-13 15:00:00,2.9,31.3,1.0,Tema Community 3 SSNIT Flat,tabular,seasonal_naive_336h,h336,2026-01-04T23:00:00,2026-01-18T23:00:00,2026-02-15T23:00:00,,,42.0
2026-02-13 16:00:00,10.6,32.7,1.0,Tema Community 3 SSNIT Flat,tabular,seasonal_naive_336h,h336,2026-01-04T23:00:00,2026-01-18T23:00:00,2026-02-15T23:00:00,,,42.0
2026-02-13 17:00:00,2.5,33.7,1.0,Tema Community 3 SSNIT Flat,tabular,seasonal_naive_336h,h336,2026-01-04T23:00:00,2026-01-18T23:00:00,2026-02-15T23:00:00,,,42.0
2026-02-13 18:00:00,3.7,34.7,1.0,Tema Community 3 SSNIT Flat,tabular,seasonal_naive_336h,h336,2026-01-04T23:00:00,2026-01-18T23:00:00,2026-02-15T23:00:00,,,42.0
2026-02-13 19:00:00,5.0,34.3,1.0,Tema Community 3 SSNIT Flat,tabular,seasonal_naive_336h,h336,2026-01-04T23:00:00,2026-01-18T23:00:00,2026-02-15T23:00:00,,,42.0
2026-02-13 20:00:00,6.0,33.3,1.0,Tema Community 3 SSNIT Flat,tabular,seasonal_naive_336h,h336,2026-01-04T23:00:00,2026-01-18T23:00:00,2026-02-15T23:00:00,,,42.0
2026-02-13 21:00:00,4.9,32.1,1.0,Tema Community 3 SSNIT Flat,tabular,seasonal_naive_336h,h336,2026-01-04T23:00:00,2026-01-18T23:00:00,2026-02-15T23:00:00,,,42.0
2026-02-13 22:00:00,4.6,41.1,1.0,Tema Community 3 SSNIT Flat,tabular,seasonal_naive_336h,h336,2026-01-04T23:00:00,2026-01-18T23:00:00,2026-02-15T23:00:00,,,42.0
2026-02-13 23:00:00,4.5,34.7,1.0,Tema Community 3 SSNIT Flat,tabular,seasonal_naive_336h,h336,2026-01-04T23:00:00,2026-01-18T23:00:00,2026-02-15T23:00:00,,,42.0
2026-02-14 00:00:00,5.9,37.3,1.0,Tema Community 3 SSNIT Flat,tabular,seasonal_naive_336h,h336,2026-01-04T23:00:00,2026-01-18T23:00:00,2026-02-15T23:00:00,,,42.0
2026-02-14 01:00:00,5.6,43.7,1.0,Tema Community 3 SSNIT Flat,tabular,seasonal_naive_336h,h336,2026-01-04T23:00:00,2026-01-18T23:00:00,2026-02-15T23:00:00,,,42.0
2026-02-14 02:00:00,11.1,50.9,1.0,Tema Community 3 SSNIT Flat,tabular,seasonal_naive_336h,h336,2026-01-04T23:00:00,2026-01-18T23:00:00,2026-02-15T23:00:00,,,42.0
2026-02-14 03:00:00,13.2,64.4,1.0,Tema Community 3 SSNIT Flat,tabular,seasonal_naive_336h,h336,2026-01-04T23:00:00,2026-01-18T23:00:00,2026-02-15T23:00:00,,,42.0
2026-02-14 04:00:00,22.1,77.7,1.0,Tema Community 3 SSNIT Flat,tabular,seasonal_naive_336h,h336,2026-01-04T23:00:00,2026-01-18T23:00:00,2026-02-15T23:00:00,,,42.0
2026-02-14 05:00:00,29.7,54.3,1.0,Tema Community 3 SSNIT Flat,tabular,seasonal_naive_336h,h336,2026-01-04T23:00:00,2026-01-18T23:00:00,2026-02-15T23:00:00,,,42.0
2026-02-14 06:00:00,32.3,54.6,1.0,Tema Community 3 SSNIT Flat,tabular,seasonal_naive_336h,h336,2026-01-04T23:00:00,2026-01-18T23:00:00,2026-02-15T23:00:00,,,42.0
2026-02-14 07:00:00,35.15,83.4,1.0,Tema Community 3 SSNIT Flat,tabular,seasonal_naive_336h,h336,2026-01-04T23:00:00,2026-01-18T23:00:00,2026-02-15T23:00:00,,,42.0
2026-02-14 08:00:00,38.0,50.9,1.0,Tema Community 3 SSNIT Flat,tabular,seasonal_naive_336h,h336,2026-01-04T23:00:00,2026-01-18T23:00:00,2026-02-15T23:00:00,,,42.0
2026-02-14 09:00:00,34.3,46.9,1.0,Tema Community 3 SSNIT Flat,tabular,seasonal_naive_336h,h336,2026-01-04T23:00:00,2026-01-18T23:00:00,2026-02-15T23:00:00,,,42.0
2026-02-14 10:00:00,27.8,44.4,1.0,Tema Community 3 SSNIT Flat,tabular,seasonal_naive_336h,h336,2026-01-04T23:00:00,2026-01-18T23:00:00,2026-02-15T23:00:00,,,42.0
2026-02-14 11:00:00,20.5,37.1,1.0,Tema Community 3 SSNIT Flat,tabular,seasonal_naive_336h,h336,2026-01-04T23:00:00,2026-01-18T23:00:00,2026-02-15T23:00:00,,,42.0
2026-02-14 12:00:00,20.0,33.1,1.0,Tema Community 3 SSNIT Flat,tabular,seasonal_naive_336h,h336,2026-01-04T23:00:00,2026-01-18T23:00:00,2026-02-15T23:00:00,,,42.0
2026-02-14 13:00:00,19.8,33.8,1.0,Tema Community 3 SSNIT Flat,tabular,seasonal_naive_336h,h336,2026-01-04T23:00:00,2026-01-18T23:00:00,2026-02-15T23:00:00,,,42.0
2026-02-14 14:00:00,21.5,32.7,1.0,Tema Community 3 SSNIT Flat,tabular,seasonal_naive_336h,h336,2026-01-04T23:00:00,2026-01-18T23:00:00,2026-02-15T23:00:00,,,42.0
2026-02-14 15:00:00,23.4,33.8,1.0,Tema Community 3 SSNIT Flat,tabular,seasonal_naive_336h,h336,2026-01-04T23:00:00,2026-01-18T23:00:00,2026-02-15T23:00:00,,,42.0
2026-02-14 16:00:00,30.9,34.4,1.0,Tema Community 3 SSNIT Flat,tabular,seasonal_naive_336h,h336,2026-01-04T23:00:00,2026-01-18T23:00:00,2026-02-15T23:00:00,,,42.0
2026-02-14 17:00:00,36.7,35.1,1.0,Tema Community 3 SSNIT Flat,tabular,seasonal_naive_336h,h336,2026-01-04T23:00:00,2026-01-18T23:00:00,2026-02-15T23:00:00,,,42.0
2026-02-14 18:00:00,47.8,37.5,1.0,Tema Community 3 SSNIT Flat,tabular,seasonal_naive_336h,h336,2026-01-04T23:00:00,2026-01-18T23:00:00,2026-02-15T23:00:00,,,42.0
2026-02-14 19:00:00,51.3,37.6,1.0,Tema Community 3 SSNIT Flat,tabular,seasonal_naive_336h,h336,2026-01-04T23:00:00,2026-01-18T23:00:00,2026-02-15T23:00:00,,,42.0
2026-02-14 20:00:00,56.3,40.5,1.0,Tema Community 3 SSNIT Flat,tabular,seasonal_naive_336h,h336,2026-01-04T23:00:00,2026-01-18T23:00:00,2026-02-15T23:00:00,,,42.0
2026-02-14 21:00:00,60.5,44.1,1.0,Tema Community 3 SSNIT Flat,tabular,seasonal_naive_336h,h336,2026-01-04T23:00:00,2026-01-18T23:00:00,2026-02-15T23:00:00,,,42.0
2026-02-14 22:00:00,56.6,47.8,1.0,Tema Community 3 SSNIT Flat,tabular,seasonal_naive_336h,h336,2026-01-04T23:00:00,2026-01-18T23:00:00,2026-02-15T23:00:00,,,42.0
2026-02-14 23:00:00,53.7,41.7,1.0,Tema Community 3 SSNIT Flat,tabular,seasonal_naive_336h,h336,2026-01-04T23:00:00,2026-01-18T23:00:00,2026-02-15T23:00:00,,,42.0
2026-02-15 00:00:00,33.9,39.5,1.0,Tema Community 3 SSNIT Flat,tabular,seasonal_naive_336h,h336,2026-01-04T23:00:00,2026-01-18T23:00:00,2026-02-15T23:00:00,,,42.0
2026-02-15 01:00:00,32.5,44.8,1.0,Tema Community 3 SSNIT Flat,tabular,seasonal_naive_336h,h336,2026-01-04T23:00:00,2026-01-18T23:00:00,2026-02-15T23:00:00,,,42.0
2026-02-15 02:00:00,32.2,51.0,1.0,Tema Community 3 SSNIT Flat,tabular,seasonal_naive_336h,h336,2026-01-04T23:00:00,2026-01-18T23:00:00,2026-02-15T23:00:00,,,42.0
2026-02-15 03:00:00,32.0,53.6,1.0,Tema Community 3 SSNIT Flat,tabular,seasonal_naive_336h,h336,2026-01-04T23:00:00,2026-01-18T23:00:00,2026-02-15T23:00:00,,,42.0
2026-02-15 04:00:00,40.6,44.9,1.0,Tema Community 3 SSNIT Flat,tabular,seasonal_naive_336h,h336,2026-01-04T23:00:00,2026-01-18T23:00:00,2026-02-15T23:00:00,,,42.0
2026-02-15 05:00:00,41.0,43.3,1.0,Tema Community 3 SSNIT Flat,tabular,seasonal_naive_336h,h336,2026-01-04T23:00:00,2026-01-18T23:00:00,2026-02-15T23:00:00,,,42.0
2026-02-15 06:00:00,50.2,58.3,1.0,Tema Community 3 SSNIT Flat,tabular,seasonal_naive_336h,h336,2026-01-04T23:00:00,2026-01-18T23:00:00,2026-02-15T23:00:00,,,42.0
2026-02-15 07:00:00,43.8,83.9,1.0,Tema Community 3 SSNIT Flat,tabular,seasonal_naive_336h,h336,2026-01-04T23:00:00,2026-01-18T23:00:00,2026-02-15T23:00:00,,,42.0
2026-02-15 08:00:00,224.1,66.3,1.0,Tema Community 3 SSNIT Flat,tabular,seasonal_naive_336h,h336,2026-01-04T23:00:00,2026-01-18T23:00:00,2026-02-15T23:00:00,,,42.0
2026-02-15 09:00:00,70.1,50.7,1.0,Tema Community 3 SSNIT Flat,tabular,seasonal_naive_336h,h336,2026-01-04T23:00:00,2026-01-18T23:00:00,2026-02-15T23:00:00,,,42.0
2026-02-15 10:00:00,37.3,47.9,1.0,Tema Community 3 SSNIT Flat,tabular,seasonal_naive_336h,h336,2026-01-04T23:00:00,2026-01-18T23:00:00,2026-02-15T23:00:00,,,42.0
2026-02-15 11:00:00,22.2,41.5,1.0,Tema Community 3 SSNIT Flat,tabular,seasonal_naive_336h,h336,2026-01-04T23:00:00,2026-01-18T23:00:00,2026-02-15T23:00:00,,,42.0
2026-02-15 12:00:00,9.6,36.3,1.0,Tema Community 3 SSNIT Flat,tabular,seasonal_naive_336h,h336,2026-01-04T23:00:00,2026-01-18T23:00:00,2026-02-15T23:00:00,,,42.0
2026-02-15 13:00:00,6.0,36.1,1.0,Tema Community 3 SSNIT Flat,tabular,seasonal_naive_336h,h336,2026-01-04T23:00:00,2026-01-18T23:00:00,2026-02-15T23:00:00,,,42.0
2026-02-15 14:00:00,3.2,35.2,1.0,Tema Community 3 SSNIT Flat,tabular,seasonal_naive_336h,h336,2026-01-04T23:00:00,2026-01-18T23:00:00,2026-02-15T23:00:00,,,42.0
2026-02-15 15:00:00,2.5,37.3,1.0,Tema Community 3 SSNIT Flat,tabular,seasonal_naive_336h,h336,2026-01-04T23:00:00,2026-01-18T23:00:00,2026-02-15T23:00:00,,,42.0
2026-02-15 16:00:00,2.8,36.5,1.0,Tema Community 3 SSNIT Flat,tabular,seasonal_naive_336h,h336,2026-01-04T23:00:00,2026-01-18T23:00:00,2026-02-15T23:00:00,,,42.0
2026-02-15 17:00:00,3.4,36.6,1.0,Tema Community 3 SSNIT Flat,tabular,seasonal_naive_336h,h336,2026-01-04T23:00:00,2026-01-18T23:00:00,2026-02-15T23:00:00,,,42.0
2026-02-15 18:00:00,3.6,39.3,1.0,Tema Community 3 SSNIT Flat,tabular,seasonal_naive_336h,h336,2026-01-04T23:00:00,2026-01-18T23:00:00,2026-02-15T23:00:00,,,42.0
2026-02-15 19:00:00,3.6,39.4,1.0,Tema Community 3 SSNIT Flat,tabular,seasonal_naive_336h,h336,2026-01-04T23:00:00,2026-01-18T23:00:00,2026-02-15T23:00:00,,,42.0
2026-02-15 20:00:00,3.7,40.0,1.0,Tema Community 3 SSNIT Flat,tabular,seasonal_naive_336h,h336,2026-01-04T23:00:00,2026-01-18T23:00:00,2026-02-15T23:00:00,,,42.0
2026-02-15 21:00:00,2.4,38.9,1.0,Tema Community 3 SSNIT Flat,tabular,seasonal_naive_336h,h336,2026-01-04T23:00:00,2026-01-18T23:00:00,2026-02-15T23:00:00,,,42.0
2026-02-15 22:00:00,1.3,40.2,1.0,Tema Community 3 SSNIT Flat,tabular,seasonal_naive_336h,h336,2026-01-04T23:00:00,2026-01-18T23:00:00,2026-02-15T23:00:00,,,42.0
2026-02-15 23:00:00,1.1,44.8,1.0,Tema Community 3 SSNIT Flat,tabular,seasonal_naive_336h,h336,2026-01-04T23:00:00,2026-01-18T23:00:00,2026-02-15T23:00:00,,,42.0
2026-01-18 23:00:00,50.8,30.1,1.0,"Tema Community 7, Royal School",tabular,seasonal_naive_336h,h336,2026-01-04T23:00:00,2026-01-18T23:00:00,2026-02-15T23:00:00,,,42.0
2026-01-19 00:00:00,85.6,32.1,1.0,"Tema Community 7, Royal School",tabular,seasonal_naive_336h,h336,2026-01-04T23:00:00,2026-01-18T23:00:00,2026-02-15T23:00:00,,,42.0
2026-01-19 01:00:00,67.5,33.2,1.0,"Tema Community 7, Royal School",tabular,seasonal_naive_336h,h336,2026-01-04T23:00:00,2026-01-18T23:00:00,2026-02-15T23:00:00,,,42.0
2026-01-19 02:00:00,49.1,41.1,1.0,"Tema Community 7, Royal School",tabular,seasonal_naive_336h,h336,2026-01-04T23:00:00,2026-01-18T23:00:00,2026-02-15T23:00:00,,,42.0
2026-01-19 03:00:00,58.0,38.3,1.0,"Tema Community 7, Royal School",tabular,seasonal_naive_336h,h336,2026-01-04T23:00:00,2026-01-18T23:00:00,2026-02-15T23:00:00,,,42.0
2026-01-19 04:00:00,51.8,39.4,1.0,"Tema Community 7, Royal School",tabular,seasonal_naive_336h,h336,2026-01-04T23:00:00,2026-01-18T23:00:00,2026-02-15T23:00:00,,,42.0
2026-01-19 05:00:00,56.75,60.9,1.0,"Tema Community 7, Royal School",tabular,seasonal_naive_336h,h336,2026-01-04T23:00:00,2026-01-18T23:00:00,2026-02-15T23:00:00,,,42.0
2026-01-19 06:00:00,61.7,61.7,1.0,"Tema Community 7, Royal School",tabular,seasonal_naive_336h,h336,2026-01-04T23:00:00,2026-01-18T23:00:00,2026-02-15T23:00:00,,,42.0
2026-01-19 07:00:00,69.6,60.1,1.0,"Tema Community 7, Royal School",tabular,seasonal_naive_336h,h336,2026-01-04T23:00:00,2026-01-18T23:00:00,2026-02-15T23:00:00,,,42.0
2026-01-19 08:00:00,52.7,43.2,1.0,"Tema Community 7, Royal School",tabular,seasonal_naive_336h,h336,2026-01-04T23:00:00,2026-01-18T23:00:00,2026-02-15T23:00:00,,,42.0
2026-01-19 09:00:00,45.9,46.0,1.0,"Tema Community 7, Royal School",tabular,seasonal_naive_336h,h336,2026-01-04T23:00:00,2026-01-18T23:00:00,2026-02-15T23:00:00,,,42.0
2026-01-19 10:00:00,42.7,38.1,1.0,"Tema Community 7, Royal School",tabular,seasonal_naive_336h,h336,2026-01-04T23:00:00,2026-01-18T23:00:00,2026-02-15T23:00:00,,,42.0
2026-01-19 11:00:00,36.2,32.8,1.0,"Tema Community 7, Royal School",tabular,seasonal_naive_336h,h336,2026-01-04T23:00:00,2026-01-18T23:00:00,2026-02-15T23:00:00,,,42.0
2026-01-19 12:00:00,34.0,30.2,1.0,"Tema Community 7, Royal School",tabular,seasonal_naive_336h,h336,2026-01-04T23:00:00,2026-01-18T23:00:00,2026-02-15T23:00:00,,,42.0
2026-01-19 13:00:00,34.1,26.3,1.0,"Tema Community 7, Royal School",tabular,seasonal_naive_336h,h336,2026-01-04T23:00:00,2026-01-18T23:00:00,2026-02-15T23:00:00,,,42.0
2026-01-19 14:00:00,36.9,25.5,1.0,"Tema Community 7, Royal School",tabular,seasonal_naive_336h,h336,2026-01-04T23:00:00,2026-01-18T23:00:00,2026-02-15T23:00:00,,,42.0
2026-01-19 15:00:00,39.4,29.6,1.0,"Tema Community 7, Royal School",tabular,seasonal_naive_336h,h336,2026-01-04T23:00:00,2026-01-18T23:00:00,2026-02-15T23:00:00,,,42.0
2026-01-19 16:00:00,38.0,42.6,1.0,"Tema Community 7, Royal School",tabular,seasonal_naive_336h,h336,2026-01-04T23:00:00,2026-01-18T23:00:00,2026-02-15T23:00:00,,,42.0
2026-01-19 17:00:00,41.8,38.4,1.0,"Tema Community 7, Royal School",tabular,seasonal_naive_336h,h336,2026-01-04T23:00:00,2026-01-18T23:00:00,2026-02-15T23:00:00,,,42.0
2026-01-19 18:00:00,38.8,36.2,1.0,"Tema Community 7, Royal School",tabular,seasonal_naive_336h,h336,2026-01-04T23:00:00,2026-01-18T23:00:00,2026-02-15T23:00:00,,,42.0
2026-01-19 19:00:00,39.5,72.5,1.0,"Tema Community 7, Royal School",tabular,seasonal_naive_336h,h336,2026-01-04T23:00:00,2026-01-18T23:00:00,2026-02-15T23:00:00,,,42.0
2026-01-19 20:00:00,36.1,90.7,1.0,"Tema Community 7, Royal School",tabular,seasonal_naive_336h,h336,2026-01-04T23:00:00,2026-01-18T23:00:00,2026-02-15T23:00:00,,,42.0
2026-01-19 21:00:00,33.2,43.0,1.0,"Tema Community 7, Royal School",tabular,seasonal_naive_336h,h336,2026-01-04T23:00:00,2026-01-18T23:00:00,2026-02-15T23:00:00,,,42.0
2026-01-19 22:00:00,34.1,51.6,1.0,"Tema Community 7, Royal School",tabular,seasonal_naive_336h,h336,2026-01-04T23:00:00,2026-01-18T23:00:00,2026-02-15T23:00:00,,,42.0
2026-01-19 23:00:00,33.8,58.6,1.0,"Tema Community 7, Royal School",tabular,seasonal_naive_336h,h336,2026-01-04T23:00:00,2026-01-18T23:00:00,2026-02-15T23:00:00,,,42.0
2026-01-20 00:00:00,37.2,52.9,1.0,"Tema Community 7, Royal School",tabular,seasonal_naive_336h,h336,2026-01-04T23:00:00,2026-01-18T23:00:00,2026-02-15T23:00:00,,,42.0
2026-01-20 01:00:00,34.7,46.4,1.0,"Tema Community 7, Royal School",tabular,seasonal_naive_336h,h336,2026-01-04T23:00:00,2026-01-18T23:00:00,2026-02-15T23:00:00,,,42.0
2026-01-20 02:00:00,32.0,42.5,1.0,"Tema Community 7, Royal School",tabular,seasonal_naive_336h,h336,2026-01-04T23:00:00,2026-01-18T23:00:00,2026-02-15T23:00:00,,,42.0
2026-01-20 03:00:00,37.3,41.8,1.0,"Tema Community 7, Royal School",tabular,seasonal_naive_336h,h336,2026-01-04T23:00:00,2026-01-18T23:00:00,2026-02-15T23:00:00,,,42.0
2026-01-20 04:00:00,38.3,45.2,1.0,"Tema Community 7, Royal School",tabular,seasonal_naive_336h,h336,2026-01-04T23:00:00,2026-01-18T23:00:00,2026-02-15T23:00:00,,,42.0
2026-01-20 05:00:00,39.1,62.0,1.0,"Tema Community 7, Royal School",tabular,seasonal_naive_336h,h336,2026-01-04T23:00:00,2026-01-18T23:00:00,2026-02-15T23:00:00,,,42.0
2026-01-20 06:00:00,48.9,67.4,1.0,"Tema Community 7, Royal School",tabular,seasonal_naive_336h,h336,2026-01-04T23:00:00,2026-01-18T23:00:00,2026-02-15T23:00:00,,,42.0
2026-01-20 07:00:00,44.1,50.1,1.0,"Tema Community 7, Royal School",tabular,seasonal_naive_336h,h336,2026-01-04T23:00:00,2026-01-18T23:00:00,2026-02-15T23:00:00,,,42.0
2026-01-20 08:00:00,39.0,38.4,1.0,"Tema Community 7, Royal School",tabular,seasonal_naive_336h,h336,2026-01-04T23:00:00,2026-01-18T23:00:00,2026-02-15T23:00:00,,,42.0
2026-01-20 09:00:00,40.6,35.9,1.0,"Tema Community 7, Royal School",tabular,seasonal_naive_336h,h336,2026-01-04T23:00:00,2026-01-18T23:00:00,2026-02-15T23:00:00,,,42.0
2026-01-20 10:00:00,37.6,28.8,1.0,"Tema Community 7, Royal School",tabular,seasonal_naive_336h,h336,2026-01-04T23:00:00,2026-01-18T23:00:00,2026-02-15T23:00:00,,,42.0
2026-01-20 11:00:00,35.9,28.8,1.0,"Tema Community 7, Royal School",tabular,seasonal_naive_336h,h336,2026-01-04T23:00:00,2026-01-18T23:00:00,2026-02-15T23:00:00,,,42.0
2026-01-20 12:00:00,37.9,22.1,1.0,"Tema Community 7, Royal School",tabular,seasonal_naive_336h,h336,2026-01-04T23:00:00,2026-01-18T23:00:00,2026-02-15T23:00:00,,,42.0
2026-01-20 13:00:00,34.8,21.8,1.0,"Tema Community 7, Royal School",tabular,seasonal_naive_336h,h336,2026-01-04T23:00:00,2026-01-18T23:00:00,2026-02-15T23:00:00,,,42.0
2026-01-20 14:00:00,36.1,27.2,1.0,"Tema Community 7, Royal School",tabular,seasonal_naive_336h,h336,2026-01-04T23:00:00,2026-01-18T23:00:00,2026-02-15T23:00:00,,,42.0
2026-01-20 15:00:00,34.6,29.4,1.0,"Tema Community 7, Royal School",tabular,seasonal_naive_336h,h336,2026-01-04T23:00:00,2026-01-18T23:00:00,2026-02-15T23:00:00,,,42.0
2026-01-20 16:00:00,35.1,25.2,1.0,"Tema Community 7, Royal School",tabular,seasonal_naive_336h,h336,2026-01-04T23:00:00,2026-01-18T23:00:00,2026-02-15T23:00:00,,,42.0
2026-01-20 17:00:00,41.1,24.8,1.0,"Tema Community 7, Royal School",tabular,seasonal_naive_336h,h336,2026-01-04T23:00:00,2026-01-18T23:00:00,2026-02-15T23:00:00,,,42.0
2026-01-20 18:00:00,45.3,27.4,1.0,"Tema Community 7, Royal School",tabular,seasonal_naive_336h,h336,2026-01-04T23:00:00,2026-01-18T23:00:00,2026-02-15T23:00:00,,,42.0
2026-01-20 19:00:00,56.2,25.9,1.0,"Tema Community 7, Royal School",tabular,seasonal_naive_336h,h336,2026-01-04T23:00:00,2026-01-18T23:00:00,2026-02-15T23:00:00,,,42.0
2026-01-20 20:00:00,46.8,30.3,1.0,"Tema Community 7, Royal School",tabular,seasonal_naive_336h,h336,2026-01-04T23:00:00,2026-01-18T23:00:00,2026-02-15T23:00:00,,,42.0
2026-01-20 21:00:00,42.3,33.8,1.0,"Tema Community 7, Royal School",tabular,seasonal_naive_336h,h336,2026-01-04T23:00:00,2026-01-18T23:00:00,2026-02-15T23:00:00,,,42.0
2026-01-20 22:00:00,21.5,33.5,1.0,"Tema Community 7, Royal School",tabular,seasonal_naive_336h,h336,2026-01-04T23:00:00,2026-01-18T23:00:00,2026-02-15T23:00:00,,,42.0
2026-01-20 23:00:00,12.0,33.5,1.0,"Tema Community 7, Royal School",tabular,seasonal_naive_336h,h336,2026-01-04T23:00:00,2026-01-18T23:00:00,2026-02-15T23:00:00,,,42.0
2026-01-21 00:00:00,14.8,57.4,1.0,"Tema Community 7, Royal School",tabular,seasonal_naive_336h,h336,2026-01-04T23:00:00,2026-01-18T23:00:00,2026-02-15T23:00:00,,,42.0
2026-01-21 01:00:00,23.7,35.5,1.0,"Tema Community 7, Royal School",tabular,seasonal_naive_336h,h336,2026-01-04T23:00:00,2026-01-18T23:00:00,2026-02-15T23:00:00,,,42.0
2026-01-21 02:00:00,18.1,48.0,1.0,"Tema Community 7, Royal School",tabular,seasonal_naive_336h,h336,2026-01-04T23:00:00,2026-01-18T23:00:00,2026-02-15T23:00:00,,,42.0
2026-01-21 03:00:00,23.1,39.3,1.0,"Tema Community 7, Royal School",tabular,seasonal_naive_336h,h336,2026-01-04T23:00:00,2026-01-18T23:00:00,2026-02-15T23:00:00,,,42.0
2026-01-21 04:00:00,163.8,51.3,1.0,"Tema Community 7, Royal School",tabular,seasonal_naive_336h,h336,2026-01-04T23:00:00,2026-01-18T23:00:00,2026-02-15T23:00:00,,,42.0
2026-01-21 05:00:00,190.1,46.6,1.0,"Tema Community 7, Royal School",tabular,seasonal_naive_336h,h336,2026-01-04T23:00:00,2026-01-18T23:00:00,2026-02-15T23:00:00,,,42.0
2026-01-21 06:00:00,89.7,63.8,1.0,"Tema Community 7, Royal School",tabular,seasonal_naive_336h,h336,2026-01-04T23:00:00,2026-01-18T23:00:00,2026-02-15T23:00:00,,,42.0
2026-01-21 07:00:00,61.8,54.8,1.0,"Tema Community 7, Royal School",tabular,seasonal_naive_336h,h336,2026-01-04T23:00:00,2026-01-18T23:00:00,2026-02-15T23:00:00,,,42.0
2026-01-21 08:00:00,46.2,39.0,1.0,"Tema Community 7, Royal School",tabular,seasonal_naive_336h,h336,2026-01-04T23:00:00,2026-01-18T23:00:00,2026-02-15T23:00:00,,,42.0
2026-01-21 09:00:00,31.8,34.0,1.0,"Tema Community 7, Royal School",tabular,seasonal_naive_336h,h336,2026-01-04T23:00:00,2026-01-18T23:00:00,2026-02-15T23:00:00,,,42.0
2026-01-21 10:00:00,30.3,22.1,1.0,"Tema Community 7, Royal School",tabular,seasonal_naive_336h,h336,2026-01-04T23:00:00,2026-01-18T23:00:00,2026-02-15T23:00:00,,,42.0
2026-01-21 11:00:00,34.2,21.3,1.0,"Tema Community 7, Royal School",tabular,seasonal_naive_336h,h336,2026-01-04T23:00:00,2026-01-18T23:00:00,2026-02-15T23:00:00,,,42.0
2026-01-21 12:00:00,42.8,20.9,1.0,"Tema Community 7, Royal School",tabular,seasonal_naive_336h,h336,2026-01-04T23:00:00,2026-01-18T23:00:00,2026-02-15T23:00:00,,,42.0
2026-01-21 13:00:00,31.2,22.6,1.0,"Tema Community 7, Royal School",tabular,seasonal_naive_336h,h336,2026-01-04T23:00:00,2026-01-18T23:00:00,2026-02-15T23:00:00,,,42.0
2026-01-21 14:00:00,31.7,20.4,1.0,"Tema Community 7, Royal School",tabular,seasonal_naive_336h,h336,2026-01-04T23:00:00,2026-01-18T23:00:00,2026-02-15T23:00:00,,,42.0
2026-01-21 15:00:00,30.3,23.0,1.0,"Tema Community 7, Royal School",tabular,seasonal_naive_336h,h336,2026-01-04T23:00:00,2026-01-18T23:00:00,2026-02-15T23:00:00,,,42.0
2026-01-21 16:00:00,29.8,22.1,1.0,"Tema Community 7, Royal School",tabular,seasonal_naive_336h,h336,2026-01-04T23:00:00,2026-01-18T23:00:00,2026-02-15T23:00:00,,,42.0
2026-01-21 17:00:00,32.6,26.5,1.0,"Tema Community 7, Royal School",tabular,seasonal_naive_336h,h336,2026-01-04T23:00:00,2026-01-18T23:00:00,2026-02-15T23:00:00,,,42.0
2026-01-21 18:00:00,35.0,32.3,1.0,"Tema Community 7, Royal School",tabular,seasonal_naive_336h,h336,2026-01-04T23:00:00,2026-01-18T23:00:00,2026-02-15T23:00:00,,,42.0
2026-01-21 19:00:00,34.4,27.7,1.0,"Tema Community 7, Royal School",tabular,seasonal_naive_336h,h336,2026-01-04T23:00:00,2026-01-18T23:00:00,2026-02-15T23:00:00,,,42.0
2026-01-21 20:00:00,34.5,30.5,1.0,"Tema Community 7, Royal School",tabular,seasonal_naive_336h,h336,2026-01-04T23:00:00,2026-01-18T23:00:00,2026-02-15T23:00:00,,,42.0
2026-01-21 21:00:00,35.8,27.9,1.0,"Tema Community 7, Royal School",tabular,seasonal_naive_336h,h336,2026-01-04T23:00:00,2026-01-18T23:00:00,2026-02-15T23:00:00,,,42.0
2026-01-21 22:00:00,33.7,25.6,1.0,"Tema Community 7, Royal School",tabular,seasonal_naive_336h,h336,2026-01-04T23:00:00,2026-01-18T23:00:00,2026-02-15T23:00:00,,,42.0
2026-01-21 23:00:00,33.3,28.1,1.0,"Tema Community 7, Royal School",tabular,seasonal_naive_336h,h336,2026-01-04T23:00:00,2026-01-18T23:00:00,2026-02-15T23:00:00,,,42.0
2026-01-22 00:00:00,32.6,28.0,1.0,"Tema Community 7, Royal School",tabular,seasonal_naive_336h,h336,2026-01-04T23:00:00,2026-01-18T23:00:00,2026-02-15T23:00:00,,,42.0
2026-01-22 01:00:00,31.1,27.4,1.0,"Tema Community 7, Royal School",tabular,seasonal_naive_336h,h336,2026-01-04T23:00:00,2026-01-18T23:00:00,2026-02-15T23:00:00,,,42.0
2026-01-22 02:00:00,31.5,27.7,1.0,"Tema Community 7, Royal School",tabular,seasonal_naive_336h,h336,2026-01-04T23:00:00,2026-01-18T23:00:00,2026-02-15T23:00:00,,,42.0
2026-01-22 03:00:00,30.7,41.7,1.0,"Tema Community 7, Royal School",tabular,seasonal_naive_336h,h336,2026-01-04T23:00:00,2026-01-18T23:00:00,2026-02-15T23:00:00,,,42.0
2026-01-22 04:00:00,34.2,43.1,1.0,"Tema Community 7, Royal School",tabular,seasonal_naive_336h,h336,2026-01-04T23:00:00,2026-01-18T23:00:00,2026-02-15T23:00:00,,,42.0
2026-01-22 05:00:00,41.8,88.3,1.0,"Tema Community 7, Royal School",tabular,seasonal_naive_336h,h336,2026-01-04T23:00:00,2026-01-18T23:00:00,2026-02-15T23:00:00,,,42.0
2026-01-22 06:00:00,44.9,69.9,1.0,"Tema Community 7, Royal School",tabular,seasonal_naive_336h,h336,2026-01-04T23:00:00,2026-01-18T23:00:00,2026-02-15T23:00:00,,,42.0
2026-01-22 07:00:00,47.1,50.8,1.0,"Tema Community 7, Royal School",tabular,seasonal_naive_336h,h336,2026-01-04T23:00:00,2026-01-18T23:00:00,2026-02-15T23:00:00,,,42.0
2026-01-22 08:00:00,38.4,32.5,1.0,"Tema Community 7, Royal School",tabular,seasonal_naive_336h,h336,2026-01-04T23:00:00,2026-01-18T23:00:00,2026-02-15T23:00:00,,,42.0
2026-01-22 09:00:00,35.8,32.6,1.0,"Tema Community 7, Royal School",tabular,seasonal_naive_336h,h336,2026-01-04T23:00:00,2026-01-18T23:00:00,2026-02-15T23:00:00,,,42.0
2026-01-22 10:00:00,39.0,35.0,1.0,"Tema Community 7, Royal School",tabular,seasonal_naive_336h,h336,2026-01-04T23:00:00,2026-01-18T23:00:00,2026-02-15T23:00:00,,,42.0
2026-01-22 11:00:00,44.5,25.6,1.0,"Tema Community 7, Royal School",tabular,seasonal_naive_336h,h336,2026-01-04T23:00:00,2026-01-18T23:00:00,2026-02-15T23:00:00,,,42.0
2026-01-22 12:00:00,44.2,21.4,1.0,"Tema Community 7, Royal School",tabular,seasonal_naive_336h,h336,2026-01-04T23:00:00,2026-01-18T23:00:00,2026-02-15T23:00:00,,,42.0
2026-01-22 13:00:00,40.9,18.4,1.0,"Tema Community 7, Royal School",tabular,seasonal_naive_336h,h336,2026-01-04T23:00:00,2026-01-18T23:00:00,2026-02-15T23:00:00,,,42.0
2026-01-22 14:00:00,35.9,17.9,1.0,"Tema Community 7, Royal School",tabular,seasonal_naive_336h,h336,2026-01-04T23:00:00,2026-01-18T23:00:00,2026-02-15T23:00:00,,,42.0
2026-01-22 15:00:00,31.8,25.2,1.0,"Tema Community 7, Royal School",tabular,seasonal_naive_336h,h336,2026-01-04T23:00:00,2026-01-18T23:00:00,2026-02-15T23:00:00,,,42.0
2026-01-22 16:00:00,27.5,29.4,1.0,"Tema Community 7, Royal School",tabular,seasonal_naive_336h,h336,2026-01-04T23:00:00,2026-01-18T23:00:00,2026-02-15T23:00:00,,,42.0
2026-01-22 17:00:00,29.5,26.5,1.0,"Tema Community 7, Royal School",tabular,seasonal_naive_336h,h336,2026-01-04T23:00:00,2026-01-18T23:00:00,2026-02-15T23:00:00,,,42.0
2026-01-22 18:00:00,33.7,27.9,1.0,"Tema Community 7, Royal School",tabular,seasonal_naive_336h,h336,2026-01-04T23:00:00,2026-01-18T23:00:00,2026-02-15T23:00:00,,,42.0
2026-01-22 19:00:00,29.8,25.8,1.0,"Tema Community 7, Royal School",tabular,seasonal_naive_336h,h336,2026-01-04T23:00:00,2026-01-18T23:00:00,2026-02-15T23:00:00,,,42.0
2026-01-22 20:00:00,32.7,29.5,1.0,"Tema Community 7, Royal School",tabular,seasonal_naive_336h,h336,2026-01-04T23:00:00,2026-01-18T23:00:00,2026-02-15T23:00:00,,,42.0
2026-01-22 21:00:00,31.7,32.7,1.0,"Tema Community 7, Royal School",tabular,seasonal_naive_336h,h336,2026-01-04T23:00:00,2026-01-18T23:00:00,2026-02-15T23:00:00,,,42.0
2026-01-22 22:00:00,30.3,30.2,1.0,"Tema Community 7, Royal School",tabular,seasonal_naive_336h,h336,2026-01-04T23:00:00,2026-01-18T23:00:00,2026-02-15T23:00:00,,,42.0
2026-01-22 23:00:00,30.2,28.0,1.0,"Tema Community 7, Royal School",tabular,seasonal_naive_336h,h336,2026-01-04T23:00:00,2026-01-18T23:00:00,2026-02-15T23:00:00,,,42.0
2026-01-23 00:00:00,28.5,26.5,1.0,"Tema Community 7, Royal School",tabular,seasonal_naive_336h,h336,2026-01-04T23:00:00,2026-01-18T23:00:00,2026-02-15T23:00:00,,,42.0
2026-01-23 01:00:00,29.9,28.6,1.0,"Tema Community 7, Royal School",tabular,seasonal_naive_336h,h336,2026-01-04T23:00:00,2026-01-18T23:00:00,2026-02-15T23:00:00,,,42.0
2026-01-23 02:00:00,39.9,33.0,1.0,"Tema Community 7, Royal School",tabular,seasonal_naive_336h,h336,2026-01-04T23:00:00,2026-01-18T23:00:00,2026-02-15T23:00:00,,,42.0
2026-01-23 03:00:00,45.6,39.5,1.0,"Tema Community 7, Royal School",tabular,seasonal_naive_336h,h336,2026-01-04T23:00:00,2026-01-18T23:00:00,2026-02-15T23:00:00,,,42.0
2026-01-23 04:00:00,72.4,41.9,1.0,"Tema Community 7, Royal School",tabular,seasonal_naive_336h,h336,2026-01-04T23:00:00,2026-01-18T23:00:00,2026-02-15T23:00:00,,,42.0
2026-01-23 05:00:00,66.4,46.0,1.0,"Tema Community 7, Royal School",tabular,seasonal_naive_336h,h336,2026-01-04T23:00:00,2026-01-18T23:00:00,2026-02-15T23:00:00,,,42.0
2026-01-23 06:00:00,93.3,46.0,1.0,"Tema Community 7, Royal School",tabular,seasonal_naive_336h,h336,2026-01-04T23:00:00,2026-01-18T23:00:00,2026-02-15T23:00:00,,,42.0
2026-01-23 07:00:00,101.2,44.9,1.0,"Tema Community 7, Royal School",tabular,seasonal_naive_336h,h336,2026-01-04T23:00:00,2026-01-18T23:00:00,2026-02-15T23:00:00,,,42.0
2026-01-23 08:00:00,50.6,35.6,1.0,"Tema Community 7, Royal School",tabular,seasonal_naive_336h,h336,2026-01-04T23:00:00,2026-01-18T23:00:00,2026-02-15T23:00:00,,,42.0
2026-01-23 09:00:00,40.2,38.5,1.0,"Tema Community 7, Royal School",tabular,seasonal_naive_336h,h336,2026-01-04T23:00:00,2026-01-18T23:00:00,2026-02-15T23:00:00,,,42.0
2026-01-23 10:00:00,42.0,29.3,1.0,"Tema Community 7, Royal School",tabular,seasonal_naive_336h,h336,2026-01-04T23:00:00,2026-01-18T23:00:00,2026-02-15T23:00:00,,,42.0
2026-01-23 11:00:00,37.4,27.5,1.0,"Tema Community 7, Royal School",tabular,seasonal_naive_336h,h336,2026-01-04T23:00:00,2026-01-18T23:00:00,2026-02-15T23:00:00,,,42.0
2026-01-23 12:00:00,29.6,26.9,1.0,"Tema Community 7, Royal School",tabular,seasonal_naive_336h,h336,2026-01-04T23:00:00,2026-01-18T23:00:00,2026-02-15T23:00:00,,,42.0
2026-01-23 13:00:00,27.7,23.5,1.0,"Tema Community 7, Royal School",tabular,seasonal_naive_336h,h336,2026-01-04T23:00:00,2026-01-18T23:00:00,2026-02-15T23:00:00,,,42.0
2026-01-23 14:00:00,27.0,21.7,1.0,"Tema Community 7, Royal School",tabular,seasonal_naive_336h,h336,2026-01-04T23:00:00,2026-01-18T23:00:00,2026-02-15T23:00:00,,,42.0
2026-01-23 15:00:00,25.1,25.9,1.0,"Tema Community 7, Royal School",tabular,seasonal_naive_336h,h336,2026-01-04T23:00:00,2026-01-18T23:00:00,2026-02-15T23:00:00,,,42.0
2026-01-23 16:00:00,24.0,30.4,1.0,"Tema Community 7, Royal School",tabular,seasonal_naive_336h,h336,2026-01-04T23:00:00,2026-01-18T23:00:00,2026-02-15T23:00:00,,,42.0
2026-01-23 17:00:00,23.8,24.9,1.0,"Tema Community 7, Royal School",tabular,seasonal_naive_336h,h336,2026-01-04T23:00:00,2026-01-18T23:00:00,2026-02-15T23:00:00,,,42.0
2026-01-23 18:00:00,28.7,35.2,1.0,"Tema Community 7, Royal School",tabular,seasonal_naive_336h,h336,2026-01-04T23:00:00,2026-01-18T23:00:00,2026-02-15T23:00:00,,,42.0
2026-01-23 19:00:00,38.5,31.9,1.0,"Tema Community 7, Royal School",tabular,seasonal_naive_336h,h336,2026-01-04T23:00:00,2026-01-18T23:00:00,2026-02-15T23:00:00,,,42.0
2026-01-23 20:00:00,34.1,27.7,1.0,"Tema Community 7, Royal School",tabular,seasonal_naive_336h,h336,2026-01-04T23:00:00,2026-01-18T23:00:00,2026-02-15T23:00:00,,,42.0
2026-01-23 21:00:00,47.7,27.1,1.0,"Tema Community 7, Royal School",tabular,seasonal_naive_336h,h336,2026-01-04T23:00:00,2026-01-18T23:00:00,2026-02-15T23:00:00,,,42.0
2026-01-23 22:00:00,56.6,26.6,1.0,"Tema Community 7, Royal School",tabular,seasonal_naive_336h,h336,2026-01-04T23:00:00,2026-01-18T23:00:00,2026-02-15T23:00:00,,,42.0
2026-01-23 23:00:00,43.6,23.5,1.0,"Tema Community 7, Royal School",tabular,seasonal_naive_336h,h336,2026-01-04T23:00:00,2026-01-18T23:00:00,2026-02-15T23:00:00,,,42.0
2026-01-24 00:00:00,45.0,21.9,1.0,"Tema Community 7, Royal School",tabular,seasonal_naive_336h,h336,2026-01-04T23:00:00,2026-01-18T23:00:00,2026-02-15T23:00:00,,,42.0
2026-01-24 01:00:00,46.6,21.1,1.0,"Tema Community 7, Royal School",tabular,seasonal_naive_336h,h336,2026-01-04T23:00:00,2026-01-18T23:00:00,2026-02-15T23:00:00,,,42.0
2026-01-24 02:00:00,46.1,41.9,1.0,"Tema Community 7, Royal School",tabular,seasonal_naive_336h,h336,2026-01-04T23:00:00,2026-01-18T23:00:00,2026-02-15T23:00:00,,,42.0
2026-01-24 03:00:00,44.9,50.2,1.0,"Tema Community 7, Royal School",tabular,seasonal_naive_336h,h336,2026-01-04T23:00:00,2026-01-18T23:00:00,2026-02-15T23:00:00,,,42.0
2026-01-24 04:00:00,44.7,45.3,1.0,"Tema Community 7, Royal School",tabular,seasonal_naive_336h,h336,2026-01-04T23:00:00,2026-01-18T23:00:00,2026-02-15T23:00:00,,,42.0
2026-01-24 05:00:00,42.3,35.8,1.0,"Tema Community 7, Royal School",tabular,seasonal_naive_336h,h336,2026-01-04T23:00:00,2026-01-18T23:00:00,2026-02-15T23:00:00,,,42.0
2026-01-24 06:00:00,57.3,49.9,1.0,"Tema Community 7, Royal School",tabular,seasonal_naive_336h,h336,2026-01-04T23:00:00,2026-01-18T23:00:00,2026-02-15T23:00:00,,,42.0
2026-01-24 07:00:00,44.7,46.4,1.0,"Tema Community 7, Royal School",tabular,seasonal_naive_336h,h336,2026-01-04T23:00:00,2026-01-18T23:00:00,2026-02-15T23:00:00,,,42.0
2026-01-24 08:00:00,43.2,40.8,1.0,"Tema Community 7, Royal School",tabular,seasonal_naive_336h,h336,2026-01-04T23:00:00,2026-01-18T23:00:00,2026-02-15T23:00:00,,,42.0
2026-01-24 09:00:00,38.9,40.9,1.0,"Tema Community 7, Royal School",tabular,seasonal_naive_336h,h336,2026-01-04T23:00:00,2026-01-18T23:00:00,2026-02-15T23:00:00,,,42.0
2026-01-24 10:00:00,38.4,38.1,1.0,"Tema Community 7, Royal School",tabular,seasonal_naive_336h,h336,2026-01-04T23:00:00,2026-01-18T23:00:00,2026-02-15T23:00:00,,,42.0
2026-01-24 11:00:00,41.9,28.5,1.0,"Tema Community 7, Royal School",tabular,seasonal_naive_336h,h336,2026-01-04T23:00:00,2026-01-18T23:00:00,2026-02-15T23:00:00,,,42.0
2026-01-24 12:00:00,33.4,18.3,1.0,"Tema Community 7, Royal School",tabular,seasonal_naive_336h,h336,2026-01-04T23:00:00,2026-01-18T23:00:00,2026-02-15T23:00:00,,,42.0
2026-01-24 13:00:00,32.9,16.3,1.0,"Tema Community 7, Royal School",tabular,seasonal_naive_336h,h336,2026-01-04T23:00:00,2026-01-18T23:00:00,2026-02-15T23:00:00,,,42.0
2026-01-24 14:00:00,31.3,12.9,1.0,"Tema Community 7, Royal School",tabular,seasonal_naive_336h,h336,2026-01-04T23:00:00,2026-01-18T23:00:00,2026-02-15T23:00:00,,,42.0
2026-01-24 15:00:00,30.2,17.5,1.0,"Tema Community 7, Royal School",tabular,seasonal_naive_336h,h336,2026-01-04T23:00:00,2026-01-18T23:00:00,2026-02-15T23:00:00,,,42.0
2026-01-24 16:00:00,30.6,23.2,1.0,"Tema Community 7, Royal School",tabular,seasonal_naive_336h,h336,2026-01-04T23:00:00,2026-01-18T23:00:00,2026-02-15T23:00:00,,,42.0
2026-01-24 17:00:00,29.0,21.1,1.0,"Tema Community 7, Royal School",tabular,seasonal_naive_336h,h336,2026-01-04T23:00:00,2026-01-18T23:00:00,2026-02-15T23:00:00,,,42.0
2026-01-24 18:00:00,36.7,30.4,1.0,"Tema Community 7, Royal School",tabular,seasonal_naive_336h,h336,2026-01-04T23:00:00,2026-01-18T23:00:00,2026-02-15T23:00:00,,,42.0
2026-01-24 19:00:00,36.6,43.4,1.0,"Tema Community 7, Royal School",tabular,seasonal_naive_336h,h336,2026-01-04T23:00:00,2026-01-18T23:00:00,2026-02-15T23:00:00,,,42.0
2026-01-24 20:00:00,32.9,45.3,1.0,"Tema Community 7, Royal School",tabular,seasonal_naive_336h,h336,2026-01-04T23:00:00,2026-01-18T23:00:00,2026-02-15T23:00:00,,,42.0
2026-01-24 21:00:00,39.4,33.0,1.0,"Tema Community 7, Royal School",tabular,seasonal_naive_336h,h336,2026-01-04T23:00:00,2026-01-18T23:00:00,2026-02-15T23:00:00,,,42.0
2026-01-24 22:00:00,33.1,33.5,1.0,"Tema Community 7, Royal School",tabular,seasonal_naive_336h,h336,2026-01-04T23:00:00,2026-01-18T23:00:00,2026-02-15T23:00:00,,,42.0
2026-01-24 23:00:00,34.7,34.7,1.0,"Tema Community 7, Royal School",tabular,seasonal_naive_336h,h336,2026-01-04T23:00:00,2026-01-18T23:00:00,2026-02-15T23:00:00,,,42.0
2026-01-25 00:00:00,37.3,31.9,1.0,"Tema Community 7, Royal School",tabular,seasonal_naive_336h,h336,2026-01-04T23:00:00,2026-01-18T23:00:00,2026-02-15T23:00:00,,,42.0
2026-01-25 01:00:00,34.5,29.0,1.0,"Tema Community 7, Royal School",tabular,seasonal_naive_336h,h336,2026-01-04T23:00:00,2026-01-18T23:00:00,2026-02-15T23:00:00,,,42.0
2026-01-25 02:00:00,36.8,17.6,1.0,"Tema Community 7, Royal School",tabular,seasonal_naive_336h,h336,2026-01-04T23:00:00,2026-01-18T23:00:00,2026-02-15T23:00:00,,,42.0
2026-01-25 03:00:00,43.3,15.5,1.0,"Tema Community 7, Royal School",tabular,seasonal_naive_336h,h336,2026-01-04T23:00:00,2026-01-18T23:00:00,2026-02-15T23:00:00,,,42.0
2026-01-25 04:00:00,38.0,24.2,1.0,"Tema Community 7, Royal School",tabular,seasonal_naive_336h,h336,2026-01-04T23:00:00,2026-01-18T23:00:00,2026-02-15T23:00:00,,,42.0
2026-01-25 05:00:00,35.7,25.0,1.0,"Tema Community 7, Royal School",tabular,seasonal_naive_336h,h336,2026-01-04T23:00:00,2026-01-18T23:00:00,2026-02-15T23:00:00,,,42.0
2026-01-25 06:00:00,60.8,42.6,1.0,"Tema Community 7, Royal School",tabular,seasonal_naive_336h,h336,2026-01-04T23:00:00,2026-01-18T23:00:00,2026-02-15T23:00:00,,,42.0
2026-01-25 07:00:00,71.8,36.2,1.0,"Tema Community 7, Royal School",tabular,seasonal_naive_336h,h336,2026-01-04T23:00:00,2026-01-18T23:00:00,2026-02-15T23:00:00,,,42.0
2026-01-25 08:00:00,41.6,29.6,1.0,"Tema Community 7, Royal School",tabular,seasonal_naive_336h,h336,2026-01-04T23:00:00,2026-01-18T23:00:00,2026-02-15T23:00:00,,,42.0
2026-01-25 09:00:00,43.5,28.6,1.0,"Tema Community 7, Royal School",tabular,seasonal_naive_336h,h336,2026-01-04T23:00:00,2026-01-18T23:00:00,2026-02-15T23:00:00,,,42.0
2026-01-25 10:00:00,50.2,28.5,1.0,"Tema Community 7, Royal School",tabular,seasonal_naive_336h,h336,2026-01-04T23:00:00,2026-01-18T23:00:00,2026-02-15T23:00:00,,,42.0
2026-01-25 11:00:00,51.8,24.8,1.0,"Tema Community 7, Royal School",tabular,seasonal_naive_336h,h336,2026-01-04T23:00:00,2026-01-18T23:00:00,2026-02-15T23:00:00,,,42.0
2026-01-25 12:00:00,50.8,21.2,1.0,"Tema Community 7, Royal School",tabular,seasonal_naive_336h,h336,2026-01-04T23:00:00,2026-01-18T23:00:00,2026-02-15T23:00:00,,,42.0
2026-01-25 13:00:00,44.6,20.5,1.0,"Tema Community 7, Royal School",tabular,seasonal_naive_336h,h336,2026-01-04T23:00:00,2026-01-18T23:00:00,2026-02-15T23:00:00,,,42.0
2026-01-25 14:00:00,42.6,20.7,1.0,"Tema Community 7, Royal School",tabular,seasonal_naive_336h,h336,2026-01-04T23:00:00,2026-01-18T23:00:00,2026-02-15T23:00:00,,,42.0
2026-01-25 15:00:00,40.5,22.7,1.0,"Tema Community 7, Royal School",tabular,seasonal_naive_336h,h336,2026-01-04T23:00:00,2026-01-18T23:00:00,2026-02-15T23:00:00,,,42.0
2026-01-25 16:00:00,32.7,31.2,1.0,"Tema Community 7, Royal School",tabular,seasonal_naive_336h,h336,2026-01-04T23:00:00,2026-01-18T23:00:00,2026-02-15T23:00:00,,,42.0
2026-01-25 17:00:00,34.5,21.5,1.0,"Tema Community 7, Royal School",tabular,seasonal_naive_336h,h336,2026-01-04T23:00:00,2026-01-18T23:00:00,2026-02-15T23:00:00,,,42.0
2026-01-25 18:00:00,37.7,27.4,1.0,"Tema Community 7, Royal School",tabular,seasonal_naive_336h,h336,2026-01-04T23:00:00,2026-01-18T23:00:00,2026-02-15T23:00:00,,,42.0
2026-01-25 19:00:00,38.3,23.8,1.0,"Tema Community 7, Royal School",tabular,seasonal_naive_336h,h336,2026-01-04T23:00:00,2026-01-18T23:00:00,2026-02-15T23:00:00,,,42.0
2026-01-25 20:00:00,43.6,26.8,1.0,"Tema Community 7, Royal School",tabular,seasonal_naive_336h,h336,2026-01-04T23:00:00,2026-01-18T23:00:00,2026-02-15T23:00:00,,,42.0
2026-01-25 21:00:00,46.9,27.6,1.0,"Tema Community 7, Royal School",tabular,seasonal_naive_336h,h336,2026-01-04T23:00:00,2026-01-18T23:00:00,2026-02-15T23:00:00,,,42.0
2026-01-25 22:00:00,44.4,23.8,1.0,"Tema Community 7, Royal School",tabular,seasonal_naive_336h,h336,2026-01-04T23:00:00,2026-01-18T23:00:00,2026-02-15T23:00:00,,,42.0
2026-01-25 23:00:00,46.6,27.9,1.0,"Tema Community 7, Royal School",tabular,seasonal_naive_336h,h336,2026-01-04T23:00:00,2026-01-18T23:00:00,2026-02-15T23:00:00,,,42.0
2026-01-26 00:00:00,68.4,25.6,1.0,"Tema Community 7, Royal School",tabular,seasonal_naive_336h,h336,2026-01-04T23:00:00,2026-01-18T23:00:00,2026-02-15T23:00:00,,,42.0
2026-01-26 01:00:00,49.6,23.8,1.0,"Tema Community 7, Royal School",tabular,seasonal_naive_336h,h336,2026-01-04T23:00:00,2026-01-18T23:00:00,2026-02-15T23:00:00,,,42.0
2026-01-26 02:00:00,56.9,31.9,1.0,"Tema Community 7, Royal School",tabular,seasonal_naive_336h,h336,2026-01-04T23:00:00,2026-01-18T23:00:00,2026-02-15T23:00:00,,,42.0
2026-01-26 03:00:00,51.5,46.5,1.0,"Tema Community 7, Royal School",tabular,seasonal_naive_336h,h336,2026-01-04T23:00:00,2026-01-18T23:00:00,2026-02-15T23:00:00,,,42.0
2026-01-26 04:00:00,46.2,48.2,1.0,"Tema Community 7, Royal School",tabular,seasonal_naive_336h,h336,2026-01-04T23:00:00,2026-01-18T23:00:00,2026-02-15T23:00:00,,,42.0
2026-01-26 05:00:00,59.3,39.3,1.0,"Tema Community 7, Royal School",tabular,seasonal_naive_336h,h336,2026-01-04T23:00:00,2026-01-18T23:00:00,2026-02-15T23:00:00,,,42.0
2026-01-26 06:00:00,105.1,41.3,1.0,"Tema Community 7, Royal School",tabular,seasonal_naive_336h,h336,2026-01-04T23:00:00,2026-01-18T23:00:00,2026-02-15T23:00:00,,,42.0
2026-01-26 07:00:00,53.7,40.7,1.0,"Tema Community 7, Royal School",tabular,seasonal_naive_336h,h336,2026-01-04T23:00:00,2026-01-18T23:00:00,2026-02-15T23:00:00,,,42.0
2026-01-26 08:00:00,47.8,37.6,1.0,"Tema Community 7, Royal School",tabular,seasonal_naive_336h,h336,2026-01-04T23:00:00,2026-01-18T23:00:00,2026-02-15T23:00:00,,,42.0
2026-01-26 09:00:00,43.5,38.3,1.0,"Tema Community 7, Royal School",tabular,seasonal_naive_336h,h336,2026-01-04T23:00:00,2026-01-18T23:00:00,2026-02-15T23:00:00,,,42.0
2026-01-26 10:00:00,45.3,34.2,1.0,"Tema Community 7, Royal School",tabular,seasonal_naive_336h,h336,2026-01-04T23:00:00,2026-01-18T23:00:00,2026-02-15T23:00:00,,,42.0
2026-01-26 11:00:00,49.7,21.1,1.0,"Tema Community 7, Royal School",tabular,seasonal_naive_336h,h336,2026-01-04T23:00:00,2026-01-18T23:00:00,2026-02-15T23:00:00,,,42.0
2026-01-26 12:00:00,45.6,21.8,1.0,"Tema Community 7, Royal School",tabular,seasonal_naive_336h,h336,2026-01-04T23:00:00,2026-01-18T23:00:00,2026-02-15T23:00:00,,,42.0
2026-01-26 13:00:00,42.1,21.2,1.0,"Tema Community 7, Royal School",tabular,seasonal_naive_336h,h336,2026-01-04T23:00:00,2026-01-18T23:00:00,2026-02-15T23:00:00,,,42.0
2026-01-26 14:00:00,38.8,20.8,1.0,"Tema Community 7, Royal School",tabular,seasonal_naive_336h,h336,2026-01-04T23:00:00,2026-01-18T23:00:00,2026-02-15T23:00:00,,,42.0
2026-01-26 15:00:00,38.7,24.0,1.0,"Tema Community 7, Royal School",tabular,seasonal_naive_336h,h336,2026-01-04T23:00:00,2026-01-18T23:00:00,2026-02-15T23:00:00,,,42.0
2026-01-26 16:00:00,35.2,22.0,1.0,"Tema Community 7, Royal School",tabular,seasonal_naive_336h,h336,2026-01-04T23:00:00,2026-01-18T23:00:00,2026-02-15T23:00:00,,,42.0
2026-01-26 17:00:00,38.6,21.5,1.0,"Tema Community 7, Royal School",tabular,seasonal_naive_336h,h336,2026-01-04T23:00:00,2026-01-18T23:00:00,2026-02-15T23:00:00,,,42.0
2026-01-26 18:00:00,38.5,27.7,1.0,"Tema Community 7, Royal School",tabular,seasonal_naive_336h,h336,2026-01-04T23:00:00,2026-01-18T23:00:00,2026-02-15T23:00:00,,,42.0
2026-01-26 19:00:00,38.1,29.2,1.0,"Tema Community 7, Royal School",tabular,seasonal_naive_336h,h336,2026-01-04T23:00:00,2026-01-18T23:00:00,2026-02-15T23:00:00,,,42.0
2026-01-26 20:00:00,39.0,24.1,1.0,"Tema Community 7, Royal School",tabular,seasonal_naive_336h,h336,2026-01-04T23:00:00,2026-01-18T23:00:00,2026-02-15T23:00:00,,,42.0
2026-01-26 21:00:00,40.0,35.1,1.0,"Tema Community 7, Royal School",tabular,seasonal_naive_336h,h336,2026-01-04T23:00:00,2026-01-18T23:00:00,2026-02-15T23:00:00,,,42.0
2026-01-26 22:00:00,41.9,35.8,1.0,"Tema Community 7, Royal School",tabular,seasonal_naive_336h,h336,2026-01-04T23:00:00,2026-01-18T23:00:00,2026-02-15T23:00:00,,,42.0
2026-01-26 23:00:00,46.1,28.7,1.0,"Tema Community 7, Royal School",tabular,seasonal_naive_336h,h336,2026-01-04T23:00:00,2026-01-18T23:00:00,2026-02-15T23:00:00,,,42.0
2026-01-27 00:00:00,68.4,32.7,1.0,"Tema Community 7, Royal School",tabular,seasonal_naive_336h,h336,2026-01-04T23:00:00,2026-01-18T23:00:00,2026-02-15T23:00:00,,,42.0
2026-01-27 01:00:00,47.6,33.3,1.0,"Tema Community 7, Royal School",tabular,seasonal_naive_336h,h336,2026-01-04T23:00:00,2026-01-18T23:00:00,2026-02-15T23:00:00,,,42.0
2026-01-27 02:00:00,47.8,22.2,1.0,"Tema Community 7, Royal School",tabular,seasonal_naive_336h,h336,2026-01-04T23:00:00,2026-01-18T23:00:00,2026-02-15T23:00:00,,,42.0
2026-01-27 03:00:00,44.2,31.9,1.0,"Tema Community 7, Royal School",tabular,seasonal_naive_336h,h336,2026-01-04T23:00:00,2026-01-18T23:00:00,2026-02-15T23:00:00,,,42.0
2026-01-27 04:00:00,54.9,47.2,1.0,"Tema Community 7, Royal School",tabular,seasonal_naive_336h,h336,2026-01-04T23:00:00,2026-01-18T23:00:00,2026-02-15T23:00:00,,,42.0
2026-01-27 05:00:00,64.4,61.3,1.0,"Tema Community 7, Royal School",tabular,seasonal_naive_336h,h336,2026-01-04T23:00:00,2026-01-18T23:00:00,2026-02-15T23:00:00,,,42.0
2026-01-27 06:00:00,96.3,78.1,1.0,"Tema Community 7, Royal School",tabular,seasonal_naive_336h,h336,2026-01-04T23:00:00,2026-01-18T23:00:00,2026-02-15T23:00:00,,,42.0
2026-01-27 07:00:00,93.7,64.5,1.0,"Tema Community 7, Royal School",tabular,seasonal_naive_336h,h336,2026-01-04T23:00:00,2026-01-18T23:00:00,2026-02-15T23:00:00,,,42.0
2026-01-27 08:00:00,49.9,28.5,1.0,"Tema Community 7, Royal School",tabular,seasonal_naive_336h,h336,2026-01-04T23:00:00,2026-01-18T23:00:00,2026-02-15T23:00:00,,,42.0
2026-01-27 09:00:00,48.7,23.9,1.0,"Tema Community 7, Royal School",tabular,seasonal_naive_336h,h336,2026-01-04T23:00:00,2026-01-18T23:00:00,2026-02-15T23:00:00,,,42.0
2026-01-27 10:00:00,46.9,21.3,1.0,"Tema Community 7, Royal School",tabular,seasonal_naive_336h,h336,2026-01-04T23:00:00,2026-01-18T23:00:00,2026-02-15T23:00:00,,,42.0
2026-01-27 11:00:00,49.6,18.3,1.0,"Tema Community 7, Royal School",tabular,seasonal_naive_336h,h336,2026-01-04T23:00:00,2026-01-18T23:00:00,2026-02-15T23:00:00,,,42.0
2026-01-27 12:00:00,49.3,17.6,1.0,"Tema Community 7, Royal School",tabular,seasonal_naive_336h,h336,2026-01-04T23:00:00,2026-01-18T23:00:00,2026-02-15T23:00:00,,,42.0
2026-01-27 13:00:00,44.6,17.0,1.0,"Tema Community 7, Royal School",tabular,seasonal_naive_336h,h336,2026-01-04T23:00:00,2026-01-18T23:00:00,2026-02-15T23:00:00,,,42.0
2026-01-27 14:00:00,43.2,15.4,1.0,"Tema Community 7, Royal School",tabular,seasonal_naive_336h,h336,2026-01-04T23:00:00,2026-01-18T23:00:00,2026-02-15T23:00:00,,,42.0
2026-01-27 15:00:00,41.4,20.0,1.0,"Tema Community 7, Royal School",tabular,seasonal_naive_336h,h336,2026-01-04T23:00:00,2026-01-18T23:00:00,2026-02-15T23:00:00,,,42.0
2026-01-27 16:00:00,39.8,13.4,1.0,"Tema Community 7, Royal School",tabular,seasonal_naive_336h,h336,2026-01-04T23:00:00,2026-01-18T23:00:00,2026-02-15T23:00:00,,,42.0
2026-01-27 17:00:00,38.6,14.0,1.0,"Tema Community 7, Royal School",tabular,seasonal_naive_336h,h336,2026-01-04T23:00:00,2026-01-18T23:00:00,2026-02-15T23:00:00,,,42.0
2026-01-27 18:00:00,39.3,26.8,1.0,"Tema Community 7, Royal School",tabular,seasonal_naive_336h,h336,2026-01-04T23:00:00,2026-01-18T23:00:00,2026-02-15T23:00:00,,,42.0
2026-01-27 19:00:00,39.9,25.9,1.0,"Tema Community 7, Royal School",tabular,seasonal_naive_336h,h336,2026-01-04T23:00:00,2026-01-18T23:00:00,2026-02-15T23:00:00,,,42.0
2026-01-27 20:00:00,42.4,24.7,1.0,"Tema Community 7, Royal School",tabular,seasonal_naive_336h,h336,2026-01-04T23:00:00,2026-01-18T23:00:00,2026-02-15T23:00:00,,,42.0
2026-01-27 21:00:00,43.9,24.5,1.0,"Tema Community 7, Royal School",tabular,seasonal_naive_336h,h336,2026-01-04T23:00:00,2026-01-18T23:00:00,2026-02-15T23:00:00,,,42.0
2026-01-27 22:00:00,42.5,29.5,1.0,"Tema Community 7, Royal School",tabular,seasonal_naive_336h,h336,2026-01-04T23:00:00,2026-01-18T23:00:00,2026-02-15T23:00:00,,,42.0
2026-01-27 23:00:00,48.3,31.7,1.0,"Tema Community 7, Royal School",tabular,seasonal_naive_336h,h336,2026-01-04T23:00:00,2026-01-18T23:00:00,2026-02-15T23:00:00,,,42.0
2026-01-28 00:00:00,51.0,26.8,1.0,"Tema Community 7, Royal School",tabular,seasonal_naive_336h,h336,2026-01-04T23:00:00,2026-01-18T23:00:00,2026-02-15T23:00:00,,,42.0
2026-01-28 01:00:00,55.5,37.7,1.0,"Tema Community 7, Royal School",tabular,seasonal_naive_336h,h336,2026-01-04T23:00:00,2026-01-18T23:00:00,2026-02-15T23:00:00,,,42.0
2026-01-28 02:00:00,51.4,44.9,1.0,"Tema Community 7, Royal School",tabular,seasonal_naive_336h,h336,2026-01-04T23:00:00,2026-01-18T23:00:00,2026-02-15T23:00:00,,,42.0
2026-01-28 03:00:00,54.0,55.5,1.0,"Tema Community 7, Royal School",tabular,seasonal_naive_336h,h336,2026-01-04T23:00:00,2026-01-18T23:00:00,2026-02-15T23:00:00,,,42.0
2026-01-28 04:00:00,56.1,54.3,1.0,"Tema Community 7, Royal School",tabular,seasonal_naive_336h,h336,2026-01-04T23:00:00,2026-01-18T23:00:00,2026-02-15T23:00:00,,,42.0
2026-01-28 05:00:00,96.1,96.7,1.0,"Tema Community 7, Royal School",tabular,seasonal_naive_336h,h336,2026-01-04T23:00:00,2026-01-18T23:00:00,2026-02-15T23:00:00,,,42.0
2026-01-28 06:00:00,85.0,88.6,1.0,"Tema Community 7, Royal School",tabular,seasonal_naive_336h,h336,2026-01-04T23:00:00,2026-01-18T23:00:00,2026-02-15T23:00:00,,,42.0
2026-01-28 07:00:00,76.0,72.3,1.0,"Tema Community 7, Royal School",tabular,seasonal_naive_336h,h336,2026-01-04T23:00:00,2026-01-18T23:00:00,2026-02-15T23:00:00,,,42.0
2026-01-28 08:00:00,52.5,36.4,1.0,"Tema Community 7, Royal School",tabular,seasonal_naive_336h,h336,2026-01-04T23:00:00,2026-01-18T23:00:00,2026-02-15T23:00:00,,,42.0
2026-01-28 09:00:00,49.3,24.0,1.0,"Tema Community 7, Royal School",tabular,seasonal_naive_336h,h336,2026-01-04T23:00:00,2026-01-18T23:00:00,2026-02-15T23:00:00,,,42.0
2026-01-28 10:00:00,47.8,19.7,1.0,"Tema Community 7, Royal School",tabular,seasonal_naive_336h,h336,2026-01-04T23:00:00,2026-01-18T23:00:00,2026-02-15T23:00:00,,,42.0
2026-01-28 11:00:00,51.4,17.9,1.0,"Tema Community 7, Royal School",tabular,seasonal_naive_336h,h336,2026-01-04T23:00:00,2026-01-18T23:00:00,2026-02-15T23:00:00,,,42.0
2026-01-28 12:00:00,55.6,18.9,1.0,"Tema Community 7, Royal School",tabular,seasonal_naive_336h,h336,2026-01-04T23:00:00,2026-01-18T23:00:00,2026-02-15T23:00:00,,,42.0
2026-01-28 13:00:00,49.9,17.0,1.0,"Tema Community 7, Royal School",tabular,seasonal_naive_336h,h336,2026-01-04T23:00:00,2026-01-18T23:00:00,2026-02-15T23:00:00,,,42.0
2026-01-28 14:00:00,46.4,20.4,1.0,"Tema Community 7, Royal School",tabular,seasonal_naive_336h,h336,2026-01-04T23:00:00,2026-01-18T23:00:00,2026-02-15T23:00:00,,,42.0
2026-01-28 15:00:00,44.3,21.1,1.0,"Tema Community 7, Royal School",tabular,seasonal_naive_336h,h336,2026-01-04T23:00:00,2026-01-18T23:00:00,2026-02-15T23:00:00,,,42.0
2026-01-28 16:00:00,41.9,22.2,1.0,"Tema Community 7, Royal School",tabular,seasonal_naive_336h,h336,2026-01-04T23:00:00,2026-01-18T23:00:00,2026-02-15T23:00:00,,,42.0
2026-01-28 17:00:00,43.2,25.6,1.0,"Tema Community 7, Royal School",tabular,seasonal_naive_336h,h336,2026-01-04T23:00:00,2026-01-18T23:00:00,2026-02-15T23:00:00,,,42.0
2026-01-28 18:00:00,45.7,24.3,1.0,"Tema Community 7, Royal School",tabular,seasonal_naive_336h,h336,2026-01-04T23:00:00,2026-01-18T23:00:00,2026-02-15T23:00:00,,,42.0
2026-01-28 19:00:00,46.9,23.2,1.0,"Tema Community 7, Royal School",tabular,seasonal_naive_336h,h336,2026-01-04T23:00:00,2026-01-18T23:00:00,2026-02-15T23:00:00,,,42.0
2026-01-28 20:00:00,46.2,24.1,1.0,"Tema Community 7, Royal School",tabular,seasonal_naive_336h,h336,2026-01-04T23:00:00,2026-01-18T23:00:00,2026-02-15T23:00:00,,,42.0
2026-01-28 21:00:00,46.0,26.4,1.0,"Tema Community 7, Royal School",tabular,seasonal_naive_336h,h336,2026-01-04T23:00:00,2026-01-18T23:00:00,2026-02-15T23:00:00,,,42.0
2026-01-28 22:00:00,45.7,29.9,1.0,"Tema Community 7, Royal School",tabular,seasonal_naive_336h,h336,2026-01-04T23:00:00,2026-01-18T23:00:00,2026-02-15T23:00:00,,,42.0
2026-01-28 23:00:00,49.8,51.7,1.0,"Tema Community 7, Royal School",tabular,seasonal_naive_336h,h336,2026-01-04T23:00:00,2026-01-18T23:00:00,2026-02-15T23:00:00,,,42.0
2026-01-29 00:00:00,57.6,119.1,1.0,"Tema Community 7, Royal School",tabular,seasonal_naive_336h,h336,2026-01-04T23:00:00,2026-01-18T23:00:00,2026-02-15T23:00:00,,,42.0
2026-01-29 01:00:00,55.7,93.3,1.0,"Tema Community 7, Royal School",tabular,seasonal_naive_336h,h336,2026-01-04T23:00:00,2026-01-18T23:00:00,2026-02-15T23:00:00,,,42.0
2026-01-29 02:00:00,65.4,114.1,1.0,"Tema Community 7, Royal School",tabular,seasonal_naive_336h,h336,2026-01-04T23:00:00,2026-01-18T23:00:00,2026-02-15T23:00:00,,,42.0
2026-01-29 03:00:00,60.7,110.6,1.0,"Tema Community 7, Royal School",tabular,seasonal_naive_336h,h336,2026-01-04T23:00:00,2026-01-18T23:00:00,2026-02-15T23:00:00,,,42.0
2026-01-29 04:00:00,59.5,64.8,1.0,"Tema Community 7, Royal School",tabular,seasonal_naive_336h,h336,2026-01-04T23:00:00,2026-01-18T23:00:00,2026-02-15T23:00:00,,,42.0
2026-01-29 05:00:00,71.8,40.5,1.0,"Tema Community 7, Royal School",tabular,seasonal_naive_336h,h336,2026-01-04T23:00:00,2026-01-18T23:00:00,2026-02-15T23:00:00,,,42.0
2026-01-29 06:00:00,88.6,44.2,1.0,"Tema Community 7, Royal School",tabular,seasonal_naive_336h,h336,2026-01-04T23:00:00,2026-01-18T23:00:00,2026-02-15T23:00:00,,,42.0
2026-01-29 07:00:00,69.2,42.5,1.0,"Tema Community 7, Royal School",tabular,seasonal_naive_336h,h336,2026-01-04T23:00:00,2026-01-18T23:00:00,2026-02-15T23:00:00,,,42.0
2026-01-29 08:00:00,56.7,34.3,1.0,"Tema Community 7, Royal School",tabular,seasonal_naive_336h,h336,2026-01-04T23:00:00,2026-01-18T23:00:00,2026-02-15T23:00:00,,,42.0
2026-01-29 09:00:00,55.0,31.1,1.0,"Tema Community 7, Royal School",tabular,seasonal_naive_336h,h336,2026-01-04T23:00:00,2026-01-18T23:00:00,2026-02-15T23:00:00,,,42.0
2026-01-29 10:00:00,50.6,38.0,1.0,"Tema Community 7, Royal School",tabular,seasonal_naive_336h,h336,2026-01-04T23:00:00,2026-01-18T23:00:00,2026-02-15T23:00:00,,,42.0
2026-01-29 11:00:00,51.8,27.5,1.0,"Tema Community 7, Royal School",tabular,seasonal_naive_336h,h336,2026-01-04T23:00:00,2026-01-18T23:00:00,2026-02-15T23:00:00,,,42.0
2026-01-29 12:00:00,52.8,22.6,1.0,"Tema Community 7, Royal School",tabular,seasonal_naive_336h,h336,2026-01-04T23:00:00,2026-01-18T23:00:00,2026-02-15T23:00:00,,,42.0
2026-01-29 13:00:00,48.4,25.7,1.0,"Tema Community 7, Royal School",tabular,seasonal_naive_336h,h336,2026-01-04T23:00:00,2026-01-18T23:00:00,2026-02-15T23:00:00,,,42.0
2026-01-29 14:00:00,42.7,25.1,1.0,"Tema Community 7, Royal School",tabular,seasonal_naive_336h,h336,2026-01-04T23:00:00,2026-01-18T23:00:00,2026-02-15T23:00:00,,,42.0
2026-01-29 15:00:00,43.7,31.0,1.0,"Tema Community 7, Royal School",tabular,seasonal_naive_336h,h336,2026-01-04T23:00:00,2026-01-18T23:00:00,2026-02-15T23:00:00,,,42.0
2026-01-29 16:00:00,41.7,29.6,1.0,"Tema Community 7, Royal School",tabular,seasonal_naive_336h,h336,2026-01-04T23:00:00,2026-01-18T23:00:00,2026-02-15T23:00:00,,,42.0
2026-01-29 17:00:00,42.7,27.2,1.0,"Tema Community 7, Royal School",tabular,seasonal_naive_336h,h336,2026-01-04T23:00:00,2026-01-18T23:00:00,2026-02-15T23:00:00,,,42.0
2026-01-29 18:00:00,43.0,28.4,1.0,"Tema Community 7, Royal School",tabular,seasonal_naive_336h,h336,2026-01-04T23:00:00,2026-01-18T23:00:00,2026-02-15T23:00:00,,,42.0
2026-01-29 19:00:00,42.6,35.4,1.0,"Tema Community 7, Royal School",tabular,seasonal_naive_336h,h336,2026-01-04T23:00:00,2026-01-18T23:00:00,2026-02-15T23:00:00,,,42.0
2026-01-29 20:00:00,45.1,41.9,1.0,"Tema Community 7, Royal School",tabular,seasonal_naive_336h,h336,2026-01-04T23:00:00,2026-01-18T23:00:00,2026-02-15T23:00:00,,,42.0
2026-01-29 21:00:00,46.5,35.2,1.0,"Tema Community 7, Royal School",tabular,seasonal_naive_336h,h336,2026-01-04T23:00:00,2026-01-18T23:00:00,2026-02-15T23:00:00,,,42.0
2026-01-29 22:00:00,45.1,32.4,1.0,"Tema Community 7, Royal School",tabular,seasonal_naive_336h,h336,2026-01-04T23:00:00,2026-01-18T23:00:00,2026-02-15T23:00:00,,,42.0
2026-01-29 23:00:00,40.9,42.7,1.0,"Tema Community 7, Royal School",tabular,seasonal_naive_336h,h336,2026-01-04T23:00:00,2026-01-18T23:00:00,2026-02-15T23:00:00,,,42.0
2026-01-30 00:00:00,49.9,49.5,1.0,"Tema Community 7, Royal School",tabular,seasonal_naive_336h,h336,2026-01-04T23:00:00,2026-01-18T23:00:00,2026-02-15T23:00:00,,,42.0
2026-01-30 01:00:00,41.7,46.8,1.0,"Tema Community 7, Royal School",tabular,seasonal_naive_336h,h336,2026-01-04T23:00:00,2026-01-18T23:00:00,2026-02-15T23:00:00,,,42.0
2026-01-30 02:00:00,41.4,36.1,1.0,"Tema Community 7, Royal School",tabular,seasonal_naive_336h,h336,2026-01-04T23:00:00,2026-01-18T23:00:00,2026-02-15T23:00:00,,,42.0
2026-01-30 03:00:00,44.1,39.0,1.0,"Tema Community 7, Royal School",tabular,seasonal_naive_336h,h336,2026-01-04T23:00:00,2026-01-18T23:00:00,2026-02-15T23:00:00,,,42.0
2026-01-30 04:00:00,46.2,38.4,1.0,"Tema Community 7, Royal School",tabular,seasonal_naive_336h,h336,2026-01-04T23:00:00,2026-01-18T23:00:00,2026-02-15T23:00:00,,,42.0
2026-01-30 05:00:00,62.4,38.2,1.0,"Tema Community 7, Royal School",tabular,seasonal_naive_336h,h336,2026-01-04T23:00:00,2026-01-18T23:00:00,2026-02-15T23:00:00,,,42.0
2026-01-30 06:00:00,68.2,46.3,1.0,"Tema Community 7, Royal School",tabular,seasonal_naive_336h,h336,2026-01-04T23:00:00,2026-01-18T23:00:00,2026-02-15T23:00:00,,,42.0
2026-01-30 07:00:00,79.5,41.0,1.0,"Tema Community 7, Royal School",tabular,seasonal_naive_336h,h336,2026-01-04T23:00:00,2026-01-18T23:00:00,2026-02-15T23:00:00,,,42.0
2026-01-30 08:00:00,48.1,37.2,1.0,"Tema Community 7, Royal School",tabular,seasonal_naive_336h,h336,2026-01-04T23:00:00,2026-01-18T23:00:00,2026-02-15T23:00:00,,,42.0
2026-01-30 09:00:00,45.0,36.3,1.0,"Tema Community 7, Royal School",tabular,seasonal_naive_336h,h336,2026-01-04T23:00:00,2026-01-18T23:00:00,2026-02-15T23:00:00,,,42.0
2026-01-30 10:00:00,45.0,36.3,1.0,"Tema Community 7, Royal School",tabular,seasonal_naive_336h,h336,2026-01-04T23:00:00,2026-01-18T23:00:00,2026-02-15T23:00:00,,,42.0
2026-01-30 11:00:00,45.6,23.7,1.0,"Tema Community 7, Royal School",tabular,seasonal_naive_336h,h336,2026-01-04T23:00:00,2026-01-18T23:00:00,2026-02-15T23:00:00,,,42.0
2026-01-30 12:00:00,43.9,21.7,1.0,"Tema Community 7, Royal School",tabular,seasonal_naive_336h,h336,2026-01-04T23:00:00,2026-01-18T23:00:00,2026-02-15T23:00:00,,,42.0
2026-01-30 13:00:00,41.9,20.5,1.0,"Tema Community 7, Royal School",tabular,seasonal_naive_336h,h336,2026-01-04T23:00:00,2026-01-18T23:00:00,2026-02-15T23:00:00,,,42.0
2026-01-30 14:00:00,40.8,21.7,1.0,"Tema Community 7, Royal School",tabular,seasonal_naive_336h,h336,2026-01-04T23:00:00,2026-01-18T23:00:00,2026-02-15T23:00:00,,,42.0
2026-01-30 15:00:00,40.4,24.6,1.0,"Tema Community 7, Royal School",tabular,seasonal_naive_336h,h336,2026-01-04T23:00:00,2026-01-18T23:00:00,2026-02-15T23:00:00,,,42.0
2026-01-30 16:00:00,40.2,26.5,1.0,"Tema Community 7, Royal School",tabular,seasonal_naive_336h,h336,2026-01-04T23:00:00,2026-01-18T23:00:00,2026-02-15T23:00:00,,,42.0
2026-01-30 17:00:00,48.4,28.2,1.0,"Tema Community 7, Royal School",tabular,seasonal_naive_336h,h336,2026-01-04T23:00:00,2026-01-18T23:00:00,2026-02-15T23:00:00,,,42.0
2026-01-30 18:00:00,48.4,28.2,1.0,"Tema Community 7, Royal School",tabular,seasonal_naive_336h,h336,2026-01-04T23:00:00,2026-01-18T23:00:00,2026-02-15T23:00:00,,,42.0
2026-01-30 19:00:00,43.6,22.1,1.0,"Tema Community 7, Royal School",tabular,seasonal_naive_336h,h336,2026-01-04T23:00:00,2026-01-18T23:00:00,2026-02-15T23:00:00,,,42.0
2026-01-30 20:00:00,43.0,24.1,1.0,"Tema Community 7, Royal School",tabular,seasonal_naive_336h,h336,2026-01-04T23:00:00,2026-01-18T23:00:00,2026-02-15T23:00:00,,,42.0
2026-01-30 21:00:00,42.4,21.0,1.0,"Tema Community 7, Royal School",tabular,seasonal_naive_336h,h336,2026-01-04T23:00:00,2026-01-18T23:00:00,2026-02-15T23:00:00,,,42.0
2026-01-30 22:00:00,43.3,24.3,1.0,"Tema Community 7, Royal School",tabular,seasonal_naive_336h,h336,2026-01-04T23:00:00,2026-01-18T23:00:00,2026-02-15T23:00:00,,,42.0
2026-01-30 23:00:00,41.7,18.0,1.0,"Tema Community 7, Royal School",tabular,seasonal_naive_336h,h336,2026-01-04T23:00:00,2026-01-18T23:00:00,2026-02-15T23:00:00,,,42.0
2026-01-31 00:00:00,42.2,13.6,1.0,"Tema Community 7, Royal School",tabular,seasonal_naive_336h,h336,2026-01-04T23:00:00,2026-01-18T23:00:00,2026-02-15T23:00:00,,,42.0
2026-01-31 01:00:00,40.8,32.3,1.0,"Tema Community 7, Royal School",tabular,seasonal_naive_336h,h336,2026-01-04T23:00:00,2026-01-18T23:00:00,2026-02-15T23:00:00,,,42.0
2026-01-31 02:00:00,40.9,41.1,1.0,"Tema Community 7, Royal School",tabular,seasonal_naive_336h,h336,2026-01-04T23:00:00,2026-01-18T23:00:00,2026-02-15T23:00:00,,,42.0
2026-01-31 03:00:00,46.2,33.6,1.0,"Tema Community 7, Royal School",tabular,seasonal_naive_336h,h336,2026-01-04T23:00:00,2026-01-18T23:00:00,2026-02-15T23:00:00,,,42.0
2026-01-31 04:00:00,47.9,54.1,1.0,"Tema Community 7, Royal School",tabular,seasonal_naive_336h,h336,2026-01-04T23:00:00,2026-01-18T23:00:00,2026-02-15T23:00:00,,,42.0
2026-01-31 05:00:00,49.1,51.1,1.0,"Tema Community 7, Royal School",tabular,seasonal_naive_336h,h336,2026-01-04T23:00:00,2026-01-18T23:00:00,2026-02-15T23:00:00,,,42.0
2026-01-31 06:00:00,120.7,73.7,1.0,"Tema Community 7, Royal School",tabular,seasonal_naive_336h,h336,2026-01-04T23:00:00,2026-01-18T23:00:00,2026-02-15T23:00:00,,,42.0
2026-01-31 07:00:00,74.0,68.7,1.0,"Tema Community 7, Royal School",tabular,seasonal_naive_336h,h336,2026-01-04T23:00:00,2026-01-18T23:00:00,2026-02-15T23:00:00,,,42.0
2026-01-31 08:00:00,51.7,45.8,1.0,"Tema Community 7, Royal School",tabular,seasonal_naive_336h,h336,2026-01-04T23:00:00,2026-01-18T23:00:00,2026-02-15T23:00:00,,,42.0
2026-01-31 09:00:00,47.0,26.9,1.0,"Tema Community 7, Royal School",tabular,seasonal_naive_336h,h336,2026-01-04T23:00:00,2026-01-18T23:00:00,2026-02-15T23:00:00,,,42.0
2026-01-31 10:00:00,49.3,16.0,1.0,"Tema Community 7, Royal School",tabular,seasonal_naive_336h,h336,2026-01-04T23:00:00,2026-01-18T23:00:00,2026-02-15T23:00:00,,,42.0
2026-01-31 11:00:00,42.4,11.2,1.0,"Tema Community 7, Royal School",tabular,seasonal_naive_336h,h336,2026-01-04T23:00:00,2026-01-18T23:00:00,2026-02-15T23:00:00,,,42.0
2026-01-31 12:00:00,37.9,9.8,1.0,"Tema Community 7, Royal School",tabular,seasonal_naive_336h,h336,2026-01-04T23:00:00,2026-01-18T23:00:00,2026-02-15T23:00:00,,,42.0
2026-01-31 13:00:00,36.2,7.8,1.0,"Tema Community 7, Royal School",tabular,seasonal_naive_336h,h336,2026-01-04T23:00:00,2026-01-18T23:00:00,2026-02-15T23:00:00,,,42.0
2026-01-31 14:00:00,38.3,5.5,1.0,"Tema Community 7, Royal School",tabular,seasonal_naive_336h,h336,2026-01-04T23:00:00,2026-01-18T23:00:00,2026-02-15T23:00:00,,,42.0
2026-01-31 15:00:00,37.9,9.0,1.0,"Tema Community 7, Royal School",tabular,seasonal_naive_336h,h336,2026-01-04T23:00:00,2026-01-18T23:00:00,2026-02-15T23:00:00,,,42.0
2026-01-31 16:00:00,35.9,5.6,1.0,"Tema Community 7, Royal School",tabular,seasonal_naive_336h,h336,2026-01-04T23:00:00,2026-01-18T23:00:00,2026-02-15T23:00:00,,,42.0
2026-01-31 17:00:00,36.8,8.2,1.0,"Tema Community 7, Royal School",tabular,seasonal_naive_336h,h336,2026-01-04T23:00:00,2026-01-18T23:00:00,2026-02-15T23:00:00,,,42.0
2026-01-31 18:00:00,37.5,23.9,1.0,"Tema Community 7, Royal School",tabular,seasonal_naive_336h,h336,2026-01-04T23:00:00,2026-01-18T23:00:00,2026-02-15T23:00:00,,,42.0
2026-01-31 19:00:00,38.3,30.8,1.0,"Tema Community 7, Royal School",tabular,seasonal_naive_336h,h336,2026-01-04T23:00:00,2026-01-18T23:00:00,2026-02-15T23:00:00,,,42.0
2026-01-31 20:00:00,37.7,81.6,1.0,"Tema Community 7, Royal School",tabular,seasonal_naive_336h,h336,2026-01-04T23:00:00,2026-01-18T23:00:00,2026-02-15T23:00:00,,,42.0
2026-01-31 21:00:00,48.1,57.5,1.0,"Tema Community 7, Royal School",tabular,seasonal_naive_336h,h336,2026-01-04T23:00:00,2026-01-18T23:00:00,2026-02-15T23:00:00,,,42.0
2026-01-31 22:00:00,42.2,36.2,1.0,"Tema Community 7, Royal School",tabular,seasonal_naive_336h,h336,2026-01-04T23:00:00,2026-01-18T23:00:00,2026-02-15T23:00:00,,,42.0
2026-01-31 23:00:00,44.8,36.3,1.0,"Tema Community 7, Royal School",tabular,seasonal_naive_336h,h336,2026-01-04T23:00:00,2026-01-18T23:00:00,2026-02-15T23:00:00,,,42.0
2026-02-01 00:00:00,44.9,34.9,1.0,"Tema Community 7, Royal School",tabular,seasonal_naive_336h,h336,2026-01-04T23:00:00,2026-01-18T23:00:00,2026-02-15T23:00:00,,,42.0
2026-02-01 01:00:00,39.0,39.4,1.0,"Tema Community 7, Royal School",tabular,seasonal_naive_336h,h336,2026-01-04T23:00:00,2026-01-18T23:00:00,2026-02-15T23:00:00,,,42.0
2026-02-01 02:00:00,34.8,30.6,1.0,"Tema Community 7, Royal School",tabular,seasonal_naive_336h,h336,2026-01-04T23:00:00,2026-01-18T23:00:00,2026-02-15T23:00:00,,,42.0
2026-02-01 03:00:00,34.6,37.9,1.0,"Tema Community 7, Royal School",tabular,seasonal_naive_336h,h336,2026-01-04T23:00:00,2026-01-18T23:00:00,2026-02-15T23:00:00,,,42.0
2026-02-01 04:00:00,34.4,49.4,1.0,"Tema Community 7, Royal School",tabular,seasonal_naive_336h,h336,2026-01-04T23:00:00,2026-01-18T23:00:00,2026-02-15T23:00:00,,,42.0
2026-02-01 05:00:00,42.3,51.4,1.0,"Tema Community 7, Royal School",tabular,seasonal_naive_336h,h336,2026-01-04T23:00:00,2026-01-18T23:00:00,2026-02-15T23:00:00,,,42.0
2026-02-01 06:00:00,60.4,56.1,1.0,"Tema Community 7, Royal School",tabular,seasonal_naive_336h,h336,2026-01-04T23:00:00,2026-01-18T23:00:00,2026-02-15T23:00:00,,,42.0
2026-02-01 07:00:00,61.9,44.8,1.0,"Tema Community 7, Royal School",tabular,seasonal_naive_336h,h336,2026-01-04T23:00:00,2026-01-18T23:00:00,2026-02-15T23:00:00,,,42.0
2026-02-01 08:00:00,56.2,33.3,1.0,"Tema Community 7, Royal School",tabular,seasonal_naive_336h,h336,2026-01-04T23:00:00,2026-01-18T23:00:00,2026-02-15T23:00:00,,,42.0
2026-02-01 09:00:00,46.3,36.0,1.0,"Tema Community 7, Royal School",tabular,seasonal_naive_336h,h336,2026-01-04T23:00:00,2026-01-18T23:00:00,2026-02-15T23:00:00,,,42.0
2026-02-01 10:00:00,44.1,8.7,1.0,"Tema Community 7, Royal School",tabular,seasonal_naive_336h,h336,2026-01-04T23:00:00,2026-01-18T23:00:00,2026-02-15T23:00:00,,,42.0
2026-02-01 11:00:00,36.4,8.6,1.0,"Tema Community 7, Royal School",tabular,seasonal_naive_336h,h336,2026-01-04T23:00:00,2026-01-18T23:00:00,2026-02-15T23:00:00,,,42.0
2026-02-01 12:00:00,34.4,7.4,1.0,"Tema Community 7, Royal School",tabular,seasonal_naive_336h,h336,2026-01-04T23:00:00,2026-01-18T23:00:00,2026-02-15T23:00:00,,,42.0
2026-02-01 13:00:00,33.9,6.8,1.0,"Tema Community 7, Royal School",tabular,seasonal_naive_336h,h336,2026-01-04T23:00:00,2026-01-18T23:00:00,2026-02-15T23:00:00,,,42.0
2026-02-01 14:00:00,31.8,6.2,1.0,"Tema Community 7, Royal School",tabular,seasonal_naive_336h,h336,2026-01-04T23:00:00,2026-01-18T23:00:00,2026-02-15T23:00:00,,,42.0
2026-02-01 15:00:00,38.7,14.0,1.0,"Tema Community 7, Royal School",tabular,seasonal_naive_336h,h336,2026-01-04T23:00:00,2026-01-18T23:00:00,2026-02-15T23:00:00,,,42.0
2026-02-01 16:00:00,36.3,9.3,1.0,"Tema Community 7, Royal School",tabular,seasonal_naive_336h,h336,2026-01-04T23:00:00,2026-01-18T23:00:00,2026-02-15T23:00:00,,,42.0
2026-02-01 17:00:00,41.3,7.5,1.0,"Tema Community 7, Royal School",tabular,seasonal_naive_336h,h336,2026-01-04T23:00:00,2026-01-18T23:00:00,2026-02-15T23:00:00,,,42.0
2026-02-01 18:00:00,46.2,12.4,1.0,"Tema Community 7, Royal School",tabular,seasonal_naive_336h,h336,2026-01-04T23:00:00,2026-01-18T23:00:00,2026-02-15T23:00:00,,,42.0
2026-02-01 19:00:00,51.9,19.1,1.0,"Tema Community 7, Royal School",tabular,seasonal_naive_336h,h336,2026-01-04T23:00:00,2026-01-18T23:00:00,2026-02-15T23:00:00,,,42.0
2026-02-01 20:00:00,41.8,14.9,1.0,"Tema Community 7, Royal School",tabular,seasonal_naive_336h,h336,2026-01-04T23:00:00,2026-01-18T23:00:00,2026-02-15T23:00:00,,,42.0
2026-02-01 21:00:00,39.8,17.4,1.0,"Tema Community 7, Royal School",tabular,seasonal_naive_336h,h336,2026-01-04T23:00:00,2026-01-18T23:00:00,2026-02-15T23:00:00,,,42.0
2026-02-01 22:00:00,43.1,27.4,1.0,"Tema Community 7, Royal School",tabular,seasonal_naive_336h,h336,2026-01-04T23:00:00,2026-01-18T23:00:00,2026-02-15T23:00:00,,,42.0
2026-02-01 23:00:00,43.7,29.0,1.0,"Tema Community 7, Royal School",tabular,seasonal_naive_336h,h336,2026-01-04T23:00:00,2026-01-18T23:00:00,2026-02-15T23:00:00,,,42.0
2026-02-02 00:00:00,48.3,27.9,1.0,"Tema Community 7, Royal School",tabular,seasonal_naive_336h,h336,2026-01-04T23:00:00,2026-01-18T23:00:00,2026-02-15T23:00:00,,,42.0
2026-02-02 01:00:00,34.9,32.4,1.0,"Tema Community 7, Royal School",tabular,seasonal_naive_336h,h336,2026-01-04T23:00:00,2026-01-18T23:00:00,2026-02-15T23:00:00,,,42.0
2026-02-02 02:00:00,38.2,47.0,1.0,"Tema Community 7, Royal School",tabular,seasonal_naive_336h,h336,2026-01-04T23:00:00,2026-01-18T23:00:00,2026-02-15T23:00:00,,,42.0
2026-02-02 03:00:00,66.6,34.1,1.0,"Tema Community 7, Royal School",tabular,seasonal_naive_336h,h336,2026-01-04T23:00:00,2026-01-18T23:00:00,2026-02-15T23:00:00,,,42.0
2026-02-02 04:00:00,47.0,36.9,1.0,"Tema Community 7, Royal School",tabular,seasonal_naive_336h,h336,2026-01-04T23:00:00,2026-01-18T23:00:00,2026-02-15T23:00:00,,,42.0
2026-02-02 05:00:00,52.8,33.3,1.0,"Tema Community 7, Royal School",tabular,seasonal_naive_336h,h336,2026-01-04T23:00:00,2026-01-18T23:00:00,2026-02-15T23:00:00,,,42.0
2026-02-02 06:00:00,73.8,42.8,1.0,"Tema Community 7, Royal School",tabular,seasonal_naive_336h,h336,2026-01-04T23:00:00,2026-01-18T23:00:00,2026-02-15T23:00:00,,,42.0
2026-02-02 07:00:00,55.6,50.4,1.0,"Tema Community 7, Royal School",tabular,seasonal_naive_336h,h336,2026-01-04T23:00:00,2026-01-18T23:00:00,2026-02-15T23:00:00,,,42.0
2026-02-02 08:00:00,69.7,33.0,1.0,"Tema Community 7, Royal School",tabular,seasonal_naive_336h,h336,2026-01-04T23:00:00,2026-01-18T23:00:00,2026-02-15T23:00:00,,,42.0
2026-02-02 09:00:00,46.1,33.6,1.0,"Tema Community 7, Royal School",tabular,seasonal_naive_336h,h336,2026-01-04T23:00:00,2026-01-18T23:00:00,2026-02-15T23:00:00,,,42.0
2026-02-02 10:00:00,34.9,30.9,1.0,"Tema Community 7, Royal School",tabular,seasonal_naive_336h,h336,2026-01-04T23:00:00,2026-01-18T23:00:00,2026-02-15T23:00:00,,,42.0
2026-02-02 11:00:00,31.1,25.9,1.0,"Tema Community 7, Royal School",tabular,seasonal_naive_336h,h336,2026-01-04T23:00:00,2026-01-18T23:00:00,2026-02-15T23:00:00,,,42.0
2026-02-02 12:00:00,29.9,22.3,1.0,"Tema Community 7, Royal School",tabular,seasonal_naive_336h,h336,2026-01-04T23:00:00,2026-01-18T23:00:00,2026-02-15T23:00:00,,,42.0
2026-02-02 13:00:00,28.9,18.9,1.0,"Tema Community 7, Royal School",tabular,seasonal_naive_336h,h336,2026-01-04T23:00:00,2026-01-18T23:00:00,2026-02-15T23:00:00,,,42.0
2026-02-02 14:00:00,30.4,18.6,1.0,"Tema Community 7, Royal School",tabular,seasonal_naive_336h,h336,2026-01-04T23:00:00,2026-01-18T23:00:00,2026-02-15T23:00:00,,,42.0
2026-02-02 15:00:00,37.1,28.0,1.0,"Tema Community 7, Royal School",tabular,seasonal_naive_336h,h336,2026-01-04T23:00:00,2026-01-18T23:00:00,2026-02-15T23:00:00,,,42.0
2026-02-02 16:00:00,37.4,18.6,1.0,"Tema Community 7, Royal School",tabular,seasonal_naive_336h,h336,2026-01-04T23:00:00,2026-01-18T23:00:00,2026-02-15T23:00:00,,,42.0
2026-02-02 17:00:00,36.7,20.9,1.0,"Tema Community 7, Royal School",tabular,seasonal_naive_336h,h336,2026-01-04T23:00:00,2026-01-18T23:00:00,2026-02-15T23:00:00,,,42.0
2026-02-02 18:00:00,44.1,27.2,1.0,"Tema Community 7, Royal School",tabular,seasonal_naive_336h,h336,2026-01-04T23:00:00,2026-01-18T23:00:00,2026-02-15T23:00:00,,,42.0
2026-02-02 19:00:00,60.5,27.4,1.0,"Tema Community 7, Royal School",tabular,seasonal_naive_336h,h336,2026-01-04T23:00:00,2026-01-18T23:00:00,2026-02-15T23:00:00,,,42.0
2026-02-02 20:00:00,38.9,26.6,1.0,"Tema Community 7, Royal School",tabular,seasonal_naive_336h,h336,2026-01-04T23:00:00,2026-01-18T23:00:00,2026-02-15T23:00:00,,,42.0
2026-02-02 21:00:00,42.6,24.4,1.0,"Tema Community 7, Royal School",tabular,seasonal_naive_336h,h336,2026-01-04T23:00:00,2026-01-18T23:00:00,2026-02-15T23:00:00,,,42.0
2026-02-02 22:00:00,50.5,25.1,1.0,"Tema Community 7, Royal School",tabular,seasonal_naive_336h,h336,2026-01-04T23:00:00,2026-01-18T23:00:00,2026-02-15T23:00:00,,,42.0
2026-02-02 23:00:00,59.7,22.9,1.0,"Tema Community 7, Royal School",tabular,seasonal_naive_336h,h336,2026-01-04T23:00:00,2026-01-18T23:00:00,2026-02-15T23:00:00,,,42.0
2026-02-03 00:00:00,56.7,22.8,1.0,"Tema Community 7, Royal School",tabular,seasonal_naive_336h,h336,2026-01-04T23:00:00,2026-01-18T23:00:00,2026-02-15T23:00:00,,,42.0
2026-02-03 01:00:00,76.9,27.4,1.0,"Tema Community 7, Royal School",tabular,seasonal_naive_336h,h336,2026-01-04T23:00:00,2026-01-18T23:00:00,2026-02-15T23:00:00,,,42.0
2026-02-03 02:00:00,49.9,28.8,1.0,"Tema Community 7, Royal School",tabular,seasonal_naive_336h,h336,2026-01-04T23:00:00,2026-01-18T23:00:00,2026-02-15T23:00:00,,,42.0
2026-02-03 03:00:00,43.2,33.4,1.0,"Tema Community 7, Royal School",tabular,seasonal_naive_336h,h336,2026-01-04T23:00:00,2026-01-18T23:00:00,2026-02-15T23:00:00,,,42.0
2026-02-03 04:00:00,42.8,32.7,1.0,"Tema Community 7, Royal School",tabular,seasonal_naive_336h,h336,2026-01-04T23:00:00,2026-01-18T23:00:00,2026-02-15T23:00:00,,,42.0
2026-02-03 05:00:00,49.9,37.8,1.0,"Tema Community 7, Royal School",tabular,seasonal_naive_336h,h336,2026-01-04T23:00:00,2026-01-18T23:00:00,2026-02-15T23:00:00,,,42.0
2026-02-03 06:00:00,51.8,47.1,1.0,"Tema Community 7, Royal School",tabular,seasonal_naive_336h,h336,2026-01-04T23:00:00,2026-01-18T23:00:00,2026-02-15T23:00:00,,,42.0
2026-02-03 07:00:00,61.3,38.3,1.0,"Tema Community 7, Royal School",tabular,seasonal_naive_336h,h336,2026-01-04T23:00:00,2026-01-18T23:00:00,2026-02-15T23:00:00,,,42.0
2026-02-03 08:00:00,37.8,31.8,1.0,"Tema Community 7, Royal School",tabular,seasonal_naive_336h,h336,2026-01-04T23:00:00,2026-01-18T23:00:00,2026-02-15T23:00:00,,,42.0
2026-02-03 09:00:00,43.1,30.1,1.0,"Tema Community 7, Royal School",tabular,seasonal_naive_336h,h336,2026-01-04T23:00:00,2026-01-18T23:00:00,2026-02-15T23:00:00,,,42.0
2026-02-03 10:00:00,41.6,30.7,1.0,"Tema Community 7, Royal School",tabular,seasonal_naive_336h,h336,2026-01-04T23:00:00,2026-01-18T23:00:00,2026-02-15T23:00:00,,,42.0
2026-02-03 11:00:00,47.4,32.3,1.0,"Tema Community 7, Royal School",tabular,seasonal_naive_336h,h336,2026-01-04T23:00:00,2026-01-18T23:00:00,2026-02-15T23:00:00,,,42.0
2026-02-03 12:00:00,36.7,28.5,1.0,"Tema Community 7, Royal School",tabular,seasonal_naive_336h,h336,2026-01-04T23:00:00,2026-01-18T23:00:00,2026-02-15T23:00:00,,,42.0
2026-02-03 13:00:00,36.9,23.0,1.0,"Tema Community 7, Royal School",tabular,seasonal_naive_336h,h336,2026-01-04T23:00:00,2026-01-18T23:00:00,2026-02-15T23:00:00,,,42.0
2026-02-03 14:00:00,36.2,20.6,1.0,"Tema Community 7, Royal School",tabular,seasonal_naive_336h,h336,2026-01-04T23:00:00,2026-01-18T23:00:00,2026-02-15T23:00:00,,,42.0
2026-02-03 15:00:00,39.4,24.8,1.0,"Tema Community 7, Royal School",tabular,seasonal_naive_336h,h336,2026-01-04T23:00:00,2026-01-18T23:00:00,2026-02-15T23:00:00,,,42.0
2026-02-03 16:00:00,35.7,25.1,1.0,"Tema Community 7, Royal School",tabular,seasonal_naive_336h,h336,2026-01-04T23:00:00,2026-01-18T23:00:00,2026-02-15T23:00:00,,,42.0
2026-02-03 17:00:00,30.9,28.8,1.0,"Tema Community 7, Royal School",tabular,seasonal_naive_336h,h336,2026-01-04T23:00:00,2026-01-18T23:00:00,2026-02-15T23:00:00,,,42.0
2026-02-03 18:00:00,41.1,30.9,1.0,"Tema Community 7, Royal School",tabular,seasonal_naive_336h,h336,2026-01-04T23:00:00,2026-01-18T23:00:00,2026-02-15T23:00:00,,,42.0
2026-02-03 19:00:00,51.3,29.0,1.0,"Tema Community 7, Royal School",tabular,seasonal_naive_336h,h336,2026-01-04T23:00:00,2026-01-18T23:00:00,2026-02-15T23:00:00,,,42.0
2026-02-03 20:00:00,71.8,28.5,1.0,"Tema Community 7, Royal School",tabular,seasonal_naive_336h,h336,2026-01-04T23:00:00,2026-01-18T23:00:00,2026-02-15T23:00:00,,,42.0
2026-02-03 21:00:00,70.6,29.5,1.0,"Tema Community 7, Royal School",tabular,seasonal_naive_336h,h336,2026-01-04T23:00:00,2026-01-18T23:00:00,2026-02-15T23:00:00,,,42.0
2026-02-03 22:00:00,51.9,27.9,1.0,"Tema Community 7, Royal School",tabular,seasonal_naive_336h,h336,2026-01-04T23:00:00,2026-01-18T23:00:00,2026-02-15T23:00:00,,,42.0
2026-02-03 23:00:00,44.1,28.1,1.0,"Tema Community 7, Royal School",tabular,seasonal_naive_336h,h336,2026-01-04T23:00:00,2026-01-18T23:00:00,2026-02-15T23:00:00,,,42.0
2026-02-04 00:00:00,54.3,23.8,1.0,"Tema Community 7, Royal School",tabular,seasonal_naive_336h,h336,2026-01-04T23:00:00,2026-01-18T23:00:00,2026-02-15T23:00:00,,,42.0
2026-02-04 01:00:00,41.9,25.0,1.0,"Tema Community 7, Royal School",tabular,seasonal_naive_336h,h336,2026-01-04T23:00:00,2026-01-18T23:00:00,2026-02-15T23:00:00,,,42.0
2026-02-04 02:00:00,37.3,25.6,1.0,"Tema Community 7, Royal School",tabular,seasonal_naive_336h,h336,2026-01-04T23:00:00,2026-01-18T23:00:00,2026-02-15T23:00:00,,,42.0
2026-02-04 03:00:00,44.3,30.4,1.0,"Tema Community 7, Royal School",tabular,seasonal_naive_336h,h336,2026-01-04T23:00:00,2026-01-18T23:00:00,2026-02-15T23:00:00,,,42.0
2026-02-04 04:00:00,55.4,35.2,1.0,"Tema Community 7, Royal School",tabular,seasonal_naive_336h,h336,2026-01-04T23:00:00,2026-01-18T23:00:00,2026-02-15T23:00:00,,,42.0
2026-02-04 05:00:00,86.9,37.6,1.0,"Tema Community 7, Royal School",tabular,seasonal_naive_336h,h336,2026-01-04T23:00:00,2026-01-18T23:00:00,2026-02-15T23:00:00,,,42.0
2026-02-04 06:00:00,93.6,59.3,1.0,"Tema Community 7, Royal School",tabular,seasonal_naive_336h,h336,2026-01-04T23:00:00,2026-01-18T23:00:00,2026-02-15T23:00:00,,,42.0
2026-02-04 07:00:00,86.1,53.6,1.0,"Tema Community 7, Royal School",tabular,seasonal_naive_336h,h336,2026-01-04T23:00:00,2026-01-18T23:00:00,2026-02-15T23:00:00,,,42.0
2026-02-04 08:00:00,62.2,37.3,1.0,"Tema Community 7, Royal School",tabular,seasonal_naive_336h,h336,2026-01-04T23:00:00,2026-01-18T23:00:00,2026-02-15T23:00:00,,,42.0
2026-02-04 09:00:00,68.6,36.5,1.0,"Tema Community 7, Royal School",tabular,seasonal_naive_336h,h336,2026-01-04T23:00:00,2026-01-18T23:00:00,2026-02-15T23:00:00,,,42.0
2026-02-04 10:00:00,53.2,37.4,1.0,"Tema Community 7, Royal School",tabular,seasonal_naive_336h,h336,2026-01-04T23:00:00,2026-01-18T23:00:00,2026-02-15T23:00:00,,,42.0
2026-02-04 11:00:00,54.6,31.3,1.0,"Tema Community 7, Royal School",tabular,seasonal_naive_336h,h336,2026-01-04T23:00:00,2026-01-18T23:00:00,2026-02-15T23:00:00,,,42.0
2026-02-04 12:00:00,38.3,26.8,1.0,"Tema Community 7, Royal School",tabular,seasonal_naive_336h,h336,2026-01-04T23:00:00,2026-01-18T23:00:00,2026-02-15T23:00:00,,,42.0
2026-02-04 13:00:00,35.4,24.9,1.0,"Tema Community 7, Royal School",tabular,seasonal_naive_336h,h336,2026-01-04T23:00:00,2026-01-18T23:00:00,2026-02-15T23:00:00,,,42.0
2026-02-04 14:00:00,32.6,22.8,1.0,"Tema Community 7, Royal School",tabular,seasonal_naive_336h,h336,2026-01-04T23:00:00,2026-01-18T23:00:00,2026-02-15T23:00:00,,,42.0
2026-02-04 15:00:00,31.2,31.1,1.0,"Tema Community 7, Royal School",tabular,seasonal_naive_336h,h336,2026-01-04T23:00:00,2026-01-18T23:00:00,2026-02-15T23:00:00,,,42.0
2026-02-04 16:00:00,24.0,29.2,1.0,"Tema Community 7, Royal School",tabular,seasonal_naive_336h,h336,2026-01-04T23:00:00,2026-01-18T23:00:00,2026-02-15T23:00:00,,,42.0
2026-02-04 17:00:00,27.6,35.3,1.0,"Tema Community 7, Royal School",tabular,seasonal_naive_336h,h336,2026-01-04T23:00:00,2026-01-18T23:00:00,2026-02-15T23:00:00,,,42.0
2026-02-04 18:00:00,26.2,35.5,1.0,"Tema Community 7, Royal School",tabular,seasonal_naive_336h,h336,2026-01-04T23:00:00,2026-01-18T23:00:00,2026-02-15T23:00:00,,,42.0
2026-02-04 19:00:00,26.1,33.2,1.0,"Tema Community 7, Royal School",tabular,seasonal_naive_336h,h336,2026-01-04T23:00:00,2026-01-18T23:00:00,2026-02-15T23:00:00,,,42.0
2026-02-04 20:00:00,17.6,28.8,1.0,"Tema Community 7, Royal School",tabular,seasonal_naive_336h,h336,2026-01-04T23:00:00,2026-01-18T23:00:00,2026-02-15T23:00:00,,,42.0
2026-02-04 21:00:00,26.8,28.7,1.0,"Tema Community 7, Royal School",tabular,seasonal_naive_336h,h336,2026-01-04T23:00:00,2026-01-18T23:00:00,2026-02-15T23:00:00,,,42.0
2026-02-04 22:00:00,31.4,31.9,1.0,"Tema Community 7, Royal School",tabular,seasonal_naive_336h,h336,2026-01-04T23:00:00,2026-01-18T23:00:00,2026-02-15T23:00:00,,,42.0
2026-02-04 23:00:00,41.8,33.5,1.0,"Tema Community 7, Royal School",tabular,seasonal_naive_336h,h336,2026-01-04T23:00:00,2026-01-18T23:00:00,2026-02-15T23:00:00,,,42.0
2026-02-05 00:00:00,42.2,43.6,1.0,"Tema Community 7, Royal School",tabular,seasonal_naive_336h,h336,2026-01-04T23:00:00,2026-01-18T23:00:00,2026-02-15T23:00:00,,,42.0
2026-02-05 01:00:00,52.7,44.4,1.0,"Tema Community 7, Royal School",tabular,seasonal_naive_336h,h336,2026-01-04T23:00:00,2026-01-18T23:00:00,2026-02-15T23:00:00,,,42.0
2026-02-05 02:00:00,46.2,43.7,1.0,"Tema Community 7, Royal School",tabular,seasonal_naive_336h,h336,2026-01-04T23:00:00,2026-01-18T23:00:00,2026-02-15T23:00:00,,,42.0
2026-02-05 03:00:00,41.3,49.5,1.0,"Tema Community 7, Royal School",tabular,seasonal_naive_336h,h336,2026-01-04T23:00:00,2026-01-18T23:00:00,2026-02-15T23:00:00,,,42.0
2026-02-05 04:00:00,36.6,44.2,1.0,"Tema Community 7, Royal School",tabular,seasonal_naive_336h,h336,2026-01-04T23:00:00,2026-01-18T23:00:00,2026-02-15T23:00:00,,,42.0
2026-02-05 05:00:00,54.7,46.9,1.0,"Tema Community 7, Royal School",tabular,seasonal_naive_336h,h336,2026-01-04T23:00:00,2026-01-18T23:00:00,2026-02-15T23:00:00,,,42.0
2026-02-05 06:00:00,62.3,53.8,1.0,"Tema Community 7, Royal School",tabular,seasonal_naive_336h,h336,2026-01-04T23:00:00,2026-01-18T23:00:00,2026-02-15T23:00:00,,,42.0
2026-02-05 07:00:00,44.9,45.1,1.0,"Tema Community 7, Royal School",tabular,seasonal_naive_336h,h336,2026-01-04T23:00:00,2026-01-18T23:00:00,2026-02-15T23:00:00,,,42.0
2026-02-05 08:00:00,33.6,38.3,1.0,"Tema Community 7, Royal School",tabular,seasonal_naive_336h,h336,2026-01-04T23:00:00,2026-01-18T23:00:00,2026-02-15T23:00:00,,,42.0
2026-02-05 09:00:00,27.2,37.9,1.0,"Tema Community 7, Royal School",tabular,seasonal_naive_336h,h336,2026-01-04T23:00:00,2026-01-18T23:00:00,2026-02-15T23:00:00,,,42.0
2026-02-05 10:00:00,22.3,39.3,1.0,"Tema Community 7, Royal School",tabular,seasonal_naive_336h,h336,2026-01-04T23:00:00,2026-01-18T23:00:00,2026-02-15T23:00:00,,,42.0
2026-02-05 11:00:00,19.5,33.8,1.0,"Tema Community 7, Royal School",tabular,seasonal_naive_336h,h336,2026-01-04T23:00:00,2026-01-18T23:00:00,2026-02-15T23:00:00,,,42.0
2026-02-05 12:00:00,20.5,26.4,1.0,"Tema Community 7, Royal School",tabular,seasonal_naive_336h,h336,2026-01-04T23:00:00,2026-01-18T23:00:00,2026-02-15T23:00:00,,,42.0
2026-02-05 13:00:00,19.7,27.2,1.0,"Tema Community 7, Royal School",tabular,seasonal_naive_336h,h336,2026-01-04T23:00:00,2026-01-18T23:00:00,2026-02-15T23:00:00,,,42.0
2026-02-05 14:00:00,23.2,26.5,1.0,"Tema Community 7, Royal School",tabular,seasonal_naive_336h,h336,2026-01-04T23:00:00,2026-01-18T23:00:00,2026-02-15T23:00:00,,,42.0
2026-02-05 15:00:00,36.7,28.0,1.0,"Tema Community 7, Royal School",tabular,seasonal_naive_336h,h336,2026-01-04T23:00:00,2026-01-18T23:00:00,2026-02-15T23:00:00,,,42.0
2026-02-05 16:00:00,30.8,26.7,1.0,"Tema Community 7, Royal School",tabular,seasonal_naive_336h,h336,2026-01-04T23:00:00,2026-01-18T23:00:00,2026-02-15T23:00:00,,,42.0
2026-02-05 17:00:00,27.9,31.1,1.0,"Tema Community 7, Royal School",tabular,seasonal_naive_336h,h336,2026-01-04T23:00:00,2026-01-18T23:00:00,2026-02-15T23:00:00,,,42.0
2026-02-05 18:00:00,28.1,33.6,1.0,"Tema Community 7, Royal School",tabular,seasonal_naive_336h,h336,2026-01-04T23:00:00,2026-01-18T23:00:00,2026-02-15T23:00:00,,,42.0
2026-02-05 19:00:00,31.2,35.5,1.0,"Tema Community 7, Royal School",tabular,seasonal_naive_336h,h336,2026-01-04T23:00:00,2026-01-18T23:00:00,2026-02-15T23:00:00,,,42.0
2026-02-05 20:00:00,44.4,33.3,1.0,"Tema Community 7, Royal School",tabular,seasonal_naive_336h,h336,2026-01-04T23:00:00,2026-01-18T23:00:00,2026-02-15T23:00:00,,,42.0
2026-02-05 21:00:00,27.9,34.6,1.0,"Tema Community 7, Royal School",tabular,seasonal_naive_336h,h336,2026-01-04T23:00:00,2026-01-18T23:00:00,2026-02-15T23:00:00,,,42.0
2026-02-05 22:00:00,25.6,39.0,1.0,"Tema Community 7, Royal School",tabular,seasonal_naive_336h,h336,2026-01-04T23:00:00,2026-01-18T23:00:00,2026-02-15T23:00:00,,,42.0
2026-02-05 23:00:00,26.7,42.6,1.0,"Tema Community 7, Royal School",tabular,seasonal_naive_336h,h336,2026-01-04T23:00:00,2026-01-18T23:00:00,2026-02-15T23:00:00,,,42.0
2026-02-06 00:00:00,25.2,40.5,1.0,"Tema Community 7, Royal School",tabular,seasonal_naive_336h,h336,2026-01-04T23:00:00,2026-01-18T23:00:00,2026-02-15T23:00:00,,,42.0
2026-02-06 01:00:00,22.5,39.6,1.0,"Tema Community 7, Royal School",tabular,seasonal_naive_336h,h336,2026-01-04T23:00:00,2026-01-18T23:00:00,2026-02-15T23:00:00,,,42.0
2026-02-06 02:00:00,21.8,42.0,1.0,"Tema Community 7, Royal School",tabular,seasonal_naive_336h,h336,2026-01-04T23:00:00,2026-01-18T23:00:00,2026-02-15T23:00:00,,,42.0
2026-02-06 03:00:00,29.9,41.9,1.0,"Tema Community 7, Royal School",tabular,seasonal_naive_336h,h336,2026-01-04T23:00:00,2026-01-18T23:00:00,2026-02-15T23:00:00,,,42.0
2026-02-06 04:00:00,31.3,39.5,1.0,"Tema Community 7, Royal School",tabular,seasonal_naive_336h,h336,2026-01-04T23:00:00,2026-01-18T23:00:00,2026-02-15T23:00:00,,,42.0
2026-02-06 05:00:00,34.2,51.4,1.0,"Tema Community 7, Royal School",tabular,seasonal_naive_336h,h336,2026-01-04T23:00:00,2026-01-18T23:00:00,2026-02-15T23:00:00,,,42.0
2026-02-06 06:00:00,67.8,70.5,1.0,"Tema Community 7, Royal School",tabular,seasonal_naive_336h,h336,2026-01-04T23:00:00,2026-01-18T23:00:00,2026-02-15T23:00:00,,,42.0
2026-02-06 07:00:00,74.9,53.6,1.0,"Tema Community 7, Royal School",tabular,seasonal_naive_336h,h336,2026-01-04T23:00:00,2026-01-18T23:00:00,2026-02-15T23:00:00,,,42.0
2026-02-06 08:00:00,43.4,44.3,1.0,"Tema Community 7, Royal School",tabular,seasonal_naive_336h,h336,2026-01-04T23:00:00,2026-01-18T23:00:00,2026-02-15T23:00:00,,,42.0
2026-02-06 09:00:00,36.3,41.5,1.0,"Tema Community 7, Royal School",tabular,seasonal_naive_336h,h336,2026-01-04T23:00:00,2026-01-18T23:00:00,2026-02-15T23:00:00,,,42.0
2026-02-06 10:00:00,29.8,42.4,1.0,"Tema Community 7, Royal School",tabular,seasonal_naive_336h,h336,2026-01-04T23:00:00,2026-01-18T23:00:00,2026-02-15T23:00:00,,,42.0
2026-02-06 11:00:00,22.9,37.5,1.0,"Tema Community 7, Royal School",tabular,seasonal_naive_336h,h336,2026-01-04T23:00:00,2026-01-18T23:00:00,2026-02-15T23:00:00,,,42.0
2026-02-06 12:00:00,22.3,33.5,1.0,"Tema Community 7, Royal School",tabular,seasonal_naive_336h,h336,2026-01-04T23:00:00,2026-01-18T23:00:00,2026-02-15T23:00:00,,,42.0
2026-02-06 13:00:00,19.5,26.8,1.0,"Tema Community 7, Royal School",tabular,seasonal_naive_336h,h336,2026-01-04T23:00:00,2026-01-18T23:00:00,2026-02-15T23:00:00,,,42.0
2026-02-06 14:00:00,21.5,33.2,1.0,"Tema Community 7, Royal School",tabular,seasonal_naive_336h,h336,2026-01-04T23:00:00,2026-01-18T23:00:00,2026-02-15T23:00:00,,,42.0
2026-02-06 15:00:00,22.8,36.2,1.0,"Tema Community 7, Royal School",tabular,seasonal_naive_336h,h336,2026-01-04T23:00:00,2026-01-18T23:00:00,2026-02-15T23:00:00,,,42.0
2026-02-06 16:00:00,22.9,26.5,1.0,"Tema Community 7, Royal School",tabular,seasonal_naive_336h,h336,2026-01-04T23:00:00,2026-01-18T23:00:00,2026-02-15T23:00:00,,,42.0
2026-02-06 17:00:00,31.5,29.7,1.0,"Tema Community 7, Royal School",tabular,seasonal_naive_336h,h336,2026-01-04T23:00:00,2026-01-18T23:00:00,2026-02-15T23:00:00,,,42.0
2026-02-06 18:00:00,37.6,40.6,1.0,"Tema Community 7, Royal School",tabular,seasonal_naive_336h,h336,2026-01-04T23:00:00,2026-01-18T23:00:00,2026-02-15T23:00:00,,,42.0
2026-02-06 19:00:00,31.7,51.4,1.0,"Tema Community 7, Royal School",tabular,seasonal_naive_336h,h336,2026-01-04T23:00:00,2026-01-18T23:00:00,2026-02-15T23:00:00,,,42.0
2026-02-06 20:00:00,46.3,53.6,1.0,"Tema Community 7, Royal School",tabular,seasonal_naive_336h,h336,2026-01-04T23:00:00,2026-01-18T23:00:00,2026-02-15T23:00:00,,,42.0
2026-02-06 21:00:00,30.5,41.7,1.0,"Tema Community 7, Royal School",tabular,seasonal_naive_336h,h336,2026-01-04T23:00:00,2026-01-18T23:00:00,2026-02-15T23:00:00,,,42.0
2026-02-06 22:00:00,39.0,56.2,1.0,"Tema Community 7, Royal School",tabular,seasonal_naive_336h,h336,2026-01-04T23:00:00,2026-01-18T23:00:00,2026-02-15T23:00:00,,,42.0
2026-02-06 23:00:00,28.1,48.8,1.0,"Tema Community 7, Royal School",tabular,seasonal_naive_336h,h336,2026-01-04T23:00:00,2026-01-18T23:00:00,2026-02-15T23:00:00,,,42.0
2026-02-07 00:00:00,29.7,51.0,1.0,"Tema Community 7, Royal School",tabular,seasonal_naive_336h,h336,2026-01-04T23:00:00,2026-01-18T23:00:00,2026-02-15T23:00:00,,,42.0
2026-02-07 01:00:00,29.6,44.8,1.0,"Tema Community 7, Royal School",tabular,seasonal_naive_336h,h336,2026-01-04T23:00:00,2026-01-18T23:00:00,2026-02-15T23:00:00,,,42.0
2026-02-07 02:00:00,29.8,50.5,1.0,"Tema Community 7, Royal School",tabular,seasonal_naive_336h,h336,2026-01-04T23:00:00,2026-01-18T23:00:00,2026-02-15T23:00:00,,,42.0
2026-02-07 03:00:00,37.7,41.6,1.0,"Tema Community 7, Royal School",tabular,seasonal_naive_336h,h336,2026-01-04T23:00:00,2026-01-18T23:00:00,2026-02-15T23:00:00,,,42.0
2026-02-07 04:00:00,32.6,40.2,1.0,"Tema Community 7, Royal School",tabular,seasonal_naive_336h,h336,2026-01-04T23:00:00,2026-01-18T23:00:00,2026-02-15T23:00:00,,,42.0
2026-02-07 05:00:00,41.9,37.0,1.0,"Tema Community 7, Royal School",tabular,seasonal_naive_336h,h336,2026-01-04T23:00:00,2026-01-18T23:00:00,2026-02-15T23:00:00,,,42.0
2026-02-07 06:00:00,53.0,46.7,1.0,"Tema Community 7, Royal School",tabular,seasonal_naive_336h,h336,2026-01-04T23:00:00,2026-01-18T23:00:00,2026-02-15T23:00:00,,,42.0
2026-02-07 07:00:00,52.0,49.9,1.0,"Tema Community 7, Royal School",tabular,seasonal_naive_336h,h336,2026-01-04T23:00:00,2026-01-18T23:00:00,2026-02-15T23:00:00,,,42.0
2026-02-07 08:00:00,41.5,41.2,1.0,"Tema Community 7, Royal School",tabular,seasonal_naive_336h,h336,2026-01-04T23:00:00,2026-01-18T23:00:00,2026-02-15T23:00:00,,,42.0
2026-02-07 09:00:00,35.1,37.8,1.0,"Tema Community 7, Royal School",tabular,seasonal_naive_336h,h336,2026-01-04T23:00:00,2026-01-18T23:00:00,2026-02-15T23:00:00,,,42.0
2026-02-07 10:00:00,26.9,37.0,1.0,"Tema Community 7, Royal School",tabular,seasonal_naive_336h,h336,2026-01-04T23:00:00,2026-01-18T23:00:00,2026-02-15T23:00:00,,,42.0
2026-02-07 11:00:00,23.4,38.0,1.0,"Tema Community 7, Royal School",tabular,seasonal_naive_336h,h336,2026-01-04T23:00:00,2026-01-18T23:00:00,2026-02-15T23:00:00,,,42.0
2026-02-07 12:00:00,20.9,45.1,1.0,"Tema Community 7, Royal School",tabular,seasonal_naive_336h,h336,2026-01-04T23:00:00,2026-01-18T23:00:00,2026-02-15T23:00:00,,,42.0
2026-02-07 13:00:00,20.0,38.5,1.0,"Tema Community 7, Royal School",tabular,seasonal_naive_336h,h336,2026-01-04T23:00:00,2026-01-18T23:00:00,2026-02-15T23:00:00,,,42.0
2026-02-07 14:00:00,20.1,33.1,1.0,"Tema Community 7, Royal School",tabular,seasonal_naive_336h,h336,2026-01-04T23:00:00,2026-01-18T23:00:00,2026-02-15T23:00:00,,,42.0
2026-02-07 15:00:00,21.1,36.0,1.0,"Tema Community 7, Royal School",tabular,seasonal_naive_336h,h336,2026-01-04T23:00:00,2026-01-18T23:00:00,2026-02-15T23:00:00,,,42.0
2026-02-07 16:00:00,21.7,35.0,1.0,"Tema Community 7, Royal School",tabular,seasonal_naive_336h,h336,2026-01-04T23:00:00,2026-01-18T23:00:00,2026-02-15T23:00:00,,,42.0
2026-02-07 17:00:00,26.2,47.9,1.0,"Tema Community 7, Royal School",tabular,seasonal_naive_336h,h336,2026-01-04T23:00:00,2026-01-18T23:00:00,2026-02-15T23:00:00,,,42.0
2026-02-07 18:00:00,28.9,50.1,1.0,"Tema Community 7, Royal School",tabular,seasonal_naive_336h,h336,2026-01-04T23:00:00,2026-01-18T23:00:00,2026-02-15T23:00:00,,,42.0
2026-02-07 19:00:00,29.0,61.1,1.0,"Tema Community 7, Royal School",tabular,seasonal_naive_336h,h336,2026-01-04T23:00:00,2026-01-18T23:00:00,2026-02-15T23:00:00,,,42.0
2026-02-07 20:00:00,30.4,44.1,1.0,"Tema Community 7, Royal School",tabular,seasonal_naive_336h,h336,2026-01-04T23:00:00,2026-01-18T23:00:00,2026-02-15T23:00:00,,,42.0
2026-02-07 21:00:00,34.6,45.7,1.0,"Tema Community 7, Royal School",tabular,seasonal_naive_336h,h336,2026-01-04T23:00:00,2026-01-18T23:00:00,2026-02-15T23:00:00,,,42.0
2026-02-07 22:00:00,40.5,53.6,1.0,"Tema Community 7, Royal School",tabular,seasonal_naive_336h,h336,2026-01-04T23:00:00,2026-01-18T23:00:00,2026-02-15T23:00:00,,,42.0
2026-02-07 23:00:00,34.0,57.8,1.0,"Tema Community 7, Royal School",tabular,seasonal_naive_336h,h336,2026-01-04T23:00:00,2026-01-18T23:00:00,2026-02-15T23:00:00,,,42.0
2026-02-08 00:00:00,37.7,46.3,1.0,"Tema Community 7, Royal School",tabular,seasonal_naive_336h,h336,2026-01-04T23:00:00,2026-01-18T23:00:00,2026-02-15T23:00:00,,,42.0
2026-02-08 01:00:00,44.8,60.8,1.0,"Tema Community 7, Royal School",tabular,seasonal_naive_336h,h336,2026-01-04T23:00:00,2026-01-18T23:00:00,2026-02-15T23:00:00,,,42.0
2026-02-08 02:00:00,39.3,58.5,1.0,"Tema Community 7, Royal School",tabular,seasonal_naive_336h,h336,2026-01-04T23:00:00,2026-01-18T23:00:00,2026-02-15T23:00:00,,,42.0
2026-02-08 03:00:00,37.5,40.3,1.0,"Tema Community 7, Royal School",tabular,seasonal_naive_336h,h336,2026-01-04T23:00:00,2026-01-18T23:00:00,2026-02-15T23:00:00,,,42.0
2026-02-08 04:00:00,47.0,43.1,1.0,"Tema Community 7, Royal School",tabular,seasonal_naive_336h,h336,2026-01-04T23:00:00,2026-01-18T23:00:00,2026-02-15T23:00:00,,,42.0
2026-02-08 05:00:00,36.6,56.1,1.0,"Tema Community 7, Royal School",tabular,seasonal_naive_336h,h336,2026-01-04T23:00:00,2026-01-18T23:00:00,2026-02-15T23:00:00,,,42.0
2026-02-08 06:00:00,86.1,55.0,1.0,"Tema Community 7, Royal School",tabular,seasonal_naive_336h,h336,2026-01-04T23:00:00,2026-01-18T23:00:00,2026-02-15T23:00:00,,,42.0
2026-02-08 07:00:00,87.6,49.3,1.0,"Tema Community 7, Royal School",tabular,seasonal_naive_336h,h336,2026-01-04T23:00:00,2026-01-18T23:00:00,2026-02-15T23:00:00,,,42.0
2026-02-08 08:00:00,49.8,46.9,1.0,"Tema Community 7, Royal School",tabular,seasonal_naive_336h,h336,2026-01-04T23:00:00,2026-01-18T23:00:00,2026-02-15T23:00:00,,,42.0
2026-02-08 09:00:00,44.9,43.6,1.0,"Tema Community 7, Royal School",tabular,seasonal_naive_336h,h336,2026-01-04T23:00:00,2026-01-18T23:00:00,2026-02-15T23:00:00,,,42.0
2026-02-08 10:00:00,41.4,44.8,1.0,"Tema Community 7, Royal School",tabular,seasonal_naive_336h,h336,2026-01-04T23:00:00,2026-01-18T23:00:00,2026-02-15T23:00:00,,,42.0
2026-02-08 11:00:00,30.3,46.2,1.0,"Tema Community 7, Royal School",tabular,seasonal_naive_336h,h336,2026-01-04T23:00:00,2026-01-18T23:00:00,2026-02-15T23:00:00,,,42.0
2026-02-08 12:00:00,23.8,47.1,1.0,"Tema Community 7, Royal School",tabular,seasonal_naive_336h,h336,2026-01-04T23:00:00,2026-01-18T23:00:00,2026-02-15T23:00:00,,,42.0
2026-02-08 13:00:00,20.0,45.8,1.0,"Tema Community 7, Royal School",tabular,seasonal_naive_336h,h336,2026-01-04T23:00:00,2026-01-18T23:00:00,2026-02-15T23:00:00,,,42.0
2026-02-08 14:00:00,19.2,42.5,1.0,"Tema Community 7, Royal School",tabular,seasonal_naive_336h,h336,2026-01-04T23:00:00,2026-01-18T23:00:00,2026-02-15T23:00:00,,,42.0
2026-02-08 15:00:00,23.3,40.9,1.0,"Tema Community 7, Royal School",tabular,seasonal_naive_336h,h336,2026-01-04T23:00:00,2026-01-18T23:00:00,2026-02-15T23:00:00,,,42.0
2026-02-08 16:00:00,22.8,36.5,1.0,"Tema Community 7, Royal School",tabular,seasonal_naive_336h,h336,2026-01-04T23:00:00,2026-01-18T23:00:00,2026-02-15T23:00:00,,,42.0
2026-02-08 17:00:00,25.4,34.4,1.0,"Tema Community 7, Royal School",tabular,seasonal_naive_336h,h336,2026-01-04T23:00:00,2026-01-18T23:00:00,2026-02-15T23:00:00,,,42.0
2026-02-08 18:00:00,33.4,35.6,1.0,"Tema Community 7, Royal School",tabular,seasonal_naive_336h,h336,2026-01-04T23:00:00,2026-01-18T23:00:00,2026-02-15T23:00:00,,,42.0
2026-02-08 19:00:00,25.6,42.0,1.0,"Tema Community 7, Royal School",tabular,seasonal_naive_336h,h336,2026-01-04T23:00:00,2026-01-18T23:00:00,2026-02-15T23:00:00,,,42.0
2026-02-08 20:00:00,27.9,41.1,1.0,"Tema Community 7, Royal School",tabular,seasonal_naive_336h,h336,2026-01-04T23:00:00,2026-01-18T23:00:00,2026-02-15T23:00:00,,,42.0
2026-02-08 21:00:00,27.2,42.9,1.0,"Tema Community 7, Royal School",tabular,seasonal_naive_336h,h336,2026-01-04T23:00:00,2026-01-18T23:00:00,2026-02-15T23:00:00,,,42.0
2026-02-08 22:00:00,23.8,39.7,1.0,"Tema Community 7, Royal School",tabular,seasonal_naive_336h,h336,2026-01-04T23:00:00,2026-01-18T23:00:00,2026-02-15T23:00:00,,,42.0
2026-02-08 23:00:00,25.2,39.1,1.0,"Tema Community 7, Royal School",tabular,seasonal_naive_336h,h336,2026-01-04T23:00:00,2026-01-18T23:00:00,2026-02-15T23:00:00,,,42.0
2026-02-09 00:00:00,27.9,46.6,1.0,"Tema Community 7, Royal School",tabular,seasonal_naive_336h,h336,2026-01-04T23:00:00,2026-01-18T23:00:00,2026-02-15T23:00:00,,,42.0
2026-02-09 01:00:00,57.1,47.2,1.0,"Tema Community 7, Royal School",tabular,seasonal_naive_336h,h336,2026-01-04T23:00:00,2026-01-18T23:00:00,2026-02-15T23:00:00,,,42.0
2026-02-09 02:00:00,20.1,49.2,1.0,"Tema Community 7, Royal School",tabular,seasonal_naive_336h,h336,2026-01-04T23:00:00,2026-01-18T23:00:00,2026-02-15T23:00:00,,,42.0
2026-02-09 03:00:00,20.2,48.5,1.0,"Tema Community 7, Royal School",tabular,seasonal_naive_336h,h336,2026-01-04T23:00:00,2026-01-18T23:00:00,2026-02-15T23:00:00,,,42.0
2026-02-09 04:00:00,24.8,52.7,1.0,"Tema Community 7, Royal School",tabular,seasonal_naive_336h,h336,2026-01-04T23:00:00,2026-01-18T23:00:00,2026-02-15T23:00:00,,,42.0
2026-02-09 05:00:00,29.7,62.9,1.0,"Tema Community 7, Royal School",tabular,seasonal_naive_336h,h336,2026-01-04T23:00:00,2026-01-18T23:00:00,2026-02-15T23:00:00,,,42.0
2026-02-09 06:00:00,43.6,73.8,1.0,"Tema Community 7, Royal School",tabular,seasonal_naive_336h,h336,2026-01-04T23:00:00,2026-01-18T23:00:00,2026-02-15T23:00:00,,,42.0
2026-02-09 07:00:00,44.1,64.1,1.0,"Tema Community 7, Royal School",tabular,seasonal_naive_336h,h336,2026-01-04T23:00:00,2026-01-18T23:00:00,2026-02-15T23:00:00,,,42.0
2026-02-09 08:00:00,43.2,47.9,1.0,"Tema Community 7, Royal School",tabular,seasonal_naive_336h,h336,2026-01-04T23:00:00,2026-01-18T23:00:00,2026-02-15T23:00:00,,,42.0
2026-02-09 09:00:00,34.5,42.6,1.0,"Tema Community 7, Royal School",tabular,seasonal_naive_336h,h336,2026-01-04T23:00:00,2026-01-18T23:00:00,2026-02-15T23:00:00,,,42.0
2026-02-09 10:00:00,34.0,47.4,1.0,"Tema Community 7, Royal School",tabular,seasonal_naive_336h,h336,2026-01-04T23:00:00,2026-01-18T23:00:00,2026-02-15T23:00:00,,,42.0
2026-02-09 11:00:00,23.9,46.8,1.0,"Tema Community 7, Royal School",tabular,seasonal_naive_336h,h336,2026-01-04T23:00:00,2026-01-18T23:00:00,2026-02-15T23:00:00,,,42.0
2026-02-09 12:00:00,20.1,39.9,1.0,"Tema Community 7, Royal School",tabular,seasonal_naive_336h,h336,2026-01-04T23:00:00,2026-01-18T23:00:00,2026-02-15T23:00:00,,,42.0
2026-02-09 13:00:00,18.5,36.1,1.0,"Tema Community 7, Royal School",tabular,seasonal_naive_336h,h336,2026-01-04T23:00:00,2026-01-18T23:00:00,2026-02-15T23:00:00,,,42.0
2026-02-09 14:00:00,19.5,34.8,1.0,"Tema Community 7, Royal School",tabular,seasonal_naive_336h,h336,2026-01-04T23:00:00,2026-01-18T23:00:00,2026-02-15T23:00:00,,,42.0
2026-02-09 15:00:00,22.8,34.7,1.0,"Tema Community 7, Royal School",tabular,seasonal_naive_336h,h336,2026-01-04T23:00:00,2026-01-18T23:00:00,2026-02-15T23:00:00,,,42.0
2026-02-09 16:00:00,19.6,34.0,1.0,"Tema Community 7, Royal School",tabular,seasonal_naive_336h,h336,2026-01-04T23:00:00,2026-01-18T23:00:00,2026-02-15T23:00:00,,,42.0
2026-02-09 17:00:00,24.8,36.7,1.0,"Tema Community 7, Royal School",tabular,seasonal_naive_336h,h336,2026-01-04T23:00:00,2026-01-18T23:00:00,2026-02-15T23:00:00,,,42.0
2026-02-09 18:00:00,26.4,38.9,1.0,"Tema Community 7, Royal School",tabular,seasonal_naive_336h,h336,2026-01-04T23:00:00,2026-01-18T23:00:00,2026-02-15T23:00:00,,,42.0
2026-02-09 19:00:00,27.0,39.7,1.0,"Tema Community 7, Royal School",tabular,seasonal_naive_336h,h336,2026-01-04T23:00:00,2026-01-18T23:00:00,2026-02-15T23:00:00,,,42.0
2026-02-09 20:00:00,25.4,42.4,1.0,"Tema Community 7, Royal School",tabular,seasonal_naive_336h,h336,2026-01-04T23:00:00,2026-01-18T23:00:00,2026-02-15T23:00:00,,,42.0
2026-02-09 21:00:00,26.3,48.4,1.0,"Tema Community 7, Royal School",tabular,seasonal_naive_336h,h336,2026-01-04T23:00:00,2026-01-18T23:00:00,2026-02-15T23:00:00,,,42.0
2026-02-09 22:00:00,25.5,49.3,1.0,"Tema Community 7, Royal School",tabular,seasonal_naive_336h,h336,2026-01-04T23:00:00,2026-01-18T23:00:00,2026-02-15T23:00:00,,,42.0
2026-02-09 23:00:00,27.6,80.7,1.0,"Tema Community 7, Royal School",tabular,seasonal_naive_336h,h336,2026-01-04T23:00:00,2026-01-18T23:00:00,2026-02-15T23:00:00,,,42.0
2026-02-10 00:00:00,28.4,69.0,1.0,"Tema Community 7, Royal School",tabular,seasonal_naive_336h,h336,2026-01-04T23:00:00,2026-01-18T23:00:00,2026-02-15T23:00:00,,,42.0
2026-02-10 01:00:00,34.9,64.0,1.0,"Tema Community 7, Royal School",tabular,seasonal_naive_336h,h336,2026-01-04T23:00:00,2026-01-18T23:00:00,2026-02-15T23:00:00,,,42.0
2026-02-10 02:00:00,29.3,62.5,1.0,"Tema Community 7, Royal School",tabular,seasonal_naive_336h,h336,2026-01-04T23:00:00,2026-01-18T23:00:00,2026-02-15T23:00:00,,,42.0
2026-02-10 03:00:00,19.6,75.8,1.0,"Tema Community 7, Royal School",tabular,seasonal_naive_336h,h336,2026-01-04T23:00:00,2026-01-18T23:00:00,2026-02-15T23:00:00,,,42.0
2026-02-10 04:00:00,27.0,85.2,1.0,"Tema Community 7, Royal School",tabular,seasonal_naive_336h,h336,2026-01-04T23:00:00,2026-01-18T23:00:00,2026-02-15T23:00:00,,,42.0
2026-02-10 05:00:00,40.7,68.2,1.0,"Tema Community 7, Royal School",tabular,seasonal_naive_336h,h336,2026-01-04T23:00:00,2026-01-18T23:00:00,2026-02-15T23:00:00,,,42.0
2026-02-10 06:00:00,47.2,85.7,1.0,"Tema Community 7, Royal School",tabular,seasonal_naive_336h,h336,2026-01-04T23:00:00,2026-01-18T23:00:00,2026-02-15T23:00:00,,,42.0
2026-02-10 07:00:00,45.4,68.3,1.0,"Tema Community 7, Royal School",tabular,seasonal_naive_336h,h336,2026-01-04T23:00:00,2026-01-18T23:00:00,2026-02-15T23:00:00,,,42.0
2026-02-10 08:00:00,36.8,51.2,1.0,"Tema Community 7, Royal School",tabular,seasonal_naive_336h,h336,2026-01-04T23:00:00,2026-01-18T23:00:00,2026-02-15T23:00:00,,,42.0
2026-02-10 09:00:00,30.8,41.5,1.0,"Tema Community 7, Royal School",tabular,seasonal_naive_336h,h336,2026-01-04T23:00:00,2026-01-18T23:00:00,2026-02-15T23:00:00,,,42.0
2026-02-10 10:00:00,28.5,40.2,1.0,"Tema Community 7, Royal School",tabular,seasonal_naive_336h,h336,2026-01-04T23:00:00,2026-01-18T23:00:00,2026-02-15T23:00:00,,,42.0
2026-02-10 11:00:00,35.2,37.9,1.0,"Tema Community 7, Royal School",tabular,seasonal_naive_336h,h336,2026-01-04T23:00:00,2026-01-18T23:00:00,2026-02-15T23:00:00,,,42.0
2026-02-10 12:00:00,24.2,33.4,1.0,"Tema Community 7, Royal School",tabular,seasonal_naive_336h,h336,2026-01-04T23:00:00,2026-01-18T23:00:00,2026-02-15T23:00:00,,,42.0
2026-02-10 13:00:00,16.6,31.7,1.0,"Tema Community 7, Royal School",tabular,seasonal_naive_336h,h336,2026-01-04T23:00:00,2026-01-18T23:00:00,2026-02-15T23:00:00,,,42.0
2026-02-10 14:00:00,19.7,30.6,1.0,"Tema Community 7, Royal School",tabular,seasonal_naive_336h,h336,2026-01-04T23:00:00,2026-01-18T23:00:00,2026-02-15T23:00:00,,,42.0
2026-02-10 15:00:00,29.0,31.8,1.0,"Tema Community 7, Royal School",tabular,seasonal_naive_336h,h336,2026-01-04T23:00:00,2026-01-18T23:00:00,2026-02-15T23:00:00,,,42.0
2026-02-10 16:00:00,13.6,32.9,1.0,"Tema Community 7, Royal School",tabular,seasonal_naive_336h,h336,2026-01-04T23:00:00,2026-01-18T23:00:00,2026-02-15T23:00:00,,,42.0
2026-02-10 17:00:00,16.2,34.4,1.0,"Tema Community 7, Royal School",tabular,seasonal_naive_336h,h336,2026-01-04T23:00:00,2026-01-18T23:00:00,2026-02-15T23:00:00,,,42.0
2026-02-10 18:00:00,23.3,38.0,1.0,"Tema Community 7, Royal School",tabular,seasonal_naive_336h,h336,2026-01-04T23:00:00,2026-01-18T23:00:00,2026-02-15T23:00:00,,,42.0
2026-02-10 19:00:00,23.9,50.4,1.0,"Tema Community 7, Royal School",tabular,seasonal_naive_336h,h336,2026-01-04T23:00:00,2026-01-18T23:00:00,2026-02-15T23:00:00,,,42.0
2026-02-10 20:00:00,28.2,55.0,1.0,"Tema Community 7, Royal School",tabular,seasonal_naive_336h,h336,2026-01-04T23:00:00,2026-01-18T23:00:00,2026-02-15T23:00:00,,,42.0
2026-02-10 21:00:00,36.3,46.2,1.0,"Tema Community 7, Royal School",tabular,seasonal_naive_336h,h336,2026-01-04T23:00:00,2026-01-18T23:00:00,2026-02-15T23:00:00,,,42.0
2026-02-10 22:00:00,17.8,73.6,1.0,"Tema Community 7, Royal School",tabular,seasonal_naive_336h,h336,2026-01-04T23:00:00,2026-01-18T23:00:00,2026-02-15T23:00:00,,,42.0
2026-02-10 23:00:00,11.3,58.8,1.0,"Tema Community 7, Royal School",tabular,seasonal_naive_336h,h336,2026-01-04T23:00:00,2026-01-18T23:00:00,2026-02-15T23:00:00,,,42.0
2026-02-11 00:00:00,20.4,46.3,1.0,"Tema Community 7, Royal School",tabular,seasonal_naive_336h,h336,2026-01-04T23:00:00,2026-01-18T23:00:00,2026-02-15T23:00:00,,,42.0
2026-02-11 01:00:00,19.8,45.4,1.0,"Tema Community 7, Royal School",tabular,seasonal_naive_336h,h336,2026-01-04T23:00:00,2026-01-18T23:00:00,2026-02-15T23:00:00,,,42.0
2026-02-11 02:00:00,20.0,40.6,1.0,"Tema Community 7, Royal School",tabular,seasonal_naive_336h,h336,2026-01-04T23:00:00,2026-01-18T23:00:00,2026-02-15T23:00:00,,,42.0
2026-02-11 03:00:00,29.8,45.5,1.0,"Tema Community 7, Royal School",tabular,seasonal_naive_336h,h336,2026-01-04T23:00:00,2026-01-18T23:00:00,2026-02-15T23:00:00,,,42.0
2026-02-11 04:00:00,39.3,44.0,1.0,"Tema Community 7, Royal School",tabular,seasonal_naive_336h,h336,2026-01-04T23:00:00,2026-01-18T23:00:00,2026-02-15T23:00:00,,,42.0
2026-02-11 05:00:00,50.7,53.4,1.0,"Tema Community 7, Royal School",tabular,seasonal_naive_336h,h336,2026-01-04T23:00:00,2026-01-18T23:00:00,2026-02-15T23:00:00,,,42.0
2026-02-11 06:00:00,55.9,53.8,1.0,"Tema Community 7, Royal School",tabular,seasonal_naive_336h,h336,2026-01-04T23:00:00,2026-01-18T23:00:00,2026-02-15T23:00:00,,,42.0
2026-02-11 07:00:00,36.3,47.6,1.0,"Tema Community 7, Royal School",tabular,seasonal_naive_336h,h336,2026-01-04T23:00:00,2026-01-18T23:00:00,2026-02-15T23:00:00,,,42.0
2026-02-11 08:00:00,40.7,45.3,1.0,"Tema Community 7, Royal School",tabular,seasonal_naive_336h,h336,2026-01-04T23:00:00,2026-01-18T23:00:00,2026-02-15T23:00:00,,,42.0
2026-02-11 09:00:00,36.9,47.5,1.0,"Tema Community 7, Royal School",tabular,seasonal_naive_336h,h336,2026-01-04T23:00:00,2026-01-18T23:00:00,2026-02-15T23:00:00,,,42.0
2026-02-11 10:00:00,24.2,40.9,1.0,"Tema Community 7, Royal School",tabular,seasonal_naive_336h,h336,2026-01-04T23:00:00,2026-01-18T23:00:00,2026-02-15T23:00:00,,,42.0
2026-02-11 11:00:00,17.8,40.4,1.0,"Tema Community 7, Royal School",tabular,seasonal_naive_336h,h336,2026-01-04T23:00:00,2026-01-18T23:00:00,2026-02-15T23:00:00,,,42.0
2026-02-11 12:00:00,17.7,38.5,1.0,"Tema Community 7, Royal School",tabular,seasonal_naive_336h,h336,2026-01-04T23:00:00,2026-01-18T23:00:00,2026-02-15T23:00:00,,,42.0
2026-02-11 13:00:00,12.8,34.2,1.0,"Tema Community 7, Royal School",tabular,seasonal_naive_336h,h336,2026-01-04T23:00:00,2026-01-18T23:00:00,2026-02-15T23:00:00,,,42.0
2026-02-11 14:00:00,14.8,39.7,1.0,"Tema Community 7, Royal School",tabular,seasonal_naive_336h,h336,2026-01-04T23:00:00,2026-01-18T23:00:00,2026-02-15T23:00:00,,,42.0
2026-02-11 15:00:00,18.1,40.8,1.0,"Tema Community 7, Royal School",tabular,seasonal_naive_336h,h336,2026-01-04T23:00:00,2026-01-18T23:00:00,2026-02-15T23:00:00,,,42.0
2026-02-11 16:00:00,21.7,35.5,1.0,"Tema Community 7, Royal School",tabular,seasonal_naive_336h,h336,2026-01-04T23:00:00,2026-01-18T23:00:00,2026-02-15T23:00:00,,,42.0
2026-02-11 17:00:00,19.1,36.5,1.0,"Tema Community 7, Royal School",tabular,seasonal_naive_336h,h336,2026-01-04T23:00:00,2026-01-18T23:00:00,2026-02-15T23:00:00,,,42.0
2026-02-11 18:00:00,23.6,33.8,1.0,"Tema Community 7, Royal School",tabular,seasonal_naive_336h,h336,2026-01-04T23:00:00,2026-01-18T23:00:00,2026-02-15T23:00:00,,,42.0
2026-02-11 19:00:00,30.7,35.5,1.0,"Tema Community 7, Royal School",tabular,seasonal_naive_336h,h336,2026-01-04T23:00:00,2026-01-18T23:00:00,2026-02-15T23:00:00,,,42.0
2026-02-11 20:00:00,31.8,34.3,1.0,"Tema Community 7, Royal School",tabular,seasonal_naive_336h,h336,2026-01-04T23:00:00,2026-01-18T23:00:00,2026-02-15T23:00:00,,,42.0
2026-02-11 21:00:00,53.0,31.6,1.0,"Tema Community 7, Royal School",tabular,seasonal_naive_336h,h336,2026-01-04T23:00:00,2026-01-18T23:00:00,2026-02-15T23:00:00,,,42.0
2026-02-11 22:00:00,54.6,31.7,1.0,"Tema Community 7, Royal School",tabular,seasonal_naive_336h,h336,2026-01-04T23:00:00,2026-01-18T23:00:00,2026-02-15T23:00:00,,,42.0
2026-02-11 23:00:00,51.0,31.0,1.0,"Tema Community 7, Royal School",tabular,seasonal_naive_336h,h336,2026-01-04T23:00:00,2026-01-18T23:00:00,2026-02-15T23:00:00,,,42.0
2026-02-12 00:00:00,55.4,31.6,1.0,"Tema Community 7, Royal School",tabular,seasonal_naive_336h,h336,2026-01-04T23:00:00,2026-01-18T23:00:00,2026-02-15T23:00:00,,,42.0
2026-02-12 01:00:00,84.2,29.2,1.0,"Tema Community 7, Royal School",tabular,seasonal_naive_336h,h336,2026-01-04T23:00:00,2026-01-18T23:00:00,2026-02-15T23:00:00,,,42.0
2026-02-12 02:00:00,87.4,28.0,1.0,"Tema Community 7, Royal School",tabular,seasonal_naive_336h,h336,2026-01-04T23:00:00,2026-01-18T23:00:00,2026-02-15T23:00:00,,,42.0
2026-02-12 03:00:00,79.8,31.1,1.0,"Tema Community 7, Royal School",tabular,seasonal_naive_336h,h336,2026-01-04T23:00:00,2026-01-18T23:00:00,2026-02-15T23:00:00,,,42.0
2026-02-12 04:00:00,82.3,33.1,1.0,"Tema Community 7, Royal School",tabular,seasonal_naive_336h,h336,2026-01-04T23:00:00,2026-01-18T23:00:00,2026-02-15T23:00:00,,,42.0
2026-02-12 05:00:00,141.7,38.3,1.0,"Tema Community 7, Royal School",tabular,seasonal_naive_336h,h336,2026-01-04T23:00:00,2026-01-18T23:00:00,2026-02-15T23:00:00,,,42.0
2026-02-12 06:00:00,93.2,42.9,1.0,"Tema Community 7, Royal School",tabular,seasonal_naive_336h,h336,2026-01-04T23:00:00,2026-01-18T23:00:00,2026-02-15T23:00:00,,,42.0
2026-02-12 07:00:00,73.3,44.2,1.0,"Tema Community 7, Royal School",tabular,seasonal_naive_336h,h336,2026-01-04T23:00:00,2026-01-18T23:00:00,2026-02-15T23:00:00,,,42.0
2026-02-12 08:00:00,47.7,36.1,1.0,"Tema Community 7, Royal School",tabular,seasonal_naive_336h,h336,2026-01-04T23:00:00,2026-01-18T23:00:00,2026-02-15T23:00:00,,,42.0
2026-02-12 09:00:00,25.4,34.8,1.0,"Tema Community 7, Royal School",tabular,seasonal_naive_336h,h336,2026-01-04T23:00:00,2026-01-18T23:00:00,2026-02-15T23:00:00,,,42.0
2026-02-12 10:00:00,6.6,38.3,1.0,"Tema Community 7, Royal School",tabular,seasonal_naive_336h,h336,2026-01-04T23:00:00,2026-01-18T23:00:00,2026-02-15T23:00:00,,,42.0
2026-02-12 11:00:00,1.9,37.9,1.0,"Tema Community 7, Royal School",tabular,seasonal_naive_336h,h336,2026-01-04T23:00:00,2026-01-18T23:00:00,2026-02-15T23:00:00,,,42.0
2026-02-12 12:00:00,2.4,32.2,1.0,"Tema Community 7, Royal School",tabular,seasonal_naive_336h,h336,2026-01-04T23:00:00,2026-01-18T23:00:00,2026-02-15T23:00:00,,,42.0
2026-02-12 13:00:00,2.2,29.3,1.0,"Tema Community 7, Royal School",tabular,seasonal_naive_336h,h336,2026-01-04T23:00:00,2026-01-18T23:00:00,2026-02-15T23:00:00,,,42.0
2026-02-12 14:00:00,2.8,28.2,1.0,"Tema Community 7, Royal School",tabular,seasonal_naive_336h,h336,2026-01-04T23:00:00,2026-01-18T23:00:00,2026-02-15T23:00:00,,,42.0
2026-02-12 15:00:00,5.7,30.1,1.0,"Tema Community 7, Royal School",tabular,seasonal_naive_336h,h336,2026-01-04T23:00:00,2026-01-18T23:00:00,2026-02-15T23:00:00,,,42.0
2026-02-12 16:00:00,4.8,27.0,1.0,"Tema Community 7, Royal School",tabular,seasonal_naive_336h,h336,2026-01-04T23:00:00,2026-01-18T23:00:00,2026-02-15T23:00:00,,,42.0
2026-02-12 17:00:00,6.1,29.9,1.0,"Tema Community 7, Royal School",tabular,seasonal_naive_336h,h336,2026-01-04T23:00:00,2026-01-18T23:00:00,2026-02-15T23:00:00,,,42.0
2026-02-12 18:00:00,8.2,35.1,1.0,"Tema Community 7, Royal School",tabular,seasonal_naive_336h,h336,2026-01-04T23:00:00,2026-01-18T23:00:00,2026-02-15T23:00:00,,,42.0
2026-02-12 19:00:00,8.7,31.4,1.0,"Tema Community 7, Royal School",tabular,seasonal_naive_336h,h336,2026-01-04T23:00:00,2026-01-18T23:00:00,2026-02-15T23:00:00,,,42.0
2026-02-12 20:00:00,26.9,33.3,1.0,"Tema Community 7, Royal School",tabular,seasonal_naive_336h,h336,2026-01-04T23:00:00,2026-01-18T23:00:00,2026-02-15T23:00:00,,,42.0
2026-02-12 21:00:00,14.0,37.9,1.0,"Tema Community 7, Royal School",tabular,seasonal_naive_336h,h336,2026-01-04T23:00:00,2026-01-18T23:00:00,2026-02-15T23:00:00,,,42.0
2026-02-12 22:00:00,15.5,38.0,1.0,"Tema Community 7, Royal School",tabular,seasonal_naive_336h,h336,2026-01-04T23:00:00,2026-01-18T23:00:00,2026-02-15T23:00:00,,,42.0
2026-02-12 23:00:00,20.2,46.1,1.0,"Tema Community 7, Royal School",tabular,seasonal_naive_336h,h336,2026-01-04T23:00:00,2026-01-18T23:00:00,2026-02-15T23:00:00,,,42.0
2026-02-13 00:00:00,15.9,47.2,1.0,"Tema Community 7, Royal School",tabular,seasonal_naive_336h,h336,2026-01-04T23:00:00,2026-01-18T23:00:00,2026-02-15T23:00:00,,,42.0
2026-02-13 01:00:00,27.5,50.9,1.0,"Tema Community 7, Royal School",tabular,seasonal_naive_336h,h336,2026-01-04T23:00:00,2026-01-18T23:00:00,2026-02-15T23:00:00,,,42.0
2026-02-13 02:00:00,14.9,44.3,1.0,"Tema Community 7, Royal School",tabular,seasonal_naive_336h,h336,2026-01-04T23:00:00,2026-01-18T23:00:00,2026-02-15T23:00:00,,,42.0
2026-02-13 03:00:00,70.8,44.9,1.0,"Tema Community 7, Royal School",tabular,seasonal_naive_336h,h336,2026-01-04T23:00:00,2026-01-18T23:00:00,2026-02-15T23:00:00,,,42.0
2026-02-13 04:00:00,45.5,47.4,1.0,"Tema Community 7, Royal School",tabular,seasonal_naive_336h,h336,2026-01-04T23:00:00,2026-01-18T23:00:00,2026-02-15T23:00:00,,,42.0
2026-02-13 05:00:00,43.3,54.6,1.0,"Tema Community 7, Royal School",tabular,seasonal_naive_336h,h336,2026-01-04T23:00:00,2026-01-18T23:00:00,2026-02-15T23:00:00,,,42.0
2026-02-13 06:00:00,49.8,75.5,1.0,"Tema Community 7, Royal School",tabular,seasonal_naive_336h,h336,2026-01-04T23:00:00,2026-01-18T23:00:00,2026-02-15T23:00:00,,,42.0
2026-02-13 07:00:00,40.5,56.9,1.0,"Tema Community 7, Royal School",tabular,seasonal_naive_336h,h336,2026-01-04T23:00:00,2026-01-18T23:00:00,2026-02-15T23:00:00,,,42.0
2026-02-13 08:00:00,30.2,45.1,1.0,"Tema Community 7, Royal School",tabular,seasonal_naive_336h,h336,2026-01-04T23:00:00,2026-01-18T23:00:00,2026-02-15T23:00:00,,,42.0
2026-02-13 09:00:00,26.7,45.8,1.0,"Tema Community 7, Royal School",tabular,seasonal_naive_336h,h336,2026-01-04T23:00:00,2026-01-18T23:00:00,2026-02-15T23:00:00,,,42.0
2026-02-13 10:00:00,22.5,47.1,1.0,"Tema Community 7, Royal School",tabular,seasonal_naive_336h,h336,2026-01-04T23:00:00,2026-01-18T23:00:00,2026-02-15T23:00:00,,,42.0
2026-02-13 11:00:00,31.6,40.6,1.0,"Tema Community 7, Royal School",tabular,seasonal_naive_336h,h336,2026-01-04T23:00:00,2026-01-18T23:00:00,2026-02-15T23:00:00,,,42.0
2026-02-13 12:00:00,49.8,35.9,1.0,"Tema Community 7, Royal School",tabular,seasonal_naive_336h,h336,2026-01-04T23:00:00,2026-01-18T23:00:00,2026-02-15T23:00:00,,,42.0
2026-02-13 13:00:00,19.9,34.5,1.0,"Tema Community 7, Royal School",tabular,seasonal_naive_336h,h336,2026-01-04T23:00:00,2026-01-18T23:00:00,2026-02-15T23:00:00,,,42.0
2026-02-13 14:00:00,27.4,33.7,1.0,"Tema Community 7, Royal School",tabular,seasonal_naive_336h,h336,2026-01-04T23:00:00,2026-01-18T23:00:00,2026-02-15T23:00:00,,,42.0
2026-02-13 15:00:00,16.0,38.1,1.0,"Tema Community 7, Royal School",tabular,seasonal_naive_336h,h336,2026-01-04T23:00:00,2026-01-18T23:00:00,2026-02-15T23:00:00,,,42.0
2026-02-13 16:00:00,7.0,34.4,1.0,"Tema Community 7, Royal School",tabular,seasonal_naive_336h,h336,2026-01-04T23:00:00,2026-01-18T23:00:00,2026-02-15T23:00:00,,,42.0
2026-02-13 17:00:00,8.1,36.4,1.0,"Tema Community 7, Royal School",tabular,seasonal_naive_336h,h336,2026-01-04T23:00:00,2026-01-18T23:00:00,2026-02-15T23:00:00,,,42.0
2026-02-13 18:00:00,10.3,39.0,1.0,"Tema Community 7, Royal School",tabular,seasonal_naive_336h,h336,2026-01-04T23:00:00,2026-01-18T23:00:00,2026-02-15T23:00:00,,,42.0
2026-02-13 19:00:00,16.6,40.1,1.0,"Tema Community 7, Royal School",tabular,seasonal_naive_336h,h336,2026-01-04T23:00:00,2026-01-18T23:00:00,2026-02-15T23:00:00,,,42.0
2026-02-13 20:00:00,10.8,38.0,1.0,"Tema Community 7, Royal School",tabular,seasonal_naive_336h,h336,2026-01-04T23:00:00,2026-01-18T23:00:00,2026-02-15T23:00:00,,,42.0
2026-02-13 21:00:00,8.1,37.9,1.0,"Tema Community 7, Royal School",tabular,seasonal_naive_336h,h336,2026-01-04T23:00:00,2026-01-18T23:00:00,2026-02-15T23:00:00,,,42.0
2026-02-13 22:00:00,18.0,39.5,1.0,"Tema Community 7, Royal School",tabular,seasonal_naive_336h,h336,2026-01-04T23:00:00,2026-01-18T23:00:00,2026-02-15T23:00:00,,,42.0
2026-02-13 23:00:00,22.3,44.4,1.0,"Tema Community 7, Royal School",tabular,seasonal_naive_336h,h336,2026-01-04T23:00:00,2026-01-18T23:00:00,2026-02-15T23:00:00,,,42.0
2026-02-14 00:00:00,14.3,42.8,1.0,"Tema Community 7, Royal School",tabular,seasonal_naive_336h,h336,2026-01-04T23:00:00,2026-01-18T23:00:00,2026-02-15T23:00:00,,,42.0
2026-02-14 01:00:00,15.4,42.7,1.0,"Tema Community 7, Royal School",tabular,seasonal_naive_336h,h336,2026-01-04T23:00:00,2026-01-18T23:00:00,2026-02-15T23:00:00,,,42.0
2026-02-14 02:00:00,25.5,38.6,1.0,"Tema Community 7, Royal School",tabular,seasonal_naive_336h,h336,2026-01-04T23:00:00,2026-01-18T23:00:00,2026-02-15T23:00:00,,,42.0
2026-02-14 03:00:00,24.8,38.4,1.0,"Tema Community 7, Royal School",tabular,seasonal_naive_336h,h336,2026-01-04T23:00:00,2026-01-18T23:00:00,2026-02-15T23:00:00,,,42.0
2026-02-14 04:00:00,33.8,40.2,1.0,"Tema Community 7, Royal School",tabular,seasonal_naive_336h,h336,2026-01-04T23:00:00,2026-01-18T23:00:00,2026-02-15T23:00:00,,,42.0
2026-02-14 05:00:00,30.2,53.6,1.0,"Tema Community 7, Royal School",tabular,seasonal_naive_336h,h336,2026-01-04T23:00:00,2026-01-18T23:00:00,2026-02-15T23:00:00,,,42.0
2026-02-14 06:00:00,35.0,62.9,1.0,"Tema Community 7, Royal School",tabular,seasonal_naive_336h,h336,2026-01-04T23:00:00,2026-01-18T23:00:00,2026-02-15T23:00:00,,,42.0
2026-02-14 07:00:00,237.0,50.6,1.0,"Tema Community 7, Royal School",tabular,seasonal_naive_336h,h336,2026-01-04T23:00:00,2026-01-18T23:00:00,2026-02-15T23:00:00,,,42.0
2026-02-14 08:00:00,133.0,45.1,1.0,"Tema Community 7, Royal School",tabular,seasonal_naive_336h,h336,2026-01-04T23:00:00,2026-01-18T23:00:00,2026-02-15T23:00:00,,,42.0
2026-02-14 09:00:00,29.0,44.5,1.0,"Tema Community 7, Royal School",tabular,seasonal_naive_336h,h336,2026-01-04T23:00:00,2026-01-18T23:00:00,2026-02-15T23:00:00,,,42.0
2026-02-14 10:00:00,26.3,45.0,1.0,"Tema Community 7, Royal School",tabular,seasonal_naive_336h,h336,2026-01-04T23:00:00,2026-01-18T23:00:00,2026-02-15T23:00:00,,,42.0
2026-02-14 11:00:00,30.5,43.2,1.0,"Tema Community 7, Royal School",tabular,seasonal_naive_336h,h336,2026-01-04T23:00:00,2026-01-18T23:00:00,2026-02-15T23:00:00,,,42.0
2026-02-14 12:00:00,33.5,36.7,1.0,"Tema Community 7, Royal School",tabular,seasonal_naive_336h,h336,2026-01-04T23:00:00,2026-01-18T23:00:00,2026-02-15T23:00:00,,,42.0
2026-02-14 13:00:00,28.6,35.2,1.0,"Tema Community 7, Royal School",tabular,seasonal_naive_336h,h336,2026-01-04T23:00:00,2026-01-18T23:00:00,2026-02-15T23:00:00,,,42.0
2026-02-14 14:00:00,28.9,40.2,1.0,"Tema Community 7, Royal School",tabular,seasonal_naive_336h,h336,2026-01-04T23:00:00,2026-01-18T23:00:00,2026-02-15T23:00:00,,,42.0
2026-02-14 15:00:00,32.0,43.7,1.0,"Tema Community 7, Royal School",tabular,seasonal_naive_336h,h336,2026-01-04T23:00:00,2026-01-18T23:00:00,2026-02-15T23:00:00,,,42.0
2026-02-14 16:00:00,45.7,40.1,1.0,"Tema Community 7, Royal School",tabular,seasonal_naive_336h,h336,2026-01-04T23:00:00,2026-01-18T23:00:00,2026-02-15T23:00:00,,,42.0
2026-02-14 17:00:00,41.8,39.2,1.0,"Tema Community 7, Royal School",tabular,seasonal_naive_336h,h336,2026-01-04T23:00:00,2026-01-18T23:00:00,2026-02-15T23:00:00,,,42.0
2026-02-14 18:00:00,55.6,42.1,1.0,"Tema Community 7, Royal School",tabular,seasonal_naive_336h,h336,2026-01-04T23:00:00,2026-01-18T23:00:00,2026-02-15T23:00:00,,,42.0
2026-02-14 19:00:00,65.4,40.5,1.0,"Tema Community 7, Royal School",tabular,seasonal_naive_336h,h336,2026-01-04T23:00:00,2026-01-18T23:00:00,2026-02-15T23:00:00,,,42.0
2026-02-14 20:00:00,70.3,42.6,1.0,"Tema Community 7, Royal School",tabular,seasonal_naive_336h,h336,2026-01-04T23:00:00,2026-01-18T23:00:00,2026-02-15T23:00:00,,,42.0
2026-02-14 21:00:00,71.0,41.6,1.0,"Tema Community 7, Royal School",tabular,seasonal_naive_336h,h336,2026-01-04T23:00:00,2026-01-18T23:00:00,2026-02-15T23:00:00,,,42.0
2026-02-14 22:00:00,53.8,44.9,1.0,"Tema Community 7, Royal School",tabular,seasonal_naive_336h,h336,2026-01-04T23:00:00,2026-01-18T23:00:00,2026-02-15T23:00:00,,,42.0
2026-02-14 23:00:00,47.7,44.8,1.0,"Tema Community 7, Royal School",tabular,seasonal_naive_336h,h336,2026-01-04T23:00:00,2026-01-18T23:00:00,2026-02-15T23:00:00,,,42.0
2026-02-15 00:00:00,40.2,41.1,1.0,"Tema Community 7, Royal School",tabular,seasonal_naive_336h,h336,2026-01-04T23:00:00,2026-01-18T23:00:00,2026-02-15T23:00:00,,,42.0
2026-02-15 01:00:00,41.0,45.4,1.0,"Tema Community 7, Royal School",tabular,seasonal_naive_336h,h336,2026-01-04T23:00:00,2026-01-18T23:00:00,2026-02-15T23:00:00,,,42.0
2026-02-15 02:00:00,44.5,55.6,1.0,"Tema Community 7, Royal School",tabular,seasonal_naive_336h,h336,2026-01-04T23:00:00,2026-01-18T23:00:00,2026-02-15T23:00:00,,,42.0
2026-02-15 03:00:00,40.6,54.3,1.0,"Tema Community 7, Royal School",tabular,seasonal_naive_336h,h336,2026-01-04T23:00:00,2026-01-18T23:00:00,2026-02-15T23:00:00,,,42.0
2026-02-15 04:00:00,43.0,60.0,1.0,"Tema Community 7, Royal School",tabular,seasonal_naive_336h,h336,2026-01-04T23:00:00,2026-01-18T23:00:00,2026-02-15T23:00:00,,,42.0
2026-02-15 05:00:00,52.4,54.2,1.0,"Tema Community 7, Royal School",tabular,seasonal_naive_336h,h336,2026-01-04T23:00:00,2026-01-18T23:00:00,2026-02-15T23:00:00,,,42.0
2026-02-15 06:00:00,75.4,56.4,1.0,"Tema Community 7, Royal School",tabular,seasonal_naive_336h,h336,2026-01-04T23:00:00,2026-01-18T23:00:00,2026-02-15T23:00:00,,,42.0
2026-02-15 07:00:00,39.6,52.8,1.0,"Tema Community 7, Royal School",tabular,seasonal_naive_336h,h336,2026-01-04T23:00:00,2026-01-18T23:00:00,2026-02-15T23:00:00,,,42.0
2026-02-15 08:00:00,28.9,49.2,1.0,"Tema Community 7, Royal School",tabular,seasonal_naive_336h,h336,2026-01-04T23:00:00,2026-01-18T23:00:00,2026-02-15T23:00:00,,,42.0
2026-02-15 09:00:00,21.7,47.9,1.0,"Tema Community 7, Royal School",tabular,seasonal_naive_336h,h336,2026-01-04T23:00:00,2026-01-18T23:00:00,2026-02-15T23:00:00,,,42.0
2026-02-15 10:00:00,29.3,47.3,1.0,"Tema Community 7, Royal School",tabular,seasonal_naive_336h,h336,2026-01-04T23:00:00,2026-01-18T23:00:00,2026-02-15T23:00:00,,,42.0
2026-02-15 11:00:00,16.8,40.4,1.0,"Tema Community 7, Royal School",tabular,seasonal_naive_336h,h336,2026-01-04T23:00:00,2026-01-18T23:00:00,2026-02-15T23:00:00,,,42.0
2026-02-15 12:00:00,9.0,37.6,1.0,"Tema Community 7, Royal School",tabular,seasonal_naive_336h,h336,2026-01-04T23:00:00,2026-01-18T23:00:00,2026-02-15T23:00:00,,,42.0
2026-02-15 13:00:00,5.8,34.1,1.0,"Tema Community 7, Royal School",tabular,seasonal_naive_336h,h336,2026-01-04T23:00:00,2026-01-18T23:00:00,2026-02-15T23:00:00,,,42.0
2026-02-15 14:00:00,4.2,34.9,1.0,"Tema Community 7, Royal School",tabular,seasonal_naive_336h,h336,2026-01-04T23:00:00,2026-01-18T23:00:00,2026-02-15T23:00:00,,,42.0
2026-02-15 15:00:00,7.6,41.9,1.0,"Tema Community 7, Royal School",tabular,seasonal_naive_336h,h336,2026-01-04T23:00:00,2026-01-18T23:00:00,2026-02-15T23:00:00,,,42.0
2026-02-15 16:00:00,7.0,43.1,1.0,"Tema Community 7, Royal School",tabular,seasonal_naive_336h,h336,2026-01-04T23:00:00,2026-01-18T23:00:00,2026-02-15T23:00:00,,,42.0
2026-02-15 17:00:00,7.1,42.2,1.0,"Tema Community 7, Royal School",tabular,seasonal_naive_336h,h336,2026-01-04T23:00:00,2026-01-18T23:00:00,2026-02-15T23:00:00,,,42.0
2026-02-15 18:00:00,9.7,45.8,1.0,"Tema Community 7, Royal School",tabular,seasonal_naive_336h,h336,2026-01-04T23:00:00,2026-01-18T23:00:00,2026-02-15T23:00:00,,,42.0
2026-02-15 19:00:00,12.2,50.1,1.0,"Tema Community 7, Royal School",tabular,seasonal_naive_336h,h336,2026-01-04T23:00:00,2026-01-18T23:00:00,2026-02-15T23:00:00,,,42.0
2026-02-15 20:00:00,18.2,46.1,1.0,"Tema Community 7, Royal School",tabular,seasonal_naive_336h,h336,2026-01-04T23:00:00,2026-01-18T23:00:00,2026-02-15T23:00:00,,,42.0
2026-02-15 21:00:00,23.0,56.4,1.0,"Tema Community 7, Royal School",tabular,seasonal_naive_336h,h336,2026-01-04T23:00:00,2026-01-18T23:00:00,2026-02-15T23:00:00,,,42.0
2026-02-15 22:00:00,10.8,53.5,1.0,"Tema Community 7, Royal School",tabular,seasonal_naive_336h,h336,2026-01-04T23:00:00,2026-01-18T23:00:00,2026-02-15T23:00:00,,,42.0
2026-02-15 23:00:00,38.1,50.8,1.0,"Tema Community 7, Royal School",tabular,seasonal_naive_336h,h336,2026-01-04T23:00:00,2026-01-18T23:00:00,2026-02-15T23:00:00,,,42.0
2026-01-18 23:00:00,40.2,24.4,1.0,Tema Port,tabular,seasonal_naive_336h,h336,2026-01-04T23:00:00,2026-01-18T23:00:00,2026-02-15T23:00:00,,,42.0
2026-01-19 00:00:00,46.8,20.5,1.0,Tema Port,tabular,seasonal_naive_336h,h336,2026-01-04T23:00:00,2026-01-18T23:00:00,2026-02-15T23:00:00,,,42.0
2026-01-19 01:00:00,51.2,30.3,1.0,Tema Port,tabular,seasonal_naive_336h,h336,2026-01-04T23:00:00,2026-01-18T23:00:00,2026-02-15T23:00:00,,,42.0
2026-01-19 02:00:00,54.0,42.1,1.0,Tema Port,tabular,seasonal_naive_336h,h336,2026-01-04T23:00:00,2026-01-18T23:00:00,2026-02-15T23:00:00,,,42.0
2026-01-19 03:00:00,45.1,35.7,1.0,Tema Port,tabular,seasonal_naive_336h,h336,2026-01-04T23:00:00,2026-01-18T23:00:00,2026-02-15T23:00:00,,,42.0
2026-01-19 04:00:00,43.0,41.6,1.0,Tema Port,tabular,seasonal_naive_336h,h336,2026-01-04T23:00:00,2026-01-18T23:00:00,2026-02-15T23:00:00,,,42.0
2026-01-19 05:00:00,50.4,50.2,1.0,Tema Port,tabular,seasonal_naive_336h,h336,2026-01-04T23:00:00,2026-01-18T23:00:00,2026-02-15T23:00:00,,,42.0
2026-01-19 06:00:00,56.5,50.3,1.0,Tema Port,tabular,seasonal_naive_336h,h336,2026-01-04T23:00:00,2026-01-18T23:00:00,2026-02-15T23:00:00,,,42.0
2026-01-19 07:00:00,72.6,43.0,1.0,Tema Port,tabular,seasonal_naive_336h,h336,2026-01-04T23:00:00,2026-01-18T23:00:00,2026-02-15T23:00:00,,,42.0
2026-01-19 08:00:00,107.2,39.1,1.0,Tema Port,tabular,seasonal_naive_336h,h336,2026-01-04T23:00:00,2026-01-18T23:00:00,2026-02-15T23:00:00,,,42.0
2026-01-19 09:00:00,71.0,40.3,1.0,Tema Port,tabular,seasonal_naive_336h,h336,2026-01-04T23:00:00,2026-01-18T23:00:00,2026-02-15T23:00:00,,,42.0
2026-01-19 10:00:00,38.0,29.6,1.0,Tema Port,tabular,seasonal_naive_336h,h336,2026-01-04T23:00:00,2026-01-18T23:00:00,2026-02-15T23:00:00,,,42.0
2026-01-19 11:00:00,37.3,23.4,1.0,Tema Port,tabular,seasonal_naive_336h,h336,2026-01-04T23:00:00,2026-01-18T23:00:00,2026-02-15T23:00:00,,,42.0
2026-01-19 12:00:00,35.6,23.9,1.0,Tema Port,tabular,seasonal_naive_336h,h336,2026-01-04T23:00:00,2026-01-18T23:00:00,2026-02-15T23:00:00,,,42.0
2026-01-19 13:00:00,33.9,24.7,1.0,Tema Port,tabular,seasonal_naive_336h,h336,2026-01-04T23:00:00,2026-01-18T23:00:00,2026-02-15T23:00:00,,,42.0
2026-01-19 14:00:00,34.0,25.3,1.0,Tema Port,tabular,seasonal_naive_336h,h336,2026-01-04T23:00:00,2026-01-18T23:00:00,2026-02-15T23:00:00,,,42.0
2026-01-19 15:00:00,38.3,31.2,1.0,Tema Port,tabular,seasonal_naive_336h,h336,2026-01-04T23:00:00,2026-01-18T23:00:00,2026-02-15T23:00:00,,,42.0
2026-01-19 16:00:00,36.9,34.8,1.0,Tema Port,tabular,seasonal_naive_336h,h336,2026-01-04T23:00:00,2026-01-18T23:00:00,2026-02-15T23:00:00,,,42.0
2026-01-19 17:00:00,41.0,31.5,1.0,Tema Port,tabular,seasonal_naive_336h,h336,2026-01-04T23:00:00,2026-01-18T23:00:00,2026-02-15T23:00:00,,,42.0
2026-01-19 18:00:00,58.3,32.9,1.0,Tema Port,tabular,seasonal_naive_336h,h336,2026-01-04T23:00:00,2026-01-18T23:00:00,2026-02-15T23:00:00,,,42.0
2026-01-19 19:00:00,35.2,30.6,1.0,Tema Port,tabular,seasonal_naive_336h,h336,2026-01-04T23:00:00,2026-01-18T23:00:00,2026-02-15T23:00:00,,,42.0
2026-01-19 20:00:00,34.2,38.7,1.0,Tema Port,tabular,seasonal_naive_336h,h336,2026-01-04T23:00:00,2026-01-18T23:00:00,2026-02-15T23:00:00,,,42.0
2026-01-19 21:00:00,36.8,31.3,1.0,Tema Port,tabular,seasonal_naive_336h,h336,2026-01-04T23:00:00,2026-01-18T23:00:00,2026-02-15T23:00:00,,,42.0
2026-01-19 22:00:00,32.4,28.2,1.0,Tema Port,tabular,seasonal_naive_336h,h336,2026-01-04T23:00:00,2026-01-18T23:00:00,2026-02-15T23:00:00,,,42.0
2026-01-19 23:00:00,31.4,39.0,1.0,Tema Port,tabular,seasonal_naive_336h,h336,2026-01-04T23:00:00,2026-01-18T23:00:00,2026-02-15T23:00:00,,,42.0
2026-01-20 00:00:00,32.6,60.1,1.0,Tema Port,tabular,seasonal_naive_336h,h336,2026-01-04T23:00:00,2026-01-18T23:00:00,2026-02-15T23:00:00,,,42.0
2026-01-20 01:00:00,29.9,60.0,1.0,Tema Port,tabular,seasonal_naive_336h,h336,2026-01-04T23:00:00,2026-01-18T23:00:00,2026-02-15T23:00:00,,,42.0
2026-01-20 02:00:00,33.3,55.2,1.0,Tema Port,tabular,seasonal_naive_336h,h336,2026-01-04T23:00:00,2026-01-18T23:00:00,2026-02-15T23:00:00,,,42.0
2026-01-20 03:00:00,38.6,46.5,1.0,Tema Port,tabular,seasonal_naive_336h,h336,2026-01-04T23:00:00,2026-01-18T23:00:00,2026-02-15T23:00:00,,,42.0
2026-01-20 04:00:00,38.7,49.5,1.0,Tema Port,tabular,seasonal_naive_336h,h336,2026-01-04T23:00:00,2026-01-18T23:00:00,2026-02-15T23:00:00,,,42.0
2026-01-20 05:00:00,36.8,43.1,1.0,Tema Port,tabular,seasonal_naive_336h,h336,2026-01-04T23:00:00,2026-01-18T23:00:00,2026-02-15T23:00:00,,,42.0
2026-01-20 06:00:00,44.7,57.4,1.0,Tema Port,tabular,seasonal_naive_336h,h336,2026-01-04T23:00:00,2026-01-18T23:00:00,2026-02-15T23:00:00,,,42.0
2026-01-20 07:00:00,50.7,45.4,1.0,Tema Port,tabular,seasonal_naive_336h,h336,2026-01-04T23:00:00,2026-01-18T23:00:00,2026-02-15T23:00:00,,,42.0
2026-01-20 08:00:00,40.2,37.3,1.0,Tema Port,tabular,seasonal_naive_336h,h336,2026-01-04T23:00:00,2026-01-18T23:00:00,2026-02-15T23:00:00,,,42.0
2026-01-20 09:00:00,36.9,30.4,1.0,Tema Port,tabular,seasonal_naive_336h,h336,2026-01-04T23:00:00,2026-01-18T23:00:00,2026-02-15T23:00:00,,,42.0
2026-01-20 10:00:00,35.5,27.8,1.0,Tema Port,tabular,seasonal_naive_336h,h336,2026-01-04T23:00:00,2026-01-18T23:00:00,2026-02-15T23:00:00,,,42.0
2026-01-20 11:00:00,34.6,32.6,1.0,Tema Port,tabular,seasonal_naive_336h,h336,2026-01-04T23:00:00,2026-01-18T23:00:00,2026-02-15T23:00:00,,,42.0
2026-01-20 12:00:00,31.3,21.0,1.0,Tema Port,tabular,seasonal_naive_336h,h336,2026-01-04T23:00:00,2026-01-18T23:00:00,2026-02-15T23:00:00,,,42.0
2026-01-20 13:00:00,25.0,27.9,1.0,Tema Port,tabular,seasonal_naive_336h,h336,2026-01-04T23:00:00,2026-01-18T23:00:00,2026-02-15T23:00:00,,,42.0
2026-01-20 14:00:00,26.2,20.9,1.0,Tema Port,tabular,seasonal_naive_336h,h336,2026-01-04T23:00:00,2026-01-18T23:00:00,2026-02-15T23:00:00,,,42.0
2026-01-20 15:00:00,33.8,22.2,1.0,Tema Port,tabular,seasonal_naive_336h,h336,2026-01-04T23:00:00,2026-01-18T23:00:00,2026-02-15T23:00:00,,,42.0
2026-01-20 16:00:00,25.5,21.0,1.0,Tema Port,tabular,seasonal_naive_336h,h336,2026-01-04T23:00:00,2026-01-18T23:00:00,2026-02-15T23:00:00,,,42.0
2026-01-20 17:00:00,30.8,25.1,1.0,Tema Port,tabular,seasonal_naive_336h,h336,2026-01-04T23:00:00,2026-01-18T23:00:00,2026-02-15T23:00:00,,,42.0
2026-01-20 18:00:00,27.8,25.1,1.0,Tema Port,tabular,seasonal_naive_336h,h336,2026-01-04T23:00:00,2026-01-18T23:00:00,2026-02-15T23:00:00,,,42.0
2026-01-20 19:00:00,35.0,28.1,1.0,Tema Port,tabular,seasonal_naive_336h,h336,2026-01-04T23:00:00,2026-01-18T23:00:00,2026-02-15T23:00:00,,,42.0
2026-01-20 20:00:00,33.8,24.2,1.0,Tema Port,tabular,seasonal_naive_336h,h336,2026-01-04T23:00:00,2026-01-18T23:00:00,2026-02-15T23:00:00,,,42.0
2026-01-20 21:00:00,34.8,23.2,1.0,Tema Port,tabular,seasonal_naive_336h,h336,2026-01-04T23:00:00,2026-01-18T23:00:00,2026-02-15T23:00:00,,,42.0
2026-01-20 22:00:00,14.9,29.2,1.0,Tema Port,tabular,seasonal_naive_336h,h336,2026-01-04T23:00:00,2026-01-18T23:00:00,2026-02-15T23:00:00,,,42.0
2026-01-20 23:00:00,9.0,24.0,1.0,Tema Port,tabular,seasonal_naive_336h,h336,2026-01-04T23:00:00,2026-01-18T23:00:00,2026-02-15T23:00:00,,,42.0
2026-01-21 00:00:00,9.1,26.7,1.0,Tema Port,tabular,seasonal_naive_336h,h336,2026-01-04T23:00:00,2026-01-18T23:00:00,2026-02-15T23:00:00,,,42.0
2026-01-21 01:00:00,21.2,31.6,1.0,Tema Port,tabular,seasonal_naive_336h,h336,2026-01-04T23:00:00,2026-01-18T23:00:00,2026-02-15T23:00:00,,,42.0
2026-01-21 02:00:00,22.4,36.1,1.0,Tema Port,tabular,seasonal_naive_336h,h336,2026-01-04T23:00:00,2026-01-18T23:00:00,2026-02-15T23:00:00,,,42.0
2026-01-21 03:00:00,27.5,45.8,1.0,Tema Port,tabular,seasonal_naive_336h,h336,2026-01-04T23:00:00,2026-01-18T23:00:00,2026-02-15T23:00:00,,,42.0
2026-01-21 04:00:00,38.6,51.7,1.0,Tema Port,tabular,seasonal_naive_336h,h336,2026-01-04T23:00:00,2026-01-18T23:00:00,2026-02-15T23:00:00,,,42.0
2026-01-21 05:00:00,48.3,57.6,1.0,Tema Port,tabular,seasonal_naive_336h,h336,2026-01-04T23:00:00,2026-01-18T23:00:00,2026-02-15T23:00:00,,,42.0
2026-01-21 06:00:00,57.1,51.8,1.0,Tema Port,tabular,seasonal_naive_336h,h336,2026-01-04T23:00:00,2026-01-18T23:00:00,2026-02-15T23:00:00,,,42.0
2026-01-21 07:00:00,51.0,51.7,1.0,Tema Port,tabular,seasonal_naive_336h,h336,2026-01-04T23:00:00,2026-01-18T23:00:00,2026-02-15T23:00:00,,,42.0
2026-01-21 08:00:00,39.6,49.2,1.0,Tema Port,tabular,seasonal_naive_336h,h336,2026-01-04T23:00:00,2026-01-18T23:00:00,2026-02-15T23:00:00,,,42.0
2026-01-21 09:00:00,29.6,27.9,1.0,Tema Port,tabular,seasonal_naive_336h,h336,2026-01-04T23:00:00,2026-01-18T23:00:00,2026-02-15T23:00:00,,,42.0
2026-01-21 10:00:00,36.1,19.6,1.0,Tema Port,tabular,seasonal_naive_336h,h336,2026-01-04T23:00:00,2026-01-18T23:00:00,2026-02-15T23:00:00,,,42.0
2026-01-21 11:00:00,42.5,20.6,1.0,Tema Port,tabular,seasonal_naive_336h,h336,2026-01-04T23:00:00,2026-01-18T23:00:00,2026-02-15T23:00:00,,,42.0
2026-01-21 12:00:00,34.2,22.0,1.0,Tema Port,tabular,seasonal_naive_336h,h336,2026-01-04T23:00:00,2026-01-18T23:00:00,2026-02-15T23:00:00,,,42.0
2026-01-21 13:00:00,25.2,23.5,1.0,Tema Port,tabular,seasonal_naive_336h,h336,2026-01-04T23:00:00,2026-01-18T23:00:00,2026-02-15T23:00:00,,,42.0
2026-01-21 14:00:00,28.9,19.5,1.0,Tema Port,tabular,seasonal_naive_336h,h336,2026-01-04T23:00:00,2026-01-18T23:00:00,2026-02-15T23:00:00,,,42.0
2026-01-21 15:00:00,26.5,16.7,1.0,Tema Port,tabular,seasonal_naive_336h,h336,2026-01-04T23:00:00,2026-01-18T23:00:00,2026-02-15T23:00:00,,,42.0
2026-01-21 16:00:00,32.1,19.0,1.0,Tema Port,tabular,seasonal_naive_336h,h336,2026-01-04T23:00:00,2026-01-18T23:00:00,2026-02-15T23:00:00,,,42.0
2026-01-21 17:00:00,32.6,28.8,1.0,Tema Port,tabular,seasonal_naive_336h,h336,2026-01-04T23:00:00,2026-01-18T23:00:00,2026-02-15T23:00:00,,,42.0
2026-01-21 18:00:00,29.5,26.1,1.0,Tema Port,tabular,seasonal_naive_336h,h336,2026-01-04T23:00:00,2026-01-18T23:00:00,2026-02-15T23:00:00,,,42.0
2026-01-21 19:00:00,27.5,25.0,1.0,Tema Port,tabular,seasonal_naive_336h,h336,2026-01-04T23:00:00,2026-01-18T23:00:00,2026-02-15T23:00:00,,,42.0
2026-01-21 20:00:00,37.5,21.2,1.0,Tema Port,tabular,seasonal_naive_336h,h336,2026-01-04T23:00:00,2026-01-18T23:00:00,2026-02-15T23:00:00,,,42.0
2026-01-21 21:00:00,42.1,21.3,1.0,Tema Port,tabular,seasonal_naive_336h,h336,2026-01-04T23:00:00,2026-01-18T23:00:00,2026-02-15T23:00:00,,,42.0
2026-01-21 22:00:00,33.1,19.5,1.0,Tema Port,tabular,seasonal_naive_336h,h336,2026-01-04T23:00:00,2026-01-18T23:00:00,2026-02-15T23:00:00,,,42.0
2026-01-21 23:00:00,32.2,20.9,1.0,Tema Port,tabular,seasonal_naive_336h,h336,2026-01-04T23:00:00,2026-01-18T23:00:00,2026-02-15T23:00:00,,,42.0
2026-01-22 00:00:00,37.7,30.4,1.0,Tema Port,tabular,seasonal_naive_336h,h336,2026-01-04T23:00:00,2026-01-18T23:00:00,2026-02-15T23:00:00,,,42.0
2026-01-22 01:00:00,30.4,17.2,1.0,Tema Port,tabular,seasonal_naive_336h,h336,2026-01-04T23:00:00,2026-01-18T23:00:00,2026-02-15T23:00:00,,,42.0
2026-01-22 02:00:00,31.0,20.5,1.0,Tema Port,tabular,seasonal_naive_336h,h336,2026-01-04T23:00:00,2026-01-18T23:00:00,2026-02-15T23:00:00,,,42.0
2026-01-22 03:00:00,36.8,34.1,1.0,Tema Port,tabular,seasonal_naive_336h,h336,2026-01-04T23:00:00,2026-01-18T23:00:00,2026-02-15T23:00:00,,,42.0
2026-01-22 04:00:00,29.2,51.8,1.0,Tema Port,tabular,seasonal_naive_336h,h336,2026-01-04T23:00:00,2026-01-18T23:00:00,2026-02-15T23:00:00,,,42.0
2026-01-22 05:00:00,39.7,43.2,1.0,Tema Port,tabular,seasonal_naive_336h,h336,2026-01-04T23:00:00,2026-01-18T23:00:00,2026-02-15T23:00:00,,,42.0
2026-01-22 06:00:00,56.1,50.8,1.0,Tema Port,tabular,seasonal_naive_336h,h336,2026-01-04T23:00:00,2026-01-18T23:00:00,2026-02-15T23:00:00,,,42.0
2026-01-22 07:00:00,85.0,39.0,1.0,Tema Port,tabular,seasonal_naive_336h,h336,2026-01-04T23:00:00,2026-01-18T23:00:00,2026-02-15T23:00:00,,,42.0
2026-01-22 08:00:00,44.9,29.4,1.0,Tema Port,tabular,seasonal_naive_336h,h336,2026-01-04T23:00:00,2026-01-18T23:00:00,2026-02-15T23:00:00,,,42.0
2026-01-22 09:00:00,38.9,27.9,1.0,Tema Port,tabular,seasonal_naive_336h,h336,2026-01-04T23:00:00,2026-01-18T23:00:00,2026-02-15T23:00:00,,,42.0
2026-01-22 10:00:00,48.5,24.9,1.0,Tema Port,tabular,seasonal_naive_336h,h336,2026-01-04T23:00:00,2026-01-18T23:00:00,2026-02-15T23:00:00,,,42.0
2026-01-22 11:00:00,38.3,19.3,1.0,Tema Port,tabular,seasonal_naive_336h,h336,2026-01-04T23:00:00,2026-01-18T23:00:00,2026-02-15T23:00:00,,,42.0
2026-01-22 12:00:00,37.8,21.0,1.0,Tema Port,tabular,seasonal_naive_336h,h336,2026-01-04T23:00:00,2026-01-18T23:00:00,2026-02-15T23:00:00,,,42.0
2026-01-22 13:00:00,35.4,14.3,1.0,Tema Port,tabular,seasonal_naive_336h,h336,2026-01-04T23:00:00,2026-01-18T23:00:00,2026-02-15T23:00:00,,,42.0
2026-01-22 14:00:00,41.8,12.6,1.0,Tema Port,tabular,seasonal_naive_336h,h336,2026-01-04T23:00:00,2026-01-18T23:00:00,2026-02-15T23:00:00,,,42.0
2026-01-22 15:00:00,27.4,13.0,1.0,Tema Port,tabular,seasonal_naive_336h,h336,2026-01-04T23:00:00,2026-01-18T23:00:00,2026-02-15T23:00:00,,,42.0
2026-01-22 16:00:00,29.2,13.5,1.0,Tema Port,tabular,seasonal_naive_336h,h336,2026-01-04T23:00:00,2026-01-18T23:00:00,2026-02-15T23:00:00,,,42.0
2026-01-22 17:00:00,31.2,15.8,1.0,Tema Port,tabular,seasonal_naive_336h,h336,2026-01-04T23:00:00,2026-01-18T23:00:00,2026-02-15T23:00:00,,,42.0
2026-01-22 18:00:00,27.8,15.4,1.0,Tema Port,tabular,seasonal_naive_336h,h336,2026-01-04T23:00:00,2026-01-18T23:00:00,2026-02-15T23:00:00,,,42.0
2026-01-22 19:00:00,27.9,13.3,1.0,Tema Port,tabular,seasonal_naive_336h,h336,2026-01-04T23:00:00,2026-01-18T23:00:00,2026-02-15T23:00:00,,,42.0
2026-01-22 20:00:00,27.5,15.8,1.0,Tema Port,tabular,seasonal_naive_336h,h336,2026-01-04T23:00:00,2026-01-18T23:00:00,2026-02-15T23:00:00,,,42.0
2026-01-22 21:00:00,27.1,19.8,1.0,Tema Port,tabular,seasonal_naive_336h,h336,2026-01-04T23:00:00,2026-01-18T23:00:00,2026-02-15T23:00:00,,,42.0
2026-01-22 22:00:00,31.5,13.9,1.0,Tema Port,tabular,seasonal_naive_336h,h336,2026-01-04T23:00:00,2026-01-18T23:00:00,2026-02-15T23:00:00,,,42.0
2026-01-22 23:00:00,24.0,13.6,1.0,Tema Port,tabular,seasonal_naive_336h,h336,2026-01-04T23:00:00,2026-01-18T23:00:00,2026-02-15T23:00:00,,,42.0
2026-01-23 00:00:00,27.6,14.5,1.0,Tema Port,tabular,seasonal_naive_336h,h336,2026-01-04T23:00:00,2026-01-18T23:00:00,2026-02-15T23:00:00,,,42.0
2026-01-23 01:00:00,36.6,12.3,1.0,Tema Port,tabular,seasonal_naive_336h,h336,2026-01-04T23:00:00,2026-01-18T23:00:00,2026-02-15T23:00:00,,,42.0
2026-01-23 02:00:00,31.0,12.9,1.0,Tema Port,tabular,seasonal_naive_336h,h336,2026-01-04T23:00:00,2026-01-18T23:00:00,2026-02-15T23:00:00,,,42.0
2026-01-23 03:00:00,42.6,36.2,1.0,Tema Port,tabular,seasonal_naive_336h,h336,2026-01-04T23:00:00,2026-01-18T23:00:00,2026-02-15T23:00:00,,,42.0
2026-01-23 04:00:00,52.3,32.7,1.0,Tema Port,tabular,seasonal_naive_336h,h336,2026-01-04T23:00:00,2026-01-18T23:00:00,2026-02-15T23:00:00,,,42.0
2026-01-23 05:00:00,67.7,38.5,1.0,Tema Port,tabular,seasonal_naive_336h,h336,2026-01-04T23:00:00,2026-01-18T23:00:00,2026-02-15T23:00:00,,,42.0
2026-01-23 06:00:00,101.5,51.4,1.0,Tema Port,tabular,seasonal_naive_336h,h336,2026-01-04T23:00:00,2026-01-18T23:00:00,2026-02-15T23:00:00,,,42.0
2026-01-23 07:00:00,80.1,35.5,1.0,Tema Port,tabular,seasonal_naive_336h,h336,2026-01-04T23:00:00,2026-01-18T23:00:00,2026-02-15T23:00:00,,,42.0
2026-01-23 08:00:00,57.5,33.6,1.0,Tema Port,tabular,seasonal_naive_336h,h336,2026-01-04T23:00:00,2026-01-18T23:00:00,2026-02-15T23:00:00,,,42.0
2026-01-23 09:00:00,38.6,40.3,1.0,Tema Port,tabular,seasonal_naive_336h,h336,2026-01-04T23:00:00,2026-01-18T23:00:00,2026-02-15T23:00:00,,,42.0
2026-01-23 10:00:00,38.4,28.7,1.0,Tema Port,tabular,seasonal_naive_336h,h336,2026-01-04T23:00:00,2026-01-18T23:00:00,2026-02-15T23:00:00,,,42.0
2026-01-23 11:00:00,30.7,26.8,1.0,Tema Port,tabular,seasonal_naive_336h,h336,2026-01-04T23:00:00,2026-01-18T23:00:00,2026-02-15T23:00:00,,,42.0
2026-01-23 12:00:00,29.7,25.2,1.0,Tema Port,tabular,seasonal_naive_336h,h336,2026-01-04T23:00:00,2026-01-18T23:00:00,2026-02-15T23:00:00,,,42.0
2026-01-23 13:00:00,25.4,22.1,1.0,Tema Port,tabular,seasonal_naive_336h,h336,2026-01-04T23:00:00,2026-01-18T23:00:00,2026-02-15T23:00:00,,,42.0
2026-01-23 14:00:00,20.3,22.2,1.0,Tema Port,tabular,seasonal_naive_336h,h336,2026-01-04T23:00:00,2026-01-18T23:00:00,2026-02-15T23:00:00,,,42.0
2026-01-23 15:00:00,22.4,20.9,1.0,Tema Port,tabular,seasonal_naive_336h,h336,2026-01-04T23:00:00,2026-01-18T23:00:00,2026-02-15T23:00:00,,,42.0
2026-01-23 16:00:00,18.2,22.4,1.0,Tema Port,tabular,seasonal_naive_336h,h336,2026-01-04T23:00:00,2026-01-18T23:00:00,2026-02-15T23:00:00,,,42.0
2026-01-23 17:00:00,23.3,20.2,1.0,Tema Port,tabular,seasonal_naive_336h,h336,2026-01-04T23:00:00,2026-01-18T23:00:00,2026-02-15T23:00:00,,,42.0
2026-01-23 18:00:00,25.9,29.0,1.0,Tema Port,tabular,seasonal_naive_336h,h336,2026-01-04T23:00:00,2026-01-18T23:00:00,2026-02-15T23:00:00,,,42.0
2026-01-23 19:00:00,35.4,20.3,1.0,Tema Port,tabular,seasonal_naive_336h,h336,2026-01-04T23:00:00,2026-01-18T23:00:00,2026-02-15T23:00:00,,,42.0
2026-01-23 20:00:00,27.4,16.8,1.0,Tema Port,tabular,seasonal_naive_336h,h336,2026-01-04T23:00:00,2026-01-18T23:00:00,2026-02-15T23:00:00,,,42.0
2026-01-23 21:00:00,21.9,18.5,1.0,Tema Port,tabular,seasonal_naive_336h,h336,2026-01-04T23:00:00,2026-01-18T23:00:00,2026-02-15T23:00:00,,,42.0
2026-01-23 22:00:00,31.6,24.5,1.0,Tema Port,tabular,seasonal_naive_336h,h336,2026-01-04T23:00:00,2026-01-18T23:00:00,2026-02-15T23:00:00,,,42.0
2026-01-23 23:00:00,33.6,20.9,1.0,Tema Port,tabular,seasonal_naive_336h,h336,2026-01-04T23:00:00,2026-01-18T23:00:00,2026-02-15T23:00:00,,,42.0
2026-01-24 00:00:00,39.4,19.6,1.0,Tema Port,tabular,seasonal_naive_336h,h336,2026-01-04T23:00:00,2026-01-18T23:00:00,2026-02-15T23:00:00,,,42.0
2026-01-24 01:00:00,45.2,20.9,1.0,Tema Port,tabular,seasonal_naive_336h,h336,2026-01-04T23:00:00,2026-01-18T23:00:00,2026-02-15T23:00:00,,,42.0
2026-01-24 02:00:00,42.0,38.1,1.0,Tema Port,tabular,seasonal_naive_336h,h336,2026-01-04T23:00:00,2026-01-18T23:00:00,2026-02-15T23:00:00,,,42.0
2026-01-24 03:00:00,51.1,33.1,1.0,Tema Port,tabular,seasonal_naive_336h,h336,2026-01-04T23:00:00,2026-01-18T23:00:00,2026-02-15T23:00:00,,,42.0
2026-01-24 04:00:00,63.7,37.4,1.0,Tema Port,tabular,seasonal_naive_336h,h336,2026-01-04T23:00:00,2026-01-18T23:00:00,2026-02-15T23:00:00,,,42.0
2026-01-24 05:00:00,60.2,47.6,1.0,Tema Port,tabular,seasonal_naive_336h,h336,2026-01-04T23:00:00,2026-01-18T23:00:00,2026-02-15T23:00:00,,,42.0
2026-01-24 06:00:00,48.9,45.8,1.0,Tema Port,tabular,seasonal_naive_336h,h336,2026-01-04T23:00:00,2026-01-18T23:00:00,2026-02-15T23:00:00,,,42.0
2026-01-24 07:00:00,60.9,38.8,1.0,Tema Port,tabular,seasonal_naive_336h,h336,2026-01-04T23:00:00,2026-01-18T23:00:00,2026-02-15T23:00:00,,,42.0
2026-01-24 08:00:00,45.9,36.6,1.0,Tema Port,tabular,seasonal_naive_336h,h336,2026-01-04T23:00:00,2026-01-18T23:00:00,2026-02-15T23:00:00,,,42.0
2026-01-24 09:00:00,39.0,27.0,1.0,Tema Port,tabular,seasonal_naive_336h,h336,2026-01-04T23:00:00,2026-01-18T23:00:00,2026-02-15T23:00:00,,,42.0
2026-01-24 10:00:00,39.2,20.1,1.0,Tema Port,tabular,seasonal_naive_336h,h336,2026-01-04T23:00:00,2026-01-18T23:00:00,2026-02-15T23:00:00,,,42.0
2026-01-24 11:00:00,35.9,15.6,1.0,Tema Port,tabular,seasonal_naive_336h,h336,2026-01-04T23:00:00,2026-01-18T23:00:00,2026-02-15T23:00:00,,,42.0
2026-01-24 12:00:00,26.0,14.0,1.0,Tema Port,tabular,seasonal_naive_336h,h336,2026-01-04T23:00:00,2026-01-18T23:00:00,2026-02-15T23:00:00,,,42.0
2026-01-24 13:00:00,27.8,12.9,1.0,Tema Port,tabular,seasonal_naive_336h,h336,2026-01-04T23:00:00,2026-01-18T23:00:00,2026-02-15T23:00:00,,,42.0
2026-01-24 14:00:00,24.3,13.2,1.0,Tema Port,tabular,seasonal_naive_336h,h336,2026-01-04T23:00:00,2026-01-18T23:00:00,2026-02-15T23:00:00,,,42.0
2026-01-24 15:00:00,24.0,8.2,1.0,Tema Port,tabular,seasonal_naive_336h,h336,2026-01-04T23:00:00,2026-01-18T23:00:00,2026-02-15T23:00:00,,,42.0
2026-01-24 16:00:00,24.9,14.7,1.0,Tema Port,tabular,seasonal_naive_336h,h336,2026-01-04T23:00:00,2026-01-18T23:00:00,2026-02-15T23:00:00,,,42.0
2026-01-24 17:00:00,25.5,17.1,1.0,Tema Port,tabular,seasonal_naive_336h,h336,2026-01-04T23:00:00,2026-01-18T23:00:00,2026-02-15T23:00:00,,,42.0
2026-01-24 18:00:00,29.4,15.3,1.0,Tema Port,tabular,seasonal_naive_336h,h336,2026-01-04T23:00:00,2026-01-18T23:00:00,2026-02-15T23:00:00,,,42.0
2026-01-24 19:00:00,28.1,27.6,1.0,Tema Port,tabular,seasonal_naive_336h,h336,2026-01-04T23:00:00,2026-01-18T23:00:00,2026-02-15T23:00:00,,,42.0
2026-01-24 20:00:00,30.0,34.1,1.0,Tema Port,tabular,seasonal_naive_336h,h336,2026-01-04T23:00:00,2026-01-18T23:00:00,2026-02-15T23:00:00,,,42.0
2026-01-24 21:00:00,27.5,34.6,1.0,Tema Port,tabular,seasonal_naive_336h,h336,2026-01-04T23:00:00,2026-01-18T23:00:00,2026-02-15T23:00:00,,,42.0
2026-01-24 22:00:00,30.8,33.0,1.0,Tema Port,tabular,seasonal_naive_336h,h336,2026-01-04T23:00:00,2026-01-18T23:00:00,2026-02-15T23:00:00,,,42.0
2026-01-24 23:00:00,34.3,32.4,1.0,Tema Port,tabular,seasonal_naive_336h,h336,2026-01-04T23:00:00,2026-01-18T23:00:00,2026-02-15T23:00:00,,,42.0
2026-01-25 00:00:00,31.1,26.6,1.0,Tema Port,tabular,seasonal_naive_336h,h336,2026-01-04T23:00:00,2026-01-18T23:00:00,2026-02-15T23:00:00,,,42.0
2026-01-25 01:00:00,30.0,29.8,1.0,Tema Port,tabular,seasonal_naive_336h,h336,2026-01-04T23:00:00,2026-01-18T23:00:00,2026-02-15T23:00:00,,,42.0
2026-01-25 02:00:00,33.8,22.1,1.0,Tema Port,tabular,seasonal_naive_336h,h336,2026-01-04T23:00:00,2026-01-18T23:00:00,2026-02-15T23:00:00,,,42.0
2026-01-25 03:00:00,33.3,16.4,1.0,Tema Port,tabular,seasonal_naive_336h,h336,2026-01-04T23:00:00,2026-01-18T23:00:00,2026-02-15T23:00:00,,,42.0
2026-01-25 04:00:00,41.8,30.2,1.0,Tema Port,tabular,seasonal_naive_336h,h336,2026-01-04T23:00:00,2026-01-18T23:00:00,2026-02-15T23:00:00,,,42.0
2026-01-25 05:00:00,41.6,32.8,1.0,Tema Port,tabular,seasonal_naive_336h,h336,2026-01-04T23:00:00,2026-01-18T23:00:00,2026-02-15T23:00:00,,,42.0
2026-01-25 06:00:00,42.3,47.7,1.0,Tema Port,tabular,seasonal_naive_336h,h336,2026-01-04T23:00:00,2026-01-18T23:00:00,2026-02-15T23:00:00,,,42.0
2026-01-25 07:00:00,61.7,42.7,1.0,Tema Port,tabular,seasonal_naive_336h,h336,2026-01-04T23:00:00,2026-01-18T23:00:00,2026-02-15T23:00:00,,,42.0
2026-01-25 08:00:00,43.5,26.9,1.0,Tema Port,tabular,seasonal_naive_336h,h336,2026-01-04T23:00:00,2026-01-18T23:00:00,2026-02-15T23:00:00,,,42.0
2026-01-25 09:00:00,39.1,18.8,1.0,Tema Port,tabular,seasonal_naive_336h,h336,2026-01-04T23:00:00,2026-01-18T23:00:00,2026-02-15T23:00:00,,,42.0
2026-01-25 10:00:00,44.1,13.8,1.0,Tema Port,tabular,seasonal_naive_336h,h336,2026-01-04T23:00:00,2026-01-18T23:00:00,2026-02-15T23:00:00,,,42.0
2026-01-25 11:00:00,49.4,14.1,1.0,Tema Port,tabular,seasonal_naive_336h,h336,2026-01-04T23:00:00,2026-01-18T23:00:00,2026-02-15T23:00:00,,,42.0
2026-01-25 12:00:00,38.4,11.5,1.0,Tema Port,tabular,seasonal_naive_336h,h336,2026-01-04T23:00:00,2026-01-18T23:00:00,2026-02-15T23:00:00,,,42.0
2026-01-25 13:00:00,36.0,10.8,1.0,Tema Port,tabular,seasonal_naive_336h,h336,2026-01-04T23:00:00,2026-01-18T23:00:00,2026-02-15T23:00:00,,,42.0
2026-01-25 14:00:00,33.2,16.8,1.0,Tema Port,tabular,seasonal_naive_336h,h336,2026-01-04T23:00:00,2026-01-18T23:00:00,2026-02-15T23:00:00,,,42.0
2026-01-25 15:00:00,32.9,19.9,1.0,Tema Port,tabular,seasonal_naive_336h,h336,2026-01-04T23:00:00,2026-01-18T23:00:00,2026-02-15T23:00:00,,,42.0
2026-01-25 16:00:00,28.7,22.1,1.0,Tema Port,tabular,seasonal_naive_336h,h336,2026-01-04T23:00:00,2026-01-18T23:00:00,2026-02-15T23:00:00,,,42.0
2026-01-25 17:00:00,30.9,22.9,1.0,Tema Port,tabular,seasonal_naive_336h,h336,2026-01-04T23:00:00,2026-01-18T23:00:00,2026-02-15T23:00:00,,,42.0
2026-01-25 18:00:00,34.8,18.1,1.0,Tema Port,tabular,seasonal_naive_336h,h336,2026-01-04T23:00:00,2026-01-18T23:00:00,2026-02-15T23:00:00,,,42.0
2026-01-25 19:00:00,31.1,12.2,1.0,Tema Port,tabular,seasonal_naive_336h,h336,2026-01-04T23:00:00,2026-01-18T23:00:00,2026-02-15T23:00:00,,,42.0
2026-01-25 20:00:00,31.4,9.4,1.0,Tema Port,tabular,seasonal_naive_336h,h336,2026-01-04T23:00:00,2026-01-18T23:00:00,2026-02-15T23:00:00,,,42.0
2026-01-25 21:00:00,32.9,10.3,1.0,Tema Port,tabular,seasonal_naive_336h,h336,2026-01-04T23:00:00,2026-01-18T23:00:00,2026-02-15T23:00:00,,,42.0
2026-01-25 22:00:00,33.1,10.5,1.0,Tema Port,tabular,seasonal_naive_336h,h336,2026-01-04T23:00:00,2026-01-18T23:00:00,2026-02-15T23:00:00,,,42.0
2026-01-25 23:00:00,44.9,11.7,1.0,Tema Port,tabular,seasonal_naive_336h,h336,2026-01-04T23:00:00,2026-01-18T23:00:00,2026-02-15T23:00:00,,,42.0
2026-01-26 00:00:00,51.9,13.7,1.0,Tema Port,tabular,seasonal_naive_336h,h336,2026-01-04T23:00:00,2026-01-18T23:00:00,2026-02-15T23:00:00,,,42.0
2026-01-26 01:00:00,43.1,7.5,1.0,Tema Port,tabular,seasonal_naive_336h,h336,2026-01-04T23:00:00,2026-01-18T23:00:00,2026-02-15T23:00:00,,,42.0
2026-01-26 02:00:00,40.7,14.0,1.0,Tema Port,tabular,seasonal_naive_336h,h336,2026-01-04T23:00:00,2026-01-18T23:00:00,2026-02-15T23:00:00,,,42.0
2026-01-26 03:00:00,52.1,35.3,1.0,Tema Port,tabular,seasonal_naive_336h,h336,2026-01-04T23:00:00,2026-01-18T23:00:00,2026-02-15T23:00:00,,,42.0
2026-01-26 04:00:00,48.6,38.6,1.0,Tema Port,tabular,seasonal_naive_336h,h336,2026-01-04T23:00:00,2026-01-18T23:00:00,2026-02-15T23:00:00,,,42.0
2026-01-26 05:00:00,49.0,33.6,1.0,Tema Port,tabular,seasonal_naive_336h,h336,2026-01-04T23:00:00,2026-01-18T23:00:00,2026-02-15T23:00:00,,,42.0
2026-01-26 06:00:00,52.0,37.5,1.0,Tema Port,tabular,seasonal_naive_336h,h336,2026-01-04T23:00:00,2026-01-18T23:00:00,2026-02-15T23:00:00,,,42.0
2026-01-26 07:00:00,48.5,49.0,1.0,Tema Port,tabular,seasonal_naive_336h,h336,2026-01-04T23:00:00,2026-01-18T23:00:00,2026-02-15T23:00:00,,,42.0
2026-01-26 08:00:00,45.5,34.2,1.0,Tema Port,tabular,seasonal_naive_336h,h336,2026-01-04T23:00:00,2026-01-18T23:00:00,2026-02-15T23:00:00,,,42.0
2026-01-26 09:00:00,40.2,34.6,1.0,Tema Port,tabular,seasonal_naive_336h,h336,2026-01-04T23:00:00,2026-01-18T23:00:00,2026-02-15T23:00:00,,,42.0
2026-01-26 10:00:00,43.6,34.6,1.0,Tema Port,tabular,seasonal_naive_336h,h336,2026-01-04T23:00:00,2026-01-18T23:00:00,2026-02-15T23:00:00,,,42.0
2026-01-26 11:00:00,45.0,24.1,1.0,Tema Port,tabular,seasonal_naive_336h,h336,2026-01-04T23:00:00,2026-01-18T23:00:00,2026-02-15T23:00:00,,,42.0
2026-01-26 12:00:00,39.9,20.4,1.0,Tema Port,tabular,seasonal_naive_336h,h336,2026-01-04T23:00:00,2026-01-18T23:00:00,2026-02-15T23:00:00,,,42.0
2026-01-26 13:00:00,36.3,16.7,1.0,Tema Port,tabular,seasonal_naive_336h,h336,2026-01-04T23:00:00,2026-01-18T23:00:00,2026-02-15T23:00:00,,,42.0
2026-01-26 14:00:00,33.2,17.1,1.0,Tema Port,tabular,seasonal_naive_336h,h336,2026-01-04T23:00:00,2026-01-18T23:00:00,2026-02-15T23:00:00,,,42.0
2026-01-26 15:00:00,31.5,14.8,1.0,Tema Port,tabular,seasonal_naive_336h,h336,2026-01-04T23:00:00,2026-01-18T23:00:00,2026-02-15T23:00:00,,,42.0
2026-01-26 16:00:00,32.8,17.8,1.0,Tema Port,tabular,seasonal_naive_336h,h336,2026-01-04T23:00:00,2026-01-18T23:00:00,2026-02-15T23:00:00,,,42.0
2026-01-26 17:00:00,35.1,24.5,1.0,Tema Port,tabular,seasonal_naive_336h,h336,2026-01-04T23:00:00,2026-01-18T23:00:00,2026-02-15T23:00:00,,,42.0
2026-01-26 18:00:00,36.7,20.7,1.0,Tema Port,tabular,seasonal_naive_336h,h336,2026-01-04T23:00:00,2026-01-18T23:00:00,2026-02-15T23:00:00,,,42.0
2026-01-26 19:00:00,36.4,19.2,1.0,Tema Port,tabular,seasonal_naive_336h,h336,2026-01-04T23:00:00,2026-01-18T23:00:00,2026-02-15T23:00:00,,,42.0
2026-01-26 20:00:00,33.5,19.9,1.0,Tema Port,tabular,seasonal_naive_336h,h336,2026-01-04T23:00:00,2026-01-18T23:00:00,2026-02-15T23:00:00,,,42.0
2026-01-26 21:00:00,34.0,19.0,1.0,Tema Port,tabular,seasonal_naive_336h,h336,2026-01-04T23:00:00,2026-01-18T23:00:00,2026-02-15T23:00:00,,,42.0
2026-01-26 22:00:00,35.9,22.8,1.0,Tema Port,tabular,seasonal_naive_336h,h336,2026-01-04T23:00:00,2026-01-18T23:00:00,2026-02-15T23:00:00,,,42.0
2026-01-26 23:00:00,42.1,20.3,1.0,Tema Port,tabular,seasonal_naive_336h,h336,2026-01-04T23:00:00,2026-01-18T23:00:00,2026-02-15T23:00:00,,,42.0
2026-01-27 00:00:00,60.6,24.4,1.0,Tema Port,tabular,seasonal_naive_336h,h336,2026-01-04T23:00:00,2026-01-18T23:00:00,2026-02-15T23:00:00,,,42.0
2026-01-27 01:00:00,46.5,19.7,1.0,Tema Port,tabular,seasonal_naive_336h,h336,2026-01-04T23:00:00,2026-01-18T23:00:00,2026-02-15T23:00:00,,,42.0
2026-01-27 02:00:00,55.1,19.7,1.0,Tema Port,tabular,seasonal_naive_336h,h336,2026-01-04T23:00:00,2026-01-18T23:00:00,2026-02-15T23:00:00,,,42.0
2026-01-27 03:00:00,57.5,26.6,1.0,Tema Port,tabular,seasonal_naive_336h,h336,2026-01-04T23:00:00,2026-01-18T23:00:00,2026-02-15T23:00:00,,,42.0
2026-01-27 04:00:00,55.9,31.4,1.0,Tema Port,tabular,seasonal_naive_336h,h336,2026-01-04T23:00:00,2026-01-18T23:00:00,2026-02-15T23:00:00,,,42.0
2026-01-27 05:00:00,53.4,25.0,1.0,Tema Port,tabular,seasonal_naive_336h,h336,2026-01-04T23:00:00,2026-01-18T23:00:00,2026-02-15T23:00:00,,,42.0
2026-01-27 06:00:00,48.3,38.0,1.0,Tema Port,tabular,seasonal_naive_336h,h336,2026-01-04T23:00:00,2026-01-18T23:00:00,2026-02-15T23:00:00,,,42.0
2026-01-27 07:00:00,64.9,18.7,1.0,Tema Port,tabular,seasonal_naive_336h,h336,2026-01-04T23:00:00,2026-01-18T23:00:00,2026-02-15T23:00:00,,,42.0
2026-01-27 08:00:00,44.6,24.3,1.0,Tema Port,tabular,seasonal_naive_336h,h336,2026-01-04T23:00:00,2026-01-18T23:00:00,2026-02-15T23:00:00,,,42.0
2026-01-27 09:00:00,45.5,30.6,1.0,Tema Port,tabular,seasonal_naive_336h,h336,2026-01-04T23:00:00,2026-01-18T23:00:00,2026-02-15T23:00:00,,,42.0
2026-01-27 10:00:00,49.1,26.0,1.0,Tema Port,tabular,seasonal_naive_336h,h336,2026-01-04T23:00:00,2026-01-18T23:00:00,2026-02-15T23:00:00,,,42.0
2026-01-27 11:00:00,50.4,17.4,1.0,Tema Port,tabular,seasonal_naive_336h,h336,2026-01-04T23:00:00,2026-01-18T23:00:00,2026-02-15T23:00:00,,,42.0
2026-01-27 12:00:00,47.0,16.2,1.0,Tema Port,tabular,seasonal_naive_336h,h336,2026-01-04T23:00:00,2026-01-18T23:00:00,2026-02-15T23:00:00,,,42.0
2026-01-27 13:00:00,38.9,17.5,1.0,Tema Port,tabular,seasonal_naive_336h,h336,2026-01-04T23:00:00,2026-01-18T23:00:00,2026-02-15T23:00:00,,,42.0
2026-01-27 14:00:00,37.0,13.8,1.0,Tema Port,tabular,seasonal_naive_336h,h336,2026-01-04T23:00:00,2026-01-18T23:00:00,2026-02-15T23:00:00,,,42.0
2026-01-27 15:00:00,36.8,12.1,1.0,Tema Port,tabular,seasonal_naive_336h,h336,2026-01-04T23:00:00,2026-01-18T23:00:00,2026-02-15T23:00:00,,,42.0
2026-01-27 16:00:00,41.3,13.2,1.0,Tema Port,tabular,seasonal_naive_336h,h336,2026-01-04T23:00:00,2026-01-18T23:00:00,2026-02-15T23:00:00,,,42.0
2026-01-27 17:00:00,38.4,20.0,1.0,Tema Port,tabular,seasonal_naive_336h,h336,2026-01-04T23:00:00,2026-01-18T23:00:00,2026-02-15T23:00:00,,,42.0
2026-01-27 18:00:00,38.2,23.2,1.0,Tema Port,tabular,seasonal_naive_336h,h336,2026-01-04T23:00:00,2026-01-18T23:00:00,2026-02-15T23:00:00,,,42.0
2026-01-27 19:00:00,43.6,12.9,1.0,Tema Port,tabular,seasonal_naive_336h,h336,2026-01-04T23:00:00,2026-01-18T23:00:00,2026-02-15T23:00:00,,,42.0
2026-01-27 20:00:00,36.5,13.1,1.0,Tema Port,tabular,seasonal_naive_336h,h336,2026-01-04T23:00:00,2026-01-18T23:00:00,2026-02-15T23:00:00,,,42.0
2026-01-27 21:00:00,36.7,15.0,1.0,Tema Port,tabular,seasonal_naive_336h,h336,2026-01-04T23:00:00,2026-01-18T23:00:00,2026-02-15T23:00:00,,,42.0
2026-01-27 22:00:00,38.6,23.4,1.0,Tema Port,tabular,seasonal_naive_336h,h336,2026-01-04T23:00:00,2026-01-18T23:00:00,2026-02-15T23:00:00,,,42.0
2026-01-27 23:00:00,44.0,10.9,1.0,Tema Port,tabular,seasonal_naive_336h,h336,2026-01-04T23:00:00,2026-01-18T23:00:00,2026-02-15T23:00:00,,,42.0
2026-01-28 00:00:00,42.3,25.6,1.0,Tema Port,tabular,seasonal_naive_336h,h336,2026-01-04T23:00:00,2026-01-18T23:00:00,2026-02-15T23:00:00,,,42.0
2026-01-28 01:00:00,43.2,28.4,1.0,Tema Port,tabular,seasonal_naive_336h,h336,2026-01-04T23:00:00,2026-01-18T23:00:00,2026-02-15T23:00:00,,,42.0
2026-01-28 02:00:00,45.1,60.4,1.0,Tema Port,tabular,seasonal_naive_336h,h336,2026-01-04T23:00:00,2026-01-18T23:00:00,2026-02-15T23:00:00,,,42.0
2026-01-28 03:00:00,46.2,50.0,1.0,Tema Port,tabular,seasonal_naive_336h,h336,2026-01-04T23:00:00,2026-01-18T23:00:00,2026-02-15T23:00:00,,,42.0
2026-01-28 04:00:00,53.6,34.5,1.0,Tema Port,tabular,seasonal_naive_336h,h336,2026-01-04T23:00:00,2026-01-18T23:00:00,2026-02-15T23:00:00,,,42.0
2026-01-28 05:00:00,50.2,42.9,1.0,Tema Port,tabular,seasonal_naive_336h,h336,2026-01-04T23:00:00,2026-01-18T23:00:00,2026-02-15T23:00:00,,,42.0
2026-01-28 06:00:00,76.9,51.9,1.0,Tema Port,tabular,seasonal_naive_336h,h336,2026-01-04T23:00:00,2026-01-18T23:00:00,2026-02-15T23:00:00,,,42.0
2026-01-28 07:00:00,55.7,56.1,1.0,Tema Port,tabular,seasonal_naive_336h,h336,2026-01-04T23:00:00,2026-01-18T23:00:00,2026-02-15T23:00:00,,,42.0
2026-01-28 08:00:00,56.9,30.1,1.0,Tema Port,tabular,seasonal_naive_336h,h336,2026-01-04T23:00:00,2026-01-18T23:00:00,2026-02-15T23:00:00,,,42.0
2026-01-28 09:00:00,51.7,17.8,1.0,Tema Port,tabular,seasonal_naive_336h,h336,2026-01-04T23:00:00,2026-01-18T23:00:00,2026-02-15T23:00:00,,,42.0
2026-01-28 10:00:00,49.5,24.9,1.0,Tema Port,tabular,seasonal_naive_336h,h336,2026-01-04T23:00:00,2026-01-18T23:00:00,2026-02-15T23:00:00,,,42.0
2026-01-28 11:00:00,59.8,13.0,1.0,Tema Port,tabular,seasonal_naive_336h,h336,2026-01-04T23:00:00,2026-01-18T23:00:00,2026-02-15T23:00:00,,,42.0
2026-01-28 12:00:00,56.0,13.9,1.0,Tema Port,tabular,seasonal_naive_336h,h336,2026-01-04T23:00:00,2026-01-18T23:00:00,2026-02-15T23:00:00,,,42.0
2026-01-28 13:00:00,51.3,17.5,1.0,Tema Port,tabular,seasonal_naive_336h,h336,2026-01-04T23:00:00,2026-01-18T23:00:00,2026-02-15T23:00:00,,,42.0
2026-01-28 14:00:00,47.3,18.3,1.0,Tema Port,tabular,seasonal_naive_336h,h336,2026-01-04T23:00:00,2026-01-18T23:00:00,2026-02-15T23:00:00,,,42.0
2026-01-28 15:00:00,40.9,15.7,1.0,Tema Port,tabular,seasonal_naive_336h,h336,2026-01-04T23:00:00,2026-01-18T23:00:00,2026-02-15T23:00:00,,,42.0
2026-01-28 16:00:00,40.2,15.9,1.0,Tema Port,tabular,seasonal_naive_336h,h336,2026-01-04T23:00:00,2026-01-18T23:00:00,2026-02-15T23:00:00,,,42.0
2026-01-28 17:00:00,42.9,23.1,1.0,Tema Port,tabular,seasonal_naive_336h,h336,2026-01-04T23:00:00,2026-01-18T23:00:00,2026-02-15T23:00:00,,,42.0
2026-01-28 18:00:00,44.9,18.6,1.0,Tema Port,tabular,seasonal_naive_336h,h336,2026-01-04T23:00:00,2026-01-18T23:00:00,2026-02-15T23:00:00,,,42.0
2026-01-28 19:00:00,43.8,13.6,1.0,Tema Port,tabular,seasonal_naive_336h,h336,2026-01-04T23:00:00,2026-01-18T23:00:00,2026-02-15T23:00:00,,,42.0
2026-01-28 20:00:00,42.2,16.6,1.0,Tema Port,tabular,seasonal_naive_336h,h336,2026-01-04T23:00:00,2026-01-18T23:00:00,2026-02-15T23:00:00,,,42.0
2026-01-28 21:00:00,42.8,17.8,1.0,Tema Port,tabular,seasonal_naive_336h,h336,2026-01-04T23:00:00,2026-01-18T23:00:00,2026-02-15T23:00:00,,,42.0
2026-01-28 22:00:00,44.7,21.0,1.0,Tema Port,tabular,seasonal_naive_336h,h336,2026-01-04T23:00:00,2026-01-18T23:00:00,2026-02-15T23:00:00,,,42.0
2026-01-28 23:00:00,51.0,42.7,1.0,Tema Port,tabular,seasonal_naive_336h,h336,2026-01-04T23:00:00,2026-01-18T23:00:00,2026-02-15T23:00:00,,,42.0
2026-01-29 00:00:00,59.0,56.8,1.0,Tema Port,tabular,seasonal_naive_336h,h336,2026-01-04T23:00:00,2026-01-18T23:00:00,2026-02-15T23:00:00,,,42.0
2026-01-29 01:00:00,48.8,76.4,1.0,Tema Port,tabular,seasonal_naive_336h,h336,2026-01-04T23:00:00,2026-01-18T23:00:00,2026-02-15T23:00:00,,,42.0
2026-01-29 02:00:00,48.6,79.2,1.0,Tema Port,tabular,seasonal_naive_336h,h336,2026-01-04T23:00:00,2026-01-18T23:00:00,2026-02-15T23:00:00,,,42.0
2026-01-29 03:00:00,49.7,84.6,1.0,Tema Port,tabular,seasonal_naive_336h,h336,2026-01-04T23:00:00,2026-01-18T23:00:00,2026-02-15T23:00:00,,,42.0
2026-01-29 04:00:00,53.0,60.5,1.0,Tema Port,tabular,seasonal_naive_336h,h336,2026-01-04T23:00:00,2026-01-18T23:00:00,2026-02-15T23:00:00,,,42.0
2026-01-29 05:00:00,53.6,50.6,1.0,Tema Port,tabular,seasonal_naive_336h,h336,2026-01-04T23:00:00,2026-01-18T23:00:00,2026-02-15T23:00:00,,,42.0
2026-01-29 06:00:00,67.7,45.0,1.0,Tema Port,tabular,seasonal_naive_336h,h336,2026-01-04T23:00:00,2026-01-18T23:00:00,2026-02-15T23:00:00,,,42.0
2026-01-29 07:00:00,53.1,37.1,1.0,Tema Port,tabular,seasonal_naive_336h,h336,2026-01-04T23:00:00,2026-01-18T23:00:00,2026-02-15T23:00:00,,,42.0
2026-01-29 08:00:00,65.1,26.6,1.0,Tema Port,tabular,seasonal_naive_336h,h336,2026-01-04T23:00:00,2026-01-18T23:00:00,2026-02-15T23:00:00,,,42.0
2026-01-29 09:00:00,57.4,29.6,1.0,Tema Port,tabular,seasonal_naive_336h,h336,2026-01-04T23:00:00,2026-01-18T23:00:00,2026-02-15T23:00:00,,,42.0
2026-01-29 10:00:00,58.9,25.6,1.0,Tema Port,tabular,seasonal_naive_336h,h336,2026-01-04T23:00:00,2026-01-18T23:00:00,2026-02-15T23:00:00,,,42.0
2026-01-29 11:00:00,55.3,21.6,1.0,Tema Port,tabular,seasonal_naive_336h,h336,2026-01-04T23:00:00,2026-01-18T23:00:00,2026-02-15T23:00:00,,,42.0
2026-01-29 12:00:00,50.9,15.0,1.0,Tema Port,tabular,seasonal_naive_336h,h336,2026-01-04T23:00:00,2026-01-18T23:00:00,2026-02-15T23:00:00,,,42.0
2026-01-29 13:00:00,41.4,15.6,1.0,Tema Port,tabular,seasonal_naive_336h,h336,2026-01-04T23:00:00,2026-01-18T23:00:00,2026-02-15T23:00:00,,,42.0
2026-01-29 14:00:00,41.4,17.0,1.0,Tema Port,tabular,seasonal_naive_336h,h336,2026-01-04T23:00:00,2026-01-18T23:00:00,2026-02-15T23:00:00,,,42.0
2026-01-29 15:00:00,41.2,21.1,1.0,Tema Port,tabular,seasonal_naive_336h,h336,2026-01-04T23:00:00,2026-01-18T23:00:00,2026-02-15T23:00:00,,,42.0
2026-01-29 16:00:00,42.3,18.2,1.0,Tema Port,tabular,seasonal_naive_336h,h336,2026-01-04T23:00:00,2026-01-18T23:00:00,2026-02-15T23:00:00,,,42.0
2026-01-29 17:00:00,42.4,17.0,1.0,Tema Port,tabular,seasonal_naive_336h,h336,2026-01-04T23:00:00,2026-01-18T23:00:00,2026-02-15T23:00:00,,,42.0
2026-01-29 18:00:00,43.7,24.1,1.0,Tema Port,tabular,seasonal_naive_336h,h336,2026-01-04T23:00:00,2026-01-18T23:00:00,2026-02-15T23:00:00,,,42.0
2026-01-29 19:00:00,38.7,25.9,1.0,Tema Port,tabular,seasonal_naive_336h,h336,2026-01-04T23:00:00,2026-01-18T23:00:00,2026-02-15T23:00:00,,,42.0
2026-01-29 20:00:00,39.3,29.6,1.0,Tema Port,tabular,seasonal_naive_336h,h336,2026-01-04T23:00:00,2026-01-18T23:00:00,2026-02-15T23:00:00,,,42.0
2026-01-29 21:00:00,38.6,24.6,1.0,Tema Port,tabular,seasonal_naive_336h,h336,2026-01-04T23:00:00,2026-01-18T23:00:00,2026-02-15T23:00:00,,,42.0
2026-01-29 22:00:00,40.3,23.8,1.0,Tema Port,tabular,seasonal_naive_336h,h336,2026-01-04T23:00:00,2026-01-18T23:00:00,2026-02-15T23:00:00,,,42.0
2026-01-29 23:00:00,38.6,28.5,1.0,Tema Port,tabular,seasonal_naive_336h,h336,2026-01-04T23:00:00,2026-01-18T23:00:00,2026-02-15T23:00:00,,,42.0
2026-01-30 00:00:00,41.1,34.2,1.0,Tema Port,tabular,seasonal_naive_336h,h336,2026-01-04T23:00:00,2026-01-18T23:00:00,2026-02-15T23:00:00,,,42.0
2026-01-30 01:00:00,40.3,35.8,1.0,Tema Port,tabular,seasonal_naive_336h,h336,2026-01-04T23:00:00,2026-01-18T23:00:00,2026-02-15T23:00:00,,,42.0
2026-01-30 02:00:00,43.3,31.5,1.0,Tema Port,tabular,seasonal_naive_336h,h336,2026-01-04T23:00:00,2026-01-18T23:00:00,2026-02-15T23:00:00,,,42.0
2026-01-30 03:00:00,56.5,35.4,1.0,Tema Port,tabular,seasonal_naive_336h,h336,2026-01-04T23:00:00,2026-01-18T23:00:00,2026-02-15T23:00:00,,,42.0
2026-01-30 04:00:00,47.8,34.4,1.0,Tema Port,tabular,seasonal_naive_336h,h336,2026-01-04T23:00:00,2026-01-18T23:00:00,2026-02-15T23:00:00,,,42.0
2026-01-30 05:00:00,51.1,33.3,1.0,Tema Port,tabular,seasonal_naive_336h,h336,2026-01-04T23:00:00,2026-01-18T23:00:00,2026-02-15T23:00:00,,,42.0
2026-01-30 06:00:00,59.4,37.6,1.0,Tema Port,tabular,seasonal_naive_336h,h336,2026-01-04T23:00:00,2026-01-18T23:00:00,2026-02-15T23:00:00,,,42.0
2026-01-30 07:00:00,49.0,38.4,1.0,Tema Port,tabular,seasonal_naive_336h,h336,2026-01-04T23:00:00,2026-01-18T23:00:00,2026-02-15T23:00:00,,,42.0
2026-01-30 08:00:00,44.3,54.0,1.0,Tema Port,tabular,seasonal_naive_336h,h336,2026-01-04T23:00:00,2026-01-18T23:00:00,2026-02-15T23:00:00,,,42.0
2026-01-30 09:00:00,43.5,40.2,1.0,Tema Port,tabular,seasonal_naive_336h,h336,2026-01-04T23:00:00,2026-01-18T23:00:00,2026-02-15T23:00:00,,,42.0
2026-01-30 10:00:00,44.1,20.7,1.0,Tema Port,tabular,seasonal_naive_336h,h336,2026-01-04T23:00:00,2026-01-18T23:00:00,2026-02-15T23:00:00,,,42.0
2026-01-30 11:00:00,45.2,18.3,1.0,Tema Port,tabular,seasonal_naive_336h,h336,2026-01-04T23:00:00,2026-01-18T23:00:00,2026-02-15T23:00:00,,,42.0
2026-01-30 12:00:00,48.2,16.4,1.0,Tema Port,tabular,seasonal_naive_336h,h336,2026-01-04T23:00:00,2026-01-18T23:00:00,2026-02-15T23:00:00,,,42.0
2026-01-30 13:00:00,40.0,19.1,1.0,Tema Port,tabular,seasonal_naive_336h,h336,2026-01-04T23:00:00,2026-01-18T23:00:00,2026-02-15T23:00:00,,,42.0
2026-01-30 14:00:00,39.1,18.8,1.0,Tema Port,tabular,seasonal_naive_336h,h336,2026-01-04T23:00:00,2026-01-18T23:00:00,2026-02-15T23:00:00,,,42.0
2026-01-30 15:00:00,36.8,21.6,1.0,Tema Port,tabular,seasonal_naive_336h,h336,2026-01-04T23:00:00,2026-01-18T23:00:00,2026-02-15T23:00:00,,,42.0
2026-01-30 16:00:00,38.2,22.5,1.0,Tema Port,tabular,seasonal_naive_336h,h336,2026-01-04T23:00:00,2026-01-18T23:00:00,2026-02-15T23:00:00,,,42.0
2026-01-30 17:00:00,71.2,28.1,1.0,Tema Port,tabular,seasonal_naive_336h,h336,2026-01-04T23:00:00,2026-01-18T23:00:00,2026-02-15T23:00:00,,,42.0
2026-01-30 18:00:00,59.0,21.9,1.0,Tema Port,tabular,seasonal_naive_336h,h336,2026-01-04T23:00:00,2026-01-18T23:00:00,2026-02-15T23:00:00,,,42.0
2026-01-30 19:00:00,38.6,9.2,1.0,Tema Port,tabular,seasonal_naive_336h,h336,2026-01-04T23:00:00,2026-01-18T23:00:00,2026-02-15T23:00:00,,,42.0
2026-01-30 20:00:00,73.5,16.5,1.0,Tema Port,tabular,seasonal_naive_336h,h336,2026-01-04T23:00:00,2026-01-18T23:00:00,2026-02-15T23:00:00,,,42.0
2026-01-30 21:00:00,40.9,14.8,1.0,Tema Port,tabular,seasonal_naive_336h,h336,2026-01-04T23:00:00,2026-01-18T23:00:00,2026-02-15T23:00:00,,,42.0
2026-01-30 22:00:00,38.9,14.6,1.0,Tema Port,tabular,seasonal_naive_336h,h336,2026-01-04T23:00:00,2026-01-18T23:00:00,2026-02-15T23:00:00,,,42.0
2026-01-30 23:00:00,40.5,13.3,1.0,Tema Port,tabular,seasonal_naive_336h,h336,2026-01-04T23:00:00,2026-01-18T23:00:00,2026-02-15T23:00:00,,,42.0
2026-01-31 00:00:00,42.3,9.6,1.0,Tema Port,tabular,seasonal_naive_336h,h336,2026-01-04T23:00:00,2026-01-18T23:00:00,2026-02-15T23:00:00,,,42.0
2026-01-31 01:00:00,39.9,15.3,1.0,Tema Port,tabular,seasonal_naive_336h,h336,2026-01-04T23:00:00,2026-01-18T23:00:00,2026-02-15T23:00:00,,,42.0
2026-01-31 02:00:00,41.4,43.9,1.0,Tema Port,tabular,seasonal_naive_336h,h336,2026-01-04T23:00:00,2026-01-18T23:00:00,2026-02-15T23:00:00,,,42.0
2026-01-31 03:00:00,44.8,41.0,1.0,Tema Port,tabular,seasonal_naive_336h,h336,2026-01-04T23:00:00,2026-01-18T23:00:00,2026-02-15T23:00:00,,,42.0
2026-01-31 04:00:00,45.5,35.7,1.0,Tema Port,tabular,seasonal_naive_336h,h336,2026-01-04T23:00:00,2026-01-18T23:00:00,2026-02-15T23:00:00,,,42.0
2026-01-31 05:00:00,42.6,37.5,1.0,Tema Port,tabular,seasonal_naive_336h,h336,2026-01-04T23:00:00,2026-01-18T23:00:00,2026-02-15T23:00:00,,,42.0
2026-01-31 06:00:00,50.2,44.5,1.0,Tema Port,tabular,seasonal_naive_336h,h336,2026-01-04T23:00:00,2026-01-18T23:00:00,2026-02-15T23:00:00,,,42.0
2026-01-31 07:00:00,50.7,43.2,1.0,Tema Port,tabular,seasonal_naive_336h,h336,2026-01-04T23:00:00,2026-01-18T23:00:00,2026-02-15T23:00:00,,,42.0
2026-01-31 08:00:00,48.7,47.4,1.0,Tema Port,tabular,seasonal_naive_336h,h336,2026-01-04T23:00:00,2026-01-18T23:00:00,2026-02-15T23:00:00,,,42.0
2026-01-31 09:00:00,64.0,13.2,1.0,Tema Port,tabular,seasonal_naive_336h,h336,2026-01-04T23:00:00,2026-01-18T23:00:00,2026-02-15T23:00:00,,,42.0
2026-01-31 10:00:00,47.6,21.0,1.0,Tema Port,tabular,seasonal_naive_336h,h336,2026-01-04T23:00:00,2026-01-18T23:00:00,2026-02-15T23:00:00,,,42.0
2026-01-31 11:00:00,36.5,9.6,1.0,Tema Port,tabular,seasonal_naive_336h,h336,2026-01-04T23:00:00,2026-01-18T23:00:00,2026-02-15T23:00:00,,,42.0
2026-01-31 12:00:00,32.6,6.6,1.0,Tema Port,tabular,seasonal_naive_336h,h336,2026-01-04T23:00:00,2026-01-18T23:00:00,2026-02-15T23:00:00,,,42.0
2026-01-31 13:00:00,32.5,5.1,1.0,Tema Port,tabular,seasonal_naive_336h,h336,2026-01-04T23:00:00,2026-01-18T23:00:00,2026-02-15T23:00:00,,,42.0
2026-01-31 14:00:00,32.4,10.0,1.0,Tema Port,tabular,seasonal_naive_336h,h336,2026-01-04T23:00:00,2026-01-18T23:00:00,2026-02-15T23:00:00,,,42.0
2026-01-31 15:00:00,33.8,4.7,1.0,Tema Port,tabular,seasonal_naive_336h,h336,2026-01-04T23:00:00,2026-01-18T23:00:00,2026-02-15T23:00:00,,,42.0
2026-01-31 16:00:00,32.0,4.8,1.0,Tema Port,tabular,seasonal_naive_336h,h336,2026-01-04T23:00:00,2026-01-18T23:00:00,2026-02-15T23:00:00,,,42.0
2026-01-31 17:00:00,36.2,6.8,1.0,Tema Port,tabular,seasonal_naive_336h,h336,2026-01-04T23:00:00,2026-01-18T23:00:00,2026-02-15T23:00:00,,,42.0
2026-01-31 18:00:00,33.5,9.1,1.0,Tema Port,tabular,seasonal_naive_336h,h336,2026-01-04T23:00:00,2026-01-18T23:00:00,2026-02-15T23:00:00,,,42.0
2026-01-31 19:00:00,37.8,12.5,1.0,Tema Port,tabular,seasonal_naive_336h,h336,2026-01-04T23:00:00,2026-01-18T23:00:00,2026-02-15T23:00:00,,,42.0
2026-01-31 20:00:00,40.2,7.1,1.0,Tema Port,tabular,seasonal_naive_336h,h336,2026-01-04T23:00:00,2026-01-18T23:00:00,2026-02-15T23:00:00,,,42.0
2026-01-31 21:00:00,33.5,11.5,1.0,Tema Port,tabular,seasonal_naive_336h,h336,2026-01-04T23:00:00,2026-01-18T23:00:00,2026-02-15T23:00:00,,,42.0
2026-01-31 22:00:00,32.0,5.3,1.0,Tema Port,tabular,seasonal_naive_336h,h336,2026-01-04T23:00:00,2026-01-18T23:00:00,2026-02-15T23:00:00,,,42.0
2026-01-31 23:00:00,44.7,8.6,1.0,Tema Port,tabular,seasonal_naive_336h,h336,2026-01-04T23:00:00,2026-01-18T23:00:00,2026-02-15T23:00:00,,,42.0
2026-02-01 00:00:00,37.4,4.0,1.0,Tema Port,tabular,seasonal_naive_336h,h336,2026-01-04T23:00:00,2026-01-18T23:00:00,2026-02-15T23:00:00,,,42.0
2026-02-01 01:00:00,34.8,3.6,1.0,Tema Port,tabular,seasonal_naive_336h,h336,2026-01-04T23:00:00,2026-01-18T23:00:00,2026-02-15T23:00:00,,,42.0
2026-02-01 02:00:00,31.5,6.4,1.0,Tema Port,tabular,seasonal_naive_336h,h336,2026-01-04T23:00:00,2026-01-18T23:00:00,2026-02-15T23:00:00,,,42.0
2026-02-01 03:00:00,29.9,4.3,1.0,Tema Port,tabular,seasonal_naive_336h,h336,2026-01-04T23:00:00,2026-01-18T23:00:00,2026-02-15T23:00:00,,,42.0
2026-02-01 04:00:00,32.1,35.3,1.0,Tema Port,tabular,seasonal_naive_336h,h336,2026-01-04T23:00:00,2026-01-18T23:00:00,2026-02-15T23:00:00,,,42.0
2026-02-01 05:00:00,80.6,72.7,1.0,Tema Port,tabular,seasonal_naive_336h,h336,2026-01-04T23:00:00,2026-01-18T23:00:00,2026-02-15T23:00:00,,,42.0
2026-02-01 06:00:00,43.0,52.2,1.0,Tema Port,tabular,seasonal_naive_336h,h336,2026-01-04T23:00:00,2026-01-18T23:00:00,2026-02-15T23:00:00,,,42.0
2026-02-01 07:00:00,54.9,33.8,1.0,Tema Port,tabular,seasonal_naive_336h,h336,2026-01-04T23:00:00,2026-01-18T23:00:00,2026-02-15T23:00:00,,,42.0
2026-02-01 08:00:00,64.6,16.9,1.0,Tema Port,tabular,seasonal_naive_336h,h336,2026-01-04T23:00:00,2026-01-18T23:00:00,2026-02-15T23:00:00,,,42.0
2026-02-01 09:00:00,51.1,7.3,1.0,Tema Port,tabular,seasonal_naive_336h,h336,2026-01-04T23:00:00,2026-01-18T23:00:00,2026-02-15T23:00:00,,,42.0
2026-02-01 10:00:00,35.4,4.3,1.0,Tema Port,tabular,seasonal_naive_336h,h336,2026-01-04T23:00:00,2026-01-18T23:00:00,2026-02-15T23:00:00,,,42.0
2026-02-01 11:00:00,31.9,4.2,1.0,Tema Port,tabular,seasonal_naive_336h,h336,2026-01-04T23:00:00,2026-01-18T23:00:00,2026-02-15T23:00:00,,,42.0
2026-02-01 12:00:00,28.7,3.5,1.0,Tema Port,tabular,seasonal_naive_336h,h336,2026-01-04T23:00:00,2026-01-18T23:00:00,2026-02-15T23:00:00,,,42.0
2026-02-01 13:00:00,27.2,3.8,1.0,Tema Port,tabular,seasonal_naive_336h,h336,2026-01-04T23:00:00,2026-01-18T23:00:00,2026-02-15T23:00:00,,,42.0
2026-02-01 14:00:00,27.4,3.2,1.0,Tema Port,tabular,seasonal_naive_336h,h336,2026-01-04T23:00:00,2026-01-18T23:00:00,2026-02-15T23:00:00,,,42.0
2026-02-01 15:00:00,29.3,5.4,1.0,Tema Port,tabular,seasonal_naive_336h,h336,2026-01-04T23:00:00,2026-01-18T23:00:00,2026-02-15T23:00:00,,,42.0
2026-02-01 16:00:00,29.5,7.6,1.0,Tema Port,tabular,seasonal_naive_336h,h336,2026-01-04T23:00:00,2026-01-18T23:00:00,2026-02-15T23:00:00,,,42.0
2026-02-01 17:00:00,29.9,5.9,1.0,Tema Port,tabular,seasonal_naive_336h,h336,2026-01-04T23:00:00,2026-01-18T23:00:00,2026-02-15T23:00:00,,,42.0
2026-02-01 18:00:00,34.7,6.1,1.0,Tema Port,tabular,seasonal_naive_336h,h336,2026-01-04T23:00:00,2026-01-18T23:00:00,2026-02-15T23:00:00,,,42.0
2026-02-01 19:00:00,28.7,5.8,1.0,Tema Port,tabular,seasonal_naive_336h,h336,2026-01-04T23:00:00,2026-01-18T23:00:00,2026-02-15T23:00:00,,,42.0
2026-02-01 20:00:00,28.4,6.4,1.0,Tema Port,tabular,seasonal_naive_336h,h336,2026-01-04T23:00:00,2026-01-18T23:00:00,2026-02-15T23:00:00,,,42.0
2026-02-01 21:00:00,29.7,7.6,1.0,Tema Port,tabular,seasonal_naive_336h,h336,2026-01-04T23:00:00,2026-01-18T23:00:00,2026-02-15T23:00:00,,,42.0
2026-02-01 22:00:00,25.6,14.3,1.0,Tema Port,tabular,seasonal_naive_336h,h336,2026-01-04T23:00:00,2026-01-18T23:00:00,2026-02-15T23:00:00,,,42.0
2026-02-01 23:00:00,26.5,27.0,1.0,Tema Port,tabular,seasonal_naive_336h,h336,2026-01-04T23:00:00,2026-01-18T23:00:00,2026-02-15T23:00:00,,,42.0
2026-02-02 00:00:00,33.7,35.5,1.0,Tema Port,tabular,seasonal_naive_336h,h336,2026-01-04T23:00:00,2026-01-18T23:00:00,2026-02-15T23:00:00,,,42.0
2026-02-02 01:00:00,31.4,33.3,1.0,Tema Port,tabular,seasonal_naive_336h,h336,2026-01-04T23:00:00,2026-01-18T23:00:00,2026-02-15T23:00:00,,,42.0
2026-02-02 02:00:00,30.3,34.9,1.0,Tema Port,tabular,seasonal_naive_336h,h336,2026-01-04T23:00:00,2026-01-18T23:00:00,2026-02-15T23:00:00,,,42.0
2026-02-02 03:00:00,36.8,35.3,1.0,Tema Port,tabular,seasonal_naive_336h,h336,2026-01-04T23:00:00,2026-01-18T23:00:00,2026-02-15T23:00:00,,,42.0
2026-02-02 04:00:00,43.1,27.3,1.0,Tema Port,tabular,seasonal_naive_336h,h336,2026-01-04T23:00:00,2026-01-18T23:00:00,2026-02-15T23:00:00,,,42.0
2026-02-02 05:00:00,39.9,37.0,1.0,Tema Port,tabular,seasonal_naive_336h,h336,2026-01-04T23:00:00,2026-01-18T23:00:00,2026-02-15T23:00:00,,,42.0
2026-02-02 06:00:00,45.6,39.0,1.0,Tema Port,tabular,seasonal_naive_336h,h336,2026-01-04T23:00:00,2026-01-18T23:00:00,2026-02-15T23:00:00,,,42.0
2026-02-02 07:00:00,57.7,37.7,1.0,Tema Port,tabular,seasonal_naive_336h,h336,2026-01-04T23:00:00,2026-01-18T23:00:00,2026-02-15T23:00:00,,,42.0
2026-02-02 08:00:00,72.9,33.7,1.0,Tema Port,tabular,seasonal_naive_336h,h336,2026-01-04T23:00:00,2026-01-18T23:00:00,2026-02-15T23:00:00,,,42.0
2026-02-02 09:00:00,62.0,27.7,1.0,Tema Port,tabular,seasonal_naive_336h,h336,2026-01-04T23:00:00,2026-01-18T23:00:00,2026-02-15T23:00:00,,,42.0
2026-02-02 10:00:00,51.5,26.0,1.0,Tema Port,tabular,seasonal_naive_336h,h336,2026-01-04T23:00:00,2026-01-18T23:00:00,2026-02-15T23:00:00,,,42.0
2026-02-02 11:00:00,33.1,21.6,1.0,Tema Port,tabular,seasonal_naive_336h,h336,2026-01-04T23:00:00,2026-01-18T23:00:00,2026-02-15T23:00:00,,,42.0
2026-02-02 12:00:00,30.1,16.2,1.0,Tema Port,tabular,seasonal_naive_336h,h336,2026-01-04T23:00:00,2026-01-18T23:00:00,2026-02-15T23:00:00,,,42.0
2026-02-02 13:00:00,29.1,10.8,1.0,Tema Port,tabular,seasonal_naive_336h,h336,2026-01-04T23:00:00,2026-01-18T23:00:00,2026-02-15T23:00:00,,,42.0
2026-02-02 14:00:00,31.4,14.2,1.0,Tema Port,tabular,seasonal_naive_336h,h336,2026-01-04T23:00:00,2026-01-18T23:00:00,2026-02-15T23:00:00,,,42.0
2026-02-02 15:00:00,31.6,13.7,1.0,Tema Port,tabular,seasonal_naive_336h,h336,2026-01-04T23:00:00,2026-01-18T23:00:00,2026-02-15T23:00:00,,,42.0
2026-02-02 16:00:00,34.5,15.2,1.0,Tema Port,tabular,seasonal_naive_336h,h336,2026-01-04T23:00:00,2026-01-18T23:00:00,2026-02-15T23:00:00,,,42.0
2026-02-02 17:00:00,34.2,14.2,1.0,Tema Port,tabular,seasonal_naive_336h,h336,2026-01-04T23:00:00,2026-01-18T23:00:00,2026-02-15T23:00:00,,,42.0
2026-02-02 18:00:00,36.7,16.5,1.0,Tema Port,tabular,seasonal_naive_336h,h336,2026-01-04T23:00:00,2026-01-18T23:00:00,2026-02-15T23:00:00,,,42.0
2026-02-02 19:00:00,32.1,21.1,1.0,Tema Port,tabular,seasonal_naive_336h,h336,2026-01-04T23:00:00,2026-01-18T23:00:00,2026-02-15T23:00:00,,,42.0
2026-02-02 20:00:00,38.5,19.4,1.0,Tema Port,tabular,seasonal_naive_336h,h336,2026-01-04T23:00:00,2026-01-18T23:00:00,2026-02-15T23:00:00,,,42.0
2026-02-02 21:00:00,40.0,26.0,1.0,Tema Port,tabular,seasonal_naive_336h,h336,2026-01-04T23:00:00,2026-01-18T23:00:00,2026-02-15T23:00:00,,,42.0
2026-02-02 22:00:00,42.4,21.5,1.0,Tema Port,tabular,seasonal_naive_336h,h336,2026-01-04T23:00:00,2026-01-18T23:00:00,2026-02-15T23:00:00,,,42.0
2026-02-02 23:00:00,45.5,23.8,1.0,Tema Port,tabular,seasonal_naive_336h,h336,2026-01-04T23:00:00,2026-01-18T23:00:00,2026-02-15T23:00:00,,,42.0
2026-02-03 00:00:00,67.3,32.9,1.0,Tema Port,tabular,seasonal_naive_336h,h336,2026-01-04T23:00:00,2026-01-18T23:00:00,2026-02-15T23:00:00,,,42.0
2026-02-03 01:00:00,52.5,35.8,1.0,Tema Port,tabular,seasonal_naive_336h,h336,2026-01-04T23:00:00,2026-01-18T23:00:00,2026-02-15T23:00:00,,,42.0
2026-02-03 02:00:00,48.2,24.8,1.0,Tema Port,tabular,seasonal_naive_336h,h336,2026-01-04T23:00:00,2026-01-18T23:00:00,2026-02-15T23:00:00,,,42.0
2026-02-03 03:00:00,52.3,31.4,1.0,Tema Port,tabular,seasonal_naive_336h,h336,2026-01-04T23:00:00,2026-01-18T23:00:00,2026-02-15T23:00:00,,,42.0
2026-02-03 04:00:00,44.1,28.6,1.0,Tema Port,tabular,seasonal_naive_336h,h336,2026-01-04T23:00:00,2026-01-18T23:00:00,2026-02-15T23:00:00,,,42.0
2026-02-03 05:00:00,62.3,41.3,1.0,Tema Port,tabular,seasonal_naive_336h,h336,2026-01-04T23:00:00,2026-01-18T23:00:00,2026-02-15T23:00:00,,,42.0
2026-02-03 06:00:00,62.1,53.2,1.0,Tema Port,tabular,seasonal_naive_336h,h336,2026-01-04T23:00:00,2026-01-18T23:00:00,2026-02-15T23:00:00,,,42.0
2026-02-03 07:00:00,55.4,38.0,1.0,Tema Port,tabular,seasonal_naive_336h,h336,2026-01-04T23:00:00,2026-01-18T23:00:00,2026-02-15T23:00:00,,,42.0
2026-02-03 08:00:00,38.1,28.5,1.0,Tema Port,tabular,seasonal_naive_336h,h336,2026-01-04T23:00:00,2026-01-18T23:00:00,2026-02-15T23:00:00,,,42.0
2026-02-03 09:00:00,33.5,27.3,1.0,Tema Port,tabular,seasonal_naive_336h,h336,2026-01-04T23:00:00,2026-01-18T23:00:00,2026-02-15T23:00:00,,,42.0
2026-02-03 10:00:00,38.4,43.5,1.0,Tema Port,tabular,seasonal_naive_336h,h336,2026-01-04T23:00:00,2026-01-18T23:00:00,2026-02-15T23:00:00,,,42.0
2026-02-03 11:00:00,48.3,26.8,1.0,Tema Port,tabular,seasonal_naive_336h,h336,2026-01-04T23:00:00,2026-01-18T23:00:00,2026-02-15T23:00:00,,,42.0
2026-02-03 12:00:00,41.1,21.0,1.0,Tema Port,tabular,seasonal_naive_336h,h336,2026-01-04T23:00:00,2026-01-18T23:00:00,2026-02-15T23:00:00,,,42.0
2026-02-03 13:00:00,30.7,18.9,1.0,Tema Port,tabular,seasonal_naive_336h,h336,2026-01-04T23:00:00,2026-01-18T23:00:00,2026-02-15T23:00:00,,,42.0
2026-02-03 14:00:00,41.5,19.6,1.0,Tema Port,tabular,seasonal_naive_336h,h336,2026-01-04T23:00:00,2026-01-18T23:00:00,2026-02-15T23:00:00,,,42.0
2026-02-03 15:00:00,34.8,14.9,1.0,Tema Port,tabular,seasonal_naive_336h,h336,2026-01-04T23:00:00,2026-01-18T23:00:00,2026-02-15T23:00:00,,,42.0
2026-02-03 16:00:00,35.4,16.8,1.0,Tema Port,tabular,seasonal_naive_336h,h336,2026-01-04T23:00:00,2026-01-18T23:00:00,2026-02-15T23:00:00,,,42.0
2026-02-03 17:00:00,34.4,22.2,1.0,Tema Port,tabular,seasonal_naive_336h,h336,2026-01-04T23:00:00,2026-01-18T23:00:00,2026-02-15T23:00:00,,,42.0
2026-02-03 18:00:00,42.5,22.9,1.0,Tema Port,tabular,seasonal_naive_336h,h336,2026-01-04T23:00:00,2026-01-18T23:00:00,2026-02-15T23:00:00,,,42.0
2026-02-03 19:00:00,64.0,22.9,1.0,Tema Port,tabular,seasonal_naive_336h,h336,2026-01-04T23:00:00,2026-01-18T23:00:00,2026-02-15T23:00:00,,,42.0
2026-02-03 20:00:00,67.9,21.7,1.0,Tema Port,tabular,seasonal_naive_336h,h336,2026-01-04T23:00:00,2026-01-18T23:00:00,2026-02-15T23:00:00,,,42.0
2026-02-03 21:00:00,82.5,24.8,1.0,Tema Port,tabular,seasonal_naive_336h,h336,2026-01-04T23:00:00,2026-01-18T23:00:00,2026-02-15T23:00:00,,,42.0
2026-02-03 22:00:00,59.6,27.7,1.0,Tema Port,tabular,seasonal_naive_336h,h336,2026-01-04T23:00:00,2026-01-18T23:00:00,2026-02-15T23:00:00,,,42.0
2026-02-03 23:00:00,50.0,26.7,1.0,Tema Port,tabular,seasonal_naive_336h,h336,2026-01-04T23:00:00,2026-01-18T23:00:00,2026-02-15T23:00:00,,,42.0
2026-02-04 00:00:00,73.3,33.4,1.0,Tema Port,tabular,seasonal_naive_336h,h336,2026-01-04T23:00:00,2026-01-18T23:00:00,2026-02-15T23:00:00,,,42.0
2026-02-04 01:00:00,50.8,33.39672131147541,1.0,Tema Port,tabular,seasonal_naive_336h,h336,2026-01-04T23:00:00,2026-01-18T23:00:00,2026-02-15T23:00:00,,,42.0
2026-02-04 02:00:00,47.1,33.39344262295082,1.0,Tema Port,tabular,seasonal_naive_336h,h336,2026-01-04T23:00:00,2026-01-18T23:00:00,2026-02-15T23:00:00,,,42.0
2026-02-04 03:00:00,94.2,33.390163934426226,1.0,Tema Port,tabular,seasonal_naive_336h,h336,2026-01-04T23:00:00,2026-01-18T23:00:00,2026-02-15T23:00:00,,,42.0
2026-02-04 04:00:00,87.4,,1.0,Tema Port,tabular,seasonal_naive_336h,h336,2026-01-04T23:00:00,2026-01-18T23:00:00,2026-02-15T23:00:00,,,42.0
2026-02-04 05:00:00,79.8,,1.0,Tema Port,tabular,seasonal_naive_336h,h336,2026-01-04T23:00:00,2026-01-18T23:00:00,2026-02-15T23:00:00,,,42.0
2026-02-04 06:00:00,68.7,,1.0,Tema Port,tabular,seasonal_naive_336h,h336,2026-01-04T23:00:00,2026-01-18T23:00:00,2026-02-15T23:00:00,,,42.0
2026-02-04 07:00:00,63.9,,1.0,Tema Port,tabular,seasonal_naive_336h,h336,2026-01-04T23:00:00,2026-01-18T23:00:00,2026-02-15T23:00:00,,,42.0
2026-02-04 08:00:00,49.7,,1.0,Tema Port,tabular,seasonal_naive_336h,h336,2026-01-04T23:00:00,2026-01-18T23:00:00,2026-02-15T23:00:00,,,42.0
2026-02-04 09:00:00,50.0,,1.0,Tema Port,tabular,seasonal_naive_336h,h336,2026-01-04T23:00:00,2026-01-18T23:00:00,2026-02-15T23:00:00,,,42.0
2026-02-04 10:00:00,44.0,,1.0,Tema Port,tabular,seasonal_naive_336h,h336,2026-01-04T23:00:00,2026-01-18T23:00:00,2026-02-15T23:00:00,,,42.0
2026-02-04 11:00:00,41.4,,1.0,Tema Port,tabular,seasonal_naive_336h,h336,2026-01-04T23:00:00,2026-01-18T23:00:00,2026-02-15T23:00:00,,,42.0
2026-02-04 12:00:00,38.4,,1.0,Tema Port,tabular,seasonal_naive_336h,h336,2026-01-04T23:00:00,2026-01-18T23:00:00,2026-02-15T23:00:00,,,42.0
2026-02-04 13:00:00,39.3,,1.0,Tema Port,tabular,seasonal_naive_336h,h336,2026-01-04T23:00:00,2026-01-18T23:00:00,2026-02-15T23:00:00,,,42.0
2026-02-04 14:00:00,34.3,,1.0,Tema Port,tabular,seasonal_naive_336h,h336,2026-01-04T23:00:00,2026-01-18T23:00:00,2026-02-15T23:00:00,,,42.0
2026-02-04 15:00:00,31.0,,1.0,Tema Port,tabular,seasonal_naive_336h,h336,2026-01-04T23:00:00,2026-01-18T23:00:00,2026-02-15T23:00:00,,,42.0
2026-02-04 16:00:00,29.6,,1.0,Tema Port,tabular,seasonal_naive_336h,h336,2026-01-04T23:00:00,2026-01-18T23:00:00,2026-02-15T23:00:00,,,42.0
2026-02-04 17:00:00,57.1,,1.0,Tema Port,tabular,seasonal_naive_336h,h336,2026-01-04T23:00:00,2026-01-18T23:00:00,2026-02-15T23:00:00,,,42.0
2026-02-04 18:00:00,46.8,,1.0,Tema Port,tabular,seasonal_naive_336h,h336,2026-01-04T23:00:00,2026-01-18T23:00:00,2026-02-15T23:00:00,,,42.0
2026-02-04 19:00:00,23.0,,1.0,Tema Port,tabular,seasonal_naive_336h,h336,2026-01-04T23:00:00,2026-01-18T23:00:00,2026-02-15T23:00:00,,,42.0
2026-02-04 20:00:00,17.1,,1.0,Tema Port,tabular,seasonal_naive_336h,h336,2026-01-04T23:00:00,2026-01-18T23:00:00,2026-02-15T23:00:00,,,42.0
2026-02-04 21:00:00,28.2,,1.0,Tema Port,tabular,seasonal_naive_336h,h336,2026-01-04T23:00:00,2026-01-18T23:00:00,2026-02-15T23:00:00,,,42.0
2026-02-04 22:00:00,48.2,,1.0,Tema Port,tabular,seasonal_naive_336h,h336,2026-01-04T23:00:00,2026-01-18T23:00:00,2026-02-15T23:00:00,,,42.0
2026-02-04 23:00:00,45.5,,1.0,Tema Port,tabular,seasonal_naive_336h,h336,2026-01-04T23:00:00,2026-01-18T23:00:00,2026-02-15T23:00:00,,,42.0
2026-02-05 00:00:00,40.8,,1.0,Tema Port,tabular,seasonal_naive_336h,h336,2026-01-04T23:00:00,2026-01-18T23:00:00,2026-02-15T23:00:00,,,42.0
2026-02-05 01:00:00,53.0,,1.0,Tema Port,tabular,seasonal_naive_336h,h336,2026-01-04T23:00:00,2026-01-18T23:00:00,2026-02-15T23:00:00,,,42.0
2026-02-05 02:00:00,44.1,,1.0,Tema Port,tabular,seasonal_naive_336h,h336,2026-01-04T23:00:00,2026-01-18T23:00:00,2026-02-15T23:00:00,,,42.0
2026-02-05 03:00:00,44.7,,1.0,Tema Port,tabular,seasonal_naive_336h,h336,2026-01-04T23:00:00,2026-01-18T23:00:00,2026-02-15T23:00:00,,,42.0
2026-02-05 04:00:00,36.8,,1.0,Tema Port,tabular,seasonal_naive_336h,h336,2026-01-04T23:00:00,2026-01-18T23:00:00,2026-02-15T23:00:00,,,42.0
2026-02-05 05:00:00,39.4,,1.0,Tema Port,tabular,seasonal_naive_336h,h336,2026-01-04T23:00:00,2026-01-18T23:00:00,2026-02-15T23:00:00,,,42.0
2026-02-05 06:00:00,40.3,,1.0,Tema Port,tabular,seasonal_naive_336h,h336,2026-01-04T23:00:00,2026-01-18T23:00:00,2026-02-15T23:00:00,,,42.0
2026-02-05 07:00:00,34.5,,1.0,Tema Port,tabular,seasonal_naive_336h,h336,2026-01-04T23:00:00,2026-01-18T23:00:00,2026-02-15T23:00:00,,,42.0
2026-02-05 08:00:00,30.5,,1.0,Tema Port,tabular,seasonal_naive_336h,h336,2026-01-04T23:00:00,2026-01-18T23:00:00,2026-02-15T23:00:00,,,42.0
2026-02-05 09:00:00,31.0,,1.0,Tema Port,tabular,seasonal_naive_336h,h336,2026-01-04T23:00:00,2026-01-18T23:00:00,2026-02-15T23:00:00,,,42.0
2026-02-05 10:00:00,23.0,,1.0,Tema Port,tabular,seasonal_naive_336h,h336,2026-01-04T23:00:00,2026-01-18T23:00:00,2026-02-15T23:00:00,,,42.0
2026-02-05 11:00:00,42.6,,1.0,Tema Port,tabular,seasonal_naive_336h,h336,2026-01-04T23:00:00,2026-01-18T23:00:00,2026-02-15T23:00:00,,,42.0
2026-02-05 12:00:00,28.2,,1.0,Tema Port,tabular,seasonal_naive_336h,h336,2026-01-04T23:00:00,2026-01-18T23:00:00,2026-02-15T23:00:00,,,42.0
2026-02-05 13:00:00,24.6,,1.0,Tema Port,tabular,seasonal_naive_336h,h336,2026-01-04T23:00:00,2026-01-18T23:00:00,2026-02-15T23:00:00,,,42.0
2026-02-05 14:00:00,20.5,,1.0,Tema Port,tabular,seasonal_naive_336h,h336,2026-01-04T23:00:00,2026-01-18T23:00:00,2026-02-15T23:00:00,,,42.0
2026-02-05 15:00:00,19.1,,1.0,Tema Port,tabular,seasonal_naive_336h,h336,2026-01-04T23:00:00,2026-01-18T23:00:00,2026-02-15T23:00:00,,,42.0
2026-02-05 16:00:00,21.9,,1.0,Tema Port,tabular,seasonal_naive_336h,h336,2026-01-04T23:00:00,2026-01-18T23:00:00,2026-02-15T23:00:00,,,42.0
2026-02-05 17:00:00,22.7,,1.0,Tema Port,tabular,seasonal_naive_336h,h336,2026-01-04T23:00:00,2026-01-18T23:00:00,2026-02-15T23:00:00,,,42.0
2026-02-05 18:00:00,31.5,,1.0,Tema Port,tabular,seasonal_naive_336h,h336,2026-01-04T23:00:00,2026-01-18T23:00:00,2026-02-15T23:00:00,,,42.0
2026-02-05 19:00:00,40.6,,1.0,Tema Port,tabular,seasonal_naive_336h,h336,2026-01-04T23:00:00,2026-01-18T23:00:00,2026-02-15T23:00:00,,,42.0
2026-02-05 20:00:00,29.0,,1.0,Tema Port,tabular,seasonal_naive_336h,h336,2026-01-04T23:00:00,2026-01-18T23:00:00,2026-02-15T23:00:00,,,42.0
2026-02-05 21:00:00,31.6,,1.0,Tema Port,tabular,seasonal_naive_336h,h336,2026-01-04T23:00:00,2026-01-18T23:00:00,2026-02-15T23:00:00,,,42.0
2026-02-05 22:00:00,34.2,,1.0,Tema Port,tabular,seasonal_naive_336h,h336,2026-01-04T23:00:00,2026-01-18T23:00:00,2026-02-15T23:00:00,,,42.0
2026-02-05 23:00:00,31.3,,1.0,Tema Port,tabular,seasonal_naive_336h,h336,2026-01-04T23:00:00,2026-01-18T23:00:00,2026-02-15T23:00:00,,,42.0
2026-02-06 00:00:00,28.7,,1.0,Tema Port,tabular,seasonal_naive_336h,h336,2026-01-04T23:00:00,2026-01-18T23:00:00,2026-02-15T23:00:00,,,42.0
2026-02-06 01:00:00,25.6,,1.0,Tema Port,tabular,seasonal_naive_336h,h336,2026-01-04T23:00:00,2026-01-18T23:00:00,2026-02-15T23:00:00,,,42.0
2026-02-06 02:00:00,23.7,,1.0,Tema Port,tabular,seasonal_naive_336h,h336,2026-01-04T23:00:00,2026-01-18T23:00:00,2026-02-15T23:00:00,,,42.0
2026-02-06 03:00:00,27.2,,1.0,Tema Port,tabular,seasonal_naive_336h,h336,2026-01-04T23:00:00,2026-01-18T23:00:00,2026-02-15T23:00:00,,,42.0
2026-02-06 04:00:00,32.1,,1.0,Tema Port,tabular,seasonal_naive_336h,h336,2026-01-04T23:00:00,2026-01-18T23:00:00,2026-02-15T23:00:00,,,42.0
2026-02-06 05:00:00,28.0,,1.0,Tema Port,tabular,seasonal_naive_336h,h336,2026-01-04T23:00:00,2026-01-18T23:00:00,2026-02-15T23:00:00,,,42.0
2026-02-06 06:00:00,37.3,,1.0,Tema Port,tabular,seasonal_naive_336h,h336,2026-01-04T23:00:00,2026-01-18T23:00:00,2026-02-15T23:00:00,,,42.0
2026-02-06 07:00:00,47.8,,1.0,Tema Port,tabular,seasonal_naive_336h,h336,2026-01-04T23:00:00,2026-01-18T23:00:00,2026-02-15T23:00:00,,,42.0
2026-02-06 08:00:00,42.0,,1.0,Tema Port,tabular,seasonal_naive_336h,h336,2026-01-04T23:00:00,2026-01-18T23:00:00,2026-02-15T23:00:00,,,42.0
2026-02-06 09:00:00,20.7,,1.0,Tema Port,tabular,seasonal_naive_336h,h336,2026-01-04T23:00:00,2026-01-18T23:00:00,2026-02-15T23:00:00,,,42.0
2026-02-06 10:00:00,20.7,33.209836065573775,1.0,Tema Port,tabular,seasonal_naive_336h,h336,2026-01-04T23:00:00,2026-01-18T23:00:00,2026-02-15T23:00:00,,,42.0
2026-02-06 11:00:00,22.8,33.20655737704918,1.0,Tema Port,tabular,seasonal_naive_336h,h336,2026-01-04T23:00:00,2026-01-18T23:00:00,2026-02-15T23:00:00,,,42.0
2026-02-06 12:00:00,21.8,33.20327868852459,1.0,Tema Port,tabular,seasonal_naive_336h,h336,2026-01-04T23:00:00,2026-01-18T23:00:00,2026-02-15T23:00:00,,,42.0
2026-02-06 13:00:00,22.1,33.2,1.0,Tema Port,tabular,seasonal_naive_336h,h336,2026-01-04T23:00:00,2026-01-18T23:00:00,2026-02-15T23:00:00,,,42.0
2026-02-06 14:00:00,23.5,29.2,1.0,Tema Port,tabular,seasonal_naive_336h,h336,2026-01-04T23:00:00,2026-01-18T23:00:00,2026-02-15T23:00:00,,,42.0
2026-02-06 15:00:00,25.2,25.4,1.0,Tema Port,tabular,seasonal_naive_336h,h336,2026-01-04T23:00:00,2026-01-18T23:00:00,2026-02-15T23:00:00,,,42.0
2026-02-06 16:00:00,24.5,23.5,1.0,Tema Port,tabular,seasonal_naive_336h,h336,2026-01-04T23:00:00,2026-01-18T23:00:00,2026-02-15T23:00:00,,,42.0
2026-02-06 17:00:00,23.1,23.8,1.0,Tema Port,tabular,seasonal_naive_336h,h336,2026-01-04T23:00:00,2026-01-18T23:00:00,2026-02-15T23:00:00,,,42.0
2026-02-06 18:00:00,28.1,30.5,1.0,Tema Port,tabular,seasonal_naive_336h,h336,2026-01-04T23:00:00,2026-01-18T23:00:00,2026-02-15T23:00:00,,,42.0
2026-02-06 19:00:00,24.6,27.9,1.0,Tema Port,tabular,seasonal_naive_336h,h336,2026-01-04T23:00:00,2026-01-18T23:00:00,2026-02-15T23:00:00,,,42.0
2026-02-06 20:00:00,29.0,25.7,1.0,Tema Port,tabular,seasonal_naive_336h,h336,2026-01-04T23:00:00,2026-01-18T23:00:00,2026-02-15T23:00:00,,,42.0
2026-02-06 21:00:00,27.9,29.4,1.0,Tema Port,tabular,seasonal_naive_336h,h336,2026-01-04T23:00:00,2026-01-18T23:00:00,2026-02-15T23:00:00,,,42.0
2026-02-06 22:00:00,44.9,32.1,1.0,Tema Port,tabular,seasonal_naive_336h,h336,2026-01-04T23:00:00,2026-01-18T23:00:00,2026-02-15T23:00:00,,,42.0
2026-02-06 23:00:00,31.4,38.1,1.0,Tema Port,tabular,seasonal_naive_336h,h336,2026-01-04T23:00:00,2026-01-18T23:00:00,2026-02-15T23:00:00,,,42.0
2026-02-07 00:00:00,29.8,38.0,1.0,Tema Port,tabular,seasonal_naive_336h,h336,2026-01-04T23:00:00,2026-01-18T23:00:00,2026-02-15T23:00:00,,,42.0
2026-02-07 01:00:00,29.6,38.9,1.0,Tema Port,tabular,seasonal_naive_336h,h336,2026-01-04T23:00:00,2026-01-18T23:00:00,2026-02-15T23:00:00,,,42.0
2026-02-07 02:00:00,22.6,40.4,1.0,Tema Port,tabular,seasonal_naive_336h,h336,2026-01-04T23:00:00,2026-01-18T23:00:00,2026-02-15T23:00:00,,,42.0
2026-02-07 03:00:00,29.4,42.2,1.0,Tema Port,tabular,seasonal_naive_336h,h336,2026-01-04T23:00:00,2026-01-18T23:00:00,2026-02-15T23:00:00,,,42.0
2026-02-07 04:00:00,36.7,36.3,1.0,Tema Port,tabular,seasonal_naive_336h,h336,2026-01-04T23:00:00,2026-01-18T23:00:00,2026-02-15T23:00:00,,,42.0
2026-02-07 05:00:00,36.1,34.7,1.0,Tema Port,tabular,seasonal_naive_336h,h336,2026-01-04T23:00:00,2026-01-18T23:00:00,2026-02-15T23:00:00,,,42.0
2026-02-07 06:00:00,45.3,38.6,1.0,Tema Port,tabular,seasonal_naive_336h,h336,2026-01-04T23:00:00,2026-01-18T23:00:00,2026-02-15T23:00:00,,,42.0
2026-02-07 07:00:00,46.4,43.6,1.0,Tema Port,tabular,seasonal_naive_336h,h336,2026-01-04T23:00:00,2026-01-18T23:00:00,2026-02-15T23:00:00,,,42.0
2026-02-07 08:00:00,37.4,40.8,1.0,Tema Port,tabular,seasonal_naive_336h,h336,2026-01-04T23:00:00,2026-01-18T23:00:00,2026-02-15T23:00:00,,,42.0
2026-02-07 09:00:00,17.1,35.5,1.0,Tema Port,tabular,seasonal_naive_336h,h336,2026-01-04T23:00:00,2026-01-18T23:00:00,2026-02-15T23:00:00,,,42.0
2026-02-07 10:00:00,19.3,35.7,1.0,Tema Port,tabular,seasonal_naive_336h,h336,2026-01-04T23:00:00,2026-01-18T23:00:00,2026-02-15T23:00:00,,,42.0
2026-02-07 11:00:00,17.7,40.5,1.0,Tema Port,tabular,seasonal_naive_336h,h336,2026-01-04T23:00:00,2026-01-18T23:00:00,2026-02-15T23:00:00,,,42.0
2026-02-07 12:00:00,18.6,36.7,1.0,Tema Port,tabular,seasonal_naive_336h,h336,2026-01-04T23:00:00,2026-01-18T23:00:00,2026-02-15T23:00:00,,,42.0
2026-02-07 13:00:00,18.2,26.8,1.0,Tema Port,tabular,seasonal_naive_336h,h336,2026-01-04T23:00:00,2026-01-18T23:00:00,2026-02-15T23:00:00,,,42.0
2026-02-07 14:00:00,28.4,27.8,1.0,Tema Port,tabular,seasonal_naive_336h,h336,2026-01-04T23:00:00,2026-01-18T23:00:00,2026-02-15T23:00:00,,,42.0
2026-02-07 15:00:00,20.1,24.2,1.0,Tema Port,tabular,seasonal_naive_336h,h336,2026-01-04T23:00:00,2026-01-18T23:00:00,2026-02-15T23:00:00,,,42.0
2026-02-07 16:00:00,23.3,36.3,1.0,Tema Port,tabular,seasonal_naive_336h,h336,2026-01-04T23:00:00,2026-01-18T23:00:00,2026-02-15T23:00:00,,,42.0
2026-02-07 17:00:00,25.4,26.3,1.0,Tema Port,tabular,seasonal_naive_336h,h336,2026-01-04T23:00:00,2026-01-18T23:00:00,2026-02-15T23:00:00,,,42.0
2026-02-07 18:00:00,24.3,34.6,1.0,Tema Port,tabular,seasonal_naive_336h,h336,2026-01-04T23:00:00,2026-01-18T23:00:00,2026-02-15T23:00:00,,,42.0
2026-02-07 19:00:00,20.8,30.7,1.0,Tema Port,tabular,seasonal_naive_336h,h336,2026-01-04T23:00:00,2026-01-18T23:00:00,2026-02-15T23:00:00,,,42.0
2026-02-07 20:00:00,22.0,41.0,1.0,Tema Port,tabular,seasonal_naive_336h,h336,2026-01-04T23:00:00,2026-01-18T23:00:00,2026-02-15T23:00:00,,,42.0
2026-02-07 21:00:00,22.1,34.3,1.0,Tema Port,tabular,seasonal_naive_336h,h336,2026-01-04T23:00:00,2026-01-18T23:00:00,2026-02-15T23:00:00,,,42.0
2026-02-07 22:00:00,35.0,43.3,1.0,Tema Port,tabular,seasonal_naive_336h,h336,2026-01-04T23:00:00,2026-01-18T23:00:00,2026-02-15T23:00:00,,,42.0
2026-02-07 23:00:00,30.7,44.2,1.0,Tema Port,tabular,seasonal_naive_336h,h336,2026-01-04T23:00:00,2026-01-18T23:00:00,2026-02-15T23:00:00,,,42.0
2026-02-08 00:00:00,36.1,35.4,1.0,Tema Port,tabular,seasonal_naive_336h,h336,2026-01-04T23:00:00,2026-01-18T23:00:00,2026-02-15T23:00:00,,,42.0
2026-02-08 01:00:00,35.0,30.3,1.0,Tema Port,tabular,seasonal_naive_336h,h336,2026-01-04T23:00:00,2026-01-18T23:00:00,2026-02-15T23:00:00,,,42.0
2026-02-08 02:00:00,31.2,28.6,1.0,Tema Port,tabular,seasonal_naive_336h,h336,2026-01-04T23:00:00,2026-01-18T23:00:00,2026-02-15T23:00:00,,,42.0
2026-02-08 03:00:00,30.3,49.5,1.0,Tema Port,tabular,seasonal_naive_336h,h336,2026-01-04T23:00:00,2026-01-18T23:00:00,2026-02-15T23:00:00,,,42.0
2026-02-08 04:00:00,31.7,37.2,1.0,Tema Port,tabular,seasonal_naive_336h,h336,2026-01-04T23:00:00,2026-01-18T23:00:00,2026-02-15T23:00:00,,,42.0
2026-02-08 05:00:00,38.7,49.0,1.0,Tema Port,tabular,seasonal_naive_336h,h336,2026-01-04T23:00:00,2026-01-18T23:00:00,2026-02-15T23:00:00,,,42.0
2026-02-08 06:00:00,56.3,50.9,1.0,Tema Port,tabular,seasonal_naive_336h,h336,2026-01-04T23:00:00,2026-01-18T23:00:00,2026-02-15T23:00:00,,,42.0
2026-02-08 07:00:00,53.7,56.8,1.0,Tema Port,tabular,seasonal_naive_336h,h336,2026-01-04T23:00:00,2026-01-18T23:00:00,2026-02-15T23:00:00,,,42.0
2026-02-08 08:00:00,49.7,45.9,1.0,Tema Port,tabular,seasonal_naive_336h,h336,2026-01-04T23:00:00,2026-01-18T23:00:00,2026-02-15T23:00:00,,,42.0
2026-02-08 09:00:00,38.0,43.4,1.0,Tema Port,tabular,seasonal_naive_336h,h336,2026-01-04T23:00:00,2026-01-18T23:00:00,2026-02-15T23:00:00,,,42.0
2026-02-08 10:00:00,46.4,44.2,1.0,Tema Port,tabular,seasonal_naive_336h,h336,2026-01-04T23:00:00,2026-01-18T23:00:00,2026-02-15T23:00:00,,,42.0
2026-02-08 11:00:00,30.7,45.7,1.0,Tema Port,tabular,seasonal_naive_336h,h336,2026-01-04T23:00:00,2026-01-18T23:00:00,2026-02-15T23:00:00,,,42.0
2026-02-08 12:00:00,17.9,45.9,1.0,Tema Port,tabular,seasonal_naive_336h,h336,2026-01-04T23:00:00,2026-01-18T23:00:00,2026-02-15T23:00:00,,,42.0
2026-02-08 13:00:00,14.2,125.3,1.0,Tema Port,tabular,seasonal_naive_336h,h336,2026-01-04T23:00:00,2026-01-18T23:00:00,2026-02-15T23:00:00,,,42.0
2026-02-08 14:00:00,13.3,79.4,1.0,Tema Port,tabular,seasonal_naive_336h,h336,2026-01-04T23:00:00,2026-01-18T23:00:00,2026-02-15T23:00:00,,,42.0
2026-02-08 15:00:00,13.6,76.3,1.0,Tema Port,tabular,seasonal_naive_336h,h336,2026-01-04T23:00:00,2026-01-18T23:00:00,2026-02-15T23:00:00,,,42.0
2026-02-08 16:00:00,12.7,49.3,1.0,Tema Port,tabular,seasonal_naive_336h,h336,2026-01-04T23:00:00,2026-01-18T23:00:00,2026-02-15T23:00:00,,,42.0
2026-02-08 17:00:00,21.4,41.8,1.0,Tema Port,tabular,seasonal_naive_336h,h336,2026-01-04T23:00:00,2026-01-18T23:00:00,2026-02-15T23:00:00,,,42.0
2026-02-08 18:00:00,24.8,32.6,1.0,Tema Port,tabular,seasonal_naive_336h,h336,2026-01-04T23:00:00,2026-01-18T23:00:00,2026-02-15T23:00:00,,,42.0
2026-02-08 19:00:00,28.5,34.4,1.0,Tema Port,tabular,seasonal_naive_336h,h336,2026-01-04T23:00:00,2026-01-18T23:00:00,2026-02-15T23:00:00,,,42.0
2026-02-08 20:00:00,20.0,33.9,1.0,Tema Port,tabular,seasonal_naive_336h,h336,2026-01-04T23:00:00,2026-01-18T23:00:00,2026-02-15T23:00:00,,,42.0
2026-02-08 21:00:00,21.2,34.6,1.0,Tema Port,tabular,seasonal_naive_336h,h336,2026-01-04T23:00:00,2026-01-18T23:00:00,2026-02-15T23:00:00,,,42.0
2026-02-08 22:00:00,22.6,29.9,1.0,Tema Port,tabular,seasonal_naive_336h,h336,2026-01-04T23:00:00,2026-01-18T23:00:00,2026-02-15T23:00:00,,,42.0
2026-02-08 23:00:00,19.8,35.9,1.0,Tema Port,tabular,seasonal_naive_336h,h336,2026-01-04T23:00:00,2026-01-18T23:00:00,2026-02-15T23:00:00,,,42.0
2026-02-09 00:00:00,16.8,45.2,1.0,Tema Port,tabular,seasonal_naive_336h,h336,2026-01-04T23:00:00,2026-01-18T23:00:00,2026-02-15T23:00:00,,,42.0
2026-02-09 01:00:00,14.5,52.2,1.0,Tema Port,tabular,seasonal_naive_336h,h336,2026-01-04T23:00:00,2026-01-18T23:00:00,2026-02-15T23:00:00,,,42.0
2026-02-09 02:00:00,16.0,44.3,1.0,Tema Port,tabular,seasonal_naive_336h,h336,2026-01-04T23:00:00,2026-01-18T23:00:00,2026-02-15T23:00:00,,,42.0
2026-02-09 03:00:00,27.4,42.6,1.0,Tema Port,tabular,seasonal_naive_336h,h336,2026-01-04T23:00:00,2026-01-18T23:00:00,2026-02-15T23:00:00,,,42.0
2026-02-09 04:00:00,23.0,43.2,1.0,Tema Port,tabular,seasonal_naive_336h,h336,2026-01-04T23:00:00,2026-01-18T23:00:00,2026-02-15T23:00:00,,,42.0
2026-02-09 05:00:00,32.0,49.4,1.0,Tema Port,tabular,seasonal_naive_336h,h336,2026-01-04T23:00:00,2026-01-18T23:00:00,2026-02-15T23:00:00,,,42.0
2026-02-09 06:00:00,39.9,59.8,1.0,Tema Port,tabular,seasonal_naive_336h,h336,2026-01-04T23:00:00,2026-01-18T23:00:00,2026-02-15T23:00:00,,,42.0
2026-02-09 07:00:00,35.0,70.2,1.0,Tema Port,tabular,seasonal_naive_336h,h336,2026-01-04T23:00:00,2026-01-18T23:00:00,2026-02-15T23:00:00,,,42.0
2026-02-09 08:00:00,34.6,51.8,1.0,Tema Port,tabular,seasonal_naive_336h,h336,2026-01-04T23:00:00,2026-01-18T23:00:00,2026-02-15T23:00:00,,,42.0
2026-02-09 09:00:00,38.2,47.6,1.0,Tema Port,tabular,seasonal_naive_336h,h336,2026-01-04T23:00:00,2026-01-18T23:00:00,2026-02-15T23:00:00,,,42.0
2026-02-09 10:00:00,30.7,50.1,1.0,Tema Port,tabular,seasonal_naive_336h,h336,2026-01-04T23:00:00,2026-01-18T23:00:00,2026-02-15T23:00:00,,,42.0
2026-02-09 11:00:00,19.9,40.3,1.0,Tema Port,tabular,seasonal_naive_336h,h336,2026-01-04T23:00:00,2026-01-18T23:00:00,2026-02-15T23:00:00,,,42.0
2026-02-09 12:00:00,19.3,38.6,1.0,Tema Port,tabular,seasonal_naive_336h,h336,2026-01-04T23:00:00,2026-01-18T23:00:00,2026-02-15T23:00:00,,,42.0
2026-02-09 13:00:00,24.2,37.2,1.0,Tema Port,tabular,seasonal_naive_336h,h336,2026-01-04T23:00:00,2026-01-18T23:00:00,2026-02-15T23:00:00,,,42.0
2026-02-09 14:00:00,33.3,40.5,1.0,Tema Port,tabular,seasonal_naive_336h,h336,2026-01-04T23:00:00,2026-01-18T23:00:00,2026-02-15T23:00:00,,,42.0
2026-02-09 15:00:00,17.8,32.0,1.0,Tema Port,tabular,seasonal_naive_336h,h336,2026-01-04T23:00:00,2026-01-18T23:00:00,2026-02-15T23:00:00,,,42.0
2026-02-09 16:00:00,19.4,31.9,1.0,Tema Port,tabular,seasonal_naive_336h,h336,2026-01-04T23:00:00,2026-01-18T23:00:00,2026-02-15T23:00:00,,,42.0
2026-02-09 17:00:00,22.8,36.2,1.0,Tema Port,tabular,seasonal_naive_336h,h336,2026-01-04T23:00:00,2026-01-18T23:00:00,2026-02-15T23:00:00,,,42.0
2026-02-09 18:00:00,42.1,45.2,1.0,Tema Port,tabular,seasonal_naive_336h,h336,2026-01-04T23:00:00,2026-01-18T23:00:00,2026-02-15T23:00:00,,,42.0
2026-02-09 19:00:00,41.1,55.0,1.0,Tema Port,tabular,seasonal_naive_336h,h336,2026-01-04T23:00:00,2026-01-18T23:00:00,2026-02-15T23:00:00,,,42.0
2026-02-09 20:00:00,38.2,44.2,1.0,Tema Port,tabular,seasonal_naive_336h,h336,2026-01-04T23:00:00,2026-01-18T23:00:00,2026-02-15T23:00:00,,,42.0
2026-02-09 21:00:00,31.2,41.0,1.0,Tema Port,tabular,seasonal_naive_336h,h336,2026-01-04T23:00:00,2026-01-18T23:00:00,2026-02-15T23:00:00,,,42.0
2026-02-09 22:00:00,42.5,42.0,1.0,Tema Port,tabular,seasonal_naive_336h,h336,2026-01-04T23:00:00,2026-01-18T23:00:00,2026-02-15T23:00:00,,,42.0
2026-02-09 23:00:00,30.1,45.1,1.0,Tema Port,tabular,seasonal_naive_336h,h336,2026-01-04T23:00:00,2026-01-18T23:00:00,2026-02-15T23:00:00,,,42.0
2026-02-10 00:00:00,28.2,44.0,1.0,Tema Port,tabular,seasonal_naive_336h,h336,2026-01-04T23:00:00,2026-01-18T23:00:00,2026-02-15T23:00:00,,,42.0
2026-02-10 01:00:00,29.8,37.1,1.0,Tema Port,tabular,seasonal_naive_336h,h336,2026-01-04T23:00:00,2026-01-18T23:00:00,2026-02-15T23:00:00,,,42.0
2026-02-10 02:00:00,31.9,36.0,1.0,Tema Port,tabular,seasonal_naive_336h,h336,2026-01-04T23:00:00,2026-01-18T23:00:00,2026-02-15T23:00:00,,,42.0
2026-02-10 03:00:00,21.9,51.9,1.0,Tema Port,tabular,seasonal_naive_336h,h336,2026-01-04T23:00:00,2026-01-18T23:00:00,2026-02-15T23:00:00,,,42.0
2026-02-10 04:00:00,39.2,63.1,1.0,Tema Port,tabular,seasonal_naive_336h,h336,2026-01-04T23:00:00,2026-01-18T23:00:00,2026-02-15T23:00:00,,,42.0
2026-02-10 05:00:00,32.4,75.7,1.0,Tema Port,tabular,seasonal_naive_336h,h336,2026-01-04T23:00:00,2026-01-18T23:00:00,2026-02-15T23:00:00,,,42.0
2026-02-10 06:00:00,45.7,77.3,1.0,Tema Port,tabular,seasonal_naive_336h,h336,2026-01-04T23:00:00,2026-01-18T23:00:00,2026-02-15T23:00:00,,,42.0
2026-02-10 07:00:00,45.5,67.3,1.0,Tema Port,tabular,seasonal_naive_336h,h336,2026-01-04T23:00:00,2026-01-18T23:00:00,2026-02-15T23:00:00,,,42.0
2026-02-10 08:00:00,39.6,54.8,1.0,Tema Port,tabular,seasonal_naive_336h,h336,2026-01-04T23:00:00,2026-01-18T23:00:00,2026-02-15T23:00:00,,,42.0
2026-02-10 09:00:00,27.4,57.8,1.0,Tema Port,tabular,seasonal_naive_336h,h336,2026-01-04T23:00:00,2026-01-18T23:00:00,2026-02-15T23:00:00,,,42.0
2026-02-10 10:00:00,25.6,43.7,1.0,Tema Port,tabular,seasonal_naive_336h,h336,2026-01-04T23:00:00,2026-01-18T23:00:00,2026-02-15T23:00:00,,,42.0
2026-02-10 11:00:00,15.5,43.2,1.0,Tema Port,tabular,seasonal_naive_336h,h336,2026-01-04T23:00:00,2026-01-18T23:00:00,2026-02-15T23:00:00,,,42.0
2026-02-10 12:00:00,17.3,35.1,1.0,Tema Port,tabular,seasonal_naive_336h,h336,2026-01-04T23:00:00,2026-01-18T23:00:00,2026-02-15T23:00:00,,,42.0
2026-02-10 13:00:00,13.8,31.6,1.0,Tema Port,tabular,seasonal_naive_336h,h336,2026-01-04T23:00:00,2026-01-18T23:00:00,2026-02-15T23:00:00,,,42.0
2026-02-10 14:00:00,15.6,32.6,1.0,Tema Port,tabular,seasonal_naive_336h,h336,2026-01-04T23:00:00,2026-01-18T23:00:00,2026-02-15T23:00:00,,,42.0
2026-02-10 15:00:00,14.9,32.8,1.0,Tema Port,tabular,seasonal_naive_336h,h336,2026-01-04T23:00:00,2026-01-18T23:00:00,2026-02-15T23:00:00,,,42.0
2026-02-10 16:00:00,14.0,30.8,1.0,Tema Port,tabular,seasonal_naive_336h,h336,2026-01-04T23:00:00,2026-01-18T23:00:00,2026-02-15T23:00:00,,,42.0
2026-02-10 17:00:00,16.8,33.2,1.0,Tema Port,tabular,seasonal_naive_336h,h336,2026-01-04T23:00:00,2026-01-18T23:00:00,2026-02-15T23:00:00,,,42.0
2026-02-10 18:00:00,36.7,30.8,1.0,Tema Port,tabular,seasonal_naive_336h,h336,2026-01-04T23:00:00,2026-01-18T23:00:00,2026-02-15T23:00:00,,,42.0
2026-02-10 19:00:00,19.8,34.8,1.0,Tema Port,tabular,seasonal_naive_336h,h336,2026-01-04T23:00:00,2026-01-18T23:00:00,2026-02-15T23:00:00,,,42.0
2026-02-10 20:00:00,16.6,37.4,1.0,Tema Port,tabular,seasonal_naive_336h,h336,2026-01-04T23:00:00,2026-01-18T23:00:00,2026-02-15T23:00:00,,,42.0
2026-02-10 21:00:00,17.4,38.0,1.0,Tema Port,tabular,seasonal_naive_336h,h336,2026-01-04T23:00:00,2026-01-18T23:00:00,2026-02-15T23:00:00,,,42.0
2026-02-10 22:00:00,18.4,39.3,1.0,Tema Port,tabular,seasonal_naive_336h,h336,2026-01-04T23:00:00,2026-01-18T23:00:00,2026-02-15T23:00:00,,,42.0
2026-02-10 23:00:00,18.5,34.2,1.0,Tema Port,tabular,seasonal_naive_336h,h336,2026-01-04T23:00:00,2026-01-18T23:00:00,2026-02-15T23:00:00,,,42.0
2026-02-11 00:00:00,15.5,35.4,1.0,Tema Port,tabular,seasonal_naive_336h,h336,2026-01-04T23:00:00,2026-01-18T23:00:00,2026-02-15T23:00:00,,,42.0
2026-02-11 01:00:00,30.2,49.1,1.0,Tema Port,tabular,seasonal_naive_336h,h336,2026-01-04T23:00:00,2026-01-18T23:00:00,2026-02-15T23:00:00,,,42.0
2026-02-11 02:00:00,25.7,39.1,1.0,Tema Port,tabular,seasonal_naive_336h,h336,2026-01-04T23:00:00,2026-01-18T23:00:00,2026-02-15T23:00:00,,,42.0
2026-02-11 03:00:00,39.3,40.1,1.0,Tema Port,tabular,seasonal_naive_336h,h336,2026-01-04T23:00:00,2026-01-18T23:00:00,2026-02-15T23:00:00,,,42.0
2026-02-11 04:00:00,50.0,50.4,1.0,Tema Port,tabular,seasonal_naive_336h,h336,2026-01-04T23:00:00,2026-01-18T23:00:00,2026-02-15T23:00:00,,,42.0
2026-02-11 05:00:00,61.1,51.1,1.0,Tema Port,tabular,seasonal_naive_336h,h336,2026-01-04T23:00:00,2026-01-18T23:00:00,2026-02-15T23:00:00,,,42.0
2026-02-11 06:00:00,71.5,47.6,1.0,Tema Port,tabular,seasonal_naive_336h,h336,2026-01-04T23:00:00,2026-01-18T23:00:00,2026-02-15T23:00:00,,,42.0
2026-02-11 07:00:00,47.6,45.3,1.0,Tema Port,tabular,seasonal_naive_336h,h336,2026-01-04T23:00:00,2026-01-18T23:00:00,2026-02-15T23:00:00,,,42.0
2026-02-11 08:00:00,51.6,41.7,1.0,Tema Port,tabular,seasonal_naive_336h,h336,2026-01-04T23:00:00,2026-01-18T23:00:00,2026-02-15T23:00:00,,,42.0
2026-02-11 09:00:00,62.6,37.5,1.0,Tema Port,tabular,seasonal_naive_336h,h336,2026-01-04T23:00:00,2026-01-18T23:00:00,2026-02-15T23:00:00,,,42.0
2026-02-11 10:00:00,30.2,36.4,1.0,Tema Port,tabular,seasonal_naive_336h,h336,2026-01-04T23:00:00,2026-01-18T23:00:00,2026-02-15T23:00:00,,,42.0
2026-02-11 11:00:00,38.2,40.1,1.0,Tema Port,tabular,seasonal_naive_336h,h336,2026-01-04T23:00:00,2026-01-18T23:00:00,2026-02-15T23:00:00,,,42.0
2026-02-11 12:00:00,41.7,34.5,1.0,Tema Port,tabular,seasonal_naive_336h,h336,2026-01-04T23:00:00,2026-01-18T23:00:00,2026-02-15T23:00:00,,,42.0
2026-02-11 13:00:00,28.8,32.1,1.0,Tema Port,tabular,seasonal_naive_336h,h336,2026-01-04T23:00:00,2026-01-18T23:00:00,2026-02-15T23:00:00,,,42.0
2026-02-11 14:00:00,19.1,30.1,1.0,Tema Port,tabular,seasonal_naive_336h,h336,2026-01-04T23:00:00,2026-01-18T23:00:00,2026-02-15T23:00:00,,,42.0
2026-02-11 15:00:00,12.6,27.6,1.0,Tema Port,tabular,seasonal_naive_336h,h336,2026-01-04T23:00:00,2026-01-18T23:00:00,2026-02-15T23:00:00,,,42.0
2026-02-11 16:00:00,14.8,29.0,1.0,Tema Port,tabular,seasonal_naive_336h,h336,2026-01-04T23:00:00,2026-01-18T23:00:00,2026-02-15T23:00:00,,,42.0
2026-02-11 17:00:00,34.6,33.9,1.0,Tema Port,tabular,seasonal_naive_336h,h336,2026-01-04T23:00:00,2026-01-18T23:00:00,2026-02-15T23:00:00,,,42.0
2026-02-11 18:00:00,28.8,38.6,1.0,Tema Port,tabular,seasonal_naive_336h,h336,2026-01-04T23:00:00,2026-01-18T23:00:00,2026-02-15T23:00:00,,,42.0
2026-02-11 19:00:00,29.4,33.3,1.0,Tema Port,tabular,seasonal_naive_336h,h336,2026-01-04T23:00:00,2026-01-18T23:00:00,2026-02-15T23:00:00,,,42.0
2026-02-11 20:00:00,27.0,30.1,1.0,Tema Port,tabular,seasonal_naive_336h,h336,2026-01-04T23:00:00,2026-01-18T23:00:00,2026-02-15T23:00:00,,,42.0
2026-02-11 21:00:00,32.6,30.0,1.0,Tema Port,tabular,seasonal_naive_336h,h336,2026-01-04T23:00:00,2026-01-18T23:00:00,2026-02-15T23:00:00,,,42.0
2026-02-11 22:00:00,48.2,30.4,1.0,Tema Port,tabular,seasonal_naive_336h,h336,2026-01-04T23:00:00,2026-01-18T23:00:00,2026-02-15T23:00:00,,,42.0
2026-02-11 23:00:00,42.8,24.5,1.0,Tema Port,tabular,seasonal_naive_336h,h336,2026-01-04T23:00:00,2026-01-18T23:00:00,2026-02-15T23:00:00,,,42.0
2026-02-12 00:00:00,53.7,29.3,1.0,Tema Port,tabular,seasonal_naive_336h,h336,2026-01-04T23:00:00,2026-01-18T23:00:00,2026-02-15T23:00:00,,,42.0
2026-02-12 01:00:00,53.7,27.8,1.0,Tema Port,tabular,seasonal_naive_336h,h336,2026-01-04T23:00:00,2026-01-18T23:00:00,2026-02-15T23:00:00,,,42.0
2026-02-12 02:00:00,64.9,27.2,1.0,Tema Port,tabular,seasonal_naive_336h,h336,2026-01-04T23:00:00,2026-01-18T23:00:00,2026-02-15T23:00:00,,,42.0
2026-02-12 03:00:00,66.7,32.3,1.0,Tema Port,tabular,seasonal_naive_336h,h336,2026-01-04T23:00:00,2026-01-18T23:00:00,2026-02-15T23:00:00,,,42.0
2026-02-12 04:00:00,104.7,28.5,1.0,Tema Port,tabular,seasonal_naive_336h,h336,2026-01-04T23:00:00,2026-01-18T23:00:00,2026-02-15T23:00:00,,,42.0
2026-02-12 05:00:00,92.2,42.1,1.0,Tema Port,tabular,seasonal_naive_336h,h336,2026-01-04T23:00:00,2026-01-18T23:00:00,2026-02-15T23:00:00,,,42.0
2026-02-12 06:00:00,84.8,43.3,1.0,Tema Port,tabular,seasonal_naive_336h,h336,2026-01-04T23:00:00,2026-01-18T23:00:00,2026-02-15T23:00:00,,,42.0
2026-02-12 07:00:00,76.4,45.5,1.0,Tema Port,tabular,seasonal_naive_336h,h336,2026-01-04T23:00:00,2026-01-18T23:00:00,2026-02-15T23:00:00,,,42.0
2026-02-12 08:00:00,56.5,33.3,1.0,Tema Port,tabular,seasonal_naive_336h,h336,2026-01-04T23:00:00,2026-01-18T23:00:00,2026-02-15T23:00:00,,,42.0
2026-02-12 09:00:00,23.7,37.4,1.0,Tema Port,tabular,seasonal_naive_336h,h336,2026-01-04T23:00:00,2026-01-18T23:00:00,2026-02-15T23:00:00,,,42.0
2026-02-12 10:00:00,4.4,48.4,1.0,Tema Port,tabular,seasonal_naive_336h,h336,2026-01-04T23:00:00,2026-01-18T23:00:00,2026-02-15T23:00:00,,,42.0
2026-02-12 11:00:00,2.3,48.0,1.0,Tema Port,tabular,seasonal_naive_336h,h336,2026-01-04T23:00:00,2026-01-18T23:00:00,2026-02-15T23:00:00,,,42.0
2026-02-12 12:00:00,3.3,31.5,1.0,Tema Port,tabular,seasonal_naive_336h,h336,2026-01-04T23:00:00,2026-01-18T23:00:00,2026-02-15T23:00:00,,,42.0
2026-02-12 13:00:00,2.9,27.1,1.0,Tema Port,tabular,seasonal_naive_336h,h336,2026-01-04T23:00:00,2026-01-18T23:00:00,2026-02-15T23:00:00,,,42.0
2026-02-12 14:00:00,3.5,26.8,1.0,Tema Port,tabular,seasonal_naive_336h,h336,2026-01-04T23:00:00,2026-01-18T23:00:00,2026-02-15T23:00:00,,,42.0
2026-02-12 15:00:00,3.6,29.1,1.0,Tema Port,tabular,seasonal_naive_336h,h336,2026-01-04T23:00:00,2026-01-18T23:00:00,2026-02-15T23:00:00,,,42.0
2026-02-12 16:00:00,4.6,31.7,1.0,Tema Port,tabular,seasonal_naive_336h,h336,2026-01-04T23:00:00,2026-01-18T23:00:00,2026-02-15T23:00:00,,,42.0
2026-02-12 17:00:00,8.2,31.4,1.0,Tema Port,tabular,seasonal_naive_336h,h336,2026-01-04T23:00:00,2026-01-18T23:00:00,2026-02-15T23:00:00,,,42.0
2026-02-12 18:00:00,21.9,31.5,1.0,Tema Port,tabular,seasonal_naive_336h,h336,2026-01-04T23:00:00,2026-01-18T23:00:00,2026-02-15T23:00:00,,,42.0
2026-02-12 19:00:00,8.9,36.8,1.0,Tema Port,tabular,seasonal_naive_336h,h336,2026-01-04T23:00:00,2026-01-18T23:00:00,2026-02-15T23:00:00,,,42.0
2026-02-12 20:00:00,9.4,30.7,1.0,Tema Port,tabular,seasonal_naive_336h,h336,2026-01-04T23:00:00,2026-01-18T23:00:00,2026-02-15T23:00:00,,,42.0
2026-02-12 21:00:00,7.7,37.4,1.0,Tema Port,tabular,seasonal_naive_336h,h336,2026-01-04T23:00:00,2026-01-18T23:00:00,2026-02-15T23:00:00,,,42.0
2026-02-12 22:00:00,18.2,31.0,1.0,Tema Port,tabular,seasonal_naive_336h,h336,2026-01-04T23:00:00,2026-01-18T23:00:00,2026-02-15T23:00:00,,,42.0
2026-02-12 23:00:00,26.7,30.9,1.0,Tema Port,tabular,seasonal_naive_336h,h336,2026-01-04T23:00:00,2026-01-18T23:00:00,2026-02-15T23:00:00,,,42.0
2026-02-13 00:00:00,32.3,39.3,1.0,Tema Port,tabular,seasonal_naive_336h,h336,2026-01-04T23:00:00,2026-01-18T23:00:00,2026-02-15T23:00:00,,,42.0
2026-02-13 01:00:00,32.7,44.8,1.0,Tema Port,tabular,seasonal_naive_336h,h336,2026-01-04T23:00:00,2026-01-18T23:00:00,2026-02-15T23:00:00,,,42.0
2026-02-13 02:00:00,30.8,49.4,1.0,Tema Port,tabular,seasonal_naive_336h,h336,2026-01-04T23:00:00,2026-01-18T23:00:00,2026-02-15T23:00:00,,,42.0
2026-02-13 03:00:00,28.1,41.2,1.0,Tema Port,tabular,seasonal_naive_336h,h336,2026-01-04T23:00:00,2026-01-18T23:00:00,2026-02-15T23:00:00,,,42.0
2026-02-13 04:00:00,34.1,58.3,1.0,Tema Port,tabular,seasonal_naive_336h,h336,2026-01-04T23:00:00,2026-01-18T23:00:00,2026-02-15T23:00:00,,,42.0
2026-02-13 05:00:00,50.8,52.4,1.0,Tema Port,tabular,seasonal_naive_336h,h336,2026-01-04T23:00:00,2026-01-18T23:00:00,2026-02-15T23:00:00,,,42.0
2026-02-13 06:00:00,46.7,57.2,1.0,Tema Port,tabular,seasonal_naive_336h,h336,2026-01-04T23:00:00,2026-01-18T23:00:00,2026-02-15T23:00:00,,,42.0
2026-02-13 07:00:00,36.9,55.9,1.0,Tema Port,tabular,seasonal_naive_336h,h336,2026-01-04T23:00:00,2026-01-18T23:00:00,2026-02-15T23:00:00,,,42.0
2026-02-13 08:00:00,28.6,47.3,1.0,Tema Port,tabular,seasonal_naive_336h,h336,2026-01-04T23:00:00,2026-01-18T23:00:00,2026-02-15T23:00:00,,,42.0
2026-02-13 09:00:00,29.5,44.7,1.0,Tema Port,tabular,seasonal_naive_336h,h336,2026-01-04T23:00:00,2026-01-18T23:00:00,2026-02-15T23:00:00,,,42.0
2026-02-13 10:00:00,35.3,45.3,1.0,Tema Port,tabular,seasonal_naive_336h,h336,2026-01-04T23:00:00,2026-01-18T23:00:00,2026-02-15T23:00:00,,,42.0
2026-02-13 11:00:00,23.2,34.5,1.0,Tema Port,tabular,seasonal_naive_336h,h336,2026-01-04T23:00:00,2026-01-18T23:00:00,2026-02-15T23:00:00,,,42.0
2026-02-13 12:00:00,4.9,32.5,1.0,Tema Port,tabular,seasonal_naive_336h,h336,2026-01-04T23:00:00,2026-01-18T23:00:00,2026-02-15T23:00:00,,,42.0
2026-02-13 13:00:00,5.7,31.4,1.0,Tema Port,tabular,seasonal_naive_336h,h336,2026-01-04T23:00:00,2026-01-18T23:00:00,2026-02-15T23:00:00,,,42.0
2026-02-13 14:00:00,10.1,29.7,1.0,Tema Port,tabular,seasonal_naive_336h,h336,2026-01-04T23:00:00,2026-01-18T23:00:00,2026-02-15T23:00:00,,,42.0
2026-02-13 15:00:00,12.3,34.8,1.0,Tema Port,tabular,seasonal_naive_336h,h336,2026-01-04T23:00:00,2026-01-18T23:00:00,2026-02-15T23:00:00,,,42.0
2026-02-13 16:00:00,7.7,33.5,1.0,Tema Port,tabular,seasonal_naive_336h,h336,2026-01-04T23:00:00,2026-01-18T23:00:00,2026-02-15T23:00:00,,,42.0
2026-02-13 17:00:00,30.1,41.6,1.0,Tema Port,tabular,seasonal_naive_336h,h336,2026-01-04T23:00:00,2026-01-18T23:00:00,2026-02-15T23:00:00,,,42.0
2026-02-13 18:00:00,32.9,36.3,1.0,Tema Port,tabular,seasonal_naive_336h,h336,2026-01-04T23:00:00,2026-01-18T23:00:00,2026-02-15T23:00:00,,,42.0
2026-02-13 19:00:00,28.0,36.2,1.0,Tema Port,tabular,seasonal_naive_336h,h336,2026-01-04T23:00:00,2026-01-18T23:00:00,2026-02-15T23:00:00,,,42.0
2026-02-13 20:00:00,10.7,33.5,1.0,Tema Port,tabular,seasonal_naive_336h,h336,2026-01-04T23:00:00,2026-01-18T23:00:00,2026-02-15T23:00:00,,,42.0
2026-02-13 21:00:00,10.8,34.8,1.0,Tema Port,tabular,seasonal_naive_336h,h336,2026-01-04T23:00:00,2026-01-18T23:00:00,2026-02-15T23:00:00,,,42.0
2026-02-13 22:00:00,12.1,34.4,1.0,Tema Port,tabular,seasonal_naive_336h,h336,2026-01-04T23:00:00,2026-01-18T23:00:00,2026-02-15T23:00:00,,,42.0
2026-02-13 23:00:00,16.3,33.6,1.0,Tema Port,tabular,seasonal_naive_336h,h336,2026-01-04T23:00:00,2026-01-18T23:00:00,2026-02-15T23:00:00,,,42.0
2026-02-14 00:00:00,9.4,38.3,1.0,Tema Port,tabular,seasonal_naive_336h,h336,2026-01-04T23:00:00,2026-01-18T23:00:00,2026-02-15T23:00:00,,,42.0
2026-02-14 01:00:00,11.4,45.5,1.0,Tema Port,tabular,seasonal_naive_336h,h336,2026-01-04T23:00:00,2026-01-18T23:00:00,2026-02-15T23:00:00,,,42.0
2026-02-14 02:00:00,18.0,45.7,1.0,Tema Port,tabular,seasonal_naive_336h,h336,2026-01-04T23:00:00,2026-01-18T23:00:00,2026-02-15T23:00:00,,,42.0
2026-02-14 03:00:00,17.1,41.3,1.0,Tema Port,tabular,seasonal_naive_336h,h336,2026-01-04T23:00:00,2026-01-18T23:00:00,2026-02-15T23:00:00,,,42.0
2026-02-14 04:00:00,22.1,55.6,1.0,Tema Port,tabular,seasonal_naive_336h,h336,2026-01-04T23:00:00,2026-01-18T23:00:00,2026-02-15T23:00:00,,,42.0
2026-02-14 05:00:00,28.2,44.9,1.0,Tema Port,tabular,seasonal_naive_336h,h336,2026-01-04T23:00:00,2026-01-18T23:00:00,2026-02-15T23:00:00,,,42.0
2026-02-14 06:00:00,32.7,46.2,1.0,Tema Port,tabular,seasonal_naive_336h,h336,2026-01-04T23:00:00,2026-01-18T23:00:00,2026-02-15T23:00:00,,,42.0
2026-02-14 07:00:00,33.3,49.1,1.0,Tema Port,tabular,seasonal_naive_336h,h336,2026-01-04T23:00:00,2026-01-18T23:00:00,2026-02-15T23:00:00,,,42.0
2026-02-14 08:00:00,31.5,41.2,1.0,Tema Port,tabular,seasonal_naive_336h,h336,2026-01-04T23:00:00,2026-01-18T23:00:00,2026-02-15T23:00:00,,,42.0
2026-02-14 09:00:00,32.3,44.1,1.0,Tema Port,tabular,seasonal_naive_336h,h336,2026-01-04T23:00:00,2026-01-18T23:00:00,2026-02-15T23:00:00,,,42.0
2026-02-14 10:00:00,27.3,44.3,1.0,Tema Port,tabular,seasonal_naive_336h,h336,2026-01-04T23:00:00,2026-01-18T23:00:00,2026-02-15T23:00:00,,,42.0
2026-02-14 11:00:00,26.7,38.1,1.0,Tema Port,tabular,seasonal_naive_336h,h336,2026-01-04T23:00:00,2026-01-18T23:00:00,2026-02-15T23:00:00,,,42.0
2026-02-14 12:00:00,24.8,32.8,1.0,Tema Port,tabular,seasonal_naive_336h,h336,2026-01-04T23:00:00,2026-01-18T23:00:00,2026-02-15T23:00:00,,,42.0
2026-02-14 13:00:00,23.8,31.7,1.0,Tema Port,tabular,seasonal_naive_336h,h336,2026-01-04T23:00:00,2026-01-18T23:00:00,2026-02-15T23:00:00,,,42.0
2026-02-14 14:00:00,21.2,32.6,1.0,Tema Port,tabular,seasonal_naive_336h,h336,2026-01-04T23:00:00,2026-01-18T23:00:00,2026-02-15T23:00:00,,,42.0
2026-02-14 15:00:00,46.5,32.0,1.0,Tema Port,tabular,seasonal_naive_336h,h336,2026-01-04T23:00:00,2026-01-18T23:00:00,2026-02-15T23:00:00,,,42.0
2026-02-14 16:00:00,41.6,34.3,1.0,Tema Port,tabular,seasonal_naive_336h,h336,2026-01-04T23:00:00,2026-01-18T23:00:00,2026-02-15T23:00:00,,,42.0
2026-02-14 17:00:00,55.3,34.8,1.0,Tema Port,tabular,seasonal_naive_336h,h336,2026-01-04T23:00:00,2026-01-18T23:00:00,2026-02-15T23:00:00,,,42.0
2026-02-14 18:00:00,68.7,34.7,1.0,Tema Port,tabular,seasonal_naive_336h,h336,2026-01-04T23:00:00,2026-01-18T23:00:00,2026-02-15T23:00:00,,,42.0
2026-02-14 19:00:00,64.6,74.6,1.0,Tema Port,tabular,seasonal_naive_336h,h336,2026-01-04T23:00:00,2026-01-18T23:00:00,2026-02-15T23:00:00,,,42.0
2026-02-14 20:00:00,60.0,51.0,1.0,Tema Port,tabular,seasonal_naive_336h,h336,2026-01-04T23:00:00,2026-01-18T23:00:00,2026-02-15T23:00:00,,,42.0
2026-02-14 21:00:00,61.2,41.5,1.0,Tema Port,tabular,seasonal_naive_336h,h336,2026-01-04T23:00:00,2026-01-18T23:00:00,2026-02-15T23:00:00,,,42.0
2026-02-14 22:00:00,53.2,49.3,1.0,Tema Port,tabular,seasonal_naive_336h,h336,2026-01-04T23:00:00,2026-01-18T23:00:00,2026-02-15T23:00:00,,,42.0
2026-02-14 23:00:00,45.5,45.6,1.0,Tema Port,tabular,seasonal_naive_336h,h336,2026-01-04T23:00:00,2026-01-18T23:00:00,2026-02-15T23:00:00,,,42.0
2026-02-15 00:00:00,38.8,39.2,1.0,Tema Port,tabular,seasonal_naive_336h,h336,2026-01-04T23:00:00,2026-01-18T23:00:00,2026-02-15T23:00:00,,,42.0
2026-02-15 01:00:00,39.7,40.8,1.0,Tema Port,tabular,seasonal_naive_336h,h336,2026-01-04T23:00:00,2026-01-18T23:00:00,2026-02-15T23:00:00,,,42.0
2026-02-15 02:00:00,42.2,54.7,1.0,Tema Port,tabular,seasonal_naive_336h,h336,2026-01-04T23:00:00,2026-01-18T23:00:00,2026-02-15T23:00:00,,,42.0
2026-02-15 03:00:00,34.8,70.5,1.0,Tema Port,tabular,seasonal_naive_336h,h336,2026-01-04T23:00:00,2026-01-18T23:00:00,2026-02-15T23:00:00,,,42.0
2026-02-15 04:00:00,36.1,54.5,1.0,Tema Port,tabular,seasonal_naive_336h,h336,2026-01-04T23:00:00,2026-01-18T23:00:00,2026-02-15T23:00:00,,,42.0
2026-02-15 05:00:00,42.2,49.9,1.0,Tema Port,tabular,seasonal_naive_336h,h336,2026-01-04T23:00:00,2026-01-18T23:00:00,2026-02-15T23:00:00,,,42.0
2026-02-15 06:00:00,45.1,45.7,1.0,Tema Port,tabular,seasonal_naive_336h,h336,2026-01-04T23:00:00,2026-01-18T23:00:00,2026-02-15T23:00:00,,,42.0
2026-02-15 07:00:00,42.0,57.3,1.0,Tema Port,tabular,seasonal_naive_336h,h336,2026-01-04T23:00:00,2026-01-18T23:00:00,2026-02-15T23:00:00,,,42.0
2026-02-15 08:00:00,31.7,44.2,1.0,Tema Port,tabular,seasonal_naive_336h,h336,2026-01-04T23:00:00,2026-01-18T23:00:00,2026-02-15T23:00:00,,,42.0
2026-02-15 09:00:00,20.6,45.9,1.0,Tema Port,tabular,seasonal_naive_336h,h336,2026-01-04T23:00:00,2026-01-18T23:00:00,2026-02-15T23:00:00,,,42.0
2026-02-15 10:00:00,30.5,36.8,1.0,Tema Port,tabular,seasonal_naive_336h,h336,2026-01-04T23:00:00,2026-01-18T23:00:00,2026-02-15T23:00:00,,,42.0
2026-02-15 11:00:00,12.6,37.8,1.0,Tema Port,tabular,seasonal_naive_336h,h336,2026-01-04T23:00:00,2026-01-18T23:00:00,2026-02-15T23:00:00,,,42.0
2026-02-15 12:00:00,8.2,34.6,1.0,Tema Port,tabular,seasonal_naive_336h,h336,2026-01-04T23:00:00,2026-01-18T23:00:00,2026-02-15T23:00:00,,,42.0
2026-02-15 13:00:00,5.8,33.5,1.0,Tema Port,tabular,seasonal_naive_336h,h336,2026-01-04T23:00:00,2026-01-18T23:00:00,2026-02-15T23:00:00,,,42.0
2026-02-15 14:00:00,4.2,34.9,1.0,Tema Port,tabular,seasonal_naive_336h,h336,2026-01-04T23:00:00,2026-01-18T23:00:00,2026-02-15T23:00:00,,,42.0
2026-02-15 15:00:00,4.3,33.3,1.0,Tema Port,tabular,seasonal_naive_336h,h336,2026-01-04T23:00:00,2026-01-18T23:00:00,2026-02-15T23:00:00,,,42.0
2026-02-15 16:00:00,3.7,33.6,1.0,Tema Port,tabular,seasonal_naive_336h,h336,2026-01-04T23:00:00,2026-01-18T23:00:00,2026-02-15T23:00:00,,,42.0
2026-02-15 17:00:00,3.4,33.4,1.0,Tema Port,tabular,seasonal_naive_336h,h336,2026-01-04T23:00:00,2026-01-18T23:00:00,2026-02-15T23:00:00,,,42.0
2026-02-15 18:00:00,5.7,36.3,1.0,Tema Port,tabular,seasonal_naive_336h,h336,2026-01-04T23:00:00,2026-01-18T23:00:00,2026-02-15T23:00:00,,,42.0
2026-02-15 19:00:00,6.1,41.6,1.0,Tema Port,tabular,seasonal_naive_336h,h336,2026-01-04T23:00:00,2026-01-18T23:00:00,2026-02-15T23:00:00,,,42.0
2026-02-15 20:00:00,5.2,37.2,1.0,Tema Port,tabular,seasonal_naive_336h,h336,2026-01-04T23:00:00,2026-01-18T23:00:00,2026-02-15T23:00:00,,,42.0
2026-02-15 21:00:00,4.8,34.1,1.0,Tema Port,tabular,seasonal_naive_336h,h336,2026-01-04T23:00:00,2026-01-18T23:00:00,2026-02-15T23:00:00,,,42.0
2026-02-15 22:00:00,8.8,38.6,1.0,Tema Port,tabular,seasonal_naive_336h,h336,2026-01-04T23:00:00,2026-01-18T23:00:00,2026-02-15T23:00:00,,,42.0
2026-02-15 23:00:00,8.2,40.2,1.0,Tema Port,tabular,seasonal_naive_336h,h336,2026-01-04T23:00:00,2026-01-18T23:00:00,2026-02-15T23:00:00,,,42.0
